,0,1,2,3,4,5,6,7,8,9,10,11,12,13,14,15,16,17,18,19,20,21,22,23,24,25,26,27,28,29,30,31,32,33,34,35,36,37,38,39,40,41,42,43,44,45,46,47,48,49,50,51,52,53,54,55,56,57,58,59,60,61,62,63,64,65,66,67,68,69,70,71,72,73,74,75,76,77,78,79,80,81,82,83,84,85,86,87,88,89,90,91,92,93,94,95,96,97,98,99,100,101,102,103,104,105,106,107,108,109,110,111,112,113,114,115,116,117,118,119,120,121,122,123,124,125,126,127,128,129,130,131,132,133,134,135,136,137,138,139,140,141,142,143,144,145,146,147,148,149,150,151,152,153,154,155,156,157,158,159,160,161,162,163,164,165,166,167
0,3.69,3.77,3.89,4.1,4.39,4.54,4.37,5.04,4.84,4.69,5.42,4.76,4.39,4.24,4.22,4.09,2.84,3.53,3.88,4.04,4.19,4.49,4.54,4.5,4.61,4.6,4.56,4.39,4.22,4.04,3.99,5.14,5.12,4.69,5.85,5.49,5.29,5.33,5.29,5.05,3.4,4.13,4.72,5.09,4.85,4.64,4.54,4.57,4.54,4.29,3.97,3.82,3.94,4.15,4.33,5.36,5.02,4.31,4.91,5.03,4.87,4.81,4.81,4.36,3.37,4.19,5.01,5.4,5.15,4.77,4.53,4.39,4.29,4.25,4.25,4.21,4.14,4.07,3.96,4.59,4.81,3.86,4.65,4.62,4.22,4.08,4.11,3.72,3.09,4.15,4.94,5.54,5.76,5.65,5.46,5.32,5.4,5.37,5.13,4.94,5.05,5.15,4.97,5.68,5.39,4.91,6.01,5.77,5.46,5.5,5.66,5.44,3.7,4.71,6.14,6.95,6.74,6.57,6.31,5.85,5.77,5.95,5.94,5.99,6.28,6.45,6.46,7.24,7.49,8.69,9.73,9.37,8.75,8.29,7.98,7.42,5.3,5.09,6.24,6.88,6.76,6.54,6.29,6.21,6.17,6.2,6.22,6.11,6.01,5.86,5.79,6.29,5.96,5.77,6.03,5.34,4.49,3.99,3.79,3.5,2.91,4.06,5.1,5.4,5.14,4.78,4.51,4.38
1,4.61,4.6,4.56,4.39,4.22,4.04,3.99,5.14,5.12,4.69,5.85,5.49,5.29,5.33,5.29,5.05,3.4,4.13,4.72,5.09,4.85,4.64,4.54,4.57,4.54,4.29,3.97,3.82,3.94,4.15,4.33,5.36,5.02,4.31,4.91,5.03,4.87,4.81,4.81,4.36,3.37,4.19,5.01,5.4,5.15,4.77,4.53,4.39,4.29,4.25,4.25,4.21,4.14,4.07,3.96,4.59,4.81,3.86,4.65,4.62,4.22,4.08,4.11,3.72,3.09,4.15,4.94,5.54,5.76,5.65,5.46,5.32,5.4,5.37,5.13,4.94,5.05,5.15,4.97,5.68,5.39,4.91,6.01,5.77,5.46,5.5,5.66,5.44,3.7,4.71,6.14,6.95,6.74,6.57,6.31,5.85,5.77,5.95,5.94,5.99,6.28,6.45,6.46,7.24,7.49,8.69,9.73,9.37,8.75,8.29,7.98,7.42,5.3,5.09,6.24,6.88,6.76,6.54,6.29,6.21,6.17,6.2,6.22,6.11,6.01,5.86,5.79,6.29,5.96,5.77,6.03,5.34,4.49,3.99,3.79,3.5,2.91,4.06,5.1,5.4,5.14,4.78,4.51,4.38,4.35,4.5,4.62,4.75,4.62,4.29,3.96,4.7,4.5,3.85,3.79,3.74,4.01,4.5,4.92,5.12,3.73,4.0,4.53,4.85,4.93,4.85,4.75,4.7
2,4.54,4.29,3.97,3.82,3.94,4.15,4.33,5.36,5.02,4.31,4.91,5.03,4.87,4.81,4.81,4.36,3.37,4.19,5.01,5.4,5.15,4.77,4.53,4.39,4.29,4.25,4.25,4.21,4.14,4.07,3.96,4.59,4.81,3.86,4.65,4.62,4.22,4.08,4.11,3.72,3.09,4.15,4.94,5.54,5.76,5.65,5.46,5.32,5.4,5.37,5.13,4.94,5.05,5.15,4.97,5.68,5.39,4.91,6.01,5.77,5.46,5.5,5.66,5.44,3.7,4.71,6.14,6.95,6.74,6.57,6.31,5.85,5.77,5.95,5.94,5.99,6.28,6.45,6.46,7.24,7.49,8.69,9.73,9.37,8.75,8.29,7.98,7.42,5.3,5.09,6.24,6.88,6.76,6.54,6.29,6.21,6.17,6.2,6.22,6.11,6.01,5.86,5.79,6.29,5.96,5.77,6.03,5.34,4.49,3.99,3.79,3.5,2.91,4.06,5.1,5.4,5.14,4.78,4.51,4.38,4.35,4.5,4.62,4.75,4.62,4.29,3.96,4.7,4.5,3.85,3.79,3.74,4.01,4.5,4.92,5.12,3.73,4.0,4.53,4.85,4.93,4.85,4.75,4.7,4.57,4.59,4.64,4.55,4.37,4.2,4.06,5.14,5.15,4.63,6.43,6.47,6.1,6.14,6.35,6.44,4.8,3.96,4.07,3.98,3.82,3.64,3.48,3.32
3,4.29,4.25,4.25,4.21,4.14,4.07,3.96,4.59,4.81,3.86,4.65,4.62,4.22,4.08,4.11,3.72,3.09,4.15,4.94,5.54,5.76,5.65,5.46,5.32,5.4,5.37,5.13,4.94,5.05,5.15,4.97,5.68,5.39,4.91,6.01,5.77,5.46,5.5,5.66,5.44,3.7,4.71,6.14,6.95,6.74,6.57,6.31,5.85,5.77,5.95,5.94,5.99,6.28,6.45,6.46,7.24,7.49,8.69,9.73,9.37,8.75,8.29,7.98,7.42,5.3,5.09,6.24,6.88,6.76,6.54,6.29,6.21,6.17,6.2,6.22,6.11,6.01,5.86,5.79,6.29,5.96,5.77,6.03,5.34,4.49,3.99,3.79,3.5,2.91,4.06,5.1,5.4,5.14,4.78,4.51,4.38,4.35,4.5,4.62,4.75,4.62,4.29,3.96,4.7,4.5,3.85,3.79,3.74,4.01,4.5,4.92,5.12,3.73,4.0,4.53,4.85,4.93,4.85,4.75,4.7,4.57,4.59,4.64,4.55,4.37,4.2,4.06,5.14,5.15,4.63,6.43,6.47,6.1,6.14,6.35,6.44,4.8,3.96,4.07,3.98,3.82,3.64,3.48,3.32,3.22,3.19,3.17,3.12,3.08,2.97,2.82,2.62,3.21,2.17,2.69,2.94,2.94,2.99,3.01,2.95,2.11,2.4,2.55,2.58,2.7,2.97,3.28,3.61
4,5.4,5.37,5.13,4.94,5.05,5.15,4.97,5.68,5.39,4.91,6.01,5.77,5.46,5.5,5.66,5.44,3.7,4.71,6.14,6.95,6.74,6.57,6.31,5.85,5.77,5.95,5.94,5.99,6.28,6.45,6.46,7.24,7.49,8.69,9.73,9.37,8.75,8.29,7.98,7.42,5.3,5.09,6.24,6.88,6.76,6.54,6.29,6.21,6.17,6.2,6.22,6.11,6.01,5.86,5.79,6.29,5.96,5.77,6.03,5.34,4.49,3.99,3.79,3.5,2.91,4.06,5.1,5.4,5.14,4.78,4.51,4.38,4.35,4.5,4.62,4.75,4.62,4.29,3.96,4.7,4.5,3.85,3.79,3.74,4.01,4.5,4.92,5.12,3.73,4.0,4.53,4.85,4.93,4.85,4.75,4.7,4.57,4.59,4.64,4.55,4.37,4.2,4.06,5.14,5.15,4.63,6.43,6.47,6.1,6.14,6.35,6.44,4.8,3.96,4.07,3.98,3.82,3.64,3.48,3.32,3.22,3.19,3.17,3.12,3.08,2.97,2.82,2.62,3.21,2.17,2.69,2.94,2.94,2.99,3.01,2.95,2.11,2.4,2.55,2.58,2.7,2.97,3.28,3.61,3.79,3.89,4.0,4.07,4.09,4.07,3.96,4.71,4.85,4.5,5.42,5.33,5.27,5.32,5.59,5.81,4.27,3.89,4.27,4.43,4.35,4.18,4.04,3.97
5,5.77,5.95,5.94,5.99,6.28,6.45,6.46,7.24,7.49,8.69,9.73,9.37,8.75,8.29,7.98,7.42,5.3,5.09,6.24,6.88,6.76,6.54,6.29,6.21,6.17,6.2,6.22,6.11,6.01,5.86,5.79,6.29,5.96,5.77,6.03,5.34,4.49,3.99,3.79,3.5,2.91,4.06,5.1,5.4,5.14,4.78,4.51,4.38,4.35,4.5,4.62,4.75,4.62,4.29,3.96,4.7,4.5,3.85,3.79,3.74,4.01,4.5,4.92,5.12,3.73,4.0,4.53,4.85,4.93,4.85,4.75,4.7,4.57,4.59,4.64,4.55,4.37,4.2,4.06,5.14,5.15,4.63,6.43,6.47,6.1,6.14,6.35,6.44,4.8,3.96,4.07,3.98,3.82,3.64,3.48,3.32,3.22,3.19,3.17,3.12,3.08,2.97,2.82,2.62,3.21,2.17,2.69,2.94,2.94,2.99,3.01,2.95,2.11,2.4,2.55,2.58,2.7,2.97,3.28,3.61,3.79,3.89,4.0,4.07,4.09,4.07,3.96,4.71,4.85,4.5,5.42,5.33,5.27,5.32,5.59,5.81,4.27,3.89,4.27,4.43,4.35,4.18,4.04,3.97,3.94,3.86,3.7,3.5,3.35,3.25,3.15,3.79,3.98,3.94,5.09,5.31,5.5,5.72,5.9,5.88,4.21,3.78,4.04,4.18,4.18,4.05,3.95,3.86
6,6.17,6.2,6.22,6.11,6.01,5.86,5.79,6.29,5.96,5.77,6.03,5.34,4.49,3.99,3.79,3.5,2.91,4.06,5.1,5.4,5.14,4.78,4.51,4.38,4.35,4.5,4.62,4.75,4.62,4.29,3.96,4.7,4.5,3.85,3.79,3.74,4.01,4.5,4.92,5.12,3.73,4.0,4.53,4.85,4.93,4.85,4.75,4.7,4.57,4.59,4.64,4.55,4.37,4.2,4.06,5.14,5.15,4.63,6.43,6.47,6.1,6.14,6.35,6.44,4.8,3.96,4.07,3.98,3.82,3.64,3.48,3.32,3.22,3.19,3.17,3.12,3.08,2.97,2.82,2.62,3.21,2.17,2.69,2.94,2.94,2.99,3.01,2.95,2.11,2.4,2.55,2.58,2.7,2.97,3.28,3.61,3.79,3.89,4.0,4.07,4.09,4.07,3.96,4.71,4.85,4.5,5.42,5.33,5.27,5.32,5.59,5.81,4.27,3.89,4.27,4.43,4.35,4.18,4.04,3.97,3.94,3.86,3.7,3.5,3.35,3.25,3.15,3.79,3.98,3.94,5.09,5.31,5.5,5.72,5.9,5.88,4.21,3.78,4.04,4.18,4.18,4.05,3.95,3.86,3.78,3.7,3.63,3.56,3.51,3.48,3.49,4.05,4.53,3.84,4.46,3.98,3.68,3.54,3.55,3.55,2.61,3.36,3.79,4.13,4.19,4.15,3.88,3.76
7,4.35,4.5,4.62,4.75,4.62,4.29,3.96,4.7,4.5,3.85,3.79,3.74,4.01,4.5,4.92,5.12,3.73,4.0,4.53,4.85,4.93,4.85,4.75,4.7,4.57,4.59,4.64,4.55,4.37,4.2,4.06,5.14,5.15,4.63,6.43,6.47,6.1,6.14,6.35,6.44,4.8,3.96,4.07,3.98,3.82,3.64,3.48,3.32,3.22,3.19,3.17,3.12,3.08,2.97,2.82,2.62,3.21,2.17,2.69,2.94,2.94,2.99,3.01,2.95,2.11,2.4,2.55,2.58,2.7,2.97,3.28,3.61,3.79,3.89,4.0,4.07,4.09,4.07,3.96,4.71,4.85,4.5,5.42,5.33,5.27,5.32,5.59,5.81,4.27,3.89,4.27,4.43,4.35,4.18,4.04,3.97,3.94,3.86,3.7,3.5,3.35,3.25,3.15,3.79,3.98,3.94,5.09,5.31,5.5,5.72,5.9,5.88,4.21,3.78,4.04,4.18,4.18,4.05,3.95,3.86,3.78,3.7,3.63,3.56,3.51,3.48,3.49,4.05,4.53,3.84,4.46,3.98,3.68,3.54,3.55,3.55,2.61,3.36,3.79,4.13,4.19,4.15,3.88,3.76,3.67,3.77,4.19,3.88,3.57,3.6,3.4,4.58,4.5,4.38,5.27,5.04,5.63,5.82,5.84,4.33,3.21,3.91,4.48,4.8,5.29,5.48,5.66,5.48
8,4.57,4.59,4.64,4.55,4.37,4.2,4.06,5.14,5.15,4.63,6.43,6.47,6.1,6.14,6.35,6.44,4.8,3.96,4.07,3.98,3.82,3.64,3.48,3.32,3.22,3.19,3.17,3.12,3.08,2.97,2.82,2.62,3.21,2.17,2.69,2.94,2.94,2.99,3.01,2.95,2.11,2.4,2.55,2.58,2.7,2.97,3.28,3.61,3.79,3.89,4.0,4.07,4.09,4.07,3.96,4.71,4.85,4.5,5.42,5.33,5.27,5.32,5.59,5.81,4.27,3.89,4.27,4.43,4.35,4.18,4.04,3.97,3.94,3.86,3.7,3.5,3.35,3.25,3.15,3.79,3.98,3.94,5.09,5.31,5.5,5.72,5.9,5.88,4.21,3.78,4.04,4.18,4.18,4.05,3.95,3.86,3.78,3.7,3.63,3.56,3.51,3.48,3.49,4.05,4.53,3.84,4.46,3.98,3.68,3.54,3.55,3.55,2.61,3.36,3.79,4.13,4.19,4.15,3.88,3.76,3.67,3.77,4.19,3.88,3.57,3.6,3.4,4.58,4.5,4.38,5.27,5.04,5.63,5.82,5.84,4.33,3.21,3.91,4.48,4.8,5.29,5.48,5.66,5.48,4.74,4.74,5.67,5.67,3.71,3.75,4.73,5.33,5.42,5.1,5.15,4.89,3.98,3.43,3.69,4.44,4.09,4.92,6.58,6.84,6.4,5.77,5.54,5.31
9,3.22,3.19,3.17,3.12,3.08,2.97,2.82,2.62,3.21,2.17,2.69,2.94,2.94,2.99,3.01,2.95,2.11,2.4,2.55,2.58,2.7,2.97,3.28,3.61,3.79,3.89,4.0,4.07,4.09,4.07,3.96,4.71,4.85,4.5,5.42,5.33,5.27,5.32,5.59,5.81,4.27,3.89,4.27,4.43,4.35,4.18,4.04,3.97,3.94,3.86,3.7,3.5,3.35,3.25,3.15,3.79,3.98,3.94,5.09,5.31,5.5,5.72,5.9,5.88,4.21,3.78,4.04,4.18,4.18,4.05,3.95,3.86,3.78,3.7,3.63,3.56,3.51,3.48,3.49,4.05,4.53,3.84,4.46,3.98,3.68,3.54,3.55,3.55,2.61,3.36,3.79,4.13,4.19,4.15,3.88,3.76,3.67,3.77,4.19,3.88,3.57,3.6,3.4,4.58,4.5,4.38,5.27,5.04,5.63,5.82,5.84,4.33,3.21,3.91,4.48,4.8,5.29,5.48,5.66,5.48,4.74,4.74,5.67,5.67,3.71,3.75,4.73,5.33,5.42,5.1,5.15,4.89,3.98,3.43,3.69,4.44,4.09,4.92,6.58,6.84,6.4,5.77,5.54,5.31,5.06,4.98,5.13,5.42,5.68,5.66,6.13,6.66,7.1,7.41,7.94,7.97,7.61,7.38,7.36,7.45,6.44,6.35,7.14,6.83,6.59,6.33,5.97,5.42
10,3.79,3.89,4.0,4.07,4.09,4.07,3.96,4.71,4.85,4.5,5.42,5.33,5.27,5.32,5.59,5.81,4.27,3.89,4.27,4.43,4.35,4.18,4.04,3.97,3.94,3.86,3.7,3.5,3.35,3.25,3.15,3.79,3.98,3.94,5.09,5.31,5.5,5.72,5.9,5.88,4.21,3.78,4.04,4.18,4.18,4.05,3.95,3.86,3.78,3.7,3.63,3.56,3.51,3.48,3.49,4.05,4.53,3.84,4.46,3.98,3.68,3.54,3.55,3.55,2.61,3.36,3.79,4.13,4.19,4.15,3.88,3.76,3.67,3.77,4.19,3.88,3.57,3.6,3.4,4.58,4.5,4.38,5.27,5.04,5.63,5.82,5.84,4.33,3.21,3.91,4.48,4.8,5.29,5.48,5.66,5.48,4.74,4.74,5.67,5.67,3.71,3.75,4.73,5.33,5.42,5.1,5.15,4.89,3.98,3.43,3.69,4.44,4.09,4.92,6.58,6.84,6.4,5.77,5.54,5.31,5.06,4.98,5.13,5.42,5.68,5.66,6.13,6.66,7.1,7.41,7.94,7.97,7.61,7.38,7.36,7.45,6.44,6.35,7.14,6.83,6.59,6.33,5.97,5.42,4.8,4.46,4.45,4.63,4.83,4.98,5.09,5.88,5.33,5.04,6.19,5.32,4.82,4.79,4.99,5.11,3.65,4.5,5.48,6.17,5.98,5.49,5.01,4.63
11,3.94,3.86,3.7,3.5,3.35,3.25,3.15,3.79,3.98,3.94,5.09,5.31,5.5,5.72,5.9,5.88,4.21,3.78,4.04,4.18,4.18,4.05,3.95,3.86,3.78,3.7,3.63,3.56,3.51,3.48,3.49,4.05,4.53,3.84,4.46,3.98,3.68,3.54,3.55,3.55,2.61,3.36,3.79,4.13,4.19,4.15,3.88,3.76,3.67,3.77,4.19,3.88,3.57,3.6,3.4,4.58,4.5,4.38,5.27,5.04,5.63,5.82,5.84,4.33,3.21,3.91,4.48,4.8,5.29,5.48,5.66,5.48,4.74,4.74,5.67,5.67,3.71,3.75,4.73,5.33,5.42,5.1,5.15,4.89,3.98,3.43,3.69,4.44,4.09,4.92,6.58,6.84,6.4,5.77,5.54,5.31,5.06,4.98,5.13,5.42,5.68,5.66,6.13,6.66,7.1,7.41,7.94,7.97,7.61,7.38,7.36,7.45,6.44,6.35,7.14,6.83,6.59,6.33,5.97,5.42,4.8,4.46,4.45,4.63,4.83,4.98,5.09,5.88,5.33,5.04,6.19,5.32,4.82,4.79,4.99,5.11,3.65,4.5,5.48,6.17,5.98,5.49,5.01,4.63,4.3,4.07,3.86,3.64,3.37,3.09,2.81,2.47,2.34,1.15,0.95,1.76,2.51,2.85,3.01,3.37,2.57,2.94,3.01,3.1,3.3,3.58,3.93,4.24
12,3.78,3.7,3.63,3.56,3.51,3.48,3.49,4.05,4.53,3.84,4.46,3.98,3.68,3.54,3.55,3.55,2.61,3.36,3.79,4.13,4.19,4.15,3.88,3.76,3.67,3.77,4.19,3.88,3.57,3.6,3.4,4.58,4.5,4.38,5.27,5.04,5.63,5.82,5.84,4.33,3.21,3.91,4.48,4.8,5.29,5.48,5.66,5.48,4.74,4.74,5.67,5.67,3.71,3.75,4.73,5.33,5.42,5.1,5.15,4.89,3.98,3.43,3.69,4.44,4.09,4.92,6.58,6.84,6.4,5.77,5.54,5.31,5.06,4.98,5.13,5.42,5.68,5.66,6.13,6.66,7.1,7.41,7.94,7.97,7.61,7.38,7.36,7.45,6.44,6.35,7.14,6.83,6.59,6.33,5.97,5.42,4.8,4.46,4.45,4.63,4.83,4.98,5.09,5.88,5.33,5.04,6.19,5.32,4.82,4.79,4.99,5.11,3.65,4.5,5.48,6.17,5.98,5.49,5.01,4.63,4.3,4.07,3.86,3.64,3.37,3.09,2.81,2.47,2.34,1.15,0.95,1.76,2.51,2.85,3.01,3.37,2.57,2.94,3.01,3.1,3.3,3.58,3.93,4.24,4.6,5.08,5.69,6.32,7.19,8.02,8.63,9.3,9.71,10.03,11.36,12.92,13.77,14.03,13.49,11.59,8.45,6.24,5.28,4.77,4.28,3.82,3.51,3.35
13,3.67,3.77,4.19,3.88,3.57,3.6,3.4,4.58,4.5,4.38,5.27,5.04,5.63,5.82,5.84,4.33,3.21,3.91,4.48,4.8,5.29,5.48,5.66,5.48,4.74,4.74,5.67,5.67,3.71,3.75,4.73,5.33,5.42,5.1,5.15,4.89,3.98,3.43,3.69,4.44,4.09,4.92,6.58,6.84,6.4,5.77,5.54,5.31,5.06,4.98,5.13,5.42,5.68,5.66,6.13,6.66,7.1,7.41,7.94,7.97,7.61,7.38,7.36,7.45,6.44,6.35,7.14,6.83,6.59,6.33,5.97,5.42,4.8,4.46,4.45,4.63,4.83,4.98,5.09,5.88,5.33,5.04,6.19,5.32,4.82,4.79,4.99,5.11,3.65,4.5,5.48,6.17,5.98,5.49,5.01,4.63,4.3,4.07,3.86,3.64,3.37,3.09,2.81,2.47,2.34,1.15,0.95,1.76,2.51,2.85,3.01,3.37,2.57,2.94,3.01,3.1,3.3,3.58,3.93,4.24,4.6,5.08,5.69,6.32,7.19,8.02,8.63,9.3,9.71,10.03,11.36,12.92,13.77,14.03,13.49,11.59,8.45,6.24,5.28,4.77,4.28,3.82,3.51,3.35,3.28,3.32,3.34,3.28,3.11,2.95,2.95,3.5,4.62,4.59,5.89,7.69,8.66,9.16,9.13,8.53,5.52,4.1,3.93,3.78,3.72,3.7,3.76,3.64
14,4.74,4.74,5.67,5.67,3.71,3.75,4.73,5.33,5.42,5.1,5.15,4.89,3.98,3.43,3.69,4.44,4.09,4.92,6.58,6.84,6.4,5.77,5.54,5.31,5.06,4.98,5.13,5.42,5.68,5.66,6.13,6.66,7.1,7.41,7.94,7.97,7.61,7.38,7.36,7.45,6.44,6.35,7.14,6.83,6.59,6.33,5.97,5.42,4.8,4.46,4.45,4.63,4.83,4.98,5.09,5.88,5.33,5.04,6.19,5.32,4.82,4.79,4.99,5.11,3.65,4.5,5.48,6.17,5.98,5.49,5.01,4.63,4.3,4.07,3.86,3.64,3.37,3.09,2.81,2.47,2.34,1.15,0.95,1.76,2.51,2.85,3.01,3.37,2.57,2.94,3.01,3.1,3.3,3.58,3.93,4.24,4.6,5.08,5.69,6.32,7.19,8.02,8.63,9.3,9.71,10.03,11.36,12.92,13.77,14.03,13.49,11.59,8.45,6.24,5.28,4.77,4.28,3.82,3.51,3.35,3.28,3.32,3.34,3.28,3.11,2.95,2.95,3.5,4.62,4.59,5.89,7.69,8.66,9.16,9.13,8.53,5.52,4.1,3.93,3.78,3.72,3.7,3.76,3.64,3.34,3.1,2.98,2.86,2.85,3.02,3.33,4.15,4.8,4.09,5.41,6.94,7.36,7.51,7.28,6.59,4.05,3.3,2.89,2.26,1.48,0.65,0.7,1.41
15,5.06,4.98,5.13,5.42,5.68,5.66,6.13,6.66,7.1,7.41,7.94,7.97,7.61,7.38,7.36,7.45,6.44,6.35,7.14,6.83,6.59,6.33,5.97,5.42,4.8,4.46,4.45,4.63,4.83,4.98,5.09,5.88,5.33,5.04,6.19,5.32,4.82,4.79,4.99,5.11,3.65,4.5,5.48,6.17,5.98,5.49,5.01,4.63,4.3,4.07,3.86,3.64,3.37,3.09,2.81,2.47,2.34,1.15,0.95,1.76,2.51,2.85,3.01,3.37,2.57,2.94,3.01,3.1,3.3,3.58,3.93,4.24,4.6,5.08,5.69,6.32,7.19,8.02,8.63,9.3,9.71,10.03,11.36,12.92,13.77,14.03,13.49,11.59,8.45,6.24,5.28,4.77,4.28,3.82,3.51,3.35,3.28,3.32,3.34,3.28,3.11,2.95,2.95,3.5,4.62,4.59,5.89,7.69,8.66,9.16,9.13,8.53,5.52,4.1,3.93,3.78,3.72,3.7,3.76,3.64,3.34,3.1,2.98,2.86,2.85,3.02,3.33,4.15,4.8,4.09,5.41,6.94,7.36,7.51,7.28,6.59,4.05,3.3,2.89,2.26,1.48,0.65,0.7,1.41,2.0,2.58,3.12,3.45,3.67,3.83,3.94,4.41,5.22,4.06,4.95,5.47,6.09,6.47,6.53,6.21,3.84,3.58,3.48,3.3,3.06,2.83,2.83,2.79
16,4.8,4.46,4.45,4.63,4.83,4.98,5.09,5.88,5.33,5.04,6.19,5.32,4.82,4.79,4.99,5.11,3.65,4.5,5.48,6.17,5.98,5.49,5.01,4.63,4.3,4.07,3.86,3.64,3.37,3.09,2.81,2.47,2.34,1.15,0.95,1.76,2.51,2.85,3.01,3.37,2.57,2.94,3.01,3.1,3.3,3.58,3.93,4.24,4.6,5.08,5.69,6.32,7.19,8.02,8.63,9.3,9.71,10.03,11.36,12.92,13.77,14.03,13.49,11.59,8.45,6.24,5.28,4.77,4.28,3.82,3.51,3.35,3.28,3.32,3.34,3.28,3.11,2.95,2.95,3.5,4.62,4.59,5.89,7.69,8.66,9.16,9.13,8.53,5.52,4.1,3.93,3.78,3.72,3.7,3.76,3.64,3.34,3.1,2.98,2.86,2.85,3.02,3.33,4.15,4.8,4.09,5.41,6.94,7.36,7.51,7.28,6.59,4.05,3.3,2.89,2.26,1.48,0.65,0.7,1.41,2.0,2.58,3.12,3.45,3.67,3.83,3.94,4.41,5.22,4.06,4.95,5.47,6.09,6.47,6.53,6.21,3.84,3.58,3.48,3.3,3.06,2.83,2.83,2.79,2.66,2.72,2.86,2.98,3.08,2.97,2.81,2.41,3.07,2.29,0.6,1.86,3.4,3.78,3.88,3.25,2.31,2.56,2.59,2.64,2.67,2.79,3.11,3.49
17,4.3,4.07,3.86,3.64,3.37,3.09,2.81,2.47,2.34,1.15,0.95,1.76,2.51,2.85,3.01,3.37,2.57,2.94,3.01,3.1,3.3,3.58,3.93,4.24,4.6,5.08,5.69,6.32,7.19,8.02,8.63,9.3,9.71,10.03,11.36,12.92,13.77,14.03,13.49,11.59,8.45,6.24,5.28,4.77,4.28,3.82,3.51,3.35,3.28,3.32,3.34,3.28,3.11,2.95,2.95,3.5,4.62,4.59,5.89,7.69,8.66,9.16,9.13,8.53,5.52,4.1,3.93,3.78,3.72,3.7,3.76,3.64,3.34,3.1,2.98,2.86,2.85,3.02,3.33,4.15,4.8,4.09,5.41,6.94,7.36,7.51,7.28,6.59,4.05,3.3,2.89,2.26,1.48,0.65,0.7,1.41,2.0,2.58,3.12,3.45,3.67,3.83,3.94,4.41,5.22,4.06,4.95,5.47,6.09,6.47,6.53,6.21,3.84,3.58,3.48,3.3,3.06,2.83,2.83,2.79,2.66,2.72,2.86,2.98,3.08,2.97,2.81,2.41,3.07,2.29,0.6,1.86,3.4,3.78,3.88,3.25,2.31,2.56,2.59,2.64,2.67,2.79,3.11,3.49,3.82,4.13,4.41,4.38,4.22,4.33,4.34,4.74,4.93,3.59,3.27,3.64,3.73,4.2,4.71,4.65,2.92,3.2,3.17,3.03,2.94,2.9,3.1,3.28
18,4.6,5.08,5.69,6.32,7.19,8.02,8.63,9.3,9.71,10.03,11.36,12.92,13.77,14.03,13.49,11.59,8.45,6.24,5.28,4.77,4.28,3.82,3.51,3.35,3.28,3.32,3.34,3.28,3.11,2.95,2.95,3.5,4.62,4.59,5.89,7.69,8.66,9.16,9.13,8.53,5.52,4.1,3.93,3.78,3.72,3.7,3.76,3.64,3.34,3.1,2.98,2.86,2.85,3.02,3.33,4.15,4.8,4.09,5.41,6.94,7.36,7.51,7.28,6.59,4.05,3.3,2.89,2.26,1.48,0.65,0.7,1.41,2.0,2.58,3.12,3.45,3.67,3.83,3.94,4.41,5.22,4.06,4.95,5.47,6.09,6.47,6.53,6.21,3.84,3.58,3.48,3.3,3.06,2.83,2.83,2.79,2.66,2.72,2.86,2.98,3.08,2.97,2.81,2.41,3.07,2.29,0.6,1.86,3.4,3.78,3.88,3.25,2.31,2.56,2.59,2.64,2.67,2.79,3.11,3.49,3.82,4.13,4.41,4.38,4.22,4.33,4.34,4.74,4.93,3.59,3.27,3.64,3.73,4.2,4.71,4.65,2.92,3.2,3.17,3.03,2.94,2.9,3.1,3.28,3.44,3.49,3.41,3.25,3.02,2.73,2.41,2.01,2.33,1.87,2.58,3.28,4.2,5.01,5.25,5.25,3.62,3.6,3.81,3.97,4.13,4.24,4.34,4.39
19,3.28,3.32,3.34,3.28,3.11,2.95,2.95,3.5,4.62,4.59,5.89,7.69,8.66,9.16,9.13,8.53,5.52,4.1,3.93,3.78,3.72,3.7,3.76,3.64,3.34,3.1,2.98,2.86,2.85,3.02,3.33,4.15,4.8,4.09,5.41,6.94,7.36,7.51,7.28,6.59,4.05,3.3,2.89,2.26,1.48,0.65,0.7,1.41,2.0,2.58,3.12,3.45,3.67,3.83,3.94,4.41,5.22,4.06,4.95,5.47,6.09,6.47,6.53,6.21,3.84,3.58,3.48,3.3,3.06,2.83,2.83,2.79,2.66,2.72,2.86,2.98,3.08,2.97,2.81,2.41,3.07,2.29,0.6,1.86,3.4,3.78,3.88,3.25,2.31,2.56,2.59,2.64,2.67,2.79,3.11,3.49,3.82,4.13,4.41,4.38,4.22,4.33,4.34,4.74,4.93,3.59,3.27,3.64,3.73,4.2,4.71,4.65,2.92,3.2,3.17,3.03,2.94,2.9,3.1,3.28,3.44,3.49,3.41,3.25,3.02,2.73,2.41,2.01,2.33,1.87,2.58,3.28,4.2,5.01,5.25,5.25,3.62,3.6,3.81,3.97,4.13,4.24,4.34,4.39,4.45,4.59,4.69,4.74,4.84,4.98,5.05,5.91,5.34,5.42,6.89,6.53,5.91,5.61,5.57,5.65,4.31,4.44,5.69,6.47,6.59,6.54,6.45,6.09
20,3.34,3.1,2.98,2.86,2.85,3.02,3.33,4.15,4.8,4.09,5.41,6.94,7.36,7.51,7.28,6.59,4.05,3.3,2.89,2.26,1.48,0.65,0.7,1.41,2.0,2.58,3.12,3.45,3.67,3.83,3.94,4.41,5.22,4.06,4.95,5.47,6.09,6.47,6.53,6.21,3.84,3.58,3.48,3.3,3.06,2.83,2.83,2.79,2.66,2.72,2.86,2.98,3.08,2.97,2.81,2.41,3.07,2.29,0.6,1.86,3.4,3.78,3.88,3.25,2.31,2.56,2.59,2.64,2.67,2.79,3.11,3.49,3.82,4.13,4.41,4.38,4.22,4.33,4.34,4.74,4.93,3.59,3.27,3.64,3.73,4.2,4.71,4.65,2.92,3.2,3.17,3.03,2.94,2.9,3.1,3.28,3.44,3.49,3.41,3.25,3.02,2.73,2.41,2.01,2.33,1.87,2.58,3.28,4.2,5.01,5.25,5.25,3.62,3.6,3.81,3.97,4.13,4.24,4.34,4.39,4.45,4.59,4.69,4.74,4.84,4.98,5.05,5.91,5.34,5.42,6.89,6.53,5.91,5.61,5.57,5.65,4.31,4.44,5.69,6.47,6.59,6.54,6.45,6.09,5.61,5.28,5.4,5.26,5.12,5.06,5.09,6.04,5.43,5.53,6.71,6.21,5.89,5.82,5.9,5.98,4.71,4.45,5.49,5.91,5.82,5.58,5.31,4.96
21,2.0,2.58,3.12,3.45,3.67,3.83,3.94,4.41,5.22,4.06,4.95,5.47,6.09,6.47,6.53,6.21,3.84,3.58,3.48,3.3,3.06,2.83,2.83,2.79,2.66,2.72,2.86,2.98,3.08,2.97,2.81,2.41,3.07,2.29,0.6,1.86,3.4,3.78,3.88,3.25,2.31,2.56,2.59,2.64,2.67,2.79,3.11,3.49,3.82,4.13,4.41,4.38,4.22,4.33,4.34,4.74,4.93,3.59,3.27,3.64,3.73,4.2,4.71,4.65,2.92,3.2,3.17,3.03,2.94,2.9,3.1,3.28,3.44,3.49,3.41,3.25,3.02,2.73,2.41,2.01,2.33,1.87,2.58,3.28,4.2,5.01,5.25,5.25,3.62,3.6,3.81,3.97,4.13,4.24,4.34,4.39,4.45,4.59,4.69,4.74,4.84,4.98,5.05,5.91,5.34,5.42,6.89,6.53,5.91,5.61,5.57,5.65,4.31,4.44,5.69,6.47,6.59,6.54,6.45,6.09,5.61,5.28,5.4,5.26,5.12,5.06,5.09,6.04,5.43,5.53,6.71,6.21,5.89,5.82,5.9,5.98,4.71,4.45,5.49,5.91,5.82,5.58,5.31,4.96,4.7,4.52,4.4,4.26,4.11,3.99,3.93,5.19,4.8,4.85,6.69,6.58,6.17,5.94,5.95,6.0,4.48,4.54,5.2,5.32,5.19,4.99,4.81,4.63
22,2.66,2.72,2.86,2.98,3.08,2.97,2.81,2.41,3.07,2.29,0.6,1.86,3.4,3.78,3.88,3.25,2.31,2.56,2.59,2.64,2.67,2.79,3.11,3.49,3.82,4.13,4.41,4.38,4.22,4.33,4.34,4.74,4.93,3.59,3.27,3.64,3.73,4.2,4.71,4.65,2.92,3.2,3.17,3.03,2.94,2.9,3.1,3.28,3.44,3.49,3.41,3.25,3.02,2.73,2.41,2.01,2.33,1.87,2.58,3.28,4.2,5.01,5.25,5.25,3.62,3.6,3.81,3.97,4.13,4.24,4.34,4.39,4.45,4.59,4.69,4.74,4.84,4.98,5.05,5.91,5.34,5.42,6.89,6.53,5.91,5.61,5.57,5.65,4.31,4.44,5.69,6.47,6.59,6.54,6.45,6.09,5.61,5.28,5.4,5.26,5.12,5.06,5.09,6.04,5.43,5.53,6.71,6.21,5.89,5.82,5.9,5.98,4.71,4.45,5.49,5.91,5.82,5.58,5.31,4.96,4.7,4.52,4.4,4.26,4.11,3.99,3.93,5.19,4.8,4.85,6.69,6.58,6.17,5.94,5.95,6.0,4.48,4.54,5.2,5.32,5.19,4.99,4.81,4.63,4.42,4.19,4.01,3.84,3.69,3.63,3.67,4.84,4.84,4.57,5.94,6.06,6.05,6.19,6.36,6.43,4.57,4.21,4.38,4.28,4.07,3.88,3.75,3.64
23,3.82,4.13,4.41,4.38,4.22,4.33,4.34,4.74,4.93,3.59,3.27,3.64,3.73,4.2,4.71,4.65,2.92,3.2,3.17,3.03,2.94,2.9,3.1,3.28,3.44,3.49,3.41,3.25,3.02,2.73,2.41,2.01,2.33,1.87,2.58,3.28,4.2,5.01,5.25,5.25,3.62,3.6,3.81,3.97,4.13,4.24,4.34,4.39,4.45,4.59,4.69,4.74,4.84,4.98,5.05,5.91,5.34,5.42,6.89,6.53,5.91,5.61,5.57,5.65,4.31,4.44,5.69,6.47,6.59,6.54,6.45,6.09,5.61,5.28,5.4,5.26,5.12,5.06,5.09,6.04,5.43,5.53,6.71,6.21,5.89,5.82,5.9,5.98,4.71,4.45,5.49,5.91,5.82,5.58,5.31,4.96,4.7,4.52,4.4,4.26,4.11,3.99,3.93,5.19,4.8,4.85,6.69,6.58,6.17,5.94,5.95,6.0,4.48,4.54,5.2,5.32,5.19,4.99,4.81,4.63,4.42,4.19,4.01,3.84,3.69,3.63,3.67,4.84,4.84,4.57,5.94,6.06,6.05,6.19,6.36,6.43,4.57,4.21,4.38,4.28,4.07,3.88,3.75,3.64,3.55,3.47,3.39,3.31,3.25,3.26,3.3,3.39,4.05,3.38,5.12,5.46,5.25,5.2,5.37,5.5,3.92,4.33,4.98,5.29,5.24,5.0,4.71,4.45
24,3.44,3.49,3.41,3.25,3.02,2.73,2.41,2.01,2.33,1.87,2.58,3.28,4.2,5.01,5.25,5.25,3.62,3.6,3.81,3.97,4.13,4.24,4.34,4.39,4.45,4.59,4.69,4.74,4.84,4.98,5.05,5.91,5.34,5.42,6.89,6.53,5.91,5.61,5.57,5.65,4.31,4.44,5.69,6.47,6.59,6.54,6.45,6.09,5.61,5.28,5.4,5.26,5.12,5.06,5.09,6.04,5.43,5.53,6.71,6.21,5.89,5.82,5.9,5.98,4.71,4.45,5.49,5.91,5.82,5.58,5.31,4.96,4.7,4.52,4.4,4.26,4.11,3.99,3.93,5.19,4.8,4.85,6.69,6.58,6.17,5.94,5.95,6.0,4.48,4.54,5.2,5.32,5.19,4.99,4.81,4.63,4.42,4.19,4.01,3.84,3.69,3.63,3.67,4.84,4.84,4.57,5.94,6.06,6.05,6.19,6.36,6.43,4.57,4.21,4.38,4.28,4.07,3.88,3.75,3.64,3.55,3.47,3.39,3.31,3.25,3.26,3.3,3.39,4.05,3.38,5.12,5.46,5.25,5.2,5.37,5.5,3.92,4.33,4.98,5.29,5.24,5.0,4.71,4.45,4.27,4.1,3.97,3.87,3.83,3.84,3.88,4.77,5.1,4.33,6.02,6.37,6.48,6.47,6.54,6.65,5.29,5.29,6.3,6.42,5.99,5.53,5.32,5.08
25,4.45,4.59,4.69,4.74,4.84,4.98,5.05,5.91,5.34,5.42,6.89,6.53,5.91,5.61,5.57,5.65,4.31,4.44,5.69,6.47,6.59,6.54,6.45,6.09,5.61,5.28,5.4,5.26,5.12,5.06,5.09,6.04,5.43,5.53,6.71,6.21,5.89,5.82,5.9,5.98,4.71,4.45,5.49,5.91,5.82,5.58,5.31,4.96,4.7,4.52,4.4,4.26,4.11,3.99,3.93,5.19,4.8,4.85,6.69,6.58,6.17,5.94,5.95,6.0,4.48,4.54,5.2,5.32,5.19,4.99,4.81,4.63,4.42,4.19,4.01,3.84,3.69,3.63,3.67,4.84,4.84,4.57,5.94,6.06,6.05,6.19,6.36,6.43,4.57,4.21,4.38,4.28,4.07,3.88,3.75,3.64,3.55,3.47,3.39,3.31,3.25,3.26,3.3,3.39,4.05,3.38,5.12,5.46,5.25,5.2,5.37,5.5,3.92,4.33,4.98,5.29,5.24,5.0,4.71,4.45,4.27,4.1,3.97,3.87,3.83,3.84,3.88,4.77,5.1,4.33,6.02,6.37,6.48,6.47,6.54,6.65,5.29,5.29,6.3,6.42,5.99,5.53,5.32,5.08,4.85,4.77,4.85,4.79,4.59,4.41,4.29,5.48,4.8,5.18,7.9,8.01,7.79,7.9,8.2,8.38,7.0,5.26,5.75,5.8,5.64,5.5,5.36,5.13
26,5.61,5.28,5.4,5.26,5.12,5.06,5.09,6.04,5.43,5.53,6.71,6.21,5.89,5.82,5.9,5.98,4.71,4.45,5.49,5.91,5.82,5.58,5.31,4.96,4.7,4.52,4.4,4.26,4.11,3.99,3.93,5.19,4.8,4.85,6.69,6.58,6.17,5.94,5.95,6.0,4.48,4.54,5.2,5.32,5.19,4.99,4.81,4.63,4.42,4.19,4.01,3.84,3.69,3.63,3.67,4.84,4.84,4.57,5.94,6.06,6.05,6.19,6.36,6.43,4.57,4.21,4.38,4.28,4.07,3.88,3.75,3.64,3.55,3.47,3.39,3.31,3.25,3.26,3.3,3.39,4.05,3.38,5.12,5.46,5.25,5.2,5.37,5.5,3.92,4.33,4.98,5.29,5.24,5.0,4.71,4.45,4.27,4.1,3.97,3.87,3.83,3.84,3.88,4.77,5.1,4.33,6.02,6.37,6.48,6.47,6.54,6.65,5.29,5.29,6.3,6.42,5.99,5.53,5.32,5.08,4.85,4.77,4.85,4.79,4.59,4.41,4.29,5.48,4.8,5.18,7.9,8.01,7.79,7.9,8.2,8.38,7.0,5.26,5.75,5.8,5.64,5.5,5.36,5.13,4.89,4.78,4.83,4.94,5.0,5.0,4.89,5.92,5.26,6.22,7.57,7.42,7.4,7.58,7.85,7.98,6.58,5.44,6.47,6.5,6.19,5.94,5.65,5.32
27,4.7,4.52,4.4,4.26,4.11,3.99,3.93,5.19,4.8,4.85,6.69,6.58,6.17,5.94,5.95,6.0,4.48,4.54,5.2,5.32,5.19,4.99,4.81,4.63,4.42,4.19,4.01,3.84,3.69,3.63,3.67,4.84,4.84,4.57,5.94,6.06,6.05,6.19,6.36,6.43,4.57,4.21,4.38,4.28,4.07,3.88,3.75,3.64,3.55,3.47,3.39,3.31,3.25,3.26,3.3,3.39,4.05,3.38,5.12,5.46,5.25,5.2,5.37,5.5,3.92,4.33,4.98,5.29,5.24,5.0,4.71,4.45,4.27,4.1,3.97,3.87,3.83,3.84,3.88,4.77,5.1,4.33,6.02,6.37,6.48,6.47,6.54,6.65,5.29,5.29,6.3,6.42,5.99,5.53,5.32,5.08,4.85,4.77,4.85,4.79,4.59,4.41,4.29,5.48,4.8,5.18,7.9,8.01,7.79,7.9,8.2,8.38,7.0,5.26,5.75,5.8,5.64,5.5,5.36,5.13,4.89,4.78,4.83,4.94,5.0,5.0,4.89,5.92,5.26,6.22,7.57,7.42,7.4,7.58,7.85,7.98,6.58,5.44,6.47,6.5,6.19,5.94,5.65,5.32,5.23,5.23,5.13,4.75,4.23,3.77,3.44,4.53,4.04,3.97,4.71,4.5,4.31,4.14,3.94,3.75,2.73,3.76,4.82,5.71,5.57,5.12,4.49,3.97
28,4.42,4.19,4.01,3.84,3.69,3.63,3.67,4.84,4.84,4.57,5.94,6.06,6.05,6.19,6.36,6.43,4.57,4.21,4.38,4.28,4.07,3.88,3.75,3.64,3.55,3.47,3.39,3.31,3.25,3.26,3.3,3.39,4.05,3.38,5.12,5.46,5.25,5.2,5.37,5.5,3.92,4.33,4.98,5.29,5.24,5.0,4.71,4.45,4.27,4.1,3.97,3.87,3.83,3.84,3.88,4.77,5.1,4.33,6.02,6.37,6.48,6.47,6.54,6.65,5.29,5.29,6.3,6.42,5.99,5.53,5.32,5.08,4.85,4.77,4.85,4.79,4.59,4.41,4.29,5.48,4.8,5.18,7.9,8.01,7.79,7.9,8.2,8.38,7.0,5.26,5.75,5.8,5.64,5.5,5.36,5.13,4.89,4.78,4.83,4.94,5.0,5.0,4.89,5.92,5.26,6.22,7.57,7.42,7.4,7.58,7.85,7.98,6.58,5.44,6.47,6.5,6.19,5.94,5.65,5.32,5.23,5.23,5.13,4.75,4.23,3.77,3.44,4.53,4.04,3.97,4.71,4.5,4.31,4.14,3.94,3.75,2.73,3.76,4.82,5.71,5.57,5.12,4.49,3.97,3.69,3.59,3.52,3.46,3.48,3.54,3.55,3.9,3.83,3.24,3.25,3.14,3.34,3.72,4.08,4.32,3.2,3.3,3.54,3.73,3.82,3.83,3.81,3.82
29,3.55,3.47,3.39,3.31,3.25,3.26,3.3,3.39,4.05,3.38,5.12,5.46,5.25,5.2,5.37,5.5,3.92,4.33,4.98,5.29,5.24,5.0,4.71,4.45,4.27,4.1,3.97,3.87,3.83,3.84,3.88,4.77,5.1,4.33,6.02,6.37,6.48,6.47,6.54,6.65,5.29,5.29,6.3,6.42,5.99,5.53,5.32,5.08,4.85,4.77,4.85,4.79,4.59,4.41,4.29,5.48,4.8,5.18,7.9,8.01,7.79,7.9,8.2,8.38,7.0,5.26,5.75,5.8,5.64,5.5,5.36,5.13,4.89,4.78,4.83,4.94,5.0,5.0,4.89,5.92,5.26,6.22,7.57,7.42,7.4,7.58,7.85,7.98,6.58,5.44,6.47,6.5,6.19,5.94,5.65,5.32,5.23,5.23,5.13,4.75,4.23,3.77,3.44,4.53,4.04,3.97,4.71,4.5,4.31,4.14,3.94,3.75,2.73,3.76,4.82,5.71,5.57,5.12,4.49,3.97,3.69,3.59,3.52,3.46,3.48,3.54,3.55,3.9,3.83,3.24,3.25,3.14,3.34,3.72,4.08,4.32,3.2,3.3,3.54,3.73,3.82,3.83,3.81,3.82,3.99,4.39,4.89,5.3,5.4,5.24,4.9,5.7,5.4,7.03,7.0,6.49,6.24,6.1,6.01,5.89,4.19,4.13,4.89,5.39,5.47,5.61,5.64,4.96
30,4.27,4.1,3.97,3.87,3.83,3.84,3.88,4.77,5.1,4.33,6.02,6.37,6.48,6.47,6.54,6.65,5.29,5.29,6.3,6.42,5.99,5.53,5.32,5.08,4.85,4.77,4.85,4.79,4.59,4.41,4.29,5.48,4.8,5.18,7.9,8.01,7.79,7.9,8.2,8.38,7.0,5.26,5.75,5.8,5.64,5.5,5.36,5.13,4.89,4.78,4.83,4.94,5.0,5.0,4.89,5.92,5.26,6.22,7.57,7.42,7.4,7.58,7.85,7.98,6.58,5.44,6.47,6.5,6.19,5.94,5.65,5.32,5.23,5.23,5.13,4.75,4.23,3.77,3.44,4.53,4.04,3.97,4.71,4.5,4.31,4.14,3.94,3.75,2.73,3.76,4.82,5.71,5.57,5.12,4.49,3.97,3.69,3.59,3.52,3.46,3.48,3.54,3.55,3.9,3.83,3.24,3.25,3.14,3.34,3.72,4.08,4.32,3.2,3.3,3.54,3.73,3.82,3.83,3.81,3.82,3.99,4.39,4.89,5.3,5.4,5.24,4.9,5.7,5.4,7.03,7.0,6.49,6.24,6.1,6.01,5.89,4.19,4.13,4.89,5.39,5.47,5.61,5.64,4.96,4.38,4.26,4.49,4.84,5.12,5.27,5.31,6.39,6.53,7.49,7.08,6.09,5.51,5.44,5.62,5.59,4.0,4.13,5.05,5.67,5.54,5.18,4.88,4.7
31,4.85,4.77,4.85,4.79,4.59,4.41,4.29,5.48,4.8,5.18,7.9,8.01,7.79,7.9,8.2,8.38,7.0,5.26,5.75,5.8,5.64,5.5,5.36,5.13,4.89,4.78,4.83,4.94,5.0,5.0,4.89,5.92,5.26,6.22,7.57,7.42,7.4,7.58,7.85,7.98,6.58,5.44,6.47,6.5,6.19,5.94,5.65,5.32,5.23,5.23,5.13,4.75,4.23,3.77,3.44,4.53,4.04,3.97,4.71,4.5,4.31,4.14,3.94,3.75,2.73,3.76,4.82,5.71,5.57,5.12,4.49,3.97,3.69,3.59,3.52,3.46,3.48,3.54,3.55,3.9,3.83,3.24,3.25,3.14,3.34,3.72,4.08,4.32,3.2,3.3,3.54,3.73,3.82,3.83,3.81,3.82,3.99,4.39,4.89,5.3,5.4,5.24,4.9,5.7,5.4,7.03,7.0,6.49,6.24,6.1,6.01,5.89,4.19,4.13,4.89,5.39,5.47,5.61,5.64,4.96,4.38,4.26,4.49,4.84,5.12,5.27,5.31,6.39,6.53,7.49,7.08,6.09,5.51,5.44,5.62,5.59,4.0,4.13,5.05,5.67,5.54,5.18,4.88,4.7,4.48,4.63,4.92,4.72,4.43,4.18,4.15,5.24,4.84,4.68,5.85,6.41,6.33,6.08,5.7,5.23,3.35,3.91,4.47,5.18,5.96,6.46,6.67,6.56
32,4.89,4.78,4.83,4.94,5.0,5.0,4.89,5.92,5.26,6.22,7.57,7.42,7.4,7.58,7.85,7.98,6.58,5.44,6.47,6.5,6.19,5.94,5.65,5.32,5.23,5.23,5.13,4.75,4.23,3.77,3.44,4.53,4.04,3.97,4.71,4.5,4.31,4.14,3.94,3.75,2.73,3.76,4.82,5.71,5.57,5.12,4.49,3.97,3.69,3.59,3.52,3.46,3.48,3.54,3.55,3.9,3.83,3.24,3.25,3.14,3.34,3.72,4.08,4.32,3.2,3.3,3.54,3.73,3.82,3.83,3.81,3.82,3.99,4.39,4.89,5.3,5.4,5.24,4.9,5.7,5.4,7.03,7.0,6.49,6.24,6.1,6.01,5.89,4.19,4.13,4.89,5.39,5.47,5.61,5.64,4.96,4.38,4.26,4.49,4.84,5.12,5.27,5.31,6.39,6.53,7.49,7.08,6.09,5.51,5.44,5.62,5.59,4.0,4.13,5.05,5.67,5.54,5.18,4.88,4.7,4.48,4.63,4.92,4.72,4.43,4.18,4.15,5.24,4.84,4.68,5.85,6.41,6.33,6.08,5.7,5.23,3.35,3.91,4.47,5.18,5.96,6.46,6.67,6.56,6.12,5.82,5.32,5.14,5.1,4.92,5.12,6.07,5.62,5.42,5.93,5.57,4.86,4.19,3.59,2.41,2.02,3.16,4.56,5.71,6.25,5.97,5.86,6.03
33,5.23,5.23,5.13,4.75,4.23,3.77,3.44,4.53,4.04,3.97,4.71,4.5,4.31,4.14,3.94,3.75,2.73,3.76,4.82,5.71,5.57,5.12,4.49,3.97,3.69,3.59,3.52,3.46,3.48,3.54,3.55,3.9,3.83,3.24,3.25,3.14,3.34,3.72,4.08,4.32,3.2,3.3,3.54,3.73,3.82,3.83,3.81,3.82,3.99,4.39,4.89,5.3,5.4,5.24,4.9,5.7,5.4,7.03,7.0,6.49,6.24,6.1,6.01,5.89,4.19,4.13,4.89,5.39,5.47,5.61,5.64,4.96,4.38,4.26,4.49,4.84,5.12,5.27,5.31,6.39,6.53,7.49,7.08,6.09,5.51,5.44,5.62,5.59,4.0,4.13,5.05,5.67,5.54,5.18,4.88,4.7,4.48,4.63,4.92,4.72,4.43,4.18,4.15,5.24,4.84,4.68,5.85,6.41,6.33,6.08,5.7,5.23,3.35,3.91,4.47,5.18,5.96,6.46,6.67,6.56,6.12,5.82,5.32,5.14,5.1,4.92,5.12,6.07,5.62,5.42,5.93,5.57,4.86,4.19,3.59,2.41,2.02,3.16,4.56,5.71,6.25,5.97,5.86,6.03,5.94,5.6,5.02,5.03,5.26,5.28,5.19,6.17,5.72,5.64,5.98,5.54,4.63,4.01,3.84,3.81,2.98,4.02,5.06,5.69,5.74,5.69,5.96,5.97
34,3.69,3.59,3.52,3.46,3.48,3.54,3.55,3.9,3.83,3.24,3.25,3.14,3.34,3.72,4.08,4.32,3.2,3.3,3.54,3.73,3.82,3.83,3.81,3.82,3.99,4.39,4.89,5.3,5.4,5.24,4.9,5.7,5.4,7.03,7.0,6.49,6.24,6.1,6.01,5.89,4.19,4.13,4.89,5.39,5.47,5.61,5.64,4.96,4.38,4.26,4.49,4.84,5.12,5.27,5.31,6.39,6.53,7.49,7.08,6.09,5.51,5.44,5.62,5.59,4.0,4.13,5.05,5.67,5.54,5.18,4.88,4.7,4.48,4.63,4.92,4.72,4.43,4.18,4.15,5.24,4.84,4.68,5.85,6.41,6.33,6.08,5.7,5.23,3.35,3.91,4.47,5.18,5.96,6.46,6.67,6.56,6.12,5.82,5.32,5.14,5.1,4.92,5.12,6.07,5.62,5.42,5.93,5.57,4.86,4.19,3.59,2.41,2.02,3.16,4.56,5.71,6.25,5.97,5.86,6.03,5.94,5.6,5.02,5.03,5.26,5.28,5.19,6.17,5.72,5.64,5.98,5.54,4.63,4.01,3.84,3.81,2.98,4.02,5.06,5.69,5.74,5.69,5.96,5.97,5.93,5.16,5.17,5.0,5.11,4.86,4.82,5.5,5.14,4.97,5.0,4.41,3.72,3.56,3.32,2.38,2.94,3.44,3.7,3.73,3.5,2.97,2.23,1.54
35,3.99,4.39,4.89,5.3,5.4,5.24,4.9,5.7,5.4,7.03,7.0,6.49,6.24,6.1,6.01,5.89,4.19,4.13,4.89,5.39,5.47,5.61,5.64,4.96,4.38,4.26,4.49,4.84,5.12,5.27,5.31,6.39,6.53,7.49,7.08,6.09,5.51,5.44,5.62,5.59,4.0,4.13,5.05,5.67,5.54,5.18,4.88,4.7,4.48,4.63,4.92,4.72,4.43,4.18,4.15,5.24,4.84,4.68,5.85,6.41,6.33,6.08,5.7,5.23,3.35,3.91,4.47,5.18,5.96,6.46,6.67,6.56,6.12,5.82,5.32,5.14,5.1,4.92,5.12,6.07,5.62,5.42,5.93,5.57,4.86,4.19,3.59,2.41,2.02,3.16,4.56,5.71,6.25,5.97,5.86,6.03,5.94,5.6,5.02,5.03,5.26,5.28,5.19,6.17,5.72,5.64,5.98,5.54,4.63,4.01,3.84,3.81,2.98,4.02,5.06,5.69,5.74,5.69,5.96,5.97,5.93,5.16,5.17,5.0,5.11,4.86,4.82,5.5,5.14,4.97,5.0,4.41,3.72,3.56,3.32,2.38,2.94,3.44,3.7,3.73,3.5,2.97,2.23,1.54,0.99,0.35,0.55,1.09,1.81,2.37,2.84,3.43,3.4,2.76,2.42,1.7,1.17,1.45,1.93,1.93,1.91,2.11,2.05,1.71,1.34,1.12,1.0,0.9
36,4.38,4.26,4.49,4.84,5.12,5.27,5.31,6.39,6.53,7.49,7.08,6.09,5.51,5.44,5.62,5.59,4.0,4.13,5.05,5.67,5.54,5.18,4.88,4.7,4.48,4.63,4.92,4.72,4.43,4.18,4.15,5.24,4.84,4.68,5.85,6.41,6.33,6.08,5.7,5.23,3.35,3.91,4.47,5.18,5.96,6.46,6.67,6.56,6.12,5.82,5.32,5.14,5.1,4.92,5.12,6.07,5.62,5.42,5.93,5.57,4.86,4.19,3.59,2.41,2.02,3.16,4.56,5.71,6.25,5.97,5.86,6.03,5.94,5.6,5.02,5.03,5.26,5.28,5.19,6.17,5.72,5.64,5.98,5.54,4.63,4.01,3.84,3.81,2.98,4.02,5.06,5.69,5.74,5.69,5.96,5.97,5.93,5.16,5.17,5.0,5.11,4.86,4.82,5.5,5.14,4.97,5.0,4.41,3.72,3.56,3.32,2.38,2.94,3.44,3.7,3.73,3.5,2.97,2.23,1.54,0.99,0.35,0.55,1.09,1.81,2.37,2.84,3.43,3.4,2.76,2.42,1.7,1.17,1.45,1.93,1.93,1.91,2.11,2.05,1.71,1.34,1.12,1.0,0.9,0.88,0.91,0.98,1.09,1.1,1.15,1.49,1.75,2.28,2.2,2.43,2.31,2.28,2.47,2.85,3.19,2.68,3.15,3.57,3.73,3.81,3.84,3.86,3.85
37,4.48,4.63,4.92,4.72,4.43,4.18,4.15,5.24,4.84,4.68,5.85,6.41,6.33,6.08,5.7,5.23,3.35,3.91,4.47,5.18,5.96,6.46,6.67,6.56,6.12,5.82,5.32,5.14,5.1,4.92,5.12,6.07,5.62,5.42,5.93,5.57,4.86,4.19,3.59,2.41,2.02,3.16,4.56,5.71,6.25,5.97,5.86,6.03,5.94,5.6,5.02,5.03,5.26,5.28,5.19,6.17,5.72,5.64,5.98,5.54,4.63,4.01,3.84,3.81,2.98,4.02,5.06,5.69,5.74,5.69,5.96,5.97,5.93,5.16,5.17,5.0,5.11,4.86,4.82,5.5,5.14,4.97,5.0,4.41,3.72,3.56,3.32,2.38,2.94,3.44,3.7,3.73,3.5,2.97,2.23,1.54,0.99,0.35,0.55,1.09,1.81,2.37,2.84,3.43,3.4,2.76,2.42,1.7,1.17,1.45,1.93,1.93,1.91,2.11,2.05,1.71,1.34,1.12,1.0,0.9,0.88,0.91,0.98,1.09,1.1,1.15,1.49,1.75,2.28,2.2,2.43,2.31,2.28,2.47,2.85,3.19,2.68,3.15,3.57,3.73,3.81,3.84,3.86,3.85,3.89,3.93,3.92,3.86,3.8,3.77,3.72,4.97,4.46,4.12,5.2,4.66,4.03,3.85,4.08,4.45,3.77,4.48,5.81,6.12,5.76,5.22,4.93,4.74
38,6.12,5.82,5.32,5.14,5.1,4.92,5.12,6.07,5.62,5.42,5.93,5.57,4.86,4.19,3.59,2.41,2.02,3.16,4.56,5.71,6.25,5.97,5.86,6.03,5.94,5.6,5.02,5.03,5.26,5.28,5.19,6.17,5.72,5.64,5.98,5.54,4.63,4.01,3.84,3.81,2.98,4.02,5.06,5.69,5.74,5.69,5.96,5.97,5.93,5.16,5.17,5.0,5.11,4.86,4.82,5.5,5.14,4.97,5.0,4.41,3.72,3.56,3.32,2.38,2.94,3.44,3.7,3.73,3.5,2.97,2.23,1.54,0.99,0.35,0.55,1.09,1.81,2.37,2.84,3.43,3.4,2.76,2.42,1.7,1.17,1.45,1.93,1.93,1.91,2.11,2.05,1.71,1.34,1.12,1.0,0.9,0.88,0.91,0.98,1.09,1.1,1.15,1.49,1.75,2.28,2.2,2.43,2.31,2.28,2.47,2.85,3.19,2.68,3.15,3.57,3.73,3.81,3.84,3.86,3.85,3.89,3.93,3.92,3.86,3.8,3.77,3.72,4.97,4.46,4.12,5.2,4.66,4.03,3.85,4.08,4.45,3.77,4.48,5.81,6.12,5.76,5.22,4.93,4.74,4.43,4.11,4.2,4.34,4.34,4.33,4.24,6.03,5.59,6.89,7.93,7.82,7.19,7.04,6.83,6.28,4.41,4.34,5.93,6.93,6.71,6.62,6.6,6.35
39,5.94,5.6,5.02,5.03,5.26,5.28,5.19,6.17,5.72,5.64,5.98,5.54,4.63,4.01,3.84,3.81,2.98,4.02,5.06,5.69,5.74,5.69,5.96,5.97,5.93,5.16,5.17,5.0,5.11,4.86,4.82,5.5,5.14,4.97,5.0,4.41,3.72,3.56,3.32,2.38,2.94,3.44,3.7,3.73,3.5,2.97,2.23,1.54,0.99,0.35,0.55,1.09,1.81,2.37,2.84,3.43,3.4,2.76,2.42,1.7,1.17,1.45,1.93,1.93,1.91,2.11,2.05,1.71,1.34,1.12,1.0,0.9,0.88,0.91,0.98,1.09,1.1,1.15,1.49,1.75,2.28,2.2,2.43,2.31,2.28,2.47,2.85,3.19,2.68,3.15,3.57,3.73,3.81,3.84,3.86,3.85,3.89,3.93,3.92,3.86,3.8,3.77,3.72,4.97,4.46,4.12,5.2,4.66,4.03,3.85,4.08,4.45,3.77,4.48,5.81,6.12,5.76,5.22,4.93,4.74,4.43,4.11,4.2,4.34,4.34,4.33,4.24,6.03,5.59,6.89,7.93,7.82,7.19,7.04,6.83,6.28,4.41,4.34,5.93,6.93,6.71,6.62,6.6,6.35,5.88,5.64,5.33,4.94,4.83,4.9,5.16,6.17,5.61,6.78,7.62,6.98,6.72,6.59,6.5,6.44,5.26,5.46,6.86,7.11,6.29,5.99,6.35,6.41
40,5.93,5.16,5.17,5.0,5.11,4.86,4.82,5.5,5.14,4.97,5.0,4.41,3.72,3.56,3.32,2.38,2.94,3.44,3.7,3.73,3.5,2.97,2.23,1.54,0.99,0.35,0.55,1.09,1.81,2.37,2.84,3.43,3.4,2.76,2.42,1.7,1.17,1.45,1.93,1.93,1.91,2.11,2.05,1.71,1.34,1.12,1.0,0.9,0.88,0.91,0.98,1.09,1.1,1.15,1.49,1.75,2.28,2.2,2.43,2.31,2.28,2.47,2.85,3.19,2.68,3.15,3.57,3.73,3.81,3.84,3.86,3.85,3.89,3.93,3.92,3.86,3.8,3.77,3.72,4.97,4.46,4.12,5.2,4.66,4.03,3.85,4.08,4.45,3.77,4.48,5.81,6.12,5.76,5.22,4.93,4.74,4.43,4.11,4.2,4.34,4.34,4.33,4.24,6.03,5.59,6.89,7.93,7.82,7.19,7.04,6.83,6.28,4.41,4.34,5.93,6.93,6.71,6.62,6.6,6.35,5.88,5.64,5.33,4.94,4.83,4.9,5.16,6.17,5.61,6.78,7.62,6.98,6.72,6.59,6.5,6.44,5.26,5.46,6.86,7.11,6.29,5.99,6.35,6.41,6.18,5.76,5.57,5.59,5.27,4.89,4.86,6.15,5.61,6.18,6.86,6.39,6.14,6.11,6.03,6.02,4.94,4.93,6.51,7.49,7.75,7.13,5.79,5.3
41,0.99,0.35,0.55,1.09,1.81,2.37,2.84,3.43,3.4,2.76,2.42,1.7,1.17,1.45,1.93,1.93,1.91,2.11,2.05,1.71,1.34,1.12,1.0,0.9,0.88,0.91,0.98,1.09,1.1,1.15,1.49,1.75,2.28,2.2,2.43,2.31,2.28,2.47,2.85,3.19,2.68,3.15,3.57,3.73,3.81,3.84,3.86,3.85,3.89,3.93,3.92,3.86,3.8,3.77,3.72,4.97,4.46,4.12,5.2,4.66,4.03,3.85,4.08,4.45,3.77,4.48,5.81,6.12,5.76,5.22,4.93,4.74,4.43,4.11,4.2,4.34,4.34,4.33,4.24,6.03,5.59,6.89,7.93,7.82,7.19,7.04,6.83,6.28,4.41,4.34,5.93,6.93,6.71,6.62,6.6,6.35,5.88,5.64,5.33,4.94,4.83,4.9,5.16,6.17,5.61,6.78,7.62,6.98,6.72,6.59,6.5,6.44,5.26,5.46,6.86,7.11,6.29,5.99,6.35,6.41,6.18,5.76,5.57,5.59,5.27,4.89,4.86,6.15,5.61,6.18,6.86,6.39,6.14,6.11,6.03,6.02,4.94,4.93,6.51,7.49,7.75,7.13,5.79,5.3,5.12,4.52,4.13,3.96,3.91,3.8,3.67,4.98,4.3,6.12,7.71,7.73,7.47,7.19,7.05,6.9,5.52,4.07,4.52,4.93,5.24,5.33,5.32,5.35
42,0.88,0.91,0.98,1.09,1.1,1.15,1.49,1.75,2.28,2.2,2.43,2.31,2.28,2.47,2.85,3.19,2.68,3.15,3.57,3.73,3.81,3.84,3.86,3.85,3.89,3.93,3.92,3.86,3.8,3.77,3.72,4.97,4.46,4.12,5.2,4.66,4.03,3.85,4.08,4.45,3.77,4.48,5.81,6.12,5.76,5.22,4.93,4.74,4.43,4.11,4.2,4.34,4.34,4.33,4.24,6.03,5.59,6.89,7.93,7.82,7.19,7.04,6.83,6.28,4.41,4.34,5.93,6.93,6.71,6.62,6.6,6.35,5.88,5.64,5.33,4.94,4.83,4.9,5.16,6.17,5.61,6.78,7.62,6.98,6.72,6.59,6.5,6.44,5.26,5.46,6.86,7.11,6.29,5.99,6.35,6.41,6.18,5.76,5.57,5.59,5.27,4.89,4.86,6.15,5.61,6.18,6.86,6.39,6.14,6.11,6.03,6.02,4.94,4.93,6.51,7.49,7.75,7.13,5.79,5.3,5.12,4.52,4.13,3.96,3.91,3.8,3.67,4.98,4.3,6.12,7.71,7.73,7.47,7.19,7.05,6.9,5.52,4.07,4.52,4.93,5.24,5.33,5.32,5.35,5.37,5.26,5.02,4.68,4.35,4.29,4.36,5.56,4.96,7.15,8.29,8.04,7.55,7.02,6.59,6.28,4.82,4.53,6.58,7.94,8.24,8.3,7.95,7.12
43,3.89,3.93,3.92,3.86,3.8,3.77,3.72,4.97,4.46,4.12,5.2,4.66,4.03,3.85,4.08,4.45,3.77,4.48,5.81,6.12,5.76,5.22,4.93,4.74,4.43,4.11,4.2,4.34,4.34,4.33,4.24,6.03,5.59,6.89,7.93,7.82,7.19,7.04,6.83,6.28,4.41,4.34,5.93,6.93,6.71,6.62,6.6,6.35,5.88,5.64,5.33,4.94,4.83,4.9,5.16,6.17,5.61,6.78,7.62,6.98,6.72,6.59,6.5,6.44,5.26,5.46,6.86,7.11,6.29,5.99,6.35,6.41,6.18,5.76,5.57,5.59,5.27,4.89,4.86,6.15,5.61,6.18,6.86,6.39,6.14,6.11,6.03,6.02,4.94,4.93,6.51,7.49,7.75,7.13,5.79,5.3,5.12,4.52,4.13,3.96,3.91,3.8,3.67,4.98,4.3,6.12,7.71,7.73,7.47,7.19,7.05,6.9,5.52,4.07,4.52,4.93,5.24,5.33,5.32,5.35,5.37,5.26,5.02,4.68,4.35,4.29,4.36,5.56,4.96,7.15,8.29,8.04,7.55,7.02,6.59,6.28,4.82,4.53,6.58,7.94,8.24,8.3,7.95,7.12,6.88,6.59,6.42,6.36,6.12,6.06,6.1,6.55,5.88,7.07,6.6,4.94,3.85,3.35,3.2,3.43,3.23,3.71,5.07,5.87,5.87,5.61,5.45,5.38
44,4.43,4.11,4.2,4.34,4.34,4.33,4.24,6.03,5.59,6.89,7.93,7.82,7.19,7.04,6.83,6.28,4.41,4.34,5.93,6.93,6.71,6.62,6.6,6.35,5.88,5.64,5.33,4.94,4.83,4.9,5.16,6.17,5.61,6.78,7.62,6.98,6.72,6.59,6.5,6.44,5.26,5.46,6.86,7.11,6.29,5.99,6.35,6.41,6.18,5.76,5.57,5.59,5.27,4.89,4.86,6.15,5.61,6.18,6.86,6.39,6.14,6.11,6.03,6.02,4.94,4.93,6.51,7.49,7.75,7.13,5.79,5.3,5.12,4.52,4.13,3.96,3.91,3.8,3.67,4.98,4.3,6.12,7.71,7.73,7.47,7.19,7.05,6.9,5.52,4.07,4.52,4.93,5.24,5.33,5.32,5.35,5.37,5.26,5.02,4.68,4.35,4.29,4.36,5.56,4.96,7.15,8.29,8.04,7.55,7.02,6.59,6.28,4.82,4.53,6.58,7.94,8.24,8.3,7.95,7.12,6.88,6.59,6.42,6.36,6.12,6.06,6.1,6.55,5.88,7.07,6.6,4.94,3.85,3.35,3.2,3.43,3.23,3.71,5.07,5.87,5.87,5.61,5.45,5.38,5.41,5.37,5.21,5.25,5.61,5.79,6.06,6.71,6.2,6.87,6.79,5.59,4.39,3.57,3.27,3.35,2.76,3.74,5.24,6.91,7.69,7.98,8.09,7.77
45,5.88,5.64,5.33,4.94,4.83,4.9,5.16,6.17,5.61,6.78,7.62,6.98,6.72,6.59,6.5,6.44,5.26,5.46,6.86,7.11,6.29,5.99,6.35,6.41,6.18,5.76,5.57,5.59,5.27,4.89,4.86,6.15,5.61,6.18,6.86,6.39,6.14,6.11,6.03,6.02,4.94,4.93,6.51,7.49,7.75,7.13,5.79,5.3,5.12,4.52,4.13,3.96,3.91,3.8,3.67,4.98,4.3,6.12,7.71,7.73,7.47,7.19,7.05,6.9,5.52,4.07,4.52,4.93,5.24,5.33,5.32,5.35,5.37,5.26,5.02,4.68,4.35,4.29,4.36,5.56,4.96,7.15,8.29,8.04,7.55,7.02,6.59,6.28,4.82,4.53,6.58,7.94,8.24,8.3,7.95,7.12,6.88,6.59,6.42,6.36,6.12,6.06,6.1,6.55,5.88,7.07,6.6,4.94,3.85,3.35,3.2,3.43,3.23,3.71,5.07,5.87,5.87,5.61,5.45,5.38,5.41,5.37,5.21,5.25,5.61,5.79,6.06,6.71,6.2,6.87,6.79,5.59,4.39,3.57,3.27,3.35,2.76,3.74,5.24,6.91,7.69,7.98,8.09,7.77,7.15,6.75,6.72,6.63,6.5,6.4,6.41,6.79,6.22,7.55,8.42,7.71,7.26,7.07,7.06,7.21,6.45,5.33,6.6,7.1,7.14,6.64,6.27,6.23
46,6.18,5.76,5.57,5.59,5.27,4.89,4.86,6.15,5.61,6.18,6.86,6.39,6.14,6.11,6.03,6.02,4.94,4.93,6.51,7.49,7.75,7.13,5.79,5.3,5.12,4.52,4.13,3.96,3.91,3.8,3.67,4.98,4.3,6.12,7.71,7.73,7.47,7.19,7.05,6.9,5.52,4.07,4.52,4.93,5.24,5.33,5.32,5.35,5.37,5.26,5.02,4.68,4.35,4.29,4.36,5.56,4.96,7.15,8.29,8.04,7.55,7.02,6.59,6.28,4.82,4.53,6.58,7.94,8.24,8.3,7.95,7.12,6.88,6.59,6.42,6.36,6.12,6.06,6.1,6.55,5.88,7.07,6.6,4.94,3.85,3.35,3.2,3.43,3.23,3.71,5.07,5.87,5.87,5.61,5.45,5.38,5.41,5.37,5.21,5.25,5.61,5.79,6.06,6.71,6.2,6.87,6.79,5.59,4.39,3.57,3.27,3.35,2.76,3.74,5.24,6.91,7.69,7.98,8.09,7.77,7.15,6.75,6.72,6.63,6.5,6.4,6.41,6.79,6.22,7.55,8.42,7.71,7.26,7.07,7.06,7.21,6.45,5.33,6.6,7.1,7.14,6.64,6.27,6.23,6.14,5.78,5.47,5.59,5.97,6.04,6.08,6.69,6.57,8.53,8.09,7.2,6.78,6.74,7.01,7.41,7.01,5.72,7.23,7.48,7.27,6.89,6.12,5.03
47,5.12,4.52,4.13,3.96,3.91,3.8,3.67,4.98,4.3,6.12,7.71,7.73,7.47,7.19,7.05,6.9,5.52,4.07,4.52,4.93,5.24,5.33,5.32,5.35,5.37,5.26,5.02,4.68,4.35,4.29,4.36,5.56,4.96,7.15,8.29,8.04,7.55,7.02,6.59,6.28,4.82,4.53,6.58,7.94,8.24,8.3,7.95,7.12,6.88,6.59,6.42,6.36,6.12,6.06,6.1,6.55,5.88,7.07,6.6,4.94,3.85,3.35,3.2,3.43,3.23,3.71,5.07,5.87,5.87,5.61,5.45,5.38,5.41,5.37,5.21,5.25,5.61,5.79,6.06,6.71,6.2,6.87,6.79,5.59,4.39,3.57,3.27,3.35,2.76,3.74,5.24,6.91,7.69,7.98,8.09,7.77,7.15,6.75,6.72,6.63,6.5,6.4,6.41,6.79,6.22,7.55,8.42,7.71,7.26,7.07,7.06,7.21,6.45,5.33,6.6,7.1,7.14,6.64,6.27,6.23,6.14,5.78,5.47,5.59,5.97,6.04,6.08,6.69,6.57,8.53,8.09,7.2,6.78,6.74,7.01,7.41,7.01,5.72,7.23,7.48,7.27,6.89,6.12,5.03,4.21,3.89,3.97,4.5,5.18,5.56,5.96,6.48,6.17,7.74,7.65,7.49,7.21,6.79,6.28,5.94,5.37,4.56,6.19,6.61,6.55,6.44,6.18,5.85
48,5.37,5.26,5.02,4.68,4.35,4.29,4.36,5.56,4.96,7.15,8.29,8.04,7.55,7.02,6.59,6.28,4.82,4.53,6.58,7.94,8.24,8.3,7.95,7.12,6.88,6.59,6.42,6.36,6.12,6.06,6.1,6.55,5.88,7.07,6.6,4.94,3.85,3.35,3.2,3.43,3.23,3.71,5.07,5.87,5.87,5.61,5.45,5.38,5.41,5.37,5.21,5.25,5.61,5.79,6.06,6.71,6.2,6.87,6.79,5.59,4.39,3.57,3.27,3.35,2.76,3.74,5.24,6.91,7.69,7.98,8.09,7.77,7.15,6.75,6.72,6.63,6.5,6.4,6.41,6.79,6.22,7.55,8.42,7.71,7.26,7.07,7.06,7.21,6.45,5.33,6.6,7.1,7.14,6.64,6.27,6.23,6.14,5.78,5.47,5.59,5.97,6.04,6.08,6.69,6.57,8.53,8.09,7.2,6.78,6.74,7.01,7.41,7.01,5.72,7.23,7.48,7.27,6.89,6.12,5.03,4.21,3.89,3.97,4.5,5.18,5.56,5.96,6.48,6.17,7.74,7.65,7.49,7.21,6.79,6.28,5.94,5.37,4.56,6.19,6.61,6.55,6.44,6.18,5.85,5.29,4.59,3.97,4.02,4.3,3.79,4.12,4.57,4.03,3.99,4.18,4.54,4.66,4.62,4.48,4.26,3.49,2.36,2.11,1.75,1.71,1.8,1.63,1.24
49,6.88,6.59,6.42,6.36,6.12,6.06,6.1,6.55,5.88,7.07,6.6,4.94,3.85,3.35,3.2,3.43,3.23,3.71,5.07,5.87,5.87,5.61,5.45,5.38,5.41,5.37,5.21,5.25,5.61,5.79,6.06,6.71,6.2,6.87,6.79,5.59,4.39,3.57,3.27,3.35,2.76,3.74,5.24,6.91,7.69,7.98,8.09,7.77,7.15,6.75,6.72,6.63,6.5,6.4,6.41,6.79,6.22,7.55,8.42,7.71,7.26,7.07,7.06,7.21,6.45,5.33,6.6,7.1,7.14,6.64,6.27,6.23,6.14,5.78,5.47,5.59,5.97,6.04,6.08,6.69,6.57,8.53,8.09,7.2,6.78,6.74,7.01,7.41,7.01,5.72,7.23,7.48,7.27,6.89,6.12,5.03,4.21,3.89,3.97,4.5,5.18,5.56,5.96,6.48,6.17,7.74,7.65,7.49,7.21,6.79,6.28,5.94,5.37,4.56,6.19,6.61,6.55,6.44,6.18,5.85,5.29,4.59,3.97,4.02,4.3,3.79,4.12,4.57,4.03,3.99,4.18,4.54,4.66,4.62,4.48,4.26,3.49,2.36,2.11,1.75,1.71,1.8,1.63,1.24,0.63,0.42,1.53,2.34,2.69,2.78,2.81,3.36,3.28,3.15,3.43,4.02,4.33,4.38,4.89,5.45,4.75,3.7,3.98,4.01,3.88,3.64,3.39,3.24
50,5.41,5.37,5.21,5.25,5.61,5.79,6.06,6.71,6.2,6.87,6.79,5.59,4.39,3.57,3.27,3.35,2.76,3.74,5.24,6.91,7.69,7.98,8.09,7.77,7.15,6.75,6.72,6.63,6.5,6.4,6.41,6.79,6.22,7.55,8.42,7.71,7.26,7.07,7.06,7.21,6.45,5.33,6.6,7.1,7.14,6.64,6.27,6.23,6.14,5.78,5.47,5.59,5.97,6.04,6.08,6.69,6.57,8.53,8.09,7.2,6.78,6.74,7.01,7.41,7.01,5.72,7.23,7.48,7.27,6.89,6.12,5.03,4.21,3.89,3.97,4.5,5.18,5.56,5.96,6.48,6.17,7.74,7.65,7.49,7.21,6.79,6.28,5.94,5.37,4.56,6.19,6.61,6.55,6.44,6.18,5.85,5.29,4.59,3.97,4.02,4.3,3.79,4.12,4.57,4.03,3.99,4.18,4.54,4.66,4.62,4.48,4.26,3.49,2.36,2.11,1.75,1.71,1.8,1.63,1.24,0.63,0.42,1.53,2.34,2.69,2.78,2.81,3.36,3.28,3.15,3.43,4.02,4.33,4.38,4.89,5.45,4.75,3.7,3.98,4.01,3.88,3.64,3.39,3.24,3.18,3.22,3.3,3.35,3.42,3.51,3.52,3.95,3.76,3.44,4.0,3.74,3.88,4.37,5.02,5.63,5.33,3.99,4.39,4.53,4.49,4.52,4.6,4.62
51,7.15,6.75,6.72,6.63,6.5,6.4,6.41,6.79,6.22,7.55,8.42,7.71,7.26,7.07,7.06,7.21,6.45,5.33,6.6,7.1,7.14,6.64,6.27,6.23,6.14,5.78,5.47,5.59,5.97,6.04,6.08,6.69,6.57,8.53,8.09,7.2,6.78,6.74,7.01,7.41,7.01,5.72,7.23,7.48,7.27,6.89,6.12,5.03,4.21,3.89,3.97,4.5,5.18,5.56,5.96,6.48,6.17,7.74,7.65,7.49,7.21,6.79,6.28,5.94,5.37,4.56,6.19,6.61,6.55,6.44,6.18,5.85,5.29,4.59,3.97,4.02,4.3,3.79,4.12,4.57,4.03,3.99,4.18,4.54,4.66,4.62,4.48,4.26,3.49,2.36,2.11,1.75,1.71,1.8,1.63,1.24,0.63,0.42,1.53,2.34,2.69,2.78,2.81,3.36,3.28,3.15,3.43,4.02,4.33,4.38,4.89,5.45,4.75,3.7,3.98,4.01,3.88,3.64,3.39,3.24,3.18,3.22,3.3,3.35,3.42,3.51,3.52,3.95,3.76,3.44,4.0,3.74,3.88,4.37,5.02,5.63,5.33,3.99,4.39,4.53,4.49,4.52,4.6,4.62,4.55,4.38,4.16,3.91,3.74,3.65,3.58,4.77,3.7,4.25,5.0,4.68,4.34,4.02,3.63,3.22,2.4,2.8,3.55,4.07,4.59,4.72,4.53,4.3
52,6.14,5.78,5.47,5.59,5.97,6.04,6.08,6.69,6.57,8.53,8.09,7.2,6.78,6.74,7.01,7.41,7.01,5.72,7.23,7.48,7.27,6.89,6.12,5.03,4.21,3.89,3.97,4.5,5.18,5.56,5.96,6.48,6.17,7.74,7.65,7.49,7.21,6.79,6.28,5.94,5.37,4.56,6.19,6.61,6.55,6.44,6.18,5.85,5.29,4.59,3.97,4.02,4.3,3.79,4.12,4.57,4.03,3.99,4.18,4.54,4.66,4.62,4.48,4.26,3.49,2.36,2.11,1.75,1.71,1.8,1.63,1.24,0.63,0.42,1.53,2.34,2.69,2.78,2.81,3.36,3.28,3.15,3.43,4.02,4.33,4.38,4.89,5.45,4.75,3.7,3.98,4.01,3.88,3.64,3.39,3.24,3.18,3.22,3.3,3.35,3.42,3.51,3.52,3.95,3.76,3.44,4.0,3.74,3.88,4.37,5.02,5.63,5.33,3.99,4.39,4.53,4.49,4.52,4.6,4.62,4.55,4.38,4.16,3.91,3.74,3.65,3.58,4.77,3.7,4.25,5.0,4.68,4.34,4.02,3.63,3.22,2.4,2.8,3.55,4.07,4.59,4.72,4.53,4.3,4.23,4.31,4.35,4.26,4.09,3.93,3.83,5.03,4.16,4.31,5.01,4.76,4.27,3.87,3.89,4.26,3.77,3.61,4.24,4.54,4.58,4.49,4.31,4.12
53,4.21,3.89,3.97,4.5,5.18,5.56,5.96,6.48,6.17,7.74,7.65,7.49,7.21,6.79,6.28,5.94,5.37,4.56,6.19,6.61,6.55,6.44,6.18,5.85,5.29,4.59,3.97,4.02,4.3,3.79,4.12,4.57,4.03,3.99,4.18,4.54,4.66,4.62,4.48,4.26,3.49,2.36,2.11,1.75,1.71,1.8,1.63,1.24,0.63,0.42,1.53,2.34,2.69,2.78,2.81,3.36,3.28,3.15,3.43,4.02,4.33,4.38,4.89,5.45,4.75,3.7,3.98,4.01,3.88,3.64,3.39,3.24,3.18,3.22,3.3,3.35,3.42,3.51,3.52,3.95,3.76,3.44,4.0,3.74,3.88,4.37,5.02,5.63,5.33,3.99,4.39,4.53,4.49,4.52,4.6,4.62,4.55,4.38,4.16,3.91,3.74,3.65,3.58,4.77,3.7,4.25,5.0,4.68,4.34,4.02,3.63,3.22,2.4,2.8,3.55,4.07,4.59,4.72,4.53,4.3,4.23,4.31,4.35,4.26,4.09,3.93,3.83,5.03,4.16,4.31,5.01,4.76,4.27,3.87,3.89,4.26,3.77,3.61,4.24,4.54,4.58,4.49,4.31,4.12,4.01,3.99,3.94,3.88,3.84,3.77,3.62,4.63,3.53,2.86,3.27,3.15,2.94,2.94,3.3,4.05,4.06,3.85,4.48,4.55,4.41,4.22,4.05,3.95
54,5.29,4.59,3.97,4.02,4.3,3.79,4.12,4.57,4.03,3.99,4.18,4.54,4.66,4.62,4.48,4.26,3.49,2.36,2.11,1.75,1.71,1.8,1.63,1.24,0.63,0.42,1.53,2.34,2.69,2.78,2.81,3.36,3.28,3.15,3.43,4.02,4.33,4.38,4.89,5.45,4.75,3.7,3.98,4.01,3.88,3.64,3.39,3.24,3.18,3.22,3.3,3.35,3.42,3.51,3.52,3.95,3.76,3.44,4.0,3.74,3.88,4.37,5.02,5.63,5.33,3.99,4.39,4.53,4.49,4.52,4.6,4.62,4.55,4.38,4.16,3.91,3.74,3.65,3.58,4.77,3.7,4.25,5.0,4.68,4.34,4.02,3.63,3.22,2.4,2.8,3.55,4.07,4.59,4.72,4.53,4.3,4.23,4.31,4.35,4.26,4.09,3.93,3.83,5.03,4.16,4.31,5.01,4.76,4.27,3.87,3.89,4.26,3.77,3.61,4.24,4.54,4.58,4.49,4.31,4.12,4.01,3.99,3.94,3.88,3.84,3.77,3.62,4.63,3.53,2.86,3.27,3.15,2.94,2.94,3.3,4.05,4.06,3.85,4.48,4.55,4.41,4.22,4.05,3.95,3.86,3.78,3.74,3.7,3.66,3.57,3.38,3.29,2.8,2.09,2.71,2.75,2.55,1.74,1.91,3.46,3.04,2.83,3.01,3.02,2.94,2.53,2.33,2.44
55,0.63,0.42,1.53,2.34,2.69,2.78,2.81,3.36,3.28,3.15,3.43,4.02,4.33,4.38,4.89,5.45,4.75,3.7,3.98,4.01,3.88,3.64,3.39,3.24,3.18,3.22,3.3,3.35,3.42,3.51,3.52,3.95,3.76,3.44,4.0,3.74,3.88,4.37,5.02,5.63,5.33,3.99,4.39,4.53,4.49,4.52,4.6,4.62,4.55,4.38,4.16,3.91,3.74,3.65,3.58,4.77,3.7,4.25,5.0,4.68,4.34,4.02,3.63,3.22,2.4,2.8,3.55,4.07,4.59,4.72,4.53,4.3,4.23,4.31,4.35,4.26,4.09,3.93,3.83,5.03,4.16,4.31,5.01,4.76,4.27,3.87,3.89,4.26,3.77,3.61,4.24,4.54,4.58,4.49,4.31,4.12,4.01,3.99,3.94,3.88,3.84,3.77,3.62,4.63,3.53,2.86,3.27,3.15,2.94,2.94,3.3,4.05,4.06,3.85,4.48,4.55,4.41,4.22,4.05,3.95,3.86,3.78,3.74,3.7,3.66,3.57,3.38,3.29,2.8,2.09,2.71,2.75,2.55,1.74,1.91,3.46,3.04,2.83,3.01,3.02,2.94,2.53,2.33,2.44,2.6,3.19,3.93,4.22,4.41,5.27,6.3,6.92,7.84,7.85,6.53,4.97,3.52,3.37,4.51,5.33,5.16,3.64,4.09,4.42,4.55,4.18,3.71,3.42
56,3.18,3.22,3.3,3.35,3.42,3.51,3.52,3.95,3.76,3.44,4.0,3.74,3.88,4.37,5.02,5.63,5.33,3.99,4.39,4.53,4.49,4.52,4.6,4.62,4.55,4.38,4.16,3.91,3.74,3.65,3.58,4.77,3.7,4.25,5.0,4.68,4.34,4.02,3.63,3.22,2.4,2.8,3.55,4.07,4.59,4.72,4.53,4.3,4.23,4.31,4.35,4.26,4.09,3.93,3.83,5.03,4.16,4.31,5.01,4.76,4.27,3.87,3.89,4.26,3.77,3.61,4.24,4.54,4.58,4.49,4.31,4.12,4.01,3.99,3.94,3.88,3.84,3.77,3.62,4.63,3.53,2.86,3.27,3.15,2.94,2.94,3.3,4.05,4.06,3.85,4.48,4.55,4.41,4.22,4.05,3.95,3.86,3.78,3.74,3.7,3.66,3.57,3.38,3.29,2.8,2.09,2.71,2.75,2.55,1.74,1.91,3.46,3.04,2.83,3.01,3.02,2.94,2.53,2.33,2.44,2.6,3.19,3.93,4.22,4.41,5.27,6.3,6.92,7.84,7.85,6.53,4.97,3.52,3.37,4.51,5.33,5.16,3.64,4.09,4.42,4.55,4.18,3.71,3.42,3.19,3.19,3.5,3.85,4.2,4.38,4.55,5.66,4.57,6.59,7.02,6.18,5.56,5.16,5.02,5.07,4.69,3.39,3.81,3.94,3.9,3.8,3.77,3.81
57,4.55,4.38,4.16,3.91,3.74,3.65,3.58,4.77,3.7,4.25,5.0,4.68,4.34,4.02,3.63,3.22,2.4,2.8,3.55,4.07,4.59,4.72,4.53,4.3,4.23,4.31,4.35,4.26,4.09,3.93,3.83,5.03,4.16,4.31,5.01,4.76,4.27,3.87,3.89,4.26,3.77,3.61,4.24,4.54,4.58,4.49,4.31,4.12,4.01,3.99,3.94,3.88,3.84,3.77,3.62,4.63,3.53,2.86,3.27,3.15,2.94,2.94,3.3,4.05,4.06,3.85,4.48,4.55,4.41,4.22,4.05,3.95,3.86,3.78,3.74,3.7,3.66,3.57,3.38,3.29,2.8,2.09,2.71,2.75,2.55,1.74,1.91,3.46,3.04,2.83,3.01,3.02,2.94,2.53,2.33,2.44,2.6,3.19,3.93,4.22,4.41,5.27,6.3,6.92,7.84,7.85,6.53,4.97,3.52,3.37,4.51,5.33,5.16,3.64,4.09,4.42,4.55,4.18,3.71,3.42,3.19,3.19,3.5,3.85,4.2,4.38,4.55,5.66,4.57,6.59,7.02,6.18,5.56,5.16,5.02,5.07,4.69,3.39,3.81,3.94,3.9,3.8,3.77,3.81,3.88,3.94,3.96,3.89,3.78,3.69,3.51,4.41,3.46,3.18,2.83,2.07,1.48,1.03,0.86,1.19,1.51,2.16,2.72,2.94,3.0,3.05,3.13,3.23
58,4.23,4.31,4.35,4.26,4.09,3.93,3.83,5.03,4.16,4.31,5.01,4.76,4.27,3.87,3.89,4.26,3.77,3.61,4.24,4.54,4.58,4.49,4.31,4.12,4.01,3.99,3.94,3.88,3.84,3.77,3.62,4.63,3.53,2.86,3.27,3.15,2.94,2.94,3.3,4.05,4.06,3.85,4.48,4.55,4.41,4.22,4.05,3.95,3.86,3.78,3.74,3.7,3.66,3.57,3.38,3.29,2.8,2.09,2.71,2.75,2.55,1.74,1.91,3.46,3.04,2.83,3.01,3.02,2.94,2.53,2.33,2.44,2.6,3.19,3.93,4.22,4.41,5.27,6.3,6.92,7.84,7.85,6.53,4.97,3.52,3.37,4.51,5.33,5.16,3.64,4.09,4.42,4.55,4.18,3.71,3.42,3.19,3.19,3.5,3.85,4.2,4.38,4.55,5.66,4.57,6.59,7.02,6.18,5.56,5.16,5.02,5.07,4.69,3.39,3.81,3.94,3.9,3.8,3.77,3.81,3.88,3.94,3.96,3.89,3.78,3.69,3.51,4.41,3.46,3.18,2.83,2.07,1.48,1.03,0.86,1.19,1.51,2.16,2.72,2.94,3.0,3.05,3.13,3.23,3.35,3.45,3.51,3.53,3.49,3.4,3.1,2.87,1.21,2.0,2.07,1.34,2.63,3.23,3.36,3.56,2.77,2.89,3.87,5.23,6.11,6.21,6.38,6.74
59,4.01,3.99,3.94,3.88,3.84,3.77,3.62,4.63,3.53,2.86,3.27,3.15,2.94,2.94,3.3,4.05,4.06,3.85,4.48,4.55,4.41,4.22,4.05,3.95,3.86,3.78,3.74,3.7,3.66,3.57,3.38,3.29,2.8,2.09,2.71,2.75,2.55,1.74,1.91,3.46,3.04,2.83,3.01,3.02,2.94,2.53,2.33,2.44,2.6,3.19,3.93,4.22,4.41,5.27,6.3,6.92,7.84,7.85,6.53,4.97,3.52,3.37,4.51,5.33,5.16,3.64,4.09,4.42,4.55,4.18,3.71,3.42,3.19,3.19,3.5,3.85,4.2,4.38,4.55,5.66,4.57,6.59,7.02,6.18,5.56,5.16,5.02,5.07,4.69,3.39,3.81,3.94,3.9,3.8,3.77,3.81,3.88,3.94,3.96,3.89,3.78,3.69,3.51,4.41,3.46,3.18,2.83,2.07,1.48,1.03,0.86,1.19,1.51,2.16,2.72,2.94,3.0,3.05,3.13,3.23,3.35,3.45,3.51,3.53,3.49,3.4,3.1,2.87,1.21,2.0,2.07,1.34,2.63,3.23,3.36,3.56,2.77,2.89,3.87,5.23,6.11,6.21,6.38,6.74,7.54,7.9,8.53,8.94,9.3,9.28,8.96,10.44,11.74,10.98,9.79,8.71,7.91,7.47,7.44,7.61,7.63,6.54,7.55,8.31,8.04,7.45,6.8,6.31
60,3.86,3.78,3.74,3.7,3.66,3.57,3.38,3.29,2.8,2.09,2.71,2.75,2.55,1.74,1.91,3.46,3.04,2.83,3.01,3.02,2.94,2.53,2.33,2.44,2.6,3.19,3.93,4.22,4.41,5.27,6.3,6.92,7.84,7.85,6.53,4.97,3.52,3.37,4.51,5.33,5.16,3.64,4.09,4.42,4.55,4.18,3.71,3.42,3.19,3.19,3.5,3.85,4.2,4.38,4.55,5.66,4.57,6.59,7.02,6.18,5.56,5.16,5.02,5.07,4.69,3.39,3.81,3.94,3.9,3.8,3.77,3.81,3.88,3.94,3.96,3.89,3.78,3.69,3.51,4.41,3.46,3.18,2.83,2.07,1.48,1.03,0.86,1.19,1.51,2.16,2.72,2.94,3.0,3.05,3.13,3.23,3.35,3.45,3.51,3.53,3.49,3.4,3.1,2.87,1.21,2.0,2.07,1.34,2.63,3.23,3.36,3.56,2.77,2.89,3.87,5.23,6.11,6.21,6.38,6.74,7.54,7.9,8.53,8.94,9.3,9.28,8.96,10.44,11.74,10.98,9.79,8.71,7.91,7.47,7.44,7.61,7.63,6.54,7.55,8.31,8.04,7.45,6.8,6.31,5.78,5.44,5.09,4.64,4.35,4.19,4.7,5.32,5.94,7.22,6.85,6.34,6.16,6.28,6.63,7.02,7.37,6.57,7.18,7.54,6.73,6.02,5.55,5.13
61,2.6,3.19,3.93,4.22,4.41,5.27,6.3,6.92,7.84,7.85,6.53,4.97,3.52,3.37,4.51,5.33,5.16,3.64,4.09,4.42,4.55,4.18,3.71,3.42,3.19,3.19,3.5,3.85,4.2,4.38,4.55,5.66,4.57,6.59,7.02,6.18,5.56,5.16,5.02,5.07,4.69,3.39,3.81,3.94,3.9,3.8,3.77,3.81,3.88,3.94,3.96,3.89,3.78,3.69,3.51,4.41,3.46,3.18,2.83,2.07,1.48,1.03,0.86,1.19,1.51,2.16,2.72,2.94,3.0,3.05,3.13,3.23,3.35,3.45,3.51,3.53,3.49,3.4,3.1,2.87,1.21,2.0,2.07,1.34,2.63,3.23,3.36,3.56,2.77,2.89,3.87,5.23,6.11,6.21,6.38,6.74,7.54,7.9,8.53,8.94,9.3,9.28,8.96,10.44,11.74,10.98,9.79,8.71,7.91,7.47,7.44,7.61,7.63,6.54,7.55,8.31,8.04,7.45,6.8,6.31,5.78,5.44,5.09,4.64,4.35,4.19,4.7,5.32,5.94,7.22,6.85,6.34,6.16,6.28,6.63,7.02,7.37,6.57,7.18,7.54,6.73,6.02,5.55,5.13,4.52,4.11,3.99,3.91,3.91,3.99,4.61,5.24,5.07,7.68,8.13,8.2,8.09,7.99,8.06,8.02,7.44,4.72,4.32,4.18,3.7,3.2,2.87,2.64
62,3.19,3.19,3.5,3.85,4.2,4.38,4.55,5.66,4.57,6.59,7.02,6.18,5.56,5.16,5.02,5.07,4.69,3.39,3.81,3.94,3.9,3.8,3.77,3.81,3.88,3.94,3.96,3.89,3.78,3.69,3.51,4.41,3.46,3.18,2.83,2.07,1.48,1.03,0.86,1.19,1.51,2.16,2.72,2.94,3.0,3.05,3.13,3.23,3.35,3.45,3.51,3.53,3.49,3.4,3.1,2.87,1.21,2.0,2.07,1.34,2.63,3.23,3.36,3.56,2.77,2.89,3.87,5.23,6.11,6.21,6.38,6.74,7.54,7.9,8.53,8.94,9.3,9.28,8.96,10.44,11.74,10.98,9.79,8.71,7.91,7.47,7.44,7.61,7.63,6.54,7.55,8.31,8.04,7.45,6.8,6.31,5.78,5.44,5.09,4.64,4.35,4.19,4.7,5.32,5.94,7.22,6.85,6.34,6.16,6.28,6.63,7.02,7.37,6.57,7.18,7.54,6.73,6.02,5.55,5.13,4.52,4.11,3.99,3.91,3.91,3.99,4.61,5.24,5.07,7.68,8.13,8.2,8.09,7.99,8.06,8.02,7.44,4.72,4.32,4.18,3.7,3.2,2.87,2.64,2.45,2.3,2.3,2.39,2.46,2.56,2.65,3.58,3.86,5.71,7.03,7.32,7.23,7.29,7.51,7.72,7.58,5.67,5.65,6.38,6.49,6.39,6.15,5.83
63,3.88,3.94,3.96,3.89,3.78,3.69,3.51,4.41,3.46,3.18,2.83,2.07,1.48,1.03,0.86,1.19,1.51,2.16,2.72,2.94,3.0,3.05,3.13,3.23,3.35,3.45,3.51,3.53,3.49,3.4,3.1,2.87,1.21,2.0,2.07,1.34,2.63,3.23,3.36,3.56,2.77,2.89,3.87,5.23,6.11,6.21,6.38,6.74,7.54,7.9,8.53,8.94,9.3,9.28,8.96,10.44,11.74,10.98,9.79,8.71,7.91,7.47,7.44,7.61,7.63,6.54,7.55,8.31,8.04,7.45,6.8,6.31,5.78,5.44,5.09,4.64,4.35,4.19,4.7,5.32,5.94,7.22,6.85,6.34,6.16,6.28,6.63,7.02,7.37,6.57,7.18,7.54,6.73,6.02,5.55,5.13,4.52,4.11,3.99,3.91,3.91,3.99,4.61,5.24,5.07,7.68,8.13,8.2,8.09,7.99,8.06,8.02,7.44,4.72,4.32,4.18,3.7,3.2,2.87,2.64,2.45,2.3,2.3,2.39,2.46,2.56,2.65,3.58,3.86,5.71,7.03,7.32,7.23,7.29,7.51,7.72,7.58,5.67,5.65,6.38,6.49,6.39,6.15,5.83,5.33,5.04,4.99,5.08,5.14,5.19,5.64,5.94,6.63,9.66,9.39,9.14,8.92,8.47,7.74,6.93,6.11,4.0,4.7,5.59,5.67,5.31,5.14,5.5
64,3.35,3.45,3.51,3.53,3.49,3.4,3.1,2.87,1.21,2.0,2.07,1.34,2.63,3.23,3.36,3.56,2.77,2.89,3.87,5.23,6.11,6.21,6.38,6.74,7.54,7.9,8.53,8.94,9.3,9.28,8.96,10.44,11.74,10.98,9.79,8.71,7.91,7.47,7.44,7.61,7.63,6.54,7.55,8.31,8.04,7.45,6.8,6.31,5.78,5.44,5.09,4.64,4.35,4.19,4.7,5.32,5.94,7.22,6.85,6.34,6.16,6.28,6.63,7.02,7.37,6.57,7.18,7.54,6.73,6.02,5.55,5.13,4.52,4.11,3.99,3.91,3.91,3.99,4.61,5.24,5.07,7.68,8.13,8.2,8.09,7.99,8.06,8.02,7.44,4.72,4.32,4.18,3.7,3.2,2.87,2.64,2.45,2.3,2.3,2.39,2.46,2.56,2.65,3.58,3.86,5.71,7.03,7.32,7.23,7.29,7.51,7.72,7.58,5.67,5.65,6.38,6.49,6.39,6.15,5.83,5.33,5.04,4.99,5.08,5.14,5.19,5.64,5.94,6.63,9.66,9.39,9.14,8.92,8.47,7.74,6.93,6.11,4.0,4.7,5.59,5.67,5.31,5.14,5.5,5.25,5.07,5.42,5.7,5.17,4.19,4.41,5.77,7.47,7.67,7.03,6.49,6.14,6.0,6.01,5.9,4.88,3.24,3.53,3.63,3.84,4.16,4.58,5.03
65,7.54,7.9,8.53,8.94,9.3,9.28,8.96,10.44,11.74,10.98,9.79,8.71,7.91,7.47,7.44,7.61,7.63,6.54,7.55,8.31,8.04,7.45,6.8,6.31,5.78,5.44,5.09,4.64,4.35,4.19,4.7,5.32,5.94,7.22,6.85,6.34,6.16,6.28,6.63,7.02,7.37,6.57,7.18,7.54,6.73,6.02,5.55,5.13,4.52,4.11,3.99,3.91,3.91,3.99,4.61,5.24,5.07,7.68,8.13,8.2,8.09,7.99,8.06,8.02,7.44,4.72,4.32,4.18,3.7,3.2,2.87,2.64,2.45,2.3,2.3,2.39,2.46,2.56,2.65,3.58,3.86,5.71,7.03,7.32,7.23,7.29,7.51,7.72,7.58,5.67,5.65,6.38,6.49,6.39,6.15,5.83,5.33,5.04,4.99,5.08,5.14,5.19,5.64,5.94,6.63,9.66,9.39,9.14,8.92,8.47,7.74,6.93,6.11,4.0,4.7,5.59,5.67,5.31,5.14,5.5,5.25,5.07,5.42,5.7,5.17,4.19,4.41,5.77,7.47,7.67,7.03,6.49,6.14,6.0,6.01,5.9,4.88,3.24,3.53,3.63,3.84,4.16,4.58,5.03,5.05,4.64,4.37,4.09,3.79,3.55,3.56,4.44,3.19,2.74,1.54,1.36,1.86,2.09,1.93,1.46,0.81,0.51,1.18,2.05,2.66,3.09,3.27,3.2
66,5.78,5.44,5.09,4.64,4.35,4.19,4.7,5.32,5.94,7.22,6.85,6.34,6.16,6.28,6.63,7.02,7.37,6.57,7.18,7.54,6.73,6.02,5.55,5.13,4.52,4.11,3.99,3.91,3.91,3.99,4.61,5.24,5.07,7.68,8.13,8.2,8.09,7.99,8.06,8.02,7.44,4.72,4.32,4.18,3.7,3.2,2.87,2.64,2.45,2.3,2.3,2.39,2.46,2.56,2.65,3.58,3.86,5.71,7.03,7.32,7.23,7.29,7.51,7.72,7.58,5.67,5.65,6.38,6.49,6.39,6.15,5.83,5.33,5.04,4.99,5.08,5.14,5.19,5.64,5.94,6.63,9.66,9.39,9.14,8.92,8.47,7.74,6.93,6.11,4.0,4.7,5.59,5.67,5.31,5.14,5.5,5.25,5.07,5.42,5.7,5.17,4.19,4.41,5.77,7.47,7.67,7.03,6.49,6.14,6.0,6.01,5.9,4.88,3.24,3.53,3.63,3.84,4.16,4.58,5.03,5.05,4.64,4.37,4.09,3.79,3.55,3.56,4.44,3.19,2.74,1.54,1.36,1.86,2.09,1.93,1.46,0.81,0.51,1.18,2.05,2.66,3.09,3.27,3.2,3.14,3.09,3.0,3.0,3.04,3.13,3.08,3.39,3.38,3.45,3.53,3.97,4.43,4.61,4.5,4.24,2.91,2.49,2.23,1.66,1.06,0.75,1.03,1.4
67,4.52,4.11,3.99,3.91,3.91,3.99,4.61,5.24,5.07,7.68,8.13,8.2,8.09,7.99,8.06,8.02,7.44,4.72,4.32,4.18,3.7,3.2,2.87,2.64,2.45,2.3,2.3,2.39,2.46,2.56,2.65,3.58,3.86,5.71,7.03,7.32,7.23,7.29,7.51,7.72,7.58,5.67,5.65,6.38,6.49,6.39,6.15,5.83,5.33,5.04,4.99,5.08,5.14,5.19,5.64,5.94,6.63,9.66,9.39,9.14,8.92,8.47,7.74,6.93,6.11,4.0,4.7,5.59,5.67,5.31,5.14,5.5,5.25,5.07,5.42,5.7,5.17,4.19,4.41,5.77,7.47,7.67,7.03,6.49,6.14,6.0,6.01,5.9,4.88,3.24,3.53,3.63,3.84,4.16,4.58,5.03,5.05,4.64,4.37,4.09,3.79,3.55,3.56,4.44,3.19,2.74,1.54,1.36,1.86,2.09,1.93,1.46,0.81,0.51,1.18,2.05,2.66,3.09,3.27,3.2,3.14,3.09,3.0,3.0,3.04,3.13,3.08,3.39,3.38,3.45,3.53,3.97,4.43,4.61,4.5,4.24,2.91,2.49,2.23,1.66,1.06,0.75,1.03,1.4,1.65,1.77,1.81,1.82,1.97,2.32,2.64,2.92,3.93,3.68,3.02,3.06,3.34,3.78,4.22,4.4,3.03,3.08,3.64,4.03,4.32,4.42,4.07,3.49
68,2.45,2.3,2.3,2.39,2.46,2.56,2.65,3.58,3.86,5.71,7.03,7.32,7.23,7.29,7.51,7.72,7.58,5.67,5.65,6.38,6.49,6.39,6.15,5.83,5.33,5.04,4.99,5.08,5.14,5.19,5.64,5.94,6.63,9.66,9.39,9.14,8.92,8.47,7.74,6.93,6.11,4.0,4.7,5.59,5.67,5.31,5.14,5.5,5.25,5.07,5.42,5.7,5.17,4.19,4.41,5.77,7.47,7.67,7.03,6.49,6.14,6.0,6.01,5.9,4.88,3.24,3.53,3.63,3.84,4.16,4.58,5.03,5.05,4.64,4.37,4.09,3.79,3.55,3.56,4.44,3.19,2.74,1.54,1.36,1.86,2.09,1.93,1.46,0.81,0.51,1.18,2.05,2.66,3.09,3.27,3.2,3.14,3.09,3.0,3.0,3.04,3.13,3.08,3.39,3.38,3.45,3.53,3.97,4.43,4.61,4.5,4.24,2.91,2.49,2.23,1.66,1.06,0.75,1.03,1.4,1.65,1.77,1.81,1.82,1.97,2.32,2.64,2.92,3.93,3.68,3.02,3.06,3.34,3.78,4.22,4.4,3.03,3.08,3.64,4.03,4.32,4.42,4.07,3.49,2.96,2.42,1.82,1.29,0.85,0.66,1.48,2.86,3.57,4.64,5.99,7.71,8.42,8.38,7.98,7.22,5.19,3.16,2.95,2.34,1.63,1.2,1.24,1.33
69,5.33,5.04,4.99,5.08,5.14,5.19,5.64,5.94,6.63,9.66,9.39,9.14,8.92,8.47,7.74,6.93,6.11,4.0,4.7,5.59,5.67,5.31,5.14,5.5,5.25,5.07,5.42,5.7,5.17,4.19,4.41,5.77,7.47,7.67,7.03,6.49,6.14,6.0,6.01,5.9,4.88,3.24,3.53,3.63,3.84,4.16,4.58,5.03,5.05,4.64,4.37,4.09,3.79,3.55,3.56,4.44,3.19,2.74,1.54,1.36,1.86,2.09,1.93,1.46,0.81,0.51,1.18,2.05,2.66,3.09,3.27,3.2,3.14,3.09,3.0,3.0,3.04,3.13,3.08,3.39,3.38,3.45,3.53,3.97,4.43,4.61,4.5,4.24,2.91,2.49,2.23,1.66,1.06,0.75,1.03,1.4,1.65,1.77,1.81,1.82,1.97,2.32,2.64,2.92,3.93,3.68,3.02,3.06,3.34,3.78,4.22,4.4,3.03,3.08,3.64,4.03,4.32,4.42,4.07,3.49,2.96,2.42,1.82,1.29,0.85,0.66,1.48,2.86,3.57,4.64,5.99,7.71,8.42,8.38,7.98,7.22,5.19,3.16,2.95,2.34,1.63,1.2,1.24,1.33,1.23,0.95,0.61,0.66,1.01,1.39,1.68,1.96,2.19,1.15,1.13,2.31,2.69,2.61,2.31,2.1,1.6,1.31,0.92,0.53,1.3,2.31,3.11,3.53
70,5.25,5.07,5.42,5.7,5.17,4.19,4.41,5.77,7.47,7.67,7.03,6.49,6.14,6.0,6.01,5.9,4.88,3.24,3.53,3.63,3.84,4.16,4.58,5.03,5.05,4.64,4.37,4.09,3.79,3.55,3.56,4.44,3.19,2.74,1.54,1.36,1.86,2.09,1.93,1.46,0.81,0.51,1.18,2.05,2.66,3.09,3.27,3.2,3.14,3.09,3.0,3.0,3.04,3.13,3.08,3.39,3.38,3.45,3.53,3.97,4.43,4.61,4.5,4.24,2.91,2.49,2.23,1.66,1.06,0.75,1.03,1.4,1.65,1.77,1.81,1.82,1.97,2.32,2.64,2.92,3.93,3.68,3.02,3.06,3.34,3.78,4.22,4.4,3.03,3.08,3.64,4.03,4.32,4.42,4.07,3.49,2.96,2.42,1.82,1.29,0.85,0.66,1.48,2.86,3.57,4.64,5.99,7.71,8.42,8.38,7.98,7.22,5.19,3.16,2.95,2.34,1.63,1.2,1.24,1.33,1.23,0.95,0.61,0.66,1.01,1.39,1.68,1.96,2.19,1.15,1.13,2.31,2.69,2.61,2.31,2.1,1.6,1.31,0.92,0.53,1.3,2.31,3.11,3.53,3.73,3.97,4.4,5.16,5.74,5.89,6.31,6.73,6.05,5.99,5.68,5.07,4.81,4.82,4.81,4.61,3.7,2.82,2.82,2.29,1.53,1.15,1.83,3.02
71,5.05,4.64,4.37,4.09,3.79,3.55,3.56,4.44,3.19,2.74,1.54,1.36,1.86,2.09,1.93,1.46,0.81,0.51,1.18,2.05,2.66,3.09,3.27,3.2,3.14,3.09,3.0,3.0,3.04,3.13,3.08,3.39,3.38,3.45,3.53,3.97,4.43,4.61,4.5,4.24,2.91,2.49,2.23,1.66,1.06,0.75,1.03,1.4,1.65,1.77,1.81,1.82,1.97,2.32,2.64,2.92,3.93,3.68,3.02,3.06,3.34,3.78,4.22,4.4,3.03,3.08,3.64,4.03,4.32,4.42,4.07,3.49,2.96,2.42,1.82,1.29,0.85,0.66,1.48,2.86,3.57,4.64,5.99,7.71,8.42,8.38,7.98,7.22,5.19,3.16,2.95,2.34,1.63,1.2,1.24,1.33,1.23,0.95,0.61,0.66,1.01,1.39,1.68,1.96,2.19,1.15,1.13,2.31,2.69,2.61,2.31,2.1,1.6,1.31,0.92,0.53,1.3,2.31,3.11,3.53,3.73,3.97,4.4,5.16,5.74,5.89,6.31,6.73,6.05,5.99,5.68,5.07,4.81,4.82,4.81,4.61,3.7,2.82,2.82,2.29,1.53,1.15,1.83,3.02,3.88,4.42,4.96,5.08,5.04,5.04,5.5,5.95,5.79,5.88,5.43,5.72,6.46,7.01,7.37,7.52,7.06,4.39,4.11,4.16,4.27,4.5,4.78,4.98
72,3.14,3.09,3.0,3.0,3.04,3.13,3.08,3.39,3.38,3.45,3.53,3.97,4.43,4.61,4.5,4.24,2.91,2.49,2.23,1.66,1.06,0.75,1.03,1.4,1.65,1.77,1.81,1.82,1.97,2.32,2.64,2.92,3.93,3.68,3.02,3.06,3.34,3.78,4.22,4.4,3.03,3.08,3.64,4.03,4.32,4.42,4.07,3.49,2.96,2.42,1.82,1.29,0.85,0.66,1.48,2.86,3.57,4.64,5.99,7.71,8.42,8.38,7.98,7.22,5.19,3.16,2.95,2.34,1.63,1.2,1.24,1.33,1.23,0.95,0.61,0.66,1.01,1.39,1.68,1.96,2.19,1.15,1.13,2.31,2.69,2.61,2.31,2.1,1.6,1.31,0.92,0.53,1.3,2.31,3.11,3.53,3.73,3.97,4.4,5.16,5.74,5.89,6.31,6.73,6.05,5.99,5.68,5.07,4.81,4.82,4.81,4.61,3.7,2.82,2.82,2.29,1.53,1.15,1.83,3.02,3.88,4.42,4.96,5.08,5.04,5.04,5.5,5.95,5.79,5.88,5.43,5.72,6.46,7.01,7.37,7.52,7.06,4.39,4.11,4.16,4.27,4.5,4.78,4.98,5.05,4.91,4.33,3.58,3.15,2.95,3.46,4.7,6.75,7.99,8.37,8.48,8.39,8.17,7.9,7.52,6.88,4.36,3.33,3.16,3.0,2.91,2.91,2.96
73,1.65,1.77,1.81,1.82,1.97,2.32,2.64,2.92,3.93,3.68,3.02,3.06,3.34,3.78,4.22,4.4,3.03,3.08,3.64,4.03,4.32,4.42,4.07,3.49,2.96,2.42,1.82,1.29,0.85,0.66,1.48,2.86,3.57,4.64,5.99,7.71,8.42,8.38,7.98,7.22,5.19,3.16,2.95,2.34,1.63,1.2,1.24,1.33,1.23,0.95,0.61,0.66,1.01,1.39,1.68,1.96,2.19,1.15,1.13,2.31,2.69,2.61,2.31,2.1,1.6,1.31,0.92,0.53,1.3,2.31,3.11,3.53,3.73,3.97,4.4,5.16,5.74,5.89,6.31,6.73,6.05,5.99,5.68,5.07,4.81,4.82,4.81,4.61,3.7,2.82,2.82,2.29,1.53,1.15,1.83,3.02,3.88,4.42,4.96,5.08,5.04,5.04,5.5,5.95,5.79,5.88,5.43,5.72,6.46,7.01,7.37,7.52,7.06,4.39,4.11,4.16,4.27,4.5,4.78,4.98,5.05,4.91,4.33,3.58,3.15,2.95,3.46,4.7,6.75,7.99,8.37,8.48,8.39,8.17,7.9,7.52,6.88,4.36,3.33,3.16,3.0,2.91,2.91,2.96,3.03,3.08,3.08,2.99,2.8,2.48,1.91,1.56,0.87,1.2,2.18,2.6,2.79,2.85,2.86,2.87,2.73,1.91,1.96,1.87,1.8,1.73,1.77,2.02
74,2.96,2.42,1.82,1.29,0.85,0.66,1.48,2.86,3.57,4.64,5.99,7.71,8.42,8.38,7.98,7.22,5.19,3.16,2.95,2.34,1.63,1.2,1.24,1.33,1.23,0.95,0.61,0.66,1.01,1.39,1.68,1.96,2.19,1.15,1.13,2.31,2.69,2.61,2.31,2.1,1.6,1.31,0.92,0.53,1.3,2.31,3.11,3.53,3.73,3.97,4.4,5.16,5.74,5.89,6.31,6.73,6.05,5.99,5.68,5.07,4.81,4.82,4.81,4.61,3.7,2.82,2.82,2.29,1.53,1.15,1.83,3.02,3.88,4.42,4.96,5.08,5.04,5.04,5.5,5.95,5.79,5.88,5.43,5.72,6.46,7.01,7.37,7.52,7.06,4.39,4.11,4.16,4.27,4.5,4.78,4.98,5.05,4.91,4.33,3.58,3.15,2.95,3.46,4.7,6.75,7.99,8.37,8.48,8.39,8.17,7.9,7.52,6.88,4.36,3.33,3.16,3.0,2.91,2.91,2.96,3.03,3.08,3.08,2.99,2.8,2.48,1.91,1.56,0.87,1.2,2.18,2.6,2.79,2.85,2.86,2.87,2.73,1.91,1.96,1.87,1.8,1.73,1.77,2.02,2.36,2.72,3.06,3.34,3.52,3.63,3.99,5.93,6.14,7.34,8.27,8.47,8.23,7.82,7.41,7.04,6.34,3.79,3.95,4.08,4.25,4.4,4.47,4.46
75,1.23,0.95,0.61,0.66,1.01,1.39,1.68,1.96,2.19,1.15,1.13,2.31,2.69,2.61,2.31,2.1,1.6,1.31,0.92,0.53,1.3,2.31,3.11,3.53,3.73,3.97,4.4,5.16,5.74,5.89,6.31,6.73,6.05,5.99,5.68,5.07,4.81,4.82,4.81,4.61,3.7,2.82,2.82,2.29,1.53,1.15,1.83,3.02,3.88,4.42,4.96,5.08,5.04,5.04,5.5,5.95,5.79,5.88,5.43,5.72,6.46,7.01,7.37,7.52,7.06,4.39,4.11,4.16,4.27,4.5,4.78,4.98,5.05,4.91,4.33,3.58,3.15,2.95,3.46,4.7,6.75,7.99,8.37,8.48,8.39,8.17,7.9,7.52,6.88,4.36,3.33,3.16,3.0,2.91,2.91,2.96,3.03,3.08,3.08,2.99,2.8,2.48,1.91,1.56,0.87,1.2,2.18,2.6,2.79,2.85,2.86,2.87,2.73,1.91,1.96,1.87,1.8,1.73,1.77,2.02,2.36,2.72,3.06,3.34,3.52,3.63,3.99,5.93,6.14,7.34,8.27,8.47,8.23,7.82,7.41,7.04,6.34,3.79,3.95,4.08,4.25,4.4,4.47,4.46,4.38,4.15,3.87,3.56,3.24,2.93,2.59,3.62,3.56,4.44,5.97,6.86,7.52,7.99,8.27,8.38,7.97,5.05,4.14,4.1,4.23,4.47,4.95,5.66
76,3.73,3.97,4.4,5.16,5.74,5.89,6.31,6.73,6.05,5.99,5.68,5.07,4.81,4.82,4.81,4.61,3.7,2.82,2.82,2.29,1.53,1.15,1.83,3.02,3.88,4.42,4.96,5.08,5.04,5.04,5.5,5.95,5.79,5.88,5.43,5.72,6.46,7.01,7.37,7.52,7.06,4.39,4.11,4.16,4.27,4.5,4.78,4.98,5.05,4.91,4.33,3.58,3.15,2.95,3.46,4.7,6.75,7.99,8.37,8.48,8.39,8.17,7.9,7.52,6.88,4.36,3.33,3.16,3.0,2.91,2.91,2.96,3.03,3.08,3.08,2.99,2.8,2.48,1.91,1.56,0.87,1.2,2.18,2.6,2.79,2.85,2.86,2.87,2.73,1.91,1.96,1.87,1.8,1.73,1.77,2.02,2.36,2.72,3.06,3.34,3.52,3.63,3.99,5.93,6.14,7.34,8.27,8.47,8.23,7.82,7.41,7.04,6.34,3.79,3.95,4.08,4.25,4.4,4.47,4.46,4.38,4.15,3.87,3.56,3.24,2.93,2.59,3.62,3.56,4.44,5.97,6.86,7.52,7.99,8.27,8.38,7.97,5.05,4.14,4.1,4.23,4.47,4.95,5.66,5.66,5.04,4.53,4.28,4.26,4.39,5.43,6.25,7.85,9.4,9.69,9.69,9.69,9.77,9.81,9.68,9.24,7.65,5.74,5.0,4.4,4.03,3.66,3.39
77,3.88,4.42,4.96,5.08,5.04,5.04,5.5,5.95,5.79,5.88,5.43,5.72,6.46,7.01,7.37,7.52,7.06,4.39,4.11,4.16,4.27,4.5,4.78,4.98,5.05,4.91,4.33,3.58,3.15,2.95,3.46,4.7,6.75,7.99,8.37,8.48,8.39,8.17,7.9,7.52,6.88,4.36,3.33,3.16,3.0,2.91,2.91,2.96,3.03,3.08,3.08,2.99,2.8,2.48,1.91,1.56,0.87,1.2,2.18,2.6,2.79,2.85,2.86,2.87,2.73,1.91,1.96,1.87,1.8,1.73,1.77,2.02,2.36,2.72,3.06,3.34,3.52,3.63,3.99,5.93,6.14,7.34,8.27,8.47,8.23,7.82,7.41,7.04,6.34,3.79,3.95,4.08,4.25,4.4,4.47,4.46,4.38,4.15,3.87,3.56,3.24,2.93,2.59,3.62,3.56,4.44,5.97,6.86,7.52,7.99,8.27,8.38,7.97,5.05,4.14,4.1,4.23,4.47,4.95,5.66,5.66,5.04,4.53,4.28,4.26,4.39,5.43,6.25,7.85,9.4,9.69,9.69,9.69,9.77,9.81,9.68,9.24,7.65,5.74,5.0,4.4,4.03,3.66,3.39,3.21,3.15,3.21,3.39,3.6,3.44,3.79,4.14,5.41,5.68,6.02,6.45,6.79,6.92,6.76,6.54,6.22,4.25,3.53,3.64,3.7,3.76,3.82,3.93
78,5.05,4.91,4.33,3.58,3.15,2.95,3.46,4.7,6.75,7.99,8.37,8.48,8.39,8.17,7.9,7.52,6.88,4.36,3.33,3.16,3.0,2.91,2.91,2.96,3.03,3.08,3.08,2.99,2.8,2.48,1.91,1.56,0.87,1.2,2.18,2.6,2.79,2.85,2.86,2.87,2.73,1.91,1.96,1.87,1.8,1.73,1.77,2.02,2.36,2.72,3.06,3.34,3.52,3.63,3.99,5.93,6.14,7.34,8.27,8.47,8.23,7.82,7.41,7.04,6.34,3.79,3.95,4.08,4.25,4.4,4.47,4.46,4.38,4.15,3.87,3.56,3.24,2.93,2.59,3.62,3.56,4.44,5.97,6.86,7.52,7.99,8.27,8.38,7.97,5.05,4.14,4.1,4.23,4.47,4.95,5.66,5.66,5.04,4.53,4.28,4.26,4.39,5.43,6.25,7.85,9.4,9.69,9.69,9.69,9.77,9.81,9.68,9.24,7.65,5.74,5.0,4.4,4.03,3.66,3.39,3.21,3.15,3.21,3.39,3.6,3.44,3.79,4.14,5.41,5.68,6.02,6.45,6.79,6.92,6.76,6.54,6.22,4.25,3.53,3.64,3.7,3.76,3.82,3.93,4.19,4.58,4.9,4.93,4.65,4.19,4.65,4.74,4.95,3.56,1.96,0.98,1.0,1.32,1.55,1.68,1.7,1.39,1.75,1.95,2.01,1.93,1.89,2.1
79,3.03,3.08,3.08,2.99,2.8,2.48,1.91,1.56,0.87,1.2,2.18,2.6,2.79,2.85,2.86,2.87,2.73,1.91,1.96,1.87,1.8,1.73,1.77,2.02,2.36,2.72,3.06,3.34,3.52,3.63,3.99,5.93,6.14,7.34,8.27,8.47,8.23,7.82,7.41,7.04,6.34,3.79,3.95,4.08,4.25,4.4,4.47,4.46,4.38,4.15,3.87,3.56,3.24,2.93,2.59,3.62,3.56,4.44,5.97,6.86,7.52,7.99,8.27,8.38,7.97,5.05,4.14,4.1,4.23,4.47,4.95,5.66,5.66,5.04,4.53,4.28,4.26,4.39,5.43,6.25,7.85,9.4,9.69,9.69,9.69,9.77,9.81,9.68,9.24,7.65,5.74,5.0,4.4,4.03,3.66,3.39,3.21,3.15,3.21,3.39,3.6,3.44,3.79,4.14,5.41,5.68,6.02,6.45,6.79,6.92,6.76,6.54,6.22,4.25,3.53,3.64,3.7,3.76,3.82,3.93,4.19,4.58,4.9,4.93,4.65,4.19,4.65,4.74,4.95,3.56,1.96,0.98,1.0,1.32,1.55,1.68,1.7,1.39,1.75,1.95,2.01,1.93,1.89,2.1,2.48,2.89,3.24,3.49,3.7,3.96,4.78,6.62,6.64,7.47,7.87,8.44,9.0,9.38,9.47,9.58,10.52,9.59,8.45,7.94,6.59,5.1,4.22,3.71
80,2.36,2.72,3.06,3.34,3.52,3.63,3.99,5.93,6.14,7.34,8.27,8.47,8.23,7.82,7.41,7.04,6.34,3.79,3.95,4.08,4.25,4.4,4.47,4.46,4.38,4.15,3.87,3.56,3.24,2.93,2.59,3.62,3.56,4.44,5.97,6.86,7.52,7.99,8.27,8.38,7.97,5.05,4.14,4.1,4.23,4.47,4.95,5.66,5.66,5.04,4.53,4.28,4.26,4.39,5.43,6.25,7.85,9.4,9.69,9.69,9.69,9.77,9.81,9.68,9.24,7.65,5.74,5.0,4.4,4.03,3.66,3.39,3.21,3.15,3.21,3.39,3.6,3.44,3.79,4.14,5.41,5.68,6.02,6.45,6.79,6.92,6.76,6.54,6.22,4.25,3.53,3.64,3.7,3.76,3.82,3.93,4.19,4.58,4.9,4.93,4.65,4.19,4.65,4.74,4.95,3.56,1.96,0.98,1.0,1.32,1.55,1.68,1.7,1.39,1.75,1.95,2.01,1.93,1.89,2.1,2.48,2.89,3.24,3.49,3.7,3.96,4.78,6.62,6.64,7.47,7.87,8.44,9.0,9.38,9.47,9.58,10.52,9.59,8.45,7.94,6.59,5.1,4.22,3.71,3.37,3.0,2.82,2.72,2.55,2.24,1.75,1.97,2.58,4.84,5.58,6.27,6.74,7.03,7.17,7.28,7.05,4.52,3.55,3.46,3.44,3.64,4.16,5.22
81,4.38,4.15,3.87,3.56,3.24,2.93,2.59,3.62,3.56,4.44,5.97,6.86,7.52,7.99,8.27,8.38,7.97,5.05,4.14,4.1,4.23,4.47,4.95,5.66,5.66,5.04,4.53,4.28,4.26,4.39,5.43,6.25,7.85,9.4,9.69,9.69,9.69,9.77,9.81,9.68,9.24,7.65,5.74,5.0,4.4,4.03,3.66,3.39,3.21,3.15,3.21,3.39,3.6,3.44,3.79,4.14,5.41,5.68,6.02,6.45,6.79,6.92,6.76,6.54,6.22,4.25,3.53,3.64,3.7,3.76,3.82,3.93,4.19,4.58,4.9,4.93,4.65,4.19,4.65,4.74,4.95,3.56,1.96,0.98,1.0,1.32,1.55,1.68,1.7,1.39,1.75,1.95,2.01,1.93,1.89,2.1,2.48,2.89,3.24,3.49,3.7,3.96,4.78,6.62,6.64,7.47,7.87,8.44,9.0,9.38,9.47,9.58,10.52,9.59,8.45,7.94,6.59,5.1,4.22,3.71,3.37,3.0,2.82,2.72,2.55,2.24,1.75,1.97,2.58,4.84,5.58,6.27,6.74,7.03,7.17,7.28,7.05,4.52,3.55,3.46,3.44,3.64,4.16,5.22,5.8,5.75,5.31,4.75,4.15,3.53,4.21,4.34,3.91,3.71,3.54,3.56,3.63,3.77,4.05,4.36,4.57,3.66,3.54,4.6,5.36,5.45,5.28,5.03
82,5.66,5.04,4.53,4.28,4.26,4.39,5.43,6.25,7.85,9.4,9.69,9.69,9.69,9.77,9.81,9.68,9.24,7.65,5.74,5.0,4.4,4.03,3.66,3.39,3.21,3.15,3.21,3.39,3.6,3.44,3.79,4.14,5.41,5.68,6.02,6.45,6.79,6.92,6.76,6.54,6.22,4.25,3.53,3.64,3.7,3.76,3.82,3.93,4.19,4.58,4.9,4.93,4.65,4.19,4.65,4.74,4.95,3.56,1.96,0.98,1.0,1.32,1.55,1.68,1.7,1.39,1.75,1.95,2.01,1.93,1.89,2.1,2.48,2.89,3.24,3.49,3.7,3.96,4.78,6.62,6.64,7.47,7.87,8.44,9.0,9.38,9.47,9.58,10.52,9.59,8.45,7.94,6.59,5.1,4.22,3.71,3.37,3.0,2.82,2.72,2.55,2.24,1.75,1.97,2.58,4.84,5.58,6.27,6.74,7.03,7.17,7.28,7.05,4.52,3.55,3.46,3.44,3.64,4.16,5.22,5.8,5.75,5.31,4.75,4.15,3.53,4.21,4.34,3.91,3.71,3.54,3.56,3.63,3.77,4.05,4.36,4.57,3.66,3.54,4.6,5.36,5.45,5.28,5.03,4.67,4.39,4.25,4.25,4.27,4.31,5.38,5.32,5.3,4.16,3.08,2.09,1.25,0.96,1.09,1.24,1.33,1.03,1.19,1.07,1.06,1.37,2.01,2.52
83,3.21,3.15,3.21,3.39,3.6,3.44,3.79,4.14,5.41,5.68,6.02,6.45,6.79,6.92,6.76,6.54,6.22,4.25,3.53,3.64,3.7,3.76,3.82,3.93,4.19,4.58,4.9,4.93,4.65,4.19,4.65,4.74,4.95,3.56,1.96,0.98,1.0,1.32,1.55,1.68,1.7,1.39,1.75,1.95,2.01,1.93,1.89,2.1,2.48,2.89,3.24,3.49,3.7,3.96,4.78,6.62,6.64,7.47,7.87,8.44,9.0,9.38,9.47,9.58,10.52,9.59,8.45,7.94,6.59,5.1,4.22,3.71,3.37,3.0,2.82,2.72,2.55,2.24,1.75,1.97,2.58,4.84,5.58,6.27,6.74,7.03,7.17,7.28,7.05,4.52,3.55,3.46,3.44,3.64,4.16,5.22,5.8,5.75,5.31,4.75,4.15,3.53,4.21,4.34,3.91,3.71,3.54,3.56,3.63,3.77,4.05,4.36,4.57,3.66,3.54,4.6,5.36,5.45,5.28,5.03,4.67,4.39,4.25,4.25,4.27,4.31,5.38,5.32,5.3,4.16,3.08,2.09,1.25,0.96,1.09,1.24,1.33,1.03,1.19,1.07,1.06,1.37,2.01,2.52,3.04,3.46,3.82,3.98,4.12,4.29,5.15,5.97,6.07,7.28,7.57,7.65,7.62,7.78,7.95,7.98,7.73,5.04,3.9,3.88,3.81,3.72,3.61,3.49
84,4.19,4.58,4.9,4.93,4.65,4.19,4.65,4.74,4.95,3.56,1.96,0.98,1.0,1.32,1.55,1.68,1.7,1.39,1.75,1.95,2.01,1.93,1.89,2.1,2.48,2.89,3.24,3.49,3.7,3.96,4.78,6.62,6.64,7.47,7.87,8.44,9.0,9.38,9.47,9.58,10.52,9.59,8.45,7.94,6.59,5.1,4.22,3.71,3.37,3.0,2.82,2.72,2.55,2.24,1.75,1.97,2.58,4.84,5.58,6.27,6.74,7.03,7.17,7.28,7.05,4.52,3.55,3.46,3.44,3.64,4.16,5.22,5.8,5.75,5.31,4.75,4.15,3.53,4.21,4.34,3.91,3.71,3.54,3.56,3.63,3.77,4.05,4.36,4.57,3.66,3.54,4.6,5.36,5.45,5.28,5.03,4.67,4.39,4.25,4.25,4.27,4.31,5.38,5.32,5.3,4.16,3.08,2.09,1.25,0.96,1.09,1.24,1.33,1.03,1.19,1.07,1.06,1.37,2.01,2.52,3.04,3.46,3.82,3.98,4.12,4.29,5.15,5.97,6.07,7.28,7.57,7.65,7.62,7.78,7.95,7.98,7.73,5.04,3.9,3.88,3.81,3.72,3.61,3.49,3.44,3.42,3.4,3.14,2.83,2.66,2.43,3.4,3.5,5.5,6.17,6.72,7.45,7.9,8.18,8.3,8.0,5.47,4.21,4.17,4.04,4.01,4.08,4.09
85,2.48,2.89,3.24,3.49,3.7,3.96,4.78,6.62,6.64,7.47,7.87,8.44,9.0,9.38,9.47,9.58,10.52,9.59,8.45,7.94,6.59,5.1,4.22,3.71,3.37,3.0,2.82,2.72,2.55,2.24,1.75,1.97,2.58,4.84,5.58,6.27,6.74,7.03,7.17,7.28,7.05,4.52,3.55,3.46,3.44,3.64,4.16,5.22,5.8,5.75,5.31,4.75,4.15,3.53,4.21,4.34,3.91,3.71,3.54,3.56,3.63,3.77,4.05,4.36,4.57,3.66,3.54,4.6,5.36,5.45,5.28,5.03,4.67,4.39,4.25,4.25,4.27,4.31,5.38,5.32,5.3,4.16,3.08,2.09,1.25,0.96,1.09,1.24,1.33,1.03,1.19,1.07,1.06,1.37,2.01,2.52,3.04,3.46,3.82,3.98,4.12,4.29,5.15,5.97,6.07,7.28,7.57,7.65,7.62,7.78,7.95,7.98,7.73,5.04,3.9,3.88,3.81,3.72,3.61,3.49,3.44,3.42,3.4,3.14,2.83,2.66,2.43,3.4,3.5,5.5,6.17,6.72,7.45,7.9,8.18,8.3,8.0,5.47,4.21,4.17,4.04,4.01,4.08,4.09,3.97,3.85,3.74,3.72,3.67,3.61,4.06,5.11,5.11,7.33,10.05,10.75,11.18,11.32,11.26,10.89,9.86,6.56,4.54,4.36,4.19,3.99,3.79,3.57
86,3.37,3.0,2.82,2.72,2.55,2.24,1.75,1.97,2.58,4.84,5.58,6.27,6.74,7.03,7.17,7.28,7.05,4.52,3.55,3.46,3.44,3.64,4.16,5.22,5.8,5.75,5.31,4.75,4.15,3.53,4.21,4.34,3.91,3.71,3.54,3.56,3.63,3.77,4.05,4.36,4.57,3.66,3.54,4.6,5.36,5.45,5.28,5.03,4.67,4.39,4.25,4.25,4.27,4.31,5.38,5.32,5.3,4.16,3.08,2.09,1.25,0.96,1.09,1.24,1.33,1.03,1.19,1.07,1.06,1.37,2.01,2.52,3.04,3.46,3.82,3.98,4.12,4.29,5.15,5.97,6.07,7.28,7.57,7.65,7.62,7.78,7.95,7.98,7.73,5.04,3.9,3.88,3.81,3.72,3.61,3.49,3.44,3.42,3.4,3.14,2.83,2.66,2.43,3.4,3.5,5.5,6.17,6.72,7.45,7.9,8.18,8.3,8.0,5.47,4.21,4.17,4.04,4.01,4.08,4.09,3.97,3.85,3.74,3.72,3.67,3.61,4.06,5.11,5.11,7.33,10.05,10.75,11.18,11.32,11.26,10.89,9.86,6.56,4.54,4.36,4.19,3.99,3.79,3.57,3.3,3.08,3.09,3.92,5.95,6.49,7.51,9.16,10.69,9.15,7.64,6.82,6.42,6.22,6.22,6.46,6.79,6.53,6.46,7.15,7.21,7.33,7.32,7.2
87,5.8,5.75,5.31,4.75,4.15,3.53,4.21,4.34,3.91,3.71,3.54,3.56,3.63,3.77,4.05,4.36,4.57,3.66,3.54,4.6,5.36,5.45,5.28,5.03,4.67,4.39,4.25,4.25,4.27,4.31,5.38,5.32,5.3,4.16,3.08,2.09,1.25,0.96,1.09,1.24,1.33,1.03,1.19,1.07,1.06,1.37,2.01,2.52,3.04,3.46,3.82,3.98,4.12,4.29,5.15,5.97,6.07,7.28,7.57,7.65,7.62,7.78,7.95,7.98,7.73,5.04,3.9,3.88,3.81,3.72,3.61,3.49,3.44,3.42,3.4,3.14,2.83,2.66,2.43,3.4,3.5,5.5,6.17,6.72,7.45,7.9,8.18,8.3,8.0,5.47,4.21,4.17,4.04,4.01,4.08,4.09,3.97,3.85,3.74,3.72,3.67,3.61,4.06,5.11,5.11,7.33,10.05,10.75,11.18,11.32,11.26,10.89,9.86,6.56,4.54,4.36,4.19,3.99,3.79,3.57,3.3,3.08,3.09,3.92,5.95,6.49,7.51,9.16,10.69,9.15,7.64,6.82,6.42,6.22,6.22,6.46,6.79,6.53,6.46,7.15,7.21,7.33,7.32,7.2,7.13,6.56,6.47,6.09,5.76,5.77,6.5,8.0,9.42,8.06,6.53,5.18,3.76,3.07,2.77,3.05,3.63,3.32,4.55,6.27,6.84,6.91,6.84,6.57
88,4.67,4.39,4.25,4.25,4.27,4.31,5.38,5.32,5.3,4.16,3.08,2.09,1.25,0.96,1.09,1.24,1.33,1.03,1.19,1.07,1.06,1.37,2.01,2.52,3.04,3.46,3.82,3.98,4.12,4.29,5.15,5.97,6.07,7.28,7.57,7.65,7.62,7.78,7.95,7.98,7.73,5.04,3.9,3.88,3.81,3.72,3.61,3.49,3.44,3.42,3.4,3.14,2.83,2.66,2.43,3.4,3.5,5.5,6.17,6.72,7.45,7.9,8.18,8.3,8.0,5.47,4.21,4.17,4.04,4.01,4.08,4.09,3.97,3.85,3.74,3.72,3.67,3.61,4.06,5.11,5.11,7.33,10.05,10.75,11.18,11.32,11.26,10.89,9.86,6.56,4.54,4.36,4.19,3.99,3.79,3.57,3.3,3.08,3.09,3.92,5.95,6.49,7.51,9.16,10.69,9.15,7.64,6.82,6.42,6.22,6.22,6.46,6.79,6.53,6.46,7.15,7.21,7.33,7.32,7.2,7.13,6.56,6.47,6.09,5.76,5.77,6.5,8.0,9.42,8.06,6.53,5.18,3.76,3.07,2.77,3.05,3.63,3.32,4.55,6.27,6.84,6.91,6.84,6.57,6.28,6.07,5.96,5.77,5.75,5.8,6.56,6.62,6.79,6.61,5.55,4.29,3.5,3.41,3.88,4.52,4.94,3.81,3.92,4.63,5.1,5.18,5.1,4.96
89,3.04,3.46,3.82,3.98,4.12,4.29,5.15,5.97,6.07,7.28,7.57,7.65,7.62,7.78,7.95,7.98,7.73,5.04,3.9,3.88,3.81,3.72,3.61,3.49,3.44,3.42,3.4,3.14,2.83,2.66,2.43,3.4,3.5,5.5,6.17,6.72,7.45,7.9,8.18,8.3,8.0,5.47,4.21,4.17,4.04,4.01,4.08,4.09,3.97,3.85,3.74,3.72,3.67,3.61,4.06,5.11,5.11,7.33,10.05,10.75,11.18,11.32,11.26,10.89,9.86,6.56,4.54,4.36,4.19,3.99,3.79,3.57,3.3,3.08,3.09,3.92,5.95,6.49,7.51,9.16,10.69,9.15,7.64,6.82,6.42,6.22,6.22,6.46,6.79,6.53,6.46,7.15,7.21,7.33,7.32,7.2,7.13,6.56,6.47,6.09,5.76,5.77,6.5,8.0,9.42,8.06,6.53,5.18,3.76,3.07,2.77,3.05,3.63,3.32,4.55,6.27,6.84,6.91,6.84,6.57,6.28,6.07,5.96,5.77,5.75,5.8,6.56,6.62,6.79,6.61,5.55,4.29,3.5,3.41,3.88,4.52,4.94,3.81,3.92,4.63,5.1,5.18,5.1,4.96,4.71,4.46,4.48,4.66,4.62,4.48,5.42,5.23,5.42,5.86,5.74,5.78,5.67,5.34,4.96,4.54,3.95,2.35,2.35,2.62,3.12,3.52,4.03,4.86
90,3.44,3.42,3.4,3.14,2.83,2.66,2.43,3.4,3.5,5.5,6.17,6.72,7.45,7.9,8.18,8.3,8.0,5.47,4.21,4.17,4.04,4.01,4.08,4.09,3.97,3.85,3.74,3.72,3.67,3.61,4.06,5.11,5.11,7.33,10.05,10.75,11.18,11.32,11.26,10.89,9.86,6.56,4.54,4.36,4.19,3.99,3.79,3.57,3.3,3.08,3.09,3.92,5.95,6.49,7.51,9.16,10.69,9.15,7.64,6.82,6.42,6.22,6.22,6.46,6.79,6.53,6.46,7.15,7.21,7.33,7.32,7.2,7.13,6.56,6.47,6.09,5.76,5.77,6.5,8.0,9.42,8.06,6.53,5.18,3.76,3.07,2.77,3.05,3.63,3.32,4.55,6.27,6.84,6.91,6.84,6.57,6.28,6.07,5.96,5.77,5.75,5.8,6.56,6.62,6.79,6.61,5.55,4.29,3.5,3.41,3.88,4.52,4.94,3.81,3.92,4.63,5.1,5.18,5.1,4.96,4.71,4.46,4.48,4.66,4.62,4.48,5.42,5.23,5.42,5.86,5.74,5.78,5.67,5.34,4.96,4.54,3.95,2.35,2.35,2.62,3.12,3.52,4.03,4.86,5.34,5.18,4.65,4.46,4.19,4.0,4.97,5.21,5.62,6.87,6.58,6.32,6.26,6.26,6.4,6.46,6.4,4.42,4.23,4.95,5.68,5.92,5.6,5.36
91,3.97,3.85,3.74,3.72,3.67,3.61,4.06,5.11,5.11,7.33,10.05,10.75,11.18,11.32,11.26,10.89,9.86,6.56,4.54,4.36,4.19,3.99,3.79,3.57,3.3,3.08,3.09,3.92,5.95,6.49,7.51,9.16,10.69,9.15,7.64,6.82,6.42,6.22,6.22,6.46,6.79,6.53,6.46,7.15,7.21,7.33,7.32,7.2,7.13,6.56,6.47,6.09,5.76,5.77,6.5,8.0,9.42,8.06,6.53,5.18,3.76,3.07,2.77,3.05,3.63,3.32,4.55,6.27,6.84,6.91,6.84,6.57,6.28,6.07,5.96,5.77,5.75,5.8,6.56,6.62,6.79,6.61,5.55,4.29,3.5,3.41,3.88,4.52,4.94,3.81,3.92,4.63,5.1,5.18,5.1,4.96,4.71,4.46,4.48,4.66,4.62,4.48,5.42,5.23,5.42,5.86,5.74,5.78,5.67,5.34,4.96,4.54,3.95,2.35,2.35,2.62,3.12,3.52,4.03,4.86,5.34,5.18,4.65,4.46,4.19,4.0,4.97,5.21,5.62,6.87,6.58,6.32,6.26,6.26,6.4,6.46,6.4,4.42,4.23,4.95,5.68,5.92,5.6,5.36,5.42,5.39,5.23,4.78,4.56,4.57,5.57,5.39,6.08,6.52,6.25,6.07,5.81,5.52,5.27,5.05,4.87,3.15,3.46,3.97,4.47,4.59,4.49,4.19
92,3.3,3.08,3.09,3.92,5.95,6.49,7.51,9.16,10.69,9.15,7.64,6.82,6.42,6.22,6.22,6.46,6.79,6.53,6.46,7.15,7.21,7.33,7.32,7.2,7.13,6.56,6.47,6.09,5.76,5.77,6.5,8.0,9.42,8.06,6.53,5.18,3.76,3.07,2.77,3.05,3.63,3.32,4.55,6.27,6.84,6.91,6.84,6.57,6.28,6.07,5.96,5.77,5.75,5.8,6.56,6.62,6.79,6.61,5.55,4.29,3.5,3.41,3.88,4.52,4.94,3.81,3.92,4.63,5.1,5.18,5.1,4.96,4.71,4.46,4.48,4.66,4.62,4.48,5.42,5.23,5.42,5.86,5.74,5.78,5.67,5.34,4.96,4.54,3.95,2.35,2.35,2.62,3.12,3.52,4.03,4.86,5.34,5.18,4.65,4.46,4.19,4.0,4.97,5.21,5.62,6.87,6.58,6.32,6.26,6.26,6.4,6.46,6.4,4.42,4.23,4.95,5.68,5.92,5.6,5.36,5.42,5.39,5.23,4.78,4.56,4.57,5.57,5.39,6.08,6.52,6.25,6.07,5.81,5.52,5.27,5.05,4.87,3.15,3.46,3.97,4.47,4.59,4.49,4.19,3.99,4.22,4.74,4.97,5.0,5.25,6.07,6.05,6.93,6.59,5.21,3.9,3.01,2.59,2.47,2.41,2.45,1.97,2.65,3.05,3.41,3.64,3.69,3.66
93,7.13,6.56,6.47,6.09,5.76,5.77,6.5,8.0,9.42,8.06,6.53,5.18,3.76,3.07,2.77,3.05,3.63,3.32,4.55,6.27,6.84,6.91,6.84,6.57,6.28,6.07,5.96,5.77,5.75,5.8,6.56,6.62,6.79,6.61,5.55,4.29,3.5,3.41,3.88,4.52,4.94,3.81,3.92,4.63,5.1,5.18,5.1,4.96,4.71,4.46,4.48,4.66,4.62,4.48,5.42,5.23,5.42,5.86,5.74,5.78,5.67,5.34,4.96,4.54,3.95,2.35,2.35,2.62,3.12,3.52,4.03,4.86,5.34,5.18,4.65,4.46,4.19,4.0,4.97,5.21,5.62,6.87,6.58,6.32,6.26,6.26,6.4,6.46,6.4,4.42,4.23,4.95,5.68,5.92,5.6,5.36,5.42,5.39,5.23,4.78,4.56,4.57,5.57,5.39,6.08,6.52,6.25,6.07,5.81,5.52,5.27,5.05,4.87,3.15,3.46,3.97,4.47,4.59,4.49,4.19,3.99,4.22,4.74,4.97,5.0,5.25,6.07,6.05,6.93,6.59,5.21,3.9,3.01,2.59,2.47,2.41,2.45,1.97,2.65,3.05,3.41,3.64,3.69,3.66,3.6,3.48,3.4,3.47,3.75,4.1,5.5,6.03,6.41,6.63,5.42,4.39,3.65,3.1,2.7,2.48,2.39,1.86,2.22,2.52,2.9,3.28,3.65,4.08
94,6.28,6.07,5.96,5.77,5.75,5.8,6.56,6.62,6.79,6.61,5.55,4.29,3.5,3.41,3.88,4.52,4.94,3.81,3.92,4.63,5.1,5.18,5.1,4.96,4.71,4.46,4.48,4.66,4.62,4.48,5.42,5.23,5.42,5.86,5.74,5.78,5.67,5.34,4.96,4.54,3.95,2.35,2.35,2.62,3.12,3.52,4.03,4.86,5.34,5.18,4.65,4.46,4.19,4.0,4.97,5.21,5.62,6.87,6.58,6.32,6.26,6.26,6.4,6.46,6.4,4.42,4.23,4.95,5.68,5.92,5.6,5.36,5.42,5.39,5.23,4.78,4.56,4.57,5.57,5.39,6.08,6.52,6.25,6.07,5.81,5.52,5.27,5.05,4.87,3.15,3.46,3.97,4.47,4.59,4.49,4.19,3.99,4.22,4.74,4.97,5.0,5.25,6.07,6.05,6.93,6.59,5.21,3.9,3.01,2.59,2.47,2.41,2.45,1.97,2.65,3.05,3.41,3.64,3.69,3.66,3.6,3.48,3.4,3.47,3.75,4.1,5.5,6.03,6.41,6.63,5.42,4.39,3.65,3.1,2.7,2.48,2.39,1.86,2.22,2.52,2.9,3.28,3.65,4.08,4.65,5.4,6.08,6.51,6.49,6.51,7.3,7.38,7.29,7.34,6.47,4.79,3.24,2.09,1.29,0.75,0.5,0.31,0.56,0.99,1.49,1.91,2.3,2.65
95,4.71,4.46,4.48,4.66,4.62,4.48,5.42,5.23,5.42,5.86,5.74,5.78,5.67,5.34,4.96,4.54,3.95,2.35,2.35,2.62,3.12,3.52,4.03,4.86,5.34,5.18,4.65,4.46,4.19,4.0,4.97,5.21,5.62,6.87,6.58,6.32,6.26,6.26,6.4,6.46,6.4,4.42,4.23,4.95,5.68,5.92,5.6,5.36,5.42,5.39,5.23,4.78,4.56,4.57,5.57,5.39,6.08,6.52,6.25,6.07,5.81,5.52,5.27,5.05,4.87,3.15,3.46,3.97,4.47,4.59,4.49,4.19,3.99,4.22,4.74,4.97,5.0,5.25,6.07,6.05,6.93,6.59,5.21,3.9,3.01,2.59,2.47,2.41,2.45,1.97,2.65,3.05,3.41,3.64,3.69,3.66,3.6,3.48,3.4,3.47,3.75,4.1,5.5,6.03,6.41,6.63,5.42,4.39,3.65,3.1,2.7,2.48,2.39,1.86,2.22,2.52,2.9,3.28,3.65,4.08,4.65,5.4,6.08,6.51,6.49,6.51,7.3,7.38,7.29,7.34,6.47,4.79,3.24,2.09,1.29,0.75,0.5,0.31,0.56,0.99,1.49,1.91,2.3,2.65,3.06,3.7,4.45,5.06,5.41,5.58,6.43,6.16,5.67,5.91,6.19,6.53,6.82,6.87,6.65,6.32,5.67,3.22,3.3,3.48,3.79,4.1,4.44,4.64
96,5.34,5.18,4.65,4.46,4.19,4.0,4.97,5.21,5.62,6.87,6.58,6.32,6.26,6.26,6.4,6.46,6.4,4.42,4.23,4.95,5.68,5.92,5.6,5.36,5.42,5.39,5.23,4.78,4.56,4.57,5.57,5.39,6.08,6.52,6.25,6.07,5.81,5.52,5.27,5.05,4.87,3.15,3.46,3.97,4.47,4.59,4.49,4.19,3.99,4.22,4.74,4.97,5.0,5.25,6.07,6.05,6.93,6.59,5.21,3.9,3.01,2.59,2.47,2.41,2.45,1.97,2.65,3.05,3.41,3.64,3.69,3.66,3.6,3.48,3.4,3.47,3.75,4.1,5.5,6.03,6.41,6.63,5.42,4.39,3.65,3.1,2.7,2.48,2.39,1.86,2.22,2.52,2.9,3.28,3.65,4.08,4.65,5.4,6.08,6.51,6.49,6.51,7.3,7.38,7.29,7.34,6.47,4.79,3.24,2.09,1.29,0.75,0.5,0.31,0.56,0.99,1.49,1.91,2.3,2.65,3.06,3.7,4.45,5.06,5.41,5.58,6.43,6.16,5.67,5.91,6.19,6.53,6.82,6.87,6.65,6.32,5.67,3.22,3.3,3.48,3.79,4.1,4.44,4.64,4.93,5.04,4.96,4.63,4.21,3.96,4.69,5.12,5.82,6.24,6.8,7.68,8.58,9.4,10.08,10.12,9.57,8.28,7.68,7.2,6.11,5.61,5.03,4.72
97,5.42,5.39,5.23,4.78,4.56,4.57,5.57,5.39,6.08,6.52,6.25,6.07,5.81,5.52,5.27,5.05,4.87,3.15,3.46,3.97,4.47,4.59,4.49,4.19,3.99,4.22,4.74,4.97,5.0,5.25,6.07,6.05,6.93,6.59,5.21,3.9,3.01,2.59,2.47,2.41,2.45,1.97,2.65,3.05,3.41,3.64,3.69,3.66,3.6,3.48,3.4,3.47,3.75,4.1,5.5,6.03,6.41,6.63,5.42,4.39,3.65,3.1,2.7,2.48,2.39,1.86,2.22,2.52,2.9,3.28,3.65,4.08,4.65,5.4,6.08,6.51,6.49,6.51,7.3,7.38,7.29,7.34,6.47,4.79,3.24,2.09,1.29,0.75,0.5,0.31,0.56,0.99,1.49,1.91,2.3,2.65,3.06,3.7,4.45,5.06,5.41,5.58,6.43,6.16,5.67,5.91,6.19,6.53,6.82,6.87,6.65,6.32,5.67,3.22,3.3,3.48,3.79,4.1,4.44,4.64,4.93,5.04,4.96,4.63,4.21,3.96,4.69,5.12,5.82,6.24,6.8,7.68,8.58,9.4,10.08,10.12,9.57,8.28,7.68,7.2,6.11,5.61,5.03,4.72,4.2,3.4,2.92,2.63,2.61,2.51,2.09,2.96,3.19,3.77,4.06,4.69,5.47,5.92,6.04,6.49,6.16,4.83,4.58,5.26,5.56,5.5,5.24,4.76
98,3.99,4.22,4.74,4.97,5.0,5.25,6.07,6.05,6.93,6.59,5.21,3.9,3.01,2.59,2.47,2.41,2.45,1.97,2.65,3.05,3.41,3.64,3.69,3.66,3.6,3.48,3.4,3.47,3.75,4.1,5.5,6.03,6.41,6.63,5.42,4.39,3.65,3.1,2.7,2.48,2.39,1.86,2.22,2.52,2.9,3.28,3.65,4.08,4.65,5.4,6.08,6.51,6.49,6.51,7.3,7.38,7.29,7.34,6.47,4.79,3.24,2.09,1.29,0.75,0.5,0.31,0.56,0.99,1.49,1.91,2.3,2.65,3.06,3.7,4.45,5.06,5.41,5.58,6.43,6.16,5.67,5.91,6.19,6.53,6.82,6.87,6.65,6.32,5.67,3.22,3.3,3.48,3.79,4.1,4.44,4.64,4.93,5.04,4.96,4.63,4.21,3.96,4.69,5.12,5.82,6.24,6.8,7.68,8.58,9.4,10.08,10.12,9.57,8.28,7.68,7.2,6.11,5.61,5.03,4.72,4.2,3.4,2.92,2.63,2.61,2.51,2.09,2.96,3.19,3.77,4.06,4.69,5.47,5.92,6.04,6.49,6.16,4.83,4.58,5.26,5.56,5.5,5.24,4.76,4.36,4.02,3.41,2.93,2.64,2.47,3.28,3.71,4.17,4.35,4.62,4.9,5.2,5.06,4.8,4.57,4.37,3.32,2.81,3.16,3.34,3.4,3.48,3.53
99,3.6,3.48,3.4,3.47,3.75,4.1,5.5,6.03,6.41,6.63,5.42,4.39,3.65,3.1,2.7,2.48,2.39,1.86,2.22,2.52,2.9,3.28,3.65,4.08,4.65,5.4,6.08,6.51,6.49,6.51,7.3,7.38,7.29,7.34,6.47,4.79,3.24,2.09,1.29,0.75,0.5,0.31,0.56,0.99,1.49,1.91,2.3,2.65,3.06,3.7,4.45,5.06,5.41,5.58,6.43,6.16,5.67,5.91,6.19,6.53,6.82,6.87,6.65,6.32,5.67,3.22,3.3,3.48,3.79,4.1,4.44,4.64,4.93,5.04,4.96,4.63,4.21,3.96,4.69,5.12,5.82,6.24,6.8,7.68,8.58,9.4,10.08,10.12,9.57,8.28,7.68,7.2,6.11,5.61,5.03,4.72,4.2,3.4,2.92,2.63,2.61,2.51,2.09,2.96,3.19,3.77,4.06,4.69,5.47,5.92,6.04,6.49,6.16,4.83,4.58,5.26,5.56,5.5,5.24,4.76,4.36,4.02,3.41,2.93,2.64,2.47,3.28,3.71,4.17,4.35,4.62,4.9,5.2,5.06,4.8,4.57,4.37,3.32,2.81,3.16,3.34,3.4,3.48,3.53,3.56,3.57,3.56,3.64,4.0,4.6,5.51,5.26,5.11,4.87,4.03,3.56,3.39,3.33,3.25,3.06,2.65,1.45,1.01,0.85,1.2,1.49,1.84,2.24
100,4.65,5.4,6.08,6.51,6.49,6.51,7.3,7.38,7.29,7.34,6.47,4.79,3.24,2.09,1.29,0.75,0.5,0.31,0.56,0.99,1.49,1.91,2.3,2.65,3.06,3.7,4.45,5.06,5.41,5.58,6.43,6.16,5.67,5.91,6.19,6.53,6.82,6.87,6.65,6.32,5.67,3.22,3.3,3.48,3.79,4.1,4.44,4.64,4.93,5.04,4.96,4.63,4.21,3.96,4.69,5.12,5.82,6.24,6.8,7.68,8.58,9.4,10.08,10.12,9.57,8.28,7.68,7.2,6.11,5.61,5.03,4.72,4.2,3.4,2.92,2.63,2.61,2.51,2.09,2.96,3.19,3.77,4.06,4.69,5.47,5.92,6.04,6.49,6.16,4.83,4.58,5.26,5.56,5.5,5.24,4.76,4.36,4.02,3.41,2.93,2.64,2.47,3.28,3.71,4.17,4.35,4.62,4.9,5.2,5.06,4.8,4.57,4.37,3.32,2.81,3.16,3.34,3.4,3.48,3.53,3.56,3.57,3.56,3.64,4.0,4.6,5.51,5.26,5.11,4.87,4.03,3.56,3.39,3.33,3.25,3.06,2.65,1.45,1.01,0.85,1.2,1.49,1.84,2.24,2.59,2.89,3.15,3.35,3.5,3.72,5.07,5.87,5.4,4.98,4.5,3.93,3.41,2.97,2.69,2.46,2.25,1.46,1.41,1.24,1.0,0.92,1.12,1.4
101,3.06,3.7,4.45,5.06,5.41,5.58,6.43,6.16,5.67,5.91,6.19,6.53,6.82,6.87,6.65,6.32,5.67,3.22,3.3,3.48,3.79,4.1,4.44,4.64,4.93,5.04,4.96,4.63,4.21,3.96,4.69,5.12,5.82,6.24,6.8,7.68,8.58,9.4,10.08,10.12,9.57,8.28,7.68,7.2,6.11,5.61,5.03,4.72,4.2,3.4,2.92,2.63,2.61,2.51,2.09,2.96,3.19,3.77,4.06,4.69,5.47,5.92,6.04,6.49,6.16,4.83,4.58,5.26,5.56,5.5,5.24,4.76,4.36,4.02,3.41,2.93,2.64,2.47,3.28,3.71,4.17,4.35,4.62,4.9,5.2,5.06,4.8,4.57,4.37,3.32,2.81,3.16,3.34,3.4,3.48,3.53,3.56,3.57,3.56,3.64,4.0,4.6,5.51,5.26,5.11,4.87,4.03,3.56,3.39,3.33,3.25,3.06,2.65,1.45,1.01,0.85,1.2,1.49,1.84,2.24,2.59,2.89,3.15,3.35,3.5,3.72,5.07,5.87,5.4,4.98,4.5,3.93,3.41,2.97,2.69,2.46,2.25,1.46,1.41,1.24,1.0,0.92,1.12,1.4,1.57,1.85,2.22,2.46,2.6,2.66,3.06,3.45,3.21,2.92,3.18,4.06,4.8,5.31,5.46,5.0,3.25,1.9,2.04,2.91,5.25,8.05,9.28,9.48
102,4.93,5.04,4.96,4.63,4.21,3.96,4.69,5.12,5.82,6.24,6.8,7.68,8.58,9.4,10.08,10.12,9.57,8.28,7.68,7.2,6.11,5.61,5.03,4.72,4.2,3.4,2.92,2.63,2.61,2.51,2.09,2.96,3.19,3.77,4.06,4.69,5.47,5.92,6.04,6.49,6.16,4.83,4.58,5.26,5.56,5.5,5.24,4.76,4.36,4.02,3.41,2.93,2.64,2.47,3.28,3.71,4.17,4.35,4.62,4.9,5.2,5.06,4.8,4.57,4.37,3.32,2.81,3.16,3.34,3.4,3.48,3.53,3.56,3.57,3.56,3.64,4.0,4.6,5.51,5.26,5.11,4.87,4.03,3.56,3.39,3.33,3.25,3.06,2.65,1.45,1.01,0.85,1.2,1.49,1.84,2.24,2.59,2.89,3.15,3.35,3.5,3.72,5.07,5.87,5.4,4.98,4.5,3.93,3.41,2.97,2.69,2.46,2.25,1.46,1.41,1.24,1.0,0.92,1.12,1.4,1.57,1.85,2.22,2.46,2.6,2.66,3.06,3.45,3.21,2.92,3.18,4.06,4.8,5.31,5.46,5.0,3.25,1.9,2.04,2.91,5.25,8.05,9.28,9.48,9.52,9.31,8.74,7.79,6.72,5.77,5.02,4.36,3.99,4.05,4.81,6.3,8.18,9.27,7.69,6.22,6.25,4.15,3.18,3.24,3.36,3.42,3.35,3.21
103,4.2,3.4,2.92,2.63,2.61,2.51,2.09,2.96,3.19,3.77,4.06,4.69,5.47,5.92,6.04,6.49,6.16,4.83,4.58,5.26,5.56,5.5,5.24,4.76,4.36,4.02,3.41,2.93,2.64,2.47,3.28,3.71,4.17,4.35,4.62,4.9,5.2,5.06,4.8,4.57,4.37,3.32,2.81,3.16,3.34,3.4,3.48,3.53,3.56,3.57,3.56,3.64,4.0,4.6,5.51,5.26,5.11,4.87,4.03,3.56,3.39,3.33,3.25,3.06,2.65,1.45,1.01,0.85,1.2,1.49,1.84,2.24,2.59,2.89,3.15,3.35,3.5,3.72,5.07,5.87,5.4,4.98,4.5,3.93,3.41,2.97,2.69,2.46,2.25,1.46,1.41,1.24,1.0,0.92,1.12,1.4,1.57,1.85,2.22,2.46,2.6,2.66,3.06,3.45,3.21,2.92,3.18,4.06,4.8,5.31,5.46,5.0,3.25,1.9,2.04,2.91,5.25,8.05,9.28,9.48,9.52,9.31,8.74,7.79,6.72,5.77,5.02,4.36,3.99,4.05,4.81,6.3,8.18,9.27,7.69,6.22,6.25,4.15,3.18,3.24,3.36,3.42,3.35,3.21,3.06,2.93,2.92,3.07,3.57,4.9,6.48,6.62,6.54,5.37,3.86,2.71,2.74,3.42,3.88,4.16,4.2,3.18,2.31,2.24,2.25,2.31,2.43,2.59
104,4.36,4.02,3.41,2.93,2.64,2.47,3.28,3.71,4.17,4.35,4.62,4.9,5.2,5.06,4.8,4.57,4.37,3.32,2.81,3.16,3.34,3.4,3.48,3.53,3.56,3.57,3.56,3.64,4.0,4.6,5.51,5.26,5.11,4.87,4.03,3.56,3.39,3.33,3.25,3.06,2.65,1.45,1.01,0.85,1.2,1.49,1.84,2.24,2.59,2.89,3.15,3.35,3.5,3.72,5.07,5.87,5.4,4.98,4.5,3.93,3.41,2.97,2.69,2.46,2.25,1.46,1.41,1.24,1.0,0.92,1.12,1.4,1.57,1.85,2.22,2.46,2.6,2.66,3.06,3.45,3.21,2.92,3.18,4.06,4.8,5.31,5.46,5.0,3.25,1.9,2.04,2.91,5.25,8.05,9.28,9.48,9.52,9.31,8.74,7.79,6.72,5.77,5.02,4.36,3.99,4.05,4.81,6.3,8.18,9.27,7.69,6.22,6.25,4.15,3.18,3.24,3.36,3.42,3.35,3.21,3.06,2.93,2.92,3.07,3.57,4.9,6.48,6.62,6.54,5.37,3.86,2.71,2.74,3.42,3.88,4.16,4.2,3.18,2.31,2.24,2.25,2.31,2.43,2.59,2.76,3.02,3.28,3.43,3.59,3.8,4.96,5.86,5.92,6.34,6.89,7.55,8.12,8.55,8.7,8.6,7.88,4.75,4.07,4.13,4.19,4.19,4.01,3.69
105,3.56,3.57,3.56,3.64,4.0,4.6,5.51,5.26,5.11,4.87,4.03,3.56,3.39,3.33,3.25,3.06,2.65,1.45,1.01,0.85,1.2,1.49,1.84,2.24,2.59,2.89,3.15,3.35,3.5,3.72,5.07,5.87,5.4,4.98,4.5,3.93,3.41,2.97,2.69,2.46,2.25,1.46,1.41,1.24,1.0,0.92,1.12,1.4,1.57,1.85,2.22,2.46,2.6,2.66,3.06,3.45,3.21,2.92,3.18,4.06,4.8,5.31,5.46,5.0,3.25,1.9,2.04,2.91,5.25,8.05,9.28,9.48,9.52,9.31,8.74,7.79,6.72,5.77,5.02,4.36,3.99,4.05,4.81,6.3,8.18,9.27,7.69,6.22,6.25,4.15,3.18,3.24,3.36,3.42,3.35,3.21,3.06,2.93,2.92,3.07,3.57,4.9,6.48,6.62,6.54,5.37,3.86,2.71,2.74,3.42,3.88,4.16,4.2,3.18,2.31,2.24,2.25,2.31,2.43,2.59,2.76,3.02,3.28,3.43,3.59,3.8,4.96,5.86,5.92,6.34,6.89,7.55,8.12,8.55,8.7,8.6,7.88,4.75,4.07,4.13,4.19,4.19,4.01,3.69,3.31,3.11,3.17,3.73,5.26,6.44,7.17,8.4,9.04,8.05,6.06,3.84,1.94,0.44,0.72,1.48,1.95,1.75,2.63,3.25,3.67,4.12,4.78,5.34
106,2.59,2.89,3.15,3.35,3.5,3.72,5.07,5.87,5.4,4.98,4.5,3.93,3.41,2.97,2.69,2.46,2.25,1.46,1.41,1.24,1.0,0.92,1.12,1.4,1.57,1.85,2.22,2.46,2.6,2.66,3.06,3.45,3.21,2.92,3.18,4.06,4.8,5.31,5.46,5.0,3.25,1.9,2.04,2.91,5.25,8.05,9.28,9.48,9.52,9.31,8.74,7.79,6.72,5.77,5.02,4.36,3.99,4.05,4.81,6.3,8.18,9.27,7.69,6.22,6.25,4.15,3.18,3.24,3.36,3.42,3.35,3.21,3.06,2.93,2.92,3.07,3.57,4.9,6.48,6.62,6.54,5.37,3.86,2.71,2.74,3.42,3.88,4.16,4.2,3.18,2.31,2.24,2.25,2.31,2.43,2.59,2.76,3.02,3.28,3.43,3.59,3.8,4.96,5.86,5.92,6.34,6.89,7.55,8.12,8.55,8.7,8.6,7.88,4.75,4.07,4.13,4.19,4.19,4.01,3.69,3.31,3.11,3.17,3.73,5.26,6.44,7.17,8.4,9.04,8.05,6.06,3.84,1.94,0.44,0.72,1.48,1.95,1.75,2.63,3.25,3.67,4.12,4.78,5.34,5.6,5.88,6.04,6.04,6.17,6.26,7.06,6.98,7.08,6.78,5.35,3.71,2.55,2.36,2.86,3.26,3.18,1.91,1.95,2.06,2.52,3.0,3.29,3.39
107,1.57,1.85,2.22,2.46,2.6,2.66,3.06,3.45,3.21,2.92,3.18,4.06,4.8,5.31,5.46,5.0,3.25,1.9,2.04,2.91,5.25,8.05,9.28,9.48,9.52,9.31,8.74,7.79,6.72,5.77,5.02,4.36,3.99,4.05,4.81,6.3,8.18,9.27,7.69,6.22,6.25,4.15,3.18,3.24,3.36,3.42,3.35,3.21,3.06,2.93,2.92,3.07,3.57,4.9,6.48,6.62,6.54,5.37,3.86,2.71,2.74,3.42,3.88,4.16,4.2,3.18,2.31,2.24,2.25,2.31,2.43,2.59,2.76,3.02,3.28,3.43,3.59,3.8,4.96,5.86,5.92,6.34,6.89,7.55,8.12,8.55,8.7,8.6,7.88,4.75,4.07,4.13,4.19,4.19,4.01,3.69,3.31,3.11,3.17,3.73,5.26,6.44,7.17,8.4,9.04,8.05,6.06,3.84,1.94,0.44,0.72,1.48,1.95,1.75,2.63,3.25,3.67,4.12,4.78,5.34,5.6,5.88,6.04,6.04,6.17,6.26,7.06,6.98,7.08,6.78,5.35,3.71,2.55,2.36,2.86,3.26,3.18,1.91,1.95,2.06,2.52,3.0,3.29,3.39,3.39,3.43,3.5,3.62,3.76,3.89,4.31,5.6,4.71,4.73,4.03,3.91,4.27,4.7,5.21,5.75,5.91,3.77,3.95,3.95,3.35,3.65,4.58,4.95
108,9.52,9.31,8.74,7.79,6.72,5.77,5.02,4.36,3.99,4.05,4.81,6.3,8.18,9.27,7.69,6.22,6.25,4.15,3.18,3.24,3.36,3.42,3.35,3.21,3.06,2.93,2.92,3.07,3.57,4.9,6.48,6.62,6.54,5.37,3.86,2.71,2.74,3.42,3.88,4.16,4.2,3.18,2.31,2.24,2.25,2.31,2.43,2.59,2.76,3.02,3.28,3.43,3.59,3.8,4.96,5.86,5.92,6.34,6.89,7.55,8.12,8.55,8.7,8.6,7.88,4.75,4.07,4.13,4.19,4.19,4.01,3.69,3.31,3.11,3.17,3.73,5.26,6.44,7.17,8.4,9.04,8.05,6.06,3.84,1.94,0.44,0.72,1.48,1.95,1.75,2.63,3.25,3.67,4.12,4.78,5.34,5.6,5.88,6.04,6.04,6.17,6.26,7.06,6.98,7.08,6.78,5.35,3.71,2.55,2.36,2.86,3.26,3.18,1.91,1.95,2.06,2.52,3.0,3.29,3.39,3.39,3.43,3.5,3.62,3.76,3.89,4.31,5.6,4.71,4.73,4.03,3.91,4.27,4.7,5.21,5.75,5.91,3.77,3.95,3.95,3.35,3.65,4.58,4.95,4.51,3.6,2.8,1.86,1.4,1.75,3.19,4.27,5.72,6.91,7.28,7.64,8.29,8.68,8.78,8.59,7.98,5.38,3.95,3.88,3.81,3.79,3.73,3.55
109,3.06,2.93,2.92,3.07,3.57,4.9,6.48,6.62,6.54,5.37,3.86,2.71,2.74,3.42,3.88,4.16,4.2,3.18,2.31,2.24,2.25,2.31,2.43,2.59,2.76,3.02,3.28,3.43,3.59,3.8,4.96,5.86,5.92,6.34,6.89,7.55,8.12,8.55,8.7,8.6,7.88,4.75,4.07,4.13,4.19,4.19,4.01,3.69,3.31,3.11,3.17,3.73,5.26,6.44,7.17,8.4,9.04,8.05,6.06,3.84,1.94,0.44,0.72,1.48,1.95,1.75,2.63,3.25,3.67,4.12,4.78,5.34,5.6,5.88,6.04,6.04,6.17,6.26,7.06,6.98,7.08,6.78,5.35,3.71,2.55,2.36,2.86,3.26,3.18,1.91,1.95,2.06,2.52,3.0,3.29,3.39,3.39,3.43,3.5,3.62,3.76,3.89,4.31,5.6,4.71,4.73,4.03,3.91,4.27,4.7,5.21,5.75,5.91,3.77,3.95,3.95,3.35,3.65,4.58,4.95,4.51,3.6,2.8,1.86,1.4,1.75,3.19,4.27,5.72,6.91,7.28,7.64,8.29,8.68,8.78,8.59,7.98,5.38,3.95,3.88,3.81,3.79,3.73,3.55,3.26,2.87,2.55,2.7,3.21,4.63,6.62,7.21,7.65,6.78,5.04,3.29,2.19,1.86,2.04,2.44,2.64,1.88,2.1,1.88,1.52,1.29,1.36,1.79
110,2.76,3.02,3.28,3.43,3.59,3.8,4.96,5.86,5.92,6.34,6.89,7.55,8.12,8.55,8.7,8.6,7.88,4.75,4.07,4.13,4.19,4.19,4.01,3.69,3.31,3.11,3.17,3.73,5.26,6.44,7.17,8.4,9.04,8.05,6.06,3.84,1.94,0.44,0.72,1.48,1.95,1.75,2.63,3.25,3.67,4.12,4.78,5.34,5.6,5.88,6.04,6.04,6.17,6.26,7.06,6.98,7.08,6.78,5.35,3.71,2.55,2.36,2.86,3.26,3.18,1.91,1.95,2.06,2.52,3.0,3.29,3.39,3.39,3.43,3.5,3.62,3.76,3.89,4.31,5.6,4.71,4.73,4.03,3.91,4.27,4.7,5.21,5.75,5.91,3.77,3.95,3.95,3.35,3.65,4.58,4.95,4.51,3.6,2.8,1.86,1.4,1.75,3.19,4.27,5.72,6.91,7.28,7.64,8.29,8.68,8.78,8.59,7.98,5.38,3.95,3.88,3.81,3.79,3.73,3.55,3.26,2.87,2.55,2.7,3.21,4.63,6.62,7.21,7.65,6.78,5.04,3.29,2.19,1.86,2.04,2.44,2.64,1.88,2.1,1.88,1.52,1.29,1.36,1.79,2.24,2.6,2.97,3.14,3.22,3.32,3.13,4.1,3.43,3.77,4.16,4.44,4.62,4.71,4.77,4.91,4.83,2.94,3.19,3.3,3.35,3.43,3.43,3.43
111,3.31,3.11,3.17,3.73,5.26,6.44,7.17,8.4,9.04,8.05,6.06,3.84,1.94,0.44,0.72,1.48,1.95,1.75,2.63,3.25,3.67,4.12,4.78,5.34,5.6,5.88,6.04,6.04,6.17,6.26,7.06,6.98,7.08,6.78,5.35,3.71,2.55,2.36,2.86,3.26,3.18,1.91,1.95,2.06,2.52,3.0,3.29,3.39,3.39,3.43,3.5,3.62,3.76,3.89,4.31,5.6,4.71,4.73,4.03,3.91,4.27,4.7,5.21,5.75,5.91,3.77,3.95,3.95,3.35,3.65,4.58,4.95,4.51,3.6,2.8,1.86,1.4,1.75,3.19,4.27,5.72,6.91,7.28,7.64,8.29,8.68,8.78,8.59,7.98,5.38,3.95,3.88,3.81,3.79,3.73,3.55,3.26,2.87,2.55,2.7,3.21,4.63,6.62,7.21,7.65,6.78,5.04,3.29,2.19,1.86,2.04,2.44,2.64,1.88,2.1,1.88,1.52,1.29,1.36,1.79,2.24,2.6,2.97,3.14,3.22,3.32,3.13,4.1,3.43,3.77,4.16,4.44,4.62,4.71,4.77,4.91,4.83,2.94,3.19,3.3,3.35,3.43,3.43,3.43,3.39,3.28,3.19,3.17,3.31,3.39,3.79,4.25,4.97,6.85,7.29,7.46,7.34,7.28,7.24,7.07,6.6,4.04,3.82,3.97,4.0,4.03,4.1,4.2
112,5.6,5.88,6.04,6.04,6.17,6.26,7.06,6.98,7.08,6.78,5.35,3.71,2.55,2.36,2.86,3.26,3.18,1.91,1.95,2.06,2.52,3.0,3.29,3.39,3.39,3.43,3.5,3.62,3.76,3.89,4.31,5.6,4.71,4.73,4.03,3.91,4.27,4.7,5.21,5.75,5.91,3.77,3.95,3.95,3.35,3.65,4.58,4.95,4.51,3.6,2.8,1.86,1.4,1.75,3.19,4.27,5.72,6.91,7.28,7.64,8.29,8.68,8.78,8.59,7.98,5.38,3.95,3.88,3.81,3.79,3.73,3.55,3.26,2.87,2.55,2.7,3.21,4.63,6.62,7.21,7.65,6.78,5.04,3.29,2.19,1.86,2.04,2.44,2.64,1.88,2.1,1.88,1.52,1.29,1.36,1.79,2.24,2.6,2.97,3.14,3.22,3.32,3.13,4.1,3.43,3.77,4.16,4.44,4.62,4.71,4.77,4.91,4.83,2.94,3.19,3.3,3.35,3.43,3.43,3.43,3.39,3.28,3.19,3.17,3.31,3.39,3.79,4.25,4.97,6.85,7.29,7.46,7.34,7.28,7.24,7.07,6.6,4.04,3.82,3.97,4.0,4.03,4.1,4.2,4.31,4.38,4.32,4.08,3.8,3.59,4.37,4.01,3.86,4.78,5.85,5.85,5.57,5.42,5.38,5.36,5.04,2.99,3.17,3.14,3.0,2.92,2.82,2.77
113,3.39,3.43,3.5,3.62,3.76,3.89,4.31,5.6,4.71,4.73,4.03,3.91,4.27,4.7,5.21,5.75,5.91,3.77,3.95,3.95,3.35,3.65,4.58,4.95,4.51,3.6,2.8,1.86,1.4,1.75,3.19,4.27,5.72,6.91,7.28,7.64,8.29,8.68,8.78,8.59,7.98,5.38,3.95,3.88,3.81,3.79,3.73,3.55,3.26,2.87,2.55,2.7,3.21,4.63,6.62,7.21,7.65,6.78,5.04,3.29,2.19,1.86,2.04,2.44,2.64,1.88,2.1,1.88,1.52,1.29,1.36,1.79,2.24,2.6,2.97,3.14,3.22,3.32,3.13,4.1,3.43,3.77,4.16,4.44,4.62,4.71,4.77,4.91,4.83,2.94,3.19,3.3,3.35,3.43,3.43,3.43,3.39,3.28,3.19,3.17,3.31,3.39,3.79,4.25,4.97,6.85,7.29,7.46,7.34,7.28,7.24,7.07,6.6,4.04,3.82,3.97,4.0,4.03,4.1,4.2,4.31,4.38,4.32,4.08,3.8,3.59,4.37,4.01,3.86,4.78,5.85,5.85,5.57,5.42,5.38,5.36,5.04,2.99,3.17,3.14,3.0,2.92,2.82,2.77,2.73,2.64,2.59,2.43,2.36,2.59,2.62,3.94,4.06,4.37,3.46,2.62,2.14,1.74,1.49,1.43,1.04,1.02,1.16,1.15,1.2,0.86,0.56,0.95
114,4.51,3.6,2.8,1.86,1.4,1.75,3.19,4.27,5.72,6.91,7.28,7.64,8.29,8.68,8.78,8.59,7.98,5.38,3.95,3.88,3.81,3.79,3.73,3.55,3.26,2.87,2.55,2.7,3.21,4.63,6.62,7.21,7.65,6.78,5.04,3.29,2.19,1.86,2.04,2.44,2.64,1.88,2.1,1.88,1.52,1.29,1.36,1.79,2.24,2.6,2.97,3.14,3.22,3.32,3.13,4.1,3.43,3.77,4.16,4.44,4.62,4.71,4.77,4.91,4.83,2.94,3.19,3.3,3.35,3.43,3.43,3.43,3.39,3.28,3.19,3.17,3.31,3.39,3.79,4.25,4.97,6.85,7.29,7.46,7.34,7.28,7.24,7.07,6.6,4.04,3.82,3.97,4.0,4.03,4.1,4.2,4.31,4.38,4.32,4.08,3.8,3.59,4.37,4.01,3.86,4.78,5.85,5.85,5.57,5.42,5.38,5.36,5.04,2.99,3.17,3.14,3.0,2.92,2.82,2.77,2.73,2.64,2.59,2.43,2.36,2.59,2.62,3.94,4.06,4.37,3.46,2.62,2.14,1.74,1.49,1.43,1.04,1.02,1.16,1.15,1.2,0.86,0.56,0.95,1.53,2.13,2.76,3.23,3.43,3.74,5.17,5.7,5.65,4.51,3.56,4.0,3.65,0.6,3.46,5.61,6.08,5.34,3.69,3.96,4.43,5.22,5.7,5.8
115,3.26,2.87,2.55,2.7,3.21,4.63,6.62,7.21,7.65,6.78,5.04,3.29,2.19,1.86,2.04,2.44,2.64,1.88,2.1,1.88,1.52,1.29,1.36,1.79,2.24,2.6,2.97,3.14,3.22,3.32,3.13,4.1,3.43,3.77,4.16,4.44,4.62,4.71,4.77,4.91,4.83,2.94,3.19,3.3,3.35,3.43,3.43,3.43,3.39,3.28,3.19,3.17,3.31,3.39,3.79,4.25,4.97,6.85,7.29,7.46,7.34,7.28,7.24,7.07,6.6,4.04,3.82,3.97,4.0,4.03,4.1,4.2,4.31,4.38,4.32,4.08,3.8,3.59,4.37,4.01,3.86,4.78,5.85,5.85,5.57,5.42,5.38,5.36,5.04,2.99,3.17,3.14,3.0,2.92,2.82,2.77,2.73,2.64,2.59,2.43,2.36,2.59,2.62,3.94,4.06,4.37,3.46,2.62,2.14,1.74,1.49,1.43,1.04,1.02,1.16,1.15,1.2,0.86,0.56,0.95,1.53,2.13,2.76,3.23,3.43,3.74,5.17,5.7,5.65,4.51,3.56,4.0,3.65,0.6,3.46,5.61,6.08,5.34,3.69,3.96,4.43,5.22,5.7,5.8,5.7,5.43,5.27,5.33,5.33,5.34,6.38,6.44,6.64,7.61,7.81,7.7,7.61,7.68,7.9,8.22,8.36,6.97,5.81,6.21,6.12,5.88,5.61,5.36
116,2.24,2.6,2.97,3.14,3.22,3.32,3.13,4.1,3.43,3.77,4.16,4.44,4.62,4.71,4.77,4.91,4.83,2.94,3.19,3.3,3.35,3.43,3.43,3.43,3.39,3.28,3.19,3.17,3.31,3.39,3.79,4.25,4.97,6.85,7.29,7.46,7.34,7.28,7.24,7.07,6.6,4.04,3.82,3.97,4.0,4.03,4.1,4.2,4.31,4.38,4.32,4.08,3.8,3.59,4.37,4.01,3.86,4.78,5.85,5.85,5.57,5.42,5.38,5.36,5.04,2.99,3.17,3.14,3.0,2.92,2.82,2.77,2.73,2.64,2.59,2.43,2.36,2.59,2.62,3.94,4.06,4.37,3.46,2.62,2.14,1.74,1.49,1.43,1.04,1.02,1.16,1.15,1.2,0.86,0.56,0.95,1.53,2.13,2.76,3.23,3.43,3.74,5.17,5.7,5.65,4.51,3.56,4.0,3.65,0.6,3.46,5.61,6.08,5.34,3.69,3.96,4.43,5.22,5.7,5.8,5.7,5.43,5.27,5.33,5.33,5.34,6.38,6.44,6.64,7.61,7.81,7.7,7.61,7.68,7.9,8.22,8.36,6.97,5.81,6.21,6.12,5.88,5.61,5.36,5.27,5.12,5.1,5.03,4.9,4.8,6.1,5.91,6.55,8.42,8.14,7.63,7.24,7.04,7.02,7.12,7.05,5.15,5.27,6.4,7.09,7.21,7.04,6.66
117,3.39,3.28,3.19,3.17,3.31,3.39,3.79,4.25,4.97,6.85,7.29,7.46,7.34,7.28,7.24,7.07,6.6,4.04,3.82,3.97,4.0,4.03,4.1,4.2,4.31,4.38,4.32,4.08,3.8,3.59,4.37,4.01,3.86,4.78,5.85,5.85,5.57,5.42,5.38,5.36,5.04,2.99,3.17,3.14,3.0,2.92,2.82,2.77,2.73,2.64,2.59,2.43,2.36,2.59,2.62,3.94,4.06,4.37,3.46,2.62,2.14,1.74,1.49,1.43,1.04,1.02,1.16,1.15,1.2,0.86,0.56,0.95,1.53,2.13,2.76,3.23,3.43,3.74,5.17,5.7,5.65,4.51,3.56,4.0,3.65,0.6,3.46,5.61,6.08,5.34,3.69,3.96,4.43,5.22,5.7,5.8,5.7,5.43,5.27,5.33,5.33,5.34,6.38,6.44,6.64,7.61,7.81,7.7,7.61,7.68,7.9,8.22,8.36,6.97,5.81,6.21,6.12,5.88,5.61,5.36,5.27,5.12,5.1,5.03,4.9,4.8,6.1,5.91,6.55,8.42,8.14,7.63,7.24,7.04,7.02,7.12,7.05,5.15,5.27,6.4,7.09,7.21,7.04,6.66,6.37,5.82,5.39,4.78,4.7,4.86,6.34,6.48,6.66,8.01,7.01,5.85,5.15,4.75,4.55,4.46,3.9,2.59,3.25,3.76,4.15,4.69,5.41,6.16
118,4.31,4.38,4.32,4.08,3.8,3.59,4.37,4.01,3.86,4.78,5.85,5.85,5.57,5.42,5.38,5.36,5.04,2.99,3.17,3.14,3.0,2.92,2.82,2.77,2.73,2.64,2.59,2.43,2.36,2.59,2.62,3.94,4.06,4.37,3.46,2.62,2.14,1.74,1.49,1.43,1.04,1.02,1.16,1.15,1.2,0.86,0.56,0.95,1.53,2.13,2.76,3.23,3.43,3.74,5.17,5.7,5.65,4.51,3.56,4.0,3.65,0.6,3.46,5.61,6.08,5.34,3.69,3.96,4.43,5.22,5.7,5.8,5.7,5.43,5.27,5.33,5.33,5.34,6.38,6.44,6.64,7.61,7.81,7.7,7.61,7.68,7.9,8.22,8.36,6.97,5.81,6.21,6.12,5.88,5.61,5.36,5.27,5.12,5.1,5.03,4.9,4.8,6.1,5.91,6.55,8.42,8.14,7.63,7.24,7.04,7.02,7.12,7.05,5.15,5.27,6.4,7.09,7.21,7.04,6.66,6.37,5.82,5.39,4.78,4.7,4.86,6.34,6.48,6.66,8.01,7.01,5.85,5.15,4.75,4.55,4.46,3.9,2.59,3.25,3.76,4.15,4.69,5.41,6.16,6.66,7.03,7.3,7.17,6.86,6.82,7.67,8.17,7.94,8.3,7.44,6.69,6.57,6.4,6.12,5.7,4.49,2.88,3.24,3.41,3.6,3.73,3.75,3.68
119,2.73,2.64,2.59,2.43,2.36,2.59,2.62,3.94,4.06,4.37,3.46,2.62,2.14,1.74,1.49,1.43,1.04,1.02,1.16,1.15,1.2,0.86,0.56,0.95,1.53,2.13,2.76,3.23,3.43,3.74,5.17,5.7,5.65,4.51,3.56,4.0,3.65,0.6,3.46,5.61,6.08,5.34,3.69,3.96,4.43,5.22,5.7,5.8,5.7,5.43,5.27,5.33,5.33,5.34,6.38,6.44,6.64,7.61,7.81,7.7,7.61,7.68,7.9,8.22,8.36,6.97,5.81,6.21,6.12,5.88,5.61,5.36,5.27,5.12,5.1,5.03,4.9,4.8,6.1,5.91,6.55,8.42,8.14,7.63,7.24,7.04,7.02,7.12,7.05,5.15,5.27,6.4,7.09,7.21,7.04,6.66,6.37,5.82,5.39,4.78,4.7,4.86,6.34,6.48,6.66,8.01,7.01,5.85,5.15,4.75,4.55,4.46,3.9,2.59,3.25,3.76,4.15,4.69,5.41,6.16,6.66,7.03,7.3,7.17,6.86,6.82,7.67,8.17,7.94,8.3,7.44,6.69,6.57,6.4,6.12,5.7,4.49,2.88,3.24,3.41,3.6,3.73,3.75,3.68,3.52,3.25,2.89,2.54,2.3,2.19,1.96,2.67,2.68,3.12,5.3,6.82,7.15,7.33,7.39,7.33,6.49,3.79,3.69,3.55,3.27,3.08,3.02,3.03
120,1.53,2.13,2.76,3.23,3.43,3.74,5.17,5.7,5.65,4.51,3.56,4.0,3.65,0.6,3.46,5.61,6.08,5.34,3.69,3.96,4.43,5.22,5.7,5.8,5.7,5.43,5.27,5.33,5.33,5.34,6.38,6.44,6.64,7.61,7.81,7.7,7.61,7.68,7.9,8.22,8.36,6.97,5.81,6.21,6.12,5.88,5.61,5.36,5.27,5.12,5.1,5.03,4.9,4.8,6.1,5.91,6.55,8.42,8.14,7.63,7.24,7.04,7.02,7.12,7.05,5.15,5.27,6.4,7.09,7.21,7.04,6.66,6.37,5.82,5.39,4.78,4.7,4.86,6.34,6.48,6.66,8.01,7.01,5.85,5.15,4.75,4.55,4.46,3.9,2.59,3.25,3.76,4.15,4.69,5.41,6.16,6.66,7.03,7.3,7.17,6.86,6.82,7.67,8.17,7.94,8.3,7.44,6.69,6.57,6.4,6.12,5.7,4.49,2.88,3.24,3.41,3.6,3.73,3.75,3.68,3.52,3.25,2.89,2.54,2.3,2.19,1.96,2.67,2.68,3.12,5.3,6.82,7.15,7.33,7.39,7.33,6.49,3.79,3.69,3.55,3.27,3.08,3.02,3.03,3.09,3.2,3.31,3.34,3.3,3.19,2.72,3.73,3.23,3.34,5.61,6.19,5.81,5.84,6.03,6.01,4.83,3.29,3.62,3.71,3.67,3.68,3.7,3.71
121,5.7,5.43,5.27,5.33,5.33,5.34,6.38,6.44,6.64,7.61,7.81,7.7,7.61,7.68,7.9,8.22,8.36,6.97,5.81,6.21,6.12,5.88,5.61,5.36,5.27,5.12,5.1,5.03,4.9,4.8,6.1,5.91,6.55,8.42,8.14,7.63,7.24,7.04,7.02,7.12,7.05,5.15,5.27,6.4,7.09,7.21,7.04,6.66,6.37,5.82,5.39,4.78,4.7,4.86,6.34,6.48,6.66,8.01,7.01,5.85,5.15,4.75,4.55,4.46,3.9,2.59,3.25,3.76,4.15,4.69,5.41,6.16,6.66,7.03,7.3,7.17,6.86,6.82,7.67,8.17,7.94,8.3,7.44,6.69,6.57,6.4,6.12,5.7,4.49,2.88,3.24,3.41,3.6,3.73,3.75,3.68,3.52,3.25,2.89,2.54,2.3,2.19,1.96,2.67,2.68,3.12,5.3,6.82,7.15,7.33,7.39,7.33,6.49,3.79,3.69,3.55,3.27,3.08,3.02,3.03,3.09,3.2,3.31,3.34,3.3,3.19,2.72,3.73,3.23,3.34,5.61,6.19,5.81,5.84,6.03,6.01,4.83,3.29,3.62,3.71,3.67,3.68,3.7,3.71,3.71,3.73,3.75,3.73,3.68,3.64,4.46,4.51,3.58,4.15,4.11,3.84,4.04,4.8,5.63,6.17,6.38,6.18,5.04,4.65,5.02,6.23,7.37,7.96
122,5.27,5.12,5.1,5.03,4.9,4.8,6.1,5.91,6.55,8.42,8.14,7.63,7.24,7.04,7.02,7.12,7.05,5.15,5.27,6.4,7.09,7.21,7.04,6.66,6.37,5.82,5.39,4.78,4.7,4.86,6.34,6.48,6.66,8.01,7.01,5.85,5.15,4.75,4.55,4.46,3.9,2.59,3.25,3.76,4.15,4.69,5.41,6.16,6.66,7.03,7.3,7.17,6.86,6.82,7.67,8.17,7.94,8.3,7.44,6.69,6.57,6.4,6.12,5.7,4.49,2.88,3.24,3.41,3.6,3.73,3.75,3.68,3.52,3.25,2.89,2.54,2.3,2.19,1.96,2.67,2.68,3.12,5.3,6.82,7.15,7.33,7.39,7.33,6.49,3.79,3.69,3.55,3.27,3.08,3.02,3.03,3.09,3.2,3.31,3.34,3.3,3.19,2.72,3.73,3.23,3.34,5.61,6.19,5.81,5.84,6.03,6.01,4.83,3.29,3.62,3.71,3.67,3.68,3.7,3.71,3.71,3.73,3.75,3.73,3.68,3.64,4.46,4.51,3.58,4.15,4.11,3.84,4.04,4.8,5.63,6.17,6.38,6.18,5.04,4.65,5.02,6.23,7.37,7.96,7.6,6.67,5.64,4.31,2.59,1.57,0.83,0.46,3.29,5.63,6.08,6.1,6.13,6.19,6.2,6.03,5.62,3.47,3.23,3.54,3.77,3.95,4.02,3.98
123,6.37,5.82,5.39,4.78,4.7,4.86,6.34,6.48,6.66,8.01,7.01,5.85,5.15,4.75,4.55,4.46,3.9,2.59,3.25,3.76,4.15,4.69,5.41,6.16,6.66,7.03,7.3,7.17,6.86,6.82,7.67,8.17,7.94,8.3,7.44,6.69,6.57,6.4,6.12,5.7,4.49,2.88,3.24,3.41,3.6,3.73,3.75,3.68,3.52,3.25,2.89,2.54,2.3,2.19,1.96,2.67,2.68,3.12,5.3,6.82,7.15,7.33,7.39,7.33,6.49,3.79,3.69,3.55,3.27,3.08,3.02,3.03,3.09,3.2,3.31,3.34,3.3,3.19,2.72,3.73,3.23,3.34,5.61,6.19,5.81,5.84,6.03,6.01,4.83,3.29,3.62,3.71,3.67,3.68,3.7,3.71,3.71,3.73,3.75,3.73,3.68,3.64,4.46,4.51,3.58,4.15,4.11,3.84,4.04,4.8,5.63,6.17,6.38,6.18,5.04,4.65,5.02,6.23,7.37,7.96,7.6,6.67,5.64,4.31,2.59,1.57,0.83,0.46,3.29,5.63,6.08,6.1,6.13,6.19,6.2,6.03,5.62,3.47,3.23,3.54,3.77,3.95,4.02,3.98,3.79,3.54,3.28,3.02,2.86,2.82,3.54,4.05,4.2,5.88,6.59,7.17,7.7,8.19,8.68,9.05,8.93,6.69,4.42,4.18,4.09,4.01,3.98,3.9
124,6.66,7.03,7.3,7.17,6.86,6.82,7.67,8.17,7.94,8.3,7.44,6.69,6.57,6.4,6.12,5.7,4.49,2.88,3.24,3.41,3.6,3.73,3.75,3.68,3.52,3.25,2.89,2.54,2.3,2.19,1.96,2.67,2.68,3.12,5.3,6.82,7.15,7.33,7.39,7.33,6.49,3.79,3.69,3.55,3.27,3.08,3.02,3.03,3.09,3.2,3.31,3.34,3.3,3.19,2.72,3.73,3.23,3.34,5.61,6.19,5.81,5.84,6.03,6.01,4.83,3.29,3.62,3.71,3.67,3.68,3.7,3.71,3.71,3.73,3.75,3.73,3.68,3.64,4.46,4.51,3.58,4.15,4.11,3.84,4.04,4.8,5.63,6.17,6.38,6.18,5.04,4.65,5.02,6.23,7.37,7.96,7.6,6.67,5.64,4.31,2.59,1.57,0.83,0.46,3.29,5.63,6.08,6.1,6.13,6.19,6.2,6.03,5.62,3.47,3.23,3.54,3.77,3.95,4.02,3.98,3.79,3.54,3.28,3.02,2.86,2.82,3.54,4.05,4.2,5.88,6.59,7.17,7.7,8.19,8.68,9.05,8.93,6.69,4.42,4.18,4.09,4.01,3.98,3.9,3.82,3.7,3.54,3.32,2.98,2.56,2.31,1.71,2.33,3.7,5.03,5.55,6.12,6.78,7.21,7.39,6.99,4.22,3.04,2.95,3.25,3.59,3.83,3.96
125,3.52,3.25,2.89,2.54,2.3,2.19,1.96,2.67,2.68,3.12,5.3,6.82,7.15,7.33,7.39,7.33,6.49,3.79,3.69,3.55,3.27,3.08,3.02,3.03,3.09,3.2,3.31,3.34,3.3,3.19,2.72,3.73,3.23,3.34,5.61,6.19,5.81,5.84,6.03,6.01,4.83,3.29,3.62,3.71,3.67,3.68,3.7,3.71,3.71,3.73,3.75,3.73,3.68,3.64,4.46,4.51,3.58,4.15,4.11,3.84,4.04,4.8,5.63,6.17,6.38,6.18,5.04,4.65,5.02,6.23,7.37,7.96,7.6,6.67,5.64,4.31,2.59,1.57,0.83,0.46,3.29,5.63,6.08,6.1,6.13,6.19,6.2,6.03,5.62,3.47,3.23,3.54,3.77,3.95,4.02,3.98,3.79,3.54,3.28,3.02,2.86,2.82,3.54,4.05,4.2,5.88,6.59,7.17,7.7,8.19,8.68,9.05,8.93,6.69,4.42,4.18,4.09,4.01,3.98,3.9,3.82,3.7,3.54,3.32,2.98,2.56,2.31,1.71,2.33,3.7,5.03,5.55,6.12,6.78,7.21,7.39,6.99,4.22,3.04,2.95,3.25,3.59,3.83,3.96,3.88,3.78,3.87,4.09,4.31,4.68,5.83,5.88,6.27,7.04,7.42,7.79,8.23,8.59,8.78,8.74,8.37,6.33,3.93,3.76,3.73,3.85,4.23,4.56
126,3.09,3.2,3.31,3.34,3.3,3.19,2.72,3.73,3.23,3.34,5.61,6.19,5.81,5.84,6.03,6.01,4.83,3.29,3.62,3.71,3.67,3.68,3.7,3.71,3.71,3.73,3.75,3.73,3.68,3.64,4.46,4.51,3.58,4.15,4.11,3.84,4.04,4.8,5.63,6.17,6.38,6.18,5.04,4.65,5.02,6.23,7.37,7.96,7.6,6.67,5.64,4.31,2.59,1.57,0.83,0.46,3.29,5.63,6.08,6.1,6.13,6.19,6.2,6.03,5.62,3.47,3.23,3.54,3.77,3.95,4.02,3.98,3.79,3.54,3.28,3.02,2.86,2.82,3.54,4.05,4.2,5.88,6.59,7.17,7.7,8.19,8.68,9.05,8.93,6.69,4.42,4.18,4.09,4.01,3.98,3.9,3.82,3.7,3.54,3.32,2.98,2.56,2.31,1.71,2.33,3.7,5.03,5.55,6.12,6.78,7.21,7.39,6.99,4.22,3.04,2.95,3.25,3.59,3.83,3.96,3.88,3.78,3.87,4.09,4.31,4.68,5.83,5.88,6.27,7.04,7.42,7.79,8.23,8.59,8.78,8.74,8.37,6.33,3.93,3.76,3.73,3.85,4.23,4.56,4.51,4.28,3.93,3.97,3.46,2.91,3.76,4.55,5.55,6.7,7.83,8.86,9.8,10.37,10.69,10.81,10.48,8.82,6.59,6.12,5.94,5.72,5.94,6.07
127,3.71,3.73,3.75,3.73,3.68,3.64,4.46,4.51,3.58,4.15,4.11,3.84,4.04,4.8,5.63,6.17,6.38,6.18,5.04,4.65,5.02,6.23,7.37,7.96,7.6,6.67,5.64,4.31,2.59,1.57,0.83,0.46,3.29,5.63,6.08,6.1,6.13,6.19,6.2,6.03,5.62,3.47,3.23,3.54,3.77,3.95,4.02,3.98,3.79,3.54,3.28,3.02,2.86,2.82,3.54,4.05,4.2,5.88,6.59,7.17,7.7,8.19,8.68,9.05,8.93,6.69,4.42,4.18,4.09,4.01,3.98,3.9,3.82,3.7,3.54,3.32,2.98,2.56,2.31,1.71,2.33,3.7,5.03,5.55,6.12,6.78,7.21,7.39,6.99,4.22,3.04,2.95,3.25,3.59,3.83,3.96,3.88,3.78,3.87,4.09,4.31,4.68,5.83,5.88,6.27,7.04,7.42,7.79,8.23,8.59,8.78,8.74,8.37,6.33,3.93,3.76,3.73,3.85,4.23,4.56,4.51,4.28,3.93,3.97,3.46,2.91,3.76,4.55,5.55,6.7,7.83,8.86,9.8,10.37,10.69,10.81,10.48,8.82,6.59,6.12,5.94,5.72,5.94,6.07,5.59,5.2,4.71,5.11,5.14,5.0,6.05,7.32,7.33,6.87,6.41,6.28,6.45,6.74,6.95,6.95,6.66,5.5,3.33,3.22,3.01,2.78,2.53,2.33
128,7.6,6.67,5.64,4.31,2.59,1.57,0.83,0.46,3.29,5.63,6.08,6.1,6.13,6.19,6.2,6.03,5.62,3.47,3.23,3.54,3.77,3.95,4.02,3.98,3.79,3.54,3.28,3.02,2.86,2.82,3.54,4.05,4.2,5.88,6.59,7.17,7.7,8.19,8.68,9.05,8.93,6.69,4.42,4.18,4.09,4.01,3.98,3.9,3.82,3.7,3.54,3.32,2.98,2.56,2.31,1.71,2.33,3.7,5.03,5.55,6.12,6.78,7.21,7.39,6.99,4.22,3.04,2.95,3.25,3.59,3.83,3.96,3.88,3.78,3.87,4.09,4.31,4.68,5.83,5.88,6.27,7.04,7.42,7.79,8.23,8.59,8.78,8.74,8.37,6.33,3.93,3.76,3.73,3.85,4.23,4.56,4.51,4.28,3.93,3.97,3.46,2.91,3.76,4.55,5.55,6.7,7.83,8.86,9.8,10.37,10.69,10.81,10.48,8.82,6.59,6.12,5.94,5.72,5.94,6.07,5.59,5.2,4.71,5.11,5.14,5.0,6.05,7.32,7.33,6.87,6.41,6.28,6.45,6.74,6.95,6.95,6.66,5.5,3.33,3.22,3.01,2.78,2.53,2.33,2.24,2.36,2.65,2.94,3.2,3.38,4.54,4.9,5.33,5.46,6.04,6.94,7.81,8.41,8.84,8.94,8.68,7.63,4.62,3.7,3.6,3.53,3.46,3.37
129,3.79,3.54,3.28,3.02,2.86,2.82,3.54,4.05,4.2,5.88,6.59,7.17,7.7,8.19,8.68,9.05,8.93,6.69,4.42,4.18,4.09,4.01,3.98,3.9,3.82,3.7,3.54,3.32,2.98,2.56,2.31,1.71,2.33,3.7,5.03,5.55,6.12,6.78,7.21,7.39,6.99,4.22,3.04,2.95,3.25,3.59,3.83,3.96,3.88,3.78,3.87,4.09,4.31,4.68,5.83,5.88,6.27,7.04,7.42,7.79,8.23,8.59,8.78,8.74,8.37,6.33,3.93,3.76,3.73,3.85,4.23,4.56,4.51,4.28,3.93,3.97,3.46,2.91,3.76,4.55,5.55,6.7,7.83,8.86,9.8,10.37,10.69,10.81,10.48,8.82,6.59,6.12,5.94,5.72,5.94,6.07,5.59,5.2,4.71,5.11,5.14,5.0,6.05,7.32,7.33,6.87,6.41,6.28,6.45,6.74,6.95,6.95,6.66,5.5,3.33,3.22,3.01,2.78,2.53,2.33,2.24,2.36,2.65,2.94,3.2,3.38,4.54,4.9,5.33,5.46,6.04,6.94,7.81,8.41,8.84,8.94,8.68,7.63,4.62,3.7,3.6,3.53,3.46,3.37,3.26,3.13,2.99,2.88,2.78,2.56,3.16,2.65,4.25,4.7,4.97,5.24,5.46,5.63,5.74,5.86,5.85,5.12,3.25,3.39,3.32,3.25,3.2,3.16
130,3.82,3.7,3.54,3.32,2.98,2.56,2.31,1.71,2.33,3.7,5.03,5.55,6.12,6.78,7.21,7.39,6.99,4.22,3.04,2.95,3.25,3.59,3.83,3.96,3.88,3.78,3.87,4.09,4.31,4.68,5.83,5.88,6.27,7.04,7.42,7.79,8.23,8.59,8.78,8.74,8.37,6.33,3.93,3.76,3.73,3.85,4.23,4.56,4.51,4.28,3.93,3.97,3.46,2.91,3.76,4.55,5.55,6.7,7.83,8.86,9.8,10.37,10.69,10.81,10.48,8.82,6.59,6.12,5.94,5.72,5.94,6.07,5.59,5.2,4.71,5.11,5.14,5.0,6.05,7.32,7.33,6.87,6.41,6.28,6.45,6.74,6.95,6.95,6.66,5.5,3.33,3.22,3.01,2.78,2.53,2.33,2.24,2.36,2.65,2.94,3.2,3.38,4.54,4.9,5.33,5.46,6.04,6.94,7.81,8.41,8.84,8.94,8.68,7.63,4.62,3.7,3.6,3.53,3.46,3.37,3.26,3.13,2.99,2.88,2.78,2.56,3.16,2.65,4.25,4.7,4.97,5.24,5.46,5.63,5.74,5.86,5.85,5.12,3.25,3.39,3.32,3.25,3.2,3.16,3.13,3.09,2.99,2.87,2.78,2.76,3.75,3.78,3.96,4.06,4.1,4.14,4.25,4.48,4.78,5.12,5.43,5.36,3.59,3.9,4.21,4.41,4.45,4.42
131,3.88,3.78,3.87,4.09,4.31,4.68,5.83,5.88,6.27,7.04,7.42,7.79,8.23,8.59,8.78,8.74,8.37,6.33,3.93,3.76,3.73,3.85,4.23,4.56,4.51,4.28,3.93,3.97,3.46,2.91,3.76,4.55,5.55,6.7,7.83,8.86,9.8,10.37,10.69,10.81,10.48,8.82,6.59,6.12,5.94,5.72,5.94,6.07,5.59,5.2,4.71,5.11,5.14,5.0,6.05,7.32,7.33,6.87,6.41,6.28,6.45,6.74,6.95,6.95,6.66,5.5,3.33,3.22,3.01,2.78,2.53,2.33,2.24,2.36,2.65,2.94,3.2,3.38,4.54,4.9,5.33,5.46,6.04,6.94,7.81,8.41,8.84,8.94,8.68,7.63,4.62,3.7,3.6,3.53,3.46,3.37,3.26,3.13,2.99,2.88,2.78,2.56,3.16,2.65,4.25,4.7,4.97,5.24,5.46,5.63,5.74,5.86,5.85,5.12,3.25,3.39,3.32,3.25,3.2,3.16,3.13,3.09,2.99,2.87,2.78,2.76,3.75,3.78,3.96,4.06,4.1,4.14,4.25,4.48,4.78,5.12,5.43,5.36,3.59,3.9,4.21,4.41,4.45,4.42,4.39,4.46,4.85,5.5,5.81,6.23,7.15,7.33,7.62,7.26,6.96,6.97,7.13,7.4,7.62,7.7,7.6,7.11,4.75,4.32,4.24,4.14,4.06,3.98
132,4.51,4.28,3.93,3.97,3.46,2.91,3.76,4.55,5.55,6.7,7.83,8.86,9.8,10.37,10.69,10.81,10.48,8.82,6.59,6.12,5.94,5.72,5.94,6.07,5.59,5.2,4.71,5.11,5.14,5.0,6.05,7.32,7.33,6.87,6.41,6.28,6.45,6.74,6.95,6.95,6.66,5.5,3.33,3.22,3.01,2.78,2.53,2.33,2.24,2.36,2.65,2.94,3.2,3.38,4.54,4.9,5.33,5.46,6.04,6.94,7.81,8.41,8.84,8.94,8.68,7.63,4.62,3.7,3.6,3.53,3.46,3.37,3.26,3.13,2.99,2.88,2.78,2.56,3.16,2.65,4.25,4.7,4.97,5.24,5.46,5.63,5.74,5.86,5.85,5.12,3.25,3.39,3.32,3.25,3.2,3.16,3.13,3.09,2.99,2.87,2.78,2.76,3.75,3.78,3.96,4.06,4.1,4.14,4.25,4.48,4.78,5.12,5.43,5.36,3.59,3.9,4.21,4.41,4.45,4.42,4.39,4.46,4.85,5.5,5.81,6.23,7.15,7.33,7.62,7.26,6.96,6.97,7.13,7.4,7.62,7.7,7.6,7.11,4.75,4.32,4.24,4.14,4.06,3.98,3.94,3.95,3.96,3.99,3.98,4.17,5.61,5.15,6.52,6.71,6.19,5.59,5.16,5.31,5.7,6.06,6.33,6.22,4.64,5.23,5.66,5.63,5.45,5.22
133,5.59,5.2,4.71,5.11,5.14,5.0,6.05,7.32,7.33,6.87,6.41,6.28,6.45,6.74,6.95,6.95,6.66,5.5,3.33,3.22,3.01,2.78,2.53,2.33,2.24,2.36,2.65,2.94,3.2,3.38,4.54,4.9,5.33,5.46,6.04,6.94,7.81,8.41,8.84,8.94,8.68,7.63,4.62,3.7,3.6,3.53,3.46,3.37,3.26,3.13,2.99,2.88,2.78,2.56,3.16,2.65,4.25,4.7,4.97,5.24,5.46,5.63,5.74,5.86,5.85,5.12,3.25,3.39,3.32,3.25,3.2,3.16,3.13,3.09,2.99,2.87,2.78,2.76,3.75,3.78,3.96,4.06,4.1,4.14,4.25,4.48,4.78,5.12,5.43,5.36,3.59,3.9,4.21,4.41,4.45,4.42,4.39,4.46,4.85,5.5,5.81,6.23,7.15,7.33,7.62,7.26,6.96,6.97,7.13,7.4,7.62,7.7,7.6,7.11,4.75,4.32,4.24,4.14,4.06,3.98,3.94,3.95,3.96,3.99,3.98,4.17,5.61,5.15,6.52,6.71,6.19,5.59,5.16,5.31,5.7,6.06,6.33,6.22,4.64,5.23,5.66,5.63,5.45,5.22,5.01,4.83,4.61,4.42,4.26,4.18,5.38,4.13,4.56,4.93,5.29,5.68,5.95,6.13,6.29,6.47,6.67,6.29,4.38,4.66,4.74,4.5,4.16,3.85
134,2.24,2.36,2.65,2.94,3.2,3.38,4.54,4.9,5.33,5.46,6.04,6.94,7.81,8.41,8.84,8.94,8.68,7.63,4.62,3.7,3.6,3.53,3.46,3.37,3.26,3.13,2.99,2.88,2.78,2.56,3.16,2.65,4.25,4.7,4.97,5.24,5.46,5.63,5.74,5.86,5.85,5.12,3.25,3.39,3.32,3.25,3.2,3.16,3.13,3.09,2.99,2.87,2.78,2.76,3.75,3.78,3.96,4.06,4.1,4.14,4.25,4.48,4.78,5.12,5.43,5.36,3.59,3.9,4.21,4.41,4.45,4.42,4.39,4.46,4.85,5.5,5.81,6.23,7.15,7.33,7.62,7.26,6.96,6.97,7.13,7.4,7.62,7.7,7.6,7.11,4.75,4.32,4.24,4.14,4.06,3.98,3.94,3.95,3.96,3.99,3.98,4.17,5.61,5.15,6.52,6.71,6.19,5.59,5.16,5.31,5.7,6.06,6.33,6.22,4.64,5.23,5.66,5.63,5.45,5.22,5.01,4.83,4.61,4.42,4.26,4.18,5.38,4.13,4.56,4.93,5.29,5.68,5.95,6.13,6.29,6.47,6.67,6.29,4.38,4.66,4.74,4.5,4.16,3.85,3.67,3.62,3.62,3.59,3.51,3.28,3.9,3.07,3.12,3.92,4.31,4.53,4.7,4.91,5.22,5.57,5.85,5.33,3.65,4.02,4.44,5.09,5.91,6.41
135,3.26,3.13,2.99,2.88,2.78,2.56,3.16,2.65,4.25,4.7,4.97,5.24,5.46,5.63,5.74,5.86,5.85,5.12,3.25,3.39,3.32,3.25,3.2,3.16,3.13,3.09,2.99,2.87,2.78,2.76,3.75,3.78,3.96,4.06,4.1,4.14,4.25,4.48,4.78,5.12,5.43,5.36,3.59,3.9,4.21,4.41,4.45,4.42,4.39,4.46,4.85,5.5,5.81,6.23,7.15,7.33,7.62,7.26,6.96,6.97,7.13,7.4,7.62,7.7,7.6,7.11,4.75,4.32,4.24,4.14,4.06,3.98,3.94,3.95,3.96,3.99,3.98,4.17,5.61,5.15,6.52,6.71,6.19,5.59,5.16,5.31,5.7,6.06,6.33,6.22,4.64,5.23,5.66,5.63,5.45,5.22,5.01,4.83,4.61,4.42,4.26,4.18,5.38,4.13,4.56,4.93,5.29,5.68,5.95,6.13,6.29,6.47,6.67,6.29,4.38,4.66,4.74,4.5,4.16,3.85,3.67,3.62,3.62,3.59,3.51,3.28,3.9,3.07,3.12,3.92,4.31,4.53,4.7,4.91,5.22,5.57,5.85,5.33,3.65,4.02,4.44,5.09,5.91,6.41,6.54,6.6,6.65,6.86,7.12,7.48,8.2,8.69,10.37,10.69,10.72,10.65,10.58,10.53,10.57,10.68,10.78,10.24,8.96,8.68,8.88,8.67,7.64,7.47
136,3.13,3.09,2.99,2.87,2.78,2.76,3.75,3.78,3.96,4.06,4.1,4.14,4.25,4.48,4.78,5.12,5.43,5.36,3.59,3.9,4.21,4.41,4.45,4.42,4.39,4.46,4.85,5.5,5.81,6.23,7.15,7.33,7.62,7.26,6.96,6.97,7.13,7.4,7.62,7.7,7.6,7.11,4.75,4.32,4.24,4.14,4.06,3.98,3.94,3.95,3.96,3.99,3.98,4.17,5.61,5.15,6.52,6.71,6.19,5.59,5.16,5.31,5.7,6.06,6.33,6.22,4.64,5.23,5.66,5.63,5.45,5.22,5.01,4.83,4.61,4.42,4.26,4.18,5.38,4.13,4.56,4.93,5.29,5.68,5.95,6.13,6.29,6.47,6.67,6.29,4.38,4.66,4.74,4.5,4.16,3.85,3.67,3.62,3.62,3.59,3.51,3.28,3.9,3.07,3.12,3.92,4.31,4.53,4.7,4.91,5.22,5.57,5.85,5.33,3.65,4.02,4.44,5.09,5.91,6.41,6.54,6.6,6.65,6.86,7.12,7.48,8.2,8.69,10.37,10.69,10.72,10.65,10.58,10.53,10.57,10.68,10.78,10.24,8.96,8.68,8.88,8.67,7.64,7.47,7.29,6.87,6.53,6.47,6.72,7.42,8.55,9.61,9.21,9.33,10.21,11.38,12.66,13.46,14.04,14.37,14.13,13.46,12.58,11.71,11.21,10.94,10.72,10.58
137,4.39,4.46,4.85,5.5,5.81,6.23,7.15,7.33,7.62,7.26,6.96,6.97,7.13,7.4,7.62,7.7,7.6,7.11,4.75,4.32,4.24,4.14,4.06,3.98,3.94,3.95,3.96,3.99,3.98,4.17,5.61,5.15,6.52,6.71,6.19,5.59,5.16,5.31,5.7,6.06,6.33,6.22,4.64,5.23,5.66,5.63,5.45,5.22,5.01,4.83,4.61,4.42,4.26,4.18,5.38,4.13,4.56,4.93,5.29,5.68,5.95,6.13,6.29,6.47,6.67,6.29,4.38,4.66,4.74,4.5,4.16,3.85,3.67,3.62,3.62,3.59,3.51,3.28,3.9,3.07,3.12,3.92,4.31,4.53,4.7,4.91,5.22,5.57,5.85,5.33,3.65,4.02,4.44,5.09,5.91,6.41,6.54,6.6,6.65,6.86,7.12,7.48,8.2,8.69,10.37,10.69,10.72,10.65,10.58,10.53,10.57,10.68,10.78,10.24,8.96,8.68,8.88,8.67,7.64,7.47,7.29,6.87,6.53,6.47,6.72,7.42,8.55,9.61,9.21,9.33,10.21,11.38,12.66,13.46,14.04,14.37,14.13,13.46,12.58,11.71,11.21,10.94,10.72,10.58,10.25,9.88,9.71,9.68,9.28,9.47,10.33,11.3,12.15,12.14,11.45,10.51,9.56,8.82,8.18,7.7,7.66,7.69,9.35,11.3,10.55,8.53,7.91,7.71
138,3.94,3.95,3.96,3.99,3.98,4.17,5.61,5.15,6.52,6.71,6.19,5.59,5.16,5.31,5.7,6.06,6.33,6.22,4.64,5.23,5.66,5.63,5.45,5.22,5.01,4.83,4.61,4.42,4.26,4.18,5.38,4.13,4.56,4.93,5.29,5.68,5.95,6.13,6.29,6.47,6.67,6.29,4.38,4.66,4.74,4.5,4.16,3.85,3.67,3.62,3.62,3.59,3.51,3.28,3.9,3.07,3.12,3.92,4.31,4.53,4.7,4.91,5.22,5.57,5.85,5.33,3.65,4.02,4.44,5.09,5.91,6.41,6.54,6.6,6.65,6.86,7.12,7.48,8.2,8.69,10.37,10.69,10.72,10.65,10.58,10.53,10.57,10.68,10.78,10.24,8.96,8.68,8.88,8.67,7.64,7.47,7.29,6.87,6.53,6.47,6.72,7.42,8.55,9.61,9.21,9.33,10.21,11.38,12.66,13.46,14.04,14.37,14.13,13.46,12.58,11.71,11.21,10.94,10.72,10.58,10.25,9.88,9.71,9.68,9.28,9.47,10.33,11.3,12.15,12.14,11.45,10.51,9.56,8.82,8.18,7.7,7.66,7.69,9.35,11.3,10.55,8.53,7.91,7.71,8.63,7.88,6.49,5.37,4.27,4.45,4.93,4.4,3.75,2.99,2.85,3.05,3.44,4.12,5.0,5.8,6.17,4.55,3.52,3.41,3.03,2.73,2.68,2.74
139,5.01,4.83,4.61,4.42,4.26,4.18,5.38,4.13,4.56,4.93,5.29,5.68,5.95,6.13,6.29,6.47,6.67,6.29,4.38,4.66,4.74,4.5,4.16,3.85,3.67,3.62,3.62,3.59,3.51,3.28,3.9,3.07,3.12,3.92,4.31,4.53,4.7,4.91,5.22,5.57,5.85,5.33,3.65,4.02,4.44,5.09,5.91,6.41,6.54,6.6,6.65,6.86,7.12,7.48,8.2,8.69,10.37,10.69,10.72,10.65,10.58,10.53,10.57,10.68,10.78,10.24,8.96,8.68,8.88,8.67,7.64,7.47,7.29,6.87,6.53,6.47,6.72,7.42,8.55,9.61,9.21,9.33,10.21,11.38,12.66,13.46,14.04,14.37,14.13,13.46,12.58,11.71,11.21,10.94,10.72,10.58,10.25,9.88,9.71,9.68,9.28,9.47,10.33,11.3,12.15,12.14,11.45,10.51,9.56,8.82,8.18,7.7,7.66,7.69,9.35,11.3,10.55,8.53,7.91,7.71,8.63,7.88,6.49,5.37,4.27,4.45,4.93,4.4,3.75,2.99,2.85,3.05,3.44,4.12,5.0,5.8,6.17,4.55,3.52,3.41,3.03,2.73,2.68,2.74,2.84,2.93,3.03,3.31,3.71,4.47,6.31,6.92,6.96,5.99,4.68,4.5,4.9,5.3,5.51,5.5,5.16,3.15,2.85,2.74,2.48,2.29,2.16,2.0
140,3.67,3.62,3.62,3.59,3.51,3.28,3.9,3.07,3.12,3.92,4.31,4.53,4.7,4.91,5.22,5.57,5.85,5.33,3.65,4.02,4.44,5.09,5.91,6.41,6.54,6.6,6.65,6.86,7.12,7.48,8.2,8.69,10.37,10.69,10.72,10.65,10.58,10.53,10.57,10.68,10.78,10.24,8.96,8.68,8.88,8.67,7.64,7.47,7.29,6.87,6.53,6.47,6.72,7.42,8.55,9.61,9.21,9.33,10.21,11.38,12.66,13.46,14.04,14.37,14.13,13.46,12.58,11.71,11.21,10.94,10.72,10.58,10.25,9.88,9.71,9.68,9.28,9.47,10.33,11.3,12.15,12.14,11.45,10.51,9.56,8.82,8.18,7.7,7.66,7.69,9.35,11.3,10.55,8.53,7.91,7.71,8.63,7.88,6.49,5.37,4.27,4.45,4.93,4.4,3.75,2.99,2.85,3.05,3.44,4.12,5.0,5.8,6.17,4.55,3.52,3.41,3.03,2.73,2.68,2.74,2.84,2.93,3.03,3.31,3.71,4.47,6.31,6.92,6.96,5.99,4.68,4.5,4.9,5.3,5.51,5.5,5.16,3.15,2.85,2.74,2.48,2.29,2.16,2.0,1.83,1.69,1.7,1.93,2.45,2.89,3.23,4.24,3.76,3.49,3.34,3.32,3.28,3.23,3.12,2.91,2.58,1.64,1.68,1.46,0.99,0.38,0.61,1.78
141,6.54,6.6,6.65,6.86,7.12,7.48,8.2,8.69,10.37,10.69,10.72,10.65,10.58,10.53,10.57,10.68,10.78,10.24,8.96,8.68,8.88,8.67,7.64,7.47,7.29,6.87,6.53,6.47,6.72,7.42,8.55,9.61,9.21,9.33,10.21,11.38,12.66,13.46,14.04,14.37,14.13,13.46,12.58,11.71,11.21,10.94,10.72,10.58,10.25,9.88,9.71,9.68,9.28,9.47,10.33,11.3,12.15,12.14,11.45,10.51,9.56,8.82,8.18,7.7,7.66,7.69,9.35,11.3,10.55,8.53,7.91,7.71,8.63,7.88,6.49,5.37,4.27,4.45,4.93,4.4,3.75,2.99,2.85,3.05,3.44,4.12,5.0,5.8,6.17,4.55,3.52,3.41,3.03,2.73,2.68,2.74,2.84,2.93,3.03,3.31,3.71,4.47,6.31,6.92,6.96,5.99,4.68,4.5,4.9,5.3,5.51,5.5,5.16,3.15,2.85,2.74,2.48,2.29,2.16,2.0,1.83,1.69,1.7,1.93,2.45,2.89,3.23,4.24,3.76,3.49,3.34,3.32,3.28,3.23,3.12,2.91,2.58,1.64,1.68,1.46,0.99,0.38,0.61,1.78,2.99,5.05,6.7,7.63,7.64,7.72,7.91,8.36,9.05,9.01,8.33,7.41,6.45,5.48,4.56,3.83,3.21,1.9,1.75,2.24,3.08,4.49,5.13,4.97
142,7.29,6.87,6.53,6.47,6.72,7.42,8.55,9.61,9.21,9.33,10.21,11.38,12.66,13.46,14.04,14.37,14.13,13.46,12.58,11.71,11.21,10.94,10.72,10.58,10.25,9.88,9.71,9.68,9.28,9.47,10.33,11.3,12.15,12.14,11.45,10.51,9.56,8.82,8.18,7.7,7.66,7.69,9.35,11.3,10.55,8.53,7.91,7.71,8.63,7.88,6.49,5.37,4.27,4.45,4.93,4.4,3.75,2.99,2.85,3.05,3.44,4.12,5.0,5.8,6.17,4.55,3.52,3.41,3.03,2.73,2.68,2.74,2.84,2.93,3.03,3.31,3.71,4.47,6.31,6.92,6.96,5.99,4.68,4.5,4.9,5.3,5.51,5.5,5.16,3.15,2.85,2.74,2.48,2.29,2.16,2.0,1.83,1.69,1.7,1.93,2.45,2.89,3.23,4.24,3.76,3.49,3.34,3.32,3.28,3.23,3.12,2.91,2.58,1.64,1.68,1.46,0.99,0.38,0.61,1.78,2.99,5.05,6.7,7.63,7.64,7.72,7.91,8.36,9.05,9.01,8.33,7.41,6.45,5.48,4.56,3.83,3.21,1.9,1.75,2.24,3.08,4.49,5.13,4.97,4.57,4.08,3.63,3.53,3.97,4.65,5.49,5.44,6.53,6.0,5.14,4.45,3.95,3.62,3.36,2.97,2.57,1.63,1.2,1.18,1.71,2.22,2.46,2.56
143,10.25,9.88,9.71,9.68,9.28,9.47,10.33,11.3,12.15,12.14,11.45,10.51,9.56,8.82,8.18,7.7,7.66,7.69,9.35,11.3,10.55,8.53,7.91,7.71,8.63,7.88,6.49,5.37,4.27,4.45,4.93,4.4,3.75,2.99,2.85,3.05,3.44,4.12,5.0,5.8,6.17,4.55,3.52,3.41,3.03,2.73,2.68,2.74,2.84,2.93,3.03,3.31,3.71,4.47,6.31,6.92,6.96,5.99,4.68,4.5,4.9,5.3,5.51,5.5,5.16,3.15,2.85,2.74,2.48,2.29,2.16,2.0,1.83,1.69,1.7,1.93,2.45,2.89,3.23,4.24,3.76,3.49,3.34,3.32,3.28,3.23,3.12,2.91,2.58,1.64,1.68,1.46,0.99,0.38,0.61,1.78,2.99,5.05,6.7,7.63,7.64,7.72,7.91,8.36,9.05,9.01,8.33,7.41,6.45,5.48,4.56,3.83,3.21,1.9,1.75,2.24,3.08,4.49,5.13,4.97,4.57,4.08,3.63,3.53,3.97,4.65,5.49,5.44,6.53,6.0,5.14,4.45,3.95,3.62,3.36,2.97,2.57,1.63,1.2,1.18,1.71,2.22,2.46,2.56,2.66,2.81,2.98,3.09,3.15,3.12,3.66,4.26,3.47,3.48,3.77,4.07,4.25,4.31,4.28,4.21,4.19,3.22,2.79,2.99,2.95,2.71,2.33,2.01
144,8.63,7.88,6.49,5.37,4.27,4.45,4.93,4.4,3.75,2.99,2.85,3.05,3.44,4.12,5.0,5.8,6.17,4.55,3.52,3.41,3.03,2.73,2.68,2.74,2.84,2.93,3.03,3.31,3.71,4.47,6.31,6.92,6.96,5.99,4.68,4.5,4.9,5.3,5.51,5.5,5.16,3.15,2.85,2.74,2.48,2.29,2.16,2.0,1.83,1.69,1.7,1.93,2.45,2.89,3.23,4.24,3.76,3.49,3.34,3.32,3.28,3.23,3.12,2.91,2.58,1.64,1.68,1.46,0.99,0.38,0.61,1.78,2.99,5.05,6.7,7.63,7.64,7.72,7.91,8.36,9.05,9.01,8.33,7.41,6.45,5.48,4.56,3.83,3.21,1.9,1.75,2.24,3.08,4.49,5.13,4.97,4.57,4.08,3.63,3.53,3.97,4.65,5.49,5.44,6.53,6.0,5.14,4.45,3.95,3.62,3.36,2.97,2.57,1.63,1.2,1.18,1.71,2.22,2.46,2.56,2.66,2.81,2.98,3.09,3.15,3.12,3.66,4.26,3.47,3.48,3.77,4.07,4.25,4.31,4.28,4.21,4.19,3.22,2.79,2.99,2.95,2.71,2.33,2.01,1.77,1.58,1.47,1.55,1.58,1.49,1.59,1.82,1.59,1.76,2.44,2.92,3.41,3.88,4.32,4.59,4.58,3.11,2.6,2.54,2.53,2.67,2.79,2.8
145,2.84,2.93,3.03,3.31,3.71,4.47,6.31,6.92,6.96,5.99,4.68,4.5,4.9,5.3,5.51,5.5,5.16,3.15,2.85,2.74,2.48,2.29,2.16,2.0,1.83,1.69,1.7,1.93,2.45,2.89,3.23,4.24,3.76,3.49,3.34,3.32,3.28,3.23,3.12,2.91,2.58,1.64,1.68,1.46,0.99,0.38,0.61,1.78,2.99,5.05,6.7,7.63,7.64,7.72,7.91,8.36,9.05,9.01,8.33,7.41,6.45,5.48,4.56,3.83,3.21,1.9,1.75,2.24,3.08,4.49,5.13,4.97,4.57,4.08,3.63,3.53,3.97,4.65,5.49,5.44,6.53,6.0,5.14,4.45,3.95,3.62,3.36,2.97,2.57,1.63,1.2,1.18,1.71,2.22,2.46,2.56,2.66,2.81,2.98,3.09,3.15,3.12,3.66,4.26,3.47,3.48,3.77,4.07,4.25,4.31,4.28,4.21,4.19,3.22,2.79,2.99,2.95,2.71,2.33,2.01,1.77,1.58,1.47,1.55,1.58,1.49,1.59,1.82,1.59,1.76,2.44,2.92,3.41,3.88,4.32,4.59,4.58,3.11,2.6,2.54,2.53,2.67,2.79,2.8,2.68,2.38,1.98,1.68,1.49,1.52,1.63,2.5,2.53,1.51,0.19,2.06,4.13,5.9,6.91,7.06,6.63,5.7,3.92,3.76,3.68,3.54,3.28,3.0
146,1.83,1.69,1.7,1.93,2.45,2.89,3.23,4.24,3.76,3.49,3.34,3.32,3.28,3.23,3.12,2.91,2.58,1.64,1.68,1.46,0.99,0.38,0.61,1.78,2.99,5.05,6.7,7.63,7.64,7.72,7.91,8.36,9.05,9.01,8.33,7.41,6.45,5.48,4.56,3.83,3.21,1.9,1.75,2.24,3.08,4.49,5.13,4.97,4.57,4.08,3.63,3.53,3.97,4.65,5.49,5.44,6.53,6.0,5.14,4.45,3.95,3.62,3.36,2.97,2.57,1.63,1.2,1.18,1.71,2.22,2.46,2.56,2.66,2.81,2.98,3.09,3.15,3.12,3.66,4.26,3.47,3.48,3.77,4.07,4.25,4.31,4.28,4.21,4.19,3.22,2.79,2.99,2.95,2.71,2.33,2.01,1.77,1.58,1.47,1.55,1.58,1.49,1.59,1.82,1.59,1.76,2.44,2.92,3.41,3.88,4.32,4.59,4.58,3.11,2.6,2.54,2.53,2.67,2.79,2.8,2.68,2.38,1.98,1.68,1.49,1.52,1.63,2.5,2.53,1.51,0.19,2.06,4.13,5.9,6.91,7.06,6.63,5.7,3.92,3.76,3.68,3.54,3.28,3.0,2.76,2.69,2.88,3.19,3.14,2.75,3.24,2.28,2.08,2.6,2.77,3.17,3.74,4.22,4.6,4.85,4.93,3.87,2.97,3.2,3.19,3.03,2.86,2.89
147,2.99,5.05,6.7,7.63,7.64,7.72,7.91,8.36,9.05,9.01,8.33,7.41,6.45,5.48,4.56,3.83,3.21,1.9,1.75,2.24,3.08,4.49,5.13,4.97,4.57,4.08,3.63,3.53,3.97,4.65,5.49,5.44,6.53,6.0,5.14,4.45,3.95,3.62,3.36,2.97,2.57,1.63,1.2,1.18,1.71,2.22,2.46,2.56,2.66,2.81,2.98,3.09,3.15,3.12,3.66,4.26,3.47,3.48,3.77,4.07,4.25,4.31,4.28,4.21,4.19,3.22,2.79,2.99,2.95,2.71,2.33,2.01,1.77,1.58,1.47,1.55,1.58,1.49,1.59,1.82,1.59,1.76,2.44,2.92,3.41,3.88,4.32,4.59,4.58,3.11,2.6,2.54,2.53,2.67,2.79,2.8,2.68,2.38,1.98,1.68,1.49,1.52,1.63,2.5,2.53,1.51,0.19,2.06,4.13,5.9,6.91,7.06,6.63,5.7,3.92,3.76,3.68,3.54,3.28,3.0,2.76,2.69,2.88,3.19,3.14,2.75,3.24,2.28,2.08,2.6,2.77,3.17,3.74,4.22,4.6,4.85,4.93,3.87,2.97,3.2,3.19,3.03,2.86,2.89,3.13,3.57,4.25,5.16,5.34,5.2,6.3,6.23,7.49,7.98,8.14,8.26,8.28,8.2,7.95,7.59,6.99,5.13,4.53,5.27,5.98,6.31,6.62,6.55
148,4.57,4.08,3.63,3.53,3.97,4.65,5.49,5.44,6.53,6.0,5.14,4.45,3.95,3.62,3.36,2.97,2.57,1.63,1.2,1.18,1.71,2.22,2.46,2.56,2.66,2.81,2.98,3.09,3.15,3.12,3.66,4.26,3.47,3.48,3.77,4.07,4.25,4.31,4.28,4.21,4.19,3.22,2.79,2.99,2.95,2.71,2.33,2.01,1.77,1.58,1.47,1.55,1.58,1.49,1.59,1.82,1.59,1.76,2.44,2.92,3.41,3.88,4.32,4.59,4.58,3.11,2.6,2.54,2.53,2.67,2.79,2.8,2.68,2.38,1.98,1.68,1.49,1.52,1.63,2.5,2.53,1.51,0.19,2.06,4.13,5.9,6.91,7.06,6.63,5.7,3.92,3.76,3.68,3.54,3.28,3.0,2.76,2.69,2.88,3.19,3.14,2.75,3.24,2.28,2.08,2.6,2.77,3.17,3.74,4.22,4.6,4.85,4.93,3.87,2.97,3.2,3.19,3.03,2.86,2.89,3.13,3.57,4.25,5.16,5.34,5.2,6.3,6.23,7.49,7.98,8.14,8.26,8.28,8.2,7.95,7.59,6.99,5.13,4.53,5.27,5.98,6.31,6.62,6.55,6.44,6.45,6.55,5.97,4.96,5.04,5.41,6.1,8.76,10.58,11.6,11.8,11.48,10.7,10.22,10.25,10.29,9.35,7.71,6.18,5.88,5.82,6.24,6.23
149,2.66,2.81,2.98,3.09,3.15,3.12,3.66,4.26,3.47,3.48,3.77,4.07,4.25,4.31,4.28,4.21,4.19,3.22,2.79,2.99,2.95,2.71,2.33,2.01,1.77,1.58,1.47,1.55,1.58,1.49,1.59,1.82,1.59,1.76,2.44,2.92,3.41,3.88,4.32,4.59,4.58,3.11,2.6,2.54,2.53,2.67,2.79,2.8,2.68,2.38,1.98,1.68,1.49,1.52,1.63,2.5,2.53,1.51,0.19,2.06,4.13,5.9,6.91,7.06,6.63,5.7,3.92,3.76,3.68,3.54,3.28,3.0,2.76,2.69,2.88,3.19,3.14,2.75,3.24,2.28,2.08,2.6,2.77,3.17,3.74,4.22,4.6,4.85,4.93,3.87,2.97,3.2,3.19,3.03,2.86,2.89,3.13,3.57,4.25,5.16,5.34,5.2,6.3,6.23,7.49,7.98,8.14,8.26,8.28,8.2,7.95,7.59,6.99,5.13,4.53,5.27,5.98,6.31,6.62,6.55,6.44,6.45,6.55,5.97,4.96,5.04,5.41,6.1,8.76,10.58,11.6,11.8,11.48,10.7,10.22,10.25,10.29,9.35,7.71,6.18,5.88,5.82,6.24,6.23,5.59,5.26,5.4,5.42,4.77,4.14,4.39,4.06,2.51,2.95,4.62,4.9,5.18,5.36,5.17,5.14,5.35,4.99,3.88,4.65,5.25,5.22,4.92,4.57
150,1.77,1.58,1.47,1.55,1.58,1.49,1.59,1.82,1.59,1.76,2.44,2.92,3.41,3.88,4.32,4.59,4.58,3.11,2.6,2.54,2.53,2.67,2.79,2.8,2.68,2.38,1.98,1.68,1.49,1.52,1.63,2.5,2.53,1.51,0.19,2.06,4.13,5.9,6.91,7.06,6.63,5.7,3.92,3.76,3.68,3.54,3.28,3.0,2.76,2.69,2.88,3.19,3.14,2.75,3.24,2.28,2.08,2.6,2.77,3.17,3.74,4.22,4.6,4.85,4.93,3.87,2.97,3.2,3.19,3.03,2.86,2.89,3.13,3.57,4.25,5.16,5.34,5.2,6.3,6.23,7.49,7.98,8.14,8.26,8.28,8.2,7.95,7.59,6.99,5.13,4.53,5.27,5.98,6.31,6.62,6.55,6.44,6.45,6.55,5.97,4.96,5.04,5.41,6.1,8.76,10.58,11.6,11.8,11.48,10.7,10.22,10.25,10.29,9.35,7.71,6.18,5.88,5.82,6.24,6.23,5.59,5.26,5.4,5.42,4.77,4.14,4.39,4.06,2.51,2.95,4.62,4.9,5.18,5.36,5.17,5.14,5.35,4.99,3.88,4.65,5.25,5.22,4.92,4.57,4.12,3.78,3.49,2.96,2.75,3.03,3.37,1.24,1.98,4.41,5.69,6.33,6.58,6.51,6.22,6.04,6.24,6.71,6.18,6.68,7.1,5.33,3.38,2.73
151,2.68,2.38,1.98,1.68,1.49,1.52,1.63,2.5,2.53,1.51,0.19,2.06,4.13,5.9,6.91,7.06,6.63,5.7,3.92,3.76,3.68,3.54,3.28,3.0,2.76,2.69,2.88,3.19,3.14,2.75,3.24,2.28,2.08,2.6,2.77,3.17,3.74,4.22,4.6,4.85,4.93,3.87,2.97,3.2,3.19,3.03,2.86,2.89,3.13,3.57,4.25,5.16,5.34,5.2,6.3,6.23,7.49,7.98,8.14,8.26,8.28,8.2,7.95,7.59,6.99,5.13,4.53,5.27,5.98,6.31,6.62,6.55,6.44,6.45,6.55,5.97,4.96,5.04,5.41,6.1,8.76,10.58,11.6,11.8,11.48,10.7,10.22,10.25,10.29,9.35,7.71,6.18,5.88,5.82,6.24,6.23,5.59,5.26,5.4,5.42,4.77,4.14,4.39,4.06,2.51,2.95,4.62,4.9,5.18,5.36,5.17,5.14,5.35,4.99,3.88,4.65,5.25,5.22,4.92,4.57,4.12,3.78,3.49,2.96,2.75,3.03,3.37,1.24,1.98,4.41,5.69,6.33,6.58,6.51,6.22,6.04,6.24,6.71,6.18,6.68,7.1,5.33,3.38,2.73,3.16,3.87,3.91,3.75,4.0,4.55,4.87,5.15,6.55,6.98,6.87,6.68,6.8,7.57,8.37,8.12,7.31,6.63,4.47,3.03,2.8,3.1,3.75,4.83
152,2.76,2.69,2.88,3.19,3.14,2.75,3.24,2.28,2.08,2.6,2.77,3.17,3.74,4.22,4.6,4.85,4.93,3.87,2.97,3.2,3.19,3.03,2.86,2.89,3.13,3.57,4.25,5.16,5.34,5.2,6.3,6.23,7.49,7.98,8.14,8.26,8.28,8.2,7.95,7.59,6.99,5.13,4.53,5.27,5.98,6.31,6.62,6.55,6.44,6.45,6.55,5.97,4.96,5.04,5.41,6.1,8.76,10.58,11.6,11.8,11.48,10.7,10.22,10.25,10.29,9.35,7.71,6.18,5.88,5.82,6.24,6.23,5.59,5.26,5.4,5.42,4.77,4.14,4.39,4.06,2.51,2.95,4.62,4.9,5.18,5.36,5.17,5.14,5.35,4.99,3.88,4.65,5.25,5.22,4.92,4.57,4.12,3.78,3.49,2.96,2.75,3.03,3.37,1.24,1.98,4.41,5.69,6.33,6.58,6.51,6.22,6.04,6.24,6.71,6.18,6.68,7.1,5.33,3.38,2.73,3.16,3.87,3.91,3.75,4.0,4.55,4.87,5.15,6.55,6.98,6.87,6.68,6.8,7.57,8.37,8.12,7.31,6.63,4.47,3.03,2.8,3.1,3.75,4.83,6.65,7.48,7.01,5.79,5.88,6.3,6.78,8.45,8.39,7.99,7.72,7.47,7.05,6.52,6.19,6.29,6.37,5.93,3.63,3.28,3.58,4.16,4.72,4.43
153,3.13,3.57,4.25,5.16,5.34,5.2,6.3,6.23,7.49,7.98,8.14,8.26,8.28,8.2,7.95,7.59,6.99,5.13,4.53,5.27,5.98,6.31,6.62,6.55,6.44,6.45,6.55,5.97,4.96,5.04,5.41,6.1,8.76,10.58,11.6,11.8,11.48,10.7,10.22,10.25,10.29,9.35,7.71,6.18,5.88,5.82,6.24,6.23,5.59,5.26,5.4,5.42,4.77,4.14,4.39,4.06,2.51,2.95,4.62,4.9,5.18,5.36,5.17,5.14,5.35,4.99,3.88,4.65,5.25,5.22,4.92,4.57,4.12,3.78,3.49,2.96,2.75,3.03,3.37,1.24,1.98,4.41,5.69,6.33,6.58,6.51,6.22,6.04,6.24,6.71,6.18,6.68,7.1,5.33,3.38,2.73,3.16,3.87,3.91,3.75,4.0,4.55,4.87,5.15,6.55,6.98,6.87,6.68,6.8,7.57,8.37,8.12,7.31,6.63,4.47,3.03,2.8,3.1,3.75,4.83,6.65,7.48,7.01,5.79,5.88,6.3,6.78,8.45,8.39,7.99,7.72,7.47,7.05,6.52,6.19,6.29,6.37,5.93,3.63,3.28,3.58,4.16,4.72,4.43,4.49,4.6,4.84,4.48,3.52,3.11,3.47,3.19,4.61,4.3,4.61,5.03,5.29,5.38,5.55,5.77,6.02,5.49,3.28,3.24,3.22,3.26,3.42,3.65
154,6.44,6.45,6.55,5.97,4.96,5.04,5.41,6.1,8.76,10.58,11.6,11.8,11.48,10.7,10.22,10.25,10.29,9.35,7.71,6.18,5.88,5.82,6.24,6.23,5.59,5.26,5.4,5.42,4.77,4.14,4.39,4.06,2.51,2.95,4.62,4.9,5.18,5.36,5.17,5.14,5.35,4.99,3.88,4.65,5.25,5.22,4.92,4.57,4.12,3.78,3.49,2.96,2.75,3.03,3.37,1.24,1.98,4.41,5.69,6.33,6.58,6.51,6.22,6.04,6.24,6.71,6.18,6.68,7.1,5.33,3.38,2.73,3.16,3.87,3.91,3.75,4.0,4.55,4.87,5.15,6.55,6.98,6.87,6.68,6.8,7.57,8.37,8.12,7.31,6.63,4.47,3.03,2.8,3.1,3.75,4.83,6.65,7.48,7.01,5.79,5.88,6.3,6.78,8.45,8.39,7.99,7.72,7.47,7.05,6.52,6.19,6.29,6.37,5.93,3.63,3.28,3.58,4.16,4.72,4.43,4.49,4.6,4.84,4.48,3.52,3.11,3.47,3.19,4.61,4.3,4.61,5.03,5.29,5.38,5.55,5.77,6.02,5.49,3.28,3.24,3.22,3.26,3.42,3.65,3.77,3.66,3.46,3.27,3.03,2.6,3.12,2.24,2.87,3.74,3.99,4.09,4.33,4.67,4.94,5.04,5.04,4.24,2.98,3.32,3.33,3.31,3.34,3.47
155,5.59,5.26,5.4,5.42,4.77,4.14,4.39,4.06,2.51,2.95,4.62,4.9,5.18,5.36,5.17,5.14,5.35,4.99,3.88,4.65,5.25,5.22,4.92,4.57,4.12,3.78,3.49,2.96,2.75,3.03,3.37,1.24,1.98,4.41,5.69,6.33,6.58,6.51,6.22,6.04,6.24,6.71,6.18,6.68,7.1,5.33,3.38,2.73,3.16,3.87,3.91,3.75,4.0,4.55,4.87,5.15,6.55,6.98,6.87,6.68,6.8,7.57,8.37,8.12,7.31,6.63,4.47,3.03,2.8,3.1,3.75,4.83,6.65,7.48,7.01,5.79,5.88,6.3,6.78,8.45,8.39,7.99,7.72,7.47,7.05,6.52,6.19,6.29,6.37,5.93,3.63,3.28,3.58,4.16,4.72,4.43,4.49,4.6,4.84,4.48,3.52,3.11,3.47,3.19,4.61,4.3,4.61,5.03,5.29,5.38,5.55,5.77,6.02,5.49,3.28,3.24,3.22,3.26,3.42,3.65,3.77,3.66,3.46,3.27,3.03,2.6,3.12,2.24,2.87,3.74,3.99,4.09,4.33,4.67,4.94,5.04,5.04,4.24,2.98,3.32,3.33,3.31,3.34,3.47,3.69,3.9,3.9,3.66,3.36,3.24,4.38,3.56,4.88,6.01,6.39,6.88,7.4,7.86,8.16,8.28,8.15,6.97,4.28,4.18,4.3,4.49,4.75,5.02
156,4.12,3.78,3.49,2.96,2.75,3.03,3.37,1.24,1.98,4.41,5.69,6.33,6.58,6.51,6.22,6.04,6.24,6.71,6.18,6.68,7.1,5.33,3.38,2.73,3.16,3.87,3.91,3.75,4.0,4.55,4.87,5.15,6.55,6.98,6.87,6.68,6.8,7.57,8.37,8.12,7.31,6.63,4.47,3.03,2.8,3.1,3.75,4.83,6.65,7.48,7.01,5.79,5.88,6.3,6.78,8.45,8.39,7.99,7.72,7.47,7.05,6.52,6.19,6.29,6.37,5.93,3.63,3.28,3.58,4.16,4.72,4.43,4.49,4.6,4.84,4.48,3.52,3.11,3.47,3.19,4.61,4.3,4.61,5.03,5.29,5.38,5.55,5.77,6.02,5.49,3.28,3.24,3.22,3.26,3.42,3.65,3.77,3.66,3.46,3.27,3.03,2.6,3.12,2.24,2.87,3.74,3.99,4.09,4.33,4.67,4.94,5.04,5.04,4.24,2.98,3.32,3.33,3.31,3.34,3.47,3.69,3.9,3.9,3.66,3.36,3.24,4.38,3.56,4.88,6.01,6.39,6.88,7.4,7.86,8.16,8.28,8.15,6.97,4.28,4.18,4.3,4.49,4.75,5.02,5.22,5.28,5.27,4.97,4.39,4.06,5.23,4.89,5.78,6.73,7.8,8.61,9.16,9.31,9.12,8.89,8.68,7.61,5.06,4.59,4.72,5.06,5.87,5.96
157,3.16,3.87,3.91,3.75,4.0,4.55,4.87,5.15,6.55,6.98,6.87,6.68,6.8,7.57,8.37,8.12,7.31,6.63,4.47,3.03,2.8,3.1,3.75,4.83,6.65,7.48,7.01,5.79,5.88,6.3,6.78,8.45,8.39,7.99,7.72,7.47,7.05,6.52,6.19,6.29,6.37,5.93,3.63,3.28,3.58,4.16,4.72,4.43,4.49,4.6,4.84,4.48,3.52,3.11,3.47,3.19,4.61,4.3,4.61,5.03,5.29,5.38,5.55,5.77,6.02,5.49,3.28,3.24,3.22,3.26,3.42,3.65,3.77,3.66,3.46,3.27,3.03,2.6,3.12,2.24,2.87,3.74,3.99,4.09,4.33,4.67,4.94,5.04,5.04,4.24,2.98,3.32,3.33,3.31,3.34,3.47,3.69,3.9,3.9,3.66,3.36,3.24,4.38,3.56,4.88,6.01,6.39,6.88,7.4,7.86,8.16,8.28,8.15,6.97,4.28,4.18,4.3,4.49,4.75,5.02,5.22,5.28,5.27,4.97,4.39,4.06,5.23,4.89,5.78,6.73,7.8,8.61,9.16,9.31,9.12,8.89,8.68,7.61,5.06,4.59,4.72,5.06,5.87,5.96,5.5,5.5,5.65,5.75,5.43,5.21,5.81,6.51,6.8,7.51,8.15,8.43,8.52,8.48,8.31,7.82,7.12,5.83,3.37,3.37,3.25,3.13,3.03,2.92
158,6.65,7.48,7.01,5.79,5.88,6.3,6.78,8.45,8.39,7.99,7.72,7.47,7.05,6.52,6.19,6.29,6.37,5.93,3.63,3.28,3.58,4.16,4.72,4.43,4.49,4.6,4.84,4.48,3.52,3.11,3.47,3.19,4.61,4.3,4.61,5.03,5.29,5.38,5.55,5.77,6.02,5.49,3.28,3.24,3.22,3.26,3.42,3.65,3.77,3.66,3.46,3.27,3.03,2.6,3.12,2.24,2.87,3.74,3.99,4.09,4.33,4.67,4.94,5.04,5.04,4.24,2.98,3.32,3.33,3.31,3.34,3.47,3.69,3.9,3.9,3.66,3.36,3.24,4.38,3.56,4.88,6.01,6.39,6.88,7.4,7.86,8.16,8.28,8.15,6.97,4.28,4.18,4.3,4.49,4.75,5.02,5.22,5.28,5.27,4.97,4.39,4.06,5.23,4.89,5.78,6.73,7.8,8.61,9.16,9.31,9.12,8.89,8.68,7.61,5.06,4.59,4.72,5.06,5.87,5.96,5.5,5.5,5.65,5.75,5.43,5.21,5.81,6.51,6.8,7.51,8.15,8.43,8.52,8.48,8.31,7.82,7.12,5.83,3.37,3.37,3.25,3.13,3.03,2.92,2.78,2.63,2.49,2.35,2.18,1.95,1.89,1.82,2.43,4.2,5.56,6.57,7.31,7.96,8.7,9.33,9.6,8.64,5.88,4.44,3.97,3.7,3.55,3.31
159,4.49,4.6,4.84,4.48,3.52,3.11,3.47,3.19,4.61,4.3,4.61,5.03,5.29,5.38,5.55,5.77,6.02,5.49,3.28,3.24,3.22,3.26,3.42,3.65,3.77,3.66,3.46,3.27,3.03,2.6,3.12,2.24,2.87,3.74,3.99,4.09,4.33,4.67,4.94,5.04,5.04,4.24,2.98,3.32,3.33,3.31,3.34,3.47,3.69,3.9,3.9,3.66,3.36,3.24,4.38,3.56,4.88,6.01,6.39,6.88,7.4,7.86,8.16,8.28,8.15,6.97,4.28,4.18,4.3,4.49,4.75,5.02,5.22,5.28,5.27,4.97,4.39,4.06,5.23,4.89,5.78,6.73,7.8,8.61,9.16,9.31,9.12,8.89,8.68,7.61,5.06,4.59,4.72,5.06,5.87,5.96,5.5,5.5,5.65,5.75,5.43,5.21,5.81,6.51,6.8,7.51,8.15,8.43,8.52,8.48,8.31,7.82,7.12,5.83,3.37,3.37,3.25,3.13,3.03,2.92,2.78,2.63,2.49,2.35,2.18,1.95,1.89,1.82,2.43,4.2,5.56,6.57,7.31,7.96,8.7,9.33,9.6,8.64,5.88,4.44,3.97,3.7,3.55,3.31,3.0,2.72,2.61,2.7,2.81,2.71,3.35,3.34,3.76,4.32,4.32,4.14,4.04,4.16,4.38,4.64,4.91,4.16,3.37,3.83,4.08,4.44,5.26,6.74
160,3.77,3.66,3.46,3.27,3.03,2.6,3.12,2.24,2.87,3.74,3.99,4.09,4.33,4.67,4.94,5.04,5.04,4.24,2.98,3.32,3.33,3.31,3.34,3.47,3.69,3.9,3.9,3.66,3.36,3.24,4.38,3.56,4.88,6.01,6.39,6.88,7.4,7.86,8.16,8.28,8.15,6.97,4.28,4.18,4.3,4.49,4.75,5.02,5.22,5.28,5.27,4.97,4.39,4.06,5.23,4.89,5.78,6.73,7.8,8.61,9.16,9.31,9.12,8.89,8.68,7.61,5.06,4.59,4.72,5.06,5.87,5.96,5.5,5.5,5.65,5.75,5.43,5.21,5.81,6.51,6.8,7.51,8.15,8.43,8.52,8.48,8.31,7.82,7.12,5.83,3.37,3.37,3.25,3.13,3.03,2.92,2.78,2.63,2.49,2.35,2.18,1.95,1.89,1.82,2.43,4.2,5.56,6.57,7.31,7.96,8.7,9.33,9.6,8.64,5.88,4.44,3.97,3.7,3.55,3.31,3.0,2.72,2.61,2.7,2.81,2.71,3.35,3.34,3.76,4.32,4.32,4.14,4.04,4.16,4.38,4.64,4.91,4.16,3.37,3.83,4.08,4.44,5.26,6.74,7.2,7.29,6.57,5.85,5.26,5.24,6.02,5.58,7.02,6.26,4.85,3.6,2.73,2.24,2.01,1.87,1.76,1.41,1.1,1.16,1.29,1.38,1.73,2.6
161,3.69,3.9,3.9,3.66,3.36,3.24,4.38,3.56,4.88,6.01,6.39,6.88,7.4,7.86,8.16,8.28,8.15,6.97,4.28,4.18,4.3,4.49,4.75,5.02,5.22,5.28,5.27,4.97,4.39,4.06,5.23,4.89,5.78,6.73,7.8,8.61,9.16,9.31,9.12,8.89,8.68,7.61,5.06,4.59,4.72,5.06,5.87,5.96,5.5,5.5,5.65,5.75,5.43,5.21,5.81,6.51,6.8,7.51,8.15,8.43,8.52,8.48,8.31,7.82,7.12,5.83,3.37,3.37,3.25,3.13,3.03,2.92,2.78,2.63,2.49,2.35,2.18,1.95,1.89,1.82,2.43,4.2,5.56,6.57,7.31,7.96,8.7,9.33,9.6,8.64,5.88,4.44,3.97,3.7,3.55,3.31,3.0,2.72,2.61,2.7,2.81,2.71,3.35,3.34,3.76,4.32,4.32,4.14,4.04,4.16,4.38,4.64,4.91,4.16,3.37,3.83,4.08,4.44,5.26,6.74,7.2,7.29,6.57,5.85,5.26,5.24,6.02,5.58,7.02,6.26,4.85,3.6,2.73,2.24,2.01,1.87,1.76,1.41,1.1,1.16,1.29,1.38,1.73,2.6,3.43,4.13,4.83,5.28,5.48,6.05,7.22,7.04,7.6,7.51,6.57,5.47,4.54,3.98,3.72,3.6,3.52,2.52,2.52,2.72,2.69,2.54,2.37,2.23
162,5.22,5.28,5.27,4.97,4.39,4.06,5.23,4.89,5.78,6.73,7.8,8.61,9.16,9.31,9.12,8.89,8.68,7.61,5.06,4.59,4.72,5.06,5.87,5.96,5.5,5.5,5.65,5.75,5.43,5.21,5.81,6.51,6.8,7.51,8.15,8.43,8.52,8.48,8.31,7.82,7.12,5.83,3.37,3.37,3.25,3.13,3.03,2.92,2.78,2.63,2.49,2.35,2.18,1.95,1.89,1.82,2.43,4.2,5.56,6.57,7.31,7.96,8.7,9.33,9.6,8.64,5.88,4.44,3.97,3.7,3.55,3.31,3.0,2.72,2.61,2.7,2.81,2.71,3.35,3.34,3.76,4.32,4.32,4.14,4.04,4.16,4.38,4.64,4.91,4.16,3.37,3.83,4.08,4.44,5.26,6.74,7.2,7.29,6.57,5.85,5.26,5.24,6.02,5.58,7.02,6.26,4.85,3.6,2.73,2.24,2.01,1.87,1.76,1.41,1.1,1.16,1.29,1.38,1.73,2.6,3.43,4.13,4.83,5.28,5.48,6.05,7.22,7.04,7.6,7.51,6.57,5.47,4.54,3.98,3.72,3.6,3.52,2.52,2.52,2.72,2.69,2.54,2.37,2.23,2.05,1.87,1.72,1.76,1.97,2.14,2.78,3.21,3.21,3.89,4.86,5.52,5.95,6.23,6.47,6.62,6.61,5.43,3.62,3.74,3.74,3.73,3.77,3.92
163,5.5,5.5,5.65,5.75,5.43,5.21,5.81,6.51,6.8,7.51,8.15,8.43,8.52,8.48,8.31,7.82,7.12,5.83,3.37,3.37,3.25,3.13,3.03,2.92,2.78,2.63,2.49,2.35,2.18,1.95,1.89,1.82,2.43,4.2,5.56,6.57,7.31,7.96,8.7,9.33,9.6,8.64,5.88,4.44,3.97,3.7,3.55,3.31,3.0,2.72,2.61,2.7,2.81,2.71,3.35,3.34,3.76,4.32,4.32,4.14,4.04,4.16,4.38,4.64,4.91,4.16,3.37,3.83,4.08,4.44,5.26,6.74,7.2,7.29,6.57,5.85,5.26,5.24,6.02,5.58,7.02,6.26,4.85,3.6,2.73,2.24,2.01,1.87,1.76,1.41,1.1,1.16,1.29,1.38,1.73,2.6,3.43,4.13,4.83,5.28,5.48,6.05,7.22,7.04,7.6,7.51,6.57,5.47,4.54,3.98,3.72,3.6,3.52,2.52,2.52,2.72,2.69,2.54,2.37,2.23,2.05,1.87,1.72,1.76,1.97,2.14,2.78,3.21,3.21,3.89,4.86,5.52,5.95,6.23,6.47,6.62,6.61,5.43,3.62,3.74,3.74,3.73,3.77,3.92,4.18,4.38,4.31,4.0,3.6,3.25,4.16,3.45,3.15,2.89,2.93,3.37,4.12,4.88,5.52,5.82,5.63,4.34,2.88,2.86,2.54,2.25,2.11,2.22
164,2.78,2.63,2.49,2.35,2.18,1.95,1.89,1.82,2.43,4.2,5.56,6.57,7.31,7.96,8.7,9.33,9.6,8.64,5.88,4.44,3.97,3.7,3.55,3.31,3.0,2.72,2.61,2.7,2.81,2.71,3.35,3.34,3.76,4.32,4.32,4.14,4.04,4.16,4.38,4.64,4.91,4.16,3.37,3.83,4.08,4.44,5.26,6.74,7.2,7.29,6.57,5.85,5.26,5.24,6.02,5.58,7.02,6.26,4.85,3.6,2.73,2.24,2.01,1.87,1.76,1.41,1.1,1.16,1.29,1.38,1.73,2.6,3.43,4.13,4.83,5.28,5.48,6.05,7.22,7.04,7.6,7.51,6.57,5.47,4.54,3.98,3.72,3.6,3.52,2.52,2.52,2.72,2.69,2.54,2.37,2.23,2.05,1.87,1.72,1.76,1.97,2.14,2.78,3.21,3.21,3.89,4.86,5.52,5.95,6.23,6.47,6.62,6.61,5.43,3.62,3.74,3.74,3.73,3.77,3.92,4.18,4.38,4.31,4.0,3.6,3.25,4.16,3.45,3.15,2.89,2.93,3.37,4.12,4.88,5.52,5.82,5.63,4.34,2.88,2.86,2.54,2.25,2.11,2.22,2.54,2.98,3.36,3.54,3.8,4.62,6.23,6.32,7.32,7.49,6.22,4.46,3.23,3.01,3.58,4.11,4.55,4.23,3.55,4.26,4.9,5.34,5.39,5.22
165,3.0,2.72,2.61,2.7,2.81,2.71,3.35,3.34,3.76,4.32,4.32,4.14,4.04,4.16,4.38,4.64,4.91,4.16,3.37,3.83,4.08,4.44,5.26,6.74,7.2,7.29,6.57,5.85,5.26,5.24,6.02,5.58,7.02,6.26,4.85,3.6,2.73,2.24,2.01,1.87,1.76,1.41,1.1,1.16,1.29,1.38,1.73,2.6,3.43,4.13,4.83,5.28,5.48,6.05,7.22,7.04,7.6,7.51,6.57,5.47,4.54,3.98,3.72,3.6,3.52,2.52,2.52,2.72,2.69,2.54,2.37,2.23,2.05,1.87,1.72,1.76,1.97,2.14,2.78,3.21,3.21,3.89,4.86,5.52,5.95,6.23,6.47,6.62,6.61,5.43,3.62,3.74,3.74,3.73,3.77,3.92,4.18,4.38,4.31,4.0,3.6,3.25,4.16,3.45,3.15,2.89,2.93,3.37,4.12,4.88,5.52,5.82,5.63,4.34,2.88,2.86,2.54,2.25,2.11,2.22,2.54,2.98,3.36,3.54,3.8,4.62,6.23,6.32,7.32,7.49,6.22,4.46,3.23,3.01,3.58,4.11,4.55,4.23,3.55,4.26,4.9,5.34,5.39,5.22,5.03,4.94,4.91,4.85,4.75,4.98,5.7,5.02,5.29,4.84,3.96,3.0,2.27,2.31,2.91,3.49,3.85,3.34,3.1,3.8,4.52,5.48,6.44,7.13
166,7.2,7.29,6.57,5.85,5.26,5.24,6.02,5.58,7.02,6.26,4.85,3.6,2.73,2.24,2.01,1.87,1.76,1.41,1.1,1.16,1.29,1.38,1.73,2.6,3.43,4.13,4.83,5.28,5.48,6.05,7.22,7.04,7.6,7.51,6.57,5.47,4.54,3.98,3.72,3.6,3.52,2.52,2.52,2.72,2.69,2.54,2.37,2.23,2.05,1.87,1.72,1.76,1.97,2.14,2.78,3.21,3.21,3.89,4.86,5.52,5.95,6.23,6.47,6.62,6.61,5.43,3.62,3.74,3.74,3.73,3.77,3.92,4.18,4.38,4.31,4.0,3.6,3.25,4.16,3.45,3.15,2.89,2.93,3.37,4.12,4.88,5.52,5.82,5.63,4.34,2.88,2.86,2.54,2.25,2.11,2.22,2.54,2.98,3.36,3.54,3.8,4.62,6.23,6.32,7.32,7.49,6.22,4.46,3.23,3.01,3.58,4.11,4.55,4.23,3.55,4.26,4.9,5.34,5.39,5.22,5.03,4.94,4.91,4.85,4.75,4.98,5.7,5.02,5.29,4.84,3.96,3.0,2.27,2.31,2.91,3.49,3.85,3.34,3.1,3.8,4.52,5.48,6.44,7.13,7.42,7.55,7.68,7.7,7.58,7.64,7.97,7.82,8.56,8.49,7.98,7.21,6.38,5.64,5.1,4.82,4.85,4.52,3.27,3.76,4.11,4.32,4.37,4.44
167,3.43,4.13,4.83,5.28,5.48,6.05,7.22,7.04,7.6,7.51,6.57,5.47,4.54,3.98,3.72,3.6,3.52,2.52,2.52,2.72,2.69,2.54,2.37,2.23,2.05,1.87,1.72,1.76,1.97,2.14,2.78,3.21,3.21,3.89,4.86,5.52,5.95,6.23,6.47,6.62,6.61,5.43,3.62,3.74,3.74,3.73,3.77,3.92,4.18,4.38,4.31,4.0,3.6,3.25,4.16,3.45,3.15,2.89,2.93,3.37,4.12,4.88,5.52,5.82,5.63,4.34,2.88,2.86,2.54,2.25,2.11,2.22,2.54,2.98,3.36,3.54,3.8,4.62,6.23,6.32,7.32,7.49,6.22,4.46,3.23,3.01,3.58,4.11,4.55,4.23,3.55,4.26,4.9,5.34,5.39,5.22,5.03,4.94,4.91,4.85,4.75,4.98,5.7,5.02,5.29,4.84,3.96,3.0,2.27,2.31,2.91,3.49,3.85,3.34,3.1,3.8,4.52,5.48,6.44,7.13,7.42,7.55,7.68,7.7,7.58,7.64,7.97,7.82,8.56,8.49,7.98,7.21,6.38,5.64,5.1,4.82,4.85,4.52,3.27,3.76,4.11,4.32,4.37,4.44,4.65,4.83,4.84,4.71,4.51,4.64,5.48,4.75,4.9,4.01,3.36,3.13,3.28,3.66,4.24,4.95,5.64,5.82,3.93,4.06,4.54,5.46,6.47,6.84
168,2.05,1.87,1.72,1.76,1.97,2.14,2.78,3.21,3.21,3.89,4.86,5.52,5.95,6.23,6.47,6.62,6.61,5.43,3.62,3.74,3.74,3.73,3.77,3.92,4.18,4.38,4.31,4.0,3.6,3.25,4.16,3.45,3.15,2.89,2.93,3.37,4.12,4.88,5.52,5.82,5.63,4.34,2.88,2.86,2.54,2.25,2.11,2.22,2.54,2.98,3.36,3.54,3.8,4.62,6.23,6.32,7.32,7.49,6.22,4.46,3.23,3.01,3.58,4.11,4.55,4.23,3.55,4.26,4.9,5.34,5.39,5.22,5.03,4.94,4.91,4.85,4.75,4.98,5.7,5.02,5.29,4.84,3.96,3.0,2.27,2.31,2.91,3.49,3.85,3.34,3.1,3.8,4.52,5.48,6.44,7.13,7.42,7.55,7.68,7.7,7.58,7.64,7.97,7.82,8.56,8.49,7.98,7.21,6.38,5.64,5.1,4.82,4.85,4.52,3.27,3.76,4.11,4.32,4.37,4.44,4.65,4.83,4.84,4.71,4.51,4.64,5.48,4.75,4.9,4.01,3.36,3.13,3.28,3.66,4.24,4.95,5.64,5.82,3.93,4.06,4.54,5.46,6.47,6.84,6.18,5.65,5.51,5.49,5.42,5.69,6.36,5.65,7.65,6.7,6.09,5.9,5.81,5.73,5.73,5.81,5.91,5.29,3.7,4.18,4.64,5.03,5.33,5.64
169,4.18,4.38,4.31,4.0,3.6,3.25,4.16,3.45,3.15,2.89,2.93,3.37,4.12,4.88,5.52,5.82,5.63,4.34,2.88,2.86,2.54,2.25,2.11,2.22,2.54,2.98,3.36,3.54,3.8,4.62,6.23,6.32,7.32,7.49,6.22,4.46,3.23,3.01,3.58,4.11,4.55,4.23,3.55,4.26,4.9,5.34,5.39,5.22,5.03,4.94,4.91,4.85,4.75,4.98,5.7,5.02,5.29,4.84,3.96,3.0,2.27,2.31,2.91,3.49,3.85,3.34,3.1,3.8,4.52,5.48,6.44,7.13,7.42,7.55,7.68,7.7,7.58,7.64,7.97,7.82,8.56,8.49,7.98,7.21,6.38,5.64,5.1,4.82,4.85,4.52,3.27,3.76,4.11,4.32,4.37,4.44,4.65,4.83,4.84,4.71,4.51,4.64,5.48,4.75,4.9,4.01,3.36,3.13,3.28,3.66,4.24,4.95,5.64,5.82,3.93,4.06,4.54,5.46,6.47,6.84,6.18,5.65,5.51,5.49,5.42,5.69,6.36,5.65,7.65,6.7,6.09,5.9,5.81,5.73,5.73,5.81,5.91,5.29,3.7,4.18,4.64,5.03,5.33,5.64,5.95,6.23,6.57,6.8,6.75,7.22,7.96,7.56,9.09,9.33,8.98,8.24,7.38,6.59,6.0,5.61,5.33,4.13,3.18,3.6,3.88,4.29,4.84,5.36
170,2.54,2.98,3.36,3.54,3.8,4.62,6.23,6.32,7.32,7.49,6.22,4.46,3.23,3.01,3.58,4.11,4.55,4.23,3.55,4.26,4.9,5.34,5.39,5.22,5.03,4.94,4.91,4.85,4.75,4.98,5.7,5.02,5.29,4.84,3.96,3.0,2.27,2.31,2.91,3.49,3.85,3.34,3.1,3.8,4.52,5.48,6.44,7.13,7.42,7.55,7.68,7.7,7.58,7.64,7.97,7.82,8.56,8.49,7.98,7.21,6.38,5.64,5.1,4.82,4.85,4.52,3.27,3.76,4.11,4.32,4.37,4.44,4.65,4.83,4.84,4.71,4.51,4.64,5.48,4.75,4.9,4.01,3.36,3.13,3.28,3.66,4.24,4.95,5.64,5.82,3.93,4.06,4.54,5.46,6.47,6.84,6.18,5.65,5.51,5.49,5.42,5.69,6.36,5.65,7.65,6.7,6.09,5.9,5.81,5.73,5.73,5.81,5.91,5.29,3.7,4.18,4.64,5.03,5.33,5.64,5.95,6.23,6.57,6.8,6.75,7.22,7.96,7.56,9.09,9.33,8.98,8.24,7.38,6.59,6.0,5.61,5.33,4.13,3.18,3.6,3.88,4.29,4.84,5.36,5.57,5.57,5.67,5.66,5.43,5.58,6.45,5.6,7.53,7.82,6.97,5.97,4.96,4.26,4.09,4.36,4.81,4.3,3.57,4.24,4.8,5.23,5.33,5.34
171,5.03,4.94,4.91,4.85,4.75,4.98,5.7,5.02,5.29,4.84,3.96,3.0,2.27,2.31,2.91,3.49,3.85,3.34,3.1,3.8,4.52,5.48,6.44,7.13,7.42,7.55,7.68,7.7,7.58,7.64,7.97,7.82,8.56,8.49,7.98,7.21,6.38,5.64,5.1,4.82,4.85,4.52,3.27,3.76,4.11,4.32,4.37,4.44,4.65,4.83,4.84,4.71,4.51,4.64,5.48,4.75,4.9,4.01,3.36,3.13,3.28,3.66,4.24,4.95,5.64,5.82,3.93,4.06,4.54,5.46,6.47,6.84,6.18,5.65,5.51,5.49,5.42,5.69,6.36,5.65,7.65,6.7,6.09,5.9,5.81,5.73,5.73,5.81,5.91,5.29,3.7,4.18,4.64,5.03,5.33,5.64,5.95,6.23,6.57,6.8,6.75,7.22,7.96,7.56,9.09,9.33,8.98,8.24,7.38,6.59,6.0,5.61,5.33,4.13,3.18,3.6,3.88,4.29,4.84,5.36,5.57,5.57,5.67,5.66,5.43,5.58,6.45,5.6,7.53,7.82,6.97,5.97,4.96,4.26,4.09,4.36,4.81,4.3,3.57,4.24,4.8,5.23,5.33,5.34,5.38,5.34,5.33,5.2,5.12,5.49,6.57,6.15,7.75,8.32,7.57,6.97,6.74,6.71,6.73,6.74,6.68,5.36,3.8,4.14,4.48,5.07,5.95,6.83
172,7.42,7.55,7.68,7.7,7.58,7.64,7.97,7.82,8.56,8.49,7.98,7.21,6.38,5.64,5.1,4.82,4.85,4.52,3.27,3.76,4.11,4.32,4.37,4.44,4.65,4.83,4.84,4.71,4.51,4.64,5.48,4.75,4.9,4.01,3.36,3.13,3.28,3.66,4.24,4.95,5.64,5.82,3.93,4.06,4.54,5.46,6.47,6.84,6.18,5.65,5.51,5.49,5.42,5.69,6.36,5.65,7.65,6.7,6.09,5.9,5.81,5.73,5.73,5.81,5.91,5.29,3.7,4.18,4.64,5.03,5.33,5.64,5.95,6.23,6.57,6.8,6.75,7.22,7.96,7.56,9.09,9.33,8.98,8.24,7.38,6.59,6.0,5.61,5.33,4.13,3.18,3.6,3.88,4.29,4.84,5.36,5.57,5.57,5.67,5.66,5.43,5.58,6.45,5.6,7.53,7.82,6.97,5.97,4.96,4.26,4.09,4.36,4.81,4.3,3.57,4.24,4.8,5.23,5.33,5.34,5.38,5.34,5.33,5.2,5.12,5.49,6.57,6.15,7.75,8.32,7.57,6.97,6.74,6.71,6.73,6.74,6.68,5.36,3.8,4.14,4.48,5.07,5.95,6.83,7.37,7.07,6.89,6.87,6.8,6.76,7.49,7.71,10.01,10.56,10.22,9.71,9.03,8.27,7.63,7.16,6.8,5.26,4.19,5.08,6.12,6.79,6.99,7.18
173,4.65,4.83,4.84,4.71,4.51,4.64,5.48,4.75,4.9,4.01,3.36,3.13,3.28,3.66,4.24,4.95,5.64,5.82,3.93,4.06,4.54,5.46,6.47,6.84,6.18,5.65,5.51,5.49,5.42,5.69,6.36,5.65,7.65,6.7,6.09,5.9,5.81,5.73,5.73,5.81,5.91,5.29,3.7,4.18,4.64,5.03,5.33,5.64,5.95,6.23,6.57,6.8,6.75,7.22,7.96,7.56,9.09,9.33,8.98,8.24,7.38,6.59,6.0,5.61,5.33,4.13,3.18,3.6,3.88,4.29,4.84,5.36,5.57,5.57,5.67,5.66,5.43,5.58,6.45,5.6,7.53,7.82,6.97,5.97,4.96,4.26,4.09,4.36,4.81,4.3,3.57,4.24,4.8,5.23,5.33,5.34,5.38,5.34,5.33,5.2,5.12,5.49,6.57,6.15,7.75,8.32,7.57,6.97,6.74,6.71,6.73,6.74,6.68,5.36,3.8,4.14,4.48,5.07,5.95,6.83,7.37,7.07,6.89,6.87,6.8,6.76,7.49,7.71,10.01,10.56,10.22,9.71,9.03,8.27,7.63,7.16,6.8,5.26,4.19,5.08,6.12,6.79,6.99,7.18,7.71,8.22,8.5,8.58,8.48,8.5,7.72,7.47,9.21,9.53,9.16,8.59,7.77,6.83,5.85,4.81,3.92,2.3,2.33,2.59,2.68,2.52,2.27,2.2
174,6.18,5.65,5.51,5.49,5.42,5.69,6.36,5.65,7.65,6.7,6.09,5.9,5.81,5.73,5.73,5.81,5.91,5.29,3.7,4.18,4.64,5.03,5.33,5.64,5.95,6.23,6.57,6.8,6.75,7.22,7.96,7.56,9.09,9.33,8.98,8.24,7.38,6.59,6.0,5.61,5.33,4.13,3.18,3.6,3.88,4.29,4.84,5.36,5.57,5.57,5.67,5.66,5.43,5.58,6.45,5.6,7.53,7.82,6.97,5.97,4.96,4.26,4.09,4.36,4.81,4.3,3.57,4.24,4.8,5.23,5.33,5.34,5.38,5.34,5.33,5.2,5.12,5.49,6.57,6.15,7.75,8.32,7.57,6.97,6.74,6.71,6.73,6.74,6.68,5.36,3.8,4.14,4.48,5.07,5.95,6.83,7.37,7.07,6.89,6.87,6.8,6.76,7.49,7.71,10.01,10.56,10.22,9.71,9.03,8.27,7.63,7.16,6.8,5.26,4.19,5.08,6.12,6.79,6.99,7.18,7.71,8.22,8.5,8.58,8.48,8.5,7.72,7.47,9.21,9.53,9.16,8.59,7.77,6.83,5.85,4.81,3.92,2.3,2.33,2.59,2.68,2.52,2.27,2.2,2.39,2.78,3.13,3.32,3.41,3.35,4.22,4.47,4.18,4.23,4.03,3.71,3.15,2.6,2.06,1.63,1.32,0.89,0.75,0.74,0.6,0.56,0.68,0.74
175,5.95,6.23,6.57,6.8,6.75,7.22,7.96,7.56,9.09,9.33,8.98,8.24,7.38,6.59,6.0,5.61,5.33,4.13,3.18,3.6,3.88,4.29,4.84,5.36,5.57,5.57,5.67,5.66,5.43,5.58,6.45,5.6,7.53,7.82,6.97,5.97,4.96,4.26,4.09,4.36,4.81,4.3,3.57,4.24,4.8,5.23,5.33,5.34,5.38,5.34,5.33,5.2,5.12,5.49,6.57,6.15,7.75,8.32,7.57,6.97,6.74,6.71,6.73,6.74,6.68,5.36,3.8,4.14,4.48,5.07,5.95,6.83,7.37,7.07,6.89,6.87,6.8,6.76,7.49,7.71,10.01,10.56,10.22,9.71,9.03,8.27,7.63,7.16,6.8,5.26,4.19,5.08,6.12,6.79,6.99,7.18,7.71,8.22,8.5,8.58,8.48,8.5,7.72,7.47,9.21,9.53,9.16,8.59,7.77,6.83,5.85,4.81,3.92,2.3,2.33,2.59,2.68,2.52,2.27,2.2,2.39,2.78,3.13,3.32,3.41,3.35,4.22,4.47,4.18,4.23,4.03,3.71,3.15,2.6,2.06,1.63,1.32,0.89,0.75,0.74,0.6,0.56,0.68,0.74,0.74,0.85,1.29,1.91,2.53,3.01,4.28,4.66,4.79,5.5,4.98,4.22,3.41,2.7,2.25,2.03,1.9,1.42,1.26,1.58,2.09,2.63,2.98,3.15
176,5.57,5.57,5.67,5.66,5.43,5.58,6.45,5.6,7.53,7.82,6.97,5.97,4.96,4.26,4.09,4.36,4.81,4.3,3.57,4.24,4.8,5.23,5.33,5.34,5.38,5.34,5.33,5.2,5.12,5.49,6.57,6.15,7.75,8.32,7.57,6.97,6.74,6.71,6.73,6.74,6.68,5.36,3.8,4.14,4.48,5.07,5.95,6.83,7.37,7.07,6.89,6.87,6.8,6.76,7.49,7.71,10.01,10.56,10.22,9.71,9.03,8.27,7.63,7.16,6.8,5.26,4.19,5.08,6.12,6.79,6.99,7.18,7.71,8.22,8.5,8.58,8.48,8.5,7.72,7.47,9.21,9.53,9.16,8.59,7.77,6.83,5.85,4.81,3.92,2.3,2.33,2.59,2.68,2.52,2.27,2.2,2.39,2.78,3.13,3.32,3.41,3.35,4.22,4.47,4.18,4.23,4.03,3.71,3.15,2.6,2.06,1.63,1.32,0.89,0.75,0.74,0.6,0.56,0.68,0.74,0.74,0.85,1.29,1.91,2.53,3.01,4.28,4.66,4.79,5.5,4.98,4.22,3.41,2.7,2.25,2.03,1.9,1.42,1.26,1.58,2.09,2.63,2.98,3.15,3.28,3.59,4.26,4.66,4.73,5.03,6.08,5.7,6.05,6.42,5.79,5.19,4.88,4.95,5.31,5.67,5.93,5.15,3.6,3.91,4.02,3.98,3.85,3.93
177,5.38,5.34,5.33,5.2,5.12,5.49,6.57,6.15,7.75,8.32,7.57,6.97,6.74,6.71,6.73,6.74,6.68,5.36,3.8,4.14,4.48,5.07,5.95,6.83,7.37,7.07,6.89,6.87,6.8,6.76,7.49,7.71,10.01,10.56,10.22,9.71,9.03,8.27,7.63,7.16,6.8,5.26,4.19,5.08,6.12,6.79,6.99,7.18,7.71,8.22,8.5,8.58,8.48,8.5,7.72,7.47,9.21,9.53,9.16,8.59,7.77,6.83,5.85,4.81,3.92,2.3,2.33,2.59,2.68,2.52,2.27,2.2,2.39,2.78,3.13,3.32,3.41,3.35,4.22,4.47,4.18,4.23,4.03,3.71,3.15,2.6,2.06,1.63,1.32,0.89,0.75,0.74,0.6,0.56,0.68,0.74,0.74,0.85,1.29,1.91,2.53,3.01,4.28,4.66,4.79,5.5,4.98,4.22,3.41,2.7,2.25,2.03,1.9,1.42,1.26,1.58,2.09,2.63,2.98,3.15,3.28,3.59,4.26,4.66,4.73,5.03,6.08,5.7,6.05,6.42,5.79,5.19,4.88,4.95,5.31,5.67,5.93,5.15,3.6,3.91,4.02,3.98,3.85,3.93,4.2,4.37,4.33,4.12,3.87,3.73,5.11,5.26,4.68,3.86,3.37,3.04,2.74,2.63,2.75,2.98,3.28,2.82,2.66,2.93,2.88,2.89,2.99,3.22
178,7.37,7.07,6.89,6.87,6.8,6.76,7.49,7.71,10.01,10.56,10.22,9.71,9.03,8.27,7.63,7.16,6.8,5.26,4.19,5.08,6.12,6.79,6.99,7.18,7.71,8.22,8.5,8.58,8.48,8.5,7.72,7.47,9.21,9.53,9.16,8.59,7.77,6.83,5.85,4.81,3.92,2.3,2.33,2.59,2.68,2.52,2.27,2.2,2.39,2.78,3.13,3.32,3.41,3.35,4.22,4.47,4.18,4.23,4.03,3.71,3.15,2.6,2.06,1.63,1.32,0.89,0.75,0.74,0.6,0.56,0.68,0.74,0.74,0.85,1.29,1.91,2.53,3.01,4.28,4.66,4.79,5.5,4.98,4.22,3.41,2.7,2.25,2.03,1.9,1.42,1.26,1.58,2.09,2.63,2.98,3.15,3.28,3.59,4.26,4.66,4.73,5.03,6.08,5.7,6.05,6.42,5.79,5.19,4.88,4.95,5.31,5.67,5.93,5.15,3.6,3.91,4.02,3.98,3.85,3.93,4.2,4.37,4.33,4.12,3.87,3.73,5.11,5.26,4.68,3.86,3.37,3.04,2.74,2.63,2.75,2.98,3.28,2.82,2.66,2.93,2.88,2.89,2.99,3.22,3.63,5.05,8.07,9.01,8.54,8.0,8.18,7.81,7.1,6.63,5.39,4.41,3.72,3.46,3.46,3.69,4.11,3.53,3.41,4.54,5.74,6.42,6.44,6.99
179,7.71,8.22,8.5,8.58,8.48,8.5,7.72,7.47,9.21,9.53,9.16,8.59,7.77,6.83,5.85,4.81,3.92,2.3,2.33,2.59,2.68,2.52,2.27,2.2,2.39,2.78,3.13,3.32,3.41,3.35,4.22,4.47,4.18,4.23,4.03,3.71,3.15,2.6,2.06,1.63,1.32,0.89,0.75,0.74,0.6,0.56,0.68,0.74,0.74,0.85,1.29,1.91,2.53,3.01,4.28,4.66,4.79,5.5,4.98,4.22,3.41,2.7,2.25,2.03,1.9,1.42,1.26,1.58,2.09,2.63,2.98,3.15,3.28,3.59,4.26,4.66,4.73,5.03,6.08,5.7,6.05,6.42,5.79,5.19,4.88,4.95,5.31,5.67,5.93,5.15,3.6,3.91,4.02,3.98,3.85,3.93,4.2,4.37,4.33,4.12,3.87,3.73,5.11,5.26,4.68,3.86,3.37,3.04,2.74,2.63,2.75,2.98,3.28,2.82,2.66,2.93,2.88,2.89,2.99,3.22,3.63,5.05,8.07,9.01,8.54,8.0,8.18,7.81,7.1,6.63,5.39,4.41,3.72,3.46,3.46,3.69,4.11,3.53,3.41,4.54,5.74,6.42,6.44,6.99,7.04,6.8,6.94,7.04,7.05,7.25,7.76,9.78,10.45,9.76,8.55,7.3,6.18,5.13,4.18,3.58,4.01,4.71,5.29,7.36,7.94,7.23,6.25,5.57
180,2.39,2.78,3.13,3.32,3.41,3.35,4.22,4.47,4.18,4.23,4.03,3.71,3.15,2.6,2.06,1.63,1.32,0.89,0.75,0.74,0.6,0.56,0.68,0.74,0.74,0.85,1.29,1.91,2.53,3.01,4.28,4.66,4.79,5.5,4.98,4.22,3.41,2.7,2.25,2.03,1.9,1.42,1.26,1.58,2.09,2.63,2.98,3.15,3.28,3.59,4.26,4.66,4.73,5.03,6.08,5.7,6.05,6.42,5.79,5.19,4.88,4.95,5.31,5.67,5.93,5.15,3.6,3.91,4.02,3.98,3.85,3.93,4.2,4.37,4.33,4.12,3.87,3.73,5.11,5.26,4.68,3.86,3.37,3.04,2.74,2.63,2.75,2.98,3.28,2.82,2.66,2.93,2.88,2.89,2.99,3.22,3.63,5.05,8.07,9.01,8.54,8.0,8.18,7.81,7.1,6.63,5.39,4.41,3.72,3.46,3.46,3.69,4.11,3.53,3.41,4.54,5.74,6.42,6.44,6.99,7.04,6.8,6.94,7.04,7.05,7.25,7.76,9.78,10.45,9.76,8.55,7.3,6.18,5.13,4.18,3.58,4.01,4.71,5.29,7.36,7.94,7.23,6.25,5.57,4.89,4.57,4.63,4.62,4.29,3.96,4.03,2.02,1.82,2.47,3.35,4.02,4.51,5.0,5.7,6.04,6.1,5.26,3.22,3.1,2.5,1.8,1.51,2.18
181,0.74,0.85,1.29,1.91,2.53,3.01,4.28,4.66,4.79,5.5,4.98,4.22,3.41,2.7,2.25,2.03,1.9,1.42,1.26,1.58,2.09,2.63,2.98,3.15,3.28,3.59,4.26,4.66,4.73,5.03,6.08,5.7,6.05,6.42,5.79,5.19,4.88,4.95,5.31,5.67,5.93,5.15,3.6,3.91,4.02,3.98,3.85,3.93,4.2,4.37,4.33,4.12,3.87,3.73,5.11,5.26,4.68,3.86,3.37,3.04,2.74,2.63,2.75,2.98,3.28,2.82,2.66,2.93,2.88,2.89,2.99,3.22,3.63,5.05,8.07,9.01,8.54,8.0,8.18,7.81,7.1,6.63,5.39,4.41,3.72,3.46,3.46,3.69,4.11,3.53,3.41,4.54,5.74,6.42,6.44,6.99,7.04,6.8,6.94,7.04,7.05,7.25,7.76,9.78,10.45,9.76,8.55,7.3,6.18,5.13,4.18,3.58,4.01,4.71,5.29,7.36,7.94,7.23,6.25,5.57,4.89,4.57,4.63,4.62,4.29,3.96,4.03,2.02,1.82,2.47,3.35,4.02,4.51,5.0,5.7,6.04,6.1,5.26,3.22,3.1,2.5,1.8,1.51,2.18,3.15,4.16,4.96,5.34,5.32,5.68,6.61,6.27,6.9,6.77,6.29,6.41,6.95,7.51,7.89,8.18,8.53,8.7,7.72,8.03,8.34,7.79,7.22,6.65
182,3.28,3.59,4.26,4.66,4.73,5.03,6.08,5.7,6.05,6.42,5.79,5.19,4.88,4.95,5.31,5.67,5.93,5.15,3.6,3.91,4.02,3.98,3.85,3.93,4.2,4.37,4.33,4.12,3.87,3.73,5.11,5.26,4.68,3.86,3.37,3.04,2.74,2.63,2.75,2.98,3.28,2.82,2.66,2.93,2.88,2.89,2.99,3.22,3.63,5.05,8.07,9.01,8.54,8.0,8.18,7.81,7.1,6.63,5.39,4.41,3.72,3.46,3.46,3.69,4.11,3.53,3.41,4.54,5.74,6.42,6.44,6.99,7.04,6.8,6.94,7.04,7.05,7.25,7.76,9.78,10.45,9.76,8.55,7.3,6.18,5.13,4.18,3.58,4.01,4.71,5.29,7.36,7.94,7.23,6.25,5.57,4.89,4.57,4.63,4.62,4.29,3.96,4.03,2.02,1.82,2.47,3.35,4.02,4.51,5.0,5.7,6.04,6.1,5.26,3.22,3.1,2.5,1.8,1.51,2.18,3.15,4.16,4.96,5.34,5.32,5.68,6.61,6.27,6.9,6.77,6.29,6.41,6.95,7.51,7.89,8.18,8.53,8.7,7.72,8.03,8.34,7.79,7.22,6.65,6.21,5.89,5.79,5.7,5.65,6.0,6.88,7.44,8.68,8.63,8.4,8.1,7.88,7.83,7.97,8.17,8.29,7.92,5.37,4.46,4.64,4.94,5.42,6.08
183,4.2,4.37,4.33,4.12,3.87,3.73,5.11,5.26,4.68,3.86,3.37,3.04,2.74,2.63,2.75,2.98,3.28,2.82,2.66,2.93,2.88,2.89,2.99,3.22,3.63,5.05,8.07,9.01,8.54,8.0,8.18,7.81,7.1,6.63,5.39,4.41,3.72,3.46,3.46,3.69,4.11,3.53,3.41,4.54,5.74,6.42,6.44,6.99,7.04,6.8,6.94,7.04,7.05,7.25,7.76,9.78,10.45,9.76,8.55,7.3,6.18,5.13,4.18,3.58,4.01,4.71,5.29,7.36,7.94,7.23,6.25,5.57,4.89,4.57,4.63,4.62,4.29,3.96,4.03,2.02,1.82,2.47,3.35,4.02,4.51,5.0,5.7,6.04,6.1,5.26,3.22,3.1,2.5,1.8,1.51,2.18,3.15,4.16,4.96,5.34,5.32,5.68,6.61,6.27,6.9,6.77,6.29,6.41,6.95,7.51,7.89,8.18,8.53,8.7,7.72,8.03,8.34,7.79,7.22,6.65,6.21,5.89,5.79,5.7,5.65,6.0,6.88,7.44,8.68,8.63,8.4,8.1,7.88,7.83,7.97,8.17,8.29,7.92,5.37,4.46,4.64,4.94,5.42,6.08,6.53,6.46,6.38,6.7,6.6,6.71,7.29,7.89,10.02,9.74,8.96,8.19,7.25,6.17,5.32,4.76,4.28,2.81,2.44,2.89,3.35,3.65,3.82,3.95
184,3.63,5.05,8.07,9.01,8.54,8.0,8.18,7.81,7.1,6.63,5.39,4.41,3.72,3.46,3.46,3.69,4.11,3.53,3.41,4.54,5.74,6.42,6.44,6.99,7.04,6.8,6.94,7.04,7.05,7.25,7.76,9.78,10.45,9.76,8.55,7.3,6.18,5.13,4.18,3.58,4.01,4.71,5.29,7.36,7.94,7.23,6.25,5.57,4.89,4.57,4.63,4.62,4.29,3.96,4.03,2.02,1.82,2.47,3.35,4.02,4.51,5.0,5.7,6.04,6.1,5.26,3.22,3.1,2.5,1.8,1.51,2.18,3.15,4.16,4.96,5.34,5.32,5.68,6.61,6.27,6.9,6.77,6.29,6.41,6.95,7.51,7.89,8.18,8.53,8.7,7.72,8.03,8.34,7.79,7.22,6.65,6.21,5.89,5.79,5.7,5.65,6.0,6.88,7.44,8.68,8.63,8.4,8.1,7.88,7.83,7.97,8.17,8.29,7.92,5.37,4.46,4.64,4.94,5.42,6.08,6.53,6.46,6.38,6.7,6.6,6.71,7.29,7.89,10.02,9.74,8.96,8.19,7.25,6.17,5.32,4.76,4.28,2.81,2.44,2.89,3.35,3.65,3.82,3.95,4.05,4.36,5.23,5.98,6.54,7.19,8.26,8.74,9.16,8.5,7.54,6.89,6.42,5.95,5.34,4.51,3.9,2.68,2.41,2.78,3.37,4.54,5.79,6.38
185,7.04,6.8,6.94,7.04,7.05,7.25,7.76,9.78,10.45,9.76,8.55,7.3,6.18,5.13,4.18,3.58,4.01,4.71,5.29,7.36,7.94,7.23,6.25,5.57,4.89,4.57,4.63,4.62,4.29,3.96,4.03,2.02,1.82,2.47,3.35,4.02,4.51,5.0,5.7,6.04,6.1,5.26,3.22,3.1,2.5,1.8,1.51,2.18,3.15,4.16,4.96,5.34,5.32,5.68,6.61,6.27,6.9,6.77,6.29,6.41,6.95,7.51,7.89,8.18,8.53,8.7,7.72,8.03,8.34,7.79,7.22,6.65,6.21,5.89,5.79,5.7,5.65,6.0,6.88,7.44,8.68,8.63,8.4,8.1,7.88,7.83,7.97,8.17,8.29,7.92,5.37,4.46,4.64,4.94,5.42,6.08,6.53,6.46,6.38,6.7,6.6,6.71,7.29,7.89,10.02,9.74,8.96,8.19,7.25,6.17,5.32,4.76,4.28,2.81,2.44,2.89,3.35,3.65,3.82,3.95,4.05,4.36,5.23,5.98,6.54,7.19,8.26,8.74,9.16,8.5,7.54,6.89,6.42,5.95,5.34,4.51,3.9,2.68,2.41,2.78,3.37,4.54,5.79,6.38,6.16,5.37,3.98,2.58,1.69,1.66,3.42,3.55,2.87,2.2,1.96,1.74,1.46,1.22,1.17,1.42,1.92,2.03,2.14,2.93,4.22,6.59,8.01,8.64
186,4.89,4.57,4.63,4.62,4.29,3.96,4.03,2.02,1.82,2.47,3.35,4.02,4.51,5.0,5.7,6.04,6.1,5.26,3.22,3.1,2.5,1.8,1.51,2.18,3.15,4.16,4.96,5.34,5.32,5.68,6.61,6.27,6.9,6.77,6.29,6.41,6.95,7.51,7.89,8.18,8.53,8.7,7.72,8.03,8.34,7.79,7.22,6.65,6.21,5.89,5.79,5.7,5.65,6.0,6.88,7.44,8.68,8.63,8.4,8.1,7.88,7.83,7.97,8.17,8.29,7.92,5.37,4.46,4.64,4.94,5.42,6.08,6.53,6.46,6.38,6.7,6.6,6.71,7.29,7.89,10.02,9.74,8.96,8.19,7.25,6.17,5.32,4.76,4.28,2.81,2.44,2.89,3.35,3.65,3.82,3.95,4.05,4.36,5.23,5.98,6.54,7.19,8.26,8.74,9.16,8.5,7.54,6.89,6.42,5.95,5.34,4.51,3.9,2.68,2.41,2.78,3.37,4.54,5.79,6.38,6.16,5.37,3.98,2.58,1.69,1.66,3.42,3.55,2.87,2.2,1.96,1.74,1.46,1.22,1.17,1.42,1.92,2.03,2.14,2.93,4.22,6.59,8.01,8.64,8.59,8.17,7.63,6.92,6.16,5.71,6.1,5.55,5.75,5.92,5.62,5.06,4.18,2.91,1.57,0.77,1.09,1.35,1.97,2.82,3.46,4.03,4.55,5.04
187,3.15,4.16,4.96,5.34,5.32,5.68,6.61,6.27,6.9,6.77,6.29,6.41,6.95,7.51,7.89,8.18,8.53,8.7,7.72,8.03,8.34,7.79,7.22,6.65,6.21,5.89,5.79,5.7,5.65,6.0,6.88,7.44,8.68,8.63,8.4,8.1,7.88,7.83,7.97,8.17,8.29,7.92,5.37,4.46,4.64,4.94,5.42,6.08,6.53,6.46,6.38,6.7,6.6,6.71,7.29,7.89,10.02,9.74,8.96,8.19,7.25,6.17,5.32,4.76,4.28,2.81,2.44,2.89,3.35,3.65,3.82,3.95,4.05,4.36,5.23,5.98,6.54,7.19,8.26,8.74,9.16,8.5,7.54,6.89,6.42,5.95,5.34,4.51,3.9,2.68,2.41,2.78,3.37,4.54,5.79,6.38,6.16,5.37,3.98,2.58,1.69,1.66,3.42,3.55,2.87,2.2,1.96,1.74,1.46,1.22,1.17,1.42,1.92,2.03,2.14,2.93,4.22,6.59,8.01,8.64,8.59,8.17,7.63,6.92,6.16,5.71,6.1,5.55,5.75,5.92,5.62,5.06,4.18,2.91,1.57,0.77,1.09,1.35,1.97,2.82,3.46,4.03,4.55,5.04,4.97,4.8,4.68,4.48,4.37,4.52,5.92,5.19,5.51,6.54,6.02,5.49,5.09,4.95,4.83,4.66,4.42,3.3,2.41,2.38,2.4,2.58,2.98,3.53
188,6.21,5.89,5.79,5.7,5.65,6.0,6.88,7.44,8.68,8.63,8.4,8.1,7.88,7.83,7.97,8.17,8.29,7.92,5.37,4.46,4.64,4.94,5.42,6.08,6.53,6.46,6.38,6.7,6.6,6.71,7.29,7.89,10.02,9.74,8.96,8.19,7.25,6.17,5.32,4.76,4.28,2.81,2.44,2.89,3.35,3.65,3.82,3.95,4.05,4.36,5.23,5.98,6.54,7.19,8.26,8.74,9.16,8.5,7.54,6.89,6.42,5.95,5.34,4.51,3.9,2.68,2.41,2.78,3.37,4.54,5.79,6.38,6.16,5.37,3.98,2.58,1.69,1.66,3.42,3.55,2.87,2.2,1.96,1.74,1.46,1.22,1.17,1.42,1.92,2.03,2.14,2.93,4.22,6.59,8.01,8.64,8.59,8.17,7.63,6.92,6.16,5.71,6.1,5.55,5.75,5.92,5.62,5.06,4.18,2.91,1.57,0.77,1.09,1.35,1.97,2.82,3.46,4.03,4.55,5.04,4.97,4.8,4.68,4.48,4.37,4.52,5.92,5.19,5.51,6.54,6.02,5.49,5.09,4.95,4.83,4.66,4.42,3.3,2.41,2.38,2.4,2.58,2.98,3.53,4.59,5.38,5.41,5.26,5.0,5.16,6.51,5.95,6.3,6.5,5.7,5.12,4.71,4.49,4.43,4.41,4.4,3.84,2.88,3.32,3.54,3.69,3.72,3.7
189,6.53,6.46,6.38,6.7,6.6,6.71,7.29,7.89,10.02,9.74,8.96,8.19,7.25,6.17,5.32,4.76,4.28,2.81,2.44,2.89,3.35,3.65,3.82,3.95,4.05,4.36,5.23,5.98,6.54,7.19,8.26,8.74,9.16,8.5,7.54,6.89,6.42,5.95,5.34,4.51,3.9,2.68,2.41,2.78,3.37,4.54,5.79,6.38,6.16,5.37,3.98,2.58,1.69,1.66,3.42,3.55,2.87,2.2,1.96,1.74,1.46,1.22,1.17,1.42,1.92,2.03,2.14,2.93,4.22,6.59,8.01,8.64,8.59,8.17,7.63,6.92,6.16,5.71,6.1,5.55,5.75,5.92,5.62,5.06,4.18,2.91,1.57,0.77,1.09,1.35,1.97,2.82,3.46,4.03,4.55,5.04,4.97,4.8,4.68,4.48,4.37,4.52,5.92,5.19,5.51,6.54,6.02,5.49,5.09,4.95,4.83,4.66,4.42,3.3,2.41,2.38,2.4,2.58,2.98,3.53,4.59,5.38,5.41,5.26,5.0,5.16,6.51,5.95,6.3,6.5,5.7,5.12,4.71,4.49,4.43,4.41,4.4,3.84,2.88,3.32,3.54,3.69,3.72,3.7,3.69,3.72,3.86,4.37,5.28,6.12,7.43,7.52,8.23,8.34,7.44,6.21,4.94,3.88,3.08,2.54,2.15,1.45,1.4,1.39,1.35,1.33,1.64,2.32
190,4.05,4.36,5.23,5.98,6.54,7.19,8.26,8.74,9.16,8.5,7.54,6.89,6.42,5.95,5.34,4.51,3.9,2.68,2.41,2.78,3.37,4.54,5.79,6.38,6.16,5.37,3.98,2.58,1.69,1.66,3.42,3.55,2.87,2.2,1.96,1.74,1.46,1.22,1.17,1.42,1.92,2.03,2.14,2.93,4.22,6.59,8.01,8.64,8.59,8.17,7.63,6.92,6.16,5.71,6.1,5.55,5.75,5.92,5.62,5.06,4.18,2.91,1.57,0.77,1.09,1.35,1.97,2.82,3.46,4.03,4.55,5.04,4.97,4.8,4.68,4.48,4.37,4.52,5.92,5.19,5.51,6.54,6.02,5.49,5.09,4.95,4.83,4.66,4.42,3.3,2.41,2.38,2.4,2.58,2.98,3.53,4.59,5.38,5.41,5.26,5.0,5.16,6.51,5.95,6.3,6.5,5.7,5.12,4.71,4.49,4.43,4.41,4.4,3.84,2.88,3.32,3.54,3.69,3.72,3.7,3.69,3.72,3.86,4.37,5.28,6.12,7.43,7.52,8.23,8.34,7.44,6.21,4.94,3.88,3.08,2.54,2.15,1.45,1.4,1.39,1.35,1.33,1.64,2.32,3.06,3.82,4.89,5.75,6.01,6.12,6.9,6.45,6.51,6.87,6.17,4.92,3.44,1.92,0.87,1.22,1.85,1.8,2.1,2.56,2.86,3.04,3.03,2.91
191,6.16,5.37,3.98,2.58,1.69,1.66,3.42,3.55,2.87,2.2,1.96,1.74,1.46,1.22,1.17,1.42,1.92,2.03,2.14,2.93,4.22,6.59,8.01,8.64,8.59,8.17,7.63,6.92,6.16,5.71,6.1,5.55,5.75,5.92,5.62,5.06,4.18,2.91,1.57,0.77,1.09,1.35,1.97,2.82,3.46,4.03,4.55,5.04,4.97,4.8,4.68,4.48,4.37,4.52,5.92,5.19,5.51,6.54,6.02,5.49,5.09,4.95,4.83,4.66,4.42,3.3,2.41,2.38,2.4,2.58,2.98,3.53,4.59,5.38,5.41,5.26,5.0,5.16,6.51,5.95,6.3,6.5,5.7,5.12,4.71,4.49,4.43,4.41,4.4,3.84,2.88,3.32,3.54,3.69,3.72,3.7,3.69,3.72,3.86,4.37,5.28,6.12,7.43,7.52,8.23,8.34,7.44,6.21,4.94,3.88,3.08,2.54,2.15,1.45,1.4,1.39,1.35,1.33,1.64,2.32,3.06,3.82,4.89,5.75,6.01,6.12,6.9,6.45,6.51,6.87,6.17,4.92,3.44,1.92,0.87,1.22,1.85,1.8,2.1,2.56,2.86,3.04,3.03,2.91,2.79,2.74,2.75,2.87,3.03,3.24,4.67,4.65,5.02,5.55,4.92,4.0,2.95,1.88,0.88,0.02,0.66,0.91,1.28,1.57,1.63,1.42,1.11,1.2
192,8.59,8.17,7.63,6.92,6.16,5.71,6.1,5.55,5.75,5.92,5.62,5.06,4.18,2.91,1.57,0.77,1.09,1.35,1.97,2.82,3.46,4.03,4.55,5.04,4.97,4.8,4.68,4.48,4.37,4.52,5.92,5.19,5.51,6.54,6.02,5.49,5.09,4.95,4.83,4.66,4.42,3.3,2.41,2.38,2.4,2.58,2.98,3.53,4.59,5.38,5.41,5.26,5.0,5.16,6.51,5.95,6.3,6.5,5.7,5.12,4.71,4.49,4.43,4.41,4.4,3.84,2.88,3.32,3.54,3.69,3.72,3.7,3.69,3.72,3.86,4.37,5.28,6.12,7.43,7.52,8.23,8.34,7.44,6.21,4.94,3.88,3.08,2.54,2.15,1.45,1.4,1.39,1.35,1.33,1.64,2.32,3.06,3.82,4.89,5.75,6.01,6.12,6.9,6.45,6.51,6.87,6.17,4.92,3.44,1.92,0.87,1.22,1.85,1.8,2.1,2.56,2.86,3.04,3.03,2.91,2.79,2.74,2.75,2.87,3.03,3.24,4.67,4.65,5.02,5.55,4.92,4.0,2.95,1.88,0.88,0.02,0.66,0.91,1.28,1.57,1.63,1.42,1.11,1.2,1.79,2.3,2.54,2.46,1.88,0.98,1.16,2.11,2.53,2.4,1.86,1.07,0.61,1.2,1.91,2.51,2.99,2.72,2.81,3.4,3.83,4.38,5.1,6.11
193,4.97,4.8,4.68,4.48,4.37,4.52,5.92,5.19,5.51,6.54,6.02,5.49,5.09,4.95,4.83,4.66,4.42,3.3,2.41,2.38,2.4,2.58,2.98,3.53,4.59,5.38,5.41,5.26,5.0,5.16,6.51,5.95,6.3,6.5,5.7,5.12,4.71,4.49,4.43,4.41,4.4,3.84,2.88,3.32,3.54,3.69,3.72,3.7,3.69,3.72,3.86,4.37,5.28,6.12,7.43,7.52,8.23,8.34,7.44,6.21,4.94,3.88,3.08,2.54,2.15,1.45,1.4,1.39,1.35,1.33,1.64,2.32,3.06,3.82,4.89,5.75,6.01,6.12,6.9,6.45,6.51,6.87,6.17,4.92,3.44,1.92,0.87,1.22,1.85,1.8,2.1,2.56,2.86,3.04,3.03,2.91,2.79,2.74,2.75,2.87,3.03,3.24,4.67,4.65,5.02,5.55,4.92,4.0,2.95,1.88,0.88,0.02,0.66,0.91,1.28,1.57,1.63,1.42,1.11,1.2,1.79,2.3,2.54,2.46,1.88,0.98,1.16,2.11,2.53,2.4,1.86,1.07,0.61,1.2,1.91,2.51,2.99,2.72,2.81,3.4,3.83,4.38,5.1,6.11,7.06,7.44,7.42,7.15,7.11,7.53,7.99,9.19,10.16,9.14,7.55,6.11,5.03,4.47,4.42,4.77,5.24,5.0,3.47,3.79,3.92,4.13,4.58,5.28
194,4.59,5.38,5.41,5.26,5.0,5.16,6.51,5.95,6.3,6.5,5.7,5.12,4.71,4.49,4.43,4.41,4.4,3.84,2.88,3.32,3.54,3.69,3.72,3.7,3.69,3.72,3.86,4.37,5.28,6.12,7.43,7.52,8.23,8.34,7.44,6.21,4.94,3.88,3.08,2.54,2.15,1.45,1.4,1.39,1.35,1.33,1.64,2.32,3.06,3.82,4.89,5.75,6.01,6.12,6.9,6.45,6.51,6.87,6.17,4.92,3.44,1.92,0.87,1.22,1.85,1.8,2.1,2.56,2.86,3.04,3.03,2.91,2.79,2.74,2.75,2.87,3.03,3.24,4.67,4.65,5.02,5.55,4.92,4.0,2.95,1.88,0.88,0.02,0.66,0.91,1.28,1.57,1.63,1.42,1.11,1.2,1.79,2.3,2.54,2.46,1.88,0.98,1.16,2.11,2.53,2.4,1.86,1.07,0.61,1.2,1.91,2.51,2.99,2.72,2.81,3.4,3.83,4.38,5.1,6.11,7.06,7.44,7.42,7.15,7.11,7.53,7.99,9.19,10.16,9.14,7.55,6.11,5.03,4.47,4.42,4.77,5.24,5.0,3.47,3.79,3.92,4.13,4.58,5.28,6.14,6.9,7.36,7.32,7.31,7.33,7.32,8.19,8.76,7.77,6.71,5.92,5.17,4.3,3.59,3.46,3.81,4.01,3.07,4.0,5.63,6.74,6.61,6.12
195,3.69,3.72,3.86,4.37,5.28,6.12,7.43,7.52,8.23,8.34,7.44,6.21,4.94,3.88,3.08,2.54,2.15,1.45,1.4,1.39,1.35,1.33,1.64,2.32,3.06,3.82,4.89,5.75,6.01,6.12,6.9,6.45,6.51,6.87,6.17,4.92,3.44,1.92,0.87,1.22,1.85,1.8,2.1,2.56,2.86,3.04,3.03,2.91,2.79,2.74,2.75,2.87,3.03,3.24,4.67,4.65,5.02,5.55,4.92,4.0,2.95,1.88,0.88,0.02,0.66,0.91,1.28,1.57,1.63,1.42,1.11,1.2,1.79,2.3,2.54,2.46,1.88,0.98,1.16,2.11,2.53,2.4,1.86,1.07,0.61,1.2,1.91,2.51,2.99,2.72,2.81,3.4,3.83,4.38,5.1,6.11,7.06,7.44,7.42,7.15,7.11,7.53,7.99,9.19,10.16,9.14,7.55,6.11,5.03,4.47,4.42,4.77,5.24,5.0,3.47,3.79,3.92,4.13,4.58,5.28,6.14,6.9,7.36,7.32,7.31,7.33,7.32,8.19,8.76,7.77,6.71,5.92,5.17,4.3,3.59,3.46,3.81,4.01,3.07,4.0,5.63,6.74,6.61,6.12,5.77,5.58,5.37,5.19,5.1,5.4,6.37,8.08,8.66,7.93,7.49,7.31,7.38,7.73,8.25,8.76,9.19,9.02,7.65,7.07,7.22,7.34,7.27,7.01
196,3.06,3.82,4.89,5.75,6.01,6.12,6.9,6.45,6.51,6.87,6.17,4.92,3.44,1.92,0.87,1.22,1.85,1.8,2.1,2.56,2.86,3.04,3.03,2.91,2.79,2.74,2.75,2.87,3.03,3.24,4.67,4.65,5.02,5.55,4.92,4.0,2.95,1.88,0.88,0.02,0.66,0.91,1.28,1.57,1.63,1.42,1.11,1.2,1.79,2.3,2.54,2.46,1.88,0.98,1.16,2.11,2.53,2.4,1.86,1.07,0.61,1.2,1.91,2.51,2.99,2.72,2.81,3.4,3.83,4.38,5.1,6.11,7.06,7.44,7.42,7.15,7.11,7.53,7.99,9.19,10.16,9.14,7.55,6.11,5.03,4.47,4.42,4.77,5.24,5.0,3.47,3.79,3.92,4.13,4.58,5.28,6.14,6.9,7.36,7.32,7.31,7.33,7.32,8.19,8.76,7.77,6.71,5.92,5.17,4.3,3.59,3.46,3.81,4.01,3.07,4.0,5.63,6.74,6.61,6.12,5.77,5.58,5.37,5.19,5.1,5.4,6.37,8.08,8.66,7.93,7.49,7.31,7.38,7.73,8.25,8.76,9.19,9.02,7.65,7.07,7.22,7.34,7.27,7.01,6.74,6.57,6.45,6.25,6.05,6.38,6.99,7.83,9.3,8.76,8.0,7.88,8.15,8.51,8.83,9.1,9.34,8.95,7.36,6.89,6.84,6.81,6.63,6.27
197,2.79,2.74,2.75,2.87,3.03,3.24,4.67,4.65,5.02,5.55,4.92,4.0,2.95,1.88,0.88,0.02,0.66,0.91,1.28,1.57,1.63,1.42,1.11,1.2,1.79,2.3,2.54,2.46,1.88,0.98,1.16,2.11,2.53,2.4,1.86,1.07,0.61,1.2,1.91,2.51,2.99,2.72,2.81,3.4,3.83,4.38,5.1,6.11,7.06,7.44,7.42,7.15,7.11,7.53,7.99,9.19,10.16,9.14,7.55,6.11,5.03,4.47,4.42,4.77,5.24,5.0,3.47,3.79,3.92,4.13,4.58,5.28,6.14,6.9,7.36,7.32,7.31,7.33,7.32,8.19,8.76,7.77,6.71,5.92,5.17,4.3,3.59,3.46,3.81,4.01,3.07,4.0,5.63,6.74,6.61,6.12,5.77,5.58,5.37,5.19,5.1,5.4,6.37,8.08,8.66,7.93,7.49,7.31,7.38,7.73,8.25,8.76,9.19,9.02,7.65,7.07,7.22,7.34,7.27,7.01,6.74,6.57,6.45,6.25,6.05,6.38,6.99,7.83,9.3,8.76,8.0,7.88,8.15,8.51,8.83,9.1,9.34,8.95,7.36,6.89,6.84,6.81,6.63,6.27,5.84,5.59,5.41,5.13,4.8,4.76,5.95,5.31,7.29,7.05,6.75,6.61,6.58,6.71,7.0,7.35,7.6,7.1,4.73,4.53,4.44,4.14,3.85,3.65
198,1.79,2.3,2.54,2.46,1.88,0.98,1.16,2.11,2.53,2.4,1.86,1.07,0.61,1.2,1.91,2.51,2.99,2.72,2.81,3.4,3.83,4.38,5.1,6.11,7.06,7.44,7.42,7.15,7.11,7.53,7.99,9.19,10.16,9.14,7.55,6.11,5.03,4.47,4.42,4.77,5.24,5.0,3.47,3.79,3.92,4.13,4.58,5.28,6.14,6.9,7.36,7.32,7.31,7.33,7.32,8.19,8.76,7.77,6.71,5.92,5.17,4.3,3.59,3.46,3.81,4.01,3.07,4.0,5.63,6.74,6.61,6.12,5.77,5.58,5.37,5.19,5.1,5.4,6.37,8.08,8.66,7.93,7.49,7.31,7.38,7.73,8.25,8.76,9.19,9.02,7.65,7.07,7.22,7.34,7.27,7.01,6.74,6.57,6.45,6.25,6.05,6.38,6.99,7.83,9.3,8.76,8.0,7.88,8.15,8.51,8.83,9.1,9.34,8.95,7.36,6.89,6.84,6.81,6.63,6.27,5.84,5.59,5.41,5.13,4.8,4.76,5.95,5.31,7.29,7.05,6.75,6.61,6.58,6.71,7.0,7.35,7.6,7.1,4.73,4.53,4.44,4.14,3.85,3.65,3.53,3.51,3.59,3.67,3.75,4.04,5.4,4.48,4.11,2.71,1.61,1.73,2.25,2.9,3.59,4.21,4.66,4.48,3.06,3.19,3.14,2.99,3.14,3.86
199,7.06,7.44,7.42,7.15,7.11,7.53,7.99,9.19,10.16,9.14,7.55,6.11,5.03,4.47,4.42,4.77,5.24,5.0,3.47,3.79,3.92,4.13,4.58,5.28,6.14,6.9,7.36,7.32,7.31,7.33,7.32,8.19,8.76,7.77,6.71,5.92,5.17,4.3,3.59,3.46,3.81,4.01,3.07,4.0,5.63,6.74,6.61,6.12,5.77,5.58,5.37,5.19,5.1,5.4,6.37,8.08,8.66,7.93,7.49,7.31,7.38,7.73,8.25,8.76,9.19,9.02,7.65,7.07,7.22,7.34,7.27,7.01,6.74,6.57,6.45,6.25,6.05,6.38,6.99,7.83,9.3,8.76,8.0,7.88,8.15,8.51,8.83,9.1,9.34,8.95,7.36,6.89,6.84,6.81,6.63,6.27,5.84,5.59,5.41,5.13,4.8,4.76,5.95,5.31,7.29,7.05,6.75,6.61,6.58,6.71,7.0,7.35,7.6,7.1,4.73,4.53,4.44,4.14,3.85,3.65,3.53,3.51,3.59,3.67,3.75,4.04,5.4,4.48,4.11,2.71,1.61,1.73,2.25,2.9,3.59,4.21,4.66,4.48,3.06,3.19,3.14,2.99,3.14,3.86,4.84,5.67,6.14,6.4,6.6,6.92,7.83,7.72,8.42,8.01,6.77,5.48,4.47,3.75,3.36,3.34,3.63,3.27,2.68,3.14,3.98,5.72,7.07,7.53
200,6.14,6.9,7.36,7.32,7.31,7.33,7.32,8.19,8.76,7.77,6.71,5.92,5.17,4.3,3.59,3.46,3.81,4.01,3.07,4.0,5.63,6.74,6.61,6.12,5.77,5.58,5.37,5.19,5.1,5.4,6.37,8.08,8.66,7.93,7.49,7.31,7.38,7.73,8.25,8.76,9.19,9.02,7.65,7.07,7.22,7.34,7.27,7.01,6.74,6.57,6.45,6.25,6.05,6.38,6.99,7.83,9.3,8.76,8.0,7.88,8.15,8.51,8.83,9.1,9.34,8.95,7.36,6.89,6.84,6.81,6.63,6.27,5.84,5.59,5.41,5.13,4.8,4.76,5.95,5.31,7.29,7.05,6.75,6.61,6.58,6.71,7.0,7.35,7.6,7.1,4.73,4.53,4.44,4.14,3.85,3.65,3.53,3.51,3.59,3.67,3.75,4.04,5.4,4.48,4.11,2.71,1.61,1.73,2.25,2.9,3.59,4.21,4.66,4.48,3.06,3.19,3.14,2.99,3.14,3.86,4.84,5.67,6.14,6.4,6.6,6.92,7.83,7.72,8.42,8.01,6.77,5.48,4.47,3.75,3.36,3.34,3.63,3.27,2.68,3.14,3.98,5.72,7.07,7.53,7.63,7.62,7.08,6.57,5.67,5.67,6.58,6.21,9.73,10.13,10.07,9.98,9.83,9.7,9.63,9.64,9.56,8.76,6.5,6.24,7.0,7.74,8.05,7.97
201,5.77,5.58,5.37,5.19,5.1,5.4,6.37,8.08,8.66,7.93,7.49,7.31,7.38,7.73,8.25,8.76,9.19,9.02,7.65,7.07,7.22,7.34,7.27,7.01,6.74,6.57,6.45,6.25,6.05,6.38,6.99,7.83,9.3,8.76,8.0,7.88,8.15,8.51,8.83,9.1,9.34,8.95,7.36,6.89,6.84,6.81,6.63,6.27,5.84,5.59,5.41,5.13,4.8,4.76,5.95,5.31,7.29,7.05,6.75,6.61,6.58,6.71,7.0,7.35,7.6,7.1,4.73,4.53,4.44,4.14,3.85,3.65,3.53,3.51,3.59,3.67,3.75,4.04,5.4,4.48,4.11,2.71,1.61,1.73,2.25,2.9,3.59,4.21,4.66,4.48,3.06,3.19,3.14,2.99,3.14,3.86,4.84,5.67,6.14,6.4,6.6,6.92,7.83,7.72,8.42,8.01,6.77,5.48,4.47,3.75,3.36,3.34,3.63,3.27,2.68,3.14,3.98,5.72,7.07,7.53,7.63,7.62,7.08,6.57,5.67,5.67,6.58,6.21,9.73,10.13,10.07,9.98,9.83,9.7,9.63,9.64,9.56,8.76,6.5,6.24,7.0,7.74,8.05,7.97,7.72,7.47,7.28,7.07,6.96,7.09,7.57,6.74,10.23,10.37,9.46,8.59,7.85,7.35,7.2,7.27,7.36,6.47,4.07,4.13,4.33,4.65,5.03,5.29
202,6.74,6.57,6.45,6.25,6.05,6.38,6.99,7.83,9.3,8.76,8.0,7.88,8.15,8.51,8.83,9.1,9.34,8.95,7.36,6.89,6.84,6.81,6.63,6.27,5.84,5.59,5.41,5.13,4.8,4.76,5.95,5.31,7.29,7.05,6.75,6.61,6.58,6.71,7.0,7.35,7.6,7.1,4.73,4.53,4.44,4.14,3.85,3.65,3.53,3.51,3.59,3.67,3.75,4.04,5.4,4.48,4.11,2.71,1.61,1.73,2.25,2.9,3.59,4.21,4.66,4.48,3.06,3.19,3.14,2.99,3.14,3.86,4.84,5.67,6.14,6.4,6.6,6.92,7.83,7.72,8.42,8.01,6.77,5.48,4.47,3.75,3.36,3.34,3.63,3.27,2.68,3.14,3.98,5.72,7.07,7.53,7.63,7.62,7.08,6.57,5.67,5.67,6.58,6.21,9.73,10.13,10.07,9.98,9.83,9.7,9.63,9.64,9.56,8.76,6.5,6.24,7.0,7.74,8.05,7.97,7.72,7.47,7.28,7.07,6.96,7.09,7.57,6.74,10.23,10.37,9.46,8.59,7.85,7.35,7.2,7.27,7.36,6.47,4.07,4.13,4.33,4.65,5.03,5.29,5.3,5.16,5.01,4.76,4.45,4.29,5.59,4.7,4.66,5.08,4.63,4.35,4.19,4.2,4.26,4.27,4.23,3.33,2.6,2.86,3.01,3.15,3.36,3.62
203,5.84,5.59,5.41,5.13,4.8,4.76,5.95,5.31,7.29,7.05,6.75,6.61,6.58,6.71,7.0,7.35,7.6,7.1,4.73,4.53,4.44,4.14,3.85,3.65,3.53,3.51,3.59,3.67,3.75,4.04,5.4,4.48,4.11,2.71,1.61,1.73,2.25,2.9,3.59,4.21,4.66,4.48,3.06,3.19,3.14,2.99,3.14,3.86,4.84,5.67,6.14,6.4,6.6,6.92,7.83,7.72,8.42,8.01,6.77,5.48,4.47,3.75,3.36,3.34,3.63,3.27,2.68,3.14,3.98,5.72,7.07,7.53,7.63,7.62,7.08,6.57,5.67,5.67,6.58,6.21,9.73,10.13,10.07,9.98,9.83,9.7,9.63,9.64,9.56,8.76,6.5,6.24,7.0,7.74,8.05,7.97,7.72,7.47,7.28,7.07,6.96,7.09,7.57,6.74,10.23,10.37,9.46,8.59,7.85,7.35,7.2,7.27,7.36,6.47,4.07,4.13,4.33,4.65,5.03,5.29,5.3,5.16,5.01,4.76,4.45,4.29,5.59,4.7,4.66,5.08,4.63,4.35,4.19,4.2,4.26,4.27,4.23,3.33,2.6,2.86,3.01,3.15,3.36,3.62,3.73,3.95,4.26,4.61,4.65,4.84,6.18,5.49,5.75,5.69,4.69,3.95,3.74,3.98,4.26,4.31,4.16,3.33,2.52,2.87,3.21,3.64,4.3,5.25
204,3.53,3.51,3.59,3.67,3.75,4.04,5.4,4.48,4.11,2.71,1.61,1.73,2.25,2.9,3.59,4.21,4.66,4.48,3.06,3.19,3.14,2.99,3.14,3.86,4.84,5.67,6.14,6.4,6.6,6.92,7.83,7.72,8.42,8.01,6.77,5.48,4.47,3.75,3.36,3.34,3.63,3.27,2.68,3.14,3.98,5.72,7.07,7.53,7.63,7.62,7.08,6.57,5.67,5.67,6.58,6.21,9.73,10.13,10.07,9.98,9.83,9.7,9.63,9.64,9.56,8.76,6.5,6.24,7.0,7.74,8.05,7.97,7.72,7.47,7.28,7.07,6.96,7.09,7.57,6.74,10.23,10.37,9.46,8.59,7.85,7.35,7.2,7.27,7.36,6.47,4.07,4.13,4.33,4.65,5.03,5.29,5.3,5.16,5.01,4.76,4.45,4.29,5.59,4.7,4.66,5.08,4.63,4.35,4.19,4.2,4.26,4.27,4.23,3.33,2.6,2.86,3.01,3.15,3.36,3.62,3.73,3.95,4.26,4.61,4.65,4.84,6.18,5.49,5.75,5.69,4.69,3.95,3.74,3.98,4.26,4.31,4.16,3.33,2.52,2.87,3.21,3.64,4.3,5.25,5.68,5.66,5.37,5.06,4.94,5.08,6.21,5.93,6.67,6.94,7.3,7.72,8.19,8.61,8.91,9.01,8.95,8.18,5.51,5.14,5.57,5.9,5.93,5.91
205,4.84,5.67,6.14,6.4,6.6,6.92,7.83,7.72,8.42,8.01,6.77,5.48,4.47,3.75,3.36,3.34,3.63,3.27,2.68,3.14,3.98,5.72,7.07,7.53,7.63,7.62,7.08,6.57,5.67,5.67,6.58,6.21,9.73,10.13,10.07,9.98,9.83,9.7,9.63,9.64,9.56,8.76,6.5,6.24,7.0,7.74,8.05,7.97,7.72,7.47,7.28,7.07,6.96,7.09,7.57,6.74,10.23,10.37,9.46,8.59,7.85,7.35,7.2,7.27,7.36,6.47,4.07,4.13,4.33,4.65,5.03,5.29,5.3,5.16,5.01,4.76,4.45,4.29,5.59,4.7,4.66,5.08,4.63,4.35,4.19,4.2,4.26,4.27,4.23,3.33,2.6,2.86,3.01,3.15,3.36,3.62,3.73,3.95,4.26,4.61,4.65,4.84,6.18,5.49,5.75,5.69,4.69,3.95,3.74,3.98,4.26,4.31,4.16,3.33,2.52,2.87,3.21,3.64,4.3,5.25,5.68,5.66,5.37,5.06,4.94,5.08,6.21,5.93,6.67,6.94,7.3,7.72,8.19,8.61,8.91,9.01,8.95,8.18,5.51,5.14,5.57,5.9,5.93,5.91,5.82,5.7,5.64,5.64,5.64,5.87,6.61,6.36,8.56,8.24,7.62,7.46,7.55,7.77,7.98,8.12,8.18,7.58,6.13,7.36,8.47,8.76,8.44,7.88
206,7.63,7.62,7.08,6.57,5.67,5.67,6.58,6.21,9.73,10.13,10.07,9.98,9.83,9.7,9.63,9.64,9.56,8.76,6.5,6.24,7.0,7.74,8.05,7.97,7.72,7.47,7.28,7.07,6.96,7.09,7.57,6.74,10.23,10.37,9.46,8.59,7.85,7.35,7.2,7.27,7.36,6.47,4.07,4.13,4.33,4.65,5.03,5.29,5.3,5.16,5.01,4.76,4.45,4.29,5.59,4.7,4.66,5.08,4.63,4.35,4.19,4.2,4.26,4.27,4.23,3.33,2.6,2.86,3.01,3.15,3.36,3.62,3.73,3.95,4.26,4.61,4.65,4.84,6.18,5.49,5.75,5.69,4.69,3.95,3.74,3.98,4.26,4.31,4.16,3.33,2.52,2.87,3.21,3.64,4.3,5.25,5.68,5.66,5.37,5.06,4.94,5.08,6.21,5.93,6.67,6.94,7.3,7.72,8.19,8.61,8.91,9.01,8.95,8.18,5.51,5.14,5.57,5.9,5.93,5.91,5.82,5.7,5.64,5.64,5.64,5.87,6.61,6.36,8.56,8.24,7.62,7.46,7.55,7.77,7.98,8.12,8.18,7.58,6.13,7.36,8.47,8.76,8.44,7.88,7.41,7.0,6.62,6.45,6.38,6.43,7.27,7.21,9.45,9.11,8.25,7.54,7.03,6.73,6.45,6.31,6.54,6.3,5.86,7.47,8.41,8.44,8.08,7.66
207,7.72,7.47,7.28,7.07,6.96,7.09,7.57,6.74,10.23,10.37,9.46,8.59,7.85,7.35,7.2,7.27,7.36,6.47,4.07,4.13,4.33,4.65,5.03,5.29,5.3,5.16,5.01,4.76,4.45,4.29,5.59,4.7,4.66,5.08,4.63,4.35,4.19,4.2,4.26,4.27,4.23,3.33,2.6,2.86,3.01,3.15,3.36,3.62,3.73,3.95,4.26,4.61,4.65,4.84,6.18,5.49,5.75,5.69,4.69,3.95,3.74,3.98,4.26,4.31,4.16,3.33,2.52,2.87,3.21,3.64,4.3,5.25,5.68,5.66,5.37,5.06,4.94,5.08,6.21,5.93,6.67,6.94,7.3,7.72,8.19,8.61,8.91,9.01,8.95,8.18,5.51,5.14,5.57,5.9,5.93,5.91,5.82,5.7,5.64,5.64,5.64,5.87,6.61,6.36,8.56,8.24,7.62,7.46,7.55,7.77,7.98,8.12,8.18,7.58,6.13,7.36,8.47,8.76,8.44,7.88,7.41,7.0,6.62,6.45,6.38,6.43,7.27,7.21,9.45,9.11,8.25,7.54,7.03,6.73,6.45,6.31,6.54,6.3,5.86,7.47,8.41,8.44,8.08,7.66,7.28,6.75,6.23,5.82,5.38,5.28,6.82,5.93,5.87,7.57,7.68,7.89,8.05,8.09,8.17,8.2,8.02,6.54,4.35,4.35,4.3,4.32,4.53,4.82
208,5.3,5.16,5.01,4.76,4.45,4.29,5.59,4.7,4.66,5.08,4.63,4.35,4.19,4.2,4.26,4.27,4.23,3.33,2.6,2.86,3.01,3.15,3.36,3.62,3.73,3.95,4.26,4.61,4.65,4.84,6.18,5.49,5.75,5.69,4.69,3.95,3.74,3.98,4.26,4.31,4.16,3.33,2.52,2.87,3.21,3.64,4.3,5.25,5.68,5.66,5.37,5.06,4.94,5.08,6.21,5.93,6.67,6.94,7.3,7.72,8.19,8.61,8.91,9.01,8.95,8.18,5.51,5.14,5.57,5.9,5.93,5.91,5.82,5.7,5.64,5.64,5.64,5.87,6.61,6.36,8.56,8.24,7.62,7.46,7.55,7.77,7.98,8.12,8.18,7.58,6.13,7.36,8.47,8.76,8.44,7.88,7.41,7.0,6.62,6.45,6.38,6.43,7.27,7.21,9.45,9.11,8.25,7.54,7.03,6.73,6.45,6.31,6.54,6.3,5.86,7.47,8.41,8.44,8.08,7.66,7.28,6.75,6.23,5.82,5.38,5.28,6.82,5.93,5.87,7.57,7.68,7.89,8.05,8.09,8.17,8.2,8.02,6.54,4.35,4.35,4.3,4.32,4.53,4.82,5.03,4.99,4.83,4.6,4.33,4.07,4.83,3.94,3.97,4.54,4.1,4.46,5.08,5.44,5.64,5.85,5.99,5.27,3.7,3.86,3.71,3.37,2.86,2.52
209,3.73,3.95,4.26,4.61,4.65,4.84,6.18,5.49,5.75,5.69,4.69,3.95,3.74,3.98,4.26,4.31,4.16,3.33,2.52,2.87,3.21,3.64,4.3,5.25,5.68,5.66,5.37,5.06,4.94,5.08,6.21,5.93,6.67,6.94,7.3,7.72,8.19,8.61,8.91,9.01,8.95,8.18,5.51,5.14,5.57,5.9,5.93,5.91,5.82,5.7,5.64,5.64,5.64,5.87,6.61,6.36,8.56,8.24,7.62,7.46,7.55,7.77,7.98,8.12,8.18,7.58,6.13,7.36,8.47,8.76,8.44,7.88,7.41,7.0,6.62,6.45,6.38,6.43,7.27,7.21,9.45,9.11,8.25,7.54,7.03,6.73,6.45,6.31,6.54,6.3,5.86,7.47,8.41,8.44,8.08,7.66,7.28,6.75,6.23,5.82,5.38,5.28,6.82,5.93,5.87,7.57,7.68,7.89,8.05,8.09,8.17,8.2,8.02,6.54,4.35,4.35,4.3,4.32,4.53,4.82,5.03,4.99,4.83,4.6,4.33,4.07,4.83,3.94,3.97,4.54,4.1,4.46,5.08,5.44,5.64,5.85,5.99,5.27,3.7,3.86,3.71,3.37,2.86,2.52,2.53,2.47,2.03,1.97,2.64,3.09,3.75,4.31,5.47,6.02,5.32,4.31,3.6,3.44,3.68,4.15,4.61,4.14,3.1,3.26,3.15,2.9,2.57,2.32
210,5.68,5.66,5.37,5.06,4.94,5.08,6.21,5.93,6.67,6.94,7.3,7.72,8.19,8.61,8.91,9.01,8.95,8.18,5.51,5.14,5.57,5.9,5.93,5.91,5.82,5.7,5.64,5.64,5.64,5.87,6.61,6.36,8.56,8.24,7.62,7.46,7.55,7.77,7.98,8.12,8.18,7.58,6.13,7.36,8.47,8.76,8.44,7.88,7.41,7.0,6.62,6.45,6.38,6.43,7.27,7.21,9.45,9.11,8.25,7.54,7.03,6.73,6.45,6.31,6.54,6.3,5.86,7.47,8.41,8.44,8.08,7.66,7.28,6.75,6.23,5.82,5.38,5.28,6.82,5.93,5.87,7.57,7.68,7.89,8.05,8.09,8.17,8.2,8.02,6.54,4.35,4.35,4.3,4.32,4.53,4.82,5.03,4.99,4.83,4.6,4.33,4.07,4.83,3.94,3.97,4.54,4.1,4.46,5.08,5.44,5.64,5.85,5.99,5.27,3.7,3.86,3.71,3.37,2.86,2.52,2.53,2.47,2.03,1.97,2.64,3.09,3.75,4.31,5.47,6.02,5.32,4.31,3.6,3.44,3.68,4.15,4.61,4.14,3.1,3.26,3.15,2.9,2.57,2.32,2.18,2.12,2.14,2.34,2.65,2.85,3.34,3.75,3.46,3.8,3.31,3.01,3.25,3.85,4.31,4.64,4.86,4.05,3.14,3.43,3.53,3.57,3.55,3.55
211,5.82,5.7,5.64,5.64,5.64,5.87,6.61,6.36,8.56,8.24,7.62,7.46,7.55,7.77,7.98,8.12,8.18,7.58,6.13,7.36,8.47,8.76,8.44,7.88,7.41,7.0,6.62,6.45,6.38,6.43,7.27,7.21,9.45,9.11,8.25,7.54,7.03,6.73,6.45,6.31,6.54,6.3,5.86,7.47,8.41,8.44,8.08,7.66,7.28,6.75,6.23,5.82,5.38,5.28,6.82,5.93,5.87,7.57,7.68,7.89,8.05,8.09,8.17,8.2,8.02,6.54,4.35,4.35,4.3,4.32,4.53,4.82,5.03,4.99,4.83,4.6,4.33,4.07,4.83,3.94,3.97,4.54,4.1,4.46,5.08,5.44,5.64,5.85,5.99,5.27,3.7,3.86,3.71,3.37,2.86,2.52,2.53,2.47,2.03,1.97,2.64,3.09,3.75,4.31,5.47,6.02,5.32,4.31,3.6,3.44,3.68,4.15,4.61,4.14,3.1,3.26,3.15,2.9,2.57,2.32,2.18,2.12,2.14,2.34,2.65,2.85,3.34,3.75,3.46,3.8,3.31,3.01,3.25,3.85,4.31,4.64,4.86,4.05,3.14,3.43,3.53,3.57,3.55,3.55,3.5,3.39,3.33,3.43,3.76,4.41,6.28,6.26,6.47,5.65,4.68,4.02,3.58,3.21,2.93,2.84,2.89,2.16,1.98,2.09,2.37,2.88,3.51,4.34
212,7.41,7.0,6.62,6.45,6.38,6.43,7.27,7.21,9.45,9.11,8.25,7.54,7.03,6.73,6.45,6.31,6.54,6.3,5.86,7.47,8.41,8.44,8.08,7.66,7.28,6.75,6.23,5.82,5.38,5.28,6.82,5.93,5.87,7.57,7.68,7.89,8.05,8.09,8.17,8.2,8.02,6.54,4.35,4.35,4.3,4.32,4.53,4.82,5.03,4.99,4.83,4.6,4.33,4.07,4.83,3.94,3.97,4.54,4.1,4.46,5.08,5.44,5.64,5.85,5.99,5.27,3.7,3.86,3.71,3.37,2.86,2.52,2.53,2.47,2.03,1.97,2.64,3.09,3.75,4.31,5.47,6.02,5.32,4.31,3.6,3.44,3.68,4.15,4.61,4.14,3.1,3.26,3.15,2.9,2.57,2.32,2.18,2.12,2.14,2.34,2.65,2.85,3.34,3.75,3.46,3.8,3.31,3.01,3.25,3.85,4.31,4.64,4.86,4.05,3.14,3.43,3.53,3.57,3.55,3.55,3.5,3.39,3.33,3.43,3.76,4.41,6.28,6.26,6.47,5.65,4.68,4.02,3.58,3.21,2.93,2.84,2.89,2.16,1.98,2.09,2.37,2.88,3.51,4.34,5.02,5.34,5.51,5.55,5.53,5.61,6.45,6.19,6.34,5.85,5.15,4.16,3.52,4.07,5.25,6.42,7.48,7.52,6.23,5.94,5.77,6.06,6.41,6.42
213,7.28,6.75,6.23,5.82,5.38,5.28,6.82,5.93,5.87,7.57,7.68,7.89,8.05,8.09,8.17,8.2,8.02,6.54,4.35,4.35,4.3,4.32,4.53,4.82,5.03,4.99,4.83,4.6,4.33,4.07,4.83,3.94,3.97,4.54,4.1,4.46,5.08,5.44,5.64,5.85,5.99,5.27,3.7,3.86,3.71,3.37,2.86,2.52,2.53,2.47,2.03,1.97,2.64,3.09,3.75,4.31,5.47,6.02,5.32,4.31,3.6,3.44,3.68,4.15,4.61,4.14,3.1,3.26,3.15,2.9,2.57,2.32,2.18,2.12,2.14,2.34,2.65,2.85,3.34,3.75,3.46,3.8,3.31,3.01,3.25,3.85,4.31,4.64,4.86,4.05,3.14,3.43,3.53,3.57,3.55,3.55,3.5,3.39,3.33,3.43,3.76,4.41,6.28,6.26,6.47,5.65,4.68,4.02,3.58,3.21,2.93,2.84,2.89,2.16,1.98,2.09,2.37,2.88,3.51,4.34,5.02,5.34,5.51,5.55,5.53,5.61,6.45,6.19,6.34,5.85,5.15,4.16,3.52,4.07,5.25,6.42,7.48,7.52,6.23,5.94,5.77,6.06,6.41,6.42,6.16,5.62,5.16,4.79,4.49,4.44,5.36,6.3,6.79,6.46,6.22,5.9,5.94,6.36,6.94,7.45,7.81,7.51,5.39,5.07,5.14,5.21,5.28,5.35
214,5.03,4.99,4.83,4.6,4.33,4.07,4.83,3.94,3.97,4.54,4.1,4.46,5.08,5.44,5.64,5.85,5.99,5.27,3.7,3.86,3.71,3.37,2.86,2.52,2.53,2.47,2.03,1.97,2.64,3.09,3.75,4.31,5.47,6.02,5.32,4.31,3.6,3.44,3.68,4.15,4.61,4.14,3.1,3.26,3.15,2.9,2.57,2.32,2.18,2.12,2.14,2.34,2.65,2.85,3.34,3.75,3.46,3.8,3.31,3.01,3.25,3.85,4.31,4.64,4.86,4.05,3.14,3.43,3.53,3.57,3.55,3.55,3.5,3.39,3.33,3.43,3.76,4.41,6.28,6.26,6.47,5.65,4.68,4.02,3.58,3.21,2.93,2.84,2.89,2.16,1.98,2.09,2.37,2.88,3.51,4.34,5.02,5.34,5.51,5.55,5.53,5.61,6.45,6.19,6.34,5.85,5.15,4.16,3.52,4.07,5.25,6.42,7.48,7.52,6.23,5.94,5.77,6.06,6.41,6.42,6.16,5.62,5.16,4.79,4.49,4.44,5.36,6.3,6.79,6.46,6.22,5.9,5.94,6.36,6.94,7.45,7.81,7.51,5.39,5.07,5.14,5.21,5.28,5.35,5.38,5.42,5.39,5.19,4.84,4.67,5.89,5.67,6.14,6.08,6.38,6.88,7.42,7.97,8.47,8.79,8.89,8.25,5.79,5.22,5.4,5.6,5.78,5.81
215,2.53,2.47,2.03,1.97,2.64,3.09,3.75,4.31,5.47,6.02,5.32,4.31,3.6,3.44,3.68,4.15,4.61,4.14,3.1,3.26,3.15,2.9,2.57,2.32,2.18,2.12,2.14,2.34,2.65,2.85,3.34,3.75,3.46,3.8,3.31,3.01,3.25,3.85,4.31,4.64,4.86,4.05,3.14,3.43,3.53,3.57,3.55,3.55,3.5,3.39,3.33,3.43,3.76,4.41,6.28,6.26,6.47,5.65,4.68,4.02,3.58,3.21,2.93,2.84,2.89,2.16,1.98,2.09,2.37,2.88,3.51,4.34,5.02,5.34,5.51,5.55,5.53,5.61,6.45,6.19,6.34,5.85,5.15,4.16,3.52,4.07,5.25,6.42,7.48,7.52,6.23,5.94,5.77,6.06,6.41,6.42,6.16,5.62,5.16,4.79,4.49,4.44,5.36,6.3,6.79,6.46,6.22,5.9,5.94,6.36,6.94,7.45,7.81,7.51,5.39,5.07,5.14,5.21,5.28,5.35,5.38,5.42,5.39,5.19,4.84,4.67,5.89,5.67,6.14,6.08,6.38,6.88,7.42,7.97,8.47,8.79,8.89,8.25,5.79,5.22,5.4,5.6,5.78,5.81,5.78,5.63,5.49,5.37,5.32,5.37,5.96,6.42,7.95,7.86,7.91,8.15,8.48,8.83,9.13,9.38,9.46,8.84,6.83,6.76,7.11,7.31,7.25,6.95
216,2.18,2.12,2.14,2.34,2.65,2.85,3.34,3.75,3.46,3.8,3.31,3.01,3.25,3.85,4.31,4.64,4.86,4.05,3.14,3.43,3.53,3.57,3.55,3.55,3.5,3.39,3.33,3.43,3.76,4.41,6.28,6.26,6.47,5.65,4.68,4.02,3.58,3.21,2.93,2.84,2.89,2.16,1.98,2.09,2.37,2.88,3.51,4.34,5.02,5.34,5.51,5.55,5.53,5.61,6.45,6.19,6.34,5.85,5.15,4.16,3.52,4.07,5.25,6.42,7.48,7.52,6.23,5.94,5.77,6.06,6.41,6.42,6.16,5.62,5.16,4.79,4.49,4.44,5.36,6.3,6.79,6.46,6.22,5.9,5.94,6.36,6.94,7.45,7.81,7.51,5.39,5.07,5.14,5.21,5.28,5.35,5.38,5.42,5.39,5.19,4.84,4.67,5.89,5.67,6.14,6.08,6.38,6.88,7.42,7.97,8.47,8.79,8.89,8.25,5.79,5.22,5.4,5.6,5.78,5.81,5.78,5.63,5.49,5.37,5.32,5.37,5.96,6.42,7.95,7.86,7.91,8.15,8.48,8.83,9.13,9.38,9.46,8.84,6.83,6.76,7.11,7.31,7.25,6.95,6.31,5.73,5.53,5.4,5.36,5.55,6.57,6.11,6.46,5.19,4.1,3.39,2.94,2.63,2.38,2.15,2.06,1.85,2.55,3.28,3.64,3.92,4.16,4.38
217,3.5,3.39,3.33,3.43,3.76,4.41,6.28,6.26,6.47,5.65,4.68,4.02,3.58,3.21,2.93,2.84,2.89,2.16,1.98,2.09,2.37,2.88,3.51,4.34,5.02,5.34,5.51,5.55,5.53,5.61,6.45,6.19,6.34,5.85,5.15,4.16,3.52,4.07,5.25,6.42,7.48,7.52,6.23,5.94,5.77,6.06,6.41,6.42,6.16,5.62,5.16,4.79,4.49,4.44,5.36,6.3,6.79,6.46,6.22,5.9,5.94,6.36,6.94,7.45,7.81,7.51,5.39,5.07,5.14,5.21,5.28,5.35,5.38,5.42,5.39,5.19,4.84,4.67,5.89,5.67,6.14,6.08,6.38,6.88,7.42,7.97,8.47,8.79,8.89,8.25,5.79,5.22,5.4,5.6,5.78,5.81,5.78,5.63,5.49,5.37,5.32,5.37,5.96,6.42,7.95,7.86,7.91,8.15,8.48,8.83,9.13,9.38,9.46,8.84,6.83,6.76,7.11,7.31,7.25,6.95,6.31,5.73,5.53,5.4,5.36,5.55,6.57,6.11,6.46,5.19,4.1,3.39,2.94,2.63,2.38,2.15,2.06,1.85,2.55,3.28,3.64,3.92,4.16,4.38,4.6,4.81,4.88,4.77,4.62,4.62,5.77,5.43,5.3,4.79,3.76,2.92,2.29,1.81,1.45,1.22,1.15,1.03,1.11,1.38,1.6,1.92,2.35,2.67
218,5.02,5.34,5.51,5.55,5.53,5.61,6.45,6.19,6.34,5.85,5.15,4.16,3.52,4.07,5.25,6.42,7.48,7.52,6.23,5.94,5.77,6.06,6.41,6.42,6.16,5.62,5.16,4.79,4.49,4.44,5.36,6.3,6.79,6.46,6.22,5.9,5.94,6.36,6.94,7.45,7.81,7.51,5.39,5.07,5.14,5.21,5.28,5.35,5.38,5.42,5.39,5.19,4.84,4.67,5.89,5.67,6.14,6.08,6.38,6.88,7.42,7.97,8.47,8.79,8.89,8.25,5.79,5.22,5.4,5.6,5.78,5.81,5.78,5.63,5.49,5.37,5.32,5.37,5.96,6.42,7.95,7.86,7.91,8.15,8.48,8.83,9.13,9.38,9.46,8.84,6.83,6.76,7.11,7.31,7.25,6.95,6.31,5.73,5.53,5.4,5.36,5.55,6.57,6.11,6.46,5.19,4.1,3.39,2.94,2.63,2.38,2.15,2.06,1.85,2.55,3.28,3.64,3.92,4.16,4.38,4.6,4.81,4.88,4.77,4.62,4.62,5.77,5.43,5.3,4.79,3.76,2.92,2.29,1.81,1.45,1.22,1.15,1.03,1.11,1.38,1.6,1.92,2.35,2.67,2.82,2.97,3.13,3.16,2.94,2.49,2.7,2.1,2.0,2.22,2.27,2.39,2.54,2.67,2.77,2.76,2.65,1.92,1.89,1.92,1.93,1.97,2.16,2.4
219,6.16,5.62,5.16,4.79,4.49,4.44,5.36,6.3,6.79,6.46,6.22,5.9,5.94,6.36,6.94,7.45,7.81,7.51,5.39,5.07,5.14,5.21,5.28,5.35,5.38,5.42,5.39,5.19,4.84,4.67,5.89,5.67,6.14,6.08,6.38,6.88,7.42,7.97,8.47,8.79,8.89,8.25,5.79,5.22,5.4,5.6,5.78,5.81,5.78,5.63,5.49,5.37,5.32,5.37,5.96,6.42,7.95,7.86,7.91,8.15,8.48,8.83,9.13,9.38,9.46,8.84,6.83,6.76,7.11,7.31,7.25,6.95,6.31,5.73,5.53,5.4,5.36,5.55,6.57,6.11,6.46,5.19,4.1,3.39,2.94,2.63,2.38,2.15,2.06,1.85,2.55,3.28,3.64,3.92,4.16,4.38,4.6,4.81,4.88,4.77,4.62,4.62,5.77,5.43,5.3,4.79,3.76,2.92,2.29,1.81,1.45,1.22,1.15,1.03,1.11,1.38,1.6,1.92,2.35,2.67,2.82,2.97,3.13,3.16,2.94,2.49,2.7,2.1,2.0,2.22,2.27,2.39,2.54,2.67,2.77,2.76,2.65,1.92,1.89,1.92,1.93,1.97,2.16,2.4,2.73,3.08,3.38,3.51,3.58,3.75,5.14,5.01,5.44,5.49,4.41,3.34,2.52,2.08,2.17,2.67,3.42,3.23,3.67,4.93,5.73,6.11,6.17,5.94
220,5.38,5.42,5.39,5.19,4.84,4.67,5.89,5.67,6.14,6.08,6.38,6.88,7.42,7.97,8.47,8.79,8.89,8.25,5.79,5.22,5.4,5.6,5.78,5.81,5.78,5.63,5.49,5.37,5.32,5.37,5.96,6.42,7.95,7.86,7.91,8.15,8.48,8.83,9.13,9.38,9.46,8.84,6.83,6.76,7.11,7.31,7.25,6.95,6.31,5.73,5.53,5.4,5.36,5.55,6.57,6.11,6.46,5.19,4.1,3.39,2.94,2.63,2.38,2.15,2.06,1.85,2.55,3.28,3.64,3.92,4.16,4.38,4.6,4.81,4.88,4.77,4.62,4.62,5.77,5.43,5.3,4.79,3.76,2.92,2.29,1.81,1.45,1.22,1.15,1.03,1.11,1.38,1.6,1.92,2.35,2.67,2.82,2.97,3.13,3.16,2.94,2.49,2.7,2.1,2.0,2.22,2.27,2.39,2.54,2.67,2.77,2.76,2.65,1.92,1.89,1.92,1.93,1.97,2.16,2.4,2.73,3.08,3.38,3.51,3.58,3.75,5.14,5.01,5.44,5.49,4.41,3.34,2.52,2.08,2.17,2.67,3.42,3.23,3.67,4.93,5.73,6.11,6.17,5.94,5.76,5.83,6.07,5.91,5.5,5.28,6.37,6.24,6.68,6.71,5.72,4.61,3.7,3.14,3.02,3.21,3.48,2.49,2.93,3.4,3.85,4.77,6.37,7.09
221,5.78,5.63,5.49,5.37,5.32,5.37,5.96,6.42,7.95,7.86,7.91,8.15,8.48,8.83,9.13,9.38,9.46,8.84,6.83,6.76,7.11,7.31,7.25,6.95,6.31,5.73,5.53,5.4,5.36,5.55,6.57,6.11,6.46,5.19,4.1,3.39,2.94,2.63,2.38,2.15,2.06,1.85,2.55,3.28,3.64,3.92,4.16,4.38,4.6,4.81,4.88,4.77,4.62,4.62,5.77,5.43,5.3,4.79,3.76,2.92,2.29,1.81,1.45,1.22,1.15,1.03,1.11,1.38,1.6,1.92,2.35,2.67,2.82,2.97,3.13,3.16,2.94,2.49,2.7,2.1,2.0,2.22,2.27,2.39,2.54,2.67,2.77,2.76,2.65,1.92,1.89,1.92,1.93,1.97,2.16,2.4,2.73,3.08,3.38,3.51,3.58,3.75,5.14,5.01,5.44,5.49,4.41,3.34,2.52,2.08,2.17,2.67,3.42,3.23,3.67,4.93,5.73,6.11,6.17,5.94,5.76,5.83,6.07,5.91,5.5,5.28,6.37,6.24,6.68,6.71,5.72,4.61,3.7,3.14,3.02,3.21,3.48,2.49,2.93,3.4,3.85,4.77,6.37,7.09,6.69,6.09,5.64,5.31,5.01,4.86,6.01,5.44,6.68,7.42,6.4,5.83,5.62,5.66,5.94,6.4,6.86,5.76,4.66,5.29,5.78,6.15,6.34,6.39
222,6.31,5.73,5.53,5.4,5.36,5.55,6.57,6.11,6.46,5.19,4.1,3.39,2.94,2.63,2.38,2.15,2.06,1.85,2.55,3.28,3.64,3.92,4.16,4.38,4.6,4.81,4.88,4.77,4.62,4.62,5.77,5.43,5.3,4.79,3.76,2.92,2.29,1.81,1.45,1.22,1.15,1.03,1.11,1.38,1.6,1.92,2.35,2.67,2.82,2.97,3.13,3.16,2.94,2.49,2.7,2.1,2.0,2.22,2.27,2.39,2.54,2.67,2.77,2.76,2.65,1.92,1.89,1.92,1.93,1.97,2.16,2.4,2.73,3.08,3.38,3.51,3.58,3.75,5.14,5.01,5.44,5.49,4.41,3.34,2.52,2.08,2.17,2.67,3.42,3.23,3.67,4.93,5.73,6.11,6.17,5.94,5.76,5.83,6.07,5.91,5.5,5.28,6.37,6.24,6.68,6.71,5.72,4.61,3.7,3.14,3.02,3.21,3.48,2.49,2.93,3.4,3.85,4.77,6.37,7.09,6.69,6.09,5.64,5.31,5.01,4.86,6.01,5.44,6.68,7.42,6.4,5.83,5.62,5.66,5.94,6.4,6.86,5.76,4.66,5.29,5.78,6.15,6.34,6.39,6.41,6.5,6.55,6.36,6.06,6.14,7.24,7.24,7.51,7.31,7.26,7.33,7.23,6.98,6.63,6.16,5.61,3.41,3.2,3.29,3.36,3.51,3.8,4.24
223,4.6,4.81,4.88,4.77,4.62,4.62,5.77,5.43,5.3,4.79,3.76,2.92,2.29,1.81,1.45,1.22,1.15,1.03,1.11,1.38,1.6,1.92,2.35,2.67,2.82,2.97,3.13,3.16,2.94,2.49,2.7,2.1,2.0,2.22,2.27,2.39,2.54,2.67,2.77,2.76,2.65,1.92,1.89,1.92,1.93,1.97,2.16,2.4,2.73,3.08,3.38,3.51,3.58,3.75,5.14,5.01,5.44,5.49,4.41,3.34,2.52,2.08,2.17,2.67,3.42,3.23,3.67,4.93,5.73,6.11,6.17,5.94,5.76,5.83,6.07,5.91,5.5,5.28,6.37,6.24,6.68,6.71,5.72,4.61,3.7,3.14,3.02,3.21,3.48,2.49,2.93,3.4,3.85,4.77,6.37,7.09,6.69,6.09,5.64,5.31,5.01,4.86,6.01,5.44,6.68,7.42,6.4,5.83,5.62,5.66,5.94,6.4,6.86,5.76,4.66,5.29,5.78,6.15,6.34,6.39,6.41,6.5,6.55,6.36,6.06,6.14,7.24,7.24,7.51,7.31,7.26,7.33,7.23,6.98,6.63,6.16,5.61,3.41,3.2,3.29,3.36,3.51,3.8,4.24,4.93,5.54,5.86,5.91,5.96,6.0,6.87,6.88,6.68,6.23,4.86,3.62,2.85,2.38,2.03,1.8,1.69,1.39,1.89,2.28,2.56,2.7,2.71,2.64
224,2.82,2.97,3.13,3.16,2.94,2.49,2.7,2.1,2.0,2.22,2.27,2.39,2.54,2.67,2.77,2.76,2.65,1.92,1.89,1.92,1.93,1.97,2.16,2.4,2.73,3.08,3.38,3.51,3.58,3.75,5.14,5.01,5.44,5.49,4.41,3.34,2.52,2.08,2.17,2.67,3.42,3.23,3.67,4.93,5.73,6.11,6.17,5.94,5.76,5.83,6.07,5.91,5.5,5.28,6.37,6.24,6.68,6.71,5.72,4.61,3.7,3.14,3.02,3.21,3.48,2.49,2.93,3.4,3.85,4.77,6.37,7.09,6.69,6.09,5.64,5.31,5.01,4.86,6.01,5.44,6.68,7.42,6.4,5.83,5.62,5.66,5.94,6.4,6.86,5.76,4.66,5.29,5.78,6.15,6.34,6.39,6.41,6.5,6.55,6.36,6.06,6.14,7.24,7.24,7.51,7.31,7.26,7.33,7.23,6.98,6.63,6.16,5.61,3.41,3.2,3.29,3.36,3.51,3.8,4.24,4.93,5.54,5.86,5.91,5.96,6.0,6.87,6.88,6.68,6.23,4.86,3.62,2.85,2.38,2.03,1.8,1.69,1.39,1.89,2.28,2.56,2.7,2.71,2.64,2.51,2.36,2.2,2.17,2.39,2.92,4.47,5.32,5.57,5.9,6.06,6.0,5.61,4.97,4.28,3.56,2.82,1.6,1.39,1.03,0.71,0.91,1.44,1.94
225,2.73,3.08,3.38,3.51,3.58,3.75,5.14,5.01,5.44,5.49,4.41,3.34,2.52,2.08,2.17,2.67,3.42,3.23,3.67,4.93,5.73,6.11,6.17,5.94,5.76,5.83,6.07,5.91,5.5,5.28,6.37,6.24,6.68,6.71,5.72,4.61,3.7,3.14,3.02,3.21,3.48,2.49,2.93,3.4,3.85,4.77,6.37,7.09,6.69,6.09,5.64,5.31,5.01,4.86,6.01,5.44,6.68,7.42,6.4,5.83,5.62,5.66,5.94,6.4,6.86,5.76,4.66,5.29,5.78,6.15,6.34,6.39,6.41,6.5,6.55,6.36,6.06,6.14,7.24,7.24,7.51,7.31,7.26,7.33,7.23,6.98,6.63,6.16,5.61,3.41,3.2,3.29,3.36,3.51,3.8,4.24,4.93,5.54,5.86,5.91,5.96,6.0,6.87,6.88,6.68,6.23,4.86,3.62,2.85,2.38,2.03,1.8,1.69,1.39,1.89,2.28,2.56,2.7,2.71,2.64,2.51,2.36,2.2,2.17,2.39,2.92,4.47,5.32,5.57,5.9,6.06,6.0,5.61,4.97,4.28,3.56,2.82,1.6,1.39,1.03,0.71,0.91,1.44,1.94,2.28,2.46,2.53,2.63,2.77,2.91,2.86,3.57,2.63,2.1,1.56,0.64,0.19,0.78,1.36,1.96,2.53,2.07,2.57,2.82,2.85,2.71,2.49,2.38
226,5.76,5.83,6.07,5.91,5.5,5.28,6.37,6.24,6.68,6.71,5.72,4.61,3.7,3.14,3.02,3.21,3.48,2.49,2.93,3.4,3.85,4.77,6.37,7.09,6.69,6.09,5.64,5.31,5.01,4.86,6.01,5.44,6.68,7.42,6.4,5.83,5.62,5.66,5.94,6.4,6.86,5.76,4.66,5.29,5.78,6.15,6.34,6.39,6.41,6.5,6.55,6.36,6.06,6.14,7.24,7.24,7.51,7.31,7.26,7.33,7.23,6.98,6.63,6.16,5.61,3.41,3.2,3.29,3.36,3.51,3.8,4.24,4.93,5.54,5.86,5.91,5.96,6.0,6.87,6.88,6.68,6.23,4.86,3.62,2.85,2.38,2.03,1.8,1.69,1.39,1.89,2.28,2.56,2.7,2.71,2.64,2.51,2.36,2.2,2.17,2.39,2.92,4.47,5.32,5.57,5.9,6.06,6.0,5.61,4.97,4.28,3.56,2.82,1.6,1.39,1.03,0.71,0.91,1.44,1.94,2.28,2.46,2.53,2.63,2.77,2.91,2.86,3.57,2.63,2.1,1.56,0.64,0.19,0.78,1.36,1.96,2.53,2.07,2.57,2.82,2.85,2.71,2.49,2.38,2.41,2.49,2.56,2.67,2.85,3.04,3.38,4.7,4.53,5.48,5.45,5.0,4.39,3.95,3.72,3.66,3.66,2.4,2.48,2.55,2.64,2.7,2.73,2.69
227,6.69,6.09,5.64,5.31,5.01,4.86,6.01,5.44,6.68,7.42,6.4,5.83,5.62,5.66,5.94,6.4,6.86,5.76,4.66,5.29,5.78,6.15,6.34,6.39,6.41,6.5,6.55,6.36,6.06,6.14,7.24,7.24,7.51,7.31,7.26,7.33,7.23,6.98,6.63,6.16,5.61,3.41,3.2,3.29,3.36,3.51,3.8,4.24,4.93,5.54,5.86,5.91,5.96,6.0,6.87,6.88,6.68,6.23,4.86,3.62,2.85,2.38,2.03,1.8,1.69,1.39,1.89,2.28,2.56,2.7,2.71,2.64,2.51,2.36,2.2,2.17,2.39,2.92,4.47,5.32,5.57,5.9,6.06,6.0,5.61,4.97,4.28,3.56,2.82,1.6,1.39,1.03,0.71,0.91,1.44,1.94,2.28,2.46,2.53,2.63,2.77,2.91,2.86,3.57,2.63,2.1,1.56,0.64,0.19,0.78,1.36,1.96,2.53,2.07,2.57,2.82,2.85,2.71,2.49,2.38,2.41,2.49,2.56,2.67,2.85,3.04,3.38,4.7,4.53,5.48,5.45,5.0,4.39,3.95,3.72,3.66,3.66,2.4,2.48,2.55,2.64,2.7,2.73,2.69,2.78,2.98,3.17,3.37,3.56,3.65,4.77,5.0,4.75,5.93,6.24,6.38,6.54,6.7,6.93,7.08,7.15,5.68,4.87,6.03,6.95,7.52,7.83,7.8
228,6.41,6.5,6.55,6.36,6.06,6.14,7.24,7.24,7.51,7.31,7.26,7.33,7.23,6.98,6.63,6.16,5.61,3.41,3.2,3.29,3.36,3.51,3.8,4.24,4.93,5.54,5.86,5.91,5.96,6.0,6.87,6.88,6.68,6.23,4.86,3.62,2.85,2.38,2.03,1.8,1.69,1.39,1.89,2.28,2.56,2.7,2.71,2.64,2.51,2.36,2.2,2.17,2.39,2.92,4.47,5.32,5.57,5.9,6.06,6.0,5.61,4.97,4.28,3.56,2.82,1.6,1.39,1.03,0.71,0.91,1.44,1.94,2.28,2.46,2.53,2.63,2.77,2.91,2.86,3.57,2.63,2.1,1.56,0.64,0.19,0.78,1.36,1.96,2.53,2.07,2.57,2.82,2.85,2.71,2.49,2.38,2.41,2.49,2.56,2.67,2.85,3.04,3.38,4.7,4.53,5.48,5.45,5.0,4.39,3.95,3.72,3.66,3.66,2.4,2.48,2.55,2.64,2.7,2.73,2.69,2.78,2.98,3.17,3.37,3.56,3.65,4.77,5.0,4.75,5.93,6.24,6.38,6.54,6.7,6.93,7.08,7.15,5.68,4.87,6.03,6.95,7.52,7.83,7.8,7.29,6.71,6.36,6.29,6.36,6.47,7.32,7.52,8.49,8.92,9.02,9.16,9.33,9.61,9.87,10.0,9.82,8.01,5.26,5.09,5.45,5.55,5.31,5.02
229,4.93,5.54,5.86,5.91,5.96,6.0,6.87,6.88,6.68,6.23,4.86,3.62,2.85,2.38,2.03,1.8,1.69,1.39,1.89,2.28,2.56,2.7,2.71,2.64,2.51,2.36,2.2,2.17,2.39,2.92,4.47,5.32,5.57,5.9,6.06,6.0,5.61,4.97,4.28,3.56,2.82,1.6,1.39,1.03,0.71,0.91,1.44,1.94,2.28,2.46,2.53,2.63,2.77,2.91,2.86,3.57,2.63,2.1,1.56,0.64,0.19,0.78,1.36,1.96,2.53,2.07,2.57,2.82,2.85,2.71,2.49,2.38,2.41,2.49,2.56,2.67,2.85,3.04,3.38,4.7,4.53,5.48,5.45,5.0,4.39,3.95,3.72,3.66,3.66,2.4,2.48,2.55,2.64,2.7,2.73,2.69,2.78,2.98,3.17,3.37,3.56,3.65,4.77,5.0,4.75,5.93,6.24,6.38,6.54,6.7,6.93,7.08,7.15,5.68,4.87,6.03,6.95,7.52,7.83,7.8,7.29,6.71,6.36,6.29,6.36,6.47,7.32,7.52,8.49,8.92,9.02,9.16,9.33,9.61,9.87,10.0,9.82,8.01,5.26,5.09,5.45,5.55,5.31,5.02,4.8,4.62,4.49,4.47,4.5,4.47,5.6,5.69,6.72,7.7,7.85,8.01,8.03,7.98,7.9,7.73,7.38,5.39,3.88,4.06,4.43,5.03,5.55,5.84
230,2.51,2.36,2.2,2.17,2.39,2.92,4.47,5.32,5.57,5.9,6.06,6.0,5.61,4.97,4.28,3.56,2.82,1.6,1.39,1.03,0.71,0.91,1.44,1.94,2.28,2.46,2.53,2.63,2.77,2.91,2.86,3.57,2.63,2.1,1.56,0.64,0.19,0.78,1.36,1.96,2.53,2.07,2.57,2.82,2.85,2.71,2.49,2.38,2.41,2.49,2.56,2.67,2.85,3.04,3.38,4.7,4.53,5.48,5.45,5.0,4.39,3.95,3.72,3.66,3.66,2.4,2.48,2.55,2.64,2.7,2.73,2.69,2.78,2.98,3.17,3.37,3.56,3.65,4.77,5.0,4.75,5.93,6.24,6.38,6.54,6.7,6.93,7.08,7.15,5.68,4.87,6.03,6.95,7.52,7.83,7.8,7.29,6.71,6.36,6.29,6.36,6.47,7.32,7.52,8.49,8.92,9.02,9.16,9.33,9.61,9.87,10.0,9.82,8.01,5.26,5.09,5.45,5.55,5.31,5.02,4.8,4.62,4.49,4.47,4.5,4.47,5.6,5.69,6.72,7.7,7.85,8.01,8.03,7.98,7.9,7.73,7.38,5.39,3.88,4.06,4.43,5.03,5.55,5.84,6.0,6.2,6.29,6.22,5.96,5.59,6.36,5.99,7.08,7.68,7.09,6.51,6.01,5.64,5.41,5.31,5.15,3.31,2.78,2.73,2.71,2.69,2.68,2.71
231,2.28,2.46,2.53,2.63,2.77,2.91,2.86,3.57,2.63,2.1,1.56,0.64,0.19,0.78,1.36,1.96,2.53,2.07,2.57,2.82,2.85,2.71,2.49,2.38,2.41,2.49,2.56,2.67,2.85,3.04,3.38,4.7,4.53,5.48,5.45,5.0,4.39,3.95,3.72,3.66,3.66,2.4,2.48,2.55,2.64,2.7,2.73,2.69,2.78,2.98,3.17,3.37,3.56,3.65,4.77,5.0,4.75,5.93,6.24,6.38,6.54,6.7,6.93,7.08,7.15,5.68,4.87,6.03,6.95,7.52,7.83,7.8,7.29,6.71,6.36,6.29,6.36,6.47,7.32,7.52,8.49,8.92,9.02,9.16,9.33,9.61,9.87,10.0,9.82,8.01,5.26,5.09,5.45,5.55,5.31,5.02,4.8,4.62,4.49,4.47,4.5,4.47,5.6,5.69,6.72,7.7,7.85,8.01,8.03,7.98,7.9,7.73,7.38,5.39,3.88,4.06,4.43,5.03,5.55,5.84,6.0,6.2,6.29,6.22,5.96,5.59,6.36,5.99,7.08,7.68,7.09,6.51,6.01,5.64,5.41,5.31,5.15,3.31,2.78,2.73,2.71,2.69,2.68,2.71,2.77,2.87,2.99,3.16,3.35,3.49,4.6,4.66,4.4,4.65,3.62,2.62,2.08,2.37,3.22,3.98,4.58,3.59,3.28,3.65,3.84,3.87,4.08,4.45
232,2.41,2.49,2.56,2.67,2.85,3.04,3.38,4.7,4.53,5.48,5.45,5.0,4.39,3.95,3.72,3.66,3.66,2.4,2.48,2.55,2.64,2.7,2.73,2.69,2.78,2.98,3.17,3.37,3.56,3.65,4.77,5.0,4.75,5.93,6.24,6.38,6.54,6.7,6.93,7.08,7.15,5.68,4.87,6.03,6.95,7.52,7.83,7.8,7.29,6.71,6.36,6.29,6.36,6.47,7.32,7.52,8.49,8.92,9.02,9.16,9.33,9.61,9.87,10.0,9.82,8.01,5.26,5.09,5.45,5.55,5.31,5.02,4.8,4.62,4.49,4.47,4.5,4.47,5.6,5.69,6.72,7.7,7.85,8.01,8.03,7.98,7.9,7.73,7.38,5.39,3.88,4.06,4.43,5.03,5.55,5.84,6.0,6.2,6.29,6.22,5.96,5.59,6.36,5.99,7.08,7.68,7.09,6.51,6.01,5.64,5.41,5.31,5.15,3.31,2.78,2.73,2.71,2.69,2.68,2.71,2.77,2.87,2.99,3.16,3.35,3.49,4.6,4.66,4.4,4.65,3.62,2.62,2.08,2.37,3.22,3.98,4.58,3.59,3.28,3.65,3.84,3.87,4.08,4.45,4.89,5.1,5.03,4.82,4.5,4.28,5.46,5.04,5.58,5.27,4.59,4.29,4.43,4.91,5.54,6.1,6.42,5.28,3.8,3.96,4.11,4.6,5.47,5.98
233,2.78,2.98,3.17,3.37,3.56,3.65,4.77,5.0,4.75,5.93,6.24,6.38,6.54,6.7,6.93,7.08,7.15,5.68,4.87,6.03,6.95,7.52,7.83,7.8,7.29,6.71,6.36,6.29,6.36,6.47,7.32,7.52,8.49,8.92,9.02,9.16,9.33,9.61,9.87,10.0,9.82,8.01,5.26,5.09,5.45,5.55,5.31,5.02,4.8,4.62,4.49,4.47,4.5,4.47,5.6,5.69,6.72,7.7,7.85,8.01,8.03,7.98,7.9,7.73,7.38,5.39,3.88,4.06,4.43,5.03,5.55,5.84,6.0,6.2,6.29,6.22,5.96,5.59,6.36,5.99,7.08,7.68,7.09,6.51,6.01,5.64,5.41,5.31,5.15,3.31,2.78,2.73,2.71,2.69,2.68,2.71,2.77,2.87,2.99,3.16,3.35,3.49,4.6,4.66,4.4,4.65,3.62,2.62,2.08,2.37,3.22,3.98,4.58,3.59,3.28,3.65,3.84,3.87,4.08,4.45,4.89,5.1,5.03,4.82,4.5,4.28,5.46,5.04,5.58,5.27,4.59,4.29,4.43,4.91,5.54,6.1,6.42,5.28,3.8,3.96,4.11,4.6,5.47,5.98,6.1,5.87,5.58,5.17,4.62,4.12,5.04,4.47,4.03,3.96,3.27,2.78,2.45,2.31,2.44,2.88,3.36,2.76,2.9,3.28,3.6,3.81,3.95,4.07
234,7.29,6.71,6.36,6.29,6.36,6.47,7.32,7.52,8.49,8.92,9.02,9.16,9.33,9.61,9.87,10.0,9.82,8.01,5.26,5.09,5.45,5.55,5.31,5.02,4.8,4.62,4.49,4.47,4.5,4.47,5.6,5.69,6.72,7.7,7.85,8.01,8.03,7.98,7.9,7.73,7.38,5.39,3.88,4.06,4.43,5.03,5.55,5.84,6.0,6.2,6.29,6.22,5.96,5.59,6.36,5.99,7.08,7.68,7.09,6.51,6.01,5.64,5.41,5.31,5.15,3.31,2.78,2.73,2.71,2.69,2.68,2.71,2.77,2.87,2.99,3.16,3.35,3.49,4.6,4.66,4.4,4.65,3.62,2.62,2.08,2.37,3.22,3.98,4.58,3.59,3.28,3.65,3.84,3.87,4.08,4.45,4.89,5.1,5.03,4.82,4.5,4.28,5.46,5.04,5.58,5.27,4.59,4.29,4.43,4.91,5.54,6.1,6.42,5.28,3.8,3.96,4.11,4.6,5.47,5.98,6.1,5.87,5.58,5.17,4.62,4.12,5.04,4.47,4.03,3.96,3.27,2.78,2.45,2.31,2.44,2.88,3.36,2.76,2.9,3.28,3.6,3.81,3.95,4.07,4.15,4.28,4.47,4.64,4.69,4.68,5.88,5.34,4.61,5.17,4.48,4.13,4.01,3.96,3.92,3.78,3.59,2.36,2.55,2.59,2.66,2.84,3.08,3.3
235,4.8,4.62,4.49,4.47,4.5,4.47,5.6,5.69,6.72,7.7,7.85,8.01,8.03,7.98,7.9,7.73,7.38,5.39,3.88,4.06,4.43,5.03,5.55,5.84,6.0,6.2,6.29,6.22,5.96,5.59,6.36,5.99,7.08,7.68,7.09,6.51,6.01,5.64,5.41,5.31,5.15,3.31,2.78,2.73,2.71,2.69,2.68,2.71,2.77,2.87,2.99,3.16,3.35,3.49,4.6,4.66,4.4,4.65,3.62,2.62,2.08,2.37,3.22,3.98,4.58,3.59,3.28,3.65,3.84,3.87,4.08,4.45,4.89,5.1,5.03,4.82,4.5,4.28,5.46,5.04,5.58,5.27,4.59,4.29,4.43,4.91,5.54,6.1,6.42,5.28,3.8,3.96,4.11,4.6,5.47,5.98,6.1,5.87,5.58,5.17,4.62,4.12,5.04,4.47,4.03,3.96,3.27,2.78,2.45,2.31,2.44,2.88,3.36,2.76,2.9,3.28,3.6,3.81,3.95,4.07,4.15,4.28,4.47,4.64,4.69,4.68,5.88,5.34,4.61,5.17,4.48,4.13,4.01,3.96,3.92,3.78,3.59,2.36,2.55,2.59,2.66,2.84,3.08,3.3,3.48,3.59,3.66,3.71,3.78,4.03,5.67,6.03,6.97,8.05,7.84,7.52,7.4,7.46,7.58,7.59,7.48,6.69,5.11,5.14,5.2,5.13,4.89,4.5
236,6.0,6.2,6.29,6.22,5.96,5.59,6.36,5.99,7.08,7.68,7.09,6.51,6.01,5.64,5.41,5.31,5.15,3.31,2.78,2.73,2.71,2.69,2.68,2.71,2.77,2.87,2.99,3.16,3.35,3.49,4.6,4.66,4.4,4.65,3.62,2.62,2.08,2.37,3.22,3.98,4.58,3.59,3.28,3.65,3.84,3.87,4.08,4.45,4.89,5.1,5.03,4.82,4.5,4.28,5.46,5.04,5.58,5.27,4.59,4.29,4.43,4.91,5.54,6.1,6.42,5.28,3.8,3.96,4.11,4.6,5.47,5.98,6.1,5.87,5.58,5.17,4.62,4.12,5.04,4.47,4.03,3.96,3.27,2.78,2.45,2.31,2.44,2.88,3.36,2.76,2.9,3.28,3.6,3.81,3.95,4.07,4.15,4.28,4.47,4.64,4.69,4.68,5.88,5.34,4.61,5.17,4.48,4.13,4.01,3.96,3.92,3.78,3.59,2.36,2.55,2.59,2.66,2.84,3.08,3.3,3.48,3.59,3.66,3.71,3.78,4.03,5.67,6.03,6.97,8.05,7.84,7.52,7.4,7.46,7.58,7.59,7.48,6.69,5.11,5.14,5.2,5.13,4.89,4.5,4.12,3.75,3.39,3.09,2.86,2.66,3.33,3.38,4.92,4.66,4.51,4.33,4.07,3.81,3.55,3.36,3.22,2.84,1.97,2.1,2.17,2.26,2.34,2.38
237,2.77,2.87,2.99,3.16,3.35,3.49,4.6,4.66,4.4,4.65,3.62,2.62,2.08,2.37,3.22,3.98,4.58,3.59,3.28,3.65,3.84,3.87,4.08,4.45,4.89,5.1,5.03,4.82,4.5,4.28,5.46,5.04,5.58,5.27,4.59,4.29,4.43,4.91,5.54,6.1,6.42,5.28,3.8,3.96,4.11,4.6,5.47,5.98,6.1,5.87,5.58,5.17,4.62,4.12,5.04,4.47,4.03,3.96,3.27,2.78,2.45,2.31,2.44,2.88,3.36,2.76,2.9,3.28,3.6,3.81,3.95,4.07,4.15,4.28,4.47,4.64,4.69,4.68,5.88,5.34,4.61,5.17,4.48,4.13,4.01,3.96,3.92,3.78,3.59,2.36,2.55,2.59,2.66,2.84,3.08,3.3,3.48,3.59,3.66,3.71,3.78,4.03,5.67,6.03,6.97,8.05,7.84,7.52,7.4,7.46,7.58,7.59,7.48,6.69,5.11,5.14,5.2,5.13,4.89,4.5,4.12,3.75,3.39,3.09,2.86,2.66,3.33,3.38,4.92,4.66,4.51,4.33,4.07,3.81,3.55,3.36,3.22,2.84,1.97,2.1,2.17,2.26,2.34,2.38,2.41,2.45,2.5,2.62,2.8,3.04,4.37,5.11,6.59,6.14,5.33,4.84,4.69,4.6,4.3,3.78,3.23,1.98,1.78,1.62,1.4,1.1,0.78,0.66
238,4.89,5.1,5.03,4.82,4.5,4.28,5.46,5.04,5.58,5.27,4.59,4.29,4.43,4.91,5.54,6.1,6.42,5.28,3.8,3.96,4.11,4.6,5.47,5.98,6.1,5.87,5.58,5.17,4.62,4.12,5.04,4.47,4.03,3.96,3.27,2.78,2.45,2.31,2.44,2.88,3.36,2.76,2.9,3.28,3.6,3.81,3.95,4.07,4.15,4.28,4.47,4.64,4.69,4.68,5.88,5.34,4.61,5.17,4.48,4.13,4.01,3.96,3.92,3.78,3.59,2.36,2.55,2.59,2.66,2.84,3.08,3.3,3.48,3.59,3.66,3.71,3.78,4.03,5.67,6.03,6.97,8.05,7.84,7.52,7.4,7.46,7.58,7.59,7.48,6.69,5.11,5.14,5.2,5.13,4.89,4.5,4.12,3.75,3.39,3.09,2.86,2.66,3.33,3.38,4.92,4.66,4.51,4.33,4.07,3.81,3.55,3.36,3.22,2.84,1.97,2.1,2.17,2.26,2.34,2.38,2.41,2.45,2.5,2.62,2.8,3.04,4.37,5.11,6.59,6.14,5.33,4.84,4.69,4.6,4.3,3.78,3.23,1.98,1.78,1.62,1.4,1.1,0.78,0.66,0.74,0.96,1.22,1.4,1.51,1.62,1.69,2.24,2.27,1.62,1.41,1.82,2.42,2.99,3.43,3.62,3.56,2.6,1.86,1.46,1.02,0.61,0.42,1.4
239,6.1,5.87,5.58,5.17,4.62,4.12,5.04,4.47,4.03,3.96,3.27,2.78,2.45,2.31,2.44,2.88,3.36,2.76,2.9,3.28,3.6,3.81,3.95,4.07,4.15,4.28,4.47,4.64,4.69,4.68,5.88,5.34,4.61,5.17,4.48,4.13,4.01,3.96,3.92,3.78,3.59,2.36,2.55,2.59,2.66,2.84,3.08,3.3,3.48,3.59,3.66,3.71,3.78,4.03,5.67,6.03,6.97,8.05,7.84,7.52,7.4,7.46,7.58,7.59,7.48,6.69,5.11,5.14,5.2,5.13,4.89,4.5,4.12,3.75,3.39,3.09,2.86,2.66,3.33,3.38,4.92,4.66,4.51,4.33,4.07,3.81,3.55,3.36,3.22,2.84,1.97,2.1,2.17,2.26,2.34,2.38,2.41,2.45,2.5,2.62,2.8,3.04,4.37,5.11,6.59,6.14,5.33,4.84,4.69,4.6,4.3,3.78,3.23,1.98,1.78,1.62,1.4,1.1,0.78,0.66,0.74,0.96,1.22,1.4,1.51,1.62,1.69,2.24,2.27,1.62,1.41,1.82,2.42,2.99,3.43,3.62,3.56,2.6,1.86,1.46,1.02,0.61,0.42,1.4,2.43,3.26,4.68,5.87,6.44,6.6,7.65,8.92,8.88,8.15,7.09,6.22,5.67,5.48,5.63,6.06,6.66,7.07,7.25,8.18,8.41,8.22,7.83,7.54
240,4.15,4.28,4.47,4.64,4.69,4.68,5.88,5.34,4.61,5.17,4.48,4.13,4.01,3.96,3.92,3.78,3.59,2.36,2.55,2.59,2.66,2.84,3.08,3.3,3.48,3.59,3.66,3.71,3.78,4.03,5.67,6.03,6.97,8.05,7.84,7.52,7.4,7.46,7.58,7.59,7.48,6.69,5.11,5.14,5.2,5.13,4.89,4.5,4.12,3.75,3.39,3.09,2.86,2.66,3.33,3.38,4.92,4.66,4.51,4.33,4.07,3.81,3.55,3.36,3.22,2.84,1.97,2.1,2.17,2.26,2.34,2.38,2.41,2.45,2.5,2.62,2.8,3.04,4.37,5.11,6.59,6.14,5.33,4.84,4.69,4.6,4.3,3.78,3.23,1.98,1.78,1.62,1.4,1.1,0.78,0.66,0.74,0.96,1.22,1.4,1.51,1.62,1.69,2.24,2.27,1.62,1.41,1.82,2.42,2.99,3.43,3.62,3.56,2.6,1.86,1.46,1.02,0.61,0.42,1.4,2.43,3.26,4.68,5.87,6.44,6.6,7.65,8.92,8.88,8.15,7.09,6.22,5.67,5.48,5.63,6.06,6.66,7.07,7.25,8.18,8.41,8.22,7.83,7.54,7.35,7.48,7.55,7.58,7.62,7.54,8.53,10.48,10.08,9.13,8.3,7.69,7.38,7.41,7.65,7.97,8.28,8.13,6.97,6.84,7.04,7.2,7.13,6.78
241,3.48,3.59,3.66,3.71,3.78,4.03,5.67,6.03,6.97,8.05,7.84,7.52,7.4,7.46,7.58,7.59,7.48,6.69,5.11,5.14,5.2,5.13,4.89,4.5,4.12,3.75,3.39,3.09,2.86,2.66,3.33,3.38,4.92,4.66,4.51,4.33,4.07,3.81,3.55,3.36,3.22,2.84,1.97,2.1,2.17,2.26,2.34,2.38,2.41,2.45,2.5,2.62,2.8,3.04,4.37,5.11,6.59,6.14,5.33,4.84,4.69,4.6,4.3,3.78,3.23,1.98,1.78,1.62,1.4,1.1,0.78,0.66,0.74,0.96,1.22,1.4,1.51,1.62,1.69,2.24,2.27,1.62,1.41,1.82,2.42,2.99,3.43,3.62,3.56,2.6,1.86,1.46,1.02,0.61,0.42,1.4,2.43,3.26,4.68,5.87,6.44,6.6,7.65,8.92,8.88,8.15,7.09,6.22,5.67,5.48,5.63,6.06,6.66,7.07,7.25,8.18,8.41,8.22,7.83,7.54,7.35,7.48,7.55,7.58,7.62,7.54,8.53,10.48,10.08,9.13,8.3,7.69,7.38,7.41,7.65,7.97,8.28,8.13,6.97,6.84,7.04,7.2,7.13,6.78,6.34,5.94,5.61,5.15,4.62,4.22,5.28,6.83,7.59,7.87,8.06,8.32,8.57,8.79,8.93,8.93,8.76,7.73,5.95,6.11,6.07,5.92,5.62,5.27
242,4.12,3.75,3.39,3.09,2.86,2.66,3.33,3.38,4.92,4.66,4.51,4.33,4.07,3.81,3.55,3.36,3.22,2.84,1.97,2.1,2.17,2.26,2.34,2.38,2.41,2.45,2.5,2.62,2.8,3.04,4.37,5.11,6.59,6.14,5.33,4.84,4.69,4.6,4.3,3.78,3.23,1.98,1.78,1.62,1.4,1.1,0.78,0.66,0.74,0.96,1.22,1.4,1.51,1.62,1.69,2.24,2.27,1.62,1.41,1.82,2.42,2.99,3.43,3.62,3.56,2.6,1.86,1.46,1.02,0.61,0.42,1.4,2.43,3.26,4.68,5.87,6.44,6.6,7.65,8.92,8.88,8.15,7.09,6.22,5.67,5.48,5.63,6.06,6.66,7.07,7.25,8.18,8.41,8.22,7.83,7.54,7.35,7.48,7.55,7.58,7.62,7.54,8.53,10.48,10.08,9.13,8.3,7.69,7.38,7.41,7.65,7.97,8.28,8.13,6.97,6.84,7.04,7.2,7.13,6.78,6.34,5.94,5.61,5.15,4.62,4.22,5.28,6.83,7.59,7.87,8.06,8.32,8.57,8.79,8.93,8.93,8.76,7.73,5.95,6.11,6.07,5.92,5.62,5.27,5.15,5.06,5.09,5.03,4.89,4.69,5.67,5.17,6.24,6.35,6.35,6.34,6.33,6.34,6.46,6.77,7.12,6.46,6.28,7.4,7.5,7.13,6.68,6.39
243,2.41,2.45,2.5,2.62,2.8,3.04,4.37,5.11,6.59,6.14,5.33,4.84,4.69,4.6,4.3,3.78,3.23,1.98,1.78,1.62,1.4,1.1,0.78,0.66,0.74,0.96,1.22,1.4,1.51,1.62,1.69,2.24,2.27,1.62,1.41,1.82,2.42,2.99,3.43,3.62,3.56,2.6,1.86,1.46,1.02,0.61,0.42,1.4,2.43,3.26,4.68,5.87,6.44,6.6,7.65,8.92,8.88,8.15,7.09,6.22,5.67,5.48,5.63,6.06,6.66,7.07,7.25,8.18,8.41,8.22,7.83,7.54,7.35,7.48,7.55,7.58,7.62,7.54,8.53,10.48,10.08,9.13,8.3,7.69,7.38,7.41,7.65,7.97,8.28,8.13,6.97,6.84,7.04,7.2,7.13,6.78,6.34,5.94,5.61,5.15,4.62,4.22,5.28,6.83,7.59,7.87,8.06,8.32,8.57,8.79,8.93,8.93,8.76,7.73,5.95,6.11,6.07,5.92,5.62,5.27,5.15,5.06,5.09,5.03,4.89,4.69,5.67,5.17,6.24,6.35,6.35,6.34,6.33,6.34,6.46,6.77,7.12,6.46,6.28,7.4,7.5,7.13,6.68,6.39,6.21,6.11,6.11,6.15,6.17,6.18,6.95,7.0,7.35,7.12,6.02,4.93,4.21,3.95,3.98,4.09,4.22,3.19,3.63,4.39,5.07,5.51,5.74,5.74
244,0.74,0.96,1.22,1.4,1.51,1.62,1.69,2.24,2.27,1.62,1.41,1.82,2.42,2.99,3.43,3.62,3.56,2.6,1.86,1.46,1.02,0.61,0.42,1.4,2.43,3.26,4.68,5.87,6.44,6.6,7.65,8.92,8.88,8.15,7.09,6.22,5.67,5.48,5.63,6.06,6.66,7.07,7.25,8.18,8.41,8.22,7.83,7.54,7.35,7.48,7.55,7.58,7.62,7.54,8.53,10.48,10.08,9.13,8.3,7.69,7.38,7.41,7.65,7.97,8.28,8.13,6.97,6.84,7.04,7.2,7.13,6.78,6.34,5.94,5.61,5.15,4.62,4.22,5.28,6.83,7.59,7.87,8.06,8.32,8.57,8.79,8.93,8.93,8.76,7.73,5.95,6.11,6.07,5.92,5.62,5.27,5.15,5.06,5.09,5.03,4.89,4.69,5.67,5.17,6.24,6.35,6.35,6.34,6.33,6.34,6.46,6.77,7.12,6.46,6.28,7.4,7.5,7.13,6.68,6.39,6.21,6.11,6.11,6.15,6.17,6.18,6.95,7.0,7.35,7.12,6.02,4.93,4.21,3.95,3.98,4.09,4.22,3.19,3.63,4.39,5.07,5.51,5.74,5.74,5.55,5.25,4.98,4.68,4.41,4.24,5.18,5.36,4.84,4.33,3.09,2.02,1.22,0.88,1.13,1.4,1.62,1.56,2.41,2.92,3.3,3.65,3.87,3.87
245,2.43,3.26,4.68,5.87,6.44,6.6,7.65,8.92,8.88,8.15,7.09,6.22,5.67,5.48,5.63,6.06,6.66,7.07,7.25,8.18,8.41,8.22,7.83,7.54,7.35,7.48,7.55,7.58,7.62,7.54,8.53,10.48,10.08,9.13,8.3,7.69,7.38,7.41,7.65,7.97,8.28,8.13,6.97,6.84,7.04,7.2,7.13,6.78,6.34,5.94,5.61,5.15,4.62,4.22,5.28,6.83,7.59,7.87,8.06,8.32,8.57,8.79,8.93,8.93,8.76,7.73,5.95,6.11,6.07,5.92,5.62,5.27,5.15,5.06,5.09,5.03,4.89,4.69,5.67,5.17,6.24,6.35,6.35,6.34,6.33,6.34,6.46,6.77,7.12,6.46,6.28,7.4,7.5,7.13,6.68,6.39,6.21,6.11,6.11,6.15,6.17,6.18,6.95,7.0,7.35,7.12,6.02,4.93,4.21,3.95,3.98,4.09,4.22,3.19,3.63,4.39,5.07,5.51,5.74,5.74,5.55,5.25,4.98,4.68,4.41,4.24,5.18,5.36,4.84,4.33,3.09,2.02,1.22,0.88,1.13,1.4,1.62,1.56,2.41,2.92,3.3,3.65,3.87,3.87,3.7,3.51,3.28,3.01,2.82,2.72,2.64,3.44,2.47,0.52,1.35,2.42,3.17,3.82,4.33,4.59,4.58,3.04,3.08,3.12,3.11,3.16,3.21,3.14
246,7.35,7.48,7.55,7.58,7.62,7.54,8.53,10.48,10.08,9.13,8.3,7.69,7.38,7.41,7.65,7.97,8.28,8.13,6.97,6.84,7.04,7.2,7.13,6.78,6.34,5.94,5.61,5.15,4.62,4.22,5.28,6.83,7.59,7.87,8.06,8.32,8.57,8.79,8.93,8.93,8.76,7.73,5.95,6.11,6.07,5.92,5.62,5.27,5.15,5.06,5.09,5.03,4.89,4.69,5.67,5.17,6.24,6.35,6.35,6.34,6.33,6.34,6.46,6.77,7.12,6.46,6.28,7.4,7.5,7.13,6.68,6.39,6.21,6.11,6.11,6.15,6.17,6.18,6.95,7.0,7.35,7.12,6.02,4.93,4.21,3.95,3.98,4.09,4.22,3.19,3.63,4.39,5.07,5.51,5.74,5.74,5.55,5.25,4.98,4.68,4.41,4.24,5.18,5.36,4.84,4.33,3.09,2.02,1.22,0.88,1.13,1.4,1.62,1.56,2.41,2.92,3.3,3.65,3.87,3.87,3.7,3.51,3.28,3.01,2.82,2.72,2.64,3.44,2.47,0.52,1.35,2.42,3.17,3.82,4.33,4.59,4.58,3.04,3.08,3.12,3.11,3.16,3.21,3.14,2.95,2.69,2.5,2.47,2.67,2.9,3.25,4.94,5.37,5.25,4.31,4.13,4.32,4.76,5.25,5.4,5.19,3.32,3.04,3.14,3.24,3.35,3.47,3.61
247,6.34,5.94,5.61,5.15,4.62,4.22,5.28,6.83,7.59,7.87,8.06,8.32,8.57,8.79,8.93,8.93,8.76,7.73,5.95,6.11,6.07,5.92,5.62,5.27,5.15,5.06,5.09,5.03,4.89,4.69,5.67,5.17,6.24,6.35,6.35,6.34,6.33,6.34,6.46,6.77,7.12,6.46,6.28,7.4,7.5,7.13,6.68,6.39,6.21,6.11,6.11,6.15,6.17,6.18,6.95,7.0,7.35,7.12,6.02,4.93,4.21,3.95,3.98,4.09,4.22,3.19,3.63,4.39,5.07,5.51,5.74,5.74,5.55,5.25,4.98,4.68,4.41,4.24,5.18,5.36,4.84,4.33,3.09,2.02,1.22,0.88,1.13,1.4,1.62,1.56,2.41,2.92,3.3,3.65,3.87,3.87,3.7,3.51,3.28,3.01,2.82,2.72,2.64,3.44,2.47,0.52,1.35,2.42,3.17,3.82,4.33,4.59,4.58,3.04,3.08,3.12,3.11,3.16,3.21,3.14,2.95,2.69,2.5,2.47,2.67,2.9,3.25,4.94,5.37,5.25,4.31,4.13,4.32,4.76,5.25,5.4,5.19,3.32,3.04,3.14,3.24,3.35,3.47,3.61,3.79,4.02,4.25,4.3,4.22,4.15,4.56,4.99,3.54,2.99,3.29,3.82,4.25,4.58,4.73,4.6,4.25,2.64,2.69,2.4,1.86,1.04,1.0,1.83
248,5.15,5.06,5.09,5.03,4.89,4.69,5.67,5.17,6.24,6.35,6.35,6.34,6.33,6.34,6.46,6.77,7.12,6.46,6.28,7.4,7.5,7.13,6.68,6.39,6.21,6.11,6.11,6.15,6.17,6.18,6.95,7.0,7.35,7.12,6.02,4.93,4.21,3.95,3.98,4.09,4.22,3.19,3.63,4.39,5.07,5.51,5.74,5.74,5.55,5.25,4.98,4.68,4.41,4.24,5.18,5.36,4.84,4.33,3.09,2.02,1.22,0.88,1.13,1.4,1.62,1.56,2.41,2.92,3.3,3.65,3.87,3.87,3.7,3.51,3.28,3.01,2.82,2.72,2.64,3.44,2.47,0.52,1.35,2.42,3.17,3.82,4.33,4.59,4.58,3.04,3.08,3.12,3.11,3.16,3.21,3.14,2.95,2.69,2.5,2.47,2.67,2.9,3.25,4.94,5.37,5.25,4.31,4.13,4.32,4.76,5.25,5.4,5.19,3.32,3.04,3.14,3.24,3.35,3.47,3.61,3.79,4.02,4.25,4.3,4.22,4.15,4.56,4.99,3.54,2.99,3.29,3.82,4.25,4.58,4.73,4.6,4.25,2.64,2.69,2.4,1.86,1.04,1.0,1.83,2.47,3.0,3.47,3.77,3.91,3.95,4.7,5.29,4.76,4.5,3.3,1.95,1.29,1.34,1.61,1.72,1.56,1.17,1.37,1.82,2.35,2.76,3.1,3.67
249,6.21,6.11,6.11,6.15,6.17,6.18,6.95,7.0,7.35,7.12,6.02,4.93,4.21,3.95,3.98,4.09,4.22,3.19,3.63,4.39,5.07,5.51,5.74,5.74,5.55,5.25,4.98,4.68,4.41,4.24,5.18,5.36,4.84,4.33,3.09,2.02,1.22,0.88,1.13,1.4,1.62,1.56,2.41,2.92,3.3,3.65,3.87,3.87,3.7,3.51,3.28,3.01,2.82,2.72,2.64,3.44,2.47,0.52,1.35,2.42,3.17,3.82,4.33,4.59,4.58,3.04,3.08,3.12,3.11,3.16,3.21,3.14,2.95,2.69,2.5,2.47,2.67,2.9,3.25,4.94,5.37,5.25,4.31,4.13,4.32,4.76,5.25,5.4,5.19,3.32,3.04,3.14,3.24,3.35,3.47,3.61,3.79,4.02,4.25,4.3,4.22,4.15,4.56,4.99,3.54,2.99,3.29,3.82,4.25,4.58,4.73,4.6,4.25,2.64,2.69,2.4,1.86,1.04,1.0,1.83,2.47,3.0,3.47,3.77,3.91,3.95,4.7,5.29,4.76,4.5,3.3,1.95,1.29,1.34,1.61,1.72,1.56,1.17,1.37,1.82,2.35,2.76,3.1,3.67,5.21,6.25,6.97,7.3,7.59,7.57,7.56,8.02,9.75,9.68,8.63,7.45,6.29,5.12,4.03,3.03,2.29,1.59,1.98,2.6,3.23,3.72,4.5,5.39
250,5.55,5.25,4.98,4.68,4.41,4.24,5.18,5.36,4.84,4.33,3.09,2.02,1.22,0.88,1.13,1.4,1.62,1.56,2.41,2.92,3.3,3.65,3.87,3.87,3.7,3.51,3.28,3.01,2.82,2.72,2.64,3.44,2.47,0.52,1.35,2.42,3.17,3.82,4.33,4.59,4.58,3.04,3.08,3.12,3.11,3.16,3.21,3.14,2.95,2.69,2.5,2.47,2.67,2.9,3.25,4.94,5.37,5.25,4.31,4.13,4.32,4.76,5.25,5.4,5.19,3.32,3.04,3.14,3.24,3.35,3.47,3.61,3.79,4.02,4.25,4.3,4.22,4.15,4.56,4.99,3.54,2.99,3.29,3.82,4.25,4.58,4.73,4.6,4.25,2.64,2.69,2.4,1.86,1.04,1.0,1.83,2.47,3.0,3.47,3.77,3.91,3.95,4.7,5.29,4.76,4.5,3.3,1.95,1.29,1.34,1.61,1.72,1.56,1.17,1.37,1.82,2.35,2.76,3.1,3.67,5.21,6.25,6.97,7.3,7.59,7.57,7.56,8.02,9.75,9.68,8.63,7.45,6.29,5.12,4.03,3.03,2.29,1.59,1.98,2.6,3.23,3.72,4.5,5.39,6.06,6.64,7.12,7.32,7.37,7.27,7.4,7.29,7.02,6.86,6.05,5.19,4.74,4.89,5.35,5.73,5.98,4.88,5.14,5.62,5.32,4.98,4.94,5.54
251,3.7,3.51,3.28,3.01,2.82,2.72,2.64,3.44,2.47,0.52,1.35,2.42,3.17,3.82,4.33,4.59,4.58,3.04,3.08,3.12,3.11,3.16,3.21,3.14,2.95,2.69,2.5,2.47,2.67,2.9,3.25,4.94,5.37,5.25,4.31,4.13,4.32,4.76,5.25,5.4,5.19,3.32,3.04,3.14,3.24,3.35,3.47,3.61,3.79,4.02,4.25,4.3,4.22,4.15,4.56,4.99,3.54,2.99,3.29,3.82,4.25,4.58,4.73,4.6,4.25,2.64,2.69,2.4,1.86,1.04,1.0,1.83,2.47,3.0,3.47,3.77,3.91,3.95,4.7,5.29,4.76,4.5,3.3,1.95,1.29,1.34,1.61,1.72,1.56,1.17,1.37,1.82,2.35,2.76,3.1,3.67,5.21,6.25,6.97,7.3,7.59,7.57,7.56,8.02,9.75,9.68,8.63,7.45,6.29,5.12,4.03,3.03,2.29,1.59,1.98,2.6,3.23,3.72,4.5,5.39,6.06,6.64,7.12,7.32,7.37,7.27,7.4,7.29,7.02,6.86,6.05,5.19,4.74,4.89,5.35,5.73,5.98,4.88,5.14,5.62,5.32,4.98,4.94,5.54,6.43,7.01,7.45,7.54,7.38,7.17,7.0,7.0,7.54,6.67,5.7,4.91,4.27,4.02,4.44,5.31,6.33,6.5,6.66,7.24,6.76,6.34,6.22,6.16
252,2.95,2.69,2.5,2.47,2.67,2.9,3.25,4.94,5.37,5.25,4.31,4.13,4.32,4.76,5.25,5.4,5.19,3.32,3.04,3.14,3.24,3.35,3.47,3.61,3.79,4.02,4.25,4.3,4.22,4.15,4.56,4.99,3.54,2.99,3.29,3.82,4.25,4.58,4.73,4.6,4.25,2.64,2.69,2.4,1.86,1.04,1.0,1.83,2.47,3.0,3.47,3.77,3.91,3.95,4.7,5.29,4.76,4.5,3.3,1.95,1.29,1.34,1.61,1.72,1.56,1.17,1.37,1.82,2.35,2.76,3.1,3.67,5.21,6.25,6.97,7.3,7.59,7.57,7.56,8.02,9.75,9.68,8.63,7.45,6.29,5.12,4.03,3.03,2.29,1.59,1.98,2.6,3.23,3.72,4.5,5.39,6.06,6.64,7.12,7.32,7.37,7.27,7.4,7.29,7.02,6.86,6.05,5.19,4.74,4.89,5.35,5.73,5.98,4.88,5.14,5.62,5.32,4.98,4.94,5.54,6.43,7.01,7.45,7.54,7.38,7.17,7.0,7.0,7.54,6.67,5.7,4.91,4.27,4.02,4.44,5.31,6.33,6.5,6.66,7.24,6.76,6.34,6.22,6.16,6.04,5.93,5.86,5.91,5.75,5.63,6.1,7.74,8.43,8.15,7.94,7.82,7.78,7.83,7.96,8.06,8.0,6.76,5.15,5.82,6.17,6.19,6.16,5.98
253,3.79,4.02,4.25,4.3,4.22,4.15,4.56,4.99,3.54,2.99,3.29,3.82,4.25,4.58,4.73,4.6,4.25,2.64,2.69,2.4,1.86,1.04,1.0,1.83,2.47,3.0,3.47,3.77,3.91,3.95,4.7,5.29,4.76,4.5,3.3,1.95,1.29,1.34,1.61,1.72,1.56,1.17,1.37,1.82,2.35,2.76,3.1,3.67,5.21,6.25,6.97,7.3,7.59,7.57,7.56,8.02,9.75,9.68,8.63,7.45,6.29,5.12,4.03,3.03,2.29,1.59,1.98,2.6,3.23,3.72,4.5,5.39,6.06,6.64,7.12,7.32,7.37,7.27,7.4,7.29,7.02,6.86,6.05,5.19,4.74,4.89,5.35,5.73,5.98,4.88,5.14,5.62,5.32,4.98,4.94,5.54,6.43,7.01,7.45,7.54,7.38,7.17,7.0,7.0,7.54,6.67,5.7,4.91,4.27,4.02,4.44,5.31,6.33,6.5,6.66,7.24,6.76,6.34,6.22,6.16,6.04,5.93,5.86,5.91,5.75,5.63,6.1,7.74,8.43,8.15,7.94,7.82,7.78,7.83,7.96,8.06,8.0,6.76,5.15,5.82,6.17,6.19,6.16,5.98,5.77,5.68,5.58,5.34,5.0,4.78,5.67,5.74,8.21,8.73,8.72,8.74,8.69,8.55,8.31,7.85,7.15,4.6,4.13,4.69,5.38,6.16,6.4,6.13
254,2.47,3.0,3.47,3.77,3.91,3.95,4.7,5.29,4.76,4.5,3.3,1.95,1.29,1.34,1.61,1.72,1.56,1.17,1.37,1.82,2.35,2.76,3.1,3.67,5.21,6.25,6.97,7.3,7.59,7.57,7.56,8.02,9.75,9.68,8.63,7.45,6.29,5.12,4.03,3.03,2.29,1.59,1.98,2.6,3.23,3.72,4.5,5.39,6.06,6.64,7.12,7.32,7.37,7.27,7.4,7.29,7.02,6.86,6.05,5.19,4.74,4.89,5.35,5.73,5.98,4.88,5.14,5.62,5.32,4.98,4.94,5.54,6.43,7.01,7.45,7.54,7.38,7.17,7.0,7.0,7.54,6.67,5.7,4.91,4.27,4.02,4.44,5.31,6.33,6.5,6.66,7.24,6.76,6.34,6.22,6.16,6.04,5.93,5.86,5.91,5.75,5.63,6.1,7.74,8.43,8.15,7.94,7.82,7.78,7.83,7.96,8.06,8.0,6.76,5.15,5.82,6.17,6.19,6.16,5.98,5.77,5.68,5.58,5.34,5.0,4.78,5.67,5.74,8.21,8.73,8.72,8.74,8.69,8.55,8.31,7.85,7.15,4.6,4.13,4.69,5.38,6.16,6.4,6.13,5.87,5.75,5.62,5.48,5.44,5.52,6.23,6.34,5.81,5.3,3.85,2.68,2.55,3.0,3.42,3.8,4.03,2.81,3.16,3.22,3.17,2.99,2.7,2.49
255,5.21,6.25,6.97,7.3,7.59,7.57,7.56,8.02,9.75,9.68,8.63,7.45,6.29,5.12,4.03,3.03,2.29,1.59,1.98,2.6,3.23,3.72,4.5,5.39,6.06,6.64,7.12,7.32,7.37,7.27,7.4,7.29,7.02,6.86,6.05,5.19,4.74,4.89,5.35,5.73,5.98,4.88,5.14,5.62,5.32,4.98,4.94,5.54,6.43,7.01,7.45,7.54,7.38,7.17,7.0,7.0,7.54,6.67,5.7,4.91,4.27,4.02,4.44,5.31,6.33,6.5,6.66,7.24,6.76,6.34,6.22,6.16,6.04,5.93,5.86,5.91,5.75,5.63,6.1,7.74,8.43,8.15,7.94,7.82,7.78,7.83,7.96,8.06,8.0,6.76,5.15,5.82,6.17,6.19,6.16,5.98,5.77,5.68,5.58,5.34,5.0,4.78,5.67,5.74,8.21,8.73,8.72,8.74,8.69,8.55,8.31,7.85,7.15,4.6,4.13,4.69,5.38,6.16,6.4,6.13,5.87,5.75,5.62,5.48,5.44,5.52,6.23,6.34,5.81,5.3,3.85,2.68,2.55,3.0,3.42,3.8,4.03,2.81,3.16,3.22,3.17,2.99,2.7,2.49,2.61,2.77,2.83,2.81,2.74,2.69,2.48,2.98,2.47,1.91,2.37,2.86,3.25,3.49,3.6,3.63,3.59,2.52,2.9,3.2,3.65,3.98,4.03,3.91
256,6.06,6.64,7.12,7.32,7.37,7.27,7.4,7.29,7.02,6.86,6.05,5.19,4.74,4.89,5.35,5.73,5.98,4.88,5.14,5.62,5.32,4.98,4.94,5.54,6.43,7.01,7.45,7.54,7.38,7.17,7.0,7.0,7.54,6.67,5.7,4.91,4.27,4.02,4.44,5.31,6.33,6.5,6.66,7.24,6.76,6.34,6.22,6.16,6.04,5.93,5.86,5.91,5.75,5.63,6.1,7.74,8.43,8.15,7.94,7.82,7.78,7.83,7.96,8.06,8.0,6.76,5.15,5.82,6.17,6.19,6.16,5.98,5.77,5.68,5.58,5.34,5.0,4.78,5.67,5.74,8.21,8.73,8.72,8.74,8.69,8.55,8.31,7.85,7.15,4.6,4.13,4.69,5.38,6.16,6.4,6.13,5.87,5.75,5.62,5.48,5.44,5.52,6.23,6.34,5.81,5.3,3.85,2.68,2.55,3.0,3.42,3.8,4.03,2.81,3.16,3.22,3.17,2.99,2.7,2.49,2.61,2.77,2.83,2.81,2.74,2.69,2.48,2.98,2.47,1.91,2.37,2.86,3.25,3.49,3.6,3.63,3.59,2.52,2.9,3.2,3.65,3.98,4.03,3.91,3.71,3.53,3.37,3.28,3.23,3.18,3.02,4.05,2.81,2.11,2.34,2.6,2.69,2.7,2.74,2.79,2.82,2.22,2.92,3.44,3.79,4.06,4.08,3.96
257,6.43,7.01,7.45,7.54,7.38,7.17,7.0,7.0,7.54,6.67,5.7,4.91,4.27,4.02,4.44,5.31,6.33,6.5,6.66,7.24,6.76,6.34,6.22,6.16,6.04,5.93,5.86,5.91,5.75,5.63,6.1,7.74,8.43,8.15,7.94,7.82,7.78,7.83,7.96,8.06,8.0,6.76,5.15,5.82,6.17,6.19,6.16,5.98,5.77,5.68,5.58,5.34,5.0,4.78,5.67,5.74,8.21,8.73,8.72,8.74,8.69,8.55,8.31,7.85,7.15,4.6,4.13,4.69,5.38,6.16,6.4,6.13,5.87,5.75,5.62,5.48,5.44,5.52,6.23,6.34,5.81,5.3,3.85,2.68,2.55,3.0,3.42,3.8,4.03,2.81,3.16,3.22,3.17,2.99,2.7,2.49,2.61,2.77,2.83,2.81,2.74,2.69,2.48,2.98,2.47,1.91,2.37,2.86,3.25,3.49,3.6,3.63,3.59,2.52,2.9,3.2,3.65,3.98,4.03,3.91,3.71,3.53,3.37,3.28,3.23,3.18,3.02,4.05,2.81,2.11,2.34,2.6,2.69,2.7,2.74,2.79,2.82,2.22,2.92,3.44,3.79,4.06,4.08,3.96,3.81,3.67,3.54,3.4,3.29,3.23,2.99,4.19,3.44,3.02,2.52,2.07,1.7,1.38,1.08,0.84,0.65,0.52,1.05,1.59,2.02,2.28,2.44,2.54
258,6.04,5.93,5.86,5.91,5.75,5.63,6.1,7.74,8.43,8.15,7.94,7.82,7.78,7.83,7.96,8.06,8.0,6.76,5.15,5.82,6.17,6.19,6.16,5.98,5.77,5.68,5.58,5.34,5.0,4.78,5.67,5.74,8.21,8.73,8.72,8.74,8.69,8.55,8.31,7.85,7.15,4.6,4.13,4.69,5.38,6.16,6.4,6.13,5.87,5.75,5.62,5.48,5.44,5.52,6.23,6.34,5.81,5.3,3.85,2.68,2.55,3.0,3.42,3.8,4.03,2.81,3.16,3.22,3.17,2.99,2.7,2.49,2.61,2.77,2.83,2.81,2.74,2.69,2.48,2.98,2.47,1.91,2.37,2.86,3.25,3.49,3.6,3.63,3.59,2.52,2.9,3.2,3.65,3.98,4.03,3.91,3.71,3.53,3.37,3.28,3.23,3.18,3.02,4.05,2.81,2.11,2.34,2.6,2.69,2.7,2.74,2.79,2.82,2.22,2.92,3.44,3.79,4.06,4.08,3.96,3.81,3.67,3.54,3.4,3.29,3.23,2.99,4.19,3.44,3.02,2.52,2.07,1.7,1.38,1.08,0.84,0.65,0.52,1.05,1.59,2.02,2.28,2.44,2.54,2.52,2.35,2.18,2.12,2.22,2.45,2.55,3.73,3.37,2.86,2.57,2.95,3.36,3.61,3.73,3.77,3.69,2.68,3.12,3.22,3.29,3.3,3.27,3.23
259,5.77,5.68,5.58,5.34,5.0,4.78,5.67,5.74,8.21,8.73,8.72,8.74,8.69,8.55,8.31,7.85,7.15,4.6,4.13,4.69,5.38,6.16,6.4,6.13,5.87,5.75,5.62,5.48,5.44,5.52,6.23,6.34,5.81,5.3,3.85,2.68,2.55,3.0,3.42,3.8,4.03,2.81,3.16,3.22,3.17,2.99,2.7,2.49,2.61,2.77,2.83,2.81,2.74,2.69,2.48,2.98,2.47,1.91,2.37,2.86,3.25,3.49,3.6,3.63,3.59,2.52,2.9,3.2,3.65,3.98,4.03,3.91,3.71,3.53,3.37,3.28,3.23,3.18,3.02,4.05,2.81,2.11,2.34,2.6,2.69,2.7,2.74,2.79,2.82,2.22,2.92,3.44,3.79,4.06,4.08,3.96,3.81,3.67,3.54,3.4,3.29,3.23,2.99,4.19,3.44,3.02,2.52,2.07,1.7,1.38,1.08,0.84,0.65,0.52,1.05,1.59,2.02,2.28,2.44,2.54,2.52,2.35,2.18,2.12,2.22,2.45,2.55,3.73,3.37,2.86,2.57,2.95,3.36,3.61,3.73,3.77,3.69,2.68,3.12,3.22,3.29,3.3,3.27,3.23,3.1,2.88,2.59,2.27,1.94,1.66,1.37,1.26,1.02,1.69,2.41,2.64,2.65,2.57,2.44,2.3,2.08,1.42,1.33,1.19,1.24,1.56,1.99,2.43
260,5.87,5.75,5.62,5.48,5.44,5.52,6.23,6.34,5.81,5.3,3.85,2.68,2.55,3.0,3.42,3.8,4.03,2.81,3.16,3.22,3.17,2.99,2.7,2.49,2.61,2.77,2.83,2.81,2.74,2.69,2.48,2.98,2.47,1.91,2.37,2.86,3.25,3.49,3.6,3.63,3.59,2.52,2.9,3.2,3.65,3.98,4.03,3.91,3.71,3.53,3.37,3.28,3.23,3.18,3.02,4.05,2.81,2.11,2.34,2.6,2.69,2.7,2.74,2.79,2.82,2.22,2.92,3.44,3.79,4.06,4.08,3.96,3.81,3.67,3.54,3.4,3.29,3.23,2.99,4.19,3.44,3.02,2.52,2.07,1.7,1.38,1.08,0.84,0.65,0.52,1.05,1.59,2.02,2.28,2.44,2.54,2.52,2.35,2.18,2.12,2.22,2.45,2.55,3.73,3.37,2.86,2.57,2.95,3.36,3.61,3.73,3.77,3.69,2.68,3.12,3.22,3.29,3.3,3.27,3.23,3.1,2.88,2.59,2.27,1.94,1.66,1.37,1.26,1.02,1.69,2.41,2.64,2.65,2.57,2.44,2.3,2.08,1.42,1.33,1.19,1.24,1.56,1.99,2.43,2.74,2.89,2.91,2.8,2.61,2.44,2.19,2.54,2.2,2.4,2.73,2.66,2.5,2.25,1.99,1.79,1.56,1.45,1.77,1.93,2.08,2.23,2.41,2.53
261,2.61,2.77,2.83,2.81,2.74,2.69,2.48,2.98,2.47,1.91,2.37,2.86,3.25,3.49,3.6,3.63,3.59,2.52,2.9,3.2,3.65,3.98,4.03,3.91,3.71,3.53,3.37,3.28,3.23,3.18,3.02,4.05,2.81,2.11,2.34,2.6,2.69,2.7,2.74,2.79,2.82,2.22,2.92,3.44,3.79,4.06,4.08,3.96,3.81,3.67,3.54,3.4,3.29,3.23,2.99,4.19,3.44,3.02,2.52,2.07,1.7,1.38,1.08,0.84,0.65,0.52,1.05,1.59,2.02,2.28,2.44,2.54,2.52,2.35,2.18,2.12,2.22,2.45,2.55,3.73,3.37,2.86,2.57,2.95,3.36,3.61,3.73,3.77,3.69,2.68,3.12,3.22,3.29,3.3,3.27,3.23,3.1,2.88,2.59,2.27,1.94,1.66,1.37,1.26,1.02,1.69,2.41,2.64,2.65,2.57,2.44,2.3,2.08,1.42,1.33,1.19,1.24,1.56,1.99,2.43,2.74,2.89,2.91,2.8,2.61,2.44,2.19,2.54,2.2,2.4,2.73,2.66,2.5,2.25,1.99,1.79,1.56,1.45,1.77,1.93,2.08,2.23,2.41,2.53,2.52,2.52,2.67,3.01,3.3,3.38,3.31,4.36,3.6,3.6,4.09,3.64,2.9,2.12,1.36,0.96,1.14,1.76,2.72,3.35,3.79,4.05,4.07,3.93
262,3.71,3.53,3.37,3.28,3.23,3.18,3.02,4.05,2.81,2.11,2.34,2.6,2.69,2.7,2.74,2.79,2.82,2.22,2.92,3.44,3.79,4.06,4.08,3.96,3.81,3.67,3.54,3.4,3.29,3.23,2.99,4.19,3.44,3.02,2.52,2.07,1.7,1.38,1.08,0.84,0.65,0.52,1.05,1.59,2.02,2.28,2.44,2.54,2.52,2.35,2.18,2.12,2.22,2.45,2.55,3.73,3.37,2.86,2.57,2.95,3.36,3.61,3.73,3.77,3.69,2.68,3.12,3.22,3.29,3.3,3.27,3.23,3.1,2.88,2.59,2.27,1.94,1.66,1.37,1.26,1.02,1.69,2.41,2.64,2.65,2.57,2.44,2.3,2.08,1.42,1.33,1.19,1.24,1.56,1.99,2.43,2.74,2.89,2.91,2.8,2.61,2.44,2.19,2.54,2.2,2.4,2.73,2.66,2.5,2.25,1.99,1.79,1.56,1.45,1.77,1.93,2.08,2.23,2.41,2.53,2.52,2.52,2.67,3.01,3.3,3.38,3.31,4.36,3.6,3.6,4.09,3.64,2.9,2.12,1.36,0.96,1.14,1.76,2.72,3.35,3.79,4.05,4.07,3.93,3.8,3.69,3.83,4.94,6.82,7.7,8.17,8.96,10.77,10.62,9.28,7.51,5.69,4.17,3.04,2.52,2.85,3.06,4.95,6.63,7.03,6.91,6.7,6.53
263,3.81,3.67,3.54,3.4,3.29,3.23,2.99,4.19,3.44,3.02,2.52,2.07,1.7,1.38,1.08,0.84,0.65,0.52,1.05,1.59,2.02,2.28,2.44,2.54,2.52,2.35,2.18,2.12,2.22,2.45,2.55,3.73,3.37,2.86,2.57,2.95,3.36,3.61,3.73,3.77,3.69,2.68,3.12,3.22,3.29,3.3,3.27,3.23,3.1,2.88,2.59,2.27,1.94,1.66,1.37,1.26,1.02,1.69,2.41,2.64,2.65,2.57,2.44,2.3,2.08,1.42,1.33,1.19,1.24,1.56,1.99,2.43,2.74,2.89,2.91,2.8,2.61,2.44,2.19,2.54,2.2,2.4,2.73,2.66,2.5,2.25,1.99,1.79,1.56,1.45,1.77,1.93,2.08,2.23,2.41,2.53,2.52,2.52,2.67,3.01,3.3,3.38,3.31,4.36,3.6,3.6,4.09,3.64,2.9,2.12,1.36,0.96,1.14,1.76,2.72,3.35,3.79,4.05,4.07,3.93,3.8,3.69,3.83,4.94,6.82,7.7,8.17,8.96,10.77,10.62,9.28,7.51,5.69,4.17,3.04,2.52,2.85,3.06,4.95,6.63,7.03,6.91,6.7,6.53,6.41,6.54,6.67,6.8,6.9,6.92,7.09,7.26,7.27,7.51,7.32,6.91,6.5,6.2,5.93,5.61,4.47,2.94,3.16,3.34,3.61,3.9,4.18,4.38
264,2.52,2.35,2.18,2.12,2.22,2.45,2.55,3.73,3.37,2.86,2.57,2.95,3.36,3.61,3.73,3.77,3.69,2.68,3.12,3.22,3.29,3.3,3.27,3.23,3.1,2.88,2.59,2.27,1.94,1.66,1.37,1.26,1.02,1.69,2.41,2.64,2.65,2.57,2.44,2.3,2.08,1.42,1.33,1.19,1.24,1.56,1.99,2.43,2.74,2.89,2.91,2.8,2.61,2.44,2.19,2.54,2.2,2.4,2.73,2.66,2.5,2.25,1.99,1.79,1.56,1.45,1.77,1.93,2.08,2.23,2.41,2.53,2.52,2.52,2.67,3.01,3.3,3.38,3.31,4.36,3.6,3.6,4.09,3.64,2.9,2.12,1.36,0.96,1.14,1.76,2.72,3.35,3.79,4.05,4.07,3.93,3.8,3.69,3.83,4.94,6.82,7.7,8.17,8.96,10.77,10.62,9.28,7.51,5.69,4.17,3.04,2.52,2.85,3.06,4.95,6.63,7.03,6.91,6.7,6.53,6.41,6.54,6.67,6.8,6.9,6.92,7.09,7.26,7.27,7.51,7.32,6.91,6.5,6.2,5.93,5.61,4.47,2.94,3.16,3.34,3.61,3.9,4.18,4.38,4.5,4.6,4.71,4.66,4.35,3.85,3.82,4.21,3.48,3.48,3.63,5.38,6.54,6.65,6.4,5.95,4.52,3.09,3.06,2.68,2.22,1.73,1.26,0.97
265,3.1,2.88,2.59,2.27,1.94,1.66,1.37,1.26,1.02,1.69,2.41,2.64,2.65,2.57,2.44,2.3,2.08,1.42,1.33,1.19,1.24,1.56,1.99,2.43,2.74,2.89,2.91,2.8,2.61,2.44,2.19,2.54,2.2,2.4,2.73,2.66,2.5,2.25,1.99,1.79,1.56,1.45,1.77,1.93,2.08,2.23,2.41,2.53,2.52,2.52,2.67,3.01,3.3,3.38,3.31,4.36,3.6,3.6,4.09,3.64,2.9,2.12,1.36,0.96,1.14,1.76,2.72,3.35,3.79,4.05,4.07,3.93,3.8,3.69,3.83,4.94,6.82,7.7,8.17,8.96,10.77,10.62,9.28,7.51,5.69,4.17,3.04,2.52,2.85,3.06,4.95,6.63,7.03,6.91,6.7,6.53,6.41,6.54,6.67,6.8,6.9,6.92,7.09,7.26,7.27,7.51,7.32,6.91,6.5,6.2,5.93,5.61,4.47,2.94,3.16,3.34,3.61,3.9,4.18,4.38,4.5,4.6,4.71,4.66,4.35,3.85,3.82,4.21,3.48,3.48,3.63,5.38,6.54,6.65,6.4,5.95,4.52,3.09,3.06,2.68,2.22,1.73,1.26,0.97,0.98,1.17,1.39,1.51,1.6,1.72,1.84,2.13,2.4,1.48,0.93,1.19,1.01,0.97,1.03,1.21,1.4,2.01,2.8,3.26,3.75,4.29,4.7,4.67
266,2.74,2.89,2.91,2.8,2.61,2.44,2.19,2.54,2.2,2.4,2.73,2.66,2.5,2.25,1.99,1.79,1.56,1.45,1.77,1.93,2.08,2.23,2.41,2.53,2.52,2.52,2.67,3.01,3.3,3.38,3.31,4.36,3.6,3.6,4.09,3.64,2.9,2.12,1.36,0.96,1.14,1.76,2.72,3.35,3.79,4.05,4.07,3.93,3.8,3.69,3.83,4.94,6.82,7.7,8.17,8.96,10.77,10.62,9.28,7.51,5.69,4.17,3.04,2.52,2.85,3.06,4.95,6.63,7.03,6.91,6.7,6.53,6.41,6.54,6.67,6.8,6.9,6.92,7.09,7.26,7.27,7.51,7.32,6.91,6.5,6.2,5.93,5.61,4.47,2.94,3.16,3.34,3.61,3.9,4.18,4.38,4.5,4.6,4.71,4.66,4.35,3.85,3.82,4.21,3.48,3.48,3.63,5.38,6.54,6.65,6.4,5.95,4.52,3.09,3.06,2.68,2.22,1.73,1.26,0.97,0.98,1.17,1.39,1.51,1.6,1.72,1.84,2.13,2.4,1.48,0.93,1.19,1.01,0.97,1.03,1.21,1.4,2.01,2.8,3.26,3.75,4.29,4.7,4.67,4.41,4.16,4.04,4.01,3.98,3.95,4.23,5.37,4.29,3.68,3.2,2.32,1.69,1.47,1.64,1.89,1.71,1.87,2.35,2.72,3.06,3.29,3.45,3.52
267,2.52,2.52,2.67,3.01,3.3,3.38,3.31,4.36,3.6,3.6,4.09,3.64,2.9,2.12,1.36,0.96,1.14,1.76,2.72,3.35,3.79,4.05,4.07,3.93,3.8,3.69,3.83,4.94,6.82,7.7,8.17,8.96,10.77,10.62,9.28,7.51,5.69,4.17,3.04,2.52,2.85,3.06,4.95,6.63,7.03,6.91,6.7,6.53,6.41,6.54,6.67,6.8,6.9,6.92,7.09,7.26,7.27,7.51,7.32,6.91,6.5,6.2,5.93,5.61,4.47,2.94,3.16,3.34,3.61,3.9,4.18,4.38,4.5,4.6,4.71,4.66,4.35,3.85,3.82,4.21,3.48,3.48,3.63,5.38,6.54,6.65,6.4,5.95,4.52,3.09,3.06,2.68,2.22,1.73,1.26,0.97,0.98,1.17,1.39,1.51,1.6,1.72,1.84,2.13,2.4,1.48,0.93,1.19,1.01,0.97,1.03,1.21,1.4,2.01,2.8,3.26,3.75,4.29,4.7,4.67,4.41,4.16,4.04,4.01,3.98,3.95,4.23,5.37,4.29,3.68,3.2,2.32,1.69,1.47,1.64,1.89,1.71,1.87,2.35,2.72,3.06,3.29,3.45,3.52,3.53,3.47,3.39,3.28,3.16,3.02,2.8,3.18,3.02,2.28,1.22,0.45,0.87,1.62,2.31,2.86,2.72,2.61,3.09,3.2,3.22,3.2,3.14,3.08
268,3.8,3.69,3.83,4.94,6.82,7.7,8.17,8.96,10.77,10.62,9.28,7.51,5.69,4.17,3.04,2.52,2.85,3.06,4.95,6.63,7.03,6.91,6.7,6.53,6.41,6.54,6.67,6.8,6.9,6.92,7.09,7.26,7.27,7.51,7.32,6.91,6.5,6.2,5.93,5.61,4.47,2.94,3.16,3.34,3.61,3.9,4.18,4.38,4.5,4.6,4.71,4.66,4.35,3.85,3.82,4.21,3.48,3.48,3.63,5.38,6.54,6.65,6.4,5.95,4.52,3.09,3.06,2.68,2.22,1.73,1.26,0.97,0.98,1.17,1.39,1.51,1.6,1.72,1.84,2.13,2.4,1.48,0.93,1.19,1.01,0.97,1.03,1.21,1.4,2.01,2.8,3.26,3.75,4.29,4.7,4.67,4.41,4.16,4.04,4.01,3.98,3.95,4.23,5.37,4.29,3.68,3.2,2.32,1.69,1.47,1.64,1.89,1.71,1.87,2.35,2.72,3.06,3.29,3.45,3.52,3.53,3.47,3.39,3.28,3.16,3.02,2.8,3.18,3.02,2.28,1.22,0.45,0.87,1.62,2.31,2.86,2.72,2.61,3.09,3.2,3.22,3.2,3.14,3.08,2.99,2.88,2.73,2.52,2.28,2.03,1.75,1.66,0.99,0.53,2.36,4.48,5.73,6.42,6.94,7.17,6.43,3.88,3.95,3.99,3.92,3.73,3.62,3.7
269,6.41,6.54,6.67,6.8,6.9,6.92,7.09,7.26,7.27,7.51,7.32,6.91,6.5,6.2,5.93,5.61,4.47,2.94,3.16,3.34,3.61,3.9,4.18,4.38,4.5,4.6,4.71,4.66,4.35,3.85,3.82,4.21,3.48,3.48,3.63,5.38,6.54,6.65,6.4,5.95,4.52,3.09,3.06,2.68,2.22,1.73,1.26,0.97,0.98,1.17,1.39,1.51,1.6,1.72,1.84,2.13,2.4,1.48,0.93,1.19,1.01,0.97,1.03,1.21,1.4,2.01,2.8,3.26,3.75,4.29,4.7,4.67,4.41,4.16,4.04,4.01,3.98,3.95,4.23,5.37,4.29,3.68,3.2,2.32,1.69,1.47,1.64,1.89,1.71,1.87,2.35,2.72,3.06,3.29,3.45,3.52,3.53,3.47,3.39,3.28,3.16,3.02,2.8,3.18,3.02,2.28,1.22,0.45,0.87,1.62,2.31,2.86,2.72,2.61,3.09,3.2,3.22,3.2,3.14,3.08,2.99,2.88,2.73,2.52,2.28,2.03,1.75,1.66,0.99,0.53,2.36,4.48,5.73,6.42,6.94,7.17,6.43,3.88,3.95,3.99,3.92,3.73,3.62,3.7,3.91,3.88,3.4,3.01,2.84,2.73,2.48,3.11,2.7,2.95,4.13,4.76,5.45,6.04,6.34,6.36,5.54,3.32,3.35,3.34,3.53,3.75,3.88,3.88
270,4.5,4.6,4.71,4.66,4.35,3.85,3.82,4.21,3.48,3.48,3.63,5.38,6.54,6.65,6.4,5.95,4.52,3.09,3.06,2.68,2.22,1.73,1.26,0.97,0.98,1.17,1.39,1.51,1.6,1.72,1.84,2.13,2.4,1.48,0.93,1.19,1.01,0.97,1.03,1.21,1.4,2.01,2.8,3.26,3.75,4.29,4.7,4.67,4.41,4.16,4.04,4.01,3.98,3.95,4.23,5.37,4.29,3.68,3.2,2.32,1.69,1.47,1.64,1.89,1.71,1.87,2.35,2.72,3.06,3.29,3.45,3.52,3.53,3.47,3.39,3.28,3.16,3.02,2.8,3.18,3.02,2.28,1.22,0.45,0.87,1.62,2.31,2.86,2.72,2.61,3.09,3.2,3.22,3.2,3.14,3.08,2.99,2.88,2.73,2.52,2.28,2.03,1.75,1.66,0.99,0.53,2.36,4.48,5.73,6.42,6.94,7.17,6.43,3.88,3.95,3.99,3.92,3.73,3.62,3.7,3.91,3.88,3.4,3.01,2.84,2.73,2.48,3.11,2.7,2.95,4.13,4.76,5.45,6.04,6.34,6.36,5.54,3.32,3.35,3.34,3.53,3.75,3.88,3.88,3.74,3.45,3.1,2.81,2.5,2.11,1.61,1.32,0.88,2.82,4.16,5.04,5.81,6.4,6.69,6.6,5.67,3.25,3.13,2.93,2.94,3.14,3.33,3.35
271,0.98,1.17,1.39,1.51,1.6,1.72,1.84,2.13,2.4,1.48,0.93,1.19,1.01,0.97,1.03,1.21,1.4,2.01,2.8,3.26,3.75,4.29,4.7,4.67,4.41,4.16,4.04,4.01,3.98,3.95,4.23,5.37,4.29,3.68,3.2,2.32,1.69,1.47,1.64,1.89,1.71,1.87,2.35,2.72,3.06,3.29,3.45,3.52,3.53,3.47,3.39,3.28,3.16,3.02,2.8,3.18,3.02,2.28,1.22,0.45,0.87,1.62,2.31,2.86,2.72,2.61,3.09,3.2,3.22,3.2,3.14,3.08,2.99,2.88,2.73,2.52,2.28,2.03,1.75,1.66,0.99,0.53,2.36,4.48,5.73,6.42,6.94,7.17,6.43,3.88,3.95,3.99,3.92,3.73,3.62,3.7,3.91,3.88,3.4,3.01,2.84,2.73,2.48,3.11,2.7,2.95,4.13,4.76,5.45,6.04,6.34,6.36,5.54,3.32,3.35,3.34,3.53,3.75,3.88,3.88,3.74,3.45,3.1,2.81,2.5,2.11,1.61,1.32,0.88,2.82,4.16,5.04,5.81,6.4,6.69,6.6,5.67,3.25,3.13,2.93,2.94,3.14,3.33,3.35,3.22,3.04,2.86,2.61,2.37,2.14,1.83,1.91,1.9,4.87,6.28,7.09,7.57,7.73,7.64,7.32,6.52,3.8,3.56,3.51,3.48,3.48,3.53,3.55
272,4.41,4.16,4.04,4.01,3.98,3.95,4.23,5.37,4.29,3.68,3.2,2.32,1.69,1.47,1.64,1.89,1.71,1.87,2.35,2.72,3.06,3.29,3.45,3.52,3.53,3.47,3.39,3.28,3.16,3.02,2.8,3.18,3.02,2.28,1.22,0.45,0.87,1.62,2.31,2.86,2.72,2.61,3.09,3.2,3.22,3.2,3.14,3.08,2.99,2.88,2.73,2.52,2.28,2.03,1.75,1.66,0.99,0.53,2.36,4.48,5.73,6.42,6.94,7.17,6.43,3.88,3.95,3.99,3.92,3.73,3.62,3.7,3.91,3.88,3.4,3.01,2.84,2.73,2.48,3.11,2.7,2.95,4.13,4.76,5.45,6.04,6.34,6.36,5.54,3.32,3.35,3.34,3.53,3.75,3.88,3.88,3.74,3.45,3.1,2.81,2.5,2.11,1.61,1.32,0.88,2.82,4.16,5.04,5.81,6.4,6.69,6.6,5.67,3.25,3.13,2.93,2.94,3.14,3.33,3.35,3.22,3.04,2.86,2.61,2.37,2.14,1.83,1.91,1.9,4.87,6.28,7.09,7.57,7.73,7.64,7.32,6.52,3.8,3.56,3.51,3.48,3.48,3.53,3.55,3.5,3.44,3.36,3.26,3.13,3.02,2.96,4.25,4.38,4.41,3.26,2.02,1.61,1.83,2.25,2.78,3.33,3.02,4.88,7.15,8.13,8.38,8.22,7.72
273,3.53,3.47,3.39,3.28,3.16,3.02,2.8,3.18,3.02,2.28,1.22,0.45,0.87,1.62,2.31,2.86,2.72,2.61,3.09,3.2,3.22,3.2,3.14,3.08,2.99,2.88,2.73,2.52,2.28,2.03,1.75,1.66,0.99,0.53,2.36,4.48,5.73,6.42,6.94,7.17,6.43,3.88,3.95,3.99,3.92,3.73,3.62,3.7,3.91,3.88,3.4,3.01,2.84,2.73,2.48,3.11,2.7,2.95,4.13,4.76,5.45,6.04,6.34,6.36,5.54,3.32,3.35,3.34,3.53,3.75,3.88,3.88,3.74,3.45,3.1,2.81,2.5,2.11,1.61,1.32,0.88,2.82,4.16,5.04,5.81,6.4,6.69,6.6,5.67,3.25,3.13,2.93,2.94,3.14,3.33,3.35,3.22,3.04,2.86,2.61,2.37,2.14,1.83,1.91,1.9,4.87,6.28,7.09,7.57,7.73,7.64,7.32,6.52,3.8,3.56,3.51,3.48,3.48,3.53,3.55,3.5,3.44,3.36,3.26,3.13,3.02,2.96,4.25,4.38,4.41,3.26,2.02,1.61,1.83,2.25,2.78,3.33,3.02,4.88,7.15,8.13,8.38,8.22,7.72,6.92,6.3,5.74,5.36,5.11,4.98,5.37,6.43,7.61,7.72,7.39,7.1,7.11,7.41,7.85,8.28,8.42,7.07,6.35,6.41,6.38,6.09,5.94,5.62
274,2.99,2.88,2.73,2.52,2.28,2.03,1.75,1.66,0.99,0.53,2.36,4.48,5.73,6.42,6.94,7.17,6.43,3.88,3.95,3.99,3.92,3.73,3.62,3.7,3.91,3.88,3.4,3.01,2.84,2.73,2.48,3.11,2.7,2.95,4.13,4.76,5.45,6.04,6.34,6.36,5.54,3.32,3.35,3.34,3.53,3.75,3.88,3.88,3.74,3.45,3.1,2.81,2.5,2.11,1.61,1.32,0.88,2.82,4.16,5.04,5.81,6.4,6.69,6.6,5.67,3.25,3.13,2.93,2.94,3.14,3.33,3.35,3.22,3.04,2.86,2.61,2.37,2.14,1.83,1.91,1.9,4.87,6.28,7.09,7.57,7.73,7.64,7.32,6.52,3.8,3.56,3.51,3.48,3.48,3.53,3.55,3.5,3.44,3.36,3.26,3.13,3.02,2.96,4.25,4.38,4.41,3.26,2.02,1.61,1.83,2.25,2.78,3.33,3.02,4.88,7.15,8.13,8.38,8.22,7.72,6.92,6.3,5.74,5.36,5.11,4.98,5.37,6.43,7.61,7.72,7.39,7.1,7.11,7.41,7.85,8.28,8.42,7.07,6.35,6.41,6.38,6.09,5.94,5.62,5.35,5.21,5.17,5.23,5.37,5.58,6.09,6.78,8.51,8.83,7.98,7.34,6.91,6.61,6.48,6.52,6.5,5.21,6.81,8.28,8.81,8.41,7.4,7.13
275,3.91,3.88,3.4,3.01,2.84,2.73,2.48,3.11,2.7,2.95,4.13,4.76,5.45,6.04,6.34,6.36,5.54,3.32,3.35,3.34,3.53,3.75,3.88,3.88,3.74,3.45,3.1,2.81,2.5,2.11,1.61,1.32,0.88,2.82,4.16,5.04,5.81,6.4,6.69,6.6,5.67,3.25,3.13,2.93,2.94,3.14,3.33,3.35,3.22,3.04,2.86,2.61,2.37,2.14,1.83,1.91,1.9,4.87,6.28,7.09,7.57,7.73,7.64,7.32,6.52,3.8,3.56,3.51,3.48,3.48,3.53,3.55,3.5,3.44,3.36,3.26,3.13,3.02,2.96,4.25,4.38,4.41,3.26,2.02,1.61,1.83,2.25,2.78,3.33,3.02,4.88,7.15,8.13,8.38,8.22,7.72,6.92,6.3,5.74,5.36,5.11,4.98,5.37,6.43,7.61,7.72,7.39,7.1,7.11,7.41,7.85,8.28,8.42,7.07,6.35,6.41,6.38,6.09,5.94,5.62,5.35,5.21,5.17,5.23,5.37,5.58,6.09,6.78,8.51,8.83,7.98,7.34,6.91,6.61,6.48,6.52,6.5,5.21,6.81,8.28,8.81,8.41,7.4,7.13,7.15,7.17,7.14,7.07,7.05,7.05,7.22,7.86,8.87,9.05,7.69,6.42,5.71,5.48,5.62,5.9,6.15,5.63,7.08,7.77,7.63,7.35,7.02,6.74
276,3.74,3.45,3.1,2.81,2.5,2.11,1.61,1.32,0.88,2.82,4.16,5.04,5.81,6.4,6.69,6.6,5.67,3.25,3.13,2.93,2.94,3.14,3.33,3.35,3.22,3.04,2.86,2.61,2.37,2.14,1.83,1.91,1.9,4.87,6.28,7.09,7.57,7.73,7.64,7.32,6.52,3.8,3.56,3.51,3.48,3.48,3.53,3.55,3.5,3.44,3.36,3.26,3.13,3.02,2.96,4.25,4.38,4.41,3.26,2.02,1.61,1.83,2.25,2.78,3.33,3.02,4.88,7.15,8.13,8.38,8.22,7.72,6.92,6.3,5.74,5.36,5.11,4.98,5.37,6.43,7.61,7.72,7.39,7.1,7.11,7.41,7.85,8.28,8.42,7.07,6.35,6.41,6.38,6.09,5.94,5.62,5.35,5.21,5.17,5.23,5.37,5.58,6.09,6.78,8.51,8.83,7.98,7.34,6.91,6.61,6.48,6.52,6.5,5.21,6.81,8.28,8.81,8.41,7.4,7.13,7.15,7.17,7.14,7.07,7.05,7.05,7.22,7.86,8.87,9.05,7.69,6.42,5.71,5.48,5.62,5.9,6.15,5.63,7.08,7.77,7.63,7.35,7.02,6.74,6.53,6.36,6.17,5.99,5.8,5.6,5.72,6.1,5.76,5.63,4.9,3.98,3.37,3.17,3.42,4.01,4.43,4.05,5.54,6.22,5.84,5.2,4.56,4.04
277,3.22,3.04,2.86,2.61,2.37,2.14,1.83,1.91,1.9,4.87,6.28,7.09,7.57,7.73,7.64,7.32,6.52,3.8,3.56,3.51,3.48,3.48,3.53,3.55,3.5,3.44,3.36,3.26,3.13,3.02,2.96,4.25,4.38,4.41,3.26,2.02,1.61,1.83,2.25,2.78,3.33,3.02,4.88,7.15,8.13,8.38,8.22,7.72,6.92,6.3,5.74,5.36,5.11,4.98,5.37,6.43,7.61,7.72,7.39,7.1,7.11,7.41,7.85,8.28,8.42,7.07,6.35,6.41,6.38,6.09,5.94,5.62,5.35,5.21,5.17,5.23,5.37,5.58,6.09,6.78,8.51,8.83,7.98,7.34,6.91,6.61,6.48,6.52,6.5,5.21,6.81,8.28,8.81,8.41,7.4,7.13,7.15,7.17,7.14,7.07,7.05,7.05,7.22,7.86,8.87,9.05,7.69,6.42,5.71,5.48,5.62,5.9,6.15,5.63,7.08,7.77,7.63,7.35,7.02,6.74,6.53,6.36,6.17,5.99,5.8,5.6,5.72,6.1,5.76,5.63,4.9,3.98,3.37,3.17,3.42,4.01,4.43,4.05,5.54,6.22,5.84,5.2,4.56,4.04,3.62,3.3,3.09,2.96,2.8,2.62,2.3,2.58,1.99,1.62,1.88,2.58,3.34,4.0,4.53,4.82,4.54,3.0,2.96,2.66,2.25,1.7,1.08,0.75
278,3.5,3.44,3.36,3.26,3.13,3.02,2.96,4.25,4.38,4.41,3.26,2.02,1.61,1.83,2.25,2.78,3.33,3.02,4.88,7.15,8.13,8.38,8.22,7.72,6.92,6.3,5.74,5.36,5.11,4.98,5.37,6.43,7.61,7.72,7.39,7.1,7.11,7.41,7.85,8.28,8.42,7.07,6.35,6.41,6.38,6.09,5.94,5.62,5.35,5.21,5.17,5.23,5.37,5.58,6.09,6.78,8.51,8.83,7.98,7.34,6.91,6.61,6.48,6.52,6.5,5.21,6.81,8.28,8.81,8.41,7.4,7.13,7.15,7.17,7.14,7.07,7.05,7.05,7.22,7.86,8.87,9.05,7.69,6.42,5.71,5.48,5.62,5.9,6.15,5.63,7.08,7.77,7.63,7.35,7.02,6.74,6.53,6.36,6.17,5.99,5.8,5.6,5.72,6.1,5.76,5.63,4.9,3.98,3.37,3.17,3.42,4.01,4.43,4.05,5.54,6.22,5.84,5.2,4.56,4.04,3.62,3.3,3.09,2.96,2.8,2.62,2.3,2.58,1.99,1.62,1.88,2.58,3.34,4.0,4.53,4.82,4.54,3.0,2.96,2.66,2.25,1.7,1.08,0.75,0.86,1.14,1.5,1.89,2.3,2.72,2.82,3.64,3.24,2.98,2.7,2.5,2.8,3.29,3.67,3.99,4.03,3.41,5.19,6.77,7.19,7.23,7.04,6.73
279,6.92,6.3,5.74,5.36,5.11,4.98,5.37,6.43,7.61,7.72,7.39,7.1,7.11,7.41,7.85,8.28,8.42,7.07,6.35,6.41,6.38,6.09,5.94,5.62,5.35,5.21,5.17,5.23,5.37,5.58,6.09,6.78,8.51,8.83,7.98,7.34,6.91,6.61,6.48,6.52,6.5,5.21,6.81,8.28,8.81,8.41,7.4,7.13,7.15,7.17,7.14,7.07,7.05,7.05,7.22,7.86,8.87,9.05,7.69,6.42,5.71,5.48,5.62,5.9,6.15,5.63,7.08,7.77,7.63,7.35,7.02,6.74,6.53,6.36,6.17,5.99,5.8,5.6,5.72,6.1,5.76,5.63,4.9,3.98,3.37,3.17,3.42,4.01,4.43,4.05,5.54,6.22,5.84,5.2,4.56,4.04,3.62,3.3,3.09,2.96,2.8,2.62,2.3,2.58,1.99,1.62,1.88,2.58,3.34,4.0,4.53,4.82,4.54,3.0,2.96,2.66,2.25,1.7,1.08,0.75,0.86,1.14,1.5,1.89,2.3,2.72,2.82,3.64,3.24,2.98,2.7,2.5,2.8,3.29,3.67,3.99,4.03,3.41,5.19,6.77,7.19,7.23,7.04,6.73,6.39,6.04,5.75,5.5,5.34,5.17,5.44,6.39,6.8,6.53,5.36,3.99,2.78,1.94,1.42,1.15,0.97,1.01,1.44,2.0,2.57,3.1,3.5,3.8
280,5.35,5.21,5.17,5.23,5.37,5.58,6.09,6.78,8.51,8.83,7.98,7.34,6.91,6.61,6.48,6.52,6.5,5.21,6.81,8.28,8.81,8.41,7.4,7.13,7.15,7.17,7.14,7.07,7.05,7.05,7.22,7.86,8.87,9.05,7.69,6.42,5.71,5.48,5.62,5.9,6.15,5.63,7.08,7.77,7.63,7.35,7.02,6.74,6.53,6.36,6.17,5.99,5.8,5.6,5.72,6.1,5.76,5.63,4.9,3.98,3.37,3.17,3.42,4.01,4.43,4.05,5.54,6.22,5.84,5.2,4.56,4.04,3.62,3.3,3.09,2.96,2.8,2.62,2.3,2.58,1.99,1.62,1.88,2.58,3.34,4.0,4.53,4.82,4.54,3.0,2.96,2.66,2.25,1.7,1.08,0.75,0.86,1.14,1.5,1.89,2.3,2.72,2.82,3.64,3.24,2.98,2.7,2.5,2.8,3.29,3.67,3.99,4.03,3.41,5.19,6.77,7.19,7.23,7.04,6.73,6.39,6.04,5.75,5.5,5.34,5.17,5.44,6.39,6.8,6.53,5.36,3.99,2.78,1.94,1.42,1.15,0.97,1.01,1.44,2.0,2.57,3.1,3.5,3.8,4.16,4.66,5.17,5.57,5.75,5.87,6.19,6.91,6.68,7.24,8.0,8.44,8.75,8.91,8.87,8.55,7.01,4.53,4.38,4.32,4.24,4.05,3.8,3.5
281,7.15,7.17,7.14,7.07,7.05,7.05,7.22,7.86,8.87,9.05,7.69,6.42,5.71,5.48,5.62,5.9,6.15,5.63,7.08,7.77,7.63,7.35,7.02,6.74,6.53,6.36,6.17,5.99,5.8,5.6,5.72,6.1,5.76,5.63,4.9,3.98,3.37,3.17,3.42,4.01,4.43,4.05,5.54,6.22,5.84,5.2,4.56,4.04,3.62,3.3,3.09,2.96,2.8,2.62,2.3,2.58,1.99,1.62,1.88,2.58,3.34,4.0,4.53,4.82,4.54,3.0,2.96,2.66,2.25,1.7,1.08,0.75,0.86,1.14,1.5,1.89,2.3,2.72,2.82,3.64,3.24,2.98,2.7,2.5,2.8,3.29,3.67,3.99,4.03,3.41,5.19,6.77,7.19,7.23,7.04,6.73,6.39,6.04,5.75,5.5,5.34,5.17,5.44,6.39,6.8,6.53,5.36,3.99,2.78,1.94,1.42,1.15,0.97,1.01,1.44,2.0,2.57,3.1,3.5,3.8,4.16,4.66,5.17,5.57,5.75,5.87,6.19,6.91,6.68,7.24,8.0,8.44,8.75,8.91,8.87,8.55,7.01,4.53,4.38,4.32,4.24,4.05,3.8,3.5,3.18,2.86,2.51,2.18,1.94,1.85,1.57,1.3,0.79,0.56,0.96,3.19,5.28,6.46,7.01,7.17,6.09,3.88,3.64,3.25,2.9,2.69,2.58,2.51
282,6.53,6.36,6.17,5.99,5.8,5.6,5.72,6.1,5.76,5.63,4.9,3.98,3.37,3.17,3.42,4.01,4.43,4.05,5.54,6.22,5.84,5.2,4.56,4.04,3.62,3.3,3.09,2.96,2.8,2.62,2.3,2.58,1.99,1.62,1.88,2.58,3.34,4.0,4.53,4.82,4.54,3.0,2.96,2.66,2.25,1.7,1.08,0.75,0.86,1.14,1.5,1.89,2.3,2.72,2.82,3.64,3.24,2.98,2.7,2.5,2.8,3.29,3.67,3.99,4.03,3.41,5.19,6.77,7.19,7.23,7.04,6.73,6.39,6.04,5.75,5.5,5.34,5.17,5.44,6.39,6.8,6.53,5.36,3.99,2.78,1.94,1.42,1.15,0.97,1.01,1.44,2.0,2.57,3.1,3.5,3.8,4.16,4.66,5.17,5.57,5.75,5.87,6.19,6.91,6.68,7.24,8.0,8.44,8.75,8.91,8.87,8.55,7.01,4.53,4.38,4.32,4.24,4.05,3.8,3.5,3.18,2.86,2.51,2.18,1.94,1.85,1.57,1.3,0.79,0.56,0.96,3.19,5.28,6.46,7.01,7.17,6.09,3.88,3.64,3.25,2.9,2.69,2.58,2.51,2.4,2.35,2.32,2.29,2.28,2.26,2.03,1.98,1.59,1.66,2.31,3.0,4.01,4.79,5.23,5.39,4.69,3.25,3.4,3.44,3.46,3.46,3.42,3.35
283,3.62,3.3,3.09,2.96,2.8,2.62,2.3,2.58,1.99,1.62,1.88,2.58,3.34,4.0,4.53,4.82,4.54,3.0,2.96,2.66,2.25,1.7,1.08,0.75,0.86,1.14,1.5,1.89,2.3,2.72,2.82,3.64,3.24,2.98,2.7,2.5,2.8,3.29,3.67,3.99,4.03,3.41,5.19,6.77,7.19,7.23,7.04,6.73,6.39,6.04,5.75,5.5,5.34,5.17,5.44,6.39,6.8,6.53,5.36,3.99,2.78,1.94,1.42,1.15,0.97,1.01,1.44,2.0,2.57,3.1,3.5,3.8,4.16,4.66,5.17,5.57,5.75,5.87,6.19,6.91,6.68,7.24,8.0,8.44,8.75,8.91,8.87,8.55,7.01,4.53,4.38,4.32,4.24,4.05,3.8,3.5,3.18,2.86,2.51,2.18,1.94,1.85,1.57,1.3,0.79,0.56,0.96,3.19,5.28,6.46,7.01,7.17,6.09,3.88,3.64,3.25,2.9,2.69,2.58,2.51,2.4,2.35,2.32,2.29,2.28,2.26,2.03,1.98,1.59,1.66,2.31,3.0,4.01,4.79,5.23,5.39,4.69,3.25,3.4,3.44,3.46,3.46,3.42,3.35,3.28,3.32,3.31,3.18,3.04,2.99,2.98,4.21,3.52,2.56,1.29,1.45,1.76,2.05,2.31,2.57,2.5,2.68,3.17,3.44,3.63,3.74,4.14,4.78
284,0.86,1.14,1.5,1.89,2.3,2.72,2.82,3.64,3.24,2.98,2.7,2.5,2.8,3.29,3.67,3.99,4.03,3.41,5.19,6.77,7.19,7.23,7.04,6.73,6.39,6.04,5.75,5.5,5.34,5.17,5.44,6.39,6.8,6.53,5.36,3.99,2.78,1.94,1.42,1.15,0.97,1.01,1.44,2.0,2.57,3.1,3.5,3.8,4.16,4.66,5.17,5.57,5.75,5.87,6.19,6.91,6.68,7.24,8.0,8.44,8.75,8.91,8.87,8.55,7.01,4.53,4.38,4.32,4.24,4.05,3.8,3.5,3.18,2.86,2.51,2.18,1.94,1.85,1.57,1.3,0.79,0.56,0.96,3.19,5.28,6.46,7.01,7.17,6.09,3.88,3.64,3.25,2.9,2.69,2.58,2.51,2.4,2.35,2.32,2.29,2.28,2.26,2.03,1.98,1.59,1.66,2.31,3.0,4.01,4.79,5.23,5.39,4.69,3.25,3.4,3.44,3.46,3.46,3.42,3.35,3.28,3.32,3.31,3.18,3.04,2.99,2.98,4.21,3.52,2.56,1.29,1.45,1.76,2.05,2.31,2.57,2.5,2.68,3.17,3.44,3.63,3.74,4.14,4.78,5.59,5.98,6.21,5.74,5.37,5.3,5.49,6.8,8.23,7.36,5.77,4.92,4.79,4.96,5.21,5.51,5.21,3.79,4.75,6.21,6.49,6.67,7.13,7.21
285,6.39,6.04,5.75,5.5,5.34,5.17,5.44,6.39,6.8,6.53,5.36,3.99,2.78,1.94,1.42,1.15,0.97,1.01,1.44,2.0,2.57,3.1,3.5,3.8,4.16,4.66,5.17,5.57,5.75,5.87,6.19,6.91,6.68,7.24,8.0,8.44,8.75,8.91,8.87,8.55,7.01,4.53,4.38,4.32,4.24,4.05,3.8,3.5,3.18,2.86,2.51,2.18,1.94,1.85,1.57,1.3,0.79,0.56,0.96,3.19,5.28,6.46,7.01,7.17,6.09,3.88,3.64,3.25,2.9,2.69,2.58,2.51,2.4,2.35,2.32,2.29,2.28,2.26,2.03,1.98,1.59,1.66,2.31,3.0,4.01,4.79,5.23,5.39,4.69,3.25,3.4,3.44,3.46,3.46,3.42,3.35,3.28,3.32,3.31,3.18,3.04,2.99,2.98,4.21,3.52,2.56,1.29,1.45,1.76,2.05,2.31,2.57,2.5,2.68,3.17,3.44,3.63,3.74,4.14,4.78,5.59,5.98,6.21,5.74,5.37,5.3,5.49,6.8,8.23,7.36,5.77,4.92,4.79,4.96,5.21,5.51,5.21,3.79,4.75,6.21,6.49,6.67,7.13,7.21,7.35,8.28,8.09,7.23,5.99,5.73,5.93,6.38,7.53,8.64,7.92,6.91,5.97,5.11,4.56,4.35,3.08,3.16,3.86,4.67,5.45,5.92,6.07,5.94
286,4.16,4.66,5.17,5.57,5.75,5.87,6.19,6.91,6.68,7.24,8.0,8.44,8.75,8.91,8.87,8.55,7.01,4.53,4.38,4.32,4.24,4.05,3.8,3.5,3.18,2.86,2.51,2.18,1.94,1.85,1.57,1.3,0.79,0.56,0.96,3.19,5.28,6.46,7.01,7.17,6.09,3.88,3.64,3.25,2.9,2.69,2.58,2.51,2.4,2.35,2.32,2.29,2.28,2.26,2.03,1.98,1.59,1.66,2.31,3.0,4.01,4.79,5.23,5.39,4.69,3.25,3.4,3.44,3.46,3.46,3.42,3.35,3.28,3.32,3.31,3.18,3.04,2.99,2.98,4.21,3.52,2.56,1.29,1.45,1.76,2.05,2.31,2.57,2.5,2.68,3.17,3.44,3.63,3.74,4.14,4.78,5.59,5.98,6.21,5.74,5.37,5.3,5.49,6.8,8.23,7.36,5.77,4.92,4.79,4.96,5.21,5.51,5.21,3.79,4.75,6.21,6.49,6.67,7.13,7.21,7.35,8.28,8.09,7.23,5.99,5.73,5.93,6.38,7.53,8.64,7.92,6.91,5.97,5.11,4.56,4.35,3.08,3.16,3.86,4.67,5.45,5.92,6.07,5.94,5.74,5.6,5.53,5.28,4.78,4.31,4.17,5.44,5.24,5.36,3.95,2.76,2.5,2.37,2.32,2.48,2.54,3.15,4.05,4.86,5.3,4.96,4.42,4.07
287,3.18,2.86,2.51,2.18,1.94,1.85,1.57,1.3,0.79,0.56,0.96,3.19,5.28,6.46,7.01,7.17,6.09,3.88,3.64,3.25,2.9,2.69,2.58,2.51,2.4,2.35,2.32,2.29,2.28,2.26,2.03,1.98,1.59,1.66,2.31,3.0,4.01,4.79,5.23,5.39,4.69,3.25,3.4,3.44,3.46,3.46,3.42,3.35,3.28,3.32,3.31,3.18,3.04,2.99,2.98,4.21,3.52,2.56,1.29,1.45,1.76,2.05,2.31,2.57,2.5,2.68,3.17,3.44,3.63,3.74,4.14,4.78,5.59,5.98,6.21,5.74,5.37,5.3,5.49,6.8,8.23,7.36,5.77,4.92,4.79,4.96,5.21,5.51,5.21,3.79,4.75,6.21,6.49,6.67,7.13,7.21,7.35,8.28,8.09,7.23,5.99,5.73,5.93,6.38,7.53,8.64,7.92,6.91,5.97,5.11,4.56,4.35,3.08,3.16,3.86,4.67,5.45,5.92,6.07,5.94,5.74,5.6,5.53,5.28,4.78,4.31,4.17,5.44,5.24,5.36,3.95,2.76,2.5,2.37,2.32,2.48,2.54,3.15,4.05,4.86,5.3,4.96,4.42,4.07,4.05,4.33,4.47,4.37,4.18,4.02,4.05,5.1,4.34,4.05,3.39,2.24,1.29,0.57,0.11,0.86,1.45,2.39,2.97,3.05,2.87,2.6,2.3,2.06
288,2.4,2.35,2.32,2.29,2.28,2.26,2.03,1.98,1.59,1.66,2.31,3.0,4.01,4.79,5.23,5.39,4.69,3.25,3.4,3.44,3.46,3.46,3.42,3.35,3.28,3.32,3.31,3.18,3.04,2.99,2.98,4.21,3.52,2.56,1.29,1.45,1.76,2.05,2.31,2.57,2.5,2.68,3.17,3.44,3.63,3.74,4.14,4.78,5.59,5.98,6.21,5.74,5.37,5.3,5.49,6.8,8.23,7.36,5.77,4.92,4.79,4.96,5.21,5.51,5.21,3.79,4.75,6.21,6.49,6.67,7.13,7.21,7.35,8.28,8.09,7.23,5.99,5.73,5.93,6.38,7.53,8.64,7.92,6.91,5.97,5.11,4.56,4.35,3.08,3.16,3.86,4.67,5.45,5.92,6.07,5.94,5.74,5.6,5.53,5.28,4.78,4.31,4.17,5.44,5.24,5.36,3.95,2.76,2.5,2.37,2.32,2.48,2.54,3.15,4.05,4.86,5.3,4.96,4.42,4.07,4.05,4.33,4.47,4.37,4.18,4.02,4.05,5.1,4.34,4.05,3.39,2.24,1.29,0.57,0.11,0.86,1.45,2.39,2.97,3.05,2.87,2.6,2.3,2.06,1.93,1.85,1.77,1.56,1.28,1.04,0.94,0.96,1.26,1.14,1.96,2.31,2.89,3.37,3.6,3.48,2.29,2.11,1.83,1.28,0.8,0.78,1.15,1.63
289,3.28,3.32,3.31,3.18,3.04,2.99,2.98,4.21,3.52,2.56,1.29,1.45,1.76,2.05,2.31,2.57,2.5,2.68,3.17,3.44,3.63,3.74,4.14,4.78,5.59,5.98,6.21,5.74,5.37,5.3,5.49,6.8,8.23,7.36,5.77,4.92,4.79,4.96,5.21,5.51,5.21,3.79,4.75,6.21,6.49,6.67,7.13,7.21,7.35,8.28,8.09,7.23,5.99,5.73,5.93,6.38,7.53,8.64,7.92,6.91,5.97,5.11,4.56,4.35,3.08,3.16,3.86,4.67,5.45,5.92,6.07,5.94,5.74,5.6,5.53,5.28,4.78,4.31,4.17,5.44,5.24,5.36,3.95,2.76,2.5,2.37,2.32,2.48,2.54,3.15,4.05,4.86,5.3,4.96,4.42,4.07,4.05,4.33,4.47,4.37,4.18,4.02,4.05,5.1,4.34,4.05,3.39,2.24,1.29,0.57,0.11,0.86,1.45,2.39,2.97,3.05,2.87,2.6,2.3,2.06,1.93,1.85,1.77,1.56,1.28,1.04,0.94,0.96,1.26,1.14,1.96,2.31,2.89,3.37,3.6,3.48,2.29,2.11,1.83,1.28,0.8,0.78,1.15,1.63,2.12,2.57,2.96,3.24,3.4,3.48,3.45,3.48,3.9,2.65,1.31,0.64,1.54,2.28,2.8,3.19,2.56,3.1,3.48,3.64,3.76,3.88,4.01,4.2
290,5.59,5.98,6.21,5.74,5.37,5.3,5.49,6.8,8.23,7.36,5.77,4.92,4.79,4.96,5.21,5.51,5.21,3.79,4.75,6.21,6.49,6.67,7.13,7.21,7.35,8.28,8.09,7.23,5.99,5.73,5.93,6.38,7.53,8.64,7.92,6.91,5.97,5.11,4.56,4.35,3.08,3.16,3.86,4.67,5.45,5.92,6.07,5.94,5.74,5.6,5.53,5.28,4.78,4.31,4.17,5.44,5.24,5.36,3.95,2.76,2.5,2.37,2.32,2.48,2.54,3.15,4.05,4.86,5.3,4.96,4.42,4.07,4.05,4.33,4.47,4.37,4.18,4.02,4.05,5.1,4.34,4.05,3.39,2.24,1.29,0.57,0.11,0.86,1.45,2.39,2.97,3.05,2.87,2.6,2.3,2.06,1.93,1.85,1.77,1.56,1.28,1.04,0.94,0.96,1.26,1.14,1.96,2.31,2.89,3.37,3.6,3.48,2.29,2.11,1.83,1.28,0.8,0.78,1.15,1.63,2.12,2.57,2.96,3.24,3.4,3.48,3.45,3.48,3.9,2.65,1.31,0.64,1.54,2.28,2.8,3.19,2.56,3.1,3.48,3.64,3.76,3.88,4.01,4.2,4.48,4.75,4.9,4.97,4.97,4.83,4.75,5.64,5.15,4.81,4.43,3.35,2.05,1.89,2.9,4.02,4.07,4.25,5.3,5.65,5.51,5.63,6.06,6.02
291,7.35,8.28,8.09,7.23,5.99,5.73,5.93,6.38,7.53,8.64,7.92,6.91,5.97,5.11,4.56,4.35,3.08,3.16,3.86,4.67,5.45,5.92,6.07,5.94,5.74,5.6,5.53,5.28,4.78,4.31,4.17,5.44,5.24,5.36,3.95,2.76,2.5,2.37,2.32,2.48,2.54,3.15,4.05,4.86,5.3,4.96,4.42,4.07,4.05,4.33,4.47,4.37,4.18,4.02,4.05,5.1,4.34,4.05,3.39,2.24,1.29,0.57,0.11,0.86,1.45,2.39,2.97,3.05,2.87,2.6,2.3,2.06,1.93,1.85,1.77,1.56,1.28,1.04,0.94,0.96,1.26,1.14,1.96,2.31,2.89,3.37,3.6,3.48,2.29,2.11,1.83,1.28,0.8,0.78,1.15,1.63,2.12,2.57,2.96,3.24,3.4,3.48,3.45,3.48,3.9,2.65,1.31,0.64,1.54,2.28,2.8,3.19,2.56,3.1,3.48,3.64,3.76,3.88,4.01,4.2,4.48,4.75,4.9,4.97,4.97,4.83,4.75,5.64,5.15,4.81,4.43,3.35,2.05,1.89,2.9,4.02,4.07,4.25,5.3,5.65,5.51,5.63,6.06,6.02,6.07,6.11,6.21,6.38,6.53,6.51,6.3,6.79,6.55,6.83,6.07,5.11,4.38,4.09,4.13,4.52,4.72,3.81,4.74,5.39,4.96,4.59,4.83,4.6
292,5.74,5.6,5.53,5.28,4.78,4.31,4.17,5.44,5.24,5.36,3.95,2.76,2.5,2.37,2.32,2.48,2.54,3.15,4.05,4.86,5.3,4.96,4.42,4.07,4.05,4.33,4.47,4.37,4.18,4.02,4.05,5.1,4.34,4.05,3.39,2.24,1.29,0.57,0.11,0.86,1.45,2.39,2.97,3.05,2.87,2.6,2.3,2.06,1.93,1.85,1.77,1.56,1.28,1.04,0.94,0.96,1.26,1.14,1.96,2.31,2.89,3.37,3.6,3.48,2.29,2.11,1.83,1.28,0.8,0.78,1.15,1.63,2.12,2.57,2.96,3.24,3.4,3.48,3.45,3.48,3.9,2.65,1.31,0.64,1.54,2.28,2.8,3.19,2.56,3.1,3.48,3.64,3.76,3.88,4.01,4.2,4.48,4.75,4.9,4.97,4.97,4.83,4.75,5.64,5.15,4.81,4.43,3.35,2.05,1.89,2.9,4.02,4.07,4.25,5.3,5.65,5.51,5.63,6.06,6.02,6.07,6.11,6.21,6.38,6.53,6.51,6.3,6.79,6.55,6.83,6.07,5.11,4.38,4.09,4.13,4.52,4.72,3.81,4.74,5.39,4.96,4.59,4.83,4.6,4.11,3.98,3.85,3.62,3.42,3.3,3.2,4.22,3.99,3.46,2.98,2.28,2.35,2.55,2.75,2.85,2.37,2.08,2.39,2.81,3.21,3.54,3.88,4.29
293,4.05,4.33,4.47,4.37,4.18,4.02,4.05,5.1,4.34,4.05,3.39,2.24,1.29,0.57,0.11,0.86,1.45,2.39,2.97,3.05,2.87,2.6,2.3,2.06,1.93,1.85,1.77,1.56,1.28,1.04,0.94,0.96,1.26,1.14,1.96,2.31,2.89,3.37,3.6,3.48,2.29,2.11,1.83,1.28,0.8,0.78,1.15,1.63,2.12,2.57,2.96,3.24,3.4,3.48,3.45,3.48,3.9,2.65,1.31,0.64,1.54,2.28,2.8,3.19,2.56,3.1,3.48,3.64,3.76,3.88,4.01,4.2,4.48,4.75,4.9,4.97,4.97,4.83,4.75,5.64,5.15,4.81,4.43,3.35,2.05,1.89,2.9,4.02,4.07,4.25,5.3,5.65,5.51,5.63,6.06,6.02,6.07,6.11,6.21,6.38,6.53,6.51,6.3,6.79,6.55,6.83,6.07,5.11,4.38,4.09,4.13,4.52,4.72,3.81,4.74,5.39,4.96,4.59,4.83,4.6,4.11,3.98,3.85,3.62,3.42,3.3,3.2,4.22,3.99,3.46,2.98,2.28,2.35,2.55,2.75,2.85,2.37,2.08,2.39,2.81,3.21,3.54,3.88,4.29,4.7,4.99,5.14,5.16,5.21,5.41,6.11,7.41,7.34,7.56,6.76,5.6,4.55,3.8,3.39,3.26,2.83,3.12,4.26,5.93,6.67,6.69,6.57,6.36
294,1.93,1.85,1.77,1.56,1.28,1.04,0.94,0.96,1.26,1.14,1.96,2.31,2.89,3.37,3.6,3.48,2.29,2.11,1.83,1.28,0.8,0.78,1.15,1.63,2.12,2.57,2.96,3.24,3.4,3.48,3.45,3.48,3.9,2.65,1.31,0.64,1.54,2.28,2.8,3.19,2.56,3.1,3.48,3.64,3.76,3.88,4.01,4.2,4.48,4.75,4.9,4.97,4.97,4.83,4.75,5.64,5.15,4.81,4.43,3.35,2.05,1.89,2.9,4.02,4.07,4.25,5.3,5.65,5.51,5.63,6.06,6.02,6.07,6.11,6.21,6.38,6.53,6.51,6.3,6.79,6.55,6.83,6.07,5.11,4.38,4.09,4.13,4.52,4.72,3.81,4.74,5.39,4.96,4.59,4.83,4.6,4.11,3.98,3.85,3.62,3.42,3.3,3.2,4.22,3.99,3.46,2.98,2.28,2.35,2.55,2.75,2.85,2.37,2.08,2.39,2.81,3.21,3.54,3.88,4.29,4.7,4.99,5.14,5.16,5.21,5.41,6.11,7.41,7.34,7.56,6.76,5.6,4.55,3.8,3.39,3.26,2.83,3.12,4.26,5.93,6.67,6.69,6.57,6.36,6.28,6.1,5.92,5.46,5.24,4.83,4.76,5.82,5.47,6.21,5.46,4.67,4.31,4.28,4.47,4.88,4.75,4.21,5.9,7.02,6.77,6.54,5.69,5.1
295,2.12,2.57,2.96,3.24,3.4,3.48,3.45,3.48,3.9,2.65,1.31,0.64,1.54,2.28,2.8,3.19,2.56,3.1,3.48,3.64,3.76,3.88,4.01,4.2,4.48,4.75,4.9,4.97,4.97,4.83,4.75,5.64,5.15,4.81,4.43,3.35,2.05,1.89,2.9,4.02,4.07,4.25,5.3,5.65,5.51,5.63,6.06,6.02,6.07,6.11,6.21,6.38,6.53,6.51,6.3,6.79,6.55,6.83,6.07,5.11,4.38,4.09,4.13,4.52,4.72,3.81,4.74,5.39,4.96,4.59,4.83,4.6,4.11,3.98,3.85,3.62,3.42,3.3,3.2,4.22,3.99,3.46,2.98,2.28,2.35,2.55,2.75,2.85,2.37,2.08,2.39,2.81,3.21,3.54,3.88,4.29,4.7,4.99,5.14,5.16,5.21,5.41,6.11,7.41,7.34,7.56,6.76,5.6,4.55,3.8,3.39,3.26,2.83,3.12,4.26,5.93,6.67,6.69,6.57,6.36,6.28,6.1,5.92,5.46,5.24,4.83,4.76,5.82,5.47,6.21,5.46,4.67,4.31,4.28,4.47,4.88,4.75,4.21,5.9,7.02,6.77,6.54,5.69,5.1,5.21,4.13,4.14,4.32,4.35,4.34,4.54,5.82,5.6,7.7,7.75,7.58,7.59,7.76,7.94,8.17,7.76,5.92,6.88,7.77,7.68,7.05,6.52,6.32
296,4.48,4.75,4.9,4.97,4.97,4.83,4.75,5.64,5.15,4.81,4.43,3.35,2.05,1.89,2.9,4.02,4.07,4.25,5.3,5.65,5.51,5.63,6.06,6.02,6.07,6.11,6.21,6.38,6.53,6.51,6.3,6.79,6.55,6.83,6.07,5.11,4.38,4.09,4.13,4.52,4.72,3.81,4.74,5.39,4.96,4.59,4.83,4.6,4.11,3.98,3.85,3.62,3.42,3.3,3.2,4.22,3.99,3.46,2.98,2.28,2.35,2.55,2.75,2.85,2.37,2.08,2.39,2.81,3.21,3.54,3.88,4.29,4.7,4.99,5.14,5.16,5.21,5.41,6.11,7.41,7.34,7.56,6.76,5.6,4.55,3.8,3.39,3.26,2.83,3.12,4.26,5.93,6.67,6.69,6.57,6.36,6.28,6.1,5.92,5.46,5.24,4.83,4.76,5.82,5.47,6.21,5.46,4.67,4.31,4.28,4.47,4.88,4.75,4.21,5.9,7.02,6.77,6.54,5.69,5.1,5.21,4.13,4.14,4.32,4.35,4.34,4.54,5.82,5.6,7.7,7.75,7.58,7.59,7.76,7.94,8.17,7.76,5.92,6.88,7.77,7.68,7.05,6.52,6.32,6.25,6.06,5.8,5.89,5.98,6.07,6.19,6.77,7.22,7.99,7.35,6.12,4.92,4.24,3.99,3.96,2.85,3.61,4.9,6.02,6.69,6.94,6.93,6.69
297,6.07,6.11,6.21,6.38,6.53,6.51,6.3,6.79,6.55,6.83,6.07,5.11,4.38,4.09,4.13,4.52,4.72,3.81,4.74,5.39,4.96,4.59,4.83,4.6,4.11,3.98,3.85,3.62,3.42,3.3,3.2,4.22,3.99,3.46,2.98,2.28,2.35,2.55,2.75,2.85,2.37,2.08,2.39,2.81,3.21,3.54,3.88,4.29,4.7,4.99,5.14,5.16,5.21,5.41,6.11,7.41,7.34,7.56,6.76,5.6,4.55,3.8,3.39,3.26,2.83,3.12,4.26,5.93,6.67,6.69,6.57,6.36,6.28,6.1,5.92,5.46,5.24,4.83,4.76,5.82,5.47,6.21,5.46,4.67,4.31,4.28,4.47,4.88,4.75,4.21,5.9,7.02,6.77,6.54,5.69,5.1,5.21,4.13,4.14,4.32,4.35,4.34,4.54,5.82,5.6,7.7,7.75,7.58,7.59,7.76,7.94,8.17,7.76,5.92,6.88,7.77,7.68,7.05,6.52,6.32,6.25,6.06,5.8,5.89,5.98,6.07,6.19,6.77,7.22,7.99,7.35,6.12,4.92,4.24,3.99,3.96,2.85,3.61,4.9,6.02,6.69,6.94,6.93,6.69,6.8,6.76,6.6,6.39,6.14,5.87,5.64,6.17,5.57,6.39,6.06,4.76,4.24,4.21,4.45,4.96,4.86,5.6,7.81,8.45,7.78,7.32,7.09,6.68
298,4.11,3.98,3.85,3.62,3.42,3.3,3.2,4.22,3.99,3.46,2.98,2.28,2.35,2.55,2.75,2.85,2.37,2.08,2.39,2.81,3.21,3.54,3.88,4.29,4.7,4.99,5.14,5.16,5.21,5.41,6.11,7.41,7.34,7.56,6.76,5.6,4.55,3.8,3.39,3.26,2.83,3.12,4.26,5.93,6.67,6.69,6.57,6.36,6.28,6.1,5.92,5.46,5.24,4.83,4.76,5.82,5.47,6.21,5.46,4.67,4.31,4.28,4.47,4.88,4.75,4.21,5.9,7.02,6.77,6.54,5.69,5.1,5.21,4.13,4.14,4.32,4.35,4.34,4.54,5.82,5.6,7.7,7.75,7.58,7.59,7.76,7.94,8.17,7.76,5.92,6.88,7.77,7.68,7.05,6.52,6.32,6.25,6.06,5.8,5.89,5.98,6.07,6.19,6.77,7.22,7.99,7.35,6.12,4.92,4.24,3.99,3.96,2.85,3.61,4.9,6.02,6.69,6.94,6.93,6.69,6.8,6.76,6.6,6.39,6.14,5.87,5.64,6.17,5.57,6.39,6.06,4.76,4.24,4.21,4.45,4.96,4.86,5.6,7.81,8.45,7.78,7.32,7.09,6.68,6.34,6.02,5.55,5.1,4.64,4.53,5.08,6.02,5.72,6.16,6.23,5.75,5.4,5.17,5.1,5.21,4.36,4.11,5.54,6.84,7.37,7.58,7.61,7.51
299,4.7,4.99,5.14,5.16,5.21,5.41,6.11,7.41,7.34,7.56,6.76,5.6,4.55,3.8,3.39,3.26,2.83,3.12,4.26,5.93,6.67,6.69,6.57,6.36,6.28,6.1,5.92,5.46,5.24,4.83,4.76,5.82,5.47,6.21,5.46,4.67,4.31,4.28,4.47,4.88,4.75,4.21,5.9,7.02,6.77,6.54,5.69,5.1,5.21,4.13,4.14,4.32,4.35,4.34,4.54,5.82,5.6,7.7,7.75,7.58,7.59,7.76,7.94,8.17,7.76,5.92,6.88,7.77,7.68,7.05,6.52,6.32,6.25,6.06,5.8,5.89,5.98,6.07,6.19,6.77,7.22,7.99,7.35,6.12,4.92,4.24,3.99,3.96,2.85,3.61,4.9,6.02,6.69,6.94,6.93,6.69,6.8,6.76,6.6,6.39,6.14,5.87,5.64,6.17,5.57,6.39,6.06,4.76,4.24,4.21,4.45,4.96,4.86,5.6,7.81,8.45,7.78,7.32,7.09,6.68,6.34,6.02,5.55,5.1,4.64,4.53,5.08,6.02,5.72,6.16,6.23,5.75,5.4,5.17,5.1,5.21,4.36,4.11,5.54,6.84,7.37,7.58,7.61,7.51,6.72,6.4,6.12,5.84,5.67,5.65,5.68,6.33,5.84,6.05,5.07,3.59,2.71,2.04,1.47,1.12,0.94,1.59,2.14,2.45,2.49,2.38,2.25,2.2
300,6.28,6.1,5.92,5.46,5.24,4.83,4.76,5.82,5.47,6.21,5.46,4.67,4.31,4.28,4.47,4.88,4.75,4.21,5.9,7.02,6.77,6.54,5.69,5.1,5.21,4.13,4.14,4.32,4.35,4.34,4.54,5.82,5.6,7.7,7.75,7.58,7.59,7.76,7.94,8.17,7.76,5.92,6.88,7.77,7.68,7.05,6.52,6.32,6.25,6.06,5.8,5.89,5.98,6.07,6.19,6.77,7.22,7.99,7.35,6.12,4.92,4.24,3.99,3.96,2.85,3.61,4.9,6.02,6.69,6.94,6.93,6.69,6.8,6.76,6.6,6.39,6.14,5.87,5.64,6.17,5.57,6.39,6.06,4.76,4.24,4.21,4.45,4.96,4.86,5.6,7.81,8.45,7.78,7.32,7.09,6.68,6.34,6.02,5.55,5.1,4.64,4.53,5.08,6.02,5.72,6.16,6.23,5.75,5.4,5.17,5.1,5.21,4.36,4.11,5.54,6.84,7.37,7.58,7.61,7.51,6.72,6.4,6.12,5.84,5.67,5.65,5.68,6.33,5.84,6.05,5.07,3.59,2.71,2.04,1.47,1.12,0.94,1.59,2.14,2.45,2.49,2.38,2.25,2.2,2.28,2.35,2.24,2.05,1.91,1.92,2.07,2.11,2.86,2.45,3.4,4.41,5.32,5.78,5.79,5.43,3.51,3.09,3.08,2.96,2.78,2.52,2.21,1.82
301,5.21,4.13,4.14,4.32,4.35,4.34,4.54,5.82,5.6,7.7,7.75,7.58,7.59,7.76,7.94,8.17,7.76,5.92,6.88,7.77,7.68,7.05,6.52,6.32,6.25,6.06,5.8,5.89,5.98,6.07,6.19,6.77,7.22,7.99,7.35,6.12,4.92,4.24,3.99,3.96,2.85,3.61,4.9,6.02,6.69,6.94,6.93,6.69,6.8,6.76,6.6,6.39,6.14,5.87,5.64,6.17,5.57,6.39,6.06,4.76,4.24,4.21,4.45,4.96,4.86,5.6,7.81,8.45,7.78,7.32,7.09,6.68,6.34,6.02,5.55,5.1,4.64,4.53,5.08,6.02,5.72,6.16,6.23,5.75,5.4,5.17,5.1,5.21,4.36,4.11,5.54,6.84,7.37,7.58,7.61,7.51,6.72,6.4,6.12,5.84,5.67,5.65,5.68,6.33,5.84,6.05,5.07,3.59,2.71,2.04,1.47,1.12,0.94,1.59,2.14,2.45,2.49,2.38,2.25,2.2,2.28,2.35,2.24,2.05,1.91,1.92,2.07,2.11,2.86,2.45,3.4,4.41,5.32,5.78,5.79,5.43,3.51,3.09,3.08,2.96,2.78,2.52,2.21,1.82,1.35,0.85,0.58,0.84,1.38,1.97,2.47,2.58,3.93,3.81,4.72,4.92,4.97,4.89,4.68,4.31,2.52,2.34,2.04,1.61,1.36,1.69,2.5,3.2
302,6.25,6.06,5.8,5.89,5.98,6.07,6.19,6.77,7.22,7.99,7.35,6.12,4.92,4.24,3.99,3.96,2.85,3.61,4.9,6.02,6.69,6.94,6.93,6.69,6.8,6.76,6.6,6.39,6.14,5.87,5.64,6.17,5.57,6.39,6.06,4.76,4.24,4.21,4.45,4.96,4.86,5.6,7.81,8.45,7.78,7.32,7.09,6.68,6.34,6.02,5.55,5.1,4.64,4.53,5.08,6.02,5.72,6.16,6.23,5.75,5.4,5.17,5.1,5.21,4.36,4.11,5.54,6.84,7.37,7.58,7.61,7.51,6.72,6.4,6.12,5.84,5.67,5.65,5.68,6.33,5.84,6.05,5.07,3.59,2.71,2.04,1.47,1.12,0.94,1.59,2.14,2.45,2.49,2.38,2.25,2.2,2.28,2.35,2.24,2.05,1.91,1.92,2.07,2.11,2.86,2.45,3.4,4.41,5.32,5.78,5.79,5.43,3.51,3.09,3.08,2.96,2.78,2.52,2.21,1.82,1.35,0.85,0.58,0.84,1.38,1.97,2.47,2.58,3.93,3.81,4.72,4.92,4.97,4.89,4.68,4.31,2.52,2.34,2.04,1.61,1.36,1.69,2.5,3.2,3.7,3.95,4.29,4.76,5.12,5.34,5.16,6.38,6.48,6.18,6.27,6.12,5.92,5.42,4.47,2.47,1.88,1.52,1.47,1.75,2.12,2.65,3.04,3.27
303,6.8,6.76,6.6,6.39,6.14,5.87,5.64,6.17,5.57,6.39,6.06,4.76,4.24,4.21,4.45,4.96,4.86,5.6,7.81,8.45,7.78,7.32,7.09,6.68,6.34,6.02,5.55,5.1,4.64,4.53,5.08,6.02,5.72,6.16,6.23,5.75,5.4,5.17,5.1,5.21,4.36,4.11,5.54,6.84,7.37,7.58,7.61,7.51,6.72,6.4,6.12,5.84,5.67,5.65,5.68,6.33,5.84,6.05,5.07,3.59,2.71,2.04,1.47,1.12,0.94,1.59,2.14,2.45,2.49,2.38,2.25,2.2,2.28,2.35,2.24,2.05,1.91,1.92,2.07,2.11,2.86,2.45,3.4,4.41,5.32,5.78,5.79,5.43,3.51,3.09,3.08,2.96,2.78,2.52,2.21,1.82,1.35,0.85,0.58,0.84,1.38,1.97,2.47,2.58,3.93,3.81,4.72,4.92,4.97,4.89,4.68,4.31,2.52,2.34,2.04,1.61,1.36,1.69,2.5,3.2,3.7,3.95,4.29,4.76,5.12,5.34,5.16,6.38,6.48,6.18,6.27,6.12,5.92,5.42,4.47,2.47,1.88,1.52,1.47,1.75,2.12,2.65,3.04,3.27,3.44,3.56,3.64,3.74,3.98,4.34,4.79,5.67,5.83,5.24,5.11,5.47,5.58,5.32,4.7,3.12,2.5,2.84,3.09,3.39,4.02,4.94,5.65,5.3
304,6.34,6.02,5.55,5.1,4.64,4.53,5.08,6.02,5.72,6.16,6.23,5.75,5.4,5.17,5.1,5.21,4.36,4.11,5.54,6.84,7.37,7.58,7.61,7.51,6.72,6.4,6.12,5.84,5.67,5.65,5.68,6.33,5.84,6.05,5.07,3.59,2.71,2.04,1.47,1.12,0.94,1.59,2.14,2.45,2.49,2.38,2.25,2.2,2.28,2.35,2.24,2.05,1.91,1.92,2.07,2.11,2.86,2.45,3.4,4.41,5.32,5.78,5.79,5.43,3.51,3.09,3.08,2.96,2.78,2.52,2.21,1.82,1.35,0.85,0.58,0.84,1.38,1.97,2.47,2.58,3.93,3.81,4.72,4.92,4.97,4.89,4.68,4.31,2.52,2.34,2.04,1.61,1.36,1.69,2.5,3.2,3.7,3.95,4.29,4.76,5.12,5.34,5.16,6.38,6.48,6.18,6.27,6.12,5.92,5.42,4.47,2.47,1.88,1.52,1.47,1.75,2.12,2.65,3.04,3.27,3.44,3.56,3.64,3.74,3.98,4.34,4.79,5.67,5.83,5.24,5.11,5.47,5.58,5.32,4.7,3.12,2.5,2.84,3.09,3.39,4.02,4.94,5.65,5.3,5.44,5.6,5.55,5.51,5.34,5.02,4.81,5.54,5.16,6.26,6.08,4.41,2.98,2.1,1.87,2.12,1.88,2.55,3.12,3.58,4.0,4.23,4.05,3.61
305,6.72,6.4,6.12,5.84,5.67,5.65,5.68,6.33,5.84,6.05,5.07,3.59,2.71,2.04,1.47,1.12,0.94,1.59,2.14,2.45,2.49,2.38,2.25,2.2,2.28,2.35,2.24,2.05,1.91,1.92,2.07,2.11,2.86,2.45,3.4,4.41,5.32,5.78,5.79,5.43,3.51,3.09,3.08,2.96,2.78,2.52,2.21,1.82,1.35,0.85,0.58,0.84,1.38,1.97,2.47,2.58,3.93,3.81,4.72,4.92,4.97,4.89,4.68,4.31,2.52,2.34,2.04,1.61,1.36,1.69,2.5,3.2,3.7,3.95,4.29,4.76,5.12,5.34,5.16,6.38,6.48,6.18,6.27,6.12,5.92,5.42,4.47,2.47,1.88,1.52,1.47,1.75,2.12,2.65,3.04,3.27,3.44,3.56,3.64,3.74,3.98,4.34,4.79,5.67,5.83,5.24,5.11,5.47,5.58,5.32,4.7,3.12,2.5,2.84,3.09,3.39,4.02,4.94,5.65,5.3,5.44,5.6,5.55,5.51,5.34,5.02,4.81,5.54,5.16,6.26,6.08,4.41,2.98,2.1,1.87,2.12,1.88,2.55,3.12,3.58,4.0,4.23,4.05,3.61,3.38,3.56,3.97,4.53,5.1,5.42,5.97,7.2,7.4,7.74,7.74,7.32,6.66,6.03,5.53,5.1,3.23,3.43,3.65,3.75,3.84,3.97,4.39,4.67
306,2.28,2.35,2.24,2.05,1.91,1.92,2.07,2.11,2.86,2.45,3.4,4.41,5.32,5.78,5.79,5.43,3.51,3.09,3.08,2.96,2.78,2.52,2.21,1.82,1.35,0.85,0.58,0.84,1.38,1.97,2.47,2.58,3.93,3.81,4.72,4.92,4.97,4.89,4.68,4.31,2.52,2.34,2.04,1.61,1.36,1.69,2.5,3.2,3.7,3.95,4.29,4.76,5.12,5.34,5.16,6.38,6.48,6.18,6.27,6.12,5.92,5.42,4.47,2.47,1.88,1.52,1.47,1.75,2.12,2.65,3.04,3.27,3.44,3.56,3.64,3.74,3.98,4.34,4.79,5.67,5.83,5.24,5.11,5.47,5.58,5.32,4.7,3.12,2.5,2.84,3.09,3.39,4.02,4.94,5.65,5.3,5.44,5.6,5.55,5.51,5.34,5.02,4.81,5.54,5.16,6.26,6.08,4.41,2.98,2.1,1.87,2.12,1.88,2.55,3.12,3.58,4.0,4.23,4.05,3.61,3.38,3.56,3.97,4.53,5.1,5.42,5.97,7.2,7.4,7.74,7.74,7.32,6.66,6.03,5.53,5.1,3.23,3.43,3.65,3.75,3.84,3.97,4.39,4.67,4.72,5.09,5.41,5.06,4.43,4.09,3.78,4.49,4.63,4.97,6.66,6.5,6.19,5.79,5.27,4.64,2.83,2.86,2.96,2.96,2.98,3.1,3.2,3.3
307,1.35,0.85,0.58,0.84,1.38,1.97,2.47,2.58,3.93,3.81,4.72,4.92,4.97,4.89,4.68,4.31,2.52,2.34,2.04,1.61,1.36,1.69,2.5,3.2,3.7,3.95,4.29,4.76,5.12,5.34,5.16,6.38,6.48,6.18,6.27,6.12,5.92,5.42,4.47,2.47,1.88,1.52,1.47,1.75,2.12,2.65,3.04,3.27,3.44,3.56,3.64,3.74,3.98,4.34,4.79,5.67,5.83,5.24,5.11,5.47,5.58,5.32,4.7,3.12,2.5,2.84,3.09,3.39,4.02,4.94,5.65,5.3,5.44,5.6,5.55,5.51,5.34,5.02,4.81,5.54,5.16,6.26,6.08,4.41,2.98,2.1,1.87,2.12,1.88,2.55,3.12,3.58,4.0,4.23,4.05,3.61,3.38,3.56,3.97,4.53,5.1,5.42,5.97,7.2,7.4,7.74,7.74,7.32,6.66,6.03,5.53,5.1,3.23,3.43,3.65,3.75,3.84,3.97,4.39,4.67,4.72,5.09,5.41,5.06,4.43,4.09,3.78,4.49,4.63,4.97,6.66,6.5,6.19,5.79,5.27,4.64,2.83,2.86,2.96,2.96,2.98,3.1,3.2,3.3,3.49,3.75,4.0,4.19,4.37,4.43,4.42,5.52,5.74,5.03,4.25,3.36,2.8,2.65,2.89,3.23,2.2,1.72,2.0,2.75,2.77,2.69,2.83,3.06
308,3.7,3.95,4.29,4.76,5.12,5.34,5.16,6.38,6.48,6.18,6.27,6.12,5.92,5.42,4.47,2.47,1.88,1.52,1.47,1.75,2.12,2.65,3.04,3.27,3.44,3.56,3.64,3.74,3.98,4.34,4.79,5.67,5.83,5.24,5.11,5.47,5.58,5.32,4.7,3.12,2.5,2.84,3.09,3.39,4.02,4.94,5.65,5.3,5.44,5.6,5.55,5.51,5.34,5.02,4.81,5.54,5.16,6.26,6.08,4.41,2.98,2.1,1.87,2.12,1.88,2.55,3.12,3.58,4.0,4.23,4.05,3.61,3.38,3.56,3.97,4.53,5.1,5.42,5.97,7.2,7.4,7.74,7.74,7.32,6.66,6.03,5.53,5.1,3.23,3.43,3.65,3.75,3.84,3.97,4.39,4.67,4.72,5.09,5.41,5.06,4.43,4.09,3.78,4.49,4.63,4.97,6.66,6.5,6.19,5.79,5.27,4.64,2.83,2.86,2.96,2.96,2.98,3.1,3.2,3.3,3.49,3.75,4.0,4.19,4.37,4.43,4.42,5.52,5.74,5.03,4.25,3.36,2.8,2.65,2.89,3.23,2.2,1.72,2.0,2.75,2.77,2.69,2.83,3.06,3.14,3.12,3.06,2.95,2.99,3.23,3.46,4.51,4.31,4.1,4.36,3.44,2.26,1.36,0.73,0.53,0.39,0.49,0.81,1.31,1.86,2.35,2.67,2.88
309,3.44,3.56,3.64,3.74,3.98,4.34,4.79,5.67,5.83,5.24,5.11,5.47,5.58,5.32,4.7,3.12,2.5,2.84,3.09,3.39,4.02,4.94,5.65,5.3,5.44,5.6,5.55,5.51,5.34,5.02,4.81,5.54,5.16,6.26,6.08,4.41,2.98,2.1,1.87,2.12,1.88,2.55,3.12,3.58,4.0,4.23,4.05,3.61,3.38,3.56,3.97,4.53,5.1,5.42,5.97,7.2,7.4,7.74,7.74,7.32,6.66,6.03,5.53,5.1,3.23,3.43,3.65,3.75,3.84,3.97,4.39,4.67,4.72,5.09,5.41,5.06,4.43,4.09,3.78,4.49,4.63,4.97,6.66,6.5,6.19,5.79,5.27,4.64,2.83,2.86,2.96,2.96,2.98,3.1,3.2,3.3,3.49,3.75,4.0,4.19,4.37,4.43,4.42,5.52,5.74,5.03,4.25,3.36,2.8,2.65,2.89,3.23,2.2,1.72,2.0,2.75,2.77,2.69,2.83,3.06,3.14,3.12,3.06,2.95,2.99,3.23,3.46,4.51,4.31,4.1,4.36,3.44,2.26,1.36,0.73,0.53,0.39,0.49,0.81,1.31,1.86,2.35,2.67,2.88,2.96,2.97,2.99,3.07,3.19,3.34,3.46,4.34,4.28,3.71,3.13,2.3,1.64,1.12,0.95,1.19,1.3,1.78,2.26,2.61,2.85,2.93,3.01,3.19
310,5.44,5.6,5.55,5.51,5.34,5.02,4.81,5.54,5.16,6.26,6.08,4.41,2.98,2.1,1.87,2.12,1.88,2.55,3.12,3.58,4.0,4.23,4.05,3.61,3.38,3.56,3.97,4.53,5.1,5.42,5.97,7.2,7.4,7.74,7.74,7.32,6.66,6.03,5.53,5.1,3.23,3.43,3.65,3.75,3.84,3.97,4.39,4.67,4.72,5.09,5.41,5.06,4.43,4.09,3.78,4.49,4.63,4.97,6.66,6.5,6.19,5.79,5.27,4.64,2.83,2.86,2.96,2.96,2.98,3.1,3.2,3.3,3.49,3.75,4.0,4.19,4.37,4.43,4.42,5.52,5.74,5.03,4.25,3.36,2.8,2.65,2.89,3.23,2.2,1.72,2.0,2.75,2.77,2.69,2.83,3.06,3.14,3.12,3.06,2.95,2.99,3.23,3.46,4.51,4.31,4.1,4.36,3.44,2.26,1.36,0.73,0.53,0.39,0.49,0.81,1.31,1.86,2.35,2.67,2.88,2.96,2.97,2.99,3.07,3.19,3.34,3.46,4.34,4.28,3.71,3.13,2.3,1.64,1.12,0.95,1.19,1.3,1.78,2.26,2.61,2.85,2.93,3.01,3.19,3.54,4.18,4.62,4.56,4.51,4.46,4.6,5.62,5.18,4.81,4.65,3.83,2.86,1.95,1.2,0.7,0.79,1.52,2.14,2.62,3.0,3.14,3.19,3.31
311,3.38,3.56,3.97,4.53,5.1,5.42,5.97,7.2,7.4,7.74,7.74,7.32,6.66,6.03,5.53,5.1,3.23,3.43,3.65,3.75,3.84,3.97,4.39,4.67,4.72,5.09,5.41,5.06,4.43,4.09,3.78,4.49,4.63,4.97,6.66,6.5,6.19,5.79,5.27,4.64,2.83,2.86,2.96,2.96,2.98,3.1,3.2,3.3,3.49,3.75,4.0,4.19,4.37,4.43,4.42,5.52,5.74,5.03,4.25,3.36,2.8,2.65,2.89,3.23,2.2,1.72,2.0,2.75,2.77,2.69,2.83,3.06,3.14,3.12,3.06,2.95,2.99,3.23,3.46,4.51,4.31,4.1,4.36,3.44,2.26,1.36,0.73,0.53,0.39,0.49,0.81,1.31,1.86,2.35,2.67,2.88,2.96,2.97,2.99,3.07,3.19,3.34,3.46,4.34,4.28,3.71,3.13,2.3,1.64,1.12,0.95,1.19,1.3,1.78,2.26,2.61,2.85,2.93,3.01,3.19,3.54,4.18,4.62,4.56,4.51,4.46,4.6,5.62,5.18,4.81,4.65,3.83,2.86,1.95,1.2,0.7,0.79,1.52,2.14,2.62,3.0,3.14,3.19,3.31,3.56,4.04,4.65,4.71,4.48,4.09,4.05,5.53,5.39,4.96,4.8,3.71,3.13,2.97,3.04,3.31,2.53,3.01,3.45,3.78,4.07,4.45,4.79,4.8
312,4.72,5.09,5.41,5.06,4.43,4.09,3.78,4.49,4.63,4.97,6.66,6.5,6.19,5.79,5.27,4.64,2.83,2.86,2.96,2.96,2.98,3.1,3.2,3.3,3.49,3.75,4.0,4.19,4.37,4.43,4.42,5.52,5.74,5.03,4.25,3.36,2.8,2.65,2.89,3.23,2.2,1.72,2.0,2.75,2.77,2.69,2.83,3.06,3.14,3.12,3.06,2.95,2.99,3.23,3.46,4.51,4.31,4.1,4.36,3.44,2.26,1.36,0.73,0.53,0.39,0.49,0.81,1.31,1.86,2.35,2.67,2.88,2.96,2.97,2.99,3.07,3.19,3.34,3.46,4.34,4.28,3.71,3.13,2.3,1.64,1.12,0.95,1.19,1.3,1.78,2.26,2.61,2.85,2.93,3.01,3.19,3.54,4.18,4.62,4.56,4.51,4.46,4.6,5.62,5.18,4.81,4.65,3.83,2.86,1.95,1.2,0.7,0.79,1.52,2.14,2.62,3.0,3.14,3.19,3.31,3.56,4.04,4.65,4.71,4.48,4.09,4.05,5.53,5.39,4.96,4.8,3.71,3.13,2.97,3.04,3.31,2.53,3.01,3.45,3.78,4.07,4.45,4.79,4.8,4.86,4.83,4.74,4.57,4.26,4.12,3.99,4.91,4.79,4.41,5.03,4.66,4.42,4.57,4.93,5.27,4.25,3.74,4.28,4.5,4.34,4.01,3.73,3.61
313,3.49,3.75,4.0,4.19,4.37,4.43,4.42,5.52,5.74,5.03,4.25,3.36,2.8,2.65,2.89,3.23,2.2,1.72,2.0,2.75,2.77,2.69,2.83,3.06,3.14,3.12,3.06,2.95,2.99,3.23,3.46,4.51,4.31,4.1,4.36,3.44,2.26,1.36,0.73,0.53,0.39,0.49,0.81,1.31,1.86,2.35,2.67,2.88,2.96,2.97,2.99,3.07,3.19,3.34,3.46,4.34,4.28,3.71,3.13,2.3,1.64,1.12,0.95,1.19,1.3,1.78,2.26,2.61,2.85,2.93,3.01,3.19,3.54,4.18,4.62,4.56,4.51,4.46,4.6,5.62,5.18,4.81,4.65,3.83,2.86,1.95,1.2,0.7,0.79,1.52,2.14,2.62,3.0,3.14,3.19,3.31,3.56,4.04,4.65,4.71,4.48,4.09,4.05,5.53,5.39,4.96,4.8,3.71,3.13,2.97,3.04,3.31,2.53,3.01,3.45,3.78,4.07,4.45,4.79,4.8,4.86,4.83,4.74,4.57,4.26,4.12,3.99,4.91,4.79,4.41,5.03,4.66,4.42,4.57,4.93,5.27,4.25,3.74,4.28,4.5,4.34,4.01,3.73,3.61,3.43,3.24,3.14,3.03,2.87,2.71,2.58,2.6,3.15,3.92,5.0,5.46,5.74,6.14,6.49,6.59,5.4,4.08,4.55,4.87,4.95,4.89,4.77,4.65
314,3.14,3.12,3.06,2.95,2.99,3.23,3.46,4.51,4.31,4.1,4.36,3.44,2.26,1.36,0.73,0.53,0.39,0.49,0.81,1.31,1.86,2.35,2.67,2.88,2.96,2.97,2.99,3.07,3.19,3.34,3.46,4.34,4.28,3.71,3.13,2.3,1.64,1.12,0.95,1.19,1.3,1.78,2.26,2.61,2.85,2.93,3.01,3.19,3.54,4.18,4.62,4.56,4.51,4.46,4.6,5.62,5.18,4.81,4.65,3.83,2.86,1.95,1.2,0.7,0.79,1.52,2.14,2.62,3.0,3.14,3.19,3.31,3.56,4.04,4.65,4.71,4.48,4.09,4.05,5.53,5.39,4.96,4.8,3.71,3.13,2.97,3.04,3.31,2.53,3.01,3.45,3.78,4.07,4.45,4.79,4.8,4.86,4.83,4.74,4.57,4.26,4.12,3.99,4.91,4.79,4.41,5.03,4.66,4.42,4.57,4.93,5.27,4.25,3.74,4.28,4.5,4.34,4.01,3.73,3.61,3.43,3.24,3.14,3.03,2.87,2.71,2.58,2.6,3.15,3.92,5.0,5.46,5.74,6.14,6.49,6.59,5.4,4.08,4.55,4.87,4.95,4.89,4.77,4.65,4.52,4.3,4.02,3.65,3.34,3.12,2.91,3.01,2.72,2.16,2.94,3.38,3.65,3.89,4.07,4.15,3.09,3.2,3.45,3.56,3.57,3.56,3.57,3.58
315,2.96,2.97,2.99,3.07,3.19,3.34,3.46,4.34,4.28,3.71,3.13,2.3,1.64,1.12,0.95,1.19,1.3,1.78,2.26,2.61,2.85,2.93,3.01,3.19,3.54,4.18,4.62,4.56,4.51,4.46,4.6,5.62,5.18,4.81,4.65,3.83,2.86,1.95,1.2,0.7,0.79,1.52,2.14,2.62,3.0,3.14,3.19,3.31,3.56,4.04,4.65,4.71,4.48,4.09,4.05,5.53,5.39,4.96,4.8,3.71,3.13,2.97,3.04,3.31,2.53,3.01,3.45,3.78,4.07,4.45,4.79,4.8,4.86,4.83,4.74,4.57,4.26,4.12,3.99,4.91,4.79,4.41,5.03,4.66,4.42,4.57,4.93,5.27,4.25,3.74,4.28,4.5,4.34,4.01,3.73,3.61,3.43,3.24,3.14,3.03,2.87,2.71,2.58,2.6,3.15,3.92,5.0,5.46,5.74,6.14,6.49,6.59,5.4,4.08,4.55,4.87,4.95,4.89,4.77,4.65,4.52,4.3,4.02,3.65,3.34,3.12,2.91,3.01,2.72,2.16,2.94,3.38,3.65,3.89,4.07,4.15,3.09,3.2,3.45,3.56,3.57,3.56,3.57,3.58,3.64,3.68,3.62,3.44,3.26,3.09,2.96,3.28,3.76,3.34,3.25,3.35,3.75,4.13,4.38,4.68,4.07,4.44,6.62,7.68,7.88,7.23,6.6,6.3
316,3.54,4.18,4.62,4.56,4.51,4.46,4.6,5.62,5.18,4.81,4.65,3.83,2.86,1.95,1.2,0.7,0.79,1.52,2.14,2.62,3.0,3.14,3.19,3.31,3.56,4.04,4.65,4.71,4.48,4.09,4.05,5.53,5.39,4.96,4.8,3.71,3.13,2.97,3.04,3.31,2.53,3.01,3.45,3.78,4.07,4.45,4.79,4.8,4.86,4.83,4.74,4.57,4.26,4.12,3.99,4.91,4.79,4.41,5.03,4.66,4.42,4.57,4.93,5.27,4.25,3.74,4.28,4.5,4.34,4.01,3.73,3.61,3.43,3.24,3.14,3.03,2.87,2.71,2.58,2.6,3.15,3.92,5.0,5.46,5.74,6.14,6.49,6.59,5.4,4.08,4.55,4.87,4.95,4.89,4.77,4.65,4.52,4.3,4.02,3.65,3.34,3.12,2.91,3.01,2.72,2.16,2.94,3.38,3.65,3.89,4.07,4.15,3.09,3.2,3.45,3.56,3.57,3.56,3.57,3.58,3.64,3.68,3.62,3.44,3.26,3.09,2.96,3.28,3.76,3.34,3.25,3.35,3.75,4.13,4.38,4.68,4.07,4.44,6.62,7.68,7.88,7.23,6.6,6.3,6.08,5.9,5.71,5.6,5.65,5.81,6.0,6.75,7.92,8.71,7.82,7.19,6.87,6.78,6.83,6.92,5.98,5.26,6.69,7.36,7.4,6.99,6.57,6.3
317,3.56,4.04,4.65,4.71,4.48,4.09,4.05,5.53,5.39,4.96,4.8,3.71,3.13,2.97,3.04,3.31,2.53,3.01,3.45,3.78,4.07,4.45,4.79,4.8,4.86,4.83,4.74,4.57,4.26,4.12,3.99,4.91,4.79,4.41,5.03,4.66,4.42,4.57,4.93,5.27,4.25,3.74,4.28,4.5,4.34,4.01,3.73,3.61,3.43,3.24,3.14,3.03,2.87,2.71,2.58,2.6,3.15,3.92,5.0,5.46,5.74,6.14,6.49,6.59,5.4,4.08,4.55,4.87,4.95,4.89,4.77,4.65,4.52,4.3,4.02,3.65,3.34,3.12,2.91,3.01,2.72,2.16,2.94,3.38,3.65,3.89,4.07,4.15,3.09,3.2,3.45,3.56,3.57,3.56,3.57,3.58,3.64,3.68,3.62,3.44,3.26,3.09,2.96,3.28,3.76,3.34,3.25,3.35,3.75,4.13,4.38,4.68,4.07,4.44,6.62,7.68,7.88,7.23,6.6,6.3,6.08,5.9,5.71,5.6,5.65,5.81,6.0,6.75,7.92,8.71,7.82,7.19,6.87,6.78,6.83,6.92,5.98,5.26,6.69,7.36,7.4,6.99,6.57,6.3,6.23,6.07,5.72,5.52,5.4,5.2,5.12,5.76,5.64,7.6,7.12,6.43,6.02,5.76,5.62,5.45,4.32,3.99,4.81,5.47,5.66,5.73,5.51,5.26
318,4.86,4.83,4.74,4.57,4.26,4.12,3.99,4.91,4.79,4.41,5.03,4.66,4.42,4.57,4.93,5.27,4.25,3.74,4.28,4.5,4.34,4.01,3.73,3.61,3.43,3.24,3.14,3.03,2.87,2.71,2.58,2.6,3.15,3.92,5.0,5.46,5.74,6.14,6.49,6.59,5.4,4.08,4.55,4.87,4.95,4.89,4.77,4.65,4.52,4.3,4.02,3.65,3.34,3.12,2.91,3.01,2.72,2.16,2.94,3.38,3.65,3.89,4.07,4.15,3.09,3.2,3.45,3.56,3.57,3.56,3.57,3.58,3.64,3.68,3.62,3.44,3.26,3.09,2.96,3.28,3.76,3.34,3.25,3.35,3.75,4.13,4.38,4.68,4.07,4.44,6.62,7.68,7.88,7.23,6.6,6.3,6.08,5.9,5.71,5.6,5.65,5.81,6.0,6.75,7.92,8.71,7.82,7.19,6.87,6.78,6.83,6.92,5.98,5.26,6.69,7.36,7.4,6.99,6.57,6.3,6.23,6.07,5.72,5.52,5.4,5.2,5.12,5.76,5.64,7.6,7.12,6.43,6.02,5.76,5.62,5.45,4.32,3.99,4.81,5.47,5.66,5.73,5.51,5.26,4.86,4.45,4.09,3.82,3.62,3.55,3.58,4.9,4.7,4.55,5.1,5.17,5.13,5.22,5.55,5.81,4.89,4.28,5.3,6.29,7.05,7.28,7.0,6.93
319,3.43,3.24,3.14,3.03,2.87,2.71,2.58,2.6,3.15,3.92,5.0,5.46,5.74,6.14,6.49,6.59,5.4,4.08,4.55,4.87,4.95,4.89,4.77,4.65,4.52,4.3,4.02,3.65,3.34,3.12,2.91,3.01,2.72,2.16,2.94,3.38,3.65,3.89,4.07,4.15,3.09,3.2,3.45,3.56,3.57,3.56,3.57,3.58,3.64,3.68,3.62,3.44,3.26,3.09,2.96,3.28,3.76,3.34,3.25,3.35,3.75,4.13,4.38,4.68,4.07,4.44,6.62,7.68,7.88,7.23,6.6,6.3,6.08,5.9,5.71,5.6,5.65,5.81,6.0,6.75,7.92,8.71,7.82,7.19,6.87,6.78,6.83,6.92,5.98,5.26,6.69,7.36,7.4,6.99,6.57,6.3,6.23,6.07,5.72,5.52,5.4,5.2,5.12,5.76,5.64,7.6,7.12,6.43,6.02,5.76,5.62,5.45,4.32,3.99,4.81,5.47,5.66,5.73,5.51,5.26,4.86,4.45,4.09,3.82,3.62,3.55,3.58,4.9,4.7,4.55,5.1,5.17,5.13,5.22,5.55,5.81,4.89,4.28,5.3,6.29,7.05,7.28,7.0,6.93,6.86,6.71,6.42,5.88,5.67,5.67,5.67,6.28,6.37,7.86,7.87,7.7,7.73,7.83,7.89,7.78,6.79,4.92,5.32,5.45,5.11,4.54,4.0,3.63
320,4.52,4.3,4.02,3.65,3.34,3.12,2.91,3.01,2.72,2.16,2.94,3.38,3.65,3.89,4.07,4.15,3.09,3.2,3.45,3.56,3.57,3.56,3.57,3.58,3.64,3.68,3.62,3.44,3.26,3.09,2.96,3.28,3.76,3.34,3.25,3.35,3.75,4.13,4.38,4.68,4.07,4.44,6.62,7.68,7.88,7.23,6.6,6.3,6.08,5.9,5.71,5.6,5.65,5.81,6.0,6.75,7.92,8.71,7.82,7.19,6.87,6.78,6.83,6.92,5.98,5.26,6.69,7.36,7.4,6.99,6.57,6.3,6.23,6.07,5.72,5.52,5.4,5.2,5.12,5.76,5.64,7.6,7.12,6.43,6.02,5.76,5.62,5.45,4.32,3.99,4.81,5.47,5.66,5.73,5.51,5.26,4.86,4.45,4.09,3.82,3.62,3.55,3.58,4.9,4.7,4.55,5.1,5.17,5.13,5.22,5.55,5.81,4.89,4.28,5.3,6.29,7.05,7.28,7.0,6.93,6.86,6.71,6.42,5.88,5.67,5.67,5.67,6.28,6.37,7.86,7.87,7.7,7.73,7.83,7.89,7.78,6.79,4.92,5.32,5.45,5.11,4.54,4.0,3.63,3.41,3.27,3.2,3.24,3.34,3.43,3.47,4.66,4.46,4.7,5.56,5.54,5.47,5.48,5.6,5.76,4.75,4.07,4.9,5.41,5.49,5.27,4.99,4.61
321,3.64,3.68,3.62,3.44,3.26,3.09,2.96,3.28,3.76,3.34,3.25,3.35,3.75,4.13,4.38,4.68,4.07,4.44,6.62,7.68,7.88,7.23,6.6,6.3,6.08,5.9,5.71,5.6,5.65,5.81,6.0,6.75,7.92,8.71,7.82,7.19,6.87,6.78,6.83,6.92,5.98,5.26,6.69,7.36,7.4,6.99,6.57,6.3,6.23,6.07,5.72,5.52,5.4,5.2,5.12,5.76,5.64,7.6,7.12,6.43,6.02,5.76,5.62,5.45,4.32,3.99,4.81,5.47,5.66,5.73,5.51,5.26,4.86,4.45,4.09,3.82,3.62,3.55,3.58,4.9,4.7,4.55,5.1,5.17,5.13,5.22,5.55,5.81,4.89,4.28,5.3,6.29,7.05,7.28,7.0,6.93,6.86,6.71,6.42,5.88,5.67,5.67,5.67,6.28,6.37,7.86,7.87,7.7,7.73,7.83,7.89,7.78,6.79,4.92,5.32,5.45,5.11,4.54,4.0,3.63,3.41,3.27,3.2,3.24,3.34,3.43,3.47,4.66,4.46,4.7,5.56,5.54,5.47,5.48,5.6,5.76,4.75,4.07,4.9,5.41,5.49,5.27,4.99,4.61,4.37,4.24,4.51,4.77,4.44,4.0,3.72,4.76,4.16,3.86,4.88,4.81,4.75,4.76,4.89,4.84,3.34,3.52,3.96,4.52,5.04,5.22,5.2,4.85
322,6.08,5.9,5.71,5.6,5.65,5.81,6.0,6.75,7.92,8.71,7.82,7.19,6.87,6.78,6.83,6.92,5.98,5.26,6.69,7.36,7.4,6.99,6.57,6.3,6.23,6.07,5.72,5.52,5.4,5.2,5.12,5.76,5.64,7.6,7.12,6.43,6.02,5.76,5.62,5.45,4.32,3.99,4.81,5.47,5.66,5.73,5.51,5.26,4.86,4.45,4.09,3.82,3.62,3.55,3.58,4.9,4.7,4.55,5.1,5.17,5.13,5.22,5.55,5.81,4.89,4.28,5.3,6.29,7.05,7.28,7.0,6.93,6.86,6.71,6.42,5.88,5.67,5.67,5.67,6.28,6.37,7.86,7.87,7.7,7.73,7.83,7.89,7.78,6.79,4.92,5.32,5.45,5.11,4.54,4.0,3.63,3.41,3.27,3.2,3.24,3.34,3.43,3.47,4.66,4.46,4.7,5.56,5.54,5.47,5.48,5.6,5.76,4.75,4.07,4.9,5.41,5.49,5.27,4.99,4.61,4.37,4.24,4.51,4.77,4.44,4.0,3.72,4.76,4.16,3.86,4.88,4.81,4.75,4.76,4.89,4.84,3.34,3.52,3.96,4.52,5.04,5.22,5.2,4.85,4.26,3.89,3.84,3.9,3.81,3.64,3.44,3.91,3.99,4.9,4.78,4.2,3.86,3.59,3.33,3.22,2.55,2.98,3.35,3.68,3.91,3.9,3.76,3.57
323,6.23,6.07,5.72,5.52,5.4,5.2,5.12,5.76,5.64,7.6,7.12,6.43,6.02,5.76,5.62,5.45,4.32,3.99,4.81,5.47,5.66,5.73,5.51,5.26,4.86,4.45,4.09,3.82,3.62,3.55,3.58,4.9,4.7,4.55,5.1,5.17,5.13,5.22,5.55,5.81,4.89,4.28,5.3,6.29,7.05,7.28,7.0,6.93,6.86,6.71,6.42,5.88,5.67,5.67,5.67,6.28,6.37,7.86,7.87,7.7,7.73,7.83,7.89,7.78,6.79,4.92,5.32,5.45,5.11,4.54,4.0,3.63,3.41,3.27,3.2,3.24,3.34,3.43,3.47,4.66,4.46,4.7,5.56,5.54,5.47,5.48,5.6,5.76,4.75,4.07,4.9,5.41,5.49,5.27,4.99,4.61,4.37,4.24,4.51,4.77,4.44,4.0,3.72,4.76,4.16,3.86,4.88,4.81,4.75,4.76,4.89,4.84,3.34,3.52,3.96,4.52,5.04,5.22,5.2,4.85,4.26,3.89,3.84,3.9,3.81,3.64,3.44,3.91,3.99,4.9,4.78,4.2,3.86,3.59,3.33,3.22,2.55,2.98,3.35,3.68,3.91,3.9,3.76,3.57,3.35,3.17,3.19,3.36,3.55,3.68,3.96,5.39,5.04,4.89,4.73,3.98,3.83,4.14,4.6,4.81,3.12,3.06,2.85,2.51,2.11,1.77,1.51,1.5
324,4.86,4.45,4.09,3.82,3.62,3.55,3.58,4.9,4.7,4.55,5.1,5.17,5.13,5.22,5.55,5.81,4.89,4.28,5.3,6.29,7.05,7.28,7.0,6.93,6.86,6.71,6.42,5.88,5.67,5.67,5.67,6.28,6.37,7.86,7.87,7.7,7.73,7.83,7.89,7.78,6.79,4.92,5.32,5.45,5.11,4.54,4.0,3.63,3.41,3.27,3.2,3.24,3.34,3.43,3.47,4.66,4.46,4.7,5.56,5.54,5.47,5.48,5.6,5.76,4.75,4.07,4.9,5.41,5.49,5.27,4.99,4.61,4.37,4.24,4.51,4.77,4.44,4.0,3.72,4.76,4.16,3.86,4.88,4.81,4.75,4.76,4.89,4.84,3.34,3.52,3.96,4.52,5.04,5.22,5.2,4.85,4.26,3.89,3.84,3.9,3.81,3.64,3.44,3.91,3.99,4.9,4.78,4.2,3.86,3.59,3.33,3.22,2.55,2.98,3.35,3.68,3.91,3.9,3.76,3.57,3.35,3.17,3.19,3.36,3.55,3.68,3.96,5.39,5.04,4.89,4.73,3.98,3.83,4.14,4.6,4.81,3.12,3.06,2.85,2.51,2.11,1.77,1.51,1.5,1.95,2.52,2.96,3.19,3.31,3.45,3.51,4.27,4.85,5.25,7.34,8.2,9.31,10.35,10.86,10.58,8.72,5.85,4.51,4.14,3.89,3.71,3.7,3.69
325,6.86,6.71,6.42,5.88,5.67,5.67,5.67,6.28,6.37,7.86,7.87,7.7,7.73,7.83,7.89,7.78,6.79,4.92,5.32,5.45,5.11,4.54,4.0,3.63,3.41,3.27,3.2,3.24,3.34,3.43,3.47,4.66,4.46,4.7,5.56,5.54,5.47,5.48,5.6,5.76,4.75,4.07,4.9,5.41,5.49,5.27,4.99,4.61,4.37,4.24,4.51,4.77,4.44,4.0,3.72,4.76,4.16,3.86,4.88,4.81,4.75,4.76,4.89,4.84,3.34,3.52,3.96,4.52,5.04,5.22,5.2,4.85,4.26,3.89,3.84,3.9,3.81,3.64,3.44,3.91,3.99,4.9,4.78,4.2,3.86,3.59,3.33,3.22,2.55,2.98,3.35,3.68,3.91,3.9,3.76,3.57,3.35,3.17,3.19,3.36,3.55,3.68,3.96,5.39,5.04,4.89,4.73,3.98,3.83,4.14,4.6,4.81,3.12,3.06,2.85,2.51,2.11,1.77,1.51,1.5,1.95,2.52,2.96,3.19,3.31,3.45,3.51,4.27,4.85,5.25,7.34,8.2,9.31,10.35,10.86,10.58,8.72,5.85,4.51,4.14,3.89,3.71,3.7,3.69,3.63,3.61,3.53,3.51,3.43,3.31,3.19,4.11,4.26,4.45,5.98,6.3,6.65,6.8,6.65,6.15,3.93,3.03,2.79,2.51,2.36,2.22,2.04,2.02
326,3.41,3.27,3.2,3.24,3.34,3.43,3.47,4.66,4.46,4.7,5.56,5.54,5.47,5.48,5.6,5.76,4.75,4.07,4.9,5.41,5.49,5.27,4.99,4.61,4.37,4.24,4.51,4.77,4.44,4.0,3.72,4.76,4.16,3.86,4.88,4.81,4.75,4.76,4.89,4.84,3.34,3.52,3.96,4.52,5.04,5.22,5.2,4.85,4.26,3.89,3.84,3.9,3.81,3.64,3.44,3.91,3.99,4.9,4.78,4.2,3.86,3.59,3.33,3.22,2.55,2.98,3.35,3.68,3.91,3.9,3.76,3.57,3.35,3.17,3.19,3.36,3.55,3.68,3.96,5.39,5.04,4.89,4.73,3.98,3.83,4.14,4.6,4.81,3.12,3.06,2.85,2.51,2.11,1.77,1.51,1.5,1.95,2.52,2.96,3.19,3.31,3.45,3.51,4.27,4.85,5.25,7.34,8.2,9.31,10.35,10.86,10.58,8.72,5.85,4.51,4.14,3.89,3.71,3.7,3.69,3.63,3.61,3.53,3.51,3.43,3.31,3.19,4.11,4.26,4.45,5.98,6.3,6.65,6.8,6.65,6.15,3.93,3.03,2.79,2.51,2.36,2.22,2.04,2.02,2.2,2.31,2.34,2.44,2.53,2.63,2.74,2.63,3.85,3.52,3.53,3.66,3.64,3.57,3.58,3.62,2.56,2.89,3.0,3.02,3.05,3.01,2.86,2.6
327,4.37,4.24,4.51,4.77,4.44,4.0,3.72,4.76,4.16,3.86,4.88,4.81,4.75,4.76,4.89,4.84,3.34,3.52,3.96,4.52,5.04,5.22,5.2,4.85,4.26,3.89,3.84,3.9,3.81,3.64,3.44,3.91,3.99,4.9,4.78,4.2,3.86,3.59,3.33,3.22,2.55,2.98,3.35,3.68,3.91,3.9,3.76,3.57,3.35,3.17,3.19,3.36,3.55,3.68,3.96,5.39,5.04,4.89,4.73,3.98,3.83,4.14,4.6,4.81,3.12,3.06,2.85,2.51,2.11,1.77,1.51,1.5,1.95,2.52,2.96,3.19,3.31,3.45,3.51,4.27,4.85,5.25,7.34,8.2,9.31,10.35,10.86,10.58,8.72,5.85,4.51,4.14,3.89,3.71,3.7,3.69,3.63,3.61,3.53,3.51,3.43,3.31,3.19,4.11,4.26,4.45,5.98,6.3,6.65,6.8,6.65,6.15,3.93,3.03,2.79,2.51,2.36,2.22,2.04,2.02,2.2,2.31,2.34,2.44,2.53,2.63,2.74,2.63,3.85,3.52,3.53,3.66,3.64,3.57,3.58,3.62,2.56,2.89,3.0,3.02,3.05,3.01,2.86,2.6,2.35,2.15,2.09,2.13,2.24,2.37,2.53,2.45,3.18,2.69,2.21,1.64,0.94,0.39,0.17,0.4,0.78,1.28,1.64,2.03,2.43,2.79,3.2,3.54
328,4.26,3.89,3.84,3.9,3.81,3.64,3.44,3.91,3.99,4.9,4.78,4.2,3.86,3.59,3.33,3.22,2.55,2.98,3.35,3.68,3.91,3.9,3.76,3.57,3.35,3.17,3.19,3.36,3.55,3.68,3.96,5.39,5.04,4.89,4.73,3.98,3.83,4.14,4.6,4.81,3.12,3.06,2.85,2.51,2.11,1.77,1.51,1.5,1.95,2.52,2.96,3.19,3.31,3.45,3.51,4.27,4.85,5.25,7.34,8.2,9.31,10.35,10.86,10.58,8.72,5.85,4.51,4.14,3.89,3.71,3.7,3.69,3.63,3.61,3.53,3.51,3.43,3.31,3.19,4.11,4.26,4.45,5.98,6.3,6.65,6.8,6.65,6.15,3.93,3.03,2.79,2.51,2.36,2.22,2.04,2.02,2.2,2.31,2.34,2.44,2.53,2.63,2.74,2.63,3.85,3.52,3.53,3.66,3.64,3.57,3.58,3.62,2.56,2.89,3.0,3.02,3.05,3.01,2.86,2.6,2.35,2.15,2.09,2.13,2.24,2.37,2.53,2.45,3.18,2.69,2.21,1.64,0.94,0.39,0.17,0.4,0.78,1.28,1.64,2.03,2.43,2.79,3.2,3.54,3.72,3.81,3.91,3.95,3.92,3.91,3.83,3.59,4.66,3.32,3.15,2.48,2.9,3.67,4.22,4.42,3.06,3.26,3.15,2.96,2.76,2.52,2.33,2.19
329,3.35,3.17,3.19,3.36,3.55,3.68,3.96,5.39,5.04,4.89,4.73,3.98,3.83,4.14,4.6,4.81,3.12,3.06,2.85,2.51,2.11,1.77,1.51,1.5,1.95,2.52,2.96,3.19,3.31,3.45,3.51,4.27,4.85,5.25,7.34,8.2,9.31,10.35,10.86,10.58,8.72,5.85,4.51,4.14,3.89,3.71,3.7,3.69,3.63,3.61,3.53,3.51,3.43,3.31,3.19,4.11,4.26,4.45,5.98,6.3,6.65,6.8,6.65,6.15,3.93,3.03,2.79,2.51,2.36,2.22,2.04,2.02,2.2,2.31,2.34,2.44,2.53,2.63,2.74,2.63,3.85,3.52,3.53,3.66,3.64,3.57,3.58,3.62,2.56,2.89,3.0,3.02,3.05,3.01,2.86,2.6,2.35,2.15,2.09,2.13,2.24,2.37,2.53,2.45,3.18,2.69,2.21,1.64,0.94,0.39,0.17,0.4,0.78,1.28,1.64,2.03,2.43,2.79,3.2,3.54,3.72,3.81,3.91,3.95,3.92,3.91,3.83,3.59,4.66,3.32,3.15,2.48,2.9,3.67,4.22,4.42,3.06,3.26,3.15,2.96,2.76,2.52,2.33,2.19,2.14,2.09,1.89,1.59,0.93,0.3,0.43,0.77,1.51,1.95,2.68,3.16,3.6,4.38,5.01,5.45,5.11,5.29,5.88,5.7,4.99,4.38,3.77,3.28
330,1.95,2.52,2.96,3.19,3.31,3.45,3.51,4.27,4.85,5.25,7.34,8.2,9.31,10.35,10.86,10.58,8.72,5.85,4.51,4.14,3.89,3.71,3.7,3.69,3.63,3.61,3.53,3.51,3.43,3.31,3.19,4.11,4.26,4.45,5.98,6.3,6.65,6.8,6.65,6.15,3.93,3.03,2.79,2.51,2.36,2.22,2.04,2.02,2.2,2.31,2.34,2.44,2.53,2.63,2.74,2.63,3.85,3.52,3.53,3.66,3.64,3.57,3.58,3.62,2.56,2.89,3.0,3.02,3.05,3.01,2.86,2.6,2.35,2.15,2.09,2.13,2.24,2.37,2.53,2.45,3.18,2.69,2.21,1.64,0.94,0.39,0.17,0.4,0.78,1.28,1.64,2.03,2.43,2.79,3.2,3.54,3.72,3.81,3.91,3.95,3.92,3.91,3.83,3.59,4.66,3.32,3.15,2.48,2.9,3.67,4.22,4.42,3.06,3.26,3.15,2.96,2.76,2.52,2.33,2.19,2.14,2.09,1.89,1.59,0.93,0.3,0.43,0.77,1.51,1.95,2.68,3.16,3.6,4.38,5.01,5.45,5.11,5.29,5.88,5.7,4.99,4.38,3.77,3.28,3.05,2.84,2.79,2.97,2.78,2.17,2.12,3.44,3.85,4.12,4.36,4.43,4.4,4.85,5.07,4.88,3.46,2.25,2.01,1.63,1.42,1.69,2.0,2.22
331,3.63,3.61,3.53,3.51,3.43,3.31,3.19,4.11,4.26,4.45,5.98,6.3,6.65,6.8,6.65,6.15,3.93,3.03,2.79,2.51,2.36,2.22,2.04,2.02,2.2,2.31,2.34,2.44,2.53,2.63,2.74,2.63,3.85,3.52,3.53,3.66,3.64,3.57,3.58,3.62,2.56,2.89,3.0,3.02,3.05,3.01,2.86,2.6,2.35,2.15,2.09,2.13,2.24,2.37,2.53,2.45,3.18,2.69,2.21,1.64,0.94,0.39,0.17,0.4,0.78,1.28,1.64,2.03,2.43,2.79,3.2,3.54,3.72,3.81,3.91,3.95,3.92,3.91,3.83,3.59,4.66,3.32,3.15,2.48,2.9,3.67,4.22,4.42,3.06,3.26,3.15,2.96,2.76,2.52,2.33,2.19,2.14,2.09,1.89,1.59,0.93,0.3,0.43,0.77,1.51,1.95,2.68,3.16,3.6,4.38,5.01,5.45,5.11,5.29,5.88,5.7,4.99,4.38,3.77,3.28,3.05,2.84,2.79,2.97,2.78,2.17,2.12,3.44,3.85,4.12,4.36,4.43,4.4,4.85,5.07,4.88,3.46,2.25,2.01,1.63,1.42,1.69,2.0,2.22,2.31,2.34,2.49,2.56,2.49,2.31,2.11,1.94,2.75,2.83,3.73,5.03,5.99,6.63,7.05,7.03,4.94,3.97,3.98,4.0,4.2,4.49,4.48,4.36
332,2.2,2.31,2.34,2.44,2.53,2.63,2.74,2.63,3.85,3.52,3.53,3.66,3.64,3.57,3.58,3.62,2.56,2.89,3.0,3.02,3.05,3.01,2.86,2.6,2.35,2.15,2.09,2.13,2.24,2.37,2.53,2.45,3.18,2.69,2.21,1.64,0.94,0.39,0.17,0.4,0.78,1.28,1.64,2.03,2.43,2.79,3.2,3.54,3.72,3.81,3.91,3.95,3.92,3.91,3.83,3.59,4.66,3.32,3.15,2.48,2.9,3.67,4.22,4.42,3.06,3.26,3.15,2.96,2.76,2.52,2.33,2.19,2.14,2.09,1.89,1.59,0.93,0.3,0.43,0.77,1.51,1.95,2.68,3.16,3.6,4.38,5.01,5.45,5.11,5.29,5.88,5.7,4.99,4.38,3.77,3.28,3.05,2.84,2.79,2.97,2.78,2.17,2.12,3.44,3.85,4.12,4.36,4.43,4.4,4.85,5.07,4.88,3.46,2.25,2.01,1.63,1.42,1.69,2.0,2.22,2.31,2.34,2.49,2.56,2.49,2.31,2.11,1.94,2.75,2.83,3.73,5.03,5.99,6.63,7.05,7.03,4.94,3.97,3.98,4.0,4.2,4.49,4.48,4.36,4.3,4.3,4.49,4.78,5.36,5.08,4.43,5.34,6.08,6.55,6.68,6.79,6.59,6.25,5.96,5.53,3.48,3.55,4.37,5.91,6.76,7.2,7.34,7.11
333,2.35,2.15,2.09,2.13,2.24,2.37,2.53,2.45,3.18,2.69,2.21,1.64,0.94,0.39,0.17,0.4,0.78,1.28,1.64,2.03,2.43,2.79,3.2,3.54,3.72,3.81,3.91,3.95,3.92,3.91,3.83,3.59,4.66,3.32,3.15,2.48,2.9,3.67,4.22,4.42,3.06,3.26,3.15,2.96,2.76,2.52,2.33,2.19,2.14,2.09,1.89,1.59,0.93,0.3,0.43,0.77,1.51,1.95,2.68,3.16,3.6,4.38,5.01,5.45,5.11,5.29,5.88,5.7,4.99,4.38,3.77,3.28,3.05,2.84,2.79,2.97,2.78,2.17,2.12,3.44,3.85,4.12,4.36,4.43,4.4,4.85,5.07,4.88,3.46,2.25,2.01,1.63,1.42,1.69,2.0,2.22,2.31,2.34,2.49,2.56,2.49,2.31,2.11,1.94,2.75,2.83,3.73,5.03,5.99,6.63,7.05,7.03,4.94,3.97,3.98,4.0,4.2,4.49,4.48,4.36,4.3,4.3,4.49,4.78,5.36,5.08,4.43,5.34,6.08,6.55,6.68,6.79,6.59,6.25,5.96,5.53,3.48,3.55,4.37,5.91,6.76,7.2,7.34,7.11,6.91,6.89,6.91,6.71,6.47,6.11,5.36,5.75,5.36,6.04,5.89,4.9,4.05,3.51,3.61,4.1,3.56,4.34,5.6,5.83,5.6,5.29,4.99,4.65
334,3.72,3.81,3.91,3.95,3.92,3.91,3.83,3.59,4.66,3.32,3.15,2.48,2.9,3.67,4.22,4.42,3.06,3.26,3.15,2.96,2.76,2.52,2.33,2.19,2.14,2.09,1.89,1.59,0.93,0.3,0.43,0.77,1.51,1.95,2.68,3.16,3.6,4.38,5.01,5.45,5.11,5.29,5.88,5.7,4.99,4.38,3.77,3.28,3.05,2.84,2.79,2.97,2.78,2.17,2.12,3.44,3.85,4.12,4.36,4.43,4.4,4.85,5.07,4.88,3.46,2.25,2.01,1.63,1.42,1.69,2.0,2.22,2.31,2.34,2.49,2.56,2.49,2.31,2.11,1.94,2.75,2.83,3.73,5.03,5.99,6.63,7.05,7.03,4.94,3.97,3.98,4.0,4.2,4.49,4.48,4.36,4.3,4.3,4.49,4.78,5.36,5.08,4.43,5.34,6.08,6.55,6.68,6.79,6.59,6.25,5.96,5.53,3.48,3.55,4.37,5.91,6.76,7.2,7.34,7.11,6.91,6.89,6.91,6.71,6.47,6.11,5.36,5.75,5.36,6.04,5.89,4.9,4.05,3.51,3.61,4.1,3.56,4.34,5.6,5.83,5.6,5.29,4.99,4.65,4.36,4.13,3.96,3.81,3.73,3.68,3.64,4.03,4.54,3.72,4.43,3.94,3.79,3.85,3.96,4.01,2.8,3.22,3.38,3.41,3.31,3.17,3.05,2.88
335,2.14,2.09,1.89,1.59,0.93,0.3,0.43,0.77,1.51,1.95,2.68,3.16,3.6,4.38,5.01,5.45,5.11,5.29,5.88,5.7,4.99,4.38,3.77,3.28,3.05,2.84,2.79,2.97,2.78,2.17,2.12,3.44,3.85,4.12,4.36,4.43,4.4,4.85,5.07,4.88,3.46,2.25,2.01,1.63,1.42,1.69,2.0,2.22,2.31,2.34,2.49,2.56,2.49,2.31,2.11,1.94,2.75,2.83,3.73,5.03,5.99,6.63,7.05,7.03,4.94,3.97,3.98,4.0,4.2,4.49,4.48,4.36,4.3,4.3,4.49,4.78,5.36,5.08,4.43,5.34,6.08,6.55,6.68,6.79,6.59,6.25,5.96,5.53,3.48,3.55,4.37,5.91,6.76,7.2,7.34,7.11,6.91,6.89,6.91,6.71,6.47,6.11,5.36,5.75,5.36,6.04,5.89,4.9,4.05,3.51,3.61,4.1,3.56,4.34,5.6,5.83,5.6,5.29,4.99,4.65,4.36,4.13,3.96,3.81,3.73,3.68,3.64,4.03,4.54,3.72,4.43,3.94,3.79,3.85,3.96,4.01,2.8,3.22,3.38,3.41,3.31,3.17,3.05,2.88,2.68,2.54,2.45,2.34,2.15,1.88,1.64,1.38,1.71,1.8,2.41,2.4,2.06,1.87,1.94,2.19,1.94,2.51,2.74,2.81,2.82,2.82,2.85,2.95
336,3.05,2.84,2.79,2.97,2.78,2.17,2.12,3.44,3.85,4.12,4.36,4.43,4.4,4.85,5.07,4.88,3.46,2.25,2.01,1.63,1.42,1.69,2.0,2.22,2.31,2.34,2.49,2.56,2.49,2.31,2.11,1.94,2.75,2.83,3.73,5.03,5.99,6.63,7.05,7.03,4.94,3.97,3.98,4.0,4.2,4.49,4.48,4.36,4.3,4.3,4.49,4.78,5.36,5.08,4.43,5.34,6.08,6.55,6.68,6.79,6.59,6.25,5.96,5.53,3.48,3.55,4.37,5.91,6.76,7.2,7.34,7.11,6.91,6.89,6.91,6.71,6.47,6.11,5.36,5.75,5.36,6.04,5.89,4.9,4.05,3.51,3.61,4.1,3.56,4.34,5.6,5.83,5.6,5.29,4.99,4.65,4.36,4.13,3.96,3.81,3.73,3.68,3.64,4.03,4.54,3.72,4.43,3.94,3.79,3.85,3.96,4.01,2.8,3.22,3.38,3.41,3.31,3.17,3.05,2.88,2.68,2.54,2.45,2.34,2.15,1.88,1.64,1.38,1.71,1.8,2.41,2.4,2.06,1.87,1.94,2.19,1.94,2.51,2.74,2.81,2.82,2.82,2.85,2.95,3.05,3.06,3.06,3.08,3.06,2.92,2.56,1.84,1.44,0.65,1.38,2.1,2.67,3.28,3.5,3.29,2.17,2.31,2.37,2.53,2.84,3.11,3.27,3.38
337,2.31,2.34,2.49,2.56,2.49,2.31,2.11,1.94,2.75,2.83,3.73,5.03,5.99,6.63,7.05,7.03,4.94,3.97,3.98,4.0,4.2,4.49,4.48,4.36,4.3,4.3,4.49,4.78,5.36,5.08,4.43,5.34,6.08,6.55,6.68,6.79,6.59,6.25,5.96,5.53,3.48,3.55,4.37,5.91,6.76,7.2,7.34,7.11,6.91,6.89,6.91,6.71,6.47,6.11,5.36,5.75,5.36,6.04,5.89,4.9,4.05,3.51,3.61,4.1,3.56,4.34,5.6,5.83,5.6,5.29,4.99,4.65,4.36,4.13,3.96,3.81,3.73,3.68,3.64,4.03,4.54,3.72,4.43,3.94,3.79,3.85,3.96,4.01,2.8,3.22,3.38,3.41,3.31,3.17,3.05,2.88,2.68,2.54,2.45,2.34,2.15,1.88,1.64,1.38,1.71,1.8,2.41,2.4,2.06,1.87,1.94,2.19,1.94,2.51,2.74,2.81,2.82,2.82,2.85,2.95,3.05,3.06,3.06,3.08,3.06,2.92,2.56,1.84,1.44,0.65,1.38,2.1,2.67,3.28,3.5,3.29,2.17,2.31,2.37,2.53,2.84,3.11,3.27,3.38,3.43,3.44,3.46,3.45,3.43,3.4,3.37,3.56,4.31,3.1,3.48,2.84,2.19,1.82,2.08,2.97,2.58,3.2,3.32,3.31,3.41,3.45,3.28,2.95
338,4.3,4.3,4.49,4.78,5.36,5.08,4.43,5.34,6.08,6.55,6.68,6.79,6.59,6.25,5.96,5.53,3.48,3.55,4.37,5.91,6.76,7.2,7.34,7.11,6.91,6.89,6.91,6.71,6.47,6.11,5.36,5.75,5.36,6.04,5.89,4.9,4.05,3.51,3.61,4.1,3.56,4.34,5.6,5.83,5.6,5.29,4.99,4.65,4.36,4.13,3.96,3.81,3.73,3.68,3.64,4.03,4.54,3.72,4.43,3.94,3.79,3.85,3.96,4.01,2.8,3.22,3.38,3.41,3.31,3.17,3.05,2.88,2.68,2.54,2.45,2.34,2.15,1.88,1.64,1.38,1.71,1.8,2.41,2.4,2.06,1.87,1.94,2.19,1.94,2.51,2.74,2.81,2.82,2.82,2.85,2.95,3.05,3.06,3.06,3.08,3.06,2.92,2.56,1.84,1.44,0.65,1.38,2.1,2.67,3.28,3.5,3.29,2.17,2.31,2.37,2.53,2.84,3.11,3.27,3.38,3.43,3.44,3.46,3.45,3.43,3.4,3.37,3.56,4.31,3.1,3.48,2.84,2.19,1.82,2.08,2.97,2.58,3.2,3.32,3.31,3.41,3.45,3.28,2.95,2.43,1.91,1.5,0.99,0.44,0.52,1.17,1.83,2.79,2.9,3.35,4.05,4.33,4.43,4.39,4.05,2.52,2.77,2.96,3.12,3.29,3.44,3.55,3.61
339,6.91,6.89,6.91,6.71,6.47,6.11,5.36,5.75,5.36,6.04,5.89,4.9,4.05,3.51,3.61,4.1,3.56,4.34,5.6,5.83,5.6,5.29,4.99,4.65,4.36,4.13,3.96,3.81,3.73,3.68,3.64,4.03,4.54,3.72,4.43,3.94,3.79,3.85,3.96,4.01,2.8,3.22,3.38,3.41,3.31,3.17,3.05,2.88,2.68,2.54,2.45,2.34,2.15,1.88,1.64,1.38,1.71,1.8,2.41,2.4,2.06,1.87,1.94,2.19,1.94,2.51,2.74,2.81,2.82,2.82,2.85,2.95,3.05,3.06,3.06,3.08,3.06,2.92,2.56,1.84,1.44,0.65,1.38,2.1,2.67,3.28,3.5,3.29,2.17,2.31,2.37,2.53,2.84,3.11,3.27,3.38,3.43,3.44,3.46,3.45,3.43,3.4,3.37,3.56,4.31,3.1,3.48,2.84,2.19,1.82,2.08,2.97,2.58,3.2,3.32,3.31,3.41,3.45,3.28,2.95,2.43,1.91,1.5,0.99,0.44,0.52,1.17,1.83,2.79,2.9,3.35,4.05,4.33,4.43,4.39,4.05,2.52,2.77,2.96,3.12,3.29,3.44,3.55,3.61,3.63,3.61,3.53,3.42,3.33,3.24,3.16,3.08,3.61,2.66,3.19,4.33,4.61,4.38,4.27,3.99,2.62,2.82,2.78,2.72,2.7,2.7,2.71,2.68
340,4.36,4.13,3.96,3.81,3.73,3.68,3.64,4.03,4.54,3.72,4.43,3.94,3.79,3.85,3.96,4.01,2.8,3.22,3.38,3.41,3.31,3.17,3.05,2.88,2.68,2.54,2.45,2.34,2.15,1.88,1.64,1.38,1.71,1.8,2.41,2.4,2.06,1.87,1.94,2.19,1.94,2.51,2.74,2.81,2.82,2.82,2.85,2.95,3.05,3.06,3.06,3.08,3.06,2.92,2.56,1.84,1.44,0.65,1.38,2.1,2.67,3.28,3.5,3.29,2.17,2.31,2.37,2.53,2.84,3.11,3.27,3.38,3.43,3.44,3.46,3.45,3.43,3.4,3.37,3.56,4.31,3.1,3.48,2.84,2.19,1.82,2.08,2.97,2.58,3.2,3.32,3.31,3.41,3.45,3.28,2.95,2.43,1.91,1.5,0.99,0.44,0.52,1.17,1.83,2.79,2.9,3.35,4.05,4.33,4.43,4.39,4.05,2.52,2.77,2.96,3.12,3.29,3.44,3.55,3.61,3.63,3.61,3.53,3.42,3.33,3.24,3.16,3.08,3.61,2.66,3.19,4.33,4.61,4.38,4.27,3.99,2.62,2.82,2.78,2.72,2.7,2.7,2.71,2.68,2.64,2.61,2.66,2.9,3.26,3.54,3.81,4.79,5.25,4.3,4.79,3.09,1.77,1.41,1.63,1.95,1.95,2.79,3.28,3.58,3.83,4.08,4.31,4.4
341,2.68,2.54,2.45,2.34,2.15,1.88,1.64,1.38,1.71,1.8,2.41,2.4,2.06,1.87,1.94,2.19,1.94,2.51,2.74,2.81,2.82,2.82,2.85,2.95,3.05,3.06,3.06,3.08,3.06,2.92,2.56,1.84,1.44,0.65,1.38,2.1,2.67,3.28,3.5,3.29,2.17,2.31,2.37,2.53,2.84,3.11,3.27,3.38,3.43,3.44,3.46,3.45,3.43,3.4,3.37,3.56,4.31,3.1,3.48,2.84,2.19,1.82,2.08,2.97,2.58,3.2,3.32,3.31,3.41,3.45,3.28,2.95,2.43,1.91,1.5,0.99,0.44,0.52,1.17,1.83,2.79,2.9,3.35,4.05,4.33,4.43,4.39,4.05,2.52,2.77,2.96,3.12,3.29,3.44,3.55,3.61,3.63,3.61,3.53,3.42,3.33,3.24,3.16,3.08,3.61,2.66,3.19,4.33,4.61,4.38,4.27,3.99,2.62,2.82,2.78,2.72,2.7,2.7,2.71,2.68,2.64,2.61,2.66,2.9,3.26,3.54,3.81,4.79,5.25,4.3,4.79,3.09,1.77,1.41,1.63,1.95,1.95,2.79,3.28,3.58,3.83,4.08,4.31,4.4,4.3,4.1,3.9,3.83,3.73,3.77,3.97,4.85,5.11,5.13,5.33,3.61,2.35,1.75,1.48,1.25,0.74,0.56,0.65,1.07,1.48,1.72,1.8,2.03
342,3.05,3.06,3.06,3.08,3.06,2.92,2.56,1.84,1.44,0.65,1.38,2.1,2.67,3.28,3.5,3.29,2.17,2.31,2.37,2.53,2.84,3.11,3.27,3.38,3.43,3.44,3.46,3.45,3.43,3.4,3.37,3.56,4.31,3.1,3.48,2.84,2.19,1.82,2.08,2.97,2.58,3.2,3.32,3.31,3.41,3.45,3.28,2.95,2.43,1.91,1.5,0.99,0.44,0.52,1.17,1.83,2.79,2.9,3.35,4.05,4.33,4.43,4.39,4.05,2.52,2.77,2.96,3.12,3.29,3.44,3.55,3.61,3.63,3.61,3.53,3.42,3.33,3.24,3.16,3.08,3.61,2.66,3.19,4.33,4.61,4.38,4.27,3.99,2.62,2.82,2.78,2.72,2.7,2.7,2.71,2.68,2.64,2.61,2.66,2.9,3.26,3.54,3.81,4.79,5.25,4.3,4.79,3.09,1.77,1.41,1.63,1.95,1.95,2.79,3.28,3.58,3.83,4.08,4.31,4.4,4.3,4.1,3.9,3.83,3.73,3.77,3.97,4.85,5.11,5.13,5.33,3.61,2.35,1.75,1.48,1.25,0.74,0.56,0.65,1.07,1.48,1.72,1.8,2.03,2.33,2.47,2.51,2.57,2.71,2.84,2.9,2.87,3.71,3.7,3.25,2.75,2.75,3.3,3.72,3.94,2.94,3.6,3.79,3.87,3.94,3.89,3.65,3.51
343,3.43,3.44,3.46,3.45,3.43,3.4,3.37,3.56,4.31,3.1,3.48,2.84,2.19,1.82,2.08,2.97,2.58,3.2,3.32,3.31,3.41,3.45,3.28,2.95,2.43,1.91,1.5,0.99,0.44,0.52,1.17,1.83,2.79,2.9,3.35,4.05,4.33,4.43,4.39,4.05,2.52,2.77,2.96,3.12,3.29,3.44,3.55,3.61,3.63,3.61,3.53,3.42,3.33,3.24,3.16,3.08,3.61,2.66,3.19,4.33,4.61,4.38,4.27,3.99,2.62,2.82,2.78,2.72,2.7,2.7,2.71,2.68,2.64,2.61,2.66,2.9,3.26,3.54,3.81,4.79,5.25,4.3,4.79,3.09,1.77,1.41,1.63,1.95,1.95,2.79,3.28,3.58,3.83,4.08,4.31,4.4,4.3,4.1,3.9,3.83,3.73,3.77,3.97,4.85,5.11,5.13,5.33,3.61,2.35,1.75,1.48,1.25,0.74,0.56,0.65,1.07,1.48,1.72,1.8,2.03,2.33,2.47,2.51,2.57,2.71,2.84,2.9,2.87,3.71,3.7,3.25,2.75,2.75,3.3,3.72,3.94,2.94,3.6,3.79,3.87,3.94,3.89,3.65,3.51,3.38,3.29,3.32,3.27,3.08,2.83,2.53,2.41,2.47,1.52,0.91,0.78,0.61,1.19,1.83,2.53,2.47,3.19,3.34,3.3,3.29,3.29,3.33,3.31
344,2.43,1.91,1.5,0.99,0.44,0.52,1.17,1.83,2.79,2.9,3.35,4.05,4.33,4.43,4.39,4.05,2.52,2.77,2.96,3.12,3.29,3.44,3.55,3.61,3.63,3.61,3.53,3.42,3.33,3.24,3.16,3.08,3.61,2.66,3.19,4.33,4.61,4.38,4.27,3.99,2.62,2.82,2.78,2.72,2.7,2.7,2.71,2.68,2.64,2.61,2.66,2.9,3.26,3.54,3.81,4.79,5.25,4.3,4.79,3.09,1.77,1.41,1.63,1.95,1.95,2.79,3.28,3.58,3.83,4.08,4.31,4.4,4.3,4.1,3.9,3.83,3.73,3.77,3.97,4.85,5.11,5.13,5.33,3.61,2.35,1.75,1.48,1.25,0.74,0.56,0.65,1.07,1.48,1.72,1.8,2.03,2.33,2.47,2.51,2.57,2.71,2.84,2.9,2.87,3.71,3.7,3.25,2.75,2.75,3.3,3.72,3.94,2.94,3.6,3.79,3.87,3.94,3.89,3.65,3.51,3.38,3.29,3.32,3.27,3.08,2.83,2.53,2.41,2.47,1.52,0.91,0.78,0.61,1.19,1.83,2.53,2.47,3.19,3.34,3.3,3.29,3.29,3.33,3.31,3.12,2.78,2.4,2.01,1.71,1.47,1.22,0.96,1.2,1.56,2.52,3.17,3.84,4.63,4.93,4.77,3.21,3.52,3.7,3.9,4.08,4.19,4.26,4.28
345,3.63,3.61,3.53,3.42,3.33,3.24,3.16,3.08,3.61,2.66,3.19,4.33,4.61,4.38,4.27,3.99,2.62,2.82,2.78,2.72,2.7,2.7,2.71,2.68,2.64,2.61,2.66,2.9,3.26,3.54,3.81,4.79,5.25,4.3,4.79,3.09,1.77,1.41,1.63,1.95,1.95,2.79,3.28,3.58,3.83,4.08,4.31,4.4,4.3,4.1,3.9,3.83,3.73,3.77,3.97,4.85,5.11,5.13,5.33,3.61,2.35,1.75,1.48,1.25,0.74,0.56,0.65,1.07,1.48,1.72,1.8,2.03,2.33,2.47,2.51,2.57,2.71,2.84,2.9,2.87,3.71,3.7,3.25,2.75,2.75,3.3,3.72,3.94,2.94,3.6,3.79,3.87,3.94,3.89,3.65,3.51,3.38,3.29,3.32,3.27,3.08,2.83,2.53,2.41,2.47,1.52,0.91,0.78,0.61,1.19,1.83,2.53,2.47,3.19,3.34,3.3,3.29,3.29,3.33,3.31,3.12,2.78,2.4,2.01,1.71,1.47,1.22,0.96,1.2,1.56,2.52,3.17,3.84,4.63,4.93,4.77,3.21,3.52,3.7,3.9,4.08,4.19,4.26,4.28,4.24,4.33,4.66,4.89,4.83,4.63,4.52,5.44,5.68,6.59,6.46,5.95,5.65,5.69,6.07,6.37,4.95,4.26,4.38,4.27,4.25,4.17,4.09,4.06
346,2.64,2.61,2.66,2.9,3.26,3.54,3.81,4.79,5.25,4.3,4.79,3.09,1.77,1.41,1.63,1.95,1.95,2.79,3.28,3.58,3.83,4.08,4.31,4.4,4.3,4.1,3.9,3.83,3.73,3.77,3.97,4.85,5.11,5.13,5.33,3.61,2.35,1.75,1.48,1.25,0.74,0.56,0.65,1.07,1.48,1.72,1.8,2.03,2.33,2.47,2.51,2.57,2.71,2.84,2.9,2.87,3.71,3.7,3.25,2.75,2.75,3.3,3.72,3.94,2.94,3.6,3.79,3.87,3.94,3.89,3.65,3.51,3.38,3.29,3.32,3.27,3.08,2.83,2.53,2.41,2.47,1.52,0.91,0.78,0.61,1.19,1.83,2.53,2.47,3.19,3.34,3.3,3.29,3.29,3.33,3.31,3.12,2.78,2.4,2.01,1.71,1.47,1.22,0.96,1.2,1.56,2.52,3.17,3.84,4.63,4.93,4.77,3.21,3.52,3.7,3.9,4.08,4.19,4.26,4.28,4.24,4.33,4.66,4.89,4.83,4.63,4.52,5.44,5.68,6.59,6.46,5.95,5.65,5.69,6.07,6.37,4.95,4.26,4.38,4.27,4.25,4.17,4.09,4.06,4.12,4.24,4.31,4.38,4.38,4.32,4.28,5.14,5.04,5.65,5.81,6.04,5.93,5.85,6.01,6.03,4.15,4.13,4.64,4.94,4.99,4.93,4.69,4.34
347,4.3,4.1,3.9,3.83,3.73,3.77,3.97,4.85,5.11,5.13,5.33,3.61,2.35,1.75,1.48,1.25,0.74,0.56,0.65,1.07,1.48,1.72,1.8,2.03,2.33,2.47,2.51,2.57,2.71,2.84,2.9,2.87,3.71,3.7,3.25,2.75,2.75,3.3,3.72,3.94,2.94,3.6,3.79,3.87,3.94,3.89,3.65,3.51,3.38,3.29,3.32,3.27,3.08,2.83,2.53,2.41,2.47,1.52,0.91,0.78,0.61,1.19,1.83,2.53,2.47,3.19,3.34,3.3,3.29,3.29,3.33,3.31,3.12,2.78,2.4,2.01,1.71,1.47,1.22,0.96,1.2,1.56,2.52,3.17,3.84,4.63,4.93,4.77,3.21,3.52,3.7,3.9,4.08,4.19,4.26,4.28,4.24,4.33,4.66,4.89,4.83,4.63,4.52,5.44,5.68,6.59,6.46,5.95,5.65,5.69,6.07,6.37,4.95,4.26,4.38,4.27,4.25,4.17,4.09,4.06,4.12,4.24,4.31,4.38,4.38,4.32,4.28,5.14,5.04,5.65,5.81,6.04,5.93,5.85,6.01,6.03,4.15,4.13,4.64,4.94,4.99,4.93,4.69,4.34,4.01,3.79,3.63,3.52,3.47,3.45,3.36,3.87,4.27,3.82,4.66,5.02,5.34,5.74,5.88,5.96,4.09,3.76,4.01,4.1,4.1,3.9,3.77,3.69
348,2.33,2.47,2.51,2.57,2.71,2.84,2.9,2.87,3.71,3.7,3.25,2.75,2.75,3.3,3.72,3.94,2.94,3.6,3.79,3.87,3.94,3.89,3.65,3.51,3.38,3.29,3.32,3.27,3.08,2.83,2.53,2.41,2.47,1.52,0.91,0.78,0.61,1.19,1.83,2.53,2.47,3.19,3.34,3.3,3.29,3.29,3.33,3.31,3.12,2.78,2.4,2.01,1.71,1.47,1.22,0.96,1.2,1.56,2.52,3.17,3.84,4.63,4.93,4.77,3.21,3.52,3.7,3.9,4.08,4.19,4.26,4.28,4.24,4.33,4.66,4.89,4.83,4.63,4.52,5.44,5.68,6.59,6.46,5.95,5.65,5.69,6.07,6.37,4.95,4.26,4.38,4.27,4.25,4.17,4.09,4.06,4.12,4.24,4.31,4.38,4.38,4.32,4.28,5.14,5.04,5.65,5.81,6.04,5.93,5.85,6.01,6.03,4.15,4.13,4.64,4.94,4.99,4.93,4.69,4.34,4.01,3.79,3.63,3.52,3.47,3.45,3.36,3.87,4.27,3.82,4.66,5.02,5.34,5.74,5.88,5.96,4.09,3.76,4.01,4.1,4.1,3.9,3.77,3.69,3.63,3.54,3.43,3.42,3.56,3.74,3.99,5.29,5.24,5.43,7.33,7.62,7.7,7.76,7.73,7.55,5.82,4.57,5.16,5.4,5.34,5.27,5.21,5.07
349,3.38,3.29,3.32,3.27,3.08,2.83,2.53,2.41,2.47,1.52,0.91,0.78,0.61,1.19,1.83,2.53,2.47,3.19,3.34,3.3,3.29,3.29,3.33,3.31,3.12,2.78,2.4,2.01,1.71,1.47,1.22,0.96,1.2,1.56,2.52,3.17,3.84,4.63,4.93,4.77,3.21,3.52,3.7,3.9,4.08,4.19,4.26,4.28,4.24,4.33,4.66,4.89,4.83,4.63,4.52,5.44,5.68,6.59,6.46,5.95,5.65,5.69,6.07,6.37,4.95,4.26,4.38,4.27,4.25,4.17,4.09,4.06,4.12,4.24,4.31,4.38,4.38,4.32,4.28,5.14,5.04,5.65,5.81,6.04,5.93,5.85,6.01,6.03,4.15,4.13,4.64,4.94,4.99,4.93,4.69,4.34,4.01,3.79,3.63,3.52,3.47,3.45,3.36,3.87,4.27,3.82,4.66,5.02,5.34,5.74,5.88,5.96,4.09,3.76,4.01,4.1,4.1,3.9,3.77,3.69,3.63,3.54,3.43,3.42,3.56,3.74,3.99,5.29,5.24,5.43,7.33,7.62,7.7,7.76,7.73,7.55,5.82,4.57,5.16,5.4,5.34,5.27,5.21,5.07,4.91,4.75,4.66,4.55,4.46,4.48,4.47,5.33,5.19,6.28,7.8,7.75,7.66,7.59,7.54,7.38,5.64,4.74,5.57,5.97,6.02,5.87,5.8,5.54
350,3.12,2.78,2.4,2.01,1.71,1.47,1.22,0.96,1.2,1.56,2.52,3.17,3.84,4.63,4.93,4.77,3.21,3.52,3.7,3.9,4.08,4.19,4.26,4.28,4.24,4.33,4.66,4.89,4.83,4.63,4.52,5.44,5.68,6.59,6.46,5.95,5.65,5.69,6.07,6.37,4.95,4.26,4.38,4.27,4.25,4.17,4.09,4.06,4.12,4.24,4.31,4.38,4.38,4.32,4.28,5.14,5.04,5.65,5.81,6.04,5.93,5.85,6.01,6.03,4.15,4.13,4.64,4.94,4.99,4.93,4.69,4.34,4.01,3.79,3.63,3.52,3.47,3.45,3.36,3.87,4.27,3.82,4.66,5.02,5.34,5.74,5.88,5.96,4.09,3.76,4.01,4.1,4.1,3.9,3.77,3.69,3.63,3.54,3.43,3.42,3.56,3.74,3.99,5.29,5.24,5.43,7.33,7.62,7.7,7.76,7.73,7.55,5.82,4.57,5.16,5.4,5.34,5.27,5.21,5.07,4.91,4.75,4.66,4.55,4.46,4.48,4.47,5.33,5.19,6.28,7.8,7.75,7.66,7.59,7.54,7.38,5.64,4.74,5.57,5.97,6.02,5.87,5.8,5.54,5.26,5.0,4.75,4.48,4.33,4.34,4.52,5.55,5.93,6.96,7.3,6.91,6.71,6.71,6.77,6.48,4.12,4.19,4.64,5.0,5.34,5.42,5.5,5.58
351,4.24,4.33,4.66,4.89,4.83,4.63,4.52,5.44,5.68,6.59,6.46,5.95,5.65,5.69,6.07,6.37,4.95,4.26,4.38,4.27,4.25,4.17,4.09,4.06,4.12,4.24,4.31,4.38,4.38,4.32,4.28,5.14,5.04,5.65,5.81,6.04,5.93,5.85,6.01,6.03,4.15,4.13,4.64,4.94,4.99,4.93,4.69,4.34,4.01,3.79,3.63,3.52,3.47,3.45,3.36,3.87,4.27,3.82,4.66,5.02,5.34,5.74,5.88,5.96,4.09,3.76,4.01,4.1,4.1,3.9,3.77,3.69,3.63,3.54,3.43,3.42,3.56,3.74,3.99,5.29,5.24,5.43,7.33,7.62,7.7,7.76,7.73,7.55,5.82,4.57,5.16,5.4,5.34,5.27,5.21,5.07,4.91,4.75,4.66,4.55,4.46,4.48,4.47,5.33,5.19,6.28,7.8,7.75,7.66,7.59,7.54,7.38,5.64,4.74,5.57,5.97,6.02,5.87,5.8,5.54,5.26,5.0,4.75,4.48,4.33,4.34,4.52,5.55,5.93,6.96,7.3,6.91,6.71,6.71,6.77,6.48,4.12,4.19,4.64,5.0,5.34,5.42,5.5,5.58,5.65,5.69,5.69,5.55,5.27,5.03,4.84,5.6,5.53,5.11,5.58,4.53,3.29,2.74,2.81,2.53,2.13,2.59,2.79,2.92,3.11,3.41,3.64,3.83
352,4.12,4.24,4.31,4.38,4.38,4.32,4.28,5.14,5.04,5.65,5.81,6.04,5.93,5.85,6.01,6.03,4.15,4.13,4.64,4.94,4.99,4.93,4.69,4.34,4.01,3.79,3.63,3.52,3.47,3.45,3.36,3.87,4.27,3.82,4.66,5.02,5.34,5.74,5.88,5.96,4.09,3.76,4.01,4.1,4.1,3.9,3.77,3.69,3.63,3.54,3.43,3.42,3.56,3.74,3.99,5.29,5.24,5.43,7.33,7.62,7.7,7.76,7.73,7.55,5.82,4.57,5.16,5.4,5.34,5.27,5.21,5.07,4.91,4.75,4.66,4.55,4.46,4.48,4.47,5.33,5.19,6.28,7.8,7.75,7.66,7.59,7.54,7.38,5.64,4.74,5.57,5.97,6.02,5.87,5.8,5.54,5.26,5.0,4.75,4.48,4.33,4.34,4.52,5.55,5.93,6.96,7.3,6.91,6.71,6.71,6.77,6.48,4.12,4.19,4.64,5.0,5.34,5.42,5.5,5.58,5.65,5.69,5.69,5.55,5.27,5.03,4.84,5.6,5.53,5.11,5.58,4.53,3.29,2.74,2.81,2.53,2.13,2.59,2.79,2.92,3.11,3.41,3.64,3.83,4.01,4.08,4.1,3.98,3.81,3.7,3.58,3.8,4.16,2.7,2.38,2.5,2.61,2.54,2.54,2.35,2.18,2.82,3.1,3.2,3.33,3.38,3.24,3.09
353,4.01,3.79,3.63,3.52,3.47,3.45,3.36,3.87,4.27,3.82,4.66,5.02,5.34,5.74,5.88,5.96,4.09,3.76,4.01,4.1,4.1,3.9,3.77,3.69,3.63,3.54,3.43,3.42,3.56,3.74,3.99,5.29,5.24,5.43,7.33,7.62,7.7,7.76,7.73,7.55,5.82,4.57,5.16,5.4,5.34,5.27,5.21,5.07,4.91,4.75,4.66,4.55,4.46,4.48,4.47,5.33,5.19,6.28,7.8,7.75,7.66,7.59,7.54,7.38,5.64,4.74,5.57,5.97,6.02,5.87,5.8,5.54,5.26,5.0,4.75,4.48,4.33,4.34,4.52,5.55,5.93,6.96,7.3,6.91,6.71,6.71,6.77,6.48,4.12,4.19,4.64,5.0,5.34,5.42,5.5,5.58,5.65,5.69,5.69,5.55,5.27,5.03,4.84,5.6,5.53,5.11,5.58,4.53,3.29,2.74,2.81,2.53,2.13,2.59,2.79,2.92,3.11,3.41,3.64,3.83,4.01,4.08,4.1,3.98,3.81,3.7,3.58,3.8,4.16,2.7,2.38,2.5,2.61,2.54,2.54,2.35,2.18,2.82,3.1,3.2,3.33,3.38,3.24,3.09,2.89,2.68,2.54,2.51,2.53,2.58,2.65,2.6,3.62,3.28,3.92,4.36,4.61,4.97,5.23,5.24,3.51,3.62,3.76,3.9,4.06,4.2,4.38,4.53
354,3.63,3.54,3.43,3.42,3.56,3.74,3.99,5.29,5.24,5.43,7.33,7.62,7.7,7.76,7.73,7.55,5.82,4.57,5.16,5.4,5.34,5.27,5.21,5.07,4.91,4.75,4.66,4.55,4.46,4.48,4.47,5.33,5.19,6.28,7.8,7.75,7.66,7.59,7.54,7.38,5.64,4.74,5.57,5.97,6.02,5.87,5.8,5.54,5.26,5.0,4.75,4.48,4.33,4.34,4.52,5.55,5.93,6.96,7.3,6.91,6.71,6.71,6.77,6.48,4.12,4.19,4.64,5.0,5.34,5.42,5.5,5.58,5.65,5.69,5.69,5.55,5.27,5.03,4.84,5.6,5.53,5.11,5.58,4.53,3.29,2.74,2.81,2.53,2.13,2.59,2.79,2.92,3.11,3.41,3.64,3.83,4.01,4.08,4.1,3.98,3.81,3.7,3.58,3.8,4.16,2.7,2.38,2.5,2.61,2.54,2.54,2.35,2.18,2.82,3.1,3.2,3.33,3.38,3.24,3.09,2.89,2.68,2.54,2.51,2.53,2.58,2.65,2.6,3.62,3.28,3.92,4.36,4.61,4.97,5.23,5.24,3.51,3.62,3.76,3.9,4.06,4.2,4.38,4.53,4.52,4.52,4.78,4.53,4.17,3.91,3.57,4.16,3.98,2.82,2.0,1.86,2.48,3.13,3.78,4.13,2.92,3.29,3.43,3.37,3.25,3.28,3.35,3.38
355,4.91,4.75,4.66,4.55,4.46,4.48,4.47,5.33,5.19,6.28,7.8,7.75,7.66,7.59,7.54,7.38,5.64,4.74,5.57,5.97,6.02,5.87,5.8,5.54,5.26,5.0,4.75,4.48,4.33,4.34,4.52,5.55,5.93,6.96,7.3,6.91,6.71,6.71,6.77,6.48,4.12,4.19,4.64,5.0,5.34,5.42,5.5,5.58,5.65,5.69,5.69,5.55,5.27,5.03,4.84,5.6,5.53,5.11,5.58,4.53,3.29,2.74,2.81,2.53,2.13,2.59,2.79,2.92,3.11,3.41,3.64,3.83,4.01,4.08,4.1,3.98,3.81,3.7,3.58,3.8,4.16,2.7,2.38,2.5,2.61,2.54,2.54,2.35,2.18,2.82,3.1,3.2,3.33,3.38,3.24,3.09,2.89,2.68,2.54,2.51,2.53,2.58,2.65,2.6,3.62,3.28,3.92,4.36,4.61,4.97,5.23,5.24,3.51,3.62,3.76,3.9,4.06,4.2,4.38,4.53,4.52,4.52,4.78,4.53,4.17,3.91,3.57,4.16,3.98,2.82,2.0,1.86,2.48,3.13,3.78,4.13,2.92,3.29,3.43,3.37,3.25,3.28,3.35,3.38,3.35,3.24,3.16,3.1,3.07,3.07,3.08,2.91,4.09,3.4,3.12,3.94,4.59,5.03,5.21,5.0,3.15,3.17,3.14,3.44,3.66,3.7,3.86,4.02
356,5.26,5.0,4.75,4.48,4.33,4.34,4.52,5.55,5.93,6.96,7.3,6.91,6.71,6.71,6.77,6.48,4.12,4.19,4.64,5.0,5.34,5.42,5.5,5.58,5.65,5.69,5.69,5.55,5.27,5.03,4.84,5.6,5.53,5.11,5.58,4.53,3.29,2.74,2.81,2.53,2.13,2.59,2.79,2.92,3.11,3.41,3.64,3.83,4.01,4.08,4.1,3.98,3.81,3.7,3.58,3.8,4.16,2.7,2.38,2.5,2.61,2.54,2.54,2.35,2.18,2.82,3.1,3.2,3.33,3.38,3.24,3.09,2.89,2.68,2.54,2.51,2.53,2.58,2.65,2.6,3.62,3.28,3.92,4.36,4.61,4.97,5.23,5.24,3.51,3.62,3.76,3.9,4.06,4.2,4.38,4.53,4.52,4.52,4.78,4.53,4.17,3.91,3.57,4.16,3.98,2.82,2.0,1.86,2.48,3.13,3.78,4.13,2.92,3.29,3.43,3.37,3.25,3.28,3.35,3.38,3.35,3.24,3.16,3.1,3.07,3.07,3.08,2.91,4.09,3.4,3.12,3.94,4.59,5.03,5.21,5.0,3.15,3.17,3.14,3.44,3.66,3.7,3.86,4.02,4.04,4.05,4.03,4.0,3.97,4.01,4.22,4.85,5.28,4.4,5.71,7.34,8.15,8.14,7.64,6.18,3.62,3.51,3.27,3.07,3.05,3.17,3.26,3.18
357,5.65,5.69,5.69,5.55,5.27,5.03,4.84,5.6,5.53,5.11,5.58,4.53,3.29,2.74,2.81,2.53,2.13,2.59,2.79,2.92,3.11,3.41,3.64,3.83,4.01,4.08,4.1,3.98,3.81,3.7,3.58,3.8,4.16,2.7,2.38,2.5,2.61,2.54,2.54,2.35,2.18,2.82,3.1,3.2,3.33,3.38,3.24,3.09,2.89,2.68,2.54,2.51,2.53,2.58,2.65,2.6,3.62,3.28,3.92,4.36,4.61,4.97,5.23,5.24,3.51,3.62,3.76,3.9,4.06,4.2,4.38,4.53,4.52,4.52,4.78,4.53,4.17,3.91,3.57,4.16,3.98,2.82,2.0,1.86,2.48,3.13,3.78,4.13,2.92,3.29,3.43,3.37,3.25,3.28,3.35,3.38,3.35,3.24,3.16,3.1,3.07,3.07,3.08,2.91,4.09,3.4,3.12,3.94,4.59,5.03,5.21,5.0,3.15,3.17,3.14,3.44,3.66,3.7,3.86,4.02,4.04,4.05,4.03,4.0,3.97,4.01,4.22,4.85,5.28,4.4,5.71,7.34,8.15,8.14,7.64,6.18,3.62,3.51,3.27,3.07,3.05,3.17,3.26,3.18,2.85,2.34,1.6,0.94,0.7,1.23,1.95,2.43,3.99,4.29,4.91,4.33,3.43,2.98,3.03,3.27,2.86,3.88,4.88,5.5,5.43,5.23,4.93,5.09
358,4.01,4.08,4.1,3.98,3.81,3.7,3.58,3.8,4.16,2.7,2.38,2.5,2.61,2.54,2.54,2.35,2.18,2.82,3.1,3.2,3.33,3.38,3.24,3.09,2.89,2.68,2.54,2.51,2.53,2.58,2.65,2.6,3.62,3.28,3.92,4.36,4.61,4.97,5.23,5.24,3.51,3.62,3.76,3.9,4.06,4.2,4.38,4.53,4.52,4.52,4.78,4.53,4.17,3.91,3.57,4.16,3.98,2.82,2.0,1.86,2.48,3.13,3.78,4.13,2.92,3.29,3.43,3.37,3.25,3.28,3.35,3.38,3.35,3.24,3.16,3.1,3.07,3.07,3.08,2.91,4.09,3.4,3.12,3.94,4.59,5.03,5.21,5.0,3.15,3.17,3.14,3.44,3.66,3.7,3.86,4.02,4.04,4.05,4.03,4.0,3.97,4.01,4.22,4.85,5.28,4.4,5.71,7.34,8.15,8.14,7.64,6.18,3.62,3.51,3.27,3.07,3.05,3.17,3.26,3.18,2.85,2.34,1.6,0.94,0.7,1.23,1.95,2.43,3.99,4.29,4.91,4.33,3.43,2.98,3.03,3.27,2.86,3.88,4.88,5.5,5.43,5.23,4.93,5.09,5.49,5.35,5.18,4.8,3.75,3.9,4.21,5.04,4.64,3.91,3.83,2.82,2.13,2.01,2.11,2.0,1.45,1.88,2.33,2.77,2.99,3.09,3.15,3.37
359,2.89,2.68,2.54,2.51,2.53,2.58,2.65,2.6,3.62,3.28,3.92,4.36,4.61,4.97,5.23,5.24,3.51,3.62,3.76,3.9,4.06,4.2,4.38,4.53,4.52,4.52,4.78,4.53,4.17,3.91,3.57,4.16,3.98,2.82,2.0,1.86,2.48,3.13,3.78,4.13,2.92,3.29,3.43,3.37,3.25,3.28,3.35,3.38,3.35,3.24,3.16,3.1,3.07,3.07,3.08,2.91,4.09,3.4,3.12,3.94,4.59,5.03,5.21,5.0,3.15,3.17,3.14,3.44,3.66,3.7,3.86,4.02,4.04,4.05,4.03,4.0,3.97,4.01,4.22,4.85,5.28,4.4,5.71,7.34,8.15,8.14,7.64,6.18,3.62,3.51,3.27,3.07,3.05,3.17,3.26,3.18,2.85,2.34,1.6,0.94,0.7,1.23,1.95,2.43,3.99,4.29,4.91,4.33,3.43,2.98,3.03,3.27,2.86,3.88,4.88,5.5,5.43,5.23,4.93,5.09,5.49,5.35,5.18,4.8,3.75,3.9,4.21,5.04,4.64,3.91,3.83,2.82,2.13,2.01,2.11,2.0,1.45,1.88,2.33,2.77,2.99,3.09,3.15,3.37,3.57,3.58,3.48,3.51,3.63,3.7,3.84,4.82,4.83,4.4,4.34,4.36,4.65,5.03,5.37,5.7,4.58,4.9,5.59,5.37,5.12,4.8,4.45,4.11
360,4.52,4.52,4.78,4.53,4.17,3.91,3.57,4.16,3.98,2.82,2.0,1.86,2.48,3.13,3.78,4.13,2.92,3.29,3.43,3.37,3.25,3.28,3.35,3.38,3.35,3.24,3.16,3.1,3.07,3.07,3.08,2.91,4.09,3.4,3.12,3.94,4.59,5.03,5.21,5.0,3.15,3.17,3.14,3.44,3.66,3.7,3.86,4.02,4.04,4.05,4.03,4.0,3.97,4.01,4.22,4.85,5.28,4.4,5.71,7.34,8.15,8.14,7.64,6.18,3.62,3.51,3.27,3.07,3.05,3.17,3.26,3.18,2.85,2.34,1.6,0.94,0.7,1.23,1.95,2.43,3.99,4.29,4.91,4.33,3.43,2.98,3.03,3.27,2.86,3.88,4.88,5.5,5.43,5.23,4.93,5.09,5.49,5.35,5.18,4.8,3.75,3.9,4.21,5.04,4.64,3.91,3.83,2.82,2.13,2.01,2.11,2.0,1.45,1.88,2.33,2.77,2.99,3.09,3.15,3.37,3.57,3.58,3.48,3.51,3.63,3.7,3.84,4.82,4.83,4.4,4.34,4.36,4.65,5.03,5.37,5.7,4.58,4.9,5.59,5.37,5.12,4.8,4.45,4.11,3.86,3.72,3.63,3.54,3.42,3.25,3.0,2.56,2.96,1.93,1.72,0.65,0.67,1.2,1.79,2.42,2.25,2.92,3.16,3.26,3.25,3.39,3.49,3.7
361,3.35,3.24,3.16,3.1,3.07,3.07,3.08,2.91,4.09,3.4,3.12,3.94,4.59,5.03,5.21,5.0,3.15,3.17,3.14,3.44,3.66,3.7,3.86,4.02,4.04,4.05,4.03,4.0,3.97,4.01,4.22,4.85,5.28,4.4,5.71,7.34,8.15,8.14,7.64,6.18,3.62,3.51,3.27,3.07,3.05,3.17,3.26,3.18,2.85,2.34,1.6,0.94,0.7,1.23,1.95,2.43,3.99,4.29,4.91,4.33,3.43,2.98,3.03,3.27,2.86,3.88,4.88,5.5,5.43,5.23,4.93,5.09,5.49,5.35,5.18,4.8,3.75,3.9,4.21,5.04,4.64,3.91,3.83,2.82,2.13,2.01,2.11,2.0,1.45,1.88,2.33,2.77,2.99,3.09,3.15,3.37,3.57,3.58,3.48,3.51,3.63,3.7,3.84,4.82,4.83,4.4,4.34,4.36,4.65,5.03,5.37,5.7,4.58,4.9,5.59,5.37,5.12,4.8,4.45,4.11,3.86,3.72,3.63,3.54,3.42,3.25,3.0,2.56,2.96,1.93,1.72,0.65,0.67,1.2,1.79,2.42,2.25,2.92,3.16,3.26,3.25,3.39,3.49,3.7,3.8,3.68,3.71,3.73,3.62,3.55,3.32,3.7,4.11,3.57,4.14,4.1,4.0,4.14,4.23,4.49,3.61,3.87,4.78,4.84,4.84,4.98,5.09,5.35
362,4.04,4.05,4.03,4.0,3.97,4.01,4.22,4.85,5.28,4.4,5.71,7.34,8.15,8.14,7.64,6.18,3.62,3.51,3.27,3.07,3.05,3.17,3.26,3.18,2.85,2.34,1.6,0.94,0.7,1.23,1.95,2.43,3.99,4.29,4.91,4.33,3.43,2.98,3.03,3.27,2.86,3.88,4.88,5.5,5.43,5.23,4.93,5.09,5.49,5.35,5.18,4.8,3.75,3.9,4.21,5.04,4.64,3.91,3.83,2.82,2.13,2.01,2.11,2.0,1.45,1.88,2.33,2.77,2.99,3.09,3.15,3.37,3.57,3.58,3.48,3.51,3.63,3.7,3.84,4.82,4.83,4.4,4.34,4.36,4.65,5.03,5.37,5.7,4.58,4.9,5.59,5.37,5.12,4.8,4.45,4.11,3.86,3.72,3.63,3.54,3.42,3.25,3.0,2.56,2.96,1.93,1.72,0.65,0.67,1.2,1.79,2.42,2.25,2.92,3.16,3.26,3.25,3.39,3.49,3.7,3.8,3.68,3.71,3.73,3.62,3.55,3.32,3.7,4.11,3.57,4.14,4.1,4.0,4.14,4.23,4.49,3.61,3.87,4.78,4.84,4.84,4.98,5.09,5.35,5.49,5.17,5.15,4.87,4.73,4.68,4.49,5.17,5.59,6.53,6.18,4.58,3.17,2.28,1.6,1.18,0.76,0.58,0.54,0.62,0.55,0.8,1.07,1.19
363,2.85,2.34,1.6,0.94,0.7,1.23,1.95,2.43,3.99,4.29,4.91,4.33,3.43,2.98,3.03,3.27,2.86,3.88,4.88,5.5,5.43,5.23,4.93,5.09,5.49,5.35,5.18,4.8,3.75,3.9,4.21,5.04,4.64,3.91,3.83,2.82,2.13,2.01,2.11,2.0,1.45,1.88,2.33,2.77,2.99,3.09,3.15,3.37,3.57,3.58,3.48,3.51,3.63,3.7,3.84,4.82,4.83,4.4,4.34,4.36,4.65,5.03,5.37,5.7,4.58,4.9,5.59,5.37,5.12,4.8,4.45,4.11,3.86,3.72,3.63,3.54,3.42,3.25,3.0,2.56,2.96,1.93,1.72,0.65,0.67,1.2,1.79,2.42,2.25,2.92,3.16,3.26,3.25,3.39,3.49,3.7,3.8,3.68,3.71,3.73,3.62,3.55,3.32,3.7,4.11,3.57,4.14,4.1,4.0,4.14,4.23,4.49,3.61,3.87,4.78,4.84,4.84,4.98,5.09,5.35,5.49,5.17,5.15,4.87,4.73,4.68,4.49,5.17,5.59,6.53,6.18,4.58,3.17,2.28,1.6,1.18,0.76,0.58,0.54,0.62,0.55,0.8,1.07,1.19,1.38,1.77,2.57,3.23,3.57,4.19,4.43,4.91,5.4,5.05,6.15,6.1,6.16,6.31,6.22,5.85,3.51,3.4,3.44,3.59,3.69,3.79,3.89,3.96
364,5.49,5.35,5.18,4.8,3.75,3.9,4.21,5.04,4.64,3.91,3.83,2.82,2.13,2.01,2.11,2.0,1.45,1.88,2.33,2.77,2.99,3.09,3.15,3.37,3.57,3.58,3.48,3.51,3.63,3.7,3.84,4.82,4.83,4.4,4.34,4.36,4.65,5.03,5.37,5.7,4.58,4.9,5.59,5.37,5.12,4.8,4.45,4.11,3.86,3.72,3.63,3.54,3.42,3.25,3.0,2.56,2.96,1.93,1.72,0.65,0.67,1.2,1.79,2.42,2.25,2.92,3.16,3.26,3.25,3.39,3.49,3.7,3.8,3.68,3.71,3.73,3.62,3.55,3.32,3.7,4.11,3.57,4.14,4.1,4.0,4.14,4.23,4.49,3.61,3.87,4.78,4.84,4.84,4.98,5.09,5.35,5.49,5.17,5.15,4.87,4.73,4.68,4.49,5.17,5.59,6.53,6.18,4.58,3.17,2.28,1.6,1.18,0.76,0.58,0.54,0.62,0.55,0.8,1.07,1.19,1.38,1.77,2.57,3.23,3.57,4.19,4.43,4.91,5.4,5.05,6.15,6.1,6.16,6.31,6.22,5.85,3.51,3.4,3.44,3.59,3.69,3.79,3.89,3.96,3.95,3.86,3.79,3.73,3.71,3.74,3.71,4.38,4.83,4.42,5.33,6.54,7.67,8.21,8.38,7.91,5.28,4.1,4.09,4.19,4.22,4.26,4.36,4.62
365,3.57,3.58,3.48,3.51,3.63,3.7,3.84,4.82,4.83,4.4,4.34,4.36,4.65,5.03,5.37,5.7,4.58,4.9,5.59,5.37,5.12,4.8,4.45,4.11,3.86,3.72,3.63,3.54,3.42,3.25,3.0,2.56,2.96,1.93,1.72,0.65,0.67,1.2,1.79,2.42,2.25,2.92,3.16,3.26,3.25,3.39,3.49,3.7,3.8,3.68,3.71,3.73,3.62,3.55,3.32,3.7,4.11,3.57,4.14,4.1,4.0,4.14,4.23,4.49,3.61,3.87,4.78,4.84,4.84,4.98,5.09,5.35,5.49,5.17,5.15,4.87,4.73,4.68,4.49,5.17,5.59,6.53,6.18,4.58,3.17,2.28,1.6,1.18,0.76,0.58,0.54,0.62,0.55,0.8,1.07,1.19,1.38,1.77,2.57,3.23,3.57,4.19,4.43,4.91,5.4,5.05,6.15,6.1,6.16,6.31,6.22,5.85,3.51,3.4,3.44,3.59,3.69,3.79,3.89,3.96,3.95,3.86,3.79,3.73,3.71,3.74,3.71,4.38,4.83,4.42,5.33,6.54,7.67,8.21,8.38,7.91,5.28,4.1,4.09,4.19,4.22,4.26,4.36,4.62,4.6,4.17,3.4,2.97,2.8,2.69,2.72,3.16,4.54,4.4,6.04,7.78,8.3,8.42,8.08,6.4,4.33,4.29,4.51,4.57,4.53,4.42,4.35,4.27
366,3.86,3.72,3.63,3.54,3.42,3.25,3.0,2.56,2.96,1.93,1.72,0.65,0.67,1.2,1.79,2.42,2.25,2.92,3.16,3.26,3.25,3.39,3.49,3.7,3.8,3.68,3.71,3.73,3.62,3.55,3.32,3.7,4.11,3.57,4.14,4.1,4.0,4.14,4.23,4.49,3.61,3.87,4.78,4.84,4.84,4.98,5.09,5.35,5.49,5.17,5.15,4.87,4.73,4.68,4.49,5.17,5.59,6.53,6.18,4.58,3.17,2.28,1.6,1.18,0.76,0.58,0.54,0.62,0.55,0.8,1.07,1.19,1.38,1.77,2.57,3.23,3.57,4.19,4.43,4.91,5.4,5.05,6.15,6.1,6.16,6.31,6.22,5.85,3.51,3.4,3.44,3.59,3.69,3.79,3.89,3.96,3.95,3.86,3.79,3.73,3.71,3.74,3.71,4.38,4.83,4.42,5.33,6.54,7.67,8.21,8.38,7.91,5.28,4.1,4.09,4.19,4.22,4.26,4.36,4.62,4.6,4.17,3.4,2.97,2.8,2.69,2.72,3.16,4.54,4.4,6.04,7.78,8.3,8.42,8.08,6.4,4.33,4.29,4.51,4.57,4.53,4.42,4.35,4.27,4.25,4.3,4.37,4.4,4.35,4.45,4.7,5.96,6.48,6.45,7.83,9.05,9.47,9.39,9.08,7.93,5.02,4.5,4.61,4.87,5.34,5.84,6.19,6.27
367,3.8,3.68,3.71,3.73,3.62,3.55,3.32,3.7,4.11,3.57,4.14,4.1,4.0,4.14,4.23,4.49,3.61,3.87,4.78,4.84,4.84,4.98,5.09,5.35,5.49,5.17,5.15,4.87,4.73,4.68,4.49,5.17,5.59,6.53,6.18,4.58,3.17,2.28,1.6,1.18,0.76,0.58,0.54,0.62,0.55,0.8,1.07,1.19,1.38,1.77,2.57,3.23,3.57,4.19,4.43,4.91,5.4,5.05,6.15,6.1,6.16,6.31,6.22,5.85,3.51,3.4,3.44,3.59,3.69,3.79,3.89,3.96,3.95,3.86,3.79,3.73,3.71,3.74,3.71,4.38,4.83,4.42,5.33,6.54,7.67,8.21,8.38,7.91,5.28,4.1,4.09,4.19,4.22,4.26,4.36,4.62,4.6,4.17,3.4,2.97,2.8,2.69,2.72,3.16,4.54,4.4,6.04,7.78,8.3,8.42,8.08,6.4,4.33,4.29,4.51,4.57,4.53,4.42,4.35,4.27,4.25,4.3,4.37,4.4,4.35,4.45,4.7,5.96,6.48,6.45,7.83,9.05,9.47,9.39,9.08,7.93,5.02,4.5,4.61,4.87,5.34,5.84,6.19,6.27,6.04,5.56,5.03,4.65,4.35,4.06,3.94,4.78,5.05,4.35,5.87,6.99,7.63,8.17,8.68,8.62,6.64,4.53,4.29,4.25,4.5,4.51,4.46,4.14
368,5.49,5.17,5.15,4.87,4.73,4.68,4.49,5.17,5.59,6.53,6.18,4.58,3.17,2.28,1.6,1.18,0.76,0.58,0.54,0.62,0.55,0.8,1.07,1.19,1.38,1.77,2.57,3.23,3.57,4.19,4.43,4.91,5.4,5.05,6.15,6.1,6.16,6.31,6.22,5.85,3.51,3.4,3.44,3.59,3.69,3.79,3.89,3.96,3.95,3.86,3.79,3.73,3.71,3.74,3.71,4.38,4.83,4.42,5.33,6.54,7.67,8.21,8.38,7.91,5.28,4.1,4.09,4.19,4.22,4.26,4.36,4.62,4.6,4.17,3.4,2.97,2.8,2.69,2.72,3.16,4.54,4.4,6.04,7.78,8.3,8.42,8.08,6.4,4.33,4.29,4.51,4.57,4.53,4.42,4.35,4.27,4.25,4.3,4.37,4.4,4.35,4.45,4.7,5.96,6.48,6.45,7.83,9.05,9.47,9.39,9.08,7.93,5.02,4.5,4.61,4.87,5.34,5.84,6.19,6.27,6.04,5.56,5.03,4.65,4.35,4.06,3.94,4.78,5.05,4.35,5.87,6.99,7.63,8.17,8.68,8.62,6.64,4.53,4.29,4.25,4.5,4.51,4.46,4.14,3.84,3.77,3.79,3.88,3.84,3.66,3.54,4.55,4.84,5.56,6.29,6.76,7.1,7.25,7.15,6.88,4.64,3.66,3.63,3.62,3.62,3.63,3.63,3.64
369,1.38,1.77,2.57,3.23,3.57,4.19,4.43,4.91,5.4,5.05,6.15,6.1,6.16,6.31,6.22,5.85,3.51,3.4,3.44,3.59,3.69,3.79,3.89,3.96,3.95,3.86,3.79,3.73,3.71,3.74,3.71,4.38,4.83,4.42,5.33,6.54,7.67,8.21,8.38,7.91,5.28,4.1,4.09,4.19,4.22,4.26,4.36,4.62,4.6,4.17,3.4,2.97,2.8,2.69,2.72,3.16,4.54,4.4,6.04,7.78,8.3,8.42,8.08,6.4,4.33,4.29,4.51,4.57,4.53,4.42,4.35,4.27,4.25,4.3,4.37,4.4,4.35,4.45,4.7,5.96,6.48,6.45,7.83,9.05,9.47,9.39,9.08,7.93,5.02,4.5,4.61,4.87,5.34,5.84,6.19,6.27,6.04,5.56,5.03,4.65,4.35,4.06,3.94,4.78,5.05,4.35,5.87,6.99,7.63,8.17,8.68,8.62,6.64,4.53,4.29,4.25,4.5,4.51,4.46,4.14,3.84,3.77,3.79,3.88,3.84,3.66,3.54,4.55,4.84,5.56,6.29,6.76,7.1,7.25,7.15,6.88,4.64,3.66,3.63,3.62,3.62,3.63,3.63,3.64,3.62,3.55,3.49,3.42,3.35,3.27,3.18,3.73,4.15,4.02,5.49,6.23,6.45,6.58,6.5,6.21,4.07,3.57,3.68,3.75,3.8,3.88,4.4,5.38
370,3.95,3.86,3.79,3.73,3.71,3.74,3.71,4.38,4.83,4.42,5.33,6.54,7.67,8.21,8.38,7.91,5.28,4.1,4.09,4.19,4.22,4.26,4.36,4.62,4.6,4.17,3.4,2.97,2.8,2.69,2.72,3.16,4.54,4.4,6.04,7.78,8.3,8.42,8.08,6.4,4.33,4.29,4.51,4.57,4.53,4.42,4.35,4.27,4.25,4.3,4.37,4.4,4.35,4.45,4.7,5.96,6.48,6.45,7.83,9.05,9.47,9.39,9.08,7.93,5.02,4.5,4.61,4.87,5.34,5.84,6.19,6.27,6.04,5.56,5.03,4.65,4.35,4.06,3.94,4.78,5.05,4.35,5.87,6.99,7.63,8.17,8.68,8.62,6.64,4.53,4.29,4.25,4.5,4.51,4.46,4.14,3.84,3.77,3.79,3.88,3.84,3.66,3.54,4.55,4.84,5.56,6.29,6.76,7.1,7.25,7.15,6.88,4.64,3.66,3.63,3.62,3.62,3.63,3.63,3.64,3.62,3.55,3.49,3.42,3.35,3.27,3.18,3.73,4.15,4.02,5.49,6.23,6.45,6.58,6.5,6.21,4.07,3.57,3.68,3.75,3.8,3.88,4.4,5.38,5.69,4.9,4.74,4.78,4.58,4.39,4.36,5.51,5.25,5.82,6.85,6.73,6.41,6.31,6.39,6.32,5.1,4.1,5.0,5.51,5.59,5.5,5.42,5.73
371,4.6,4.17,3.4,2.97,2.8,2.69,2.72,3.16,4.54,4.4,6.04,7.78,8.3,8.42,8.08,6.4,4.33,4.29,4.51,4.57,4.53,4.42,4.35,4.27,4.25,4.3,4.37,4.4,4.35,4.45,4.7,5.96,6.48,6.45,7.83,9.05,9.47,9.39,9.08,7.93,5.02,4.5,4.61,4.87,5.34,5.84,6.19,6.27,6.04,5.56,5.03,4.65,4.35,4.06,3.94,4.78,5.05,4.35,5.87,6.99,7.63,8.17,8.68,8.62,6.64,4.53,4.29,4.25,4.5,4.51,4.46,4.14,3.84,3.77,3.79,3.88,3.84,3.66,3.54,4.55,4.84,5.56,6.29,6.76,7.1,7.25,7.15,6.88,4.64,3.66,3.63,3.62,3.62,3.63,3.63,3.64,3.62,3.55,3.49,3.42,3.35,3.27,3.18,3.73,4.15,4.02,5.49,6.23,6.45,6.58,6.5,6.21,4.07,3.57,3.68,3.75,3.8,3.88,4.4,5.38,5.69,4.9,4.74,4.78,4.58,4.39,4.36,5.51,5.25,5.82,6.85,6.73,6.41,6.31,6.39,6.32,5.1,4.1,5.0,5.51,5.59,5.5,5.42,5.73,6.12,6.17,5.96,5.67,5.49,5.8,5.56,6.07,5.89,7.09,7.97,6.71,5.72,5.29,5.28,5.49,4.16,4.64,6.16,6.68,6.6,6.27,5.64,5.32
372,4.25,4.3,4.37,4.4,4.35,4.45,4.7,5.96,6.48,6.45,7.83,9.05,9.47,9.39,9.08,7.93,5.02,4.5,4.61,4.87,5.34,5.84,6.19,6.27,6.04,5.56,5.03,4.65,4.35,4.06,3.94,4.78,5.05,4.35,5.87,6.99,7.63,8.17,8.68,8.62,6.64,4.53,4.29,4.25,4.5,4.51,4.46,4.14,3.84,3.77,3.79,3.88,3.84,3.66,3.54,4.55,4.84,5.56,6.29,6.76,7.1,7.25,7.15,6.88,4.64,3.66,3.63,3.62,3.62,3.63,3.63,3.64,3.62,3.55,3.49,3.42,3.35,3.27,3.18,3.73,4.15,4.02,5.49,6.23,6.45,6.58,6.5,6.21,4.07,3.57,3.68,3.75,3.8,3.88,4.4,5.38,5.69,4.9,4.74,4.78,4.58,4.39,4.36,5.51,5.25,5.82,6.85,6.73,6.41,6.31,6.39,6.32,5.1,4.1,5.0,5.51,5.59,5.5,5.42,5.73,6.12,6.17,5.96,5.67,5.49,5.8,5.56,6.07,5.89,7.09,7.97,6.71,5.72,5.29,5.28,5.49,4.16,4.64,6.16,6.68,6.6,6.27,5.64,5.32,4.87,4.71,4.6,4.37,4.15,4.02,3.91,4.95,4.59,4.69,5.95,5.72,5.66,5.86,6.13,6.14,4.46,3.74,3.88,3.88,3.82,3.76,3.71,3.63
373,6.04,5.56,5.03,4.65,4.35,4.06,3.94,4.78,5.05,4.35,5.87,6.99,7.63,8.17,8.68,8.62,6.64,4.53,4.29,4.25,4.5,4.51,4.46,4.14,3.84,3.77,3.79,3.88,3.84,3.66,3.54,4.55,4.84,5.56,6.29,6.76,7.1,7.25,7.15,6.88,4.64,3.66,3.63,3.62,3.62,3.63,3.63,3.64,3.62,3.55,3.49,3.42,3.35,3.27,3.18,3.73,4.15,4.02,5.49,6.23,6.45,6.58,6.5,6.21,4.07,3.57,3.68,3.75,3.8,3.88,4.4,5.38,5.69,4.9,4.74,4.78,4.58,4.39,4.36,5.51,5.25,5.82,6.85,6.73,6.41,6.31,6.39,6.32,5.1,4.1,5.0,5.51,5.59,5.5,5.42,5.73,6.12,6.17,5.96,5.67,5.49,5.8,5.56,6.07,5.89,7.09,7.97,6.71,5.72,5.29,5.28,5.49,4.16,4.64,6.16,6.68,6.6,6.27,5.64,5.32,4.87,4.71,4.6,4.37,4.15,4.02,3.91,4.95,4.59,4.69,5.95,5.72,5.66,5.86,6.13,6.14,4.46,3.74,3.88,3.88,3.82,3.76,3.71,3.63,3.59,3.57,3.55,3.54,3.52,3.48,3.42,3.24,3.72,3.08,3.86,3.81,3.71,3.81,4.19,4.52,3.24,3.71,4.01,4.17,4.21,4.16,4.06,3.96
374,3.84,3.77,3.79,3.88,3.84,3.66,3.54,4.55,4.84,5.56,6.29,6.76,7.1,7.25,7.15,6.88,4.64,3.66,3.63,3.62,3.62,3.63,3.63,3.64,3.62,3.55,3.49,3.42,3.35,3.27,3.18,3.73,4.15,4.02,5.49,6.23,6.45,6.58,6.5,6.21,4.07,3.57,3.68,3.75,3.8,3.88,4.4,5.38,5.69,4.9,4.74,4.78,4.58,4.39,4.36,5.51,5.25,5.82,6.85,6.73,6.41,6.31,6.39,6.32,5.1,4.1,5.0,5.51,5.59,5.5,5.42,5.73,6.12,6.17,5.96,5.67,5.49,5.8,5.56,6.07,5.89,7.09,7.97,6.71,5.72,5.29,5.28,5.49,4.16,4.64,6.16,6.68,6.6,6.27,5.64,5.32,4.87,4.71,4.6,4.37,4.15,4.02,3.91,4.95,4.59,4.69,5.95,5.72,5.66,5.86,6.13,6.14,4.46,3.74,3.88,3.88,3.82,3.76,3.71,3.63,3.59,3.57,3.55,3.54,3.52,3.48,3.42,3.24,3.72,3.08,3.86,3.81,3.71,3.81,4.19,4.52,3.24,3.71,4.01,4.17,4.21,4.16,4.06,3.96,3.89,3.87,3.86,3.82,3.73,3.6,3.51,4.12,4.14,3.28,4.22,4.16,4.2,4.7,5.36,5.76,4.19,4.34,5.14,5.81,6.07,6.06,5.82,5.61
375,3.62,3.55,3.49,3.42,3.35,3.27,3.18,3.73,4.15,4.02,5.49,6.23,6.45,6.58,6.5,6.21,4.07,3.57,3.68,3.75,3.8,3.88,4.4,5.38,5.69,4.9,4.74,4.78,4.58,4.39,4.36,5.51,5.25,5.82,6.85,6.73,6.41,6.31,6.39,6.32,5.1,4.1,5.0,5.51,5.59,5.5,5.42,5.73,6.12,6.17,5.96,5.67,5.49,5.8,5.56,6.07,5.89,7.09,7.97,6.71,5.72,5.29,5.28,5.49,4.16,4.64,6.16,6.68,6.6,6.27,5.64,5.32,4.87,4.71,4.6,4.37,4.15,4.02,3.91,4.95,4.59,4.69,5.95,5.72,5.66,5.86,6.13,6.14,4.46,3.74,3.88,3.88,3.82,3.76,3.71,3.63,3.59,3.57,3.55,3.54,3.52,3.48,3.42,3.24,3.72,3.08,3.86,3.81,3.71,3.81,4.19,4.52,3.24,3.71,4.01,4.17,4.21,4.16,4.06,3.96,3.89,3.87,3.86,3.82,3.73,3.6,3.51,4.12,4.14,3.28,4.22,4.16,4.2,4.7,5.36,5.76,4.19,4.34,5.14,5.81,6.07,6.06,5.82,5.61,5.46,5.26,4.89,4.52,4.42,4.92,5.56,6.33,6.09,7.09,7.61,7.22,7.02,7.12,7.19,7.01,5.09,4.36,4.98,5.46,5.76,5.68,5.5,5.34
376,5.69,4.9,4.74,4.78,4.58,4.39,4.36,5.51,5.25,5.82,6.85,6.73,6.41,6.31,6.39,6.32,5.1,4.1,5.0,5.51,5.59,5.5,5.42,5.73,6.12,6.17,5.96,5.67,5.49,5.8,5.56,6.07,5.89,7.09,7.97,6.71,5.72,5.29,5.28,5.49,4.16,4.64,6.16,6.68,6.6,6.27,5.64,5.32,4.87,4.71,4.6,4.37,4.15,4.02,3.91,4.95,4.59,4.69,5.95,5.72,5.66,5.86,6.13,6.14,4.46,3.74,3.88,3.88,3.82,3.76,3.71,3.63,3.59,3.57,3.55,3.54,3.52,3.48,3.42,3.24,3.72,3.08,3.86,3.81,3.71,3.81,4.19,4.52,3.24,3.71,4.01,4.17,4.21,4.16,4.06,3.96,3.89,3.87,3.86,3.82,3.73,3.6,3.51,4.12,4.14,3.28,4.22,4.16,4.2,4.7,5.36,5.76,4.19,4.34,5.14,5.81,6.07,6.06,5.82,5.61,5.46,5.26,4.89,4.52,4.42,4.92,5.56,6.33,6.09,7.09,7.61,7.22,7.02,7.12,7.19,7.01,5.09,4.36,4.98,5.46,5.76,5.68,5.5,5.34,5.08,5.02,5.05,4.74,4.44,4.37,4.43,5.65,5.4,5.55,6.96,6.49,6.17,6.0,5.89,5.54,3.54,4.2,4.76,5.08,5.06,4.86,4.88,4.95
377,6.12,6.17,5.96,5.67,5.49,5.8,5.56,6.07,5.89,7.09,7.97,6.71,5.72,5.29,5.28,5.49,4.16,4.64,6.16,6.68,6.6,6.27,5.64,5.32,4.87,4.71,4.6,4.37,4.15,4.02,3.91,4.95,4.59,4.69,5.95,5.72,5.66,5.86,6.13,6.14,4.46,3.74,3.88,3.88,3.82,3.76,3.71,3.63,3.59,3.57,3.55,3.54,3.52,3.48,3.42,3.24,3.72,3.08,3.86,3.81,3.71,3.81,4.19,4.52,3.24,3.71,4.01,4.17,4.21,4.16,4.06,3.96,3.89,3.87,3.86,3.82,3.73,3.6,3.51,4.12,4.14,3.28,4.22,4.16,4.2,4.7,5.36,5.76,4.19,4.34,5.14,5.81,6.07,6.06,5.82,5.61,5.46,5.26,4.89,4.52,4.42,4.92,5.56,6.33,6.09,7.09,7.61,7.22,7.02,7.12,7.19,7.01,5.09,4.36,4.98,5.46,5.76,5.68,5.5,5.34,5.08,5.02,5.05,4.74,4.44,4.37,4.43,5.65,5.4,5.55,6.96,6.49,6.17,6.0,5.89,5.54,3.54,4.2,4.76,5.08,5.06,4.86,4.88,4.95,4.9,4.86,4.77,4.58,4.5,4.41,4.3,5.55,5.43,4.94,6.5,6.65,5.92,5.27,4.79,4.01,2.71,2.9,3.15,3.53,3.88,4.13,4.43,4.84
378,4.87,4.71,4.6,4.37,4.15,4.02,3.91,4.95,4.59,4.69,5.95,5.72,5.66,5.86,6.13,6.14,4.46,3.74,3.88,3.88,3.82,3.76,3.71,3.63,3.59,3.57,3.55,3.54,3.52,3.48,3.42,3.24,3.72,3.08,3.86,3.81,3.71,3.81,4.19,4.52,3.24,3.71,4.01,4.17,4.21,4.16,4.06,3.96,3.89,3.87,3.86,3.82,3.73,3.6,3.51,4.12,4.14,3.28,4.22,4.16,4.2,4.7,5.36,5.76,4.19,4.34,5.14,5.81,6.07,6.06,5.82,5.61,5.46,5.26,4.89,4.52,4.42,4.92,5.56,6.33,6.09,7.09,7.61,7.22,7.02,7.12,7.19,7.01,5.09,4.36,4.98,5.46,5.76,5.68,5.5,5.34,5.08,5.02,5.05,4.74,4.44,4.37,4.43,5.65,5.4,5.55,6.96,6.49,6.17,6.0,5.89,5.54,3.54,4.2,4.76,5.08,5.06,4.86,4.88,4.95,4.9,4.86,4.77,4.58,4.5,4.41,4.3,5.55,5.43,4.94,6.5,6.65,5.92,5.27,4.79,4.01,2.71,2.9,3.15,3.53,3.88,4.13,4.43,4.84,4.96,4.74,4.68,4.54,4.26,3.9,3.67,4.15,3.97,2.49,2.47,2.23,1.62,1.81,2.53,3.03,2.51,3.24,3.4,3.33,3.31,3.31,3.25,3.16
379,3.59,3.57,3.55,3.54,3.52,3.48,3.42,3.24,3.72,3.08,3.86,3.81,3.71,3.81,4.19,4.52,3.24,3.71,4.01,4.17,4.21,4.16,4.06,3.96,3.89,3.87,3.86,3.82,3.73,3.6,3.51,4.12,4.14,3.28,4.22,4.16,4.2,4.7,5.36,5.76,4.19,4.34,5.14,5.81,6.07,6.06,5.82,5.61,5.46,5.26,4.89,4.52,4.42,4.92,5.56,6.33,6.09,7.09,7.61,7.22,7.02,7.12,7.19,7.01,5.09,4.36,4.98,5.46,5.76,5.68,5.5,5.34,5.08,5.02,5.05,4.74,4.44,4.37,4.43,5.65,5.4,5.55,6.96,6.49,6.17,6.0,5.89,5.54,3.54,4.2,4.76,5.08,5.06,4.86,4.88,4.95,4.9,4.86,4.77,4.58,4.5,4.41,4.3,5.55,5.43,4.94,6.5,6.65,5.92,5.27,4.79,4.01,2.71,2.9,3.15,3.53,3.88,4.13,4.43,4.84,4.96,4.74,4.68,4.54,4.26,3.9,3.67,4.15,3.97,2.49,2.47,2.23,1.62,1.81,2.53,3.03,2.51,3.24,3.4,3.33,3.31,3.31,3.25,3.16,3.08,3.01,2.91,2.99,3.21,3.24,3.11,2.69,3.46,2.68,3.37,4.12,4.66,4.89,4.99,4.88,3.17,3.5,3.58,3.65,3.75,3.85,3.9,3.93
380,3.89,3.87,3.86,3.82,3.73,3.6,3.51,4.12,4.14,3.28,4.22,4.16,4.2,4.7,5.36,5.76,4.19,4.34,5.14,5.81,6.07,6.06,5.82,5.61,5.46,5.26,4.89,4.52,4.42,4.92,5.56,6.33,6.09,7.09,7.61,7.22,7.02,7.12,7.19,7.01,5.09,4.36,4.98,5.46,5.76,5.68,5.5,5.34,5.08,5.02,5.05,4.74,4.44,4.37,4.43,5.65,5.4,5.55,6.96,6.49,6.17,6.0,5.89,5.54,3.54,4.2,4.76,5.08,5.06,4.86,4.88,4.95,4.9,4.86,4.77,4.58,4.5,4.41,4.3,5.55,5.43,4.94,6.5,6.65,5.92,5.27,4.79,4.01,2.71,2.9,3.15,3.53,3.88,4.13,4.43,4.84,4.96,4.74,4.68,4.54,4.26,3.9,3.67,4.15,3.97,2.49,2.47,2.23,1.62,1.81,2.53,3.03,2.51,3.24,3.4,3.33,3.31,3.31,3.25,3.16,3.08,3.01,2.91,2.99,3.21,3.24,3.11,2.69,3.46,2.68,3.37,4.12,4.66,4.89,4.99,4.88,3.17,3.5,3.58,3.65,3.75,3.85,3.9,3.93,3.92,3.91,3.92,3.89,3.79,3.61,3.33,2.81,3.55,2.64,2.99,3.4,3.3,3.17,3.28,3.37,2.55,3.12,3.22,3.03,2.67,2.36,2.24,2.21
381,5.46,5.26,4.89,4.52,4.42,4.92,5.56,6.33,6.09,7.09,7.61,7.22,7.02,7.12,7.19,7.01,5.09,4.36,4.98,5.46,5.76,5.68,5.5,5.34,5.08,5.02,5.05,4.74,4.44,4.37,4.43,5.65,5.4,5.55,6.96,6.49,6.17,6.0,5.89,5.54,3.54,4.2,4.76,5.08,5.06,4.86,4.88,4.95,4.9,4.86,4.77,4.58,4.5,4.41,4.3,5.55,5.43,4.94,6.5,6.65,5.92,5.27,4.79,4.01,2.71,2.9,3.15,3.53,3.88,4.13,4.43,4.84,4.96,4.74,4.68,4.54,4.26,3.9,3.67,4.15,3.97,2.49,2.47,2.23,1.62,1.81,2.53,3.03,2.51,3.24,3.4,3.33,3.31,3.31,3.25,3.16,3.08,3.01,2.91,2.99,3.21,3.24,3.11,2.69,3.46,2.68,3.37,4.12,4.66,4.89,4.99,4.88,3.17,3.5,3.58,3.65,3.75,3.85,3.9,3.93,3.92,3.91,3.92,3.89,3.79,3.61,3.33,2.81,3.55,2.64,2.99,3.4,3.3,3.17,3.28,3.37,2.55,3.12,3.22,3.03,2.67,2.36,2.24,2.21,2.14,2.07,2.08,2.23,2.52,2.87,3.15,3.07,4.05,3.25,3.17,2.96,2.72,2.04,1.55,1.33,1.59,2.31,2.56,2.66,2.83,3.04,3.15,3.24
382,5.08,5.02,5.05,4.74,4.44,4.37,4.43,5.65,5.4,5.55,6.96,6.49,6.17,6.0,5.89,5.54,3.54,4.2,4.76,5.08,5.06,4.86,4.88,4.95,4.9,4.86,4.77,4.58,4.5,4.41,4.3,5.55,5.43,4.94,6.5,6.65,5.92,5.27,4.79,4.01,2.71,2.9,3.15,3.53,3.88,4.13,4.43,4.84,4.96,4.74,4.68,4.54,4.26,3.9,3.67,4.15,3.97,2.49,2.47,2.23,1.62,1.81,2.53,3.03,2.51,3.24,3.4,3.33,3.31,3.31,3.25,3.16,3.08,3.01,2.91,2.99,3.21,3.24,3.11,2.69,3.46,2.68,3.37,4.12,4.66,4.89,4.99,4.88,3.17,3.5,3.58,3.65,3.75,3.85,3.9,3.93,3.92,3.91,3.92,3.89,3.79,3.61,3.33,2.81,3.55,2.64,2.99,3.4,3.3,3.17,3.28,3.37,2.55,3.12,3.22,3.03,2.67,2.36,2.24,2.21,2.14,2.07,2.08,2.23,2.52,2.87,3.15,3.07,4.05,3.25,3.17,2.96,2.72,2.04,1.55,1.33,1.59,2.31,2.56,2.66,2.83,3.04,3.15,3.24,3.27,3.21,3.13,3.05,2.91,2.75,2.61,2.28,2.47,1.51,0.64,1.44,2.02,2.53,2.56,2.37,1.88,2.12,1.99,1.78,1.49,1.33,1.52,1.83
383,4.9,4.86,4.77,4.58,4.5,4.41,4.3,5.55,5.43,4.94,6.5,6.65,5.92,5.27,4.79,4.01,2.71,2.9,3.15,3.53,3.88,4.13,4.43,4.84,4.96,4.74,4.68,4.54,4.26,3.9,3.67,4.15,3.97,2.49,2.47,2.23,1.62,1.81,2.53,3.03,2.51,3.24,3.4,3.33,3.31,3.31,3.25,3.16,3.08,3.01,2.91,2.99,3.21,3.24,3.11,2.69,3.46,2.68,3.37,4.12,4.66,4.89,4.99,4.88,3.17,3.5,3.58,3.65,3.75,3.85,3.9,3.93,3.92,3.91,3.92,3.89,3.79,3.61,3.33,2.81,3.55,2.64,2.99,3.4,3.3,3.17,3.28,3.37,2.55,3.12,3.22,3.03,2.67,2.36,2.24,2.21,2.14,2.07,2.08,2.23,2.52,2.87,3.15,3.07,4.05,3.25,3.17,2.96,2.72,2.04,1.55,1.33,1.59,2.31,2.56,2.66,2.83,3.04,3.15,3.24,3.27,3.21,3.13,3.05,2.91,2.75,2.61,2.28,2.47,1.51,0.64,1.44,2.02,2.53,2.56,2.37,1.88,2.12,1.99,1.78,1.49,1.33,1.52,1.83,1.99,2.15,2.32,2.27,2.02,1.95,1.71,1.42,1.72,1.37,1.84,2.76,2.96,3.23,3.17,2.31,2.63,3.32,3.14,2.79,2.37,1.96,1.9,2.09
384,4.96,4.74,4.68,4.54,4.26,3.9,3.67,4.15,3.97,2.49,2.47,2.23,1.62,1.81,2.53,3.03,2.51,3.24,3.4,3.33,3.31,3.31,3.25,3.16,3.08,3.01,2.91,2.99,3.21,3.24,3.11,2.69,3.46,2.68,3.37,4.12,4.66,4.89,4.99,4.88,3.17,3.5,3.58,3.65,3.75,3.85,3.9,3.93,3.92,3.91,3.92,3.89,3.79,3.61,3.33,2.81,3.55,2.64,2.99,3.4,3.3,3.17,3.28,3.37,2.55,3.12,3.22,3.03,2.67,2.36,2.24,2.21,2.14,2.07,2.08,2.23,2.52,2.87,3.15,3.07,4.05,3.25,3.17,2.96,2.72,2.04,1.55,1.33,1.59,2.31,2.56,2.66,2.83,3.04,3.15,3.24,3.27,3.21,3.13,3.05,2.91,2.75,2.61,2.28,2.47,1.51,0.64,1.44,2.02,2.53,2.56,2.37,1.88,2.12,1.99,1.78,1.49,1.33,1.52,1.83,1.99,2.15,2.32,2.27,2.02,1.95,1.71,1.42,1.72,1.37,1.84,2.76,2.96,3.23,3.17,2.31,2.63,3.32,3.14,2.79,2.37,1.96,1.9,2.09,2.35,2.64,2.99,3.43,3.84,4.01,3.99,4.66,5.16,4.65,6.91,7.29,6.61,6.15,6.08,6.16,4.7,4.18,4.56,4.68,4.59,4.45,4.34,4.29
385,3.08,3.01,2.91,2.99,3.21,3.24,3.11,2.69,3.46,2.68,3.37,4.12,4.66,4.89,4.99,4.88,3.17,3.5,3.58,3.65,3.75,3.85,3.9,3.93,3.92,3.91,3.92,3.89,3.79,3.61,3.33,2.81,3.55,2.64,2.99,3.4,3.3,3.17,3.28,3.37,2.55,3.12,3.22,3.03,2.67,2.36,2.24,2.21,2.14,2.07,2.08,2.23,2.52,2.87,3.15,3.07,4.05,3.25,3.17,2.96,2.72,2.04,1.55,1.33,1.59,2.31,2.56,2.66,2.83,3.04,3.15,3.24,3.27,3.21,3.13,3.05,2.91,2.75,2.61,2.28,2.47,1.51,0.64,1.44,2.02,2.53,2.56,2.37,1.88,2.12,1.99,1.78,1.49,1.33,1.52,1.83,1.99,2.15,2.32,2.27,2.02,1.95,1.71,1.42,1.72,1.37,1.84,2.76,2.96,3.23,3.17,2.31,2.63,3.32,3.14,2.79,2.37,1.96,1.9,2.09,2.35,2.64,2.99,3.43,3.84,4.01,3.99,4.66,5.16,4.65,6.91,7.29,6.61,6.15,6.08,6.16,4.7,4.18,4.56,4.68,4.59,4.45,4.34,4.29,4.25,4.21,4.12,4.01,3.95,3.97,4.06,5.39,4.81,4.95,5.77,5.34,5.07,5.18,5.51,5.93,5.08,4.76,6.14,6.51,6.09,5.44,5.24,5.19
386,3.92,3.91,3.92,3.89,3.79,3.61,3.33,2.81,3.55,2.64,2.99,3.4,3.3,3.17,3.28,3.37,2.55,3.12,3.22,3.03,2.67,2.36,2.24,2.21,2.14,2.07,2.08,2.23,2.52,2.87,3.15,3.07,4.05,3.25,3.17,2.96,2.72,2.04,1.55,1.33,1.59,2.31,2.56,2.66,2.83,3.04,3.15,3.24,3.27,3.21,3.13,3.05,2.91,2.75,2.61,2.28,2.47,1.51,0.64,1.44,2.02,2.53,2.56,2.37,1.88,2.12,1.99,1.78,1.49,1.33,1.52,1.83,1.99,2.15,2.32,2.27,2.02,1.95,1.71,1.42,1.72,1.37,1.84,2.76,2.96,3.23,3.17,2.31,2.63,3.32,3.14,2.79,2.37,1.96,1.9,2.09,2.35,2.64,2.99,3.43,3.84,4.01,3.99,4.66,5.16,4.65,6.91,7.29,6.61,6.15,6.08,6.16,4.7,4.18,4.56,4.68,4.59,4.45,4.34,4.29,4.25,4.21,4.12,4.01,3.95,3.97,4.06,5.39,4.81,4.95,5.77,5.34,5.07,5.18,5.51,5.93,5.08,4.76,6.14,6.51,6.09,5.44,5.24,5.19,5.0,4.68,4.38,4.15,4.04,4.04,4.1,5.45,4.91,5.23,7.27,7.14,6.69,6.29,6.01,5.7,3.61,3.8,4.24,4.65,4.78,4.64,4.54,4.49
387,2.14,2.07,2.08,2.23,2.52,2.87,3.15,3.07,4.05,3.25,3.17,2.96,2.72,2.04,1.55,1.33,1.59,2.31,2.56,2.66,2.83,3.04,3.15,3.24,3.27,3.21,3.13,3.05,2.91,2.75,2.61,2.28,2.47,1.51,0.64,1.44,2.02,2.53,2.56,2.37,1.88,2.12,1.99,1.78,1.49,1.33,1.52,1.83,1.99,2.15,2.32,2.27,2.02,1.95,1.71,1.42,1.72,1.37,1.84,2.76,2.96,3.23,3.17,2.31,2.63,3.32,3.14,2.79,2.37,1.96,1.9,2.09,2.35,2.64,2.99,3.43,3.84,4.01,3.99,4.66,5.16,4.65,6.91,7.29,6.61,6.15,6.08,6.16,4.7,4.18,4.56,4.68,4.59,4.45,4.34,4.29,4.25,4.21,4.12,4.01,3.95,3.97,4.06,5.39,4.81,4.95,5.77,5.34,5.07,5.18,5.51,5.93,5.08,4.76,6.14,6.51,6.09,5.44,5.24,5.19,5.0,4.68,4.38,4.15,4.04,4.04,4.1,5.45,4.91,5.23,7.27,7.14,6.69,6.29,6.01,5.7,3.61,3.8,4.24,4.65,4.78,4.64,4.54,4.49,4.49,4.5,4.52,4.44,4.32,4.21,4.09,5.18,4.67,3.86,4.86,4.66,4.17,3.9,3.77,3.73,2.81,3.79,4.38,4.91,5.11,4.95,4.66,4.39
388,3.27,3.21,3.13,3.05,2.91,2.75,2.61,2.28,2.47,1.51,0.64,1.44,2.02,2.53,2.56,2.37,1.88,2.12,1.99,1.78,1.49,1.33,1.52,1.83,1.99,2.15,2.32,2.27,2.02,1.95,1.71,1.42,1.72,1.37,1.84,2.76,2.96,3.23,3.17,2.31,2.63,3.32,3.14,2.79,2.37,1.96,1.9,2.09,2.35,2.64,2.99,3.43,3.84,4.01,3.99,4.66,5.16,4.65,6.91,7.29,6.61,6.15,6.08,6.16,4.7,4.18,4.56,4.68,4.59,4.45,4.34,4.29,4.25,4.21,4.12,4.01,3.95,3.97,4.06,5.39,4.81,4.95,5.77,5.34,5.07,5.18,5.51,5.93,5.08,4.76,6.14,6.51,6.09,5.44,5.24,5.19,5.0,4.68,4.38,4.15,4.04,4.04,4.1,5.45,4.91,5.23,7.27,7.14,6.69,6.29,6.01,5.7,3.61,3.8,4.24,4.65,4.78,4.64,4.54,4.49,4.49,4.5,4.52,4.44,4.32,4.21,4.09,5.18,4.67,3.86,4.86,4.66,4.17,3.9,3.77,3.73,2.81,3.79,4.38,4.91,5.11,4.95,4.66,4.39,4.15,3.93,3.76,3.61,3.46,3.31,3.12,2.77,2.91,1.6,1.45,1.46,1.58,1.72,2.03,2.55,2.47,3.33,3.37,2.95,2.29,1.9,2.02,2.09
389,1.99,2.15,2.32,2.27,2.02,1.95,1.71,1.42,1.72,1.37,1.84,2.76,2.96,3.23,3.17,2.31,2.63,3.32,3.14,2.79,2.37,1.96,1.9,2.09,2.35,2.64,2.99,3.43,3.84,4.01,3.99,4.66,5.16,4.65,6.91,7.29,6.61,6.15,6.08,6.16,4.7,4.18,4.56,4.68,4.59,4.45,4.34,4.29,4.25,4.21,4.12,4.01,3.95,3.97,4.06,5.39,4.81,4.95,5.77,5.34,5.07,5.18,5.51,5.93,5.08,4.76,6.14,6.51,6.09,5.44,5.24,5.19,5.0,4.68,4.38,4.15,4.04,4.04,4.1,5.45,4.91,5.23,7.27,7.14,6.69,6.29,6.01,5.7,3.61,3.8,4.24,4.65,4.78,4.64,4.54,4.49,4.49,4.5,4.52,4.44,4.32,4.21,4.09,5.18,4.67,3.86,4.86,4.66,4.17,3.9,3.77,3.73,2.81,3.79,4.38,4.91,5.11,4.95,4.66,4.39,4.15,3.93,3.76,3.61,3.46,3.31,3.12,2.77,2.91,1.6,1.45,1.46,1.58,1.72,2.03,2.55,2.47,3.33,3.37,2.95,2.29,1.9,2.02,2.09,1.96,2.05,2.5,3.0,3.28,3.17,2.88,2.78,3.45,4.07,6.1,6.64,6.4,6.39,6.46,6.22,4.6,3.77,4.01,4.03,3.8,3.46,3.07,2.77
390,2.35,2.64,2.99,3.43,3.84,4.01,3.99,4.66,5.16,4.65,6.91,7.29,6.61,6.15,6.08,6.16,4.7,4.18,4.56,4.68,4.59,4.45,4.34,4.29,4.25,4.21,4.12,4.01,3.95,3.97,4.06,5.39,4.81,4.95,5.77,5.34,5.07,5.18,5.51,5.93,5.08,4.76,6.14,6.51,6.09,5.44,5.24,5.19,5.0,4.68,4.38,4.15,4.04,4.04,4.1,5.45,4.91,5.23,7.27,7.14,6.69,6.29,6.01,5.7,3.61,3.8,4.24,4.65,4.78,4.64,4.54,4.49,4.49,4.5,4.52,4.44,4.32,4.21,4.09,5.18,4.67,3.86,4.86,4.66,4.17,3.9,3.77,3.73,2.81,3.79,4.38,4.91,5.11,4.95,4.66,4.39,4.15,3.93,3.76,3.61,3.46,3.31,3.12,2.77,2.91,1.6,1.45,1.46,1.58,1.72,2.03,2.55,2.47,3.33,3.37,2.95,2.29,1.9,2.02,2.09,1.96,2.05,2.5,3.0,3.28,3.17,2.88,2.78,3.45,4.07,6.1,6.64,6.4,6.39,6.46,6.22,4.6,3.77,4.01,4.03,3.8,3.46,3.07,2.77,2.56,2.52,2.53,2.72,3.03,3.24,3.32,3.83,3.89,3.65,4.97,4.96,4.98,5.2,5.34,5.25,3.57,3.26,3.38,3.24,2.87,2.32,1.8,1.5
391,4.25,4.21,4.12,4.01,3.95,3.97,4.06,5.39,4.81,4.95,5.77,5.34,5.07,5.18,5.51,5.93,5.08,4.76,6.14,6.51,6.09,5.44,5.24,5.19,5.0,4.68,4.38,4.15,4.04,4.04,4.1,5.45,4.91,5.23,7.27,7.14,6.69,6.29,6.01,5.7,3.61,3.8,4.24,4.65,4.78,4.64,4.54,4.49,4.49,4.5,4.52,4.44,4.32,4.21,4.09,5.18,4.67,3.86,4.86,4.66,4.17,3.9,3.77,3.73,2.81,3.79,4.38,4.91,5.11,4.95,4.66,4.39,4.15,3.93,3.76,3.61,3.46,3.31,3.12,2.77,2.91,1.6,1.45,1.46,1.58,1.72,2.03,2.55,2.47,3.33,3.37,2.95,2.29,1.9,2.02,2.09,1.96,2.05,2.5,3.0,3.28,3.17,2.88,2.78,3.45,4.07,6.1,6.64,6.4,6.39,6.46,6.22,4.6,3.77,4.01,4.03,3.8,3.46,3.07,2.77,2.56,2.52,2.53,2.72,3.03,3.24,3.32,3.83,3.89,3.65,4.97,4.96,4.98,5.2,5.34,5.25,3.57,3.26,3.38,3.24,2.87,2.32,1.8,1.5,1.6,2.09,2.64,2.9,2.93,2.97,3.05,3.34,3.77,3.29,4.01,3.46,3.03,3.06,3.17,3.39,2.71,3.69,4.1,4.29,4.34,4.24,4.12,4.02
392,5.0,4.68,4.38,4.15,4.04,4.04,4.1,5.45,4.91,5.23,7.27,7.14,6.69,6.29,6.01,5.7,3.61,3.8,4.24,4.65,4.78,4.64,4.54,4.49,4.49,4.5,4.52,4.44,4.32,4.21,4.09,5.18,4.67,3.86,4.86,4.66,4.17,3.9,3.77,3.73,2.81,3.79,4.38,4.91,5.11,4.95,4.66,4.39,4.15,3.93,3.76,3.61,3.46,3.31,3.12,2.77,2.91,1.6,1.45,1.46,1.58,1.72,2.03,2.55,2.47,3.33,3.37,2.95,2.29,1.9,2.02,2.09,1.96,2.05,2.5,3.0,3.28,3.17,2.88,2.78,3.45,4.07,6.1,6.64,6.4,6.39,6.46,6.22,4.6,3.77,4.01,4.03,3.8,3.46,3.07,2.77,2.56,2.52,2.53,2.72,3.03,3.24,3.32,3.83,3.89,3.65,4.97,4.96,4.98,5.2,5.34,5.25,3.57,3.26,3.38,3.24,2.87,2.32,1.8,1.5,1.6,2.09,2.64,2.9,2.93,2.97,3.05,3.34,3.77,3.29,4.01,3.46,3.03,3.06,3.17,3.39,2.71,3.69,4.1,4.29,4.34,4.24,4.12,4.02,3.95,3.89,3.86,3.82,3.78,3.73,3.69,4.09,4.52,3.64,4.14,3.06,2.27,1.79,1.31,0.65,0.48,1.17,1.74,1.98,2.08,2.47,2.89,2.9
393,4.49,4.5,4.52,4.44,4.32,4.21,4.09,5.18,4.67,3.86,4.86,4.66,4.17,3.9,3.77,3.73,2.81,3.79,4.38,4.91,5.11,4.95,4.66,4.39,4.15,3.93,3.76,3.61,3.46,3.31,3.12,2.77,2.91,1.6,1.45,1.46,1.58,1.72,2.03,2.55,2.47,3.33,3.37,2.95,2.29,1.9,2.02,2.09,1.96,2.05,2.5,3.0,3.28,3.17,2.88,2.78,3.45,4.07,6.1,6.64,6.4,6.39,6.46,6.22,4.6,3.77,4.01,4.03,3.8,3.46,3.07,2.77,2.56,2.52,2.53,2.72,3.03,3.24,3.32,3.83,3.89,3.65,4.97,4.96,4.98,5.2,5.34,5.25,3.57,3.26,3.38,3.24,2.87,2.32,1.8,1.5,1.6,2.09,2.64,2.9,2.93,2.97,3.05,3.34,3.77,3.29,4.01,3.46,3.03,3.06,3.17,3.39,2.71,3.69,4.1,4.29,4.34,4.24,4.12,4.02,3.95,3.89,3.86,3.82,3.78,3.73,3.69,4.09,4.52,3.64,4.14,3.06,2.27,1.79,1.31,0.65,0.48,1.17,1.74,1.98,2.08,2.47,2.89,2.9,2.88,3.1,3.38,3.59,3.72,3.79,3.83,4.39,4.67,3.68,4.75,5.29,5.79,6.25,6.34,5.79,3.45,3.73,3.89,3.95,4.02,4.07,4.26,4.52
394,4.15,3.93,3.76,3.61,3.46,3.31,3.12,2.77,2.91,1.6,1.45,1.46,1.58,1.72,2.03,2.55,2.47,3.33,3.37,2.95,2.29,1.9,2.02,2.09,1.96,2.05,2.5,3.0,3.28,3.17,2.88,2.78,3.45,4.07,6.1,6.64,6.4,6.39,6.46,6.22,4.6,3.77,4.01,4.03,3.8,3.46,3.07,2.77,2.56,2.52,2.53,2.72,3.03,3.24,3.32,3.83,3.89,3.65,4.97,4.96,4.98,5.2,5.34,5.25,3.57,3.26,3.38,3.24,2.87,2.32,1.8,1.5,1.6,2.09,2.64,2.9,2.93,2.97,3.05,3.34,3.77,3.29,4.01,3.46,3.03,3.06,3.17,3.39,2.71,3.69,4.1,4.29,4.34,4.24,4.12,4.02,3.95,3.89,3.86,3.82,3.78,3.73,3.69,4.09,4.52,3.64,4.14,3.06,2.27,1.79,1.31,0.65,0.48,1.17,1.74,1.98,2.08,2.47,2.89,2.9,2.88,3.1,3.38,3.59,3.72,3.79,3.83,4.39,4.67,3.68,4.75,5.29,5.79,6.25,6.34,5.79,3.45,3.73,3.89,3.95,4.02,4.07,4.26,4.52,4.81,5.11,5.53,6.17,6.48,6.92,7.17,7.76,7.36,8.73,9.83,10.09,10.3,10.37,10.28,9.42,6.48,4.8,4.99,5.31,5.83,6.21,6.29,5.98
395,1.96,2.05,2.5,3.0,3.28,3.17,2.88,2.78,3.45,4.07,6.1,6.64,6.4,6.39,6.46,6.22,4.6,3.77,4.01,4.03,3.8,3.46,3.07,2.77,2.56,2.52,2.53,2.72,3.03,3.24,3.32,3.83,3.89,3.65,4.97,4.96,4.98,5.2,5.34,5.25,3.57,3.26,3.38,3.24,2.87,2.32,1.8,1.5,1.6,2.09,2.64,2.9,2.93,2.97,3.05,3.34,3.77,3.29,4.01,3.46,3.03,3.06,3.17,3.39,2.71,3.69,4.1,4.29,4.34,4.24,4.12,4.02,3.95,3.89,3.86,3.82,3.78,3.73,3.69,4.09,4.52,3.64,4.14,3.06,2.27,1.79,1.31,0.65,0.48,1.17,1.74,1.98,2.08,2.47,2.89,2.9,2.88,3.1,3.38,3.59,3.72,3.79,3.83,4.39,4.67,3.68,4.75,5.29,5.79,6.25,6.34,5.79,3.45,3.73,3.89,3.95,4.02,4.07,4.26,4.52,4.81,5.11,5.53,6.17,6.48,6.92,7.17,7.76,7.36,8.73,9.83,10.09,10.3,10.37,10.28,9.42,6.48,4.8,4.99,5.31,5.83,6.21,6.29,5.98,5.62,4.91,4.22,3.63,3.35,2.87,2.55,2.89,2.48,2.33,2.96,3.8,5.63,7.45,8.73,9.49,8.78,6.5,4.69,4.03,4.08,4.82,5.45,5.29
396,2.56,2.52,2.53,2.72,3.03,3.24,3.32,3.83,3.89,3.65,4.97,4.96,4.98,5.2,5.34,5.25,3.57,3.26,3.38,3.24,2.87,2.32,1.8,1.5,1.6,2.09,2.64,2.9,2.93,2.97,3.05,3.34,3.77,3.29,4.01,3.46,3.03,3.06,3.17,3.39,2.71,3.69,4.1,4.29,4.34,4.24,4.12,4.02,3.95,3.89,3.86,3.82,3.78,3.73,3.69,4.09,4.52,3.64,4.14,3.06,2.27,1.79,1.31,0.65,0.48,1.17,1.74,1.98,2.08,2.47,2.89,2.9,2.88,3.1,3.38,3.59,3.72,3.79,3.83,4.39,4.67,3.68,4.75,5.29,5.79,6.25,6.34,5.79,3.45,3.73,3.89,3.95,4.02,4.07,4.26,4.52,4.81,5.11,5.53,6.17,6.48,6.92,7.17,7.76,7.36,8.73,9.83,10.09,10.3,10.37,10.28,9.42,6.48,4.8,4.99,5.31,5.83,6.21,6.29,5.98,5.62,4.91,4.22,3.63,3.35,2.87,2.55,2.89,2.48,2.33,2.96,3.8,5.63,7.45,8.73,9.49,8.78,6.5,4.69,4.03,4.08,4.82,5.45,5.29,4.65,4.31,4.17,4.39,4.34,4.14,3.86,5.02,5.56,5.0,4.71,5.15,5.57,5.72,5.73,5.51,4.66,3.12,3.22,3.14,2.96,2.7,2.49,2.5
397,1.6,2.09,2.64,2.9,2.93,2.97,3.05,3.34,3.77,3.29,4.01,3.46,3.03,3.06,3.17,3.39,2.71,3.69,4.1,4.29,4.34,4.24,4.12,4.02,3.95,3.89,3.86,3.82,3.78,3.73,3.69,4.09,4.52,3.64,4.14,3.06,2.27,1.79,1.31,0.65,0.48,1.17,1.74,1.98,2.08,2.47,2.89,2.9,2.88,3.1,3.38,3.59,3.72,3.79,3.83,4.39,4.67,3.68,4.75,5.29,5.79,6.25,6.34,5.79,3.45,3.73,3.89,3.95,4.02,4.07,4.26,4.52,4.81,5.11,5.53,6.17,6.48,6.92,7.17,7.76,7.36,8.73,9.83,10.09,10.3,10.37,10.28,9.42,6.48,4.8,4.99,5.31,5.83,6.21,6.29,5.98,5.62,4.91,4.22,3.63,3.35,2.87,2.55,2.89,2.48,2.33,2.96,3.8,5.63,7.45,8.73,9.49,8.78,6.5,4.69,4.03,4.08,4.82,5.45,5.29,4.65,4.31,4.17,4.39,4.34,4.14,3.86,5.02,5.56,5.0,4.71,5.15,5.57,5.72,5.73,5.51,4.66,3.12,3.22,3.14,2.96,2.7,2.49,2.5,2.57,2.67,2.8,2.83,2.74,2.65,2.62,2.59,3.01,2.38,2.55,2.36,1.92,1.68,1.59,1.51,1.35,1.8,2.05,2.03,1.87,1.66,1.51,1.44
398,3.95,3.89,3.86,3.82,3.78,3.73,3.69,4.09,4.52,3.64,4.14,3.06,2.27,1.79,1.31,0.65,0.48,1.17,1.74,1.98,2.08,2.47,2.89,2.9,2.88,3.1,3.38,3.59,3.72,3.79,3.83,4.39,4.67,3.68,4.75,5.29,5.79,6.25,6.34,5.79,3.45,3.73,3.89,3.95,4.02,4.07,4.26,4.52,4.81,5.11,5.53,6.17,6.48,6.92,7.17,7.76,7.36,8.73,9.83,10.09,10.3,10.37,10.28,9.42,6.48,4.8,4.99,5.31,5.83,6.21,6.29,5.98,5.62,4.91,4.22,3.63,3.35,2.87,2.55,2.89,2.48,2.33,2.96,3.8,5.63,7.45,8.73,9.49,8.78,6.5,4.69,4.03,4.08,4.82,5.45,5.29,4.65,4.31,4.17,4.39,4.34,4.14,3.86,5.02,5.56,5.0,4.71,5.15,5.57,5.72,5.73,5.51,4.66,3.12,3.22,3.14,2.96,2.7,2.49,2.5,2.57,2.67,2.8,2.83,2.74,2.65,2.62,2.59,3.01,2.38,2.55,2.36,1.92,1.68,1.59,1.51,1.35,1.8,2.05,2.03,1.87,1.66,1.51,1.44,1.5,1.75,2.16,2.6,2.94,3.21,3.36,2.99,3.72,2.3,2.11,2.03,1.79,1.72,1.79,1.85,1.61,2.18,2.35,2.34,2.3,2.27,2.26,2.26
399,2.88,3.1,3.38,3.59,3.72,3.79,3.83,4.39,4.67,3.68,4.75,5.29,5.79,6.25,6.34,5.79,3.45,3.73,3.89,3.95,4.02,4.07,4.26,4.52,4.81,5.11,5.53,6.17,6.48,6.92,7.17,7.76,7.36,8.73,9.83,10.09,10.3,10.37,10.28,9.42,6.48,4.8,4.99,5.31,5.83,6.21,6.29,5.98,5.62,4.91,4.22,3.63,3.35,2.87,2.55,2.89,2.48,2.33,2.96,3.8,5.63,7.45,8.73,9.49,8.78,6.5,4.69,4.03,4.08,4.82,5.45,5.29,4.65,4.31,4.17,4.39,4.34,4.14,3.86,5.02,5.56,5.0,4.71,5.15,5.57,5.72,5.73,5.51,4.66,3.12,3.22,3.14,2.96,2.7,2.49,2.5,2.57,2.67,2.8,2.83,2.74,2.65,2.62,2.59,3.01,2.38,2.55,2.36,1.92,1.68,1.59,1.51,1.35,1.8,2.05,2.03,1.87,1.66,1.51,1.44,1.5,1.75,2.16,2.6,2.94,3.21,3.36,2.99,3.72,2.3,2.11,2.03,1.79,1.72,1.79,1.85,1.61,2.18,2.35,2.34,2.3,2.27,2.26,2.26,2.28,2.3,2.41,2.65,2.88,3.0,2.95,2.42,2.72,1.18,0.88,1.41,1.98,2.35,2.64,2.89,2.23,2.76,2.93,2.93,2.88,2.98,3.29,3.65
400,4.81,5.11,5.53,6.17,6.48,6.92,7.17,7.76,7.36,8.73,9.83,10.09,10.3,10.37,10.28,9.42,6.48,4.8,4.99,5.31,5.83,6.21,6.29,5.98,5.62,4.91,4.22,3.63,3.35,2.87,2.55,2.89,2.48,2.33,2.96,3.8,5.63,7.45,8.73,9.49,8.78,6.5,4.69,4.03,4.08,4.82,5.45,5.29,4.65,4.31,4.17,4.39,4.34,4.14,3.86,5.02,5.56,5.0,4.71,5.15,5.57,5.72,5.73,5.51,4.66,3.12,3.22,3.14,2.96,2.7,2.49,2.5,2.57,2.67,2.8,2.83,2.74,2.65,2.62,2.59,3.01,2.38,2.55,2.36,1.92,1.68,1.59,1.51,1.35,1.8,2.05,2.03,1.87,1.66,1.51,1.44,1.5,1.75,2.16,2.6,2.94,3.21,3.36,2.99,3.72,2.3,2.11,2.03,1.79,1.72,1.79,1.85,1.61,2.18,2.35,2.34,2.3,2.27,2.26,2.26,2.28,2.3,2.41,2.65,2.88,3.0,2.95,2.42,2.72,1.18,0.88,1.41,1.98,2.35,2.64,2.89,2.23,2.76,2.93,2.93,2.88,2.98,3.29,3.65,3.91,4.07,4.19,4.28,4.37,4.51,4.64,5.96,5.47,5.1,6.07,4.99,3.76,2.73,2.05,1.83,1.71,2.69,3.45,3.89,4.05,4.11,4.15,4.15
401,5.62,4.91,4.22,3.63,3.35,2.87,2.55,2.89,2.48,2.33,2.96,3.8,5.63,7.45,8.73,9.49,8.78,6.5,4.69,4.03,4.08,4.82,5.45,5.29,4.65,4.31,4.17,4.39,4.34,4.14,3.86,5.02,5.56,5.0,4.71,5.15,5.57,5.72,5.73,5.51,4.66,3.12,3.22,3.14,2.96,2.7,2.49,2.5,2.57,2.67,2.8,2.83,2.74,2.65,2.62,2.59,3.01,2.38,2.55,2.36,1.92,1.68,1.59,1.51,1.35,1.8,2.05,2.03,1.87,1.66,1.51,1.44,1.5,1.75,2.16,2.6,2.94,3.21,3.36,2.99,3.72,2.3,2.11,2.03,1.79,1.72,1.79,1.85,1.61,2.18,2.35,2.34,2.3,2.27,2.26,2.26,2.28,2.3,2.41,2.65,2.88,3.0,2.95,2.42,2.72,1.18,0.88,1.41,1.98,2.35,2.64,2.89,2.23,2.76,2.93,2.93,2.88,2.98,3.29,3.65,3.91,4.07,4.19,4.28,4.37,4.51,4.64,5.96,5.47,5.1,6.07,4.99,3.76,2.73,2.05,1.83,1.71,2.69,3.45,3.89,4.05,4.11,4.15,4.15,4.11,4.12,4.17,4.18,4.15,4.11,4.04,4.91,3.86,3.43,4.14,3.64,3.6,3.76,3.97,4.19,3.26,3.48,4.2,4.95,5.27,5.21,5.0,4.72
402,4.65,4.31,4.17,4.39,4.34,4.14,3.86,5.02,5.56,5.0,4.71,5.15,5.57,5.72,5.73,5.51,4.66,3.12,3.22,3.14,2.96,2.7,2.49,2.5,2.57,2.67,2.8,2.83,2.74,2.65,2.62,2.59,3.01,2.38,2.55,2.36,1.92,1.68,1.59,1.51,1.35,1.8,2.05,2.03,1.87,1.66,1.51,1.44,1.5,1.75,2.16,2.6,2.94,3.21,3.36,2.99,3.72,2.3,2.11,2.03,1.79,1.72,1.79,1.85,1.61,2.18,2.35,2.34,2.3,2.27,2.26,2.26,2.28,2.3,2.41,2.65,2.88,3.0,2.95,2.42,2.72,1.18,0.88,1.41,1.98,2.35,2.64,2.89,2.23,2.76,2.93,2.93,2.88,2.98,3.29,3.65,3.91,4.07,4.19,4.28,4.37,4.51,4.64,5.96,5.47,5.1,6.07,4.99,3.76,2.73,2.05,1.83,1.71,2.69,3.45,3.89,4.05,4.11,4.15,4.15,4.11,4.12,4.17,4.18,4.15,4.11,4.04,4.91,3.86,3.43,4.14,3.64,3.6,3.76,3.97,4.19,3.26,3.48,4.2,4.95,5.27,5.21,5.0,4.72,4.41,4.12,3.9,3.72,3.57,3.45,3.32,4.43,3.9,4.25,5.17,5.34,5.41,5.51,5.77,6.12,5.6,4.68,6.23,6.89,6.83,6.42,6.11,5.98
403,2.57,2.67,2.8,2.83,2.74,2.65,2.62,2.59,3.01,2.38,2.55,2.36,1.92,1.68,1.59,1.51,1.35,1.8,2.05,2.03,1.87,1.66,1.51,1.44,1.5,1.75,2.16,2.6,2.94,3.21,3.36,2.99,3.72,2.3,2.11,2.03,1.79,1.72,1.79,1.85,1.61,2.18,2.35,2.34,2.3,2.27,2.26,2.26,2.28,2.3,2.41,2.65,2.88,3.0,2.95,2.42,2.72,1.18,0.88,1.41,1.98,2.35,2.64,2.89,2.23,2.76,2.93,2.93,2.88,2.98,3.29,3.65,3.91,4.07,4.19,4.28,4.37,4.51,4.64,5.96,5.47,5.1,6.07,4.99,3.76,2.73,2.05,1.83,1.71,2.69,3.45,3.89,4.05,4.11,4.15,4.15,4.11,4.12,4.17,4.18,4.15,4.11,4.04,4.91,3.86,3.43,4.14,3.64,3.6,3.76,3.97,4.19,3.26,3.48,4.2,4.95,5.27,5.21,5.0,4.72,4.41,4.12,3.9,3.72,3.57,3.45,3.32,4.43,3.9,4.25,5.17,5.34,5.41,5.51,5.77,6.12,5.6,4.68,6.23,6.89,6.83,6.42,6.11,5.98,5.94,5.86,5.64,5.29,4.96,4.83,4.84,6.04,6.14,8.52,8.58,8.35,8.26,8.34,8.55,8.85,8.59,7.14,7.0,7.62,7.81,7.52,7.06,6.77
404,1.5,1.75,2.16,2.6,2.94,3.21,3.36,2.99,3.72,2.3,2.11,2.03,1.79,1.72,1.79,1.85,1.61,2.18,2.35,2.34,2.3,2.27,2.26,2.26,2.28,2.3,2.41,2.65,2.88,3.0,2.95,2.42,2.72,1.18,0.88,1.41,1.98,2.35,2.64,2.89,2.23,2.76,2.93,2.93,2.88,2.98,3.29,3.65,3.91,4.07,4.19,4.28,4.37,4.51,4.64,5.96,5.47,5.1,6.07,4.99,3.76,2.73,2.05,1.83,1.71,2.69,3.45,3.89,4.05,4.11,4.15,4.15,4.11,4.12,4.17,4.18,4.15,4.11,4.04,4.91,3.86,3.43,4.14,3.64,3.6,3.76,3.97,4.19,3.26,3.48,4.2,4.95,5.27,5.21,5.0,4.72,4.41,4.12,3.9,3.72,3.57,3.45,3.32,4.43,3.9,4.25,5.17,5.34,5.41,5.51,5.77,6.12,5.6,4.68,6.23,6.89,6.83,6.42,6.11,5.98,5.94,5.86,5.64,5.29,4.96,4.83,4.84,6.04,6.14,8.52,8.58,8.35,8.26,8.34,8.55,8.85,8.59,7.14,7.0,7.62,7.81,7.52,7.06,6.77,6.69,6.74,6.79,6.85,6.79,6.65,6.69,7.45,9.33,10.68,11.21,11.23,11.24,11.28,11.33,11.3,10.71,9.46,8.52,8.06,8.04,8.2,7.83,7.48
405,2.28,2.3,2.41,2.65,2.88,3.0,2.95,2.42,2.72,1.18,0.88,1.41,1.98,2.35,2.64,2.89,2.23,2.76,2.93,2.93,2.88,2.98,3.29,3.65,3.91,4.07,4.19,4.28,4.37,4.51,4.64,5.96,5.47,5.1,6.07,4.99,3.76,2.73,2.05,1.83,1.71,2.69,3.45,3.89,4.05,4.11,4.15,4.15,4.11,4.12,4.17,4.18,4.15,4.11,4.04,4.91,3.86,3.43,4.14,3.64,3.6,3.76,3.97,4.19,3.26,3.48,4.2,4.95,5.27,5.21,5.0,4.72,4.41,4.12,3.9,3.72,3.57,3.45,3.32,4.43,3.9,4.25,5.17,5.34,5.41,5.51,5.77,6.12,5.6,4.68,6.23,6.89,6.83,6.42,6.11,5.98,5.94,5.86,5.64,5.29,4.96,4.83,4.84,6.04,6.14,8.52,8.58,8.35,8.26,8.34,8.55,8.85,8.59,7.14,7.0,7.62,7.81,7.52,7.06,6.77,6.69,6.74,6.79,6.85,6.79,6.65,6.69,7.45,9.33,10.68,11.21,11.23,11.24,11.28,11.33,11.3,10.71,9.46,8.52,8.06,8.04,8.2,7.83,7.48,7.34,7.37,7.22,7.05,6.91,6.85,7.06,8.04,9.91,10.15,9.57,8.85,8.24,7.92,7.89,7.98,7.16,5.39,6.37,7.18,7.47,7.59,7.35,6.84
406,3.91,4.07,4.19,4.28,4.37,4.51,4.64,5.96,5.47,5.1,6.07,4.99,3.76,2.73,2.05,1.83,1.71,2.69,3.45,3.89,4.05,4.11,4.15,4.15,4.11,4.12,4.17,4.18,4.15,4.11,4.04,4.91,3.86,3.43,4.14,3.64,3.6,3.76,3.97,4.19,3.26,3.48,4.2,4.95,5.27,5.21,5.0,4.72,4.41,4.12,3.9,3.72,3.57,3.45,3.32,4.43,3.9,4.25,5.17,5.34,5.41,5.51,5.77,6.12,5.6,4.68,6.23,6.89,6.83,6.42,6.11,5.98,5.94,5.86,5.64,5.29,4.96,4.83,4.84,6.04,6.14,8.52,8.58,8.35,8.26,8.34,8.55,8.85,8.59,7.14,7.0,7.62,7.81,7.52,7.06,6.77,6.69,6.74,6.79,6.85,6.79,6.65,6.69,7.45,9.33,10.68,11.21,11.23,11.24,11.28,11.33,11.3,10.71,9.46,8.52,8.06,8.04,8.2,7.83,7.48,7.34,7.37,7.22,7.05,6.91,6.85,7.06,8.04,9.91,10.15,9.57,8.85,8.24,7.92,7.89,7.98,7.16,5.39,6.37,7.18,7.47,7.59,7.35,6.84,6.47,6.3,6.28,6.2,6.21,6.11,5.93,6.24,6.26,6.63,5.73,4.39,3.12,2.25,1.84,1.75,1.18,1.1,1.13,1.54,2.26,2.91,3.42,4.02
407,4.11,4.12,4.17,4.18,4.15,4.11,4.04,4.91,3.86,3.43,4.14,3.64,3.6,3.76,3.97,4.19,3.26,3.48,4.2,4.95,5.27,5.21,5.0,4.72,4.41,4.12,3.9,3.72,3.57,3.45,3.32,4.43,3.9,4.25,5.17,5.34,5.41,5.51,5.77,6.12,5.6,4.68,6.23,6.89,6.83,6.42,6.11,5.98,5.94,5.86,5.64,5.29,4.96,4.83,4.84,6.04,6.14,8.52,8.58,8.35,8.26,8.34,8.55,8.85,8.59,7.14,7.0,7.62,7.81,7.52,7.06,6.77,6.69,6.74,6.79,6.85,6.79,6.65,6.69,7.45,9.33,10.68,11.21,11.23,11.24,11.28,11.33,11.3,10.71,9.46,8.52,8.06,8.04,8.2,7.83,7.48,7.34,7.37,7.22,7.05,6.91,6.85,7.06,8.04,9.91,10.15,9.57,8.85,8.24,7.92,7.89,7.98,7.16,5.39,6.37,7.18,7.47,7.59,7.35,6.84,6.47,6.3,6.28,6.2,6.21,6.11,5.93,6.24,6.26,6.63,5.73,4.39,3.12,2.25,1.84,1.75,1.18,1.1,1.13,1.54,2.26,2.91,3.42,4.02,4.66,4.78,4.7,4.5,4.2,3.9,3.72,4.51,3.67,2.52,2.69,3.58,3.9,3.78,3.61,3.33,1.88,1.0,0.92,2.21,2.97,3.36,3.58,3.65
408,4.41,4.12,3.9,3.72,3.57,3.45,3.32,4.43,3.9,4.25,5.17,5.34,5.41,5.51,5.77,6.12,5.6,4.68,6.23,6.89,6.83,6.42,6.11,5.98,5.94,5.86,5.64,5.29,4.96,4.83,4.84,6.04,6.14,8.52,8.58,8.35,8.26,8.34,8.55,8.85,8.59,7.14,7.0,7.62,7.81,7.52,7.06,6.77,6.69,6.74,6.79,6.85,6.79,6.65,6.69,7.45,9.33,10.68,11.21,11.23,11.24,11.28,11.33,11.3,10.71,9.46,8.52,8.06,8.04,8.2,7.83,7.48,7.34,7.37,7.22,7.05,6.91,6.85,7.06,8.04,9.91,10.15,9.57,8.85,8.24,7.92,7.89,7.98,7.16,5.39,6.37,7.18,7.47,7.59,7.35,6.84,6.47,6.3,6.28,6.2,6.21,6.11,5.93,6.24,6.26,6.63,5.73,4.39,3.12,2.25,1.84,1.75,1.18,1.1,1.13,1.54,2.26,2.91,3.42,4.02,4.66,4.78,4.7,4.5,4.2,3.9,3.72,4.51,3.67,2.52,2.69,3.58,3.9,3.78,3.61,3.33,1.88,1.0,0.92,2.21,2.97,3.36,3.58,3.65,3.63,3.59,3.48,3.28,3.08,3.01,3.04,3.5,3.97,3.94,4.38,4.57,4.95,5.54,6.24,5.73,3.82,4.37,5.63,6.28,6.16,5.81,5.45,5.52
409,5.94,5.86,5.64,5.29,4.96,4.83,4.84,6.04,6.14,8.52,8.58,8.35,8.26,8.34,8.55,8.85,8.59,7.14,7.0,7.62,7.81,7.52,7.06,6.77,6.69,6.74,6.79,6.85,6.79,6.65,6.69,7.45,9.33,10.68,11.21,11.23,11.24,11.28,11.33,11.3,10.71,9.46,8.52,8.06,8.04,8.2,7.83,7.48,7.34,7.37,7.22,7.05,6.91,6.85,7.06,8.04,9.91,10.15,9.57,8.85,8.24,7.92,7.89,7.98,7.16,5.39,6.37,7.18,7.47,7.59,7.35,6.84,6.47,6.3,6.28,6.2,6.21,6.11,5.93,6.24,6.26,6.63,5.73,4.39,3.12,2.25,1.84,1.75,1.18,1.1,1.13,1.54,2.26,2.91,3.42,4.02,4.66,4.78,4.7,4.5,4.2,3.9,3.72,4.51,3.67,2.52,2.69,3.58,3.9,3.78,3.61,3.33,1.88,1.0,0.92,2.21,2.97,3.36,3.58,3.65,3.63,3.59,3.48,3.28,3.08,3.01,3.04,3.5,3.97,3.94,4.38,4.57,4.95,5.54,6.24,5.73,3.82,4.37,5.63,6.28,6.16,5.81,5.45,5.52,5.65,5.88,6.34,6.87,7.23,7.66,7.74,7.91,7.66,7.57,8.39,9.05,9.5,9.61,9.28,8.47,6.31,4.6,4.9,5.19,5.3,5.52,5.61,5.74
410,6.69,6.74,6.79,6.85,6.79,6.65,6.69,7.45,9.33,10.68,11.21,11.23,11.24,11.28,11.33,11.3,10.71,9.46,8.52,8.06,8.04,8.2,7.83,7.48,7.34,7.37,7.22,7.05,6.91,6.85,7.06,8.04,9.91,10.15,9.57,8.85,8.24,7.92,7.89,7.98,7.16,5.39,6.37,7.18,7.47,7.59,7.35,6.84,6.47,6.3,6.28,6.2,6.21,6.11,5.93,6.24,6.26,6.63,5.73,4.39,3.12,2.25,1.84,1.75,1.18,1.1,1.13,1.54,2.26,2.91,3.42,4.02,4.66,4.78,4.7,4.5,4.2,3.9,3.72,4.51,3.67,2.52,2.69,3.58,3.9,3.78,3.61,3.33,1.88,1.0,0.92,2.21,2.97,3.36,3.58,3.65,3.63,3.59,3.48,3.28,3.08,3.01,3.04,3.5,3.97,3.94,4.38,4.57,4.95,5.54,6.24,5.73,3.82,4.37,5.63,6.28,6.16,5.81,5.45,5.52,5.65,5.88,6.34,6.87,7.23,7.66,7.74,7.91,7.66,7.57,8.39,9.05,9.5,9.61,9.28,8.47,6.31,4.6,4.9,5.19,5.3,5.52,5.61,5.74,5.88,6.0,5.98,6.53,6.68,6.99,8.06,8.8,7.43,7.37,7.91,8.15,8.29,7.53,6.77,7.37,5.77,5.32,5.79,5.45,5.0,5.01,4.88,4.64
411,7.34,7.37,7.22,7.05,6.91,6.85,7.06,8.04,9.91,10.15,9.57,8.85,8.24,7.92,7.89,7.98,7.16,5.39,6.37,7.18,7.47,7.59,7.35,6.84,6.47,6.3,6.28,6.2,6.21,6.11,5.93,6.24,6.26,6.63,5.73,4.39,3.12,2.25,1.84,1.75,1.18,1.1,1.13,1.54,2.26,2.91,3.42,4.02,4.66,4.78,4.7,4.5,4.2,3.9,3.72,4.51,3.67,2.52,2.69,3.58,3.9,3.78,3.61,3.33,1.88,1.0,0.92,2.21,2.97,3.36,3.58,3.65,3.63,3.59,3.48,3.28,3.08,3.01,3.04,3.5,3.97,3.94,4.38,4.57,4.95,5.54,6.24,5.73,3.82,4.37,5.63,6.28,6.16,5.81,5.45,5.52,5.65,5.88,6.34,6.87,7.23,7.66,7.74,7.91,7.66,7.57,8.39,9.05,9.5,9.61,9.28,8.47,6.31,4.6,4.9,5.19,5.3,5.52,5.61,5.74,5.88,6.0,5.98,6.53,6.68,6.99,8.06,8.8,7.43,7.37,7.91,8.15,8.29,7.53,6.77,7.37,5.77,5.32,5.79,5.45,5.0,5.01,4.88,4.64,4.09,3.19,2.87,3.52,3.38,2.59,2.85,4.22,4.26,3.98,3.38,3.43,4.33,5.36,6.34,6.79,6.71,4.98,4.85,4.93,5.37,5.21,4.87,5.14
412,6.47,6.3,6.28,6.2,6.21,6.11,5.93,6.24,6.26,6.63,5.73,4.39,3.12,2.25,1.84,1.75,1.18,1.1,1.13,1.54,2.26,2.91,3.42,4.02,4.66,4.78,4.7,4.5,4.2,3.9,3.72,4.51,3.67,2.52,2.69,3.58,3.9,3.78,3.61,3.33,1.88,1.0,0.92,2.21,2.97,3.36,3.58,3.65,3.63,3.59,3.48,3.28,3.08,3.01,3.04,3.5,3.97,3.94,4.38,4.57,4.95,5.54,6.24,5.73,3.82,4.37,5.63,6.28,6.16,5.81,5.45,5.52,5.65,5.88,6.34,6.87,7.23,7.66,7.74,7.91,7.66,7.57,8.39,9.05,9.5,9.61,9.28,8.47,6.31,4.6,4.9,5.19,5.3,5.52,5.61,5.74,5.88,6.0,5.98,6.53,6.68,6.99,8.06,8.8,7.43,7.37,7.91,8.15,8.29,7.53,6.77,7.37,5.77,5.32,5.79,5.45,5.0,5.01,4.88,4.64,4.09,3.19,2.87,3.52,3.38,2.59,2.85,4.22,4.26,3.98,3.38,3.43,4.33,5.36,6.34,6.79,6.71,4.98,4.85,4.93,5.37,5.21,4.87,5.14,5.43,5.46,5.37,5.51,5.55,5.33,5.42,5.99,7.66,8.11,7.47,7.35,7.73,7.97,8.04,7.93,7.32,4.45,3.81,3.77,3.81,4.12,4.67,4.92
413,4.66,4.78,4.7,4.5,4.2,3.9,3.72,4.51,3.67,2.52,2.69,3.58,3.9,3.78,3.61,3.33,1.88,1.0,0.92,2.21,2.97,3.36,3.58,3.65,3.63,3.59,3.48,3.28,3.08,3.01,3.04,3.5,3.97,3.94,4.38,4.57,4.95,5.54,6.24,5.73,3.82,4.37,5.63,6.28,6.16,5.81,5.45,5.52,5.65,5.88,6.34,6.87,7.23,7.66,7.74,7.91,7.66,7.57,8.39,9.05,9.5,9.61,9.28,8.47,6.31,4.6,4.9,5.19,5.3,5.52,5.61,5.74,5.88,6.0,5.98,6.53,6.68,6.99,8.06,8.8,7.43,7.37,7.91,8.15,8.29,7.53,6.77,7.37,5.77,5.32,5.79,5.45,5.0,5.01,4.88,4.64,4.09,3.19,2.87,3.52,3.38,2.59,2.85,4.22,4.26,3.98,3.38,3.43,4.33,5.36,6.34,6.79,6.71,4.98,4.85,4.93,5.37,5.21,4.87,5.14,5.43,5.46,5.37,5.51,5.55,5.33,5.42,5.99,7.66,8.11,7.47,7.35,7.73,7.97,8.04,7.93,7.32,4.45,3.81,3.77,3.81,4.12,4.67,4.92,4.71,4.51,4.64,4.13,3.83,3.71,4.02,4.76,5.1,4.96,5.23,5.72,6.13,6.56,6.81,6.82,5.89,3.37,3.28,3.58,4.35,5.19,6.17,6.74
414,3.63,3.59,3.48,3.28,3.08,3.01,3.04,3.5,3.97,3.94,4.38,4.57,4.95,5.54,6.24,5.73,3.82,4.37,5.63,6.28,6.16,5.81,5.45,5.52,5.65,5.88,6.34,6.87,7.23,7.66,7.74,7.91,7.66,7.57,8.39,9.05,9.5,9.61,9.28,8.47,6.31,4.6,4.9,5.19,5.3,5.52,5.61,5.74,5.88,6.0,5.98,6.53,6.68,6.99,8.06,8.8,7.43,7.37,7.91,8.15,8.29,7.53,6.77,7.37,5.77,5.32,5.79,5.45,5.0,5.01,4.88,4.64,4.09,3.19,2.87,3.52,3.38,2.59,2.85,4.22,4.26,3.98,3.38,3.43,4.33,5.36,6.34,6.79,6.71,4.98,4.85,4.93,5.37,5.21,4.87,5.14,5.43,5.46,5.37,5.51,5.55,5.33,5.42,5.99,7.66,8.11,7.47,7.35,7.73,7.97,8.04,7.93,7.32,4.45,3.81,3.77,3.81,4.12,4.67,4.92,4.71,4.51,4.64,4.13,3.83,3.71,4.02,4.76,5.1,4.96,5.23,5.72,6.13,6.56,6.81,6.82,5.89,3.37,3.28,3.58,4.35,5.19,6.17,6.74,6.87,6.79,6.54,6.99,6.72,6.21,6.48,7.18,8.54,9.03,9.44,9.99,9.99,9.59,9.06,8.5,6.98,5.59,6.64,7.3,7.41,7.08,6.58,6.14
415,5.65,5.88,6.34,6.87,7.23,7.66,7.74,7.91,7.66,7.57,8.39,9.05,9.5,9.61,9.28,8.47,6.31,4.6,4.9,5.19,5.3,5.52,5.61,5.74,5.88,6.0,5.98,6.53,6.68,6.99,8.06,8.8,7.43,7.37,7.91,8.15,8.29,7.53,6.77,7.37,5.77,5.32,5.79,5.45,5.0,5.01,4.88,4.64,4.09,3.19,2.87,3.52,3.38,2.59,2.85,4.22,4.26,3.98,3.38,3.43,4.33,5.36,6.34,6.79,6.71,4.98,4.85,4.93,5.37,5.21,4.87,5.14,5.43,5.46,5.37,5.51,5.55,5.33,5.42,5.99,7.66,8.11,7.47,7.35,7.73,7.97,8.04,7.93,7.32,4.45,3.81,3.77,3.81,4.12,4.67,4.92,4.71,4.51,4.64,4.13,3.83,3.71,4.02,4.76,5.1,4.96,5.23,5.72,6.13,6.56,6.81,6.82,5.89,3.37,3.28,3.58,4.35,5.19,6.17,6.74,6.87,6.79,6.54,6.99,6.72,6.21,6.48,7.18,8.54,9.03,9.44,9.99,9.99,9.59,9.06,8.5,6.98,5.59,6.64,7.3,7.41,7.08,6.58,6.14,5.64,5.19,5.15,5.42,5.59,5.54,5.57,6.02,5.6,6.18,5.61,4.41,3.6,3.32,3.18,3.0,1.91,1.98,2.7,3.46,4.18,5.64,6.29,6.29
416,5.88,6.0,5.98,6.53,6.68,6.99,8.06,8.8,7.43,7.37,7.91,8.15,8.29,7.53,6.77,7.37,5.77,5.32,5.79,5.45,5.0,5.01,4.88,4.64,4.09,3.19,2.87,3.52,3.38,2.59,2.85,4.22,4.26,3.98,3.38,3.43,4.33,5.36,6.34,6.79,6.71,4.98,4.85,4.93,5.37,5.21,4.87,5.14,5.43,5.46,5.37,5.51,5.55,5.33,5.42,5.99,7.66,8.11,7.47,7.35,7.73,7.97,8.04,7.93,7.32,4.45,3.81,3.77,3.81,4.12,4.67,4.92,4.71,4.51,4.64,4.13,3.83,3.71,4.02,4.76,5.1,4.96,5.23,5.72,6.13,6.56,6.81,6.82,5.89,3.37,3.28,3.58,4.35,5.19,6.17,6.74,6.87,6.79,6.54,6.99,6.72,6.21,6.48,7.18,8.54,9.03,9.44,9.99,9.99,9.59,9.06,8.5,6.98,5.59,6.64,7.3,7.41,7.08,6.58,6.14,5.64,5.19,5.15,5.42,5.59,5.54,5.57,6.02,5.6,6.18,5.61,4.41,3.6,3.32,3.18,3.0,1.91,1.98,2.7,3.46,4.18,5.64,6.29,6.29,6.34,5.9,5.71,5.55,5.45,5.88,5.91,6.5,5.57,5.31,4.0,2.39,1.29,1.77,2.63,3.28,2.64,2.78,2.97,2.9,2.71,2.45,2.14,1.86
417,4.09,3.19,2.87,3.52,3.38,2.59,2.85,4.22,4.26,3.98,3.38,3.43,4.33,5.36,6.34,6.79,6.71,4.98,4.85,4.93,5.37,5.21,4.87,5.14,5.43,5.46,5.37,5.51,5.55,5.33,5.42,5.99,7.66,8.11,7.47,7.35,7.73,7.97,8.04,7.93,7.32,4.45,3.81,3.77,3.81,4.12,4.67,4.92,4.71,4.51,4.64,4.13,3.83,3.71,4.02,4.76,5.1,4.96,5.23,5.72,6.13,6.56,6.81,6.82,5.89,3.37,3.28,3.58,4.35,5.19,6.17,6.74,6.87,6.79,6.54,6.99,6.72,6.21,6.48,7.18,8.54,9.03,9.44,9.99,9.99,9.59,9.06,8.5,6.98,5.59,6.64,7.3,7.41,7.08,6.58,6.14,5.64,5.19,5.15,5.42,5.59,5.54,5.57,6.02,5.6,6.18,5.61,4.41,3.6,3.32,3.18,3.0,1.91,1.98,2.7,3.46,4.18,5.64,6.29,6.29,6.34,5.9,5.71,5.55,5.45,5.88,5.91,6.5,5.57,5.31,4.0,2.39,1.29,1.77,2.63,3.28,2.64,2.78,2.97,2.9,2.71,2.45,2.14,1.86,1.57,1.37,1.45,1.63,1.82,2.07,2.31,2.2,3.08,2.86,4.37,5.03,5.5,5.9,6.14,6.12,4.26,3.54,3.56,3.32,3.07,2.79,2.54,2.4
418,5.43,5.46,5.37,5.51,5.55,5.33,5.42,5.99,7.66,8.11,7.47,7.35,7.73,7.97,8.04,7.93,7.32,4.45,3.81,3.77,3.81,4.12,4.67,4.92,4.71,4.51,4.64,4.13,3.83,3.71,4.02,4.76,5.1,4.96,5.23,5.72,6.13,6.56,6.81,6.82,5.89,3.37,3.28,3.58,4.35,5.19,6.17,6.74,6.87,6.79,6.54,6.99,6.72,6.21,6.48,7.18,8.54,9.03,9.44,9.99,9.99,9.59,9.06,8.5,6.98,5.59,6.64,7.3,7.41,7.08,6.58,6.14,5.64,5.19,5.15,5.42,5.59,5.54,5.57,6.02,5.6,6.18,5.61,4.41,3.6,3.32,3.18,3.0,1.91,1.98,2.7,3.46,4.18,5.64,6.29,6.29,6.34,5.9,5.71,5.55,5.45,5.88,5.91,6.5,5.57,5.31,4.0,2.39,1.29,1.77,2.63,3.28,2.64,2.78,2.97,2.9,2.71,2.45,2.14,1.86,1.57,1.37,1.45,1.63,1.82,2.07,2.31,2.2,3.08,2.86,4.37,5.03,5.5,5.9,6.14,6.12,4.26,3.54,3.56,3.32,3.07,2.79,2.54,2.4,2.31,2.17,2.13,2.3,2.6,2.9,3.11,3.01,4.04,3.73,4.63,5.81,6.56,6.89,6.96,6.82,4.92,3.77,3.92,3.8,3.63,3.38,3.07,2.74
419,4.71,4.51,4.64,4.13,3.83,3.71,4.02,4.76,5.1,4.96,5.23,5.72,6.13,6.56,6.81,6.82,5.89,3.37,3.28,3.58,4.35,5.19,6.17,6.74,6.87,6.79,6.54,6.99,6.72,6.21,6.48,7.18,8.54,9.03,9.44,9.99,9.99,9.59,9.06,8.5,6.98,5.59,6.64,7.3,7.41,7.08,6.58,6.14,5.64,5.19,5.15,5.42,5.59,5.54,5.57,6.02,5.6,6.18,5.61,4.41,3.6,3.32,3.18,3.0,1.91,1.98,2.7,3.46,4.18,5.64,6.29,6.29,6.34,5.9,5.71,5.55,5.45,5.88,5.91,6.5,5.57,5.31,4.0,2.39,1.29,1.77,2.63,3.28,2.64,2.78,2.97,2.9,2.71,2.45,2.14,1.86,1.57,1.37,1.45,1.63,1.82,2.07,2.31,2.2,3.08,2.86,4.37,5.03,5.5,5.9,6.14,6.12,4.26,3.54,3.56,3.32,3.07,2.79,2.54,2.4,2.31,2.17,2.13,2.3,2.6,2.9,3.11,3.01,4.04,3.73,4.63,5.81,6.56,6.89,6.96,6.82,4.92,3.77,3.92,3.8,3.63,3.38,3.07,2.74,2.45,2.23,2.08,1.98,1.88,1.78,1.72,1.85,1.99,2.43,3.68,4.29,4.65,4.97,5.16,5.13,4.36,3.12,3.31,3.23,3.14,3.08,3.04,3.03
420,6.87,6.79,6.54,6.99,6.72,6.21,6.48,7.18,8.54,9.03,9.44,9.99,9.99,9.59,9.06,8.5,6.98,5.59,6.64,7.3,7.41,7.08,6.58,6.14,5.64,5.19,5.15,5.42,5.59,5.54,5.57,6.02,5.6,6.18,5.61,4.41,3.6,3.32,3.18,3.0,1.91,1.98,2.7,3.46,4.18,5.64,6.29,6.29,6.34,5.9,5.71,5.55,5.45,5.88,5.91,6.5,5.57,5.31,4.0,2.39,1.29,1.77,2.63,3.28,2.64,2.78,2.97,2.9,2.71,2.45,2.14,1.86,1.57,1.37,1.45,1.63,1.82,2.07,2.31,2.2,3.08,2.86,4.37,5.03,5.5,5.9,6.14,6.12,4.26,3.54,3.56,3.32,3.07,2.79,2.54,2.4,2.31,2.17,2.13,2.3,2.6,2.9,3.11,3.01,4.04,3.73,4.63,5.81,6.56,6.89,6.96,6.82,4.92,3.77,3.92,3.8,3.63,3.38,3.07,2.74,2.45,2.23,2.08,1.98,1.88,1.78,1.72,1.85,1.99,2.43,3.68,4.29,4.65,4.97,5.16,5.13,4.36,3.12,3.31,3.23,3.14,3.08,3.04,3.03,3.06,3.17,3.26,3.25,3.23,3.31,3.3,4.13,3.76,3.66,3.86,3.96,4.37,4.65,4.75,4.84,4.2,3.25,3.62,3.77,3.83,3.83,3.75,3.61
421,5.64,5.19,5.15,5.42,5.59,5.54,5.57,6.02,5.6,6.18,5.61,4.41,3.6,3.32,3.18,3.0,1.91,1.98,2.7,3.46,4.18,5.64,6.29,6.29,6.34,5.9,5.71,5.55,5.45,5.88,5.91,6.5,5.57,5.31,4.0,2.39,1.29,1.77,2.63,3.28,2.64,2.78,2.97,2.9,2.71,2.45,2.14,1.86,1.57,1.37,1.45,1.63,1.82,2.07,2.31,2.2,3.08,2.86,4.37,5.03,5.5,5.9,6.14,6.12,4.26,3.54,3.56,3.32,3.07,2.79,2.54,2.4,2.31,2.17,2.13,2.3,2.6,2.9,3.11,3.01,4.04,3.73,4.63,5.81,6.56,6.89,6.96,6.82,4.92,3.77,3.92,3.8,3.63,3.38,3.07,2.74,2.45,2.23,2.08,1.98,1.88,1.78,1.72,1.85,1.99,2.43,3.68,4.29,4.65,4.97,5.16,5.13,4.36,3.12,3.31,3.23,3.14,3.08,3.04,3.03,3.06,3.17,3.26,3.25,3.23,3.31,3.3,4.13,3.76,3.66,3.86,3.96,4.37,4.65,4.75,4.84,4.2,3.25,3.62,3.77,3.83,3.83,3.75,3.61,3.47,3.36,3.24,3.11,3.02,2.99,3.3,4.46,3.92,4.25,4.66,5.42,5.74,5.93,6.02,5.88,5.27,3.4,3.15,3.09,3.13,3.03,2.84,2.59
422,6.34,5.9,5.71,5.55,5.45,5.88,5.91,6.5,5.57,5.31,4.0,2.39,1.29,1.77,2.63,3.28,2.64,2.78,2.97,2.9,2.71,2.45,2.14,1.86,1.57,1.37,1.45,1.63,1.82,2.07,2.31,2.2,3.08,2.86,4.37,5.03,5.5,5.9,6.14,6.12,4.26,3.54,3.56,3.32,3.07,2.79,2.54,2.4,2.31,2.17,2.13,2.3,2.6,2.9,3.11,3.01,4.04,3.73,4.63,5.81,6.56,6.89,6.96,6.82,4.92,3.77,3.92,3.8,3.63,3.38,3.07,2.74,2.45,2.23,2.08,1.98,1.88,1.78,1.72,1.85,1.99,2.43,3.68,4.29,4.65,4.97,5.16,5.13,4.36,3.12,3.31,3.23,3.14,3.08,3.04,3.03,3.06,3.17,3.26,3.25,3.23,3.31,3.3,4.13,3.76,3.66,3.86,3.96,4.37,4.65,4.75,4.84,4.2,3.25,3.62,3.77,3.83,3.83,3.75,3.61,3.47,3.36,3.24,3.11,3.02,2.99,3.3,4.46,3.92,4.25,4.66,5.42,5.74,5.93,6.02,5.88,5.27,3.4,3.15,3.09,3.13,3.03,2.84,2.59,2.33,2.12,2.02,2.1,2.3,2.5,2.61,3.21,2.98,2.26,1.9,1.73,1.94,2.5,3.02,3.26,3.11,2.4,2.82,3.05,3.33,3.58,3.84,4.08
423,1.57,1.37,1.45,1.63,1.82,2.07,2.31,2.2,3.08,2.86,4.37,5.03,5.5,5.9,6.14,6.12,4.26,3.54,3.56,3.32,3.07,2.79,2.54,2.4,2.31,2.17,2.13,2.3,2.6,2.9,3.11,3.01,4.04,3.73,4.63,5.81,6.56,6.89,6.96,6.82,4.92,3.77,3.92,3.8,3.63,3.38,3.07,2.74,2.45,2.23,2.08,1.98,1.88,1.78,1.72,1.85,1.99,2.43,3.68,4.29,4.65,4.97,5.16,5.13,4.36,3.12,3.31,3.23,3.14,3.08,3.04,3.03,3.06,3.17,3.26,3.25,3.23,3.31,3.3,4.13,3.76,3.66,3.86,3.96,4.37,4.65,4.75,4.84,4.2,3.25,3.62,3.77,3.83,3.83,3.75,3.61,3.47,3.36,3.24,3.11,3.02,2.99,3.3,4.46,3.92,4.25,4.66,5.42,5.74,5.93,6.02,5.88,5.27,3.4,3.15,3.09,3.13,3.03,2.84,2.59,2.33,2.12,2.02,2.1,2.3,2.5,2.61,3.21,2.98,2.26,1.9,1.73,1.94,2.5,3.02,3.26,3.11,2.4,2.82,3.05,3.33,3.58,3.84,4.08,4.31,4.48,4.71,4.97,5.22,5.39,5.89,6.38,5.65,6.85,6.4,5.76,5.22,4.72,4.28,3.89,2.89,2.35,2.34,2.31,2.58,3.11,3.7,4.14
424,2.31,2.17,2.13,2.3,2.6,2.9,3.11,3.01,4.04,3.73,4.63,5.81,6.56,6.89,6.96,6.82,4.92,3.77,3.92,3.8,3.63,3.38,3.07,2.74,2.45,2.23,2.08,1.98,1.88,1.78,1.72,1.85,1.99,2.43,3.68,4.29,4.65,4.97,5.16,5.13,4.36,3.12,3.31,3.23,3.14,3.08,3.04,3.03,3.06,3.17,3.26,3.25,3.23,3.31,3.3,4.13,3.76,3.66,3.86,3.96,4.37,4.65,4.75,4.84,4.2,3.25,3.62,3.77,3.83,3.83,3.75,3.61,3.47,3.36,3.24,3.11,3.02,2.99,3.3,4.46,3.92,4.25,4.66,5.42,5.74,5.93,6.02,5.88,5.27,3.4,3.15,3.09,3.13,3.03,2.84,2.59,2.33,2.12,2.02,2.1,2.3,2.5,2.61,3.21,2.98,2.26,1.9,1.73,1.94,2.5,3.02,3.26,3.11,2.4,2.82,3.05,3.33,3.58,3.84,4.08,4.31,4.48,4.71,4.97,5.22,5.39,5.89,6.38,5.65,6.85,6.4,5.76,5.22,4.72,4.28,3.89,2.89,2.35,2.34,2.31,2.58,3.11,3.7,4.14,4.4,4.54,4.43,4.01,3.53,3.12,2.57,3.23,3.52,5.95,7.24,7.95,8.52,8.6,8.33,7.78,6.67,3.66,3.39,3.15,2.91,2.78,2.77,2.92
425,2.45,2.23,2.08,1.98,1.88,1.78,1.72,1.85,1.99,2.43,3.68,4.29,4.65,4.97,5.16,5.13,4.36,3.12,3.31,3.23,3.14,3.08,3.04,3.03,3.06,3.17,3.26,3.25,3.23,3.31,3.3,4.13,3.76,3.66,3.86,3.96,4.37,4.65,4.75,4.84,4.2,3.25,3.62,3.77,3.83,3.83,3.75,3.61,3.47,3.36,3.24,3.11,3.02,2.99,3.3,4.46,3.92,4.25,4.66,5.42,5.74,5.93,6.02,5.88,5.27,3.4,3.15,3.09,3.13,3.03,2.84,2.59,2.33,2.12,2.02,2.1,2.3,2.5,2.61,3.21,2.98,2.26,1.9,1.73,1.94,2.5,3.02,3.26,3.11,2.4,2.82,3.05,3.33,3.58,3.84,4.08,4.31,4.48,4.71,4.97,5.22,5.39,5.89,6.38,5.65,6.85,6.4,5.76,5.22,4.72,4.28,3.89,2.89,2.35,2.34,2.31,2.58,3.11,3.7,4.14,4.4,4.54,4.43,4.01,3.53,3.12,2.57,3.23,3.52,5.95,7.24,7.95,8.52,8.6,8.33,7.78,6.67,3.66,3.39,3.15,2.91,2.78,2.77,2.92,3.18,3.36,3.4,3.35,3.29,3.19,3.24,4.25,3.55,3.83,3.79,3.78,3.65,3.65,3.71,3.72,3.59,2.61,3.12,3.39,3.57,3.61,3.57,3.53
426,3.06,3.17,3.26,3.25,3.23,3.31,3.3,4.13,3.76,3.66,3.86,3.96,4.37,4.65,4.75,4.84,4.2,3.25,3.62,3.77,3.83,3.83,3.75,3.61,3.47,3.36,3.24,3.11,3.02,2.99,3.3,4.46,3.92,4.25,4.66,5.42,5.74,5.93,6.02,5.88,5.27,3.4,3.15,3.09,3.13,3.03,2.84,2.59,2.33,2.12,2.02,2.1,2.3,2.5,2.61,3.21,2.98,2.26,1.9,1.73,1.94,2.5,3.02,3.26,3.11,2.4,2.82,3.05,3.33,3.58,3.84,4.08,4.31,4.48,4.71,4.97,5.22,5.39,5.89,6.38,5.65,6.85,6.4,5.76,5.22,4.72,4.28,3.89,2.89,2.35,2.34,2.31,2.58,3.11,3.7,4.14,4.4,4.54,4.43,4.01,3.53,3.12,2.57,3.23,3.52,5.95,7.24,7.95,8.52,8.6,8.33,7.78,6.67,3.66,3.39,3.15,2.91,2.78,2.77,2.92,3.18,3.36,3.4,3.35,3.29,3.19,3.24,4.25,3.55,3.83,3.79,3.78,3.65,3.65,3.71,3.72,3.59,2.61,3.12,3.39,3.57,3.61,3.57,3.53,3.5,3.45,3.4,3.4,3.46,3.54,3.48,4.8,4.22,3.52,2.44,1.63,1.24,1.46,1.81,2.05,2.25,2.24,3.18,3.74,4.38,5.16,5.99,6.68
427,3.47,3.36,3.24,3.11,3.02,2.99,3.3,4.46,3.92,4.25,4.66,5.42,5.74,5.93,6.02,5.88,5.27,3.4,3.15,3.09,3.13,3.03,2.84,2.59,2.33,2.12,2.02,2.1,2.3,2.5,2.61,3.21,2.98,2.26,1.9,1.73,1.94,2.5,3.02,3.26,3.11,2.4,2.82,3.05,3.33,3.58,3.84,4.08,4.31,4.48,4.71,4.97,5.22,5.39,5.89,6.38,5.65,6.85,6.4,5.76,5.22,4.72,4.28,3.89,2.89,2.35,2.34,2.31,2.58,3.11,3.7,4.14,4.4,4.54,4.43,4.01,3.53,3.12,2.57,3.23,3.52,5.95,7.24,7.95,8.52,8.6,8.33,7.78,6.67,3.66,3.39,3.15,2.91,2.78,2.77,2.92,3.18,3.36,3.4,3.35,3.29,3.19,3.24,4.25,3.55,3.83,3.79,3.78,3.65,3.65,3.71,3.72,3.59,2.61,3.12,3.39,3.57,3.61,3.57,3.53,3.5,3.45,3.4,3.4,3.46,3.54,3.48,4.8,4.22,3.52,2.44,1.63,1.24,1.46,1.81,2.05,2.25,2.24,3.18,3.74,4.38,5.16,5.99,6.68,7.47,8.16,8.4,8.36,8.34,8.07,8.15,8.56,8.95,9.47,9.37,8.59,7.9,7.72,8.13,8.76,9.24,9.08,9.55,9.37,9.02,8.86,8.89,8.5
428,2.33,2.12,2.02,2.1,2.3,2.5,2.61,3.21,2.98,2.26,1.9,1.73,1.94,2.5,3.02,3.26,3.11,2.4,2.82,3.05,3.33,3.58,3.84,4.08,4.31,4.48,4.71,4.97,5.22,5.39,5.89,6.38,5.65,6.85,6.4,5.76,5.22,4.72,4.28,3.89,2.89,2.35,2.34,2.31,2.58,3.11,3.7,4.14,4.4,4.54,4.43,4.01,3.53,3.12,2.57,3.23,3.52,5.95,7.24,7.95,8.52,8.6,8.33,7.78,6.67,3.66,3.39,3.15,2.91,2.78,2.77,2.92,3.18,3.36,3.4,3.35,3.29,3.19,3.24,4.25,3.55,3.83,3.79,3.78,3.65,3.65,3.71,3.72,3.59,2.61,3.12,3.39,3.57,3.61,3.57,3.53,3.5,3.45,3.4,3.4,3.46,3.54,3.48,4.8,4.22,3.52,2.44,1.63,1.24,1.46,1.81,2.05,2.25,2.24,3.18,3.74,4.38,5.16,5.99,6.68,7.47,8.16,8.4,8.36,8.34,8.07,8.15,8.56,8.95,9.47,9.37,8.59,7.9,7.72,8.13,8.76,9.24,9.08,9.55,9.37,9.02,8.86,8.89,8.5,8.99,9.15,8.94,8.69,8.5,8.63,8.79,10.16,10.96,11.14,11.16,11.15,11.29,11.53,11.74,11.94,11.88,11.27,11.15,11.06,10.34,10.17,10.49,10.98
429,4.31,4.48,4.71,4.97,5.22,5.39,5.89,6.38,5.65,6.85,6.4,5.76,5.22,4.72,4.28,3.89,2.89,2.35,2.34,2.31,2.58,3.11,3.7,4.14,4.4,4.54,4.43,4.01,3.53,3.12,2.57,3.23,3.52,5.95,7.24,7.95,8.52,8.6,8.33,7.78,6.67,3.66,3.39,3.15,2.91,2.78,2.77,2.92,3.18,3.36,3.4,3.35,3.29,3.19,3.24,4.25,3.55,3.83,3.79,3.78,3.65,3.65,3.71,3.72,3.59,2.61,3.12,3.39,3.57,3.61,3.57,3.53,3.5,3.45,3.4,3.4,3.46,3.54,3.48,4.8,4.22,3.52,2.44,1.63,1.24,1.46,1.81,2.05,2.25,2.24,3.18,3.74,4.38,5.16,5.99,6.68,7.47,8.16,8.4,8.36,8.34,8.07,8.15,8.56,8.95,9.47,9.37,8.59,7.9,7.72,8.13,8.76,9.24,9.08,9.55,9.37,9.02,8.86,8.89,8.5,8.99,9.15,8.94,8.69,8.5,8.63,8.79,10.16,10.96,11.14,11.16,11.15,11.29,11.53,11.74,11.94,11.88,11.27,11.15,11.06,10.34,10.17,10.49,10.98,11.05,11.02,10.96,10.75,10.7,10.69,10.81,10.9,11.3,11.16,10.45,9.82,9.57,9.75,10.12,10.42,10.72,10.85,10.14,9.51,9.19,9.11,8.63,8.03
430,4.4,4.54,4.43,4.01,3.53,3.12,2.57,3.23,3.52,5.95,7.24,7.95,8.52,8.6,8.33,7.78,6.67,3.66,3.39,3.15,2.91,2.78,2.77,2.92,3.18,3.36,3.4,3.35,3.29,3.19,3.24,4.25,3.55,3.83,3.79,3.78,3.65,3.65,3.71,3.72,3.59,2.61,3.12,3.39,3.57,3.61,3.57,3.53,3.5,3.45,3.4,3.4,3.46,3.54,3.48,4.8,4.22,3.52,2.44,1.63,1.24,1.46,1.81,2.05,2.25,2.24,3.18,3.74,4.38,5.16,5.99,6.68,7.47,8.16,8.4,8.36,8.34,8.07,8.15,8.56,8.95,9.47,9.37,8.59,7.9,7.72,8.13,8.76,9.24,9.08,9.55,9.37,9.02,8.86,8.89,8.5,8.99,9.15,8.94,8.69,8.5,8.63,8.79,10.16,10.96,11.14,11.16,11.15,11.29,11.53,11.74,11.94,11.88,11.27,11.15,11.06,10.34,10.17,10.49,10.98,11.05,11.02,10.96,10.75,10.7,10.69,10.81,10.9,11.3,11.16,10.45,9.82,9.57,9.75,10.12,10.42,10.72,10.85,10.14,9.51,9.19,9.11,8.63,8.03,7.27,7.04,6.53,5.95,5.64,5.52,6.04,7.07,8.0,8.49,8.92,9.16,9.09,8.77,8.42,8.13,7.69,5.63,4.66,4.86,4.78,4.64,4.47,4.18
431,3.18,3.36,3.4,3.35,3.29,3.19,3.24,4.25,3.55,3.83,3.79,3.78,3.65,3.65,3.71,3.72,3.59,2.61,3.12,3.39,3.57,3.61,3.57,3.53,3.5,3.45,3.4,3.4,3.46,3.54,3.48,4.8,4.22,3.52,2.44,1.63,1.24,1.46,1.81,2.05,2.25,2.24,3.18,3.74,4.38,5.16,5.99,6.68,7.47,8.16,8.4,8.36,8.34,8.07,8.15,8.56,8.95,9.47,9.37,8.59,7.9,7.72,8.13,8.76,9.24,9.08,9.55,9.37,9.02,8.86,8.89,8.5,8.99,9.15,8.94,8.69,8.5,8.63,8.79,10.16,10.96,11.14,11.16,11.15,11.29,11.53,11.74,11.94,11.88,11.27,11.15,11.06,10.34,10.17,10.49,10.98,11.05,11.02,10.96,10.75,10.7,10.69,10.81,10.9,11.3,11.16,10.45,9.82,9.57,9.75,10.12,10.42,10.72,10.85,10.14,9.51,9.19,9.11,8.63,8.03,7.27,7.04,6.53,5.95,5.64,5.52,6.04,7.07,8.0,8.49,8.92,9.16,9.09,8.77,8.42,8.13,7.69,5.63,4.66,4.86,4.78,4.64,4.47,4.18,3.84,3.44,3.09,2.87,2.88,3.06,3.39,4.77,4.56,6.3,6.69,6.69,6.56,6.5,6.49,6.48,6.39,4.45,4.67,5.25,5.44,5.26,4.76,4.54
432,3.5,3.45,3.4,3.4,3.46,3.54,3.48,4.8,4.22,3.52,2.44,1.63,1.24,1.46,1.81,2.05,2.25,2.24,3.18,3.74,4.38,5.16,5.99,6.68,7.47,8.16,8.4,8.36,8.34,8.07,8.15,8.56,8.95,9.47,9.37,8.59,7.9,7.72,8.13,8.76,9.24,9.08,9.55,9.37,9.02,8.86,8.89,8.5,8.99,9.15,8.94,8.69,8.5,8.63,8.79,10.16,10.96,11.14,11.16,11.15,11.29,11.53,11.74,11.94,11.88,11.27,11.15,11.06,10.34,10.17,10.49,10.98,11.05,11.02,10.96,10.75,10.7,10.69,10.81,10.9,11.3,11.16,10.45,9.82,9.57,9.75,10.12,10.42,10.72,10.85,10.14,9.51,9.19,9.11,8.63,8.03,7.27,7.04,6.53,5.95,5.64,5.52,6.04,7.07,8.0,8.49,8.92,9.16,9.09,8.77,8.42,8.13,7.69,5.63,4.66,4.86,4.78,4.64,4.47,4.18,3.84,3.44,3.09,2.87,2.88,3.06,3.39,4.77,4.56,6.3,6.69,6.69,6.56,6.5,6.49,6.48,6.39,4.45,4.67,5.25,5.44,5.26,4.76,4.54,4.35,4.28,4.4,4.48,4.16,3.57,3.66,4.82,5.03,7.17,7.42,7.16,6.75,6.52,6.43,6.49,6.53,4.87,5.79,7.28,7.88,7.57,6.67,6.28
433,7.47,8.16,8.4,8.36,8.34,8.07,8.15,8.56,8.95,9.47,9.37,8.59,7.9,7.72,8.13,8.76,9.24,9.08,9.55,9.37,9.02,8.86,8.89,8.5,8.99,9.15,8.94,8.69,8.5,8.63,8.79,10.16,10.96,11.14,11.16,11.15,11.29,11.53,11.74,11.94,11.88,11.27,11.15,11.06,10.34,10.17,10.49,10.98,11.05,11.02,10.96,10.75,10.7,10.69,10.81,10.9,11.3,11.16,10.45,9.82,9.57,9.75,10.12,10.42,10.72,10.85,10.14,9.51,9.19,9.11,8.63,8.03,7.27,7.04,6.53,5.95,5.64,5.52,6.04,7.07,8.0,8.49,8.92,9.16,9.09,8.77,8.42,8.13,7.69,5.63,4.66,4.86,4.78,4.64,4.47,4.18,3.84,3.44,3.09,2.87,2.88,3.06,3.39,4.77,4.56,6.3,6.69,6.69,6.56,6.5,6.49,6.48,6.39,4.45,4.67,5.25,5.44,5.26,4.76,4.54,4.35,4.28,4.4,4.48,4.16,3.57,3.66,4.82,5.03,7.17,7.42,7.16,6.75,6.52,6.43,6.49,6.53,4.87,5.79,7.28,7.88,7.57,6.67,6.28,5.82,5.39,5.44,5.51,5.26,4.93,5.59,6.2,6.57,8.69,8.33,8.0,7.67,7.49,7.66,7.88,7.81,6.34,6.08,7.09,7.36,7.04,6.48,6.03
434,8.99,9.15,8.94,8.69,8.5,8.63,8.79,10.16,10.96,11.14,11.16,11.15,11.29,11.53,11.74,11.94,11.88,11.27,11.15,11.06,10.34,10.17,10.49,10.98,11.05,11.02,10.96,10.75,10.7,10.69,10.81,10.9,11.3,11.16,10.45,9.82,9.57,9.75,10.12,10.42,10.72,10.85,10.14,9.51,9.19,9.11,8.63,8.03,7.27,7.04,6.53,5.95,5.64,5.52,6.04,7.07,8.0,8.49,8.92,9.16,9.09,8.77,8.42,8.13,7.69,5.63,4.66,4.86,4.78,4.64,4.47,4.18,3.84,3.44,3.09,2.87,2.88,3.06,3.39,4.77,4.56,6.3,6.69,6.69,6.56,6.5,6.49,6.48,6.39,4.45,4.67,5.25,5.44,5.26,4.76,4.54,4.35,4.28,4.4,4.48,4.16,3.57,3.66,4.82,5.03,7.17,7.42,7.16,6.75,6.52,6.43,6.49,6.53,4.87,5.79,7.28,7.88,7.57,6.67,6.28,5.82,5.39,5.44,5.51,5.26,4.93,5.59,6.2,6.57,8.69,8.33,8.0,7.67,7.49,7.66,7.88,7.81,6.34,6.08,7.09,7.36,7.04,6.48,6.03,5.89,5.98,5.67,5.79,6.17,6.35,6.87,7.66,9.1,9.63,8.87,8.03,7.71,7.86,8.27,8.74,8.98,7.82,7.33,7.61,7.41,6.97,6.56,6.33
435,11.05,11.02,10.96,10.75,10.7,10.69,10.81,10.9,11.3,11.16,10.45,9.82,9.57,9.75,10.12,10.42,10.72,10.85,10.14,9.51,9.19,9.11,8.63,8.03,7.27,7.04,6.53,5.95,5.64,5.52,6.04,7.07,8.0,8.49,8.92,9.16,9.09,8.77,8.42,8.13,7.69,5.63,4.66,4.86,4.78,4.64,4.47,4.18,3.84,3.44,3.09,2.87,2.88,3.06,3.39,4.77,4.56,6.3,6.69,6.69,6.56,6.5,6.49,6.48,6.39,4.45,4.67,5.25,5.44,5.26,4.76,4.54,4.35,4.28,4.4,4.48,4.16,3.57,3.66,4.82,5.03,7.17,7.42,7.16,6.75,6.52,6.43,6.49,6.53,4.87,5.79,7.28,7.88,7.57,6.67,6.28,5.82,5.39,5.44,5.51,5.26,4.93,5.59,6.2,6.57,8.69,8.33,8.0,7.67,7.49,7.66,7.88,7.81,6.34,6.08,7.09,7.36,7.04,6.48,6.03,5.89,5.98,5.67,5.79,6.17,6.35,6.87,7.66,9.1,9.63,8.87,8.03,7.71,7.86,8.27,8.74,8.98,7.82,7.33,7.61,7.41,6.97,6.56,6.33,5.93,5.61,5.25,4.91,4.6,4.37,4.95,5.31,5.39,5.75,5.16,4.63,4.51,4.67,4.97,5.34,5.54,3.87,3.71,3.69,3.5,3.38,3.37,3.45
436,7.27,7.04,6.53,5.95,5.64,5.52,6.04,7.07,8.0,8.49,8.92,9.16,9.09,8.77,8.42,8.13,7.69,5.63,4.66,4.86,4.78,4.64,4.47,4.18,3.84,3.44,3.09,2.87,2.88,3.06,3.39,4.77,4.56,6.3,6.69,6.69,6.56,6.5,6.49,6.48,6.39,4.45,4.67,5.25,5.44,5.26,4.76,4.54,4.35,4.28,4.4,4.48,4.16,3.57,3.66,4.82,5.03,7.17,7.42,7.16,6.75,6.52,6.43,6.49,6.53,4.87,5.79,7.28,7.88,7.57,6.67,6.28,5.82,5.39,5.44,5.51,5.26,4.93,5.59,6.2,6.57,8.69,8.33,8.0,7.67,7.49,7.66,7.88,7.81,6.34,6.08,7.09,7.36,7.04,6.48,6.03,5.89,5.98,5.67,5.79,6.17,6.35,6.87,7.66,9.1,9.63,8.87,8.03,7.71,7.86,8.27,8.74,8.98,7.82,7.33,7.61,7.41,6.97,6.56,6.33,5.93,5.61,5.25,4.91,4.6,4.37,4.95,5.31,5.39,5.75,5.16,4.63,4.51,4.67,4.97,5.34,5.54,3.87,3.71,3.69,3.5,3.38,3.37,3.45,3.61,3.84,4.08,4.26,4.47,4.86,5.96,6.75,6.12,8.72,10.07,10.74,11.11,11.32,11.36,10.94,9.52,6.62,6.01,6.77,7.03,6.71,6.07,5.29
437,3.84,3.44,3.09,2.87,2.88,3.06,3.39,4.77,4.56,6.3,6.69,6.69,6.56,6.5,6.49,6.48,6.39,4.45,4.67,5.25,5.44,5.26,4.76,4.54,4.35,4.28,4.4,4.48,4.16,3.57,3.66,4.82,5.03,7.17,7.42,7.16,6.75,6.52,6.43,6.49,6.53,4.87,5.79,7.28,7.88,7.57,6.67,6.28,5.82,5.39,5.44,5.51,5.26,4.93,5.59,6.2,6.57,8.69,8.33,8.0,7.67,7.49,7.66,7.88,7.81,6.34,6.08,7.09,7.36,7.04,6.48,6.03,5.89,5.98,5.67,5.79,6.17,6.35,6.87,7.66,9.1,9.63,8.87,8.03,7.71,7.86,8.27,8.74,8.98,7.82,7.33,7.61,7.41,6.97,6.56,6.33,5.93,5.61,5.25,4.91,4.6,4.37,4.95,5.31,5.39,5.75,5.16,4.63,4.51,4.67,4.97,5.34,5.54,3.87,3.71,3.69,3.5,3.38,3.37,3.45,3.61,3.84,4.08,4.26,4.47,4.86,5.96,6.75,6.12,8.72,10.07,10.74,11.11,11.32,11.36,10.94,9.52,6.62,6.01,6.77,7.03,6.71,6.07,5.29,4.94,4.76,4.57,4.53,4.27,3.6,3.55,3.57,3.72,4.25,4.82,5.04,5.35,5.85,6.2,6.14,5.77,3.65,3.15,3.1,3.07,3.08,3.18,3.33
438,4.35,4.28,4.4,4.48,4.16,3.57,3.66,4.82,5.03,7.17,7.42,7.16,6.75,6.52,6.43,6.49,6.53,4.87,5.79,7.28,7.88,7.57,6.67,6.28,5.82,5.39,5.44,5.51,5.26,4.93,5.59,6.2,6.57,8.69,8.33,8.0,7.67,7.49,7.66,7.88,7.81,6.34,6.08,7.09,7.36,7.04,6.48,6.03,5.89,5.98,5.67,5.79,6.17,6.35,6.87,7.66,9.1,9.63,8.87,8.03,7.71,7.86,8.27,8.74,8.98,7.82,7.33,7.61,7.41,6.97,6.56,6.33,5.93,5.61,5.25,4.91,4.6,4.37,4.95,5.31,5.39,5.75,5.16,4.63,4.51,4.67,4.97,5.34,5.54,3.87,3.71,3.69,3.5,3.38,3.37,3.45,3.61,3.84,4.08,4.26,4.47,4.86,5.96,6.75,6.12,8.72,10.07,10.74,11.11,11.32,11.36,10.94,9.52,6.62,6.01,6.77,7.03,6.71,6.07,5.29,4.94,4.76,4.57,4.53,4.27,3.6,3.55,3.57,3.72,4.25,4.82,5.04,5.35,5.85,6.2,6.14,5.77,3.65,3.15,3.1,3.07,3.08,3.18,3.33,3.47,3.58,3.65,3.65,3.66,3.74,4.28,5.27,4.66,4.7,5.6,6.89,7.95,8.71,9.44,10.42,11.33,11.6,11.33,10.96,10.23,9.27,8.37,7.77
439,5.82,5.39,5.44,5.51,5.26,4.93,5.59,6.2,6.57,8.69,8.33,8.0,7.67,7.49,7.66,7.88,7.81,6.34,6.08,7.09,7.36,7.04,6.48,6.03,5.89,5.98,5.67,5.79,6.17,6.35,6.87,7.66,9.1,9.63,8.87,8.03,7.71,7.86,8.27,8.74,8.98,7.82,7.33,7.61,7.41,6.97,6.56,6.33,5.93,5.61,5.25,4.91,4.6,4.37,4.95,5.31,5.39,5.75,5.16,4.63,4.51,4.67,4.97,5.34,5.54,3.87,3.71,3.69,3.5,3.38,3.37,3.45,3.61,3.84,4.08,4.26,4.47,4.86,5.96,6.75,6.12,8.72,10.07,10.74,11.11,11.32,11.36,10.94,9.52,6.62,6.01,6.77,7.03,6.71,6.07,5.29,4.94,4.76,4.57,4.53,4.27,3.6,3.55,3.57,3.72,4.25,4.82,5.04,5.35,5.85,6.2,6.14,5.77,3.65,3.15,3.1,3.07,3.08,3.18,3.33,3.47,3.58,3.65,3.65,3.66,3.74,4.28,5.27,4.66,4.7,5.6,6.89,7.95,8.71,9.44,10.42,11.33,11.6,11.33,10.96,10.23,9.27,8.37,7.77,6.78,5.8,5.11,4.66,4.7,4.83,5.41,6.21,8.11,7.35,6.38,5.63,5.27,5.28,5.53,5.91,6.17,4.94,4.15,4.49,4.37,4.12,3.85,3.64
440,5.89,5.98,5.67,5.79,6.17,6.35,6.87,7.66,9.1,9.63,8.87,8.03,7.71,7.86,8.27,8.74,8.98,7.82,7.33,7.61,7.41,6.97,6.56,6.33,5.93,5.61,5.25,4.91,4.6,4.37,4.95,5.31,5.39,5.75,5.16,4.63,4.51,4.67,4.97,5.34,5.54,3.87,3.71,3.69,3.5,3.38,3.37,3.45,3.61,3.84,4.08,4.26,4.47,4.86,5.96,6.75,6.12,8.72,10.07,10.74,11.11,11.32,11.36,10.94,9.52,6.62,6.01,6.77,7.03,6.71,6.07,5.29,4.94,4.76,4.57,4.53,4.27,3.6,3.55,3.57,3.72,4.25,4.82,5.04,5.35,5.85,6.2,6.14,5.77,3.65,3.15,3.1,3.07,3.08,3.18,3.33,3.47,3.58,3.65,3.65,3.66,3.74,4.28,5.27,4.66,4.7,5.6,6.89,7.95,8.71,9.44,10.42,11.33,11.6,11.33,10.96,10.23,9.27,8.37,7.77,6.78,5.8,5.11,4.66,4.7,4.83,5.41,6.21,8.11,7.35,6.38,5.63,5.27,5.28,5.53,5.91,6.17,4.94,4.15,4.49,4.37,4.12,3.85,3.64,3.53,3.47,3.47,3.51,3.53,3.45,3.58,4.66,4.71,5.58,5.64,5.48,5.32,5.25,5.22,5.33,5.47,3.88,4.04,4.35,4.43,4.41,4.45,4.57
441,5.93,5.61,5.25,4.91,4.6,4.37,4.95,5.31,5.39,5.75,5.16,4.63,4.51,4.67,4.97,5.34,5.54,3.87,3.71,3.69,3.5,3.38,3.37,3.45,3.61,3.84,4.08,4.26,4.47,4.86,5.96,6.75,6.12,8.72,10.07,10.74,11.11,11.32,11.36,10.94,9.52,6.62,6.01,6.77,7.03,6.71,6.07,5.29,4.94,4.76,4.57,4.53,4.27,3.6,3.55,3.57,3.72,4.25,4.82,5.04,5.35,5.85,6.2,6.14,5.77,3.65,3.15,3.1,3.07,3.08,3.18,3.33,3.47,3.58,3.65,3.65,3.66,3.74,4.28,5.27,4.66,4.7,5.6,6.89,7.95,8.71,9.44,10.42,11.33,11.6,11.33,10.96,10.23,9.27,8.37,7.77,6.78,5.8,5.11,4.66,4.7,4.83,5.41,6.21,8.11,7.35,6.38,5.63,5.27,5.28,5.53,5.91,6.17,4.94,4.15,4.49,4.37,4.12,3.85,3.64,3.53,3.47,3.47,3.51,3.53,3.45,3.58,4.66,4.71,5.58,5.64,5.48,5.32,5.25,5.22,5.33,5.47,3.88,4.04,4.35,4.43,4.41,4.45,4.57,4.72,4.75,4.65,4.42,4.19,3.96,4.29,4.93,4.0,5.63,6.08,6.29,6.42,6.56,6.74,6.93,6.99,5.13,4.57,4.81,4.69,4.38,4.09,3.95
442,3.61,3.84,4.08,4.26,4.47,4.86,5.96,6.75,6.12,8.72,10.07,10.74,11.11,11.32,11.36,10.94,9.52,6.62,6.01,6.77,7.03,6.71,6.07,5.29,4.94,4.76,4.57,4.53,4.27,3.6,3.55,3.57,3.72,4.25,4.82,5.04,5.35,5.85,6.2,6.14,5.77,3.65,3.15,3.1,3.07,3.08,3.18,3.33,3.47,3.58,3.65,3.65,3.66,3.74,4.28,5.27,4.66,4.7,5.6,6.89,7.95,8.71,9.44,10.42,11.33,11.6,11.33,10.96,10.23,9.27,8.37,7.77,6.78,5.8,5.11,4.66,4.7,4.83,5.41,6.21,8.11,7.35,6.38,5.63,5.27,5.28,5.53,5.91,6.17,4.94,4.15,4.49,4.37,4.12,3.85,3.64,3.53,3.47,3.47,3.51,3.53,3.45,3.58,4.66,4.71,5.58,5.64,5.48,5.32,5.25,5.22,5.33,5.47,3.88,4.04,4.35,4.43,4.41,4.45,4.57,4.72,4.75,4.65,4.42,4.19,3.96,4.29,4.93,4.0,5.63,6.08,6.29,6.42,6.56,6.74,6.93,6.99,5.13,4.57,4.81,4.69,4.38,4.09,3.95,3.89,3.9,3.93,3.91,3.81,3.62,3.72,4.02,3.16,4.15,3.72,3.77,4.08,4.44,4.78,5.08,5.18,3.49,3.9,4.29,4.59,4.64,4.54,4.45
443,4.94,4.76,4.57,4.53,4.27,3.6,3.55,3.57,3.72,4.25,4.82,5.04,5.35,5.85,6.2,6.14,5.77,3.65,3.15,3.1,3.07,3.08,3.18,3.33,3.47,3.58,3.65,3.65,3.66,3.74,4.28,5.27,4.66,4.7,5.6,6.89,7.95,8.71,9.44,10.42,11.33,11.6,11.33,10.96,10.23,9.27,8.37,7.77,6.78,5.8,5.11,4.66,4.7,4.83,5.41,6.21,8.11,7.35,6.38,5.63,5.27,5.28,5.53,5.91,6.17,4.94,4.15,4.49,4.37,4.12,3.85,3.64,3.53,3.47,3.47,3.51,3.53,3.45,3.58,4.66,4.71,5.58,5.64,5.48,5.32,5.25,5.22,5.33,5.47,3.88,4.04,4.35,4.43,4.41,4.45,4.57,4.72,4.75,4.65,4.42,4.19,3.96,4.29,4.93,4.0,5.63,6.08,6.29,6.42,6.56,6.74,6.93,6.99,5.13,4.57,4.81,4.69,4.38,4.09,3.95,3.89,3.9,3.93,3.91,3.81,3.62,3.72,4.02,3.16,4.15,3.72,3.77,4.08,4.44,4.78,5.08,5.18,3.49,3.9,4.29,4.59,4.64,4.54,4.45,4.53,4.83,5.16,5.33,5.26,4.98,5.48,5.99,5.98,7.59,7.33,6.87,6.29,5.88,5.7,5.61,5.22,3.4,3.98,4.37,4.7,4.59,4.3,4.39
444,3.47,3.58,3.65,3.65,3.66,3.74,4.28,5.27,4.66,4.7,5.6,6.89,7.95,8.71,9.44,10.42,11.33,11.6,11.33,10.96,10.23,9.27,8.37,7.77,6.78,5.8,5.11,4.66,4.7,4.83,5.41,6.21,8.11,7.35,6.38,5.63,5.27,5.28,5.53,5.91,6.17,4.94,4.15,4.49,4.37,4.12,3.85,3.64,3.53,3.47,3.47,3.51,3.53,3.45,3.58,4.66,4.71,5.58,5.64,5.48,5.32,5.25,5.22,5.33,5.47,3.88,4.04,4.35,4.43,4.41,4.45,4.57,4.72,4.75,4.65,4.42,4.19,3.96,4.29,4.93,4.0,5.63,6.08,6.29,6.42,6.56,6.74,6.93,6.99,5.13,4.57,4.81,4.69,4.38,4.09,3.95,3.89,3.9,3.93,3.91,3.81,3.62,3.72,4.02,3.16,4.15,3.72,3.77,4.08,4.44,4.78,5.08,5.18,3.49,3.9,4.29,4.59,4.64,4.54,4.45,4.53,4.83,5.16,5.33,5.26,4.98,5.48,5.99,5.98,7.59,7.33,6.87,6.29,5.88,5.7,5.61,5.22,3.4,3.98,4.37,4.7,4.59,4.3,4.39,4.8,5.01,5.13,5.64,5.9,5.67,5.9,5.67,5.57,7.16,6.57,5.55,4.78,4.42,4.4,4.86,5.13,3.15,3.15,3.38,3.39,3.15,3.04,3.17
445,6.78,5.8,5.11,4.66,4.7,4.83,5.41,6.21,8.11,7.35,6.38,5.63,5.27,5.28,5.53,5.91,6.17,4.94,4.15,4.49,4.37,4.12,3.85,3.64,3.53,3.47,3.47,3.51,3.53,3.45,3.58,4.66,4.71,5.58,5.64,5.48,5.32,5.25,5.22,5.33,5.47,3.88,4.04,4.35,4.43,4.41,4.45,4.57,4.72,4.75,4.65,4.42,4.19,3.96,4.29,4.93,4.0,5.63,6.08,6.29,6.42,6.56,6.74,6.93,6.99,5.13,4.57,4.81,4.69,4.38,4.09,3.95,3.89,3.9,3.93,3.91,3.81,3.62,3.72,4.02,3.16,4.15,3.72,3.77,4.08,4.44,4.78,5.08,5.18,3.49,3.9,4.29,4.59,4.64,4.54,4.45,4.53,4.83,5.16,5.33,5.26,4.98,5.48,5.99,5.98,7.59,7.33,6.87,6.29,5.88,5.7,5.61,5.22,3.4,3.98,4.37,4.7,4.59,4.3,4.39,4.8,5.01,5.13,5.64,5.9,5.67,5.9,5.67,5.57,7.16,6.57,5.55,4.78,4.42,4.4,4.86,5.13,3.15,3.15,3.38,3.39,3.15,3.04,3.17,3.55,3.91,4.28,4.69,5.12,5.43,5.7,5.49,4.49,5.63,4.81,2.7,1.3,0.5,1.49,3.0,3.94,5.81,8.3,9.3,10.16,10.08,9.55,9.42
446,3.53,3.47,3.47,3.51,3.53,3.45,3.58,4.66,4.71,5.58,5.64,5.48,5.32,5.25,5.22,5.33,5.47,3.88,4.04,4.35,4.43,4.41,4.45,4.57,4.72,4.75,4.65,4.42,4.19,3.96,4.29,4.93,4.0,5.63,6.08,6.29,6.42,6.56,6.74,6.93,6.99,5.13,4.57,4.81,4.69,4.38,4.09,3.95,3.89,3.9,3.93,3.91,3.81,3.62,3.72,4.02,3.16,4.15,3.72,3.77,4.08,4.44,4.78,5.08,5.18,3.49,3.9,4.29,4.59,4.64,4.54,4.45,4.53,4.83,5.16,5.33,5.26,4.98,5.48,5.99,5.98,7.59,7.33,6.87,6.29,5.88,5.7,5.61,5.22,3.4,3.98,4.37,4.7,4.59,4.3,4.39,4.8,5.01,5.13,5.64,5.9,5.67,5.9,5.67,5.57,7.16,6.57,5.55,4.78,4.42,4.4,4.86,5.13,3.15,3.15,3.38,3.39,3.15,3.04,3.17,3.55,3.91,4.28,4.69,5.12,5.43,5.7,5.49,4.49,5.63,4.81,2.7,1.3,0.5,1.49,3.0,3.94,5.81,8.3,9.3,10.16,10.08,9.55,9.42,9.71,9.07,7.84,7.27,6.52,5.18,4.51,4.96,5.95,7.63,9.33,10.32,10.8,11.09,11.1,10.55,9.23,6.83,4.65,4.67,5.27,5.64,5.55,5.13
447,4.72,4.75,4.65,4.42,4.19,3.96,4.29,4.93,4.0,5.63,6.08,6.29,6.42,6.56,6.74,6.93,6.99,5.13,4.57,4.81,4.69,4.38,4.09,3.95,3.89,3.9,3.93,3.91,3.81,3.62,3.72,4.02,3.16,4.15,3.72,3.77,4.08,4.44,4.78,5.08,5.18,3.49,3.9,4.29,4.59,4.64,4.54,4.45,4.53,4.83,5.16,5.33,5.26,4.98,5.48,5.99,5.98,7.59,7.33,6.87,6.29,5.88,5.7,5.61,5.22,3.4,3.98,4.37,4.7,4.59,4.3,4.39,4.8,5.01,5.13,5.64,5.9,5.67,5.9,5.67,5.57,7.16,6.57,5.55,4.78,4.42,4.4,4.86,5.13,3.15,3.15,3.38,3.39,3.15,3.04,3.17,3.55,3.91,4.28,4.69,5.12,5.43,5.7,5.49,4.49,5.63,4.81,2.7,1.3,0.5,1.49,3.0,3.94,5.81,8.3,9.3,10.16,10.08,9.55,9.42,9.71,9.07,7.84,7.27,6.52,5.18,4.51,4.96,5.95,7.63,9.33,10.32,10.8,11.09,11.1,10.55,9.23,6.83,4.65,4.67,5.27,5.64,5.55,5.13,5.15,5.44,5.56,5.2,4.68,4.54,4.8,5.53,4.87,5.13,5.01,4.62,4.34,4.44,4.67,4.76,4.7,3.23,3.84,4.12,4.33,4.42,4.53,4.84
448,3.89,3.9,3.93,3.91,3.81,3.62,3.72,4.02,3.16,4.15,3.72,3.77,4.08,4.44,4.78,5.08,5.18,3.49,3.9,4.29,4.59,4.64,4.54,4.45,4.53,4.83,5.16,5.33,5.26,4.98,5.48,5.99,5.98,7.59,7.33,6.87,6.29,5.88,5.7,5.61,5.22,3.4,3.98,4.37,4.7,4.59,4.3,4.39,4.8,5.01,5.13,5.64,5.9,5.67,5.9,5.67,5.57,7.16,6.57,5.55,4.78,4.42,4.4,4.86,5.13,3.15,3.15,3.38,3.39,3.15,3.04,3.17,3.55,3.91,4.28,4.69,5.12,5.43,5.7,5.49,4.49,5.63,4.81,2.7,1.3,0.5,1.49,3.0,3.94,5.81,8.3,9.3,10.16,10.08,9.55,9.42,9.71,9.07,7.84,7.27,6.52,5.18,4.51,4.96,5.95,7.63,9.33,10.32,10.8,11.09,11.1,10.55,9.23,6.83,4.65,4.67,5.27,5.64,5.55,5.13,5.15,5.44,5.56,5.2,4.68,4.54,4.8,5.53,4.87,5.13,5.01,4.62,4.34,4.44,4.67,4.76,4.7,3.23,3.84,4.12,4.33,4.42,4.53,4.84,5.34,5.6,5.38,4.97,4.76,4.59,5.34,5.18,3.91,4.65,4.27,3.21,2.33,1.9,2.25,2.75,2.81,2.17,2.8,3.4,3.85,4.13,4.26,4.41
449,4.53,4.83,5.16,5.33,5.26,4.98,5.48,5.99,5.98,7.59,7.33,6.87,6.29,5.88,5.7,5.61,5.22,3.4,3.98,4.37,4.7,4.59,4.3,4.39,4.8,5.01,5.13,5.64,5.9,5.67,5.9,5.67,5.57,7.16,6.57,5.55,4.78,4.42,4.4,4.86,5.13,3.15,3.15,3.38,3.39,3.15,3.04,3.17,3.55,3.91,4.28,4.69,5.12,5.43,5.7,5.49,4.49,5.63,4.81,2.7,1.3,0.5,1.49,3.0,3.94,5.81,8.3,9.3,10.16,10.08,9.55,9.42,9.71,9.07,7.84,7.27,6.52,5.18,4.51,4.96,5.95,7.63,9.33,10.32,10.8,11.09,11.1,10.55,9.23,6.83,4.65,4.67,5.27,5.64,5.55,5.13,5.15,5.44,5.56,5.2,4.68,4.54,4.8,5.53,4.87,5.13,5.01,4.62,4.34,4.44,4.67,4.76,4.7,3.23,3.84,4.12,4.33,4.42,4.53,4.84,5.34,5.6,5.38,4.97,4.76,4.59,5.34,5.18,3.91,4.65,4.27,3.21,2.33,1.9,2.25,2.75,2.81,2.17,2.8,3.4,3.85,4.13,4.26,4.41,4.61,4.69,4.69,4.73,4.9,4.72,5.36,5.3,4.53,5.84,5.28,4.27,3.33,2.57,2.11,1.95,1.86,1.69,2.06,2.39,2.86,3.43,3.91,4.36
450,4.8,5.01,5.13,5.64,5.9,5.67,5.9,5.67,5.57,7.16,6.57,5.55,4.78,4.42,4.4,4.86,5.13,3.15,3.15,3.38,3.39,3.15,3.04,3.17,3.55,3.91,4.28,4.69,5.12,5.43,5.7,5.49,4.49,5.63,4.81,2.7,1.3,0.5,1.49,3.0,3.94,5.81,8.3,9.3,10.16,10.08,9.55,9.42,9.71,9.07,7.84,7.27,6.52,5.18,4.51,4.96,5.95,7.63,9.33,10.32,10.8,11.09,11.1,10.55,9.23,6.83,4.65,4.67,5.27,5.64,5.55,5.13,5.15,5.44,5.56,5.2,4.68,4.54,4.8,5.53,4.87,5.13,5.01,4.62,4.34,4.44,4.67,4.76,4.7,3.23,3.84,4.12,4.33,4.42,4.53,4.84,5.34,5.6,5.38,4.97,4.76,4.59,5.34,5.18,3.91,4.65,4.27,3.21,2.33,1.9,2.25,2.75,2.81,2.17,2.8,3.4,3.85,4.13,4.26,4.41,4.61,4.69,4.69,4.73,4.9,4.72,5.36,5.3,4.53,5.84,5.28,4.27,3.33,2.57,2.11,1.95,1.86,1.69,2.06,2.39,2.86,3.43,3.91,4.36,5.08,6.04,6.68,6.72,6.56,6.37,6.92,7.07,6.89,8.88,8.78,8.15,7.92,7.91,7.87,7.7,6.77,4.35,4.54,4.98,5.32,5.43,5.67,6.07
451,3.55,3.91,4.28,4.69,5.12,5.43,5.7,5.49,4.49,5.63,4.81,2.7,1.3,0.5,1.49,3.0,3.94,5.81,8.3,9.3,10.16,10.08,9.55,9.42,9.71,9.07,7.84,7.27,6.52,5.18,4.51,4.96,5.95,7.63,9.33,10.32,10.8,11.09,11.1,10.55,9.23,6.83,4.65,4.67,5.27,5.64,5.55,5.13,5.15,5.44,5.56,5.2,4.68,4.54,4.8,5.53,4.87,5.13,5.01,4.62,4.34,4.44,4.67,4.76,4.7,3.23,3.84,4.12,4.33,4.42,4.53,4.84,5.34,5.6,5.38,4.97,4.76,4.59,5.34,5.18,3.91,4.65,4.27,3.21,2.33,1.9,2.25,2.75,2.81,2.17,2.8,3.4,3.85,4.13,4.26,4.41,4.61,4.69,4.69,4.73,4.9,4.72,5.36,5.3,4.53,5.84,5.28,4.27,3.33,2.57,2.11,1.95,1.86,1.69,2.06,2.39,2.86,3.43,3.91,4.36,5.08,6.04,6.68,6.72,6.56,6.37,6.92,7.07,6.89,8.88,8.78,8.15,7.92,7.91,7.87,7.7,6.77,4.35,4.54,4.98,5.32,5.43,5.67,6.07,5.93,5.58,5.2,5.17,5.51,5.93,6.46,7.02,6.99,9.05,12.31,13.42,13.16,13.1,12.83,12.37,10.53,8.12,7.39,6.96,6.61,7.06,7.06,6.82
452,9.71,9.07,7.84,7.27,6.52,5.18,4.51,4.96,5.95,7.63,9.33,10.32,10.8,11.09,11.1,10.55,9.23,6.83,4.65,4.67,5.27,5.64,5.55,5.13,5.15,5.44,5.56,5.2,4.68,4.54,4.8,5.53,4.87,5.13,5.01,4.62,4.34,4.44,4.67,4.76,4.7,3.23,3.84,4.12,4.33,4.42,4.53,4.84,5.34,5.6,5.38,4.97,4.76,4.59,5.34,5.18,3.91,4.65,4.27,3.21,2.33,1.9,2.25,2.75,2.81,2.17,2.8,3.4,3.85,4.13,4.26,4.41,4.61,4.69,4.69,4.73,4.9,4.72,5.36,5.3,4.53,5.84,5.28,4.27,3.33,2.57,2.11,1.95,1.86,1.69,2.06,2.39,2.86,3.43,3.91,4.36,5.08,6.04,6.68,6.72,6.56,6.37,6.92,7.07,6.89,8.88,8.78,8.15,7.92,7.91,7.87,7.7,6.77,4.35,4.54,4.98,5.32,5.43,5.67,6.07,5.93,5.58,5.2,5.17,5.51,5.93,6.46,7.02,6.99,9.05,12.31,13.42,13.16,13.1,12.83,12.37,10.53,8.12,7.39,6.96,6.61,7.06,7.06,6.82,6.51,6.08,5.58,4.99,4.57,4.2,4.82,5.13,4.98,7.72,9.03,9.4,9.58,9.73,9.75,9.46,8.46,5.07,4.13,3.94,3.75,3.51,3.23,2.92
453,5.15,5.44,5.56,5.2,4.68,4.54,4.8,5.53,4.87,5.13,5.01,4.62,4.34,4.44,4.67,4.76,4.7,3.23,3.84,4.12,4.33,4.42,4.53,4.84,5.34,5.6,5.38,4.97,4.76,4.59,5.34,5.18,3.91,4.65,4.27,3.21,2.33,1.9,2.25,2.75,2.81,2.17,2.8,3.4,3.85,4.13,4.26,4.41,4.61,4.69,4.69,4.73,4.9,4.72,5.36,5.3,4.53,5.84,5.28,4.27,3.33,2.57,2.11,1.95,1.86,1.69,2.06,2.39,2.86,3.43,3.91,4.36,5.08,6.04,6.68,6.72,6.56,6.37,6.92,7.07,6.89,8.88,8.78,8.15,7.92,7.91,7.87,7.7,6.77,4.35,4.54,4.98,5.32,5.43,5.67,6.07,5.93,5.58,5.2,5.17,5.51,5.93,6.46,7.02,6.99,9.05,12.31,13.42,13.16,13.1,12.83,12.37,10.53,8.12,7.39,6.96,6.61,7.06,7.06,6.82,6.51,6.08,5.58,4.99,4.57,4.2,4.82,5.13,4.98,7.72,9.03,9.4,9.58,9.73,9.75,9.46,8.46,5.07,4.13,3.94,3.75,3.51,3.23,2.92,2.73,2.76,3.05,3.52,4.19,4.92,6.19,6.53,6.5,6.27,4.69,2.82,1.42,0.84,1.15,1.68,2.3,2.31,3.5,5.49,7.22,7.85,8.05,8.19
454,5.34,5.6,5.38,4.97,4.76,4.59,5.34,5.18,3.91,4.65,4.27,3.21,2.33,1.9,2.25,2.75,2.81,2.17,2.8,3.4,3.85,4.13,4.26,4.41,4.61,4.69,4.69,4.73,4.9,4.72,5.36,5.3,4.53,5.84,5.28,4.27,3.33,2.57,2.11,1.95,1.86,1.69,2.06,2.39,2.86,3.43,3.91,4.36,5.08,6.04,6.68,6.72,6.56,6.37,6.92,7.07,6.89,8.88,8.78,8.15,7.92,7.91,7.87,7.7,6.77,4.35,4.54,4.98,5.32,5.43,5.67,6.07,5.93,5.58,5.2,5.17,5.51,5.93,6.46,7.02,6.99,9.05,12.31,13.42,13.16,13.1,12.83,12.37,10.53,8.12,7.39,6.96,6.61,7.06,7.06,6.82,6.51,6.08,5.58,4.99,4.57,4.2,4.82,5.13,4.98,7.72,9.03,9.4,9.58,9.73,9.75,9.46,8.46,5.07,4.13,3.94,3.75,3.51,3.23,2.92,2.73,2.76,3.05,3.52,4.19,4.92,6.19,6.53,6.5,6.27,4.69,2.82,1.42,0.84,1.15,1.68,2.3,2.31,3.5,5.49,7.22,7.85,8.05,8.19,8.31,8.25,7.32,6.44,6.16,5.9,6.4,7.04,8.6,7.91,6.97,6.21,5.56,5.09,4.75,4.4,3.86,2.5,2.93,3.28,3.73,3.85,3.94,3.93
455,4.61,4.69,4.69,4.73,4.9,4.72,5.36,5.3,4.53,5.84,5.28,4.27,3.33,2.57,2.11,1.95,1.86,1.69,2.06,2.39,2.86,3.43,3.91,4.36,5.08,6.04,6.68,6.72,6.56,6.37,6.92,7.07,6.89,8.88,8.78,8.15,7.92,7.91,7.87,7.7,6.77,4.35,4.54,4.98,5.32,5.43,5.67,6.07,5.93,5.58,5.2,5.17,5.51,5.93,6.46,7.02,6.99,9.05,12.31,13.42,13.16,13.1,12.83,12.37,10.53,8.12,7.39,6.96,6.61,7.06,7.06,6.82,6.51,6.08,5.58,4.99,4.57,4.2,4.82,5.13,4.98,7.72,9.03,9.4,9.58,9.73,9.75,9.46,8.46,5.07,4.13,3.94,3.75,3.51,3.23,2.92,2.73,2.76,3.05,3.52,4.19,4.92,6.19,6.53,6.5,6.27,4.69,2.82,1.42,0.84,1.15,1.68,2.3,2.31,3.5,5.49,7.22,7.85,8.05,8.19,8.31,8.25,7.32,6.44,6.16,5.9,6.4,7.04,8.6,7.91,6.97,6.21,5.56,5.09,4.75,4.4,3.86,2.5,2.93,3.28,3.73,3.85,3.94,3.93,3.81,3.73,3.7,3.68,3.74,3.94,4.77,4.8,4.05,3.85,2.84,2.13,1.89,1.74,1.69,1.72,1.74,1.26,1.2,1.49,2.03,2.51,2.88,3.23
456,5.08,6.04,6.68,6.72,6.56,6.37,6.92,7.07,6.89,8.88,8.78,8.15,7.92,7.91,7.87,7.7,6.77,4.35,4.54,4.98,5.32,5.43,5.67,6.07,5.93,5.58,5.2,5.17,5.51,5.93,6.46,7.02,6.99,9.05,12.31,13.42,13.16,13.1,12.83,12.37,10.53,8.12,7.39,6.96,6.61,7.06,7.06,6.82,6.51,6.08,5.58,4.99,4.57,4.2,4.82,5.13,4.98,7.72,9.03,9.4,9.58,9.73,9.75,9.46,8.46,5.07,4.13,3.94,3.75,3.51,3.23,2.92,2.73,2.76,3.05,3.52,4.19,4.92,6.19,6.53,6.5,6.27,4.69,2.82,1.42,0.84,1.15,1.68,2.3,2.31,3.5,5.49,7.22,7.85,8.05,8.19,8.31,8.25,7.32,6.44,6.16,5.9,6.4,7.04,8.6,7.91,6.97,6.21,5.56,5.09,4.75,4.4,3.86,2.5,2.93,3.28,3.73,3.85,3.94,3.93,3.81,3.73,3.7,3.68,3.74,3.94,4.77,4.8,4.05,3.85,2.84,2.13,1.89,1.74,1.69,1.72,1.74,1.26,1.2,1.49,2.03,2.51,2.88,3.23,3.56,3.8,3.96,4.15,4.33,4.48,5.64,6.22,6.14,7.09,7.34,7.19,6.88,6.47,6.07,5.61,5.03,3.03,3.14,3.08,2.95,2.89,2.95,3.13
457,5.93,5.58,5.2,5.17,5.51,5.93,6.46,7.02,6.99,9.05,12.31,13.42,13.16,13.1,12.83,12.37,10.53,8.12,7.39,6.96,6.61,7.06,7.06,6.82,6.51,6.08,5.58,4.99,4.57,4.2,4.82,5.13,4.98,7.72,9.03,9.4,9.58,9.73,9.75,9.46,8.46,5.07,4.13,3.94,3.75,3.51,3.23,2.92,2.73,2.76,3.05,3.52,4.19,4.92,6.19,6.53,6.5,6.27,4.69,2.82,1.42,0.84,1.15,1.68,2.3,2.31,3.5,5.49,7.22,7.85,8.05,8.19,8.31,8.25,7.32,6.44,6.16,5.9,6.4,7.04,8.6,7.91,6.97,6.21,5.56,5.09,4.75,4.4,3.86,2.5,2.93,3.28,3.73,3.85,3.94,3.93,3.81,3.73,3.7,3.68,3.74,3.94,4.77,4.8,4.05,3.85,2.84,2.13,1.89,1.74,1.69,1.72,1.74,1.26,1.2,1.49,2.03,2.51,2.88,3.23,3.56,3.8,3.96,4.15,4.33,4.48,5.64,6.22,6.14,7.09,7.34,7.19,6.88,6.47,6.07,5.61,5.03,3.03,3.14,3.08,2.95,2.89,2.95,3.13,3.53,4.02,4.5,4.76,4.89,4.86,5.73,5.52,5.46,6.42,5.66,5.06,4.64,4.2,3.81,3.52,3.37,2.43,2.77,2.72,2.57,2.32,1.97,1.66
458,6.51,6.08,5.58,4.99,4.57,4.2,4.82,5.13,4.98,7.72,9.03,9.4,9.58,9.73,9.75,9.46,8.46,5.07,4.13,3.94,3.75,3.51,3.23,2.92,2.73,2.76,3.05,3.52,4.19,4.92,6.19,6.53,6.5,6.27,4.69,2.82,1.42,0.84,1.15,1.68,2.3,2.31,3.5,5.49,7.22,7.85,8.05,8.19,8.31,8.25,7.32,6.44,6.16,5.9,6.4,7.04,8.6,7.91,6.97,6.21,5.56,5.09,4.75,4.4,3.86,2.5,2.93,3.28,3.73,3.85,3.94,3.93,3.81,3.73,3.7,3.68,3.74,3.94,4.77,4.8,4.05,3.85,2.84,2.13,1.89,1.74,1.69,1.72,1.74,1.26,1.2,1.49,2.03,2.51,2.88,3.23,3.56,3.8,3.96,4.15,4.33,4.48,5.64,6.22,6.14,7.09,7.34,7.19,6.88,6.47,6.07,5.61,5.03,3.03,3.14,3.08,2.95,2.89,2.95,3.13,3.53,4.02,4.5,4.76,4.89,4.86,5.73,5.52,5.46,6.42,5.66,5.06,4.64,4.2,3.81,3.52,3.37,2.43,2.77,2.72,2.57,2.32,1.97,1.66,1.52,1.88,2.33,2.4,2.18,1.87,1.44,1.8,1.66,2.42,3.4,4.18,4.88,5.37,5.69,5.78,5.62,3.64,3.51,3.51,3.31,3.14,2.98,2.73
459,2.73,2.76,3.05,3.52,4.19,4.92,6.19,6.53,6.5,6.27,4.69,2.82,1.42,0.84,1.15,1.68,2.3,2.31,3.5,5.49,7.22,7.85,8.05,8.19,8.31,8.25,7.32,6.44,6.16,5.9,6.4,7.04,8.6,7.91,6.97,6.21,5.56,5.09,4.75,4.4,3.86,2.5,2.93,3.28,3.73,3.85,3.94,3.93,3.81,3.73,3.7,3.68,3.74,3.94,4.77,4.8,4.05,3.85,2.84,2.13,1.89,1.74,1.69,1.72,1.74,1.26,1.2,1.49,2.03,2.51,2.88,3.23,3.56,3.8,3.96,4.15,4.33,4.48,5.64,6.22,6.14,7.09,7.34,7.19,6.88,6.47,6.07,5.61,5.03,3.03,3.14,3.08,2.95,2.89,2.95,3.13,3.53,4.02,4.5,4.76,4.89,4.86,5.73,5.52,5.46,6.42,5.66,5.06,4.64,4.2,3.81,3.52,3.37,2.43,2.77,2.72,2.57,2.32,1.97,1.66,1.52,1.88,2.33,2.4,2.18,1.87,1.44,1.8,1.66,2.42,3.4,4.18,4.88,5.37,5.69,5.78,5.62,3.64,3.51,3.51,3.31,3.14,2.98,2.73,2.47,2.29,2.23,2.23,2.19,2.05,1.67,1.88,2.12,3.34,4.55,5.23,5.48,5.46,5.71,5.8,5.59,3.52,3.42,3.52,3.63,3.89,4.18,4.35
460,8.31,8.25,7.32,6.44,6.16,5.9,6.4,7.04,8.6,7.91,6.97,6.21,5.56,5.09,4.75,4.4,3.86,2.5,2.93,3.28,3.73,3.85,3.94,3.93,3.81,3.73,3.7,3.68,3.74,3.94,4.77,4.8,4.05,3.85,2.84,2.13,1.89,1.74,1.69,1.72,1.74,1.26,1.2,1.49,2.03,2.51,2.88,3.23,3.56,3.8,3.96,4.15,4.33,4.48,5.64,6.22,6.14,7.09,7.34,7.19,6.88,6.47,6.07,5.61,5.03,3.03,3.14,3.08,2.95,2.89,2.95,3.13,3.53,4.02,4.5,4.76,4.89,4.86,5.73,5.52,5.46,6.42,5.66,5.06,4.64,4.2,3.81,3.52,3.37,2.43,2.77,2.72,2.57,2.32,1.97,1.66,1.52,1.88,2.33,2.4,2.18,1.87,1.44,1.8,1.66,2.42,3.4,4.18,4.88,5.37,5.69,5.78,5.62,3.64,3.51,3.51,3.31,3.14,2.98,2.73,2.47,2.29,2.23,2.23,2.19,2.05,1.67,1.88,2.12,3.34,4.55,5.23,5.48,5.46,5.71,5.8,5.59,3.52,3.42,3.52,3.63,3.89,4.18,4.35,4.43,4.55,4.75,4.77,4.71,4.78,5.88,6.11,6.17,6.81,5.9,4.95,4.16,3.62,3.27,3.05,2.85,2.03,2.59,3.2,3.61,3.88,4.28,5.08
461,3.81,3.73,3.7,3.68,3.74,3.94,4.77,4.8,4.05,3.85,2.84,2.13,1.89,1.74,1.69,1.72,1.74,1.26,1.2,1.49,2.03,2.51,2.88,3.23,3.56,3.8,3.96,4.15,4.33,4.48,5.64,6.22,6.14,7.09,7.34,7.19,6.88,6.47,6.07,5.61,5.03,3.03,3.14,3.08,2.95,2.89,2.95,3.13,3.53,4.02,4.5,4.76,4.89,4.86,5.73,5.52,5.46,6.42,5.66,5.06,4.64,4.2,3.81,3.52,3.37,2.43,2.77,2.72,2.57,2.32,1.97,1.66,1.52,1.88,2.33,2.4,2.18,1.87,1.44,1.8,1.66,2.42,3.4,4.18,4.88,5.37,5.69,5.78,5.62,3.64,3.51,3.51,3.31,3.14,2.98,2.73,2.47,2.29,2.23,2.23,2.19,2.05,1.67,1.88,2.12,3.34,4.55,5.23,5.48,5.46,5.71,5.8,5.59,3.52,3.42,3.52,3.63,3.89,4.18,4.35,4.43,4.55,4.75,4.77,4.71,4.78,5.88,6.11,6.17,6.81,5.9,4.95,4.16,3.62,3.27,3.05,2.85,2.03,2.59,3.2,3.61,3.88,4.28,5.08,5.73,5.99,6.08,5.9,5.73,5.71,6.65,6.86,7.78,7.72,6.77,5.73,4.82,4.06,3.53,3.3,3.11,2.21,2.6,2.75,3.22,3.69,3.91,4.43
462,3.56,3.8,3.96,4.15,4.33,4.48,5.64,6.22,6.14,7.09,7.34,7.19,6.88,6.47,6.07,5.61,5.03,3.03,3.14,3.08,2.95,2.89,2.95,3.13,3.53,4.02,4.5,4.76,4.89,4.86,5.73,5.52,5.46,6.42,5.66,5.06,4.64,4.2,3.81,3.52,3.37,2.43,2.77,2.72,2.57,2.32,1.97,1.66,1.52,1.88,2.33,2.4,2.18,1.87,1.44,1.8,1.66,2.42,3.4,4.18,4.88,5.37,5.69,5.78,5.62,3.64,3.51,3.51,3.31,3.14,2.98,2.73,2.47,2.29,2.23,2.23,2.19,2.05,1.67,1.88,2.12,3.34,4.55,5.23,5.48,5.46,5.71,5.8,5.59,3.52,3.42,3.52,3.63,3.89,4.18,4.35,4.43,4.55,4.75,4.77,4.71,4.78,5.88,6.11,6.17,6.81,5.9,4.95,4.16,3.62,3.27,3.05,2.85,2.03,2.59,3.2,3.61,3.88,4.28,5.08,5.73,5.99,6.08,5.9,5.73,5.71,6.65,6.86,7.78,7.72,6.77,5.73,4.82,4.06,3.53,3.3,3.11,2.21,2.6,2.75,3.22,3.69,3.91,4.43,5.35,6.34,7.1,7.22,7.34,7.38,7.81,8.05,8.37,8.93,8.77,8.44,8.17,8.1,8.19,8.22,7.71,4.88,4.17,4.48,4.85,5.19,5.72,6.57
463,3.53,4.02,4.5,4.76,4.89,4.86,5.73,5.52,5.46,6.42,5.66,5.06,4.64,4.2,3.81,3.52,3.37,2.43,2.77,2.72,2.57,2.32,1.97,1.66,1.52,1.88,2.33,2.4,2.18,1.87,1.44,1.8,1.66,2.42,3.4,4.18,4.88,5.37,5.69,5.78,5.62,3.64,3.51,3.51,3.31,3.14,2.98,2.73,2.47,2.29,2.23,2.23,2.19,2.05,1.67,1.88,2.12,3.34,4.55,5.23,5.48,5.46,5.71,5.8,5.59,3.52,3.42,3.52,3.63,3.89,4.18,4.35,4.43,4.55,4.75,4.77,4.71,4.78,5.88,6.11,6.17,6.81,5.9,4.95,4.16,3.62,3.27,3.05,2.85,2.03,2.59,3.2,3.61,3.88,4.28,5.08,5.73,5.99,6.08,5.9,5.73,5.71,6.65,6.86,7.78,7.72,6.77,5.73,4.82,4.06,3.53,3.3,3.11,2.21,2.6,2.75,3.22,3.69,3.91,4.43,5.35,6.34,7.1,7.22,7.34,7.38,7.81,8.05,8.37,8.93,8.77,8.44,8.17,8.1,8.19,8.22,7.71,4.88,4.17,4.48,4.85,5.19,5.72,6.57,6.67,5.92,5.62,5.82,5.12,4.71,6.06,6.84,8.59,10.29,10.78,11.01,11.24,11.51,11.68,11.56,10.97,9.15,6.32,4.68,4.19,3.79,3.38,3.03
464,1.52,1.88,2.33,2.4,2.18,1.87,1.44,1.8,1.66,2.42,3.4,4.18,4.88,5.37,5.69,5.78,5.62,3.64,3.51,3.51,3.31,3.14,2.98,2.73,2.47,2.29,2.23,2.23,2.19,2.05,1.67,1.88,2.12,3.34,4.55,5.23,5.48,5.46,5.71,5.8,5.59,3.52,3.42,3.52,3.63,3.89,4.18,4.35,4.43,4.55,4.75,4.77,4.71,4.78,5.88,6.11,6.17,6.81,5.9,4.95,4.16,3.62,3.27,3.05,2.85,2.03,2.59,3.2,3.61,3.88,4.28,5.08,5.73,5.99,6.08,5.9,5.73,5.71,6.65,6.86,7.78,7.72,6.77,5.73,4.82,4.06,3.53,3.3,3.11,2.21,2.6,2.75,3.22,3.69,3.91,4.43,5.35,6.34,7.1,7.22,7.34,7.38,7.81,8.05,8.37,8.93,8.77,8.44,8.17,8.1,8.19,8.22,7.71,4.88,4.17,4.48,4.85,5.19,5.72,6.57,6.67,5.92,5.62,5.82,5.12,4.71,6.06,6.84,8.59,10.29,10.78,11.01,11.24,11.51,11.68,11.56,10.97,9.15,6.32,4.68,4.19,3.79,3.38,3.03,2.72,2.43,2.22,2.27,2.46,2.6,3.62,4.31,3.34,1.92,2.82,4.45,5.31,5.68,5.71,5.51,5.18,4.06,3.1,3.53,4.0,4.27,4.3,4.3
465,2.47,2.29,2.23,2.23,2.19,2.05,1.67,1.88,2.12,3.34,4.55,5.23,5.48,5.46,5.71,5.8,5.59,3.52,3.42,3.52,3.63,3.89,4.18,4.35,4.43,4.55,4.75,4.77,4.71,4.78,5.88,6.11,6.17,6.81,5.9,4.95,4.16,3.62,3.27,3.05,2.85,2.03,2.59,3.2,3.61,3.88,4.28,5.08,5.73,5.99,6.08,5.9,5.73,5.71,6.65,6.86,7.78,7.72,6.77,5.73,4.82,4.06,3.53,3.3,3.11,2.21,2.6,2.75,3.22,3.69,3.91,4.43,5.35,6.34,7.1,7.22,7.34,7.38,7.81,8.05,8.37,8.93,8.77,8.44,8.17,8.1,8.19,8.22,7.71,4.88,4.17,4.48,4.85,5.19,5.72,6.57,6.67,5.92,5.62,5.82,5.12,4.71,6.06,6.84,8.59,10.29,10.78,11.01,11.24,11.51,11.68,11.56,10.97,9.15,6.32,4.68,4.19,3.79,3.38,3.03,2.72,2.43,2.22,2.27,2.46,2.6,3.62,4.31,3.34,1.92,2.82,4.45,5.31,5.68,5.71,5.51,5.18,4.06,3.1,3.53,4.0,4.27,4.3,4.3,4.5,5.28,6.51,7.35,7.47,7.57,8.14,8.66,8.55,7.86,7.06,6.63,6.62,6.83,7.13,7.3,7.25,6.72,4.9,5.27,5.84,6.02,5.85,5.62
466,4.43,4.55,4.75,4.77,4.71,4.78,5.88,6.11,6.17,6.81,5.9,4.95,4.16,3.62,3.27,3.05,2.85,2.03,2.59,3.2,3.61,3.88,4.28,5.08,5.73,5.99,6.08,5.9,5.73,5.71,6.65,6.86,7.78,7.72,6.77,5.73,4.82,4.06,3.53,3.3,3.11,2.21,2.6,2.75,3.22,3.69,3.91,4.43,5.35,6.34,7.1,7.22,7.34,7.38,7.81,8.05,8.37,8.93,8.77,8.44,8.17,8.1,8.19,8.22,7.71,4.88,4.17,4.48,4.85,5.19,5.72,6.57,6.67,5.92,5.62,5.82,5.12,4.71,6.06,6.84,8.59,10.29,10.78,11.01,11.24,11.51,11.68,11.56,10.97,9.15,6.32,4.68,4.19,3.79,3.38,3.03,2.72,2.43,2.22,2.27,2.46,2.6,3.62,4.31,3.34,1.92,2.82,4.45,5.31,5.68,5.71,5.51,5.18,4.06,3.1,3.53,4.0,4.27,4.3,4.3,4.5,5.28,6.51,7.35,7.47,7.57,8.14,8.66,8.55,7.86,7.06,6.63,6.62,6.83,7.13,7.3,7.25,6.72,4.9,5.27,5.84,6.02,5.85,5.62,5.38,5.11,4.77,4.46,4.31,4.32,5.71,5.59,8.04,8.15,7.75,7.35,7.07,6.89,6.78,6.68,6.64,5.91,4.27,4.8,5.15,5.3,5.07,4.87
467,5.73,5.99,6.08,5.9,5.73,5.71,6.65,6.86,7.78,7.72,6.77,5.73,4.82,4.06,3.53,3.3,3.11,2.21,2.6,2.75,3.22,3.69,3.91,4.43,5.35,6.34,7.1,7.22,7.34,7.38,7.81,8.05,8.37,8.93,8.77,8.44,8.17,8.1,8.19,8.22,7.71,4.88,4.17,4.48,4.85,5.19,5.72,6.57,6.67,5.92,5.62,5.82,5.12,4.71,6.06,6.84,8.59,10.29,10.78,11.01,11.24,11.51,11.68,11.56,10.97,9.15,6.32,4.68,4.19,3.79,3.38,3.03,2.72,2.43,2.22,2.27,2.46,2.6,3.62,4.31,3.34,1.92,2.82,4.45,5.31,5.68,5.71,5.51,5.18,4.06,3.1,3.53,4.0,4.27,4.3,4.3,4.5,5.28,6.51,7.35,7.47,7.57,8.14,8.66,8.55,7.86,7.06,6.63,6.62,6.83,7.13,7.3,7.25,6.72,4.9,5.27,5.84,6.02,5.85,5.62,5.38,5.11,4.77,4.46,4.31,4.32,5.71,5.59,8.04,8.15,7.75,7.35,7.07,6.89,6.78,6.68,6.64,5.91,4.27,4.8,5.15,5.3,5.07,4.87,4.78,4.64,4.46,4.37,4.29,4.2,5.41,4.78,6.41,6.11,5.44,4.88,4.53,4.44,4.45,4.42,4.45,3.6,3.24,3.59,3.73,3.8,3.91,4.07
468,5.35,6.34,7.1,7.22,7.34,7.38,7.81,8.05,8.37,8.93,8.77,8.44,8.17,8.1,8.19,8.22,7.71,4.88,4.17,4.48,4.85,5.19,5.72,6.57,6.67,5.92,5.62,5.82,5.12,4.71,6.06,6.84,8.59,10.29,10.78,11.01,11.24,11.51,11.68,11.56,10.97,9.15,6.32,4.68,4.19,3.79,3.38,3.03,2.72,2.43,2.22,2.27,2.46,2.6,3.62,4.31,3.34,1.92,2.82,4.45,5.31,5.68,5.71,5.51,5.18,4.06,3.1,3.53,4.0,4.27,4.3,4.3,4.5,5.28,6.51,7.35,7.47,7.57,8.14,8.66,8.55,7.86,7.06,6.63,6.62,6.83,7.13,7.3,7.25,6.72,4.9,5.27,5.84,6.02,5.85,5.62,5.38,5.11,4.77,4.46,4.31,4.32,5.71,5.59,8.04,8.15,7.75,7.35,7.07,6.89,6.78,6.68,6.64,5.91,4.27,4.8,5.15,5.3,5.07,4.87,4.78,4.64,4.46,4.37,4.29,4.2,5.41,4.78,6.41,6.11,5.44,4.88,4.53,4.44,4.45,4.42,4.45,3.6,3.24,3.59,3.73,3.8,3.91,4.07,4.17,4.28,4.55,4.86,4.88,4.89,6.22,6.25,6.47,5.46,3.93,2.77,2.06,1.77,1.85,2.13,2.38,1.92,2.33,2.48,2.41,2.24,1.99,1.66
469,6.67,5.92,5.62,5.82,5.12,4.71,6.06,6.84,8.59,10.29,10.78,11.01,11.24,11.51,11.68,11.56,10.97,9.15,6.32,4.68,4.19,3.79,3.38,3.03,2.72,2.43,2.22,2.27,2.46,2.6,3.62,4.31,3.34,1.92,2.82,4.45,5.31,5.68,5.71,5.51,5.18,4.06,3.1,3.53,4.0,4.27,4.3,4.3,4.5,5.28,6.51,7.35,7.47,7.57,8.14,8.66,8.55,7.86,7.06,6.63,6.62,6.83,7.13,7.3,7.25,6.72,4.9,5.27,5.84,6.02,5.85,5.62,5.38,5.11,4.77,4.46,4.31,4.32,5.71,5.59,8.04,8.15,7.75,7.35,7.07,6.89,6.78,6.68,6.64,5.91,4.27,4.8,5.15,5.3,5.07,4.87,4.78,4.64,4.46,4.37,4.29,4.2,5.41,4.78,6.41,6.11,5.44,4.88,4.53,4.44,4.45,4.42,4.45,3.6,3.24,3.59,3.73,3.8,3.91,4.07,4.17,4.28,4.55,4.86,4.88,4.89,6.22,6.25,6.47,5.46,3.93,2.77,2.06,1.77,1.85,2.13,2.38,1.92,2.33,2.48,2.41,2.24,1.99,1.66,1.31,1.23,1.83,2.63,3.21,3.48,4.33,4.96,4.51,4.77,4.72,4.74,4.79,4.89,5.0,5.05,4.96,3.18,3.11,3.09,3.05,3.11,3.27,3.36
470,2.72,2.43,2.22,2.27,2.46,2.6,3.62,4.31,3.34,1.92,2.82,4.45,5.31,5.68,5.71,5.51,5.18,4.06,3.1,3.53,4.0,4.27,4.3,4.3,4.5,5.28,6.51,7.35,7.47,7.57,8.14,8.66,8.55,7.86,7.06,6.63,6.62,6.83,7.13,7.3,7.25,6.72,4.9,5.27,5.84,6.02,5.85,5.62,5.38,5.11,4.77,4.46,4.31,4.32,5.71,5.59,8.04,8.15,7.75,7.35,7.07,6.89,6.78,6.68,6.64,5.91,4.27,4.8,5.15,5.3,5.07,4.87,4.78,4.64,4.46,4.37,4.29,4.2,5.41,4.78,6.41,6.11,5.44,4.88,4.53,4.44,4.45,4.42,4.45,3.6,3.24,3.59,3.73,3.8,3.91,4.07,4.17,4.28,4.55,4.86,4.88,4.89,6.22,6.25,6.47,5.46,3.93,2.77,2.06,1.77,1.85,2.13,2.38,1.92,2.33,2.48,2.41,2.24,1.99,1.66,1.31,1.23,1.83,2.63,3.21,3.48,4.33,4.96,4.51,4.77,4.72,4.74,4.79,4.89,5.0,5.05,4.96,3.18,3.11,3.09,3.05,3.11,3.27,3.36,3.34,3.32,3.21,2.93,2.53,2.1,1.55,1.6,1.34,1.8,2.89,4.0,4.71,5.23,5.59,5.76,5.63,3.48,3.27,3.08,2.94,3.03,3.26,3.46
471,4.5,5.28,6.51,7.35,7.47,7.57,8.14,8.66,8.55,7.86,7.06,6.63,6.62,6.83,7.13,7.3,7.25,6.72,4.9,5.27,5.84,6.02,5.85,5.62,5.38,5.11,4.77,4.46,4.31,4.32,5.71,5.59,8.04,8.15,7.75,7.35,7.07,6.89,6.78,6.68,6.64,5.91,4.27,4.8,5.15,5.3,5.07,4.87,4.78,4.64,4.46,4.37,4.29,4.2,5.41,4.78,6.41,6.11,5.44,4.88,4.53,4.44,4.45,4.42,4.45,3.6,3.24,3.59,3.73,3.8,3.91,4.07,4.17,4.28,4.55,4.86,4.88,4.89,6.22,6.25,6.47,5.46,3.93,2.77,2.06,1.77,1.85,2.13,2.38,1.92,2.33,2.48,2.41,2.24,1.99,1.66,1.31,1.23,1.83,2.63,3.21,3.48,4.33,4.96,4.51,4.77,4.72,4.74,4.79,4.89,5.0,5.05,4.96,3.18,3.11,3.09,3.05,3.11,3.27,3.36,3.34,3.32,3.21,2.93,2.53,2.1,1.55,1.6,1.34,1.8,2.89,4.0,4.71,5.23,5.59,5.76,5.63,3.48,3.27,3.08,2.94,3.03,3.26,3.46,3.56,3.56,3.51,3.43,3.22,2.93,2.37,2.8,2.08,2.78,4.37,5.05,5.58,5.97,6.12,5.97,5.54,3.31,3.24,2.99,2.6,2.37,2.43,2.65
472,5.38,5.11,4.77,4.46,4.31,4.32,5.71,5.59,8.04,8.15,7.75,7.35,7.07,6.89,6.78,6.68,6.64,5.91,4.27,4.8,5.15,5.3,5.07,4.87,4.78,4.64,4.46,4.37,4.29,4.2,5.41,4.78,6.41,6.11,5.44,4.88,4.53,4.44,4.45,4.42,4.45,3.6,3.24,3.59,3.73,3.8,3.91,4.07,4.17,4.28,4.55,4.86,4.88,4.89,6.22,6.25,6.47,5.46,3.93,2.77,2.06,1.77,1.85,2.13,2.38,1.92,2.33,2.48,2.41,2.24,1.99,1.66,1.31,1.23,1.83,2.63,3.21,3.48,4.33,4.96,4.51,4.77,4.72,4.74,4.79,4.89,5.0,5.05,4.96,3.18,3.11,3.09,3.05,3.11,3.27,3.36,3.34,3.32,3.21,2.93,2.53,2.1,1.55,1.6,1.34,1.8,2.89,4.0,4.71,5.23,5.59,5.76,5.63,3.48,3.27,3.08,2.94,3.03,3.26,3.46,3.56,3.56,3.51,3.43,3.22,2.93,2.37,2.8,2.08,2.78,4.37,5.05,5.58,5.97,6.12,5.97,5.54,3.31,3.24,2.99,2.6,2.37,2.43,2.65,2.84,2.93,2.88,2.69,2.44,2.26,2.05,3.09,3.41,3.98,4.84,5.62,5.95,6.0,5.91,5.68,5.22,3.12,3.22,3.14,2.96,2.83,2.72,2.56
473,4.78,4.64,4.46,4.37,4.29,4.2,5.41,4.78,6.41,6.11,5.44,4.88,4.53,4.44,4.45,4.42,4.45,3.6,3.24,3.59,3.73,3.8,3.91,4.07,4.17,4.28,4.55,4.86,4.88,4.89,6.22,6.25,6.47,5.46,3.93,2.77,2.06,1.77,1.85,2.13,2.38,1.92,2.33,2.48,2.41,2.24,1.99,1.66,1.31,1.23,1.83,2.63,3.21,3.48,4.33,4.96,4.51,4.77,4.72,4.74,4.79,4.89,5.0,5.05,4.96,3.18,3.11,3.09,3.05,3.11,3.27,3.36,3.34,3.32,3.21,2.93,2.53,2.1,1.55,1.6,1.34,1.8,2.89,4.0,4.71,5.23,5.59,5.76,5.63,3.48,3.27,3.08,2.94,3.03,3.26,3.46,3.56,3.56,3.51,3.43,3.22,2.93,2.37,2.8,2.08,2.78,4.37,5.05,5.58,5.97,6.12,5.97,5.54,3.31,3.24,2.99,2.6,2.37,2.43,2.65,2.84,2.93,2.88,2.69,2.44,2.26,2.05,3.09,3.41,3.98,4.84,5.62,5.95,6.0,5.91,5.68,5.22,3.12,3.22,3.14,2.96,2.83,2.72,2.56,2.42,2.33,2.29,2.21,2.17,2.43,3.21,4.34,4.31,4.41,5.33,6.32,6.96,7.34,7.49,7.44,7.14,5.01,3.77,3.82,3.79,3.78,3.77,3.71
474,4.17,4.28,4.55,4.86,4.88,4.89,6.22,6.25,6.47,5.46,3.93,2.77,2.06,1.77,1.85,2.13,2.38,1.92,2.33,2.48,2.41,2.24,1.99,1.66,1.31,1.23,1.83,2.63,3.21,3.48,4.33,4.96,4.51,4.77,4.72,4.74,4.79,4.89,5.0,5.05,4.96,3.18,3.11,3.09,3.05,3.11,3.27,3.36,3.34,3.32,3.21,2.93,2.53,2.1,1.55,1.6,1.34,1.8,2.89,4.0,4.71,5.23,5.59,5.76,5.63,3.48,3.27,3.08,2.94,3.03,3.26,3.46,3.56,3.56,3.51,3.43,3.22,2.93,2.37,2.8,2.08,2.78,4.37,5.05,5.58,5.97,6.12,5.97,5.54,3.31,3.24,2.99,2.6,2.37,2.43,2.65,2.84,2.93,2.88,2.69,2.44,2.26,2.05,3.09,3.41,3.98,4.84,5.62,5.95,6.0,5.91,5.68,5.22,3.12,3.22,3.14,2.96,2.83,2.72,2.56,2.42,2.33,2.29,2.21,2.17,2.43,3.21,4.34,4.31,4.41,5.33,6.32,6.96,7.34,7.49,7.44,7.14,5.01,3.77,3.82,3.79,3.78,3.77,3.71,3.64,3.58,3.49,3.35,3.2,3.02,3.72,3.05,2.64,3.13,3.84,4.84,5.92,6.93,7.66,7.98,7.77,5.76,3.6,3.51,3.39,3.34,3.33,3.47
475,1.31,1.23,1.83,2.63,3.21,3.48,4.33,4.96,4.51,4.77,4.72,4.74,4.79,4.89,5.0,5.05,4.96,3.18,3.11,3.09,3.05,3.11,3.27,3.36,3.34,3.32,3.21,2.93,2.53,2.1,1.55,1.6,1.34,1.8,2.89,4.0,4.71,5.23,5.59,5.76,5.63,3.48,3.27,3.08,2.94,3.03,3.26,3.46,3.56,3.56,3.51,3.43,3.22,2.93,2.37,2.8,2.08,2.78,4.37,5.05,5.58,5.97,6.12,5.97,5.54,3.31,3.24,2.99,2.6,2.37,2.43,2.65,2.84,2.93,2.88,2.69,2.44,2.26,2.05,3.09,3.41,3.98,4.84,5.62,5.95,6.0,5.91,5.68,5.22,3.12,3.22,3.14,2.96,2.83,2.72,2.56,2.42,2.33,2.29,2.21,2.17,2.43,3.21,4.34,4.31,4.41,5.33,6.32,6.96,7.34,7.49,7.44,7.14,5.01,3.77,3.82,3.79,3.78,3.77,3.71,3.64,3.58,3.49,3.35,3.2,3.02,3.72,3.05,2.64,3.13,3.84,4.84,5.92,6.93,7.66,7.98,7.77,5.76,3.6,3.51,3.39,3.34,3.33,3.47,3.69,3.76,3.64,3.52,3.36,3.13,3.64,3.75,4.63,5.54,6.02,6.85,7.84,8.58,8.99,9.0,8.6,6.86,4.01,3.42,3.24,3.24,3.32,3.38
476,3.34,3.32,3.21,2.93,2.53,2.1,1.55,1.6,1.34,1.8,2.89,4.0,4.71,5.23,5.59,5.76,5.63,3.48,3.27,3.08,2.94,3.03,3.26,3.46,3.56,3.56,3.51,3.43,3.22,2.93,2.37,2.8,2.08,2.78,4.37,5.05,5.58,5.97,6.12,5.97,5.54,3.31,3.24,2.99,2.6,2.37,2.43,2.65,2.84,2.93,2.88,2.69,2.44,2.26,2.05,3.09,3.41,3.98,4.84,5.62,5.95,6.0,5.91,5.68,5.22,3.12,3.22,3.14,2.96,2.83,2.72,2.56,2.42,2.33,2.29,2.21,2.17,2.43,3.21,4.34,4.31,4.41,5.33,6.32,6.96,7.34,7.49,7.44,7.14,5.01,3.77,3.82,3.79,3.78,3.77,3.71,3.64,3.58,3.49,3.35,3.2,3.02,3.72,3.05,2.64,3.13,3.84,4.84,5.92,6.93,7.66,7.98,7.77,5.76,3.6,3.51,3.39,3.34,3.33,3.47,3.69,3.76,3.64,3.52,3.36,3.13,3.64,3.75,4.63,5.54,6.02,6.85,7.84,8.58,8.99,9.0,8.6,6.86,4.01,3.42,3.24,3.24,3.32,3.38,3.32,3.19,3.02,2.74,2.37,2.13,2.89,2.93,4.9,6.52,7.75,8.03,8.45,9.44,10.15,10.34,9.83,7.36,4.6,4.29,4.12,4.06,4.07,4.16
477,3.56,3.56,3.51,3.43,3.22,2.93,2.37,2.8,2.08,2.78,4.37,5.05,5.58,5.97,6.12,5.97,5.54,3.31,3.24,2.99,2.6,2.37,2.43,2.65,2.84,2.93,2.88,2.69,2.44,2.26,2.05,3.09,3.41,3.98,4.84,5.62,5.95,6.0,5.91,5.68,5.22,3.12,3.22,3.14,2.96,2.83,2.72,2.56,2.42,2.33,2.29,2.21,2.17,2.43,3.21,4.34,4.31,4.41,5.33,6.32,6.96,7.34,7.49,7.44,7.14,5.01,3.77,3.82,3.79,3.78,3.77,3.71,3.64,3.58,3.49,3.35,3.2,3.02,3.72,3.05,2.64,3.13,3.84,4.84,5.92,6.93,7.66,7.98,7.77,5.76,3.6,3.51,3.39,3.34,3.33,3.47,3.69,3.76,3.64,3.52,3.36,3.13,3.64,3.75,4.63,5.54,6.02,6.85,7.84,8.58,8.99,9.0,8.6,6.86,4.01,3.42,3.24,3.24,3.32,3.38,3.32,3.19,3.02,2.74,2.37,2.13,2.89,2.93,4.9,6.52,7.75,8.03,8.45,9.44,10.15,10.34,9.83,7.36,4.6,4.29,4.12,4.06,4.07,4.16,4.23,4.13,3.89,3.66,3.44,3.2,3.72,3.9,4.65,5.86,6.14,6.57,7.08,7.67,8.68,9.88,11.42,14.25,13.13,8.38,3.82,0.9,0.78,1.14
478,2.84,2.93,2.88,2.69,2.44,2.26,2.05,3.09,3.41,3.98,4.84,5.62,5.95,6.0,5.91,5.68,5.22,3.12,3.22,3.14,2.96,2.83,2.72,2.56,2.42,2.33,2.29,2.21,2.17,2.43,3.21,4.34,4.31,4.41,5.33,6.32,6.96,7.34,7.49,7.44,7.14,5.01,3.77,3.82,3.79,3.78,3.77,3.71,3.64,3.58,3.49,3.35,3.2,3.02,3.72,3.05,2.64,3.13,3.84,4.84,5.92,6.93,7.66,7.98,7.77,5.76,3.6,3.51,3.39,3.34,3.33,3.47,3.69,3.76,3.64,3.52,3.36,3.13,3.64,3.75,4.63,5.54,6.02,6.85,7.84,8.58,8.99,9.0,8.6,6.86,4.01,3.42,3.24,3.24,3.32,3.38,3.32,3.19,3.02,2.74,2.37,2.13,2.89,2.93,4.9,6.52,7.75,8.03,8.45,9.44,10.15,10.34,9.83,7.36,4.6,4.29,4.12,4.06,4.07,4.16,4.23,4.13,3.89,3.66,3.44,3.2,3.72,3.9,4.65,5.86,6.14,6.57,7.08,7.67,8.68,9.88,11.42,14.25,13.13,8.38,3.82,0.9,0.78,1.14,0.66,1.02,1.74,1.86,1.47,0.46,1.17,2.67,4.65,8.53,10.12,9.91,8.39,6.54,4.92,3.33,1.74,1.83,2.12,2.72,3.64,4.46,4.94,5.04
479,2.42,2.33,2.29,2.21,2.17,2.43,3.21,4.34,4.31,4.41,5.33,6.32,6.96,7.34,7.49,7.44,7.14,5.01,3.77,3.82,3.79,3.78,3.77,3.71,3.64,3.58,3.49,3.35,3.2,3.02,3.72,3.05,2.64,3.13,3.84,4.84,5.92,6.93,7.66,7.98,7.77,5.76,3.6,3.51,3.39,3.34,3.33,3.47,3.69,3.76,3.64,3.52,3.36,3.13,3.64,3.75,4.63,5.54,6.02,6.85,7.84,8.58,8.99,9.0,8.6,6.86,4.01,3.42,3.24,3.24,3.32,3.38,3.32,3.19,3.02,2.74,2.37,2.13,2.89,2.93,4.9,6.52,7.75,8.03,8.45,9.44,10.15,10.34,9.83,7.36,4.6,4.29,4.12,4.06,4.07,4.16,4.23,4.13,3.89,3.66,3.44,3.2,3.72,3.9,4.65,5.86,6.14,6.57,7.08,7.67,8.68,9.88,11.42,14.25,13.13,8.38,3.82,0.9,0.78,1.14,0.66,1.02,1.74,1.86,1.47,0.46,1.17,2.67,4.65,8.53,10.12,9.91,8.39,6.54,4.92,3.33,1.74,1.83,2.12,2.72,3.64,4.46,4.94,5.04,4.49,4.6,3.77,3.34,3.97,4.36,4.88,3.89,3.14,3.32,3.98,4.43,4.74,5.05,5.3,5.46,5.52,4.59,2.56,2.52,2.33,2.03,1.61,1.06
480,3.64,3.58,3.49,3.35,3.2,3.02,3.72,3.05,2.64,3.13,3.84,4.84,5.92,6.93,7.66,7.98,7.77,5.76,3.6,3.51,3.39,3.34,3.33,3.47,3.69,3.76,3.64,3.52,3.36,3.13,3.64,3.75,4.63,5.54,6.02,6.85,7.84,8.58,8.99,9.0,8.6,6.86,4.01,3.42,3.24,3.24,3.32,3.38,3.32,3.19,3.02,2.74,2.37,2.13,2.89,2.93,4.9,6.52,7.75,8.03,8.45,9.44,10.15,10.34,9.83,7.36,4.6,4.29,4.12,4.06,4.07,4.16,4.23,4.13,3.89,3.66,3.44,3.2,3.72,3.9,4.65,5.86,6.14,6.57,7.08,7.67,8.68,9.88,11.42,14.25,13.13,8.38,3.82,0.9,0.78,1.14,0.66,1.02,1.74,1.86,1.47,0.46,1.17,2.67,4.65,8.53,10.12,9.91,8.39,6.54,4.92,3.33,1.74,1.83,2.12,2.72,3.64,4.46,4.94,5.04,4.49,4.6,3.77,3.34,3.97,4.36,4.88,3.89,3.14,3.32,3.98,4.43,4.74,5.05,5.3,5.46,5.52,4.59,2.56,2.52,2.33,2.03,1.61,1.06,0.87,1.29,1.8,2.18,2.44,2.64,2.79,3.92,3.89,4.49,5.33,6.55,7.0,6.96,7.22,6.99,6.8,6.39,5.54,4.57,3.34,2.0,1.64,1.79
481,3.69,3.76,3.64,3.52,3.36,3.13,3.64,3.75,4.63,5.54,6.02,6.85,7.84,8.58,8.99,9.0,8.6,6.86,4.01,3.42,3.24,3.24,3.32,3.38,3.32,3.19,3.02,2.74,2.37,2.13,2.89,2.93,4.9,6.52,7.75,8.03,8.45,9.44,10.15,10.34,9.83,7.36,4.6,4.29,4.12,4.06,4.07,4.16,4.23,4.13,3.89,3.66,3.44,3.2,3.72,3.9,4.65,5.86,6.14,6.57,7.08,7.67,8.68,9.88,11.42,14.25,13.13,8.38,3.82,0.9,0.78,1.14,0.66,1.02,1.74,1.86,1.47,0.46,1.17,2.67,4.65,8.53,10.12,9.91,8.39,6.54,4.92,3.33,1.74,1.83,2.12,2.72,3.64,4.46,4.94,5.04,4.49,4.6,3.77,3.34,3.97,4.36,4.88,3.89,3.14,3.32,3.98,4.43,4.74,5.05,5.3,5.46,5.52,4.59,2.56,2.52,2.33,2.03,1.61,1.06,0.87,1.29,1.8,2.18,2.44,2.64,2.79,3.92,3.89,4.49,5.33,6.55,7.0,6.96,7.22,6.99,6.8,6.39,5.54,4.57,3.34,2.0,1.64,1.79,2.25,2.37,1.82,1.72,2.16,2.91,3.73,3.39,1.92,0.89,1.15,2.69,3.82,4.5,4.92,5.26,5.46,4.09,3.07,3.25,3.45,3.75,4.02,4.0
482,3.32,3.19,3.02,2.74,2.37,2.13,2.89,2.93,4.9,6.52,7.75,8.03,8.45,9.44,10.15,10.34,9.83,7.36,4.6,4.29,4.12,4.06,4.07,4.16,4.23,4.13,3.89,3.66,3.44,3.2,3.72,3.9,4.65,5.86,6.14,6.57,7.08,7.67,8.68,9.88,11.42,14.25,13.13,8.38,3.82,0.9,0.78,1.14,0.66,1.02,1.74,1.86,1.47,0.46,1.17,2.67,4.65,8.53,10.12,9.91,8.39,6.54,4.92,3.33,1.74,1.83,2.12,2.72,3.64,4.46,4.94,5.04,4.49,4.6,3.77,3.34,3.97,4.36,4.88,3.89,3.14,3.32,3.98,4.43,4.74,5.05,5.3,5.46,5.52,4.59,2.56,2.52,2.33,2.03,1.61,1.06,0.87,1.29,1.8,2.18,2.44,2.64,2.79,3.92,3.89,4.49,5.33,6.55,7.0,6.96,7.22,6.99,6.8,6.39,5.54,4.57,3.34,2.0,1.64,1.79,2.25,2.37,1.82,1.72,2.16,2.91,3.73,3.39,1.92,0.89,1.15,2.69,3.82,4.5,4.92,5.26,5.46,4.09,3.07,3.25,3.45,3.75,4.02,4.0,4.04,4.31,4.39,4.1,3.76,3.82,5.35,6.45,9.12,8.98,7.57,5.32,1.71,1.51,2.07,2.13,1.79,0.77,1.16,3.92,6.81,6.42,4.86,3.63
483,4.23,4.13,3.89,3.66,3.44,3.2,3.72,3.9,4.65,5.86,6.14,6.57,7.08,7.67,8.68,9.88,11.42,14.25,13.13,8.38,3.82,0.9,0.78,1.14,0.66,1.02,1.74,1.86,1.47,0.46,1.17,2.67,4.65,8.53,10.12,9.91,8.39,6.54,4.92,3.33,1.74,1.83,2.12,2.72,3.64,4.46,4.94,5.04,4.49,4.6,3.77,3.34,3.97,4.36,4.88,3.89,3.14,3.32,3.98,4.43,4.74,5.05,5.3,5.46,5.52,4.59,2.56,2.52,2.33,2.03,1.61,1.06,0.87,1.29,1.8,2.18,2.44,2.64,2.79,3.92,3.89,4.49,5.33,6.55,7.0,6.96,7.22,6.99,6.8,6.39,5.54,4.57,3.34,2.0,1.64,1.79,2.25,2.37,1.82,1.72,2.16,2.91,3.73,3.39,1.92,0.89,1.15,2.69,3.82,4.5,4.92,5.26,5.46,4.09,3.07,3.25,3.45,3.75,4.02,4.0,4.04,4.31,4.39,4.1,3.76,3.82,5.35,6.45,9.12,8.98,7.57,5.32,1.71,1.51,2.07,2.13,1.79,0.77,1.16,3.92,6.81,6.42,4.86,3.63,2.67,2.68,2.93,3.44,3.65,3.27,4.29,3.91,6.12,10.57,10.69,8.85,7.13,5.46,3.89,6.35,5.57,2.64,1.41,1.76,2.34,3.05,4.0,4.38
484,0.66,1.02,1.74,1.86,1.47,0.46,1.17,2.67,4.65,8.53,10.12,9.91,8.39,6.54,4.92,3.33,1.74,1.83,2.12,2.72,3.64,4.46,4.94,5.04,4.49,4.6,3.77,3.34,3.97,4.36,4.88,3.89,3.14,3.32,3.98,4.43,4.74,5.05,5.3,5.46,5.52,4.59,2.56,2.52,2.33,2.03,1.61,1.06,0.87,1.29,1.8,2.18,2.44,2.64,2.79,3.92,3.89,4.49,5.33,6.55,7.0,6.96,7.22,6.99,6.8,6.39,5.54,4.57,3.34,2.0,1.64,1.79,2.25,2.37,1.82,1.72,2.16,2.91,3.73,3.39,1.92,0.89,1.15,2.69,3.82,4.5,4.92,5.26,5.46,4.09,3.07,3.25,3.45,3.75,4.02,4.0,4.04,4.31,4.39,4.1,3.76,3.82,5.35,6.45,9.12,8.98,7.57,5.32,1.71,1.51,2.07,2.13,1.79,0.77,1.16,3.92,6.81,6.42,4.86,3.63,2.67,2.68,2.93,3.44,3.65,3.27,4.29,3.91,6.12,10.57,10.69,8.85,7.13,5.46,3.89,6.35,5.57,2.64,1.41,1.76,2.34,3.05,4.0,4.38,4.43,4.42,4.25,3.91,3.79,3.95,4.24,3.63,4.29,3.55,2.34,1.41,1.4,2.13,3.09,4.11,5.13,5.46,5.0,5.48,5.2,4.79,4.73,5.08
485,4.49,4.6,3.77,3.34,3.97,4.36,4.88,3.89,3.14,3.32,3.98,4.43,4.74,5.05,5.3,5.46,5.52,4.59,2.56,2.52,2.33,2.03,1.61,1.06,0.87,1.29,1.8,2.18,2.44,2.64,2.79,3.92,3.89,4.49,5.33,6.55,7.0,6.96,7.22,6.99,6.8,6.39,5.54,4.57,3.34,2.0,1.64,1.79,2.25,2.37,1.82,1.72,2.16,2.91,3.73,3.39,1.92,0.89,1.15,2.69,3.82,4.5,4.92,5.26,5.46,4.09,3.07,3.25,3.45,3.75,4.02,4.0,4.04,4.31,4.39,4.1,3.76,3.82,5.35,6.45,9.12,8.98,7.57,5.32,1.71,1.51,2.07,2.13,1.79,0.77,1.16,3.92,6.81,6.42,4.86,3.63,2.67,2.68,2.93,3.44,3.65,3.27,4.29,3.91,6.12,10.57,10.69,8.85,7.13,5.46,3.89,6.35,5.57,2.64,1.41,1.76,2.34,3.05,4.0,4.38,4.43,4.42,4.25,3.91,3.79,3.95,4.24,3.63,4.29,3.55,2.34,1.41,1.4,2.13,3.09,4.11,5.13,5.46,5.0,5.48,5.2,4.79,4.73,5.08,5.6,6.02,6.26,6.03,5.57,5.39,5.86,5.29,6.94,6.2,5.38,4.82,4.52,4.59,4.85,5.32,5.76,5.17,4.24,5.17,5.93,6.07,5.88,5.7
486,0.87,1.29,1.8,2.18,2.44,2.64,2.79,3.92,3.89,4.49,5.33,6.55,7.0,6.96,7.22,6.99,6.8,6.39,5.54,4.57,3.34,2.0,1.64,1.79,2.25,2.37,1.82,1.72,2.16,2.91,3.73,3.39,1.92,0.89,1.15,2.69,3.82,4.5,4.92,5.26,5.46,4.09,3.07,3.25,3.45,3.75,4.02,4.0,4.04,4.31,4.39,4.1,3.76,3.82,5.35,6.45,9.12,8.98,7.57,5.32,1.71,1.51,2.07,2.13,1.79,0.77,1.16,3.92,6.81,6.42,4.86,3.63,2.67,2.68,2.93,3.44,3.65,3.27,4.29,3.91,6.12,10.57,10.69,8.85,7.13,5.46,3.89,6.35,5.57,2.64,1.41,1.76,2.34,3.05,4.0,4.38,4.43,4.42,4.25,3.91,3.79,3.95,4.24,3.63,4.29,3.55,2.34,1.41,1.4,2.13,3.09,4.11,5.13,5.46,5.0,5.48,5.2,4.79,4.73,5.08,5.6,6.02,6.26,6.03,5.57,5.39,5.86,5.29,6.94,6.2,5.38,4.82,4.52,4.59,4.85,5.32,5.76,5.17,4.24,5.17,5.93,6.07,5.88,5.7,5.7,5.81,5.92,5.87,5.65,5.61,6.43,6.06,6.66,5.89,4.68,3.5,2.48,1.6,0.82,0.12,0.59,1.05,1.97,2.54,2.77,2.83,2.81,2.76
487,2.25,2.37,1.82,1.72,2.16,2.91,3.73,3.39,1.92,0.89,1.15,2.69,3.82,4.5,4.92,5.26,5.46,4.09,3.07,3.25,3.45,3.75,4.02,4.0,4.04,4.31,4.39,4.1,3.76,3.82,5.35,6.45,9.12,8.98,7.57,5.32,1.71,1.51,2.07,2.13,1.79,0.77,1.16,3.92,6.81,6.42,4.86,3.63,2.67,2.68,2.93,3.44,3.65,3.27,4.29,3.91,6.12,10.57,10.69,8.85,7.13,5.46,3.89,6.35,5.57,2.64,1.41,1.76,2.34,3.05,4.0,4.38,4.43,4.42,4.25,3.91,3.79,3.95,4.24,3.63,4.29,3.55,2.34,1.41,1.4,2.13,3.09,4.11,5.13,5.46,5.0,5.48,5.2,4.79,4.73,5.08,5.6,6.02,6.26,6.03,5.57,5.39,5.86,5.29,6.94,6.2,5.38,4.82,4.52,4.59,4.85,5.32,5.76,5.17,4.24,5.17,5.93,6.07,5.88,5.7,5.7,5.81,5.92,5.87,5.65,5.61,6.43,6.06,6.66,5.89,4.68,3.5,2.48,1.6,0.82,0.12,0.59,1.05,1.97,2.54,2.77,2.83,2.81,2.76,2.66,2.53,2.45,2.45,2.52,2.58,2.78,3.19,2.6,2.33,2.76,3.33,3.85,4.05,3.98,3.66,3.05,1.28,0.14,1.49,2.43,2.95,3.22,3.38
488,4.04,4.31,4.39,4.1,3.76,3.82,5.35,6.45,9.12,8.98,7.57,5.32,1.71,1.51,2.07,2.13,1.79,0.77,1.16,3.92,6.81,6.42,4.86,3.63,2.67,2.68,2.93,3.44,3.65,3.27,4.29,3.91,6.12,10.57,10.69,8.85,7.13,5.46,3.89,6.35,5.57,2.64,1.41,1.76,2.34,3.05,4.0,4.38,4.43,4.42,4.25,3.91,3.79,3.95,4.24,3.63,4.29,3.55,2.34,1.41,1.4,2.13,3.09,4.11,5.13,5.46,5.0,5.48,5.2,4.79,4.73,5.08,5.6,6.02,6.26,6.03,5.57,5.39,5.86,5.29,6.94,6.2,5.38,4.82,4.52,4.59,4.85,5.32,5.76,5.17,4.24,5.17,5.93,6.07,5.88,5.7,5.7,5.81,5.92,5.87,5.65,5.61,6.43,6.06,6.66,5.89,4.68,3.5,2.48,1.6,0.82,0.12,0.59,1.05,1.97,2.54,2.77,2.83,2.81,2.76,2.66,2.53,2.45,2.45,2.52,2.58,2.78,3.19,2.6,2.33,2.76,3.33,3.85,4.05,3.98,3.66,3.05,1.28,0.14,1.49,2.43,2.95,3.22,3.38,3.47,3.49,3.4,3.23,2.99,2.69,2.13,2.26,1.76,3.66,5.74,6.68,7.53,8.25,8.76,8.94,8.43,5.65,4.54,4.62,4.63,4.55,4.46,4.38
489,2.67,2.68,2.93,3.44,3.65,3.27,4.29,3.91,6.12,10.57,10.69,8.85,7.13,5.46,3.89,6.35,5.57,2.64,1.41,1.76,2.34,3.05,4.0,4.38,4.43,4.42,4.25,3.91,3.79,3.95,4.24,3.63,4.29,3.55,2.34,1.41,1.4,2.13,3.09,4.11,5.13,5.46,5.0,5.48,5.2,4.79,4.73,5.08,5.6,6.02,6.26,6.03,5.57,5.39,5.86,5.29,6.94,6.2,5.38,4.82,4.52,4.59,4.85,5.32,5.76,5.17,4.24,5.17,5.93,6.07,5.88,5.7,5.7,5.81,5.92,5.87,5.65,5.61,6.43,6.06,6.66,5.89,4.68,3.5,2.48,1.6,0.82,0.12,0.59,1.05,1.97,2.54,2.77,2.83,2.81,2.76,2.66,2.53,2.45,2.45,2.52,2.58,2.78,3.19,2.6,2.33,2.76,3.33,3.85,4.05,3.98,3.66,3.05,1.28,0.14,1.49,2.43,2.95,3.22,3.38,3.47,3.49,3.4,3.23,2.99,2.69,2.13,2.26,1.76,3.66,5.74,6.68,7.53,8.25,8.76,8.94,8.43,5.65,4.54,4.62,4.63,4.55,4.46,4.38,4.22,3.97,3.73,3.52,3.2,2.82,2.51,2.84,3.07,2.81,3.14,4.2,4.58,4.68,4.67,4.41,3.89,2.11,1.82,1.7,2.13,2.66,3.06,3.38
490,4.43,4.42,4.25,3.91,3.79,3.95,4.24,3.63,4.29,3.55,2.34,1.41,1.4,2.13,3.09,4.11,5.13,5.46,5.0,5.48,5.2,4.79,4.73,5.08,5.6,6.02,6.26,6.03,5.57,5.39,5.86,5.29,6.94,6.2,5.38,4.82,4.52,4.59,4.85,5.32,5.76,5.17,4.24,5.17,5.93,6.07,5.88,5.7,5.7,5.81,5.92,5.87,5.65,5.61,6.43,6.06,6.66,5.89,4.68,3.5,2.48,1.6,0.82,0.12,0.59,1.05,1.97,2.54,2.77,2.83,2.81,2.76,2.66,2.53,2.45,2.45,2.52,2.58,2.78,3.19,2.6,2.33,2.76,3.33,3.85,4.05,3.98,3.66,3.05,1.28,0.14,1.49,2.43,2.95,3.22,3.38,3.47,3.49,3.4,3.23,2.99,2.69,2.13,2.26,1.76,3.66,5.74,6.68,7.53,8.25,8.76,8.94,8.43,5.65,4.54,4.62,4.63,4.55,4.46,4.38,4.22,3.97,3.73,3.52,3.2,2.82,2.51,2.84,3.07,2.81,3.14,4.2,4.58,4.68,4.67,4.41,3.89,2.11,1.82,1.7,2.13,2.66,3.06,3.38,3.58,3.73,3.83,3.85,3.83,3.9,5.06,4.99,4.54,3.57,2.06,1.1,0.96,1.15,1.36,1.43,1.55,1.45,2.69,3.75,5.26,6.16,6.34,6.29
491,5.6,6.02,6.26,6.03,5.57,5.39,5.86,5.29,6.94,6.2,5.38,4.82,4.52,4.59,4.85,5.32,5.76,5.17,4.24,5.17,5.93,6.07,5.88,5.7,5.7,5.81,5.92,5.87,5.65,5.61,6.43,6.06,6.66,5.89,4.68,3.5,2.48,1.6,0.82,0.12,0.59,1.05,1.97,2.54,2.77,2.83,2.81,2.76,2.66,2.53,2.45,2.45,2.52,2.58,2.78,3.19,2.6,2.33,2.76,3.33,3.85,4.05,3.98,3.66,3.05,1.28,0.14,1.49,2.43,2.95,3.22,3.38,3.47,3.49,3.4,3.23,2.99,2.69,2.13,2.26,1.76,3.66,5.74,6.68,7.53,8.25,8.76,8.94,8.43,5.65,4.54,4.62,4.63,4.55,4.46,4.38,4.22,3.97,3.73,3.52,3.2,2.82,2.51,2.84,3.07,2.81,3.14,4.2,4.58,4.68,4.67,4.41,3.89,2.11,1.82,1.7,2.13,2.66,3.06,3.38,3.58,3.73,3.83,3.85,3.83,3.9,5.06,4.99,4.54,3.57,2.06,1.1,0.96,1.15,1.36,1.43,1.55,1.45,2.69,3.75,5.26,6.16,6.34,6.29,6.13,6.05,6.05,5.97,6.02,6.15,6.83,6.48,6.95,7.01,6.2,5.18,4.27,3.57,3.08,2.78,2.69,1.87,2.67,3.4,4.17,5.07,5.83,6.26
492,5.7,5.81,5.92,5.87,5.65,5.61,6.43,6.06,6.66,5.89,4.68,3.5,2.48,1.6,0.82,0.12,0.59,1.05,1.97,2.54,2.77,2.83,2.81,2.76,2.66,2.53,2.45,2.45,2.52,2.58,2.78,3.19,2.6,2.33,2.76,3.33,3.85,4.05,3.98,3.66,3.05,1.28,0.14,1.49,2.43,2.95,3.22,3.38,3.47,3.49,3.4,3.23,2.99,2.69,2.13,2.26,1.76,3.66,5.74,6.68,7.53,8.25,8.76,8.94,8.43,5.65,4.54,4.62,4.63,4.55,4.46,4.38,4.22,3.97,3.73,3.52,3.2,2.82,2.51,2.84,3.07,2.81,3.14,4.2,4.58,4.68,4.67,4.41,3.89,2.11,1.82,1.7,2.13,2.66,3.06,3.38,3.58,3.73,3.83,3.85,3.83,3.9,5.06,4.99,4.54,3.57,2.06,1.1,0.96,1.15,1.36,1.43,1.55,1.45,2.69,3.75,5.26,6.16,6.34,6.29,6.13,6.05,6.05,5.97,6.02,6.15,6.83,6.48,6.95,7.01,6.2,5.18,4.27,3.57,3.08,2.78,2.69,1.87,2.67,3.4,4.17,5.07,5.83,6.26,6.37,6.34,6.08,5.9,5.93,6.05,6.93,6.33,7.01,6.61,5.42,4.83,4.58,4.41,4.22,4.07,3.95,2.5,2.83,3.21,3.52,3.75,3.94,4.21
493,2.66,2.53,2.45,2.45,2.52,2.58,2.78,3.19,2.6,2.33,2.76,3.33,3.85,4.05,3.98,3.66,3.05,1.28,0.14,1.49,2.43,2.95,3.22,3.38,3.47,3.49,3.4,3.23,2.99,2.69,2.13,2.26,1.76,3.66,5.74,6.68,7.53,8.25,8.76,8.94,8.43,5.65,4.54,4.62,4.63,4.55,4.46,4.38,4.22,3.97,3.73,3.52,3.2,2.82,2.51,2.84,3.07,2.81,3.14,4.2,4.58,4.68,4.67,4.41,3.89,2.11,1.82,1.7,2.13,2.66,3.06,3.38,3.58,3.73,3.83,3.85,3.83,3.9,5.06,4.99,4.54,3.57,2.06,1.1,0.96,1.15,1.36,1.43,1.55,1.45,2.69,3.75,5.26,6.16,6.34,6.29,6.13,6.05,6.05,5.97,6.02,6.15,6.83,6.48,6.95,7.01,6.2,5.18,4.27,3.57,3.08,2.78,2.69,1.87,2.67,3.4,4.17,5.07,5.83,6.26,6.37,6.34,6.08,5.9,5.93,6.05,6.93,6.33,7.01,6.61,5.42,4.83,4.58,4.41,4.22,4.07,3.95,2.5,2.83,3.21,3.52,3.75,3.94,4.21,4.6,5.07,5.45,5.71,5.88,6.04,6.89,6.5,6.61,7.43,6.72,5.86,5.05,4.3,3.59,2.99,2.49,1.54,1.51,1.52,1.67,2.14,2.88,3.59
494,3.47,3.49,3.4,3.23,2.99,2.69,2.13,2.26,1.76,3.66,5.74,6.68,7.53,8.25,8.76,8.94,8.43,5.65,4.54,4.62,4.63,4.55,4.46,4.38,4.22,3.97,3.73,3.52,3.2,2.82,2.51,2.84,3.07,2.81,3.14,4.2,4.58,4.68,4.67,4.41,3.89,2.11,1.82,1.7,2.13,2.66,3.06,3.38,3.58,3.73,3.83,3.85,3.83,3.9,5.06,4.99,4.54,3.57,2.06,1.1,0.96,1.15,1.36,1.43,1.55,1.45,2.69,3.75,5.26,6.16,6.34,6.29,6.13,6.05,6.05,5.97,6.02,6.15,6.83,6.48,6.95,7.01,6.2,5.18,4.27,3.57,3.08,2.78,2.69,1.87,2.67,3.4,4.17,5.07,5.83,6.26,6.37,6.34,6.08,5.9,5.93,6.05,6.93,6.33,7.01,6.61,5.42,4.83,4.58,4.41,4.22,4.07,3.95,2.5,2.83,3.21,3.52,3.75,3.94,4.21,4.6,5.07,5.45,5.71,5.88,6.04,6.89,6.5,6.61,7.43,6.72,5.86,5.05,4.3,3.59,2.99,2.49,1.54,1.51,1.52,1.67,2.14,2.88,3.59,4.2,4.94,5.62,6.02,6.21,6.12,6.88,6.61,6.4,6.43,5.48,4.14,2.94,2.25,2.41,3.17,3.4,2.76,3.11,3.05,2.82,2.53,2.15,1.58
495,4.22,3.97,3.73,3.52,3.2,2.82,2.51,2.84,3.07,2.81,3.14,4.2,4.58,4.68,4.67,4.41,3.89,2.11,1.82,1.7,2.13,2.66,3.06,3.38,3.58,3.73,3.83,3.85,3.83,3.9,5.06,4.99,4.54,3.57,2.06,1.1,0.96,1.15,1.36,1.43,1.55,1.45,2.69,3.75,5.26,6.16,6.34,6.29,6.13,6.05,6.05,5.97,6.02,6.15,6.83,6.48,6.95,7.01,6.2,5.18,4.27,3.57,3.08,2.78,2.69,1.87,2.67,3.4,4.17,5.07,5.83,6.26,6.37,6.34,6.08,5.9,5.93,6.05,6.93,6.33,7.01,6.61,5.42,4.83,4.58,4.41,4.22,4.07,3.95,2.5,2.83,3.21,3.52,3.75,3.94,4.21,4.6,5.07,5.45,5.71,5.88,6.04,6.89,6.5,6.61,7.43,6.72,5.86,5.05,4.3,3.59,2.99,2.49,1.54,1.51,1.52,1.67,2.14,2.88,3.59,4.2,4.94,5.62,6.02,6.21,6.12,6.88,6.61,6.4,6.43,5.48,4.14,2.94,2.25,2.41,3.17,3.4,2.76,3.11,3.05,2.82,2.53,2.15,1.58,1.1,1.41,2.04,2.59,2.86,2.88,3.42,3.49,2.98,3.58,4.01,4.21,4.37,4.45,4.48,4.3,3.85,2.33,2.42,2.28,2.21,2.29,2.61,3.05
496,3.58,3.73,3.83,3.85,3.83,3.9,5.06,4.99,4.54,3.57,2.06,1.1,0.96,1.15,1.36,1.43,1.55,1.45,2.69,3.75,5.26,6.16,6.34,6.29,6.13,6.05,6.05,5.97,6.02,6.15,6.83,6.48,6.95,7.01,6.2,5.18,4.27,3.57,3.08,2.78,2.69,1.87,2.67,3.4,4.17,5.07,5.83,6.26,6.37,6.34,6.08,5.9,5.93,6.05,6.93,6.33,7.01,6.61,5.42,4.83,4.58,4.41,4.22,4.07,3.95,2.5,2.83,3.21,3.52,3.75,3.94,4.21,4.6,5.07,5.45,5.71,5.88,6.04,6.89,6.5,6.61,7.43,6.72,5.86,5.05,4.3,3.59,2.99,2.49,1.54,1.51,1.52,1.67,2.14,2.88,3.59,4.2,4.94,5.62,6.02,6.21,6.12,6.88,6.61,6.4,6.43,5.48,4.14,2.94,2.25,2.41,3.17,3.4,2.76,3.11,3.05,2.82,2.53,2.15,1.58,1.1,1.41,2.04,2.59,2.86,2.88,3.42,3.49,2.98,3.58,4.01,4.21,4.37,4.45,4.48,4.3,3.85,2.33,2.42,2.28,2.21,2.29,2.61,3.05,3.57,4.31,4.86,4.82,4.36,4.05,4.22,3.66,2.37,1.41,2.39,3.46,3.96,4.17,4.32,4.46,4.55,3.1,3.34,3.84,4.14,4.29,4.37,4.43
497,6.13,6.05,6.05,5.97,6.02,6.15,6.83,6.48,6.95,7.01,6.2,5.18,4.27,3.57,3.08,2.78,2.69,1.87,2.67,3.4,4.17,5.07,5.83,6.26,6.37,6.34,6.08,5.9,5.93,6.05,6.93,6.33,7.01,6.61,5.42,4.83,4.58,4.41,4.22,4.07,3.95,2.5,2.83,3.21,3.52,3.75,3.94,4.21,4.6,5.07,5.45,5.71,5.88,6.04,6.89,6.5,6.61,7.43,6.72,5.86,5.05,4.3,3.59,2.99,2.49,1.54,1.51,1.52,1.67,2.14,2.88,3.59,4.2,4.94,5.62,6.02,6.21,6.12,6.88,6.61,6.4,6.43,5.48,4.14,2.94,2.25,2.41,3.17,3.4,2.76,3.11,3.05,2.82,2.53,2.15,1.58,1.1,1.41,2.04,2.59,2.86,2.88,3.42,3.49,2.98,3.58,4.01,4.21,4.37,4.45,4.48,4.3,3.85,2.33,2.42,2.28,2.21,2.29,2.61,3.05,3.57,4.31,4.86,4.82,4.36,4.05,4.22,3.66,2.37,1.41,2.39,3.46,3.96,4.17,4.32,4.46,4.55,3.1,3.34,3.84,4.14,4.29,4.37,4.43,4.45,4.48,4.53,4.61,4.71,5.07,6.56,6.32,6.1,6.15,6.1,5.85,5.57,5.34,5.12,4.98,4.79,3.26,3.35,3.82,4.43,5.78,7.16,7.23
498,6.37,6.34,6.08,5.9,5.93,6.05,6.93,6.33,7.01,6.61,5.42,4.83,4.58,4.41,4.22,4.07,3.95,2.5,2.83,3.21,3.52,3.75,3.94,4.21,4.6,5.07,5.45,5.71,5.88,6.04,6.89,6.5,6.61,7.43,6.72,5.86,5.05,4.3,3.59,2.99,2.49,1.54,1.51,1.52,1.67,2.14,2.88,3.59,4.2,4.94,5.62,6.02,6.21,6.12,6.88,6.61,6.4,6.43,5.48,4.14,2.94,2.25,2.41,3.17,3.4,2.76,3.11,3.05,2.82,2.53,2.15,1.58,1.1,1.41,2.04,2.59,2.86,2.88,3.42,3.49,2.98,3.58,4.01,4.21,4.37,4.45,4.48,4.3,3.85,2.33,2.42,2.28,2.21,2.29,2.61,3.05,3.57,4.31,4.86,4.82,4.36,4.05,4.22,3.66,2.37,1.41,2.39,3.46,3.96,4.17,4.32,4.46,4.55,3.1,3.34,3.84,4.14,4.29,4.37,4.43,4.45,4.48,4.53,4.61,4.71,5.07,6.56,6.32,6.1,6.15,6.1,5.85,5.57,5.34,5.12,4.98,4.79,3.26,3.35,3.82,4.43,5.78,7.16,7.23,7.12,6.7,6.46,6.23,5.99,6.41,7.0,6.6,8.84,9.9,9.08,8.34,7.8,7.45,7.33,7.44,7.66,6.81,5.88,7.09,7.8,7.97,7.92,7.79
499,4.6,5.07,5.45,5.71,5.88,6.04,6.89,6.5,6.61,7.43,6.72,5.86,5.05,4.3,3.59,2.99,2.49,1.54,1.51,1.52,1.67,2.14,2.88,3.59,4.2,4.94,5.62,6.02,6.21,6.12,6.88,6.61,6.4,6.43,5.48,4.14,2.94,2.25,2.41,3.17,3.4,2.76,3.11,3.05,2.82,2.53,2.15,1.58,1.1,1.41,2.04,2.59,2.86,2.88,3.42,3.49,2.98,3.58,4.01,4.21,4.37,4.45,4.48,4.3,3.85,2.33,2.42,2.28,2.21,2.29,2.61,3.05,3.57,4.31,4.86,4.82,4.36,4.05,4.22,3.66,2.37,1.41,2.39,3.46,3.96,4.17,4.32,4.46,4.55,3.1,3.34,3.84,4.14,4.29,4.37,4.43,4.45,4.48,4.53,4.61,4.71,5.07,6.56,6.32,6.1,6.15,6.1,5.85,5.57,5.34,5.12,4.98,4.79,3.26,3.35,3.82,4.43,5.78,7.16,7.23,7.12,6.7,6.46,6.23,5.99,6.41,7.0,6.6,8.84,9.9,9.08,8.34,7.8,7.45,7.33,7.44,7.66,6.81,5.88,7.09,7.8,7.97,7.92,7.79,7.64,7.56,7.09,6.67,6.29,6.22,6.91,7.24,8.79,8.81,8.06,7.4,7.02,6.88,6.86,6.87,6.86,5.73,4.25,4.84,5.74,6.23,5.94,5.7
500,4.2,4.94,5.62,6.02,6.21,6.12,6.88,6.61,6.4,6.43,5.48,4.14,2.94,2.25,2.41,3.17,3.4,2.76,3.11,3.05,2.82,2.53,2.15,1.58,1.1,1.41,2.04,2.59,2.86,2.88,3.42,3.49,2.98,3.58,4.01,4.21,4.37,4.45,4.48,4.3,3.85,2.33,2.42,2.28,2.21,2.29,2.61,3.05,3.57,4.31,4.86,4.82,4.36,4.05,4.22,3.66,2.37,1.41,2.39,3.46,3.96,4.17,4.32,4.46,4.55,3.1,3.34,3.84,4.14,4.29,4.37,4.43,4.45,4.48,4.53,4.61,4.71,5.07,6.56,6.32,6.1,6.15,6.1,5.85,5.57,5.34,5.12,4.98,4.79,3.26,3.35,3.82,4.43,5.78,7.16,7.23,7.12,6.7,6.46,6.23,5.99,6.41,7.0,6.6,8.84,9.9,9.08,8.34,7.8,7.45,7.33,7.44,7.66,6.81,5.88,7.09,7.8,7.97,7.92,7.79,7.64,7.56,7.09,6.67,6.29,6.22,6.91,7.24,8.79,8.81,8.06,7.4,7.02,6.88,6.86,6.87,6.86,5.73,4.25,4.84,5.74,6.23,5.94,5.7,5.67,5.67,5.54,5.32,5.12,5.27,6.14,5.12,6.24,5.92,6.03,6.56,6.99,7.18,7.16,6.97,6.57,4.43,3.58,3.8,3.96,4.15,4.34,4.49
501,1.1,1.41,2.04,2.59,2.86,2.88,3.42,3.49,2.98,3.58,4.01,4.21,4.37,4.45,4.48,4.3,3.85,2.33,2.42,2.28,2.21,2.29,2.61,3.05,3.57,4.31,4.86,4.82,4.36,4.05,4.22,3.66,2.37,1.41,2.39,3.46,3.96,4.17,4.32,4.46,4.55,3.1,3.34,3.84,4.14,4.29,4.37,4.43,4.45,4.48,4.53,4.61,4.71,5.07,6.56,6.32,6.1,6.15,6.1,5.85,5.57,5.34,5.12,4.98,4.79,3.26,3.35,3.82,4.43,5.78,7.16,7.23,7.12,6.7,6.46,6.23,5.99,6.41,7.0,6.6,8.84,9.9,9.08,8.34,7.8,7.45,7.33,7.44,7.66,6.81,5.88,7.09,7.8,7.97,7.92,7.79,7.64,7.56,7.09,6.67,6.29,6.22,6.91,7.24,8.79,8.81,8.06,7.4,7.02,6.88,6.86,6.87,6.86,5.73,4.25,4.84,5.74,6.23,5.94,5.7,5.67,5.67,5.54,5.32,5.12,5.27,6.14,5.12,6.24,5.92,6.03,6.56,6.99,7.18,7.16,6.97,6.57,4.43,3.58,3.8,3.96,4.15,4.34,4.49,4.53,4.43,4.33,4.24,4.16,4.12,5.26,4.91,4.04,4.02,4.11,4.42,4.84,5.16,5.25,5.18,4.91,2.95,2.68,2.38,1.97,1.46,1.03,1.05
502,3.57,4.31,4.86,4.82,4.36,4.05,4.22,3.66,2.37,1.41,2.39,3.46,3.96,4.17,4.32,4.46,4.55,3.1,3.34,3.84,4.14,4.29,4.37,4.43,4.45,4.48,4.53,4.61,4.71,5.07,6.56,6.32,6.1,6.15,6.1,5.85,5.57,5.34,5.12,4.98,4.79,3.26,3.35,3.82,4.43,5.78,7.16,7.23,7.12,6.7,6.46,6.23,5.99,6.41,7.0,6.6,8.84,9.9,9.08,8.34,7.8,7.45,7.33,7.44,7.66,6.81,5.88,7.09,7.8,7.97,7.92,7.79,7.64,7.56,7.09,6.67,6.29,6.22,6.91,7.24,8.79,8.81,8.06,7.4,7.02,6.88,6.86,6.87,6.86,5.73,4.25,4.84,5.74,6.23,5.94,5.7,5.67,5.67,5.54,5.32,5.12,5.27,6.14,5.12,6.24,5.92,6.03,6.56,6.99,7.18,7.16,6.97,6.57,4.43,3.58,3.8,3.96,4.15,4.34,4.49,4.53,4.43,4.33,4.24,4.16,4.12,5.26,4.91,4.04,4.02,4.11,4.42,4.84,5.16,5.25,5.18,4.91,2.95,2.68,2.38,1.97,1.46,1.03,1.05,1.43,1.83,2.44,3.82,4.9,6.28,6.93,6.92,7.02,6.7,5.9,4.31,2.77,2.65,3.54,4.38,4.89,3.94,3.24,3.32,3.53,3.84,4.1,4.07
503,4.45,4.48,4.53,4.61,4.71,5.07,6.56,6.32,6.1,6.15,6.1,5.85,5.57,5.34,5.12,4.98,4.79,3.26,3.35,3.82,4.43,5.78,7.16,7.23,7.12,6.7,6.46,6.23,5.99,6.41,7.0,6.6,8.84,9.9,9.08,8.34,7.8,7.45,7.33,7.44,7.66,6.81,5.88,7.09,7.8,7.97,7.92,7.79,7.64,7.56,7.09,6.67,6.29,6.22,6.91,7.24,8.79,8.81,8.06,7.4,7.02,6.88,6.86,6.87,6.86,5.73,4.25,4.84,5.74,6.23,5.94,5.7,5.67,5.67,5.54,5.32,5.12,5.27,6.14,5.12,6.24,5.92,6.03,6.56,6.99,7.18,7.16,6.97,6.57,4.43,3.58,3.8,3.96,4.15,4.34,4.49,4.53,4.43,4.33,4.24,4.16,4.12,5.26,4.91,4.04,4.02,4.11,4.42,4.84,5.16,5.25,5.18,4.91,2.95,2.68,2.38,1.97,1.46,1.03,1.05,1.43,1.83,2.44,3.82,4.9,6.28,6.93,6.92,7.02,6.7,5.9,4.31,2.77,2.65,3.54,4.38,4.89,3.94,3.24,3.32,3.53,3.84,4.1,4.07,3.86,3.88,3.99,4.07,4.09,4.54,5.63,5.59,5.32,4.68,3.06,1.59,0.32,0.67,1.38,2.11,3.14,3.85,5.12,5.86,6.24,6.11,6.07,6.13
504,7.12,6.7,6.46,6.23,5.99,6.41,7.0,6.6,8.84,9.9,9.08,8.34,7.8,7.45,7.33,7.44,7.66,6.81,5.88,7.09,7.8,7.97,7.92,7.79,7.64,7.56,7.09,6.67,6.29,6.22,6.91,7.24,8.79,8.81,8.06,7.4,7.02,6.88,6.86,6.87,6.86,5.73,4.25,4.84,5.74,6.23,5.94,5.7,5.67,5.67,5.54,5.32,5.12,5.27,6.14,5.12,6.24,5.92,6.03,6.56,6.99,7.18,7.16,6.97,6.57,4.43,3.58,3.8,3.96,4.15,4.34,4.49,4.53,4.43,4.33,4.24,4.16,4.12,5.26,4.91,4.04,4.02,4.11,4.42,4.84,5.16,5.25,5.18,4.91,2.95,2.68,2.38,1.97,1.46,1.03,1.05,1.43,1.83,2.44,3.82,4.9,6.28,6.93,6.92,7.02,6.7,5.9,4.31,2.77,2.65,3.54,4.38,4.89,3.94,3.24,3.32,3.53,3.84,4.1,4.07,3.86,3.88,3.99,4.07,4.09,4.54,5.63,5.59,5.32,4.68,3.06,1.59,0.32,0.67,1.38,2.11,3.14,3.85,5.12,5.86,6.24,6.11,6.07,6.13,6.53,7.46,8.11,8.22,8.12,8.01,8.0,8.44,8.64,7.27,5.14,3.35,2.86,3.67,4.96,5.61,5.26,3.88,3.34,3.28,3.2,2.94,2.67,2.63
505,7.64,7.56,7.09,6.67,6.29,6.22,6.91,7.24,8.79,8.81,8.06,7.4,7.02,6.88,6.86,6.87,6.86,5.73,4.25,4.84,5.74,6.23,5.94,5.7,5.67,5.67,5.54,5.32,5.12,5.27,6.14,5.12,6.24,5.92,6.03,6.56,6.99,7.18,7.16,6.97,6.57,4.43,3.58,3.8,3.96,4.15,4.34,4.49,4.53,4.43,4.33,4.24,4.16,4.12,5.26,4.91,4.04,4.02,4.11,4.42,4.84,5.16,5.25,5.18,4.91,2.95,2.68,2.38,1.97,1.46,1.03,1.05,1.43,1.83,2.44,3.82,4.9,6.28,6.93,6.92,7.02,6.7,5.9,4.31,2.77,2.65,3.54,4.38,4.89,3.94,3.24,3.32,3.53,3.84,4.1,4.07,3.86,3.88,3.99,4.07,4.09,4.54,5.63,5.59,5.32,4.68,3.06,1.59,0.32,0.67,1.38,2.11,3.14,3.85,5.12,5.86,6.24,6.11,6.07,6.13,6.53,7.46,8.11,8.22,8.12,8.01,8.0,8.44,8.64,7.27,5.14,3.35,2.86,3.67,4.96,5.61,5.26,3.88,3.34,3.28,3.2,2.94,2.67,2.63,2.73,2.84,2.87,2.81,2.71,2.56,3.23,2.49,0.86,1.57,3.1,4.14,4.81,5.26,5.48,5.43,5.23,4.21,2.76,2.81,2.58,2.35,2.25,2.4
506,5.67,5.67,5.54,5.32,5.12,5.27,6.14,5.12,6.24,5.92,6.03,6.56,6.99,7.18,7.16,6.97,6.57,4.43,3.58,3.8,3.96,4.15,4.34,4.49,4.53,4.43,4.33,4.24,4.16,4.12,5.26,4.91,4.04,4.02,4.11,4.42,4.84,5.16,5.25,5.18,4.91,2.95,2.68,2.38,1.97,1.46,1.03,1.05,1.43,1.83,2.44,3.82,4.9,6.28,6.93,6.92,7.02,6.7,5.9,4.31,2.77,2.65,3.54,4.38,4.89,3.94,3.24,3.32,3.53,3.84,4.1,4.07,3.86,3.88,3.99,4.07,4.09,4.54,5.63,5.59,5.32,4.68,3.06,1.59,0.32,0.67,1.38,2.11,3.14,3.85,5.12,5.86,6.24,6.11,6.07,6.13,6.53,7.46,8.11,8.22,8.12,8.01,8.0,8.44,8.64,7.27,5.14,3.35,2.86,3.67,4.96,5.61,5.26,3.88,3.34,3.28,3.2,2.94,2.67,2.63,2.73,2.84,2.87,2.81,2.71,2.56,3.23,2.49,0.86,1.57,3.1,4.14,4.81,5.26,5.48,5.43,5.23,4.21,2.76,2.81,2.58,2.35,2.25,2.4,2.75,3.11,3.39,3.39,3.26,3.09,4.26,3.72,2.98,2.08,1.74,2.39,3.09,3.6,3.9,4.01,4.08,3.2,2.73,2.86,2.67,2.33,2.02,1.99
507,4.53,4.43,4.33,4.24,4.16,4.12,5.26,4.91,4.04,4.02,4.11,4.42,4.84,5.16,5.25,5.18,4.91,2.95,2.68,2.38,1.97,1.46,1.03,1.05,1.43,1.83,2.44,3.82,4.9,6.28,6.93,6.92,7.02,6.7,5.9,4.31,2.77,2.65,3.54,4.38,4.89,3.94,3.24,3.32,3.53,3.84,4.1,4.07,3.86,3.88,3.99,4.07,4.09,4.54,5.63,5.59,5.32,4.68,3.06,1.59,0.32,0.67,1.38,2.11,3.14,3.85,5.12,5.86,6.24,6.11,6.07,6.13,6.53,7.46,8.11,8.22,8.12,8.01,8.0,8.44,8.64,7.27,5.14,3.35,2.86,3.67,4.96,5.61,5.26,3.88,3.34,3.28,3.2,2.94,2.67,2.63,2.73,2.84,2.87,2.81,2.71,2.56,3.23,2.49,0.86,1.57,3.1,4.14,4.81,5.26,5.48,5.43,5.23,4.21,2.76,2.81,2.58,2.35,2.25,2.4,2.75,3.11,3.39,3.39,3.26,3.09,4.26,3.72,2.98,2.08,1.74,2.39,3.09,3.6,3.9,4.01,4.08,3.2,2.73,2.86,2.67,2.33,2.02,1.99,2.31,2.78,3.15,3.33,3.39,3.36,4.05,4.86,4.21,3.62,2.86,2.28,1.9,1.72,1.62,1.54,1.48,1.2,1.35,1.98,2.59,2.88,2.88,2.65
508,1.43,1.83,2.44,3.82,4.9,6.28,6.93,6.92,7.02,6.7,5.9,4.31,2.77,2.65,3.54,4.38,4.89,3.94,3.24,3.32,3.53,3.84,4.1,4.07,3.86,3.88,3.99,4.07,4.09,4.54,5.63,5.59,5.32,4.68,3.06,1.59,0.32,0.67,1.38,2.11,3.14,3.85,5.12,5.86,6.24,6.11,6.07,6.13,6.53,7.46,8.11,8.22,8.12,8.01,8.0,8.44,8.64,7.27,5.14,3.35,2.86,3.67,4.96,5.61,5.26,3.88,3.34,3.28,3.2,2.94,2.67,2.63,2.73,2.84,2.87,2.81,2.71,2.56,3.23,2.49,0.86,1.57,3.1,4.14,4.81,5.26,5.48,5.43,5.23,4.21,2.76,2.81,2.58,2.35,2.25,2.4,2.75,3.11,3.39,3.39,3.26,3.09,4.26,3.72,2.98,2.08,1.74,2.39,3.09,3.6,3.9,4.01,4.08,3.2,2.73,2.86,2.67,2.33,2.02,1.99,2.31,2.78,3.15,3.33,3.39,3.36,4.05,4.86,4.21,3.62,2.86,2.28,1.9,1.72,1.62,1.54,1.48,1.2,1.35,1.98,2.59,2.88,2.88,2.65,2.16,1.46,1.27,1.78,2.27,2.6,2.58,3.76,3.37,3.92,4.04,4.21,4.38,4.52,4.63,4.86,5.09,4.05,3.13,2.93,2.96,3.38,3.99,4.59
509,3.86,3.88,3.99,4.07,4.09,4.54,5.63,5.59,5.32,4.68,3.06,1.59,0.32,0.67,1.38,2.11,3.14,3.85,5.12,5.86,6.24,6.11,6.07,6.13,6.53,7.46,8.11,8.22,8.12,8.01,8.0,8.44,8.64,7.27,5.14,3.35,2.86,3.67,4.96,5.61,5.26,3.88,3.34,3.28,3.2,2.94,2.67,2.63,2.73,2.84,2.87,2.81,2.71,2.56,3.23,2.49,0.86,1.57,3.1,4.14,4.81,5.26,5.48,5.43,5.23,4.21,2.76,2.81,2.58,2.35,2.25,2.4,2.75,3.11,3.39,3.39,3.26,3.09,4.26,3.72,2.98,2.08,1.74,2.39,3.09,3.6,3.9,4.01,4.08,3.2,2.73,2.86,2.67,2.33,2.02,1.99,2.31,2.78,3.15,3.33,3.39,3.36,4.05,4.86,4.21,3.62,2.86,2.28,1.9,1.72,1.62,1.54,1.48,1.2,1.35,1.98,2.59,2.88,2.88,2.65,2.16,1.46,1.27,1.78,2.27,2.6,2.58,3.76,3.37,3.92,4.04,4.21,4.38,4.52,4.63,4.86,5.09,4.05,3.13,2.93,2.96,3.38,3.99,4.59,4.98,5.03,5.04,5.14,5.28,5.6,6.39,6.1,5.68,4.43,2.57,2.36,3.91,5.48,6.23,6.2,5.71,3.88,3.13,3.37,3.38,3.33,3.31,3.43
510,6.53,7.46,8.11,8.22,8.12,8.01,8.0,8.44,8.64,7.27,5.14,3.35,2.86,3.67,4.96,5.61,5.26,3.88,3.34,3.28,3.2,2.94,2.67,2.63,2.73,2.84,2.87,2.81,2.71,2.56,3.23,2.49,0.86,1.57,3.1,4.14,4.81,5.26,5.48,5.43,5.23,4.21,2.76,2.81,2.58,2.35,2.25,2.4,2.75,3.11,3.39,3.39,3.26,3.09,4.26,3.72,2.98,2.08,1.74,2.39,3.09,3.6,3.9,4.01,4.08,3.2,2.73,2.86,2.67,2.33,2.02,1.99,2.31,2.78,3.15,3.33,3.39,3.36,4.05,4.86,4.21,3.62,2.86,2.28,1.9,1.72,1.62,1.54,1.48,1.2,1.35,1.98,2.59,2.88,2.88,2.65,2.16,1.46,1.27,1.78,2.27,2.6,2.58,3.76,3.37,3.92,4.04,4.21,4.38,4.52,4.63,4.86,5.09,4.05,3.13,2.93,2.96,3.38,3.99,4.59,4.98,5.03,5.04,5.14,5.28,5.6,6.39,6.1,5.68,4.43,2.57,2.36,3.91,5.48,6.23,6.2,5.71,3.88,3.13,3.37,3.38,3.33,3.31,3.43,3.8,4.4,5.26,5.94,6.3,7.05,8.3,8.92,9.06,8.13,6.5,5.07,3.63,2.44,2.18,2.44,2.4,1.51,0.74,0.99,1.47,2.07,2.83,4.26
511,2.73,2.84,2.87,2.81,2.71,2.56,3.23,2.49,0.86,1.57,3.1,4.14,4.81,5.26,5.48,5.43,5.23,4.21,2.76,2.81,2.58,2.35,2.25,2.4,2.75,3.11,3.39,3.39,3.26,3.09,4.26,3.72,2.98,2.08,1.74,2.39,3.09,3.6,3.9,4.01,4.08,3.2,2.73,2.86,2.67,2.33,2.02,1.99,2.31,2.78,3.15,3.33,3.39,3.36,4.05,4.86,4.21,3.62,2.86,2.28,1.9,1.72,1.62,1.54,1.48,1.2,1.35,1.98,2.59,2.88,2.88,2.65,2.16,1.46,1.27,1.78,2.27,2.6,2.58,3.76,3.37,3.92,4.04,4.21,4.38,4.52,4.63,4.86,5.09,4.05,3.13,2.93,2.96,3.38,3.99,4.59,4.98,5.03,5.04,5.14,5.28,5.6,6.39,6.1,5.68,4.43,2.57,2.36,3.91,5.48,6.23,6.2,5.71,3.88,3.13,3.37,3.38,3.33,3.31,3.43,3.8,4.4,5.26,5.94,6.3,7.05,8.3,8.92,9.06,8.13,6.5,5.07,3.63,2.44,2.18,2.44,2.4,1.51,0.74,0.99,1.47,2.07,2.83,4.26,6.69,7.9,7.83,7.75,7.1,6.58,5.78,5.66,5.72,5.85,6.43,7.24,7.69,7.57,7.2,6.73,6.43,5.94,4.6,4.52,4.44,4.32,4.41,4.88
512,2.75,3.11,3.39,3.39,3.26,3.09,4.26,3.72,2.98,2.08,1.74,2.39,3.09,3.6,3.9,4.01,4.08,3.2,2.73,2.86,2.67,2.33,2.02,1.99,2.31,2.78,3.15,3.33,3.39,3.36,4.05,4.86,4.21,3.62,2.86,2.28,1.9,1.72,1.62,1.54,1.48,1.2,1.35,1.98,2.59,2.88,2.88,2.65,2.16,1.46,1.27,1.78,2.27,2.6,2.58,3.76,3.37,3.92,4.04,4.21,4.38,4.52,4.63,4.86,5.09,4.05,3.13,2.93,2.96,3.38,3.99,4.59,4.98,5.03,5.04,5.14,5.28,5.6,6.39,6.1,5.68,4.43,2.57,2.36,3.91,5.48,6.23,6.2,5.71,3.88,3.13,3.37,3.38,3.33,3.31,3.43,3.8,4.4,5.26,5.94,6.3,7.05,8.3,8.92,9.06,8.13,6.5,5.07,3.63,2.44,2.18,2.44,2.4,1.51,0.74,0.99,1.47,2.07,2.83,4.26,6.69,7.9,7.83,7.75,7.1,6.58,5.78,5.66,5.72,5.85,6.43,7.24,7.69,7.57,7.2,6.73,6.43,5.94,4.6,4.52,4.44,4.32,4.41,4.88,5.52,5.66,5.42,5.19,4.98,4.92,5.83,5.67,7.58,8.86,8.78,8.35,7.68,6.88,6.11,5.36,4.8,3.8,3.73,4.84,5.58,5.88,5.95,5.79
513,2.31,2.78,3.15,3.33,3.39,3.36,4.05,4.86,4.21,3.62,2.86,2.28,1.9,1.72,1.62,1.54,1.48,1.2,1.35,1.98,2.59,2.88,2.88,2.65,2.16,1.46,1.27,1.78,2.27,2.6,2.58,3.76,3.37,3.92,4.04,4.21,4.38,4.52,4.63,4.86,5.09,4.05,3.13,2.93,2.96,3.38,3.99,4.59,4.98,5.03,5.04,5.14,5.28,5.6,6.39,6.1,5.68,4.43,2.57,2.36,3.91,5.48,6.23,6.2,5.71,3.88,3.13,3.37,3.38,3.33,3.31,3.43,3.8,4.4,5.26,5.94,6.3,7.05,8.3,8.92,9.06,8.13,6.5,5.07,3.63,2.44,2.18,2.44,2.4,1.51,0.74,0.99,1.47,2.07,2.83,4.26,6.69,7.9,7.83,7.75,7.1,6.58,5.78,5.66,5.72,5.85,6.43,7.24,7.69,7.57,7.2,6.73,6.43,5.94,4.6,4.52,4.44,4.32,4.41,4.88,5.52,5.66,5.42,5.19,4.98,4.92,5.83,5.67,7.58,8.86,8.78,8.35,7.68,6.88,6.11,5.36,4.8,3.8,3.73,4.84,5.58,5.88,5.95,5.79,5.61,5.46,5.52,5.42,4.99,4.35,3.97,1.52,1.1,2.46,2.73,2.91,3.32,3.72,4.12,4.36,4.44,3.61,3.08,3.25,3.28,3.38,3.48,3.59
514,2.16,1.46,1.27,1.78,2.27,2.6,2.58,3.76,3.37,3.92,4.04,4.21,4.38,4.52,4.63,4.86,5.09,4.05,3.13,2.93,2.96,3.38,3.99,4.59,4.98,5.03,5.04,5.14,5.28,5.6,6.39,6.1,5.68,4.43,2.57,2.36,3.91,5.48,6.23,6.2,5.71,3.88,3.13,3.37,3.38,3.33,3.31,3.43,3.8,4.4,5.26,5.94,6.3,7.05,8.3,8.92,9.06,8.13,6.5,5.07,3.63,2.44,2.18,2.44,2.4,1.51,0.74,0.99,1.47,2.07,2.83,4.26,6.69,7.9,7.83,7.75,7.1,6.58,5.78,5.66,5.72,5.85,6.43,7.24,7.69,7.57,7.2,6.73,6.43,5.94,4.6,4.52,4.44,4.32,4.41,4.88,5.52,5.66,5.42,5.19,4.98,4.92,5.83,5.67,7.58,8.86,8.78,8.35,7.68,6.88,6.11,5.36,4.8,3.8,3.73,4.84,5.58,5.88,5.95,5.79,5.61,5.46,5.52,5.42,4.99,4.35,3.97,1.52,1.1,2.46,2.73,2.91,3.32,3.72,4.12,4.36,4.44,3.61,3.08,3.25,3.28,3.38,3.48,3.59,3.7,3.8,3.89,4.01,4.26,4.43,4.99,4.49,4.17,4.36,3.44,1.88,1.48,2.46,3.32,3.8,3.2,2.56,2.99,3.26,3.51,4.47,7.13,8.24
515,4.98,5.03,5.04,5.14,5.28,5.6,6.39,6.1,5.68,4.43,2.57,2.36,3.91,5.48,6.23,6.2,5.71,3.88,3.13,3.37,3.38,3.33,3.31,3.43,3.8,4.4,5.26,5.94,6.3,7.05,8.3,8.92,9.06,8.13,6.5,5.07,3.63,2.44,2.18,2.44,2.4,1.51,0.74,0.99,1.47,2.07,2.83,4.26,6.69,7.9,7.83,7.75,7.1,6.58,5.78,5.66,5.72,5.85,6.43,7.24,7.69,7.57,7.2,6.73,6.43,5.94,4.6,4.52,4.44,4.32,4.41,4.88,5.52,5.66,5.42,5.19,4.98,4.92,5.83,5.67,7.58,8.86,8.78,8.35,7.68,6.88,6.11,5.36,4.8,3.8,3.73,4.84,5.58,5.88,5.95,5.79,5.61,5.46,5.52,5.42,4.99,4.35,3.97,1.52,1.1,2.46,2.73,2.91,3.32,3.72,4.12,4.36,4.44,3.61,3.08,3.25,3.28,3.38,3.48,3.59,3.7,3.8,3.89,4.01,4.26,4.43,4.99,4.49,4.17,4.36,3.44,1.88,1.48,2.46,3.32,3.8,3.2,2.56,2.99,3.26,3.51,4.47,7.13,8.24,7.84,7.28,7.17,7.12,6.89,6.64,6.77,6.91,6.95,6.23,5.38,4.75,3.87,3.15,2.85,3.22,5.17,9.64,15.33,15.0,13.01,11.94,10.88,8.95
516,3.8,4.4,5.26,5.94,6.3,7.05,8.3,8.92,9.06,8.13,6.5,5.07,3.63,2.44,2.18,2.44,2.4,1.51,0.74,0.99,1.47,2.07,2.83,4.26,6.69,7.9,7.83,7.75,7.1,6.58,5.78,5.66,5.72,5.85,6.43,7.24,7.69,7.57,7.2,6.73,6.43,5.94,4.6,4.52,4.44,4.32,4.41,4.88,5.52,5.66,5.42,5.19,4.98,4.92,5.83,5.67,7.58,8.86,8.78,8.35,7.68,6.88,6.11,5.36,4.8,3.8,3.73,4.84,5.58,5.88,5.95,5.79,5.61,5.46,5.52,5.42,4.99,4.35,3.97,1.52,1.1,2.46,2.73,2.91,3.32,3.72,4.12,4.36,4.44,3.61,3.08,3.25,3.28,3.38,3.48,3.59,3.7,3.8,3.89,4.01,4.26,4.43,4.99,4.49,4.17,4.36,3.44,1.88,1.48,2.46,3.32,3.8,3.2,2.56,2.99,3.26,3.51,4.47,7.13,8.24,7.84,7.28,7.17,7.12,6.89,6.64,6.77,6.91,6.95,6.23,5.38,4.75,3.87,3.15,2.85,3.22,5.17,9.64,15.33,15.0,13.01,11.94,10.88,8.95,7.48,6.45,6.2,6.32,6.55,6.68,6.31,6.12,8.7,9.68,9.49,9.0,8.36,7.4,6.21,5.23,4.68,3.3,3.45,4.86,7.64,11.43,11.13,9.66
517,6.69,7.9,7.83,7.75,7.1,6.58,5.78,5.66,5.72,5.85,6.43,7.24,7.69,7.57,7.2,6.73,6.43,5.94,4.6,4.52,4.44,4.32,4.41,4.88,5.52,5.66,5.42,5.19,4.98,4.92,5.83,5.67,7.58,8.86,8.78,8.35,7.68,6.88,6.11,5.36,4.8,3.8,3.73,4.84,5.58,5.88,5.95,5.79,5.61,5.46,5.52,5.42,4.99,4.35,3.97,1.52,1.1,2.46,2.73,2.91,3.32,3.72,4.12,4.36,4.44,3.61,3.08,3.25,3.28,3.38,3.48,3.59,3.7,3.8,3.89,4.01,4.26,4.43,4.99,4.49,4.17,4.36,3.44,1.88,1.48,2.46,3.32,3.8,3.2,2.56,2.99,3.26,3.51,4.47,7.13,8.24,7.84,7.28,7.17,7.12,6.89,6.64,6.77,6.91,6.95,6.23,5.38,4.75,3.87,3.15,2.85,3.22,5.17,9.64,15.33,15.0,13.01,11.94,10.88,8.95,7.48,6.45,6.2,6.32,6.55,6.68,6.31,6.12,8.7,9.68,9.49,9.0,8.36,7.4,6.21,5.23,4.68,3.3,3.45,4.86,7.64,11.43,11.13,9.66,8.07,7.37,7.12,7.06,7.0,6.71,7.07,7.04,7.36,5.42,4.31,7.21,9.0,8.47,6.8,5.54,6.12,8.16,9.05,7.88,6.5,5.15,5.75,8.85
518,5.52,5.66,5.42,5.19,4.98,4.92,5.83,5.67,7.58,8.86,8.78,8.35,7.68,6.88,6.11,5.36,4.8,3.8,3.73,4.84,5.58,5.88,5.95,5.79,5.61,5.46,5.52,5.42,4.99,4.35,3.97,1.52,1.1,2.46,2.73,2.91,3.32,3.72,4.12,4.36,4.44,3.61,3.08,3.25,3.28,3.38,3.48,3.59,3.7,3.8,3.89,4.01,4.26,4.43,4.99,4.49,4.17,4.36,3.44,1.88,1.48,2.46,3.32,3.8,3.2,2.56,2.99,3.26,3.51,4.47,7.13,8.24,7.84,7.28,7.17,7.12,6.89,6.64,6.77,6.91,6.95,6.23,5.38,4.75,3.87,3.15,2.85,3.22,5.17,9.64,15.33,15.0,13.01,11.94,10.88,8.95,7.48,6.45,6.2,6.32,6.55,6.68,6.31,6.12,8.7,9.68,9.49,9.0,8.36,7.4,6.21,5.23,4.68,3.3,3.45,4.86,7.64,11.43,11.13,9.66,8.07,7.37,7.12,7.06,7.0,6.71,7.07,7.04,7.36,5.42,4.31,7.21,9.0,8.47,6.8,5.54,6.12,8.16,9.05,7.88,6.5,5.15,5.75,8.85,10.13,10.92,10.67,10.28,10.0,9.57,9.01,8.83,8.18,6.7,5.43,4.54,3.59,2.84,2.61,2.98,3.49,2.96,3.09,3.81,4.59,5.29,5.81,6.04
519,5.61,5.46,5.52,5.42,4.99,4.35,3.97,1.52,1.1,2.46,2.73,2.91,3.32,3.72,4.12,4.36,4.44,3.61,3.08,3.25,3.28,3.38,3.48,3.59,3.7,3.8,3.89,4.01,4.26,4.43,4.99,4.49,4.17,4.36,3.44,1.88,1.48,2.46,3.32,3.8,3.2,2.56,2.99,3.26,3.51,4.47,7.13,8.24,7.84,7.28,7.17,7.12,6.89,6.64,6.77,6.91,6.95,6.23,5.38,4.75,3.87,3.15,2.85,3.22,5.17,9.64,15.33,15.0,13.01,11.94,10.88,8.95,7.48,6.45,6.2,6.32,6.55,6.68,6.31,6.12,8.7,9.68,9.49,9.0,8.36,7.4,6.21,5.23,4.68,3.3,3.45,4.86,7.64,11.43,11.13,9.66,8.07,7.37,7.12,7.06,7.0,6.71,7.07,7.04,7.36,5.42,4.31,7.21,9.0,8.47,6.8,5.54,6.12,8.16,9.05,7.88,6.5,5.15,5.75,8.85,10.13,10.92,10.67,10.28,10.0,9.57,9.01,8.83,8.18,6.7,5.43,4.54,3.59,2.84,2.61,2.98,3.49,2.96,3.09,3.81,4.59,5.29,5.81,6.04,5.96,5.85,5.66,5.9,5.89,6.28,6.69,8.6,8.96,7.78,6.62,5.54,4.59,3.81,3.2,2.78,2.6,2.37,1.98,2.43,2.8,3.2,3.64,4.39
520,3.7,3.8,3.89,4.01,4.26,4.43,4.99,4.49,4.17,4.36,3.44,1.88,1.48,2.46,3.32,3.8,3.2,2.56,2.99,3.26,3.51,4.47,7.13,8.24,7.84,7.28,7.17,7.12,6.89,6.64,6.77,6.91,6.95,6.23,5.38,4.75,3.87,3.15,2.85,3.22,5.17,9.64,15.33,15.0,13.01,11.94,10.88,8.95,7.48,6.45,6.2,6.32,6.55,6.68,6.31,6.12,8.7,9.68,9.49,9.0,8.36,7.4,6.21,5.23,4.68,3.3,3.45,4.86,7.64,11.43,11.13,9.66,8.07,7.37,7.12,7.06,7.0,6.71,7.07,7.04,7.36,5.42,4.31,7.21,9.0,8.47,6.8,5.54,6.12,8.16,9.05,7.88,6.5,5.15,5.75,8.85,10.13,10.92,10.67,10.28,10.0,9.57,9.01,8.83,8.18,6.7,5.43,4.54,3.59,2.84,2.61,2.98,3.49,2.96,3.09,3.81,4.59,5.29,5.81,6.04,5.96,5.85,5.66,5.9,5.89,6.28,6.69,8.6,8.96,7.78,6.62,5.54,4.59,3.81,3.2,2.78,2.6,2.37,1.98,2.43,2.8,3.2,3.64,4.39,5.01,5.04,4.6,4.06,3.39,2.76,2.16,1.36,1.65,1.79,2.0,2.04,1.84,1.71,1.59,1.23,0.97,0.88,1.34,2.23,2.65,2.8,3.15,3.5
521,7.84,7.28,7.17,7.12,6.89,6.64,6.77,6.91,6.95,6.23,5.38,4.75,3.87,3.15,2.85,3.22,5.17,9.64,15.33,15.0,13.01,11.94,10.88,8.95,7.48,6.45,6.2,6.32,6.55,6.68,6.31,6.12,8.7,9.68,9.49,9.0,8.36,7.4,6.21,5.23,4.68,3.3,3.45,4.86,7.64,11.43,11.13,9.66,8.07,7.37,7.12,7.06,7.0,6.71,7.07,7.04,7.36,5.42,4.31,7.21,9.0,8.47,6.8,5.54,6.12,8.16,9.05,7.88,6.5,5.15,5.75,8.85,10.13,10.92,10.67,10.28,10.0,9.57,9.01,8.83,8.18,6.7,5.43,4.54,3.59,2.84,2.61,2.98,3.49,2.96,3.09,3.81,4.59,5.29,5.81,6.04,5.96,5.85,5.66,5.9,5.89,6.28,6.69,8.6,8.96,7.78,6.62,5.54,4.59,3.81,3.2,2.78,2.6,2.37,1.98,2.43,2.8,3.2,3.64,4.39,5.01,5.04,4.6,4.06,3.39,2.76,2.16,1.36,1.65,1.79,2.0,2.04,1.84,1.71,1.59,1.23,0.97,0.88,1.34,2.23,2.65,2.8,3.15,3.5,4.08,5.05,5.56,5.2,4.95,5.03,5.75,5.4,6.1,6.87,7.35,7.58,7.06,5.58,3.96,2.59,1.55,0.91,0.93,1.37,2.29,2.84,2.98,3.11
522,7.48,6.45,6.2,6.32,6.55,6.68,6.31,6.12,8.7,9.68,9.49,9.0,8.36,7.4,6.21,5.23,4.68,3.3,3.45,4.86,7.64,11.43,11.13,9.66,8.07,7.37,7.12,7.06,7.0,6.71,7.07,7.04,7.36,5.42,4.31,7.21,9.0,8.47,6.8,5.54,6.12,8.16,9.05,7.88,6.5,5.15,5.75,8.85,10.13,10.92,10.67,10.28,10.0,9.57,9.01,8.83,8.18,6.7,5.43,4.54,3.59,2.84,2.61,2.98,3.49,2.96,3.09,3.81,4.59,5.29,5.81,6.04,5.96,5.85,5.66,5.9,5.89,6.28,6.69,8.6,8.96,7.78,6.62,5.54,4.59,3.81,3.2,2.78,2.6,2.37,1.98,2.43,2.8,3.2,3.64,4.39,5.01,5.04,4.6,4.06,3.39,2.76,2.16,1.36,1.65,1.79,2.0,2.04,1.84,1.71,1.59,1.23,0.97,0.88,1.34,2.23,2.65,2.8,3.15,3.5,4.08,5.05,5.56,5.2,4.95,5.03,5.75,5.4,6.1,6.87,7.35,7.58,7.06,5.58,3.96,2.59,1.55,0.91,0.93,1.37,2.29,2.84,2.98,3.11,3.46,3.81,3.95,3.88,3.81,4.12,5.44,4.94,5.62,5.79,5.07,4.26,3.41,2.52,1.61,1.12,1.19,1.19,1.14,1.26,1.46,1.76,2.02,2.15
523,8.07,7.37,7.12,7.06,7.0,6.71,7.07,7.04,7.36,5.42,4.31,7.21,9.0,8.47,6.8,5.54,6.12,8.16,9.05,7.88,6.5,5.15,5.75,8.85,10.13,10.92,10.67,10.28,10.0,9.57,9.01,8.83,8.18,6.7,5.43,4.54,3.59,2.84,2.61,2.98,3.49,2.96,3.09,3.81,4.59,5.29,5.81,6.04,5.96,5.85,5.66,5.9,5.89,6.28,6.69,8.6,8.96,7.78,6.62,5.54,4.59,3.81,3.2,2.78,2.6,2.37,1.98,2.43,2.8,3.2,3.64,4.39,5.01,5.04,4.6,4.06,3.39,2.76,2.16,1.36,1.65,1.79,2.0,2.04,1.84,1.71,1.59,1.23,0.97,0.88,1.34,2.23,2.65,2.8,3.15,3.5,4.08,5.05,5.56,5.2,4.95,5.03,5.75,5.4,6.1,6.87,7.35,7.58,7.06,5.58,3.96,2.59,1.55,0.91,0.93,1.37,2.29,2.84,2.98,3.11,3.46,3.81,3.95,3.88,3.81,4.12,5.44,4.94,5.62,5.79,5.07,4.26,3.41,2.52,1.61,1.12,1.19,1.19,1.14,1.26,1.46,1.76,2.02,2.15,2.3,2.61,3.02,3.39,3.52,3.78,5.06,5.18,6.24,6.57,5.98,5.23,4.43,3.57,2.62,1.75,1.14,0.8,0.86,1.4,2.04,2.71,3.35,4.07
524,10.13,10.92,10.67,10.28,10.0,9.57,9.01,8.83,8.18,6.7,5.43,4.54,3.59,2.84,2.61,2.98,3.49,2.96,3.09,3.81,4.59,5.29,5.81,6.04,5.96,5.85,5.66,5.9,5.89,6.28,6.69,8.6,8.96,7.78,6.62,5.54,4.59,3.81,3.2,2.78,2.6,2.37,1.98,2.43,2.8,3.2,3.64,4.39,5.01,5.04,4.6,4.06,3.39,2.76,2.16,1.36,1.65,1.79,2.0,2.04,1.84,1.71,1.59,1.23,0.97,0.88,1.34,2.23,2.65,2.8,3.15,3.5,4.08,5.05,5.56,5.2,4.95,5.03,5.75,5.4,6.1,6.87,7.35,7.58,7.06,5.58,3.96,2.59,1.55,0.91,0.93,1.37,2.29,2.84,2.98,3.11,3.46,3.81,3.95,3.88,3.81,4.12,5.44,4.94,5.62,5.79,5.07,4.26,3.41,2.52,1.61,1.12,1.19,1.19,1.14,1.26,1.46,1.76,2.02,2.15,2.3,2.61,3.02,3.39,3.52,3.78,5.06,5.18,6.24,6.57,5.98,5.23,4.43,3.57,2.62,1.75,1.14,0.8,0.86,1.4,2.04,2.71,3.35,4.07,4.78,5.43,5.83,6.03,5.93,6.01,6.63,6.21,6.78,7.2,6.84,6.19,5.52,4.93,4.5,4.23,4.08,3.0,2.88,3.16,3.11,2.86,2.47,2.03
525,5.96,5.85,5.66,5.9,5.89,6.28,6.69,8.6,8.96,7.78,6.62,5.54,4.59,3.81,3.2,2.78,2.6,2.37,1.98,2.43,2.8,3.2,3.64,4.39,5.01,5.04,4.6,4.06,3.39,2.76,2.16,1.36,1.65,1.79,2.0,2.04,1.84,1.71,1.59,1.23,0.97,0.88,1.34,2.23,2.65,2.8,3.15,3.5,4.08,5.05,5.56,5.2,4.95,5.03,5.75,5.4,6.1,6.87,7.35,7.58,7.06,5.58,3.96,2.59,1.55,0.91,0.93,1.37,2.29,2.84,2.98,3.11,3.46,3.81,3.95,3.88,3.81,4.12,5.44,4.94,5.62,5.79,5.07,4.26,3.41,2.52,1.61,1.12,1.19,1.19,1.14,1.26,1.46,1.76,2.02,2.15,2.3,2.61,3.02,3.39,3.52,3.78,5.06,5.18,6.24,6.57,5.98,5.23,4.43,3.57,2.62,1.75,1.14,0.8,0.86,1.4,2.04,2.71,3.35,4.07,4.78,5.43,5.83,6.03,5.93,6.01,6.63,6.21,6.78,7.2,6.84,6.19,5.52,4.93,4.5,4.23,4.08,3.0,2.88,3.16,3.11,2.86,2.47,2.03,1.56,1.33,1.72,2.41,2.98,3.38,4.71,4.58,4.48,4.78,4.78,4.81,4.88,4.93,4.88,4.76,4.6,3.36,2.79,2.87,2.74,2.41,1.85,1.13
526,5.01,5.04,4.6,4.06,3.39,2.76,2.16,1.36,1.65,1.79,2.0,2.04,1.84,1.71,1.59,1.23,0.97,0.88,1.34,2.23,2.65,2.8,3.15,3.5,4.08,5.05,5.56,5.2,4.95,5.03,5.75,5.4,6.1,6.87,7.35,7.58,7.06,5.58,3.96,2.59,1.55,0.91,0.93,1.37,2.29,2.84,2.98,3.11,3.46,3.81,3.95,3.88,3.81,4.12,5.44,4.94,5.62,5.79,5.07,4.26,3.41,2.52,1.61,1.12,1.19,1.19,1.14,1.26,1.46,1.76,2.02,2.15,2.3,2.61,3.02,3.39,3.52,3.78,5.06,5.18,6.24,6.57,5.98,5.23,4.43,3.57,2.62,1.75,1.14,0.8,0.86,1.4,2.04,2.71,3.35,4.07,4.78,5.43,5.83,6.03,5.93,6.01,6.63,6.21,6.78,7.2,6.84,6.19,5.52,4.93,4.5,4.23,4.08,3.0,2.88,3.16,3.11,2.86,2.47,2.03,1.56,1.33,1.72,2.41,2.98,3.38,4.71,4.58,4.48,4.78,4.78,4.81,4.88,4.93,4.88,4.76,4.6,3.36,2.79,2.87,2.74,2.41,1.85,1.13,0.23,0.62,1.13,1.15,0.84,0.72,1.19,1.49,1.67,2.19,3.39,4.58,5.47,5.89,6.09,6.0,5.66,4.07,3.05,3.28,3.4,3.47,3.41,3.24
527,4.08,5.05,5.56,5.2,4.95,5.03,5.75,5.4,6.1,6.87,7.35,7.58,7.06,5.58,3.96,2.59,1.55,0.91,0.93,1.37,2.29,2.84,2.98,3.11,3.46,3.81,3.95,3.88,3.81,4.12,5.44,4.94,5.62,5.79,5.07,4.26,3.41,2.52,1.61,1.12,1.19,1.19,1.14,1.26,1.46,1.76,2.02,2.15,2.3,2.61,3.02,3.39,3.52,3.78,5.06,5.18,6.24,6.57,5.98,5.23,4.43,3.57,2.62,1.75,1.14,0.8,0.86,1.4,2.04,2.71,3.35,4.07,4.78,5.43,5.83,6.03,5.93,6.01,6.63,6.21,6.78,7.2,6.84,6.19,5.52,4.93,4.5,4.23,4.08,3.0,2.88,3.16,3.11,2.86,2.47,2.03,1.56,1.33,1.72,2.41,2.98,3.38,4.71,4.58,4.48,4.78,4.78,4.81,4.88,4.93,4.88,4.76,4.6,3.36,2.79,2.87,2.74,2.41,1.85,1.13,0.23,0.62,1.13,1.15,0.84,0.72,1.19,1.49,1.67,2.19,3.39,4.58,5.47,5.89,6.09,6.0,5.66,4.07,3.05,3.28,3.4,3.47,3.41,3.24,2.94,2.61,2.31,2.1,2.2,2.56,3.36,4.33,4.55,5.68,6.92,7.79,8.3,8.32,7.95,7.47,7.14,5.52,4.07,4.26,4.21,3.92,3.65,3.38
528,3.46,3.81,3.95,3.88,3.81,4.12,5.44,4.94,5.62,5.79,5.07,4.26,3.41,2.52,1.61,1.12,1.19,1.19,1.14,1.26,1.46,1.76,2.02,2.15,2.3,2.61,3.02,3.39,3.52,3.78,5.06,5.18,6.24,6.57,5.98,5.23,4.43,3.57,2.62,1.75,1.14,0.8,0.86,1.4,2.04,2.71,3.35,4.07,4.78,5.43,5.83,6.03,5.93,6.01,6.63,6.21,6.78,7.2,6.84,6.19,5.52,4.93,4.5,4.23,4.08,3.0,2.88,3.16,3.11,2.86,2.47,2.03,1.56,1.33,1.72,2.41,2.98,3.38,4.71,4.58,4.48,4.78,4.78,4.81,4.88,4.93,4.88,4.76,4.6,3.36,2.79,2.87,2.74,2.41,1.85,1.13,0.23,0.62,1.13,1.15,0.84,0.72,1.19,1.49,1.67,2.19,3.39,4.58,5.47,5.89,6.09,6.0,5.66,4.07,3.05,3.28,3.4,3.47,3.41,3.24,2.94,2.61,2.31,2.1,2.2,2.56,3.36,4.33,4.55,5.68,6.92,7.79,8.3,8.32,7.95,7.47,7.14,5.52,4.07,4.26,4.21,3.92,3.65,3.38,3.26,3.3,3.36,3.28,3.06,2.73,3.57,3.09,3.17,4.14,5.69,6.8,7.32,7.46,7.51,7.62,7.64,6.29,4.09,4.1,4.13,4.08,4.03,3.97
529,2.3,2.61,3.02,3.39,3.52,3.78,5.06,5.18,6.24,6.57,5.98,5.23,4.43,3.57,2.62,1.75,1.14,0.8,0.86,1.4,2.04,2.71,3.35,4.07,4.78,5.43,5.83,6.03,5.93,6.01,6.63,6.21,6.78,7.2,6.84,6.19,5.52,4.93,4.5,4.23,4.08,3.0,2.88,3.16,3.11,2.86,2.47,2.03,1.56,1.33,1.72,2.41,2.98,3.38,4.71,4.58,4.48,4.78,4.78,4.81,4.88,4.93,4.88,4.76,4.6,3.36,2.79,2.87,2.74,2.41,1.85,1.13,0.23,0.62,1.13,1.15,0.84,0.72,1.19,1.49,1.67,2.19,3.39,4.58,5.47,5.89,6.09,6.0,5.66,4.07,3.05,3.28,3.4,3.47,3.41,3.24,2.94,2.61,2.31,2.1,2.2,2.56,3.36,4.33,4.55,5.68,6.92,7.79,8.3,8.32,7.95,7.47,7.14,5.52,4.07,4.26,4.21,3.92,3.65,3.38,3.26,3.3,3.36,3.28,3.06,2.73,3.57,3.09,3.17,4.14,5.69,6.8,7.32,7.46,7.51,7.62,7.64,6.29,4.09,4.1,4.13,4.08,4.03,3.97,3.86,3.55,3.07,2.77,2.64,2.5,3.33,3.42,3.79,3.59,3.53,4.14,4.79,5.45,5.96,6.17,6.14,5.32,3.45,3.54,3.42,3.28,3.16,3.13
530,4.78,5.43,5.83,6.03,5.93,6.01,6.63,6.21,6.78,7.2,6.84,6.19,5.52,4.93,4.5,4.23,4.08,3.0,2.88,3.16,3.11,2.86,2.47,2.03,1.56,1.33,1.72,2.41,2.98,3.38,4.71,4.58,4.48,4.78,4.78,4.81,4.88,4.93,4.88,4.76,4.6,3.36,2.79,2.87,2.74,2.41,1.85,1.13,0.23,0.62,1.13,1.15,0.84,0.72,1.19,1.49,1.67,2.19,3.39,4.58,5.47,5.89,6.09,6.0,5.66,4.07,3.05,3.28,3.4,3.47,3.41,3.24,2.94,2.61,2.31,2.1,2.2,2.56,3.36,4.33,4.55,5.68,6.92,7.79,8.3,8.32,7.95,7.47,7.14,5.52,4.07,4.26,4.21,3.92,3.65,3.38,3.26,3.3,3.36,3.28,3.06,2.73,3.57,3.09,3.17,4.14,5.69,6.8,7.32,7.46,7.51,7.62,7.64,6.29,4.09,4.1,4.13,4.08,4.03,3.97,3.86,3.55,3.07,2.77,2.64,2.5,3.33,3.42,3.79,3.59,3.53,4.14,4.79,5.45,5.96,6.17,6.14,5.32,3.45,3.54,3.42,3.28,3.16,3.13,3.21,3.34,3.46,3.5,3.4,3.21,4.22,3.5,3.17,3.15,2.82,3.07,3.67,4.29,4.76,5.01,5.06,4.11,2.85,2.94,2.83,2.81,2.94,3.14
531,1.56,1.33,1.72,2.41,2.98,3.38,4.71,4.58,4.48,4.78,4.78,4.81,4.88,4.93,4.88,4.76,4.6,3.36,2.79,2.87,2.74,2.41,1.85,1.13,0.23,0.62,1.13,1.15,0.84,0.72,1.19,1.49,1.67,2.19,3.39,4.58,5.47,5.89,6.09,6.0,5.66,4.07,3.05,3.28,3.4,3.47,3.41,3.24,2.94,2.61,2.31,2.1,2.2,2.56,3.36,4.33,4.55,5.68,6.92,7.79,8.3,8.32,7.95,7.47,7.14,5.52,4.07,4.26,4.21,3.92,3.65,3.38,3.26,3.3,3.36,3.28,3.06,2.73,3.57,3.09,3.17,4.14,5.69,6.8,7.32,7.46,7.51,7.62,7.64,6.29,4.09,4.1,4.13,4.08,4.03,3.97,3.86,3.55,3.07,2.77,2.64,2.5,3.33,3.42,3.79,3.59,3.53,4.14,4.79,5.45,5.96,6.17,6.14,5.32,3.45,3.54,3.42,3.28,3.16,3.13,3.21,3.34,3.46,3.5,3.4,3.21,4.22,3.5,3.17,3.15,2.82,3.07,3.67,4.29,4.76,5.01,5.06,4.11,2.85,2.94,2.83,2.81,2.94,3.14,3.23,3.22,3.25,3.23,3.13,2.96,3.85,4.02,4.45,4.72,4.65,4.64,4.7,4.82,4.92,4.98,4.91,3.76,2.69,2.64,2.39,2.21,2.21,2.49
532,0.23,0.62,1.13,1.15,0.84,0.72,1.19,1.49,1.67,2.19,3.39,4.58,5.47,5.89,6.09,6.0,5.66,4.07,3.05,3.28,3.4,3.47,3.41,3.24,2.94,2.61,2.31,2.1,2.2,2.56,3.36,4.33,4.55,5.68,6.92,7.79,8.3,8.32,7.95,7.47,7.14,5.52,4.07,4.26,4.21,3.92,3.65,3.38,3.26,3.3,3.36,3.28,3.06,2.73,3.57,3.09,3.17,4.14,5.69,6.8,7.32,7.46,7.51,7.62,7.64,6.29,4.09,4.1,4.13,4.08,4.03,3.97,3.86,3.55,3.07,2.77,2.64,2.5,3.33,3.42,3.79,3.59,3.53,4.14,4.79,5.45,5.96,6.17,6.14,5.32,3.45,3.54,3.42,3.28,3.16,3.13,3.21,3.34,3.46,3.5,3.4,3.21,4.22,3.5,3.17,3.15,2.82,3.07,3.67,4.29,4.76,5.01,5.06,4.11,2.85,2.94,2.83,2.81,2.94,3.14,3.23,3.22,3.25,3.23,3.13,2.96,3.85,4.02,4.45,4.72,4.65,4.64,4.7,4.82,4.92,4.98,4.91,3.76,2.69,2.64,2.39,2.21,2.21,2.49,2.93,3.24,3.37,3.43,3.43,3.33,4.57,4.15,3.9,3.68,3.2,3.05,3.16,3.34,3.48,3.56,3.6,2.99,2.73,3.11,3.22,3.25,3.21,3.12
533,2.94,2.61,2.31,2.1,2.2,2.56,3.36,4.33,4.55,5.68,6.92,7.79,8.3,8.32,7.95,7.47,7.14,5.52,4.07,4.26,4.21,3.92,3.65,3.38,3.26,3.3,3.36,3.28,3.06,2.73,3.57,3.09,3.17,4.14,5.69,6.8,7.32,7.46,7.51,7.62,7.64,6.29,4.09,4.1,4.13,4.08,4.03,3.97,3.86,3.55,3.07,2.77,2.64,2.5,3.33,3.42,3.79,3.59,3.53,4.14,4.79,5.45,5.96,6.17,6.14,5.32,3.45,3.54,3.42,3.28,3.16,3.13,3.21,3.34,3.46,3.5,3.4,3.21,4.22,3.5,3.17,3.15,2.82,3.07,3.67,4.29,4.76,5.01,5.06,4.11,2.85,2.94,2.83,2.81,2.94,3.14,3.23,3.22,3.25,3.23,3.13,2.96,3.85,4.02,4.45,4.72,4.65,4.64,4.7,4.82,4.92,4.98,4.91,3.76,2.69,2.64,2.39,2.21,2.21,2.49,2.93,3.24,3.37,3.43,3.43,3.33,4.57,4.15,3.9,3.68,3.2,3.05,3.16,3.34,3.48,3.56,3.6,2.99,2.73,3.11,3.22,3.25,3.21,3.12,3.03,3.0,3.03,3.1,3.17,3.13,4.08,4.26,4.41,4.63,4.46,4.2,3.93,3.99,4.25,4.64,5.18,4.87,4.27,4.9,5.24,5.26,5.35,5.63
534,3.26,3.3,3.36,3.28,3.06,2.73,3.57,3.09,3.17,4.14,5.69,6.8,7.32,7.46,7.51,7.62,7.64,6.29,4.09,4.1,4.13,4.08,4.03,3.97,3.86,3.55,3.07,2.77,2.64,2.5,3.33,3.42,3.79,3.59,3.53,4.14,4.79,5.45,5.96,6.17,6.14,5.32,3.45,3.54,3.42,3.28,3.16,3.13,3.21,3.34,3.46,3.5,3.4,3.21,4.22,3.5,3.17,3.15,2.82,3.07,3.67,4.29,4.76,5.01,5.06,4.11,2.85,2.94,2.83,2.81,2.94,3.14,3.23,3.22,3.25,3.23,3.13,2.96,3.85,4.02,4.45,4.72,4.65,4.64,4.7,4.82,4.92,4.98,4.91,3.76,2.69,2.64,2.39,2.21,2.21,2.49,2.93,3.24,3.37,3.43,3.43,3.33,4.57,4.15,3.9,3.68,3.2,3.05,3.16,3.34,3.48,3.56,3.6,2.99,2.73,3.11,3.22,3.25,3.21,3.12,3.03,3.0,3.03,3.1,3.17,3.13,4.08,4.26,4.41,4.63,4.46,4.2,3.93,3.99,4.25,4.64,5.18,4.87,4.27,4.9,5.24,5.26,5.35,5.63,6.1,6.77,7.35,7.65,7.57,7.57,7.9,7.71,7.7,8.89,9.04,8.66,7.87,7.15,6.78,6.56,6.37,4.99,3.78,4.04,4.04,4.02,3.99,3.97
535,3.86,3.55,3.07,2.77,2.64,2.5,3.33,3.42,3.79,3.59,3.53,4.14,4.79,5.45,5.96,6.17,6.14,5.32,3.45,3.54,3.42,3.28,3.16,3.13,3.21,3.34,3.46,3.5,3.4,3.21,4.22,3.5,3.17,3.15,2.82,3.07,3.67,4.29,4.76,5.01,5.06,4.11,2.85,2.94,2.83,2.81,2.94,3.14,3.23,3.22,3.25,3.23,3.13,2.96,3.85,4.02,4.45,4.72,4.65,4.64,4.7,4.82,4.92,4.98,4.91,3.76,2.69,2.64,2.39,2.21,2.21,2.49,2.93,3.24,3.37,3.43,3.43,3.33,4.57,4.15,3.9,3.68,3.2,3.05,3.16,3.34,3.48,3.56,3.6,2.99,2.73,3.11,3.22,3.25,3.21,3.12,3.03,3.0,3.03,3.1,3.17,3.13,4.08,4.26,4.41,4.63,4.46,4.2,3.93,3.99,4.25,4.64,5.18,4.87,4.27,4.9,5.24,5.26,5.35,5.63,6.1,6.77,7.35,7.65,7.57,7.57,7.9,7.71,7.7,8.89,9.04,8.66,7.87,7.15,6.78,6.56,6.37,4.99,3.78,4.04,4.04,4.02,3.99,3.97,4.0,4.12,4.29,4.45,4.41,4.47,5.74,5.52,5.72,6.47,6.51,6.15,5.76,5.44,5.24,5.15,5.28,4.62,4.03,4.23,4.06,3.91,3.84,3.78
536,3.21,3.34,3.46,3.5,3.4,3.21,4.22,3.5,3.17,3.15,2.82,3.07,3.67,4.29,4.76,5.01,5.06,4.11,2.85,2.94,2.83,2.81,2.94,3.14,3.23,3.22,3.25,3.23,3.13,2.96,3.85,4.02,4.45,4.72,4.65,4.64,4.7,4.82,4.92,4.98,4.91,3.76,2.69,2.64,2.39,2.21,2.21,2.49,2.93,3.24,3.37,3.43,3.43,3.33,4.57,4.15,3.9,3.68,3.2,3.05,3.16,3.34,3.48,3.56,3.6,2.99,2.73,3.11,3.22,3.25,3.21,3.12,3.03,3.0,3.03,3.1,3.17,3.13,4.08,4.26,4.41,4.63,4.46,4.2,3.93,3.99,4.25,4.64,5.18,4.87,4.27,4.9,5.24,5.26,5.35,5.63,6.1,6.77,7.35,7.65,7.57,7.57,7.9,7.71,7.7,8.89,9.04,8.66,7.87,7.15,6.78,6.56,6.37,4.99,3.78,4.04,4.04,4.02,3.99,3.97,4.0,4.12,4.29,4.45,4.41,4.47,5.74,5.52,5.72,6.47,6.51,6.15,5.76,5.44,5.24,5.15,5.28,4.62,4.03,4.23,4.06,3.91,3.84,3.78,3.72,3.71,3.74,3.69,3.6,3.76,5.18,4.64,4.27,3.88,3.5,3.15,3.01,3.19,3.49,3.65,3.63,2.65,2.23,2.07,1.77,1.51,1.28,1.15
537,3.23,3.22,3.25,3.23,3.13,2.96,3.85,4.02,4.45,4.72,4.65,4.64,4.7,4.82,4.92,4.98,4.91,3.76,2.69,2.64,2.39,2.21,2.21,2.49,2.93,3.24,3.37,3.43,3.43,3.33,4.57,4.15,3.9,3.68,3.2,3.05,3.16,3.34,3.48,3.56,3.6,2.99,2.73,3.11,3.22,3.25,3.21,3.12,3.03,3.0,3.03,3.1,3.17,3.13,4.08,4.26,4.41,4.63,4.46,4.2,3.93,3.99,4.25,4.64,5.18,4.87,4.27,4.9,5.24,5.26,5.35,5.63,6.1,6.77,7.35,7.65,7.57,7.57,7.9,7.71,7.7,8.89,9.04,8.66,7.87,7.15,6.78,6.56,6.37,4.99,3.78,4.04,4.04,4.02,3.99,3.97,4.0,4.12,4.29,4.45,4.41,4.47,5.74,5.52,5.72,6.47,6.51,6.15,5.76,5.44,5.24,5.15,5.28,4.62,4.03,4.23,4.06,3.91,3.84,3.78,3.72,3.71,3.74,3.69,3.6,3.76,5.18,4.64,4.27,3.88,3.5,3.15,3.01,3.19,3.49,3.65,3.63,2.65,2.23,2.07,1.77,1.51,1.28,1.15,1.12,1.26,1.6,2.11,2.6,3.01,4.24,4.11,3.77,4.16,3.63,3.02,2.48,1.92,1.45,1.29,1.18,0.77,0.74,1.09,1.74,2.56,3.19,3.6
538,2.93,3.24,3.37,3.43,3.43,3.33,4.57,4.15,3.9,3.68,3.2,3.05,3.16,3.34,3.48,3.56,3.6,2.99,2.73,3.11,3.22,3.25,3.21,3.12,3.03,3.0,3.03,3.1,3.17,3.13,4.08,4.26,4.41,4.63,4.46,4.2,3.93,3.99,4.25,4.64,5.18,4.87,4.27,4.9,5.24,5.26,5.35,5.63,6.1,6.77,7.35,7.65,7.57,7.57,7.9,7.71,7.7,8.89,9.04,8.66,7.87,7.15,6.78,6.56,6.37,4.99,3.78,4.04,4.04,4.02,3.99,3.97,4.0,4.12,4.29,4.45,4.41,4.47,5.74,5.52,5.72,6.47,6.51,6.15,5.76,5.44,5.24,5.15,5.28,4.62,4.03,4.23,4.06,3.91,3.84,3.78,3.72,3.71,3.74,3.69,3.6,3.76,5.18,4.64,4.27,3.88,3.5,3.15,3.01,3.19,3.49,3.65,3.63,2.65,2.23,2.07,1.77,1.51,1.28,1.15,1.12,1.26,1.6,2.11,2.6,3.01,4.24,4.11,3.77,4.16,3.63,3.02,2.48,1.92,1.45,1.29,1.18,0.77,0.74,1.09,1.74,2.56,3.19,3.6,3.8,3.92,4.15,4.62,5.14,5.48,6.38,6.44,7.03,7.58,7.57,7.22,6.51,5.57,4.54,3.71,3.07,1.85,1.94,2.0,2.1,2.33,2.65,2.99
539,3.03,3.0,3.03,3.1,3.17,3.13,4.08,4.26,4.41,4.63,4.46,4.2,3.93,3.99,4.25,4.64,5.18,4.87,4.27,4.9,5.24,5.26,5.35,5.63,6.1,6.77,7.35,7.65,7.57,7.57,7.9,7.71,7.7,8.89,9.04,8.66,7.87,7.15,6.78,6.56,6.37,4.99,3.78,4.04,4.04,4.02,3.99,3.97,4.0,4.12,4.29,4.45,4.41,4.47,5.74,5.52,5.72,6.47,6.51,6.15,5.76,5.44,5.24,5.15,5.28,4.62,4.03,4.23,4.06,3.91,3.84,3.78,3.72,3.71,3.74,3.69,3.6,3.76,5.18,4.64,4.27,3.88,3.5,3.15,3.01,3.19,3.49,3.65,3.63,2.65,2.23,2.07,1.77,1.51,1.28,1.15,1.12,1.26,1.6,2.11,2.6,3.01,4.24,4.11,3.77,4.16,3.63,3.02,2.48,1.92,1.45,1.29,1.18,0.77,0.74,1.09,1.74,2.56,3.19,3.6,3.8,3.92,4.15,4.62,5.14,5.48,6.38,6.44,7.03,7.58,7.57,7.22,6.51,5.57,4.54,3.71,3.07,1.85,1.94,2.0,2.1,2.33,2.65,2.99,3.3,3.54,3.77,4.19,4.75,5.47,6.76,6.6,6.43,6.76,6.31,5.68,4.96,4.18,3.35,2.77,2.44,1.71,2.04,2.34,2.53,2.65,2.69,2.57
540,6.1,6.77,7.35,7.65,7.57,7.57,7.9,7.71,7.7,8.89,9.04,8.66,7.87,7.15,6.78,6.56,6.37,4.99,3.78,4.04,4.04,4.02,3.99,3.97,4.0,4.12,4.29,4.45,4.41,4.47,5.74,5.52,5.72,6.47,6.51,6.15,5.76,5.44,5.24,5.15,5.28,4.62,4.03,4.23,4.06,3.91,3.84,3.78,3.72,3.71,3.74,3.69,3.6,3.76,5.18,4.64,4.27,3.88,3.5,3.15,3.01,3.19,3.49,3.65,3.63,2.65,2.23,2.07,1.77,1.51,1.28,1.15,1.12,1.26,1.6,2.11,2.6,3.01,4.24,4.11,3.77,4.16,3.63,3.02,2.48,1.92,1.45,1.29,1.18,0.77,0.74,1.09,1.74,2.56,3.19,3.6,3.8,3.92,4.15,4.62,5.14,5.48,6.38,6.44,7.03,7.58,7.57,7.22,6.51,5.57,4.54,3.71,3.07,1.85,1.94,2.0,2.1,2.33,2.65,2.99,3.3,3.54,3.77,4.19,4.75,5.47,6.76,6.6,6.43,6.76,6.31,5.68,4.96,4.18,3.35,2.77,2.44,1.71,2.04,2.34,2.53,2.65,2.69,2.57,2.25,1.76,1.23,0.76,0.83,1.4,1.84,2.82,2.59,2.24,1.63,0.99,0.55,0.65,1.1,1.54,1.91,1.69,2.19,2.64,2.83,2.72,2.36,2.44
541,4.0,4.12,4.29,4.45,4.41,4.47,5.74,5.52,5.72,6.47,6.51,6.15,5.76,5.44,5.24,5.15,5.28,4.62,4.03,4.23,4.06,3.91,3.84,3.78,3.72,3.71,3.74,3.69,3.6,3.76,5.18,4.64,4.27,3.88,3.5,3.15,3.01,3.19,3.49,3.65,3.63,2.65,2.23,2.07,1.77,1.51,1.28,1.15,1.12,1.26,1.6,2.11,2.6,3.01,4.24,4.11,3.77,4.16,3.63,3.02,2.48,1.92,1.45,1.29,1.18,0.77,0.74,1.09,1.74,2.56,3.19,3.6,3.8,3.92,4.15,4.62,5.14,5.48,6.38,6.44,7.03,7.58,7.57,7.22,6.51,5.57,4.54,3.71,3.07,1.85,1.94,2.0,2.1,2.33,2.65,2.99,3.3,3.54,3.77,4.19,4.75,5.47,6.76,6.6,6.43,6.76,6.31,5.68,4.96,4.18,3.35,2.77,2.44,1.71,2.04,2.34,2.53,2.65,2.69,2.57,2.25,1.76,1.23,0.76,0.83,1.4,1.84,2.82,2.59,2.24,1.63,0.99,0.55,0.65,1.1,1.54,1.91,1.69,2.19,2.64,2.83,2.72,2.36,2.44,3.26,4.23,4.72,4.78,4.66,4.57,5.69,4.8,4.31,5.53,4.83,4.11,3.69,3.91,4.48,4.83,4.91,3.55,3.31,4.1,4.64,4.67,4.29,4.01
542,3.72,3.71,3.74,3.69,3.6,3.76,5.18,4.64,4.27,3.88,3.5,3.15,3.01,3.19,3.49,3.65,3.63,2.65,2.23,2.07,1.77,1.51,1.28,1.15,1.12,1.26,1.6,2.11,2.6,3.01,4.24,4.11,3.77,4.16,3.63,3.02,2.48,1.92,1.45,1.29,1.18,0.77,0.74,1.09,1.74,2.56,3.19,3.6,3.8,3.92,4.15,4.62,5.14,5.48,6.38,6.44,7.03,7.58,7.57,7.22,6.51,5.57,4.54,3.71,3.07,1.85,1.94,2.0,2.1,2.33,2.65,2.99,3.3,3.54,3.77,4.19,4.75,5.47,6.76,6.6,6.43,6.76,6.31,5.68,4.96,4.18,3.35,2.77,2.44,1.71,2.04,2.34,2.53,2.65,2.69,2.57,2.25,1.76,1.23,0.76,0.83,1.4,1.84,2.82,2.59,2.24,1.63,0.99,0.55,0.65,1.1,1.54,1.91,1.69,2.19,2.64,2.83,2.72,2.36,2.44,3.26,4.23,4.72,4.78,4.66,4.57,5.69,4.8,4.31,5.53,4.83,4.11,3.69,3.91,4.48,4.83,4.91,3.55,3.31,4.1,4.64,4.67,4.29,4.01,3.83,3.71,3.65,3.72,3.84,4.25,5.9,5.57,5.71,6.99,7.34,7.23,6.77,6.13,5.62,5.28,5.01,3.6,3.03,3.3,3.31,3.29,3.28,3.32
543,1.12,1.26,1.6,2.11,2.6,3.01,4.24,4.11,3.77,4.16,3.63,3.02,2.48,1.92,1.45,1.29,1.18,0.77,0.74,1.09,1.74,2.56,3.19,3.6,3.8,3.92,4.15,4.62,5.14,5.48,6.38,6.44,7.03,7.58,7.57,7.22,6.51,5.57,4.54,3.71,3.07,1.85,1.94,2.0,2.1,2.33,2.65,2.99,3.3,3.54,3.77,4.19,4.75,5.47,6.76,6.6,6.43,6.76,6.31,5.68,4.96,4.18,3.35,2.77,2.44,1.71,2.04,2.34,2.53,2.65,2.69,2.57,2.25,1.76,1.23,0.76,0.83,1.4,1.84,2.82,2.59,2.24,1.63,0.99,0.55,0.65,1.1,1.54,1.91,1.69,2.19,2.64,2.83,2.72,2.36,2.44,3.26,4.23,4.72,4.78,4.66,4.57,5.69,4.8,4.31,5.53,4.83,4.11,3.69,3.91,4.48,4.83,4.91,3.55,3.31,4.1,4.64,4.67,4.29,4.01,3.83,3.71,3.65,3.72,3.84,4.25,5.9,5.57,5.71,6.99,7.34,7.23,6.77,6.13,5.62,5.28,5.01,3.6,3.03,3.3,3.31,3.29,3.28,3.32,3.46,3.73,4.0,4.19,4.33,4.78,6.64,7.01,7.75,9.06,9.63,9.81,9.28,7.94,6.55,5.36,4.36,2.48,2.25,2.21,2.23,2.45,2.77,3.01
544,3.8,3.92,4.15,4.62,5.14,5.48,6.38,6.44,7.03,7.58,7.57,7.22,6.51,5.57,4.54,3.71,3.07,1.85,1.94,2.0,2.1,2.33,2.65,2.99,3.3,3.54,3.77,4.19,4.75,5.47,6.76,6.6,6.43,6.76,6.31,5.68,4.96,4.18,3.35,2.77,2.44,1.71,2.04,2.34,2.53,2.65,2.69,2.57,2.25,1.76,1.23,0.76,0.83,1.4,1.84,2.82,2.59,2.24,1.63,0.99,0.55,0.65,1.1,1.54,1.91,1.69,2.19,2.64,2.83,2.72,2.36,2.44,3.26,4.23,4.72,4.78,4.66,4.57,5.69,4.8,4.31,5.53,4.83,4.11,3.69,3.91,4.48,4.83,4.91,3.55,3.31,4.1,4.64,4.67,4.29,4.01,3.83,3.71,3.65,3.72,3.84,4.25,5.9,5.57,5.71,6.99,7.34,7.23,6.77,6.13,5.62,5.28,5.01,3.6,3.03,3.3,3.31,3.29,3.28,3.32,3.46,3.73,4.0,4.19,4.33,4.78,6.64,7.01,7.75,9.06,9.63,9.81,9.28,7.94,6.55,5.36,4.36,2.48,2.25,2.21,2.23,2.45,2.77,3.01,3.14,3.17,3.18,3.13,2.98,2.71,2.24,2.66,2.26,2.59,3.13,3.35,3.48,3.61,3.77,3.88,3.86,2.67,2.67,2.75,2.67,2.59,2.59,2.62
545,3.3,3.54,3.77,4.19,4.75,5.47,6.76,6.6,6.43,6.76,6.31,5.68,4.96,4.18,3.35,2.77,2.44,1.71,2.04,2.34,2.53,2.65,2.69,2.57,2.25,1.76,1.23,0.76,0.83,1.4,1.84,2.82,2.59,2.24,1.63,0.99,0.55,0.65,1.1,1.54,1.91,1.69,2.19,2.64,2.83,2.72,2.36,2.44,3.26,4.23,4.72,4.78,4.66,4.57,5.69,4.8,4.31,5.53,4.83,4.11,3.69,3.91,4.48,4.83,4.91,3.55,3.31,4.1,4.64,4.67,4.29,4.01,3.83,3.71,3.65,3.72,3.84,4.25,5.9,5.57,5.71,6.99,7.34,7.23,6.77,6.13,5.62,5.28,5.01,3.6,3.03,3.3,3.31,3.29,3.28,3.32,3.46,3.73,4.0,4.19,4.33,4.78,6.64,7.01,7.75,9.06,9.63,9.81,9.28,7.94,6.55,5.36,4.36,2.48,2.25,2.21,2.23,2.45,2.77,3.01,3.14,3.17,3.18,3.13,2.98,2.71,2.24,2.66,2.26,2.59,3.13,3.35,3.48,3.61,3.77,3.88,3.86,2.67,2.67,2.75,2.67,2.59,2.59,2.62,2.67,2.65,2.58,2.42,2.26,2.14,1.84,2.49,2.42,2.96,3.24,3.42,3.59,3.67,3.66,3.55,3.32,2.2,2.07,1.92,1.7,1.5,1.29,1.15
546,2.25,1.76,1.23,0.76,0.83,1.4,1.84,2.82,2.59,2.24,1.63,0.99,0.55,0.65,1.1,1.54,1.91,1.69,2.19,2.64,2.83,2.72,2.36,2.44,3.26,4.23,4.72,4.78,4.66,4.57,5.69,4.8,4.31,5.53,4.83,4.11,3.69,3.91,4.48,4.83,4.91,3.55,3.31,4.1,4.64,4.67,4.29,4.01,3.83,3.71,3.65,3.72,3.84,4.25,5.9,5.57,5.71,6.99,7.34,7.23,6.77,6.13,5.62,5.28,5.01,3.6,3.03,3.3,3.31,3.29,3.28,3.32,3.46,3.73,4.0,4.19,4.33,4.78,6.64,7.01,7.75,9.06,9.63,9.81,9.28,7.94,6.55,5.36,4.36,2.48,2.25,2.21,2.23,2.45,2.77,3.01,3.14,3.17,3.18,3.13,2.98,2.71,2.24,2.66,2.26,2.59,3.13,3.35,3.48,3.61,3.77,3.88,3.86,2.67,2.67,2.75,2.67,2.59,2.59,2.62,2.67,2.65,2.58,2.42,2.26,2.14,1.84,2.49,2.42,2.96,3.24,3.42,3.59,3.67,3.66,3.55,3.32,2.2,2.07,1.92,1.7,1.5,1.29,1.15,1.1,1.13,1.25,1.46,1.71,1.93,1.85,2.31,1.73,0.75,0.84,1.23,1.53,1.67,1.73,1.79,1.83,1.52,2.17,2.67,2.92,2.93,2.78,2.56
547,3.26,4.23,4.72,4.78,4.66,4.57,5.69,4.8,4.31,5.53,4.83,4.11,3.69,3.91,4.48,4.83,4.91,3.55,3.31,4.1,4.64,4.67,4.29,4.01,3.83,3.71,3.65,3.72,3.84,4.25,5.9,5.57,5.71,6.99,7.34,7.23,6.77,6.13,5.62,5.28,5.01,3.6,3.03,3.3,3.31,3.29,3.28,3.32,3.46,3.73,4.0,4.19,4.33,4.78,6.64,7.01,7.75,9.06,9.63,9.81,9.28,7.94,6.55,5.36,4.36,2.48,2.25,2.21,2.23,2.45,2.77,3.01,3.14,3.17,3.18,3.13,2.98,2.71,2.24,2.66,2.26,2.59,3.13,3.35,3.48,3.61,3.77,3.88,3.86,2.67,2.67,2.75,2.67,2.59,2.59,2.62,2.67,2.65,2.58,2.42,2.26,2.14,1.84,2.49,2.42,2.96,3.24,3.42,3.59,3.67,3.66,3.55,3.32,2.2,2.07,1.92,1.7,1.5,1.29,1.15,1.1,1.13,1.25,1.46,1.71,1.93,1.85,2.31,1.73,0.75,0.84,1.23,1.53,1.67,1.73,1.79,1.83,1.52,2.17,2.67,2.92,2.93,2.78,2.56,2.36,2.59,3.28,3.75,4.08,4.84,6.62,6.35,6.54,8.02,7.49,6.95,6.45,6.03,5.85,5.96,6.29,5.59,4.45,5.26,6.75,8.22,8.22,7.46
548,3.83,3.71,3.65,3.72,3.84,4.25,5.9,5.57,5.71,6.99,7.34,7.23,6.77,6.13,5.62,5.28,5.01,3.6,3.03,3.3,3.31,3.29,3.28,3.32,3.46,3.73,4.0,4.19,4.33,4.78,6.64,7.01,7.75,9.06,9.63,9.81,9.28,7.94,6.55,5.36,4.36,2.48,2.25,2.21,2.23,2.45,2.77,3.01,3.14,3.17,3.18,3.13,2.98,2.71,2.24,2.66,2.26,2.59,3.13,3.35,3.48,3.61,3.77,3.88,3.86,2.67,2.67,2.75,2.67,2.59,2.59,2.62,2.67,2.65,2.58,2.42,2.26,2.14,1.84,2.49,2.42,2.96,3.24,3.42,3.59,3.67,3.66,3.55,3.32,2.2,2.07,1.92,1.7,1.5,1.29,1.15,1.1,1.13,1.25,1.46,1.71,1.93,1.85,2.31,1.73,0.75,0.84,1.23,1.53,1.67,1.73,1.79,1.83,1.52,2.17,2.67,2.92,2.93,2.78,2.56,2.36,2.59,3.28,3.75,4.08,4.84,6.62,6.35,6.54,8.02,7.49,6.95,6.45,6.03,5.85,5.96,6.29,5.59,4.45,5.26,6.75,8.22,8.22,7.46,7.2,7.29,7.84,7.63,7.47,7.78,8.59,9.32,11.72,11.27,10.41,9.59,8.74,7.97,7.59,7.4,7.11,5.39,3.88,4.99,6.98,7.14,6.75,6.83
549,3.46,3.73,4.0,4.19,4.33,4.78,6.64,7.01,7.75,9.06,9.63,9.81,9.28,7.94,6.55,5.36,4.36,2.48,2.25,2.21,2.23,2.45,2.77,3.01,3.14,3.17,3.18,3.13,2.98,2.71,2.24,2.66,2.26,2.59,3.13,3.35,3.48,3.61,3.77,3.88,3.86,2.67,2.67,2.75,2.67,2.59,2.59,2.62,2.67,2.65,2.58,2.42,2.26,2.14,1.84,2.49,2.42,2.96,3.24,3.42,3.59,3.67,3.66,3.55,3.32,2.2,2.07,1.92,1.7,1.5,1.29,1.15,1.1,1.13,1.25,1.46,1.71,1.93,1.85,2.31,1.73,0.75,0.84,1.23,1.53,1.67,1.73,1.79,1.83,1.52,2.17,2.67,2.92,2.93,2.78,2.56,2.36,2.59,3.28,3.75,4.08,4.84,6.62,6.35,6.54,8.02,7.49,6.95,6.45,6.03,5.85,5.96,6.29,5.59,4.45,5.26,6.75,8.22,8.22,7.46,7.2,7.29,7.84,7.63,7.47,7.78,8.59,9.32,11.72,11.27,10.41,9.59,8.74,7.97,7.59,7.4,7.11,5.39,3.88,4.99,6.98,7.14,6.75,6.83,6.89,6.74,6.45,6.16,5.75,5.74,6.66,6.51,7.65,7.06,6.73,6.16,5.42,4.59,3.96,3.62,3.47,2.51,2.55,2.99,3.37,3.79,4.77,6.11
550,3.14,3.17,3.18,3.13,2.98,2.71,2.24,2.66,2.26,2.59,3.13,3.35,3.48,3.61,3.77,3.88,3.86,2.67,2.67,2.75,2.67,2.59,2.59,2.62,2.67,2.65,2.58,2.42,2.26,2.14,1.84,2.49,2.42,2.96,3.24,3.42,3.59,3.67,3.66,3.55,3.32,2.2,2.07,1.92,1.7,1.5,1.29,1.15,1.1,1.13,1.25,1.46,1.71,1.93,1.85,2.31,1.73,0.75,0.84,1.23,1.53,1.67,1.73,1.79,1.83,1.52,2.17,2.67,2.92,2.93,2.78,2.56,2.36,2.59,3.28,3.75,4.08,4.84,6.62,6.35,6.54,8.02,7.49,6.95,6.45,6.03,5.85,5.96,6.29,5.59,4.45,5.26,6.75,8.22,8.22,7.46,7.2,7.29,7.84,7.63,7.47,7.78,8.59,9.32,11.72,11.27,10.41,9.59,8.74,7.97,7.59,7.4,7.11,5.39,3.88,4.99,6.98,7.14,6.75,6.83,6.89,6.74,6.45,6.16,5.75,5.74,6.66,6.51,7.65,7.06,6.73,6.16,5.42,4.59,3.96,3.62,3.47,2.51,2.55,2.99,3.37,3.79,4.77,6.11,6.73,6.75,6.51,6.11,5.73,5.8,6.84,6.36,6.68,6.87,6.25,5.7,5.31,5.32,5.73,6.21,6.52,5.51,3.77,4.02,4.12,4.05,3.94,3.99
551,2.67,2.65,2.58,2.42,2.26,2.14,1.84,2.49,2.42,2.96,3.24,3.42,3.59,3.67,3.66,3.55,3.32,2.2,2.07,1.92,1.7,1.5,1.29,1.15,1.1,1.13,1.25,1.46,1.71,1.93,1.85,2.31,1.73,0.75,0.84,1.23,1.53,1.67,1.73,1.79,1.83,1.52,2.17,2.67,2.92,2.93,2.78,2.56,2.36,2.59,3.28,3.75,4.08,4.84,6.62,6.35,6.54,8.02,7.49,6.95,6.45,6.03,5.85,5.96,6.29,5.59,4.45,5.26,6.75,8.22,8.22,7.46,7.2,7.29,7.84,7.63,7.47,7.78,8.59,9.32,11.72,11.27,10.41,9.59,8.74,7.97,7.59,7.4,7.11,5.39,3.88,4.99,6.98,7.14,6.75,6.83,6.89,6.74,6.45,6.16,5.75,5.74,6.66,6.51,7.65,7.06,6.73,6.16,5.42,4.59,3.96,3.62,3.47,2.51,2.55,2.99,3.37,3.79,4.77,6.11,6.73,6.75,6.51,6.11,5.73,5.8,6.84,6.36,6.68,6.87,6.25,5.7,5.31,5.32,5.73,6.21,6.52,5.51,3.77,4.02,4.12,4.05,3.94,3.99,4.36,4.98,5.59,5.88,5.82,5.83,6.87,6.32,6.04,6.35,5.48,4.73,4.12,3.64,3.28,2.98,2.72,1.88,1.27,1.07,1.18,1.74,2.52,3.28
552,1.1,1.13,1.25,1.46,1.71,1.93,1.85,2.31,1.73,0.75,0.84,1.23,1.53,1.67,1.73,1.79,1.83,1.52,2.17,2.67,2.92,2.93,2.78,2.56,2.36,2.59,3.28,3.75,4.08,4.84,6.62,6.35,6.54,8.02,7.49,6.95,6.45,6.03,5.85,5.96,6.29,5.59,4.45,5.26,6.75,8.22,8.22,7.46,7.2,7.29,7.84,7.63,7.47,7.78,8.59,9.32,11.72,11.27,10.41,9.59,8.74,7.97,7.59,7.4,7.11,5.39,3.88,4.99,6.98,7.14,6.75,6.83,6.89,6.74,6.45,6.16,5.75,5.74,6.66,6.51,7.65,7.06,6.73,6.16,5.42,4.59,3.96,3.62,3.47,2.51,2.55,2.99,3.37,3.79,4.77,6.11,6.73,6.75,6.51,6.11,5.73,5.8,6.84,6.36,6.68,6.87,6.25,5.7,5.31,5.32,5.73,6.21,6.52,5.51,3.77,4.02,4.12,4.05,3.94,3.99,4.36,4.98,5.59,5.88,5.82,5.83,6.87,6.32,6.04,6.35,5.48,4.73,4.12,3.64,3.28,2.98,2.72,1.88,1.27,1.07,1.18,1.74,2.52,3.28,4.18,4.94,5.25,4.9,4.34,4.33,5.56,5.1,5.29,5.82,5.28,4.6,3.86,3.1,2.45,2.02,1.74,1.2,0.86,1.02,1.51,2.33,3.11,3.57
553,2.36,2.59,3.28,3.75,4.08,4.84,6.62,6.35,6.54,8.02,7.49,6.95,6.45,6.03,5.85,5.96,6.29,5.59,4.45,5.26,6.75,8.22,8.22,7.46,7.2,7.29,7.84,7.63,7.47,7.78,8.59,9.32,11.72,11.27,10.41,9.59,8.74,7.97,7.59,7.4,7.11,5.39,3.88,4.99,6.98,7.14,6.75,6.83,6.89,6.74,6.45,6.16,5.75,5.74,6.66,6.51,7.65,7.06,6.73,6.16,5.42,4.59,3.96,3.62,3.47,2.51,2.55,2.99,3.37,3.79,4.77,6.11,6.73,6.75,6.51,6.11,5.73,5.8,6.84,6.36,6.68,6.87,6.25,5.7,5.31,5.32,5.73,6.21,6.52,5.51,3.77,4.02,4.12,4.05,3.94,3.99,4.36,4.98,5.59,5.88,5.82,5.83,6.87,6.32,6.04,6.35,5.48,4.73,4.12,3.64,3.28,2.98,2.72,1.88,1.27,1.07,1.18,1.74,2.52,3.28,4.18,4.94,5.25,4.9,4.34,4.33,5.56,5.1,5.29,5.82,5.28,4.6,3.86,3.1,2.45,2.02,1.74,1.2,0.86,1.02,1.51,2.33,3.11,3.57,3.69,3.75,3.95,4.23,4.39,4.49,5.99,6.06,6.5,7.2,6.97,6.65,6.27,5.93,5.79,5.79,5.86,4.65,3.64,3.97,4.05,4.11,4.33,4.93
554,7.2,7.29,7.84,7.63,7.47,7.78,8.59,9.32,11.72,11.27,10.41,9.59,8.74,7.97,7.59,7.4,7.11,5.39,3.88,4.99,6.98,7.14,6.75,6.83,6.89,6.74,6.45,6.16,5.75,5.74,6.66,6.51,7.65,7.06,6.73,6.16,5.42,4.59,3.96,3.62,3.47,2.51,2.55,2.99,3.37,3.79,4.77,6.11,6.73,6.75,6.51,6.11,5.73,5.8,6.84,6.36,6.68,6.87,6.25,5.7,5.31,5.32,5.73,6.21,6.52,5.51,3.77,4.02,4.12,4.05,3.94,3.99,4.36,4.98,5.59,5.88,5.82,5.83,6.87,6.32,6.04,6.35,5.48,4.73,4.12,3.64,3.28,2.98,2.72,1.88,1.27,1.07,1.18,1.74,2.52,3.28,4.18,4.94,5.25,4.9,4.34,4.33,5.56,5.1,5.29,5.82,5.28,4.6,3.86,3.1,2.45,2.02,1.74,1.2,0.86,1.02,1.51,2.33,3.11,3.57,3.69,3.75,3.95,4.23,4.39,4.49,5.99,6.06,6.5,7.2,6.97,6.65,6.27,5.93,5.79,5.79,5.86,4.65,3.64,3.97,4.05,4.11,4.33,4.93,5.89,6.52,6.68,6.65,6.58,6.71,7.53,7.22,7.2,7.79,7.64,7.47,7.3,7.06,6.64,6.03,5.35,3.37,3.03,3.1,3.08,3.24,3.52,3.77
555,6.89,6.74,6.45,6.16,5.75,5.74,6.66,6.51,7.65,7.06,6.73,6.16,5.42,4.59,3.96,3.62,3.47,2.51,2.55,2.99,3.37,3.79,4.77,6.11,6.73,6.75,6.51,6.11,5.73,5.8,6.84,6.36,6.68,6.87,6.25,5.7,5.31,5.32,5.73,6.21,6.52,5.51,3.77,4.02,4.12,4.05,3.94,3.99,4.36,4.98,5.59,5.88,5.82,5.83,6.87,6.32,6.04,6.35,5.48,4.73,4.12,3.64,3.28,2.98,2.72,1.88,1.27,1.07,1.18,1.74,2.52,3.28,4.18,4.94,5.25,4.9,4.34,4.33,5.56,5.1,5.29,5.82,5.28,4.6,3.86,3.1,2.45,2.02,1.74,1.2,0.86,1.02,1.51,2.33,3.11,3.57,3.69,3.75,3.95,4.23,4.39,4.49,5.99,6.06,6.5,7.2,6.97,6.65,6.27,5.93,5.79,5.79,5.86,4.65,3.64,3.97,4.05,4.11,4.33,4.93,5.89,6.52,6.68,6.65,6.58,6.71,7.53,7.22,7.2,7.79,7.64,7.47,7.3,7.06,6.64,6.03,5.35,3.37,3.03,3.1,3.08,3.24,3.52,3.77,3.93,4.04,4.2,4.44,4.68,4.99,6.36,6.36,6.46,7.59,7.31,6.6,5.68,5.0,4.62,4.42,4.31,2.9,3.12,3.33,3.2,2.86,2.33,1.67
556,6.73,6.75,6.51,6.11,5.73,5.8,6.84,6.36,6.68,6.87,6.25,5.7,5.31,5.32,5.73,6.21,6.52,5.51,3.77,4.02,4.12,4.05,3.94,3.99,4.36,4.98,5.59,5.88,5.82,5.83,6.87,6.32,6.04,6.35,5.48,4.73,4.12,3.64,3.28,2.98,2.72,1.88,1.27,1.07,1.18,1.74,2.52,3.28,4.18,4.94,5.25,4.9,4.34,4.33,5.56,5.1,5.29,5.82,5.28,4.6,3.86,3.1,2.45,2.02,1.74,1.2,0.86,1.02,1.51,2.33,3.11,3.57,3.69,3.75,3.95,4.23,4.39,4.49,5.99,6.06,6.5,7.2,6.97,6.65,6.27,5.93,5.79,5.79,5.86,4.65,3.64,3.97,4.05,4.11,4.33,4.93,5.89,6.52,6.68,6.65,6.58,6.71,7.53,7.22,7.2,7.79,7.64,7.47,7.3,7.06,6.64,6.03,5.35,3.37,3.03,3.1,3.08,3.24,3.52,3.77,3.93,4.04,4.2,4.44,4.68,4.99,6.36,6.36,6.46,7.59,7.31,6.6,5.68,5.0,4.62,4.42,4.31,2.9,3.12,3.33,3.2,2.86,2.33,1.67,1.21,1.55,2.32,2.97,3.47,3.71,4.96,5.05,4.9,6.17,6.18,5.82,5.38,4.94,4.59,4.33,4.17,3.06,3.01,3.34,3.44,3.5,3.53,3.52
557,4.36,4.98,5.59,5.88,5.82,5.83,6.87,6.32,6.04,6.35,5.48,4.73,4.12,3.64,3.28,2.98,2.72,1.88,1.27,1.07,1.18,1.74,2.52,3.28,4.18,4.94,5.25,4.9,4.34,4.33,5.56,5.1,5.29,5.82,5.28,4.6,3.86,3.1,2.45,2.02,1.74,1.2,0.86,1.02,1.51,2.33,3.11,3.57,3.69,3.75,3.95,4.23,4.39,4.49,5.99,6.06,6.5,7.2,6.97,6.65,6.27,5.93,5.79,5.79,5.86,4.65,3.64,3.97,4.05,4.11,4.33,4.93,5.89,6.52,6.68,6.65,6.58,6.71,7.53,7.22,7.2,7.79,7.64,7.47,7.3,7.06,6.64,6.03,5.35,3.37,3.03,3.1,3.08,3.24,3.52,3.77,3.93,4.04,4.2,4.44,4.68,4.99,6.36,6.36,6.46,7.59,7.31,6.6,5.68,5.0,4.62,4.42,4.31,2.9,3.12,3.33,3.2,2.86,2.33,1.67,1.21,1.55,2.32,2.97,3.47,3.71,4.96,5.05,4.9,6.17,6.18,5.82,5.38,4.94,4.59,4.33,4.17,3.06,3.01,3.34,3.44,3.5,3.53,3.52,3.51,3.49,3.45,3.35,3.24,3.02,3.03,3.47,3.16,3.59,3.67,3.66,3.6,3.53,3.52,3.61,3.7,2.76,2.82,3.05,3.06,2.95,2.78,2.59
558,4.18,4.94,5.25,4.9,4.34,4.33,5.56,5.1,5.29,5.82,5.28,4.6,3.86,3.1,2.45,2.02,1.74,1.2,0.86,1.02,1.51,2.33,3.11,3.57,3.69,3.75,3.95,4.23,4.39,4.49,5.99,6.06,6.5,7.2,6.97,6.65,6.27,5.93,5.79,5.79,5.86,4.65,3.64,3.97,4.05,4.11,4.33,4.93,5.89,6.52,6.68,6.65,6.58,6.71,7.53,7.22,7.2,7.79,7.64,7.47,7.3,7.06,6.64,6.03,5.35,3.37,3.03,3.1,3.08,3.24,3.52,3.77,3.93,4.04,4.2,4.44,4.68,4.99,6.36,6.36,6.46,7.59,7.31,6.6,5.68,5.0,4.62,4.42,4.31,2.9,3.12,3.33,3.2,2.86,2.33,1.67,1.21,1.55,2.32,2.97,3.47,3.71,4.96,5.05,4.9,6.17,6.18,5.82,5.38,4.94,4.59,4.33,4.17,3.06,3.01,3.34,3.44,3.5,3.53,3.52,3.51,3.49,3.45,3.35,3.24,3.02,3.03,3.47,3.16,3.59,3.67,3.66,3.6,3.53,3.52,3.61,3.7,2.76,2.82,3.05,3.06,2.95,2.78,2.59,2.44,2.57,3.07,3.51,3.63,3.77,5.18,6.14,6.9,7.29,6.81,5.7,4.35,3.51,3.7,4.18,4.63,4.3,3.97,5.44,7.19,7.96,8.01,7.86
559,3.69,3.75,3.95,4.23,4.39,4.49,5.99,6.06,6.5,7.2,6.97,6.65,6.27,5.93,5.79,5.79,5.86,4.65,3.64,3.97,4.05,4.11,4.33,4.93,5.89,6.52,6.68,6.65,6.58,6.71,7.53,7.22,7.2,7.79,7.64,7.47,7.3,7.06,6.64,6.03,5.35,3.37,3.03,3.1,3.08,3.24,3.52,3.77,3.93,4.04,4.2,4.44,4.68,4.99,6.36,6.36,6.46,7.59,7.31,6.6,5.68,5.0,4.62,4.42,4.31,2.9,3.12,3.33,3.2,2.86,2.33,1.67,1.21,1.55,2.32,2.97,3.47,3.71,4.96,5.05,4.9,6.17,6.18,5.82,5.38,4.94,4.59,4.33,4.17,3.06,3.01,3.34,3.44,3.5,3.53,3.52,3.51,3.49,3.45,3.35,3.24,3.02,3.03,3.47,3.16,3.59,3.67,3.66,3.6,3.53,3.52,3.61,3.7,2.76,2.82,3.05,3.06,2.95,2.78,2.59,2.44,2.57,3.07,3.51,3.63,3.77,5.18,6.14,6.9,7.29,6.81,5.7,4.35,3.51,3.7,4.18,4.63,4.3,3.97,5.44,7.19,7.96,8.01,7.86,7.62,7.51,7.53,7.58,7.6,7.78,8.46,8.5,9.4,9.34,8.88,8.43,8.17,8.05,8.02,8.05,8.12,7.67,6.05,6.77,7.53,7.72,7.66,7.78
560,5.89,6.52,6.68,6.65,6.58,6.71,7.53,7.22,7.2,7.79,7.64,7.47,7.3,7.06,6.64,6.03,5.35,3.37,3.03,3.1,3.08,3.24,3.52,3.77,3.93,4.04,4.2,4.44,4.68,4.99,6.36,6.36,6.46,7.59,7.31,6.6,5.68,5.0,4.62,4.42,4.31,2.9,3.12,3.33,3.2,2.86,2.33,1.67,1.21,1.55,2.32,2.97,3.47,3.71,4.96,5.05,4.9,6.17,6.18,5.82,5.38,4.94,4.59,4.33,4.17,3.06,3.01,3.34,3.44,3.5,3.53,3.52,3.51,3.49,3.45,3.35,3.24,3.02,3.03,3.47,3.16,3.59,3.67,3.66,3.6,3.53,3.52,3.61,3.7,2.76,2.82,3.05,3.06,2.95,2.78,2.59,2.44,2.57,3.07,3.51,3.63,3.77,5.18,6.14,6.9,7.29,6.81,5.7,4.35,3.51,3.7,4.18,4.63,4.3,3.97,5.44,7.19,7.96,8.01,7.86,7.62,7.51,7.53,7.58,7.6,7.78,8.46,8.5,9.4,9.34,8.88,8.43,8.17,8.05,8.02,8.05,8.12,7.67,6.05,6.77,7.53,7.72,7.66,7.78,7.69,7.56,8.13,8.34,8.4,9.06,10.7,11.64,12.91,12.67,11.79,11.06,10.43,9.84,9.3,9.05,9.03,8.48,7.42,7.76,8.14,8.11,8.1,8.0
561,3.93,4.04,4.2,4.44,4.68,4.99,6.36,6.36,6.46,7.59,7.31,6.6,5.68,5.0,4.62,4.42,4.31,2.9,3.12,3.33,3.2,2.86,2.33,1.67,1.21,1.55,2.32,2.97,3.47,3.71,4.96,5.05,4.9,6.17,6.18,5.82,5.38,4.94,4.59,4.33,4.17,3.06,3.01,3.34,3.44,3.5,3.53,3.52,3.51,3.49,3.45,3.35,3.24,3.02,3.03,3.47,3.16,3.59,3.67,3.66,3.6,3.53,3.52,3.61,3.7,2.76,2.82,3.05,3.06,2.95,2.78,2.59,2.44,2.57,3.07,3.51,3.63,3.77,5.18,6.14,6.9,7.29,6.81,5.7,4.35,3.51,3.7,4.18,4.63,4.3,3.97,5.44,7.19,7.96,8.01,7.86,7.62,7.51,7.53,7.58,7.6,7.78,8.46,8.5,9.4,9.34,8.88,8.43,8.17,8.05,8.02,8.05,8.12,7.67,6.05,6.77,7.53,7.72,7.66,7.78,7.69,7.56,8.13,8.34,8.4,9.06,10.7,11.64,12.91,12.67,11.79,11.06,10.43,9.84,9.3,9.05,9.03,8.48,7.42,7.76,8.14,8.11,8.1,8.0,7.99,8.04,8.0,8.34,8.48,7.8,8.11,9.45,10.95,9.7,8.12,6.85,5.94,5.48,5.43,5.7,6.16,6.16,5.28,6.85,8.13,8.61,8.57,8.35
562,1.21,1.55,2.32,2.97,3.47,3.71,4.96,5.05,4.9,6.17,6.18,5.82,5.38,4.94,4.59,4.33,4.17,3.06,3.01,3.34,3.44,3.5,3.53,3.52,3.51,3.49,3.45,3.35,3.24,3.02,3.03,3.47,3.16,3.59,3.67,3.66,3.6,3.53,3.52,3.61,3.7,2.76,2.82,3.05,3.06,2.95,2.78,2.59,2.44,2.57,3.07,3.51,3.63,3.77,5.18,6.14,6.9,7.29,6.81,5.7,4.35,3.51,3.7,4.18,4.63,4.3,3.97,5.44,7.19,7.96,8.01,7.86,7.62,7.51,7.53,7.58,7.6,7.78,8.46,8.5,9.4,9.34,8.88,8.43,8.17,8.05,8.02,8.05,8.12,7.67,6.05,6.77,7.53,7.72,7.66,7.78,7.69,7.56,8.13,8.34,8.4,9.06,10.7,11.64,12.91,12.67,11.79,11.06,10.43,9.84,9.3,9.05,9.03,8.48,7.42,7.76,8.14,8.11,8.1,8.0,7.99,8.04,8.0,8.34,8.48,7.8,8.11,9.45,10.95,9.7,8.12,6.85,5.94,5.48,5.43,5.7,6.16,6.16,5.28,6.85,8.13,8.61,8.57,8.35,8.03,7.57,7.07,6.37,5.81,5.81,6.52,6.08,7.56,6.7,6.41,6.47,6.61,6.77,7.01,7.27,7.39,6.76,4.42,4.45,4.74,5.05,5.36,5.6
563,3.51,3.49,3.45,3.35,3.24,3.02,3.03,3.47,3.16,3.59,3.67,3.66,3.6,3.53,3.52,3.61,3.7,2.76,2.82,3.05,3.06,2.95,2.78,2.59,2.44,2.57,3.07,3.51,3.63,3.77,5.18,6.14,6.9,7.29,6.81,5.7,4.35,3.51,3.7,4.18,4.63,4.3,3.97,5.44,7.19,7.96,8.01,7.86,7.62,7.51,7.53,7.58,7.6,7.78,8.46,8.5,9.4,9.34,8.88,8.43,8.17,8.05,8.02,8.05,8.12,7.67,6.05,6.77,7.53,7.72,7.66,7.78,7.69,7.56,8.13,8.34,8.4,9.06,10.7,11.64,12.91,12.67,11.79,11.06,10.43,9.84,9.3,9.05,9.03,8.48,7.42,7.76,8.14,8.11,8.1,8.0,7.99,8.04,8.0,8.34,8.48,7.8,8.11,9.45,10.95,9.7,8.12,6.85,5.94,5.48,5.43,5.7,6.16,6.16,5.28,6.85,8.13,8.61,8.57,8.35,8.03,7.57,7.07,6.37,5.81,5.81,6.52,6.08,7.56,6.7,6.41,6.47,6.61,6.77,7.01,7.27,7.39,6.76,4.42,4.45,4.74,5.05,5.36,5.6,5.69,5.61,5.47,5.25,4.95,4.92,6.03,5.67,6.64,5.94,5.53,5.23,4.96,4.86,5.01,5.4,5.88,5.68,3.77,4.14,4.89,5.87,6.58,6.67
564,2.44,2.57,3.07,3.51,3.63,3.77,5.18,6.14,6.9,7.29,6.81,5.7,4.35,3.51,3.7,4.18,4.63,4.3,3.97,5.44,7.19,7.96,8.01,7.86,7.62,7.51,7.53,7.58,7.6,7.78,8.46,8.5,9.4,9.34,8.88,8.43,8.17,8.05,8.02,8.05,8.12,7.67,6.05,6.77,7.53,7.72,7.66,7.78,7.69,7.56,8.13,8.34,8.4,9.06,10.7,11.64,12.91,12.67,11.79,11.06,10.43,9.84,9.3,9.05,9.03,8.48,7.42,7.76,8.14,8.11,8.1,8.0,7.99,8.04,8.0,8.34,8.48,7.8,8.11,9.45,10.95,9.7,8.12,6.85,5.94,5.48,5.43,5.7,6.16,6.16,5.28,6.85,8.13,8.61,8.57,8.35,8.03,7.57,7.07,6.37,5.81,5.81,6.52,6.08,7.56,6.7,6.41,6.47,6.61,6.77,7.01,7.27,7.39,6.76,4.42,4.45,4.74,5.05,5.36,5.6,5.69,5.61,5.47,5.25,4.95,4.92,6.03,5.67,6.64,5.94,5.53,5.23,4.96,4.86,5.01,5.4,5.88,5.68,3.77,4.14,4.89,5.87,6.58,6.67,6.48,6.31,6.23,5.97,5.65,5.59,6.45,5.53,5.5,5.71,5.47,5.54,5.83,6.29,6.81,7.24,7.42,6.34,4.04,4.15,4.33,4.69,5.15,5.58
565,7.62,7.51,7.53,7.58,7.6,7.78,8.46,8.5,9.4,9.34,8.88,8.43,8.17,8.05,8.02,8.05,8.12,7.67,6.05,6.77,7.53,7.72,7.66,7.78,7.69,7.56,8.13,8.34,8.4,9.06,10.7,11.64,12.91,12.67,11.79,11.06,10.43,9.84,9.3,9.05,9.03,8.48,7.42,7.76,8.14,8.11,8.1,8.0,7.99,8.04,8.0,8.34,8.48,7.8,8.11,9.45,10.95,9.7,8.12,6.85,5.94,5.48,5.43,5.7,6.16,6.16,5.28,6.85,8.13,8.61,8.57,8.35,8.03,7.57,7.07,6.37,5.81,5.81,6.52,6.08,7.56,6.7,6.41,6.47,6.61,6.77,7.01,7.27,7.39,6.76,4.42,4.45,4.74,5.05,5.36,5.6,5.69,5.61,5.47,5.25,4.95,4.92,6.03,5.67,6.64,5.94,5.53,5.23,4.96,4.86,5.01,5.4,5.88,5.68,3.77,4.14,4.89,5.87,6.58,6.67,6.48,6.31,6.23,5.97,5.65,5.59,6.45,5.53,5.5,5.71,5.47,5.54,5.83,6.29,6.81,7.24,7.42,6.34,4.04,4.15,4.33,4.69,5.15,5.58,6.08,6.48,6.65,6.23,5.39,5.05,5.79,4.68,5.08,5.68,5.29,5.23,5.17,5.06,5.03,5.2,5.46,4.62,3.7,4.24,4.83,5.58,6.26,6.77
566,7.69,7.56,8.13,8.34,8.4,9.06,10.7,11.64,12.91,12.67,11.79,11.06,10.43,9.84,9.3,9.05,9.03,8.48,7.42,7.76,8.14,8.11,8.1,8.0,7.99,8.04,8.0,8.34,8.48,7.8,8.11,9.45,10.95,9.7,8.12,6.85,5.94,5.48,5.43,5.7,6.16,6.16,5.28,6.85,8.13,8.61,8.57,8.35,8.03,7.57,7.07,6.37,5.81,5.81,6.52,6.08,7.56,6.7,6.41,6.47,6.61,6.77,7.01,7.27,7.39,6.76,4.42,4.45,4.74,5.05,5.36,5.6,5.69,5.61,5.47,5.25,4.95,4.92,6.03,5.67,6.64,5.94,5.53,5.23,4.96,4.86,5.01,5.4,5.88,5.68,3.77,4.14,4.89,5.87,6.58,6.67,6.48,6.31,6.23,5.97,5.65,5.59,6.45,5.53,5.5,5.71,5.47,5.54,5.83,6.29,6.81,7.24,7.42,6.34,4.04,4.15,4.33,4.69,5.15,5.58,6.08,6.48,6.65,6.23,5.39,5.05,5.79,4.68,5.08,5.68,5.29,5.23,5.17,5.06,5.03,5.2,5.46,4.62,3.7,4.24,4.83,5.58,6.26,6.77,6.91,6.7,6.38,6.04,5.68,5.56,6.19,5.09,4.22,3.54,2.31,1.95,2.38,3.19,4.13,5.03,5.77,5.35,4.07,4.55,4.9,5.08,5.31,5.68
567,7.99,8.04,8.0,8.34,8.48,7.8,8.11,9.45,10.95,9.7,8.12,6.85,5.94,5.48,5.43,5.7,6.16,6.16,5.28,6.85,8.13,8.61,8.57,8.35,8.03,7.57,7.07,6.37,5.81,5.81,6.52,6.08,7.56,6.7,6.41,6.47,6.61,6.77,7.01,7.27,7.39,6.76,4.42,4.45,4.74,5.05,5.36,5.6,5.69,5.61,5.47,5.25,4.95,4.92,6.03,5.67,6.64,5.94,5.53,5.23,4.96,4.86,5.01,5.4,5.88,5.68,3.77,4.14,4.89,5.87,6.58,6.67,6.48,6.31,6.23,5.97,5.65,5.59,6.45,5.53,5.5,5.71,5.47,5.54,5.83,6.29,6.81,7.24,7.42,6.34,4.04,4.15,4.33,4.69,5.15,5.58,6.08,6.48,6.65,6.23,5.39,5.05,5.79,4.68,5.08,5.68,5.29,5.23,5.17,5.06,5.03,5.2,5.46,4.62,3.7,4.24,4.83,5.58,6.26,6.77,6.91,6.7,6.38,6.04,5.68,5.56,6.19,5.09,4.22,3.54,2.31,1.95,2.38,3.19,4.13,5.03,5.77,5.35,4.07,4.55,4.9,5.08,5.31,5.68,5.92,6.1,6.0,5.95,5.83,6.02,7.02,6.59,7.37,7.61,6.67,6.19,6.04,6.17,6.48,6.94,7.41,6.9,5.09,5.63,6.34,6.61,6.66,6.58
568,8.03,7.57,7.07,6.37,5.81,5.81,6.52,6.08,7.56,6.7,6.41,6.47,6.61,6.77,7.01,7.27,7.39,6.76,4.42,4.45,4.74,5.05,5.36,5.6,5.69,5.61,5.47,5.25,4.95,4.92,6.03,5.67,6.64,5.94,5.53,5.23,4.96,4.86,5.01,5.4,5.88,5.68,3.77,4.14,4.89,5.87,6.58,6.67,6.48,6.31,6.23,5.97,5.65,5.59,6.45,5.53,5.5,5.71,5.47,5.54,5.83,6.29,6.81,7.24,7.42,6.34,4.04,4.15,4.33,4.69,5.15,5.58,6.08,6.48,6.65,6.23,5.39,5.05,5.79,4.68,5.08,5.68,5.29,5.23,5.17,5.06,5.03,5.2,5.46,4.62,3.7,4.24,4.83,5.58,6.26,6.77,6.91,6.7,6.38,6.04,5.68,5.56,6.19,5.09,4.22,3.54,2.31,1.95,2.38,3.19,4.13,5.03,5.77,5.35,4.07,4.55,4.9,5.08,5.31,5.68,5.92,6.1,6.0,5.95,5.83,6.02,7.02,6.59,7.37,7.61,6.67,6.19,6.04,6.17,6.48,6.94,7.41,6.9,5.09,5.63,6.34,6.61,6.66,6.58,6.6,6.45,6.12,5.91,5.66,5.67,6.67,5.93,6.0,5.84,5.25,5.35,5.85,6.56,7.36,8.09,8.59,7.93,6.26,7.09,7.96,8.41,8.42,8.1
569,5.69,5.61,5.47,5.25,4.95,4.92,6.03,5.67,6.64,5.94,5.53,5.23,4.96,4.86,5.01,5.4,5.88,5.68,3.77,4.14,4.89,5.87,6.58,6.67,6.48,6.31,6.23,5.97,5.65,5.59,6.45,5.53,5.5,5.71,5.47,5.54,5.83,6.29,6.81,7.24,7.42,6.34,4.04,4.15,4.33,4.69,5.15,5.58,6.08,6.48,6.65,6.23,5.39,5.05,5.79,4.68,5.08,5.68,5.29,5.23,5.17,5.06,5.03,5.2,5.46,4.62,3.7,4.24,4.83,5.58,6.26,6.77,6.91,6.7,6.38,6.04,5.68,5.56,6.19,5.09,4.22,3.54,2.31,1.95,2.38,3.19,4.13,5.03,5.77,5.35,4.07,4.55,4.9,5.08,5.31,5.68,5.92,6.1,6.0,5.95,5.83,6.02,7.02,6.59,7.37,7.61,6.67,6.19,6.04,6.17,6.48,6.94,7.41,6.9,5.09,5.63,6.34,6.61,6.66,6.58,6.6,6.45,6.12,5.91,5.66,5.67,6.67,5.93,6.0,5.84,5.25,5.35,5.85,6.56,7.36,8.09,8.59,7.93,6.26,7.09,7.96,8.41,8.42,8.1,7.65,7.15,6.7,6.19,5.69,5.5,6.59,5.92,5.84,5.98,5.66,5.68,5.89,6.23,6.6,6.92,7.12,5.79,4.26,4.78,5.34,5.96,6.47,6.72
570,6.48,6.31,6.23,5.97,5.65,5.59,6.45,5.53,5.5,5.71,5.47,5.54,5.83,6.29,6.81,7.24,7.42,6.34,4.04,4.15,4.33,4.69,5.15,5.58,6.08,6.48,6.65,6.23,5.39,5.05,5.79,4.68,5.08,5.68,5.29,5.23,5.17,5.06,5.03,5.2,5.46,4.62,3.7,4.24,4.83,5.58,6.26,6.77,6.91,6.7,6.38,6.04,5.68,5.56,6.19,5.09,4.22,3.54,2.31,1.95,2.38,3.19,4.13,5.03,5.77,5.35,4.07,4.55,4.9,5.08,5.31,5.68,5.92,6.1,6.0,5.95,5.83,6.02,7.02,6.59,7.37,7.61,6.67,6.19,6.04,6.17,6.48,6.94,7.41,6.9,5.09,5.63,6.34,6.61,6.66,6.58,6.6,6.45,6.12,5.91,5.66,5.67,6.67,5.93,6.0,5.84,5.25,5.35,5.85,6.56,7.36,8.09,8.59,7.93,6.26,7.09,7.96,8.41,8.42,8.1,7.65,7.15,6.7,6.19,5.69,5.5,6.59,5.92,5.84,5.98,5.66,5.68,5.89,6.23,6.6,6.92,7.12,5.79,4.26,4.78,5.34,5.96,6.47,6.72,6.71,6.66,6.52,6.06,5.5,5.28,6.42,5.56,5.59,6.12,5.72,5.59,5.61,5.74,5.92,6.11,6.22,4.85,3.71,4.08,4.47,4.84,4.97,4.86
571,6.08,6.48,6.65,6.23,5.39,5.05,5.79,4.68,5.08,5.68,5.29,5.23,5.17,5.06,5.03,5.2,5.46,4.62,3.7,4.24,4.83,5.58,6.26,6.77,6.91,6.7,6.38,6.04,5.68,5.56,6.19,5.09,4.22,3.54,2.31,1.95,2.38,3.19,4.13,5.03,5.77,5.35,4.07,4.55,4.9,5.08,5.31,5.68,5.92,6.1,6.0,5.95,5.83,6.02,7.02,6.59,7.37,7.61,6.67,6.19,6.04,6.17,6.48,6.94,7.41,6.9,5.09,5.63,6.34,6.61,6.66,6.58,6.6,6.45,6.12,5.91,5.66,5.67,6.67,5.93,6.0,5.84,5.25,5.35,5.85,6.56,7.36,8.09,8.59,7.93,6.26,7.09,7.96,8.41,8.42,8.1,7.65,7.15,6.7,6.19,5.69,5.5,6.59,5.92,5.84,5.98,5.66,5.68,5.89,6.23,6.6,6.92,7.12,5.79,4.26,4.78,5.34,5.96,6.47,6.72,6.71,6.66,6.52,6.06,5.5,5.28,6.42,5.56,5.59,6.12,5.72,5.59,5.61,5.74,5.92,6.11,6.22,4.85,3.71,4.08,4.47,4.84,4.97,4.86,4.68,4.49,4.31,4.08,3.83,3.56,4.36,3.61,2.2,0.77,0.5,1.35,1.94,2.41,2.82,3.2,3.51,2.86,2.96,3.19,3.2,3.2,3.14,3.02
572,6.91,6.7,6.38,6.04,5.68,5.56,6.19,5.09,4.22,3.54,2.31,1.95,2.38,3.19,4.13,5.03,5.77,5.35,4.07,4.55,4.9,5.08,5.31,5.68,5.92,6.1,6.0,5.95,5.83,6.02,7.02,6.59,7.37,7.61,6.67,6.19,6.04,6.17,6.48,6.94,7.41,6.9,5.09,5.63,6.34,6.61,6.66,6.58,6.6,6.45,6.12,5.91,5.66,5.67,6.67,5.93,6.0,5.84,5.25,5.35,5.85,6.56,7.36,8.09,8.59,7.93,6.26,7.09,7.96,8.41,8.42,8.1,7.65,7.15,6.7,6.19,5.69,5.5,6.59,5.92,5.84,5.98,5.66,5.68,5.89,6.23,6.6,6.92,7.12,5.79,4.26,4.78,5.34,5.96,6.47,6.72,6.71,6.66,6.52,6.06,5.5,5.28,6.42,5.56,5.59,6.12,5.72,5.59,5.61,5.74,5.92,6.11,6.22,4.85,3.71,4.08,4.47,4.84,4.97,4.86,4.68,4.49,4.31,4.08,3.83,3.56,4.36,3.61,2.2,0.77,0.5,1.35,1.94,2.41,2.82,3.2,3.51,2.86,2.96,3.19,3.2,3.2,3.14,3.02,2.83,2.59,2.28,1.86,1.37,0.87,0.51,0.81,1.44,2.78,3.51,3.92,4.12,4.16,4.08,3.82,3.44,2.13,1.67,1.2,0.96,1.19,1.66,2.12
573,5.92,6.1,6.0,5.95,5.83,6.02,7.02,6.59,7.37,7.61,6.67,6.19,6.04,6.17,6.48,6.94,7.41,6.9,5.09,5.63,6.34,6.61,6.66,6.58,6.6,6.45,6.12,5.91,5.66,5.67,6.67,5.93,6.0,5.84,5.25,5.35,5.85,6.56,7.36,8.09,8.59,7.93,6.26,7.09,7.96,8.41,8.42,8.1,7.65,7.15,6.7,6.19,5.69,5.5,6.59,5.92,5.84,5.98,5.66,5.68,5.89,6.23,6.6,6.92,7.12,5.79,4.26,4.78,5.34,5.96,6.47,6.72,6.71,6.66,6.52,6.06,5.5,5.28,6.42,5.56,5.59,6.12,5.72,5.59,5.61,5.74,5.92,6.11,6.22,4.85,3.71,4.08,4.47,4.84,4.97,4.86,4.68,4.49,4.31,4.08,3.83,3.56,4.36,3.61,2.2,0.77,0.5,1.35,1.94,2.41,2.82,3.2,3.51,2.86,2.96,3.19,3.2,3.2,3.14,3.02,2.83,2.59,2.28,1.86,1.37,0.87,0.51,0.81,1.44,2.78,3.51,3.92,4.12,4.16,4.08,3.82,3.44,2.13,1.67,1.2,0.96,1.19,1.66,2.12,2.5,2.84,3.14,3.37,3.48,3.43,3.12,3.38,1.93,0.84,0.26,0.38,0.82,1.3,1.81,2.35,2.83,2.38,2.7,3.01,3.03,3.02,3.08,3.21
574,6.6,6.45,6.12,5.91,5.66,5.67,6.67,5.93,6.0,5.84,5.25,5.35,5.85,6.56,7.36,8.09,8.59,7.93,6.26,7.09,7.96,8.41,8.42,8.1,7.65,7.15,6.7,6.19,5.69,5.5,6.59,5.92,5.84,5.98,5.66,5.68,5.89,6.23,6.6,6.92,7.12,5.79,4.26,4.78,5.34,5.96,6.47,6.72,6.71,6.66,6.52,6.06,5.5,5.28,6.42,5.56,5.59,6.12,5.72,5.59,5.61,5.74,5.92,6.11,6.22,4.85,3.71,4.08,4.47,4.84,4.97,4.86,4.68,4.49,4.31,4.08,3.83,3.56,4.36,3.61,2.2,0.77,0.5,1.35,1.94,2.41,2.82,3.2,3.51,2.86,2.96,3.19,3.2,3.2,3.14,3.02,2.83,2.59,2.28,1.86,1.37,0.87,0.51,0.81,1.44,2.78,3.51,3.92,4.12,4.16,4.08,3.82,3.44,2.13,1.67,1.2,0.96,1.19,1.66,2.12,2.5,2.84,3.14,3.37,3.48,3.43,3.12,3.38,1.93,0.84,0.26,0.38,0.82,1.3,1.81,2.35,2.83,2.38,2.7,3.01,3.03,3.02,3.08,3.21,3.43,3.69,3.9,3.96,3.72,3.34,3.24,3.03,1.79,2.06,2.26,2.39,2.64,2.96,3.3,3.7,3.98,2.87,3.26,3.67,3.86,3.99,4.04,3.95
575,7.65,7.15,6.7,6.19,5.69,5.5,6.59,5.92,5.84,5.98,5.66,5.68,5.89,6.23,6.6,6.92,7.12,5.79,4.26,4.78,5.34,5.96,6.47,6.72,6.71,6.66,6.52,6.06,5.5,5.28,6.42,5.56,5.59,6.12,5.72,5.59,5.61,5.74,5.92,6.11,6.22,4.85,3.71,4.08,4.47,4.84,4.97,4.86,4.68,4.49,4.31,4.08,3.83,3.56,4.36,3.61,2.2,0.77,0.5,1.35,1.94,2.41,2.82,3.2,3.51,2.86,2.96,3.19,3.2,3.2,3.14,3.02,2.83,2.59,2.28,1.86,1.37,0.87,0.51,0.81,1.44,2.78,3.51,3.92,4.12,4.16,4.08,3.82,3.44,2.13,1.67,1.2,0.96,1.19,1.66,2.12,2.5,2.84,3.14,3.37,3.48,3.43,3.12,3.38,1.93,0.84,0.26,0.38,0.82,1.3,1.81,2.35,2.83,2.38,2.7,3.01,3.03,3.02,3.08,3.21,3.43,3.69,3.9,3.96,3.72,3.34,3.24,3.03,1.79,2.06,2.26,2.39,2.64,2.96,3.3,3.7,3.98,2.87,3.26,3.67,3.86,3.99,4.04,3.95,3.46,3.16,3.52,4.27,4.94,5.3,6.36,6.21,5.68,6.52,5.97,4.93,3.87,2.79,1.76,0.88,0.6,0.97,1.7,2.29,2.9,3.51,4.12,4.62
576,6.71,6.66,6.52,6.06,5.5,5.28,6.42,5.56,5.59,6.12,5.72,5.59,5.61,5.74,5.92,6.11,6.22,4.85,3.71,4.08,4.47,4.84,4.97,4.86,4.68,4.49,4.31,4.08,3.83,3.56,4.36,3.61,2.2,0.77,0.5,1.35,1.94,2.41,2.82,3.2,3.51,2.86,2.96,3.19,3.2,3.2,3.14,3.02,2.83,2.59,2.28,1.86,1.37,0.87,0.51,0.81,1.44,2.78,3.51,3.92,4.12,4.16,4.08,3.82,3.44,2.13,1.67,1.2,0.96,1.19,1.66,2.12,2.5,2.84,3.14,3.37,3.48,3.43,3.12,3.38,1.93,0.84,0.26,0.38,0.82,1.3,1.81,2.35,2.83,2.38,2.7,3.01,3.03,3.02,3.08,3.21,3.43,3.69,3.9,3.96,3.72,3.34,3.24,3.03,1.79,2.06,2.26,2.39,2.64,2.96,3.3,3.7,3.98,2.87,3.26,3.67,3.86,3.99,4.04,3.95,3.46,3.16,3.52,4.27,4.94,5.3,6.36,6.21,5.68,6.52,5.97,4.93,3.87,2.79,1.76,0.88,0.6,0.97,1.7,2.29,2.9,3.51,4.12,4.62,4.72,4.48,4.18,3.93,3.79,3.68,4.08,4.41,3.37,3.67,2.54,1.74,2.04,2.92,3.76,4.37,4.73,3.54,3.54,3.9,4.08,4.11,3.96,3.74
577,4.68,4.49,4.31,4.08,3.83,3.56,4.36,3.61,2.2,0.77,0.5,1.35,1.94,2.41,2.82,3.2,3.51,2.86,2.96,3.19,3.2,3.2,3.14,3.02,2.83,2.59,2.28,1.86,1.37,0.87,0.51,0.81,1.44,2.78,3.51,3.92,4.12,4.16,4.08,3.82,3.44,2.13,1.67,1.2,0.96,1.19,1.66,2.12,2.5,2.84,3.14,3.37,3.48,3.43,3.12,3.38,1.93,0.84,0.26,0.38,0.82,1.3,1.81,2.35,2.83,2.38,2.7,3.01,3.03,3.02,3.08,3.21,3.43,3.69,3.9,3.96,3.72,3.34,3.24,3.03,1.79,2.06,2.26,2.39,2.64,2.96,3.3,3.7,3.98,2.87,3.26,3.67,3.86,3.99,4.04,3.95,3.46,3.16,3.52,4.27,4.94,5.3,6.36,6.21,5.68,6.52,5.97,4.93,3.87,2.79,1.76,0.88,0.6,0.97,1.7,2.29,2.9,3.51,4.12,4.62,4.72,4.48,4.18,3.93,3.79,3.68,4.08,4.41,3.37,3.67,2.54,1.74,2.04,2.92,3.76,4.37,4.73,3.54,3.54,3.9,4.08,4.11,3.96,3.74,3.43,3.17,3.14,3.2,3.3,3.4,4.1,4.6,3.9,4.27,3.19,2.26,1.78,2.19,2.73,3.13,3.38,2.38,2.47,2.75,3.0,3.32,3.97,4.73
578,2.83,2.59,2.28,1.86,1.37,0.87,0.51,0.81,1.44,2.78,3.51,3.92,4.12,4.16,4.08,3.82,3.44,2.13,1.67,1.2,0.96,1.19,1.66,2.12,2.5,2.84,3.14,3.37,3.48,3.43,3.12,3.38,1.93,0.84,0.26,0.38,0.82,1.3,1.81,2.35,2.83,2.38,2.7,3.01,3.03,3.02,3.08,3.21,3.43,3.69,3.9,3.96,3.72,3.34,3.24,3.03,1.79,2.06,2.26,2.39,2.64,2.96,3.3,3.7,3.98,2.87,3.26,3.67,3.86,3.99,4.04,3.95,3.46,3.16,3.52,4.27,4.94,5.3,6.36,6.21,5.68,6.52,5.97,4.93,3.87,2.79,1.76,0.88,0.6,0.97,1.7,2.29,2.9,3.51,4.12,4.62,4.72,4.48,4.18,3.93,3.79,3.68,4.08,4.41,3.37,3.67,2.54,1.74,2.04,2.92,3.76,4.37,4.73,3.54,3.54,3.9,4.08,4.11,3.96,3.74,3.43,3.17,3.14,3.2,3.3,3.4,4.1,4.6,3.9,4.27,3.19,2.26,1.78,2.19,2.73,3.13,3.38,2.38,2.47,2.75,3.0,3.32,3.97,4.73,5.35,5.96,6.47,6.76,6.6,6.37,7.07,7.2,7.3,7.2,6.04,5.12,4.43,3.87,3.42,3.12,2.92,2.01,2.49,2.97,3.2,3.22,3.14,3.13
579,2.5,2.84,3.14,3.37,3.48,3.43,3.12,3.38,1.93,0.84,0.26,0.38,0.82,1.3,1.81,2.35,2.83,2.38,2.7,3.01,3.03,3.02,3.08,3.21,3.43,3.69,3.9,3.96,3.72,3.34,3.24,3.03,1.79,2.06,2.26,2.39,2.64,2.96,3.3,3.7,3.98,2.87,3.26,3.67,3.86,3.99,4.04,3.95,3.46,3.16,3.52,4.27,4.94,5.3,6.36,6.21,5.68,6.52,5.97,4.93,3.87,2.79,1.76,0.88,0.6,0.97,1.7,2.29,2.9,3.51,4.12,4.62,4.72,4.48,4.18,3.93,3.79,3.68,4.08,4.41,3.37,3.67,2.54,1.74,2.04,2.92,3.76,4.37,4.73,3.54,3.54,3.9,4.08,4.11,3.96,3.74,3.43,3.17,3.14,3.2,3.3,3.4,4.1,4.6,3.9,4.27,3.19,2.26,1.78,2.19,2.73,3.13,3.38,2.38,2.47,2.75,3.0,3.32,3.97,4.73,5.35,5.96,6.47,6.76,6.6,6.37,7.07,7.2,7.3,7.2,6.04,5.12,4.43,3.87,3.42,3.12,2.92,2.01,2.49,2.97,3.2,3.22,3.14,3.13,3.37,4.22,5.52,6.17,6.63,6.84,7.39,7.39,7.47,8.46,8.62,8.42,8.08,7.74,7.49,7.22,6.67,4.46,3.2,3.17,3.15,3.16,3.2,3.24
580,3.43,3.69,3.9,3.96,3.72,3.34,3.24,3.03,1.79,2.06,2.26,2.39,2.64,2.96,3.3,3.7,3.98,2.87,3.26,3.67,3.86,3.99,4.04,3.95,3.46,3.16,3.52,4.27,4.94,5.3,6.36,6.21,5.68,6.52,5.97,4.93,3.87,2.79,1.76,0.88,0.6,0.97,1.7,2.29,2.9,3.51,4.12,4.62,4.72,4.48,4.18,3.93,3.79,3.68,4.08,4.41,3.37,3.67,2.54,1.74,2.04,2.92,3.76,4.37,4.73,3.54,3.54,3.9,4.08,4.11,3.96,3.74,3.43,3.17,3.14,3.2,3.3,3.4,4.1,4.6,3.9,4.27,3.19,2.26,1.78,2.19,2.73,3.13,3.38,2.38,2.47,2.75,3.0,3.32,3.97,4.73,5.35,5.96,6.47,6.76,6.6,6.37,7.07,7.2,7.3,7.2,6.04,5.12,4.43,3.87,3.42,3.12,2.92,2.01,2.49,2.97,3.2,3.22,3.14,3.13,3.37,4.22,5.52,6.17,6.63,6.84,7.39,7.39,7.47,8.46,8.62,8.42,8.08,7.74,7.49,7.22,6.67,4.46,3.2,3.17,3.15,3.16,3.2,3.24,3.46,4.0,4.37,4.11,3.64,3.18,3.63,4.08,4.11,4.28,3.83,3.27,2.75,2.25,1.81,1.34,0.85,0.36,1.0,1.24,1.46,2.7,4.25,5.35
581,3.46,3.16,3.52,4.27,4.94,5.3,6.36,6.21,5.68,6.52,5.97,4.93,3.87,2.79,1.76,0.88,0.6,0.97,1.7,2.29,2.9,3.51,4.12,4.62,4.72,4.48,4.18,3.93,3.79,3.68,4.08,4.41,3.37,3.67,2.54,1.74,2.04,2.92,3.76,4.37,4.73,3.54,3.54,3.9,4.08,4.11,3.96,3.74,3.43,3.17,3.14,3.2,3.3,3.4,4.1,4.6,3.9,4.27,3.19,2.26,1.78,2.19,2.73,3.13,3.38,2.38,2.47,2.75,3.0,3.32,3.97,4.73,5.35,5.96,6.47,6.76,6.6,6.37,7.07,7.2,7.3,7.2,6.04,5.12,4.43,3.87,3.42,3.12,2.92,2.01,2.49,2.97,3.2,3.22,3.14,3.13,3.37,4.22,5.52,6.17,6.63,6.84,7.39,7.39,7.47,8.46,8.62,8.42,8.08,7.74,7.49,7.22,6.67,4.46,3.2,3.17,3.15,3.16,3.2,3.24,3.46,4.0,4.37,4.11,3.64,3.18,3.63,4.08,4.11,4.28,3.83,3.27,2.75,2.25,1.81,1.34,0.85,0.36,1.0,1.24,1.46,2.7,4.25,5.35,5.8,5.7,5.33,4.78,4.41,4.36,5.53,4.9,5.41,6.25,5.93,5.94,6.07,6.22,6.36,6.39,6.39,4.76,4.51,6.53,7.75,7.43,7.27,7.64
582,4.72,4.48,4.18,3.93,3.79,3.68,4.08,4.41,3.37,3.67,2.54,1.74,2.04,2.92,3.76,4.37,4.73,3.54,3.54,3.9,4.08,4.11,3.96,3.74,3.43,3.17,3.14,3.2,3.3,3.4,4.1,4.6,3.9,4.27,3.19,2.26,1.78,2.19,2.73,3.13,3.38,2.38,2.47,2.75,3.0,3.32,3.97,4.73,5.35,5.96,6.47,6.76,6.6,6.37,7.07,7.2,7.3,7.2,6.04,5.12,4.43,3.87,3.42,3.12,2.92,2.01,2.49,2.97,3.2,3.22,3.14,3.13,3.37,4.22,5.52,6.17,6.63,6.84,7.39,7.39,7.47,8.46,8.62,8.42,8.08,7.74,7.49,7.22,6.67,4.46,3.2,3.17,3.15,3.16,3.2,3.24,3.46,4.0,4.37,4.11,3.64,3.18,3.63,4.08,4.11,4.28,3.83,3.27,2.75,2.25,1.81,1.34,0.85,0.36,1.0,1.24,1.46,2.7,4.25,5.35,5.8,5.7,5.33,4.78,4.41,4.36,5.53,4.9,5.41,6.25,5.93,5.94,6.07,6.22,6.36,6.39,6.39,4.76,4.51,6.53,7.75,7.43,7.27,7.64,7.87,8.0,8.2,8.3,8.25,8.21,8.68,9.26,11.36,11.92,11.61,10.77,9.6,8.46,7.62,7.18,7.07,5.58,4.4,4.69,4.85,5.16,6.11,7.28
583,3.43,3.17,3.14,3.2,3.3,3.4,4.1,4.6,3.9,4.27,3.19,2.26,1.78,2.19,2.73,3.13,3.38,2.38,2.47,2.75,3.0,3.32,3.97,4.73,5.35,5.96,6.47,6.76,6.6,6.37,7.07,7.2,7.3,7.2,6.04,5.12,4.43,3.87,3.42,3.12,2.92,2.01,2.49,2.97,3.2,3.22,3.14,3.13,3.37,4.22,5.52,6.17,6.63,6.84,7.39,7.39,7.47,8.46,8.62,8.42,8.08,7.74,7.49,7.22,6.67,4.46,3.2,3.17,3.15,3.16,3.2,3.24,3.46,4.0,4.37,4.11,3.64,3.18,3.63,4.08,4.11,4.28,3.83,3.27,2.75,2.25,1.81,1.34,0.85,0.36,1.0,1.24,1.46,2.7,4.25,5.35,5.8,5.7,5.33,4.78,4.41,4.36,5.53,4.9,5.41,6.25,5.93,5.94,6.07,6.22,6.36,6.39,6.39,4.76,4.51,6.53,7.75,7.43,7.27,7.64,7.87,8.0,8.2,8.3,8.25,8.21,8.68,9.26,11.36,11.92,11.61,10.77,9.6,8.46,7.62,7.18,7.07,5.58,4.4,4.69,4.85,5.16,6.11,7.28,7.16,6.94,6.78,6.66,6.63,6.82,7.84,7.85,9.02,10.31,9.77,8.99,8.3,7.52,6.57,5.58,4.6,2.57,2.43,2.36,2.67,3.26,3.98,4.72
584,5.35,5.96,6.47,6.76,6.6,6.37,7.07,7.2,7.3,7.2,6.04,5.12,4.43,3.87,3.42,3.12,2.92,2.01,2.49,2.97,3.2,3.22,3.14,3.13,3.37,4.22,5.52,6.17,6.63,6.84,7.39,7.39,7.47,8.46,8.62,8.42,8.08,7.74,7.49,7.22,6.67,4.46,3.2,3.17,3.15,3.16,3.2,3.24,3.46,4.0,4.37,4.11,3.64,3.18,3.63,4.08,4.11,4.28,3.83,3.27,2.75,2.25,1.81,1.34,0.85,0.36,1.0,1.24,1.46,2.7,4.25,5.35,5.8,5.7,5.33,4.78,4.41,4.36,5.53,4.9,5.41,6.25,5.93,5.94,6.07,6.22,6.36,6.39,6.39,4.76,4.51,6.53,7.75,7.43,7.27,7.64,7.87,8.0,8.2,8.3,8.25,8.21,8.68,9.26,11.36,11.92,11.61,10.77,9.6,8.46,7.62,7.18,7.07,5.58,4.4,4.69,4.85,5.16,6.11,7.28,7.16,6.94,6.78,6.66,6.63,6.82,7.84,7.85,9.02,10.31,9.77,8.99,8.3,7.52,6.57,5.58,4.6,2.57,2.43,2.36,2.67,3.26,3.98,4.72,5.36,5.86,5.92,5.65,5.3,5.22,6.46,6.53,6.33,6.88,6.15,5.71,5.48,5.48,5.65,5.9,6.02,4.19,3.75,4.08,4.32,4.38,4.2,3.95
585,3.37,4.22,5.52,6.17,6.63,6.84,7.39,7.39,7.47,8.46,8.62,8.42,8.08,7.74,7.49,7.22,6.67,4.46,3.2,3.17,3.15,3.16,3.2,3.24,3.46,4.0,4.37,4.11,3.64,3.18,3.63,4.08,4.11,4.28,3.83,3.27,2.75,2.25,1.81,1.34,0.85,0.36,1.0,1.24,1.46,2.7,4.25,5.35,5.8,5.7,5.33,4.78,4.41,4.36,5.53,4.9,5.41,6.25,5.93,5.94,6.07,6.22,6.36,6.39,6.39,4.76,4.51,6.53,7.75,7.43,7.27,7.64,7.87,8.0,8.2,8.3,8.25,8.21,8.68,9.26,11.36,11.92,11.61,10.77,9.6,8.46,7.62,7.18,7.07,5.58,4.4,4.69,4.85,5.16,6.11,7.28,7.16,6.94,6.78,6.66,6.63,6.82,7.84,7.85,9.02,10.31,9.77,8.99,8.3,7.52,6.57,5.58,4.6,2.57,2.43,2.36,2.67,3.26,3.98,4.72,5.36,5.86,5.92,5.65,5.3,5.22,6.46,6.53,6.33,6.88,6.15,5.71,5.48,5.48,5.65,5.9,6.02,4.19,3.75,4.08,4.32,4.38,4.2,3.95,3.73,3.59,3.48,3.31,3.11,2.98,3.4,3.71,3.18,3.21,2.73,2.35,2.54,3.25,4.44,5.92,7.35,7.59,7.02,7.37,6.85,6.77,7.0,7.28
586,3.46,4.0,4.37,4.11,3.64,3.18,3.63,4.08,4.11,4.28,3.83,3.27,2.75,2.25,1.81,1.34,0.85,0.36,1.0,1.24,1.46,2.7,4.25,5.35,5.8,5.7,5.33,4.78,4.41,4.36,5.53,4.9,5.41,6.25,5.93,5.94,6.07,6.22,6.36,6.39,6.39,4.76,4.51,6.53,7.75,7.43,7.27,7.64,7.87,8.0,8.2,8.3,8.25,8.21,8.68,9.26,11.36,11.92,11.61,10.77,9.6,8.46,7.62,7.18,7.07,5.58,4.4,4.69,4.85,5.16,6.11,7.28,7.16,6.94,6.78,6.66,6.63,6.82,7.84,7.85,9.02,10.31,9.77,8.99,8.3,7.52,6.57,5.58,4.6,2.57,2.43,2.36,2.67,3.26,3.98,4.72,5.36,5.86,5.92,5.65,5.3,5.22,6.46,6.53,6.33,6.88,6.15,5.71,5.48,5.48,5.65,5.9,6.02,4.19,3.75,4.08,4.32,4.38,4.2,3.95,3.73,3.59,3.48,3.31,3.11,2.98,3.4,3.71,3.18,3.21,2.73,2.35,2.54,3.25,4.44,5.92,7.35,7.59,7.02,7.37,6.85,6.77,7.0,7.28,7.6,7.76,7.65,7.23,6.64,6.34,7.22,7.1,8.17,8.15,7.73,7.42,7.31,7.45,7.76,8.09,8.33,7.72,6.31,7.07,7.54,7.47,7.2,6.81
587,5.8,5.7,5.33,4.78,4.41,4.36,5.53,4.9,5.41,6.25,5.93,5.94,6.07,6.22,6.36,6.39,6.39,4.76,4.51,6.53,7.75,7.43,7.27,7.64,7.87,8.0,8.2,8.3,8.25,8.21,8.68,9.26,11.36,11.92,11.61,10.77,9.6,8.46,7.62,7.18,7.07,5.58,4.4,4.69,4.85,5.16,6.11,7.28,7.16,6.94,6.78,6.66,6.63,6.82,7.84,7.85,9.02,10.31,9.77,8.99,8.3,7.52,6.57,5.58,4.6,2.57,2.43,2.36,2.67,3.26,3.98,4.72,5.36,5.86,5.92,5.65,5.3,5.22,6.46,6.53,6.33,6.88,6.15,5.71,5.48,5.48,5.65,5.9,6.02,4.19,3.75,4.08,4.32,4.38,4.2,3.95,3.73,3.59,3.48,3.31,3.11,2.98,3.4,3.71,3.18,3.21,2.73,2.35,2.54,3.25,4.44,5.92,7.35,7.59,7.02,7.37,6.85,6.77,7.0,7.28,7.6,7.76,7.65,7.23,6.64,6.34,7.22,7.1,8.17,8.15,7.73,7.42,7.31,7.45,7.76,8.09,8.33,7.72,6.31,7.07,7.54,7.47,7.2,6.81,6.26,5.81,5.48,5.26,5.15,5.25,6.36,5.7,6.34,6.65,5.6,4.54,3.64,3.03,2.73,2.69,2.82,2.23,2.52,3.07,3.41,3.63,3.72,3.73
588,7.87,8.0,8.2,8.3,8.25,8.21,8.68,9.26,11.36,11.92,11.61,10.77,9.6,8.46,7.62,7.18,7.07,5.58,4.4,4.69,4.85,5.16,6.11,7.28,7.16,6.94,6.78,6.66,6.63,6.82,7.84,7.85,9.02,10.31,9.77,8.99,8.3,7.52,6.57,5.58,4.6,2.57,2.43,2.36,2.67,3.26,3.98,4.72,5.36,5.86,5.92,5.65,5.3,5.22,6.46,6.53,6.33,6.88,6.15,5.71,5.48,5.48,5.65,5.9,6.02,4.19,3.75,4.08,4.32,4.38,4.2,3.95,3.73,3.59,3.48,3.31,3.11,2.98,3.4,3.71,3.18,3.21,2.73,2.35,2.54,3.25,4.44,5.92,7.35,7.59,7.02,7.37,6.85,6.77,7.0,7.28,7.6,7.76,7.65,7.23,6.64,6.34,7.22,7.1,8.17,8.15,7.73,7.42,7.31,7.45,7.76,8.09,8.33,7.72,6.31,7.07,7.54,7.47,7.2,6.81,6.26,5.81,5.48,5.26,5.15,5.25,6.36,5.7,6.34,6.65,5.6,4.54,3.64,3.03,2.73,2.69,2.82,2.23,2.52,3.07,3.41,3.63,3.72,3.73,3.74,3.78,3.88,3.98,4.11,4.26,5.56,5.1,4.44,3.72,2.44,1.71,1.63,1.93,2.31,2.59,2.74,2.14,2.44,2.65,2.74,2.83,2.98,3.16
589,7.16,6.94,6.78,6.66,6.63,6.82,7.84,7.85,9.02,10.31,9.77,8.99,8.3,7.52,6.57,5.58,4.6,2.57,2.43,2.36,2.67,3.26,3.98,4.72,5.36,5.86,5.92,5.65,5.3,5.22,6.46,6.53,6.33,6.88,6.15,5.71,5.48,5.48,5.65,5.9,6.02,4.19,3.75,4.08,4.32,4.38,4.2,3.95,3.73,3.59,3.48,3.31,3.11,2.98,3.4,3.71,3.18,3.21,2.73,2.35,2.54,3.25,4.44,5.92,7.35,7.59,7.02,7.37,6.85,6.77,7.0,7.28,7.6,7.76,7.65,7.23,6.64,6.34,7.22,7.1,8.17,8.15,7.73,7.42,7.31,7.45,7.76,8.09,8.33,7.72,6.31,7.07,7.54,7.47,7.2,6.81,6.26,5.81,5.48,5.26,5.15,5.25,6.36,5.7,6.34,6.65,5.6,4.54,3.64,3.03,2.73,2.69,2.82,2.23,2.52,3.07,3.41,3.63,3.72,3.73,3.74,3.78,3.88,3.98,4.11,4.26,5.56,5.1,4.44,3.72,2.44,1.71,1.63,1.93,2.31,2.59,2.74,2.14,2.44,2.65,2.74,2.83,2.98,3.16,3.31,3.39,3.42,3.41,3.45,3.47,3.34,4.57,4.11,4.44,3.98,3.53,3.19,3.05,3.16,3.49,3.84,2.97,3.18,3.55,3.66,3.65,3.56,3.49
590,5.36,5.86,5.92,5.65,5.3,5.22,6.46,6.53,6.33,6.88,6.15,5.71,5.48,5.48,5.65,5.9,6.02,4.19,3.75,4.08,4.32,4.38,4.2,3.95,3.73,3.59,3.48,3.31,3.11,2.98,3.4,3.71,3.18,3.21,2.73,2.35,2.54,3.25,4.44,5.92,7.35,7.59,7.02,7.37,6.85,6.77,7.0,7.28,7.6,7.76,7.65,7.23,6.64,6.34,7.22,7.1,8.17,8.15,7.73,7.42,7.31,7.45,7.76,8.09,8.33,7.72,6.31,7.07,7.54,7.47,7.2,6.81,6.26,5.81,5.48,5.26,5.15,5.25,6.36,5.7,6.34,6.65,5.6,4.54,3.64,3.03,2.73,2.69,2.82,2.23,2.52,3.07,3.41,3.63,3.72,3.73,3.74,3.78,3.88,3.98,4.11,4.26,5.56,5.1,4.44,3.72,2.44,1.71,1.63,1.93,2.31,2.59,2.74,2.14,2.44,2.65,2.74,2.83,2.98,3.16,3.31,3.39,3.42,3.41,3.45,3.47,3.34,4.57,4.11,4.44,3.98,3.53,3.19,3.05,3.16,3.49,3.84,2.97,3.18,3.55,3.66,3.65,3.56,3.49,3.47,3.52,3.58,3.62,3.66,3.63,3.52,4.37,3.33,2.58,2.01,1.93,2.12,2.43,2.78,3.09,3.32,2.58,3.22,3.71,4.13,4.43,4.48,4.32
591,3.73,3.59,3.48,3.31,3.11,2.98,3.4,3.71,3.18,3.21,2.73,2.35,2.54,3.25,4.44,5.92,7.35,7.59,7.02,7.37,6.85,6.77,7.0,7.28,7.6,7.76,7.65,7.23,6.64,6.34,7.22,7.1,8.17,8.15,7.73,7.42,7.31,7.45,7.76,8.09,8.33,7.72,6.31,7.07,7.54,7.47,7.2,6.81,6.26,5.81,5.48,5.26,5.15,5.25,6.36,5.7,6.34,6.65,5.6,4.54,3.64,3.03,2.73,2.69,2.82,2.23,2.52,3.07,3.41,3.63,3.72,3.73,3.74,3.78,3.88,3.98,4.11,4.26,5.56,5.1,4.44,3.72,2.44,1.71,1.63,1.93,2.31,2.59,2.74,2.14,2.44,2.65,2.74,2.83,2.98,3.16,3.31,3.39,3.42,3.41,3.45,3.47,3.34,4.57,4.11,4.44,3.98,3.53,3.19,3.05,3.16,3.49,3.84,2.97,3.18,3.55,3.66,3.65,3.56,3.49,3.47,3.52,3.58,3.62,3.66,3.63,3.52,4.37,3.33,2.58,2.01,1.93,2.12,2.43,2.78,3.09,3.32,2.58,3.22,3.71,4.13,4.43,4.48,4.32,4.16,4.03,3.85,3.83,4.06,4.47,5.99,6.48,6.63,7.92,7.83,7.12,6.22,5.23,4.46,4.05,3.92,2.66,3.08,3.47,3.91,4.52,5.5,6.75
592,7.6,7.76,7.65,7.23,6.64,6.34,7.22,7.1,8.17,8.15,7.73,7.42,7.31,7.45,7.76,8.09,8.33,7.72,6.31,7.07,7.54,7.47,7.2,6.81,6.26,5.81,5.48,5.26,5.15,5.25,6.36,5.7,6.34,6.65,5.6,4.54,3.64,3.03,2.73,2.69,2.82,2.23,2.52,3.07,3.41,3.63,3.72,3.73,3.74,3.78,3.88,3.98,4.11,4.26,5.56,5.1,4.44,3.72,2.44,1.71,1.63,1.93,2.31,2.59,2.74,2.14,2.44,2.65,2.74,2.83,2.98,3.16,3.31,3.39,3.42,3.41,3.45,3.47,3.34,4.57,4.11,4.44,3.98,3.53,3.19,3.05,3.16,3.49,3.84,2.97,3.18,3.55,3.66,3.65,3.56,3.49,3.47,3.52,3.58,3.62,3.66,3.63,3.52,4.37,3.33,2.58,2.01,1.93,2.12,2.43,2.78,3.09,3.32,2.58,3.22,3.71,4.13,4.43,4.48,4.32,4.16,4.03,3.85,3.83,4.06,4.47,5.99,6.48,6.63,7.92,7.83,7.12,6.22,5.23,4.46,4.05,3.92,2.66,3.08,3.47,3.91,4.52,5.5,6.75,7.79,8.34,8.56,8.49,8.27,8.07,8.66,8.77,9.06,10.15,9.48,8.62,7.78,7.0,6.34,5.85,5.53,3.66,3.55,3.84,4.0,4.05,4.04,4.06
593,6.26,5.81,5.48,5.26,5.15,5.25,6.36,5.7,6.34,6.65,5.6,4.54,3.64,3.03,2.73,2.69,2.82,2.23,2.52,3.07,3.41,3.63,3.72,3.73,3.74,3.78,3.88,3.98,4.11,4.26,5.56,5.1,4.44,3.72,2.44,1.71,1.63,1.93,2.31,2.59,2.74,2.14,2.44,2.65,2.74,2.83,2.98,3.16,3.31,3.39,3.42,3.41,3.45,3.47,3.34,4.57,4.11,4.44,3.98,3.53,3.19,3.05,3.16,3.49,3.84,2.97,3.18,3.55,3.66,3.65,3.56,3.49,3.47,3.52,3.58,3.62,3.66,3.63,3.52,4.37,3.33,2.58,2.01,1.93,2.12,2.43,2.78,3.09,3.32,2.58,3.22,3.71,4.13,4.43,4.48,4.32,4.16,4.03,3.85,3.83,4.06,4.47,5.99,6.48,6.63,7.92,7.83,7.12,6.22,5.23,4.46,4.05,3.92,2.66,3.08,3.47,3.91,4.52,5.5,6.75,7.79,8.34,8.56,8.49,8.27,8.07,8.66,8.77,9.06,10.15,9.48,8.62,7.78,7.0,6.34,5.85,5.53,3.66,3.55,3.84,4.0,4.05,4.04,4.06,4.46,5.25,5.67,5.46,5.17,4.96,6.08,5.89,5.56,5.49,4.63,4.32,4.41,4.7,5.18,5.79,6.35,5.44,4.3,5.08,5.83,6.32,6.4,6.44
594,3.74,3.78,3.88,3.98,4.11,4.26,5.56,5.1,4.44,3.72,2.44,1.71,1.63,1.93,2.31,2.59,2.74,2.14,2.44,2.65,2.74,2.83,2.98,3.16,3.31,3.39,3.42,3.41,3.45,3.47,3.34,4.57,4.11,4.44,3.98,3.53,3.19,3.05,3.16,3.49,3.84,2.97,3.18,3.55,3.66,3.65,3.56,3.49,3.47,3.52,3.58,3.62,3.66,3.63,3.52,4.37,3.33,2.58,2.01,1.93,2.12,2.43,2.78,3.09,3.32,2.58,3.22,3.71,4.13,4.43,4.48,4.32,4.16,4.03,3.85,3.83,4.06,4.47,5.99,6.48,6.63,7.92,7.83,7.12,6.22,5.23,4.46,4.05,3.92,2.66,3.08,3.47,3.91,4.52,5.5,6.75,7.79,8.34,8.56,8.49,8.27,8.07,8.66,8.77,9.06,10.15,9.48,8.62,7.78,7.0,6.34,5.85,5.53,3.66,3.55,3.84,4.0,4.05,4.04,4.06,4.46,5.25,5.67,5.46,5.17,4.96,6.08,5.89,5.56,5.49,4.63,4.32,4.41,4.7,5.18,5.79,6.35,5.44,4.3,5.08,5.83,6.32,6.4,6.44,5.93,5.71,5.61,5.4,5.17,5.01,6.03,6.09,8.29,7.66,6.81,6.2,5.91,5.9,6.1,6.49,6.81,5.52,4.12,4.58,5.27,5.98,6.3,6.17
595,3.31,3.39,3.42,3.41,3.45,3.47,3.34,4.57,4.11,4.44,3.98,3.53,3.19,3.05,3.16,3.49,3.84,2.97,3.18,3.55,3.66,3.65,3.56,3.49,3.47,3.52,3.58,3.62,3.66,3.63,3.52,4.37,3.33,2.58,2.01,1.93,2.12,2.43,2.78,3.09,3.32,2.58,3.22,3.71,4.13,4.43,4.48,4.32,4.16,4.03,3.85,3.83,4.06,4.47,5.99,6.48,6.63,7.92,7.83,7.12,6.22,5.23,4.46,4.05,3.92,2.66,3.08,3.47,3.91,4.52,5.5,6.75,7.79,8.34,8.56,8.49,8.27,8.07,8.66,8.77,9.06,10.15,9.48,8.62,7.78,7.0,6.34,5.85,5.53,3.66,3.55,3.84,4.0,4.05,4.04,4.06,4.46,5.25,5.67,5.46,5.17,4.96,6.08,5.89,5.56,5.49,4.63,4.32,4.41,4.7,5.18,5.79,6.35,5.44,4.3,5.08,5.83,6.32,6.4,6.44,5.93,5.71,5.61,5.4,5.17,5.01,6.03,6.09,8.29,7.66,6.81,6.2,5.91,5.9,6.1,6.49,6.81,5.52,4.12,4.58,5.27,5.98,6.3,6.17,5.66,5.36,5.09,4.87,4.86,4.9,6.15,5.58,6.12,6.63,5.33,4.08,2.93,2.05,1.57,1.42,1.47,1.16,1.5,2.03,2.67,3.2,3.54,3.79
596,3.47,3.52,3.58,3.62,3.66,3.63,3.52,4.37,3.33,2.58,2.01,1.93,2.12,2.43,2.78,3.09,3.32,2.58,3.22,3.71,4.13,4.43,4.48,4.32,4.16,4.03,3.85,3.83,4.06,4.47,5.99,6.48,6.63,7.92,7.83,7.12,6.22,5.23,4.46,4.05,3.92,2.66,3.08,3.47,3.91,4.52,5.5,6.75,7.79,8.34,8.56,8.49,8.27,8.07,8.66,8.77,9.06,10.15,9.48,8.62,7.78,7.0,6.34,5.85,5.53,3.66,3.55,3.84,4.0,4.05,4.04,4.06,4.46,5.25,5.67,5.46,5.17,4.96,6.08,5.89,5.56,5.49,4.63,4.32,4.41,4.7,5.18,5.79,6.35,5.44,4.3,5.08,5.83,6.32,6.4,6.44,5.93,5.71,5.61,5.4,5.17,5.01,6.03,6.09,8.29,7.66,6.81,6.2,5.91,5.9,6.1,6.49,6.81,5.52,4.12,4.58,5.27,5.98,6.3,6.17,5.66,5.36,5.09,4.87,4.86,4.9,6.15,5.58,6.12,6.63,5.33,4.08,2.93,2.05,1.57,1.42,1.47,1.16,1.5,2.03,2.67,3.2,3.54,3.79,4.03,4.22,4.31,4.36,4.43,4.49,5.73,5.48,5.0,4.86,3.92,2.97,2.22,1.69,1.65,2.11,2.66,2.24,3.04,3.6,4.08,4.44,4.7,5.11
597,4.16,4.03,3.85,3.83,4.06,4.47,5.99,6.48,6.63,7.92,7.83,7.12,6.22,5.23,4.46,4.05,3.92,2.66,3.08,3.47,3.91,4.52,5.5,6.75,7.79,8.34,8.56,8.49,8.27,8.07,8.66,8.77,9.06,10.15,9.48,8.62,7.78,7.0,6.34,5.85,5.53,3.66,3.55,3.84,4.0,4.05,4.04,4.06,4.46,5.25,5.67,5.46,5.17,4.96,6.08,5.89,5.56,5.49,4.63,4.32,4.41,4.7,5.18,5.79,6.35,5.44,4.3,5.08,5.83,6.32,6.4,6.44,5.93,5.71,5.61,5.4,5.17,5.01,6.03,6.09,8.29,7.66,6.81,6.2,5.91,5.9,6.1,6.49,6.81,5.52,4.12,4.58,5.27,5.98,6.3,6.17,5.66,5.36,5.09,4.87,4.86,4.9,6.15,5.58,6.12,6.63,5.33,4.08,2.93,2.05,1.57,1.42,1.47,1.16,1.5,2.03,2.67,3.2,3.54,3.79,4.03,4.22,4.31,4.36,4.43,4.49,5.73,5.48,5.0,4.86,3.92,2.97,2.22,1.69,1.65,2.11,2.66,2.24,3.04,3.6,4.08,4.44,4.7,5.11,5.55,5.9,6.14,6.43,6.59,6.56,7.18,7.01,7.07,7.13,6.31,5.28,4.22,3.22,2.34,1.65,1.48,1.24,1.72,2.42,3.11,3.78,4.51,5.31
598,7.79,8.34,8.56,8.49,8.27,8.07,8.66,8.77,9.06,10.15,9.48,8.62,7.78,7.0,6.34,5.85,5.53,3.66,3.55,3.84,4.0,4.05,4.04,4.06,4.46,5.25,5.67,5.46,5.17,4.96,6.08,5.89,5.56,5.49,4.63,4.32,4.41,4.7,5.18,5.79,6.35,5.44,4.3,5.08,5.83,6.32,6.4,6.44,5.93,5.71,5.61,5.4,5.17,5.01,6.03,6.09,8.29,7.66,6.81,6.2,5.91,5.9,6.1,6.49,6.81,5.52,4.12,4.58,5.27,5.98,6.3,6.17,5.66,5.36,5.09,4.87,4.86,4.9,6.15,5.58,6.12,6.63,5.33,4.08,2.93,2.05,1.57,1.42,1.47,1.16,1.5,2.03,2.67,3.2,3.54,3.79,4.03,4.22,4.31,4.36,4.43,4.49,5.73,5.48,5.0,4.86,3.92,2.97,2.22,1.69,1.65,2.11,2.66,2.24,3.04,3.6,4.08,4.44,4.7,5.11,5.55,5.9,6.14,6.43,6.59,6.56,7.18,7.01,7.07,7.13,6.31,5.28,4.22,3.22,2.34,1.65,1.48,1.24,1.72,2.42,3.11,3.78,4.51,5.31,5.83,5.97,5.85,5.35,4.86,4.55,5.55,5.38,4.3,5.13,4.22,3.36,2.82,2.62,2.66,2.69,2.71,1.85,1.77,1.78,2.02,2.6,3.37,4.24
599,4.46,5.25,5.67,5.46,5.17,4.96,6.08,5.89,5.56,5.49,4.63,4.32,4.41,4.7,5.18,5.79,6.35,5.44,4.3,5.08,5.83,6.32,6.4,6.44,5.93,5.71,5.61,5.4,5.17,5.01,6.03,6.09,8.29,7.66,6.81,6.2,5.91,5.9,6.1,6.49,6.81,5.52,4.12,4.58,5.27,5.98,6.3,6.17,5.66,5.36,5.09,4.87,4.86,4.9,6.15,5.58,6.12,6.63,5.33,4.08,2.93,2.05,1.57,1.42,1.47,1.16,1.5,2.03,2.67,3.2,3.54,3.79,4.03,4.22,4.31,4.36,4.43,4.49,5.73,5.48,5.0,4.86,3.92,2.97,2.22,1.69,1.65,2.11,2.66,2.24,3.04,3.6,4.08,4.44,4.7,5.11,5.55,5.9,6.14,6.43,6.59,6.56,7.18,7.01,7.07,7.13,6.31,5.28,4.22,3.22,2.34,1.65,1.48,1.24,1.72,2.42,3.11,3.78,4.51,5.31,5.83,5.97,5.85,5.35,4.86,4.55,5.55,5.38,4.3,5.13,4.22,3.36,2.82,2.62,2.66,2.69,2.71,1.85,1.77,1.78,2.02,2.6,3.37,4.24,4.78,5.06,5.27,5.32,5.18,4.97,5.64,5.72,5.1,5.98,4.99,4.01,3.28,2.84,2.75,2.96,3.21,2.24,2.55,2.9,3.33,3.69,3.98,4.15
600,5.93,5.71,5.61,5.4,5.17,5.01,6.03,6.09,8.29,7.66,6.81,6.2,5.91,5.9,6.1,6.49,6.81,5.52,4.12,4.58,5.27,5.98,6.3,6.17,5.66,5.36,5.09,4.87,4.86,4.9,6.15,5.58,6.12,6.63,5.33,4.08,2.93,2.05,1.57,1.42,1.47,1.16,1.5,2.03,2.67,3.2,3.54,3.79,4.03,4.22,4.31,4.36,4.43,4.49,5.73,5.48,5.0,4.86,3.92,2.97,2.22,1.69,1.65,2.11,2.66,2.24,3.04,3.6,4.08,4.44,4.7,5.11,5.55,5.9,6.14,6.43,6.59,6.56,7.18,7.01,7.07,7.13,6.31,5.28,4.22,3.22,2.34,1.65,1.48,1.24,1.72,2.42,3.11,3.78,4.51,5.31,5.83,5.97,5.85,5.35,4.86,4.55,5.55,5.38,4.3,5.13,4.22,3.36,2.82,2.62,2.66,2.69,2.71,1.85,1.77,1.78,2.02,2.6,3.37,4.24,4.78,5.06,5.27,5.32,5.18,4.97,5.64,5.72,5.1,5.98,4.99,4.01,3.28,2.84,2.75,2.96,3.21,2.24,2.55,2.9,3.33,3.69,3.98,4.15,4.14,4.1,4.13,4.28,4.49,4.59,5.82,6.09,5.68,6.03,5.4,4.82,4.46,4.3,4.25,4.34,4.43,2.95,3.31,3.51,3.55,3.52,3.44,3.31
601,5.66,5.36,5.09,4.87,4.86,4.9,6.15,5.58,6.12,6.63,5.33,4.08,2.93,2.05,1.57,1.42,1.47,1.16,1.5,2.03,2.67,3.2,3.54,3.79,4.03,4.22,4.31,4.36,4.43,4.49,5.73,5.48,5.0,4.86,3.92,2.97,2.22,1.69,1.65,2.11,2.66,2.24,3.04,3.6,4.08,4.44,4.7,5.11,5.55,5.9,6.14,6.43,6.59,6.56,7.18,7.01,7.07,7.13,6.31,5.28,4.22,3.22,2.34,1.65,1.48,1.24,1.72,2.42,3.11,3.78,4.51,5.31,5.83,5.97,5.85,5.35,4.86,4.55,5.55,5.38,4.3,5.13,4.22,3.36,2.82,2.62,2.66,2.69,2.71,1.85,1.77,1.78,2.02,2.6,3.37,4.24,4.78,5.06,5.27,5.32,5.18,4.97,5.64,5.72,5.1,5.98,4.99,4.01,3.28,2.84,2.75,2.96,3.21,2.24,2.55,2.9,3.33,3.69,3.98,4.15,4.14,4.1,4.13,4.28,4.49,4.59,5.82,6.09,5.68,6.03,5.4,4.82,4.46,4.3,4.25,4.34,4.43,2.95,3.31,3.51,3.55,3.52,3.44,3.31,3.16,3.12,3.13,3.12,3.13,3.1,2.95,4.06,3.56,3.8,4.45,4.9,5.11,5.24,5.25,5.15,4.88,3.01,3.13,3.1,3.01,2.88,2.69,2.44
602,4.03,4.22,4.31,4.36,4.43,4.49,5.73,5.48,5.0,4.86,3.92,2.97,2.22,1.69,1.65,2.11,2.66,2.24,3.04,3.6,4.08,4.44,4.7,5.11,5.55,5.9,6.14,6.43,6.59,6.56,7.18,7.01,7.07,7.13,6.31,5.28,4.22,3.22,2.34,1.65,1.48,1.24,1.72,2.42,3.11,3.78,4.51,5.31,5.83,5.97,5.85,5.35,4.86,4.55,5.55,5.38,4.3,5.13,4.22,3.36,2.82,2.62,2.66,2.69,2.71,1.85,1.77,1.78,2.02,2.6,3.37,4.24,4.78,5.06,5.27,5.32,5.18,4.97,5.64,5.72,5.1,5.98,4.99,4.01,3.28,2.84,2.75,2.96,3.21,2.24,2.55,2.9,3.33,3.69,3.98,4.15,4.14,4.1,4.13,4.28,4.49,4.59,5.82,6.09,5.68,6.03,5.4,4.82,4.46,4.3,4.25,4.34,4.43,2.95,3.31,3.51,3.55,3.52,3.44,3.31,3.16,3.12,3.13,3.12,3.13,3.1,2.95,4.06,3.56,3.8,4.45,4.9,5.11,5.24,5.25,5.15,4.88,3.01,3.13,3.1,3.01,2.88,2.69,2.44,2.14,1.78,1.32,0.89,0.7,0.9,1.11,1.5,1.16,1.27,2.46,2.96,3.33,3.62,3.79,3.76,3.57,2.36,2.73,2.83,2.83,2.76,2.63,2.47
603,5.55,5.9,6.14,6.43,6.59,6.56,7.18,7.01,7.07,7.13,6.31,5.28,4.22,3.22,2.34,1.65,1.48,1.24,1.72,2.42,3.11,3.78,4.51,5.31,5.83,5.97,5.85,5.35,4.86,4.55,5.55,5.38,4.3,5.13,4.22,3.36,2.82,2.62,2.66,2.69,2.71,1.85,1.77,1.78,2.02,2.6,3.37,4.24,4.78,5.06,5.27,5.32,5.18,4.97,5.64,5.72,5.1,5.98,4.99,4.01,3.28,2.84,2.75,2.96,3.21,2.24,2.55,2.9,3.33,3.69,3.98,4.15,4.14,4.1,4.13,4.28,4.49,4.59,5.82,6.09,5.68,6.03,5.4,4.82,4.46,4.3,4.25,4.34,4.43,2.95,3.31,3.51,3.55,3.52,3.44,3.31,3.16,3.12,3.13,3.12,3.13,3.1,2.95,4.06,3.56,3.8,4.45,4.9,5.11,5.24,5.25,5.15,4.88,3.01,3.13,3.1,3.01,2.88,2.69,2.44,2.14,1.78,1.32,0.89,0.7,0.9,1.11,1.5,1.16,1.27,2.46,2.96,3.33,3.62,3.79,3.76,3.57,2.36,2.73,2.83,2.83,2.76,2.63,2.47,2.27,2.14,2.2,2.47,2.81,3.15,3.47,5.03,4.63,4.97,4.62,4.02,3.29,2.55,1.91,1.5,1.29,0.88,1.33,2.19,2.95,3.37,3.58,3.79
604,5.83,5.97,5.85,5.35,4.86,4.55,5.55,5.38,4.3,5.13,4.22,3.36,2.82,2.62,2.66,2.69,2.71,1.85,1.77,1.78,2.02,2.6,3.37,4.24,4.78,5.06,5.27,5.32,5.18,4.97,5.64,5.72,5.1,5.98,4.99,4.01,3.28,2.84,2.75,2.96,3.21,2.24,2.55,2.9,3.33,3.69,3.98,4.15,4.14,4.1,4.13,4.28,4.49,4.59,5.82,6.09,5.68,6.03,5.4,4.82,4.46,4.3,4.25,4.34,4.43,2.95,3.31,3.51,3.55,3.52,3.44,3.31,3.16,3.12,3.13,3.12,3.13,3.1,2.95,4.06,3.56,3.8,4.45,4.9,5.11,5.24,5.25,5.15,4.88,3.01,3.13,3.1,3.01,2.88,2.69,2.44,2.14,1.78,1.32,0.89,0.7,0.9,1.11,1.5,1.16,1.27,2.46,2.96,3.33,3.62,3.79,3.76,3.57,2.36,2.73,2.83,2.83,2.76,2.63,2.47,2.27,2.14,2.2,2.47,2.81,3.15,3.47,5.03,4.63,4.97,4.62,4.02,3.29,2.55,1.91,1.5,1.29,0.88,1.33,2.19,2.95,3.37,3.58,3.79,4.07,4.31,4.38,4.4,4.55,4.81,5.86,6.0,5.35,6.04,6.01,5.14,4.23,3.42,2.74,2.28,1.89,1.06,1.21,2.1,2.81,3.23,3.49,3.65
605,4.78,5.06,5.27,5.32,5.18,4.97,5.64,5.72,5.1,5.98,4.99,4.01,3.28,2.84,2.75,2.96,3.21,2.24,2.55,2.9,3.33,3.69,3.98,4.15,4.14,4.1,4.13,4.28,4.49,4.59,5.82,6.09,5.68,6.03,5.4,4.82,4.46,4.3,4.25,4.34,4.43,2.95,3.31,3.51,3.55,3.52,3.44,3.31,3.16,3.12,3.13,3.12,3.13,3.1,2.95,4.06,3.56,3.8,4.45,4.9,5.11,5.24,5.25,5.15,4.88,3.01,3.13,3.1,3.01,2.88,2.69,2.44,2.14,1.78,1.32,0.89,0.7,0.9,1.11,1.5,1.16,1.27,2.46,2.96,3.33,3.62,3.79,3.76,3.57,2.36,2.73,2.83,2.83,2.76,2.63,2.47,2.27,2.14,2.2,2.47,2.81,3.15,3.47,5.03,4.63,4.97,4.62,4.02,3.29,2.55,1.91,1.5,1.29,0.88,1.33,2.19,2.95,3.37,3.58,3.79,4.07,4.31,4.38,4.4,4.55,4.81,5.86,6.0,5.35,6.04,6.01,5.14,4.23,3.42,2.74,2.28,1.89,1.06,1.21,2.1,2.81,3.23,3.49,3.65,3.76,3.83,3.84,3.85,3.89,3.97,4.31,5.48,4.8,6.19,5.93,5.34,4.78,4.24,3.73,3.35,3.03,2.04,2.18,2.02,1.72,1.41,1.21,1.2
606,4.14,4.1,4.13,4.28,4.49,4.59,5.82,6.09,5.68,6.03,5.4,4.82,4.46,4.3,4.25,4.34,4.43,2.95,3.31,3.51,3.55,3.52,3.44,3.31,3.16,3.12,3.13,3.12,3.13,3.1,2.95,4.06,3.56,3.8,4.45,4.9,5.11,5.24,5.25,5.15,4.88,3.01,3.13,3.1,3.01,2.88,2.69,2.44,2.14,1.78,1.32,0.89,0.7,0.9,1.11,1.5,1.16,1.27,2.46,2.96,3.33,3.62,3.79,3.76,3.57,2.36,2.73,2.83,2.83,2.76,2.63,2.47,2.27,2.14,2.2,2.47,2.81,3.15,3.47,5.03,4.63,4.97,4.62,4.02,3.29,2.55,1.91,1.5,1.29,0.88,1.33,2.19,2.95,3.37,3.58,3.79,4.07,4.31,4.38,4.4,4.55,4.81,5.86,6.0,5.35,6.04,6.01,5.14,4.23,3.42,2.74,2.28,1.89,1.06,1.21,2.1,2.81,3.23,3.49,3.65,3.76,3.83,3.84,3.85,3.89,3.97,4.31,5.48,4.8,6.19,5.93,5.34,4.78,4.24,3.73,3.35,3.03,2.04,2.18,2.02,1.72,1.41,1.21,1.2,1.42,1.84,2.36,2.94,3.58,4.41,6.06,7.2,7.36,8.7,8.74,7.9,6.86,5.78,4.79,4.06,3.46,2.21,2.24,2.13,2.0,1.96,2.03,2.14
607,3.16,3.12,3.13,3.12,3.13,3.1,2.95,4.06,3.56,3.8,4.45,4.9,5.11,5.24,5.25,5.15,4.88,3.01,3.13,3.1,3.01,2.88,2.69,2.44,2.14,1.78,1.32,0.89,0.7,0.9,1.11,1.5,1.16,1.27,2.46,2.96,3.33,3.62,3.79,3.76,3.57,2.36,2.73,2.83,2.83,2.76,2.63,2.47,2.27,2.14,2.2,2.47,2.81,3.15,3.47,5.03,4.63,4.97,4.62,4.02,3.29,2.55,1.91,1.5,1.29,0.88,1.33,2.19,2.95,3.37,3.58,3.79,4.07,4.31,4.38,4.4,4.55,4.81,5.86,6.0,5.35,6.04,6.01,5.14,4.23,3.42,2.74,2.28,1.89,1.06,1.21,2.1,2.81,3.23,3.49,3.65,3.76,3.83,3.84,3.85,3.89,3.97,4.31,5.48,4.8,6.19,5.93,5.34,4.78,4.24,3.73,3.35,3.03,2.04,2.18,2.02,1.72,1.41,1.21,1.2,1.42,1.84,2.36,2.94,3.58,4.41,6.06,7.2,7.36,8.7,8.74,7.9,6.86,5.78,4.79,4.06,3.46,2.21,2.24,2.13,2.0,1.96,2.03,2.14,2.26,2.4,2.57,2.71,2.84,2.96,2.83,3.81,3.29,3.43,3.08,2.5,1.86,1.11,0.82,1.38,1.85,1.58,1.92,2.35,2.73,2.86,2.84,2.87
608,2.14,1.78,1.32,0.89,0.7,0.9,1.11,1.5,1.16,1.27,2.46,2.96,3.33,3.62,3.79,3.76,3.57,2.36,2.73,2.83,2.83,2.76,2.63,2.47,2.27,2.14,2.2,2.47,2.81,3.15,3.47,5.03,4.63,4.97,4.62,4.02,3.29,2.55,1.91,1.5,1.29,0.88,1.33,2.19,2.95,3.37,3.58,3.79,4.07,4.31,4.38,4.4,4.55,4.81,5.86,6.0,5.35,6.04,6.01,5.14,4.23,3.42,2.74,2.28,1.89,1.06,1.21,2.1,2.81,3.23,3.49,3.65,3.76,3.83,3.84,3.85,3.89,3.97,4.31,5.48,4.8,6.19,5.93,5.34,4.78,4.24,3.73,3.35,3.03,2.04,2.18,2.02,1.72,1.41,1.21,1.2,1.42,1.84,2.36,2.94,3.58,4.41,6.06,7.2,7.36,8.7,8.74,7.9,6.86,5.78,4.79,4.06,3.46,2.21,2.24,2.13,2.0,1.96,2.03,2.14,2.26,2.4,2.57,2.71,2.84,2.96,2.83,3.81,3.29,3.43,3.08,2.5,1.86,1.11,0.82,1.38,1.85,1.58,1.92,2.35,2.73,2.86,2.84,2.87,3.0,3.15,3.36,3.68,4.07,4.51,5.79,6.31,5.77,5.77,5.03,4.66,4.79,5.33,6.02,6.56,6.77,5.17,4.57,5.08,5.41,5.77,6.47,7.19
609,2.27,2.14,2.2,2.47,2.81,3.15,3.47,5.03,4.63,4.97,4.62,4.02,3.29,2.55,1.91,1.5,1.29,0.88,1.33,2.19,2.95,3.37,3.58,3.79,4.07,4.31,4.38,4.4,4.55,4.81,5.86,6.0,5.35,6.04,6.01,5.14,4.23,3.42,2.74,2.28,1.89,1.06,1.21,2.1,2.81,3.23,3.49,3.65,3.76,3.83,3.84,3.85,3.89,3.97,4.31,5.48,4.8,6.19,5.93,5.34,4.78,4.24,3.73,3.35,3.03,2.04,2.18,2.02,1.72,1.41,1.21,1.2,1.42,1.84,2.36,2.94,3.58,4.41,6.06,7.2,7.36,8.7,8.74,7.9,6.86,5.78,4.79,4.06,3.46,2.21,2.24,2.13,2.0,1.96,2.03,2.14,2.26,2.4,2.57,2.71,2.84,2.96,2.83,3.81,3.29,3.43,3.08,2.5,1.86,1.11,0.82,1.38,1.85,1.58,1.92,2.35,2.73,2.86,2.84,2.87,3.0,3.15,3.36,3.68,4.07,4.51,5.79,6.31,5.77,5.77,5.03,4.66,4.79,5.33,6.02,6.56,6.77,5.17,4.57,5.08,5.41,5.77,6.47,7.19,7.18,6.83,6.88,7.06,7.01,6.74,6.97,7.9,8.71,7.94,6.9,5.7,4.55,3.75,3.52,3.83,4.39,3.47,3.27,3.67,3.76,3.78,3.76,3.77
610,4.07,4.31,4.38,4.4,4.55,4.81,5.86,6.0,5.35,6.04,6.01,5.14,4.23,3.42,2.74,2.28,1.89,1.06,1.21,2.1,2.81,3.23,3.49,3.65,3.76,3.83,3.84,3.85,3.89,3.97,4.31,5.48,4.8,6.19,5.93,5.34,4.78,4.24,3.73,3.35,3.03,2.04,2.18,2.02,1.72,1.41,1.21,1.2,1.42,1.84,2.36,2.94,3.58,4.41,6.06,7.2,7.36,8.7,8.74,7.9,6.86,5.78,4.79,4.06,3.46,2.21,2.24,2.13,2.0,1.96,2.03,2.14,2.26,2.4,2.57,2.71,2.84,2.96,2.83,3.81,3.29,3.43,3.08,2.5,1.86,1.11,0.82,1.38,1.85,1.58,1.92,2.35,2.73,2.86,2.84,2.87,3.0,3.15,3.36,3.68,4.07,4.51,5.79,6.31,5.77,5.77,5.03,4.66,4.79,5.33,6.02,6.56,6.77,5.17,4.57,5.08,5.41,5.77,6.47,7.19,7.18,6.83,6.88,7.06,7.01,6.74,6.97,7.9,8.71,7.94,6.9,5.7,4.55,3.75,3.52,3.83,4.39,3.47,3.27,3.67,3.76,3.78,3.76,3.77,3.98,4.22,4.12,3.67,3.3,3.18,4.25,4.93,5.59,6.17,5.99,5.43,4.68,3.84,2.98,2.21,1.66,1.19,1.58,1.91,2.18,2.42,2.6,2.72
611,3.76,3.83,3.84,3.85,3.89,3.97,4.31,5.48,4.8,6.19,5.93,5.34,4.78,4.24,3.73,3.35,3.03,2.04,2.18,2.02,1.72,1.41,1.21,1.2,1.42,1.84,2.36,2.94,3.58,4.41,6.06,7.2,7.36,8.7,8.74,7.9,6.86,5.78,4.79,4.06,3.46,2.21,2.24,2.13,2.0,1.96,2.03,2.14,2.26,2.4,2.57,2.71,2.84,2.96,2.83,3.81,3.29,3.43,3.08,2.5,1.86,1.11,0.82,1.38,1.85,1.58,1.92,2.35,2.73,2.86,2.84,2.87,3.0,3.15,3.36,3.68,4.07,4.51,5.79,6.31,5.77,5.77,5.03,4.66,4.79,5.33,6.02,6.56,6.77,5.17,4.57,5.08,5.41,5.77,6.47,7.19,7.18,6.83,6.88,7.06,7.01,6.74,6.97,7.9,8.71,7.94,6.9,5.7,4.55,3.75,3.52,3.83,4.39,3.47,3.27,3.67,3.76,3.78,3.76,3.77,3.98,4.22,4.12,3.67,3.3,3.18,4.25,4.93,5.59,6.17,5.99,5.43,4.68,3.84,2.98,2.21,1.66,1.19,1.58,1.91,2.18,2.42,2.6,2.72,2.82,2.89,2.97,3.07,3.16,3.22,3.14,3.93,2.79,1.85,0.67,0.6,0.86,1.26,1.72,2.14,2.42,1.89,2.19,2.15,1.98,1.82,1.67,1.53
612,1.42,1.84,2.36,2.94,3.58,4.41,6.06,7.2,7.36,8.7,8.74,7.9,6.86,5.78,4.79,4.06,3.46,2.21,2.24,2.13,2.0,1.96,2.03,2.14,2.26,2.4,2.57,2.71,2.84,2.96,2.83,3.81,3.29,3.43,3.08,2.5,1.86,1.11,0.82,1.38,1.85,1.58,1.92,2.35,2.73,2.86,2.84,2.87,3.0,3.15,3.36,3.68,4.07,4.51,5.79,6.31,5.77,5.77,5.03,4.66,4.79,5.33,6.02,6.56,6.77,5.17,4.57,5.08,5.41,5.77,6.47,7.19,7.18,6.83,6.88,7.06,7.01,6.74,6.97,7.9,8.71,7.94,6.9,5.7,4.55,3.75,3.52,3.83,4.39,3.47,3.27,3.67,3.76,3.78,3.76,3.77,3.98,4.22,4.12,3.67,3.3,3.18,4.25,4.93,5.59,6.17,5.99,5.43,4.68,3.84,2.98,2.21,1.66,1.19,1.58,1.91,2.18,2.42,2.6,2.72,2.82,2.89,2.97,3.07,3.16,3.22,3.14,3.93,2.79,1.85,0.67,0.6,0.86,1.26,1.72,2.14,2.42,1.89,2.19,2.15,1.98,1.82,1.67,1.53,1.42,1.32,1.19,0.97,0.8,0.74,0.68,0.99,0.44,2.01,3.68,4.25,4.57,4.76,4.76,4.59,4.24,2.64,2.6,2.32,2.03,1.81,1.74,1.88
613,2.26,2.4,2.57,2.71,2.84,2.96,2.83,3.81,3.29,3.43,3.08,2.5,1.86,1.11,0.82,1.38,1.85,1.58,1.92,2.35,2.73,2.86,2.84,2.87,3.0,3.15,3.36,3.68,4.07,4.51,5.79,6.31,5.77,5.77,5.03,4.66,4.79,5.33,6.02,6.56,6.77,5.17,4.57,5.08,5.41,5.77,6.47,7.19,7.18,6.83,6.88,7.06,7.01,6.74,6.97,7.9,8.71,7.94,6.9,5.7,4.55,3.75,3.52,3.83,4.39,3.47,3.27,3.67,3.76,3.78,3.76,3.77,3.98,4.22,4.12,3.67,3.3,3.18,4.25,4.93,5.59,6.17,5.99,5.43,4.68,3.84,2.98,2.21,1.66,1.19,1.58,1.91,2.18,2.42,2.6,2.72,2.82,2.89,2.97,3.07,3.16,3.22,3.14,3.93,2.79,1.85,0.67,0.6,0.86,1.26,1.72,2.14,2.42,1.89,2.19,2.15,1.98,1.82,1.67,1.53,1.42,1.32,1.19,0.97,0.8,0.74,0.68,0.99,0.44,2.01,3.68,4.25,4.57,4.76,4.76,4.59,4.24,2.64,2.6,2.32,2.03,1.81,1.74,1.88,2.09,2.28,2.44,2.54,2.57,2.57,2.38,3.0,2.53,1.66,1.15,0.78,0.4,0.12,0.53,0.93,1.28,1.34,1.88,2.44,2.98,3.53,4.05,4.35
614,3.0,3.15,3.36,3.68,4.07,4.51,5.79,6.31,5.77,5.77,5.03,4.66,4.79,5.33,6.02,6.56,6.77,5.17,4.57,5.08,5.41,5.77,6.47,7.19,7.18,6.83,6.88,7.06,7.01,6.74,6.97,7.9,8.71,7.94,6.9,5.7,4.55,3.75,3.52,3.83,4.39,3.47,3.27,3.67,3.76,3.78,3.76,3.77,3.98,4.22,4.12,3.67,3.3,3.18,4.25,4.93,5.59,6.17,5.99,5.43,4.68,3.84,2.98,2.21,1.66,1.19,1.58,1.91,2.18,2.42,2.6,2.72,2.82,2.89,2.97,3.07,3.16,3.22,3.14,3.93,2.79,1.85,0.67,0.6,0.86,1.26,1.72,2.14,2.42,1.89,2.19,2.15,1.98,1.82,1.67,1.53,1.42,1.32,1.19,0.97,0.8,0.74,0.68,0.99,0.44,2.01,3.68,4.25,4.57,4.76,4.76,4.59,4.24,2.64,2.6,2.32,2.03,1.81,1.74,1.88,2.09,2.28,2.44,2.54,2.57,2.57,2.38,3.0,2.53,1.66,1.15,0.78,0.4,0.12,0.53,0.93,1.28,1.34,1.88,2.44,2.98,3.53,4.05,4.35,4.69,5.16,5.74,5.95,6.06,6.22,6.91,7.16,6.89,7.06,7.27,6.82,6.09,5.2,4.6,4.31,3.8,2.73,3.08,3.28,3.54,3.87,4.34,4.96
615,7.18,6.83,6.88,7.06,7.01,6.74,6.97,7.9,8.71,7.94,6.9,5.7,4.55,3.75,3.52,3.83,4.39,3.47,3.27,3.67,3.76,3.78,3.76,3.77,3.98,4.22,4.12,3.67,3.3,3.18,4.25,4.93,5.59,6.17,5.99,5.43,4.68,3.84,2.98,2.21,1.66,1.19,1.58,1.91,2.18,2.42,2.6,2.72,2.82,2.89,2.97,3.07,3.16,3.22,3.14,3.93,2.79,1.85,0.67,0.6,0.86,1.26,1.72,2.14,2.42,1.89,2.19,2.15,1.98,1.82,1.67,1.53,1.42,1.32,1.19,0.97,0.8,0.74,0.68,0.99,0.44,2.01,3.68,4.25,4.57,4.76,4.76,4.59,4.24,2.64,2.6,2.32,2.03,1.81,1.74,1.88,2.09,2.28,2.44,2.54,2.57,2.57,2.38,3.0,2.53,1.66,1.15,0.78,0.4,0.12,0.53,0.93,1.28,1.34,1.88,2.44,2.98,3.53,4.05,4.35,4.69,5.16,5.74,5.95,6.06,6.22,6.91,7.16,6.89,7.06,7.27,6.82,6.09,5.2,4.6,4.31,3.8,2.73,3.08,3.28,3.54,3.87,4.34,4.96,5.8,6.64,7.31,7.78,8.08,8.32,8.91,9.52,9.62,10.62,10.71,10.14,9.16,7.9,6.56,5.05,3.67,2.47,3.01,3.38,3.76,4.28,4.93,5.34
616,3.98,4.22,4.12,3.67,3.3,3.18,4.25,4.93,5.59,6.17,5.99,5.43,4.68,3.84,2.98,2.21,1.66,1.19,1.58,1.91,2.18,2.42,2.6,2.72,2.82,2.89,2.97,3.07,3.16,3.22,3.14,3.93,2.79,1.85,0.67,0.6,0.86,1.26,1.72,2.14,2.42,1.89,2.19,2.15,1.98,1.82,1.67,1.53,1.42,1.32,1.19,0.97,0.8,0.74,0.68,0.99,0.44,2.01,3.68,4.25,4.57,4.76,4.76,4.59,4.24,2.64,2.6,2.32,2.03,1.81,1.74,1.88,2.09,2.28,2.44,2.54,2.57,2.57,2.38,3.0,2.53,1.66,1.15,0.78,0.4,0.12,0.53,0.93,1.28,1.34,1.88,2.44,2.98,3.53,4.05,4.35,4.69,5.16,5.74,5.95,6.06,6.22,6.91,7.16,6.89,7.06,7.27,6.82,6.09,5.2,4.6,4.31,3.8,2.73,3.08,3.28,3.54,3.87,4.34,4.96,5.8,6.64,7.31,7.78,8.08,8.32,8.91,9.52,9.62,10.62,10.71,10.14,9.16,7.9,6.56,5.05,3.67,2.47,3.01,3.38,3.76,4.28,4.93,5.34,5.64,5.99,6.35,6.41,6.27,6.17,6.59,6.87,6.81,7.29,7.9,8.01,7.98,7.78,7.3,6.54,5.32,3.16,3.12,2.78,2.34,1.89,1.45,1.03
617,2.82,2.89,2.97,3.07,3.16,3.22,3.14,3.93,2.79,1.85,0.67,0.6,0.86,1.26,1.72,2.14,2.42,1.89,2.19,2.15,1.98,1.82,1.67,1.53,1.42,1.32,1.19,0.97,0.8,0.74,0.68,0.99,0.44,2.01,3.68,4.25,4.57,4.76,4.76,4.59,4.24,2.64,2.6,2.32,2.03,1.81,1.74,1.88,2.09,2.28,2.44,2.54,2.57,2.57,2.38,3.0,2.53,1.66,1.15,0.78,0.4,0.12,0.53,0.93,1.28,1.34,1.88,2.44,2.98,3.53,4.05,4.35,4.69,5.16,5.74,5.95,6.06,6.22,6.91,7.16,6.89,7.06,7.27,6.82,6.09,5.2,4.6,4.31,3.8,2.73,3.08,3.28,3.54,3.87,4.34,4.96,5.8,6.64,7.31,7.78,8.08,8.32,8.91,9.52,9.62,10.62,10.71,10.14,9.16,7.9,6.56,5.05,3.67,2.47,3.01,3.38,3.76,4.28,4.93,5.34,5.64,5.99,6.35,6.41,6.27,6.17,6.59,6.87,6.81,7.29,7.9,8.01,7.98,7.78,7.3,6.54,5.32,3.16,3.12,2.78,2.34,1.89,1.45,1.03,0.65,0.27,0.15,0.55,1.01,1.44,1.61,2.64,2.47,2.45,3.08,3.82,4.23,4.5,4.56,4.39,3.95,2.6,2.84,2.71,2.52,2.32,2.19,2.22
618,1.42,1.32,1.19,0.97,0.8,0.74,0.68,0.99,0.44,2.01,3.68,4.25,4.57,4.76,4.76,4.59,4.24,2.64,2.6,2.32,2.03,1.81,1.74,1.88,2.09,2.28,2.44,2.54,2.57,2.57,2.38,3.0,2.53,1.66,1.15,0.78,0.4,0.12,0.53,0.93,1.28,1.34,1.88,2.44,2.98,3.53,4.05,4.35,4.69,5.16,5.74,5.95,6.06,6.22,6.91,7.16,6.89,7.06,7.27,6.82,6.09,5.2,4.6,4.31,3.8,2.73,3.08,3.28,3.54,3.87,4.34,4.96,5.8,6.64,7.31,7.78,8.08,8.32,8.91,9.52,9.62,10.62,10.71,10.14,9.16,7.9,6.56,5.05,3.67,2.47,3.01,3.38,3.76,4.28,4.93,5.34,5.64,5.99,6.35,6.41,6.27,6.17,6.59,6.87,6.81,7.29,7.9,8.01,7.98,7.78,7.3,6.54,5.32,3.16,3.12,2.78,2.34,1.89,1.45,1.03,0.65,0.27,0.15,0.55,1.01,1.44,1.61,2.64,2.47,2.45,3.08,3.82,4.23,4.5,4.56,4.39,3.95,2.6,2.84,2.71,2.52,2.32,2.19,2.22,2.37,2.64,2.93,3.14,3.19,3.13,2.96,3.66,3.27,3.36,3.03,2.29,1.7,1.91,2.64,3.43,4.04,3.14,3.81,4.57,5.61,7.1,8.2,8.7
619,2.09,2.28,2.44,2.54,2.57,2.57,2.38,3.0,2.53,1.66,1.15,0.78,0.4,0.12,0.53,0.93,1.28,1.34,1.88,2.44,2.98,3.53,4.05,4.35,4.69,5.16,5.74,5.95,6.06,6.22,6.91,7.16,6.89,7.06,7.27,6.82,6.09,5.2,4.6,4.31,3.8,2.73,3.08,3.28,3.54,3.87,4.34,4.96,5.8,6.64,7.31,7.78,8.08,8.32,8.91,9.52,9.62,10.62,10.71,10.14,9.16,7.9,6.56,5.05,3.67,2.47,3.01,3.38,3.76,4.28,4.93,5.34,5.64,5.99,6.35,6.41,6.27,6.17,6.59,6.87,6.81,7.29,7.9,8.01,7.98,7.78,7.3,6.54,5.32,3.16,3.12,2.78,2.34,1.89,1.45,1.03,0.65,0.27,0.15,0.55,1.01,1.44,1.61,2.64,2.47,2.45,3.08,3.82,4.23,4.5,4.56,4.39,3.95,2.6,2.84,2.71,2.52,2.32,2.19,2.22,2.37,2.64,2.93,3.14,3.19,3.13,2.96,3.66,3.27,3.36,3.03,2.29,1.7,1.91,2.64,3.43,4.04,3.14,3.81,4.57,5.61,7.1,8.2,8.7,7.78,6.96,6.62,6.25,5.75,5.1,4.94,4.77,3.5,3.54,2.99,2.9,3.18,3.71,4.29,4.76,5.02,3.72,3.83,3.99,3.94,3.85,3.83,3.85
620,4.69,5.16,5.74,5.95,6.06,6.22,6.91,7.16,6.89,7.06,7.27,6.82,6.09,5.2,4.6,4.31,3.8,2.73,3.08,3.28,3.54,3.87,4.34,4.96,5.8,6.64,7.31,7.78,8.08,8.32,8.91,9.52,9.62,10.62,10.71,10.14,9.16,7.9,6.56,5.05,3.67,2.47,3.01,3.38,3.76,4.28,4.93,5.34,5.64,5.99,6.35,6.41,6.27,6.17,6.59,6.87,6.81,7.29,7.9,8.01,7.98,7.78,7.3,6.54,5.32,3.16,3.12,2.78,2.34,1.89,1.45,1.03,0.65,0.27,0.15,0.55,1.01,1.44,1.61,2.64,2.47,2.45,3.08,3.82,4.23,4.5,4.56,4.39,3.95,2.6,2.84,2.71,2.52,2.32,2.19,2.22,2.37,2.64,2.93,3.14,3.19,3.13,2.96,3.66,3.27,3.36,3.03,2.29,1.7,1.91,2.64,3.43,4.04,3.14,3.81,4.57,5.61,7.1,8.2,8.7,7.78,6.96,6.62,6.25,5.75,5.1,4.94,4.77,3.5,3.54,2.99,2.9,3.18,3.71,4.29,4.76,5.02,3.72,3.83,3.99,3.94,3.85,3.83,3.85,3.85,3.73,3.5,3.27,3.11,3.15,3.54,4.76,4.69,4.88,4.6,3.94,3.28,2.93,2.9,3.18,3.7,2.98,3.59,4.08,4.28,4.33,4.45,4.7
621,5.8,6.64,7.31,7.78,8.08,8.32,8.91,9.52,9.62,10.62,10.71,10.14,9.16,7.9,6.56,5.05,3.67,2.47,3.01,3.38,3.76,4.28,4.93,5.34,5.64,5.99,6.35,6.41,6.27,6.17,6.59,6.87,6.81,7.29,7.9,8.01,7.98,7.78,7.3,6.54,5.32,3.16,3.12,2.78,2.34,1.89,1.45,1.03,0.65,0.27,0.15,0.55,1.01,1.44,1.61,2.64,2.47,2.45,3.08,3.82,4.23,4.5,4.56,4.39,3.95,2.6,2.84,2.71,2.52,2.32,2.19,2.22,2.37,2.64,2.93,3.14,3.19,3.13,2.96,3.66,3.27,3.36,3.03,2.29,1.7,1.91,2.64,3.43,4.04,3.14,3.81,4.57,5.61,7.1,8.2,8.7,7.78,6.96,6.62,6.25,5.75,5.1,4.94,4.77,3.5,3.54,2.99,2.9,3.18,3.71,4.29,4.76,5.02,3.72,3.83,3.99,3.94,3.85,3.83,3.85,3.85,3.73,3.5,3.27,3.11,3.15,3.54,4.76,4.69,4.88,4.6,3.94,3.28,2.93,2.9,3.18,3.7,2.98,3.59,4.08,4.28,4.33,4.45,4.7,4.83,4.91,4.85,4.68,4.5,4.22,4.32,4.71,3.78,3.33,3.72,3.18,2.35,1.64,1.21,1.19,1.31,1.63,2.47,3.21,3.67,4.08,4.47,4.55
622,5.64,5.99,6.35,6.41,6.27,6.17,6.59,6.87,6.81,7.29,7.9,8.01,7.98,7.78,7.3,6.54,5.32,3.16,3.12,2.78,2.34,1.89,1.45,1.03,0.65,0.27,0.15,0.55,1.01,1.44,1.61,2.64,2.47,2.45,3.08,3.82,4.23,4.5,4.56,4.39,3.95,2.6,2.84,2.71,2.52,2.32,2.19,2.22,2.37,2.64,2.93,3.14,3.19,3.13,2.96,3.66,3.27,3.36,3.03,2.29,1.7,1.91,2.64,3.43,4.04,3.14,3.81,4.57,5.61,7.1,8.2,8.7,7.78,6.96,6.62,6.25,5.75,5.1,4.94,4.77,3.5,3.54,2.99,2.9,3.18,3.71,4.29,4.76,5.02,3.72,3.83,3.99,3.94,3.85,3.83,3.85,3.85,3.73,3.5,3.27,3.11,3.15,3.54,4.76,4.69,4.88,4.6,3.94,3.28,2.93,2.9,3.18,3.7,2.98,3.59,4.08,4.28,4.33,4.45,4.7,4.83,4.91,4.85,4.68,4.5,4.22,4.32,4.71,3.78,3.33,3.72,3.18,2.35,1.64,1.21,1.19,1.31,1.63,2.47,3.21,3.67,4.08,4.47,4.55,4.36,4.14,3.9,3.67,3.54,3.5,3.98,5.24,4.62,4.87,4.55,3.96,3.4,2.93,2.61,2.46,2.25,1.73,1.99,2.06,1.94,1.61,1.12,0.5
623,0.65,0.27,0.15,0.55,1.01,1.44,1.61,2.64,2.47,2.45,3.08,3.82,4.23,4.5,4.56,4.39,3.95,2.6,2.84,2.71,2.52,2.32,2.19,2.22,2.37,2.64,2.93,3.14,3.19,3.13,2.96,3.66,3.27,3.36,3.03,2.29,1.7,1.91,2.64,3.43,4.04,3.14,3.81,4.57,5.61,7.1,8.2,8.7,7.78,6.96,6.62,6.25,5.75,5.1,4.94,4.77,3.5,3.54,2.99,2.9,3.18,3.71,4.29,4.76,5.02,3.72,3.83,3.99,3.94,3.85,3.83,3.85,3.85,3.73,3.5,3.27,3.11,3.15,3.54,4.76,4.69,4.88,4.6,3.94,3.28,2.93,2.9,3.18,3.7,2.98,3.59,4.08,4.28,4.33,4.45,4.7,4.83,4.91,4.85,4.68,4.5,4.22,4.32,4.71,3.78,3.33,3.72,3.18,2.35,1.64,1.21,1.19,1.31,1.63,2.47,3.21,3.67,4.08,4.47,4.55,4.36,4.14,3.9,3.67,3.54,3.5,3.98,5.24,4.62,4.87,4.55,3.96,3.4,2.93,2.61,2.46,2.25,1.73,1.99,2.06,1.94,1.61,1.12,0.5,0.27,0.96,1.44,1.78,2.11,2.39,2.49,3.44,3.37,3.69,4.02,4.5,4.63,4.47,4.14,3.68,3.07,2.14,2.26,2.05,1.73,1.4,1.02,0.51
624,2.37,2.64,2.93,3.14,3.19,3.13,2.96,3.66,3.27,3.36,3.03,2.29,1.7,1.91,2.64,3.43,4.04,3.14,3.81,4.57,5.61,7.1,8.2,8.7,7.78,6.96,6.62,6.25,5.75,5.1,4.94,4.77,3.5,3.54,2.99,2.9,3.18,3.71,4.29,4.76,5.02,3.72,3.83,3.99,3.94,3.85,3.83,3.85,3.85,3.73,3.5,3.27,3.11,3.15,3.54,4.76,4.69,4.88,4.6,3.94,3.28,2.93,2.9,3.18,3.7,2.98,3.59,4.08,4.28,4.33,4.45,4.7,4.83,4.91,4.85,4.68,4.5,4.22,4.32,4.71,3.78,3.33,3.72,3.18,2.35,1.64,1.21,1.19,1.31,1.63,2.47,3.21,3.67,4.08,4.47,4.55,4.36,4.14,3.9,3.67,3.54,3.5,3.98,5.24,4.62,4.87,4.55,3.96,3.4,2.93,2.61,2.46,2.25,1.73,1.99,2.06,1.94,1.61,1.12,0.5,0.27,0.96,1.44,1.78,2.11,2.39,2.49,3.44,3.37,3.69,4.02,4.5,4.63,4.47,4.14,3.68,3.07,2.14,2.26,2.05,1.73,1.4,1.02,0.51,0.49,1.15,1.69,2.06,2.24,2.25,2.17,2.68,2.97,3.4,4.11,5.16,5.52,5.4,5.06,4.76,3.88,3.08,3.47,3.51,3.47,3.36,3.22,3.04
625,7.78,6.96,6.62,6.25,5.75,5.1,4.94,4.77,3.5,3.54,2.99,2.9,3.18,3.71,4.29,4.76,5.02,3.72,3.83,3.99,3.94,3.85,3.83,3.85,3.85,3.73,3.5,3.27,3.11,3.15,3.54,4.76,4.69,4.88,4.6,3.94,3.28,2.93,2.9,3.18,3.7,2.98,3.59,4.08,4.28,4.33,4.45,4.7,4.83,4.91,4.85,4.68,4.5,4.22,4.32,4.71,3.78,3.33,3.72,3.18,2.35,1.64,1.21,1.19,1.31,1.63,2.47,3.21,3.67,4.08,4.47,4.55,4.36,4.14,3.9,3.67,3.54,3.5,3.98,5.24,4.62,4.87,4.55,3.96,3.4,2.93,2.61,2.46,2.25,1.73,1.99,2.06,1.94,1.61,1.12,0.5,0.27,0.96,1.44,1.78,2.11,2.39,2.49,3.44,3.37,3.69,4.02,4.5,4.63,4.47,4.14,3.68,3.07,2.14,2.26,2.05,1.73,1.4,1.02,0.51,0.49,1.15,1.69,2.06,2.24,2.25,2.17,2.68,2.97,3.4,4.11,5.16,5.52,5.4,5.06,4.76,3.88,3.08,3.47,3.51,3.47,3.36,3.22,3.04,2.83,2.59,2.34,2.22,2.34,2.67,2.92,4.49,3.95,3.36,2.87,2.25,1.74,1.41,1.15,0.9,0.62,1.06,1.79,2.43,3.06,3.51,3.7,3.65
626,3.85,3.73,3.5,3.27,3.11,3.15,3.54,4.76,4.69,4.88,4.6,3.94,3.28,2.93,2.9,3.18,3.7,2.98,3.59,4.08,4.28,4.33,4.45,4.7,4.83,4.91,4.85,4.68,4.5,4.22,4.32,4.71,3.78,3.33,3.72,3.18,2.35,1.64,1.21,1.19,1.31,1.63,2.47,3.21,3.67,4.08,4.47,4.55,4.36,4.14,3.9,3.67,3.54,3.5,3.98,5.24,4.62,4.87,4.55,3.96,3.4,2.93,2.61,2.46,2.25,1.73,1.99,2.06,1.94,1.61,1.12,0.5,0.27,0.96,1.44,1.78,2.11,2.39,2.49,3.44,3.37,3.69,4.02,4.5,4.63,4.47,4.14,3.68,3.07,2.14,2.26,2.05,1.73,1.4,1.02,0.51,0.49,1.15,1.69,2.06,2.24,2.25,2.17,2.68,2.97,3.4,4.11,5.16,5.52,5.4,5.06,4.76,3.88,3.08,3.47,3.51,3.47,3.36,3.22,3.04,2.83,2.59,2.34,2.22,2.34,2.67,2.92,4.49,3.95,3.36,2.87,2.25,1.74,1.41,1.15,0.9,0.62,1.06,1.79,2.43,3.06,3.51,3.7,3.65,3.49,3.55,3.98,4.47,4.66,4.6,4.86,5.81,4.91,4.66,4.21,3.02,2.1,1.49,1.2,1.27,1.27,1.87,2.33,2.55,2.56,2.41,2.16,1.84
627,4.83,4.91,4.85,4.68,4.5,4.22,4.32,4.71,3.78,3.33,3.72,3.18,2.35,1.64,1.21,1.19,1.31,1.63,2.47,3.21,3.67,4.08,4.47,4.55,4.36,4.14,3.9,3.67,3.54,3.5,3.98,5.24,4.62,4.87,4.55,3.96,3.4,2.93,2.61,2.46,2.25,1.73,1.99,2.06,1.94,1.61,1.12,0.5,0.27,0.96,1.44,1.78,2.11,2.39,2.49,3.44,3.37,3.69,4.02,4.5,4.63,4.47,4.14,3.68,3.07,2.14,2.26,2.05,1.73,1.4,1.02,0.51,0.49,1.15,1.69,2.06,2.24,2.25,2.17,2.68,2.97,3.4,4.11,5.16,5.52,5.4,5.06,4.76,3.88,3.08,3.47,3.51,3.47,3.36,3.22,3.04,2.83,2.59,2.34,2.22,2.34,2.67,2.92,4.49,3.95,3.36,2.87,2.25,1.74,1.41,1.15,0.9,0.62,1.06,1.79,2.43,3.06,3.51,3.7,3.65,3.49,3.55,3.98,4.47,4.66,4.6,4.86,5.81,4.91,4.66,4.21,3.02,2.1,1.49,1.2,1.27,1.27,1.87,2.33,2.55,2.56,2.41,2.16,1.84,1.53,1.23,1.03,0.84,0.61,0.71,1.09,1.77,2.33,1.92,0.61,1.04,1.71,2.47,3.32,4.09,3.41,3.44,3.62,3.51,3.38,3.09,2.77,2.61
628,4.36,4.14,3.9,3.67,3.54,3.5,3.98,5.24,4.62,4.87,4.55,3.96,3.4,2.93,2.61,2.46,2.25,1.73,1.99,2.06,1.94,1.61,1.12,0.5,0.27,0.96,1.44,1.78,2.11,2.39,2.49,3.44,3.37,3.69,4.02,4.5,4.63,4.47,4.14,3.68,3.07,2.14,2.26,2.05,1.73,1.4,1.02,0.51,0.49,1.15,1.69,2.06,2.24,2.25,2.17,2.68,2.97,3.4,4.11,5.16,5.52,5.4,5.06,4.76,3.88,3.08,3.47,3.51,3.47,3.36,3.22,3.04,2.83,2.59,2.34,2.22,2.34,2.67,2.92,4.49,3.95,3.36,2.87,2.25,1.74,1.41,1.15,0.9,0.62,1.06,1.79,2.43,3.06,3.51,3.7,3.65,3.49,3.55,3.98,4.47,4.66,4.6,4.86,5.81,4.91,4.66,4.21,3.02,2.1,1.49,1.2,1.27,1.27,1.87,2.33,2.55,2.56,2.41,2.16,1.84,1.53,1.23,1.03,0.84,0.61,0.71,1.09,1.77,2.33,1.92,0.61,1.04,1.71,2.47,3.32,4.09,3.41,3.44,3.62,3.51,3.38,3.09,2.77,2.61,2.68,2.98,3.41,3.89,4.23,4.32,4.72,5.72,4.88,5.6,6.5,5.37,4.17,3.28,2.85,2.91,2.78,2.3,2.79,3.21,3.64,4.23,4.88,5.38
629,0.27,0.96,1.44,1.78,2.11,2.39,2.49,3.44,3.37,3.69,4.02,4.5,4.63,4.47,4.14,3.68,3.07,2.14,2.26,2.05,1.73,1.4,1.02,0.51,0.49,1.15,1.69,2.06,2.24,2.25,2.17,2.68,2.97,3.4,4.11,5.16,5.52,5.4,5.06,4.76,3.88,3.08,3.47,3.51,3.47,3.36,3.22,3.04,2.83,2.59,2.34,2.22,2.34,2.67,2.92,4.49,3.95,3.36,2.87,2.25,1.74,1.41,1.15,0.9,0.62,1.06,1.79,2.43,3.06,3.51,3.7,3.65,3.49,3.55,3.98,4.47,4.66,4.6,4.86,5.81,4.91,4.66,4.21,3.02,2.1,1.49,1.2,1.27,1.27,1.87,2.33,2.55,2.56,2.41,2.16,1.84,1.53,1.23,1.03,0.84,0.61,0.71,1.09,1.77,2.33,1.92,0.61,1.04,1.71,2.47,3.32,4.09,3.41,3.44,3.62,3.51,3.38,3.09,2.77,2.61,2.68,2.98,3.41,3.89,4.23,4.32,4.72,5.72,4.88,5.6,6.5,5.37,4.17,3.28,2.85,2.91,2.78,2.3,2.79,3.21,3.64,4.23,4.88,5.38,5.73,5.99,6.15,6.08,5.85,5.78,6.28,7.29,7.13,8.49,8.22,7.48,6.68,6.0,5.55,5.42,5.18,3.36,3.61,3.67,3.71,3.77,4.0,4.47
630,0.49,1.15,1.69,2.06,2.24,2.25,2.17,2.68,2.97,3.4,4.11,5.16,5.52,5.4,5.06,4.76,3.88,3.08,3.47,3.51,3.47,3.36,3.22,3.04,2.83,2.59,2.34,2.22,2.34,2.67,2.92,4.49,3.95,3.36,2.87,2.25,1.74,1.41,1.15,0.9,0.62,1.06,1.79,2.43,3.06,3.51,3.7,3.65,3.49,3.55,3.98,4.47,4.66,4.6,4.86,5.81,4.91,4.66,4.21,3.02,2.1,1.49,1.2,1.27,1.27,1.87,2.33,2.55,2.56,2.41,2.16,1.84,1.53,1.23,1.03,0.84,0.61,0.71,1.09,1.77,2.33,1.92,0.61,1.04,1.71,2.47,3.32,4.09,3.41,3.44,3.62,3.51,3.38,3.09,2.77,2.61,2.68,2.98,3.41,3.89,4.23,4.32,4.72,5.72,4.88,5.6,6.5,5.37,4.17,3.28,2.85,2.91,2.78,2.3,2.79,3.21,3.64,4.23,4.88,5.38,5.73,5.99,6.15,6.08,5.85,5.78,6.28,7.29,7.13,8.49,8.22,7.48,6.68,6.0,5.55,5.42,5.18,3.36,3.61,3.67,3.71,3.77,4.0,4.47,5.06,5.48,5.89,6.2,6.31,6.34,6.85,8.07,8.23,9.63,10.21,10.15,9.84,9.36,8.78,8.2,7.12,4.22,3.99,3.95,3.98,4.04,4.1,4.19
631,2.83,2.59,2.34,2.22,2.34,2.67,2.92,4.49,3.95,3.36,2.87,2.25,1.74,1.41,1.15,0.9,0.62,1.06,1.79,2.43,3.06,3.51,3.7,3.65,3.49,3.55,3.98,4.47,4.66,4.6,4.86,5.81,4.91,4.66,4.21,3.02,2.1,1.49,1.2,1.27,1.27,1.87,2.33,2.55,2.56,2.41,2.16,1.84,1.53,1.23,1.03,0.84,0.61,0.71,1.09,1.77,2.33,1.92,0.61,1.04,1.71,2.47,3.32,4.09,3.41,3.44,3.62,3.51,3.38,3.09,2.77,2.61,2.68,2.98,3.41,3.89,4.23,4.32,4.72,5.72,4.88,5.6,6.5,5.37,4.17,3.28,2.85,2.91,2.78,2.3,2.79,3.21,3.64,4.23,4.88,5.38,5.73,5.99,6.15,6.08,5.85,5.78,6.28,7.29,7.13,8.49,8.22,7.48,6.68,6.0,5.55,5.42,5.18,3.36,3.61,3.67,3.71,3.77,4.0,4.47,5.06,5.48,5.89,6.2,6.31,6.34,6.85,8.07,8.23,9.63,10.21,10.15,9.84,9.36,8.78,8.2,7.12,4.22,3.99,3.95,3.98,4.04,4.1,4.19,4.31,4.4,4.39,4.32,4.24,4.13,4.2,5.31,3.84,4.57,5.31,4.66,4.21,3.98,4.02,3.99,3.34,2.12,2.11,2.31,2.6,2.79,2.93,2.98
632,3.49,3.55,3.98,4.47,4.66,4.6,4.86,5.81,4.91,4.66,4.21,3.02,2.1,1.49,1.2,1.27,1.27,1.87,2.33,2.55,2.56,2.41,2.16,1.84,1.53,1.23,1.03,0.84,0.61,0.71,1.09,1.77,2.33,1.92,0.61,1.04,1.71,2.47,3.32,4.09,3.41,3.44,3.62,3.51,3.38,3.09,2.77,2.61,2.68,2.98,3.41,3.89,4.23,4.32,4.72,5.72,4.88,5.6,6.5,5.37,4.17,3.28,2.85,2.91,2.78,2.3,2.79,3.21,3.64,4.23,4.88,5.38,5.73,5.99,6.15,6.08,5.85,5.78,6.28,7.29,7.13,8.49,8.22,7.48,6.68,6.0,5.55,5.42,5.18,3.36,3.61,3.67,3.71,3.77,4.0,4.47,5.06,5.48,5.89,6.2,6.31,6.34,6.85,8.07,8.23,9.63,10.21,10.15,9.84,9.36,8.78,8.2,7.12,4.22,3.99,3.95,3.98,4.04,4.1,4.19,4.31,4.4,4.39,4.32,4.24,4.13,4.2,5.31,3.84,4.57,5.31,4.66,4.21,3.98,4.02,3.99,3.34,2.12,2.11,2.31,2.6,2.79,2.93,2.98,2.95,2.89,2.86,2.9,3.04,3.13,3.09,4.13,3.22,2.55,2.03,1.26,0.98,1.55,2.36,3.13,3.61,2.93,3.51,3.69,3.67,3.49,3.17,2.85
633,1.53,1.23,1.03,0.84,0.61,0.71,1.09,1.77,2.33,1.92,0.61,1.04,1.71,2.47,3.32,4.09,3.41,3.44,3.62,3.51,3.38,3.09,2.77,2.61,2.68,2.98,3.41,3.89,4.23,4.32,4.72,5.72,4.88,5.6,6.5,5.37,4.17,3.28,2.85,2.91,2.78,2.3,2.79,3.21,3.64,4.23,4.88,5.38,5.73,5.99,6.15,6.08,5.85,5.78,6.28,7.29,7.13,8.49,8.22,7.48,6.68,6.0,5.55,5.42,5.18,3.36,3.61,3.67,3.71,3.77,4.0,4.47,5.06,5.48,5.89,6.2,6.31,6.34,6.85,8.07,8.23,9.63,10.21,10.15,9.84,9.36,8.78,8.2,7.12,4.22,3.99,3.95,3.98,4.04,4.1,4.19,4.31,4.4,4.39,4.32,4.24,4.13,4.2,5.31,3.84,4.57,5.31,4.66,4.21,3.98,4.02,3.99,3.34,2.12,2.11,2.31,2.6,2.79,2.93,2.98,2.95,2.89,2.86,2.9,3.04,3.13,3.09,4.13,3.22,2.55,2.03,1.26,0.98,1.55,2.36,3.13,3.61,2.93,3.51,3.69,3.67,3.49,3.17,2.85,2.66,2.64,2.73,2.9,3.23,3.54,3.62,4.82,3.64,3.14,3.18,3.38,3.72,4.05,4.27,4.32,3.81,2.75,3.02,3.1,3.27,3.49,3.73,3.95
634,2.68,2.98,3.41,3.89,4.23,4.32,4.72,5.72,4.88,5.6,6.5,5.37,4.17,3.28,2.85,2.91,2.78,2.3,2.79,3.21,3.64,4.23,4.88,5.38,5.73,5.99,6.15,6.08,5.85,5.78,6.28,7.29,7.13,8.49,8.22,7.48,6.68,6.0,5.55,5.42,5.18,3.36,3.61,3.67,3.71,3.77,4.0,4.47,5.06,5.48,5.89,6.2,6.31,6.34,6.85,8.07,8.23,9.63,10.21,10.15,9.84,9.36,8.78,8.2,7.12,4.22,3.99,3.95,3.98,4.04,4.1,4.19,4.31,4.4,4.39,4.32,4.24,4.13,4.2,5.31,3.84,4.57,5.31,4.66,4.21,3.98,4.02,3.99,3.34,2.12,2.11,2.31,2.6,2.79,2.93,2.98,2.95,2.89,2.86,2.9,3.04,3.13,3.09,4.13,3.22,2.55,2.03,1.26,0.98,1.55,2.36,3.13,3.61,2.93,3.51,3.69,3.67,3.49,3.17,2.85,2.66,2.64,2.73,2.9,3.23,3.54,3.62,4.82,3.64,3.14,3.18,3.38,3.72,4.05,4.27,4.32,3.81,2.75,3.02,3.1,3.27,3.49,3.73,3.95,4.15,4.29,4.34,4.24,4.09,3.97,3.87,5.26,4.41,3.49,2.77,2.49,2.56,2.67,2.68,2.63,2.31,2.07,2.25,2.12,1.83,1.45,1.02,0.56
635,5.73,5.99,6.15,6.08,5.85,5.78,6.28,7.29,7.13,8.49,8.22,7.48,6.68,6.0,5.55,5.42,5.18,3.36,3.61,3.67,3.71,3.77,4.0,4.47,5.06,5.48,5.89,6.2,6.31,6.34,6.85,8.07,8.23,9.63,10.21,10.15,9.84,9.36,8.78,8.2,7.12,4.22,3.99,3.95,3.98,4.04,4.1,4.19,4.31,4.4,4.39,4.32,4.24,4.13,4.2,5.31,3.84,4.57,5.31,4.66,4.21,3.98,4.02,3.99,3.34,2.12,2.11,2.31,2.6,2.79,2.93,2.98,2.95,2.89,2.86,2.9,3.04,3.13,3.09,4.13,3.22,2.55,2.03,1.26,0.98,1.55,2.36,3.13,3.61,2.93,3.51,3.69,3.67,3.49,3.17,2.85,2.66,2.64,2.73,2.9,3.23,3.54,3.62,4.82,3.64,3.14,3.18,3.38,3.72,4.05,4.27,4.32,3.81,2.75,3.02,3.1,3.27,3.49,3.73,3.95,4.15,4.29,4.34,4.24,4.09,3.97,3.87,5.26,4.41,3.49,2.77,2.49,2.56,2.67,2.68,2.63,2.31,2.07,2.25,2.12,1.83,1.45,1.02,0.56,0.43,0.72,0.92,1.01,1.06,1.1,1.11,1.09,1.08,0.52,0.89,0.95,0.96,1.03,1.21,1.47,1.56,1.67,1.98,2.02,1.93,1.88,2.09,2.47
636,5.06,5.48,5.89,6.2,6.31,6.34,6.85,8.07,8.23,9.63,10.21,10.15,9.84,9.36,8.78,8.2,7.12,4.22,3.99,3.95,3.98,4.04,4.1,4.19,4.31,4.4,4.39,4.32,4.24,4.13,4.2,5.31,3.84,4.57,5.31,4.66,4.21,3.98,4.02,3.99,3.34,2.12,2.11,2.31,2.6,2.79,2.93,2.98,2.95,2.89,2.86,2.9,3.04,3.13,3.09,4.13,3.22,2.55,2.03,1.26,0.98,1.55,2.36,3.13,3.61,2.93,3.51,3.69,3.67,3.49,3.17,2.85,2.66,2.64,2.73,2.9,3.23,3.54,3.62,4.82,3.64,3.14,3.18,3.38,3.72,4.05,4.27,4.32,3.81,2.75,3.02,3.1,3.27,3.49,3.73,3.95,4.15,4.29,4.34,4.24,4.09,3.97,3.87,5.26,4.41,3.49,2.77,2.49,2.56,2.67,2.68,2.63,2.31,2.07,2.25,2.12,1.83,1.45,1.02,0.56,0.43,0.72,0.92,1.01,1.06,1.1,1.11,1.09,1.08,0.52,0.89,0.95,0.96,1.03,1.21,1.47,1.56,1.67,1.98,2.02,1.93,1.88,2.09,2.47,2.91,3.28,3.56,3.66,3.64,3.56,3.31,3.75,3.23,2.32,1.8,1.02,0.15,0.98,1.85,2.67,3.16,3.06,4.06,4.78,4.85,4.63,4.53,4.55
637,4.31,4.4,4.39,4.32,4.24,4.13,4.2,5.31,3.84,4.57,5.31,4.66,4.21,3.98,4.02,3.99,3.34,2.12,2.11,2.31,2.6,2.79,2.93,2.98,2.95,2.89,2.86,2.9,3.04,3.13,3.09,4.13,3.22,2.55,2.03,1.26,0.98,1.55,2.36,3.13,3.61,2.93,3.51,3.69,3.67,3.49,3.17,2.85,2.66,2.64,2.73,2.9,3.23,3.54,3.62,4.82,3.64,3.14,3.18,3.38,3.72,4.05,4.27,4.32,3.81,2.75,3.02,3.1,3.27,3.49,3.73,3.95,4.15,4.29,4.34,4.24,4.09,3.97,3.87,5.26,4.41,3.49,2.77,2.49,2.56,2.67,2.68,2.63,2.31,2.07,2.25,2.12,1.83,1.45,1.02,0.56,0.43,0.72,0.92,1.01,1.06,1.1,1.11,1.09,1.08,0.52,0.89,0.95,0.96,1.03,1.21,1.47,1.56,1.67,1.98,2.02,1.93,1.88,2.09,2.47,2.91,3.28,3.56,3.66,3.64,3.56,3.31,3.75,3.23,2.32,1.8,1.02,0.15,0.98,1.85,2.67,3.16,3.06,4.06,4.78,4.85,4.63,4.53,4.55,4.58,4.59,4.61,4.55,4.47,4.37,4.37,5.63,4.38,3.92,4.09,3.02,2.22,2.35,3.32,4.42,4.84,3.86,4.57,4.99,4.98,4.74,4.61,4.53
638,2.95,2.89,2.86,2.9,3.04,3.13,3.09,4.13,3.22,2.55,2.03,1.26,0.98,1.55,2.36,3.13,3.61,2.93,3.51,3.69,3.67,3.49,3.17,2.85,2.66,2.64,2.73,2.9,3.23,3.54,3.62,4.82,3.64,3.14,3.18,3.38,3.72,4.05,4.27,4.32,3.81,2.75,3.02,3.1,3.27,3.49,3.73,3.95,4.15,4.29,4.34,4.24,4.09,3.97,3.87,5.26,4.41,3.49,2.77,2.49,2.56,2.67,2.68,2.63,2.31,2.07,2.25,2.12,1.83,1.45,1.02,0.56,0.43,0.72,0.92,1.01,1.06,1.1,1.11,1.09,1.08,0.52,0.89,0.95,0.96,1.03,1.21,1.47,1.56,1.67,1.98,2.02,1.93,1.88,2.09,2.47,2.91,3.28,3.56,3.66,3.64,3.56,3.31,3.75,3.23,2.32,1.8,1.02,0.15,0.98,1.85,2.67,3.16,3.06,4.06,4.78,4.85,4.63,4.53,4.55,4.58,4.59,4.61,4.55,4.47,4.37,4.37,5.63,4.38,3.92,4.09,3.02,2.22,2.35,3.32,4.42,4.84,3.86,4.57,4.99,4.98,4.74,4.61,4.53,4.45,4.31,4.14,3.95,3.75,3.57,3.48,4.57,3.41,2.09,0.42,1.04,1.9,2.64,3.38,4.03,4.21,3.1,3.49,3.61,3.69,3.72,3.74,3.82
639,2.66,2.64,2.73,2.9,3.23,3.54,3.62,4.82,3.64,3.14,3.18,3.38,3.72,4.05,4.27,4.32,3.81,2.75,3.02,3.1,3.27,3.49,3.73,3.95,4.15,4.29,4.34,4.24,4.09,3.97,3.87,5.26,4.41,3.49,2.77,2.49,2.56,2.67,2.68,2.63,2.31,2.07,2.25,2.12,1.83,1.45,1.02,0.56,0.43,0.72,0.92,1.01,1.06,1.1,1.11,1.09,1.08,0.52,0.89,0.95,0.96,1.03,1.21,1.47,1.56,1.67,1.98,2.02,1.93,1.88,2.09,2.47,2.91,3.28,3.56,3.66,3.64,3.56,3.31,3.75,3.23,2.32,1.8,1.02,0.15,0.98,1.85,2.67,3.16,3.06,4.06,4.78,4.85,4.63,4.53,4.55,4.58,4.59,4.61,4.55,4.47,4.37,4.37,5.63,4.38,3.92,4.09,3.02,2.22,2.35,3.32,4.42,4.84,3.86,4.57,4.99,4.98,4.74,4.61,4.53,4.45,4.31,4.14,3.95,3.75,3.57,3.48,4.57,3.41,2.09,0.42,1.04,1.9,2.64,3.38,4.03,4.21,3.1,3.49,3.61,3.69,3.72,3.74,3.82,3.95,4.1,4.14,3.98,3.73,3.49,3.33,3.9,3.14,3.25,3.25,3.71,4.4,4.85,4.9,4.63,3.5,2.27,1.88,1.35,1.08,1.25,1.62,1.92
640,4.15,4.29,4.34,4.24,4.09,3.97,3.87,5.26,4.41,3.49,2.77,2.49,2.56,2.67,2.68,2.63,2.31,2.07,2.25,2.12,1.83,1.45,1.02,0.56,0.43,0.72,0.92,1.01,1.06,1.1,1.11,1.09,1.08,0.52,0.89,0.95,0.96,1.03,1.21,1.47,1.56,1.67,1.98,2.02,1.93,1.88,2.09,2.47,2.91,3.28,3.56,3.66,3.64,3.56,3.31,3.75,3.23,2.32,1.8,1.02,0.15,0.98,1.85,2.67,3.16,3.06,4.06,4.78,4.85,4.63,4.53,4.55,4.58,4.59,4.61,4.55,4.47,4.37,4.37,5.63,4.38,3.92,4.09,3.02,2.22,2.35,3.32,4.42,4.84,3.86,4.57,4.99,4.98,4.74,4.61,4.53,4.45,4.31,4.14,3.95,3.75,3.57,3.48,4.57,3.41,2.09,0.42,1.04,1.9,2.64,3.38,4.03,4.21,3.1,3.49,3.61,3.69,3.72,3.74,3.82,3.95,4.1,4.14,3.98,3.73,3.49,3.33,3.9,3.14,3.25,3.25,3.71,4.4,4.85,4.9,4.63,3.5,2.27,1.88,1.35,1.08,1.25,1.62,1.92,2.14,2.27,2.23,1.99,1.67,1.41,1.25,1.25,1.43,1.81,3.14,4.73,5.57,6.18,6.73,7.01,6.14,3.73,3.64,3.51,3.61,3.78,3.91,4.11
641,0.43,0.72,0.92,1.01,1.06,1.1,1.11,1.09,1.08,0.52,0.89,0.95,0.96,1.03,1.21,1.47,1.56,1.67,1.98,2.02,1.93,1.88,2.09,2.47,2.91,3.28,3.56,3.66,3.64,3.56,3.31,3.75,3.23,2.32,1.8,1.02,0.15,0.98,1.85,2.67,3.16,3.06,4.06,4.78,4.85,4.63,4.53,4.55,4.58,4.59,4.61,4.55,4.47,4.37,4.37,5.63,4.38,3.92,4.09,3.02,2.22,2.35,3.32,4.42,4.84,3.86,4.57,4.99,4.98,4.74,4.61,4.53,4.45,4.31,4.14,3.95,3.75,3.57,3.48,4.57,3.41,2.09,0.42,1.04,1.9,2.64,3.38,4.03,4.21,3.1,3.49,3.61,3.69,3.72,3.74,3.82,3.95,4.1,4.14,3.98,3.73,3.49,3.33,3.9,3.14,3.25,3.25,3.71,4.4,4.85,4.9,4.63,3.5,2.27,1.88,1.35,1.08,1.25,1.62,1.92,2.14,2.27,2.23,1.99,1.67,1.41,1.25,1.25,1.43,1.81,3.14,4.73,5.57,6.18,6.73,7.01,6.14,3.73,3.64,3.51,3.61,3.78,3.91,4.11,4.43,4.7,4.67,4.52,4.42,4.62,5.3,5.93,5.4,6.19,6.53,6.22,5.94,5.73,5.66,5.57,5.25,3.58,4.27,5.68,6.14,6.22,6.2,6.34
642,2.91,3.28,3.56,3.66,3.64,3.56,3.31,3.75,3.23,2.32,1.8,1.02,0.15,0.98,1.85,2.67,3.16,3.06,4.06,4.78,4.85,4.63,4.53,4.55,4.58,4.59,4.61,4.55,4.47,4.37,4.37,5.63,4.38,3.92,4.09,3.02,2.22,2.35,3.32,4.42,4.84,3.86,4.57,4.99,4.98,4.74,4.61,4.53,4.45,4.31,4.14,3.95,3.75,3.57,3.48,4.57,3.41,2.09,0.42,1.04,1.9,2.64,3.38,4.03,4.21,3.1,3.49,3.61,3.69,3.72,3.74,3.82,3.95,4.1,4.14,3.98,3.73,3.49,3.33,3.9,3.14,3.25,3.25,3.71,4.4,4.85,4.9,4.63,3.5,2.27,1.88,1.35,1.08,1.25,1.62,1.92,2.14,2.27,2.23,1.99,1.67,1.41,1.25,1.25,1.43,1.81,3.14,4.73,5.57,6.18,6.73,7.01,6.14,3.73,3.64,3.51,3.61,3.78,3.91,4.11,4.43,4.7,4.67,4.52,4.42,4.62,5.3,5.93,5.4,6.19,6.53,6.22,5.94,5.73,5.66,5.57,5.25,3.58,4.27,5.68,6.14,6.22,6.2,6.34,6.48,6.46,6.51,6.54,6.69,6.73,6.77,7.55,7.61,7.76,7.1,6.11,5.21,4.61,4.32,4.19,3.73,2.93,3.57,4.08,4.31,4.07,3.68,3.7
643,4.58,4.59,4.61,4.55,4.47,4.37,4.37,5.63,4.38,3.92,4.09,3.02,2.22,2.35,3.32,4.42,4.84,3.86,4.57,4.99,4.98,4.74,4.61,4.53,4.45,4.31,4.14,3.95,3.75,3.57,3.48,4.57,3.41,2.09,0.42,1.04,1.9,2.64,3.38,4.03,4.21,3.1,3.49,3.61,3.69,3.72,3.74,3.82,3.95,4.1,4.14,3.98,3.73,3.49,3.33,3.9,3.14,3.25,3.25,3.71,4.4,4.85,4.9,4.63,3.5,2.27,1.88,1.35,1.08,1.25,1.62,1.92,2.14,2.27,2.23,1.99,1.67,1.41,1.25,1.25,1.43,1.81,3.14,4.73,5.57,6.18,6.73,7.01,6.14,3.73,3.64,3.51,3.61,3.78,3.91,4.11,4.43,4.7,4.67,4.52,4.42,4.62,5.3,5.93,5.4,6.19,6.53,6.22,5.94,5.73,5.66,5.57,5.25,3.58,4.27,5.68,6.14,6.22,6.2,6.34,6.48,6.46,6.51,6.54,6.69,6.73,6.77,7.55,7.61,7.76,7.1,6.11,5.21,4.61,4.32,4.19,3.73,2.93,3.57,4.08,4.31,4.07,3.68,3.7,4.3,4.86,5.16,5.22,4.96,4.65,4.75,5.61,5.15,5.33,4.05,3.15,2.33,1.69,1.53,1.67,1.66,1.63,1.85,1.82,1.64,1.35,1.24,1.61
644,4.45,4.31,4.14,3.95,3.75,3.57,3.48,4.57,3.41,2.09,0.42,1.04,1.9,2.64,3.38,4.03,4.21,3.1,3.49,3.61,3.69,3.72,3.74,3.82,3.95,4.1,4.14,3.98,3.73,3.49,3.33,3.9,3.14,3.25,3.25,3.71,4.4,4.85,4.9,4.63,3.5,2.27,1.88,1.35,1.08,1.25,1.62,1.92,2.14,2.27,2.23,1.99,1.67,1.41,1.25,1.25,1.43,1.81,3.14,4.73,5.57,6.18,6.73,7.01,6.14,3.73,3.64,3.51,3.61,3.78,3.91,4.11,4.43,4.7,4.67,4.52,4.42,4.62,5.3,5.93,5.4,6.19,6.53,6.22,5.94,5.73,5.66,5.57,5.25,3.58,4.27,5.68,6.14,6.22,6.2,6.34,6.48,6.46,6.51,6.54,6.69,6.73,6.77,7.55,7.61,7.76,7.1,6.11,5.21,4.61,4.32,4.19,3.73,2.93,3.57,4.08,4.31,4.07,3.68,3.7,4.3,4.86,5.16,5.22,4.96,4.65,4.75,5.61,5.15,5.33,4.05,3.15,2.33,1.69,1.53,1.67,1.66,1.63,1.85,1.82,1.64,1.35,1.24,1.61,2.22,2.74,3.08,3.26,3.32,3.31,3.18,4.4,4.03,4.05,4.67,5.05,5.35,5.65,5.91,5.96,4.62,3.28,3.29,3.1,2.96,2.83,2.78,2.91
645,3.95,4.1,4.14,3.98,3.73,3.49,3.33,3.9,3.14,3.25,3.25,3.71,4.4,4.85,4.9,4.63,3.5,2.27,1.88,1.35,1.08,1.25,1.62,1.92,2.14,2.27,2.23,1.99,1.67,1.41,1.25,1.25,1.43,1.81,3.14,4.73,5.57,6.18,6.73,7.01,6.14,3.73,3.64,3.51,3.61,3.78,3.91,4.11,4.43,4.7,4.67,4.52,4.42,4.62,5.3,5.93,5.4,6.19,6.53,6.22,5.94,5.73,5.66,5.57,5.25,3.58,4.27,5.68,6.14,6.22,6.2,6.34,6.48,6.46,6.51,6.54,6.69,6.73,6.77,7.55,7.61,7.76,7.1,6.11,5.21,4.61,4.32,4.19,3.73,2.93,3.57,4.08,4.31,4.07,3.68,3.7,4.3,4.86,5.16,5.22,4.96,4.65,4.75,5.61,5.15,5.33,4.05,3.15,2.33,1.69,1.53,1.67,1.66,1.63,1.85,1.82,1.64,1.35,1.24,1.61,2.22,2.74,3.08,3.26,3.32,3.31,3.18,4.4,4.03,4.05,4.67,5.05,5.35,5.65,5.91,5.96,4.62,3.28,3.29,3.1,2.96,2.83,2.78,2.91,3.01,3.03,3.07,3.02,2.87,2.7,2.51,2.89,3.05,3.45,2.78,1.88,2.65,3.52,4.08,4.22,3.21,2.89,3.62,4.76,6.44,7.42,7.6,7.67
646,2.14,2.27,2.23,1.99,1.67,1.41,1.25,1.25,1.43,1.81,3.14,4.73,5.57,6.18,6.73,7.01,6.14,3.73,3.64,3.51,3.61,3.78,3.91,4.11,4.43,4.7,4.67,4.52,4.42,4.62,5.3,5.93,5.4,6.19,6.53,6.22,5.94,5.73,5.66,5.57,5.25,3.58,4.27,5.68,6.14,6.22,6.2,6.34,6.48,6.46,6.51,6.54,6.69,6.73,6.77,7.55,7.61,7.76,7.1,6.11,5.21,4.61,4.32,4.19,3.73,2.93,3.57,4.08,4.31,4.07,3.68,3.7,4.3,4.86,5.16,5.22,4.96,4.65,4.75,5.61,5.15,5.33,4.05,3.15,2.33,1.69,1.53,1.67,1.66,1.63,1.85,1.82,1.64,1.35,1.24,1.61,2.22,2.74,3.08,3.26,3.32,3.31,3.18,4.4,4.03,4.05,4.67,5.05,5.35,5.65,5.91,5.96,4.62,3.28,3.29,3.1,2.96,2.83,2.78,2.91,3.01,3.03,3.07,3.02,2.87,2.7,2.51,2.89,3.05,3.45,2.78,1.88,2.65,3.52,4.08,4.22,3.21,2.89,3.62,4.76,6.44,7.42,7.6,7.67,8.28,8.65,8.66,8.39,7.77,6.89,6.9,7.66,9.17,8.61,7.32,6.15,5.23,4.55,4.26,4.53,4.85,4.46,6.32,7.07,6.95,6.71,6.59,6.41
647,4.43,4.7,4.67,4.52,4.42,4.62,5.3,5.93,5.4,6.19,6.53,6.22,5.94,5.73,5.66,5.57,5.25,3.58,4.27,5.68,6.14,6.22,6.2,6.34,6.48,6.46,6.51,6.54,6.69,6.73,6.77,7.55,7.61,7.76,7.1,6.11,5.21,4.61,4.32,4.19,3.73,2.93,3.57,4.08,4.31,4.07,3.68,3.7,4.3,4.86,5.16,5.22,4.96,4.65,4.75,5.61,5.15,5.33,4.05,3.15,2.33,1.69,1.53,1.67,1.66,1.63,1.85,1.82,1.64,1.35,1.24,1.61,2.22,2.74,3.08,3.26,3.32,3.31,3.18,4.4,4.03,4.05,4.67,5.05,5.35,5.65,5.91,5.96,4.62,3.28,3.29,3.1,2.96,2.83,2.78,2.91,3.01,3.03,3.07,3.02,2.87,2.7,2.51,2.89,3.05,3.45,2.78,1.88,2.65,3.52,4.08,4.22,3.21,2.89,3.62,4.76,6.44,7.42,7.6,7.67,8.28,8.65,8.66,8.39,7.77,6.89,6.9,7.66,9.17,8.61,7.32,6.15,5.23,4.55,4.26,4.53,4.85,4.46,6.32,7.07,6.95,6.71,6.59,6.41,6.08,5.7,5.33,4.99,4.67,4.44,4.5,5.56,4.48,3.86,2.4,1.53,1.82,2.44,3.05,3.57,3.78,3.28,4.04,4.48,4.61,4.62,4.64,4.65
648,6.48,6.46,6.51,6.54,6.69,6.73,6.77,7.55,7.61,7.76,7.1,6.11,5.21,4.61,4.32,4.19,3.73,2.93,3.57,4.08,4.31,4.07,3.68,3.7,4.3,4.86,5.16,5.22,4.96,4.65,4.75,5.61,5.15,5.33,4.05,3.15,2.33,1.69,1.53,1.67,1.66,1.63,1.85,1.82,1.64,1.35,1.24,1.61,2.22,2.74,3.08,3.26,3.32,3.31,3.18,4.4,4.03,4.05,4.67,5.05,5.35,5.65,5.91,5.96,4.62,3.28,3.29,3.1,2.96,2.83,2.78,2.91,3.01,3.03,3.07,3.02,2.87,2.7,2.51,2.89,3.05,3.45,2.78,1.88,2.65,3.52,4.08,4.22,3.21,2.89,3.62,4.76,6.44,7.42,7.6,7.67,8.28,8.65,8.66,8.39,7.77,6.89,6.9,7.66,9.17,8.61,7.32,6.15,5.23,4.55,4.26,4.53,4.85,4.46,6.32,7.07,6.95,6.71,6.59,6.41,6.08,5.7,5.33,4.99,4.67,4.44,4.5,5.56,4.48,3.86,2.4,1.53,1.82,2.44,3.05,3.57,3.78,3.28,4.04,4.48,4.61,4.62,4.64,4.65,4.66,4.68,4.7,4.56,4.33,4.1,3.99,5.03,3.6,3.64,3.31,2.83,3.15,3.46,3.0,2.82,3.21,3.22,4.17,5.06,5.58,5.27,4.85,4.56
649,4.3,4.86,5.16,5.22,4.96,4.65,4.75,5.61,5.15,5.33,4.05,3.15,2.33,1.69,1.53,1.67,1.66,1.63,1.85,1.82,1.64,1.35,1.24,1.61,2.22,2.74,3.08,3.26,3.32,3.31,3.18,4.4,4.03,4.05,4.67,5.05,5.35,5.65,5.91,5.96,4.62,3.28,3.29,3.1,2.96,2.83,2.78,2.91,3.01,3.03,3.07,3.02,2.87,2.7,2.51,2.89,3.05,3.45,2.78,1.88,2.65,3.52,4.08,4.22,3.21,2.89,3.62,4.76,6.44,7.42,7.6,7.67,8.28,8.65,8.66,8.39,7.77,6.89,6.9,7.66,9.17,8.61,7.32,6.15,5.23,4.55,4.26,4.53,4.85,4.46,6.32,7.07,6.95,6.71,6.59,6.41,6.08,5.7,5.33,4.99,4.67,4.44,4.5,5.56,4.48,3.86,2.4,1.53,1.82,2.44,3.05,3.57,3.78,3.28,4.04,4.48,4.61,4.62,4.64,4.65,4.66,4.68,4.7,4.56,4.33,4.1,3.99,5.03,3.6,3.64,3.31,2.83,3.15,3.46,3.0,2.82,3.21,3.22,4.17,5.06,5.58,5.27,4.85,4.56,4.38,4.33,4.37,4.38,4.23,4.35,4.05,4.8,3.5,3.99,3.44,3.05,2.99,3.22,3.81,4.63,5.06,3.86,4.62,5.38,5.64,5.37,5.19,5.17
650,2.22,2.74,3.08,3.26,3.32,3.31,3.18,4.4,4.03,4.05,4.67,5.05,5.35,5.65,5.91,5.96,4.62,3.28,3.29,3.1,2.96,2.83,2.78,2.91,3.01,3.03,3.07,3.02,2.87,2.7,2.51,2.89,3.05,3.45,2.78,1.88,2.65,3.52,4.08,4.22,3.21,2.89,3.62,4.76,6.44,7.42,7.6,7.67,8.28,8.65,8.66,8.39,7.77,6.89,6.9,7.66,9.17,8.61,7.32,6.15,5.23,4.55,4.26,4.53,4.85,4.46,6.32,7.07,6.95,6.71,6.59,6.41,6.08,5.7,5.33,4.99,4.67,4.44,4.5,5.56,4.48,3.86,2.4,1.53,1.82,2.44,3.05,3.57,3.78,3.28,4.04,4.48,4.61,4.62,4.64,4.65,4.66,4.68,4.7,4.56,4.33,4.1,3.99,5.03,3.6,3.64,3.31,2.83,3.15,3.46,3.0,2.82,3.21,3.22,4.17,5.06,5.58,5.27,4.85,4.56,4.38,4.33,4.37,4.38,4.23,4.35,4.05,4.8,3.5,3.99,3.44,3.05,2.99,3.22,3.81,4.63,5.06,3.86,4.62,5.38,5.64,5.37,5.19,5.17,5.2,5.2,5.2,5.26,5.28,5.14,5.17,6.12,5.98,7.69,7.88,8.18,8.58,9.02,9.34,9.46,9.12,7.29,6.2,6.29,6.44,6.45,6.35,6.26
651,3.01,3.03,3.07,3.02,2.87,2.7,2.51,2.89,3.05,3.45,2.78,1.88,2.65,3.52,4.08,4.22,3.21,2.89,3.62,4.76,6.44,7.42,7.6,7.67,8.28,8.65,8.66,8.39,7.77,6.89,6.9,7.66,9.17,8.61,7.32,6.15,5.23,4.55,4.26,4.53,4.85,4.46,6.32,7.07,6.95,6.71,6.59,6.41,6.08,5.7,5.33,4.99,4.67,4.44,4.5,5.56,4.48,3.86,2.4,1.53,1.82,2.44,3.05,3.57,3.78,3.28,4.04,4.48,4.61,4.62,4.64,4.65,4.66,4.68,4.7,4.56,4.33,4.1,3.99,5.03,3.6,3.64,3.31,2.83,3.15,3.46,3.0,2.82,3.21,3.22,4.17,5.06,5.58,5.27,4.85,4.56,4.38,4.33,4.37,4.38,4.23,4.35,4.05,4.8,3.5,3.99,3.44,3.05,2.99,3.22,3.81,4.63,5.06,3.86,4.62,5.38,5.64,5.37,5.19,5.17,5.2,5.2,5.2,5.26,5.28,5.14,5.17,6.12,5.98,7.69,7.88,8.18,8.58,9.02,9.34,9.46,9.12,7.29,6.2,6.29,6.44,6.45,6.35,6.26,6.19,6.22,6.35,6.36,6.24,6.11,6.28,7.31,9.57,10.32,10.06,9.76,9.53,9.4,9.38,9.45,9.18,7.94,8.06,8.45,8.23,7.71,7.12,6.65
652,8.28,8.65,8.66,8.39,7.77,6.89,6.9,7.66,9.17,8.61,7.32,6.15,5.23,4.55,4.26,4.53,4.85,4.46,6.32,7.07,6.95,6.71,6.59,6.41,6.08,5.7,5.33,4.99,4.67,4.44,4.5,5.56,4.48,3.86,2.4,1.53,1.82,2.44,3.05,3.57,3.78,3.28,4.04,4.48,4.61,4.62,4.64,4.65,4.66,4.68,4.7,4.56,4.33,4.1,3.99,5.03,3.6,3.64,3.31,2.83,3.15,3.46,3.0,2.82,3.21,3.22,4.17,5.06,5.58,5.27,4.85,4.56,4.38,4.33,4.37,4.38,4.23,4.35,4.05,4.8,3.5,3.99,3.44,3.05,2.99,3.22,3.81,4.63,5.06,3.86,4.62,5.38,5.64,5.37,5.19,5.17,5.2,5.2,5.2,5.26,5.28,5.14,5.17,6.12,5.98,7.69,7.88,8.18,8.58,9.02,9.34,9.46,9.12,7.29,6.2,6.29,6.44,6.45,6.35,6.26,6.19,6.22,6.35,6.36,6.24,6.11,6.28,7.31,9.57,10.32,10.06,9.76,9.53,9.4,9.38,9.45,9.18,7.94,8.06,8.45,8.23,7.71,7.12,6.65,6.46,6.41,6.35,6.28,6.22,6.27,7.29,7.58,8.51,8.96,8.58,8.14,7.85,7.61,7.47,7.41,7.07,5.27,5.55,6.03,6.0,5.73,5.45,5.17
653,6.08,5.7,5.33,4.99,4.67,4.44,4.5,5.56,4.48,3.86,2.4,1.53,1.82,2.44,3.05,3.57,3.78,3.28,4.04,4.48,4.61,4.62,4.64,4.65,4.66,4.68,4.7,4.56,4.33,4.1,3.99,5.03,3.6,3.64,3.31,2.83,3.15,3.46,3.0,2.82,3.21,3.22,4.17,5.06,5.58,5.27,4.85,4.56,4.38,4.33,4.37,4.38,4.23,4.35,4.05,4.8,3.5,3.99,3.44,3.05,2.99,3.22,3.81,4.63,5.06,3.86,4.62,5.38,5.64,5.37,5.19,5.17,5.2,5.2,5.2,5.26,5.28,5.14,5.17,6.12,5.98,7.69,7.88,8.18,8.58,9.02,9.34,9.46,9.12,7.29,6.2,6.29,6.44,6.45,6.35,6.26,6.19,6.22,6.35,6.36,6.24,6.11,6.28,7.31,9.57,10.32,10.06,9.76,9.53,9.4,9.38,9.45,9.18,7.94,8.06,8.45,8.23,7.71,7.12,6.65,6.46,6.41,6.35,6.28,6.22,6.27,7.29,7.58,8.51,8.96,8.58,8.14,7.85,7.61,7.47,7.41,7.07,5.27,5.55,6.03,6.0,5.73,5.45,5.17,4.8,4.29,3.98,3.75,3.61,3.57,3.89,5.16,4.81,5.43,4.86,4.37,4.08,3.92,3.86,3.91,3.91,3.36,4.15,4.45,4.21,3.99,3.86,3.76
654,4.66,4.68,4.7,4.56,4.33,4.1,3.99,5.03,3.6,3.64,3.31,2.83,3.15,3.46,3.0,2.82,3.21,3.22,4.17,5.06,5.58,5.27,4.85,4.56,4.38,4.33,4.37,4.38,4.23,4.35,4.05,4.8,3.5,3.99,3.44,3.05,2.99,3.22,3.81,4.63,5.06,3.86,4.62,5.38,5.64,5.37,5.19,5.17,5.2,5.2,5.2,5.26,5.28,5.14,5.17,6.12,5.98,7.69,7.88,8.18,8.58,9.02,9.34,9.46,9.12,7.29,6.2,6.29,6.44,6.45,6.35,6.26,6.19,6.22,6.35,6.36,6.24,6.11,6.28,7.31,9.57,10.32,10.06,9.76,9.53,9.4,9.38,9.45,9.18,7.94,8.06,8.45,8.23,7.71,7.12,6.65,6.46,6.41,6.35,6.28,6.22,6.27,7.29,7.58,8.51,8.96,8.58,8.14,7.85,7.61,7.47,7.41,7.07,5.27,5.55,6.03,6.0,5.73,5.45,5.17,4.8,4.29,3.98,3.75,3.61,3.57,3.89,5.16,4.81,5.43,4.86,4.37,4.08,3.92,3.86,3.91,3.91,3.36,4.15,4.45,4.21,3.99,3.86,3.76,3.67,3.55,3.43,3.2,2.95,2.76,2.57,3.22,2.43,1.31,0.13,0.83,1.47,1.96,2.39,2.74,2.46,2.59,3.12,3.48,3.92,4.18,4.29,4.28
655,4.38,4.33,4.37,4.38,4.23,4.35,4.05,4.8,3.5,3.99,3.44,3.05,2.99,3.22,3.81,4.63,5.06,3.86,4.62,5.38,5.64,5.37,5.19,5.17,5.2,5.2,5.2,5.26,5.28,5.14,5.17,6.12,5.98,7.69,7.88,8.18,8.58,9.02,9.34,9.46,9.12,7.29,6.2,6.29,6.44,6.45,6.35,6.26,6.19,6.22,6.35,6.36,6.24,6.11,6.28,7.31,9.57,10.32,10.06,9.76,9.53,9.4,9.38,9.45,9.18,7.94,8.06,8.45,8.23,7.71,7.12,6.65,6.46,6.41,6.35,6.28,6.22,6.27,7.29,7.58,8.51,8.96,8.58,8.14,7.85,7.61,7.47,7.41,7.07,5.27,5.55,6.03,6.0,5.73,5.45,5.17,4.8,4.29,3.98,3.75,3.61,3.57,3.89,5.16,4.81,5.43,4.86,4.37,4.08,3.92,3.86,3.91,3.91,3.36,4.15,4.45,4.21,3.99,3.86,3.76,3.67,3.55,3.43,3.2,2.95,2.76,2.57,3.22,2.43,1.31,0.13,0.83,1.47,1.96,2.39,2.74,2.46,2.59,3.12,3.48,3.92,4.18,4.29,4.28,4.2,4.1,4.01,3.93,3.89,3.86,3.86,5.08,4.64,4.83,4.8,4.16,3.73,3.53,3.62,3.98,3.82,3.41,4.36,5.25,5.86,5.83,5.6,5.42
656,5.2,5.2,5.2,5.26,5.28,5.14,5.17,6.12,5.98,7.69,7.88,8.18,8.58,9.02,9.34,9.46,9.12,7.29,6.2,6.29,6.44,6.45,6.35,6.26,6.19,6.22,6.35,6.36,6.24,6.11,6.28,7.31,9.57,10.32,10.06,9.76,9.53,9.4,9.38,9.45,9.18,7.94,8.06,8.45,8.23,7.71,7.12,6.65,6.46,6.41,6.35,6.28,6.22,6.27,7.29,7.58,8.51,8.96,8.58,8.14,7.85,7.61,7.47,7.41,7.07,5.27,5.55,6.03,6.0,5.73,5.45,5.17,4.8,4.29,3.98,3.75,3.61,3.57,3.89,5.16,4.81,5.43,4.86,4.37,4.08,3.92,3.86,3.91,3.91,3.36,4.15,4.45,4.21,3.99,3.86,3.76,3.67,3.55,3.43,3.2,2.95,2.76,2.57,3.22,2.43,1.31,0.13,0.83,1.47,1.96,2.39,2.74,2.46,2.59,3.12,3.48,3.92,4.18,4.29,4.28,4.2,4.1,4.01,3.93,3.89,3.86,3.86,5.08,4.64,4.83,4.8,4.16,3.73,3.53,3.62,3.98,3.82,3.41,4.36,5.25,5.86,5.83,5.6,5.42,5.23,5.11,5.0,4.98,4.77,4.53,4.6,5.94,5.1,5.02,4.76,4.04,3.53,3.18,3.08,3.01,2.4,2.4,2.87,3.32,3.89,4.28,4.36,4.23
657,6.19,6.22,6.35,6.36,6.24,6.11,6.28,7.31,9.57,10.32,10.06,9.76,9.53,9.4,9.38,9.45,9.18,7.94,8.06,8.45,8.23,7.71,7.12,6.65,6.46,6.41,6.35,6.28,6.22,6.27,7.29,7.58,8.51,8.96,8.58,8.14,7.85,7.61,7.47,7.41,7.07,5.27,5.55,6.03,6.0,5.73,5.45,5.17,4.8,4.29,3.98,3.75,3.61,3.57,3.89,5.16,4.81,5.43,4.86,4.37,4.08,3.92,3.86,3.91,3.91,3.36,4.15,4.45,4.21,3.99,3.86,3.76,3.67,3.55,3.43,3.2,2.95,2.76,2.57,3.22,2.43,1.31,0.13,0.83,1.47,1.96,2.39,2.74,2.46,2.59,3.12,3.48,3.92,4.18,4.29,4.28,4.2,4.1,4.01,3.93,3.89,3.86,3.86,5.08,4.64,4.83,4.8,4.16,3.73,3.53,3.62,3.98,3.82,3.41,4.36,5.25,5.86,5.83,5.6,5.42,5.23,5.11,5.0,4.98,4.77,4.53,4.6,5.94,5.1,5.02,4.76,4.04,3.53,3.18,3.08,3.01,2.4,2.4,2.87,3.32,3.89,4.28,4.36,4.23,4.01,4.07,4.26,4.72,5.06,5.5,5.64,5.95,5.8,6.04,6.48,5.28,4.15,3.48,3.22,3.19,3.06,2.59,3.01,3.29,3.5,3.7,3.91,4.14
658,6.46,6.41,6.35,6.28,6.22,6.27,7.29,7.58,8.51,8.96,8.58,8.14,7.85,7.61,7.47,7.41,7.07,5.27,5.55,6.03,6.0,5.73,5.45,5.17,4.8,4.29,3.98,3.75,3.61,3.57,3.89,5.16,4.81,5.43,4.86,4.37,4.08,3.92,3.86,3.91,3.91,3.36,4.15,4.45,4.21,3.99,3.86,3.76,3.67,3.55,3.43,3.2,2.95,2.76,2.57,3.22,2.43,1.31,0.13,0.83,1.47,1.96,2.39,2.74,2.46,2.59,3.12,3.48,3.92,4.18,4.29,4.28,4.2,4.1,4.01,3.93,3.89,3.86,3.86,5.08,4.64,4.83,4.8,4.16,3.73,3.53,3.62,3.98,3.82,3.41,4.36,5.25,5.86,5.83,5.6,5.42,5.23,5.11,5.0,4.98,4.77,4.53,4.6,5.94,5.1,5.02,4.76,4.04,3.53,3.18,3.08,3.01,2.4,2.4,2.87,3.32,3.89,4.28,4.36,4.23,4.01,4.07,4.26,4.72,5.06,5.5,5.64,5.95,5.8,6.04,6.48,5.28,4.15,3.48,3.22,3.19,3.06,2.59,3.01,3.29,3.5,3.7,3.91,4.14,4.37,4.55,4.7,4.69,4.61,4.66,4.87,6.23,6.1,6.66,6.37,5.55,4.71,4.13,3.88,3.65,2.93,2.61,2.98,3.23,3.64,4.01,4.35,5.09
659,4.8,4.29,3.98,3.75,3.61,3.57,3.89,5.16,4.81,5.43,4.86,4.37,4.08,3.92,3.86,3.91,3.91,3.36,4.15,4.45,4.21,3.99,3.86,3.76,3.67,3.55,3.43,3.2,2.95,2.76,2.57,3.22,2.43,1.31,0.13,0.83,1.47,1.96,2.39,2.74,2.46,2.59,3.12,3.48,3.92,4.18,4.29,4.28,4.2,4.1,4.01,3.93,3.89,3.86,3.86,5.08,4.64,4.83,4.8,4.16,3.73,3.53,3.62,3.98,3.82,3.41,4.36,5.25,5.86,5.83,5.6,5.42,5.23,5.11,5.0,4.98,4.77,4.53,4.6,5.94,5.1,5.02,4.76,4.04,3.53,3.18,3.08,3.01,2.4,2.4,2.87,3.32,3.89,4.28,4.36,4.23,4.01,4.07,4.26,4.72,5.06,5.5,5.64,5.95,5.8,6.04,6.48,5.28,4.15,3.48,3.22,3.19,3.06,2.59,3.01,3.29,3.5,3.7,3.91,4.14,4.37,4.55,4.7,4.69,4.61,4.66,4.87,6.23,6.1,6.66,6.37,5.55,4.71,4.13,3.88,3.65,2.93,2.61,2.98,3.23,3.64,4.01,4.35,5.09,5.57,6.07,6.25,6.3,5.76,5.64,6.52,7.5,8.89,9.84,9.02,8.11,7.76,8.22,8.69,8.7,8.01,5.83,4.86,4.31,3.88,3.51,3.14,2.86
660,3.67,3.55,3.43,3.2,2.95,2.76,2.57,3.22,2.43,1.31,0.13,0.83,1.47,1.96,2.39,2.74,2.46,2.59,3.12,3.48,3.92,4.18,4.29,4.28,4.2,4.1,4.01,3.93,3.89,3.86,3.86,5.08,4.64,4.83,4.8,4.16,3.73,3.53,3.62,3.98,3.82,3.41,4.36,5.25,5.86,5.83,5.6,5.42,5.23,5.11,5.0,4.98,4.77,4.53,4.6,5.94,5.1,5.02,4.76,4.04,3.53,3.18,3.08,3.01,2.4,2.4,2.87,3.32,3.89,4.28,4.36,4.23,4.01,4.07,4.26,4.72,5.06,5.5,5.64,5.95,5.8,6.04,6.48,5.28,4.15,3.48,3.22,3.19,3.06,2.59,3.01,3.29,3.5,3.7,3.91,4.14,4.37,4.55,4.7,4.69,4.61,4.66,4.87,6.23,6.1,6.66,6.37,5.55,4.71,4.13,3.88,3.65,2.93,2.61,2.98,3.23,3.64,4.01,4.35,5.09,5.57,6.07,6.25,6.3,5.76,5.64,6.52,7.5,8.89,9.84,9.02,8.11,7.76,8.22,8.69,8.7,8.01,5.83,4.86,4.31,3.88,3.51,3.14,2.86,2.67,2.58,2.58,2.61,2.73,2.88,3.03,4.44,3.87,3.38,2.89,1.85,1.08,1.35,1.8,2.16,2.14,2.48,3.03,3.32,3.58,3.87,4.13,4.3
661,4.2,4.1,4.01,3.93,3.89,3.86,3.86,5.08,4.64,4.83,4.8,4.16,3.73,3.53,3.62,3.98,3.82,3.41,4.36,5.25,5.86,5.83,5.6,5.42,5.23,5.11,5.0,4.98,4.77,4.53,4.6,5.94,5.1,5.02,4.76,4.04,3.53,3.18,3.08,3.01,2.4,2.4,2.87,3.32,3.89,4.28,4.36,4.23,4.01,4.07,4.26,4.72,5.06,5.5,5.64,5.95,5.8,6.04,6.48,5.28,4.15,3.48,3.22,3.19,3.06,2.59,3.01,3.29,3.5,3.7,3.91,4.14,4.37,4.55,4.7,4.69,4.61,4.66,4.87,6.23,6.1,6.66,6.37,5.55,4.71,4.13,3.88,3.65,2.93,2.61,2.98,3.23,3.64,4.01,4.35,5.09,5.57,6.07,6.25,6.3,5.76,5.64,6.52,7.5,8.89,9.84,9.02,8.11,7.76,8.22,8.69,8.7,8.01,5.83,4.86,4.31,3.88,3.51,3.14,2.86,2.67,2.58,2.58,2.61,2.73,2.88,3.03,4.44,3.87,3.38,2.89,1.85,1.08,1.35,1.8,2.16,2.14,2.48,3.03,3.32,3.58,3.87,4.13,4.3,4.39,4.42,4.22,3.87,3.64,3.54,3.39,3.79,3.73,2.67,1.52,1.24,1.53,1.88,2.22,2.58,2.5,2.85,3.39,3.61,3.74,3.78,3.75,3.71
662,5.23,5.11,5.0,4.98,4.77,4.53,4.6,5.94,5.1,5.02,4.76,4.04,3.53,3.18,3.08,3.01,2.4,2.4,2.87,3.32,3.89,4.28,4.36,4.23,4.01,4.07,4.26,4.72,5.06,5.5,5.64,5.95,5.8,6.04,6.48,5.28,4.15,3.48,3.22,3.19,3.06,2.59,3.01,3.29,3.5,3.7,3.91,4.14,4.37,4.55,4.7,4.69,4.61,4.66,4.87,6.23,6.1,6.66,6.37,5.55,4.71,4.13,3.88,3.65,2.93,2.61,2.98,3.23,3.64,4.01,4.35,5.09,5.57,6.07,6.25,6.3,5.76,5.64,6.52,7.5,8.89,9.84,9.02,8.11,7.76,8.22,8.69,8.7,8.01,5.83,4.86,4.31,3.88,3.51,3.14,2.86,2.67,2.58,2.58,2.61,2.73,2.88,3.03,4.44,3.87,3.38,2.89,1.85,1.08,1.35,1.8,2.16,2.14,2.48,3.03,3.32,3.58,3.87,4.13,4.3,4.39,4.42,4.22,3.87,3.64,3.54,3.39,3.79,3.73,2.67,1.52,1.24,1.53,1.88,2.22,2.58,2.5,2.85,3.39,3.61,3.74,3.78,3.75,3.71,3.65,3.59,3.52,3.44,3.38,3.38,3.42,4.71,4.18,3.35,2.96,2.32,2.02,2.04,2.22,2.47,2.05,2.73,3.35,3.69,3.97,4.24,4.32,4.26
663,4.01,4.07,4.26,4.72,5.06,5.5,5.64,5.95,5.8,6.04,6.48,5.28,4.15,3.48,3.22,3.19,3.06,2.59,3.01,3.29,3.5,3.7,3.91,4.14,4.37,4.55,4.7,4.69,4.61,4.66,4.87,6.23,6.1,6.66,6.37,5.55,4.71,4.13,3.88,3.65,2.93,2.61,2.98,3.23,3.64,4.01,4.35,5.09,5.57,6.07,6.25,6.3,5.76,5.64,6.52,7.5,8.89,9.84,9.02,8.11,7.76,8.22,8.69,8.7,8.01,5.83,4.86,4.31,3.88,3.51,3.14,2.86,2.67,2.58,2.58,2.61,2.73,2.88,3.03,4.44,3.87,3.38,2.89,1.85,1.08,1.35,1.8,2.16,2.14,2.48,3.03,3.32,3.58,3.87,4.13,4.3,4.39,4.42,4.22,3.87,3.64,3.54,3.39,3.79,3.73,2.67,1.52,1.24,1.53,1.88,2.22,2.58,2.5,2.85,3.39,3.61,3.74,3.78,3.75,3.71,3.65,3.59,3.52,3.44,3.38,3.38,3.42,4.71,4.18,3.35,2.96,2.32,2.02,2.04,2.22,2.47,2.05,2.73,3.35,3.69,3.97,4.24,4.32,4.26,4.18,4.11,4.0,3.87,3.77,3.68,3.58,4.02,3.9,2.81,2.53,1.65,0.95,0.78,1.3,2.0,2.12,3.04,3.61,3.86,3.84,3.66,3.51,3.39
664,4.37,4.55,4.7,4.69,4.61,4.66,4.87,6.23,6.1,6.66,6.37,5.55,4.71,4.13,3.88,3.65,2.93,2.61,2.98,3.23,3.64,4.01,4.35,5.09,5.57,6.07,6.25,6.3,5.76,5.64,6.52,7.5,8.89,9.84,9.02,8.11,7.76,8.22,8.69,8.7,8.01,5.83,4.86,4.31,3.88,3.51,3.14,2.86,2.67,2.58,2.58,2.61,2.73,2.88,3.03,4.44,3.87,3.38,2.89,1.85,1.08,1.35,1.8,2.16,2.14,2.48,3.03,3.32,3.58,3.87,4.13,4.3,4.39,4.42,4.22,3.87,3.64,3.54,3.39,3.79,3.73,2.67,1.52,1.24,1.53,1.88,2.22,2.58,2.5,2.85,3.39,3.61,3.74,3.78,3.75,3.71,3.65,3.59,3.52,3.44,3.38,3.38,3.42,4.71,4.18,3.35,2.96,2.32,2.02,2.04,2.22,2.47,2.05,2.73,3.35,3.69,3.97,4.24,4.32,4.26,4.18,4.11,4.0,3.87,3.77,3.68,3.58,4.02,3.9,2.81,2.53,1.65,0.95,0.78,1.3,2.0,2.12,3.04,3.61,3.86,3.84,3.66,3.51,3.39,3.35,3.41,3.51,3.56,3.54,3.52,3.44,3.69,3.55,2.4,1.94,0.96,1.0,1.95,2.63,3.06,2.41,2.92,3.1,3.06,2.88,2.6,2.26,1.93
665,5.57,6.07,6.25,6.3,5.76,5.64,6.52,7.5,8.89,9.84,9.02,8.11,7.76,8.22,8.69,8.7,8.01,5.83,4.86,4.31,3.88,3.51,3.14,2.86,2.67,2.58,2.58,2.61,2.73,2.88,3.03,4.44,3.87,3.38,2.89,1.85,1.08,1.35,1.8,2.16,2.14,2.48,3.03,3.32,3.58,3.87,4.13,4.3,4.39,4.42,4.22,3.87,3.64,3.54,3.39,3.79,3.73,2.67,1.52,1.24,1.53,1.88,2.22,2.58,2.5,2.85,3.39,3.61,3.74,3.78,3.75,3.71,3.65,3.59,3.52,3.44,3.38,3.38,3.42,4.71,4.18,3.35,2.96,2.32,2.02,2.04,2.22,2.47,2.05,2.73,3.35,3.69,3.97,4.24,4.32,4.26,4.18,4.11,4.0,3.87,3.77,3.68,3.58,4.02,3.9,2.81,2.53,1.65,0.95,0.78,1.3,2.0,2.12,3.04,3.61,3.86,3.84,3.66,3.51,3.39,3.35,3.41,3.51,3.56,3.54,3.52,3.44,3.69,3.55,2.4,1.94,0.96,1.0,1.95,2.63,3.06,2.41,2.92,3.1,3.06,2.88,2.6,2.26,1.93,1.68,1.61,1.68,1.74,1.77,1.73,1.66,1.56,2.17,2.25,3.7,5.02,5.7,6.21,6.57,6.67,4.65,3.89,3.93,3.89,3.94,4.01,4.06,4.0
666,2.67,2.58,2.58,2.61,2.73,2.88,3.03,4.44,3.87,3.38,2.89,1.85,1.08,1.35,1.8,2.16,2.14,2.48,3.03,3.32,3.58,3.87,4.13,4.3,4.39,4.42,4.22,3.87,3.64,3.54,3.39,3.79,3.73,2.67,1.52,1.24,1.53,1.88,2.22,2.58,2.5,2.85,3.39,3.61,3.74,3.78,3.75,3.71,3.65,3.59,3.52,3.44,3.38,3.38,3.42,4.71,4.18,3.35,2.96,2.32,2.02,2.04,2.22,2.47,2.05,2.73,3.35,3.69,3.97,4.24,4.32,4.26,4.18,4.11,4.0,3.87,3.77,3.68,3.58,4.02,3.9,2.81,2.53,1.65,0.95,0.78,1.3,2.0,2.12,3.04,3.61,3.86,3.84,3.66,3.51,3.39,3.35,3.41,3.51,3.56,3.54,3.52,3.44,3.69,3.55,2.4,1.94,0.96,1.0,1.95,2.63,3.06,2.41,2.92,3.1,3.06,2.88,2.6,2.26,1.93,1.68,1.61,1.68,1.74,1.77,1.73,1.66,1.56,2.17,2.25,3.7,5.02,5.7,6.21,6.57,6.67,4.65,3.89,3.93,3.89,3.94,4.01,4.06,4.0,3.85,3.51,3.17,2.93,2.83,2.8,2.68,2.54,2.75,3.03,5.41,7.13,8.17,8.84,9.25,9.2,7.21,4.82,4.62,4.62,4.53,4.22,3.84,3.44
667,4.39,4.42,4.22,3.87,3.64,3.54,3.39,3.79,3.73,2.67,1.52,1.24,1.53,1.88,2.22,2.58,2.5,2.85,3.39,3.61,3.74,3.78,3.75,3.71,3.65,3.59,3.52,3.44,3.38,3.38,3.42,4.71,4.18,3.35,2.96,2.32,2.02,2.04,2.22,2.47,2.05,2.73,3.35,3.69,3.97,4.24,4.32,4.26,4.18,4.11,4.0,3.87,3.77,3.68,3.58,4.02,3.9,2.81,2.53,1.65,0.95,0.78,1.3,2.0,2.12,3.04,3.61,3.86,3.84,3.66,3.51,3.39,3.35,3.41,3.51,3.56,3.54,3.52,3.44,3.69,3.55,2.4,1.94,0.96,1.0,1.95,2.63,3.06,2.41,2.92,3.1,3.06,2.88,2.6,2.26,1.93,1.68,1.61,1.68,1.74,1.77,1.73,1.66,1.56,2.17,2.25,3.7,5.02,5.7,6.21,6.57,6.67,4.65,3.89,3.93,3.89,3.94,4.01,4.06,4.0,3.85,3.51,3.17,2.93,2.83,2.8,2.68,2.54,2.75,3.03,5.41,7.13,8.17,8.84,9.25,9.2,7.21,4.82,4.62,4.62,4.53,4.22,3.84,3.44,3.17,2.95,2.7,2.55,2.31,2.13,1.91,2.37,2.09,2.48,2.79,3.71,4.5,4.9,5.01,4.82,3.8,2.67,3.32,4.2,5.08,5.62,5.68,5.88
668,3.65,3.59,3.52,3.44,3.38,3.38,3.42,4.71,4.18,3.35,2.96,2.32,2.02,2.04,2.22,2.47,2.05,2.73,3.35,3.69,3.97,4.24,4.32,4.26,4.18,4.11,4.0,3.87,3.77,3.68,3.58,4.02,3.9,2.81,2.53,1.65,0.95,0.78,1.3,2.0,2.12,3.04,3.61,3.86,3.84,3.66,3.51,3.39,3.35,3.41,3.51,3.56,3.54,3.52,3.44,3.69,3.55,2.4,1.94,0.96,1.0,1.95,2.63,3.06,2.41,2.92,3.1,3.06,2.88,2.6,2.26,1.93,1.68,1.61,1.68,1.74,1.77,1.73,1.66,1.56,2.17,2.25,3.7,5.02,5.7,6.21,6.57,6.67,4.65,3.89,3.93,3.89,3.94,4.01,4.06,4.0,3.85,3.51,3.17,2.93,2.83,2.8,2.68,2.54,2.75,3.03,5.41,7.13,8.17,8.84,9.25,9.2,7.21,4.82,4.62,4.62,4.53,4.22,3.84,3.44,3.17,2.95,2.7,2.55,2.31,2.13,1.91,2.37,2.09,2.48,2.79,3.71,4.5,4.9,5.01,4.82,3.8,2.67,3.32,4.2,5.08,5.62,5.68,5.88,6.06,6.22,6.41,6.6,6.71,6.57,6.47,7.05,7.82,8.76,8.26,7.44,6.83,6.46,6.36,6.52,6.53,6.06,7.58,8.23,8.08,7.61,6.97,6.6
669,4.18,4.11,4.0,3.87,3.77,3.68,3.58,4.02,3.9,2.81,2.53,1.65,0.95,0.78,1.3,2.0,2.12,3.04,3.61,3.86,3.84,3.66,3.51,3.39,3.35,3.41,3.51,3.56,3.54,3.52,3.44,3.69,3.55,2.4,1.94,0.96,1.0,1.95,2.63,3.06,2.41,2.92,3.1,3.06,2.88,2.6,2.26,1.93,1.68,1.61,1.68,1.74,1.77,1.73,1.66,1.56,2.17,2.25,3.7,5.02,5.7,6.21,6.57,6.67,4.65,3.89,3.93,3.89,3.94,4.01,4.06,4.0,3.85,3.51,3.17,2.93,2.83,2.8,2.68,2.54,2.75,3.03,5.41,7.13,8.17,8.84,9.25,9.2,7.21,4.82,4.62,4.62,4.53,4.22,3.84,3.44,3.17,2.95,2.7,2.55,2.31,2.13,1.91,2.37,2.09,2.48,2.79,3.71,4.5,4.9,5.01,4.82,3.8,2.67,3.32,4.2,5.08,5.62,5.68,5.88,6.06,6.22,6.41,6.6,6.71,6.57,6.47,7.05,7.82,8.76,8.26,7.44,6.83,6.46,6.36,6.52,6.53,6.06,7.58,8.23,8.08,7.61,6.97,6.6,6.46,6.39,6.41,6.54,6.74,6.85,6.89,7.36,8.77,9.44,8.18,6.92,6.23,6.16,6.34,6.51,6.32,5.01,5.76,6.0,5.77,5.5,5.61,6.06
670,3.35,3.41,3.51,3.56,3.54,3.52,3.44,3.69,3.55,2.4,1.94,0.96,1.0,1.95,2.63,3.06,2.41,2.92,3.1,3.06,2.88,2.6,2.26,1.93,1.68,1.61,1.68,1.74,1.77,1.73,1.66,1.56,2.17,2.25,3.7,5.02,5.7,6.21,6.57,6.67,4.65,3.89,3.93,3.89,3.94,4.01,4.06,4.0,3.85,3.51,3.17,2.93,2.83,2.8,2.68,2.54,2.75,3.03,5.41,7.13,8.17,8.84,9.25,9.2,7.21,4.82,4.62,4.62,4.53,4.22,3.84,3.44,3.17,2.95,2.7,2.55,2.31,2.13,1.91,2.37,2.09,2.48,2.79,3.71,4.5,4.9,5.01,4.82,3.8,2.67,3.32,4.2,5.08,5.62,5.68,5.88,6.06,6.22,6.41,6.6,6.71,6.57,6.47,7.05,7.82,8.76,8.26,7.44,6.83,6.46,6.36,6.52,6.53,6.06,7.58,8.23,8.08,7.61,6.97,6.6,6.46,6.39,6.41,6.54,6.74,6.85,6.89,7.36,8.77,9.44,8.18,6.92,6.23,6.16,6.34,6.51,6.32,5.01,5.76,6.0,5.77,5.5,5.61,6.06,6.26,5.95,5.49,5.09,4.75,4.65,4.65,5.32,5.56,6.2,6.16,6.29,6.5,6.75,6.97,7.03,6.6,4.58,4.51,4.24,3.78,3.41,3.11,2.9
671,1.68,1.61,1.68,1.74,1.77,1.73,1.66,1.56,2.17,2.25,3.7,5.02,5.7,6.21,6.57,6.67,4.65,3.89,3.93,3.89,3.94,4.01,4.06,4.0,3.85,3.51,3.17,2.93,2.83,2.8,2.68,2.54,2.75,3.03,5.41,7.13,8.17,8.84,9.25,9.2,7.21,4.82,4.62,4.62,4.53,4.22,3.84,3.44,3.17,2.95,2.7,2.55,2.31,2.13,1.91,2.37,2.09,2.48,2.79,3.71,4.5,4.9,5.01,4.82,3.8,2.67,3.32,4.2,5.08,5.62,5.68,5.88,6.06,6.22,6.41,6.6,6.71,6.57,6.47,7.05,7.82,8.76,8.26,7.44,6.83,6.46,6.36,6.52,6.53,6.06,7.58,8.23,8.08,7.61,6.97,6.6,6.46,6.39,6.41,6.54,6.74,6.85,6.89,7.36,8.77,9.44,8.18,6.92,6.23,6.16,6.34,6.51,6.32,5.01,5.76,6.0,5.77,5.5,5.61,6.06,6.26,5.95,5.49,5.09,4.75,4.65,4.65,5.32,5.56,6.2,6.16,6.29,6.5,6.75,6.97,7.03,6.6,4.58,4.51,4.24,3.78,3.41,3.11,2.9,2.81,2.74,2.68,2.63,2.64,2.75,2.78,2.83,2.6,2.82,3.38,4.03,4.62,4.94,5.05,4.96,3.82,3.07,3.23,3.28,3.25,3.13,3.0,2.98
672,3.85,3.51,3.17,2.93,2.83,2.8,2.68,2.54,2.75,3.03,5.41,7.13,8.17,8.84,9.25,9.2,7.21,4.82,4.62,4.62,4.53,4.22,3.84,3.44,3.17,2.95,2.7,2.55,2.31,2.13,1.91,2.37,2.09,2.48,2.79,3.71,4.5,4.9,5.01,4.82,3.8,2.67,3.32,4.2,5.08,5.62,5.68,5.88,6.06,6.22,6.41,6.6,6.71,6.57,6.47,7.05,7.82,8.76,8.26,7.44,6.83,6.46,6.36,6.52,6.53,6.06,7.58,8.23,8.08,7.61,6.97,6.6,6.46,6.39,6.41,6.54,6.74,6.85,6.89,7.36,8.77,9.44,8.18,6.92,6.23,6.16,6.34,6.51,6.32,5.01,5.76,6.0,5.77,5.5,5.61,6.06,6.26,5.95,5.49,5.09,4.75,4.65,4.65,5.32,5.56,6.2,6.16,6.29,6.5,6.75,6.97,7.03,6.6,4.58,4.51,4.24,3.78,3.41,3.11,2.9,2.81,2.74,2.68,2.63,2.64,2.75,2.78,2.83,2.6,2.82,3.38,4.03,4.62,4.94,5.05,4.96,3.82,3.07,3.23,3.28,3.25,3.13,3.0,2.98,3.07,3.2,3.29,3.32,3.31,3.26,3.18,2.87,3.41,2.16,1.7,1.51,1.2,0.69,0.5,0.79,0.97,1.46,1.8,2.08,2.25,2.36,2.3,2.31
673,3.17,2.95,2.7,2.55,2.31,2.13,1.91,2.37,2.09,2.48,2.79,3.71,4.5,4.9,5.01,4.82,3.8,2.67,3.32,4.2,5.08,5.62,5.68,5.88,6.06,6.22,6.41,6.6,6.71,6.57,6.47,7.05,7.82,8.76,8.26,7.44,6.83,6.46,6.36,6.52,6.53,6.06,7.58,8.23,8.08,7.61,6.97,6.6,6.46,6.39,6.41,6.54,6.74,6.85,6.89,7.36,8.77,9.44,8.18,6.92,6.23,6.16,6.34,6.51,6.32,5.01,5.76,6.0,5.77,5.5,5.61,6.06,6.26,5.95,5.49,5.09,4.75,4.65,4.65,5.32,5.56,6.2,6.16,6.29,6.5,6.75,6.97,7.03,6.6,4.58,4.51,4.24,3.78,3.41,3.11,2.9,2.81,2.74,2.68,2.63,2.64,2.75,2.78,2.83,2.6,2.82,3.38,4.03,4.62,4.94,5.05,4.96,3.82,3.07,3.23,3.28,3.25,3.13,3.0,2.98,3.07,3.2,3.29,3.32,3.31,3.26,3.18,2.87,3.41,2.16,1.7,1.51,1.2,0.69,0.5,0.79,0.97,1.46,1.8,2.08,2.25,2.36,2.3,2.31,2.4,2.77,3.09,3.3,3.51,3.57,3.55,3.69,3.88,2.67,2.08,1.07,0.8,1.2,1.86,2.55,2.22,2.78,3.12,3.23,3.28,3.29,3.16,3.13
674,6.06,6.22,6.41,6.6,6.71,6.57,6.47,7.05,7.82,8.76,8.26,7.44,6.83,6.46,6.36,6.52,6.53,6.06,7.58,8.23,8.08,7.61,6.97,6.6,6.46,6.39,6.41,6.54,6.74,6.85,6.89,7.36,8.77,9.44,8.18,6.92,6.23,6.16,6.34,6.51,6.32,5.01,5.76,6.0,5.77,5.5,5.61,6.06,6.26,5.95,5.49,5.09,4.75,4.65,4.65,5.32,5.56,6.2,6.16,6.29,6.5,6.75,6.97,7.03,6.6,4.58,4.51,4.24,3.78,3.41,3.11,2.9,2.81,2.74,2.68,2.63,2.64,2.75,2.78,2.83,2.6,2.82,3.38,4.03,4.62,4.94,5.05,4.96,3.82,3.07,3.23,3.28,3.25,3.13,3.0,2.98,3.07,3.2,3.29,3.32,3.31,3.26,3.18,2.87,3.41,2.16,1.7,1.51,1.2,0.69,0.5,0.79,0.97,1.46,1.8,2.08,2.25,2.36,2.3,2.31,2.4,2.77,3.09,3.3,3.51,3.57,3.55,3.69,3.88,2.67,2.08,1.07,0.8,1.2,1.86,2.55,2.22,2.78,3.12,3.23,3.28,3.29,3.16,3.13,3.15,3.27,3.38,3.4,3.35,3.3,3.21,2.83,3.55,2.34,1.46,1.35,2.14,2.93,3.36,3.39,2.28,2.52,2.53,2.48,2.43,2.43,2.54,2.83
675,6.46,6.39,6.41,6.54,6.74,6.85,6.89,7.36,8.77,9.44,8.18,6.92,6.23,6.16,6.34,6.51,6.32,5.01,5.76,6.0,5.77,5.5,5.61,6.06,6.26,5.95,5.49,5.09,4.75,4.65,4.65,5.32,5.56,6.2,6.16,6.29,6.5,6.75,6.97,7.03,6.6,4.58,4.51,4.24,3.78,3.41,3.11,2.9,2.81,2.74,2.68,2.63,2.64,2.75,2.78,2.83,2.6,2.82,3.38,4.03,4.62,4.94,5.05,4.96,3.82,3.07,3.23,3.28,3.25,3.13,3.0,2.98,3.07,3.2,3.29,3.32,3.31,3.26,3.18,2.87,3.41,2.16,1.7,1.51,1.2,0.69,0.5,0.79,0.97,1.46,1.8,2.08,2.25,2.36,2.3,2.31,2.4,2.77,3.09,3.3,3.51,3.57,3.55,3.69,3.88,2.67,2.08,1.07,0.8,1.2,1.86,2.55,2.22,2.78,3.12,3.23,3.28,3.29,3.16,3.13,3.15,3.27,3.38,3.4,3.35,3.3,3.21,2.83,3.55,2.34,1.46,1.35,2.14,2.93,3.36,3.39,2.28,2.52,2.53,2.48,2.43,2.43,2.54,2.83,3.18,3.46,3.62,3.61,3.49,3.38,3.29,3.3,3.42,2.1,1.67,1.32,1.77,2.33,2.63,2.74,2.02,2.33,2.25,2.08,2.08,2.41,2.98,3.46
676,6.26,5.95,5.49,5.09,4.75,4.65,4.65,5.32,5.56,6.2,6.16,6.29,6.5,6.75,6.97,7.03,6.6,4.58,4.51,4.24,3.78,3.41,3.11,2.9,2.81,2.74,2.68,2.63,2.64,2.75,2.78,2.83,2.6,2.82,3.38,4.03,4.62,4.94,5.05,4.96,3.82,3.07,3.23,3.28,3.25,3.13,3.0,2.98,3.07,3.2,3.29,3.32,3.31,3.26,3.18,2.87,3.41,2.16,1.7,1.51,1.2,0.69,0.5,0.79,0.97,1.46,1.8,2.08,2.25,2.36,2.3,2.31,2.4,2.77,3.09,3.3,3.51,3.57,3.55,3.69,3.88,2.67,2.08,1.07,0.8,1.2,1.86,2.55,2.22,2.78,3.12,3.23,3.28,3.29,3.16,3.13,3.15,3.27,3.38,3.4,3.35,3.3,3.21,2.83,3.55,2.34,1.46,1.35,2.14,2.93,3.36,3.39,2.28,2.52,2.53,2.48,2.43,2.43,2.54,2.83,3.18,3.46,3.62,3.61,3.49,3.38,3.29,3.3,3.42,2.1,1.67,1.32,1.77,2.33,2.63,2.74,2.02,2.33,2.25,2.08,2.08,2.41,2.98,3.46,3.75,3.87,3.94,3.97,4.0,4.1,4.27,5.39,5.96,5.39,5.88,5.34,4.91,4.75,4.81,4.59,2.61,2.35,2.47,2.95,3.32,3.54,3.66,3.67
677,2.81,2.74,2.68,2.63,2.64,2.75,2.78,2.83,2.6,2.82,3.38,4.03,4.62,4.94,5.05,4.96,3.82,3.07,3.23,3.28,3.25,3.13,3.0,2.98,3.07,3.2,3.29,3.32,3.31,3.26,3.18,2.87,3.41,2.16,1.7,1.51,1.2,0.69,0.5,0.79,0.97,1.46,1.8,2.08,2.25,2.36,2.3,2.31,2.4,2.77,3.09,3.3,3.51,3.57,3.55,3.69,3.88,2.67,2.08,1.07,0.8,1.2,1.86,2.55,2.22,2.78,3.12,3.23,3.28,3.29,3.16,3.13,3.15,3.27,3.38,3.4,3.35,3.3,3.21,2.83,3.55,2.34,1.46,1.35,2.14,2.93,3.36,3.39,2.28,2.52,2.53,2.48,2.43,2.43,2.54,2.83,3.18,3.46,3.62,3.61,3.49,3.38,3.29,3.3,3.42,2.1,1.67,1.32,1.77,2.33,2.63,2.74,2.02,2.33,2.25,2.08,2.08,2.41,2.98,3.46,3.75,3.87,3.94,3.97,4.0,4.1,4.27,5.39,5.96,5.39,5.88,5.34,4.91,4.75,4.81,4.59,2.61,2.35,2.47,2.95,3.32,3.54,3.66,3.67,3.51,3.33,3.31,3.49,3.83,4.04,3.98,4.62,4.9,4.78,4.62,4.51,4.33,4.0,3.54,3.0,1.95,2.16,2.12,2.06,2.08,2.16,2.19,2.08
678,3.07,3.2,3.29,3.32,3.31,3.26,3.18,2.87,3.41,2.16,1.7,1.51,1.2,0.69,0.5,0.79,0.97,1.46,1.8,2.08,2.25,2.36,2.3,2.31,2.4,2.77,3.09,3.3,3.51,3.57,3.55,3.69,3.88,2.67,2.08,1.07,0.8,1.2,1.86,2.55,2.22,2.78,3.12,3.23,3.28,3.29,3.16,3.13,3.15,3.27,3.38,3.4,3.35,3.3,3.21,2.83,3.55,2.34,1.46,1.35,2.14,2.93,3.36,3.39,2.28,2.52,2.53,2.48,2.43,2.43,2.54,2.83,3.18,3.46,3.62,3.61,3.49,3.38,3.29,3.3,3.42,2.1,1.67,1.32,1.77,2.33,2.63,2.74,2.02,2.33,2.25,2.08,2.08,2.41,2.98,3.46,3.75,3.87,3.94,3.97,4.0,4.1,4.27,5.39,5.96,5.39,5.88,5.34,4.91,4.75,4.81,4.59,2.61,2.35,2.47,2.95,3.32,3.54,3.66,3.67,3.51,3.33,3.31,3.49,3.83,4.04,3.98,4.62,4.9,4.78,4.62,4.51,4.33,4.0,3.54,3.0,1.95,2.16,2.12,2.06,2.08,2.16,2.19,2.08,1.91,1.88,2.14,2.63,3.15,3.57,3.8,4.86,5.28,4.83,4.28,2.91,1.86,1.83,2.42,3.07,2.6,3.46,4.23,5.17,5.69,5.9,5.75,5.46
679,2.4,2.77,3.09,3.3,3.51,3.57,3.55,3.69,3.88,2.67,2.08,1.07,0.8,1.2,1.86,2.55,2.22,2.78,3.12,3.23,3.28,3.29,3.16,3.13,3.15,3.27,3.38,3.4,3.35,3.3,3.21,2.83,3.55,2.34,1.46,1.35,2.14,2.93,3.36,3.39,2.28,2.52,2.53,2.48,2.43,2.43,2.54,2.83,3.18,3.46,3.62,3.61,3.49,3.38,3.29,3.3,3.42,2.1,1.67,1.32,1.77,2.33,2.63,2.74,2.02,2.33,2.25,2.08,2.08,2.41,2.98,3.46,3.75,3.87,3.94,3.97,4.0,4.1,4.27,5.39,5.96,5.39,5.88,5.34,4.91,4.75,4.81,4.59,2.61,2.35,2.47,2.95,3.32,3.54,3.66,3.67,3.51,3.33,3.31,3.49,3.83,4.04,3.98,4.62,4.9,4.78,4.62,4.51,4.33,4.0,3.54,3.0,1.95,2.16,2.12,2.06,2.08,2.16,2.19,2.08,1.91,1.88,2.14,2.63,3.15,3.57,3.8,4.86,5.28,4.83,4.28,2.91,1.86,1.83,2.42,3.07,2.6,3.46,4.23,5.17,5.69,5.9,5.75,5.46,5.28,4.94,4.53,4.34,4.25,4.2,4.05,5.13,5.19,4.74,4.35,2.89,1.62,0.61,0.47,1.09,1.48,2.67,3.39,4.18,4.99,5.03,5.02,4.93
680,3.15,3.27,3.38,3.4,3.35,3.3,3.21,2.83,3.55,2.34,1.46,1.35,2.14,2.93,3.36,3.39,2.28,2.52,2.53,2.48,2.43,2.43,2.54,2.83,3.18,3.46,3.62,3.61,3.49,3.38,3.29,3.3,3.42,2.1,1.67,1.32,1.77,2.33,2.63,2.74,2.02,2.33,2.25,2.08,2.08,2.41,2.98,3.46,3.75,3.87,3.94,3.97,4.0,4.1,4.27,5.39,5.96,5.39,5.88,5.34,4.91,4.75,4.81,4.59,2.61,2.35,2.47,2.95,3.32,3.54,3.66,3.67,3.51,3.33,3.31,3.49,3.83,4.04,3.98,4.62,4.9,4.78,4.62,4.51,4.33,4.0,3.54,3.0,1.95,2.16,2.12,2.06,2.08,2.16,2.19,2.08,1.91,1.88,2.14,2.63,3.15,3.57,3.8,4.86,5.28,4.83,4.28,2.91,1.86,1.83,2.42,3.07,2.6,3.46,4.23,5.17,5.69,5.9,5.75,5.46,5.28,4.94,4.53,4.34,4.25,4.2,4.05,5.13,5.19,4.74,4.35,2.89,1.62,0.61,0.47,1.09,1.48,2.67,3.39,4.18,4.99,5.03,5.02,4.93,4.68,4.54,4.77,4.92,4.88,4.6,4.31,5.4,5.01,4.6,4.71,3.58,2.16,1.39,0.99,0.66,0.19,0.48,1.03,1.69,2.28,2.73,3.11,3.6
681,3.18,3.46,3.62,3.61,3.49,3.38,3.29,3.3,3.42,2.1,1.67,1.32,1.77,2.33,2.63,2.74,2.02,2.33,2.25,2.08,2.08,2.41,2.98,3.46,3.75,3.87,3.94,3.97,4.0,4.1,4.27,5.39,5.96,5.39,5.88,5.34,4.91,4.75,4.81,4.59,2.61,2.35,2.47,2.95,3.32,3.54,3.66,3.67,3.51,3.33,3.31,3.49,3.83,4.04,3.98,4.62,4.9,4.78,4.62,4.51,4.33,4.0,3.54,3.0,1.95,2.16,2.12,2.06,2.08,2.16,2.19,2.08,1.91,1.88,2.14,2.63,3.15,3.57,3.8,4.86,5.28,4.83,4.28,2.91,1.86,1.83,2.42,3.07,2.6,3.46,4.23,5.17,5.69,5.9,5.75,5.46,5.28,4.94,4.53,4.34,4.25,4.2,4.05,5.13,5.19,4.74,4.35,2.89,1.62,0.61,0.47,1.09,1.48,2.67,3.39,4.18,4.99,5.03,5.02,4.93,4.68,4.54,4.77,4.92,4.88,4.6,4.31,5.4,5.01,4.6,4.71,3.58,2.16,1.39,0.99,0.66,0.19,0.48,1.03,1.69,2.28,2.73,3.11,3.6,4.67,5.08,4.99,5.03,5.11,5.47,5.12,5.62,6.18,7.29,6.64,5.31,4.2,3.63,3.35,2.72,1.64,1.71,1.79,2.15,2.59,2.44,1.91,1.69
682,3.75,3.87,3.94,3.97,4.0,4.1,4.27,5.39,5.96,5.39,5.88,5.34,4.91,4.75,4.81,4.59,2.61,2.35,2.47,2.95,3.32,3.54,3.66,3.67,3.51,3.33,3.31,3.49,3.83,4.04,3.98,4.62,4.9,4.78,4.62,4.51,4.33,4.0,3.54,3.0,1.95,2.16,2.12,2.06,2.08,2.16,2.19,2.08,1.91,1.88,2.14,2.63,3.15,3.57,3.8,4.86,5.28,4.83,4.28,2.91,1.86,1.83,2.42,3.07,2.6,3.46,4.23,5.17,5.69,5.9,5.75,5.46,5.28,4.94,4.53,4.34,4.25,4.2,4.05,5.13,5.19,4.74,4.35,2.89,1.62,0.61,0.47,1.09,1.48,2.67,3.39,4.18,4.99,5.03,5.02,4.93,4.68,4.54,4.77,4.92,4.88,4.6,4.31,5.4,5.01,4.6,4.71,3.58,2.16,1.39,0.99,0.66,0.19,0.48,1.03,1.69,2.28,2.73,3.11,3.6,4.67,5.08,4.99,5.03,5.11,5.47,5.12,5.62,6.18,7.29,6.64,5.31,4.2,3.63,3.35,2.72,1.64,1.71,1.79,2.15,2.59,2.44,1.91,1.69,2.18,2.66,3.15,3.89,3.88,3.7,3.68,4.98,4.34,4.17,2.99,1.8,1.02,2.1,3.55,4.35,3.81,3.1,3.9,4.8,5.17,5.32,5.2,4.89
683,3.51,3.33,3.31,3.49,3.83,4.04,3.98,4.62,4.9,4.78,4.62,4.51,4.33,4.0,3.54,3.0,1.95,2.16,2.12,2.06,2.08,2.16,2.19,2.08,1.91,1.88,2.14,2.63,3.15,3.57,3.8,4.86,5.28,4.83,4.28,2.91,1.86,1.83,2.42,3.07,2.6,3.46,4.23,5.17,5.69,5.9,5.75,5.46,5.28,4.94,4.53,4.34,4.25,4.2,4.05,5.13,5.19,4.74,4.35,2.89,1.62,0.61,0.47,1.09,1.48,2.67,3.39,4.18,4.99,5.03,5.02,4.93,4.68,4.54,4.77,4.92,4.88,4.6,4.31,5.4,5.01,4.6,4.71,3.58,2.16,1.39,0.99,0.66,0.19,0.48,1.03,1.69,2.28,2.73,3.11,3.6,4.67,5.08,4.99,5.03,5.11,5.47,5.12,5.62,6.18,7.29,6.64,5.31,4.2,3.63,3.35,2.72,1.64,1.71,1.79,2.15,2.59,2.44,1.91,1.69,2.18,2.66,3.15,3.89,3.88,3.7,3.68,4.98,4.34,4.17,2.99,1.8,1.02,2.1,3.55,4.35,3.81,3.1,3.9,4.8,5.17,5.32,5.2,4.89,4.43,3.78,3.08,3.23,3.32,3.29,3.27,4.15,3.62,3.12,2.35,2.36,2.98,3.59,3.93,3.97,2.86,2.08,1.67,1.26,0.86,0.93,1.44,1.9
684,1.91,1.88,2.14,2.63,3.15,3.57,3.8,4.86,5.28,4.83,4.28,2.91,1.86,1.83,2.42,3.07,2.6,3.46,4.23,5.17,5.69,5.9,5.75,5.46,5.28,4.94,4.53,4.34,4.25,4.2,4.05,5.13,5.19,4.74,4.35,2.89,1.62,0.61,0.47,1.09,1.48,2.67,3.39,4.18,4.99,5.03,5.02,4.93,4.68,4.54,4.77,4.92,4.88,4.6,4.31,5.4,5.01,4.6,4.71,3.58,2.16,1.39,0.99,0.66,0.19,0.48,1.03,1.69,2.28,2.73,3.11,3.6,4.67,5.08,4.99,5.03,5.11,5.47,5.12,5.62,6.18,7.29,6.64,5.31,4.2,3.63,3.35,2.72,1.64,1.71,1.79,2.15,2.59,2.44,1.91,1.69,2.18,2.66,3.15,3.89,3.88,3.7,3.68,4.98,4.34,4.17,2.99,1.8,1.02,2.1,3.55,4.35,3.81,3.1,3.9,4.8,5.17,5.32,5.2,4.89,4.43,3.78,3.08,3.23,3.32,3.29,3.27,4.15,3.62,3.12,2.35,2.36,2.98,3.59,3.93,3.97,2.86,2.08,1.67,1.26,0.86,0.93,1.44,1.9,2.27,2.51,2.67,2.7,2.68,2.7,2.76,3.91,4.67,4.94,5.56,5.92,5.93,5.98,6.32,6.45,4.75,3.35,3.19,3.0,2.8,2.66,2.64,2.61
685,5.28,4.94,4.53,4.34,4.25,4.2,4.05,5.13,5.19,4.74,4.35,2.89,1.62,0.61,0.47,1.09,1.48,2.67,3.39,4.18,4.99,5.03,5.02,4.93,4.68,4.54,4.77,4.92,4.88,4.6,4.31,5.4,5.01,4.6,4.71,3.58,2.16,1.39,0.99,0.66,0.19,0.48,1.03,1.69,2.28,2.73,3.11,3.6,4.67,5.08,4.99,5.03,5.11,5.47,5.12,5.62,6.18,7.29,6.64,5.31,4.2,3.63,3.35,2.72,1.64,1.71,1.79,2.15,2.59,2.44,1.91,1.69,2.18,2.66,3.15,3.89,3.88,3.7,3.68,4.98,4.34,4.17,2.99,1.8,1.02,2.1,3.55,4.35,3.81,3.1,3.9,4.8,5.17,5.32,5.2,4.89,4.43,3.78,3.08,3.23,3.32,3.29,3.27,4.15,3.62,3.12,2.35,2.36,2.98,3.59,3.93,3.97,2.86,2.08,1.67,1.26,0.86,0.93,1.44,1.9,2.27,2.51,2.67,2.7,2.68,2.7,2.76,3.91,4.67,4.94,5.56,5.92,5.93,5.98,6.32,6.45,4.75,3.35,3.19,3.0,2.8,2.66,2.64,2.61,2.6,2.5,2.45,2.36,2.37,2.4,2.45,2.52,3.21,2.45,0.73,2.04,3.18,4.12,4.64,4.26,2.73,2.2,1.42,0.72,0.33,0.77,1.16,1.71
686,4.68,4.54,4.77,4.92,4.88,4.6,4.31,5.4,5.01,4.6,4.71,3.58,2.16,1.39,0.99,0.66,0.19,0.48,1.03,1.69,2.28,2.73,3.11,3.6,4.67,5.08,4.99,5.03,5.11,5.47,5.12,5.62,6.18,7.29,6.64,5.31,4.2,3.63,3.35,2.72,1.64,1.71,1.79,2.15,2.59,2.44,1.91,1.69,2.18,2.66,3.15,3.89,3.88,3.7,3.68,4.98,4.34,4.17,2.99,1.8,1.02,2.1,3.55,4.35,3.81,3.1,3.9,4.8,5.17,5.32,5.2,4.89,4.43,3.78,3.08,3.23,3.32,3.29,3.27,4.15,3.62,3.12,2.35,2.36,2.98,3.59,3.93,3.97,2.86,2.08,1.67,1.26,0.86,0.93,1.44,1.9,2.27,2.51,2.67,2.7,2.68,2.7,2.76,3.91,4.67,4.94,5.56,5.92,5.93,5.98,6.32,6.45,4.75,3.35,3.19,3.0,2.8,2.66,2.64,2.61,2.6,2.5,2.45,2.36,2.37,2.4,2.45,2.52,3.21,2.45,0.73,2.04,3.18,4.12,4.64,4.26,2.73,2.2,1.42,0.72,0.33,0.77,1.16,1.71,2.2,2.66,2.75,2.84,2.69,2.83,2.7,3.46,3.6,3.6,5.19,6.07,6.44,6.83,6.91,6.56,4.52,3.53,3.59,3.56,3.52,3.49,3.32,3.18
687,4.67,5.08,4.99,5.03,5.11,5.47,5.12,5.62,6.18,7.29,6.64,5.31,4.2,3.63,3.35,2.72,1.64,1.71,1.79,2.15,2.59,2.44,1.91,1.69,2.18,2.66,3.15,3.89,3.88,3.7,3.68,4.98,4.34,4.17,2.99,1.8,1.02,2.1,3.55,4.35,3.81,3.1,3.9,4.8,5.17,5.32,5.2,4.89,4.43,3.78,3.08,3.23,3.32,3.29,3.27,4.15,3.62,3.12,2.35,2.36,2.98,3.59,3.93,3.97,2.86,2.08,1.67,1.26,0.86,0.93,1.44,1.9,2.27,2.51,2.67,2.7,2.68,2.7,2.76,3.91,4.67,4.94,5.56,5.92,5.93,5.98,6.32,6.45,4.75,3.35,3.19,3.0,2.8,2.66,2.64,2.61,2.6,2.5,2.45,2.36,2.37,2.4,2.45,2.52,3.21,2.45,0.73,2.04,3.18,4.12,4.64,4.26,2.73,2.2,1.42,0.72,0.33,0.77,1.16,1.71,2.2,2.66,2.75,2.84,2.69,2.83,2.7,3.46,3.6,3.6,5.19,6.07,6.44,6.83,6.91,6.56,4.52,3.53,3.59,3.56,3.52,3.49,3.32,3.18,3.08,2.9,2.63,2.35,2.01,1.47,0.94,0.62,0.35,0.49,1.86,2.97,3.67,4.21,4.46,4.38,2.83,2.34,1.63,0.84,0.49,0.83,1.5,1.83
688,2.18,2.66,3.15,3.89,3.88,3.7,3.68,4.98,4.34,4.17,2.99,1.8,1.02,2.1,3.55,4.35,3.81,3.1,3.9,4.8,5.17,5.32,5.2,4.89,4.43,3.78,3.08,3.23,3.32,3.29,3.27,4.15,3.62,3.12,2.35,2.36,2.98,3.59,3.93,3.97,2.86,2.08,1.67,1.26,0.86,0.93,1.44,1.9,2.27,2.51,2.67,2.7,2.68,2.7,2.76,3.91,4.67,4.94,5.56,5.92,5.93,5.98,6.32,6.45,4.75,3.35,3.19,3.0,2.8,2.66,2.64,2.61,2.6,2.5,2.45,2.36,2.37,2.4,2.45,2.52,3.21,2.45,0.73,2.04,3.18,4.12,4.64,4.26,2.73,2.2,1.42,0.72,0.33,0.77,1.16,1.71,2.2,2.66,2.75,2.84,2.69,2.83,2.7,3.46,3.6,3.6,5.19,6.07,6.44,6.83,6.91,6.56,4.52,3.53,3.59,3.56,3.52,3.49,3.32,3.18,3.08,2.9,2.63,2.35,2.01,1.47,0.94,0.62,0.35,0.49,1.86,2.97,3.67,4.21,4.46,4.38,2.83,2.34,1.63,0.84,0.49,0.83,1.5,1.83,2.02,2.32,2.52,2.69,2.91,3.15,3.23,4.04,4.68,4.95,6.58,7.64,8.01,8.51,8.92,8.58,6.13,5.22,7.0,6.72,6.17,5.75,4.02,4.5
689,4.43,3.78,3.08,3.23,3.32,3.29,3.27,4.15,3.62,3.12,2.35,2.36,2.98,3.59,3.93,3.97,2.86,2.08,1.67,1.26,0.86,0.93,1.44,1.9,2.27,2.51,2.67,2.7,2.68,2.7,2.76,3.91,4.67,4.94,5.56,5.92,5.93,5.98,6.32,6.45,4.75,3.35,3.19,3.0,2.8,2.66,2.64,2.61,2.6,2.5,2.45,2.36,2.37,2.4,2.45,2.52,3.21,2.45,0.73,2.04,3.18,4.12,4.64,4.26,2.73,2.2,1.42,0.72,0.33,0.77,1.16,1.71,2.2,2.66,2.75,2.84,2.69,2.83,2.7,3.46,3.6,3.6,5.19,6.07,6.44,6.83,6.91,6.56,4.52,3.53,3.59,3.56,3.52,3.49,3.32,3.18,3.08,2.9,2.63,2.35,2.01,1.47,0.94,0.62,0.35,0.49,1.86,2.97,3.67,4.21,4.46,4.38,2.83,2.34,1.63,0.84,0.49,0.83,1.5,1.83,2.02,2.32,2.52,2.69,2.91,3.15,3.23,4.04,4.68,4.95,6.58,7.64,8.01,8.51,8.92,8.58,6.13,5.22,7.0,6.72,6.17,5.75,4.02,4.5,4.01,1.38,1.29,2.01,3.8,2.58,2.09,2.63,3.68,4.79,5.58,5.72,6.05,6.68,7.09,6.95,4.72,3.95,4.55,5.69,6.76,7.72,7.1,4.97
690,2.27,2.51,2.67,2.7,2.68,2.7,2.76,3.91,4.67,4.94,5.56,5.92,5.93,5.98,6.32,6.45,4.75,3.35,3.19,3.0,2.8,2.66,2.64,2.61,2.6,2.5,2.45,2.36,2.37,2.4,2.45,2.52,3.21,2.45,0.73,2.04,3.18,4.12,4.64,4.26,2.73,2.2,1.42,0.72,0.33,0.77,1.16,1.71,2.2,2.66,2.75,2.84,2.69,2.83,2.7,3.46,3.6,3.6,5.19,6.07,6.44,6.83,6.91,6.56,4.52,3.53,3.59,3.56,3.52,3.49,3.32,3.18,3.08,2.9,2.63,2.35,2.01,1.47,0.94,0.62,0.35,0.49,1.86,2.97,3.67,4.21,4.46,4.38,2.83,2.34,1.63,0.84,0.49,0.83,1.5,1.83,2.02,2.32,2.52,2.69,2.91,3.15,3.23,4.04,4.68,4.95,6.58,7.64,8.01,8.51,8.92,8.58,6.13,5.22,7.0,6.72,6.17,5.75,4.02,4.5,4.01,1.38,1.29,2.01,3.8,2.58,2.09,2.63,3.68,4.79,5.58,5.72,6.05,6.68,7.09,6.95,4.72,3.95,4.55,5.69,6.76,7.72,7.1,4.97,2.84,2.37,2.65,2.86,2.87,2.86,3.15,4.79,6.25,7.25,7.13,7.08,7.21,7.32,7.44,7.45,6.7,5.39,5.8,5.48,4.69,4.01,3.78,3.67
691,2.6,2.5,2.45,2.36,2.37,2.4,2.45,2.52,3.21,2.45,0.73,2.04,3.18,4.12,4.64,4.26,2.73,2.2,1.42,0.72,0.33,0.77,1.16,1.71,2.2,2.66,2.75,2.84,2.69,2.83,2.7,3.46,3.6,3.6,5.19,6.07,6.44,6.83,6.91,6.56,4.52,3.53,3.59,3.56,3.52,3.49,3.32,3.18,3.08,2.9,2.63,2.35,2.01,1.47,0.94,0.62,0.35,0.49,1.86,2.97,3.67,4.21,4.46,4.38,2.83,2.34,1.63,0.84,0.49,0.83,1.5,1.83,2.02,2.32,2.52,2.69,2.91,3.15,3.23,4.04,4.68,4.95,6.58,7.64,8.01,8.51,8.92,8.58,6.13,5.22,7.0,6.72,6.17,5.75,4.02,4.5,4.01,1.38,1.29,2.01,3.8,2.58,2.09,2.63,3.68,4.79,5.58,5.72,6.05,6.68,7.09,6.95,4.72,3.95,4.55,5.69,6.76,7.72,7.1,4.97,2.84,2.37,2.65,2.86,2.87,2.86,3.15,4.79,6.25,7.25,7.13,7.08,7.21,7.32,7.44,7.45,6.7,5.39,5.8,5.48,4.69,4.01,3.78,3.67,3.6,3.61,3.66,3.7,3.71,3.69,3.61,4.44,4.39,3.79,5.55,5.69,5.34,5.08,4.98,4.92,3.42,3.52,3.72,3.78,3.74,3.61,3.57,3.61
692,2.2,2.66,2.75,2.84,2.69,2.83,2.7,3.46,3.6,3.6,5.19,6.07,6.44,6.83,6.91,6.56,4.52,3.53,3.59,3.56,3.52,3.49,3.32,3.18,3.08,2.9,2.63,2.35,2.01,1.47,0.94,0.62,0.35,0.49,1.86,2.97,3.67,4.21,4.46,4.38,2.83,2.34,1.63,0.84,0.49,0.83,1.5,1.83,2.02,2.32,2.52,2.69,2.91,3.15,3.23,4.04,4.68,4.95,6.58,7.64,8.01,8.51,8.92,8.58,6.13,5.22,7.0,6.72,6.17,5.75,4.02,4.5,4.01,1.38,1.29,2.01,3.8,2.58,2.09,2.63,3.68,4.79,5.58,5.72,6.05,6.68,7.09,6.95,4.72,3.95,4.55,5.69,6.76,7.72,7.1,4.97,2.84,2.37,2.65,2.86,2.87,2.86,3.15,4.79,6.25,7.25,7.13,7.08,7.21,7.32,7.44,7.45,6.7,5.39,5.8,5.48,4.69,4.01,3.78,3.67,3.6,3.61,3.66,3.7,3.71,3.69,3.61,4.44,4.39,3.79,5.55,5.69,5.34,5.08,4.98,4.92,3.42,3.52,3.72,3.78,3.74,3.61,3.57,3.61,3.64,3.76,3.9,3.77,3.57,3.5,3.57,4.67,4.64,5.2,6.35,6.16,5.68,5.39,5.35,5.3,3.65,4.02,4.63,5.07,5.19,5.12,4.71,4.45
693,3.08,2.9,2.63,2.35,2.01,1.47,0.94,0.62,0.35,0.49,1.86,2.97,3.67,4.21,4.46,4.38,2.83,2.34,1.63,0.84,0.49,0.83,1.5,1.83,2.02,2.32,2.52,2.69,2.91,3.15,3.23,4.04,4.68,4.95,6.58,7.64,8.01,8.51,8.92,8.58,6.13,5.22,7.0,6.72,6.17,5.75,4.02,4.5,4.01,1.38,1.29,2.01,3.8,2.58,2.09,2.63,3.68,4.79,5.58,5.72,6.05,6.68,7.09,6.95,4.72,3.95,4.55,5.69,6.76,7.72,7.1,4.97,2.84,2.37,2.65,2.86,2.87,2.86,3.15,4.79,6.25,7.25,7.13,7.08,7.21,7.32,7.44,7.45,6.7,5.39,5.8,5.48,4.69,4.01,3.78,3.67,3.6,3.61,3.66,3.7,3.71,3.69,3.61,4.44,4.39,3.79,5.55,5.69,5.34,5.08,4.98,4.92,3.42,3.52,3.72,3.78,3.74,3.61,3.57,3.61,3.64,3.76,3.9,3.77,3.57,3.5,3.57,4.67,4.64,5.2,6.35,6.16,5.68,5.39,5.35,5.3,3.65,4.02,4.63,5.07,5.19,5.12,4.71,4.45,4.43,4.5,4.56,4.52,4.42,4.45,4.47,5.65,5.38,5.08,6.08,5.28,4.82,4.63,4.72,4.92,3.69,4.1,4.63,4.67,4.46,4.26,4.11,4.01
694,2.02,2.32,2.52,2.69,2.91,3.15,3.23,4.04,4.68,4.95,6.58,7.64,8.01,8.51,8.92,8.58,6.13,5.22,7.0,6.72,6.17,5.75,4.02,4.5,4.01,1.38,1.29,2.01,3.8,2.58,2.09,2.63,3.68,4.79,5.58,5.72,6.05,6.68,7.09,6.95,4.72,3.95,4.55,5.69,6.76,7.72,7.1,4.97,2.84,2.37,2.65,2.86,2.87,2.86,3.15,4.79,6.25,7.25,7.13,7.08,7.21,7.32,7.44,7.45,6.7,5.39,5.8,5.48,4.69,4.01,3.78,3.67,3.6,3.61,3.66,3.7,3.71,3.69,3.61,4.44,4.39,3.79,5.55,5.69,5.34,5.08,4.98,4.92,3.42,3.52,3.72,3.78,3.74,3.61,3.57,3.61,3.64,3.76,3.9,3.77,3.57,3.5,3.57,4.67,4.64,5.2,6.35,6.16,5.68,5.39,5.35,5.3,3.65,4.02,4.63,5.07,5.19,5.12,4.71,4.45,4.43,4.5,4.56,4.52,4.42,4.45,4.47,5.65,5.38,5.08,6.08,5.28,4.82,4.63,4.72,4.92,3.69,4.1,4.63,4.67,4.46,4.26,4.11,4.01,3.88,3.71,3.49,3.3,3.16,2.99,2.72,2.21,2.32,1.1,0.68,2.02,3.33,4.2,4.45,4.27,2.74,2.75,2.64,2.42,2.17,2.06,2.09,2.12
695,4.01,1.38,1.29,2.01,3.8,2.58,2.09,2.63,3.68,4.79,5.58,5.72,6.05,6.68,7.09,6.95,4.72,3.95,4.55,5.69,6.76,7.72,7.1,4.97,2.84,2.37,2.65,2.86,2.87,2.86,3.15,4.79,6.25,7.25,7.13,7.08,7.21,7.32,7.44,7.45,6.7,5.39,5.8,5.48,4.69,4.01,3.78,3.67,3.6,3.61,3.66,3.7,3.71,3.69,3.61,4.44,4.39,3.79,5.55,5.69,5.34,5.08,4.98,4.92,3.42,3.52,3.72,3.78,3.74,3.61,3.57,3.61,3.64,3.76,3.9,3.77,3.57,3.5,3.57,4.67,4.64,5.2,6.35,6.16,5.68,5.39,5.35,5.3,3.65,4.02,4.63,5.07,5.19,5.12,4.71,4.45,4.43,4.5,4.56,4.52,4.42,4.45,4.47,5.65,5.38,5.08,6.08,5.28,4.82,4.63,4.72,4.92,3.69,4.1,4.63,4.67,4.46,4.26,4.11,4.01,3.88,3.71,3.49,3.3,3.16,2.99,2.72,2.21,2.32,1.1,0.68,2.02,3.33,4.2,4.45,4.27,2.74,2.75,2.64,2.42,2.17,2.06,2.09,2.12,2.32,2.89,3.74,4.72,5.72,6.08,5.93,6.48,6.95,8.72,8.43,7.88,7.53,7.33,7.14,6.77,4.84,4.11,4.63,5.04,5.25,5.24,5.07,4.95
696,2.84,2.37,2.65,2.86,2.87,2.86,3.15,4.79,6.25,7.25,7.13,7.08,7.21,7.32,7.44,7.45,6.7,5.39,5.8,5.48,4.69,4.01,3.78,3.67,3.6,3.61,3.66,3.7,3.71,3.69,3.61,4.44,4.39,3.79,5.55,5.69,5.34,5.08,4.98,4.92,3.42,3.52,3.72,3.78,3.74,3.61,3.57,3.61,3.64,3.76,3.9,3.77,3.57,3.5,3.57,4.67,4.64,5.2,6.35,6.16,5.68,5.39,5.35,5.3,3.65,4.02,4.63,5.07,5.19,5.12,4.71,4.45,4.43,4.5,4.56,4.52,4.42,4.45,4.47,5.65,5.38,5.08,6.08,5.28,4.82,4.63,4.72,4.92,3.69,4.1,4.63,4.67,4.46,4.26,4.11,4.01,3.88,3.71,3.49,3.3,3.16,2.99,2.72,2.21,2.32,1.1,0.68,2.02,3.33,4.2,4.45,4.27,2.74,2.75,2.64,2.42,2.17,2.06,2.09,2.12,2.32,2.89,3.74,4.72,5.72,6.08,5.93,6.48,6.95,8.72,8.43,7.88,7.53,7.33,7.14,6.77,4.84,4.11,4.63,5.04,5.25,5.24,5.07,4.95,4.7,4.38,4.14,3.96,3.77,3.68,3.67,4.8,4.69,4.05,5.7,5.14,4.34,3.84,3.78,4.02,3.11,4.03,5.15,5.9,5.84,5.51,4.92,4.38
697,3.6,3.61,3.66,3.7,3.71,3.69,3.61,4.44,4.39,3.79,5.55,5.69,5.34,5.08,4.98,4.92,3.42,3.52,3.72,3.78,3.74,3.61,3.57,3.61,3.64,3.76,3.9,3.77,3.57,3.5,3.57,4.67,4.64,5.2,6.35,6.16,5.68,5.39,5.35,5.3,3.65,4.02,4.63,5.07,5.19,5.12,4.71,4.45,4.43,4.5,4.56,4.52,4.42,4.45,4.47,5.65,5.38,5.08,6.08,5.28,4.82,4.63,4.72,4.92,3.69,4.1,4.63,4.67,4.46,4.26,4.11,4.01,3.88,3.71,3.49,3.3,3.16,2.99,2.72,2.21,2.32,1.1,0.68,2.02,3.33,4.2,4.45,4.27,2.74,2.75,2.64,2.42,2.17,2.06,2.09,2.12,2.32,2.89,3.74,4.72,5.72,6.08,5.93,6.48,6.95,8.72,8.43,7.88,7.53,7.33,7.14,6.77,4.84,4.11,4.63,5.04,5.25,5.24,5.07,4.95,4.7,4.38,4.14,3.96,3.77,3.68,3.67,4.8,4.69,4.05,5.7,5.14,4.34,3.84,3.78,4.02,3.11,4.03,5.15,5.9,5.84,5.51,4.92,4.38,4.09,3.83,3.62,3.45,3.34,3.3,3.28,3.71,4.32,3.93,4.82,4.97,5.09,4.94,4.74,4.51,2.97,3.23,3.29,3.42,3.57,3.59,3.4,3.05
698,3.64,3.76,3.9,3.77,3.57,3.5,3.57,4.67,4.64,5.2,6.35,6.16,5.68,5.39,5.35,5.3,3.65,4.02,4.63,5.07,5.19,5.12,4.71,4.45,4.43,4.5,4.56,4.52,4.42,4.45,4.47,5.65,5.38,5.08,6.08,5.28,4.82,4.63,4.72,4.92,3.69,4.1,4.63,4.67,4.46,4.26,4.11,4.01,3.88,3.71,3.49,3.3,3.16,2.99,2.72,2.21,2.32,1.1,0.68,2.02,3.33,4.2,4.45,4.27,2.74,2.75,2.64,2.42,2.17,2.06,2.09,2.12,2.32,2.89,3.74,4.72,5.72,6.08,5.93,6.48,6.95,8.72,8.43,7.88,7.53,7.33,7.14,6.77,4.84,4.11,4.63,5.04,5.25,5.24,5.07,4.95,4.7,4.38,4.14,3.96,3.77,3.68,3.67,4.8,4.69,4.05,5.7,5.14,4.34,3.84,3.78,4.02,3.11,4.03,5.15,5.9,5.84,5.51,4.92,4.38,4.09,3.83,3.62,3.45,3.34,3.3,3.28,3.71,4.32,3.93,4.82,4.97,5.09,4.94,4.74,4.51,2.97,3.23,3.29,3.42,3.57,3.59,3.4,3.05,2.78,2.79,3.09,3.44,3.71,4.01,4.42,5.91,5.91,6.81,8.29,7.51,6.87,6.53,6.46,6.45,4.8,4.52,5.16,5.4,5.29,5.28,5.38,5.5
699,4.43,4.5,4.56,4.52,4.42,4.45,4.47,5.65,5.38,5.08,6.08,5.28,4.82,4.63,4.72,4.92,3.69,4.1,4.63,4.67,4.46,4.26,4.11,4.01,3.88,3.71,3.49,3.3,3.16,2.99,2.72,2.21,2.32,1.1,0.68,2.02,3.33,4.2,4.45,4.27,2.74,2.75,2.64,2.42,2.17,2.06,2.09,2.12,2.32,2.89,3.74,4.72,5.72,6.08,5.93,6.48,6.95,8.72,8.43,7.88,7.53,7.33,7.14,6.77,4.84,4.11,4.63,5.04,5.25,5.24,5.07,4.95,4.7,4.38,4.14,3.96,3.77,3.68,3.67,4.8,4.69,4.05,5.7,5.14,4.34,3.84,3.78,4.02,3.11,4.03,5.15,5.9,5.84,5.51,4.92,4.38,4.09,3.83,3.62,3.45,3.34,3.3,3.28,3.71,4.32,3.93,4.82,4.97,5.09,4.94,4.74,4.51,2.97,3.23,3.29,3.42,3.57,3.59,3.4,3.05,2.78,2.79,3.09,3.44,3.71,4.01,4.42,5.91,5.91,6.81,8.29,7.51,6.87,6.53,6.46,6.45,4.8,4.52,5.16,5.4,5.29,5.28,5.38,5.5,5.45,5.32,5.17,4.69,4.22,3.95,3.84,4.8,5.0,4.82,6.34,5.79,5.14,4.65,4.21,3.77,2.71,3.51,3.95,4.32,4.56,4.61,4.54,4.38
700,3.88,3.71,3.49,3.3,3.16,2.99,2.72,2.21,2.32,1.1,0.68,2.02,3.33,4.2,4.45,4.27,2.74,2.75,2.64,2.42,2.17,2.06,2.09,2.12,2.32,2.89,3.74,4.72,5.72,6.08,5.93,6.48,6.95,8.72,8.43,7.88,7.53,7.33,7.14,6.77,4.84,4.11,4.63,5.04,5.25,5.24,5.07,4.95,4.7,4.38,4.14,3.96,3.77,3.68,3.67,4.8,4.69,4.05,5.7,5.14,4.34,3.84,3.78,4.02,3.11,4.03,5.15,5.9,5.84,5.51,4.92,4.38,4.09,3.83,3.62,3.45,3.34,3.3,3.28,3.71,4.32,3.93,4.82,4.97,5.09,4.94,4.74,4.51,2.97,3.23,3.29,3.42,3.57,3.59,3.4,3.05,2.78,2.79,3.09,3.44,3.71,4.01,4.42,5.91,5.91,6.81,8.29,7.51,6.87,6.53,6.46,6.45,4.8,4.52,5.16,5.4,5.29,5.28,5.38,5.5,5.45,5.32,5.17,4.69,4.22,3.95,3.84,4.8,5.0,4.82,6.34,5.79,5.14,4.65,4.21,3.77,2.71,3.51,3.95,4.32,4.56,4.61,4.54,4.38,4.18,3.9,3.67,3.49,3.41,3.38,3.31,3.15,3.68,2.45,2.81,3.59,4.13,4.49,4.58,4.27,2.77,3.04,3.06,2.98,2.84,2.54,2.1,1.82
701,2.32,2.89,3.74,4.72,5.72,6.08,5.93,6.48,6.95,8.72,8.43,7.88,7.53,7.33,7.14,6.77,4.84,4.11,4.63,5.04,5.25,5.24,5.07,4.95,4.7,4.38,4.14,3.96,3.77,3.68,3.67,4.8,4.69,4.05,5.7,5.14,4.34,3.84,3.78,4.02,3.11,4.03,5.15,5.9,5.84,5.51,4.92,4.38,4.09,3.83,3.62,3.45,3.34,3.3,3.28,3.71,4.32,3.93,4.82,4.97,5.09,4.94,4.74,4.51,2.97,3.23,3.29,3.42,3.57,3.59,3.4,3.05,2.78,2.79,3.09,3.44,3.71,4.01,4.42,5.91,5.91,6.81,8.29,7.51,6.87,6.53,6.46,6.45,4.8,4.52,5.16,5.4,5.29,5.28,5.38,5.5,5.45,5.32,5.17,4.69,4.22,3.95,3.84,4.8,5.0,4.82,6.34,5.79,5.14,4.65,4.21,3.77,2.71,3.51,3.95,4.32,4.56,4.61,4.54,4.38,4.18,3.9,3.67,3.49,3.41,3.38,3.31,3.15,3.68,2.45,2.81,3.59,4.13,4.49,4.58,4.27,2.77,3.04,3.06,2.98,2.84,2.54,2.1,1.82,1.86,2.28,2.96,3.5,3.69,3.64,3.63,4.41,5.62,5.28,7.91,8.2,7.03,6.07,5.41,5.17,3.79,4.3,4.86,5.02,5.09,5.17,5.14,5.04
702,4.7,4.38,4.14,3.96,3.77,3.68,3.67,4.8,4.69,4.05,5.7,5.14,4.34,3.84,3.78,4.02,3.11,4.03,5.15,5.9,5.84,5.51,4.92,4.38,4.09,3.83,3.62,3.45,3.34,3.3,3.28,3.71,4.32,3.93,4.82,4.97,5.09,4.94,4.74,4.51,2.97,3.23,3.29,3.42,3.57,3.59,3.4,3.05,2.78,2.79,3.09,3.44,3.71,4.01,4.42,5.91,5.91,6.81,8.29,7.51,6.87,6.53,6.46,6.45,4.8,4.52,5.16,5.4,5.29,5.28,5.38,5.5,5.45,5.32,5.17,4.69,4.22,3.95,3.84,4.8,5.0,4.82,6.34,5.79,5.14,4.65,4.21,3.77,2.71,3.51,3.95,4.32,4.56,4.61,4.54,4.38,4.18,3.9,3.67,3.49,3.41,3.38,3.31,3.15,3.68,2.45,2.81,3.59,4.13,4.49,4.58,4.27,2.77,3.04,3.06,2.98,2.84,2.54,2.1,1.82,1.86,2.28,2.96,3.5,3.69,3.64,3.63,4.41,5.62,5.28,7.91,8.2,7.03,6.07,5.41,5.17,3.79,4.3,4.86,5.02,5.09,5.17,5.14,5.04,4.7,4.39,4.2,4.1,4.07,4.12,4.1,4.93,4.55,3.62,4.18,3.44,2.77,2.89,3.54,4.38,3.58,3.83,4.04,3.93,3.86,3.8,3.69,3.52
703,4.09,3.83,3.62,3.45,3.34,3.3,3.28,3.71,4.32,3.93,4.82,4.97,5.09,4.94,4.74,4.51,2.97,3.23,3.29,3.42,3.57,3.59,3.4,3.05,2.78,2.79,3.09,3.44,3.71,4.01,4.42,5.91,5.91,6.81,8.29,7.51,6.87,6.53,6.46,6.45,4.8,4.52,5.16,5.4,5.29,5.28,5.38,5.5,5.45,5.32,5.17,4.69,4.22,3.95,3.84,4.8,5.0,4.82,6.34,5.79,5.14,4.65,4.21,3.77,2.71,3.51,3.95,4.32,4.56,4.61,4.54,4.38,4.18,3.9,3.67,3.49,3.41,3.38,3.31,3.15,3.68,2.45,2.81,3.59,4.13,4.49,4.58,4.27,2.77,3.04,3.06,2.98,2.84,2.54,2.1,1.82,1.86,2.28,2.96,3.5,3.69,3.64,3.63,4.41,5.62,5.28,7.91,8.2,7.03,6.07,5.41,5.17,3.79,4.3,4.86,5.02,5.09,5.17,5.14,5.04,4.7,4.39,4.2,4.1,4.07,4.12,4.1,4.93,4.55,3.62,4.18,3.44,2.77,2.89,3.54,4.38,3.58,3.83,4.04,3.93,3.86,3.8,3.69,3.52,3.34,3.25,3.26,3.29,3.26,3.16,2.98,2.68,3.26,2.79,3.05,2.65,2.01,1.54,1.55,1.98,2.14,3.08,3.59,3.92,4.11,4.14,4.11,4.09
704,2.78,2.79,3.09,3.44,3.71,4.01,4.42,5.91,5.91,6.81,8.29,7.51,6.87,6.53,6.46,6.45,4.8,4.52,5.16,5.4,5.29,5.28,5.38,5.5,5.45,5.32,5.17,4.69,4.22,3.95,3.84,4.8,5.0,4.82,6.34,5.79,5.14,4.65,4.21,3.77,2.71,3.51,3.95,4.32,4.56,4.61,4.54,4.38,4.18,3.9,3.67,3.49,3.41,3.38,3.31,3.15,3.68,2.45,2.81,3.59,4.13,4.49,4.58,4.27,2.77,3.04,3.06,2.98,2.84,2.54,2.1,1.82,1.86,2.28,2.96,3.5,3.69,3.64,3.63,4.41,5.62,5.28,7.91,8.2,7.03,6.07,5.41,5.17,3.79,4.3,4.86,5.02,5.09,5.17,5.14,5.04,4.7,4.39,4.2,4.1,4.07,4.12,4.1,4.93,4.55,3.62,4.18,3.44,2.77,2.89,3.54,4.38,3.58,3.83,4.04,3.93,3.86,3.8,3.69,3.52,3.34,3.25,3.26,3.29,3.26,3.16,2.98,2.68,3.26,2.79,3.05,2.65,2.01,1.54,1.55,1.98,2.14,3.08,3.59,3.92,4.11,4.14,4.11,4.09,4.08,4.12,4.21,4.26,4.31,4.47,4.63,5.69,5.62,5.41,6.56,6.21,5.65,5.5,5.69,5.94,4.62,5.4,6.96,7.47,7.52,6.86,6.24,5.91
705,5.45,5.32,5.17,4.69,4.22,3.95,3.84,4.8,5.0,4.82,6.34,5.79,5.14,4.65,4.21,3.77,2.71,3.51,3.95,4.32,4.56,4.61,4.54,4.38,4.18,3.9,3.67,3.49,3.41,3.38,3.31,3.15,3.68,2.45,2.81,3.59,4.13,4.49,4.58,4.27,2.77,3.04,3.06,2.98,2.84,2.54,2.1,1.82,1.86,2.28,2.96,3.5,3.69,3.64,3.63,4.41,5.62,5.28,7.91,8.2,7.03,6.07,5.41,5.17,3.79,4.3,4.86,5.02,5.09,5.17,5.14,5.04,4.7,4.39,4.2,4.1,4.07,4.12,4.1,4.93,4.55,3.62,4.18,3.44,2.77,2.89,3.54,4.38,3.58,3.83,4.04,3.93,3.86,3.8,3.69,3.52,3.34,3.25,3.26,3.29,3.26,3.16,2.98,2.68,3.26,2.79,3.05,2.65,2.01,1.54,1.55,1.98,2.14,3.08,3.59,3.92,4.11,4.14,4.11,4.09,4.08,4.12,4.21,4.26,4.31,4.47,4.63,5.69,5.62,5.41,6.56,6.21,5.65,5.5,5.69,5.94,4.62,5.4,6.96,7.47,7.52,6.86,6.24,5.91,5.69,5.56,5.48,5.5,5.55,5.55,5.48,6.06,6.26,7.9,8.04,7.32,6.99,6.97,7.11,7.18,5.53,5.38,6.46,6.77,6.49,6.19,6.03,5.82
706,4.18,3.9,3.67,3.49,3.41,3.38,3.31,3.15,3.68,2.45,2.81,3.59,4.13,4.49,4.58,4.27,2.77,3.04,3.06,2.98,2.84,2.54,2.1,1.82,1.86,2.28,2.96,3.5,3.69,3.64,3.63,4.41,5.62,5.28,7.91,8.2,7.03,6.07,5.41,5.17,3.79,4.3,4.86,5.02,5.09,5.17,5.14,5.04,4.7,4.39,4.2,4.1,4.07,4.12,4.1,4.93,4.55,3.62,4.18,3.44,2.77,2.89,3.54,4.38,3.58,3.83,4.04,3.93,3.86,3.8,3.69,3.52,3.34,3.25,3.26,3.29,3.26,3.16,2.98,2.68,3.26,2.79,3.05,2.65,2.01,1.54,1.55,1.98,2.14,3.08,3.59,3.92,4.11,4.14,4.11,4.09,4.08,4.12,4.21,4.26,4.31,4.47,4.63,5.69,5.62,5.41,6.56,6.21,5.65,5.5,5.69,5.94,4.62,5.4,6.96,7.47,7.52,6.86,6.24,5.91,5.69,5.56,5.48,5.5,5.55,5.55,5.48,6.06,6.26,7.9,8.04,7.32,6.99,6.97,7.11,7.18,5.53,5.38,6.46,6.77,6.49,6.19,6.03,5.82,5.7,5.76,5.98,6.17,6.26,6.2,6.03,6.36,6.27,6.91,6.25,5.6,5.15,5.09,5.2,5.13,3.88,4.83,5.83,5.78,5.49,5.03,4.8,4.51
707,1.86,2.28,2.96,3.5,3.69,3.64,3.63,4.41,5.62,5.28,7.91,8.2,7.03,6.07,5.41,5.17,3.79,4.3,4.86,5.02,5.09,5.17,5.14,5.04,4.7,4.39,4.2,4.1,4.07,4.12,4.1,4.93,4.55,3.62,4.18,3.44,2.77,2.89,3.54,4.38,3.58,3.83,4.04,3.93,3.86,3.8,3.69,3.52,3.34,3.25,3.26,3.29,3.26,3.16,2.98,2.68,3.26,2.79,3.05,2.65,2.01,1.54,1.55,1.98,2.14,3.08,3.59,3.92,4.11,4.14,4.11,4.09,4.08,4.12,4.21,4.26,4.31,4.47,4.63,5.69,5.62,5.41,6.56,6.21,5.65,5.5,5.69,5.94,4.62,5.4,6.96,7.47,7.52,6.86,6.24,5.91,5.69,5.56,5.48,5.5,5.55,5.55,5.48,6.06,6.26,7.9,8.04,7.32,6.99,6.97,7.11,7.18,5.53,5.38,6.46,6.77,6.49,6.19,6.03,5.82,5.7,5.76,5.98,6.17,6.26,6.2,6.03,6.36,6.27,6.91,6.25,5.6,5.15,5.09,5.2,5.13,3.88,4.83,5.83,5.78,5.49,5.03,4.8,4.51,4.34,4.43,4.65,4.9,5.26,5.36,5.15,5.56,5.27,4.73,4.65,4.13,3.95,3.89,3.93,3.99,3.13,3.95,4.42,4.43,4.16,3.92,3.81,3.87
708,4.7,4.39,4.2,4.1,4.07,4.12,4.1,4.93,4.55,3.62,4.18,3.44,2.77,2.89,3.54,4.38,3.58,3.83,4.04,3.93,3.86,3.8,3.69,3.52,3.34,3.25,3.26,3.29,3.26,3.16,2.98,2.68,3.26,2.79,3.05,2.65,2.01,1.54,1.55,1.98,2.14,3.08,3.59,3.92,4.11,4.14,4.11,4.09,4.08,4.12,4.21,4.26,4.31,4.47,4.63,5.69,5.62,5.41,6.56,6.21,5.65,5.5,5.69,5.94,4.62,5.4,6.96,7.47,7.52,6.86,6.24,5.91,5.69,5.56,5.48,5.5,5.55,5.55,5.48,6.06,6.26,7.9,8.04,7.32,6.99,6.97,7.11,7.18,5.53,5.38,6.46,6.77,6.49,6.19,6.03,5.82,5.7,5.76,5.98,6.17,6.26,6.2,6.03,6.36,6.27,6.91,6.25,5.6,5.15,5.09,5.2,5.13,3.88,4.83,5.83,5.78,5.49,5.03,4.8,4.51,4.34,4.43,4.65,4.9,5.26,5.36,5.15,5.56,5.27,4.73,4.65,4.13,3.95,3.89,3.93,3.99,3.13,3.95,4.42,4.43,4.16,3.92,3.81,3.87,4.03,4.31,4.63,4.73,4.68,4.56,4.29,4.82,4.6,3.92,4.26,3.87,2.91,2.0,1.44,0.86,0.56,0.74,1.23,1.8,2.33,2.77,3.02,3.27
709,3.34,3.25,3.26,3.29,3.26,3.16,2.98,2.68,3.26,2.79,3.05,2.65,2.01,1.54,1.55,1.98,2.14,3.08,3.59,3.92,4.11,4.14,4.11,4.09,4.08,4.12,4.21,4.26,4.31,4.47,4.63,5.69,5.62,5.41,6.56,6.21,5.65,5.5,5.69,5.94,4.62,5.4,6.96,7.47,7.52,6.86,6.24,5.91,5.69,5.56,5.48,5.5,5.55,5.55,5.48,6.06,6.26,7.9,8.04,7.32,6.99,6.97,7.11,7.18,5.53,5.38,6.46,6.77,6.49,6.19,6.03,5.82,5.7,5.76,5.98,6.17,6.26,6.2,6.03,6.36,6.27,6.91,6.25,5.6,5.15,5.09,5.2,5.13,3.88,4.83,5.83,5.78,5.49,5.03,4.8,4.51,4.34,4.43,4.65,4.9,5.26,5.36,5.15,5.56,5.27,4.73,4.65,4.13,3.95,3.89,3.93,3.99,3.13,3.95,4.42,4.43,4.16,3.92,3.81,3.87,4.03,4.31,4.63,4.73,4.68,4.56,4.29,4.82,4.6,3.92,4.26,3.87,2.91,2.0,1.44,0.86,0.56,0.74,1.23,1.8,2.33,2.77,3.02,3.27,3.51,3.63,3.65,3.62,3.55,3.47,3.33,3.1,3.67,2.34,2.16,2.23,2.11,2.2,2.26,1.97,1.82,1.99,1.88,1.72,1.55,1.32,0.97,0.66
710,4.08,4.12,4.21,4.26,4.31,4.47,4.63,5.69,5.62,5.41,6.56,6.21,5.65,5.5,5.69,5.94,4.62,5.4,6.96,7.47,7.52,6.86,6.24,5.91,5.69,5.56,5.48,5.5,5.55,5.55,5.48,6.06,6.26,7.9,8.04,7.32,6.99,6.97,7.11,7.18,5.53,5.38,6.46,6.77,6.49,6.19,6.03,5.82,5.7,5.76,5.98,6.17,6.26,6.2,6.03,6.36,6.27,6.91,6.25,5.6,5.15,5.09,5.2,5.13,3.88,4.83,5.83,5.78,5.49,5.03,4.8,4.51,4.34,4.43,4.65,4.9,5.26,5.36,5.15,5.56,5.27,4.73,4.65,4.13,3.95,3.89,3.93,3.99,3.13,3.95,4.42,4.43,4.16,3.92,3.81,3.87,4.03,4.31,4.63,4.73,4.68,4.56,4.29,4.82,4.6,3.92,4.26,3.87,2.91,2.0,1.44,0.86,0.56,0.74,1.23,1.8,2.33,2.77,3.02,3.27,3.51,3.63,3.65,3.62,3.55,3.47,3.33,3.1,3.67,2.34,2.16,2.23,2.11,2.2,2.26,1.97,1.82,1.99,1.88,1.72,1.55,1.32,0.97,0.66,0.51,0.57,0.74,0.8,0.69,0.48,0.17,0.31,1.19,1.82,2.52,3.27,4.3,5.64,6.77,7.04,5.26,3.71,3.48,3.4,3.5,3.48,3.43,3.42
711,5.69,5.56,5.48,5.5,5.55,5.55,5.48,6.06,6.26,7.9,8.04,7.32,6.99,6.97,7.11,7.18,5.53,5.38,6.46,6.77,6.49,6.19,6.03,5.82,5.7,5.76,5.98,6.17,6.26,6.2,6.03,6.36,6.27,6.91,6.25,5.6,5.15,5.09,5.2,5.13,3.88,4.83,5.83,5.78,5.49,5.03,4.8,4.51,4.34,4.43,4.65,4.9,5.26,5.36,5.15,5.56,5.27,4.73,4.65,4.13,3.95,3.89,3.93,3.99,3.13,3.95,4.42,4.43,4.16,3.92,3.81,3.87,4.03,4.31,4.63,4.73,4.68,4.56,4.29,4.82,4.6,3.92,4.26,3.87,2.91,2.0,1.44,0.86,0.56,0.74,1.23,1.8,2.33,2.77,3.02,3.27,3.51,3.63,3.65,3.62,3.55,3.47,3.33,3.1,3.67,2.34,2.16,2.23,2.11,2.2,2.26,1.97,1.82,1.99,1.88,1.72,1.55,1.32,0.97,0.66,0.51,0.57,0.74,0.8,0.69,0.48,0.17,0.31,1.19,1.82,2.52,3.27,4.3,5.64,6.77,7.04,5.26,3.71,3.48,3.4,3.5,3.48,3.43,3.42,3.55,3.7,3.89,3.65,3.45,3.5,3.54,3.97,4.29,3.41,3.32,2.82,2.87,3.41,3.69,3.87,2.93,3.36,3.71,4.02,4.21,3.98,3.66,3.51
712,5.7,5.76,5.98,6.17,6.26,6.2,6.03,6.36,6.27,6.91,6.25,5.6,5.15,5.09,5.2,5.13,3.88,4.83,5.83,5.78,5.49,5.03,4.8,4.51,4.34,4.43,4.65,4.9,5.26,5.36,5.15,5.56,5.27,4.73,4.65,4.13,3.95,3.89,3.93,3.99,3.13,3.95,4.42,4.43,4.16,3.92,3.81,3.87,4.03,4.31,4.63,4.73,4.68,4.56,4.29,4.82,4.6,3.92,4.26,3.87,2.91,2.0,1.44,0.86,0.56,0.74,1.23,1.8,2.33,2.77,3.02,3.27,3.51,3.63,3.65,3.62,3.55,3.47,3.33,3.1,3.67,2.34,2.16,2.23,2.11,2.2,2.26,1.97,1.82,1.99,1.88,1.72,1.55,1.32,0.97,0.66,0.51,0.57,0.74,0.8,0.69,0.48,0.17,0.31,1.19,1.82,2.52,3.27,4.3,5.64,6.77,7.04,5.26,3.71,3.48,3.4,3.5,3.48,3.43,3.42,3.55,3.7,3.89,3.65,3.45,3.5,3.54,3.97,4.29,3.41,3.32,2.82,2.87,3.41,3.69,3.87,2.93,3.36,3.71,4.02,4.21,3.98,3.66,3.51,3.41,3.28,3.16,3.09,3.07,3.04,2.94,2.96,3.86,3.05,2.61,2.6,2.74,3.07,3.39,3.58,2.75,3.26,3.39,3.41,3.23,3.23,3.29,3.21
713,4.34,4.43,4.65,4.9,5.26,5.36,5.15,5.56,5.27,4.73,4.65,4.13,3.95,3.89,3.93,3.99,3.13,3.95,4.42,4.43,4.16,3.92,3.81,3.87,4.03,4.31,4.63,4.73,4.68,4.56,4.29,4.82,4.6,3.92,4.26,3.87,2.91,2.0,1.44,0.86,0.56,0.74,1.23,1.8,2.33,2.77,3.02,3.27,3.51,3.63,3.65,3.62,3.55,3.47,3.33,3.1,3.67,2.34,2.16,2.23,2.11,2.2,2.26,1.97,1.82,1.99,1.88,1.72,1.55,1.32,0.97,0.66,0.51,0.57,0.74,0.8,0.69,0.48,0.17,0.31,1.19,1.82,2.52,3.27,4.3,5.64,6.77,7.04,5.26,3.71,3.48,3.4,3.5,3.48,3.43,3.42,3.55,3.7,3.89,3.65,3.45,3.5,3.54,3.97,4.29,3.41,3.32,2.82,2.87,3.41,3.69,3.87,2.93,3.36,3.71,4.02,4.21,3.98,3.66,3.51,3.41,3.28,3.16,3.09,3.07,3.04,2.94,2.96,3.86,3.05,2.61,2.6,2.74,3.07,3.39,3.58,2.75,3.26,3.39,3.41,3.23,3.23,3.29,3.21,3.12,3.15,3.08,2.98,2.89,2.78,2.5,2.1,2.42,2.21,2.79,3.13,3.27,3.39,3.5,3.27,2.31,2.37,2.46,2.52,2.49,2.36,2.24,2.32
714,4.03,4.31,4.63,4.73,4.68,4.56,4.29,4.82,4.6,3.92,4.26,3.87,2.91,2.0,1.44,0.86,0.56,0.74,1.23,1.8,2.33,2.77,3.02,3.27,3.51,3.63,3.65,3.62,3.55,3.47,3.33,3.1,3.67,2.34,2.16,2.23,2.11,2.2,2.26,1.97,1.82,1.99,1.88,1.72,1.55,1.32,0.97,0.66,0.51,0.57,0.74,0.8,0.69,0.48,0.17,0.31,1.19,1.82,2.52,3.27,4.3,5.64,6.77,7.04,5.26,3.71,3.48,3.4,3.5,3.48,3.43,3.42,3.55,3.7,3.89,3.65,3.45,3.5,3.54,3.97,4.29,3.41,3.32,2.82,2.87,3.41,3.69,3.87,2.93,3.36,3.71,4.02,4.21,3.98,3.66,3.51,3.41,3.28,3.16,3.09,3.07,3.04,2.94,2.96,3.86,3.05,2.61,2.6,2.74,3.07,3.39,3.58,2.75,3.26,3.39,3.41,3.23,3.23,3.29,3.21,3.12,3.15,3.08,2.98,2.89,2.78,2.5,2.1,2.42,2.21,2.79,3.13,3.27,3.39,3.5,3.27,2.31,2.37,2.46,2.52,2.49,2.36,2.24,2.32,2.52,2.57,2.57,2.53,2.58,2.66,2.72,2.52,3.42,2.71,1.91,1.96,2.42,2.94,3.47,3.82,2.74,2.67,2.72,2.69,2.5,2.12,1.71,1.44
715,3.51,3.63,3.65,3.62,3.55,3.47,3.33,3.1,3.67,2.34,2.16,2.23,2.11,2.2,2.26,1.97,1.82,1.99,1.88,1.72,1.55,1.32,0.97,0.66,0.51,0.57,0.74,0.8,0.69,0.48,0.17,0.31,1.19,1.82,2.52,3.27,4.3,5.64,6.77,7.04,5.26,3.71,3.48,3.4,3.5,3.48,3.43,3.42,3.55,3.7,3.89,3.65,3.45,3.5,3.54,3.97,4.29,3.41,3.32,2.82,2.87,3.41,3.69,3.87,2.93,3.36,3.71,4.02,4.21,3.98,3.66,3.51,3.41,3.28,3.16,3.09,3.07,3.04,2.94,2.96,3.86,3.05,2.61,2.6,2.74,3.07,3.39,3.58,2.75,3.26,3.39,3.41,3.23,3.23,3.29,3.21,3.12,3.15,3.08,2.98,2.89,2.78,2.5,2.1,2.42,2.21,2.79,3.13,3.27,3.39,3.5,3.27,2.31,2.37,2.46,2.52,2.49,2.36,2.24,2.32,2.52,2.57,2.57,2.53,2.58,2.66,2.72,2.52,3.42,2.71,1.91,1.96,2.42,2.94,3.47,3.82,2.74,2.67,2.72,2.69,2.5,2.12,1.71,1.44,1.26,1.28,1.32,1.33,1.28,1.19,1.04,0.83,0.72,0.35,1.43,2.03,2.86,3.35,3.59,3.6,2.44,2.55,2.4,2.24,2.22,2.34,2.6,2.87
716,0.51,0.57,0.74,0.8,0.69,0.48,0.17,0.31,1.19,1.82,2.52,3.27,4.3,5.64,6.77,7.04,5.26,3.71,3.48,3.4,3.5,3.48,3.43,3.42,3.55,3.7,3.89,3.65,3.45,3.5,3.54,3.97,4.29,3.41,3.32,2.82,2.87,3.41,3.69,3.87,2.93,3.36,3.71,4.02,4.21,3.98,3.66,3.51,3.41,3.28,3.16,3.09,3.07,3.04,2.94,2.96,3.86,3.05,2.61,2.6,2.74,3.07,3.39,3.58,2.75,3.26,3.39,3.41,3.23,3.23,3.29,3.21,3.12,3.15,3.08,2.98,2.89,2.78,2.5,2.1,2.42,2.21,2.79,3.13,3.27,3.39,3.5,3.27,2.31,2.37,2.46,2.52,2.49,2.36,2.24,2.32,2.52,2.57,2.57,2.53,2.58,2.66,2.72,2.52,3.42,2.71,1.91,1.96,2.42,2.94,3.47,3.82,2.74,2.67,2.72,2.69,2.5,2.12,1.71,1.44,1.26,1.28,1.32,1.33,1.28,1.19,1.04,0.83,0.72,0.35,1.43,2.03,2.86,3.35,3.59,3.6,2.44,2.55,2.4,2.24,2.22,2.34,2.6,2.87,3.09,3.24,3.3,3.33,3.31,3.29,3.24,2.96,3.57,2.33,1.93,1.92,2.1,2.43,2.84,3.13,2.43,2.75,2.55,2.15,1.57,0.97,0.81,1.26
717,3.55,3.7,3.89,3.65,3.45,3.5,3.54,3.97,4.29,3.41,3.32,2.82,2.87,3.41,3.69,3.87,2.93,3.36,3.71,4.02,4.21,3.98,3.66,3.51,3.41,3.28,3.16,3.09,3.07,3.04,2.94,2.96,3.86,3.05,2.61,2.6,2.74,3.07,3.39,3.58,2.75,3.26,3.39,3.41,3.23,3.23,3.29,3.21,3.12,3.15,3.08,2.98,2.89,2.78,2.5,2.1,2.42,2.21,2.79,3.13,3.27,3.39,3.5,3.27,2.31,2.37,2.46,2.52,2.49,2.36,2.24,2.32,2.52,2.57,2.57,2.53,2.58,2.66,2.72,2.52,3.42,2.71,1.91,1.96,2.42,2.94,3.47,3.82,2.74,2.67,2.72,2.69,2.5,2.12,1.71,1.44,1.26,1.28,1.32,1.33,1.28,1.19,1.04,0.83,0.72,0.35,1.43,2.03,2.86,3.35,3.59,3.6,2.44,2.55,2.4,2.24,2.22,2.34,2.6,2.87,3.09,3.24,3.3,3.33,3.31,3.29,3.24,2.96,3.57,2.33,1.93,1.92,2.1,2.43,2.84,3.13,2.43,2.75,2.55,2.15,1.57,0.97,0.81,1.26,1.87,2.19,2.13,1.93,1.81,2.04,2.25,2.25,3.21,3.63,4.74,5.51,5.9,5.65,4.62,3.5,3.33,3.87,4.08,2.7,0.54,0.36,0.81,1.32
718,3.41,3.28,3.16,3.09,3.07,3.04,2.94,2.96,3.86,3.05,2.61,2.6,2.74,3.07,3.39,3.58,2.75,3.26,3.39,3.41,3.23,3.23,3.29,3.21,3.12,3.15,3.08,2.98,2.89,2.78,2.5,2.1,2.42,2.21,2.79,3.13,3.27,3.39,3.5,3.27,2.31,2.37,2.46,2.52,2.49,2.36,2.24,2.32,2.52,2.57,2.57,2.53,2.58,2.66,2.72,2.52,3.42,2.71,1.91,1.96,2.42,2.94,3.47,3.82,2.74,2.67,2.72,2.69,2.5,2.12,1.71,1.44,1.26,1.28,1.32,1.33,1.28,1.19,1.04,0.83,0.72,0.35,1.43,2.03,2.86,3.35,3.59,3.6,2.44,2.55,2.4,2.24,2.22,2.34,2.6,2.87,3.09,3.24,3.3,3.33,3.31,3.29,3.24,2.96,3.57,2.33,1.93,1.92,2.1,2.43,2.84,3.13,2.43,2.75,2.55,2.15,1.57,0.97,0.81,1.26,1.87,2.19,2.13,1.93,1.81,2.04,2.25,2.25,3.21,3.63,4.74,5.51,5.9,5.65,4.62,3.5,3.33,3.87,4.08,2.7,0.54,0.36,0.81,1.32,1.84,2.32,2.72,2.72,2.46,2.38,2.44,2.17,2.59,2.43,2.46,2.57,3.05,3.54,3.88,3.9,2.57,2.62,2.36,2.06,1.88,1.86,1.96,2.11
719,3.12,3.15,3.08,2.98,2.89,2.78,2.5,2.1,2.42,2.21,2.79,3.13,3.27,3.39,3.5,3.27,2.31,2.37,2.46,2.52,2.49,2.36,2.24,2.32,2.52,2.57,2.57,2.53,2.58,2.66,2.72,2.52,3.42,2.71,1.91,1.96,2.42,2.94,3.47,3.82,2.74,2.67,2.72,2.69,2.5,2.12,1.71,1.44,1.26,1.28,1.32,1.33,1.28,1.19,1.04,0.83,0.72,0.35,1.43,2.03,2.86,3.35,3.59,3.6,2.44,2.55,2.4,2.24,2.22,2.34,2.6,2.87,3.09,3.24,3.3,3.33,3.31,3.29,3.24,2.96,3.57,2.33,1.93,1.92,2.1,2.43,2.84,3.13,2.43,2.75,2.55,2.15,1.57,0.97,0.81,1.26,1.87,2.19,2.13,1.93,1.81,2.04,2.25,2.25,3.21,3.63,4.74,5.51,5.9,5.65,4.62,3.5,3.33,3.87,4.08,2.7,0.54,0.36,0.81,1.32,1.84,2.32,2.72,2.72,2.46,2.38,2.44,2.17,2.59,2.43,2.46,2.57,3.05,3.54,3.88,3.9,2.57,2.62,2.36,2.06,1.88,1.86,1.96,2.11,2.26,2.43,2.62,2.79,2.9,3.0,3.04,2.75,3.38,2.39,2.52,2.45,2.48,2.78,3.08,3.15,2.43,3.03,3.3,3.46,3.53,3.54,3.51,3.42
720,2.52,2.57,2.57,2.53,2.58,2.66,2.72,2.52,3.42,2.71,1.91,1.96,2.42,2.94,3.47,3.82,2.74,2.67,2.72,2.69,2.5,2.12,1.71,1.44,1.26,1.28,1.32,1.33,1.28,1.19,1.04,0.83,0.72,0.35,1.43,2.03,2.86,3.35,3.59,3.6,2.44,2.55,2.4,2.24,2.22,2.34,2.6,2.87,3.09,3.24,3.3,3.33,3.31,3.29,3.24,2.96,3.57,2.33,1.93,1.92,2.1,2.43,2.84,3.13,2.43,2.75,2.55,2.15,1.57,0.97,0.81,1.26,1.87,2.19,2.13,1.93,1.81,2.04,2.25,2.25,3.21,3.63,4.74,5.51,5.9,5.65,4.62,3.5,3.33,3.87,4.08,2.7,0.54,0.36,0.81,1.32,1.84,2.32,2.72,2.72,2.46,2.38,2.44,2.17,2.59,2.43,2.46,2.57,3.05,3.54,3.88,3.9,2.57,2.62,2.36,2.06,1.88,1.86,1.96,2.11,2.26,2.43,2.62,2.79,2.9,3.0,3.04,2.75,3.38,2.39,2.52,2.45,2.48,2.78,3.08,3.15,2.43,3.03,3.3,3.46,3.53,3.54,3.51,3.42,3.28,3.18,3.19,3.31,3.41,3.44,3.38,3.21,3.86,2.72,2.94,2.75,2.79,3.11,3.46,3.64,2.77,3.4,3.6,3.71,3.82,3.91,3.94,3.93
721,1.26,1.28,1.32,1.33,1.28,1.19,1.04,0.83,0.72,0.35,1.43,2.03,2.86,3.35,3.59,3.6,2.44,2.55,2.4,2.24,2.22,2.34,2.6,2.87,3.09,3.24,3.3,3.33,3.31,3.29,3.24,2.96,3.57,2.33,1.93,1.92,2.1,2.43,2.84,3.13,2.43,2.75,2.55,2.15,1.57,0.97,0.81,1.26,1.87,2.19,2.13,1.93,1.81,2.04,2.25,2.25,3.21,3.63,4.74,5.51,5.9,5.65,4.62,3.5,3.33,3.87,4.08,2.7,0.54,0.36,0.81,1.32,1.84,2.32,2.72,2.72,2.46,2.38,2.44,2.17,2.59,2.43,2.46,2.57,3.05,3.54,3.88,3.9,2.57,2.62,2.36,2.06,1.88,1.86,1.96,2.11,2.26,2.43,2.62,2.79,2.9,3.0,3.04,2.75,3.38,2.39,2.52,2.45,2.48,2.78,3.08,3.15,2.43,3.03,3.3,3.46,3.53,3.54,3.51,3.42,3.28,3.18,3.19,3.31,3.41,3.44,3.38,3.21,3.86,2.72,2.94,2.75,2.79,3.11,3.46,3.64,2.77,3.4,3.6,3.71,3.82,3.91,3.94,3.93,3.88,3.82,3.75,3.67,3.58,3.55,3.54,3.82,4.78,4.15,4.59,4.17,3.67,3.31,3.17,3.29,2.76,3.66,4.07,4.31,4.3,4.24,4.18,4.09
722,3.09,3.24,3.3,3.33,3.31,3.29,3.24,2.96,3.57,2.33,1.93,1.92,2.1,2.43,2.84,3.13,2.43,2.75,2.55,2.15,1.57,0.97,0.81,1.26,1.87,2.19,2.13,1.93,1.81,2.04,2.25,2.25,3.21,3.63,4.74,5.51,5.9,5.65,4.62,3.5,3.33,3.87,4.08,2.7,0.54,0.36,0.81,1.32,1.84,2.32,2.72,2.72,2.46,2.38,2.44,2.17,2.59,2.43,2.46,2.57,3.05,3.54,3.88,3.9,2.57,2.62,2.36,2.06,1.88,1.86,1.96,2.11,2.26,2.43,2.62,2.79,2.9,3.0,3.04,2.75,3.38,2.39,2.52,2.45,2.48,2.78,3.08,3.15,2.43,3.03,3.3,3.46,3.53,3.54,3.51,3.42,3.28,3.18,3.19,3.31,3.41,3.44,3.38,3.21,3.86,2.72,2.94,2.75,2.79,3.11,3.46,3.64,2.77,3.4,3.6,3.71,3.82,3.91,3.94,3.93,3.88,3.82,3.75,3.67,3.58,3.55,3.54,3.82,4.78,4.15,4.59,4.17,3.67,3.31,3.17,3.29,2.76,3.66,4.07,4.31,4.3,4.24,4.18,4.09,3.98,3.88,3.83,3.75,3.68,3.64,3.58,3.84,4.37,2.95,2.67,2.38,2.06,2.36,2.96,3.5,3.09,4.24,5.36,5.34,4.79,4.38,4.13,3.97
