,BOLT,Median,INV,Mean
mean(std),3.81624 (0.01002),3.85914 (0.01511),3.89038 (0.01869),3.99550 (0.03409)
