,BOLT,Median,INV,Mean
mean(std),3.63123 (0.00230),3.64195 (0.00256),3.66721 (0.00300),3.76506 (0.04392)
