,0,1,2,3,4,5,6,7,8,9,10,11,12,13,14,15,16,17,18,19,20,21,22,23
0,7.3086,7.096,6.9867,6.9143,6.9141,7.0433,7.3185,7.8406,8.6597,8.9506,8.9858,8.8961,8.5456,8.708,8.7873,8.8394,8.9749,8.797,8.447,8.1091,7.8254,7.4855,7.3882,7.5386
1,7.2506,7.0368,6.9057,6.8216,6.7882,6.8061,6.9159,7.0598,7.3312,7.3146,7.374,7.2918,7.0451,7.0522,7.0652,7.1328,7.3094,7.4004,7.4232,7.2796,7.1222,6.9024,6.9331,7.1259
2,6.9016,6.6797,6.525,6.4317,6.4098,6.4459,6.4882,6.4993,6.514,6.3661,6.3682,6.3093,6.2089,6.2194,6.2778,6.4543,6.6813,6.9439,7.0738,6.9913,6.8716,6.7209,6.7725,6.8749
3,6.6415,6.4357,6.326,6.2743,6.3238,6.4878,6.863,7.5014,8.4899,8.9038,9.0564,9.0503,8.734,8.9303,8.9758,8.9481,8.9824,8.7333,8.4111,8.0588,7.73,7.3692,7.2582,7.4455
4,7.1608,6.967,6.8467,6.7935,6.8101,6.9301,7.2617,7.7928,8.612,8.8089,8.667,8.3758,7.9558,8.1987,8.4014,8.5429,8.6635,8.4736,8.2125,7.9067,7.6045,7.271,7.1518,7.3255
5,7.0389,6.824,6.686,6.6064,6.6177,6.7252,7.0123,7.5242,8.2971,8.4235,8.2359,7.8997,7.3791,7.5361,7.6029,7.723,7.9665,7.8546,7.6696,7.4163,7.1883,6.9255,6.8252,6.9914
6,6.6746,6.4775,6.3565,6.333,6.3888,6.5322,6.8523,7.3841,8.0757,8.0501,7.8686,7.5711,7.0958,7.2641,7.352,7.4674,7.7159,7.7206,7.6347,7.4083,7.171,6.8953,6.7891,6.911
7,6.6149,6.362,6.213,6.1644,6.2022,6.3299,6.6269,7.1082,7.8032,7.8869,7.8279,7.6936,7.3618,7.6161,7.6666,7.6674,7.7067,7.5314,7.3908,7.1808,7.0103,6.7927,6.7006,6.9025
8,6.5871,6.3503,6.209,6.1578,6.1947,6.2762,6.4049,6.5843,6.8162,6.7499,6.7033,6.4903,6.1516,6.2137,6.2819,6.4335,6.6905,6.8347,6.9347,6.8524,6.7318,6.5729,6.6025,6.7841
9,6.5365,6.2845,6.1468,6.0746,6.088,6.15,6.2097,6.2496,6.2142,5.9172,5.7975,5.6686,5.5375,5.5638,5.6808,5.947,6.3246,6.6585,6.831,6.7743,6.6517,6.5138,6.5321,6.5885
10,6.3481,6.1426,6.0035,5.9848,6.0284,6.2258,6.616,7.2762,8.2242,8.591,8.6673,8.5407,8.101,8.2626,8.354,8.314,8.421,8.3005,8.1557,7.8688,7.5837,7.2489,7.1399,7.3003
11,7.0296,6.8321,6.7166,6.6696,6.7239,6.8622,7.1942,7.7321,8.4965,8.5348,8.3864,8.1109,7.6402,7.8006,7.8856,8.0275,8.3221,8.3393,8.2105,7.9413,7.6608,7.3081,7.1708,7.3434
12,7.0412,6.8255,6.6976,6.6517,6.6818,6.8071,7.134,7.665,8.3468,8.3109,8.1176,7.8031,7.2981,7.4564,7.5115,7.6249,7.8833,7.8552,7.7684,7.5598,7.3356,7.0473,6.9246,7.0789
13,6.7488,6.5112,6.38,6.3265,6.3646,6.5013,6.8033,7.2967,7.998,7.9815,7.8985,7.8637,7.5947,7.9046,8.0096,7.9945,8.0435,7.8514,7.6783,7.4042,7.149,6.8713,6.7515,6.8956
14,6.5738,6.3156,6.1788,6.123,6.1695,6.307,6.5879,7.0398,7.7484,7.9367,7.9026,7.7749,7.4568,7.694,7.7628,7.7201,7.7339,7.5177,7.3222,7.0819,6.8922,6.6134,6.5328,6.7155
15,6.3772,6.1232,5.9775,5.9183,5.9395,6.0245,6.1336,6.2496,6.4935,6.5119,6.537,6.4683,6.2771,6.3546,6.3708,6.3712,6.376,6.372,6.4352,6.3434,6.2342,6.0896,6.0952,6.2533
16,5.9645,5.7194,5.584,5.5339,5.5734,5.6512,5.7185,5.7361,5.7004,5.4526,5.3955,5.2535,5.181,5.2498,5.2331,5.3892,5.7034,5.9988,6.2157,6.1913,6.1057,6.0083,6.0259,6.0776
17,5.7931,5.562,5.4655,5.4553,5.5335,5.7527,6.1556,6.7487,7.5047,7.4827,7.3319,7.0572,6.6809,6.8251,6.8274,6.9101,7.1796,7.2051,7.2147,7.0447,6.8668,6.6403,6.5251,6.6605
18,6.3269,6.0853,5.9678,5.9224,5.9687,6.1221,6.4409,6.8914,7.6518,7.8892,7.919,7.8616,7.5662,7.7282,7.7661,7.7476,7.782,7.5725,7.4593,7.2333,7.0176,6.7293,6.6103,6.7662
19,6.4295,6.2087,6.1047,6.0744,6.1417,6.3002,6.6366,7.1362,7.7213,7.6086,7.3562,7.0505,6.6163,6.838,7.041,7.2666,7.4825,7.4465,7.4186,7.255,7.1004,6.8628,6.7451,6.8809
20,6.5455,6.315,6.1882,6.1433,6.212,6.3827,6.6844,7.1727,7.7571,7.7553,7.7723,7.8198,7.6435,7.8162,7.8259,7.8863,8.0655,8.0279,7.9639,7.7501,7.5061,7.1958,7.0951,7.2623
21,6.978,6.7571,6.6579,6.6021,6.6442,6.7779,7.1045,7.6274,8.3375,8.3971,8.2411,7.9294,7.4777,7.6298,7.7004,7.7943,8.0841,8.0764,7.9565,7.7089,7.4748,7.1618,7.0525,7.2421
22,6.9215,6.6916,6.5273,6.4328,6.419,6.4596,6.573,6.7051,6.8962,6.8293,6.8485,6.7032,6.3873,6.3375,6.27,6.2412,6.3702,6.5032,6.6689,6.6367,6.5222,6.3758,6.3807,6.5812
23,6.3063,6.0686,5.9311,5.8658,5.8753,5.9316,6.0052,6.0226,5.947,5.6512,5.616,5.4799,5.3442,5.3654,5.4675,5.6264,5.8663,6.1311,6.3574,6.3246,6.2475,6.1139,6.1139,6.1412
24,5.8524,5.6248,5.5253,5.5057,5.5706,5.7378,6.1185,6.6789,7.5385,7.7878,7.7725,7.677,7.3442,7.5317,7.591,7.6213,7.6934,7.5345,7.4503,7.239,7.0181,6.7545,6.6602,6.834
25,6.5398,6.3177,6.2387,6.2188,6.3011,6.4922,6.8534,7.4087,8.0454,7.9397,7.7763,7.5338,7.1043,7.3617,7.5097,7.6754,8.0076,8.0457,8.0267,7.7971,7.5279,7.2091,7.0533,7.2173
26,6.8968,6.6924,6.5714,6.5306,6.574,6.7253,7.0596,7.5938,8.2594,8.1774,7.9189,7.5953,7.1348,7.3246,7.4543,7.6211,7.933,7.8526,7.7673,7.573,7.3663,7.0609,6.9184,7.0774
27,6.7451,6.53,6.401,6.3712,6.4398,6.6053,6.918,7.4269,8.0547,8.0804,7.9491,7.6612,7.1705,7.3261,7.4066,7.5051,7.7695,7.8155,7.8405,7.6426,7.4114,7.091,6.9608,7.1251
28,6.8216,6.5756,6.4409,6.3971,6.4415,6.6037,6.9276,7.4179,8.0617,8.0698,7.939,7.7084,7.2747,7.5086,7.5721,7.5846,7.7153,7.5645,7.4947,7.3061,7.1066,6.8248,6.7078,6.8848
29,6.5727,6.3406,6.1914,6.1347,6.1382,6.2053,6.3132,6.4437,6.634,6.5588,6.557,6.4197,6.1002,6.1068,6.0734,6.108,6.2464,6.3239,6.4778,6.4357,6.3543,6.1999,6.185,6.3317
30,6.0243,5.7738,5.6259,5.5858,5.6199,5.694,5.7861,5.8175,5.8234,5.6832,5.6521,5.4661,5.2645,5.2538,5.2984,5.4708,5.7776,6.0847,6.369,6.3698,6.3191,6.218,6.237,6.2459
31,5.9736,5.7677,5.6634,5.6603,5.7523,5.9889,6.3931,7.0277,7.7225,7.6706,7.5453,7.2869,6.8814,7.0947,7.2177,7.3804,7.6973,7.785,7.795,7.5869,7.3494,7.0473,6.8796,7.0209
32,6.7085,6.4782,6.3449,6.3153,6.3819,6.5321,6.8668,7.3701,7.9114,7.7595,7.5749,7.2623,6.8304,6.9667,7.0373,7.1438,7.4391,7.5059,7.53,7.3646,7.1901,6.9341,6.7869,6.9387
33,6.5947,6.3684,6.2488,6.206,6.2517,6.3908,6.6808,7.1257,7.6269,7.5338,7.3473,7.03,6.6403,6.7396,6.7081,6.6521,6.6982,6.6143,6.7017,6.6317,6.5511,6.3838,6.2962,6.4221
34,6.1009,5.8357,5.6446,5.5543,5.5377,5.575,5.607,5.5634,5.4229,5.2072,5.1246,4.9951,4.9186,4.9002,4.9931,5.1269,5.3055,5.4836,5.6799,5.6936,5.6542,5.5733,5.6226,5.6776
35,5.4231,5.1733,5.0318,4.9784,4.9926,5.0789,5.1619,5.1959,5.019,4.5789,4.3264,4.1237,4.0134,3.972,4.0254,4.232,4.5879,4.9395,5.2477,5.3075,5.3261,5.3444,5.4192,5.4836
36,5.2184,5.0033,4.883,4.841,4.8751,4.9611,5.0609,5.0869,4.9523,4.6684,4.5923,4.4249,4.3073,4.2821,4.3324,4.5426,4.875,5.2258,5.5185,5.5686,5.5445,5.5013,5.5383,5.5519
37,5.2485,5.0084,4.885,4.8412,4.8682,4.958,5.0516,5.0881,5.1616,5.1897,5.2107,5.0934,5.0706,5.1759,5.2268,5.2862,5.4032,5.5514,5.7591,5.7687,5.7132,5.6275,5.6338,5.636
38,5.3355,5.1159,5.0077,4.9856,5.0704,5.2514,5.6169,6.1516,7.0552,7.4279,7.4829,7.324,6.8237,6.9233,6.9749,7.045,7.2392,7.344,7.4098,7.2598,7.0697,6.8235,6.6682,6.8072
39,6.483,6.2517,6.1443,6.1214,6.1937,6.3759,6.7184,7.2169,7.7641,7.7251,7.6551,7.5271,7.3277,7.6922,7.9279,8.0401,8.0711,7.8477,7.8069,7.6376,7.4171,7.1754,6.9775,7.1099
40,6.7839,6.5781,6.4636,6.423,6.4724,6.6292,6.9524,7.4785,8.2304,8.4749,8.468,8.3194,7.9368,8.1204,8.1843,8.1967,8.3318,8.243,8.1711,7.9904,7.7062,7.4086,7.2141,7.3401
41,7.0296,6.8105,6.6863,6.6225,6.6531,6.7971,7.1027,7.6138,8.3075,8.4067,8.3115,8.104,7.6674,7.8298,7.8735,7.9016,8.0963,8.0657,8.0397,7.8547,7.5881,7.3163,7.1154,7.2467
42,6.9599,6.7147,6.5688,6.5186,6.5418,6.6694,6.9755,7.4313,7.9299,7.8485,7.6927,7.3697,6.8885,7.0351,7.0669,7.1341,7.3536,7.3419,7.3597,7.209,7.0576,6.8626,6.704,6.8051
43,6.4603,6.1684,6.0086,5.9282,5.9339,5.9912,6.1115,6.2221,6.2885,6.1071,5.9834,5.723,5.4138,5.4314,5.4587,5.5594,5.7965,5.9629,6.2175,6.2348,6.1819,6.1294,6.1155,6.2338
44,5.9218,5.6554,5.5084,5.4462,5.4774,5.5641,5.6301,5.6216,5.4517,5.1788,5.1184,4.9393,4.7952,4.7683,4.8085,4.9848,5.2999,5.645,5.9722,6.014,5.97,5.9349,5.9061,5.8657
45,5.5491,5.337,5.2246,5.2224,5.3152,5.5331,5.9173,6.4343,6.9671,6.9839,6.8604,6.5762,6.2052,6.4417,6.5237,6.6359,6.858,6.8917,7.0422,6.9912,6.8619,6.6928,6.5333,6.5823
46,6.2279,6.0239,5.9009,5.8862,5.9677,6.1585,6.5077,6.952,7.3896,7.3183,7.2224,6.9517,6.5514,6.7653,6.9005,7.0285,7.2469,7.2801,7.3859,7.2809,7.112,6.9166,6.741,6.782
47,6.4104,6.1757,6.037,6.0063,6.0648,6.2277,6.5418,6.9784,7.5639,7.6281,7.5195,7.2237,6.7903,6.9507,6.9779,7.0333,7.2194,7.1425,7.2187,7.1308,6.9947,6.8093,6.6432,6.7029
48,6.3313,6.1008,5.9799,5.9395,6.0188,6.1774,6.4819,6.9243,7.5613,7.7597,7.7701,7.6812,7.4059,7.6595,7.6848,7.6491,7.6722,7.4595,7.3506,7.1909,7.0123,6.7968,6.6321,6.7582
49,6.4166,6.1574,6.012,5.9545,5.993,6.1692,6.4723,6.8868,7.3253,7.2151,7.059,6.7172,6.2918,6.4469,6.5392,6.661,6.8859,6.8221,6.8701,6.7991,6.694,6.5648,6.418,6.5472
50,6.181,5.9253,5.7746,5.7207,5.7526,5.8402,5.964,6.0309,6.0494,5.8726,5.8264,5.6043,5.3135,5.305,5.3218,5.4392,5.646,5.8263,6.0795,6.1158,6.0567,6.0114,5.9849,6.0933
51,5.7861,5.5277,5.3841,5.3361,5.3559,5.442,5.5157,5.5081,5.3865,5.2693,5.2913,5.2454,5.2167,5.3229,5.4586,5.4594,5.5364,5.7117,5.9305,5.9511,5.8728,5.8229,5.823,5.8095
52,5.4813,5.243,5.1238,5.0874,5.1421,5.2687,5.4338,5.6035,5.9366,6.1327,6.3022,6.3506,6.2286,6.3513,6.3838,6.3778,6.4162,6.4174,6.4904,6.4823,6.3829,6.2868,6.2555,6.2348
53,5.9203,5.6897,5.5942,5.5689,5.6373,5.8277,6.1974,6.7622,7.518,7.7208,7.6045,7.394,7.0074,7.0967,7.0755,7.0509,7.171,7.2974,7.3939,7.3178,7.0705,6.8667,6.7111,6.7516
54,6.3984,6.1831,6.0716,6.0362,6.1082,6.2772,6.5908,7.0389,7.4748,7.4091,7.2288,6.9573,6.5343,6.6913,6.7872,6.9351,7.1275,7.1663,7.2408,7.1652,6.956,6.7738,6.6402,6.6894
55,6.3299,6.1005,5.9762,5.9293,5.9865,6.1494,6.4699,6.958,7.5755,7.6597,7.6059,7.4966,7.1388,7.3061,7.3166,7.3167,7.3547,7.3015,7.3239,7.1971,6.948,6.7331,6.5994,6.6803
56,6.3418,6.0761,5.944,5.9173,5.9705,6.136,6.4319,6.8641,7.2682,7.1447,6.8543,6.468,6.0096,6.0938,6.1491,6.3138,6.5726,6.7571,6.8693,6.8273,6.6582,6.5193,6.4237,6.4596
57,6.1077,5.8544,5.7297,5.6835,5.7062,5.7916,5.9217,5.986,6.0609,5.9607,5.9404,5.845,5.6899,5.8034,5.8077,5.8397,5.9609,6.0477,6.2348,6.2607,6.1624,6.0639,6.0241,6.1147
58,5.8108,5.5377,5.3947,5.3274,5.3622,5.4405,5.4986,5.4946,5.48,5.3889,5.3775,5.2351,5.0911,5.0582,5.0366,5.1395,5.3417,5.614,5.9484,6.0702,6.0336,5.9702,5.9358,5.8912
59,5.6003,5.3837,5.2921,5.2885,5.3849,5.6099,6.0042,6.5658,7.1789,7.1435,6.8554,6.5037,6.0859,6.2279,6.3259,6.5198,6.7735,6.9491,7.1063,7.0517,6.8241,6.6324,6.4878,6.5095
60,6.1359,5.8984,5.7988,5.7768,5.847,6.0294,6.3539,6.8001,7.2893,7.2308,6.9312,6.561,6.1328,6.2732,6.3832,6.5972,6.8181,6.9383,7.0787,7.0291,6.8297,6.632,6.485,6.508
61,6.1427,5.9098,5.8111,5.7853,5.8506,6.0239,6.3598,6.7642,7.0943,6.9283,6.6718,6.3646,5.9346,6.0552,6.1416,6.3081,6.5779,6.7202,6.8721,6.8551,6.7037,6.5476,6.4203,6.4478
62,6.0924,5.871,5.7753,5.7463,5.8024,5.9928,6.3067,6.6979,7.1172,6.9933,6.6985,6.4046,6.0121,6.1307,6.198,6.4114,6.7143,6.8151,6.8914,6.8627,6.66,6.4907,6.3465,6.3475
63,5.9635,5.7264,5.6274,5.5983,5.6676,5.8419,6.146,6.6294,7.2453,7.3861,7.301,7.2224,6.9236,7.0952,7.129,7.1022,7.0629,6.9413,6.9294,6.8668,6.6514,6.4751,6.372,6.4256
64,6.0715,5.8048,5.6729,5.6212,5.6573,5.7444,5.8653,5.8874,5.8284,5.59,5.4556,5.2241,4.9944,5.0613,5.1578,5.3238,5.5036,5.658,5.9053,5.9825,5.9504,5.8786,5.8404,5.9415
65,5.6086,5.3644,5.2219,5.1869,5.2269,5.3243,5.3949,5.3304,5.1638,4.9665,4.8872,4.7427,4.6797,4.7262,4.7865,4.9269,5.1558,5.4564,5.7769,5.8921,5.8751,5.8227,5.7908,5.7296
66,5.4226,5.2157,5.1057,5.0979,5.1877,5.4113,5.7825,6.274,6.7732,6.759,6.5207,6.2822,5.9933,6.1828,6.2645,6.4033,6.6731,6.7833,6.822,6.7684,6.5593,6.3825,6.2474,6.2579
67,5.9031,5.683,5.5814,5.5434,5.6121,5.7935,6.097,6.4798,6.7848,6.6254,6.3968,6.1378,5.7592,5.9158,6.0127,6.1845,6.4551,6.668,6.847,6.8547,6.6706,6.4947,6.358,6.3707
68,6.0054,5.7948,5.7037,5.6823,5.7578,5.9339,6.2446,6.5735,6.7595,6.581,6.3892,6.1305,5.7808,5.93,6.0377,6.2264,6.4803,6.595,6.7362,6.7684,6.6046,6.4703,6.3397,6.3409
69,5.9555,5.7447,5.6572,5.6409,5.7051,5.8879,6.1824,6.5089,6.7769,6.6159,6.4385,6.194,5.8073,5.9475,6.0641,6.2385,6.5016,6.6776,6.8081,6.7902,6.6059,6.4496,6.3065,6.2915
70,5.9091,5.6905,5.5723,5.5546,5.6144,5.7716,6.0554,6.3991,6.7369,6.58,6.2835,6.0425,5.7498,5.9523,6.0537,6.2258,6.4229,6.4962,6.5821,6.5838,6.4418,6.2962,6.1832,6.188
71,5.8111,5.5833,5.4547,5.4086,5.4238,5.5237,5.6456,5.7544,5.9536,6.0519,6.146,6.1248,5.9655,6.0207,5.9918,5.9194,5.8791,5.8611,5.9648,5.9811,5.9081,5.816,5.7583,5.8485
72,5.5206,5.2693,5.1309,5.0844,5.1224,5.2203,5.2781,5.2611,5.1756,5.084,5.0959,4.9929,4.8474,4.8007,4.785,4.8878,5.1629,5.4905,5.8067,5.9578,5.928,5.8725,5.8227,5.7767
73,5.4734,5.2511,5.1391,5.1322,5.2217,5.4483,5.8332,6.2475,6.605,6.5193,6.4096,6.2006,5.8854,6.0465,6.1552,6.3093,6.5652,6.7313,6.8873,6.882,6.6888,6.5095,6.3921,6.4085
74,6.0483,5.8181,5.7194,5.6967,5.7662,5.9461,6.2522,6.5438,6.7908,6.6226,6.4061,6.1468,5.7603,5.9018,6.0096,6.1778,6.4382,6.6227,6.7748,6.8079,6.6279,6.4755,6.3311,6.3349
75,5.9755,5.7518,5.6596,5.6395,5.7116,5.8867,6.1556,6.4707,6.8196,6.743,6.5788,6.3493,5.9366,6.0817,6.1083,6.2216,6.4397,6.5568,6.6864,6.7282,6.5882,6.4341,6.3083,6.3053
76,5.9256,5.706,5.5951,5.5701,5.6366,5.8043,6.0868,6.3533,6.5477,6.3366,6.1547,5.9282,5.5864,5.7444,5.8711,6.0695,6.3399,6.5211,6.6761,6.7429,6.5845,6.4208,6.292,6.2733
77,5.8965,5.6606,5.5628,5.5359,5.596,5.772,6.0667,6.3586,6.6019,6.3746,6.1517,6.0321,5.7947,5.9701,6.0084,6.1134,6.2637,6.3598,6.4728,6.5073,6.3761,6.2488,6.1358,6.1409
78,5.7565,5.5144,5.399,5.3723,5.3986,5.4804,5.5831,5.6114,5.6997,5.7254,5.816,5.8291,5.7303,5.8654,5.8652,5.8576,5.8707,5.8545,5.9154,5.9368,5.8518,5.764,5.7132,5.7552
79,5.4142,5.1451,5.0144,4.9742,5.0055,5.0749,5.1355,5.1618,5.1875,5.209,5.2685,5.2277,5.1198,5.0871,5.042,5.0332,5.1665,5.4006,5.6363,5.7877,5.7608,5.681,5.6455,5.5785
80,5.2604,5.0212,4.9175,4.9067,4.9866,5.2089,5.5505,5.9867,6.4295,6.3462,6.1852,5.9703,5.6723,5.8685,6.0925,6.2339,6.4357,6.5367,6.6173,6.6819,6.5038,6.3395,6.1996,6.1637
81,5.7747,5.5685,5.4832,5.462,5.522,5.6939,5.9717,6.2529,6.5028,6.3583,6.1195,5.8704,5.5263,5.6892,5.8261,5.9908,6.2453,6.4221,6.5541,6.6325,6.4858,6.3446,6.2193,6.1568
82,5.7641,5.5557,5.4665,5.449,5.5317,5.6992,5.8975,6.1009,6.3468,6.2153,6.0597,5.8463,5.563,5.7451,5.8806,6.0683,6.3194,6.4159,6.5048,6.5755,6.4479,6.3083,6.1378,6.1091
83,5.7364,5.5519,5.4462,5.4117,5.4718,5.625,5.8715,6.0963,6.3021,6.2092,6.1492,6.0431,5.8234,6.0871,6.243,6.337,6.4982,6.5215,6.5788,6.6192,6.4637,6.2904,6.1315,6.0853
84,5.7097,5.4862,5.3822,5.341,5.4088,5.5533,5.7948,6.048,6.3344,6.2635,6.1245,5.9516,5.649,5.9407,6.1222,6.2265,6.354,6.3629,6.4166,6.46,6.3183,6.1752,6.0308,5.9904
85,5.6237,5.4037,5.2935,5.2249,5.2385,5.3279,5.4103,5.5069,5.696,5.7337,5.8128,5.8356,5.7499,5.8799,5.9014,5.879,5.8537,5.8147,5.8564,5.9025,5.8227,5.7361,5.658,5.6577
86,5.3326,5.0976,4.9649,4.9198,4.9491,5.0305,5.0937,5.1504,5.1784,5.2224,5.265,5.1988,5.1029,5.0681,5.075,5.1456,5.2664,5.4588,5.6355,5.778,5.7503,5.6524,5.5876,5.4943
87,5.1812,4.9849,4.8887,4.8895,4.9744,5.1778,5.5256,5.8336,6.102,6.0299,5.9232,5.728,5.4356,5.5977,5.7623,5.924,6.1854,6.3946,6.537,6.6231,6.4719,6.2993,6.1615,6.1216
88,5.7598,5.5676,5.4993,5.4745,5.5368,5.6611,5.9206,6.1975,6.504,6.4238,6.17,5.8795,5.5057,5.6765,5.8069,5.9988,6.2533,6.4411,6.5889,6.6622,6.5061,6.338,6.1955,6.148
89,5.7633,5.5611,5.4887,5.4708,5.5266,5.6808,5.9249,6.0768,6.233,6.0986,5.9813,5.7876,5.4668,5.6796,5.8274,6.0008,6.2222,6.3735,6.5065,6.6289,6.4972,6.3381,6.1961,6.1389
90,5.773,5.5669,5.4811,5.4535,5.5078,5.6656,5.9128,6.1029,6.2758,6.1123,5.9731,5.7568,5.4311,5.6331,5.8023,5.991,6.2362,6.4127,6.5878,6.6706,6.5187,6.3502,6.2205,6.1658
91,5.7949,5.5915,5.478,5.4622,5.5339,5.6873,5.9155,6.0885,6.2384,6.1426,6.0608,5.9235,5.6604,5.8499,5.9773,6.1234,6.334,6.4089,6.4841,6.55,6.4353,6.3102,6.1676,6.1505
92,5.7763,5.5561,5.4527,5.3952,5.4282,5.5299,5.5707,5.4466,5.3003,5.1148,5.0783,4.9221,4.7127,4.8125,4.9371,5.0645,5.2319,5.4126,5.6445,5.8226,5.8074,5.7498,5.6827,5.6684
93,5.3435,5.1136,4.9931,4.9571,4.9981,5.085,5.1024,4.9349,4.6915,4.5027,4.486,4.3641,4.2677,4.297,4.4122,4.6172,4.8801,5.1719,5.4494,5.6582,5.6651,5.5954,5.5204,5.4029
94,5.073,4.8808,4.8032,4.7967,4.8693,5.0463,5.3806,5.8563,6.4838,6.6221,6.6273,6.6359,6.4726,6.741,6.8335,6.8504,6.9016,6.8431,6.7598,6.6805,6.405,6.2827,6.1227,6.1007
95,5.7378,5.5237,5.4296,5.3916,5.4296,5.5732,5.8455,6.2145,6.5989,6.5713,6.3819,6.1302,5.7643,5.9147,5.9329,6.0146,6.2527,6.4433,6.5891,6.677,6.535,6.3484,6.1953,6.1683
96,5.8013,5.5973,5.4992,5.4746,5.5485,5.7056,5.9367,6.1526,6.3318,6.2047,6.0389,5.7927,5.476,5.6511,5.793,5.9789,6.2221,6.3896,6.5211,6.6263,6.503,6.3549,6.216,6.1866
97,5.8076,5.6351,5.5399,5.5236,5.5736,5.7245,5.9439,6.1159,6.3167,6.2212,6.1227,5.9573,5.6701,5.876,5.935,6.0284,6.2812,6.4262,6.5378,6.6365,6.5014,6.3557,6.1834,6.1527
98,5.7879,5.5862,5.4994,5.4582,5.5156,5.6441,5.8884,6.2139,6.6009,6.588,6.593,6.5771,6.3171,6.538,6.5479,6.4869,6.48,6.436,6.4512,6.5252,6.3946,6.2474,6.1159,6.1298
99,5.7733,5.541,5.4276,5.382,5.3948,5.4792,5.549,5.4562,5.3052,5.0751,5.0508,5.265,5.0227,5.0125,5.021,5.1082,5.2572,5.4334,5.6544,5.8589,5.8502,5.7668,5.6996,5.7391
100,5.4216,5.1842,5.0495,4.9881,5.0285,5.114,5.126,4.9593,4.7554,4.5818,4.5579,4.3803,4.2822,4.2783,4.3623,4.5596,4.851,5.1982,5.5022,5.7129,5.7397,5.6771,5.6205,5.5187
101,5.2168,5.0205,4.9477,4.9293,5.0187,5.2147,5.5042,5.7546,6.0588,6.0195,5.9275,5.7507,5.4545,5.6537,5.8209,6.0163,6.2492,6.4236,6.5409,6.6072,6.471,6.2974,6.1494,6.1179
102,5.7502,5.5549,5.4742,5.4444,5.4967,5.6479,5.8526,6.0002,6.1784,6.1039,6.0285,5.8616,5.5637,5.7789,5.9468,6.135,6.3611,6.4709,6.5721,6.6393,6.4859,6.3004,6.1494,6.0647
103,5.6752,5.4753,5.3898,5.368,5.4312,5.5653,5.7818,5.9578,6.1674,6.1356,6.0624,5.9268,5.6748,5.9959,6.1727,6.2961,6.4942,6.5605,6.5594,6.594,6.4831,6.3239,6.1351,6.0378
104,5.6627,5.5028,5.386,5.346,5.4039,5.516,5.7516,6.0372,6.3887,6.398,6.3175,6.2293,5.9842,6.2584,6.471,6.6141,6.7265,6.7059,6.6837,6.6966,6.5193,6.3184,6.1118,6.0309
105,5.6476,5.4532,5.3749,5.3403,5.3672,5.485,5.746,6.0652,6.4215,6.4149,6.3362,6.2337,6.0228,6.232,6.3337,6.4465,6.5461,6.516,6.4867,6.5062,6.4136,6.2736,6.1017,6.0013
106,5.6319,5.4292,5.3217,5.2739,5.2842,5.3277,5.3801,5.3468,5.3371,5.2132,5.1733,5.0195,4.8702,5.0357,5.1922,5.2899,5.4232,5.4677,5.6229,5.7782,5.7725,5.6838,5.5847,5.5441
107,5.2462,5.0325,4.9115,4.8563,4.8895,4.9481,4.9629,4.8133,4.6177,4.4779,4.4992,4.3982,4.3413,4.3811,4.537,4.7343,4.9919,5.2561,5.4922,5.6678,5.681,5.5996,5.5082,5.3739
108,5.0652,4.8944,4.8109,4.7976,4.8569,5.0388,5.2968,5.561,5.923,5.9324,5.8923,5.7475,5.5049,5.7495,5.9125,6.0527,6.2669,6.3973,6.4891,6.5456,6.4177,6.2385,6.0467,5.9873
109,5.638,5.4503,5.3563,5.3035,5.3553,5.4706,5.6948,5.9617,6.349,6.3961,6.3612,6.2669,6.0812,6.2857,6.3597,6.4762,6.6283,6.6257,6.6165,6.6161,6.4838,6.2958,6.0943,6.0364
110,5.6622,5.4741,5.3816,5.345,5.392,5.5063,5.7192,5.9583,6.2566,6.2323,6.1532,6.024,5.8202,6.1235,6.309,6.3904,6.4939,6.4815,6.4867,6.5551,6.4558,6.2955,6.1229,6.0024
111,5.6235,5.4355,5.3474,5.3108,5.3521,5.4759,5.7017,5.9777,6.2554,6.2468,6.2029,6.0709,5.72,5.8913,5.9832,6.1426,6.3827,6.4958,6.5619,6.6022,6.4643,6.2949,6.1066,6.0034
112,5.6374,5.4498,5.3497,5.3141,5.3524,5.4599,5.6987,5.9834,6.2846,6.2771,6.1697,6.0004,5.7338,5.9666,6.1155,6.243,6.3853,6.373,6.4036,6.4304,6.3134,6.1822,6.0353,5.9667
113,5.6056,5.3924,5.2614,5.2091,5.1938,5.1941,5.2566,5.2531,5.2626,5.2136,5.2527,5.1684,4.9914,5.0138,5.0599,5.1074,5.1845,5.3387,5.5258,5.6696,5.6758,5.5977,5.5359,5.5203
114,5.2128,4.9793,4.8599,4.8126,4.8297,4.8885,4.9184,4.8326,4.7185,4.6217,4.6158,4.4227,4.3301,4.3662,4.4415,4.5706,4.8303,5.1332,5.4015,5.6159,5.6721,5.617,5.5468,5.4226
115,5.1139,4.9245,4.8295,4.8268,4.8903,5.0548,5.3121,5.5362,5.8225,5.8328,5.8142,5.6553,5.3962,5.6084,5.7856,5.9809,6.2595,6.4005,6.48,6.5471,6.4347,6.2636,6.0925,5.9908
116,5.6172,5.4174,5.3443,5.2997,5.3487,5.4569,5.6931,6.0271,6.4965,6.6467,6.6399,6.5901,6.3517,6.6508,6.737,6.7464,6.7838,6.7007,6.643,6.6282,6.4841,6.296,6.1269,6.0553
117,5.6743,5.4563,5.3348,5.2723,5.3141,5.3591,5.4003,5.3286,5.2793,5.2005,5.2093,5.0555,4.8131,4.9482,5.0723,5.2289,5.4522,5.6396,5.8477,6.0187,6.054,5.9695,5.8632,5.7269
118,5.3782,5.1926,5.1114,5.095,5.1467,5.2626,5.4676,5.624,5.9116,5.9401,5.9571,5.8939,5.693,5.9689,6.1275,6.2308,6.4491,6.4667,6.4858,6.5436,6.431,6.263,6.0829,5.9855
119,5.6196,5.426,5.3384,5.3037,5.3416,5.4254,5.609,5.8045,6.1489,6.3524,6.478,6.4256,6.1237,6.1594,6.1342,6.1603,6.2524,6.3274,6.3592,6.4301,6.369,6.2181,6.0367,5.9631
120,5.6068,5.3714,5.2624,5.2163,5.2314,5.2683,5.2848,5.1614,5.0898,4.9699,4.9796,4.8882,4.7474,4.8287,4.9402,5.1084,5.3409,5.4472,5.5825,5.7165,5.7311,5.6571,5.5637,5.4857
121,5.1573,4.957,4.8468,4.7983,4.8158,4.8491,4.8433,4.6555,4.447,4.3311,4.3808,4.2958,4.2424,4.2709,4.3668,4.5557,4.8063,5.1088,5.3697,5.5489,5.6138,5.5572,5.4466,5.2879
122,4.9956,4.8046,4.7167,4.7057,4.7754,4.9449,5.2856,5.791,6.3989,6.5915,6.6005,6.5206,6.3109,6.5891,6.6628,6.6682,6.6328,6.5969,6.583,6.6093,6.485,6.2928,6.1013,6.0087
123,5.6468,5.4681,5.3587,5.3417,5.3726,5.4609,5.6982,6.0009,6.3673,6.4337,6.3897,6.2665,5.9663,6.2063,6.3309,6.4439,6.5676,6.5759,6.5632,6.6134,6.5112,6.3165,6.1051,5.9932
124,5.6228,5.4333,5.3315,5.3017,5.3238,5.4199,5.6094,5.8033,6.079,6.0771,6.0438,5.9508,5.6914,5.929,6.0551,6.2256,6.4181,6.4924,6.5453,6.6063,6.5431,6.3537,6.1446,5.9781
125,5.5962,5.4095,5.32,5.2826,5.327,5.4225,5.5935,5.7685,6.0448,6.0725,6.0795,5.9895,5.7744,6.0734,6.2707,6.4728,6.6618,6.7191,6.7349,6.7558,6.6198,6.3946,6.1683,6.0038
126,5.6252,5.4563,5.3554,5.3092,5.3364,5.4212,5.6085,5.83,6.1577,6.2799,6.2755,6.2364,6.0819,6.4381,6.6463,6.7763,6.8888,6.8186,6.7386,6.7236,6.6117,6.4001,6.1692,6.0025
127,5.6286,5.4253,5.3281,5.2599,5.2617,5.2773,5.3964,5.5072,5.6951,5.7675,5.7796,5.7779,5.7415,5.8733,5.9658,5.9629,5.9585,5.9223,5.9832,6.0555,6.0149,5.8758,5.7085,5.5908
128,5.2961,5.1003,4.9695,4.9096,4.9057,4.9253,5.0272,5.1047,5.2447,5.4068,5.5727,5.6057,5.5927,5.6382,5.6532,5.6633,5.6855,5.7265,5.804,5.8503,5.8209,5.6738,5.5342,5.3778
129,5.0905,4.9079,4.8176,4.7862,4.8393,4.9626,5.3189,5.8502,6.4766,6.7314,6.7866,6.7901,6.6138,6.808,6.8311,6.8248,6.8368,6.7484,6.7136,6.6933,6.5713,6.3424,6.1266,5.9967
130,5.6357,5.4464,5.3581,5.3139,5.3338,5.4189,5.6571,6.0173,6.4596,6.5305,6.401,6.2111,5.9152,6.1186,6.1974,6.3041,6.5028,6.5882,6.6001,6.624,6.5309,6.3598,6.1579,5.9903
131,5.5996,5.3962,5.2889,5.2394,5.2341,5.2816,5.3417,5.3082,5.3182,5.2802,5.3654,5.2809,5.1279,5.3128,5.4991,5.6923,5.8744,5.9294,6.0551,6.1842,6.2006,6.07,5.8846,5.6952
132,5.3753,5.2053,5.1284,5.0864,5.1225,5.2134,5.5043,5.955,6.5633,6.7983,6.7953,6.7898,6.5659,6.7763,6.8685,6.8777,6.914,6.8155,6.7443,6.6958,6.5507,6.3253,6.1066,5.9816
133,5.625,5.4295,5.341,5.3037,5.32,5.4042,5.6655,5.9939,6.4393,6.576,6.5548,6.4514,6.1774,6.3904,6.4847,6.5185,6.5806,6.5425,6.4799,6.4902,6.4094,6.234,6.0454,5.9272
134,5.5319,5.3314,5.2169,5.1689,5.1666,5.1896,5.2371,5.1682,5.1442,5.0583,5.091,5.0065,4.8648,4.978,5.0913,5.215,5.387,5.5349,5.6813,5.8018,5.8452,5.7321,5.598,5.4874
135,5.1551,4.9427,4.8232,4.7717,4.7823,4.7968,4.7766,4.6455,4.5786,4.6029,4.6698,4.6246,4.5873,4.7318,4.9034,5.1145,5.2956,5.3969,5.534,5.6718,5.6815,5.5634,5.3963,5.2485
136,4.9556,4.7745,4.6974,4.6804,4.7318,4.8679,5.2171,5.6845,6.2373,6.2782,6.1402,6.0147,5.7835,5.9849,6.1295,6.2748,6.4784,6.5511,6.5512,6.5847,6.4633,6.2502,6.0261,5.8735
137,5.5235,5.3563,5.2789,5.2331,5.2545,5.325,5.5994,6.0105,6.5179,6.5261,6.2319,6.0013,5.6818,5.8894,5.9978,6.1351,6.3325,6.4537,6.5144,6.5408,6.4574,6.2852,6.0779,5.9394
138,5.5487,5.3545,5.2583,5.2112,5.24,5.3133,5.5401,5.8456,6.2254,6.2812,6.2099,6.0829,5.9652,6.2561,6.4442,6.6303,6.6876,6.562,6.5023,6.5264,6.451,6.2649,6.0535,5.9195
139,5.5569,5.3782,5.2707,5.2291,5.2402,5.3352,5.6141,6.0331,6.5934,6.7738,6.7698,6.698,6.3591,6.4463,6.3684,6.3325,6.4192,6.5151,6.5638,6.5867,6.5043,6.3231,6.1,5.9698
140,5.6098,5.4228,5.3053,5.2739,5.2929,5.3849,5.6119,5.8915,6.2882,6.3946,6.4693,6.5491,6.4452,6.6069,6.441,6.3363,6.3505,6.3795,6.3824,6.4236,6.3893,6.2157,6.0137,5.9075
141,5.5446,5.3392,5.2249,5.1677,5.1643,5.1706,5.1846,5.0826,5.0625,4.9911,5.0696,5.0219,4.949,5.1279,5.2348,5.3071,5.4183,5.5147,5.661,5.7507,5.7782,5.6846,5.5619,5.463
142,5.1515,4.9368,4.8253,4.7883,4.7928,4.7984,4.7866,4.645,4.5018,4.4139,4.5061,4.4342,4.4039,4.483,4.5896,4.7722,5.0308,5.3194,5.5498,5.6685,5.7041,5.6014,5.4373,5.277
143,4.9758,4.8012,4.7179,4.6943,4.7279,4.8625,5.2062,5.6703,6.1479,6.2284,6.2391,6.1529,5.8894,6.1057,6.2329,6.3961,6.5504,6.5752,6.6049,6.5936,6.4859,6.2885,6.0518,5.923
144,5.5499,5.378,5.2807,5.2372,5.2609,5.3335,5.5499,5.803,6.1276,6.2241,6.2407,6.1383,5.8825,6.1645,6.3513,6.5206,6.7332,6.7164,6.7057,6.7141,6.5793,6.3378,6.0852,5.9669
145,5.5895,5.4028,5.2932,5.2635,5.2702,5.3244,5.5403,5.8197,6.1838,6.2953,6.3459,6.2825,6.1121,6.5054,6.6903,6.7766,6.8419,6.8212,6.7837,6.7341,6.6218,6.4089,6.1335,5.9906
146,5.6239,5.4347,5.3331,5.2874,5.2943,5.3592,5.6224,6.0346,6.5934,6.8319,6.8898,6.8424,6.6511,6.9239,7.0113,6.9894,7.0093,6.8828,6.7693,6.702,6.5326,6.3147,6.0747,5.9693
147,5.6071,5.4139,5.3106,5.2764,5.2917,5.3868,5.5786,5.8471,6.1745,6.1636,6.1002,5.9504,5.647,5.9145,6.0611,6.1925,6.4037,6.4769,6.4864,6.4722,6.4081,6.2353,6.0255,5.9215
148,5.5518,5.3575,5.241,5.1586,5.1394,5.1475,5.1785,5.2052,5.2895,5.2623,5.2895,5.209,5.0533,5.1685,5.2376,5.324,5.4834,5.5995,5.7283,5.8199,5.8611,5.7399,5.5874,5.4975
149,5.1815,4.9956,4.8877,4.8249,4.8093,4.8196,4.822,4.736,4.6804,4.7726,4.8568,4.8276,4.7647,4.8221,4.9003,5.0481,5.2576,5.501,5.7022,5.8117,5.8683,5.7581,5.5807,5.3749
150,5.0776,4.8904,4.7984,4.7647,4.7977,4.9128,5.2001,5.6113,6.1634,6.3909,6.5203,6.5583,6.3419,6.5828,6.6616,6.6864,6.827,6.8543,6.8353,6.8045,6.685,6.4353,6.1559,6.0105
151,5.646,5.4715,5.3713,5.3184,5.3338,5.4225,5.6249,5.9324,6.3507,6.4943,6.584,6.5605,6.3482,6.6947,6.8962,6.9341,7.0018,6.9703,6.8979,6.9796,6.8551,6.5781,6.2743,6.1196
152,5.7421,5.5473,5.4527,5.3974,5.4002,5.4739,5.6886,5.9668,6.3799,6.5825,6.7133,6.7101,6.5391,6.8599,7.0198,7.1453,7.3387,7.3042,7.2003,7.1392,7.0035,6.7079,6.3893,6.2102
153,5.8253,5.6245,5.5046,5.4392,5.4438,5.508,5.7177,6.0582,6.5608,6.8271,7.0182,7.0942,6.9258,7.1964,7.3384,7.452,7.4929,7.361,7.2087,7.1212,6.9428,6.6492,6.3191,6.1409
154,5.7767,5.5925,5.4698,5.4256,5.4276,5.4874,5.7872,6.2061,6.7669,7.0071,7.0068,6.9148,6.5664,6.7372,6.8362,6.8857,6.9966,6.9608,6.899,6.8763,6.7739,6.5348,6.2303,6.0734
155,5.7128,5.5122,5.3883,5.317,5.2843,5.277,5.3404,5.4002,5.4886,5.501,5.6428,5.6446,5.548,5.6618,5.7295,5.8482,5.992,6.0931,6.1648,6.2209,6.2166,6.0548,5.8242,5.707
156,5.3732,5.1555,5.0178,4.9386,4.9213,4.9298,4.9636,4.9806,5.035,5.0766,5.2052,5.1941,5.179,5.2287,5.326,5.4988,5.7277,5.899,6.0501,6.1518,6.1377,5.9828,5.7567,5.5262
157,5.2182,5.0195,4.9255,4.8781,4.8996,5.0318,5.3596,5.8772,6.5618,6.8322,6.9792,6.9917,6.8165,7.0904,7.2255,7.3041,7.422,7.3492,7.2305,7.1474,6.9942,6.7009,6.3649,6.1939
158,5.8217,5.6284,5.5182,5.4608,5.4732,5.5592,5.8539,6.3394,6.9851,7.2692,7.3227,7.2993,7.055,7.2715,7.3311,7.2825,7.2705,7.1819,7.1234,7.0618,6.9271,6.6376,6.3308,6.182
159,5.8172,5.6321,5.5222,5.4682,5.4605,5.5479,5.7997,6.1595,6.6382,6.8689,6.9826,6.9895,6.7953,7.0094,7.1014,7.1507,7.2494,7.189,7.1046,7.0441,6.9565,6.6812,6.3504,6.2032
160,5.8164,5.6241,5.5217,5.4607,5.4462,5.5188,5.7624,6.1316,6.6141,6.7838,6.8269,6.893,6.7353,7.0596,7.1954,7.2169,7.267,7.147,7.0232,6.9813,6.8283,6.5688,6.2615,6.1355
161,5.7526,5.5852,5.4782,5.428,5.4402,5.5196,5.8117,6.2409,6.7834,7.0082,7.0192,6.9587,6.7178,6.9772,7.0457,7.0404,7.0527,6.9185,6.7913,6.7704,6.6689,6.4391,6.1558,6.067
162,5.7143,5.518,5.3856,5.3136,5.2908,5.2889,5.3584,5.3576,5.4126,5.3775,5.4589,5.3868,5.2907,5.4337,5.5184,5.589,5.7449,5.8825,6.022,6.0838,6.0923,5.9414,5.744,5.6413
163,5.322,5.1132,4.9909,4.9147,4.8909,4.8991,4.918,4.8402,4.8018,4.781,4.9717,4.9943,5.0513,5.1394,5.2403,5.3982,5.623,5.7966,5.978,6.0819,6.12,5.9629,5.7441,5.5277
164,5.2362,5.0401,4.949,4.9111,4.9421,5.0583,5.3274,5.7738,6.365,6.5863,6.6777,6.6736,6.4909,6.7818,6.9515,7.0461,7.2091,7.2382,7.1407,7.0346,6.8879,6.6204,6.3094,6.1713
165,5.7838,5.5929,5.4898,5.4187,5.4272,5.4977,5.7287,6.0856,6.5849,6.8481,6.896,6.8565,6.7247,7.0397,7.0791,7.064,7.2518,7.2268,7.1174,7.0466,6.8926,6.6189,6.2929,6.1482
166,5.7893,5.5901,5.4959,5.4414,5.4262,5.4968,5.7367,6.1236,6.6615,6.8677,6.9251,6.9448,6.7155,6.9889,7.1219,7.1285,7.1726,7.0848,6.9683,6.9292,6.8454,6.5966,6.3125,6.1629
167,5.79,5.6007,5.4914,5.4443,5.4434,5.5041,5.7381,6.0903,6.5749,6.7437,6.8364,6.8245,6.6287,6.911,7.0598,7.1504,7.2813,7.2326,7.1314,7.0714,6.9313,6.6678,6.3532,6.2028
168,5.8331,5.6381,5.5099,5.4333,5.4441,5.5149,5.7309,6.0669,6.5143,6.7062,6.8046,6.7934,6.6023,6.8808,7.0237,7.1084,7.2763,7.2159,7.0468,6.9715,6.858,6.6268,6.3058,6.1576
169,5.7977,5.5834,5.4438,5.3561,5.3274,5.3115,5.4452,5.5895,5.7841,5.8279,5.8425,5.7178,5.5653,5.7102,5.8269,5.9407,6.0399,6.0566,6.1207,6.1811,6.2042,6.0422,5.8273,5.691
170,5.3539,5.1599,5.0249,4.9508,4.9209,4.9239,4.9604,4.9112,4.8927,4.9502,5.155,5.2184,5.2881,5.436,5.5413,5.639,5.7922,5.949,6.0994,6.1947,6.2109,6.0489,5.833,5.6098
171,5.2865,5.1054,5.0069,4.9649,4.986,5.1319,5.4533,5.9203,6.5741,6.8443,6.9784,6.9905,6.8364,7.1621,7.3306,7.4472,7.4821,7.3541,7.2301,7.1798,7.0319,6.7261,6.4112,6.2629
172,5.8875,5.6913,5.5809,5.5254,5.5259,5.5999,5.8563,6.2259,6.7662,7.0347,7.1338,7.109,6.9221,7.218,7.3466,7.4167,7.5854,7.4951,7.344,7.2753,7.1059,6.8179,6.4708,6.3057
173,5.923,5.7359,5.6279,5.5523,5.5516,5.6252,5.9049,6.3358,6.9344,7.2094,7.2802,7.246,6.9604,7.1601,7.2627,7.3342,7.4824,7.4488,7.3418,7.2787,7.1521,6.8678,6.5294,6.3528
174,5.9606,5.7748,5.6502,5.5787,5.5398,5.6126,5.8404,6.2175,6.7352,6.9691,7.1265,7.1498,6.9941,7.3285,7.4602,7.5403,7.7476,7.7081,7.6208,7.554,7.3756,7.0553,6.6837,6.4982
175,6.0789,5.8523,5.7169,5.6331,5.6295,5.694,5.9449,6.3929,7.0062,7.2671,7.2744,7.2296,6.9885,7.2823,7.4416,7.5428,7.6865,7.6465,7.4944,7.3884,7.2762,6.9914,6.6256,6.4367
176,6.0317,5.7915,5.6388,5.5146,5.4701,5.451,5.5159,5.6251,5.864,6.0843,6.2921,6.3518,6.2889,6.4228,6.4612,6.4266,6.3779,6.3108,6.3063,6.3079,6.2561,6.0918,5.9015,5.838
177,5.5277,5.3303,5.2038,5.1241,5.0999,5.1054,5.1743,5.2616,5.3916,5.5574,5.7256,5.7786,5.7982,5.888,5.926,5.9235,5.9692,6.0517,6.161,6.2368,6.2361,6.0652,5.8278,5.6307
178,5.3146,5.1449,5.0451,5.0026,5.0125,5.1487,5.4903,6.0918,6.8568,7.2299,7.3151,7.3089,7.1274,7.4418,7.5556,7.5787,7.6256,7.4936,7.362,7.2579,7.0935,6.8167,6.496,6.3503
179,5.9855,5.7832,5.6698,5.6088,5.6026,5.6877,5.9944,6.4988,7.1734,7.5224,7.6164,7.6249,7.4225,7.7775,7.9267,7.9246,7.9663,7.8358,7.6215,7.5041,7.3367,7.025,6.6555,6.4956
180,6.0958,5.8902,5.7831,5.7108,5.7174,5.7903,6.0956,6.6341,7.357,7.7246,7.9415,7.9413,7.6882,7.9626,8.0734,8.1086,8.0871,7.9236,7.7783,7.7225,7.5703,7.2335,6.85,6.657
181,6.2281,5.9988,5.86,5.7866,5.7881,5.8582,6.1634,6.6581,7.3251,7.6642,7.766,7.7922,7.6354,7.957,8.0208,8.0266,8.1187,8.0386,7.8711,7.7561,7.5348,7.1791,6.7759,6.5622
182,6.1569,5.9458,5.8326,5.7654,5.7584,5.8372,6.1379,6.6138,7.2727,7.5592,7.6698,7.6236,7.3858,7.598,7.6979,7.7274,7.8397,7.8101,7.6298,7.5278,7.4105,7.104,6.7376,6.5708
183,6.1587,5.9245,5.7872,5.6813,5.6364,5.6241,5.7018,5.8062,6.0147,6.1835,6.3961,6.4106,6.3955,6.544,6.5806,6.6047,6.625,6.6898,6.7482,6.7726,6.7661,6.5798,6.28,6.1239
184,5.757,5.51,5.3593,5.2617,5.2354,5.2358,5.2967,5.3749,5.5438,5.7455,5.9233,5.9773,5.9709,6.0585,6.1483,6.2943,6.4307,6.6217,6.7655,6.8518,6.812,6.5677,6.2508,5.9816
185,5.6331,5.4025,5.2743,5.22,5.244,5.3793,5.7618,6.3556,7.1968,7.6215,7.7912,7.819,7.6886,8.0493,8.2261,8.3235,8.5011,8.5002,8.3586,8.2506,8.0172,7.6138,7.1435,6.8806
186,6.4016,6.1434,6.0041,5.908,5.9038,5.9851,6.2822,6.7946,7.5457,7.9608,8.1463,8.1836,8.0363,8.3061,8.4676,8.5417,8.7172,8.6701,8.5405,8.4723,8.254,7.8429,7.3408,7.0201
187,6.5247,6.242,6.0939,6.0027,5.9764,6.0411,6.3566,6.9053,7.6874,8.1578,8.4211,8.537,8.3495,8.5921,8.7026,8.7052,8.8087,8.7796,8.6661,8.5925,8.3834,7.9655,7.4431,7.125
188,6.601,6.3284,6.1558,6.0545,6.0452,6.1101,6.4214,6.9565,7.7319,8.1495,8.351,8.3725,8.2454,8.5685,8.7691,8.817,8.8551,8.6924,8.5074,8.3843,8.1408,7.7222,7.2463,6.9758
189,6.4926,6.2323,6.0471,5.9447,5.9412,6.0172,6.2941,6.786,7.5096,7.9241,8.1941,8.2654,8.1331,8.4258,8.5558,8.6631,8.8015,8.6635,8.389,8.1611,7.9067,7.5054,7.0522,6.8212
190,6.3774,6.1156,5.9378,5.8043,5.7638,5.7483,5.8366,5.9681,6.2038,6.4381,6.7307,6.814,6.7819,6.9017,6.9305,6.9619,7.0395,7.0798,7.1648,7.1849,7.1574,6.8967,6.5574,6.3658
191,5.9734,5.7226,5.5454,5.4431,5.4017,5.3848,5.441,5.474,5.574,5.7664,6.0852,6.1939,6.2878,6.417,6.5201,6.6599,6.8529,7.0163,7.1561,7.2054,7.2021,6.9479,6.562,6.2144
192,5.8243,5.5952,5.4581,5.3977,5.4151,5.5675,5.9737,6.6475,7.5586,7.9764,8.107,8.1493,7.9853,8.2795,8.3959,8.3972,8.4586,8.4095,8.2868,8.2141,8.0289,7.6395,7.1908,6.9351
193,6.4814,6.243,6.0879,5.9895,5.9731,6.0652,6.3786,6.912,7.6965,8.1247,8.3158,8.4152,8.2652,8.5677,8.6722,8.716,8.7841,8.7461,8.6503,8.5784,8.3481,7.905,7.396,7.0986
194,6.5934,6.3301,6.1673,6.0724,6.053,6.108,6.4016,6.9161,7.6429,8.0696,8.2566,8.334,8.1861,8.4857,8.6471,8.7308,8.8937,8.8936,8.7865,8.7271,8.505,8.0649,7.5101,7.1866
195,6.671,6.3844,6.2085,6.1096,6.1023,6.1625,6.4525,6.9474,7.6578,8.0769,8.2636,8.3402,8.1833,8.5219,8.7031,8.7934,8.9658,8.9958,8.9056,8.8223,8.5694,8.077,7.5323,7.2207
196,6.7131,6.4331,6.2489,6.1347,6.1101,6.1812,6.4659,6.9709,7.6563,8.0793,8.2708,8.3948,8.2857,8.5845,8.7448,8.8508,8.9812,8.9491,8.7952,8.7065,8.4849,8.0386,7.5464,7.2299
197,6.7214,6.4295,6.2299,6.1042,6.0341,6.0232,6.1243,6.2912,6.6288,6.9093,7.1945,7.3153,7.2866,7.4152,7.4971,7.5621,7.6163,7.7026,7.8098,7.8285,7.7502,7.4227,7.0006,6.7361
198,6.2941,5.9982,5.8017,5.6832,5.6163,5.6009,5.6553,5.738,5.9113,6.1276,6.3897,6.5417,6.6498,6.7822,6.8642,7.0042,7.1567,7.3972,7.5711,7.6521,7.6208,7.32,6.9272,6.5586
199,6.1308,5.8695,5.7066,5.6196,5.6118,5.7225,6.0886,6.6927,7.5643,8.0429,8.2317,8.2897,8.1622,8.4337,8.5922,8.7162,8.883,8.9426,8.8572,8.7591,8.4751,7.9932,7.4622,7.1613
200,6.6789,6.4184,6.2441,6.1433,6.1334,6.1869,6.4777,6.9698,7.6866,8.1436,8.3599,8.4587,8.3594,8.6612,8.8086,8.8942,9.055,9.1141,9.0223,8.8949,8.6014,8.111,7.5664,7.273
201,6.7795,6.4943,6.3226,6.2078,6.1823,6.2781,6.5767,7.0525,7.7551,8.1695,8.3802,8.4811,8.3797,8.6517,8.7918,8.8773,8.9936,9.024,8.9266,8.8382,8.5796,8.1286,7.5738,7.2512
202,6.7754,6.4979,6.3211,6.2099,6.1918,6.2577,6.5303,7.02,7.7128,8.1279,8.3637,8.4695,8.3771,8.6519,8.7694,8.8323,8.9634,8.9429,8.8131,8.7511,8.4768,7.9989,7.4511,7.127
203,6.6562,6.3902,6.2268,6.116,6.0824,6.157,6.4254,6.8833,7.5483,7.9301,8.1349,8.2604,8.1734,8.4565,8.6307,8.7425,8.7847,8.7066,8.5274,8.4854,8.318,7.899,7.3832,7.1255
204,6.6736,6.3627,6.1701,6.0276,5.9565,5.9303,6.0107,6.1635,6.4021,6.6149,6.8433,6.9553,6.9654,7.0578,7.1208,7.2209,7.3451,7.521,7.6348,7.6776,7.5965,7.244,6.8369,6.5886
205,6.1761,5.8831,5.6855,5.5637,5.5124,5.4993,5.5628,5.6806,5.9018,6.1752,6.4856,6.5828,6.6997,6.8131,6.8679,6.9633,6.98,7.15,7.2622,7.2943,7.1736,6.8556,6.5101,6.202
206,5.8392,5.5835,5.4429,5.3712,5.3767,5.4829,5.7575,6.1888,6.757,7.1181,7.2542,7.2983,7.2003,7.2314,7.3463,7.3892,7.4426,7.546,7.5103,7.4849,7.3078,6.9555,6.5288,6.3028
207,5.9345,5.6854,5.536,5.4468,5.4501,5.5222,5.77,6.1636,6.702,7.0044,7.1947,7.2994,7.2838,7.4449,7.5339,7.5073,7.5947,7.7517,7.7198,7.7024,7.5598,7.1665,6.7102,6.4633
208,6.0559,5.8054,5.6713,5.5719,5.5568,5.6095,5.8407,6.2211,6.7565,7.1072,7.2883,7.3942,7.364,7.5554,7.6919,7.7943,7.9193,8.0073,7.9628,7.9513,7.7482,7.3195,6.8438,6.5684
209,6.1522,5.8817,5.7322,5.6361,5.6073,5.7029,5.9689,6.4095,7.0323,7.4454,7.6727,7.8254,7.7991,8.0425,8.1818,8.2775,8.4189,8.5215,8.4493,8.3457,8.0899,7.6134,7.0828,6.8218
210,6.3711,6.0943,5.9335,5.8244,5.7999,5.8616,6.1117,6.5579,7.1991,7.5992,7.8558,8.0186,7.999,8.1995,8.2295,8.1973,8.2367,8.2218,8.058,8.0014,7.8076,7.4061,6.9285,6.6675
211,6.2865,6.0088,5.8339,5.7268,5.6922,5.6918,5.7902,5.9323,6.1578,6.3845,6.6485,6.7904,6.7831,6.9692,7.1259,7.2918,7.3343,7.3756,7.4535,7.521,7.4363,7.0893,6.6856,6.4692
212,6.0632,5.7816,5.6066,5.4989,5.4537,5.4655,5.5227,5.637,5.821,6.1182,6.4765,6.7178,6.8349,6.8988,6.8985,6.8634,6.7957,6.8743,6.9664,7.0201,6.9273,6.6645,6.3541,6.0798
213,5.7391,5.5178,5.3871,5.3329,5.3555,5.5011,5.8429,6.3891,7.1413,7.5439,7.7035,7.764,7.6281,7.9236,8.1507,8.3161,8.4559,8.4755,8.355,8.243,7.974,7.5401,7.0651,6.836
214,6.403,6.1729,6.0262,5.9366,5.9207,6.002,6.2838,6.7495,7.4379,7.8265,7.9859,8.0777,7.918,8.1614,8.337,8.4094,8.4877,8.4543,8.3178,8.2106,7.914,7.4805,7.0071,6.7906
215,6.3826,6.1606,6.0259,5.9473,5.9297,6.0007,6.2817,6.7512,7.4023,7.7285,7.8255,7.8488,7.704,7.9878,8.104,8.1846,8.3543,8.3818,8.2414,8.1814,7.925,7.5023,7.033,6.785
216,6.3634,6.136,6.0016,5.9066,5.9136,6.0046,6.2804,6.7333,7.426,7.847,8.0325,8.1037,7.9585,8.2698,8.5163,8.6169,8.6355,8.5168,8.2997,8.1953,7.863,7.4097,6.9669,6.782
217,6.3816,6.1634,6.0381,5.9452,5.94,6.0278,6.3154,6.814,7.5109,7.8209,7.9483,8.0401,7.8075,8.008,8.0711,8.0912,8.1779,8.1407,8.0053,7.9363,7.6817,7.3162,6.8861,6.6924
218,6.3085,6.0843,5.9382,5.8419,5.8018,5.8171,5.9083,6.0915,6.4005,6.5518,6.6747,6.6848,6.4879,6.5213,6.5389,6.541,6.6039,6.6811,6.7643,6.847,6.7351,6.4706,6.1669,6.0495
219,5.7499,5.5252,5.3828,5.2988,5.283,5.3044,5.3242,5.3304,5.3699,5.4574,5.6339,5.6922,5.7391,5.8877,6.0201,6.1424,6.2904,6.5326,6.7214,6.8076,6.7483,6.5034,6.1974,5.9619
220,5.6465,5.4592,5.3225,5.2605,5.2553,5.3339,5.5344,5.8328,6.2796,6.5678,6.7845,6.8471,6.7492,7.023,7.2134,7.3154,7.3904,7.417,7.4327,7.4559,7.3137,6.9959,6.6378,6.3774
221,6.013,5.8309,5.7019,5.641,5.636,5.7512,6.0358,6.5322,7.185,7.4716,7.5167,7.5164,7.4109,7.6998,7.8352,7.9233,8.0393,8.0393,7.9072,7.8029,7.4932,7.114,6.7156,6.5625
222,6.2153,6.0173,5.9081,5.8419,5.8476,5.9441,6.2187,6.6202,7.1908,7.4066,7.4492,7.4713,7.3147,7.6434,7.8908,7.9848,8.0362,7.9423,7.7227,7.6478,7.3873,7.0261,6.6401,6.4843
223,6.1432,5.9556,5.8477,5.7836,5.7896,5.8814,6.1344,6.5157,7.0605,7.3057,7.4315,7.4709,7.2912,7.6007,7.8089,7.8733,7.9226,7.9472,7.8209,7.764,7.4776,7.092,6.679,6.5388
224,6.1716,5.9778,5.8644,5.8021,5.8008,5.8899,6.134,6.554,7.1016,7.3467,7.4783,7.4981,7.3189,7.6004,7.7385,7.7956,7.9325,7.9554,7.7787,7.7304,7.5148,7.1447,6.7485,6.6024
225,6.2367,6.0216,5.8875,5.7997,5.7727,5.7927,5.8983,6.1285,6.4746,6.7268,6.9192,6.9215,6.7379,6.7297,6.6986,6.6752,6.6612,6.6164,6.665,6.7325,6.6221,6.3831,6.1036,6.0282
226,5.7186,5.5069,5.3804,5.2976,5.2653,5.2937,5.3338,5.3718,5.5006,5.5906,5.8388,5.8725,5.8185,5.8814,5.9451,6.0861,6.2004,6.3235,6.5089,6.6387,6.5591,6.3611,6.092,5.8598
227,5.5413,5.3659,5.2454,5.2005,5.2363,5.4095,5.7967,6.4518,7.3343,7.7417,7.8376,7.8282,7.6521,7.884,7.9334,7.8757,7.886,7.7148,7.54,7.4304,7.1488,6.8133,6.4912,6.3511
228,6.0163,5.8503,5.7312,5.6806,5.7071,5.8147,6.1394,6.7084,7.455,7.8463,7.9713,7.9653,7.7628,7.9698,8.0923,8.0851,8.1241,8.0461,7.9104,7.8126,7.4727,7.087,6.7155,6.5584
229,6.1975,5.998,5.8847,5.8228,5.8323,5.9512,6.2515,6.8095,7.5647,7.9561,8.0262,7.963,7.7244,7.969,8.0237,7.9808,7.9817,7.8712,7.6967,7.6757,7.4218,7.0564,6.6951,6.5492
230,6.1783,5.9698,5.8662,5.8074,5.8138,5.9089,6.1722,6.6185,7.244,7.5305,7.5871,7.5202,7.3766,7.675,7.8982,7.9671,8.1471,8.1418,8.0278,7.9617,7.6283,7.2175,6.803,6.6103
231,6.2317,6.0322,5.9083,5.8369,5.8299,5.9334,6.2097,6.7054,7.3956,7.7102,7.7607,7.6878,7.5037,7.7379,7.8339,7.7992,7.7762,7.5737,7.3895,7.3313,7.0756,6.744,6.4417,6.3531
232,6.0028,5.8056,5.6775,5.5977,5.5787,5.5999,5.679,5.7609,5.8929,5.9134,6.0023,6.0131,6.0235,6.3066,6.4696,6.4872,6.5168,6.4758,6.5598,6.6357,6.5278,6.3038,6.0274,5.9178
233,5.5914,5.396,5.2682,5.1816,5.1555,5.1975,5.2626,5.3716,5.5406,5.7279,5.8954,5.8181,5.7128,5.7188,5.8135,5.9296,6.0842,6.2637,6.447,6.5588,6.4675,6.255,5.9985,5.7911
234,5.5001,5.3034,5.2056,5.1633,5.1732,5.3289,5.6743,6.2626,6.9975,7.3385,7.5003,7.4604,7.2586,7.5776,7.7772,7.8223,7.8996,7.8169,7.6776,7.588,7.2921,6.9346,6.5593,6.3917
235,6.0287,5.8466,5.7444,5.6798,5.6914,5.8099,6.1024,6.6175,7.2397,7.4527,7.4853,7.4411,7.2437,7.4804,7.6235,7.6842,7.7665,7.6258,7.4786,7.4099,7.1232,6.8114,6.478,6.3518
236,6.0091,5.8273,5.7216,5.6597,5.6723,5.7769,6.076,6.6271,7.2988,7.6058,7.6134,7.6347,7.3991,7.61,7.7104,7.6957,7.7228,7.5832,7.4659,7.416,7.1409,6.8138,6.4798,6.3287
237,5.9773,5.7873,5.7012,5.6292,5.6259,5.7521,6.0291,6.4379,6.9542,7.2203,7.3295,7.3677,7.2253,7.4759,7.5897,7.5808,7.6036,7.4957,7.4155,7.3504,7.0916,6.7525,6.4268,6.2674
238,5.9081,5.7394,5.6309,5.5846,5.6,5.7283,5.9958,6.3871,6.8439,7.0064,7.049,7.0442,6.8506,7.1455,7.2571,7.3299,7.4073,7.3403,7.2278,7.177,6.9516,6.653,6.3285,6.2132
239,5.877,5.6635,5.5452,5.4516,5.4419,5.4815,5.5427,5.5978,5.6883,5.6886,5.7806,5.7993,5.7112,5.8501,6.0359,6.1556,6.2391,6.2254,6.3254,6.3885,6.2731,6.0605,5.8495,5.7709
240,5.4162,5.2047,5.0919,5.0221,5.016,5.0645,5.1048,5.1072,5.1803,5.3458,5.5276,5.5817,5.6141,5.6789,5.7495,5.8172,5.8923,6.0219,6.1612,6.2545,6.1538,5.9662,5.7589,5.5617
241,5.2844,5.1119,5.0127,4.9756,5.0318,5.2071,5.5385,6.0768,6.7583,7.0961,7.2011,7.2382,7.0542,7.3479,7.4794,7.5096,7.5426,7.4093,7.2972,7.2008,6.902,6.6222,6.3137,6.1833
242,5.8303,5.6667,5.5679,5.5213,5.552,5.6824,5.9671,6.4681,7.1401,7.4104,7.4238,7.4559,7.2724,7.499,7.5759,7.5695,7.6195,7.5244,7.4529,7.3916,7.0832,6.7724,6.4552,6.3152
243,5.948,5.7569,5.6498,5.6017,5.6204,5.7333,6.0066,6.4203,6.9249,7.0698,7.0589,6.9955,6.7503,6.9995,7.167,7.2985,7.4423,7.436,7.3751,7.3172,7.0552,6.7555,6.4373,6.2977
244,5.9218,5.7442,5.629,5.5787,5.6011,5.7216,5.9678,6.3457,6.817,6.9714,6.973,6.9655,6.817,7.1393,7.3469,7.5012,7.6594,7.6209,7.5404,7.4628,7.1695,6.8495,6.4998,6.3315
245,5.9635,5.7937,5.6691,5.6263,5.6446,5.7684,6.0375,6.494,7.0921,7.3348,7.3726,7.3596,7.1103,7.3018,7.4101,7.5001,7.5304,7.4482,7.3629,7.2943,7.0491,6.7554,6.4377,6.2981
246,5.93,5.7348,5.6219,5.5478,5.5156,5.5741,5.6541,5.7343,5.8506,5.8379,5.8945,5.8653,5.7468,5.9139,6.0226,6.1486,6.3362,6.4524,6.5458,6.5783,6.4288,6.213,5.9552,5.8295
247,5.4968,5.3015,5.1675,5.1051,5.0988,5.1348,5.1799,5.1627,5.1506,5.1449,5.2418,5.2822,5.3176,5.4768,5.6506,5.8277,6.0274,6.2067,6.3898,6.4512,6.3365,6.1425,5.8877,5.6819
248,5.3884,5.2166,5.1143,5.0756,5.1191,5.2826,5.6166,6.1677,6.8075,7.0976,7.1852,7.1843,7.0427,7.367,7.5747,7.6761,7.782,7.6827,7.5786,7.471,7.1864,6.8351,6.4612,6.2842
249,5.925,5.7414,5.6403,5.5927,5.618,5.7381,6.0109,6.4596,6.998,7.2647,7.3401,7.3236,7.097,7.365,7.4631,7.5222,7.6081,7.6003,7.5341,7.4267,7.1318,6.8105,6.4466,6.2952
250,5.9437,5.7472,5.6574,5.6054,5.6286,5.7465,5.9772,6.331,6.7536,6.8755,6.9307,6.876,6.6856,7.0087,7.2057,7.3288,7.4944,7.458,7.3528,7.2592,7.0115,6.725,6.3777,6.2275
251,5.87,5.719,5.6157,5.5514,5.5747,5.6925,5.9359,6.2542,6.6656,6.8672,6.9686,6.9794,6.854,7.1994,7.3808,7.4948,7.5435,7.4348,7.3644,7.2926,7.0121,6.7136,6.3757,6.2179
252,5.8649,5.6808,5.587,5.5337,5.5392,5.6611,5.9212,6.3735,6.943,7.1806,7.1837,7.1097,6.8216,6.8709,6.8811,6.9117,6.919,6.8978,6.8797,6.8292,6.6586,6.4424,6.1471,5.9974
253,5.6597,5.4703,5.3471,5.283,5.2584,5.3048,5.38,5.4086,5.4332,5.3699,5.4275,5.4079,5.3708,5.4939,5.5566,5.6572,5.8363,6.0316,6.189,6.2245,6.0852,5.9086,5.6817,5.5792
254,5.2858,5.086,4.9515,4.8981,4.8871,4.9479,4.9859,4.9305,4.8331,4.7733,4.9088,4.9201,4.9456,5.0143,5.0912,5.2157,5.4609,5.6933,5.8627,5.8954,5.797,5.6351,5.4453,5.2568
255,4.9632,4.771,4.6508,4.5663,4.5562,4.6053,4.6503,4.5823,4.4524,4.4027,4.508,4.5327,4.6043,4.7152,4.788,4.9457,5.1752,5.3918,5.5565,5.5779,5.502,5.3873,5.2107,5.0364
256,4.763,4.6037,4.493,4.4443,4.4379,4.5226,4.6211,4.7754,4.845,4.8019,4.7169,4.6435,4.5978,4.5127,4.5213,4.6163,4.8131,5.0878,5.2931,5.3652,5.3255,5.2494,5.1044,4.954
257,4.7019,4.5237,4.419,4.3669,4.3678,4.4383,4.508,4.5564,4.5752,4.6463,4.7723,4.7183,4.6667,4.6667,4.7345,4.927,5.1991,5.4448,5.6653,5.7177,5.6247,5.4836,5.2797,5.0887
258,4.8133,4.6362,4.5559,4.5262,4.5584,4.7107,4.989,5.344,5.7619,5.9426,6.064,6.0288,5.808,6.0254,6.214,6.4382,6.6873,6.6921,6.7149,6.6117,6.3703,6.1078,5.8296,5.6814
259,5.3776,5.2071,5.1131,5.0746,5.1002,5.2177,5.4342,5.7298,6.088,6.1715,6.2423,6.2754,6.1786,6.4749,6.6274,6.7266,6.8879,6.8857,6.855,6.7639,6.5266,6.2797,5.988,5.8698
260,5.5558,5.3739,5.2676,5.1931,5.1921,5.2551,5.3497,5.4414,5.6029,5.6477,5.7734,5.7998,5.7705,5.996,6.0778,6.0694,6.0501,6.0229,6.1697,6.1851,6.0726,5.8965,5.684,5.5913
261,5.2882,5.1092,4.998,4.9349,4.9345,4.9916,5.0367,5.0354,5.0181,5.0243,5.1211,5.1046,5.1325,5.277,5.4036,5.5386,5.6814,5.8309,6.0328,6.0737,5.9756,5.8119,5.6001,5.4123
262,5.1446,4.965,4.9013,4.867,4.9117,5.0885,5.3981,5.8832,6.4506,6.581,6.5188,6.4714,6.3876,6.7752,7.0074,7.134,7.2396,7.1966,7.1556,7.0231,6.7369,6.4895,6.1987,6.0777
263,5.7344,5.5668,5.477,5.4321,5.4626,5.5862,5.8461,6.2834,6.7967,6.9393,6.9294,6.9625,6.8092,7.1328,7.2707,7.338,7.4094,7.3296,7.3039,7.1644,6.9076,6.6099,6.2795,6.1501
264,5.8041,5.6404,5.5569,5.4992,5.4974,5.6404,5.9057,6.3819,7.033,7.3486,7.4085,7.4418,7.257,7.4682,7.5635,7.5683,7.5682,7.3801,7.3016,7.1515,6.9088,6.627,6.3005,6.1764
265,5.8219,5.65,5.5442,5.4811,5.4941,5.6212,5.8645,6.2054,6.6048,6.6868,6.6414,6.5033,6.2791,6.606,6.7963,6.986,7.2623,7.3225,7.2707,7.1174,6.8459,6.5543,6.2518,6.0983
266,5.7503,5.579,5.46,5.406,5.4193,5.5598,5.8167,6.1781,6.5747,6.5955,6.5155,6.4237,6.2603,6.5869,6.7798,6.9731,7.2146,7.1916,7.1316,6.9738,6.749,6.5041,6.2113,6.0679
267,5.702,5.5169,5.38,5.2979,5.2921,5.3408,5.4275,5.4491,5.4666,5.3962,5.4523,5.4446,5.3394,5.4791,5.5889,5.7526,5.9769,6.1036,6.2298,6.197,6.0743,5.9042,5.7068,5.5923
268,5.3119,5.1054,4.968,4.9067,4.9061,4.9783,5.0341,5.0064,4.9075,4.8068,4.8767,4.8548,4.8908,5.0788,5.2036,5.4043,5.6722,5.8883,6.0876,6.0737,5.9537,5.8004,5.6349,5.4539
269,5.1566,4.9784,4.8794,4.8423,4.865,4.9985,5.1947,5.487,5.9031,6.1606,6.3438,6.3618,6.1766,6.4461,6.6304,6.7959,6.9357,6.9067,6.9932,6.8996,6.7235,6.4843,6.2029,5.9867
270,5.6283,5.4477,5.358,5.3017,5.3447,5.4844,5.7807,6.1746,6.6737,6.8882,6.9488,6.9012,6.719,7.0271,7.2173,7.3712,7.5634,7.5698,7.5146,7.3376,7.0329,6.7171,6.3884,6.2217
271,5.8339,5.6565,5.5616,5.5042,5.5352,5.6603,5.9307,6.3208,6.8179,6.9696,6.9902,6.9365,6.7266,6.9995,7.1253,7.2263,7.3845,7.3199,7.2985,7.1417,6.8939,6.6236,6.3277,6.1649
272,5.8007,5.6371,5.5229,5.4839,5.5032,5.6369,5.9007,6.2646,6.7302,6.8857,6.9632,6.999,6.8884,7.2034,7.3199,7.3403,7.3754,7.3058,7.2899,7.1231,6.8604,6.5844,6.2843,6.1484
273,5.8133,5.6423,5.5227,5.4858,5.5029,5.6208,5.8881,6.2991,6.8194,7.0021,7.0628,7.0807,6.9038,7.1333,7.212,7.2391,7.2717,7.1751,7.1181,6.9593,6.7418,6.4913,6.2135,6.0779
274,5.7301,5.5285,5.4058,5.3373,5.3238,5.3726,5.454,5.5056,5.6163,5.6559,5.7114,5.6792,5.5688,5.7645,5.911,6.0217,6.1465,6.2127,6.3659,6.313,6.2026,6.0237,5.8021,5.6369
275,5.3078,5.1154,4.9958,4.9161,4.916,4.9738,5.0427,5.0413,5.0513,5.0551,5.1597,5.2245,5.3573,5.5321,5.5906,5.6671,5.8212,5.957,6.1161,6.061,5.9504,5.8049,5.6207,5.444
276,5.1423,4.9686,4.8728,4.8263,4.8371,4.9568,5.1453,5.4649,5.9157,6.1256,6.2056,6.1923,6.0239,6.2441,6.377,6.3953,6.4294,6.3821,6.4647,6.3912,6.2556,6.0694,5.8642,5.7115
277,5.4194,5.2566,5.1713,5.1439,5.1787,5.3393,5.6318,6.1186,6.7007,6.8988,6.8835,6.8285,6.5988,6.8499,6.9584,6.9781,7.0121,6.9621,7.0037,6.8497,6.6237,6.4024,6.165,6.0509
278,5.7117,5.5237,5.424,5.3873,5.4045,5.5356,5.8056,6.1512,6.5123,6.5442,6.4885,6.4454,6.2846,6.6125,6.8102,6.9425,7.0552,7.0381,7.0657,6.9239,6.7278,6.4811,6.2235,6.1049
279,5.7587,5.5786,5.4797,5.4364,5.4583,5.6028,5.8611,6.165,6.5023,6.5423,6.5106,6.4242,6.1757,6.455,6.6325,6.7811,7.0328,7.108,7.1458,6.9781,6.7469,6.4912,6.2227,6.0966
280,5.7382,5.556,5.4673,5.4132,5.4274,5.5662,5.8411,6.1852,6.559,6.6838,6.7253,6.6724,6.495,6.7663,6.9785,7.0482,7.0778,7.0008,6.9548,6.8112,6.6212,6.3864,6.1562,6.0618
281,5.707,5.4804,5.373,5.3142,5.3092,5.3832,5.4852,5.5901,5.7284,5.735,5.7782,5.7291,5.5848,5.6844,5.7277,5.7304,5.7858,5.8471,6.005,5.9574,5.8808,5.7709,5.6464,5.6295
282,5.3277,5.1217,5.0068,4.9497,4.9747,5.0576,5.1377,5.0597,4.7552,4.5086,4.5182,4.4045,4.3386,4.406,4.5387,4.8114,5.2221,5.5979,5.8584,5.864,5.8246,5.741,5.6333,5.519
283,5.2421,5.0475,4.9682,4.9361,5.0232,5.2224,5.5741,5.9553,6.2382,6.1976,6.133,5.9508,5.6783,5.9522,6.1598,6.4373,6.7672,6.8824,6.9348,6.8029,6.6078,6.4134,6.2305,6.1514
284,5.7696,5.5752,5.471,5.4217,5.4754,5.6399,5.9042,6.2775,6.6612,6.5856,6.3937,6.2758,6.069,6.342,6.4995,6.5919,6.7879,6.9252,6.9823,6.8669,6.6625,6.447,6.2703,6.1903
285,5.8312,5.6277,5.5168,5.4828,5.5241,5.6853,5.994,6.3414,6.6121,6.4815,6.3022,6.1095,5.8337,6.091,6.2824,6.5087,6.787,6.8911,6.9414,6.8306,6.651,6.4584,6.2765,6.2051
286,5.8286,5.6254,5.5153,5.4819,5.5512,5.7093,5.9852,6.345,6.6649,6.6038,6.4444,6.2551,5.992,6.2296,6.3913,6.5339,6.8293,6.9458,7.0203,6.8752,6.6734,6.4816,6.3029,6.2282
287,5.8562,5.6515,5.5488,5.5101,5.557,5.7234,5.9969,6.3086,6.5388,6.4294,6.2595,6.0463,5.78,6.0798,6.2021,6.3732,6.6483,6.7651,6.79,6.6419,6.4948,6.3448,6.1934,6.1382
288,5.753,5.5321,5.407,5.3576,5.3711,5.466,5.5835,5.5992,5.4638,5.2342,5.1359,4.9592,4.7853,4.9143,5.045,5.2592,5.5595,5.757,5.9042,5.8616,5.8182,5.7275,5.6583,5.6489
289,5.3278,5.1003,4.9844,4.9335,4.9586,5.0438,5.1222,5.0805,4.8946,4.6627,4.6071,4.4787,4.421,4.516,4.6732,4.9364,5.2764,5.563,5.7699,5.7508,5.7099,5.6535,5.5768,5.4869
290,5.1849,4.9844,4.8821,4.875,4.9489,5.1696,5.5537,6.0054,6.3809,6.2872,6.152,5.9576,5.6708,5.9554,6.1362,6.3805,6.7204,6.8825,6.9114,6.7501,6.5453,6.3802,6.2195,6.1793
291,5.8017,5.6045,5.4807,5.4502,5.5024,5.6749,5.9765,6.3132,6.5826,6.4733,6.3231,6.123,5.8074,6.0789,6.2633,6.4791,6.7929,6.9256,6.9601,6.8163,6.6103,6.4365,6.2524,6.1757
292,5.8026,5.5949,5.4982,5.4521,5.5184,5.6846,5.97,6.3259,6.645,6.5814,6.385,6.1511,5.8205,6.0675,6.2534,6.4536,6.7757,6.8937,6.8916,6.7465,6.5718,6.4218,6.2731,6.1992
293,5.8138,5.6277,5.5341,5.5035,5.5571,5.7322,6.0456,6.3617,6.533,6.3898,6.2403,6.0113,5.7088,5.9845,6.1873,6.4362,6.7857,6.9149,6.9488,6.8068,6.6031,6.4296,6.268,6.1825
294,5.7968,5.5981,5.4885,5.4616,5.5093,5.6692,5.9586,6.2877,6.4312,6.3286,6.257,6.1035,5.8544,6.0882,6.2048,6.388,6.6644,6.7682,6.7473,6.6043,6.4449,6.3069,6.1582,6.1076
295,5.7353,5.5211,5.3999,5.3494,5.364,5.467,5.5963,5.6688,5.744,5.6815,5.6432,5.5804,5.4526,5.5898,5.6065,5.6071,5.6733,5.829,5.977,5.9472,5.8715,5.7864,5.7145,5.6918
296,5.3692,5.1498,5.0274,4.9699,5.0038,5.0829,5.1884,5.1576,4.9732,4.7807,4.7229,4.5969,4.5641,4.6801,4.8261,5.0518,5.376,5.6441,5.8161,5.8039,5.7652,5.7062,5.6109,5.5157
297,5.2098,5.009,4.9207,4.902,4.9717,5.1901,5.5682,6.0508,6.5137,6.4737,6.3729,6.2302,5.9635,6.2888,6.4998,6.6714,6.9259,6.8814,6.8762,6.7374,6.5834,6.4297,6.2398,6.1915
298,5.8129,5.6088,5.515,5.4804,5.539,5.716,6.0153,6.3816,6.6518,6.5463,6.4213,6.2397,5.9529,6.2879,6.5125,6.7281,6.9463,6.9329,6.9554,6.8062,6.6473,6.4568,6.2628,6.2228
299,5.8511,5.6529,5.535,5.5024,5.558,5.716,6.012,6.3958,6.6823,6.5338,6.3738,6.1812,5.8867,6.2407,6.4443,6.7048,6.9599,6.9039,6.8823,6.7395,6.6154,6.4428,6.2681,6.2505
300,5.8794,5.6678,5.5699,5.5291,5.5717,5.7493,6.0572,6.4283,6.717,6.5581,6.4195,6.2193,5.9538,6.3321,6.574,6.7663,7.0149,6.9859,6.9745,6.8274,6.6622,6.4915,6.3216,6.2796
301,5.9005,5.6764,5.576,5.5418,5.594,5.7614,6.0575,6.4179,6.7542,6.6282,6.4751,6.2721,5.9936,6.3479,6.5797,6.7411,6.8742,6.8091,6.7691,6.642,6.52,6.3552,6.2159,6.2176
302,5.8423,5.619,5.4948,5.444,5.4675,5.559,5.6962,5.7345,5.6465,5.4147,5.3147,5.1611,5.0068,5.1495,5.291,5.4664,5.7069,5.8507,5.9455,5.9053,5.8715,5.8106,5.7425,5.7399
303,5.4097,5.1842,5.0488,5.0175,5.0436,5.1316,5.225,5.1933,4.9792,4.7613,4.7509,4.6301,4.6092,4.7173,4.9259,5.1897,5.4296,5.6862,5.837,5.8102,5.769,5.715,5.6511,5.549
304,5.2438,5.0604,4.9671,4.9532,5.0233,5.227,5.5927,6.1342,6.8571,7.1772,7.2602,7.1927,6.8328,7.0099,7.0355,7.0491,7.1411,7.0505,7.0477,6.9035,6.7267,6.5198,6.3306,6.3378
305,5.9698,5.7462,5.6345,5.6071,5.6582,5.8349,6.1491,6.598,7.1233,7.1902,7.1489,7.0678,6.8273,7.1208,7.1363,7.1686,7.28,7.1983,7.1701,7.0008,6.8247,6.6063,6.415,6.4699
306,6.0921,5.8808,5.7572,5.7069,5.7661,5.9407,6.2487,6.6958,7.248,7.3197,7.2896,7.1892,6.9679,7.2714,7.2348,7.232,7.3477,7.1941,7.1355,6.9855,6.8461,6.6471,6.4829,6.5161
307,6.1509,5.9282,5.8102,5.7751,5.8257,6.0062,6.3237,6.7445,7.0858,7.0382,7.0561,7.0552,6.8299,7.1936,7.276,7.3497,7.4708,7.388,7.2982,7.123,6.947,6.7506,6.5672,6.5757
308,6.2071,5.9899,5.8712,5.8282,5.8627,6.0272,6.3571,6.7666,7.1221,7.0185,6.9978,6.9413,6.7385,7.042,7.1705,7.2491,7.3855,7.2681,7.1316,6.9704,6.8318,6.6549,6.5156,6.5554
309,6.184,5.9353,5.7848,5.7297,5.7455,5.8438,5.9674,6.0344,5.974,5.7203,5.6133,5.425,5.2823,5.4312,5.5544,5.7007,5.9237,6.0781,6.1462,6.1066,6.0726,5.9831,5.9335,5.9577
310,5.6246,5.3822,5.2599,5.2138,5.2358,5.3277,5.4245,5.4098,5.2579,5.0407,4.9839,4.8733,4.8388,4.9326,5.0681,5.2904,5.5713,5.8572,5.9863,5.9729,5.9547,5.8804,5.8161,5.7537
311,5.4583,5.2427,5.139,5.1224,5.2195,5.4451,5.8418,6.3844,6.9495,6.8811,6.6905,6.4315,6.1914,6.5854,6.8024,6.9389,7.1603,7.1539,7.1004,6.9303,6.7957,6.6222,6.4449,6.4338
312,6.019,5.8195,5.7163,5.6947,5.7819,5.9684,6.3017,6.7538,7.188,7.0474,6.812,6.5478,6.2124,6.5352,6.7365,6.9354,7.22,7.231,7.1759,7.0305,6.8742,6.6929,6.5153,6.5459
313,6.1688,5.9566,5.8387,5.7986,5.8684,6.043,6.3941,6.8058,7.1862,6.9829,6.7783,6.5206,6.166,6.5117,6.7408,6.9885,7.3028,7.2394,7.1347,6.986,6.8539,6.6826,6.5017,6.5192
314,6.12,5.9121,5.8,5.7568,5.8247,6.0035,6.3386,6.6942,7.105,7.0238,6.8797,6.6494,6.3657,6.6831,6.8714,7.025,7.2485,7.2225,7.1289,6.9724,6.8209,6.6345,6.4833,6.4807
315,6.1053,5.8639,5.7531,5.7052,5.7671,5.9456,6.2438,6.6492,7.0926,7.0059,6.8341,6.6134,6.3141,6.5942,6.7516,6.8711,7.083,7.0412,6.934,6.7859,6.6892,6.5494,6.4085,6.4274
316,6.0393,5.801,5.6735,5.6053,5.629,5.7322,5.8766,5.9449,6.0548,5.9636,5.8767,5.6797,5.3527,5.4403,5.5503,5.709,5.9225,6.0672,6.139,6.1041,6.0697,5.9992,5.9407,5.9696
317,5.6448,5.3889,5.2574,5.1947,5.2202,5.3236,5.437,5.429,5.434,5.3833,5.3834,5.4002,5.3499,5.4283,5.5089,5.574,5.704,5.9107,6.0516,6.0078,5.9423,5.8573,5.8266,5.7764
318,5.4658,5.259,5.1633,5.1372,5.217,5.4372,5.862,6.4577,7.2066,7.309,7.2736,7.1878,6.9193,7.1997,7.3817,7.4985,7.6847,7.6219,7.4764,7.2782,7.0719,6.8543,6.6954,6.7306
319,6.3646,6.121,5.99,5.9533,5.99,6.1666,6.5276,7.0614,7.6365,7.6653,7.6488,7.5834,7.2978,7.599,7.7524,7.8434,7.9838,7.8476,7.6347,7.4056,7.1662,6.933,6.7837,6.7787
320,6.4058,6.1796,6.0403,5.9948,6.037,6.196,6.5356,7.0388,7.6095,7.621,7.4682,7.2336,6.9098,7.2086,7.3243,7.4129,7.5772,7.5224,7.3945,7.2009,7.051,6.8295,6.6552,6.6849
321,6.3018,6.0763,5.9601,5.9113,5.9597,6.1065,6.4367,6.9078,7.4444,7.3335,7.1182,6.8607,6.4718,6.7385,6.9116,7.1223,7.4172,7.451,7.3382,7.1561,7.0024,6.8113,6.6439,6.6711
322,6.3081,6.0689,5.9418,5.9099,5.9813,6.1812,6.5041,6.9955,7.4295,7.1983,7.0064,6.7463,6.4104,6.7545,6.9966,7.2423,7.5223,7.4226,7.2279,7.0569,6.917,6.7517,6.6209,6.6745
323,6.3116,6.0579,5.9137,5.8532,5.874,5.9558,6.1263,6.2339,6.2053,5.8842,5.7755,5.5732,5.3145,5.4224,5.5408,5.8083,6.1293,6.3321,6.3937,6.3454,6.281,6.2144,6.1735,6.2377
324,5.9269,5.6838,5.5446,5.4948,5.5141,5.6165,5.7191,5.7264,5.5515,5.2037,5.1235,4.9687,4.8788,4.9902,5.2004,5.4806,5.7854,6.0833,6.2027,6.1831,6.1326,6.0751,6.0436,5.9975
325,5.7112,5.4969,5.3859,5.386,5.4861,5.7062,6.1176,6.7365,7.4153,7.4464,7.2989,7.047,6.6235,6.896,7.1112,7.2832,7.534,7.5099,7.3707,7.1674,6.9839,6.7836,6.5989,6.6296
326,6.2375,6.0081,5.8992,5.8476,5.8993,6.0774,6.3927,6.8931,7.6863,7.989,8.0362,7.9851,7.6757,7.902,7.926,7.907,7.9365,7.8031,7.588,7.3662,7.1459,6.9255,6.7679,6.8181
327,6.4608,6.2262,6.0871,6.0416,6.1052,6.2728,6.6473,7.1791,7.8135,7.8581,7.7364,7.5696,7.2085,7.5114,7.68,7.8791,8.1177,8.0436,7.8158,7.5997,7.3666,7.1347,6.9563,6.9866
328,6.6186,6.3711,6.2354,6.1797,6.2319,6.4042,6.7411,7.2893,7.9441,7.8624,7.6236,7.3957,7.0334,7.3963,7.6609,7.8366,8.0145,7.9111,7.7157,7.4922,7.2284,6.9825,6.812,6.8565
329,6.4942,6.2465,6.1165,6.0454,6.0957,6.2541,6.5856,7.1108,7.7353,7.6953,7.5382,7.3464,7.0034,7.3379,7.4744,7.6222,7.8696,7.7946,7.5725,7.3623,7.1729,6.9815,6.8416,6.8976
330,6.5149,6.2545,6.1117,6.0399,6.0657,6.1505,6.2965,6.4124,6.4807,6.3002,6.3225,6.2316,6.0202,6.1134,6.1314,6.2231,6.4255,6.5643,6.577,6.5126,6.4536,6.3611,6.3213,6.4009
331,6.0931,5.8692,5.715,5.6537,5.6672,5.749,5.8362,5.877,5.7358,5.4261,5.3627,5.1811,5.0618,5.1312,5.2716,5.5719,5.9713,6.2884,6.4032,6.3622,6.2992,6.224,6.2093,6.1931
332,5.9207,5.7019,5.5929,5.5578,5.6364,5.861,6.2887,6.9677,7.7463,7.7379,7.5736,7.2915,6.8883,7.1933,7.3779,7.5553,7.8083,7.7879,7.6015,7.381,7.1761,6.9663,6.7903,6.833
333,6.4524,6.2293,6.1003,6.0657,6.1408,6.3196,6.6608,7.1944,7.8079,7.7463,7.5342,7.2149,6.7689,7.0654,7.1661,7.3034,7.5545,7.549,7.5461,7.383,7.1915,7.0018,6.8307,6.8784
334,6.5044,6.2777,6.1473,6.1028,6.1709,6.3588,6.7256,7.2413,7.831,7.6954,7.4465,7.1226,6.6839,6.933,7.1203,7.3582,7.6725,7.6214,7.5068,7.3328,7.1888,7.0051,6.8499,6.8932
335,6.4888,6.2794,6.1652,6.1214,6.1772,6.3445,6.6898,7.2043,7.7938,7.8012,7.6751,7.5267,7.2025,7.5752,7.6991,7.7214,7.8182,7.7134,7.5583,7.3656,7.1616,6.9407,6.7636,6.8386
336,6.4705,6.2295,6.0964,6.053,6.1012,6.2539,6.5735,7.0732,7.7016,7.7936,7.7392,7.6049,7.2754,7.4927,7.533,7.573,7.6566,7.5191,7.3246,7.1138,6.9762,6.8049,6.6693,6.7377
337,6.3669,6.1098,5.9679,5.9068,5.9367,6.01,6.1542,6.2653,6.423,6.3401,6.2848,6.1084,5.8527,5.895,6.0219,6.1536,6.3224,6.4357,6.4834,6.4186,6.3118,6.223,6.1796,6.2551
338,5.9266,5.6623,5.5217,5.4521,5.4781,5.5728,5.6739,5.7131,5.7179,5.6366,5.6318,5.4911,5.4016,5.3927,5.5119,5.7534,6.0771,6.4088,6.5441,6.5336,6.4719,6.3734,6.3598,6.3767
339,6.084,5.8652,5.756,5.7346,5.8313,6.053,6.4952,7.2134,8.0338,8.0285,7.7976,7.5458,7.1225,7.4034,7.604,7.8811,8.2173,8.1946,7.9883,7.7435,7.4826,7.2402,7.0622,7.109
340,6.7265,6.5034,6.3585,6.2878,6.3444,6.4801,6.8414,7.4093,8.1524,8.2571,8.0956,7.8379,7.3637,7.5102,7.7233,7.9482,8.1584,8.0332,7.812,7.5676,7.3512,7.1073,6.9251,6.9641
341,6.5742,6.3251,6.1866,6.1474,6.2085,6.3468,6.679,7.2076,7.8941,7.9839,7.8405,7.6068,7.2237,7.4559,7.5351,7.5993,7.7748,7.6931,7.5298,7.3747,7.2188,7.0237,6.8684,6.9036
342,6.5406,6.3002,6.1502,6.0912,6.1368,6.2982,6.6501,7.1806,7.9336,8.1399,8.1266,7.9024,7.3236,7.528,7.7051,7.7403,7.8543,7.7771,7.6482,7.4528,7.2376,7.0126,6.877,6.9344
343,6.5942,6.3664,6.2173,6.1789,6.2555,6.4446,6.8013,7.3841,8.1118,8.1732,8.0698,7.9694,7.6605,7.9862,8.2018,8.3912,8.5699,8.3976,8.1417,7.879,7.6739,7.4358,7.273,7.3712
344,6.9913,6.7703,6.6154,6.5387,6.5525,6.6105,6.7498,6.9261,7.0883,6.9397,6.8183,6.6182,6.3683,6.4719,6.6302,6.8429,7.0283,7.0751,7.0765,6.9787,6.8083,6.6148,6.554,6.6782
345,6.4019,6.1803,6.0214,5.9507,5.9532,6.0304,6.1215,6.1692,6.2102,6.0617,5.9882,5.7729,5.615,5.6113,5.7035,5.98,6.3417,6.6324,6.7544,6.7251,6.6428,6.5044,6.4697,6.4602
346,6.187,5.9667,5.8491,5.8106,5.8906,6.0923,6.472,7.1772,8.0755,8.1754,8.0042,7.7822,7.4191,7.7079,7.8455,7.9168,8.0599,7.9415,7.7379,7.509,7.3016,7.0232,6.839,6.9251
347,6.5878,6.3608,6.2264,6.1731,6.2498,6.4125,6.7528,7.3142,8.0294,8.0288,7.8318,7.5395,7.064,7.3043,7.4482,7.6124,7.8407,7.8683,7.7315,7.5509,7.3635,7.096,6.9164,6.9738
348,6.6448,6.4376,6.3129,6.2738,6.3568,6.5372,6.8972,7.4774,8.1451,8.0314,7.7553,7.4025,6.9425,7.1947,7.3636,7.5787,7.8893,7.8543,7.7046,7.5272,7.3562,7.0913,6.9471,7.0151
349,6.6522,6.4485,6.3288,6.2892,6.3663,6.5498,6.9069,7.4749,8.1874,8.1417,7.8809,7.5397,7.0848,7.3206,7.4744,7.6748,7.9447,7.9189,7.782,7.5959,7.3681,7.1002,6.9484,7.0447
350,6.7061,6.4661,6.3177,6.2805,6.3285,6.497,6.8158,7.3459,8.0227,8.1185,8.0555,7.9234,7.5833,7.881,8.0322,8.0385,8.041,7.8537,7.633,7.4678,7.2999,7.0748,6.9837,7.1421
351,6.8309,6.6053,6.4677,6.3885,6.4114,6.4792,6.6053,6.7095,6.7845,6.642,6.542,6.3675,6.1571,6.2348,6.3366,6.5783,6.9566,7.2005,7.2815,7.192,7.0669,6.8967,6.8924,6.9466
352,6.6596,6.4524,6.2941,6.2164,6.2249,6.2904,6.3895,6.4503,6.4348,6.2491,6.1703,6.0151,5.8835,5.892,6.0238,6.3261,6.7338,7.0914,7.1719,7.111,6.994,6.8479,6.8301,6.8738
353,6.6465,6.4473,6.314,6.254,6.3122,6.5025,6.9117,7.6487,8.6054,8.759,8.6103,8.4363,8.1635,8.567,8.8435,8.9654,9.0708,8.8653,8.5067,8.1527,7.8245,7.4696,7.3048,7.4217
354,7.1059,6.894,6.7701,6.7076,6.7184,6.8598,7.2033,7.827,8.6809,8.8717,8.7587,8.5746,8.241,8.5691,8.7226,8.7627,8.8077,8.5978,8.3052,8.0011,7.7035,7.3589,7.1856,7.2875
355,6.9651,6.7276,6.5941,6.5136,6.5534,6.691,7.0309,7.5972,8.4106,8.5966,8.5065,8.2961,7.9348,8.2153,8.2446,8.25,8.3608,8.2009,7.9711,7.7646,7.5511,7.2342,7.0829,7.1882
356,6.8581,6.6406,6.5155,6.4639,6.5121,6.6804,7.0225,7.5906,8.3494,8.3012,8.0587,7.7991,7.5134,7.9852,8.1928,8.3044,8.4564,8.2901,8.0604,7.8216,7.6176,7.3142,7.161,7.2472
357,6.9373,6.7187,6.5955,6.5431,6.5798,6.7226,7.0163,7.5036,8.1748,8.1729,7.9936,7.6772,7.253,7.3346,7.3706,7.4401,7.5972,7.5798,7.4578,7.2976,7.1602,6.9383,6.8874,7.0123
358,6.7369,6.4791,6.3116,6.2005,6.1781,6.2099,6.2874,6.3072,6.1866,5.8177,5.7002,5.5157,5.3602,5.3782,5.5109,5.7982,6.1805,6.525,6.6718,6.6255,6.5531,6.4572,6.4727,6.5287
359,6.2823,6.0652,5.9148,5.8322,5.8387,5.9084,6.0067,6.085,6.1244,6.0194,6.053,5.926,5.7185,5.6112,5.6737,5.893,6.2695,6.6544,6.8173,6.798,6.7053,6.5748,6.5835,6.6325
360,6.3902,6.1885,6.0851,6.0537,6.1346,6.3721,6.7966,7.5103,8.3877,8.4909,8.3022,8.0335,7.5978,7.844,7.9968,8.217,8.5196,8.4436,8.1811,7.8883,7.6496,7.3304,7.1804,7.276
361,6.9568,6.7227,6.5792,6.5504,6.604,6.7806,7.137,7.7225,8.5161,8.5043,8.2677,7.9267,7.4546,7.7144,7.8434,8.0878,8.4781,8.4925,8.3033,8.0521,7.7956,7.4694,7.2899,7.3776
362,7.0462,6.8272,6.698,6.6721,6.7107,6.8763,7.2298,7.8159,8.6744,8.9397,8.8785,8.6954,8.2598,8.5248,8.6536,8.6807,8.7522,8.504,8.2405,7.9518,7.7025,7.3633,7.1823,7.2842
363,6.9852,6.7823,6.6582,6.6051,6.665,6.8273,7.1667,7.7498,8.4761,8.3898,8.1135,7.7692,7.3094,7.5557,7.7035,7.9427,8.3183,8.3463,8.2065,7.9817,7.7339,7.4208,7.2761,7.3764
364,7.0521,6.8345,6.7177,6.6647,6.7183,6.8711,7.2132,7.8156,8.5425,8.4529,8.1673,7.81,7.3217,7.5457,7.6653,7.8652,8.2024,8.1763,8.0045,7.7746,7.5799,7.304,7.1678,7.2767
365,6.9617,6.7374,6.6024,6.5304,6.5273,6.605,6.7539,6.9148,7.0793,6.8532,6.7129,6.5078,6.24,6.3252,6.4356,6.6314,6.8581,6.9384,6.9822,6.8952,6.7901,6.6258,6.5807,6.6879
366,6.3896,6.1436,5.9902,5.9353,5.9475,6.0179,6.1084,6.1705,6.2222,6.1227,6.0624,5.9203,5.8094,5.8384,5.8818,6.0252,6.3097,6.6252,6.7889,6.7721,6.699,6.5846,6.5884,6.6079
367,6.3493,6.1435,6.031,6.0149,6.0973,6.3199,6.7382,7.4341,8.3533,8.5301,8.2947,7.9816,7.5121,7.8253,7.9903,8.1458,8.3904,8.2937,8.0812,7.8078,7.5549,7.2621,7.1005,7.1966
368,6.8787,6.6583,6.5508,6.5245,6.5971,6.7959,7.1582,7.7462,8.6085,8.8,8.6258,8.3093,7.8471,8.1055,8.2697,8.4614,8.8103,8.8027,8.6026,8.3329,8.0346,7.6672,7.4743,7.5784
369,7.2491,7.0447,6.9339,6.8855,6.932,7.0935,7.4575,8.0364,8.8267,8.8365,8.5792,8.2797,7.8721,8.1333,8.2634,8.4375,8.7652,8.7119,8.4964,8.2412,7.987,7.607,7.4319,7.5443
370,7.2285,7.0102,6.8768,6.8289,6.8828,7.026,7.3447,7.9165,8.7577,8.8821,8.6837,8.4368,8.0021,8.249,8.3978,8.574,8.9115,8.8739,8.6695,8.3658,8.0743,7.6867,7.514,7.6141
371,7.3008,7.0813,6.9564,6.8972,6.9421,7.0763,7.4037,7.9813,8.7278,8.6731,8.4296,8.0848,7.6055,7.7863,7.8916,8.117,8.4675,8.4183,8.2397,7.9968,7.774,7.4466,7.2977,7.3885
372,7.0649,6.8249,6.6719,6.6042,6.5859,6.6541,6.793,6.9569,7.1585,7.0496,7.0109,6.7706,6.5197,6.6162,6.7212,6.8035,6.9465,7.0026,7.0703,6.9632,6.836,6.682,6.6497,6.7707
373,6.4844,6.2426,6.095,6.0214,6.0263,6.0949,6.1725,6.2306,6.2843,6.178,6.053,5.8539,5.6611,5.672,5.7938,6.0448,6.4468,6.8146,7.009,6.9652,6.8806,6.7515,6.7341,6.7809
374,6.5229,6.3079,6.1886,6.1731,6.2583,6.4586,6.8725,7.6147,8.5448,8.7148,8.5105,8.2332,7.8752,8.2782,8.5332,8.6308,8.7967,8.6528,8.4291,8.1766,7.8815,7.534,7.3669,7.4574
375,7.1643,6.9542,6.8262,6.7907,6.8326,7.0033,7.3689,7.9692,8.7579,8.7313,8.4823,8.1467,7.6578,7.8714,7.9818,8.1714,8.593,8.6289,8.4852,8.2169,7.95,7.6024,7.4437,7.5535
376,7.2236,7.0174,6.8669,6.8307,6.8632,7.0155,7.3495,7.9267,8.6911,8.7603,8.6573,8.4455,8.0358,8.3728,8.5814,8.6645,8.8076,8.5825,8.378,8.1218,7.88,7.5513,7.3907,7.489
377,7.1843,6.9998,6.8928,6.8381,6.8812,7.0398,7.3834,7.9506,8.7239,8.7886,8.5665,8.2,7.665,7.839,7.9301,8.1052,8.4787,8.5103,8.4301,8.2147,7.9539,7.6039,7.444,7.5274
378,7.2094,7.0035,6.8777,6.8327,6.8636,7.0283,7.382,7.956,8.6522,8.5638,8.3449,7.999,7.5051,7.7069,7.8275,7.9776,8.278,8.2205,8.1065,7.8875,7.6991,7.4093,7.2774,7.3671
379,7.0388,6.8074,6.6593,6.5751,6.5697,6.6393,6.7881,6.9474,7.2105,7.188,7.1131,6.931,6.6381,6.6584,6.704,6.7663,6.8765,6.9377,7.0146,6.9645,6.8516,6.6693,6.6504,6.7494
380,6.4528,6.2103,6.0483,5.9865,5.9885,6.0517,6.1399,6.1977,6.2603,6.185,6.201,6.0266,5.8746,5.9246,5.9541,6.0918,6.2986,6.547,6.7726,6.7538,6.6712,6.5511,6.5351,6.5531
381,6.291,6.0698,5.9552,5.9387,6.0105,6.217,6.6328,7.3139,8.1916,8.3089,8.2014,8.0115,7.6943,8.0252,8.1881,8.2089,8.2953,8.1415,8.0005,7.772,7.5122,7.2113,7.0379,7.0926
382,6.7304,6.4873,6.37,6.3385,6.3858,6.5573,6.9104,7.4242,8.2512,8.5955,8.6241,8.5356,8.2227,8.4643,8.4792,8.4191,8.4203,8.2135,8.0685,7.8126,7.5607,7.2171,7.0759,7.1423
383,6.7984,6.5675,6.447,6.394,6.4781,6.6545,7.0285,7.5741,8.2737,8.2984,8.1005,7.7798,7.3081,7.504,7.6128,7.7142,7.9809,7.9782,7.9204,7.7494,7.5632,7.2636,7.1127,7.1833
384,6.8422,6.6173,6.4873,6.4406,6.5074,6.6954,7.0504,7.6294,8.2938,8.2071,7.9443,7.5923,7.1259,7.3803,7.4681,7.5782,7.9744,8.0353,8.0063,7.8202,7.5963,7.3084,7.1711,7.2448
385,6.9048,6.6681,6.5302,6.4987,6.5504,6.6989,7.0451,7.5951,8.2283,8.0789,7.7579,7.4221,6.9561,7.094,7.1043,7.1798,7.4878,7.5248,7.5419,7.396,7.2687,7.0375,6.9366,7.0287
386,6.7085,6.4642,6.3236,6.2583,6.2606,6.3327,6.4548,6.5787,6.6802,6.3908,6.1884,5.9714,5.6657,5.6064,5.6445,5.8286,6.2254,6.5685,6.8009,6.7666,6.6529,6.4954,6.4911,6.62
387,6.3498,6.1003,5.9666,5.8954,5.9118,5.9776,6.078,6.1401,6.017,5.6379,5.5559,5.3639,5.1519,5.1124,5.1648,5.4143,5.8488,6.253,6.5026,6.4822,6.4171,6.3281,6.3628,6.3911
388,6.1339,5.9035,5.7568,5.6897,5.6823,5.7455,5.8056,5.8434,5.6576,5.1819,5.0235,4.8268,4.7116,4.7012,4.7771,5.0175,5.4496,5.8198,6.0474,6.0452,5.9826,5.9373,5.9935,6.0395
389,5.7695,5.5469,5.4013,5.3355,5.3391,5.4069,5.5008,5.5646,5.4708,5.131,4.9977,4.8697,4.8147,4.8309,4.895,5.0432,5.282,5.5561,5.8112,5.8326,5.8415,5.8112,5.8795,5.984
390,5.7484,5.5481,5.4219,5.3509,5.3465,5.42,5.505,5.5703,5.5868,5.4367,5.4075,5.1913,5.0015,4.9611,4.9835,5.1614,5.6111,6.0644,6.3799,6.3781,6.3184,6.191,6.1755,6.1903
391,5.9424,5.7341,5.6122,5.5786,5.6551,5.8406,6.2341,6.8977,7.689,7.7161,7.5961,7.342,6.9075,7.0736,7.187,7.3836,7.7767,7.8841,7.8233,7.6062,7.3486,7.0156,6.8868,6.9555
392,6.6481,6.4336,6.3165,6.2809,6.3371,6.5098,6.8637,7.4443,8.1795,8.1851,7.9902,7.8032,7.4139,7.5954,7.7186,7.9351,8.2614,8.2366,8.1068,7.8681,7.6463,7.3122,7.1706,7.2612
393,6.9739,6.7555,6.6136,6.5382,6.5389,6.6112,6.7674,6.9514,7.1619,7.0359,6.9143,6.6713,6.3719,6.4626,6.6056,6.787,7.0126,7.1446,7.3089,7.237,7.0817,6.8657,6.8298,6.9546
394,6.6824,6.4596,6.305,6.2331,6.2307,6.2925,6.3877,6.4384,6.3575,6.0797,5.9955,5.8679,5.7458,5.8161,5.8855,6.0211,6.3466,6.7055,6.972,6.9371,6.8326,6.7,6.6799,6.718
395,6.4526,6.2643,6.1626,6.1096,6.1857,6.3989,6.8325,7.5482,8.3823,8.5655,8.6887,8.5216,8.0082,8.2866,8.5055,8.5694,8.7351,8.5329,8.3575,8.0486,7.7326,7.3625,7.1942,7.2892
396,6.9866,6.7728,6.6604,6.5928,6.6466,6.8201,7.1754,7.749,8.461,8.5352,8.3296,7.8937,7.3484,7.5569,7.6254,7.722,8.0402,8.1422,8.1736,7.9585,7.7032,7.3841,7.2161,7.2907
397,6.9734,6.7671,6.6595,6.6125,6.6744,6.842,7.2034,7.7646,8.3819,8.2889,8.0827,7.738,7.2934,7.5226,7.6966,7.8276,8.0563,7.9892,7.9583,7.7622,7.5584,7.2667,7.1066,7.1815
398,6.829,6.593,6.4742,6.4292,6.4856,6.6432,6.9846,7.5401,8.1626,8.0141,7.7536,7.393,6.9181,7.1497,7.2387,7.4001,7.7638,7.8767,7.9132,7.7511,7.5223,7.255,7.0964,7.1849
399,6.851,6.6415,6.5186,6.4918,6.5628,6.7419,7.0814,7.617,8.1928,8.0398,7.778,7.4104,6.9321,7.0904,7.1591,7.3273,7.6517,7.6849,7.6831,7.5343,7.3766,7.1239,6.9887,7.0724
400,6.7383,6.502,6.358,6.2888,6.3209,6.405,6.5487,6.6783,6.7542,6.4534,6.2657,5.9562,5.626,5.6642,5.719,5.8924,6.2014,6.4435,6.6658,6.6643,6.5992,6.4868,6.4648,6.5461
401,6.225,5.9791,5.8345,5.7959,5.8183,5.906,5.9875,6.0076,5.9623,5.6699,5.6157,5.4981,5.4402,5.5826,5.7263,5.8405,5.9892,6.225,6.5156,6.5396,6.4819,6.3818,6.3554,6.3638
402,6.0888,5.8796,5.7633,5.7444,5.8201,6.0506,6.4826,7.1371,7.8914,7.9229,7.7419,7.4955,7.1299,7.4204,7.547,7.6572,7.9159,7.8815,7.805,7.6062,7.4049,7.1358,6.99,7.0742
403,6.7249,6.4999,6.3841,6.3575,6.4179,6.6145,6.9897,7.5552,8.2761,8.3893,8.2358,7.9817,7.5852,7.8383,7.9556,8.0639,8.2983,8.3164,8.2931,8.0752,7.8241,7.4748,7.2915,7.3971
404,7.0645,6.8629,6.7411,6.6769,6.716,6.8841,7.2438,7.7845,8.5017,8.6687,8.5694,8.3124,7.8676,8.0696,8.1655,8.2636,8.5266,8.5062,8.4536,8.2424,7.9945,7.6231,7.4814,7.5844
405,7.2553,7.0409,6.9074,6.8257,6.8625,7.0105,7.3544,7.924,8.5941,8.6434,8.4431,8.1081,7.6354,7.8199,7.9225,8.007,8.3203,8.4035,8.433,8.222,7.9352,7.5827,7.4134,7.5319
406,7.2138,6.9989,6.8729,6.8231,6.858,7.0087,7.3482,7.8733,8.4166,8.2801,8.0624,7.713,7.2084,7.3703,7.4704,7.6342,7.938,7.9208,7.8887,7.7334,7.5383,7.2461,7.0773,7.1929
407,6.845,6.6063,6.4683,6.3828,6.3728,6.4582,6.5999,6.7437,6.9262,6.9967,7.0632,6.8724,6.4895,6.4404,6.4336,6.4825,6.6418,6.7986,6.9926,6.9874,6.9127,6.7866,6.7173,6.8412
408,6.5597,6.3398,6.1985,6.1583,6.1646,6.2315,6.3245,6.3596,6.21,5.891,5.8037,5.5842,5.4156,5.4017,5.479,5.7167,6.1255,6.5926,6.927,6.9629,6.8866,6.7716,6.7448,6.7326
409,6.4732,6.262,6.1586,6.1242,6.2022,6.4165,6.8407,7.4982,8.2049,8.212,8.0681,7.8451,7.5733,7.9004,8.0041,8.1005,8.29,8.2143,8.1902,7.9876,7.7541,7.4958,7.2781,7.3767
410,7.0642,6.8446,6.7244,6.6656,6.7298,6.9081,7.2682,7.8094,8.3076,8.1934,8.0483,7.7597,7.356,7.6596,7.8444,7.9637,8.2696,8.3234,8.325,8.1282,7.8754,7.5926,7.3596,7.4496
411,7.1199,6.909,6.7908,6.7403,6.7941,6.9506,7.311,7.8474,8.5209,8.5491,8.3778,8.078,7.5093,7.6577,7.7122,7.8457,8.1719,8.2689,8.2755,8.1152,7.8773,7.6016,7.3838,7.4807
412,7.1539,6.9356,6.815,6.7793,6.8405,6.9914,7.3316,7.8348,8.3455,8.1953,8.0135,7.6982,7.2467,7.4721,7.5236,7.6287,7.9541,8.0699,8.1268,7.9798,7.7471,7.4796,7.2499,7.3419
413,7.0022,6.7771,6.6422,6.6044,6.6528,6.8013,7.1449,7.6163,8.0824,7.9707,7.7735,7.4336,7.0017,7.2468,7.3425,7.4626,7.7096,7.6504,7.648,7.5304,7.3715,7.1672,7.0048,7.0873
414,6.7374,6.4904,6.3524,6.2796,6.2979,6.3791,6.5089,6.5964,6.634,6.3476,6.2169,5.9887,5.7385,5.8244,5.9196,6.0763,6.305,6.4491,6.6533,6.6353,6.5416,6.4365,6.4061,6.5266
415,6.2244,5.9842,5.8452,5.801,5.8478,5.9274,6.0208,6.0187,5.6627,5.2772,5.2156,4.9994,4.8613,4.8403,4.922,5.1608,5.5472,6.0428,6.4194,6.4965,6.4467,6.3784,6.3511,6.3461
416,6.0633,5.8469,5.7285,5.7036,5.8137,6.0194,6.3932,6.9023,7.3959,7.331,7.2098,6.9727,6.6017,6.8747,7.1958,7.227,7.2716,7.1946,7.2509,7.1394,6.9813,6.8102,6.6681,6.7445
417,6.3903,6.1338,5.9853,5.949,5.9873,6.1009,6.2441,6.4376,6.7236,6.8015,6.7735,6.6098,6.3469,6.4156,6.3927,6.3975,6.4991,6.6516,6.9364,6.992,6.9114,6.7883,6.7023,6.6831
418,6.3736,6.1728,6.0575,6.0461,6.1403,6.3472,6.7321,7.3078,7.7502,7.6252,7.3711,7.059,6.611,6.6977,6.7606,6.9471,7.2694,7.5203,7.6709,7.5742,7.3495,7.1335,6.9891,6.9652
419,6.5883,6.3582,6.2385,6.2046,6.2761,6.4582,6.8215,7.3259,7.7182,7.541,7.227,6.8812,6.4353,6.5504,6.6318,6.8163,7.1575,7.4008,7.5584,7.4959,7.2723,7.0589,6.9188,6.8866
420,6.5178,6.3046,6.1964,6.1739,6.2399,6.4236,6.7752,7.2567,7.8189,7.8177,7.4557,6.9725,6.4688,6.6031,6.8138,7.0706,7.2966,7.366,7.374,7.2617,7.0666,6.8685,6.726,6.7052
421,6.3501,6.1079,5.9748,5.9217,5.9662,6.08,6.2331,6.3175,6.1935,5.8666,5.758,5.5331,5.263,5.3014,5.382,5.5522,5.8771,6.2301,6.5855,6.6379,6.5705,6.4822,6.4645,6.4925
422,6.1643,5.9075,5.7569,5.7075,5.7512,5.8438,5.9193,5.8516,5.4584,5.104,5.0546,4.8812,4.7557,4.7414,4.8368,5.0707,5.4688,5.9589,6.3576,6.4709,6.4139,6.3469,6.3404,6.3033
423,5.9959,5.7758,5.6726,5.6541,5.7519,5.9914,6.4094,7.0581,7.708,7.7345,7.5235,7.2269,6.7895,6.8914,6.9589,7.1231,7.4373,7.613,7.6939,7.5639,7.2987,7.0886,6.9605,6.9256
424,6.5551,6.3475,6.2367,6.2102,6.2741,6.4612,6.8045,7.253,7.6762,7.5515,7.2571,6.907,6.4627,6.5734,6.6688,6.8457,7.1616,7.3487,7.4849,7.401,7.1661,6.9954,6.8959,6.864
425,6.4674,6.2504,6.1146,6.0763,6.1344,6.2508,6.3807,6.4378,6.3378,6.0856,5.9499,5.6886,5.4014,5.4777,5.5459,5.7418,6.0403,6.3655,6.684,6.7781,6.6981,6.607,6.5819,6.527
426,6.2048,5.997,5.884,5.8653,5.9198,6.0843,6.4256,6.9088,7.3845,7.3237,7.0814,6.8433,6.4579,6.5879,6.6393,6.766,7.0181,7.1589,7.2838,7.2443,7.0136,6.8437,6.707,6.6271
427,6.2613,6.0678,5.9685,5.93,5.999,6.1711,6.4943,6.9475,7.4279,7.4509,7.3088,7.0187,6.6486,6.7928,6.8498,6.85,7.0077,7.0308,7.0906,7.0407,6.8656,6.7059,6.5652,6.5171
428,6.1261,5.8974,5.7697,5.7226,5.7631,5.8605,5.9631,6.0291,6.1007,5.9756,5.8213,5.5802,5.3342,5.4451,5.5747,5.6965,5.7953,5.9415,6.1586,6.2118,6.1312,6.0665,6.0118,6.0007
429,5.6445,5.4045,5.2706,5.2254,5.2594,5.3482,5.3977,5.4791,5.5997,5.7389,5.89,5.8988,5.8813,5.8721,5.8247,5.7776,5.8225,5.9497,6.1094,6.1436,6.0582,5.9735,5.9208,5.8539
430,5.5327,5.3241,5.2339,5.22,5.3132,5.5477,5.9407,6.5161,7.2452,7.5162,7.4708,7.4182,7.3059,7.6144,7.6789,7.6355,7.64,7.5155,7.4114,7.2589,6.9986,6.7837,6.6347,6.5988
431,6.237,6.0041,5.8923,5.8732,5.9526,6.1351,6.4614,6.8601,7.1607,6.9916,6.7556,6.4534,6.0552,6.2021,6.302,6.4713,6.8385,7.0588,7.1988,7.1724,6.9578,6.7637,6.6436,6.5766
432,6.1843,5.9708,5.8841,5.8596,5.9293,6.1213,6.4594,6.8092,7.0966,6.9167,6.6726,6.3695,5.9723,6.1216,6.2442,6.4972,6.8509,6.9629,7.0725,7.057,6.8909,6.7295,6.5861,6.5004
433,6.099,5.8764,5.7535,5.7369,5.8025,5.9595,6.2608,6.7413,7.3709,7.5575,7.5015,7.3811,7.1005,7.3215,7.385,7.4131,7.4478,7.4054,7.3798,7.2645,7.0179,6.7904,6.6556,6.5979
434,6.2204,5.9885,5.8638,5.832,5.9024,6.0801,6.381,6.8998,7.5224,7.698,7.5891,7.423,7.1437,7.4687,7.502,7.5042,7.5222,7.3686,7.2952,7.1934,6.9551,6.7633,6.6362,6.5864
435,6.2236,5.9714,5.8352,5.7955,5.8414,5.9273,6.03,6.1978,6.506,6.6374,6.6838,6.5405,6.2585,6.289,6.2753,6.2841,6.2796,6.2914,6.4257,6.4752,6.3738,6.2758,6.2333,6.2506
436,5.9299,5.6806,5.5375,5.4792,5.505,5.5909,5.6404,5.6292,5.5609,5.4824,5.5202,5.46,5.3317,5.236,5.1732,5.3088,5.5095,5.809,6.1476,6.2882,6.2484,6.1597,6.1261,6.0786
437,5.7697,5.5407,5.4467,5.4342,5.5209,5.7388,6.1392,6.6323,7.062,7.0216,6.9092,6.8016,6.4742,6.753,6.9524,7.2203,7.4381,7.4115,7.4219,7.335,7.0876,6.866,6.7219,6.6563
438,6.2741,6.0755,5.9617,5.923,6.0058,6.2043,6.5165,6.8849,7.2349,7.0943,6.8089,6.5204,6.1367,6.3041,6.4326,6.6835,6.9964,7.1257,7.2979,7.3197,7.1008,6.8961,6.7541,6.705
439,6.3175,6.083,5.9654,5.9228,5.9948,6.1525,6.4579,6.9812,7.6601,7.8217,7.6463,7.3903,6.9433,7.0688,7.2021,7.2403,7.2662,7.2479,7.335,7.2999,7.107,6.9144,6.797,6.7413
440,6.3626,6.1409,6.0217,5.9756,6.0516,6.2185,6.4873,6.8667,7.3156,7.2611,7.1086,6.8793,6.5205,6.5926,6.5997,6.6952,6.9177,7.0436,7.1591,7.1898,7.0076,6.8121,6.6857,6.6186
441,6.2378,6.0112,5.882,5.8527,5.9209,6.0944,6.3894,6.7526,7.1135,7.055,6.8793,6.7478,6.5469,6.8423,6.9256,7.0284,7.0821,6.988,6.9818,6.9466,6.7785,6.6272,6.5093,6.4921
442,6.1025,5.8529,5.7183,5.6486,5.6679,5.7381,5.8225,5.9337,6.1519,6.2291,6.21,6.1212,5.9517,5.9244,5.8112,5.7567,5.8041,5.9239,6.1168,6.2015,6.1335,6.0574,6.0156,6.0106
443,5.6846,5.4455,5.3172,5.258,5.2972,5.3968,5.4227,5.2669,4.9525,4.6645,4.6371,4.5114,4.4272,4.4927,4.5508,4.7547,5.0592,5.4676,5.8541,6.0623,6.0132,5.9412,5.9291,5.8498
444,5.5367,5.3412,5.2396,5.243,5.3335,5.5667,5.9419,6.3662,6.7504,6.6968,6.6016,6.4288,5.9989,6.0837,6.1416,6.302,6.6245,6.8747,7.039,7.0765,6.892,6.714,6.5976,6.5202
445,6.1384,5.9372,5.8236,5.7999,5.8651,6.0661,6.3442,6.6124,6.8251,6.6465,6.4531,6.1997,5.8401,5.9957,6.1079,6.289,6.5823,6.8153,6.9816,7.0311,6.8456,6.6783,6.5567,6.4789
446,6.0692,5.8539,5.7472,5.7108,5.7731,5.9518,6.2402,6.5758,6.9552,6.9621,6.8868,6.7196,6.3872,6.6795,6.8982,7.002,7.1112,7.0361,7.0035,6.9728,6.8022,6.6516,6.4737,6.388
447,5.9791,5.7771,5.6738,5.6297,5.699,5.8652,6.1594,6.5651,7.0138,6.9713,6.8963,6.7791,6.515,6.7577,6.855,6.843,6.9451,6.9759,7.0463,7.0618,6.8767,6.6964,6.5552,6.463
448,6.0904,5.8817,5.7613,5.7356,5.8043,5.9745,6.256,6.5298,6.7353,6.5717,6.4025,6.2089,5.9095,6.2061,6.324,6.4279,6.5915,6.6974,6.8152,6.8838,6.765,6.635,6.5279,6.4535
449,6.0773,5.8376,5.7215,5.672,5.701,5.8065,5.8869,5.7553,5.5056,5.2601,5.154,4.9734,4.7736,4.8136,4.9026,5.0752,5.391,5.6982,5.9989,6.1732,6.1447,6.0741,6.0448,6.0362
450,5.701,5.4631,5.3537,5.3042,5.335,5.4349,5.4772,5.2634,4.8954,4.6344,4.5982,4.4366,4.3441,4.3588,4.4719,4.6916,5.0478,5.4458,5.81,6.0275,6.0331,5.9797,5.9303,5.8449
451,5.538,5.3366,5.2375,5.231,5.3201,5.5271,5.8883,6.2299,6.5162,6.4461,6.2671,6.0118,5.6739,5.8475,5.9864,6.195,6.5137,6.7549,6.9408,6.9891,6.8212,6.6648,6.533,6.4465
452,6.0716,5.8719,5.7775,5.7383,5.8089,5.9939,6.2529,6.4985,6.76,6.6485,6.4907,6.3064,6.0051,6.203,6.2979,6.4851,6.7686,6.8651,6.9851,7.0446,6.8512,6.6716,6.5356,6.4749
453,6.0694,5.862,5.7415,5.7023,5.7766,5.9538,6.2209,6.4637,6.7055,6.5501,6.3279,6.0751,5.7489,5.9441,6.0833,6.2824,6.5529,6.711,6.8414,6.9222,6.7952,6.6355,6.4986,6.3726
454,5.9585,5.7486,5.6461,5.6286,5.6839,5.8424,6.1245,6.5118,6.8741,6.756,6.3681,6.0369,5.6872,5.8731,5.9977,6.2145,6.5383,6.7475,6.9176,6.986,6.8193,6.6416,6.5136,6.4025
455,5.9934,5.7741,5.6911,5.6584,5.7292,5.8893,6.1375,6.2912,6.4382,6.2931,6.1367,5.9121,5.5849,5.7498,5.8686,6.0816,6.3588,6.5329,6.6432,6.7293,6.6044,6.4765,6.3444,6.2711
456,5.8837,5.6623,5.5447,5.4824,5.5138,5.5865,5.6534,5.5422,5.4609,5.2609,5.1505,4.9512,4.7777,4.8644,4.9487,5.1188,5.3872,5.6129,5.838,6.0137,5.9793,5.9026,5.8429,5.7716
457,5.419,5.192,5.0639,5.0108,5.0386,5.1112,5.1437,4.965,4.6986,4.5183,4.4889,4.3736,4.3256,4.4271,4.5783,4.8046,5.0937,5.3712,5.6574,5.849,5.8439,5.765,5.6688,5.5346
458,5.2223,5.0415,4.9395,4.9245,4.9931,5.1866,5.5098,5.8474,6.1732,6.1726,6.1126,5.9931,5.7299,5.9752,6.1548,6.35,6.6112,6.7608,6.8418,6.8823,6.7043,6.5122,6.3261,6.1671
459,5.7651,5.5682,5.4795,5.4435,5.4979,5.6518,5.8975,6.2,6.4573,6.3827,6.2407,6.0945,5.8233,6.0791,6.2512,6.4707,6.7691,6.9116,6.9958,6.9824,6.782,6.5739,6.3686,6.1977
460,5.7898,5.5929,5.5001,5.4636,5.507,5.636,5.9354,6.3739,6.9042,7.0665,7.0697,7.05,6.8473,7.0813,7.1497,7.1564,7.1881,7.0632,6.9883,6.9309,6.7498,6.5497,6.3905,6.2726
461,5.9025,5.6915,5.593,5.5617,5.613,5.7485,6.0487,6.5046,7.0325,7.1338,7.0656,6.9186,6.5633,6.6077,6.6027,6.6632,6.8615,6.9394,6.9862,6.9721,6.8149,6.6128,6.4411,6.3169
462,5.9106,5.6964,5.5874,5.5361,5.6105,5.763,6.0109,6.2388,6.41,6.2599,6.0857,5.8532,5.5411,5.7593,5.967,6.1836,6.4269,6.5459,6.6554,6.7136,6.5995,6.4753,6.3625,6.2686
463,5.868,5.6614,5.5412,5.4704,5.4996,5.5773,5.6102,5.4716,5.2979,5.0966,5.0464,4.9019,4.7013,4.7734,4.8232,5.0111,5.2785,5.5319,5.7948,5.9946,5.9901,5.9183,5.8606,5.7961
464,5.455,5.2256,5.1117,5.06,5.1211,5.2178,5.206,4.9542,4.6591,4.4421,4.4226,4.3136,4.2448,4.2844,4.4007,4.6185,4.9723,5.351,5.6479,5.8733,5.8751,5.802,5.7123,5.5894
465,5.2671,5.0576,4.9765,4.962,5.0448,5.2243,5.5488,5.9402,6.4044,6.4638,6.3153,6.1314,5.7906,5.9521,6.0293,6.1705,6.4461,6.6089,6.7299,6.7906,6.6557,6.4933,6.3381,6.2179
466,5.8276,5.6329,5.547,5.5172,5.5881,5.7364,5.9553,6.1381,6.3118,6.1969,6.035,5.8458,5.5685,5.8246,5.9921,6.2056,6.4947,6.6751,6.7954,6.8498,6.7018,6.5343,6.357,6.2407
467,5.8458,5.6472,5.5551,5.5315,5.5959,5.7368,5.9561,6.0629,6.2023,6.1148,5.9858,5.7976,5.5287,5.7752,5.9474,6.1561,6.4525,6.5908,6.6976,6.7702,6.6647,6.4964,6.3281,6.2094
468,5.8093,5.6296,5.5274,5.4976,5.5482,5.6748,5.9136,6.2237,6.5878,6.6435,6.5925,6.5582,6.3325,6.4234,6.4013,6.4111,6.5267,6.6714,6.7676,6.8549,6.7152,6.5302,6.3562,6.2115
469,5.8126,5.6218,5.5184,5.4793,5.5302,5.6587,5.872,6.0889,6.3404,6.3118,6.2399,6.1339,5.9221,6.2013,6.3303,6.4358,6.6134,6.6574,6.6619,6.7015,6.5671,6.4085,6.262,6.1497
470,5.7649,5.5361,5.4146,5.3552,5.3665,5.4196,5.4777,5.4398,5.4429,5.3275,5.2636,5.1255,4.9363,5.067,5.155,5.2951,5.4666,5.5807,5.7407,5.8909,5.8789,5.8076,5.7293,5.6375
471,5.2802,5.0783,4.9687,4.9194,4.9268,4.9799,5.0299,4.9217,4.739,4.5526,4.5363,4.3916,4.3377,4.4233,4.5324,4.7569,5.0784,5.4032,5.6499,5.8501,5.8487,5.7454,5.6327,5.4804
472,5.1681,4.9969,4.9085,4.8851,4.9526,5.1272,5.4281,5.803,6.2504,6.2712,6.2147,6.1589,6.0323,6.4687,6.725,6.8391,6.9646,6.9176,6.8826,6.8777,6.706,6.5032,6.2974,6.1796
473,5.7915,5.639,5.5265,5.4778,5.5019,5.613,5.9006,6.2949,6.7549,6.8602,6.8,6.7267,6.5028,6.7103,6.823,6.9048,6.9997,6.9301,6.9104,6.9408,6.7694,6.5576,6.3242,6.1801
474,5.7966,5.5776,5.4973,5.4536,5.4997,5.609,5.8043,5.9791,6.1717,6.1199,6.0438,5.8697,5.6213,5.9131,6.095,6.3055,6.5561,6.6416,6.6681,6.7404,6.6432,6.4636,6.282,6.1664
475,5.7796,5.6176,5.5194,5.4761,5.5094,5.609,5.8009,5.9938,6.2037,6.1439,6.0563,5.9417,5.757,6.1031,6.4087,6.5403,6.7093,6.7436,6.7765,6.8086,6.6568,6.4623,6.2611,6.1264
476,5.7465,5.5599,5.4682,5.4365,5.4869,5.5904,5.915,6.3673,6.7684,6.7249,6.4187,6.1751,6.0025,6.3,6.4266,6.5292,6.6719,6.6462,6.6284,6.6488,6.5339,6.3902,6.2297,6.1355
477,5.7594,5.5486,5.4209,5.3596,5.3605,5.3969,5.4447,5.4392,5.4694,5.4247,5.3749,5.3261,5.1968,5.2791,5.2698,5.3489,5.4523,5.5472,5.7204,5.8749,5.8925,5.8133,5.7192,5.6508
478,5.3319,5.1229,5.0043,4.9507,4.9595,5.0016,4.9919,4.7587,4.4627,4.2789,4.2815,4.1617,4.141,4.1927,4.343,4.5394,4.8451,5.2086,5.5119,5.7283,5.7628,5.6964,5.6013,5.4844
479,5.1736,4.9806,4.887,4.8617,4.9254,5.1035,5.3792,5.6466,5.9242,5.9311,5.8689,5.8205,5.6083,5.8606,6.0126,6.1614,6.4233,6.5553,6.6645,6.7357,6.6457,6.4676,6.3059,6.1769
480,5.7998,5.6164,5.5234,5.4966,5.535,5.6509,5.8315,5.9643,6.1212,6.0499,5.9361,5.7402,5.4825,5.7528,5.9215,6.1091,6.4101,6.6017,6.7381,6.8221,6.7132,6.5422,6.363,6.2324
481,5.8553,5.6651,5.5785,5.5449,5.5755,5.6608,5.8288,5.9576,6.1332,6.0716,5.9716,5.8316,5.5846,5.8423,6.0144,6.1967,6.4475,6.574,6.6086,6.6896,6.6049,6.4653,6.2957,6.1865
482,5.8085,5.594,5.4772,5.4151,5.4347,5.483,5.5063,5.3742,5.2852,5.1888,5.1934,5.0805,4.9051,5.0617,5.2084,5.4037,5.6575,5.8588,6.0638,6.2175,6.2398,6.1385,6.0187,5.8641
483,5.5359,5.348,5.2448,5.2065,5.2351,5.334,5.4613,5.5702,5.7691,5.7639,5.7592,5.6971,5.5309,5.75,5.9007,6.0522,6.2645,6.4313,6.4718,6.5275,6.4369,6.2645,6.0875,5.9914
484,5.6519,5.4445,5.3252,5.2674,5.2674,5.2874,5.3473,5.3484,5.4,5.3365,5.2918,5.1028,4.9,4.9272,4.9772,5.1045,5.2824,5.4942,5.6726,5.8188,5.824,5.7344,5.653,5.5851
485,5.2664,5.0707,4.9558,4.8835,4.905,4.9265,4.9409,4.8574,4.7045,4.5965,4.6547,4.5477,4.5198,4.6362,4.7749,4.9435,5.1517,5.3963,5.5855,5.729,5.7573,5.6862,5.5807,5.4475
486,5.1608,4.9881,4.8888,4.8647,4.9332,5.0858,5.4016,5.7925,6.1877,6.1223,6.0114,5.9182,5.7055,5.9816,6.1944,6.3832,6.5921,6.712,6.783,6.8295,6.7221,6.5394,6.3263,6.1949
487,5.8113,5.6235,5.5346,5.4864,5.5193,5.6107,5.8489,6.1089,6.3677,6.2667,6.1099,5.932,5.6609,5.926,6.1457,6.4058,6.703,6.7837,6.8154,6.8449,6.7214,6.5286,6.3217,6.1757
488,5.7773,5.5694,5.4643,5.45,5.4627,5.5187,5.7479,5.9833,6.2845,6.3006,6.2642,6.1999,6.0412,6.3859,6.5465,6.7101,6.9165,6.9284,6.8826,6.9133,6.8042,6.6115,6.3984,6.1968
489,5.788,5.6196,5.5245,5.4928,5.5083,5.5852,5.8131,6.1099,6.4306,6.5098,6.5163,6.4246,6.1792,6.3888,6.5832,6.7774,6.9495,6.8983,6.9218,6.9519,6.7948,6.5748,6.3517,6.1774
490,5.8013,5.6165,5.5203,5.4842,5.5218,5.6166,5.8611,6.2024,6.6321,6.787,6.8089,6.7843,6.6122,6.9142,7.0217,6.9626,6.905,6.8102,6.7308,6.765,6.6745,6.4808,6.2578,6.1391
491,5.765,5.5894,5.4702,5.3965,5.3937,5.4145,5.424,5.2748,5.1863,5.0557,5.0688,4.9547,4.7796,4.9085,5.0647,5.2017,5.4151,5.5945,5.7726,5.9256,5.9523,5.8566,5.7402,5.6564
492,5.3324,5.1335,5.0232,4.9641,4.9764,4.9878,4.9629,4.7874,4.5897,4.4242,4.4193,4.2968,4.272,4.3359,4.4457,4.6498,4.9608,5.3097,5.5783,5.7685,5.8322,5.7433,5.6202,5.4728
493,5.172,4.9888,4.9095,4.885,4.9518,5.097,5.3496,5.6261,5.9568,5.9968,5.9578,5.8276,5.5934,5.8912,6.1119,6.3352,6.5837,6.7253,6.7863,6.8158,6.7325,6.5178,6.3073,6.1495
494,5.7892,5.6121,5.5351,5.4971,5.5244,5.6101,5.7915,5.9638,6.1972,6.2012,6.1296,6.0129,5.8093,6.1775,6.4093,6.6299,6.8507,6.9125,6.9574,6.96,6.8334,6.6411,6.4095,6.2602
495,5.8881,5.7048,5.6184,5.5628,5.5786,5.6508,5.8458,6.0594,6.3851,6.4861,6.4641,6.2769,6.0191,6.2747,6.4099,6.5674,6.7914,6.8562,6.9002,6.8978,6.7954,6.6165,6.3972,6.2577
496,5.8806,5.7024,5.6001,5.5417,5.5482,5.6089,5.7924,6.0816,6.4534,6.5566,6.557,6.4731,6.2263,6.4598,6.6047,6.6646,6.8118,6.8633,6.8747,6.8981,6.8162,6.5895,6.3579,6.1865
497,5.8165,5.6246,5.5273,5.4739,5.4957,5.5796,5.7776,6.0723,6.4587,6.5132,6.4572,6.3017,6.0739,6.3195,6.453,6.5868,6.7401,6.77,6.7693,6.8021,6.734,6.5508,6.3126,6.1829
498,5.8127,5.6226,5.4978,5.4183,5.3977,5.3994,5.4247,5.3567,5.3604,5.3092,5.3189,5.2203,5.0967,5.2426,5.3255,5.4483,5.628,5.7905,5.9764,6.0819,6.0962,5.9703,5.8214,5.7044
499,5.3523,5.1442,5.0189,4.9526,4.9424,4.9652,4.9746,4.8511,4.7283,4.6569,4.6946,4.6223,4.631,4.7242,4.851,5.0527,5.3381,5.6337,5.8628,5.9976,6.0232,5.8786,5.7226,5.5336
500,5.257,5.0789,4.9934,4.9437,4.9832,5.116,5.3954,5.7754,6.2499,6.3937,6.4141,6.3745,6.2267,6.6311,6.8675,7.0415,7.2122,7.1842,7.144,7.106,6.9413,6.6855,6.4477,6.2611
501,5.8619,5.6844,5.5846,5.5263,5.5394,5.6233,5.8177,6.0291,6.3656,6.4823,6.4924,6.4124,6.2124,6.5387,6.7628,6.9749,7.2169,7.2576,7.2254,7.1677,7.0204,6.7552,6.4689,6.282
502,5.8906,5.6974,5.6014,5.5454,5.5603,5.6373,5.8392,6.0846,6.4629,6.5919,6.6145,6.5691,6.3921,6.7621,6.9206,7.05,7.2543,7.1945,7.1199,7.0755,6.9399,6.7138,6.4502,6.2571
503,5.8785,5.6853,5.5855,5.5225,5.5162,5.6086,5.7723,6.0065,6.359,6.3837,6.3208,6.1835,5.9401,6.2254,6.407,6.5769,6.8154,6.9085,6.9479,6.9456,6.8335,6.6124,6.3761,6.1908
504,5.8036,5.6277,5.5331,5.4702,5.4921,5.5707,5.7815,6.009,6.3307,6.3428,6.3535,6.2478,6.0534,6.3216,6.4593,6.6329,6.8166,6.8818,6.8965,6.8664,6.7914,6.5951,6.3576,6.191
505,5.8321,5.6237,5.492,5.4036,5.3891,5.3859,5.3882,5.3529,5.4302,5.4206,5.4892,5.4627,5.3498,5.4878,5.5448,5.6173,5.791,5.936,6.0818,6.171,6.1737,6.0286,5.8434,5.7113
506,5.3793,5.1773,5.0491,4.9789,4.9718,4.9824,4.9887,4.8704,4.7661,4.7081,4.8309,4.8114,4.831,4.9689,5.0659,5.2385,5.4788,5.7551,5.9674,6.0752,6.0954,5.975,5.7787,5.5763
507,5.2918,5.1165,5.0185,4.9685,4.9976,5.1201,5.4662,5.9938,6.6616,6.9144,6.9655,6.9781,6.7411,7.0619,7.2081,7.2561,7.3136,7.2113,7.1339,7.0641,6.9005,6.6415,6.3611,6.1814
508,5.8209,5.6169,5.5198,5.4699,5.4659,5.5379,5.7328,5.912,6.2622,6.3703,6.3823,6.2641,6.0559,6.335,6.5263,6.6986,6.9184,6.989,6.9654,6.9177,6.8063,6.5823,6.3512,6.2
509,5.7833,5.6123,5.5032,5.4125,5.4047,5.4111,5.4493,5.4398,5.4966,5.5315,5.6276,5.5427,5.4094,5.584,5.6987,5.8521,6.0579,6.23,6.4087,6.481,6.4742,6.3332,6.1345,5.9132
510,5.592,5.4241,5.3068,5.2582,5.2871,5.3854,5.5846,5.8602,6.253,6.3793,6.4008,6.3332,6.1324,6.4593,6.6497,6.821,7.097,7.1717,7.1545,7.0918,6.9374,6.6743,6.4216,6.2871
511,5.8872,5.6977,5.5752,5.5096,5.5182,5.5831,5.7981,6.0796,6.4491,6.5047,6.5294,6.4659,6.2838,6.6243,6.7985,6.9691,7.2128,7.188,7.0846,7.023,6.8949,6.6443,6.3794,6.2667
512,5.9009,5.674,5.5335,5.4437,5.4103,5.3952,5.4016,5.373,5.3974,5.3636,5.4771,5.4927,5.4926,5.638,5.7806,5.8538,5.973,5.9938,6.1168,6.2216,6.2412,6.0687,5.8683,5.7496
513,5.4521,5.2342,5.1029,5.0182,4.9828,4.9993,5.0825,5.1365,5.2134,5.2776,5.4091,5.501,5.5566,5.6307,5.6351,5.646,5.6876,5.7284,5.8122,5.86,5.8583,5.7468,5.6117,5.4562
514,5.1651,4.9972,4.8927,4.8414,4.8464,4.899,5.029,5.1988,5.4854,5.6615,5.8061,5.7351,5.4612,5.4701,5.5479,5.6057,5.7243,5.8494,6.0403,6.1514,6.1814,6.0456,5.8604,5.6486
515,5.3025,5.1316,5.0415,4.9867,5.0105,5.132,5.373,5.7398,6.2269,6.4426,6.5592,6.6369,6.4902,6.7764,6.931,6.9708,7.0528,6.9802,6.9144,6.8547,6.7143,6.4734,6.2317,6.1142
516,5.7574,5.5866,5.4825,5.4203,5.4306,5.5057,5.7245,6.0443,6.4794,6.586,6.5477,6.4949,6.2685,6.5536,6.5759,6.5824,6.664,6.7213,6.8151,6.848,6.7783,6.5681,6.3157,6.1821
517,5.815,5.6115,5.5216,5.4699,5.4918,5.5831,5.7799,6.083,6.4592,6.506,6.4548,6.3646,6.2134,6.5724,6.7827,6.8798,6.9895,6.9993,6.9669,6.9523,6.8653,6.6324,6.3717,6.2104
518,5.8634,5.6524,5.5482,5.4885,5.4931,5.5664,5.7608,6.0339,6.4013,6.4865,6.5381,6.5766,6.4536,6.8184,6.9681,7.0619,7.1317,6.999,6.8853,6.8325,6.7701,6.5488,6.2768,6.1797
519,5.8379,5.6238,5.4761,5.3925,5.3613,5.3626,5.4088,5.4407,5.4876,5.4426,5.5015,5.4161,5.3321,5.5088,5.6078,5.7695,5.9512,5.99,6.0855,6.1678,6.2034,6.0434,5.8371,5.7468
520,5.4107,5.2061,5.0618,4.9803,4.9653,4.9731,4.9679,4.8563,4.7649,4.7537,4.8966,4.9599,5.0721,5.2042,5.2846,5.4516,5.6512,5.8378,5.9902,6.1027,6.1303,5.9855,5.7707,5.5921
521,5.2979,5.1127,5.0106,4.9735,4.9977,5.1147,5.4278,5.917,6.5448,6.8014,6.8077,6.7799,6.5429,6.8669,6.9374,6.9723,7.1209,7.1248,7.0498,6.9963,6.8661,6.6045,6.333,6.1602
522,5.7944,5.6187,5.5026,5.4387,5.4602,5.5437,5.7942,6.2101,6.7245,6.9468,6.9564,6.9331,6.7628,7.0463,7.1478,7.1108,7.1477,7.0693,6.9545,6.9097,6.7774,6.5308,6.2705,6.132
523,5.7935,5.6001,5.5096,5.4477,5.4501,5.516,5.7777,6.1778,6.6934,6.8861,6.8167,6.6915,6.4081,6.5949,6.7004,6.7807,6.9305,6.9291,6.8997,6.8943,6.8159,6.6151,6.3711,6.213
524,5.8347,5.6715,5.5534,5.4932,5.5111,5.5945,5.8458,6.1667,6.5643,6.626,6.5975,6.5354,6.2488,6.4942,6.6785,6.8011,7.0139,7.0645,7.0925,7.0576,6.9542,6.7237,6.443,6.2904
525,5.9145,5.7103,5.5992,5.5437,5.5482,5.6123,5.8196,6.1595,6.6356,6.8344,6.8543,6.7763,6.5323,6.8488,7.0527,7.2157,7.3461,7.2574,7.2038,7.1513,7.0573,6.8156,6.5182,6.3762
526,5.9923,5.7738,5.6229,5.552,5.5156,5.4967,5.5557,5.5892,5.7349,5.8535,5.9404,5.8882,5.789,5.9602,6.0177,5.986,6.1074,6.2077,6.3632,6.4277,6.415,6.2454,6.0426,5.9027
527,5.5671,5.3578,5.2098,5.1352,5.1048,5.1054,5.1645,5.1624,5.1847,5.288,5.3997,5.4332,5.4236,5.464,5.5115,5.5907,5.7991,6.0673,6.2816,6.3966,6.4298,6.2857,6.0397,5.8038
528,5.4845,5.2918,5.1768,5.146,5.1515,5.2763,5.5847,6.0694,6.7486,7.1076,7.1809,7.139,6.9338,7.2613,7.4234,7.5342,7.7379,7.7816,7.7,7.6019,7.4153,7.1044,6.769,6.5642
529,6.147,5.9177,5.7921,5.7185,5.7171,5.7834,6.024,6.4245,6.99,7.2679,7.3504,7.3611,7.1707,7.5187,7.7294,7.8727,8.1164,8.1151,7.9777,7.8478,7.6601,7.3102,6.9225,6.7094
530,6.2703,6.0424,5.8952,5.8057,5.8103,5.8646,6.1136,6.5231,7.075,7.2998,7.3827,7.3521,7.1887,7.5694,7.7186,7.8929,8.0943,8.0334,7.9211,7.8692,7.6992,7.373,6.9943,6.7585
531,6.3261,6.1068,5.9365,5.8518,5.8315,5.8986,6.163,6.6418,7.3636,7.8509,8.0733,8.1123,7.914,8.1867,8.3449,8.3066,8.3188,8.162,7.9926,7.8618,7.6454,7.3212,6.9593,6.749
532,6.3252,6.1162,5.9541,5.8597,5.8439,5.9037,6.2054,6.689,7.34,7.5947,7.5887,7.5605,7.3756,7.5196,7.5069,7.5251,7.6122,7.6057,7.5216,7.4696,7.3663,7.1042,6.7604,6.5589
533,6.1539,5.9326,5.762,5.6567,5.6236,5.6107,5.6937,5.804,6.014,6.1516,6.363,6.3791,6.2883,6.4533,6.5794,6.6346,6.737,6.8268,6.9074,6.9554,6.9044,6.6974,6.4477,6.2528
534,5.862,5.6151,5.4332,5.3335,5.2999,5.2967,5.3708,5.4872,5.6539,5.853,6.0544,6.1496,6.1613,6.1929,6.1836,6.2492,6.3175,6.5315,6.7879,6.8768,6.8906,6.6786,6.3843,6.1155
535,5.7801,5.5511,5.4164,5.3646,5.4043,5.5549,5.969,6.6584,7.543,8.036,8.2552,8.283,8.0158,8.3452,8.4201,8.4395,8.4742,8.3016,8.1668,8.0672,7.89,7.5276,7.142,6.9076
536,6.4691,6.2319,6.0675,5.9815,5.9811,6.0606,6.406,6.9457,7.6818,8.1246,8.206,8.1757,7.9758,8.2271,8.2882,8.3033,8.4057,8.3517,8.2437,8.1828,8.0006,7.6619,7.2777,6.9745
537,6.5199,6.2669,6.1249,6.0201,6.0321,6.1076,6.4605,7.0208,7.778,8.1909,8.2476,8.2471,8.0225,8.2976,8.3759,8.4062,8.4492,8.3299,8.202,8.121,7.9432,7.6133,7.2335,6.9543
538,6.5034,6.2749,6.1081,6.0101,5.9898,6.0766,6.3937,6.8918,7.5912,7.9517,8.0282,8.0016,7.7913,8.0411,8.149,8.1916,8.2731,8.1841,8.0598,7.9831,7.8294,7.5317,7.159,6.8865
539,6.409,6.1589,6.0197,5.9388,5.9254,6.0033,6.283,6.7014,7.2924,7.6107,7.7412,7.7465,7.6018,7.9024,8.0629,8.1348,8.3213,8.3309,8.2397,8.1375,7.9892,7.6593,7.2875,7.0273
540,6.5568,6.2647,6.0586,5.9363,5.8699,5.8409,5.9242,6.008,6.1807,6.3661,6.6177,6.6921,6.6544,6.7888,6.8684,6.9761,7.1484,7.3028,7.4528,7.4981,7.4558,7.1798,6.8469,6.606
541,6.1594,5.8711,5.6849,5.5509,5.5027,5.4687,5.5094,5.5213,5.6157,5.8225,6.1255,6.2229,6.2906,6.455,6.585,6.753,6.9686,7.2019,7.4007,7.4468,7.4142,7.1709,6.8104,6.462
542,6.0425,5.796,5.6511,5.5679,5.5839,5.7239,6.0948,6.7596,7.6132,8.1169,8.3617,8.4352,8.2865,8.6142,8.7381,8.78,8.9337,8.8911,8.7641,8.6667,8.4425,8.0561,7.5931,7.2626
543,6.771,6.4843,6.3247,6.2125,6.198,6.2764,6.5923,7.1649,7.9429,8.3135,8.459,8.4976,8.3449,8.7568,8.8966,8.9645,9.0855,9.0153,8.8626,8.7877,8.5527,8.1577,7.69,7.3149
544,6.812,6.5403,6.3694,6.2589,6.256,6.3232,6.6577,7.2133,8.014,8.4443,8.6032,8.5984,8.3825,8.694,8.8676,8.9683,9.1454,9.1938,9.1173,9.0451,8.8353,8.435,7.8788,7.4966
545,6.9707,6.6676,6.4821,6.3829,6.3427,6.4108,6.7462,7.3048,8.0998,8.5394,8.664,8.7177,8.6084,9.0253,9.1518,9.1953,9.299,9.193,9.0383,8.9226,8.6839,8.271,7.7931,7.4499
546,6.9535,6.6589,6.4683,6.3303,6.3033,6.3876,6.7374,7.3701,8.1707,8.5454,8.5754,8.5599,8.3087,8.5244,8.5904,8.5777,8.6475,8.586,8.4478,8.3725,8.2211,7.8619,7.4497,7.1634
547,6.6919,6.4101,6.2164,6.0836,6.0227,6.0041,6.1175,6.2296,6.4756,6.6934,6.9139,6.9805,6.9096,7.0283,7.081,7.1288,7.2222,7.3244,7.466,7.5216,7.5055,7.2538,6.9356,6.7048
548,6.2676,5.985,5.792,5.663,5.6101,5.5917,5.615,5.6753,5.8148,5.9863,6.2843,6.3448,6.42,6.5499,6.679,6.8872,7.0977,7.3374,7.4987,7.5168,7.4634,7.1781,6.8241,6.4822
549,6.0731,5.8179,5.6721,5.593,5.5973,5.7407,6.1875,6.9169,7.8612,8.3444,8.4314,8.3621,8.056,8.3109,8.4714,8.5939,8.6943,8.6388,8.5141,8.4222,8.2141,7.8509,7.4015,7.0925
550,6.6273,6.3608,6.2036,6.0854,6.0808,6.1576,6.4568,6.9565,7.7162,8.1685,8.2939,8.286,8.0848,8.3902,8.5502,8.6133,8.725,8.656,8.5322,8.4545,8.2455,7.8676,7.4201,7.1107
551,6.6588,6.4067,6.2577,6.1621,6.1528,6.2284,6.5738,7.1175,7.8923,8.3279,8.4474,8.3884,8.1309,8.4403,8.5034,8.4114,8.3791,8.2448,8.1058,8.0588,7.8925,7.5702,7.2201,7.0066
552,6.5754,6.3546,6.2023,6.1065,6.0868,6.1784,6.5113,7.0515,7.8184,8.1699,8.2492,8.1652,7.9367,8.2161,8.3489,8.3837,8.5355,8.553,8.4447,8.3311,8.1029,7.7486,7.3152,7.0118
553,6.5377,6.2979,6.1363,6.0346,6.032,6.091,6.3696,6.8282,7.4868,7.7492,7.7974,7.7462,7.6026,7.958,8.0901,8.1489,8.3276,8.3221,8.1957,8.0918,7.9316,7.6142,7.2296,6.9595
554,6.5168,6.2416,6.0664,5.941,5.8942,5.8754,5.9479,6.0366,6.2704,6.4409,6.6181,6.7152,6.6099,6.7099,6.76,6.8499,6.9014,6.9722,7.0791,7.1327,7.1223,6.8787,6.5767,6.3796
555,5.9875,5.7456,5.5846,5.488,5.4477,5.4511,5.4978,5.5459,5.6435,5.8164,5.992,6.0329,6.0161,6.2395,6.3968,6.4858,6.5907,6.7783,6.9527,7.0361,7.0362,6.8236,6.5213,6.2617
556,5.8985,5.6748,5.553,5.4823,5.5056,5.6456,6.0803,6.7809,7.6824,8.165,8.2792,8.2848,8.0379,8.299,8.3578,8.302,8.3098,8.2843,8.1211,8.0244,7.8069,7.4623,7.088,6.8426
557,6.4222,6.1817,6.0404,5.963,5.9547,6.046,6.3559,6.8436,7.5957,7.9131,7.9257,7.9094,7.6641,7.9666,8.143,8.2198,8.4433,8.4634,8.3517,8.2462,8.0322,7.6494,7.225,6.9669
558,6.541,6.3101,6.1478,6.0614,6.0338,6.1195,6.4027,6.8902,7.5802,7.8773,7.9069,7.8998,7.709,8.038,8.2178,8.3384,8.5479,8.5756,8.4272,8.3683,8.1598,7.7662,7.3387,7.0558
559,6.5922,6.3253,6.163,6.0573,6.0277,6.091,6.4041,6.9276,7.6295,7.9899,8.0984,8.1138,7.8891,8.1415,8.2156,8.1743,8.1869,8.1231,8.0016,7.9337,7.7103,7.3884,7.0201,6.8144
560,6.3921,6.1608,6.0354,5.9356,5.9412,6.024,6.2998,6.759,7.3853,7.7041,7.7507,7.701,7.4693,7.7137,7.8677,7.9322,8.0509,8.0076,7.8984,7.8383,7.6893,7.3712,6.9977,6.8
561,6.3831,6.133,5.9695,5.8607,5.8293,5.8283,5.909,6.018,6.2689,6.4746,6.654,6.7036,6.6581,6.8356,6.941,6.9762,6.9117,6.9231,6.9755,7.0266,6.9509,6.7058,6.428,6.265
562,5.9144,5.6804,5.5259,5.4314,5.3951,5.4029,5.4963,5.6029,5.7711,5.962,6.1184,6.1865,6.1955,6.308,6.3923,6.4286,6.5228,6.7314,6.8975,6.9817,6.9521,6.7162,6.4455,6.1861
563,5.8392,5.6191,5.4905,5.4247,5.4429,5.5829,5.9399,6.4935,7.3262,7.7732,7.8211,7.7603,7.5545,7.8362,8.0086,8.1156,8.3333,8.4338,8.3907,8.2809,8.0692,7.6605,7.2243,6.9567
564,6.5123,6.2327,6.0697,5.9801,5.9916,6.0586,6.3508,6.8381,7.5644,7.9406,8.0503,8.0765,7.8828,8.1899,8.3321,8.4396,8.665,8.7347,8.6646,8.556,8.3212,7.91,7.451,7.1568
565,6.6871,6.3994,6.2235,6.1314,6.1018,6.1673,6.428,6.8862,7.5588,7.8823,7.9936,7.9664,7.7612,8.0431,8.2134,8.3379,8.5217,8.5507,8.4938,8.4314,8.2163,7.8095,7.3701,7.1065
566,6.6281,6.3694,6.2045,6.0846,6.0634,6.1348,6.4232,6.8802,7.5234,7.8787,8.0139,8.0812,7.9282,8.2411,8.436,8.5744,8.7071,8.7405,8.7009,8.6442,8.4216,8.0199,7.5572,7.2587
567,6.7837,6.4998,6.3025,6.1953,6.1841,6.2672,6.5514,6.9929,7.6573,8.0635,8.254,8.3386,8.206,8.4407,8.5614,8.6305,8.7605,8.7488,8.6675,8.6236,8.4695,8.0925,7.62,7.3062
568,6.8156,6.4937,6.2744,6.1103,6.0196,5.99,6.0937,6.2251,6.4962,6.7995,7.1429,7.3372,7.3898,7.5069,7.5703,7.581,7.51,7.5434,7.592,7.6651,7.6055,7.3226,6.9913,6.7589
569,6.3171,6.0323,5.8321,5.695,5.6325,5.629,5.7093,5.8731,6.1276,6.4303,6.6504,6.8245,6.9068,6.9359,6.8504,6.8199,6.8421,7.0026,7.147,7.2224,7.1663,6.9298,6.6226,6.351
570,5.973,5.7266,5.5729,5.476,5.473,5.5713,5.8694,6.328,6.9009,7.2358,7.4011,7.5031,7.5713,7.7565,7.8673,7.908,7.9497,8.0055,7.9181,7.8903,7.7266,7.389,6.9858,6.6751
571,6.271,5.9847,5.8125,5.7292,5.71,5.7913,6.0752,6.5155,7.0718,7.3926,7.499,7.5515,7.5036,7.5372,7.5709,7.5687,7.6863,7.78,7.7645,7.7981,7.6299,7.2891,6.8881,6.6418
572,6.2523,5.9884,5.8168,5.7228,5.7162,5.7903,6.0567,6.4543,7.0101,7.3666,7.4756,7.5277,7.5047,7.6611,7.7823,7.8532,7.9851,8.1174,8.1004,8.1013,7.9266,7.5361,7.1215,6.8323
573,6.3955,6.1069,5.9329,5.8195,5.8022,5.8822,6.1815,6.6395,7.3184,7.7285,7.8725,7.8962,7.7815,7.9952,8.1594,8.2924,8.479,8.5866,8.5582,8.5132,8.2676,7.8471,7.3663,7.072
574,6.6162,6.3175,6.1422,6.0194,6.0017,6.0717,6.351,6.8481,7.5644,7.9781,8.0839,8.1496,8.0194,8.2159,8.3182,8.3838,8.5793,8.655,8.5559,8.537,8.3191,7.9113,7.4692,7.1965
575,6.7577,6.4493,6.2563,6.1124,6.0408,6.0556,6.1742,6.3696,6.7325,7.0085,7.224,7.257,7.1629,7.2729,7.3618,7.461,7.6273,7.8099,7.9575,8.0391,7.9413,7.6236,7.232,6.9613
576,6.5158,6.2048,6.0106,5.8732,5.818,5.812,5.8995,6.0389,6.2454,6.5174,6.7871,6.8405,6.9195,7.0846,7.2272,7.3631,7.4636,7.6442,7.7765,7.8998,7.8396,7.5451,7.1579,6.8305
577,6.4065,6.1413,5.9844,5.8825,5.8971,6.0312,6.4308,7.1168,8.0986,8.6101,8.755,8.7929,8.5945,8.8088,8.8988,8.9052,8.9263,8.8682,8.7654,8.692,8.4404,8.0414,7.5948,7.3129
578,6.8613,6.6023,6.4255,6.3187,6.3145,6.3892,6.7202,7.2663,8.05,8.4633,8.5576,8.5914,8.4446,8.6969,8.8054,8.7811,8.7915,8.8479,8.7358,8.6199,8.3406,7.9344,7.5063,7.2026
579,6.7389,6.4688,6.3007,6.1992,6.1748,6.2374,6.5471,7.0551,7.8336,8.2858,8.3832,8.4123,8.2125,8.4555,8.5666,8.5364,8.5237,8.4484,8.314,8.2764,8.0387,7.697,7.3153,7.0684
580,6.637,6.388,6.2308,6.1344,6.1099,6.1961,6.5169,7.115,7.9045,8.4194,8.5492,8.5333,8.2887,8.4878,8.5242,8.5078,8.5376,8.4673,8.3125,8.2462,7.9784,7.6214,7.2485,7.0245
581,6.5846,6.3365,6.1781,6.0723,6.054,6.1463,6.4392,6.8864,7.5458,7.898,7.9685,7.9945,7.8061,8.0252,8.1584,8.3106,8.5146,8.5622,8.4462,8.381,8.1428,7.7336,7.3145,7.0509
582,6.5937,6.3019,6.1164,5.9883,5.9209,5.9522,6.0335,6.2033,6.4962,6.7613,7.0579,7.224,7.1387,7.3275,7.3734,7.3026,7.1921,7.1908,7.3062,7.3973,7.324,7.0801,6.7851,6.5857
583,6.2119,5.9613,5.7999,5.6807,5.6402,5.6571,5.7056,5.7959,5.9653,6.1813,6.3842,6.477,6.5861,6.7407,6.8128,6.8655,6.9959,7.2024,7.3177,7.4228,7.346,7.1011,6.7871,6.5167
584,6.136,5.8973,5.725,5.6174,5.6136,5.6765,5.8399,6.1366,6.5724,6.8728,7.1174,7.2274,7.2245,7.4246,7.5333,7.6748,7.768,7.8207,7.9179,8.0123,7.8906,7.5816,7.1974,6.8521
585,6.4202,6.1554,5.9904,5.9142,5.9244,6.0308,6.3737,7.0297,7.8986,8.3244,8.3697,8.3488,8.1571,8.4151,8.5124,8.5473,8.644,8.635,8.4969,8.4039,8.1116,7.7002,7.2718,7.0091
586,6.5722,6.2994,6.1547,6.0633,6.047,6.1457,6.4564,7.0138,7.7892,8.2131,8.2945,8.2471,8.0292,8.2057,8.2677,8.2667,8.412,8.4521,8.3239,8.2303,7.9563,7.5503,7.1293,6.9044
587,6.4951,6.2383,6.1022,6.0001,5.9928,6.087,6.3484,6.7829,7.3736,7.6368,7.6744,7.6865,7.4958,7.77,8.0214,8.1421,8.3331,8.3585,8.2744,8.2225,7.9667,7.5585,7.1518,6.9221
588,6.4997,6.2618,6.1132,6.0228,5.997,6.0943,6.3708,6.834,7.5302,7.8582,7.982,8.0901,8.0011,8.3222,8.5078,8.588,8.6684,8.6259,8.5172,8.4984,8.2393,7.8785,7.4691,7.2287
589,6.7758,6.4896,6.3028,6.1856,6.1329,6.1561,6.2931,6.5521,6.9534,7.2518,7.4776,7.5127,7.3649,7.4152,7.3831,7.3724,7.385,7.4343,7.5778,7.6241,7.4901,7.1828,6.8428,6.6249
590,6.206,5.9191,5.7252,5.6147,5.5705,5.5916,5.6322,5.6542,5.6834,5.8113,6.0504,6.1258,6.1751,6.3129,6.4052,6.5492,6.8199,7.1186,7.3177,7.3895,7.2683,6.9965,6.6663,6.3561
591,5.9843,5.7476,5.6031,5.5243,5.5341,5.693,6.0681,6.6804,7.438,7.8062,7.939,7.973,7.8311,8.1842,8.4106,8.5057,8.6844,8.611,8.5019,8.4366,8.1282,7.7295,7.274,6.9834
592,6.537,6.3015,6.1487,6.0704,6.0805,6.1648,6.4549,7.078,7.9008,8.3323,8.4405,8.4524,8.2721,8.587,8.6792,8.6459,8.6787,8.596,8.4447,8.3041,7.9508,7.5304,7.1207,6.8617
593,6.4318,6.196,6.0573,5.9693,5.9636,6.0751,6.4049,6.913,7.5985,7.8964,7.9103,7.7822,7.5286,7.7783,7.8407,7.8112,7.8956,7.8558,7.7957,7.7582,7.5178,7.1949,6.8356,6.631
594,6.2594,6.0652,5.9447,5.8607,5.8494,5.9638,6.2611,6.6962,7.2764,7.4724,7.5464,7.5162,7.2709,7.5445,7.7289,7.8093,7.9448,7.8679,7.7569,7.7129,7.4552,7.1339,6.8004,6.5932
595,6.2236,6.0257,5.9104,5.824,5.8214,5.9312,6.1949,6.5364,7.0032,7.1627,7.2007,7.1307,6.9182,7.236,7.4237,7.5785,7.7941,7.7328,7.6331,7.5964,7.3589,7.0487,6.7408,6.5784
596,6.2103,5.989,5.8299,5.7268,5.6761,5.6945,5.7779,5.8661,5.9833,5.9359,5.9172,5.7102,5.47,5.5924,5.6997,5.7997,6.0108,6.2153,6.3762,6.4721,6.3643,6.1895,5.9651,5.8822
597,5.5562,5.3414,5.2109,5.1206,5.1027,5.147,5.1893,5.129,5.0029,4.9428,5.0341,5.0317,5.05,5.1542,5.292,5.478,5.8054,6.0939,6.2867,6.4159,6.3451,6.1835,5.9508,5.7691
598,5.4856,5.3153,5.2099,5.166,5.1965,5.3469,5.6754,6.2386,6.9791,7.3282,7.4092,7.4183,7.1973,7.4476,7.5328,7.518,7.4818,7.387,7.3391,7.3347,7.1009,6.8109,6.5043,6.3622
599,6.0061,5.838,5.7188,5.6612,5.6862,5.8095,6.1044,6.6094,7.2662,7.503,7.5657,7.5538,7.3287,7.6149,7.7097,7.6842,7.709,7.5864,7.4706,7.4031,7.1412,6.8522,6.5625,6.436
600,6.0584,5.8697,5.7533,5.6986,5.6975,5.7865,6.0794,6.6194,7.2269,7.4564,7.499,7.3958,7.1062,7.2925,7.3973,7.4256,7.47,7.4131,7.3624,7.3582,7.1339,6.8648,6.5533,6.4108
601,6.0579,5.8697,5.7474,5.6682,5.6854,5.8034,6.0333,6.4555,7.0118,7.3012,7.303,7.2308,7.0713,7.3959,7.5729,7.6637,7.8095,7.731,7.6856,7.6347,7.3458,7.0213,6.69,6.4903
602,6.1212,5.9215,5.7992,5.7289,5.7454,5.8436,6.1193,6.5471,7.056,7.2291,7.2048,7.1914,7.0921,7.4199,7.5905,7.6482,7.7142,7.597,7.4764,7.4203,7.216,6.9268,6.6078,6.4585
603,6.0864,5.8755,5.7351,5.6509,5.6259,5.6639,5.7369,5.8314,5.9872,6.098,6.2153,6.2186,6.0958,6.2688,6.3799,6.4902,6.5694,6.5714,6.6454,6.7164,6.5817,6.3615,6.132,6.006
604,5.6852,5.4671,5.3239,5.2521,5.2342,5.2798,5.3425,5.4322,5.5543,5.6609,5.794,5.816,5.871,5.9764,6.0765,6.2133,6.3579,6.4995,6.6882,6.7904,6.6755,6.4367,6.1909,5.9548
605,5.6464,5.4608,5.3442,5.2813,5.3219,5.4811,5.8574,6.5565,7.3925,7.7942,7.8724,7.8719,7.6813,7.9313,7.9872,7.945,7.9246,7.7224,7.5516,7.4161,7.1242,6.8078,6.5255,6.3535
606,5.9857,5.7838,5.6409,5.5347,5.5217,5.6111,5.862,6.1981,6.6833,6.8415,6.7514,6.6247,6.4644,6.739,6.8891,7.0154,7.2284,7.3602,7.3552,7.3136,7.0328,6.7488,6.4766,6.2997
607,5.9224,5.7165,5.6113,5.5523,5.5574,5.6671,5.9362,6.2434,6.6348,6.7282,6.6665,6.5421,6.318,6.6231,6.8008,7.0335,7.3156,7.3807,7.3275,7.2648,7.0263,6.7695,6.4917,6.3208
608,5.9307,5.7265,5.6047,5.5487,5.5357,5.6463,5.8723,6.1212,6.414,6.4593,6.4591,6.3805,6.1857,6.4449,6.5644,6.6354,6.7255,6.7438,6.7675,6.7684,6.5954,6.3795,6.1265,5.9603
609,5.5848,5.3474,5.1804,5.063,4.9961,4.9784,4.9633,4.8568,4.6915,4.5384,4.5687,4.5078,4.5116,4.6007,4.7278,4.9698,5.2799,5.5187,5.6877,5.7299,5.639,5.5011,5.3313,5.1472
610,4.8482,4.6522,4.5284,4.448,4.4509,4.5115,4.5927,4.6135,4.5193,4.3726,4.3233,4.2205,4.2134,4.2978,4.4037,4.5184,4.7734,5.0785,5.2838,5.3936,5.371,5.2895,5.1755,5.0493
611,4.7765,4.5959,4.49,4.4365,4.4373,4.4857,4.5266,4.5398,4.4737,4.4129,4.4514,4.4754,4.5788,4.6797,4.8045,4.9647,5.2055,5.4468,5.6443,5.725,5.6491,5.5315,5.3717,5.2136
612,4.9324,4.7412,4.6149,4.5469,4.556,4.6308,4.7178,4.8277,4.9875,5.1169,5.2976,5.3847,5.4476,5.5807,5.654,5.7145,5.8191,5.9478,6.1184,6.1792,6.0769,5.8824,5.6635,5.4717
613,5.1955,5.02,4.904,4.8284,4.8585,5.035,5.3837,5.9546,6.6655,6.9863,7.1212,7.1743,7.04,7.3925,7.5081,7.5206,7.5687,7.4871,7.4415,7.349,7.0613,6.7515,6.4439,6.2709
614,5.907,5.7192,5.5898,5.5195,5.5448,5.6527,5.9478,6.3897,6.9359,7.1489,7.2125,7.1899,7.0044,7.274,7.4404,7.5361,7.6406,7.5765,7.5119,7.4299,7.1448,6.8618,6.5692,6.4018
615,6.0239,5.833,5.7211,5.6514,5.6622,5.7931,6.0793,6.4604,6.9474,7.0949,7.1491,7.1169,6.9311,7.3518,7.5766,7.7787,7.9408,7.8831,7.7973,7.6923,7.3901,7.0743,6.724,6.5581
616,6.1665,5.9573,5.8136,5.7408,5.7592,5.8781,6.1421,6.5755,7.131,7.3811,7.4765,7.4929,7.3287,7.7823,8.0211,8.138,8.2374,8.0672,7.9217,7.8474,7.5439,7.2591,6.9165,6.7439
617,6.335,6.0908,5.9057,5.807,5.7706,5.8318,5.9371,6.0472,6.213,6.2403,6.3606,6.4136,6.334,6.5746,6.7289,6.8261,6.9993,7.0334,7.1106,7.1108,6.9331,6.6901,6.4094,6.2491
618,5.9027,5.6666,5.5044,5.4253,5.3974,5.4134,5.4405,5.5116,5.6238,5.6978,5.766,5.7912,5.8958,6.1164,6.299,6.4131,6.6395,6.8433,7.0248,7.072,6.8985,6.649,6.3482,6.0707
619,5.7261,5.5081,5.3815,5.292,5.3108,5.488,5.8628,6.3921,7.1141,7.4697,7.5971,7.6189,7.2614,7.5128,7.625,7.692,7.8849,7.8439,7.7352,7.543,7.1906,6.866,6.5488,6.3391
620,5.9371,5.7512,5.636,5.567,5.5755,5.7017,5.952,6.2611,6.6028,6.702,6.7413,6.7161,6.5023,6.789,7.0024,7.1615,7.3548,7.3298,7.3057,7.2079,6.933,6.6705,6.3901,6.2078
621,5.8429,5.6672,5.557,5.499,5.5106,5.6256,5.8683,6.1511,6.411,6.459,6.4945,6.3659,6.1066,6.4357,6.6493,6.8634,7.1188,7.2071,7.1898,7.0769,6.8344,6.588,6.3301,6.2013
622,5.8323,5.6306,5.538,5.4729,5.4941,5.6134,5.8554,6.1425,6.4454,6.4512,6.4133,6.3293,6.1342,6.56,6.7923,6.9944,7.1704,7.1956,7.2184,7.1271,6.8647,6.6193,6.3509,6.1961
623,5.845,5.6566,5.5382,5.4822,5.4948,5.6235,5.8692,6.1539,6.4678,6.5369,6.553,6.5589,6.379,6.6317,6.7493,6.8106,7.0071,7.0036,6.9692,6.8875,6.6835,6.4775,6.2426,6.1091
624,5.7526,5.5438,5.4082,5.3331,5.3324,5.3908,5.457,5.4111,5.3058,5.1605,5.1306,5.0188,4.8766,5.062,5.2773,5.5426,5.8028,5.9289,6.0746,6.1036,6.0207,5.8905,5.7166,5.6265
625,5.3288,5.1296,4.9992,4.9442,4.9274,5.0005,5.0499,5.057,5.0651,5.0529,5.051,4.9874,4.9847,5.0616,5.1708,5.319,5.5298,5.7231,5.9359,5.992,5.9239,5.7761,5.6068,5.4531
626,5.1743,5.0053,4.9204,4.8917,4.9501,5.1397,5.4609,5.9954,6.6017,6.7593,6.72,6.6398,6.3454,6.6215,6.8497,6.9909,7.14,7.1304,7.1247,7.0394,6.781,6.5205,6.2702,6.1177
627,5.7653,5.5957,5.4839,5.4304,5.4542,5.5847,5.8428,6.178,6.4634,6.446,6.3717,6.2572,6.0529,6.416,6.6359,6.8761,7.2002,7.2987,7.3027,7.1701,6.8984,6.6454,6.3589,6.194
628,5.8239,5.6389,5.5216,5.4569,5.4781,5.5955,5.8595,6.1852,6.5849,6.6663,6.7177,6.723,6.537,6.8847,7.0407,7.1302,7.2806,7.2366,7.2174,7.1209,6.8748,6.6241,6.3521,6.1866
629,5.8215,5.6252,5.5154,5.4585,5.4763,5.6052,5.8782,6.2413,6.6658,6.7142,6.5689,6.3225,6.0327,6.423,6.6665,6.8799,7.1996,7.3018,7.2935,7.1644,6.9017,6.641,6.3442,6.1854
630,5.8139,5.6384,5.5363,5.4799,5.5037,5.6291,5.8719,6.1774,6.4741,6.4603,6.3928,6.3003,6.1118,6.4678,6.6776,6.8969,7.16,7.1844,7.1184,6.9861,6.768,6.5329,6.2728,6.1633
631,5.7919,5.5804,5.4269,5.3576,5.3551,5.4064,5.4689,5.46,5.3588,5.2141,5.2329,5.2158,5.169,5.3711,5.527,5.703,5.9288,6.0388,6.1848,6.1538,6.0498,5.909,5.7343,5.629
632,5.3473,5.1559,5.0218,4.9547,4.9335,4.9883,5.0558,5.0395,4.9883,4.9031,4.9027,4.9023,4.9562,5.1552,5.3273,5.4557,5.5897,5.7844,5.9834,5.9708,5.8974,5.7718,5.6402,5.5056
633,5.2088,5.0429,4.9444,4.9004,4.9256,5.0378,5.1942,5.4409,5.8058,6.0165,6.1063,6.1544,6.1195,6.2551,6.3481,6.4431,6.5147,6.5567,6.6998,6.6649,6.5181,6.3176,6.1085,5.9409
634,5.5996,5.4186,5.3166,5.2534,5.2674,5.4344,5.75,6.3099,7.006,7.2544,7.1894,7.0432,6.721,6.9766,7.022,7.0843,7.2272,7.1815,7.1605,6.9933,6.7252,6.4645,6.2225,6.088
635,5.7388,5.5602,5.4591,5.4034,5.4395,5.5729,5.8523,6.2262,6.5707,6.5594,6.4616,6.2861,5.9791,6.2328,6.3901,6.5588,6.8415,6.9859,7.0542,6.9208,6.7253,6.5254,6.2736,6.1333
636,5.7736,5.5845,5.4714,5.4145,5.4412,5.5821,5.8658,6.2557,6.6136,6.5938,6.4783,6.3181,6.0828,6.5057,6.7958,6.9033,7.0763,7.0655,7.0785,6.9387,6.7235,6.5138,6.2753,6.1471
637,5.7912,5.6072,5.4891,5.4387,5.4676,5.6075,5.8789,6.2634,6.5524,6.4482,6.3359,6.2201,5.9453,6.2062,6.3358,6.4832,6.7596,6.8654,6.8983,6.7729,6.6019,6.4386,6.2277,6.1152
638,5.7701,5.5532,5.4344,5.3595,5.3586,5.4351,5.5316,5.5019,5.3799,5.1634,5.1251,5.027,4.9454,5.2059,5.3235,5.4505,5.6536,5.7919,5.9871,5.9852,5.9157,5.8047,5.6843,5.6294
639,5.3413,5.1315,5.0095,4.9461,4.954,5.023,5.0871,5.146,5.2041,5.2267,5.2749,5.2564,5.2698,5.3526,5.3863,5.4616,5.5553,5.653,5.8315,5.8013,5.7328,5.63,5.5225,5.4561
640,5.1793,4.9776,4.8779,4.8234,4.8461,4.9716,5.1436,5.2867,5.4108,5.3741,5.376,5.3477,5.2192,5.4296,5.6033,5.7838,6.011,6.1157,6.2681,6.27,6.1737,6.053,5.9142,5.8043
641,5.4798,5.2816,5.1784,5.1548,5.2054,5.3797,5.6672,6.0453,6.3389,6.2313,6.0395,5.8302,5.5409,5.8274,6.0348,6.3072,6.7019,6.9272,7.0344,6.8969,6.7014,6.5229,6.3392,6.2347
642,5.8688,5.6703,5.5526,5.5125,5.5446,5.7077,5.9911,6.2855,6.4695,6.2789,6.0762,5.8533,5.5702,5.8986,6.1184,6.3907,6.7539,6.919,6.9872,6.8817,6.7075,6.5384,6.3444,6.2502
643,5.8843,5.667,5.5571,5.5059,5.5433,5.6856,5.9464,6.2176,6.4018,6.2452,6.1052,5.9182,5.6359,5.9275,6.1368,6.4136,6.8054,6.954,7.0316,6.9012,6.6935,6.5123,6.3035,6.2173
644,5.8415,5.6394,5.5359,5.4788,5.5216,5.6741,5.9408,6.2815,6.5771,6.4606,6.2244,6.0306,5.7551,6.0382,6.2243,6.447,6.7763,6.8624,6.9004,6.763,6.5979,6.4337,6.2514,6.1804
645,5.8117,5.5779,5.457,5.3764,5.3913,5.473,5.5783,5.5672,5.4977,5.303,5.177,5.0084,4.8432,4.9996,5.1726,5.4805,5.7851,5.9108,6.0625,6.0141,5.9565,5.8481,5.7306,5.6634
646,5.3557,5.1537,5.0518,4.9893,5.0004,5.0731,5.1529,5.139,5.0639,4.9442,4.898,4.7863,4.7895,4.9462,5.0961,5.2463,5.4704,5.7069,5.9248,5.9138,5.8668,5.7586,5.6389,5.5209
647,5.2215,5.0428,4.9358,4.9035,4.9609,5.1695,5.5114,5.9468,6.309,6.165,5.9894,5.7821,5.5053,5.786,5.9921,6.3045,6.7299,6.9248,7.0021,6.8636,6.6763,6.4812,6.299,6.1975
648,5.8292,5.6266,5.5311,5.4865,5.5393,5.7004,5.9988,6.2924,6.3894,6.2099,6.0483,5.8201,5.5272,5.8239,6.0515,6.3378,6.7749,6.9981,7.0701,6.9232,6.7259,6.5593,6.3777,6.2816
649,5.9257,5.716,5.6136,5.5663,5.6234,5.7898,6.0852,6.3673,6.481,6.2976,6.1227,5.8947,5.6125,5.9149,6.118,6.3883,6.7823,6.9517,7.025,6.9081,6.731,6.5663,6.3835,6.2934
650,5.9284,5.7145,5.6175,5.5705,5.6266,5.7876,6.0716,6.3838,6.5141,6.3526,6.176,5.9585,5.6525,5.94,6.147,6.4386,6.8526,7.0333,7.0976,6.9609,6.7654,6.5733,6.3937,6.2899
651,5.8972,5.6834,5.5839,5.5373,5.5898,5.7524,6.038,6.348,6.5861,6.4752,6.4282,6.3863,6.191,6.4984,6.6292,6.7408,6.9039,6.921,6.924,6.7911,6.62,6.4538,6.3084,6.2093
652,5.8474,5.6244,5.4792,5.4063,5.4205,5.5104,5.6324,5.676,5.6237,5.3758,5.2551,5.0391,4.859,5.0277,5.1544,5.3839,5.6925,5.8905,6.0433,6.0089,5.9635,5.8934,5.8031,5.7257
653,5.3924,5.167,5.0493,4.9854,4.9972,5.0838,5.1548,5.1293,4.9783,4.7689,4.6983,4.5575,4.4905,4.5633,4.6906,4.9435,5.3128,5.6343,5.8504,5.8411,5.8038,5.7165,5.6187,5.5023
654,5.198,5.0027,4.9167,4.8899,4.9668,5.1777,5.5479,5.9903,6.3187,6.2347,6.1012,5.9463,5.6764,5.9775,6.1885,6.4218,6.7823,6.9599,7.0139,6.8574,6.6607,6.4827,6.3139,6.2227
655,5.8606,5.6408,5.5423,5.494,5.5572,5.7274,6.0399,6.3477,6.5433,6.396,6.21,5.9857,5.6942,5.9786,6.205,6.4568,6.8294,7.0067,7.0495,6.9059,6.7206,6.5404,6.3709,6.2733
656,5.8981,5.6828,5.581,5.5325,5.5908,5.7746,6.0893,6.4198,6.6021,6.4028,6.1871,6.0056,5.7684,6.2116,6.5071,6.7165,6.937,6.9936,7.0052,6.8603,6.6895,6.5219,6.3593,6.2668
657,5.8766,5.661,5.5642,5.5221,5.5825,5.741,6.0436,6.3918,6.593,6.4265,6.2515,6.0291,5.7186,6.0257,6.2558,6.5439,6.9014,7.0384,7.0573,6.9002,6.7083,6.53,6.3635,6.2402
658,5.862,5.6555,5.5444,5.5081,5.5657,5.7281,6.0247,6.3966,6.6831,6.5539,6.3144,6.0615,5.7551,6.0479,6.2522,6.4775,6.7988,6.8956,6.8704,6.7196,6.5527,6.4226,6.2735,6.1981
659,5.8197,5.6032,5.477,5.4081,5.4198,5.5109,5.6351,5.6619,5.5889,5.3286,5.2179,5.0824,4.947,5.1578,5.2997,5.4859,5.7292,5.8734,5.99,5.9541,5.9034,5.832,5.7495,5.7232
660,5.3928,5.1792,5.0541,5.0057,5.0188,5.1149,5.2035,5.1763,4.9945,4.7326,4.653,4.5435,4.5212,4.6553,4.809,5.0646,5.3996,5.676,5.8605,5.8406,5.7973,5.7277,5.6111,5.5081
661,5.2226,5.0196,4.9156,4.9038,4.9873,5.1973,5.564,6.0182,6.3828,6.2882,6.1236,5.9552,5.7114,6.0702,6.3092,6.5313,6.8629,6.9698,6.9769,6.8145,6.6106,6.4498,6.2822,6.1602
662,5.7826,5.5967,5.4907,5.4558,5.4981,5.6771,5.9751,6.3449,6.6471,6.5117,6.3575,6.0926,5.7955,6.1754,6.4284,6.6405,6.9449,6.9671,6.9729,6.8139,6.6502,6.4746,6.2784,6.2304
663,5.8535,5.6524,5.545,5.4993,5.556,5.7305,6.0443,6.415,6.7093,6.557,6.2848,5.9867,5.657,6.0089,6.2459,6.531,6.9098,6.9282,6.9184,6.7755,6.6443,6.4905,6.3032,6.2514
664,5.8823,5.6695,5.5561,5.5108,5.5666,5.7497,6.0714,6.4491,6.7711,6.6969,6.608,6.4049,6.0941,6.4873,6.7454,6.9179,7.1242,7.0836,7.0526,6.9102,6.7249,6.5306,6.34,6.3164
665,5.9505,5.7348,5.6279,5.5954,5.6618,5.8331,6.1643,6.5423,6.7495,6.5112,6.3578,6.1112,5.7877,6.1307,6.3582,6.653,7.045,7.0733,7.0147,6.8352,6.7075,6.57,6.4059,6.4136
666,6.0554,5.8209,5.6846,5.6276,5.6532,5.7515,5.8988,5.9169,5.7196,5.3913,5.2697,5.0515,4.8319,4.9699,5.1169,5.3998,5.808,6.0244,6.1328,6.097,6.06,5.9897,5.9219,5.9273
667,5.6159,5.3822,5.2578,5.2068,5.2244,5.3061,5.3965,5.3672,5.0784,4.748,4.6517,4.5118,4.4931,4.5819,4.7579,5.0625,5.4647,5.7866,5.9724,5.9675,5.9249,5.8659,5.7891,5.7221
668,5.4257,5.2283,5.1289,5.1032,5.1894,5.4123,5.8042,6.3198,6.7829,6.6987,6.593,6.3738,6.0141,6.3309,6.5404,6.7793,7.102,7.0509,7.03,6.8884,6.7441,6.5863,6.4041,6.3982
669,6.0187,5.8008,5.6785,5.6397,5.6802,5.8661,6.2039,6.6036,6.895,6.7159,6.5071,6.2312,5.9039,6.2567,6.4569,6.6015,6.9383,6.9806,6.975,6.9136,6.7724,6.6182,6.4332,6.4148
670,6.0429,5.8162,5.6901,5.6494,5.702,5.87,6.1924,6.6021,6.9824,6.8576,6.6261,6.3039,5.9688,6.3609,6.6118,6.7616,6.9966,6.9729,6.9293,6.8431,6.734,6.5966,6.4369,6.403
671,6.0158,5.7889,5.6721,5.6385,5.7016,5.8629,6.19,6.6116,6.9764,6.7999,6.57,6.2744,5.9194,6.2816,6.4951,6.6501,6.9274,6.9419,6.9129,6.8668,6.7523,6.6034,6.416,6.3768
672,5.994,5.7856,5.6508,5.5894,5.6605,5.8282,6.1544,6.5365,6.867,6.7008,6.4736,6.2276,5.941,6.2838,6.5127,6.7031,6.9415,6.8838,6.8318,6.7066,6.6211,6.4949,6.3155,6.306
673,5.9155,5.6874,5.5532,5.4817,5.4858,5.5793,5.7095,5.7559,5.7982,5.6071,5.4485,5.3526,5.2511,5.4727,5.6991,5.8523,5.9523,6.0148,6.0675,6.044,5.9839,5.893,5.8152,5.799
674,5.4729,5.2307,5.1034,5.0261,5.048,5.131,5.2416,5.2628,5.3207,5.3636,5.3792,5.3094,5.2845,5.3161,5.3654,5.4582,5.6538,5.904,6.0054,5.9604,5.8999,5.8077,5.738,5.6785
675,5.3704,5.1572,5.0518,5.0346,5.1035,5.3156,5.7118,6.2384,6.8561,6.9945,6.9236,6.6784,6.3256,6.6699,6.7356,6.854,7.1165,7.1115,7.0487,6.8949,6.7593,6.5548,6.3832,6.3667
676,6.0179,5.7988,5.6874,5.6452,5.7055,5.8845,6.2385,6.6611,6.9882,6.805,6.6265,6.4639,6.2194,6.6254,6.8312,6.9688,7.2431,7.2259,7.1384,6.9908,6.8379,6.659,6.462,6.4653
677,6.0951,5.8673,5.7493,5.7185,5.7675,5.9196,6.2282,6.6421,7.0495,6.8972,6.6855,6.45,6.0914,6.3697,6.5677,6.8172,7.1687,7.1658,7.0853,6.9569,6.8406,6.6891,6.521,6.5134
678,6.1313,5.9098,5.7822,5.7351,5.7947,5.979,6.2872,6.6771,7.0478,6.8534,6.5978,6.3187,5.9621,6.3188,6.5678,6.8156,7.1619,7.1642,7.1343,6.9934,6.8589,6.6867,6.5088,6.5025
679,6.135,5.9171,5.796,5.7628,5.8201,5.9821,6.3025,6.7049,7.0186,6.7708,6.5143,6.224,5.8905,6.2089,6.435,6.7091,7.0458,7.0253,6.9509,6.7985,6.7014,6.5631,6.4114,6.4332
680,6.0674,5.8285,5.6918,5.6336,5.6513,5.7423,5.887,5.9488,5.9187,5.6135,5.4894,5.2979,5.1189,5.2328,5.3522,5.5623,5.8587,6.0247,6.0856,6.0326,5.9982,5.9199,5.8657,5.8858
681,5.5668,5.3161,5.1801,5.1245,5.1535,5.245,5.3557,5.3769,5.3162,5.1492,5.0805,5.0033,4.9713,5.1004,5.1954,5.3624,5.6048,5.877,6.0057,5.9923,5.9585,5.8747,5.8126,5.7564
682,5.4635,5.2571,5.1441,5.1263,5.1976,5.4098,5.8119,6.3695,6.9011,6.8476,6.7097,6.5228,6.2464,6.6162,6.845,6.9373,7.1811,7.1585,7.09,6.9239,6.7741,6.5908,6.4115,6.4108
683,6.0423,5.8164,5.6918,5.6443,5.6908,5.8596,6.1984,6.6806,7.2212,7.2592,7.1719,7.1263,6.924,7.2326,7.3327,7.3371,7.4117,7.3008,7.1874,7.004,6.8451,6.6394,6.4518,6.4687
684,6.0823,5.8448,5.7235,5.673,5.7252,5.9024,6.2366,6.689,7.1774,7.0342,6.7382,6.4553,6.1731,6.4763,6.6482,6.8682,7.171,7.1649,7.0801,6.9424,6.8463,6.6809,6.5142,6.5178
685,6.1344,5.9017,5.7722,5.7063,5.7598,5.9405,6.2755,6.7454,7.242,7.1987,6.9944,6.6766,6.1651,6.3953,6.6027,6.8711,7.1979,7.1935,7.1234,6.978,6.8486,6.7337,6.5612,6.5949
686,6.232,5.9753,5.8373,5.7647,5.82,6.0011,6.3083,6.7289,7.0886,6.9153,6.7049,6.4048,6.05,6.4216,6.6306,6.8116,7.0409,7.0015,6.9166,6.7817,6.6965,6.5424,6.383,6.4084
687,6.0395,5.7875,5.6507,5.5708,5.5978,5.705,5.8571,5.9524,5.9177,5.5619,5.4009,5.1892,4.986,5.1349,5.3179,5.6286,5.9623,6.1322,6.1907,6.151,6.1208,6.0613,6.0162,6.0652
688,5.75,5.5117,5.3726,5.3087,5.3412,5.4349,5.5529,5.5895,5.4099,5.0248,4.8938,4.6838,4.6154,4.8431,5.1821,5.4318,5.6834,5.9759,6.1147,6.0916,6.0395,5.9793,5.9282,5.8804
689,5.5772,5.3643,5.2507,5.2056,5.2936,5.4956,5.91,6.4898,7.1271,7.2111,7.2075,7.2111,6.9961,7.3022,7.3841,7.3906,7.4855,7.328,7.1553,6.9679,6.8003,6.6187,6.452,6.5212
690,6.1716,5.883,5.7262,5.6592,5.7001,5.848,6.1481,6.6042,7.2282,7.4024,7.416,7.2464,6.9236,7.1942,7.2835,7.4257,7.572,7.5237,7.3886,7.2038,7.0188,6.8205,6.6618,6.7214
691,6.3728,6.1603,6.0394,6.0206,6.0978,6.2835,6.6551,7.2423,7.9039,7.896,7.7306,7.5104,7.1567,7.5541,7.8128,7.9523,8.2117,8.1382,7.9112,7.684,7.4931,7.2652,7.0847,7.1207
692,6.76,6.5168,6.3772,6.3109,6.3592,6.5169,6.8718,7.4643,8.1412,8.1434,7.7989,7.4433,7.1057,7.5178,7.7887,8.0294,8.3052,8.2861,8.0393,7.8031,7.5676,7.3276,7.131,7.1854
693,6.8356,6.599,6.4683,6.4008,6.4276,6.5896,6.9339,7.5014,8.0829,7.9596,7.7252,7.4037,6.9617,7.2654,7.4212,7.5615,7.888,7.8352,7.716,7.5521,7.4069,7.1983,7.0331,7.1222
694,6.7989,6.5708,6.3886,6.219,6.1719,6.2223,6.3436,6.4647,6.6149,6.639,6.7442,6.6393,6.3674,6.4214,6.4392,6.4679,6.5815,6.6941,6.7325,6.6354,6.5387,6.4423,6.4053,6.4919
695,6.2018,5.96,5.813,5.7354,5.7575,5.8401,5.9512,6.0008,5.9282,5.7759,5.8454,5.7829,5.7388,5.8499,6.0084,6.1784,6.4258,6.7058,6.7707,6.7343,6.6613,6.5514,6.495,6.5208
696,6.2511,6.0322,5.8807,5.8234,5.893,6.1027,6.5451,7.28,8.212,8.399,8.2244,7.8786,7.4056,7.6318,7.7466,8.0038,8.3918,8.3521,8.0957,7.831,7.6016,7.3467,7.1397,7.2085
697,6.8959,6.6606,6.5439,6.4863,6.5489,6.6792,7.0016,7.5672,8.3328,8.4058,8.2664,8.0235,7.6006,7.8522,7.9766,8.1086,8.3318,8.2394,8.0005,7.7522,7.5355,7.2962,7.084,7.1132
698,6.7842,6.5378,6.394,6.318,6.3583,6.5204,6.8702,7.4864,8.2135,8.1604,7.8953,7.5875,7.202,7.5235,7.7297,7.8637,8.1153,8.0146,7.8027,7.5977,7.4135,7.1988,7.0307,7.1139
699,6.7713,6.5375,6.3961,6.3418,6.3984,6.5621,6.9377,7.5081,8.1462,8.0101,7.7291,7.3915,6.9273,7.2127,7.4298,7.7351,8.034,7.9986,7.8254,7.6181,7.4247,7.2275,7.0414,7.1135
700,6.7532,6.4993,6.3522,6.2871,6.3402,6.5055,6.8388,7.3836,8.1231,8.2223,8.0608,7.7585,7.2478,7.4673,7.5822,7.664,7.8243,7.7585,7.5866,7.3952,7.2589,7.0712,6.9284,7.0268
701,6.7035,6.4512,6.2932,6.197,6.2068,6.2873,6.4184,6.5678,6.685,6.5745,6.5248,6.4486,6.3385,6.5131,6.607,6.6276,6.6837,6.7446,6.7391,6.6577,6.5883,6.4727,6.4433,6.5426
702,6.2666,6.0224,5.8721,5.7868,5.8064,5.8817,5.9729,6.0274,5.9419,5.6161,5.4478,5.2424,5.1343,5.2146,5.383,5.721,6.1227,6.4732,6.5907,6.585,6.5403,6.4778,6.44,6.4592
703,6.1686,5.948,5.8192,5.7877,5.8726,6.0901,6.5269,7.2134,8.0706,8.1118,8.0063,7.8866,7.6949,8.0527,8.1874,8.2681,8.3311,8.1346,7.8773,7.6546,7.4075,7.1702,6.984,7.0563
704,6.7048,6.4584,6.3148,6.2561,6.2956,6.4671,6.8508,7.4239,8.1841,8.2477,8.1127,7.9636,7.669,8.0958,8.3337,8.4109,8.5195,8.3335,8.089,7.8541,7.6415,7.4256,7.2573,7.3586
705,7.043,6.807,6.6822,6.6237,6.679,6.8669,7.2642,7.9181,8.7915,9.0128,8.949,8.6924,8.1968,8.447,8.5738,8.7016,8.9023,8.7769,8.4744,8.2145,7.9794,7.7231,7.5142,7.5723
706,7.244,6.9845,6.8441,6.7866,6.8125,6.9576,7.3095,7.9294,8.7664,8.8874,8.7746,8.5332,8.1025,8.3684,8.5139,8.6728,8.8043,8.6155,8.3293,8.0762,7.8461,7.5712,7.3745,7.4674
707,7.127,6.8945,6.7558,6.7034,6.7421,6.8977,7.273,7.9238,8.754,8.9583,8.8698,8.6532,8.1693,8.4176,8.555,8.6415,8.7605,8.5804,8.2636,8.0114,7.839,7.5802,7.3919,7.4831
708,7.1489,6.8995,6.7432,6.6336,6.6373,6.7012,6.8484,7.0002,7.286,7.3495,7.3761,7.2514,6.9938,7.0551,7.0697,7.1656,7.3149,7.4303,7.4287,7.3409,7.2304,7.0932,7.0655,7.1979
709,6.9388,6.6943,6.5238,6.4151,6.4047,6.4655,6.5513,6.626,6.6608,6.5667,6.5831,6.4801,6.385,6.4008,6.4663,6.6506,6.9581,7.2827,7.3852,7.332,7.2172,7.0755,7.0334,7.0793
710,6.844,6.6394,6.5052,6.4314,6.4433,6.6404,7.0757,7.8559,8.8555,9.1287,9.0738,8.8817,8.4367,8.6698,8.8118,8.9694,9.171,9.0178,8.6735,8.3536,8.0684,7.7867,7.5701,7.6514
711,7.3211,7.1054,6.9589,6.8877,6.9326,7.0917,7.4682,8.1411,8.964,9.0571,8.8447,8.4994,7.9984,8.2066,8.3715,8.5731,8.847,8.7745,8.5111,8.2239,7.9841,7.7122,7.5068,7.5533
712,7.1796,6.9246,6.7584,6.6823,6.7085,6.8743,7.2271,7.8208,8.7281,9.1688,9.2698,9.1846,8.8084,9.0009,8.9653,8.8806,8.8582,8.6035,8.3409,8.0666,7.8503,7.6153,7.4355,7.5061
713,7.1784,6.9389,6.7937,6.7272,6.7751,6.9557,7.3479,7.9959,8.9092,9.2057,9.2221,9.0886,8.706,8.9773,9.0824,9.1793,9.2999,9.0947,8.7878,8.481,8.2204,7.9503,7.7331,7.8285
714,7.5118,7.2515,7.1093,7.0139,7.0321,7.1835,7.5399,8.1507,9.0692,9.423,9.4509,9.3058,8.9498,9.1672,9.238,9.2451,9.2712,8.9877,8.625,8.335,8.1088,7.8457,7.659,7.7525
715,7.4434,7.1959,7.0139,6.915,6.8867,6.9411,7.062,7.2168,7.4523,7.478,7.501,7.3484,7.072,7.0062,6.9708,7.054,7.2598,7.4331,7.4672,7.3648,7.2564,7.1316,7.1125,7.2569
716,6.9937,6.7459,6.5681,6.4622,6.4425,6.4901,6.5451,6.6074,6.6038,6.4261,6.346,6.1701,6.0365,5.9826,6.012,6.2543,6.6316,6.9844,7.1213,7.0947,7.0326,6.9611,6.9388,6.982
717,6.7335,6.5111,6.3624,6.2943,6.3585,6.5437,6.9907,7.7625,8.7439,8.9935,8.9643,8.795,8.4199,8.6117,8.6615,8.6946,8.8564,8.7635,8.4886,8.2297,7.9944,7.7346,7.5119,7.6132
718,7.2877,7.0447,6.9109,6.8404,6.8595,7.0221,7.4068,8.0656,8.8939,8.9282,8.6916,8.3461,7.831,8.0527,8.1912,8.3841,8.6932,8.6293,8.3992,8.1383,7.8954,7.6707,7.4789,7.569
719,7.2194,6.9662,6.8202,6.7248,6.7314,6.8857,7.2366,7.8593,8.7231,8.8939,8.6711,8.2911,7.8282,8.0761,8.2178,8.3821,8.6597,8.5708,8.323,8.0764,7.8771,7.6532,7.4738,7.5514
720,7.2264,6.9832,6.8351,6.7589,6.786,6.9475,7.295,7.9207,8.6768,8.6596,8.4063,8.0984,7.6569,7.8931,8.0329,8.2381,8.5033,8.428,8.1977,7.9555,7.7532,7.5247,7.3453,7.4209
721,7.1147,6.8454,6.6821,6.5939,6.6138,6.7425,7.0656,7.5861,8.3057,8.3307,8.0779,7.7706,7.3794,7.5095,7.5449,7.6046,7.7368,7.6969,7.5675,7.4092,7.3147,7.1419,7.0038,7.1345
722,6.8466,6.5855,6.4264,6.3306,6.3047,6.3597,6.4732,6.5674,6.6414,6.4342,6.3128,6.1293,5.9416,5.9263,5.964,6.1258,6.4499,6.7117,6.7909,6.7392,6.6648,6.5914,6.5739,6.7067
