,0,1,2,3,4,5,6,7,8,9,10,11,12,13,14,15,16,17,18,19,20,21,22,23,24,25,26,27,28,29,30,31,32,33,34,35,36,37,38,39,40,41,42,43,44,45,46,47,48,49,50,51,52,53,54,55,56,57,58,59,60,61,62,63,64,65,66,67,68,69,70,71,72,73,74,75,76,77,78,79,80,81,82,83,84,85,86,87,88,89,90,91,92,93,94,95,96,97,98,99,100,101,102,103,104,105,106,107,108,109,110,111,112,113,114,115,116,117,118,119,120,121,122,123,124,125,126,127,128,129,130,131,132,133,134,135,136,137,138,139,140,141,142,143,144,145,146,147,148,149,150,151,152,153,154,155,156,157,158,159,160,161,162,163,164,165,166,167
0,0.0,1.55,0.0,0.719,0.533,0.586,0.809,0.882,1.077,1.574,2.059,0.0,3.206,3.498,3.453,0.0,3.359,0.0,2.899,0.0,2.134,1.845,0.0,1.28,0.0,0.633,0.655,0.659,0.378,0.61,1.043,1.44,1.88,2.715,3.153,0.0,4.236,4.426,0.0,4.513,0.0,4.498,0.0,3.148,0.0,2.649,2.552,1.83,0.931,0.633,0.0,0.659,0.0,0.606,0.0,1.347,0.0,2.484,0.0,3.286,3.755,0.0,4.369,0.0,4.052,0.0,3.278,0.0,1.813,0.0,1.415,0.0,0.476,0.0,0.27,0.41,0.0,2.672,5.532,6.234,5.67,4.637,4.057,4.235,0.0,4.667,0.0,5.618,0.0,6.053,0.0,2.834,0.0,1.902,1.389,0.0,0.489,0.351,0.0,0.309,0.0,2.692,5.734,6.525,5.762,4.836,4.166,0.0,4.671,4.708,5.188,0.0,6.487,0.0,4.306,0.0,2.492,0.0,1.432,0.972,0.757,0.555,0.426,0.475,1.007,2.772,5.765,6.716,0.0,5.104,0.0,4.568,4.699,4.889,0.0,5.623,0.0,6.071,0.0,2.815,0.0,2.077,0.0,0.926,0.558,0.323,0.315,0.524,1.081,2.842,0.0,6.27,0.0,4.839,0.0,4.517,4.879,4.738,0.0,5.811,6.438,0.0,0.0,3.099,0.0,2.91,0.0,1.241
1,0.0,0.633,0.655,0.659,0.378,0.61,1.043,1.44,1.88,2.715,3.153,0.0,4.236,4.426,0.0,4.513,0.0,4.498,0.0,3.148,0.0,2.649,2.552,1.83,0.931,0.633,0.0,0.659,0.0,0.606,0.0,1.347,0.0,2.484,0.0,3.286,3.755,0.0,4.369,0.0,4.052,0.0,3.278,0.0,1.813,0.0,1.415,0.0,0.476,0.0,0.27,0.41,0.0,2.672,5.532,6.234,5.67,4.637,4.057,4.235,0.0,4.667,0.0,5.618,0.0,6.053,0.0,2.834,0.0,1.902,1.389,0.0,0.489,0.351,0.0,0.309,0.0,2.692,5.734,6.525,5.762,4.836,4.166,0.0,4.671,4.708,5.188,0.0,6.487,0.0,4.306,0.0,2.492,0.0,1.432,0.972,0.757,0.555,0.426,0.475,1.007,2.772,5.765,6.716,0.0,5.104,0.0,4.568,4.699,4.889,0.0,5.623,0.0,6.071,0.0,2.815,0.0,2.077,0.0,0.926,0.558,0.323,0.315,0.524,1.081,2.842,0.0,6.27,0.0,4.839,0.0,4.517,4.879,4.738,0.0,5.811,6.438,0.0,0.0,3.099,0.0,2.91,0.0,1.241,0.628,0.359,0.0,0.401,0.815,2.547,0.0,5.96,0.0,4.749,4.428,0.0,4.879,4.933,0.0,5.548,0.0,5.982,0.0,3.233,0.0,2.506,0.0,1.514
2,0.931,0.633,0.0,0.659,0.0,0.606,0.0,1.347,0.0,2.484,0.0,3.286,3.755,0.0,4.369,0.0,4.052,0.0,3.278,0.0,1.813,0.0,1.415,0.0,0.476,0.0,0.27,0.41,0.0,2.672,5.532,6.234,5.67,4.637,4.057,4.235,0.0,4.667,0.0,5.618,0.0,6.053,0.0,2.834,0.0,1.902,1.389,0.0,0.489,0.351,0.0,0.309,0.0,2.692,5.734,6.525,5.762,4.836,4.166,0.0,4.671,4.708,5.188,0.0,6.487,0.0,4.306,0.0,2.492,0.0,1.432,0.972,0.757,0.555,0.426,0.475,1.007,2.772,5.765,6.716,0.0,5.104,0.0,4.568,4.699,4.889,0.0,5.623,0.0,6.071,0.0,2.815,0.0,2.077,0.0,0.926,0.558,0.323,0.315,0.524,1.081,2.842,0.0,6.27,0.0,4.839,0.0,4.517,4.879,4.738,0.0,5.811,6.438,0.0,0.0,3.099,0.0,2.91,0.0,1.241,0.628,0.359,0.0,0.401,0.815,2.547,0.0,5.96,0.0,4.749,4.428,0.0,4.879,4.933,0.0,5.548,0.0,5.982,0.0,3.233,0.0,2.506,0.0,1.514,1.107,0.69,0.48,0.0,0.273,0.0,0.85,0.0,1.885,0.0,3.908,0.0,4.984,0.0,4.57,0.0,4.237,0.0,3.861,0.0,2.491,0.0,2.172,0.0
3,0.476,0.0,0.27,0.41,0.0,2.672,5.532,6.234,5.67,4.637,4.057,4.235,0.0,4.667,0.0,5.618,0.0,6.053,0.0,2.834,0.0,1.902,1.389,0.0,0.489,0.351,0.0,0.309,0.0,2.692,5.734,6.525,5.762,4.836,4.166,0.0,4.671,4.708,5.188,0.0,6.487,0.0,4.306,0.0,2.492,0.0,1.432,0.972,0.757,0.555,0.426,0.475,1.007,2.772,5.765,6.716,0.0,5.104,0.0,4.568,4.699,4.889,0.0,5.623,0.0,6.071,0.0,2.815,0.0,2.077,0.0,0.926,0.558,0.323,0.315,0.524,1.081,2.842,0.0,6.27,0.0,4.839,0.0,4.517,4.879,4.738,0.0,5.811,6.438,0.0,0.0,3.099,0.0,2.91,0.0,1.241,0.628,0.359,0.0,0.401,0.815,2.547,0.0,5.96,0.0,4.749,4.428,0.0,4.879,4.933,0.0,5.548,0.0,5.982,0.0,3.233,0.0,2.506,0.0,1.514,1.107,0.69,0.48,0.0,0.273,0.0,0.85,0.0,1.885,0.0,3.908,0.0,4.984,0.0,4.57,0.0,4.237,0.0,3.861,0.0,2.491,0.0,2.172,0.0,1.107,0.0,0.48,0.0,0.273,0.0,0.748,0.0,1.721,2.779,3.919,3.973,3.393,3.258,0.0,3.601,0.0,3.24,0.0,2.501,0.0,2.941,0.0,0.805
4,0.489,0.351,0.0,0.309,0.0,2.692,5.734,6.525,5.762,4.836,4.166,0.0,4.671,4.708,5.188,0.0,6.487,0.0,4.306,0.0,2.492,0.0,1.432,0.972,0.757,0.555,0.426,0.475,1.007,2.772,5.765,6.716,0.0,5.104,0.0,4.568,4.699,4.889,0.0,5.623,0.0,6.071,0.0,2.815,0.0,2.077,0.0,0.926,0.558,0.323,0.315,0.524,1.081,2.842,0.0,6.27,0.0,4.839,0.0,4.517,4.879,4.738,0.0,5.811,6.438,0.0,0.0,3.099,0.0,2.91,0.0,1.241,0.628,0.359,0.0,0.401,0.815,2.547,0.0,5.96,0.0,4.749,4.428,0.0,4.879,4.933,0.0,5.548,0.0,5.982,0.0,3.233,0.0,2.506,0.0,1.514,1.107,0.69,0.48,0.0,0.273,0.0,0.85,0.0,1.885,0.0,3.908,0.0,4.984,0.0,4.57,0.0,4.237,0.0,3.861,0.0,2.491,0.0,2.172,0.0,1.107,0.0,0.48,0.0,0.273,0.0,0.748,0.0,1.721,2.779,3.919,3.973,3.393,3.258,0.0,3.601,0.0,3.24,0.0,2.501,0.0,2.941,0.0,0.805,0.483,0.269,0.0,0.284,0.83,0.0,4.873,0.0,5.494,0.0,3.921,4.135,0.0,4.477,0.0,5.54,0.0,5.31,0.0,2.535,0.0,1.963,1.215,0.0
5,0.757,0.555,0.426,0.475,1.007,2.772,5.765,6.716,0.0,5.104,0.0,4.568,4.699,4.889,0.0,5.623,0.0,6.071,0.0,2.815,0.0,2.077,0.0,0.926,0.558,0.323,0.315,0.524,1.081,2.842,0.0,6.27,0.0,4.839,0.0,4.517,4.879,4.738,0.0,5.811,6.438,0.0,0.0,3.099,0.0,2.91,0.0,1.241,0.628,0.359,0.0,0.401,0.815,2.547,0.0,5.96,0.0,4.749,4.428,0.0,4.879,4.933,0.0,5.548,0.0,5.982,0.0,3.233,0.0,2.506,0.0,1.514,1.107,0.69,0.48,0.0,0.273,0.0,0.85,0.0,1.885,0.0,3.908,0.0,4.984,0.0,4.57,0.0,4.237,0.0,3.861,0.0,2.491,0.0,2.172,0.0,1.107,0.0,0.48,0.0,0.273,0.0,0.748,0.0,1.721,2.779,3.919,3.973,3.393,3.258,0.0,3.601,0.0,3.24,0.0,2.501,0.0,2.941,0.0,0.805,0.483,0.269,0.0,0.284,0.83,0.0,4.873,0.0,5.494,0.0,3.921,4.135,0.0,4.477,0.0,5.54,0.0,5.31,0.0,2.535,0.0,1.963,1.215,0.0,0.484,0.326,0.0,0.331,0.863,2.577,5.285,0.0,5.207,0.0,4.07,4.221,0.0,4.636,0.0,5.638,0.0,6.062,0.0,2.972,0.0,3.424,0.0,1.049
6,0.558,0.323,0.315,0.524,1.081,2.842,0.0,6.27,0.0,4.839,0.0,4.517,4.879,4.738,0.0,5.811,6.438,0.0,0.0,3.099,0.0,2.91,0.0,1.241,0.628,0.359,0.0,0.401,0.815,2.547,0.0,5.96,0.0,4.749,4.428,0.0,4.879,4.933,0.0,5.548,0.0,5.982,0.0,3.233,0.0,2.506,0.0,1.514,1.107,0.69,0.48,0.0,0.273,0.0,0.85,0.0,1.885,0.0,3.908,0.0,4.984,0.0,4.57,0.0,4.237,0.0,3.861,0.0,2.491,0.0,2.172,0.0,1.107,0.0,0.48,0.0,0.273,0.0,0.748,0.0,1.721,2.779,3.919,3.973,3.393,3.258,0.0,3.601,0.0,3.24,0.0,2.501,0.0,2.941,0.0,0.805,0.483,0.269,0.0,0.284,0.83,0.0,4.873,0.0,5.494,0.0,3.921,4.135,0.0,4.477,0.0,5.54,0.0,5.31,0.0,2.535,0.0,1.963,1.215,0.0,0.484,0.326,0.0,0.331,0.863,2.577,5.285,0.0,5.207,0.0,4.07,4.221,0.0,4.636,0.0,5.638,0.0,6.062,0.0,2.972,0.0,3.424,0.0,1.049,0.655,0.0,0.486,0.0,0.948,0.0,5.587,0.0,6.191,0.0,4.222,0.0,4.639,0.0,5.167,0.0,6.636,0.0,4.648,0.0,2.702,0.0,1.587,1.049
7,0.628,0.359,0.0,0.401,0.815,2.547,0.0,5.96,0.0,4.749,4.428,0.0,4.879,4.933,0.0,5.548,0.0,5.982,0.0,3.233,0.0,2.506,0.0,1.514,1.107,0.69,0.48,0.0,0.273,0.0,0.85,0.0,1.885,0.0,3.908,0.0,4.984,0.0,4.57,0.0,4.237,0.0,3.861,0.0,2.491,0.0,2.172,0.0,1.107,0.0,0.48,0.0,0.273,0.0,0.748,0.0,1.721,2.779,3.919,3.973,3.393,3.258,0.0,3.601,0.0,3.24,0.0,2.501,0.0,2.941,0.0,0.805,0.483,0.269,0.0,0.284,0.83,0.0,4.873,0.0,5.494,0.0,3.921,4.135,0.0,4.477,0.0,5.54,0.0,5.31,0.0,2.535,0.0,1.963,1.215,0.0,0.484,0.326,0.0,0.331,0.863,2.577,5.285,0.0,5.207,0.0,4.07,4.221,0.0,4.636,0.0,5.638,0.0,6.062,0.0,2.972,0.0,3.424,0.0,1.049,0.655,0.0,0.486,0.0,0.948,0.0,5.587,0.0,6.191,0.0,4.222,0.0,4.639,0.0,5.167,0.0,6.636,0.0,4.648,0.0,2.702,0.0,1.587,1.049,0.0,0.351,0.0,0.0,0.835,0.0,5.136,0.0,5.714,0.0,4.297,0.0,4.754,0.0,5.462,0.0,6.713,0.0,4.437,0.0,2.826,0.0,1.871,0.0
8,1.107,0.69,0.48,0.0,0.273,0.0,0.85,0.0,1.885,0.0,3.908,0.0,4.984,0.0,4.57,0.0,4.237,0.0,3.861,0.0,2.491,0.0,2.172,0.0,1.107,0.0,0.48,0.0,0.273,0.0,0.748,0.0,1.721,2.779,3.919,3.973,3.393,3.258,0.0,3.601,0.0,3.24,0.0,2.501,0.0,2.941,0.0,0.805,0.483,0.269,0.0,0.284,0.83,0.0,4.873,0.0,5.494,0.0,3.921,4.135,0.0,4.477,0.0,5.54,0.0,5.31,0.0,2.535,0.0,1.963,1.215,0.0,0.484,0.326,0.0,0.331,0.863,2.577,5.285,0.0,5.207,0.0,4.07,4.221,0.0,4.636,0.0,5.638,0.0,6.062,0.0,2.972,0.0,3.424,0.0,1.049,0.655,0.0,0.486,0.0,0.948,0.0,5.587,0.0,6.191,0.0,4.222,0.0,4.639,0.0,5.167,0.0,6.636,0.0,4.648,0.0,2.702,0.0,1.587,1.049,0.0,0.351,0.0,0.0,0.835,0.0,5.136,0.0,5.714,0.0,4.297,0.0,4.754,0.0,5.462,0.0,6.713,0.0,4.437,0.0,2.826,0.0,1.871,0.0,0.753,0.481,0.0,0.0,0.829,0.0,5.394,0.0,5.502,0.0,4.447,0.0,5.154,0.0,5.563,0.0,6.483,0.0,4.799,0.0,2.942,0.0,3.324,1.7
9,1.107,0.0,0.48,0.0,0.273,0.0,0.748,0.0,1.721,2.779,3.919,3.973,3.393,3.258,0.0,3.601,0.0,3.24,0.0,2.501,0.0,2.941,0.0,0.805,0.483,0.269,0.0,0.284,0.83,0.0,4.873,0.0,5.494,0.0,3.921,4.135,0.0,4.477,0.0,5.54,0.0,5.31,0.0,2.535,0.0,1.963,1.215,0.0,0.484,0.326,0.0,0.331,0.863,2.577,5.285,0.0,5.207,0.0,4.07,4.221,0.0,4.636,0.0,5.638,0.0,6.062,0.0,2.972,0.0,3.424,0.0,1.049,0.655,0.0,0.486,0.0,0.948,0.0,5.587,0.0,6.191,0.0,4.222,0.0,4.639,0.0,5.167,0.0,6.636,0.0,4.648,0.0,2.702,0.0,1.587,1.049,0.0,0.351,0.0,0.0,0.835,0.0,5.136,0.0,5.714,0.0,4.297,0.0,4.754,0.0,5.462,0.0,6.713,0.0,4.437,0.0,2.826,0.0,1.871,0.0,0.753,0.481,0.0,0.0,0.829,0.0,5.394,0.0,5.502,0.0,4.447,0.0,5.154,0.0,5.563,0.0,6.483,0.0,4.799,0.0,2.942,0.0,3.324,1.7,1.467,1.033,0.738,0.0,0.0,0.688,1.211,1.87,2.603,0.0,3.746,4.207,4.601,0.0,4.632,0.0,4.636,0.0,3.917,0.0,2.683,0.0,2.349,2.082
10,0.483,0.269,0.0,0.284,0.83,0.0,4.873,0.0,5.494,0.0,3.921,4.135,0.0,4.477,0.0,5.54,0.0,5.31,0.0,2.535,0.0,1.963,1.215,0.0,0.484,0.326,0.0,0.331,0.863,2.577,5.285,0.0,5.207,0.0,4.07,4.221,0.0,4.636,0.0,5.638,0.0,6.062,0.0,2.972,0.0,3.424,0.0,1.049,0.655,0.0,0.486,0.0,0.948,0.0,5.587,0.0,6.191,0.0,4.222,0.0,4.639,0.0,5.167,0.0,6.636,0.0,4.648,0.0,2.702,0.0,1.587,1.049,0.0,0.351,0.0,0.0,0.835,0.0,5.136,0.0,5.714,0.0,4.297,0.0,4.754,0.0,5.462,0.0,6.713,0.0,4.437,0.0,2.826,0.0,1.871,0.0,0.753,0.481,0.0,0.0,0.829,0.0,5.394,0.0,5.502,0.0,4.447,0.0,5.154,0.0,5.563,0.0,6.483,0.0,4.799,0.0,2.942,0.0,3.324,1.7,1.467,1.033,0.738,0.0,0.0,0.688,1.211,1.87,2.603,0.0,3.746,4.207,4.601,0.0,4.632,0.0,4.636,0.0,3.917,0.0,2.683,0.0,2.349,2.082,1.065,0.0,0.644,0.343,0.466,0.0,0.929,1.43,1.988,2.524,2.857,3.172,0.0,3.954,3.746,0.0,3.749,0.0,2.891,0.0,2.084,0.0,1.284,0.977
11,0.484,0.326,0.0,0.331,0.863,2.577,5.285,0.0,5.207,0.0,4.07,4.221,0.0,4.636,0.0,5.638,0.0,6.062,0.0,2.972,0.0,3.424,0.0,1.049,0.655,0.0,0.486,0.0,0.948,0.0,5.587,0.0,6.191,0.0,4.222,0.0,4.639,0.0,5.167,0.0,6.636,0.0,4.648,0.0,2.702,0.0,1.587,1.049,0.0,0.351,0.0,0.0,0.835,0.0,5.136,0.0,5.714,0.0,4.297,0.0,4.754,0.0,5.462,0.0,6.713,0.0,4.437,0.0,2.826,0.0,1.871,0.0,0.753,0.481,0.0,0.0,0.829,0.0,5.394,0.0,5.502,0.0,4.447,0.0,5.154,0.0,5.563,0.0,6.483,0.0,4.799,0.0,2.942,0.0,3.324,1.7,1.467,1.033,0.738,0.0,0.0,0.688,1.211,1.87,2.603,0.0,3.746,4.207,4.601,0.0,4.632,0.0,4.636,0.0,3.917,0.0,2.683,0.0,2.349,2.082,1.065,0.0,0.644,0.343,0.466,0.0,0.929,1.43,1.988,2.524,2.857,3.172,0.0,3.954,3.746,0.0,3.749,0.0,2.891,0.0,2.084,0.0,1.284,0.977,0.0,0.335,0.263,0.0,0.0,2.124,4.199,4.193,3.497,3.709,0.0,3.919,4.133,0.0,4.738,0.0,4.883,0.0,3.669,0.0,2.141,0.0,1.416,0.0
12,0.655,0.0,0.486,0.0,0.948,0.0,5.587,0.0,6.191,0.0,4.222,0.0,4.639,0.0,5.167,0.0,6.636,0.0,4.648,0.0,2.702,0.0,1.587,1.049,0.0,0.351,0.0,0.0,0.835,0.0,5.136,0.0,5.714,0.0,4.297,0.0,4.754,0.0,5.462,0.0,6.713,0.0,4.437,0.0,2.826,0.0,1.871,0.0,0.753,0.481,0.0,0.0,0.829,0.0,5.394,0.0,5.502,0.0,4.447,0.0,5.154,0.0,5.563,0.0,6.483,0.0,4.799,0.0,2.942,0.0,3.324,1.7,1.467,1.033,0.738,0.0,0.0,0.688,1.211,1.87,2.603,0.0,3.746,4.207,4.601,0.0,4.632,0.0,4.636,0.0,3.917,0.0,2.683,0.0,2.349,2.082,1.065,0.0,0.644,0.343,0.466,0.0,0.929,1.43,1.988,2.524,2.857,3.172,0.0,3.954,3.746,0.0,3.749,0.0,2.891,0.0,2.084,0.0,1.284,0.977,0.0,0.335,0.263,0.0,0.0,2.124,4.199,4.193,3.497,3.709,0.0,3.919,4.133,0.0,4.738,0.0,4.883,0.0,3.669,0.0,2.141,0.0,1.416,0.0,0.775,0.0,0.52,0.0,1.144,0.0,5.669,0.0,5.883,0.0,4.416,0.0,4.757,0.0,5.079,0.0,6.735,0.0,4.51,0.0,2.66,2.388,0.0,0.997
13,0.0,0.351,0.0,0.0,0.835,0.0,5.136,0.0,5.714,0.0,4.297,0.0,4.754,0.0,5.462,0.0,6.713,0.0,4.437,0.0,2.826,0.0,1.871,0.0,0.753,0.481,0.0,0.0,0.829,0.0,5.394,0.0,5.502,0.0,4.447,0.0,5.154,0.0,5.563,0.0,6.483,0.0,4.799,0.0,2.942,0.0,3.324,1.7,1.467,1.033,0.738,0.0,0.0,0.688,1.211,1.87,2.603,0.0,3.746,4.207,4.601,0.0,4.632,0.0,4.636,0.0,3.917,0.0,2.683,0.0,2.349,2.082,1.065,0.0,0.644,0.343,0.466,0.0,0.929,1.43,1.988,2.524,2.857,3.172,0.0,3.954,3.746,0.0,3.749,0.0,2.891,0.0,2.084,0.0,1.284,0.977,0.0,0.335,0.263,0.0,0.0,2.124,4.199,4.193,3.497,3.709,0.0,3.919,4.133,0.0,4.738,0.0,4.883,0.0,3.669,0.0,2.141,0.0,1.416,0.0,0.775,0.0,0.52,0.0,1.144,0.0,5.669,0.0,5.883,0.0,4.416,0.0,4.757,0.0,5.079,0.0,6.735,0.0,4.51,0.0,2.66,2.388,0.0,0.997,0.0,0.319,0.254,0.345,0.0,2.593,0.0,5.705,0.0,5.122,4.402,0.0,4.688,4.74,0.0,5.661,0.0,6.494,0.0,3.183,0.0,2.338,0.0,1.017
14,0.753,0.481,0.0,0.0,0.829,0.0,5.394,0.0,5.502,0.0,4.447,0.0,5.154,0.0,5.563,0.0,6.483,0.0,4.799,0.0,2.942,0.0,3.324,1.7,1.467,1.033,0.738,0.0,0.0,0.688,1.211,1.87,2.603,0.0,3.746,4.207,4.601,0.0,4.632,0.0,4.636,0.0,3.917,0.0,2.683,0.0,2.349,2.082,1.065,0.0,0.644,0.343,0.466,0.0,0.929,1.43,1.988,2.524,2.857,3.172,0.0,3.954,3.746,0.0,3.749,0.0,2.891,0.0,2.084,0.0,1.284,0.977,0.0,0.335,0.263,0.0,0.0,2.124,4.199,4.193,3.497,3.709,0.0,3.919,4.133,0.0,4.738,0.0,4.883,0.0,3.669,0.0,2.141,0.0,1.416,0.0,0.775,0.0,0.52,0.0,1.144,0.0,5.669,0.0,5.883,0.0,4.416,0.0,4.757,0.0,5.079,0.0,6.735,0.0,4.51,0.0,2.66,2.388,0.0,0.997,0.0,0.319,0.254,0.345,0.0,2.593,0.0,5.705,0.0,5.122,4.402,0.0,4.688,4.74,0.0,5.661,0.0,6.494,0.0,3.183,0.0,2.338,0.0,1.017,0.539,0.335,0.0,0.319,0.874,0.0,0.0,6.227,0.0,4.823,0.0,4.545,4.906,0.0,5.246,0.0,6.708,0.0,4.269,0.0,2.998,0.0,2.01,0.0
15,1.467,1.033,0.738,0.0,0.0,0.688,1.211,1.87,2.603,0.0,3.746,4.207,4.601,0.0,4.632,0.0,4.636,0.0,3.917,0.0,2.683,0.0,2.349,2.082,1.065,0.0,0.644,0.343,0.466,0.0,0.929,1.43,1.988,2.524,2.857,3.172,0.0,3.954,3.746,0.0,3.749,0.0,2.891,0.0,2.084,0.0,1.284,0.977,0.0,0.335,0.263,0.0,0.0,2.124,4.199,4.193,3.497,3.709,0.0,3.919,4.133,0.0,4.738,0.0,4.883,0.0,3.669,0.0,2.141,0.0,1.416,0.0,0.775,0.0,0.52,0.0,1.144,0.0,5.669,0.0,5.883,0.0,4.416,0.0,4.757,0.0,5.079,0.0,6.735,0.0,4.51,0.0,2.66,2.388,0.0,0.997,0.0,0.319,0.254,0.345,0.0,2.593,0.0,5.705,0.0,5.122,4.402,0.0,4.688,4.74,0.0,5.661,0.0,6.494,0.0,3.183,0.0,2.338,0.0,1.017,0.539,0.335,0.0,0.319,0.874,0.0,0.0,6.227,0.0,4.823,0.0,4.545,4.906,0.0,5.246,0.0,6.708,0.0,4.269,0.0,2.998,0.0,2.01,0.0,0.85,0.0,0.585,0.0,0.966,0.0,5.538,0.0,5.46,0.0,4.469,0.0,5.346,0.0,5.529,0.0,6.63,0.0,4.66,0.0,2.89,0.0,2.837,1.894
16,1.065,0.0,0.644,0.343,0.466,0.0,0.929,1.43,1.988,2.524,2.857,3.172,0.0,3.954,3.746,0.0,3.749,0.0,2.891,0.0,2.084,0.0,1.284,0.977,0.0,0.335,0.263,0.0,0.0,2.124,4.199,4.193,3.497,3.709,0.0,3.919,4.133,0.0,4.738,0.0,4.883,0.0,3.669,0.0,2.141,0.0,1.416,0.0,0.775,0.0,0.52,0.0,1.144,0.0,5.669,0.0,5.883,0.0,4.416,0.0,4.757,0.0,5.079,0.0,6.735,0.0,4.51,0.0,2.66,2.388,0.0,0.997,0.0,0.319,0.254,0.345,0.0,2.593,0.0,5.705,0.0,5.122,4.402,0.0,4.688,4.74,0.0,5.661,0.0,6.494,0.0,3.183,0.0,2.338,0.0,1.017,0.539,0.335,0.0,0.319,0.874,0.0,0.0,6.227,0.0,4.823,0.0,4.545,4.906,0.0,5.246,0.0,6.708,0.0,4.269,0.0,2.998,0.0,2.01,0.0,0.85,0.0,0.585,0.0,0.966,0.0,5.538,0.0,5.46,0.0,4.469,0.0,5.346,0.0,5.529,0.0,6.63,0.0,4.66,0.0,2.89,0.0,2.837,1.894,1.313,0.827,0.0,0.44,0.0,1.173,0.0,1.508,0.0,3.33,0.0,4.385,4.806,0.0,4.61,0.0,4.894,0.0,4.253,0.0,2.789,0.0,3.965,2.034
17,0.0,0.335,0.263,0.0,0.0,2.124,4.199,4.193,3.497,3.709,0.0,3.919,4.133,0.0,4.738,0.0,4.883,0.0,3.669,0.0,2.141,0.0,1.416,0.0,0.775,0.0,0.52,0.0,1.144,0.0,5.669,0.0,5.883,0.0,4.416,0.0,4.757,0.0,5.079,0.0,6.735,0.0,4.51,0.0,2.66,2.388,0.0,0.997,0.0,0.319,0.254,0.345,0.0,2.593,0.0,5.705,0.0,5.122,4.402,0.0,4.688,4.74,0.0,5.661,0.0,6.494,0.0,3.183,0.0,2.338,0.0,1.017,0.539,0.335,0.0,0.319,0.874,0.0,0.0,6.227,0.0,4.823,0.0,4.545,4.906,0.0,5.246,0.0,6.708,0.0,4.269,0.0,2.998,0.0,2.01,0.0,0.85,0.0,0.585,0.0,0.966,0.0,5.538,0.0,5.46,0.0,4.469,0.0,5.346,0.0,5.529,0.0,6.63,0.0,4.66,0.0,2.89,0.0,2.837,1.894,1.313,0.827,0.0,0.44,0.0,1.173,0.0,1.508,0.0,3.33,0.0,4.385,4.806,0.0,4.61,0.0,4.894,0.0,4.253,0.0,2.789,0.0,3.965,2.034,1.313,0.827,0.664,0.44,0.0,0.52,0.825,0.0,1.895,0.0,3.093,3.59,0.0,4.166,0.0,3.865,0.0,4.12,0.0,2.702,0.0,2.463,0.0,1.035
18,0.775,0.0,0.52,0.0,1.144,0.0,5.669,0.0,5.883,0.0,4.416,0.0,4.757,0.0,5.079,0.0,6.735,0.0,4.51,0.0,2.66,2.388,0.0,0.997,0.0,0.319,0.254,0.345,0.0,2.593,0.0,5.705,0.0,5.122,4.402,0.0,4.688,4.74,0.0,5.661,0.0,6.494,0.0,3.183,0.0,2.338,0.0,1.017,0.539,0.335,0.0,0.319,0.874,0.0,0.0,6.227,0.0,4.823,0.0,4.545,4.906,0.0,5.246,0.0,6.708,0.0,4.269,0.0,2.998,0.0,2.01,0.0,0.85,0.0,0.585,0.0,0.966,0.0,5.538,0.0,5.46,0.0,4.469,0.0,5.346,0.0,5.529,0.0,6.63,0.0,4.66,0.0,2.89,0.0,2.837,1.894,1.313,0.827,0.0,0.44,0.0,1.173,0.0,1.508,0.0,3.33,0.0,4.385,4.806,0.0,4.61,0.0,4.894,0.0,4.253,0.0,2.789,0.0,3.965,2.034,1.313,0.827,0.664,0.44,0.0,0.52,0.825,0.0,1.895,0.0,3.093,3.59,0.0,4.166,0.0,3.865,0.0,4.12,0.0,2.702,0.0,2.463,0.0,1.035,0.461,0.0,0.26,0.322,0.0,0.0,5.034,5.511,0.0,4.801,4.1,0.0,4.326,0.0,4.805,0.0,6.309,0.0,4.332,0.0,2.303,0.0,2.826,1.598
19,0.0,0.319,0.254,0.345,0.0,2.593,0.0,5.705,0.0,5.122,4.402,0.0,4.688,4.74,0.0,5.661,0.0,6.494,0.0,3.183,0.0,2.338,0.0,1.017,0.539,0.335,0.0,0.319,0.874,0.0,0.0,6.227,0.0,4.823,0.0,4.545,4.906,0.0,5.246,0.0,6.708,0.0,4.269,0.0,2.998,0.0,2.01,0.0,0.85,0.0,0.585,0.0,0.966,0.0,5.538,0.0,5.46,0.0,4.469,0.0,5.346,0.0,5.529,0.0,6.63,0.0,4.66,0.0,2.89,0.0,2.837,1.894,1.313,0.827,0.0,0.44,0.0,1.173,0.0,1.508,0.0,3.33,0.0,4.385,4.806,0.0,4.61,0.0,4.894,0.0,4.253,0.0,2.789,0.0,3.965,2.034,1.313,0.827,0.664,0.44,0.0,0.52,0.825,0.0,1.895,0.0,3.093,3.59,0.0,4.166,0.0,3.865,0.0,4.12,0.0,2.702,0.0,2.463,0.0,1.035,0.461,0.0,0.26,0.322,0.0,0.0,5.034,5.511,0.0,4.801,4.1,0.0,4.326,0.0,4.805,0.0,6.309,0.0,4.332,0.0,2.303,0.0,2.826,1.598,0.0,0.314,0.279,0.326,0.0,2.747,0.0,5.407,0.0,4.915,0.0,4.148,4.541,0.0,5.067,0.0,6.6,0.0,4.439,0.0,3.703,0.0,1.745,0.995
20,0.539,0.335,0.0,0.319,0.874,0.0,0.0,6.227,0.0,4.823,0.0,4.545,4.906,0.0,5.246,0.0,6.708,0.0,4.269,0.0,2.998,0.0,2.01,0.0,0.85,0.0,0.585,0.0,0.966,0.0,5.538,0.0,5.46,0.0,4.469,0.0,5.346,0.0,5.529,0.0,6.63,0.0,4.66,0.0,2.89,0.0,2.837,1.894,1.313,0.827,0.0,0.44,0.0,1.173,0.0,1.508,0.0,3.33,0.0,4.385,4.806,0.0,4.61,0.0,4.894,0.0,4.253,0.0,2.789,0.0,3.965,2.034,1.313,0.827,0.664,0.44,0.0,0.52,0.825,0.0,1.895,0.0,3.093,3.59,0.0,4.166,0.0,3.865,0.0,4.12,0.0,2.702,0.0,2.463,0.0,1.035,0.461,0.0,0.26,0.322,0.0,0.0,5.034,5.511,0.0,4.801,4.1,0.0,4.326,0.0,4.805,0.0,6.309,0.0,4.332,0.0,2.303,0.0,2.826,1.598,0.0,0.314,0.279,0.326,0.0,2.747,0.0,5.407,0.0,4.915,0.0,4.148,4.541,0.0,5.067,0.0,6.6,0.0,4.439,0.0,3.703,0.0,1.745,0.995,0.55,0.0,0.274,0.345,0.844,0.0,5.876,6.507,6.312,0.0,4.355,0.0,4.706,4.805,0.0,0.0,6.649,0.0,4.689,0.0,2.726,2.481,1.684,0.955
21,0.85,0.0,0.585,0.0,0.966,0.0,5.538,0.0,5.46,0.0,4.469,0.0,5.346,0.0,5.529,0.0,6.63,0.0,4.66,0.0,2.89,0.0,2.837,1.894,1.313,0.827,0.0,0.44,0.0,1.173,0.0,1.508,0.0,3.33,0.0,4.385,4.806,0.0,4.61,0.0,4.894,0.0,4.253,0.0,2.789,0.0,3.965,2.034,1.313,0.827,0.664,0.44,0.0,0.52,0.825,0.0,1.895,0.0,3.093,3.59,0.0,4.166,0.0,3.865,0.0,4.12,0.0,2.702,0.0,2.463,0.0,1.035,0.461,0.0,0.26,0.322,0.0,0.0,5.034,5.511,0.0,4.801,4.1,0.0,4.326,0.0,4.805,0.0,6.309,0.0,4.332,0.0,2.303,0.0,2.826,1.598,0.0,0.314,0.279,0.326,0.0,2.747,0.0,5.407,0.0,4.915,0.0,4.148,4.541,0.0,5.067,0.0,6.6,0.0,4.439,0.0,3.703,0.0,1.745,0.995,0.55,0.0,0.274,0.345,0.844,0.0,5.876,6.507,6.312,0.0,4.355,0.0,4.706,4.805,0.0,0.0,6.649,0.0,4.689,0.0,2.726,2.481,1.684,0.955,0.544,0.365,0.0,0.347,0.0,2.729,5.713,6.583,5.815,0.0,4.488,4.644,5.033,4.955,0.0,5.834,0.0,6.18,0.0,3.402,0.0,2.9,2.098,1.273
22,1.313,0.827,0.0,0.44,0.0,1.173,0.0,1.508,0.0,3.33,0.0,4.385,4.806,0.0,4.61,0.0,4.894,0.0,4.253,0.0,2.789,0.0,3.965,2.034,1.313,0.827,0.664,0.44,0.0,0.52,0.825,0.0,1.895,0.0,3.093,3.59,0.0,4.166,0.0,3.865,0.0,4.12,0.0,2.702,0.0,2.463,0.0,1.035,0.461,0.0,0.26,0.322,0.0,0.0,5.034,5.511,0.0,4.801,4.1,0.0,4.326,0.0,4.805,0.0,6.309,0.0,4.332,0.0,2.303,0.0,2.826,1.598,0.0,0.314,0.279,0.326,0.0,2.747,0.0,5.407,0.0,4.915,0.0,4.148,4.541,0.0,5.067,0.0,6.6,0.0,4.439,0.0,3.703,0.0,1.745,0.995,0.55,0.0,0.274,0.345,0.844,0.0,5.876,6.507,6.312,0.0,4.355,0.0,4.706,4.805,0.0,0.0,6.649,0.0,4.689,0.0,2.726,2.481,1.684,0.955,0.544,0.365,0.0,0.347,0.0,2.729,5.713,6.583,5.815,0.0,4.488,4.644,5.033,4.955,0.0,5.834,0.0,6.18,0.0,3.402,0.0,2.9,2.098,1.273,0.649,0.416,0.286,0.384,0.792,2.569,5.473,6.425,5.591,4.809,4.439,5.04,5.428,5.223,0.0,6.042,6.536,6.047,0.0,3.653,0.0,2.834,2.518,1.622
23,1.313,0.827,0.664,0.44,0.0,0.52,0.825,0.0,1.895,0.0,3.093,3.59,0.0,4.166,0.0,3.865,0.0,4.12,0.0,2.702,0.0,2.463,0.0,1.035,0.461,0.0,0.26,0.322,0.0,0.0,5.034,5.511,0.0,4.801,4.1,0.0,4.326,0.0,4.805,0.0,6.309,0.0,4.332,0.0,2.303,0.0,2.826,1.598,0.0,0.314,0.279,0.326,0.0,2.747,0.0,5.407,0.0,4.915,0.0,4.148,4.541,0.0,5.067,0.0,6.6,0.0,4.439,0.0,3.703,0.0,1.745,0.995,0.55,0.0,0.274,0.345,0.844,0.0,5.876,6.507,6.312,0.0,4.355,0.0,4.706,4.805,0.0,0.0,6.649,0.0,4.689,0.0,2.726,2.481,1.684,0.955,0.544,0.365,0.0,0.347,0.0,2.729,5.713,6.583,5.815,0.0,4.488,4.644,5.033,4.955,0.0,5.834,0.0,6.18,0.0,3.402,0.0,2.9,2.098,1.273,0.649,0.416,0.286,0.384,0.792,2.569,5.473,6.425,5.591,4.809,4.439,5.04,5.428,5.223,0.0,6.042,6.536,6.047,0.0,3.653,0.0,2.834,2.518,1.622,1.267,0.85,0.664,0.469,0.408,0.0,0.0,1.606,0.0,0.0,4.379,0.0,0.0,4.866,0.0,5.051,0.0,0.0,5.145,0.0,0.0,3.045,0.0,0.0
24,0.461,0.0,0.26,0.322,0.0,0.0,5.034,5.511,0.0,4.801,4.1,0.0,4.326,0.0,4.805,0.0,6.309,0.0,4.332,0.0,2.303,0.0,2.826,1.598,0.0,0.314,0.279,0.326,0.0,2.747,0.0,5.407,0.0,4.915,0.0,4.148,4.541,0.0,5.067,0.0,6.6,0.0,4.439,0.0,3.703,0.0,1.745,0.995,0.55,0.0,0.274,0.345,0.844,0.0,5.876,6.507,6.312,0.0,4.355,0.0,4.706,4.805,0.0,0.0,6.649,0.0,4.689,0.0,2.726,2.481,1.684,0.955,0.544,0.365,0.0,0.347,0.0,2.729,5.713,6.583,5.815,0.0,4.488,4.644,5.033,4.955,0.0,5.834,0.0,6.18,0.0,3.402,0.0,2.9,2.098,1.273,0.649,0.416,0.286,0.384,0.792,2.569,5.473,6.425,5.591,4.809,4.439,5.04,5.428,5.223,0.0,6.042,6.536,6.047,0.0,3.653,0.0,2.834,2.518,1.622,1.267,0.85,0.664,0.469,0.408,0.0,0.0,1.606,0.0,0.0,4.379,0.0,0.0,4.866,0.0,5.051,0.0,0.0,5.145,0.0,0.0,3.045,0.0,0.0,1.267,0.0,0.642,0.0,0.401,0.516,0.858,1.198,2.231,0.0,3.476,3.684,0.0,4.794,0.0,4.929,4.917,0.0,0.0,3.067,0.0,2.02,1.45,0.0
25,0.0,0.314,0.279,0.326,0.0,2.747,0.0,5.407,0.0,4.915,0.0,4.148,4.541,0.0,5.067,0.0,6.6,0.0,4.439,0.0,3.703,0.0,1.745,0.995,0.55,0.0,0.274,0.345,0.844,0.0,5.876,6.507,6.312,0.0,4.355,0.0,4.706,4.805,0.0,0.0,6.649,0.0,4.689,0.0,2.726,2.481,1.684,0.955,0.544,0.365,0.0,0.347,0.0,2.729,5.713,6.583,5.815,0.0,4.488,4.644,5.033,4.955,0.0,5.834,0.0,6.18,0.0,3.402,0.0,2.9,2.098,1.273,0.649,0.416,0.286,0.384,0.792,2.569,5.473,6.425,5.591,4.809,4.439,5.04,5.428,5.223,0.0,6.042,6.536,6.047,0.0,3.653,0.0,2.834,2.518,1.622,1.267,0.85,0.664,0.469,0.408,0.0,0.0,1.606,0.0,0.0,4.379,0.0,0.0,4.866,0.0,5.051,0.0,0.0,5.145,0.0,0.0,3.045,0.0,0.0,1.267,0.0,0.642,0.0,0.401,0.516,0.858,1.198,2.231,0.0,3.476,3.684,0.0,4.794,0.0,4.929,4.917,0.0,0.0,3.067,0.0,2.02,1.45,0.0,0.54,0.312,0.0,0.34,0.0,2.862,0.0,6.323,0.0,5.128,0.0,4.584,4.739,4.756,0.0,5.642,0.0,6.071,4.412,3.096,0.0,2.174,1.569,0.0
26,0.55,0.0,0.274,0.345,0.844,0.0,5.876,6.507,6.312,0.0,4.355,0.0,4.706,4.805,0.0,0.0,6.649,0.0,4.689,0.0,2.726,2.481,1.684,0.955,0.544,0.365,0.0,0.347,0.0,2.729,5.713,6.583,5.815,0.0,4.488,4.644,5.033,4.955,0.0,5.834,0.0,6.18,0.0,3.402,0.0,2.9,2.098,1.273,0.649,0.416,0.286,0.384,0.792,2.569,5.473,6.425,5.591,4.809,4.439,5.04,5.428,5.223,0.0,6.042,6.536,6.047,0.0,3.653,0.0,2.834,2.518,1.622,1.267,0.85,0.664,0.469,0.408,0.0,0.0,1.606,0.0,0.0,4.379,0.0,0.0,4.866,0.0,5.051,0.0,0.0,5.145,0.0,0.0,3.045,0.0,0.0,1.267,0.0,0.642,0.0,0.401,0.516,0.858,1.198,2.231,0.0,3.476,3.684,0.0,4.794,0.0,4.929,4.917,0.0,0.0,3.067,0.0,2.02,1.45,0.0,0.54,0.312,0.0,0.34,0.0,2.862,0.0,6.323,0.0,5.128,0.0,4.584,4.739,4.756,0.0,5.642,0.0,6.071,4.412,3.096,0.0,2.174,1.569,0.0,0.58,0.315,0.0,0.355,0.881,2.827,5.687,6.622,5.526,5.097,4.282,0.0,4.093,4.142,3.798,3.342,0.0,2.118,0.0,1.242,0.0,0.918,0.707,0.572
27,0.544,0.365,0.0,0.347,0.0,2.729,5.713,6.583,5.815,0.0,4.488,4.644,5.033,4.955,0.0,5.834,0.0,6.18,0.0,3.402,0.0,2.9,2.098,1.273,0.649,0.416,0.286,0.384,0.792,2.569,5.473,6.425,5.591,4.809,4.439,5.04,5.428,5.223,0.0,6.042,6.536,6.047,0.0,3.653,0.0,2.834,2.518,1.622,1.267,0.85,0.664,0.469,0.408,0.0,0.0,1.606,0.0,0.0,4.379,0.0,0.0,4.866,0.0,5.051,0.0,0.0,5.145,0.0,0.0,3.045,0.0,0.0,1.267,0.0,0.642,0.0,0.401,0.516,0.858,1.198,2.231,0.0,3.476,3.684,0.0,4.794,0.0,4.929,4.917,0.0,0.0,3.067,0.0,2.02,1.45,0.0,0.54,0.312,0.0,0.34,0.0,2.862,0.0,6.323,0.0,5.128,0.0,4.584,4.739,4.756,0.0,5.642,0.0,6.071,4.412,3.096,0.0,2.174,1.569,0.0,0.58,0.315,0.0,0.355,0.881,2.827,5.687,6.622,5.526,5.097,4.282,0.0,4.093,4.142,3.798,3.342,0.0,2.118,0.0,1.242,0.0,0.918,0.707,0.572,0.356,0.217,0.0,0.338,0.899,2.402,4.155,0.0,4.172,3.853,3.679,3.571,3.889,0.0,4.675,0.0,5.814,0.0,4.316,3.056,0.0,2.302,1.545,1.001
28,0.649,0.416,0.286,0.384,0.792,2.569,5.473,6.425,5.591,4.809,4.439,5.04,5.428,5.223,0.0,6.042,6.536,6.047,0.0,3.653,0.0,2.834,2.518,1.622,1.267,0.85,0.664,0.469,0.408,0.0,0.0,1.606,0.0,0.0,4.379,0.0,0.0,4.866,0.0,5.051,0.0,0.0,5.145,0.0,0.0,3.045,0.0,0.0,1.267,0.0,0.642,0.0,0.401,0.516,0.858,1.198,2.231,0.0,3.476,3.684,0.0,4.794,0.0,4.929,4.917,0.0,0.0,3.067,0.0,2.02,1.45,0.0,0.54,0.312,0.0,0.34,0.0,2.862,0.0,6.323,0.0,5.128,0.0,4.584,4.739,4.756,0.0,5.642,0.0,6.071,4.412,3.096,0.0,2.174,1.569,0.0,0.58,0.315,0.0,0.355,0.881,2.827,5.687,6.622,5.526,5.097,4.282,0.0,4.093,4.142,3.798,3.342,0.0,2.118,0.0,1.242,0.0,0.918,0.707,0.572,0.356,0.217,0.0,0.338,0.899,2.402,4.155,0.0,4.172,3.853,3.679,3.571,3.889,0.0,4.675,0.0,5.814,0.0,4.316,3.056,0.0,2.302,1.545,1.001,0.565,0.358,0.3,0.342,0.905,2.766,5.525,6.158,5.383,0.0,4.392,0.0,4.422,0.0,5.252,5.643,0.0,0.0,4.557,0.0,2.981,2.777,0.0,1.166
29,1.267,0.85,0.664,0.469,0.408,0.0,0.0,1.606,0.0,0.0,4.379,0.0,0.0,4.866,0.0,5.051,0.0,0.0,5.145,0.0,0.0,3.045,0.0,0.0,1.267,0.0,0.642,0.0,0.401,0.516,0.858,1.198,2.231,0.0,3.476,3.684,0.0,4.794,0.0,4.929,4.917,0.0,0.0,3.067,0.0,2.02,1.45,0.0,0.54,0.312,0.0,0.34,0.0,2.862,0.0,6.323,0.0,5.128,0.0,4.584,4.739,4.756,0.0,5.642,0.0,6.071,4.412,3.096,0.0,2.174,1.569,0.0,0.58,0.315,0.0,0.355,0.881,2.827,5.687,6.622,5.526,5.097,4.282,0.0,4.093,4.142,3.798,3.342,0.0,2.118,0.0,1.242,0.0,0.918,0.707,0.572,0.356,0.217,0.0,0.338,0.899,2.402,4.155,0.0,4.172,3.853,3.679,3.571,3.889,0.0,4.675,0.0,5.814,0.0,4.316,3.056,0.0,2.302,1.545,1.001,0.565,0.358,0.3,0.342,0.905,2.766,5.525,6.158,5.383,0.0,4.392,0.0,4.422,0.0,5.252,5.643,0.0,0.0,4.557,0.0,2.981,2.777,0.0,1.166,0.657,0.36,0.325,0.323,0.787,0.0,5.18,6.39,5.716,5.039,4.538,4.99,5.304,5.282,5.662,6.005,6.824,6.303,4.688,3.724,2.997,3.139,2.92,1.713
30,1.267,0.0,0.642,0.0,0.401,0.516,0.858,1.198,2.231,0.0,3.476,3.684,0.0,4.794,0.0,4.929,4.917,0.0,0.0,3.067,0.0,2.02,1.45,0.0,0.54,0.312,0.0,0.34,0.0,2.862,0.0,6.323,0.0,5.128,0.0,4.584,4.739,4.756,0.0,5.642,0.0,6.071,4.412,3.096,0.0,2.174,1.569,0.0,0.58,0.315,0.0,0.355,0.881,2.827,5.687,6.622,5.526,5.097,4.282,0.0,4.093,4.142,3.798,3.342,0.0,2.118,0.0,1.242,0.0,0.918,0.707,0.572,0.356,0.217,0.0,0.338,0.899,2.402,4.155,0.0,4.172,3.853,3.679,3.571,3.889,0.0,4.675,0.0,5.814,0.0,4.316,3.056,0.0,2.302,1.545,1.001,0.565,0.358,0.3,0.342,0.905,2.766,5.525,6.158,5.383,0.0,4.392,0.0,4.422,0.0,5.252,5.643,0.0,0.0,4.557,0.0,2.981,2.777,0.0,1.166,0.657,0.36,0.325,0.323,0.787,0.0,5.18,6.39,5.716,5.039,4.538,4.99,5.304,5.282,5.662,6.005,6.824,6.303,4.688,3.724,2.997,3.139,2.92,1.713,1.254,0.77,0.704,0.469,0.408,0.912,1.247,1.606,2.704,2.83,3.479,3.801,4.308,4.548,4.397,5.533,5.274,4.933,4.434,3.996,3.047,3.034,3.615,2.239
31,0.54,0.312,0.0,0.34,0.0,2.862,0.0,6.323,0.0,5.128,0.0,4.584,4.739,4.756,0.0,5.642,0.0,6.071,4.412,3.096,0.0,2.174,1.569,0.0,0.58,0.315,0.0,0.355,0.881,2.827,5.687,6.622,5.526,5.097,4.282,0.0,4.093,4.142,3.798,3.342,0.0,2.118,0.0,1.242,0.0,0.918,0.707,0.572,0.356,0.217,0.0,0.338,0.899,2.402,4.155,0.0,4.172,3.853,3.679,3.571,3.889,0.0,4.675,0.0,5.814,0.0,4.316,3.056,0.0,2.302,1.545,1.001,0.565,0.358,0.3,0.342,0.905,2.766,5.525,6.158,5.383,0.0,4.392,0.0,4.422,0.0,5.252,5.643,0.0,0.0,4.557,0.0,2.981,2.777,0.0,1.166,0.657,0.36,0.325,0.323,0.787,0.0,5.18,6.39,5.716,5.039,4.538,4.99,5.304,5.282,5.662,6.005,6.824,6.303,4.688,3.724,2.997,3.139,2.92,1.713,1.254,0.77,0.704,0.469,0.408,0.912,1.247,1.606,2.704,2.83,3.479,3.801,4.308,4.548,4.397,5.533,5.274,4.933,4.434,3.996,3.047,3.034,3.615,2.239,1.254,0.77,0.704,0.407,0.401,0.516,0.858,1.198,2.063,2.83,3.479,3.801,4.308,4.548,4.397,4.344,4.466,3.386,2.195,1.618,1.744,2.237,2.257,0.93
32,0.58,0.315,0.0,0.355,0.881,2.827,5.687,6.622,5.526,5.097,4.282,0.0,4.093,4.142,3.798,3.342,0.0,2.118,0.0,1.242,0.0,0.918,0.707,0.572,0.356,0.217,0.0,0.338,0.899,2.402,4.155,0.0,4.172,3.853,3.679,3.571,3.889,0.0,4.675,0.0,5.814,0.0,4.316,3.056,0.0,2.302,1.545,1.001,0.565,0.358,0.3,0.342,0.905,2.766,5.525,6.158,5.383,0.0,4.392,0.0,4.422,0.0,5.252,5.643,0.0,0.0,4.557,0.0,2.981,2.777,0.0,1.166,0.657,0.36,0.325,0.323,0.787,0.0,5.18,6.39,5.716,5.039,4.538,4.99,5.304,5.282,5.662,6.005,6.824,6.303,4.688,3.724,2.997,3.139,2.92,1.713,1.254,0.77,0.704,0.469,0.408,0.912,1.247,1.606,2.704,2.83,3.479,3.801,4.308,4.548,4.397,5.533,5.274,4.933,4.434,3.996,3.047,3.034,3.615,2.239,1.254,0.77,0.704,0.407,0.401,0.516,0.858,1.198,2.063,2.83,3.479,3.801,4.308,4.548,4.397,4.344,4.466,3.386,2.195,1.618,1.744,2.237,2.257,0.93,0.444,0.295,0.231,0.315,0.831,2.665,5.385,6.377,5.471,4.724,3.996,4.229,4.462,4.494,4.924,5.406,6.301,6.185,4.544,2.85,2.496,2.145,1.638,1.407
33,0.356,0.217,0.0,0.338,0.899,2.402,4.155,0.0,4.172,3.853,3.679,3.571,3.889,0.0,4.675,0.0,5.814,0.0,4.316,3.056,0.0,2.302,1.545,1.001,0.565,0.358,0.3,0.342,0.905,2.766,5.525,6.158,5.383,0.0,4.392,0.0,4.422,0.0,5.252,5.643,0.0,0.0,4.557,0.0,2.981,2.777,0.0,1.166,0.657,0.36,0.325,0.323,0.787,0.0,5.18,6.39,5.716,5.039,4.538,4.99,5.304,5.282,5.662,6.005,6.824,6.303,4.688,3.724,2.997,3.139,2.92,1.713,1.254,0.77,0.704,0.469,0.408,0.912,1.247,1.606,2.704,2.83,3.479,3.801,4.308,4.548,4.397,5.533,5.274,4.933,4.434,3.996,3.047,3.034,3.615,2.239,1.254,0.77,0.704,0.407,0.401,0.516,0.858,1.198,2.063,2.83,3.479,3.801,4.308,4.548,4.397,4.344,4.466,3.386,2.195,1.618,1.744,2.237,2.257,0.93,0.444,0.295,0.231,0.315,0.831,2.665,5.385,6.377,5.471,4.724,3.996,4.229,4.462,4.494,4.924,5.406,6.301,6.185,4.544,2.85,2.496,2.145,1.638,1.407,0.713,0.425,0.43,0.555,1.072,2.847,5.691,6.778,5.947,5.151,4.253,4.514,4.768,4.928,5.384,5.841,6.263,6.321,4.523,3.065,2.863,0.0,0.0,1.129
34,0.565,0.358,0.3,0.342,0.905,2.766,5.525,6.158,5.383,0.0,4.392,0.0,4.422,0.0,5.252,5.643,0.0,0.0,4.557,0.0,2.981,2.777,0.0,1.166,0.657,0.36,0.325,0.323,0.787,0.0,5.18,6.39,5.716,5.039,4.538,4.99,5.304,5.282,5.662,6.005,6.824,6.303,4.688,3.724,2.997,3.139,2.92,1.713,1.254,0.77,0.704,0.469,0.408,0.912,1.247,1.606,2.704,2.83,3.479,3.801,4.308,4.548,4.397,5.533,5.274,4.933,4.434,3.996,3.047,3.034,3.615,2.239,1.254,0.77,0.704,0.407,0.401,0.516,0.858,1.198,2.063,2.83,3.479,3.801,4.308,4.548,4.397,4.344,4.466,3.386,2.195,1.618,1.744,2.237,2.257,0.93,0.444,0.295,0.231,0.315,0.831,2.665,5.385,6.377,5.471,4.724,3.996,4.229,4.462,4.494,4.924,5.406,6.301,6.185,4.544,2.85,2.496,2.145,1.638,1.407,0.713,0.425,0.43,0.555,1.072,2.847,5.691,6.778,5.947,5.151,4.253,4.514,4.768,4.928,5.384,5.841,6.263,6.321,4.523,3.065,2.863,0.0,0.0,1.129,0.55,0.349,0.0,0.337,0.885,2.791,0.0,6.768,0.0,5.287,4.558,4.489,4.876,0.0,5.19,0.0,6.671,6.82,0.0,3.296,2.911,2.374,1.518,1.011
35,0.657,0.36,0.325,0.323,0.787,0.0,5.18,6.39,5.716,5.039,4.538,4.99,5.304,5.282,5.662,6.005,6.824,6.303,4.688,3.724,2.997,3.139,2.92,1.713,1.254,0.77,0.704,0.469,0.408,0.912,1.247,1.606,2.704,2.83,3.479,3.801,4.308,4.548,4.397,5.533,5.274,4.933,4.434,3.996,3.047,3.034,3.615,2.239,1.254,0.77,0.704,0.407,0.401,0.516,0.858,1.198,2.063,2.83,3.479,3.801,4.308,4.548,4.397,4.344,4.466,3.386,2.195,1.618,1.744,2.237,2.257,0.93,0.444,0.295,0.231,0.315,0.831,2.665,5.385,6.377,5.471,4.724,3.996,4.229,4.462,4.494,4.924,5.406,6.301,6.185,4.544,2.85,2.496,2.145,1.638,1.407,0.713,0.425,0.43,0.555,1.072,2.847,5.691,6.778,5.947,5.151,4.253,4.514,4.768,4.928,5.384,5.841,6.263,6.321,4.523,3.065,2.863,0.0,0.0,1.129,0.55,0.349,0.0,0.337,0.885,2.791,0.0,6.768,0.0,5.287,4.558,4.489,4.876,0.0,5.19,0.0,6.671,6.82,0.0,3.296,2.911,2.374,1.518,1.011,0.567,0.365,0.283,0.329,0.93,0.0,5.292,0.0,5.965,5.017,4.662,0.0,5.115,5.089,5.604,0.0,6.764,0.0,4.817,0.0,3.036,3.233,3.531,1.291
36,1.254,0.77,0.704,0.469,0.408,0.912,1.247,1.606,2.704,2.83,3.479,3.801,4.308,4.548,4.397,5.533,5.274,4.933,4.434,3.996,3.047,3.034,3.615,2.239,1.254,0.77,0.704,0.407,0.401,0.516,0.858,1.198,2.063,2.83,3.479,3.801,4.308,4.548,4.397,4.344,4.466,3.386,2.195,1.618,1.744,2.237,2.257,0.93,0.444,0.295,0.231,0.315,0.831,2.665,5.385,6.377,5.471,4.724,3.996,4.229,4.462,4.494,4.924,5.406,6.301,6.185,4.544,2.85,2.496,2.145,1.638,1.407,0.713,0.425,0.43,0.555,1.072,2.847,5.691,6.778,5.947,5.151,4.253,4.514,4.768,4.928,5.384,5.841,6.263,6.321,4.523,3.065,2.863,0.0,0.0,1.129,0.55,0.349,0.0,0.337,0.885,2.791,0.0,6.768,0.0,5.287,4.558,4.489,4.876,0.0,5.19,0.0,6.671,6.82,0.0,3.296,2.911,2.374,1.518,1.011,0.567,0.365,0.283,0.329,0.93,0.0,5.292,0.0,5.965,5.017,4.662,0.0,5.115,5.089,5.604,0.0,6.764,0.0,4.817,0.0,3.036,3.233,3.531,1.291,0.719,0.414,0.0,0.365,0.0,2.514,5.215,6.146,0.0,5.152,0.0,5.165,0.0,5.382,5.639,5.858,6.57,5.975,0.0,3.891,3.113,3.523,2.52,1.66
37,1.254,0.77,0.704,0.407,0.401,0.516,0.858,1.198,2.063,2.83,3.479,3.801,4.308,4.548,4.397,4.344,4.466,3.386,2.195,1.618,1.744,2.237,2.257,0.93,0.444,0.295,0.231,0.315,0.831,2.665,5.385,6.377,5.471,4.724,3.996,4.229,4.462,4.494,4.924,5.406,6.301,6.185,4.544,2.85,2.496,2.145,1.638,1.407,0.713,0.425,0.43,0.555,1.072,2.847,5.691,6.778,5.947,5.151,4.253,4.514,4.768,4.928,5.384,5.841,6.263,6.321,4.523,3.065,2.863,0.0,0.0,1.129,0.55,0.349,0.0,0.337,0.885,2.791,0.0,6.768,0.0,5.287,4.558,4.489,4.876,0.0,5.19,0.0,6.671,6.82,0.0,3.296,2.911,2.374,1.518,1.011,0.567,0.365,0.283,0.329,0.93,0.0,5.292,0.0,5.965,5.017,4.662,0.0,5.115,5.089,5.604,0.0,6.764,0.0,4.817,0.0,3.036,3.233,3.531,1.291,0.719,0.414,0.0,0.365,0.0,2.514,5.215,6.146,0.0,5.152,0.0,5.165,0.0,5.382,5.639,5.858,6.57,5.975,0.0,3.891,3.113,3.523,2.52,1.66,1.328,0.966,0.821,0.0,0.408,0.912,1.247,1.606,2.704,3.628,0.0,4.842,5.031,4.84,0.0,5.19,4.139,3.832,3.223,0.0,2.301,2.868,2.582,1.963
38,0.444,0.295,0.231,0.315,0.831,2.665,5.385,6.377,5.471,4.724,3.996,4.229,4.462,4.494,4.924,5.406,6.301,6.185,4.544,2.85,2.496,2.145,1.638,1.407,0.713,0.425,0.43,0.555,1.072,2.847,5.691,6.778,5.947,5.151,4.253,4.514,4.768,4.928,5.384,5.841,6.263,6.321,4.523,3.065,2.863,0.0,0.0,1.129,0.55,0.349,0.0,0.337,0.885,2.791,0.0,6.768,0.0,5.287,4.558,4.489,4.876,0.0,5.19,0.0,6.671,6.82,0.0,3.296,2.911,2.374,1.518,1.011,0.567,0.365,0.283,0.329,0.93,0.0,5.292,0.0,5.965,5.017,4.662,0.0,5.115,5.089,5.604,0.0,6.764,0.0,4.817,0.0,3.036,3.233,3.531,1.291,0.719,0.414,0.0,0.365,0.0,2.514,5.215,6.146,0.0,5.152,0.0,5.165,0.0,5.382,5.639,5.858,6.57,5.975,0.0,3.891,3.113,3.523,2.52,1.66,1.328,0.966,0.821,0.0,0.408,0.912,1.247,1.606,2.704,3.628,0.0,4.842,5.031,4.84,0.0,5.19,4.139,3.832,3.223,0.0,2.301,2.868,2.582,1.963,1.328,0.966,0.821,0.407,0.401,0.516,0.858,1.198,2.063,3.628,4.041,4.842,0.0,4.84,0.0,4.368,0.0,0.0,3.223,0.0,2.301,2.024,2.259,2.161
39,0.713,0.425,0.43,0.555,1.072,2.847,5.691,6.778,5.947,5.151,4.253,4.514,4.768,4.928,5.384,5.841,6.263,6.321,4.523,3.065,2.863,0.0,0.0,1.129,0.55,0.349,0.0,0.337,0.885,2.791,0.0,6.768,0.0,5.287,4.558,4.489,4.876,0.0,5.19,0.0,6.671,6.82,0.0,3.296,2.911,2.374,1.518,1.011,0.567,0.365,0.283,0.329,0.93,0.0,5.292,0.0,5.965,5.017,4.662,0.0,5.115,5.089,5.604,0.0,6.764,0.0,4.817,0.0,3.036,3.233,3.531,1.291,0.719,0.414,0.0,0.365,0.0,2.514,5.215,6.146,0.0,5.152,0.0,5.165,0.0,5.382,5.639,5.858,6.57,5.975,0.0,3.891,3.113,3.523,2.52,1.66,1.328,0.966,0.821,0.0,0.408,0.912,1.247,1.606,2.704,3.628,0.0,4.842,5.031,4.84,0.0,5.19,4.139,3.832,3.223,0.0,2.301,2.868,2.582,1.963,1.328,0.966,0.821,0.407,0.401,0.516,0.858,1.198,2.063,3.628,4.041,4.842,0.0,4.84,0.0,4.368,0.0,0.0,3.223,0.0,2.301,2.024,2.259,2.161,0.785,0.553,0.427,0.45,0.828,2.487,4.761,5.295,4.694,4.295,4.047,4.22,0.0,4.71,4.889,0.0,5.307,0.0,4.092,2.999,0.0,2.147,0.0,0.964
40,0.55,0.349,0.0,0.337,0.885,2.791,0.0,6.768,0.0,5.287,4.558,4.489,4.876,0.0,5.19,0.0,6.671,6.82,0.0,3.296,2.911,2.374,1.518,1.011,0.567,0.365,0.283,0.329,0.93,0.0,5.292,0.0,5.965,5.017,4.662,0.0,5.115,5.089,5.604,0.0,6.764,0.0,4.817,0.0,3.036,3.233,3.531,1.291,0.719,0.414,0.0,0.365,0.0,2.514,5.215,6.146,0.0,5.152,0.0,5.165,0.0,5.382,5.639,5.858,6.57,5.975,0.0,3.891,3.113,3.523,2.52,1.66,1.328,0.966,0.821,0.0,0.408,0.912,1.247,1.606,2.704,3.628,0.0,4.842,5.031,4.84,0.0,5.19,4.139,3.832,3.223,0.0,2.301,2.868,2.582,1.963,1.328,0.966,0.821,0.407,0.401,0.516,0.858,1.198,2.063,3.628,4.041,4.842,0.0,4.84,0.0,4.368,0.0,0.0,3.223,0.0,2.301,2.024,2.259,2.161,0.785,0.553,0.427,0.45,0.828,2.487,4.761,5.295,4.694,4.295,4.047,4.22,0.0,4.71,4.889,0.0,5.307,0.0,4.092,2.999,0.0,2.147,0.0,0.964,0.514,0.34,0.0,0.325,0.869,2.714,5.526,6.246,0.0,5.127,0.0,4.455,0.0,4.784,5.168,5.755,0.0,6.009,0.0,3.139,0.0,2.423,1.944,0.965
41,0.567,0.365,0.283,0.329,0.93,0.0,5.292,0.0,5.965,5.017,4.662,0.0,5.115,5.089,5.604,0.0,6.764,0.0,4.817,0.0,3.036,3.233,3.531,1.291,0.719,0.414,0.0,0.365,0.0,2.514,5.215,6.146,0.0,5.152,0.0,5.165,0.0,5.382,5.639,5.858,6.57,5.975,0.0,3.891,3.113,3.523,2.52,1.66,1.328,0.966,0.821,0.0,0.408,0.912,1.247,1.606,2.704,3.628,0.0,4.842,5.031,4.84,0.0,5.19,4.139,3.832,3.223,0.0,2.301,2.868,2.582,1.963,1.328,0.966,0.821,0.407,0.401,0.516,0.858,1.198,2.063,3.628,4.041,4.842,0.0,4.84,0.0,4.368,0.0,0.0,3.223,0.0,2.301,2.024,2.259,2.161,0.785,0.553,0.427,0.45,0.828,2.487,4.761,5.295,4.694,4.295,4.047,4.22,0.0,4.71,4.889,0.0,5.307,0.0,4.092,2.999,0.0,2.147,0.0,0.964,0.514,0.34,0.0,0.325,0.869,2.714,5.526,6.246,0.0,5.127,0.0,4.455,0.0,4.784,5.168,5.755,0.0,6.009,0.0,3.139,0.0,2.423,1.944,0.965,0.517,0.368,0.267,0.338,0.907,2.741,0.0,0.0,5.973,0.0,4.598,0.0,4.845,0.0,5.3,5.826,6.898,0.0,4.716,3.316,2.883,2.503,1.862,1.069
42,0.719,0.414,0.0,0.365,0.0,2.514,5.215,6.146,0.0,5.152,0.0,5.165,0.0,5.382,5.639,5.858,6.57,5.975,0.0,3.891,3.113,3.523,2.52,1.66,1.328,0.966,0.821,0.0,0.408,0.912,1.247,1.606,2.704,3.628,0.0,4.842,5.031,4.84,0.0,5.19,4.139,3.832,3.223,0.0,2.301,2.868,2.582,1.963,1.328,0.966,0.821,0.407,0.401,0.516,0.858,1.198,2.063,3.628,4.041,4.842,0.0,4.84,0.0,4.368,0.0,0.0,3.223,0.0,2.301,2.024,2.259,2.161,0.785,0.553,0.427,0.45,0.828,2.487,4.761,5.295,4.694,4.295,4.047,4.22,0.0,4.71,4.889,0.0,5.307,0.0,4.092,2.999,0.0,2.147,0.0,0.964,0.514,0.34,0.0,0.325,0.869,2.714,5.526,6.246,0.0,5.127,0.0,4.455,0.0,4.784,5.168,5.755,0.0,6.009,0.0,3.139,0.0,2.423,1.944,0.965,0.517,0.368,0.267,0.338,0.907,2.741,0.0,0.0,5.973,0.0,4.598,0.0,4.845,0.0,5.3,5.826,6.898,0.0,4.716,3.316,2.883,2.503,1.862,1.069,0.598,0.356,0.266,0.0,0.0,2.683,0.0,6.593,0.0,5.036,0.0,4.931,5.028,0.0,5.493,0.0,6.788,0.0,4.739,0.0,3.043,0.0,2.283,1.103
43,1.328,0.966,0.821,0.0,0.408,0.912,1.247,1.606,2.704,3.628,0.0,4.842,5.031,4.84,0.0,5.19,4.139,3.832,3.223,0.0,2.301,2.868,2.582,1.963,1.328,0.966,0.821,0.407,0.401,0.516,0.858,1.198,2.063,3.628,4.041,4.842,0.0,4.84,0.0,4.368,0.0,0.0,3.223,0.0,2.301,2.024,2.259,2.161,0.785,0.553,0.427,0.45,0.828,2.487,4.761,5.295,4.694,4.295,4.047,4.22,0.0,4.71,4.889,0.0,5.307,0.0,4.092,2.999,0.0,2.147,0.0,0.964,0.514,0.34,0.0,0.325,0.869,2.714,5.526,6.246,0.0,5.127,0.0,4.455,0.0,4.784,5.168,5.755,0.0,6.009,0.0,3.139,0.0,2.423,1.944,0.965,0.517,0.368,0.267,0.338,0.907,2.741,0.0,0.0,5.973,0.0,4.598,0.0,4.845,0.0,5.3,5.826,6.898,0.0,4.716,3.316,2.883,2.503,1.862,1.069,0.598,0.356,0.266,0.0,0.0,2.683,0.0,6.593,0.0,5.036,0.0,4.931,5.028,0.0,5.493,0.0,6.788,0.0,4.739,0.0,3.043,0.0,2.283,1.103,0.708,0.0,0.0,0.344,0.0,2.539,0.0,6.501,0.0,5.17,0.0,4.878,0.0,5.411,5.567,0.0,0.0,6.152,0.0,3.757,0.0,3.102,0.0,1.956
44,1.328,0.966,0.821,0.407,0.401,0.516,0.858,1.198,2.063,3.628,4.041,4.842,0.0,4.84,0.0,4.368,0.0,0.0,3.223,0.0,2.301,2.024,2.259,2.161,0.785,0.553,0.427,0.45,0.828,2.487,4.761,5.295,4.694,4.295,4.047,4.22,0.0,4.71,4.889,0.0,5.307,0.0,4.092,2.999,0.0,2.147,0.0,0.964,0.514,0.34,0.0,0.325,0.869,2.714,5.526,6.246,0.0,5.127,0.0,4.455,0.0,4.784,5.168,5.755,0.0,6.009,0.0,3.139,0.0,2.423,1.944,0.965,0.517,0.368,0.267,0.338,0.907,2.741,0.0,0.0,5.973,0.0,4.598,0.0,4.845,0.0,5.3,5.826,6.898,0.0,4.716,3.316,2.883,2.503,1.862,1.069,0.598,0.356,0.266,0.0,0.0,2.683,0.0,6.593,0.0,5.036,0.0,4.931,5.028,0.0,5.493,0.0,6.788,0.0,4.739,0.0,3.043,0.0,2.283,1.103,0.708,0.0,0.0,0.344,0.0,2.539,0.0,6.501,0.0,5.17,0.0,4.878,0.0,5.411,5.567,0.0,0.0,6.152,0.0,3.757,0.0,3.102,0.0,1.956,1.108,0.714,0.0,0.421,0.0,0.641,0.0,2.085,0.0,3.777,0.0,4.637,0.0,5.458,5.775,5.164,0.0,4.62,0.0,3.482,0.0,3.332,0.0,1.987
45,0.785,0.553,0.427,0.45,0.828,2.487,4.761,5.295,4.694,4.295,4.047,4.22,0.0,4.71,4.889,0.0,5.307,0.0,4.092,2.999,0.0,2.147,0.0,0.964,0.514,0.34,0.0,0.325,0.869,2.714,5.526,6.246,0.0,5.127,0.0,4.455,0.0,4.784,5.168,5.755,0.0,6.009,0.0,3.139,0.0,2.423,1.944,0.965,0.517,0.368,0.267,0.338,0.907,2.741,0.0,0.0,5.973,0.0,4.598,0.0,4.845,0.0,5.3,5.826,6.898,0.0,4.716,3.316,2.883,2.503,1.862,1.069,0.598,0.356,0.266,0.0,0.0,2.683,0.0,6.593,0.0,5.036,0.0,4.931,5.028,0.0,5.493,0.0,6.788,0.0,4.739,0.0,3.043,0.0,2.283,1.103,0.708,0.0,0.0,0.344,0.0,2.539,0.0,6.501,0.0,5.17,0.0,4.878,0.0,5.411,5.567,0.0,0.0,6.152,0.0,3.757,0.0,3.102,0.0,1.956,1.108,0.714,0.0,0.421,0.0,0.641,0.0,2.085,0.0,3.777,0.0,4.637,0.0,5.458,5.775,5.164,0.0,4.62,0.0,3.482,0.0,3.332,0.0,1.987,1.353,0.803,0.62,0.0,0.307,0.0,0.748,0.0,1.907,0.0,3.695,0.0,5.427,5.211,4.751,0.0,4.577,0.0,3.693,0.0,2.407,2.005,0.0,0.959
46,0.514,0.34,0.0,0.325,0.869,2.714,5.526,6.246,0.0,5.127,0.0,4.455,0.0,4.784,5.168,5.755,0.0,6.009,0.0,3.139,0.0,2.423,1.944,0.965,0.517,0.368,0.267,0.338,0.907,2.741,0.0,0.0,5.973,0.0,4.598,0.0,4.845,0.0,5.3,5.826,6.898,0.0,4.716,3.316,2.883,2.503,1.862,1.069,0.598,0.356,0.266,0.0,0.0,2.683,0.0,6.593,0.0,5.036,0.0,4.931,5.028,0.0,5.493,0.0,6.788,0.0,4.739,0.0,3.043,0.0,2.283,1.103,0.708,0.0,0.0,0.344,0.0,2.539,0.0,6.501,0.0,5.17,0.0,4.878,0.0,5.411,5.567,0.0,0.0,6.152,0.0,3.757,0.0,3.102,0.0,1.956,1.108,0.714,0.0,0.421,0.0,0.641,0.0,2.085,0.0,3.777,0.0,4.637,0.0,5.458,5.775,5.164,0.0,4.62,0.0,3.482,0.0,3.332,0.0,1.987,1.353,0.803,0.62,0.0,0.307,0.0,0.748,0.0,1.907,0.0,3.695,0.0,5.427,5.211,4.751,0.0,4.577,0.0,3.693,0.0,2.407,2.005,0.0,0.959,0.511,0.321,0.264,0.0,0.863,2.677,5.816,6.744,0.0,4.936,4.185,0.0,4.639,0.0,5.223,5.56,0.0,6.16,0.0,3.031,2.496,2.07,1.459,0.912
47,0.517,0.368,0.267,0.338,0.907,2.741,0.0,0.0,5.973,0.0,4.598,0.0,4.845,0.0,5.3,5.826,6.898,0.0,4.716,3.316,2.883,2.503,1.862,1.069,0.598,0.356,0.266,0.0,0.0,2.683,0.0,6.593,0.0,5.036,0.0,4.931,5.028,0.0,5.493,0.0,6.788,0.0,4.739,0.0,3.043,0.0,2.283,1.103,0.708,0.0,0.0,0.344,0.0,2.539,0.0,6.501,0.0,5.17,0.0,4.878,0.0,5.411,5.567,0.0,0.0,6.152,0.0,3.757,0.0,3.102,0.0,1.956,1.108,0.714,0.0,0.421,0.0,0.641,0.0,2.085,0.0,3.777,0.0,4.637,0.0,5.458,5.775,5.164,0.0,4.62,0.0,3.482,0.0,3.332,0.0,1.987,1.353,0.803,0.62,0.0,0.307,0.0,0.748,0.0,1.907,0.0,3.695,0.0,5.427,5.211,4.751,0.0,4.577,0.0,3.693,0.0,2.407,2.005,0.0,0.959,0.511,0.321,0.264,0.0,0.863,2.677,5.816,6.744,0.0,4.936,4.185,0.0,4.639,0.0,5.223,5.56,0.0,6.16,0.0,3.031,2.496,2.07,1.459,0.912,0.518,0.315,0.266,0.314,0.897,0.0,5.652,5.453,5.556,5.142,4.321,4.405,4.791,0.0,0.0,5.687,0.0,6.308,0.0,3.115,0.0,3.442,3.152,1.147
48,0.598,0.356,0.266,0.0,0.0,2.683,0.0,6.593,0.0,5.036,0.0,4.931,5.028,0.0,5.493,0.0,6.788,0.0,4.739,0.0,3.043,0.0,2.283,1.103,0.708,0.0,0.0,0.344,0.0,2.539,0.0,6.501,0.0,5.17,0.0,4.878,0.0,5.411,5.567,0.0,0.0,6.152,0.0,3.757,0.0,3.102,0.0,1.956,1.108,0.714,0.0,0.421,0.0,0.641,0.0,2.085,0.0,3.777,0.0,4.637,0.0,5.458,5.775,5.164,0.0,4.62,0.0,3.482,0.0,3.332,0.0,1.987,1.353,0.803,0.62,0.0,0.307,0.0,0.748,0.0,1.907,0.0,3.695,0.0,5.427,5.211,4.751,0.0,4.577,0.0,3.693,0.0,2.407,2.005,0.0,0.959,0.511,0.321,0.264,0.0,0.863,2.677,5.816,6.744,0.0,4.936,4.185,0.0,4.639,0.0,5.223,5.56,0.0,6.16,0.0,3.031,2.496,2.07,1.459,0.912,0.518,0.315,0.266,0.314,0.897,0.0,5.652,5.453,5.556,5.142,4.321,4.405,4.791,0.0,0.0,5.687,0.0,6.308,0.0,3.115,0.0,3.442,3.152,1.147,0.691,0.453,0.341,0.431,1.1,0.0,5.845,6.437,0.0,0.0,4.626,4.677,0.0,0.0,5.332,6.132,0.0,0.0,4.692,0.0,2.962,0.0,1.73,1.052
49,0.708,0.0,0.0,0.344,0.0,2.539,0.0,6.501,0.0,5.17,0.0,4.878,0.0,5.411,5.567,0.0,0.0,6.152,0.0,3.757,0.0,3.102,0.0,1.956,1.108,0.714,0.0,0.421,0.0,0.641,0.0,2.085,0.0,3.777,0.0,4.637,0.0,5.458,5.775,5.164,0.0,4.62,0.0,3.482,0.0,3.332,0.0,1.987,1.353,0.803,0.62,0.0,0.307,0.0,0.748,0.0,1.907,0.0,3.695,0.0,5.427,5.211,4.751,0.0,4.577,0.0,3.693,0.0,2.407,2.005,0.0,0.959,0.511,0.321,0.264,0.0,0.863,2.677,5.816,6.744,0.0,4.936,4.185,0.0,4.639,0.0,5.223,5.56,0.0,6.16,0.0,3.031,2.496,2.07,1.459,0.912,0.518,0.315,0.266,0.314,0.897,0.0,5.652,5.453,5.556,5.142,4.321,4.405,4.791,0.0,0.0,5.687,0.0,6.308,0.0,3.115,0.0,3.442,3.152,1.147,0.691,0.453,0.341,0.431,1.1,0.0,5.845,6.437,0.0,0.0,4.626,4.677,0.0,0.0,5.332,6.132,0.0,0.0,4.692,0.0,2.962,0.0,1.73,1.052,0.555,0.354,0.284,0.0,0.0,2.745,5.855,6.942,5.863,5.404,0.0,4.791,5.109,0.0,5.694,0.0,7.118,0.0,5.23,0.0,3.14,0.0,2.0,1.204
50,1.108,0.714,0.0,0.421,0.0,0.641,0.0,2.085,0.0,3.777,0.0,4.637,0.0,5.458,5.775,5.164,0.0,4.62,0.0,3.482,0.0,3.332,0.0,1.987,1.353,0.803,0.62,0.0,0.307,0.0,0.748,0.0,1.907,0.0,3.695,0.0,5.427,5.211,4.751,0.0,4.577,0.0,3.693,0.0,2.407,2.005,0.0,0.959,0.511,0.321,0.264,0.0,0.863,2.677,5.816,6.744,0.0,4.936,4.185,0.0,4.639,0.0,5.223,5.56,0.0,6.16,0.0,3.031,2.496,2.07,1.459,0.912,0.518,0.315,0.266,0.314,0.897,0.0,5.652,5.453,5.556,5.142,4.321,4.405,4.791,0.0,0.0,5.687,0.0,6.308,0.0,3.115,0.0,3.442,3.152,1.147,0.691,0.453,0.341,0.431,1.1,0.0,5.845,6.437,0.0,0.0,4.626,4.677,0.0,0.0,5.332,6.132,0.0,0.0,4.692,0.0,2.962,0.0,1.73,1.052,0.555,0.354,0.284,0.0,0.0,2.745,5.855,6.942,5.863,5.404,0.0,4.791,5.109,0.0,5.694,0.0,7.118,0.0,5.23,0.0,3.14,0.0,2.0,1.204,0.721,0.423,0.0,0.373,0.0,2.585,0.0,6.641,0.0,5.154,0.0,5.425,5.467,0.0,5.836,0.0,6.601,0.0,5.367,0.0,3.775,3.591,3.075,1.891
51,1.353,0.803,0.62,0.0,0.307,0.0,0.748,0.0,1.907,0.0,3.695,0.0,5.427,5.211,4.751,0.0,4.577,0.0,3.693,0.0,2.407,2.005,0.0,0.959,0.511,0.321,0.264,0.0,0.863,2.677,5.816,6.744,0.0,4.936,4.185,0.0,4.639,0.0,5.223,5.56,0.0,6.16,0.0,3.031,2.496,2.07,1.459,0.912,0.518,0.315,0.266,0.314,0.897,0.0,5.652,5.453,5.556,5.142,4.321,4.405,4.791,0.0,0.0,5.687,0.0,6.308,0.0,3.115,0.0,3.442,3.152,1.147,0.691,0.453,0.341,0.431,1.1,0.0,5.845,6.437,0.0,0.0,4.626,4.677,0.0,0.0,5.332,6.132,0.0,0.0,4.692,0.0,2.962,0.0,1.73,1.052,0.555,0.354,0.284,0.0,0.0,2.745,5.855,6.942,5.863,5.404,0.0,4.791,5.109,0.0,5.694,0.0,7.118,0.0,5.23,0.0,3.14,0.0,2.0,1.204,0.721,0.423,0.0,0.373,0.0,2.585,0.0,6.641,0.0,5.154,0.0,5.425,5.467,0.0,5.836,0.0,6.601,0.0,5.367,0.0,3.775,3.591,3.075,1.891,1.42,0.822,0.554,0.377,0.0,0.686,0.0,2.056,0.0,3.935,0.0,4.608,5.136,0.0,5.167,0.0,4.939,0.0,4.592,0.0,3.496,0.0,3.778,0.0
52,0.511,0.321,0.264,0.0,0.863,2.677,5.816,6.744,0.0,4.936,4.185,0.0,4.639,0.0,5.223,5.56,0.0,6.16,0.0,3.031,2.496,2.07,1.459,0.912,0.518,0.315,0.266,0.314,0.897,0.0,5.652,5.453,5.556,5.142,4.321,4.405,4.791,0.0,0.0,5.687,0.0,6.308,0.0,3.115,0.0,3.442,3.152,1.147,0.691,0.453,0.341,0.431,1.1,0.0,5.845,6.437,0.0,0.0,4.626,4.677,0.0,0.0,5.332,6.132,0.0,0.0,4.692,0.0,2.962,0.0,1.73,1.052,0.555,0.354,0.284,0.0,0.0,2.745,5.855,6.942,5.863,5.404,0.0,4.791,5.109,0.0,5.694,0.0,7.118,0.0,5.23,0.0,3.14,0.0,2.0,1.204,0.721,0.423,0.0,0.373,0.0,2.585,0.0,6.641,0.0,5.154,0.0,5.425,5.467,0.0,5.836,0.0,6.601,0.0,5.367,0.0,3.775,3.591,3.075,1.891,1.42,0.822,0.554,0.377,0.0,0.686,0.0,2.056,0.0,3.935,0.0,4.608,5.136,0.0,5.167,0.0,4.939,0.0,4.592,0.0,3.496,0.0,3.778,0.0,1.42,0.0,0.554,0.0,0.394,0.0,1.033,0.0,1.985,0.0,3.609,0.0,4.36,0.0,4.548,0.0,5.169,0.0,3.942,0.0,2.423,0.0,1.488,0.0
53,0.518,0.315,0.266,0.314,0.897,0.0,5.652,5.453,5.556,5.142,4.321,4.405,4.791,0.0,0.0,5.687,0.0,6.308,0.0,3.115,0.0,3.442,3.152,1.147,0.691,0.453,0.341,0.431,1.1,0.0,5.845,6.437,0.0,0.0,4.626,4.677,0.0,0.0,5.332,6.132,0.0,0.0,4.692,0.0,2.962,0.0,1.73,1.052,0.555,0.354,0.284,0.0,0.0,2.745,5.855,6.942,5.863,5.404,0.0,4.791,5.109,0.0,5.694,0.0,7.118,0.0,5.23,0.0,3.14,0.0,2.0,1.204,0.721,0.423,0.0,0.373,0.0,2.585,0.0,6.641,0.0,5.154,0.0,5.425,5.467,0.0,5.836,0.0,6.601,0.0,5.367,0.0,3.775,3.591,3.075,1.891,1.42,0.822,0.554,0.377,0.0,0.686,0.0,2.056,0.0,3.935,0.0,4.608,5.136,0.0,5.167,0.0,4.939,0.0,4.592,0.0,3.496,0.0,3.778,0.0,1.42,0.0,0.554,0.0,0.394,0.0,1.033,0.0,1.985,0.0,3.609,0.0,4.36,0.0,4.548,0.0,5.169,0.0,3.942,0.0,2.423,0.0,1.488,0.0,0.472,0.0,0.27,0.0,0.818,0.0,5.628,0.0,5.772,0.0,4.498,0.0,4.859,4.825,5.157,0.0,6.775,0.0,4.474,0.0,2.51,0.0,1.664,0.0
54,0.691,0.453,0.341,0.431,1.1,0.0,5.845,6.437,0.0,0.0,4.626,4.677,0.0,0.0,5.332,6.132,0.0,0.0,4.692,0.0,2.962,0.0,1.73,1.052,0.555,0.354,0.284,0.0,0.0,2.745,5.855,6.942,5.863,5.404,0.0,4.791,5.109,0.0,5.694,0.0,7.118,0.0,5.23,0.0,3.14,0.0,2.0,1.204,0.721,0.423,0.0,0.373,0.0,2.585,0.0,6.641,0.0,5.154,0.0,5.425,5.467,0.0,5.836,0.0,6.601,0.0,5.367,0.0,3.775,3.591,3.075,1.891,1.42,0.822,0.554,0.377,0.0,0.686,0.0,2.056,0.0,3.935,0.0,4.608,5.136,0.0,5.167,0.0,4.939,0.0,4.592,0.0,3.496,0.0,3.778,0.0,1.42,0.0,0.554,0.0,0.394,0.0,1.033,0.0,1.985,0.0,3.609,0.0,4.36,0.0,4.548,0.0,5.169,0.0,3.942,0.0,2.423,0.0,1.488,0.0,0.472,0.0,0.27,0.0,0.818,0.0,5.628,0.0,5.772,0.0,4.498,0.0,4.859,4.825,5.157,0.0,6.775,0.0,4.474,0.0,2.51,0.0,1.664,0.0,1.632,0.453,0.0,0.0,0.831,0.0,5.83,0.0,5.959,5.265,4.554,4.756,0.0,5.062,0.0,5.895,0.0,6.19,0.0,3.067,0.0,3.628,0.0,1.08
55,0.555,0.354,0.284,0.0,0.0,2.745,5.855,6.942,5.863,5.404,0.0,4.791,5.109,0.0,5.694,0.0,7.118,0.0,5.23,0.0,3.14,0.0,2.0,1.204,0.721,0.423,0.0,0.373,0.0,2.585,0.0,6.641,0.0,5.154,0.0,5.425,5.467,0.0,5.836,0.0,6.601,0.0,5.367,0.0,3.775,3.591,3.075,1.891,1.42,0.822,0.554,0.377,0.0,0.686,0.0,2.056,0.0,3.935,0.0,4.608,5.136,0.0,5.167,0.0,4.939,0.0,4.592,0.0,3.496,0.0,3.778,0.0,1.42,0.0,0.554,0.0,0.394,0.0,1.033,0.0,1.985,0.0,3.609,0.0,4.36,0.0,4.548,0.0,5.169,0.0,3.942,0.0,2.423,0.0,1.488,0.0,0.472,0.0,0.27,0.0,0.818,0.0,5.628,0.0,5.772,0.0,4.498,0.0,4.859,4.825,5.157,0.0,6.775,0.0,4.474,0.0,2.51,0.0,1.664,0.0,1.632,0.453,0.0,0.0,0.831,0.0,5.83,0.0,5.959,5.265,4.554,4.756,0.0,5.062,0.0,5.895,0.0,6.19,0.0,3.067,0.0,3.628,0.0,1.08,0.676,0.477,0.0,0.454,0.0,2.88,5.821,0.0,0.0,5.341,0.0,4.601,0.0,5.072,0.0,5.918,0.0,6.599,0.0,3.487,0.0,2.581,0.0,1.369
56,0.721,0.423,0.0,0.373,0.0,2.585,0.0,6.641,0.0,5.154,0.0,5.425,5.467,0.0,5.836,0.0,6.601,0.0,5.367,0.0,3.775,3.591,3.075,1.891,1.42,0.822,0.554,0.377,0.0,0.686,0.0,2.056,0.0,3.935,0.0,4.608,5.136,0.0,5.167,0.0,4.939,0.0,4.592,0.0,3.496,0.0,3.778,0.0,1.42,0.0,0.554,0.0,0.394,0.0,1.033,0.0,1.985,0.0,3.609,0.0,4.36,0.0,4.548,0.0,5.169,0.0,3.942,0.0,2.423,0.0,1.488,0.0,0.472,0.0,0.27,0.0,0.818,0.0,5.628,0.0,5.772,0.0,4.498,0.0,4.859,4.825,5.157,0.0,6.775,0.0,4.474,0.0,2.51,0.0,1.664,0.0,1.632,0.453,0.0,0.0,0.831,0.0,5.83,0.0,5.959,5.265,4.554,4.756,0.0,5.062,0.0,5.895,0.0,6.19,0.0,3.067,0.0,3.628,0.0,1.08,0.676,0.477,0.0,0.454,0.0,2.88,5.821,0.0,0.0,5.341,0.0,4.601,0.0,5.072,0.0,5.918,0.0,6.599,0.0,3.487,0.0,2.581,0.0,1.369,0.0,0.364,0.0,0.306,0.0,2.775,0.0,6.836,0.0,5.364,0.0,4.936,0.0,5.124,0.0,5.932,0.0,6.551,0.0,0.0,3.283,0.0,0.0,2.256
57,1.42,0.822,0.554,0.377,0.0,0.686,0.0,2.056,0.0,3.935,0.0,4.608,5.136,0.0,5.167,0.0,4.939,0.0,4.592,0.0,3.496,0.0,3.778,0.0,1.42,0.0,0.554,0.0,0.394,0.0,1.033,0.0,1.985,0.0,3.609,0.0,4.36,0.0,4.548,0.0,5.169,0.0,3.942,0.0,2.423,0.0,1.488,0.0,0.472,0.0,0.27,0.0,0.818,0.0,5.628,0.0,5.772,0.0,4.498,0.0,4.859,4.825,5.157,0.0,6.775,0.0,4.474,0.0,2.51,0.0,1.664,0.0,1.632,0.453,0.0,0.0,0.831,0.0,5.83,0.0,5.959,5.265,4.554,4.756,0.0,5.062,0.0,5.895,0.0,6.19,0.0,3.067,0.0,3.628,0.0,1.08,0.676,0.477,0.0,0.454,0.0,2.88,5.821,0.0,0.0,5.341,0.0,4.601,0.0,5.072,0.0,5.918,0.0,6.599,0.0,3.487,0.0,2.581,0.0,1.369,0.0,0.364,0.0,0.306,0.0,2.775,0.0,6.836,0.0,5.364,0.0,4.936,0.0,5.124,0.0,5.932,0.0,6.551,0.0,0.0,3.283,0.0,0.0,2.256,0.0,0.439,0.0,0.367,0.0,2.546,0.0,6.677,0.0,5.472,0.0,5.663,0.0,5.361,0.0,5.96,0.0,5.979,0.0,3.606,0.0,3.036,0.0,2.54
58,1.42,0.0,0.554,0.0,0.394,0.0,1.033,0.0,1.985,0.0,3.609,0.0,4.36,0.0,4.548,0.0,5.169,0.0,3.942,0.0,2.423,0.0,1.488,0.0,0.472,0.0,0.27,0.0,0.818,0.0,5.628,0.0,5.772,0.0,4.498,0.0,4.859,4.825,5.157,0.0,6.775,0.0,4.474,0.0,2.51,0.0,1.664,0.0,1.632,0.453,0.0,0.0,0.831,0.0,5.83,0.0,5.959,5.265,4.554,4.756,0.0,5.062,0.0,5.895,0.0,6.19,0.0,3.067,0.0,3.628,0.0,1.08,0.676,0.477,0.0,0.454,0.0,2.88,5.821,0.0,0.0,5.341,0.0,4.601,0.0,5.072,0.0,5.918,0.0,6.599,0.0,3.487,0.0,2.581,0.0,1.369,0.0,0.364,0.0,0.306,0.0,2.775,0.0,6.836,0.0,5.364,0.0,4.936,0.0,5.124,0.0,5.932,0.0,6.551,0.0,0.0,3.283,0.0,0.0,2.256,0.0,0.439,0.0,0.367,0.0,2.546,0.0,6.677,0.0,5.472,0.0,5.663,0.0,5.361,0.0,5.96,0.0,5.979,0.0,3.606,0.0,3.036,0.0,2.54,0.0,0.71,0.0,0.4,0.0,0.671,0.0,2.138,0.0,3.981,0.0,5.265,0.0,4.994,0.0,4.912,0.0,4.769,0.0,3.997,0.0,3.896,0.0,2.296
59,0.472,0.0,0.27,0.0,0.818,0.0,5.628,0.0,5.772,0.0,4.498,0.0,4.859,4.825,5.157,0.0,6.775,0.0,4.474,0.0,2.51,0.0,1.664,0.0,1.632,0.453,0.0,0.0,0.831,0.0,5.83,0.0,5.959,5.265,4.554,4.756,0.0,5.062,0.0,5.895,0.0,6.19,0.0,3.067,0.0,3.628,0.0,1.08,0.676,0.477,0.0,0.454,0.0,2.88,5.821,0.0,0.0,5.341,0.0,4.601,0.0,5.072,0.0,5.918,0.0,6.599,0.0,3.487,0.0,2.581,0.0,1.369,0.0,0.364,0.0,0.306,0.0,2.775,0.0,6.836,0.0,5.364,0.0,4.936,0.0,5.124,0.0,5.932,0.0,6.551,0.0,0.0,3.283,0.0,0.0,2.256,0.0,0.439,0.0,0.367,0.0,2.546,0.0,6.677,0.0,5.472,0.0,5.663,0.0,5.361,0.0,5.96,0.0,5.979,0.0,3.606,0.0,3.036,0.0,2.54,0.0,0.71,0.0,0.4,0.0,0.671,0.0,2.138,0.0,3.981,0.0,5.265,0.0,4.994,0.0,4.912,0.0,4.769,0.0,3.997,0.0,3.896,0.0,2.296,1.25,0.984,0.0,0.349,0.302,0.427,0.796,0.0,1.987,0.0,0.0,3.902,4.443,0.0,4.465,0.0,4.199,0.0,3.641,0.0,2.457,2.904,0.0,1.028
60,1.632,0.453,0.0,0.0,0.831,0.0,5.83,0.0,5.959,5.265,4.554,4.756,0.0,5.062,0.0,5.895,0.0,6.19,0.0,3.067,0.0,3.628,0.0,1.08,0.676,0.477,0.0,0.454,0.0,2.88,5.821,0.0,0.0,5.341,0.0,4.601,0.0,5.072,0.0,5.918,0.0,6.599,0.0,3.487,0.0,2.581,0.0,1.369,0.0,0.364,0.0,0.306,0.0,2.775,0.0,6.836,0.0,5.364,0.0,4.936,0.0,5.124,0.0,5.932,0.0,6.551,0.0,0.0,3.283,0.0,0.0,2.256,0.0,0.439,0.0,0.367,0.0,2.546,0.0,6.677,0.0,5.472,0.0,5.663,0.0,5.361,0.0,5.96,0.0,5.979,0.0,3.606,0.0,3.036,0.0,2.54,0.0,0.71,0.0,0.4,0.0,0.671,0.0,2.138,0.0,3.981,0.0,5.265,0.0,4.994,0.0,4.912,0.0,4.769,0.0,3.997,0.0,3.896,0.0,2.296,1.25,0.984,0.0,0.349,0.302,0.427,0.796,0.0,1.987,0.0,0.0,3.902,4.443,0.0,4.465,0.0,4.199,0.0,3.641,0.0,2.457,2.904,0.0,1.028,0.668,0.0,0.351,0.0,0.0,2.783,5.87,6.86,0.0,4.675,0.0,4.557,4.859,0.0,0.0,5.579,0.0,6.053,0.0,2.973,0.0,2.03,0.0,0.917
61,0.676,0.477,0.0,0.454,0.0,2.88,5.821,0.0,0.0,5.341,0.0,4.601,0.0,5.072,0.0,5.918,0.0,6.599,0.0,3.487,0.0,2.581,0.0,1.369,0.0,0.364,0.0,0.306,0.0,2.775,0.0,6.836,0.0,5.364,0.0,4.936,0.0,5.124,0.0,5.932,0.0,6.551,0.0,0.0,3.283,0.0,0.0,2.256,0.0,0.439,0.0,0.367,0.0,2.546,0.0,6.677,0.0,5.472,0.0,5.663,0.0,5.361,0.0,5.96,0.0,5.979,0.0,3.606,0.0,3.036,0.0,2.54,0.0,0.71,0.0,0.4,0.0,0.671,0.0,2.138,0.0,3.981,0.0,5.265,0.0,4.994,0.0,4.912,0.0,4.769,0.0,3.997,0.0,3.896,0.0,2.296,1.25,0.984,0.0,0.349,0.302,0.427,0.796,0.0,1.987,0.0,0.0,3.902,4.443,0.0,4.465,0.0,4.199,0.0,3.641,0.0,2.457,2.904,0.0,1.028,0.668,0.0,0.351,0.0,0.0,2.783,5.87,6.86,0.0,4.675,0.0,4.557,4.859,0.0,0.0,5.579,0.0,6.053,0.0,2.973,0.0,2.03,0.0,0.917,0.529,0.0,0.248,0.0,0.903,0.0,5.774,0.0,6.003,0.0,4.406,0.0,4.78,0.0,5.349,0.0,6.953,0.0,4.778,0.0,2.713,0.0,1.566,0.0
62,0.0,0.364,0.0,0.306,0.0,2.775,0.0,6.836,0.0,5.364,0.0,4.936,0.0,5.124,0.0,5.932,0.0,6.551,0.0,0.0,3.283,0.0,0.0,2.256,0.0,0.439,0.0,0.367,0.0,2.546,0.0,6.677,0.0,5.472,0.0,5.663,0.0,5.361,0.0,5.96,0.0,5.979,0.0,3.606,0.0,3.036,0.0,2.54,0.0,0.71,0.0,0.4,0.0,0.671,0.0,2.138,0.0,3.981,0.0,5.265,0.0,4.994,0.0,4.912,0.0,4.769,0.0,3.997,0.0,3.896,0.0,2.296,1.25,0.984,0.0,0.349,0.302,0.427,0.796,0.0,1.987,0.0,0.0,3.902,4.443,0.0,4.465,0.0,4.199,0.0,3.641,0.0,2.457,2.904,0.0,1.028,0.668,0.0,0.351,0.0,0.0,2.783,5.87,6.86,0.0,4.675,0.0,4.557,4.859,0.0,0.0,5.579,0.0,6.053,0.0,2.973,0.0,2.03,0.0,0.917,0.529,0.0,0.248,0.0,0.903,0.0,5.774,0.0,6.003,0.0,4.406,0.0,4.78,0.0,5.349,0.0,6.953,0.0,4.778,0.0,2.713,0.0,1.566,0.0,0.559,0.0,0.279,0.0,0.881,0.0,5.735,0.0,6.115,0.0,4.598,0.0,5.099,0.0,5.347,0.0,6.843,0.0,4.639,0.0,2.653,0.0,1.671,0.0
63,0.0,0.439,0.0,0.367,0.0,2.546,0.0,6.677,0.0,5.472,0.0,5.663,0.0,5.361,0.0,5.96,0.0,5.979,0.0,3.606,0.0,3.036,0.0,2.54,0.0,0.71,0.0,0.4,0.0,0.671,0.0,2.138,0.0,3.981,0.0,5.265,0.0,4.994,0.0,4.912,0.0,4.769,0.0,3.997,0.0,3.896,0.0,2.296,1.25,0.984,0.0,0.349,0.302,0.427,0.796,0.0,1.987,0.0,0.0,3.902,4.443,0.0,4.465,0.0,4.199,0.0,3.641,0.0,2.457,2.904,0.0,1.028,0.668,0.0,0.351,0.0,0.0,2.783,5.87,6.86,0.0,4.675,0.0,4.557,4.859,0.0,0.0,5.579,0.0,6.053,0.0,2.973,0.0,2.03,0.0,0.917,0.529,0.0,0.248,0.0,0.903,0.0,5.774,0.0,6.003,0.0,4.406,0.0,4.78,0.0,5.349,0.0,6.953,0.0,4.778,0.0,2.713,0.0,1.566,0.0,0.559,0.0,0.279,0.0,0.881,0.0,5.735,0.0,6.115,0.0,4.598,0.0,5.099,0.0,5.347,0.0,6.843,0.0,4.639,0.0,2.653,0.0,1.671,0.0,0.585,0.0,0.28,0.0,0.896,0.0,5.764,0.0,6.009,0.0,4.489,0.0,5.247,5.188,5.64,0.0,6.823,0.0,4.794,0.0,2.875,0.0,2.754,1.21
64,0.0,0.71,0.0,0.4,0.0,0.671,0.0,2.138,0.0,3.981,0.0,5.265,0.0,4.994,0.0,4.912,0.0,4.769,0.0,3.997,0.0,3.896,0.0,2.296,1.25,0.984,0.0,0.349,0.302,0.427,0.796,0.0,1.987,0.0,0.0,3.902,4.443,0.0,4.465,0.0,4.199,0.0,3.641,0.0,2.457,2.904,0.0,1.028,0.668,0.0,0.351,0.0,0.0,2.783,5.87,6.86,0.0,4.675,0.0,4.557,4.859,0.0,0.0,5.579,0.0,6.053,0.0,2.973,0.0,2.03,0.0,0.917,0.529,0.0,0.248,0.0,0.903,0.0,5.774,0.0,6.003,0.0,4.406,0.0,4.78,0.0,5.349,0.0,6.953,0.0,4.778,0.0,2.713,0.0,1.566,0.0,0.559,0.0,0.279,0.0,0.881,0.0,5.735,0.0,6.115,0.0,4.598,0.0,5.099,0.0,5.347,0.0,6.843,0.0,4.639,0.0,2.653,0.0,1.671,0.0,0.585,0.0,0.28,0.0,0.896,0.0,5.764,0.0,6.009,0.0,4.489,0.0,5.247,5.188,5.64,0.0,6.823,0.0,4.794,0.0,2.875,0.0,2.754,1.21,0.71,0.441,0.0,0.375,0.0,2.545,5.4,6.69,0.0,4.996,0.0,5.434,5.731,0.0,5.835,0.0,6.562,0.0,5.074,0.0,3.086,0.0,2.694,2.084
65,1.25,0.984,0.0,0.349,0.302,0.427,0.796,0.0,1.987,0.0,0.0,3.902,4.443,0.0,4.465,0.0,4.199,0.0,3.641,0.0,2.457,2.904,0.0,1.028,0.668,0.0,0.351,0.0,0.0,2.783,5.87,6.86,0.0,4.675,0.0,4.557,4.859,0.0,0.0,5.579,0.0,6.053,0.0,2.973,0.0,2.03,0.0,0.917,0.529,0.0,0.248,0.0,0.903,0.0,5.774,0.0,6.003,0.0,4.406,0.0,4.78,0.0,5.349,0.0,6.953,0.0,4.778,0.0,2.713,0.0,1.566,0.0,0.559,0.0,0.279,0.0,0.881,0.0,5.735,0.0,6.115,0.0,4.598,0.0,5.099,0.0,5.347,0.0,6.843,0.0,4.639,0.0,2.653,0.0,1.671,0.0,0.585,0.0,0.28,0.0,0.896,0.0,5.764,0.0,6.009,0.0,4.489,0.0,5.247,5.188,5.64,0.0,6.823,0.0,4.794,0.0,2.875,0.0,2.754,1.21,0.71,0.441,0.0,0.375,0.0,2.545,5.4,6.69,0.0,4.996,0.0,5.434,5.731,0.0,5.835,0.0,6.562,0.0,5.074,0.0,3.086,0.0,2.694,2.084,0.0,0.863,0.652,0.439,0.0,0.789,0.0,2.444,3.792,0.0,4.679,0.0,5.506,5.126,5.193,0.0,5.361,0.0,4.836,0.0,3.373,3.261,3.505,2.421
66,0.668,0.0,0.351,0.0,0.0,2.783,5.87,6.86,0.0,4.675,0.0,4.557,4.859,0.0,0.0,5.579,0.0,6.053,0.0,2.973,0.0,2.03,0.0,0.917,0.529,0.0,0.248,0.0,0.903,0.0,5.774,0.0,6.003,0.0,4.406,0.0,4.78,0.0,5.349,0.0,6.953,0.0,4.778,0.0,2.713,0.0,1.566,0.0,0.559,0.0,0.279,0.0,0.881,0.0,5.735,0.0,6.115,0.0,4.598,0.0,5.099,0.0,5.347,0.0,6.843,0.0,4.639,0.0,2.653,0.0,1.671,0.0,0.585,0.0,0.28,0.0,0.896,0.0,5.764,0.0,6.009,0.0,4.489,0.0,5.247,5.188,5.64,0.0,6.823,0.0,4.794,0.0,2.875,0.0,2.754,1.21,0.71,0.441,0.0,0.375,0.0,2.545,5.4,6.69,0.0,4.996,0.0,5.434,5.731,0.0,5.835,0.0,6.562,0.0,5.074,0.0,3.086,0.0,2.694,2.084,0.0,0.863,0.652,0.439,0.0,0.789,0.0,2.444,3.792,0.0,4.679,0.0,5.506,5.126,5.193,0.0,5.361,0.0,4.836,0.0,3.373,3.261,3.505,2.421,1.851,0.999,0.0,0.0,0.451,0.469,0.0,1.091,1.693,2.401,3.301,3.608,4.257,4.647,0.0,4.37,0.0,4.218,0.0,3.065,0.0,2.377,1.943,0.0
67,0.529,0.0,0.248,0.0,0.903,0.0,5.774,0.0,6.003,0.0,4.406,0.0,4.78,0.0,5.349,0.0,6.953,0.0,4.778,0.0,2.713,0.0,1.566,0.0,0.559,0.0,0.279,0.0,0.881,0.0,5.735,0.0,6.115,0.0,4.598,0.0,5.099,0.0,5.347,0.0,6.843,0.0,4.639,0.0,2.653,0.0,1.671,0.0,0.585,0.0,0.28,0.0,0.896,0.0,5.764,0.0,6.009,0.0,4.489,0.0,5.247,5.188,5.64,0.0,6.823,0.0,4.794,0.0,2.875,0.0,2.754,1.21,0.71,0.441,0.0,0.375,0.0,2.545,5.4,6.69,0.0,4.996,0.0,5.434,5.731,0.0,5.835,0.0,6.562,0.0,5.074,0.0,3.086,0.0,2.694,2.084,0.0,0.863,0.652,0.439,0.0,0.789,0.0,2.444,3.792,0.0,4.679,0.0,5.506,5.126,5.193,0.0,5.361,0.0,4.836,0.0,3.373,3.261,3.505,2.421,1.851,0.999,0.0,0.0,0.451,0.469,0.0,1.091,1.693,2.401,3.301,3.608,4.257,4.647,0.0,4.37,0.0,4.218,0.0,3.065,0.0,2.377,1.943,0.0,0.676,0.0,0.351,0.0,0.942,2.776,0.0,0.0,5.969,4.844,4.196,0.0,4.659,4.82,0.0,5.721,0.0,6.372,0.0,3.197,0.0,2.16,0.0,1.034
68,0.559,0.0,0.279,0.0,0.881,0.0,5.735,0.0,6.115,0.0,4.598,0.0,5.099,0.0,5.347,0.0,6.843,0.0,4.639,0.0,2.653,0.0,1.671,0.0,0.585,0.0,0.28,0.0,0.896,0.0,5.764,0.0,6.009,0.0,4.489,0.0,5.247,5.188,5.64,0.0,6.823,0.0,4.794,0.0,2.875,0.0,2.754,1.21,0.71,0.441,0.0,0.375,0.0,2.545,5.4,6.69,0.0,4.996,0.0,5.434,5.731,0.0,5.835,0.0,6.562,0.0,5.074,0.0,3.086,0.0,2.694,2.084,0.0,0.863,0.652,0.439,0.0,0.789,0.0,2.444,3.792,0.0,4.679,0.0,5.506,5.126,5.193,0.0,5.361,0.0,4.836,0.0,3.373,3.261,3.505,2.421,1.851,0.999,0.0,0.0,0.451,0.469,0.0,1.091,1.693,2.401,3.301,3.608,4.257,4.647,0.0,4.37,0.0,4.218,0.0,3.065,0.0,2.377,1.943,0.0,0.676,0.0,0.351,0.0,0.942,2.776,0.0,0.0,5.969,4.844,4.196,0.0,4.659,4.82,0.0,5.721,0.0,6.372,0.0,3.197,0.0,2.16,0.0,1.034,0.598,0.357,0.0,0.335,0.0,2.683,5.375,0.0,5.771,5.214,4.516,4.584,5.085,5.185,0.0,0.0,6.503,0.0,4.46,0.0,2.831,2.458,1.776,1.002
69,0.585,0.0,0.28,0.0,0.896,0.0,5.764,0.0,6.009,0.0,4.489,0.0,5.247,5.188,5.64,0.0,6.823,0.0,4.794,0.0,2.875,0.0,2.754,1.21,0.71,0.441,0.0,0.375,0.0,2.545,5.4,6.69,0.0,4.996,0.0,5.434,5.731,0.0,5.835,0.0,6.562,0.0,5.074,0.0,3.086,0.0,2.694,2.084,0.0,0.863,0.652,0.439,0.0,0.789,0.0,2.444,3.792,0.0,4.679,0.0,5.506,5.126,5.193,0.0,5.361,0.0,4.836,0.0,3.373,3.261,3.505,2.421,1.851,0.999,0.0,0.0,0.451,0.469,0.0,1.091,1.693,2.401,3.301,3.608,4.257,4.647,0.0,4.37,0.0,4.218,0.0,3.065,0.0,2.377,1.943,0.0,0.676,0.0,0.351,0.0,0.942,2.776,0.0,0.0,5.969,4.844,4.196,0.0,4.659,4.82,0.0,5.721,0.0,6.372,0.0,3.197,0.0,2.16,0.0,1.034,0.598,0.357,0.0,0.335,0.0,2.683,5.375,0.0,5.771,5.214,4.516,4.584,5.085,5.185,0.0,0.0,6.503,0.0,4.46,0.0,2.831,2.458,1.776,1.002,0.621,0.4,0.245,0.0,0.876,2.704,5.656,6.712,0.0,5.422,4.536,4.98,5.059,5.17,0.0,0.0,6.976,0.0,4.827,0.0,3.156,2.722,1.748,1.144
70,0.71,0.441,0.0,0.375,0.0,2.545,5.4,6.69,0.0,4.996,0.0,5.434,5.731,0.0,5.835,0.0,6.562,0.0,5.074,0.0,3.086,0.0,2.694,2.084,0.0,0.863,0.652,0.439,0.0,0.789,0.0,2.444,3.792,0.0,4.679,0.0,5.506,5.126,5.193,0.0,5.361,0.0,4.836,0.0,3.373,3.261,3.505,2.421,1.851,0.999,0.0,0.0,0.451,0.469,0.0,1.091,1.693,2.401,3.301,3.608,4.257,4.647,0.0,4.37,0.0,4.218,0.0,3.065,0.0,2.377,1.943,0.0,0.676,0.0,0.351,0.0,0.942,2.776,0.0,0.0,5.969,4.844,4.196,0.0,4.659,4.82,0.0,5.721,0.0,6.372,0.0,3.197,0.0,2.16,0.0,1.034,0.598,0.357,0.0,0.335,0.0,2.683,5.375,0.0,5.771,5.214,4.516,4.584,5.085,5.185,0.0,0.0,6.503,0.0,4.46,0.0,2.831,2.458,1.776,1.002,0.621,0.4,0.245,0.0,0.876,2.704,5.656,6.712,0.0,5.422,4.536,4.98,5.059,5.17,0.0,0.0,6.976,0.0,4.827,0.0,3.156,2.722,1.748,1.144,0.634,0.419,0.267,0.337,0.887,2.651,5.58,6.613,6.104,5.283,0.0,4.942,5.142,5.501,5.948,0.0,6.694,6.253,4.652,3.434,3.239,2.916,2.574,1.45
71,0.0,0.863,0.652,0.439,0.0,0.789,0.0,2.444,3.792,0.0,4.679,0.0,5.506,5.126,5.193,0.0,5.361,0.0,4.836,0.0,3.373,3.261,3.505,2.421,1.851,0.999,0.0,0.0,0.451,0.469,0.0,1.091,1.693,2.401,3.301,3.608,4.257,4.647,0.0,4.37,0.0,4.218,0.0,3.065,0.0,2.377,1.943,0.0,0.676,0.0,0.351,0.0,0.942,2.776,0.0,0.0,5.969,4.844,4.196,0.0,4.659,4.82,0.0,5.721,0.0,6.372,0.0,3.197,0.0,2.16,0.0,1.034,0.598,0.357,0.0,0.335,0.0,2.683,5.375,0.0,5.771,5.214,4.516,4.584,5.085,5.185,0.0,0.0,6.503,0.0,4.46,0.0,2.831,2.458,1.776,1.002,0.621,0.4,0.245,0.0,0.876,2.704,5.656,6.712,0.0,5.422,4.536,4.98,5.059,5.17,0.0,0.0,6.976,0.0,4.827,0.0,3.156,2.722,1.748,1.144,0.634,0.419,0.267,0.337,0.887,2.651,5.58,6.613,6.104,5.283,0.0,4.942,5.142,5.501,5.948,0.0,6.694,6.253,4.652,3.434,3.239,2.916,2.574,1.45,0.632,0.404,0.29,0.348,0.9,2.577,5.192,6.111,5.414,0.0,4.796,5.219,5.695,5.49,0.0,6.218,0.0,5.954,4.836,0.0,0.0,2.913,3.203,1.774
72,1.851,0.999,0.0,0.0,0.451,0.469,0.0,1.091,1.693,2.401,3.301,3.608,4.257,4.647,0.0,4.37,0.0,4.218,0.0,3.065,0.0,2.377,1.943,0.0,0.676,0.0,0.351,0.0,0.942,2.776,0.0,0.0,5.969,4.844,4.196,0.0,4.659,4.82,0.0,5.721,0.0,6.372,0.0,3.197,0.0,2.16,0.0,1.034,0.598,0.357,0.0,0.335,0.0,2.683,5.375,0.0,5.771,5.214,4.516,4.584,5.085,5.185,0.0,0.0,6.503,0.0,4.46,0.0,2.831,2.458,1.776,1.002,0.621,0.4,0.245,0.0,0.876,2.704,5.656,6.712,0.0,5.422,4.536,4.98,5.059,5.17,0.0,0.0,6.976,0.0,4.827,0.0,3.156,2.722,1.748,1.144,0.634,0.419,0.267,0.337,0.887,2.651,5.58,6.613,6.104,5.283,0.0,4.942,5.142,5.501,5.948,0.0,6.694,6.253,4.652,3.434,3.239,2.916,2.574,1.45,0.632,0.404,0.29,0.348,0.9,2.577,5.192,6.111,5.414,0.0,4.796,5.219,5.695,5.49,0.0,6.218,0.0,5.954,4.836,0.0,0.0,2.913,3.203,1.774,1.155,0.669,0.586,0.385,0.36,0.689,0.0,1.941,3.125,3.637,4.302,4.717,5.108,4.806,4.793,0.0,6.371,0.0,4.256,3.626,0.0,0.0,0.0,2.021
73,0.676,0.0,0.351,0.0,0.942,2.776,0.0,0.0,5.969,4.844,4.196,0.0,4.659,4.82,0.0,5.721,0.0,6.372,0.0,3.197,0.0,2.16,0.0,1.034,0.598,0.357,0.0,0.335,0.0,2.683,5.375,0.0,5.771,5.214,4.516,4.584,5.085,5.185,0.0,0.0,6.503,0.0,4.46,0.0,2.831,2.458,1.776,1.002,0.621,0.4,0.245,0.0,0.876,2.704,5.656,6.712,0.0,5.422,4.536,4.98,5.059,5.17,0.0,0.0,6.976,0.0,4.827,0.0,3.156,2.722,1.748,1.144,0.634,0.419,0.267,0.337,0.887,2.651,5.58,6.613,6.104,5.283,0.0,4.942,5.142,5.501,5.948,0.0,6.694,6.253,4.652,3.434,3.239,2.916,2.574,1.45,0.632,0.404,0.29,0.348,0.9,2.577,5.192,6.111,5.414,0.0,4.796,5.219,5.695,5.49,0.0,6.218,0.0,5.954,4.836,0.0,0.0,2.913,3.203,1.774,1.155,0.669,0.586,0.385,0.36,0.689,0.0,1.941,3.125,3.637,4.302,4.717,5.108,4.806,4.793,0.0,6.371,0.0,4.256,3.626,0.0,0.0,0.0,2.021,0.0,0.0,0.975,0.0,0.0,0.606,0.943,0.0,2.093,2.858,3.608,3.917,0.0,4.757,4.76,0.0,0.0,4.356,0.0,3.47,2.721,2.04,0.0,0.992
74,0.598,0.357,0.0,0.335,0.0,2.683,5.375,0.0,5.771,5.214,4.516,4.584,5.085,5.185,0.0,0.0,6.503,0.0,4.46,0.0,2.831,2.458,1.776,1.002,0.621,0.4,0.245,0.0,0.876,2.704,5.656,6.712,0.0,5.422,4.536,4.98,5.059,5.17,0.0,0.0,6.976,0.0,4.827,0.0,3.156,2.722,1.748,1.144,0.634,0.419,0.267,0.337,0.887,2.651,5.58,6.613,6.104,5.283,0.0,4.942,5.142,5.501,5.948,0.0,6.694,6.253,4.652,3.434,3.239,2.916,2.574,1.45,0.632,0.404,0.29,0.348,0.9,2.577,5.192,6.111,5.414,0.0,4.796,5.219,5.695,5.49,0.0,6.218,0.0,5.954,4.836,0.0,0.0,2.913,3.203,1.774,1.155,0.669,0.586,0.385,0.36,0.689,0.0,1.941,3.125,3.637,4.302,4.717,5.108,4.806,4.793,0.0,6.371,0.0,4.256,3.626,0.0,0.0,0.0,2.021,0.0,0.0,0.975,0.0,0.0,0.606,0.943,0.0,2.093,2.858,3.608,3.917,0.0,4.757,4.76,0.0,0.0,4.356,0.0,3.47,2.721,2.04,0.0,0.992,0.591,0.353,0.304,0.318,0.858,0.0,5.468,6.536,5.884,0.0,4.258,4.535,0.0,4.843,5.26,5.832,0.0,6.321,0.0,3.282,0.0,2.178,1.52,0.951
75,0.621,0.4,0.245,0.0,0.876,2.704,5.656,6.712,0.0,5.422,4.536,4.98,5.059,5.17,0.0,0.0,6.976,0.0,4.827,0.0,3.156,2.722,1.748,1.144,0.634,0.419,0.267,0.337,0.887,2.651,5.58,6.613,6.104,5.283,0.0,4.942,5.142,5.501,5.948,0.0,6.694,6.253,4.652,3.434,3.239,2.916,2.574,1.45,0.632,0.404,0.29,0.348,0.9,2.577,5.192,6.111,5.414,0.0,4.796,5.219,5.695,5.49,0.0,6.218,0.0,5.954,4.836,0.0,0.0,2.913,3.203,1.774,1.155,0.669,0.586,0.385,0.36,0.689,0.0,1.941,3.125,3.637,4.302,4.717,5.108,4.806,4.793,0.0,6.371,0.0,4.256,3.626,0.0,0.0,0.0,2.021,0.0,0.0,0.975,0.0,0.0,0.606,0.943,0.0,2.093,2.858,3.608,3.917,0.0,4.757,4.76,0.0,0.0,4.356,0.0,3.47,2.721,2.04,0.0,0.992,0.591,0.353,0.304,0.318,0.858,0.0,5.468,6.536,5.884,0.0,4.258,4.535,0.0,4.843,5.26,5.832,0.0,6.321,0.0,3.282,0.0,2.178,1.52,0.951,0.536,0.383,0.288,0.0,0.884,0.0,5.649,0.0,6.137,5.252,4.609,4.952,5.061,5.165,0.0,5.882,0.0,6.328,0.0,3.456,2.993,0.0,0.0,1.279
76,0.634,0.419,0.267,0.337,0.887,2.651,5.58,6.613,6.104,5.283,0.0,4.942,5.142,5.501,5.948,0.0,6.694,6.253,4.652,3.434,3.239,2.916,2.574,1.45,0.632,0.404,0.29,0.348,0.9,2.577,5.192,6.111,5.414,0.0,4.796,5.219,5.695,5.49,0.0,6.218,0.0,5.954,4.836,0.0,0.0,2.913,3.203,1.774,1.155,0.669,0.586,0.385,0.36,0.689,0.0,1.941,3.125,3.637,4.302,4.717,5.108,4.806,4.793,0.0,6.371,0.0,4.256,3.626,0.0,0.0,0.0,2.021,0.0,0.0,0.975,0.0,0.0,0.606,0.943,0.0,2.093,2.858,3.608,3.917,0.0,4.757,4.76,0.0,0.0,4.356,0.0,3.47,2.721,2.04,0.0,0.992,0.591,0.353,0.304,0.318,0.858,0.0,5.468,6.536,5.884,0.0,4.258,4.535,0.0,4.843,5.26,5.832,0.0,6.321,0.0,3.282,0.0,2.178,1.52,0.951,0.536,0.383,0.288,0.0,0.884,0.0,5.649,0.0,6.137,5.252,4.609,4.952,5.061,5.165,0.0,5.882,0.0,6.328,0.0,3.456,2.993,0.0,0.0,1.279,0.723,0.431,0.349,0.0,0.99,2.844,5.544,6.945,0.0,5.117,4.504,4.725,4.819,0.0,5.154,0.0,5.633,0.0,3.87,2.713,0.0,0.0,1.555,0.915
77,0.632,0.404,0.29,0.348,0.9,2.577,5.192,6.111,5.414,0.0,4.796,5.219,5.695,5.49,0.0,6.218,0.0,5.954,4.836,0.0,0.0,2.913,3.203,1.774,1.155,0.669,0.586,0.385,0.36,0.689,0.0,1.941,3.125,3.637,4.302,4.717,5.108,4.806,4.793,0.0,6.371,0.0,4.256,3.626,0.0,0.0,0.0,2.021,0.0,0.0,0.975,0.0,0.0,0.606,0.943,0.0,2.093,2.858,3.608,3.917,0.0,4.757,4.76,0.0,0.0,4.356,0.0,3.47,2.721,2.04,0.0,0.992,0.591,0.353,0.304,0.318,0.858,0.0,5.468,6.536,5.884,0.0,4.258,4.535,0.0,4.843,5.26,5.832,0.0,6.321,0.0,3.282,0.0,2.178,1.52,0.951,0.536,0.383,0.288,0.0,0.884,0.0,5.649,0.0,6.137,5.252,4.609,4.952,5.061,5.165,0.0,5.882,0.0,6.328,0.0,3.456,2.993,0.0,0.0,1.279,0.723,0.431,0.349,0.0,0.99,2.844,5.544,6.945,0.0,5.117,4.504,4.725,4.819,0.0,5.154,0.0,5.633,0.0,3.87,2.713,0.0,0.0,1.555,0.915,0.545,0.342,0.262,0.351,0.0,2.616,0.0,6.381,0.0,5.018,4.428,4.67,0.0,5.201,0.0,5.943,0.0,6.382,4.728,0.0,0.0,3.772,3.71,1.436
78,1.155,0.669,0.586,0.385,0.36,0.689,0.0,1.941,3.125,3.637,4.302,4.717,5.108,4.806,4.793,0.0,6.371,0.0,4.256,3.626,0.0,0.0,0.0,2.021,0.0,0.0,0.975,0.0,0.0,0.606,0.943,0.0,2.093,2.858,3.608,3.917,0.0,4.757,4.76,0.0,0.0,4.356,0.0,3.47,2.721,2.04,0.0,0.992,0.591,0.353,0.304,0.318,0.858,0.0,5.468,6.536,5.884,0.0,4.258,4.535,0.0,4.843,5.26,5.832,0.0,6.321,0.0,3.282,0.0,2.178,1.52,0.951,0.536,0.383,0.288,0.0,0.884,0.0,5.649,0.0,6.137,5.252,4.609,4.952,5.061,5.165,0.0,5.882,0.0,6.328,0.0,3.456,2.993,0.0,0.0,1.279,0.723,0.431,0.349,0.0,0.99,2.844,5.544,6.945,0.0,5.117,4.504,4.725,4.819,0.0,5.154,0.0,5.633,0.0,3.87,2.713,0.0,0.0,1.555,0.915,0.545,0.342,0.262,0.351,0.0,2.616,0.0,6.381,0.0,5.018,4.428,4.67,0.0,5.201,0.0,5.943,0.0,6.382,4.728,0.0,0.0,3.772,3.71,1.436,0.82,0.494,0.391,0.357,0.0,2.106,4.695,5.509,5.17,4.671,4.845,0.0,5.698,5.553,5.8,0.0,0.0,5.518,0.0,3.681,0.0,2.913,0.0,1.702
79,0.0,0.0,0.975,0.0,0.0,0.606,0.943,0.0,2.093,2.858,3.608,3.917,0.0,4.757,4.76,0.0,0.0,4.356,0.0,3.47,2.721,2.04,0.0,0.992,0.591,0.353,0.304,0.318,0.858,0.0,5.468,6.536,5.884,0.0,4.258,4.535,0.0,4.843,5.26,5.832,0.0,6.321,0.0,3.282,0.0,2.178,1.52,0.951,0.536,0.383,0.288,0.0,0.884,0.0,5.649,0.0,6.137,5.252,4.609,4.952,5.061,5.165,0.0,5.882,0.0,6.328,0.0,3.456,2.993,0.0,0.0,1.279,0.723,0.431,0.349,0.0,0.99,2.844,5.544,6.945,0.0,5.117,4.504,4.725,4.819,0.0,5.154,0.0,5.633,0.0,3.87,2.713,0.0,0.0,1.555,0.915,0.545,0.342,0.262,0.351,0.0,2.616,0.0,6.381,0.0,5.018,4.428,4.67,0.0,5.201,0.0,5.943,0.0,6.382,4.728,0.0,0.0,3.772,3.71,1.436,0.82,0.494,0.391,0.357,0.0,2.106,4.695,5.509,5.17,4.671,4.845,0.0,5.698,5.553,5.8,0.0,0.0,5.518,0.0,3.681,0.0,2.913,0.0,1.702,1.328,0.0,0.727,0.0,0.484,0.67,0.0,0.0,2.608,0.0,3.961,4.205,0.0,4.683,0.0,4.319,0.0,4.418,0.0,3.348,0.0,2.71,0.0,1.797
80,0.591,0.353,0.304,0.318,0.858,0.0,5.468,6.536,5.884,0.0,4.258,4.535,0.0,4.843,5.26,5.832,0.0,6.321,0.0,3.282,0.0,2.178,1.52,0.951,0.536,0.383,0.288,0.0,0.884,0.0,5.649,0.0,6.137,5.252,4.609,4.952,5.061,5.165,0.0,5.882,0.0,6.328,0.0,3.456,2.993,0.0,0.0,1.279,0.723,0.431,0.349,0.0,0.99,2.844,5.544,6.945,0.0,5.117,4.504,4.725,4.819,0.0,5.154,0.0,5.633,0.0,3.87,2.713,0.0,0.0,1.555,0.915,0.545,0.342,0.262,0.351,0.0,2.616,0.0,6.381,0.0,5.018,4.428,4.67,0.0,5.201,0.0,5.943,0.0,6.382,4.728,0.0,0.0,3.772,3.71,1.436,0.82,0.494,0.391,0.357,0.0,2.106,4.695,5.509,5.17,4.671,4.845,0.0,5.698,5.553,5.8,0.0,0.0,5.518,0.0,3.681,0.0,2.913,0.0,1.702,1.328,0.0,0.727,0.0,0.484,0.67,0.0,0.0,2.608,0.0,3.961,4.205,0.0,4.683,0.0,4.319,0.0,4.418,0.0,3.348,0.0,2.71,0.0,1.797,1.064,0.632,0.0,0.344,0.24,0.372,0.737,0.0,1.67,2.45,3.24,0.0,3.858,4.083,0.0,3.57,0.0,3.662,0.0,2.675,2.275,0.0,1.808,0.0
81,0.536,0.383,0.288,0.0,0.884,0.0,5.649,0.0,6.137,5.252,4.609,4.952,5.061,5.165,0.0,5.882,0.0,6.328,0.0,3.456,2.993,0.0,0.0,1.279,0.723,0.431,0.349,0.0,0.99,2.844,5.544,6.945,0.0,5.117,4.504,4.725,4.819,0.0,5.154,0.0,5.633,0.0,3.87,2.713,0.0,0.0,1.555,0.915,0.545,0.342,0.262,0.351,0.0,2.616,0.0,6.381,0.0,5.018,4.428,4.67,0.0,5.201,0.0,5.943,0.0,6.382,4.728,0.0,0.0,3.772,3.71,1.436,0.82,0.494,0.391,0.357,0.0,2.106,4.695,5.509,5.17,4.671,4.845,0.0,5.698,5.553,5.8,0.0,0.0,5.518,0.0,3.681,0.0,2.913,0.0,1.702,1.328,0.0,0.727,0.0,0.484,0.67,0.0,0.0,2.608,0.0,3.961,4.205,0.0,4.683,0.0,4.319,0.0,4.418,0.0,3.348,0.0,2.71,0.0,1.797,1.064,0.632,0.0,0.344,0.24,0.372,0.737,0.0,1.67,2.45,3.24,0.0,3.858,4.083,0.0,3.57,0.0,3.662,0.0,2.675,2.275,0.0,1.808,0.0,0.533,0.299,0.266,0.302,0.0,2.584,5.429,6.412,0.0,4.949,4.533,0.0,5.028,5.033,0.0,5.817,0.0,6.333,0.0,3.343,0.0,2.298,1.645,0.0
82,0.723,0.431,0.349,0.0,0.99,2.844,5.544,6.945,0.0,5.117,4.504,4.725,4.819,0.0,5.154,0.0,5.633,0.0,3.87,2.713,0.0,0.0,1.555,0.915,0.545,0.342,0.262,0.351,0.0,2.616,0.0,6.381,0.0,5.018,4.428,4.67,0.0,5.201,0.0,5.943,0.0,6.382,4.728,0.0,0.0,3.772,3.71,1.436,0.82,0.494,0.391,0.357,0.0,2.106,4.695,5.509,5.17,4.671,4.845,0.0,5.698,5.553,5.8,0.0,0.0,5.518,0.0,3.681,0.0,2.913,0.0,1.702,1.328,0.0,0.727,0.0,0.484,0.67,0.0,0.0,2.608,0.0,3.961,4.205,0.0,4.683,0.0,4.319,0.0,4.418,0.0,3.348,0.0,2.71,0.0,1.797,1.064,0.632,0.0,0.344,0.24,0.372,0.737,0.0,1.67,2.45,3.24,0.0,3.858,4.083,0.0,3.57,0.0,3.662,0.0,2.675,2.275,0.0,1.808,0.0,0.533,0.299,0.266,0.302,0.0,2.584,5.429,6.412,0.0,4.949,4.533,0.0,5.028,5.033,0.0,5.817,0.0,6.333,0.0,3.343,0.0,2.298,1.645,0.0,0.607,0.379,0.0,0.333,0.843,2.666,5.513,6.786,5.928,5.397,4.527,0.0,5.156,5.161,5.606,0.0,7.083,0.0,4.758,0.0,3.051,0.0,2.839,0.0
83,0.545,0.342,0.262,0.351,0.0,2.616,0.0,6.381,0.0,5.018,4.428,4.67,0.0,5.201,0.0,5.943,0.0,6.382,4.728,0.0,0.0,3.772,3.71,1.436,0.82,0.494,0.391,0.357,0.0,2.106,4.695,5.509,5.17,4.671,4.845,0.0,5.698,5.553,5.8,0.0,0.0,5.518,0.0,3.681,0.0,2.913,0.0,1.702,1.328,0.0,0.727,0.0,0.484,0.67,0.0,0.0,2.608,0.0,3.961,4.205,0.0,4.683,0.0,4.319,0.0,4.418,0.0,3.348,0.0,2.71,0.0,1.797,1.064,0.632,0.0,0.344,0.24,0.372,0.737,0.0,1.67,2.45,3.24,0.0,3.858,4.083,0.0,3.57,0.0,3.662,0.0,2.675,2.275,0.0,1.808,0.0,0.533,0.299,0.266,0.302,0.0,2.584,5.429,6.412,0.0,4.949,4.533,0.0,5.028,5.033,0.0,5.817,0.0,6.333,0.0,3.343,0.0,2.298,1.645,0.0,0.607,0.379,0.0,0.333,0.843,2.666,5.513,6.786,5.928,5.397,4.527,0.0,5.156,5.161,5.606,0.0,7.083,0.0,4.758,0.0,3.051,0.0,2.839,0.0,0.586,0.0,0.299,0.0,0.879,0.0,5.262,0.0,5.923,0.0,4.527,4.629,5.027,4.939,0.0,5.999,0.0,6.672,4.784,0.0,0.0,2.574,0.0,1.082
84,0.82,0.494,0.391,0.357,0.0,2.106,4.695,5.509,5.17,4.671,4.845,0.0,5.698,5.553,5.8,0.0,0.0,5.518,0.0,3.681,0.0,2.913,0.0,1.702,1.328,0.0,0.727,0.0,0.484,0.67,0.0,0.0,2.608,0.0,3.961,4.205,0.0,4.683,0.0,4.319,0.0,4.418,0.0,3.348,0.0,2.71,0.0,1.797,1.064,0.632,0.0,0.344,0.24,0.372,0.737,0.0,1.67,2.45,3.24,0.0,3.858,4.083,0.0,3.57,0.0,3.662,0.0,2.675,2.275,0.0,1.808,0.0,0.533,0.299,0.266,0.302,0.0,2.584,5.429,6.412,0.0,4.949,4.533,0.0,5.028,5.033,0.0,5.817,0.0,6.333,0.0,3.343,0.0,2.298,1.645,0.0,0.607,0.379,0.0,0.333,0.843,2.666,5.513,6.786,5.928,5.397,4.527,0.0,5.156,5.161,5.606,0.0,7.083,0.0,4.758,0.0,3.051,0.0,2.839,0.0,0.586,0.0,0.299,0.0,0.879,0.0,5.262,0.0,5.923,0.0,4.527,4.629,5.027,4.939,0.0,5.999,0.0,6.672,4.784,0.0,0.0,2.574,0.0,1.082,0.0,0.375,0.279,0.339,0.0,2.666,5.42,6.284,5.98,0.0,4.733,0.0,5.02,5.294,5.725,0.0,6.789,0.0,4.758,3.568,0.0,0.0,2.998,0.0
85,1.328,0.0,0.727,0.0,0.484,0.67,0.0,0.0,2.608,0.0,3.961,4.205,0.0,4.683,0.0,4.319,0.0,4.418,0.0,3.348,0.0,2.71,0.0,1.797,1.064,0.632,0.0,0.344,0.24,0.372,0.737,0.0,1.67,2.45,3.24,0.0,3.858,4.083,0.0,3.57,0.0,3.662,0.0,2.675,2.275,0.0,1.808,0.0,0.533,0.299,0.266,0.302,0.0,2.584,5.429,6.412,0.0,4.949,4.533,0.0,5.028,5.033,0.0,5.817,0.0,6.333,0.0,3.343,0.0,2.298,1.645,0.0,0.607,0.379,0.0,0.333,0.843,2.666,5.513,6.786,5.928,5.397,4.527,0.0,5.156,5.161,5.606,0.0,7.083,0.0,4.758,0.0,3.051,0.0,2.839,0.0,0.586,0.0,0.299,0.0,0.879,0.0,5.262,0.0,5.923,0.0,4.527,4.629,5.027,4.939,0.0,5.999,0.0,6.672,4.784,0.0,0.0,2.574,0.0,1.082,0.0,0.375,0.279,0.339,0.0,2.666,5.42,6.284,5.98,0.0,4.733,0.0,5.02,5.294,5.725,0.0,6.789,0.0,4.758,3.568,0.0,0.0,2.998,0.0,0.731,0.458,0.0,0.378,0.0,2.539,5.117,6.558,0.0,5.29,0.0,5.439,5.597,0.0,5.889,0.0,6.83,0.0,5.129,0.0,3.329,3.085,0.0,0.0
86,1.064,0.632,0.0,0.344,0.24,0.372,0.737,0.0,1.67,2.45,3.24,0.0,3.858,4.083,0.0,3.57,0.0,3.662,0.0,2.675,2.275,0.0,1.808,0.0,0.533,0.299,0.266,0.302,0.0,2.584,5.429,6.412,0.0,4.949,4.533,0.0,5.028,5.033,0.0,5.817,0.0,6.333,0.0,3.343,0.0,2.298,1.645,0.0,0.607,0.379,0.0,0.333,0.843,2.666,5.513,6.786,5.928,5.397,4.527,0.0,5.156,5.161,5.606,0.0,7.083,0.0,4.758,0.0,3.051,0.0,2.839,0.0,0.586,0.0,0.299,0.0,0.879,0.0,5.262,0.0,5.923,0.0,4.527,4.629,5.027,4.939,0.0,5.999,0.0,6.672,4.784,0.0,0.0,2.574,0.0,1.082,0.0,0.375,0.279,0.339,0.0,2.666,5.42,6.284,5.98,0.0,4.733,0.0,5.02,5.294,5.725,0.0,6.789,0.0,4.758,3.568,0.0,0.0,2.998,0.0,0.731,0.458,0.0,0.378,0.0,2.539,5.117,6.558,0.0,5.29,0.0,5.439,5.597,0.0,5.889,0.0,6.83,0.0,5.129,0.0,3.329,3.085,0.0,0.0,1.492,0.0,0.744,0.0,0.452,0.0,1.467,0.0,3.145,0.0,4.326,4.823,0.0,5.023,0.0,4.93,0.0,4.859,4.622,4.071,0.0,2.865,2.938,3.339
87,0.533,0.299,0.266,0.302,0.0,2.584,5.429,6.412,0.0,4.949,4.533,0.0,5.028,5.033,0.0,5.817,0.0,6.333,0.0,3.343,0.0,2.298,1.645,0.0,0.607,0.379,0.0,0.333,0.843,2.666,5.513,6.786,5.928,5.397,4.527,0.0,5.156,5.161,5.606,0.0,7.083,0.0,4.758,0.0,3.051,0.0,2.839,0.0,0.586,0.0,0.299,0.0,0.879,0.0,5.262,0.0,5.923,0.0,4.527,4.629,5.027,4.939,0.0,5.999,0.0,6.672,4.784,0.0,0.0,2.574,0.0,1.082,0.0,0.375,0.279,0.339,0.0,2.666,5.42,6.284,5.98,0.0,4.733,0.0,5.02,5.294,5.725,0.0,6.789,0.0,4.758,3.568,0.0,0.0,2.998,0.0,0.731,0.458,0.0,0.378,0.0,2.539,5.117,6.558,0.0,5.29,0.0,5.439,5.597,0.0,5.889,0.0,6.83,0.0,5.129,0.0,3.329,3.085,0.0,0.0,1.492,0.0,0.744,0.0,0.452,0.0,1.467,0.0,3.145,0.0,4.326,4.823,0.0,5.023,0.0,4.93,0.0,4.859,4.622,4.071,0.0,2.865,2.938,3.339,1.595,0.0,0.744,0.0,0.452,0.0,1.21,0.0,2.484,2.907,0.0,4.137,4.95,0.0,0.0,4.695,0.0,4.318,3.992,0.0,2.884,2.158,0.0,1.081
88,0.607,0.379,0.0,0.333,0.843,2.666,5.513,6.786,5.928,5.397,4.527,0.0,5.156,5.161,5.606,0.0,7.083,0.0,4.758,0.0,3.051,0.0,2.839,0.0,0.586,0.0,0.299,0.0,0.879,0.0,5.262,0.0,5.923,0.0,4.527,4.629,5.027,4.939,0.0,5.999,0.0,6.672,4.784,0.0,0.0,2.574,0.0,1.082,0.0,0.375,0.279,0.339,0.0,2.666,5.42,6.284,5.98,0.0,4.733,0.0,5.02,5.294,5.725,0.0,6.789,0.0,4.758,3.568,0.0,0.0,2.998,0.0,0.731,0.458,0.0,0.378,0.0,2.539,5.117,6.558,0.0,5.29,0.0,5.439,5.597,0.0,5.889,0.0,6.83,0.0,5.129,0.0,3.329,3.085,0.0,0.0,1.492,0.0,0.744,0.0,0.452,0.0,1.467,0.0,3.145,0.0,4.326,4.823,0.0,5.023,0.0,4.93,0.0,4.859,4.622,4.071,0.0,2.865,2.938,3.339,1.595,0.0,0.744,0.0,0.452,0.0,1.21,0.0,2.484,2.907,0.0,4.137,4.95,0.0,0.0,4.695,0.0,4.318,3.992,0.0,2.884,2.158,0.0,1.081,0.595,0.0,0.285,0.0,0.867,2.632,5.684,6.549,0.0,5.124,4.363,0.0,4.804,4.88,5.249,0.0,6.422,0.0,4.286,0.0,2.495,2.256,1.648,1.116
89,0.586,0.0,0.299,0.0,0.879,0.0,5.262,0.0,5.923,0.0,4.527,4.629,5.027,4.939,0.0,5.999,0.0,6.672,4.784,0.0,0.0,2.574,0.0,1.082,0.0,0.375,0.279,0.339,0.0,2.666,5.42,6.284,5.98,0.0,4.733,0.0,5.02,5.294,5.725,0.0,6.789,0.0,4.758,3.568,0.0,0.0,2.998,0.0,0.731,0.458,0.0,0.378,0.0,2.539,5.117,6.558,0.0,5.29,0.0,5.439,5.597,0.0,5.889,0.0,6.83,0.0,5.129,0.0,3.329,3.085,0.0,0.0,1.492,0.0,0.744,0.0,0.452,0.0,1.467,0.0,3.145,0.0,4.326,4.823,0.0,5.023,0.0,4.93,0.0,4.859,4.622,4.071,0.0,2.865,2.938,3.339,1.595,0.0,0.744,0.0,0.452,0.0,1.21,0.0,2.484,2.907,0.0,4.137,4.95,0.0,0.0,4.695,0.0,4.318,3.992,0.0,2.884,2.158,0.0,1.081,0.595,0.0,0.285,0.0,0.867,2.632,5.684,6.549,0.0,5.124,4.363,0.0,4.804,4.88,5.249,0.0,6.422,0.0,4.286,0.0,2.495,2.256,1.648,1.116,0.572,0.353,0.28,0.317,0.833,0.0,5.857,6.904,6.246,5.155,4.35,4.793,4.951,4.876,0.0,5.65,6.598,6.213,4.531,3.245,0.0,4.031,2.558,1.152
90,0.0,0.375,0.279,0.339,0.0,2.666,5.42,6.284,5.98,0.0,4.733,0.0,5.02,5.294,5.725,0.0,6.789,0.0,4.758,3.568,0.0,0.0,2.998,0.0,0.731,0.458,0.0,0.378,0.0,2.539,5.117,6.558,0.0,5.29,0.0,5.439,5.597,0.0,5.889,0.0,6.83,0.0,5.129,0.0,3.329,3.085,0.0,0.0,1.492,0.0,0.744,0.0,0.452,0.0,1.467,0.0,3.145,0.0,4.326,4.823,0.0,5.023,0.0,4.93,0.0,4.859,4.622,4.071,0.0,2.865,2.938,3.339,1.595,0.0,0.744,0.0,0.452,0.0,1.21,0.0,2.484,2.907,0.0,4.137,4.95,0.0,0.0,4.695,0.0,4.318,3.992,0.0,2.884,2.158,0.0,1.081,0.595,0.0,0.285,0.0,0.867,2.632,5.684,6.549,0.0,5.124,4.363,0.0,4.804,4.88,5.249,0.0,6.422,0.0,4.286,0.0,2.495,2.256,1.648,1.116,0.572,0.353,0.28,0.317,0.833,0.0,5.857,6.904,6.246,5.155,4.35,4.793,4.951,4.876,0.0,5.65,6.598,6.213,4.531,3.245,0.0,4.031,2.558,1.152,0.656,0.388,0.292,0.301,0.876,2.75,5.699,6.97,6.251,5.387,4.759,4.866,5.211,4.961,5.41,0.0,6.67,6.466,4.54,3.334,2.779,2.476,0.0,0.982
91,0.731,0.458,0.0,0.378,0.0,2.539,5.117,6.558,0.0,5.29,0.0,5.439,5.597,0.0,5.889,0.0,6.83,0.0,5.129,0.0,3.329,3.085,0.0,0.0,1.492,0.0,0.744,0.0,0.452,0.0,1.467,0.0,3.145,0.0,4.326,4.823,0.0,5.023,0.0,4.93,0.0,4.859,4.622,4.071,0.0,2.865,2.938,3.339,1.595,0.0,0.744,0.0,0.452,0.0,1.21,0.0,2.484,2.907,0.0,4.137,4.95,0.0,0.0,4.695,0.0,4.318,3.992,0.0,2.884,2.158,0.0,1.081,0.595,0.0,0.285,0.0,0.867,2.632,5.684,6.549,0.0,5.124,4.363,0.0,4.804,4.88,5.249,0.0,6.422,0.0,4.286,0.0,2.495,2.256,1.648,1.116,0.572,0.353,0.28,0.317,0.833,0.0,5.857,6.904,6.246,5.155,4.35,4.793,4.951,4.876,0.0,5.65,6.598,6.213,4.531,3.245,0.0,4.031,2.558,1.152,0.656,0.388,0.292,0.301,0.876,2.75,5.699,6.97,6.251,5.387,4.759,4.866,5.211,4.961,5.41,0.0,6.67,6.466,4.54,3.334,2.779,2.476,0.0,0.982,0.6,0.357,0.26,0.332,0.855,2.721,5.709,6.731,5.941,5.303,4.782,4.994,5.218,5.285,0.0,5.847,0.0,6.316,4.697,3.479,2.999,0.0,3.057,0.0
92,1.492,0.0,0.744,0.0,0.452,0.0,1.467,0.0,3.145,0.0,4.326,4.823,0.0,5.023,0.0,4.93,0.0,4.859,4.622,4.071,0.0,2.865,2.938,3.339,1.595,0.0,0.744,0.0,0.452,0.0,1.21,0.0,2.484,2.907,0.0,4.137,4.95,0.0,0.0,4.695,0.0,4.318,3.992,0.0,2.884,2.158,0.0,1.081,0.595,0.0,0.285,0.0,0.867,2.632,5.684,6.549,0.0,5.124,4.363,0.0,4.804,4.88,5.249,0.0,6.422,0.0,4.286,0.0,2.495,2.256,1.648,1.116,0.572,0.353,0.28,0.317,0.833,0.0,5.857,6.904,6.246,5.155,4.35,4.793,4.951,4.876,0.0,5.65,6.598,6.213,4.531,3.245,0.0,4.031,2.558,1.152,0.656,0.388,0.292,0.301,0.876,2.75,5.699,6.97,6.251,5.387,4.759,4.866,5.211,4.961,5.41,0.0,6.67,6.466,4.54,3.334,2.779,2.476,0.0,0.982,0.6,0.357,0.26,0.332,0.855,2.721,5.709,6.731,5.941,5.303,4.782,4.994,5.218,5.285,0.0,5.847,0.0,6.316,4.697,3.479,2.999,0.0,3.057,0.0,0.739,0.398,0.365,0.402,0.783,2.556,5.529,6.67,5.939,5.038,4.539,4.989,5.329,5.418,5.818,0.0,6.67,6.03,4.696,3.919,3.282,0.0,2.552,1.777
93,1.595,0.0,0.744,0.0,0.452,0.0,1.21,0.0,2.484,2.907,0.0,4.137,4.95,0.0,0.0,4.695,0.0,4.318,3.992,0.0,2.884,2.158,0.0,1.081,0.595,0.0,0.285,0.0,0.867,2.632,5.684,6.549,0.0,5.124,4.363,0.0,4.804,4.88,5.249,0.0,6.422,0.0,4.286,0.0,2.495,2.256,1.648,1.116,0.572,0.353,0.28,0.317,0.833,0.0,5.857,6.904,6.246,5.155,4.35,4.793,4.951,4.876,0.0,5.65,6.598,6.213,4.531,3.245,0.0,4.031,2.558,1.152,0.656,0.388,0.292,0.301,0.876,2.75,5.699,6.97,6.251,5.387,4.759,4.866,5.211,4.961,5.41,0.0,6.67,6.466,4.54,3.334,2.779,2.476,0.0,0.982,0.6,0.357,0.26,0.332,0.855,2.721,5.709,6.731,5.941,5.303,4.782,4.994,5.218,5.285,0.0,5.847,0.0,6.316,4.697,3.479,2.999,0.0,3.057,0.0,0.739,0.398,0.365,0.402,0.783,2.556,5.529,6.67,5.939,5.038,4.539,4.989,5.329,5.418,5.818,0.0,6.67,6.03,4.696,3.919,3.282,0.0,2.552,1.777,1.289,0.751,0.571,0.368,0.382,0.712,1.539,2.294,3.21,3.928,4.434,0.0,5.108,5.095,5.083,4.873,0.0,4.59,4.393,3.565,0.0,4.49,3.36,2.071
94,0.595,0.0,0.285,0.0,0.867,2.632,5.684,6.549,0.0,5.124,4.363,0.0,4.804,4.88,5.249,0.0,6.422,0.0,4.286,0.0,2.495,2.256,1.648,1.116,0.572,0.353,0.28,0.317,0.833,0.0,5.857,6.904,6.246,5.155,4.35,4.793,4.951,4.876,0.0,5.65,6.598,6.213,4.531,3.245,0.0,4.031,2.558,1.152,0.656,0.388,0.292,0.301,0.876,2.75,5.699,6.97,6.251,5.387,4.759,4.866,5.211,4.961,5.41,0.0,6.67,6.466,4.54,3.334,2.779,2.476,0.0,0.982,0.6,0.357,0.26,0.332,0.855,2.721,5.709,6.731,5.941,5.303,4.782,4.994,5.218,5.285,0.0,5.847,0.0,6.316,4.697,3.479,2.999,0.0,3.057,0.0,0.739,0.398,0.365,0.402,0.783,2.556,5.529,6.67,5.939,5.038,4.539,4.989,5.329,5.418,5.818,0.0,6.67,6.03,4.696,3.919,3.282,0.0,2.552,1.777,1.289,0.751,0.571,0.368,0.382,0.712,1.539,2.294,3.21,3.928,4.434,0.0,5.108,5.095,5.083,4.873,0.0,4.59,4.393,3.565,0.0,4.49,3.36,2.071,1.289,0.751,0.0,0.368,0.382,0.654,1.351,0.0,2.759,3.364,3.636,4.184,4.811,0.0,0.0,4.807,0.0,4.513,4.238,3.509,0.0,2.449,1.724,1.139
95,0.572,0.353,0.28,0.317,0.833,0.0,5.857,6.904,6.246,5.155,4.35,4.793,4.951,4.876,0.0,5.65,6.598,6.213,4.531,3.245,0.0,4.031,2.558,1.152,0.656,0.388,0.292,0.301,0.876,2.75,5.699,6.97,6.251,5.387,4.759,4.866,5.211,4.961,5.41,0.0,6.67,6.466,4.54,3.334,2.779,2.476,0.0,0.982,0.6,0.357,0.26,0.332,0.855,2.721,5.709,6.731,5.941,5.303,4.782,4.994,5.218,5.285,0.0,5.847,0.0,6.316,4.697,3.479,2.999,0.0,3.057,0.0,0.739,0.398,0.365,0.402,0.783,2.556,5.529,6.67,5.939,5.038,4.539,4.989,5.329,5.418,5.818,0.0,6.67,6.03,4.696,3.919,3.282,0.0,2.552,1.777,1.289,0.751,0.571,0.368,0.382,0.712,1.539,2.294,3.21,3.928,4.434,0.0,5.108,5.095,5.083,4.873,0.0,4.59,4.393,3.565,0.0,4.49,3.36,2.071,1.289,0.751,0.0,0.368,0.382,0.654,1.351,0.0,2.759,3.364,3.636,4.184,4.811,0.0,0.0,4.807,0.0,4.513,4.238,3.509,0.0,2.449,1.724,1.139,0.522,0.342,0.269,0.0,0.849,2.719,0.0,6.877,6.024,5.294,0.0,4.844,5.303,5.407,0.0,0.0,6.679,0.0,4.663,0.0,2.786,2.214,1.501,1.018
96,0.656,0.388,0.292,0.301,0.876,2.75,5.699,6.97,6.251,5.387,4.759,4.866,5.211,4.961,5.41,0.0,6.67,6.466,4.54,3.334,2.779,2.476,0.0,0.982,0.6,0.357,0.26,0.332,0.855,2.721,5.709,6.731,5.941,5.303,4.782,4.994,5.218,5.285,0.0,5.847,0.0,6.316,4.697,3.479,2.999,0.0,3.057,0.0,0.739,0.398,0.365,0.402,0.783,2.556,5.529,6.67,5.939,5.038,4.539,4.989,5.329,5.418,5.818,0.0,6.67,6.03,4.696,3.919,3.282,0.0,2.552,1.777,1.289,0.751,0.571,0.368,0.382,0.712,1.539,2.294,3.21,3.928,4.434,0.0,5.108,5.095,5.083,4.873,0.0,4.59,4.393,3.565,0.0,4.49,3.36,2.071,1.289,0.751,0.0,0.368,0.382,0.654,1.351,0.0,2.759,3.364,3.636,4.184,4.811,0.0,0.0,4.807,0.0,4.513,4.238,3.509,0.0,2.449,1.724,1.139,0.522,0.342,0.269,0.0,0.849,2.719,0.0,6.877,6.024,5.294,0.0,4.844,5.303,5.407,0.0,0.0,6.679,0.0,4.663,0.0,2.786,2.214,1.501,1.018,0.586,0.0,0.257,0.307,0.837,0.0,6.127,6.456,6.199,5.635,0.0,4.887,5.055,5.268,0.0,6.186,0.0,6.445,4.695,0.0,0.0,2.747,2.016,1.946
97,0.6,0.357,0.26,0.332,0.855,2.721,5.709,6.731,5.941,5.303,4.782,4.994,5.218,5.285,0.0,5.847,0.0,6.316,4.697,3.479,2.999,0.0,3.057,0.0,0.739,0.398,0.365,0.402,0.783,2.556,5.529,6.67,5.939,5.038,4.539,4.989,5.329,5.418,5.818,0.0,6.67,6.03,4.696,3.919,3.282,0.0,2.552,1.777,1.289,0.751,0.571,0.368,0.382,0.712,1.539,2.294,3.21,3.928,4.434,0.0,5.108,5.095,5.083,4.873,0.0,4.59,4.393,3.565,0.0,4.49,3.36,2.071,1.289,0.751,0.0,0.368,0.382,0.654,1.351,0.0,2.759,3.364,3.636,4.184,4.811,0.0,0.0,4.807,0.0,4.513,4.238,3.509,0.0,2.449,1.724,1.139,0.522,0.342,0.269,0.0,0.849,2.719,0.0,6.877,6.024,5.294,0.0,4.844,5.303,5.407,0.0,0.0,6.679,0.0,4.663,0.0,2.786,2.214,1.501,1.018,0.586,0.0,0.257,0.307,0.837,0.0,6.127,6.456,6.199,5.635,0.0,4.887,5.055,5.268,0.0,6.186,0.0,6.445,4.695,0.0,0.0,2.747,2.016,1.946,0.689,0.452,0.378,0.418,1.003,2.979,6.18,7.084,6.15,5.483,4.354,4.515,0.0,5.296,0.0,6.147,0.0,6.764,0.0,3.54,3.257,0.0,1.993,1.106
98,0.739,0.398,0.365,0.402,0.783,2.556,5.529,6.67,5.939,5.038,4.539,4.989,5.329,5.418,5.818,0.0,6.67,6.03,4.696,3.919,3.282,0.0,2.552,1.777,1.289,0.751,0.571,0.368,0.382,0.712,1.539,2.294,3.21,3.928,4.434,0.0,5.108,5.095,5.083,4.873,0.0,4.59,4.393,3.565,0.0,4.49,3.36,2.071,1.289,0.751,0.0,0.368,0.382,0.654,1.351,0.0,2.759,3.364,3.636,4.184,4.811,0.0,0.0,4.807,0.0,4.513,4.238,3.509,0.0,2.449,1.724,1.139,0.522,0.342,0.269,0.0,0.849,2.719,0.0,6.877,6.024,5.294,0.0,4.844,5.303,5.407,0.0,0.0,6.679,0.0,4.663,0.0,2.786,2.214,1.501,1.018,0.586,0.0,0.257,0.307,0.837,0.0,6.127,6.456,6.199,5.635,0.0,4.887,5.055,5.268,0.0,6.186,0.0,6.445,4.695,0.0,0.0,2.747,2.016,1.946,0.689,0.452,0.378,0.418,1.003,2.979,6.18,7.084,6.15,5.483,4.354,4.515,0.0,5.296,0.0,6.147,0.0,6.764,0.0,3.54,3.257,0.0,1.993,1.106,0.648,0.398,0.0,0.36,0.864,2.836,6.052,6.876,6.171,5.407,5.032,5.267,5.324,5.334,5.672,6.14,6.991,0.0,4.686,3.777,3.595,3.059,2.424,1.348
99,1.289,0.751,0.571,0.368,0.382,0.712,1.539,2.294,3.21,3.928,4.434,0.0,5.108,5.095,5.083,4.873,0.0,4.59,4.393,3.565,0.0,4.49,3.36,2.071,1.289,0.751,0.0,0.368,0.382,0.654,1.351,0.0,2.759,3.364,3.636,4.184,4.811,0.0,0.0,4.807,0.0,4.513,4.238,3.509,0.0,2.449,1.724,1.139,0.522,0.342,0.269,0.0,0.849,2.719,0.0,6.877,6.024,5.294,0.0,4.844,5.303,5.407,0.0,0.0,6.679,0.0,4.663,0.0,2.786,2.214,1.501,1.018,0.586,0.0,0.257,0.307,0.837,0.0,6.127,6.456,6.199,5.635,0.0,4.887,5.055,5.268,0.0,6.186,0.0,6.445,4.695,0.0,0.0,2.747,2.016,1.946,0.689,0.452,0.378,0.418,1.003,2.979,6.18,7.084,6.15,5.483,4.354,4.515,0.0,5.296,0.0,6.147,0.0,6.764,0.0,3.54,3.257,0.0,1.993,1.106,0.648,0.398,0.0,0.36,0.864,2.836,6.052,6.876,6.171,5.407,5.032,5.267,5.324,5.334,5.672,6.14,6.991,0.0,4.686,3.777,3.595,3.059,2.424,1.348,0.798,0.451,0.323,0.349,0.826,2.586,5.731,6.806,0.0,5.278,5.101,5.44,5.816,0.0,5.832,6.318,5.916,5.886,0.0,4.033,3.412,3.258,3.127,1.865
100,1.289,0.751,0.0,0.368,0.382,0.654,1.351,0.0,2.759,3.364,3.636,4.184,4.811,0.0,0.0,4.807,0.0,4.513,4.238,3.509,0.0,2.449,1.724,1.139,0.522,0.342,0.269,0.0,0.849,2.719,0.0,6.877,6.024,5.294,0.0,4.844,5.303,5.407,0.0,0.0,6.679,0.0,4.663,0.0,2.786,2.214,1.501,1.018,0.586,0.0,0.257,0.307,0.837,0.0,6.127,6.456,6.199,5.635,0.0,4.887,5.055,5.268,0.0,6.186,0.0,6.445,4.695,0.0,0.0,2.747,2.016,1.946,0.689,0.452,0.378,0.418,1.003,2.979,6.18,7.084,6.15,5.483,4.354,4.515,0.0,5.296,0.0,6.147,0.0,6.764,0.0,3.54,3.257,0.0,1.993,1.106,0.648,0.398,0.0,0.36,0.864,2.836,6.052,6.876,6.171,5.407,5.032,5.267,5.324,5.334,5.672,6.14,6.991,0.0,4.686,3.777,3.595,3.059,2.424,1.348,0.798,0.451,0.323,0.349,0.826,2.586,5.731,6.806,0.0,5.278,5.101,5.44,5.816,0.0,5.832,6.318,5.916,5.886,0.0,4.033,3.412,3.258,3.127,1.865,1.336,0.788,0.638,0.405,0.413,0.745,1.442,2.202,3.475,4.321,4.595,5.146,5.371,4.807,4.823,0.0,4.59,4.552,4.059,0.0,3.261,3.231,3.487,2.511
101,0.522,0.342,0.269,0.0,0.849,2.719,0.0,6.877,6.024,5.294,0.0,4.844,5.303,5.407,0.0,0.0,6.679,0.0,4.663,0.0,2.786,2.214,1.501,1.018,0.586,0.0,0.257,0.307,0.837,0.0,6.127,6.456,6.199,5.635,0.0,4.887,5.055,5.268,0.0,6.186,0.0,6.445,4.695,0.0,0.0,2.747,2.016,1.946,0.689,0.452,0.378,0.418,1.003,2.979,6.18,7.084,6.15,5.483,4.354,4.515,0.0,5.296,0.0,6.147,0.0,6.764,0.0,3.54,3.257,0.0,1.993,1.106,0.648,0.398,0.0,0.36,0.864,2.836,6.052,6.876,6.171,5.407,5.032,5.267,5.324,5.334,5.672,6.14,6.991,0.0,4.686,3.777,3.595,3.059,2.424,1.348,0.798,0.451,0.323,0.349,0.826,2.586,5.731,6.806,0.0,5.278,5.101,5.44,5.816,0.0,5.832,6.318,5.916,5.886,0.0,4.033,3.412,3.258,3.127,1.865,1.336,0.788,0.638,0.405,0.413,0.745,1.442,2.202,3.475,4.321,4.595,5.146,5.371,4.807,4.823,0.0,4.59,4.552,4.059,0.0,3.261,3.231,3.487,2.511,1.388,0.83,0.648,0.395,0.39,0.629,1.18,1.734,2.116,3.117,3.847,0.0,4.724,4.722,4.661,0.0,4.671,4.426,0.0,0.0,3.125,2.569,1.801,1.036
102,0.586,0.0,0.257,0.307,0.837,0.0,6.127,6.456,6.199,5.635,0.0,4.887,5.055,5.268,0.0,6.186,0.0,6.445,4.695,0.0,0.0,2.747,2.016,1.946,0.689,0.452,0.378,0.418,1.003,2.979,6.18,7.084,6.15,5.483,4.354,4.515,0.0,5.296,0.0,6.147,0.0,6.764,0.0,3.54,3.257,0.0,1.993,1.106,0.648,0.398,0.0,0.36,0.864,2.836,6.052,6.876,6.171,5.407,5.032,5.267,5.324,5.334,5.672,6.14,6.991,0.0,4.686,3.777,3.595,3.059,2.424,1.348,0.798,0.451,0.323,0.349,0.826,2.586,5.731,6.806,0.0,5.278,5.101,5.44,5.816,0.0,5.832,6.318,5.916,5.886,0.0,4.033,3.412,3.258,3.127,1.865,1.336,0.788,0.638,0.405,0.413,0.745,1.442,2.202,3.475,4.321,4.595,5.146,5.371,4.807,4.823,0.0,4.59,4.552,4.059,0.0,3.261,3.231,3.487,2.511,1.388,0.83,0.648,0.395,0.39,0.629,1.18,1.734,2.116,3.117,3.847,0.0,4.724,4.722,4.661,0.0,4.671,4.426,0.0,0.0,3.125,2.569,1.801,1.036,0.588,0.37,0.31,0.299,0.84,2.687,5.872,6.901,6.328,5.246,4.587,4.692,4.899,0.0,5.433,5.85,6.66,6.456,4.757,3.219,2.739,2.315,3.626,1.644
103,0.689,0.452,0.378,0.418,1.003,2.979,6.18,7.084,6.15,5.483,4.354,4.515,0.0,5.296,0.0,6.147,0.0,6.764,0.0,3.54,3.257,0.0,1.993,1.106,0.648,0.398,0.0,0.36,0.864,2.836,6.052,6.876,6.171,5.407,5.032,5.267,5.324,5.334,5.672,6.14,6.991,0.0,4.686,3.777,3.595,3.059,2.424,1.348,0.798,0.451,0.323,0.349,0.826,2.586,5.731,6.806,0.0,5.278,5.101,5.44,5.816,0.0,5.832,6.318,5.916,5.886,0.0,4.033,3.412,3.258,3.127,1.865,1.336,0.788,0.638,0.405,0.413,0.745,1.442,2.202,3.475,4.321,4.595,5.146,5.371,4.807,4.823,0.0,4.59,4.552,4.059,0.0,3.261,3.231,3.487,2.511,1.388,0.83,0.648,0.395,0.39,0.629,1.18,1.734,2.116,3.117,3.847,0.0,4.724,4.722,4.661,0.0,4.671,4.426,0.0,0.0,3.125,2.569,1.801,1.036,0.588,0.37,0.31,0.299,0.84,2.687,5.872,6.901,6.328,5.246,4.587,4.692,4.899,0.0,5.433,5.85,6.66,6.456,4.757,3.219,2.739,2.315,3.626,1.644,0.626,0.338,0.267,0.315,0.862,2.722,5.77,6.965,6.332,5.582,4.702,5.089,5.138,0.0,5.282,6.082,6.899,6.21,4.746,3.448,3.016,2.843,1.777,1.043
104,0.648,0.398,0.0,0.36,0.864,2.836,6.052,6.876,6.171,5.407,5.032,5.267,5.324,5.334,5.672,6.14,6.991,0.0,4.686,3.777,3.595,3.059,2.424,1.348,0.798,0.451,0.323,0.349,0.826,2.586,5.731,6.806,0.0,5.278,5.101,5.44,5.816,0.0,5.832,6.318,5.916,5.886,0.0,4.033,3.412,3.258,3.127,1.865,1.336,0.788,0.638,0.405,0.413,0.745,1.442,2.202,3.475,4.321,4.595,5.146,5.371,4.807,4.823,0.0,4.59,4.552,4.059,0.0,3.261,3.231,3.487,2.511,1.388,0.83,0.648,0.395,0.39,0.629,1.18,1.734,2.116,3.117,3.847,0.0,4.724,4.722,4.661,0.0,4.671,4.426,0.0,0.0,3.125,2.569,1.801,1.036,0.588,0.37,0.31,0.299,0.84,2.687,5.872,6.901,6.328,5.246,4.587,4.692,4.899,0.0,5.433,5.85,6.66,6.456,4.757,3.219,2.739,2.315,3.626,1.644,0.626,0.338,0.267,0.315,0.862,2.722,5.77,6.965,6.332,5.582,4.702,5.089,5.138,0.0,5.282,6.082,6.899,6.21,4.746,3.448,3.016,2.843,1.777,1.043,0.538,0.381,0.275,0.35,0.941,2.859,6.1,7.192,6.405,5.392,4.852,5.038,5.242,5.281,5.745,0.0,6.701,6.574,4.808,3.634,3.223,2.833,2.112,2.91
105,0.798,0.451,0.323,0.349,0.826,2.586,5.731,6.806,0.0,5.278,5.101,5.44,5.816,0.0,5.832,6.318,5.916,5.886,0.0,4.033,3.412,3.258,3.127,1.865,1.336,0.788,0.638,0.405,0.413,0.745,1.442,2.202,3.475,4.321,4.595,5.146,5.371,4.807,4.823,0.0,4.59,4.552,4.059,0.0,3.261,3.231,3.487,2.511,1.388,0.83,0.648,0.395,0.39,0.629,1.18,1.734,2.116,3.117,3.847,0.0,4.724,4.722,4.661,0.0,4.671,4.426,0.0,0.0,3.125,2.569,1.801,1.036,0.588,0.37,0.31,0.299,0.84,2.687,5.872,6.901,6.328,5.246,4.587,4.692,4.899,0.0,5.433,5.85,6.66,6.456,4.757,3.219,2.739,2.315,3.626,1.644,0.626,0.338,0.267,0.315,0.862,2.722,5.77,6.965,6.332,5.582,4.702,5.089,5.138,0.0,5.282,6.082,6.899,6.21,4.746,3.448,3.016,2.843,1.777,1.043,0.538,0.381,0.275,0.35,0.941,2.859,6.1,7.192,6.405,5.392,4.852,5.038,5.242,5.281,5.745,0.0,6.701,6.574,4.808,3.634,3.223,2.833,2.112,2.91,1.381,0.417,0.327,0.338,0.856,2.781,5.955,7.26,6.303,4.648,4.734,4.884,5.197,5.106,5.677,5.994,6.864,6.736,5.021,3.962,3.511,3.166,3.196,2.737
106,1.336,0.788,0.638,0.405,0.413,0.745,1.442,2.202,3.475,4.321,4.595,5.146,5.371,4.807,4.823,0.0,4.59,4.552,4.059,0.0,3.261,3.231,3.487,2.511,1.388,0.83,0.648,0.395,0.39,0.629,1.18,1.734,2.116,3.117,3.847,0.0,4.724,4.722,4.661,0.0,4.671,4.426,0.0,0.0,3.125,2.569,1.801,1.036,0.588,0.37,0.31,0.299,0.84,2.687,5.872,6.901,6.328,5.246,4.587,4.692,4.899,0.0,5.433,5.85,6.66,6.456,4.757,3.219,2.739,2.315,3.626,1.644,0.626,0.338,0.267,0.315,0.862,2.722,5.77,6.965,6.332,5.582,4.702,5.089,5.138,0.0,5.282,6.082,6.899,6.21,4.746,3.448,3.016,2.843,1.777,1.043,0.538,0.381,0.275,0.35,0.941,2.859,6.1,7.192,6.405,5.392,4.852,5.038,5.242,5.281,5.745,0.0,6.701,6.574,4.808,3.634,3.223,2.833,2.112,2.91,1.381,0.417,0.327,0.338,0.856,2.781,5.955,7.26,6.303,4.648,4.734,4.884,5.197,5.106,5.677,5.994,6.864,6.736,5.021,3.962,3.511,3.166,3.196,2.737,0.983,0.948,0.442,0.418,0.921,2.824,6.035,7.241,6.166,5.388,4.993,5.228,5.64,5.521,5.816,0.0,6.604,0.0,4.91,3.974,3.527,0.0,2.991,2.181
107,1.388,0.83,0.648,0.395,0.39,0.629,1.18,1.734,2.116,3.117,3.847,0.0,4.724,4.722,4.661,0.0,4.671,4.426,0.0,0.0,3.125,2.569,1.801,1.036,0.588,0.37,0.31,0.299,0.84,2.687,5.872,6.901,6.328,5.246,4.587,4.692,4.899,0.0,5.433,5.85,6.66,6.456,4.757,3.219,2.739,2.315,3.626,1.644,0.626,0.338,0.267,0.315,0.862,2.722,5.77,6.965,6.332,5.582,4.702,5.089,5.138,0.0,5.282,6.082,6.899,6.21,4.746,3.448,3.016,2.843,1.777,1.043,0.538,0.381,0.275,0.35,0.941,2.859,6.1,7.192,6.405,5.392,4.852,5.038,5.242,5.281,5.745,0.0,6.701,6.574,4.808,3.634,3.223,2.833,2.112,2.91,1.381,0.417,0.327,0.338,0.856,2.781,5.955,7.26,6.303,4.648,4.734,4.884,5.197,5.106,5.677,5.994,6.864,6.736,5.021,3.962,3.511,3.166,3.196,2.737,0.983,0.948,0.442,0.418,0.921,2.824,6.035,7.241,6.166,5.388,4.993,5.228,5.64,5.521,5.816,0.0,6.604,0.0,4.91,3.974,3.527,0.0,2.991,2.181,1.677,0.935,0.736,0.405,0.413,0.745,1.442,2.202,3.497,4.366,4.482,0.0,5.285,5.057,4.855,0.0,4.755,4.687,4.444,0.0,3.34,3.497,3.0,2.256
108,0.588,0.37,0.31,0.299,0.84,2.687,5.872,6.901,6.328,5.246,4.587,4.692,4.899,0.0,5.433,5.85,6.66,6.456,4.757,3.219,2.739,2.315,3.626,1.644,0.626,0.338,0.267,0.315,0.862,2.722,5.77,6.965,6.332,5.582,4.702,5.089,5.138,0.0,5.282,6.082,6.899,6.21,4.746,3.448,3.016,2.843,1.777,1.043,0.538,0.381,0.275,0.35,0.941,2.859,6.1,7.192,6.405,5.392,4.852,5.038,5.242,5.281,5.745,0.0,6.701,6.574,4.808,3.634,3.223,2.833,2.112,2.91,1.381,0.417,0.327,0.338,0.856,2.781,5.955,7.26,6.303,4.648,4.734,4.884,5.197,5.106,5.677,5.994,6.864,6.736,5.021,3.962,3.511,3.166,3.196,2.737,0.983,0.948,0.442,0.418,0.921,2.824,6.035,7.241,6.166,5.388,4.993,5.228,5.64,5.521,5.816,0.0,6.604,0.0,4.91,3.974,3.527,0.0,2.991,2.181,1.677,0.935,0.736,0.405,0.413,0.745,1.442,2.202,3.497,4.366,4.482,0.0,5.285,5.057,4.855,0.0,4.755,4.687,4.444,0.0,3.34,3.497,3.0,2.256,1.867,1.063,0.822,0.395,0.39,0.629,1.18,1.734,2.62,2.907,3.494,3.929,4.349,4.779,4.347,4.087,4.461,5.823,0.0,3.26,2.577,2.269,1.609,0.966
109,0.626,0.338,0.267,0.315,0.862,2.722,5.77,6.965,6.332,5.582,4.702,5.089,5.138,0.0,5.282,6.082,6.899,6.21,4.746,3.448,3.016,2.843,1.777,1.043,0.538,0.381,0.275,0.35,0.941,2.859,6.1,7.192,6.405,5.392,4.852,5.038,5.242,5.281,5.745,0.0,6.701,6.574,4.808,3.634,3.223,2.833,2.112,2.91,1.381,0.417,0.327,0.338,0.856,2.781,5.955,7.26,6.303,4.648,4.734,4.884,5.197,5.106,5.677,5.994,6.864,6.736,5.021,3.962,3.511,3.166,3.196,2.737,0.983,0.948,0.442,0.418,0.921,2.824,6.035,7.241,6.166,5.388,4.993,5.228,5.64,5.521,5.816,0.0,6.604,0.0,4.91,3.974,3.527,0.0,2.991,2.181,1.677,0.935,0.736,0.405,0.413,0.745,1.442,2.202,3.497,4.366,4.482,0.0,5.285,5.057,4.855,0.0,4.755,4.687,4.444,0.0,3.34,3.497,3.0,2.256,1.867,1.063,0.822,0.395,0.39,0.629,1.18,1.734,2.62,2.907,3.494,3.929,4.349,4.779,4.347,4.087,4.461,5.823,0.0,3.26,2.577,2.269,1.609,0.966,0.513,0.334,0.264,0.337,0.83,2.776,5.901,6.807,5.521,0.0,4.226,4.51,4.678,4.86,0.0,5.847,6.552,6.253,4.681,3.233,2.82,2.489,1.491,0.971
110,0.538,0.381,0.275,0.35,0.941,2.859,6.1,7.192,6.405,5.392,4.852,5.038,5.242,5.281,5.745,0.0,6.701,6.574,4.808,3.634,3.223,2.833,2.112,2.91,1.381,0.417,0.327,0.338,0.856,2.781,5.955,7.26,6.303,4.648,4.734,4.884,5.197,5.106,5.677,5.994,6.864,6.736,5.021,3.962,3.511,3.166,3.196,2.737,0.983,0.948,0.442,0.418,0.921,2.824,6.035,7.241,6.166,5.388,4.993,5.228,5.64,5.521,5.816,0.0,6.604,0.0,4.91,3.974,3.527,0.0,2.991,2.181,1.677,0.935,0.736,0.405,0.413,0.745,1.442,2.202,3.497,4.366,4.482,0.0,5.285,5.057,4.855,0.0,4.755,4.687,4.444,0.0,3.34,3.497,3.0,2.256,1.867,1.063,0.822,0.395,0.39,0.629,1.18,1.734,2.62,2.907,3.494,3.929,4.349,4.779,4.347,4.087,4.461,5.823,0.0,3.26,2.577,2.269,1.609,0.966,0.513,0.334,0.264,0.337,0.83,2.776,5.901,6.807,5.521,0.0,4.226,4.51,4.678,4.86,0.0,5.847,6.552,6.253,4.681,3.233,2.82,2.489,1.491,0.971,0.545,0.36,0.252,0.332,0.839,0.0,6.015,7.149,6.326,5.321,0.0,0.0,0.0,0.0,0.0,5.985,0.0,6.505,0.0,3.429,0.0,2.521,0.0,1.053
111,1.381,0.417,0.327,0.338,0.856,2.781,5.955,7.26,6.303,4.648,4.734,4.884,5.197,5.106,5.677,5.994,6.864,6.736,5.021,3.962,3.511,3.166,3.196,2.737,0.983,0.948,0.442,0.418,0.921,2.824,6.035,7.241,6.166,5.388,4.993,5.228,5.64,5.521,5.816,0.0,6.604,0.0,4.91,3.974,3.527,0.0,2.991,2.181,1.677,0.935,0.736,0.405,0.413,0.745,1.442,2.202,3.497,4.366,4.482,0.0,5.285,5.057,4.855,0.0,4.755,4.687,4.444,0.0,3.34,3.497,3.0,2.256,1.867,1.063,0.822,0.395,0.39,0.629,1.18,1.734,2.62,2.907,3.494,3.929,4.349,4.779,4.347,4.087,4.461,5.823,0.0,3.26,2.577,2.269,1.609,0.966,0.513,0.334,0.264,0.337,0.83,2.776,5.901,6.807,5.521,0.0,4.226,4.51,4.678,4.86,0.0,5.847,6.552,6.253,4.681,3.233,2.82,2.489,1.491,0.971,0.545,0.36,0.252,0.332,0.839,0.0,6.015,7.149,6.326,5.321,0.0,0.0,0.0,0.0,0.0,5.985,0.0,6.505,0.0,3.429,0.0,2.521,0.0,1.053,0.0,0.354,0.0,0.327,0.866,2.918,5.964,7.076,6.518,5.296,0.0,4.941,0.0,5.122,0.0,6.115,0.0,6.237,0.0,0.0,0.0,0.0,0.0,1.012
112,0.983,0.948,0.442,0.418,0.921,2.824,6.035,7.241,6.166,5.388,4.993,5.228,5.64,5.521,5.816,0.0,6.604,0.0,4.91,3.974,3.527,0.0,2.991,2.181,1.677,0.935,0.736,0.405,0.413,0.745,1.442,2.202,3.497,4.366,4.482,0.0,5.285,5.057,4.855,0.0,4.755,4.687,4.444,0.0,3.34,3.497,3.0,2.256,1.867,1.063,0.822,0.395,0.39,0.629,1.18,1.734,2.62,2.907,3.494,3.929,4.349,4.779,4.347,4.087,4.461,5.823,0.0,3.26,2.577,2.269,1.609,0.966,0.513,0.334,0.264,0.337,0.83,2.776,5.901,6.807,5.521,0.0,4.226,4.51,4.678,4.86,0.0,5.847,6.552,6.253,4.681,3.233,2.82,2.489,1.491,0.971,0.545,0.36,0.252,0.332,0.839,0.0,6.015,7.149,6.326,5.321,0.0,0.0,0.0,0.0,0.0,5.985,0.0,6.505,0.0,3.429,0.0,2.521,0.0,1.053,0.0,0.354,0.0,0.327,0.866,2.918,5.964,7.076,6.518,5.296,0.0,4.941,0.0,5.122,0.0,6.115,0.0,6.237,0.0,0.0,0.0,0.0,0.0,1.012,0.6,0.365,0.275,0.336,0.877,2.772,5.517,6.154,5.691,5.536,4.655,4.894,5.094,5.237,5.572,5.967,6.554,6.048,4.884,3.464,2.934,2.819,1.993,1.309
113,1.677,0.935,0.736,0.405,0.413,0.745,1.442,2.202,3.497,4.366,4.482,0.0,5.285,5.057,4.855,0.0,4.755,4.687,4.444,0.0,3.34,3.497,3.0,2.256,1.867,1.063,0.822,0.395,0.39,0.629,1.18,1.734,2.62,2.907,3.494,3.929,4.349,4.779,4.347,4.087,4.461,5.823,0.0,3.26,2.577,2.269,1.609,0.966,0.513,0.334,0.264,0.337,0.83,2.776,5.901,6.807,5.521,0.0,4.226,4.51,4.678,4.86,0.0,5.847,6.552,6.253,4.681,3.233,2.82,2.489,1.491,0.971,0.545,0.36,0.252,0.332,0.839,0.0,6.015,7.149,6.326,5.321,0.0,0.0,0.0,0.0,0.0,5.985,0.0,6.505,0.0,3.429,0.0,2.521,0.0,1.053,0.0,0.354,0.0,0.327,0.866,2.918,5.964,7.076,6.518,5.296,0.0,4.941,0.0,5.122,0.0,6.115,0.0,6.237,0.0,0.0,0.0,0.0,0.0,1.012,0.6,0.365,0.275,0.336,0.877,2.772,5.517,6.154,5.691,5.536,4.655,4.894,5.094,5.237,5.572,5.967,6.554,6.048,4.884,3.464,2.934,2.819,1.993,1.309,0.597,0.458,0.357,0.398,0.81,2.665,5.813,6.904,5.464,5.221,4.952,5.296,5.736,5.553,5.842,6.258,6.631,5.959,4.888,2.433,0.95,0.872,0.808,0.526
114,1.867,1.063,0.822,0.395,0.39,0.629,1.18,1.734,2.62,2.907,3.494,3.929,4.349,4.779,4.347,4.087,4.461,5.823,0.0,3.26,2.577,2.269,1.609,0.966,0.513,0.334,0.264,0.337,0.83,2.776,5.901,6.807,5.521,0.0,4.226,4.51,4.678,4.86,0.0,5.847,6.552,6.253,4.681,3.233,2.82,2.489,1.491,0.971,0.545,0.36,0.252,0.332,0.839,0.0,6.015,7.149,6.326,5.321,0.0,0.0,0.0,0.0,0.0,5.985,0.0,6.505,0.0,3.429,0.0,2.521,0.0,1.053,0.0,0.354,0.0,0.327,0.866,2.918,5.964,7.076,6.518,5.296,0.0,4.941,0.0,5.122,0.0,6.115,0.0,6.237,0.0,0.0,0.0,0.0,0.0,1.012,0.6,0.365,0.275,0.336,0.877,2.772,5.517,6.154,5.691,5.536,4.655,4.894,5.094,5.237,5.572,5.967,6.554,6.048,4.884,3.464,2.934,2.819,1.993,1.309,0.597,0.458,0.357,0.398,0.81,2.665,5.813,6.904,5.464,5.221,4.952,5.296,5.736,5.553,5.842,6.258,6.631,5.959,4.888,2.433,0.95,0.872,0.808,0.526,1.506,0.862,0.687,0.405,0.413,0.745,1.442,2.202,3.4,4.239,4.476,4.924,5.266,4.982,4.88,4.782,4.74,4.648,4.334,3.71,3.347,3.494,3.17,2.348
115,0.513,0.334,0.264,0.337,0.83,2.776,5.901,6.807,5.521,0.0,4.226,4.51,4.678,4.86,0.0,5.847,6.552,6.253,4.681,3.233,2.82,2.489,1.491,0.971,0.545,0.36,0.252,0.332,0.839,0.0,6.015,7.149,6.326,5.321,0.0,0.0,0.0,0.0,0.0,5.985,0.0,6.505,0.0,3.429,0.0,2.521,0.0,1.053,0.0,0.354,0.0,0.327,0.866,2.918,5.964,7.076,6.518,5.296,0.0,4.941,0.0,5.122,0.0,6.115,0.0,6.237,0.0,0.0,0.0,0.0,0.0,1.012,0.6,0.365,0.275,0.336,0.877,2.772,5.517,6.154,5.691,5.536,4.655,4.894,5.094,5.237,5.572,5.967,6.554,6.048,4.884,3.464,2.934,2.819,1.993,1.309,0.597,0.458,0.357,0.398,0.81,2.665,5.813,6.904,5.464,5.221,4.952,5.296,5.736,5.553,5.842,6.258,6.631,5.959,4.888,2.433,0.95,0.872,0.808,0.526,1.506,0.862,0.687,0.405,0.413,0.745,1.442,2.202,3.4,4.239,4.476,4.924,5.266,4.982,4.88,4.782,4.74,4.648,4.334,3.71,3.347,3.494,3.17,2.348,1.628,0.946,0.735,0.395,0.39,0.629,1.18,1.734,2.453,2.996,3.601,4.049,4.526,4.756,4.514,4.377,4.557,5.102,4.051,3.351,2.784,2.364,1.696,1.025
116,0.545,0.36,0.252,0.332,0.839,0.0,6.015,7.149,6.326,5.321,0.0,0.0,0.0,0.0,0.0,5.985,0.0,6.505,0.0,3.429,0.0,2.521,0.0,1.053,0.0,0.354,0.0,0.327,0.866,2.918,5.964,7.076,6.518,5.296,0.0,4.941,0.0,5.122,0.0,6.115,0.0,6.237,0.0,0.0,0.0,0.0,0.0,1.012,0.6,0.365,0.275,0.336,0.877,2.772,5.517,6.154,5.691,5.536,4.655,4.894,5.094,5.237,5.572,5.967,6.554,6.048,4.884,3.464,2.934,2.819,1.993,1.309,0.597,0.458,0.357,0.398,0.81,2.665,5.813,6.904,5.464,5.221,4.952,5.296,5.736,5.553,5.842,6.258,6.631,5.959,4.888,2.433,0.95,0.872,0.808,0.526,1.506,0.862,0.687,0.405,0.413,0.745,1.442,2.202,3.4,4.239,4.476,4.924,5.266,4.982,4.88,4.782,4.74,4.648,4.334,3.71,3.347,3.494,3.17,2.348,1.628,0.946,0.735,0.395,0.39,0.629,1.18,1.734,2.453,2.996,3.601,4.049,4.526,4.756,4.514,4.377,4.557,5.102,4.051,3.351,2.784,2.364,1.696,1.025,0.171,0.149,0.123,0.163,0.702,2.766,5.639,6.457,5.804,5.032,4.345,4.459,4.665,4.715,5.044,5.476,6.02,5.671,4.148,3.028,2.858,2.748,1.821,0.911
117,0.0,0.354,0.0,0.327,0.866,2.918,5.964,7.076,6.518,5.296,0.0,4.941,0.0,5.122,0.0,6.115,0.0,6.237,0.0,0.0,0.0,0.0,0.0,1.012,0.6,0.365,0.275,0.336,0.877,2.772,5.517,6.154,5.691,5.536,4.655,4.894,5.094,5.237,5.572,5.967,6.554,6.048,4.884,3.464,2.934,2.819,1.993,1.309,0.597,0.458,0.357,0.398,0.81,2.665,5.813,6.904,5.464,5.221,4.952,5.296,5.736,5.553,5.842,6.258,6.631,5.959,4.888,2.433,0.95,0.872,0.808,0.526,1.506,0.862,0.687,0.405,0.413,0.745,1.442,2.202,3.4,4.239,4.476,4.924,5.266,4.982,4.88,4.782,4.74,4.648,4.334,3.71,3.347,3.494,3.17,2.348,1.628,0.946,0.735,0.395,0.39,0.629,1.18,1.734,2.453,2.996,3.601,4.049,4.526,4.756,4.514,4.377,4.557,5.102,4.051,3.351,2.784,2.364,1.696,1.025,0.171,0.149,0.123,0.163,0.702,2.766,5.639,6.457,5.804,5.032,4.345,4.459,4.665,4.715,5.044,5.476,6.02,5.671,4.148,3.028,2.858,2.748,1.821,0.911,0.568,0.364,0.281,0.326,0.861,2.878,6.083,6.952,6.325,5.476,4.694,4.725,4.874,4.965,5.389,5.857,6.339,6.023,4.254,3.212,2.801,2.363,1.708,1.092
118,0.6,0.365,0.275,0.336,0.877,2.772,5.517,6.154,5.691,5.536,4.655,4.894,5.094,5.237,5.572,5.967,6.554,6.048,4.884,3.464,2.934,2.819,1.993,1.309,0.597,0.458,0.357,0.398,0.81,2.665,5.813,6.904,5.464,5.221,4.952,5.296,5.736,5.553,5.842,6.258,6.631,5.959,4.888,2.433,0.95,0.872,0.808,0.526,1.506,0.862,0.687,0.405,0.413,0.745,1.442,2.202,3.4,4.239,4.476,4.924,5.266,4.982,4.88,4.782,4.74,4.648,4.334,3.71,3.347,3.494,3.17,2.348,1.628,0.946,0.735,0.395,0.39,0.629,1.18,1.734,2.453,2.996,3.601,4.049,4.526,4.756,4.514,4.377,4.557,5.102,4.051,3.351,2.784,2.364,1.696,1.025,0.171,0.149,0.123,0.163,0.702,2.766,5.639,6.457,5.804,5.032,4.345,4.459,4.665,4.715,5.044,5.476,6.02,5.671,4.148,3.028,2.858,2.748,1.821,0.911,0.568,0.364,0.281,0.326,0.861,2.878,6.083,6.952,6.325,5.476,4.694,4.725,4.874,4.965,5.389,5.857,6.339,6.023,4.254,3.212,2.801,2.363,1.708,1.092,0.826,0.774,0.867,0.799,1.021,3.119,6.151,6.131,6.446,5.423,4.693,4.841,4.968,4.974,5.211,5.769,6.472,6.18,4.681,3.599,3.139,2.655,1.791,1.084
119,0.597,0.458,0.357,0.398,0.81,2.665,5.813,6.904,5.464,5.221,4.952,5.296,5.736,5.553,5.842,6.258,6.631,5.959,4.888,2.433,0.95,0.872,0.808,0.526,1.506,0.862,0.687,0.405,0.413,0.745,1.442,2.202,3.4,4.239,4.476,4.924,5.266,4.982,4.88,4.782,4.74,4.648,4.334,3.71,3.347,3.494,3.17,2.348,1.628,0.946,0.735,0.395,0.39,0.629,1.18,1.734,2.453,2.996,3.601,4.049,4.526,4.756,4.514,4.377,4.557,5.102,4.051,3.351,2.784,2.364,1.696,1.025,0.171,0.149,0.123,0.163,0.702,2.766,5.639,6.457,5.804,5.032,4.345,4.459,4.665,4.715,5.044,5.476,6.02,5.671,4.148,3.028,2.858,2.748,1.821,0.911,0.568,0.364,0.281,0.326,0.861,2.878,6.083,6.952,6.325,5.476,4.694,4.725,4.874,4.965,5.389,5.857,6.339,6.023,4.254,3.212,2.801,2.363,1.708,1.092,0.826,0.774,0.867,0.799,1.021,3.119,6.151,6.131,6.446,5.423,4.693,4.841,4.968,4.974,5.211,5.769,6.472,6.18,4.681,3.599,3.139,2.655,1.791,1.084,1.219,0.673,0.323,0.36,0.947,2.917,6.146,7.13,6.299,5.244,4.425,4.98,5.136,5.226,5.567,5.947,6.539,6.274,4.97,3.733,3.153,2.983,2.659,2.183
120,1.506,0.862,0.687,0.405,0.413,0.745,1.442,2.202,3.4,4.239,4.476,4.924,5.266,4.982,4.88,4.782,4.74,4.648,4.334,3.71,3.347,3.494,3.17,2.348,1.628,0.946,0.735,0.395,0.39,0.629,1.18,1.734,2.453,2.996,3.601,4.049,4.526,4.756,4.514,4.377,4.557,5.102,4.051,3.351,2.784,2.364,1.696,1.025,0.171,0.149,0.123,0.163,0.702,2.766,5.639,6.457,5.804,5.032,4.345,4.459,4.665,4.715,5.044,5.476,6.02,5.671,4.148,3.028,2.858,2.748,1.821,0.911,0.568,0.364,0.281,0.326,0.861,2.878,6.083,6.952,6.325,5.476,4.694,4.725,4.874,4.965,5.389,5.857,6.339,6.023,4.254,3.212,2.801,2.363,1.708,1.092,0.826,0.774,0.867,0.799,1.021,3.119,6.151,6.131,6.446,5.423,4.693,4.841,4.968,4.974,5.211,5.769,6.472,6.18,4.681,3.599,3.139,2.655,1.791,1.084,1.219,0.673,0.323,0.36,0.947,2.917,6.146,7.13,6.299,5.244,4.425,4.98,5.136,5.226,5.567,5.947,6.539,6.274,4.97,3.733,3.153,2.983,2.659,2.183,0.803,0.553,0.382,0.39,0.813,2.663,5.706,6.568,5.69,5.306,4.927,5.314,5.431,5.241,5.51,5.833,5.966,4.878,4.609,3.685,3.345,3.293,2.961,2.077
121,1.628,0.946,0.735,0.395,0.39,0.629,1.18,1.734,2.453,2.996,3.601,4.049,4.526,4.756,4.514,4.377,4.557,5.102,4.051,3.351,2.784,2.364,1.696,1.025,0.171,0.149,0.123,0.163,0.702,2.766,5.639,6.457,5.804,5.032,4.345,4.459,4.665,4.715,5.044,5.476,6.02,5.671,4.148,3.028,2.858,2.748,1.821,0.911,0.568,0.364,0.281,0.326,0.861,2.878,6.083,6.952,6.325,5.476,4.694,4.725,4.874,4.965,5.389,5.857,6.339,6.023,4.254,3.212,2.801,2.363,1.708,1.092,0.826,0.774,0.867,0.799,1.021,3.119,6.151,6.131,6.446,5.423,4.693,4.841,4.968,4.974,5.211,5.769,6.472,6.18,4.681,3.599,3.139,2.655,1.791,1.084,1.219,0.673,0.323,0.36,0.947,2.917,6.146,7.13,6.299,5.244,4.425,4.98,5.136,5.226,5.567,5.947,6.539,6.274,4.97,3.733,3.153,2.983,2.659,2.183,0.803,0.553,0.382,0.39,0.813,2.663,5.706,6.568,5.69,5.306,4.927,5.314,5.431,5.241,5.51,5.833,5.966,4.878,4.609,3.685,3.345,3.293,2.961,2.077,1.519,0.89,0.63,0.42,0.367,0.723,1.347,2.182,3.139,4.085,4.252,4.466,4.895,4.952,4.956,4.78,4.618,4.362,4.401,3.795,3.436,3.242,3.24,2.215
122,0.171,0.149,0.123,0.163,0.702,2.766,5.639,6.457,5.804,5.032,4.345,4.459,4.665,4.715,5.044,5.476,6.02,5.671,4.148,3.028,2.858,2.748,1.821,0.911,0.568,0.364,0.281,0.326,0.861,2.878,6.083,6.952,6.325,5.476,4.694,4.725,4.874,4.965,5.389,5.857,6.339,6.023,4.254,3.212,2.801,2.363,1.708,1.092,0.826,0.774,0.867,0.799,1.021,3.119,6.151,6.131,6.446,5.423,4.693,4.841,4.968,4.974,5.211,5.769,6.472,6.18,4.681,3.599,3.139,2.655,1.791,1.084,1.219,0.673,0.323,0.36,0.947,2.917,6.146,7.13,6.299,5.244,4.425,4.98,5.136,5.226,5.567,5.947,6.539,6.274,4.97,3.733,3.153,2.983,2.659,2.183,0.803,0.553,0.382,0.39,0.813,2.663,5.706,6.568,5.69,5.306,4.927,5.314,5.431,5.241,5.51,5.833,5.966,4.878,4.609,3.685,3.345,3.293,2.961,2.077,1.519,0.89,0.63,0.42,0.367,0.723,1.347,2.182,3.139,4.085,4.252,4.466,4.895,4.952,4.956,4.78,4.618,4.362,4.401,3.795,3.436,3.242,3.24,2.215,1.62,0.89,0.63,0.42,0.367,0.599,1.037,1.623,2.097,3.104,3.857,4.045,4.294,4.752,4.772,4.846,4.891,4.42,4.276,4.046,3.536,2.701,1.871,1.144
123,0.568,0.364,0.281,0.326,0.861,2.878,6.083,6.952,6.325,5.476,4.694,4.725,4.874,4.965,5.389,5.857,6.339,6.023,4.254,3.212,2.801,2.363,1.708,1.092,0.826,0.774,0.867,0.799,1.021,3.119,6.151,6.131,6.446,5.423,4.693,4.841,4.968,4.974,5.211,5.769,6.472,6.18,4.681,3.599,3.139,2.655,1.791,1.084,1.219,0.673,0.323,0.36,0.947,2.917,6.146,7.13,6.299,5.244,4.425,4.98,5.136,5.226,5.567,5.947,6.539,6.274,4.97,3.733,3.153,2.983,2.659,2.183,0.803,0.553,0.382,0.39,0.813,2.663,5.706,6.568,5.69,5.306,4.927,5.314,5.431,5.241,5.51,5.833,5.966,4.878,4.609,3.685,3.345,3.293,2.961,2.077,1.519,0.89,0.63,0.42,0.367,0.723,1.347,2.182,3.139,4.085,4.252,4.466,4.895,4.952,4.956,4.78,4.618,4.362,4.401,3.795,3.436,3.242,3.24,2.215,1.62,0.89,0.63,0.42,0.367,0.599,1.037,1.623,2.097,3.104,3.857,4.045,4.294,4.752,4.772,4.846,4.891,4.42,4.276,4.046,3.536,2.701,1.871,1.144,0.596,0.351,0.264,0.304,0.854,2.781,5.902,6.876,5.932,4.917,4.439,4.643,5.019,4.83,4.915,5.333,6.334,5.922,4.353,3.083,2.65,2.543,1.478,0.891
124,0.826,0.774,0.867,0.799,1.021,3.119,6.151,6.131,6.446,5.423,4.693,4.841,4.968,4.974,5.211,5.769,6.472,6.18,4.681,3.599,3.139,2.655,1.791,1.084,1.219,0.673,0.323,0.36,0.947,2.917,6.146,7.13,6.299,5.244,4.425,4.98,5.136,5.226,5.567,5.947,6.539,6.274,4.97,3.733,3.153,2.983,2.659,2.183,0.803,0.553,0.382,0.39,0.813,2.663,5.706,6.568,5.69,5.306,4.927,5.314,5.431,5.241,5.51,5.833,5.966,4.878,4.609,3.685,3.345,3.293,2.961,2.077,1.519,0.89,0.63,0.42,0.367,0.723,1.347,2.182,3.139,4.085,4.252,4.466,4.895,4.952,4.956,4.78,4.618,4.362,4.401,3.795,3.436,3.242,3.24,2.215,1.62,0.89,0.63,0.42,0.367,0.599,1.037,1.623,2.097,3.104,3.857,4.045,4.294,4.752,4.772,4.846,4.891,4.42,4.276,4.046,3.536,2.701,1.871,1.144,0.596,0.351,0.264,0.304,0.854,2.781,5.902,6.876,5.932,4.917,4.439,4.643,5.019,4.83,4.915,5.333,6.334,5.922,4.353,3.083,2.65,2.543,1.478,0.891,0.525,0.343,0.213,0.3,0.828,2.87,5.64,6.239,5.878,5.42,4.454,4.894,4.888,4.983,5.22,5.772,6.62,6.312,4.673,3.313,2.662,2.336,1.633,1.022
125,1.219,0.673,0.323,0.36,0.947,2.917,6.146,7.13,6.299,5.244,4.425,4.98,5.136,5.226,5.567,5.947,6.539,6.274,4.97,3.733,3.153,2.983,2.659,2.183,0.803,0.553,0.382,0.39,0.813,2.663,5.706,6.568,5.69,5.306,4.927,5.314,5.431,5.241,5.51,5.833,5.966,4.878,4.609,3.685,3.345,3.293,2.961,2.077,1.519,0.89,0.63,0.42,0.367,0.723,1.347,2.182,3.139,4.085,4.252,4.466,4.895,4.952,4.956,4.78,4.618,4.362,4.401,3.795,3.436,3.242,3.24,2.215,1.62,0.89,0.63,0.42,0.367,0.599,1.037,1.623,2.097,3.104,3.857,4.045,4.294,4.752,4.772,4.846,4.891,4.42,4.276,4.046,3.536,2.701,1.871,1.144,0.596,0.351,0.264,0.304,0.854,2.781,5.902,6.876,5.932,4.917,4.439,4.643,5.019,4.83,4.915,5.333,6.334,5.922,4.353,3.083,2.65,2.543,1.478,0.891,0.525,0.343,0.213,0.3,0.828,2.87,5.64,6.239,5.878,5.42,4.454,4.894,4.888,4.983,5.22,5.772,6.62,6.312,4.673,3.313,2.662,2.336,1.633,1.022,0.523,0.351,0.263,0.306,0.87,2.867,5.898,6.929,6.087,5.127,4.786,4.918,4.925,4.966,5.329,5.66,6.321,5.786,4.413,3.243,2.749,2.499,1.798,1.075
126,0.803,0.553,0.382,0.39,0.813,2.663,5.706,6.568,5.69,5.306,4.927,5.314,5.431,5.241,5.51,5.833,5.966,4.878,4.609,3.685,3.345,3.293,2.961,2.077,1.519,0.89,0.63,0.42,0.367,0.723,1.347,2.182,3.139,4.085,4.252,4.466,4.895,4.952,4.956,4.78,4.618,4.362,4.401,3.795,3.436,3.242,3.24,2.215,1.62,0.89,0.63,0.42,0.367,0.599,1.037,1.623,2.097,3.104,3.857,4.045,4.294,4.752,4.772,4.846,4.891,4.42,4.276,4.046,3.536,2.701,1.871,1.144,0.596,0.351,0.264,0.304,0.854,2.781,5.902,6.876,5.932,4.917,4.439,4.643,5.019,4.83,4.915,5.333,6.334,5.922,4.353,3.083,2.65,2.543,1.478,0.891,0.525,0.343,0.213,0.3,0.828,2.87,5.64,6.239,5.878,5.42,4.454,4.894,4.888,4.983,5.22,5.772,6.62,6.312,4.673,3.313,2.662,2.336,1.633,1.022,0.523,0.351,0.263,0.306,0.87,2.867,5.898,6.929,6.087,5.127,4.786,4.918,4.925,4.966,5.329,5.66,6.321,5.786,4.413,3.243,2.749,2.499,1.798,1.075,0.573,0.356,0.278,0.317,0.916,2.88,6.061,6.722,6.268,5.26,4.721,4.928,5.172,5.068,5.429,5.754,6.655,6.049,4.609,3.35,3.199,2.838,2.442,1.316
127,1.519,0.89,0.63,0.42,0.367,0.723,1.347,2.182,3.139,4.085,4.252,4.466,4.895,4.952,4.956,4.78,4.618,4.362,4.401,3.795,3.436,3.242,3.24,2.215,1.62,0.89,0.63,0.42,0.367,0.599,1.037,1.623,2.097,3.104,3.857,4.045,4.294,4.752,4.772,4.846,4.891,4.42,4.276,4.046,3.536,2.701,1.871,1.144,0.596,0.351,0.264,0.304,0.854,2.781,5.902,6.876,5.932,4.917,4.439,4.643,5.019,4.83,4.915,5.333,6.334,5.922,4.353,3.083,2.65,2.543,1.478,0.891,0.525,0.343,0.213,0.3,0.828,2.87,5.64,6.239,5.878,5.42,4.454,4.894,4.888,4.983,5.22,5.772,6.62,6.312,4.673,3.313,2.662,2.336,1.633,1.022,0.523,0.351,0.263,0.306,0.87,2.867,5.898,6.929,6.087,5.127,4.786,4.918,4.925,4.966,5.329,5.66,6.321,5.786,4.413,3.243,2.749,2.499,1.798,1.075,0.573,0.356,0.278,0.317,0.916,2.88,6.061,6.722,6.268,5.26,4.721,4.928,5.172,5.068,5.429,5.754,6.655,6.049,4.609,3.35,3.199,2.838,2.442,1.316,0.645,0.417,0.303,0.349,0.844,2.676,5.592,6.102,5.34,5.101,4.736,5.115,5.454,5.368,5.563,5.83,6.35,5.419,4.788,3.865,3.309,2.983,2.615,1.873
128,1.62,0.89,0.63,0.42,0.367,0.599,1.037,1.623,2.097,3.104,3.857,4.045,4.294,4.752,4.772,4.846,4.891,4.42,4.276,4.046,3.536,2.701,1.871,1.144,0.596,0.351,0.264,0.304,0.854,2.781,5.902,6.876,5.932,4.917,4.439,4.643,5.019,4.83,4.915,5.333,6.334,5.922,4.353,3.083,2.65,2.543,1.478,0.891,0.525,0.343,0.213,0.3,0.828,2.87,5.64,6.239,5.878,5.42,4.454,4.894,4.888,4.983,5.22,5.772,6.62,6.312,4.673,3.313,2.662,2.336,1.633,1.022,0.523,0.351,0.263,0.306,0.87,2.867,5.898,6.929,6.087,5.127,4.786,4.918,4.925,4.966,5.329,5.66,6.321,5.786,4.413,3.243,2.749,2.499,1.798,1.075,0.573,0.356,0.278,0.317,0.916,2.88,6.061,6.722,6.268,5.26,4.721,4.928,5.172,5.068,5.429,5.754,6.655,6.049,4.609,3.35,3.199,2.838,2.442,1.316,0.645,0.417,0.303,0.349,0.844,2.676,5.592,6.102,5.34,5.101,4.736,5.115,5.454,5.368,5.563,5.83,6.35,5.419,4.788,3.865,3.309,2.983,2.615,1.873,1.257,0.972,0.822,0.411,0.486,0.817,1.162,1.73,2.748,3.604,3.547,4.069,4.48,4.22,4.355,4.223,4.407,4.403,4.031,3.707,3.154,3.196,3.427,2.225
129,0.596,0.351,0.264,0.304,0.854,2.781,5.902,6.876,5.932,4.917,4.439,4.643,5.019,4.83,4.915,5.333,6.334,5.922,4.353,3.083,2.65,2.543,1.478,0.891,0.525,0.343,0.213,0.3,0.828,2.87,5.64,6.239,5.878,5.42,4.454,4.894,4.888,4.983,5.22,5.772,6.62,6.312,4.673,3.313,2.662,2.336,1.633,1.022,0.523,0.351,0.263,0.306,0.87,2.867,5.898,6.929,6.087,5.127,4.786,4.918,4.925,4.966,5.329,5.66,6.321,5.786,4.413,3.243,2.749,2.499,1.798,1.075,0.573,0.356,0.278,0.317,0.916,2.88,6.061,6.722,6.268,5.26,4.721,4.928,5.172,5.068,5.429,5.754,6.655,6.049,4.609,3.35,3.199,2.838,2.442,1.316,0.645,0.417,0.303,0.349,0.844,2.676,5.592,6.102,5.34,5.101,4.736,5.115,5.454,5.368,5.563,5.83,6.35,5.419,4.788,3.865,3.309,2.983,2.615,1.873,1.257,0.972,0.822,0.411,0.486,0.817,1.162,1.73,2.748,3.604,3.547,4.069,4.48,4.22,4.355,4.223,4.407,4.403,4.031,3.707,3.154,3.196,3.427,2.225,1.687,0.972,0.822,0.411,0.486,0.698,0.96,1.391,2.002,2.914,3.644,3.858,4.142,4.53,4.765,4.442,5.04,4.643,4.032,3.259,3.078,2.857,2.162,1.572
130,0.525,0.343,0.213,0.3,0.828,2.87,5.64,6.239,5.878,5.42,4.454,4.894,4.888,4.983,5.22,5.772,6.62,6.312,4.673,3.313,2.662,2.336,1.633,1.022,0.523,0.351,0.263,0.306,0.87,2.867,5.898,6.929,6.087,5.127,4.786,4.918,4.925,4.966,5.329,5.66,6.321,5.786,4.413,3.243,2.749,2.499,1.798,1.075,0.573,0.356,0.278,0.317,0.916,2.88,6.061,6.722,6.268,5.26,4.721,4.928,5.172,5.068,5.429,5.754,6.655,6.049,4.609,3.35,3.199,2.838,2.442,1.316,0.645,0.417,0.303,0.349,0.844,2.676,5.592,6.102,5.34,5.101,4.736,5.115,5.454,5.368,5.563,5.83,6.35,5.419,4.788,3.865,3.309,2.983,2.615,1.873,1.257,0.972,0.822,0.411,0.486,0.817,1.162,1.73,2.748,3.604,3.547,4.069,4.48,4.22,4.355,4.223,4.407,4.403,4.031,3.707,3.154,3.196,3.427,2.225,1.687,0.972,0.822,0.411,0.486,0.698,0.96,1.391,2.002,2.914,3.644,3.858,4.142,4.53,4.765,4.442,5.04,4.643,4.032,3.259,3.078,2.857,2.162,1.572,0.667,0.394,0.285,0.34,0.854,2.855,5.922,0.0,5.853,4.907,4.389,4.564,4.837,4.703,5.165,5.598,6.144,5.648,4.297,3.077,2.764,2.846,1.806,1.035
131,0.523,0.351,0.263,0.306,0.87,2.867,5.898,6.929,6.087,5.127,4.786,4.918,4.925,4.966,5.329,5.66,6.321,5.786,4.413,3.243,2.749,2.499,1.798,1.075,0.573,0.356,0.278,0.317,0.916,2.88,6.061,6.722,6.268,5.26,4.721,4.928,5.172,5.068,5.429,5.754,6.655,6.049,4.609,3.35,3.199,2.838,2.442,1.316,0.645,0.417,0.303,0.349,0.844,2.676,5.592,6.102,5.34,5.101,4.736,5.115,5.454,5.368,5.563,5.83,6.35,5.419,4.788,3.865,3.309,2.983,2.615,1.873,1.257,0.972,0.822,0.411,0.486,0.817,1.162,1.73,2.748,3.604,3.547,4.069,4.48,4.22,4.355,4.223,4.407,4.403,4.031,3.707,3.154,3.196,3.427,2.225,1.687,0.972,0.822,0.411,0.486,0.698,0.96,1.391,2.002,2.914,3.644,3.858,4.142,4.53,4.765,4.442,5.04,4.643,4.032,3.259,3.078,2.857,2.162,1.572,0.667,0.394,0.285,0.34,0.854,2.855,5.922,0.0,5.853,4.907,4.389,4.564,4.837,4.703,5.165,5.598,6.144,5.648,4.297,3.077,2.764,2.846,1.806,1.035,0.614,0.372,0.258,0.324,0.896,2.956,6.095,6.807,6.085,5.177,4.455,4.777,4.799,4.945,5.189,5.817,6.36,6.032,4.459,2.631,2.739,2.438,1.736,1.115
132,0.573,0.356,0.278,0.317,0.916,2.88,6.061,6.722,6.268,5.26,4.721,4.928,5.172,5.068,5.429,5.754,6.655,6.049,4.609,3.35,3.199,2.838,2.442,1.316,0.645,0.417,0.303,0.349,0.844,2.676,5.592,6.102,5.34,5.101,4.736,5.115,5.454,5.368,5.563,5.83,6.35,5.419,4.788,3.865,3.309,2.983,2.615,1.873,1.257,0.972,0.822,0.411,0.486,0.817,1.162,1.73,2.748,3.604,3.547,4.069,4.48,4.22,4.355,4.223,4.407,4.403,4.031,3.707,3.154,3.196,3.427,2.225,1.687,0.972,0.822,0.411,0.486,0.698,0.96,1.391,2.002,2.914,3.644,3.858,4.142,4.53,4.765,4.442,5.04,4.643,4.032,3.259,3.078,2.857,2.162,1.572,0.667,0.394,0.285,0.34,0.854,2.855,5.922,0.0,5.853,4.907,4.389,4.564,4.837,4.703,5.165,5.598,6.144,5.648,4.297,3.077,2.764,2.846,1.806,1.035,0.614,0.372,0.258,0.324,0.896,2.956,6.095,6.807,6.085,5.177,4.455,4.777,4.799,4.945,5.189,5.817,6.36,6.032,4.459,2.631,2.739,2.438,1.736,1.115,0.588,0.333,0.302,0.36,0.905,2.982,6.045,6.669,5.742,5.139,4.572,4.784,4.94,4.991,5.494,5.617,6.472,6.147,4.201,2.49,2.617,2.53,1.765,1.124
133,0.645,0.417,0.303,0.349,0.844,2.676,5.592,6.102,5.34,5.101,4.736,5.115,5.454,5.368,5.563,5.83,6.35,5.419,4.788,3.865,3.309,2.983,2.615,1.873,1.257,0.972,0.822,0.411,0.486,0.817,1.162,1.73,2.748,3.604,3.547,4.069,4.48,4.22,4.355,4.223,4.407,4.403,4.031,3.707,3.154,3.196,3.427,2.225,1.687,0.972,0.822,0.411,0.486,0.698,0.96,1.391,2.002,2.914,3.644,3.858,4.142,4.53,4.765,4.442,5.04,4.643,4.032,3.259,3.078,2.857,2.162,1.572,0.667,0.394,0.285,0.34,0.854,2.855,5.922,0.0,5.853,4.907,4.389,4.564,4.837,4.703,5.165,5.598,6.144,5.648,4.297,3.077,2.764,2.846,1.806,1.035,0.614,0.372,0.258,0.324,0.896,2.956,6.095,6.807,6.085,5.177,4.455,4.777,4.799,4.945,5.189,5.817,6.36,6.032,4.459,2.631,2.739,2.438,1.736,1.115,0.588,0.333,0.302,0.36,0.905,2.982,6.045,6.669,5.742,5.139,4.572,4.784,4.94,4.991,5.494,5.617,6.472,6.147,4.201,2.49,2.617,2.53,1.765,1.124,0.643,0.392,0.287,0.351,0.874,2.925,6.054,6.845,5.884,5.008,4.597,4.932,5.12,5.005,5.375,5.666,6.428,6.063,4.756,3.028,2.759,2.68,2.313,1.395
134,1.257,0.972,0.822,0.411,0.486,0.817,1.162,1.73,2.748,3.604,3.547,4.069,4.48,4.22,4.355,4.223,4.407,4.403,4.031,3.707,3.154,3.196,3.427,2.225,1.687,0.972,0.822,0.411,0.486,0.698,0.96,1.391,2.002,2.914,3.644,3.858,4.142,4.53,4.765,4.442,5.04,4.643,4.032,3.259,3.078,2.857,2.162,1.572,0.667,0.394,0.285,0.34,0.854,2.855,5.922,0.0,5.853,4.907,4.389,4.564,4.837,4.703,5.165,5.598,6.144,5.648,4.297,3.077,2.764,2.846,1.806,1.035,0.614,0.372,0.258,0.324,0.896,2.956,6.095,6.807,6.085,5.177,4.455,4.777,4.799,4.945,5.189,5.817,6.36,6.032,4.459,2.631,2.739,2.438,1.736,1.115,0.588,0.333,0.302,0.36,0.905,2.982,6.045,6.669,5.742,5.139,4.572,4.784,4.94,4.991,5.494,5.617,6.472,6.147,4.201,2.49,2.617,2.53,1.765,1.124,0.643,0.392,0.287,0.351,0.874,2.925,6.054,6.845,5.884,5.008,4.597,4.932,5.12,5.005,5.375,5.666,6.428,6.063,4.756,3.028,2.759,2.68,2.313,1.395,0.75,0.45,0.33,0.376,0.85,2.714,5.661,6.715,5.415,5.293,4.608,5.149,5.252,5.189,5.426,5.922,6.126,5.514,4.756,3.68,3.223,3.399,3.133,2.312
135,1.687,0.972,0.822,0.411,0.486,0.698,0.96,1.391,2.002,2.914,3.644,3.858,4.142,4.53,4.765,4.442,5.04,4.643,4.032,3.259,3.078,2.857,2.162,1.572,0.667,0.394,0.285,0.34,0.854,2.855,5.922,0.0,5.853,4.907,4.389,4.564,4.837,4.703,5.165,5.598,6.144,5.648,4.297,3.077,2.764,2.846,1.806,1.035,0.614,0.372,0.258,0.324,0.896,2.956,6.095,6.807,6.085,5.177,4.455,4.777,4.799,4.945,5.189,5.817,6.36,6.032,4.459,2.631,2.739,2.438,1.736,1.115,0.588,0.333,0.302,0.36,0.905,2.982,6.045,6.669,5.742,5.139,4.572,4.784,4.94,4.991,5.494,5.617,6.472,6.147,4.201,2.49,2.617,2.53,1.765,1.124,0.643,0.392,0.287,0.351,0.874,2.925,6.054,6.845,5.884,5.008,4.597,4.932,5.12,5.005,5.375,5.666,6.428,6.063,4.756,3.028,2.759,2.68,2.313,1.395,0.75,0.45,0.33,0.376,0.85,2.714,5.661,6.715,5.415,5.293,4.608,5.149,5.252,5.189,5.426,5.922,6.126,5.514,4.756,3.68,3.223,3.399,3.133,2.312,1.689,1.016,1.081,0.875,0.946,1.435,1.718,2.026,2.763,3.897,4.194,4.755,5.117,4.891,4.569,4.473,4.523,4.097,3.895,3.523,3.345,3.472,3.37,2.273
136,0.667,0.394,0.285,0.34,0.854,2.855,5.922,0.0,5.853,4.907,4.389,4.564,4.837,4.703,5.165,5.598,6.144,5.648,4.297,3.077,2.764,2.846,1.806,1.035,0.614,0.372,0.258,0.324,0.896,2.956,6.095,6.807,6.085,5.177,4.455,4.777,4.799,4.945,5.189,5.817,6.36,6.032,4.459,2.631,2.739,2.438,1.736,1.115,0.588,0.333,0.302,0.36,0.905,2.982,6.045,6.669,5.742,5.139,4.572,4.784,4.94,4.991,5.494,5.617,6.472,6.147,4.201,2.49,2.617,2.53,1.765,1.124,0.643,0.392,0.287,0.351,0.874,2.925,6.054,6.845,5.884,5.008,4.597,4.932,5.12,5.005,5.375,5.666,6.428,6.063,4.756,3.028,2.759,2.68,2.313,1.395,0.75,0.45,0.33,0.376,0.85,2.714,5.661,6.715,5.415,5.293,4.608,5.149,5.252,5.189,5.426,5.922,6.126,5.514,4.756,3.68,3.223,3.399,3.133,2.312,1.689,1.016,1.081,0.875,0.946,1.435,1.718,2.026,2.763,3.897,4.194,4.755,5.117,4.891,4.569,4.473,4.523,4.097,3.895,3.523,3.345,3.472,3.37,2.273,1.719,1.185,0.966,0.387,0.326,0.458,0.898,1.21,1.954,2.844,3.603,4.348,4.642,4.691,4.332,4.263,4.399,4.093,3.778,3.442,3.18,2.624,1.939,1.166
137,0.614,0.372,0.258,0.324,0.896,2.956,6.095,6.807,6.085,5.177,4.455,4.777,4.799,4.945,5.189,5.817,6.36,6.032,4.459,2.631,2.739,2.438,1.736,1.115,0.588,0.333,0.302,0.36,0.905,2.982,6.045,6.669,5.742,5.139,4.572,4.784,4.94,4.991,5.494,5.617,6.472,6.147,4.201,2.49,2.617,2.53,1.765,1.124,0.643,0.392,0.287,0.351,0.874,2.925,6.054,6.845,5.884,5.008,4.597,4.932,5.12,5.005,5.375,5.666,6.428,6.063,4.756,3.028,2.759,2.68,2.313,1.395,0.75,0.45,0.33,0.376,0.85,2.714,5.661,6.715,5.415,5.293,4.608,5.149,5.252,5.189,5.426,5.922,6.126,5.514,4.756,3.68,3.223,3.399,3.133,2.312,1.689,1.016,1.081,0.875,0.946,1.435,1.718,2.026,2.763,3.897,4.194,4.755,5.117,4.891,4.569,4.473,4.523,4.097,3.895,3.523,3.345,3.472,3.37,2.273,1.719,1.185,0.966,0.387,0.326,0.458,0.898,1.21,1.954,2.844,3.603,4.348,4.642,4.691,4.332,4.263,4.399,4.093,3.778,3.442,3.18,2.624,1.939,1.166,0.775,0.457,0.349,0.339,0.896,2.906,5.918,6.414,5.791,4.675,4.326,4.627,4.754,4.778,5.328,5.886,6.653,6.55,4.828,3.201,2.482,2.293,1.651,1.186
138,0.588,0.333,0.302,0.36,0.905,2.982,6.045,6.669,5.742,5.139,4.572,4.784,4.94,4.991,5.494,5.617,6.472,6.147,4.201,2.49,2.617,2.53,1.765,1.124,0.643,0.392,0.287,0.351,0.874,2.925,6.054,6.845,5.884,5.008,4.597,4.932,5.12,5.005,5.375,5.666,6.428,6.063,4.756,3.028,2.759,2.68,2.313,1.395,0.75,0.45,0.33,0.376,0.85,2.714,5.661,6.715,5.415,5.293,4.608,5.149,5.252,5.189,5.426,5.922,6.126,5.514,4.756,3.68,3.223,3.399,3.133,2.312,1.689,1.016,1.081,0.875,0.946,1.435,1.718,2.026,2.763,3.897,4.194,4.755,5.117,4.891,4.569,4.473,4.523,4.097,3.895,3.523,3.345,3.472,3.37,2.273,1.719,1.185,0.966,0.387,0.326,0.458,0.898,1.21,1.954,2.844,3.603,4.348,4.642,4.691,4.332,4.263,4.399,4.093,3.778,3.442,3.18,2.624,1.939,1.166,0.775,0.457,0.349,0.339,0.896,2.906,5.918,6.414,5.791,4.675,4.326,4.627,4.754,4.778,5.328,5.886,6.653,6.55,4.828,3.201,2.482,2.293,1.651,1.186,0.657,0.432,0.314,0.346,0.877,3.058,6.167,6.409,5.301,0.0,4.652,4.621,4.885,0.0,5.398,6.062,6.67,0.0,4.611,3.456,2.933,2.804,1.871,1.129
139,0.643,0.392,0.287,0.351,0.874,2.925,6.054,6.845,5.884,5.008,4.597,4.932,5.12,5.005,5.375,5.666,6.428,6.063,4.756,3.028,2.759,2.68,2.313,1.395,0.75,0.45,0.33,0.376,0.85,2.714,5.661,6.715,5.415,5.293,4.608,5.149,5.252,5.189,5.426,5.922,6.126,5.514,4.756,3.68,3.223,3.399,3.133,2.312,1.689,1.016,1.081,0.875,0.946,1.435,1.718,2.026,2.763,3.897,4.194,4.755,5.117,4.891,4.569,4.473,4.523,4.097,3.895,3.523,3.345,3.472,3.37,2.273,1.719,1.185,0.966,0.387,0.326,0.458,0.898,1.21,1.954,2.844,3.603,4.348,4.642,4.691,4.332,4.263,4.399,4.093,3.778,3.442,3.18,2.624,1.939,1.166,0.775,0.457,0.349,0.339,0.896,2.906,5.918,6.414,5.791,4.675,4.326,4.627,4.754,4.778,5.328,5.886,6.653,6.55,4.828,3.201,2.482,2.293,1.651,1.186,0.657,0.432,0.314,0.346,0.877,3.058,6.167,6.409,5.301,0.0,4.652,4.621,4.885,0.0,5.398,6.062,6.67,0.0,4.611,3.456,2.933,2.804,1.871,1.129,0.718,0.454,0.323,0.356,0.912,2.981,6.038,6.658,5.879,0.0,4.506,4.885,4.918,0.0,5.295,5.537,6.446,0.0,4.603,3.465,3.14,2.945,2.0,1.696
140,0.75,0.45,0.33,0.376,0.85,2.714,5.661,6.715,5.415,5.293,4.608,5.149,5.252,5.189,5.426,5.922,6.126,5.514,4.756,3.68,3.223,3.399,3.133,2.312,1.689,1.016,1.081,0.875,0.946,1.435,1.718,2.026,2.763,3.897,4.194,4.755,5.117,4.891,4.569,4.473,4.523,4.097,3.895,3.523,3.345,3.472,3.37,2.273,1.719,1.185,0.966,0.387,0.326,0.458,0.898,1.21,1.954,2.844,3.603,4.348,4.642,4.691,4.332,4.263,4.399,4.093,3.778,3.442,3.18,2.624,1.939,1.166,0.775,0.457,0.349,0.339,0.896,2.906,5.918,6.414,5.791,4.675,4.326,4.627,4.754,4.778,5.328,5.886,6.653,6.55,4.828,3.201,2.482,2.293,1.651,1.186,0.657,0.432,0.314,0.346,0.877,3.058,6.167,6.409,5.301,0.0,4.652,4.621,4.885,0.0,5.398,6.062,6.67,0.0,4.611,3.456,2.933,2.804,1.871,1.129,0.718,0.454,0.323,0.356,0.912,2.981,6.038,6.658,5.879,0.0,4.506,4.885,4.918,0.0,5.295,5.537,6.446,0.0,4.603,3.465,3.14,2.945,2.0,1.696,0.654,0.44,0.301,0.356,1.05,3.029,6.075,6.983,6.176,0.0,4.694,4.919,5.211,0.0,5.311,5.726,6.352,0.0,4.729,3.724,3.399,3.19,2.621,1.363
141,1.689,1.016,1.081,0.875,0.946,1.435,1.718,2.026,2.763,3.897,4.194,4.755,5.117,4.891,4.569,4.473,4.523,4.097,3.895,3.523,3.345,3.472,3.37,2.273,1.719,1.185,0.966,0.387,0.326,0.458,0.898,1.21,1.954,2.844,3.603,4.348,4.642,4.691,4.332,4.263,4.399,4.093,3.778,3.442,3.18,2.624,1.939,1.166,0.775,0.457,0.349,0.339,0.896,2.906,5.918,6.414,5.791,4.675,4.326,4.627,4.754,4.778,5.328,5.886,6.653,6.55,4.828,3.201,2.482,2.293,1.651,1.186,0.657,0.432,0.314,0.346,0.877,3.058,6.167,6.409,5.301,0.0,4.652,4.621,4.885,0.0,5.398,6.062,6.67,0.0,4.611,3.456,2.933,2.804,1.871,1.129,0.718,0.454,0.323,0.356,0.912,2.981,6.038,6.658,5.879,0.0,4.506,4.885,4.918,0.0,5.295,5.537,6.446,0.0,4.603,3.465,3.14,2.945,2.0,1.696,0.654,0.44,0.301,0.356,1.05,3.029,6.075,6.983,6.176,0.0,4.694,4.919,5.211,0.0,5.311,5.726,6.352,0.0,4.729,3.724,3.399,3.19,2.621,1.363,0.786,0.487,0.327,0.382,0.826,2.651,5.332,6.092,5.165,0.0,4.507,4.856,5.181,0.0,5.095,5.406,5.597,0.0,4.252,3.481,2.777,2.901,2.686,1.875
142,1.719,1.185,0.966,0.387,0.326,0.458,0.898,1.21,1.954,2.844,3.603,4.348,4.642,4.691,4.332,4.263,4.399,4.093,3.778,3.442,3.18,2.624,1.939,1.166,0.775,0.457,0.349,0.339,0.896,2.906,5.918,6.414,5.791,4.675,4.326,4.627,4.754,4.778,5.328,5.886,6.653,6.55,4.828,3.201,2.482,2.293,1.651,1.186,0.657,0.432,0.314,0.346,0.877,3.058,6.167,6.409,5.301,0.0,4.652,4.621,4.885,0.0,5.398,6.062,6.67,0.0,4.611,3.456,2.933,2.804,1.871,1.129,0.718,0.454,0.323,0.356,0.912,2.981,6.038,6.658,5.879,0.0,4.506,4.885,4.918,0.0,5.295,5.537,6.446,0.0,4.603,3.465,3.14,2.945,2.0,1.696,0.654,0.44,0.301,0.356,1.05,3.029,6.075,6.983,6.176,0.0,4.694,4.919,5.211,0.0,5.311,5.726,6.352,0.0,4.729,3.724,3.399,3.19,2.621,1.363,0.786,0.487,0.327,0.382,0.826,2.651,5.332,6.092,5.165,0.0,4.507,4.856,5.181,0.0,5.095,5.406,5.597,0.0,4.252,3.481,2.777,2.901,2.686,1.875,1.452,0.97,0.91,0.644,0.692,1.106,1.498,1.994,1.941,0.0,3.587,4.048,4.213,0.0,4.274,4.143,3.941,0.0,3.556,3.01,2.598,2.582,2.668,2.134
143,0.775,0.457,0.349,0.339,0.896,2.906,5.918,6.414,5.791,4.675,4.326,4.627,4.754,4.778,5.328,5.886,6.653,6.55,4.828,3.201,2.482,2.293,1.651,1.186,0.657,0.432,0.314,0.346,0.877,3.058,6.167,6.409,5.301,0.0,4.652,4.621,4.885,0.0,5.398,6.062,6.67,0.0,4.611,3.456,2.933,2.804,1.871,1.129,0.718,0.454,0.323,0.356,0.912,2.981,6.038,6.658,5.879,0.0,4.506,4.885,4.918,0.0,5.295,5.537,6.446,0.0,4.603,3.465,3.14,2.945,2.0,1.696,0.654,0.44,0.301,0.356,1.05,3.029,6.075,6.983,6.176,0.0,4.694,4.919,5.211,0.0,5.311,5.726,6.352,0.0,4.729,3.724,3.399,3.19,2.621,1.363,0.786,0.487,0.327,0.382,0.826,2.651,5.332,6.092,5.165,0.0,4.507,4.856,5.181,0.0,5.095,5.406,5.597,0.0,4.252,3.481,2.777,2.901,2.686,1.875,1.452,0.97,0.91,0.644,0.692,1.106,1.498,1.994,1.941,0.0,3.587,4.048,4.213,0.0,4.274,4.143,3.941,0.0,3.556,3.01,2.598,2.582,2.668,2.134,1.452,1.065,0.859,0.398,0.379,0.557,0.966,1.372,1.711,0.0,3.307,3.854,3.997,0.0,3.835,3.769,3.53,3.572,3.25,3.064,3.012,2.786,2.548,1.782
144,0.657,0.432,0.314,0.346,0.877,3.058,6.167,6.409,5.301,0.0,4.652,4.621,4.885,0.0,5.398,6.062,6.67,0.0,4.611,3.456,2.933,2.804,1.871,1.129,0.718,0.454,0.323,0.356,0.912,2.981,6.038,6.658,5.879,0.0,4.506,4.885,4.918,0.0,5.295,5.537,6.446,0.0,4.603,3.465,3.14,2.945,2.0,1.696,0.654,0.44,0.301,0.356,1.05,3.029,6.075,6.983,6.176,0.0,4.694,4.919,5.211,0.0,5.311,5.726,6.352,0.0,4.729,3.724,3.399,3.19,2.621,1.363,0.786,0.487,0.327,0.382,0.826,2.651,5.332,6.092,5.165,0.0,4.507,4.856,5.181,0.0,5.095,5.406,5.597,0.0,4.252,3.481,2.777,2.901,2.686,1.875,1.452,0.97,0.91,0.644,0.692,1.106,1.498,1.994,1.941,0.0,3.587,4.048,4.213,0.0,4.274,4.143,3.941,0.0,3.556,3.01,2.598,2.582,2.668,2.134,1.452,1.065,0.859,0.398,0.379,0.557,0.966,1.372,1.711,0.0,3.307,3.854,3.997,0.0,3.835,3.769,3.53,3.572,3.25,3.064,3.012,2.786,2.548,1.782,1.082,0.607,0.543,0.309,0.293,0.488,0.895,1.036,1.258,0.0,2.614,3.23,3.551,0.0,3.997,4.001,3.924,0.0,3.77,3.61,2.946,2.65,1.969,1.126
145,0.718,0.454,0.323,0.356,0.912,2.981,6.038,6.658,5.879,0.0,4.506,4.885,4.918,0.0,5.295,5.537,6.446,0.0,4.603,3.465,3.14,2.945,2.0,1.696,0.654,0.44,0.301,0.356,1.05,3.029,6.075,6.983,6.176,0.0,4.694,4.919,5.211,0.0,5.311,5.726,6.352,0.0,4.729,3.724,3.399,3.19,2.621,1.363,0.786,0.487,0.327,0.382,0.826,2.651,5.332,6.092,5.165,0.0,4.507,4.856,5.181,0.0,5.095,5.406,5.597,0.0,4.252,3.481,2.777,2.901,2.686,1.875,1.452,0.97,0.91,0.644,0.692,1.106,1.498,1.994,1.941,0.0,3.587,4.048,4.213,0.0,4.274,4.143,3.941,0.0,3.556,3.01,2.598,2.582,2.668,2.134,1.452,1.065,0.859,0.398,0.379,0.557,0.966,1.372,1.711,0.0,3.307,3.854,3.997,0.0,3.835,3.769,3.53,3.572,3.25,3.064,3.012,2.786,2.548,1.782,1.082,0.607,0.543,0.309,0.293,0.488,0.895,1.036,1.258,0.0,2.614,3.23,3.551,0.0,3.997,4.001,3.924,0.0,3.77,3.61,2.946,2.65,1.969,1.126,0.689,0.468,0.357,0.534,1.334,3.188,6.223,6.79,5.563,0.0,4.368,4.698,4.897,0.0,5.383,5.869,6.396,0.0,4.418,3.192,2.788,2.526,1.814,1.163
146,0.654,0.44,0.301,0.356,1.05,3.029,6.075,6.983,6.176,0.0,4.694,4.919,5.211,0.0,5.311,5.726,6.352,0.0,4.729,3.724,3.399,3.19,2.621,1.363,0.786,0.487,0.327,0.382,0.826,2.651,5.332,6.092,5.165,0.0,4.507,4.856,5.181,0.0,5.095,5.406,5.597,0.0,4.252,3.481,2.777,2.901,2.686,1.875,1.452,0.97,0.91,0.644,0.692,1.106,1.498,1.994,1.941,0.0,3.587,4.048,4.213,0.0,4.274,4.143,3.941,0.0,3.556,3.01,2.598,2.582,2.668,2.134,1.452,1.065,0.859,0.398,0.379,0.557,0.966,1.372,1.711,0.0,3.307,3.854,3.997,0.0,3.835,3.769,3.53,3.572,3.25,3.064,3.012,2.786,2.548,1.782,1.082,0.607,0.543,0.309,0.293,0.488,0.895,1.036,1.258,0.0,2.614,3.23,3.551,0.0,3.997,4.001,3.924,0.0,3.77,3.61,2.946,2.65,1.969,1.126,0.689,0.468,0.357,0.534,1.334,3.188,6.223,6.79,5.563,0.0,4.368,4.698,4.897,0.0,5.383,5.869,6.396,0.0,4.418,3.192,2.788,2.526,1.814,1.163,0.628,0.441,0.321,0.337,0.917,3.16,6.157,6.442,6.264,0.0,4.831,5.082,5.094,0.0,5.297,5.649,6.572,0.0,4.689,3.538,3.083,2.799,1.922,1.169
147,0.786,0.487,0.327,0.382,0.826,2.651,5.332,6.092,5.165,0.0,4.507,4.856,5.181,0.0,5.095,5.406,5.597,0.0,4.252,3.481,2.777,2.901,2.686,1.875,1.452,0.97,0.91,0.644,0.692,1.106,1.498,1.994,1.941,0.0,3.587,4.048,4.213,0.0,4.274,4.143,3.941,0.0,3.556,3.01,2.598,2.582,2.668,2.134,1.452,1.065,0.859,0.398,0.379,0.557,0.966,1.372,1.711,0.0,3.307,3.854,3.997,0.0,3.835,3.769,3.53,3.572,3.25,3.064,3.012,2.786,2.548,1.782,1.082,0.607,0.543,0.309,0.293,0.488,0.895,1.036,1.258,0.0,2.614,3.23,3.551,0.0,3.997,4.001,3.924,0.0,3.77,3.61,2.946,2.65,1.969,1.126,0.689,0.468,0.357,0.534,1.334,3.188,6.223,6.79,5.563,0.0,4.368,4.698,4.897,0.0,5.383,5.869,6.396,0.0,4.418,3.192,2.788,2.526,1.814,1.163,0.628,0.441,0.321,0.337,0.917,3.16,6.157,6.442,6.264,0.0,4.831,5.082,5.094,0.0,5.297,5.649,6.572,0.0,4.689,3.538,3.083,2.799,1.922,1.169,0.664,0.393,0.291,0.353,0.93,3.008,5.485,6.476,5.613,0.0,4.625,4.75,5.047,0.0,5.269,5.772,6.339,0.0,4.795,3.666,3.184,3.183,3.268,2.061
148,1.452,0.97,0.91,0.644,0.692,1.106,1.498,1.994,1.941,0.0,3.587,4.048,4.213,0.0,4.274,4.143,3.941,0.0,3.556,3.01,2.598,2.582,2.668,2.134,1.452,1.065,0.859,0.398,0.379,0.557,0.966,1.372,1.711,0.0,3.307,3.854,3.997,0.0,3.835,3.769,3.53,3.572,3.25,3.064,3.012,2.786,2.548,1.782,1.082,0.607,0.543,0.309,0.293,0.488,0.895,1.036,1.258,0.0,2.614,3.23,3.551,0.0,3.997,4.001,3.924,0.0,3.77,3.61,2.946,2.65,1.969,1.126,0.689,0.468,0.357,0.534,1.334,3.188,6.223,6.79,5.563,0.0,4.368,4.698,4.897,0.0,5.383,5.869,6.396,0.0,4.418,3.192,2.788,2.526,1.814,1.163,0.628,0.441,0.321,0.337,0.917,3.16,6.157,6.442,6.264,0.0,4.831,5.082,5.094,0.0,5.297,5.649,6.572,0.0,4.689,3.538,3.083,2.799,1.922,1.169,0.664,0.393,0.291,0.353,0.93,3.008,5.485,6.476,5.613,0.0,4.625,4.75,5.047,0.0,5.269,5.772,6.339,0.0,4.795,3.666,3.184,3.183,3.268,2.061,0.993,0.596,0.504,0.571,0.933,3.016,5.444,6.459,5.471,5.126,4.695,4.991,5.254,5.185,5.364,5.723,5.933,5.924,4.946,3.8,3.023,3.26,2.685,1.999
149,1.452,1.065,0.859,0.398,0.379,0.557,0.966,1.372,1.711,0.0,3.307,3.854,3.997,0.0,3.835,3.769,3.53,3.572,3.25,3.064,3.012,2.786,2.548,1.782,1.082,0.607,0.543,0.309,0.293,0.488,0.895,1.036,1.258,0.0,2.614,3.23,3.551,0.0,3.997,4.001,3.924,0.0,3.77,3.61,2.946,2.65,1.969,1.126,0.689,0.468,0.357,0.534,1.334,3.188,6.223,6.79,5.563,0.0,4.368,4.698,4.897,0.0,5.383,5.869,6.396,0.0,4.418,3.192,2.788,2.526,1.814,1.163,0.628,0.441,0.321,0.337,0.917,3.16,6.157,6.442,6.264,0.0,4.831,5.082,5.094,0.0,5.297,5.649,6.572,0.0,4.689,3.538,3.083,2.799,1.922,1.169,0.664,0.393,0.291,0.353,0.93,3.008,5.485,6.476,5.613,0.0,4.625,4.75,5.047,0.0,5.269,5.772,6.339,0.0,4.795,3.666,3.184,3.183,3.268,2.061,0.993,0.596,0.504,0.571,0.933,3.016,5.444,6.459,5.471,5.126,4.695,4.991,5.254,5.185,5.364,5.723,5.933,5.924,4.946,3.8,3.023,3.26,2.685,1.999,1.259,0.797,0.789,0.477,0.483,0.936,1.625,2.415,3.32,3.957,4.284,4.669,4.732,4.968,5.104,4.875,4.805,4.609,4.333,3.619,3.491,3.299,2.944,2.418
150,1.082,0.607,0.543,0.309,0.293,0.488,0.895,1.036,1.258,0.0,2.614,3.23,3.551,0.0,3.997,4.001,3.924,0.0,3.77,3.61,2.946,2.65,1.969,1.126,0.689,0.468,0.357,0.534,1.334,3.188,6.223,6.79,5.563,0.0,4.368,4.698,4.897,0.0,5.383,5.869,6.396,0.0,4.418,3.192,2.788,2.526,1.814,1.163,0.628,0.441,0.321,0.337,0.917,3.16,6.157,6.442,6.264,0.0,4.831,5.082,5.094,0.0,5.297,5.649,6.572,0.0,4.689,3.538,3.083,2.799,1.922,1.169,0.664,0.393,0.291,0.353,0.93,3.008,5.485,6.476,5.613,0.0,4.625,4.75,5.047,0.0,5.269,5.772,6.339,0.0,4.795,3.666,3.184,3.183,3.268,2.061,0.993,0.596,0.504,0.571,0.933,3.016,5.444,6.459,5.471,5.126,4.695,4.991,5.254,5.185,5.364,5.723,5.933,5.924,4.946,3.8,3.023,3.26,2.685,1.999,1.259,0.797,0.789,0.477,0.483,0.936,1.625,2.415,3.32,3.957,4.284,4.669,4.732,4.968,5.104,4.875,4.805,4.609,4.333,3.619,3.491,3.299,2.944,2.418,1.648,0.913,0.704,0.369,0.364,0.555,1.003,1.372,2.211,3.126,3.833,4.397,4.798,4.656,4.753,4.582,4.607,4.549,4.375,3.634,2.89,2.796,2.081,1.256
151,0.689,0.468,0.357,0.534,1.334,3.188,6.223,6.79,5.563,0.0,4.368,4.698,4.897,0.0,5.383,5.869,6.396,0.0,4.418,3.192,2.788,2.526,1.814,1.163,0.628,0.441,0.321,0.337,0.917,3.16,6.157,6.442,6.264,0.0,4.831,5.082,5.094,0.0,5.297,5.649,6.572,0.0,4.689,3.538,3.083,2.799,1.922,1.169,0.664,0.393,0.291,0.353,0.93,3.008,5.485,6.476,5.613,0.0,4.625,4.75,5.047,0.0,5.269,5.772,6.339,0.0,4.795,3.666,3.184,3.183,3.268,2.061,0.993,0.596,0.504,0.571,0.933,3.016,5.444,6.459,5.471,5.126,4.695,4.991,5.254,5.185,5.364,5.723,5.933,5.924,4.946,3.8,3.023,3.26,2.685,1.999,1.259,0.797,0.789,0.477,0.483,0.936,1.625,2.415,3.32,3.957,4.284,4.669,4.732,4.968,5.104,4.875,4.805,4.609,4.333,3.619,3.491,3.299,2.944,2.418,1.648,0.913,0.704,0.369,0.364,0.555,1.003,1.372,2.211,3.126,3.833,4.397,4.798,4.656,4.753,4.582,4.607,4.549,4.375,3.634,2.89,2.796,2.081,1.256,0.65,0.435,0.32,0.343,0.906,2.994,5.188,6.592,5.564,4.879,4.642,4.618,4.872,4.809,5.058,5.519,6.473,5.975,4.435,3.377,2.784,2.654,1.771,1.095
152,0.628,0.441,0.321,0.337,0.917,3.16,6.157,6.442,6.264,0.0,4.831,5.082,5.094,0.0,5.297,5.649,6.572,0.0,4.689,3.538,3.083,2.799,1.922,1.169,0.664,0.393,0.291,0.353,0.93,3.008,5.485,6.476,5.613,0.0,4.625,4.75,5.047,0.0,5.269,5.772,6.339,0.0,4.795,3.666,3.184,3.183,3.268,2.061,0.993,0.596,0.504,0.571,0.933,3.016,5.444,6.459,5.471,5.126,4.695,4.991,5.254,5.185,5.364,5.723,5.933,5.924,4.946,3.8,3.023,3.26,2.685,1.999,1.259,0.797,0.789,0.477,0.483,0.936,1.625,2.415,3.32,3.957,4.284,4.669,4.732,4.968,5.104,4.875,4.805,4.609,4.333,3.619,3.491,3.299,2.944,2.418,1.648,0.913,0.704,0.369,0.364,0.555,1.003,1.372,2.211,3.126,3.833,4.397,4.798,4.656,4.753,4.582,4.607,4.549,4.375,3.634,2.89,2.796,2.081,1.256,0.65,0.435,0.32,0.343,0.906,2.994,5.188,6.592,5.564,4.879,4.642,4.618,4.872,4.809,5.058,5.519,6.473,5.975,4.435,3.377,2.784,2.654,1.771,1.095,0.636,0.388,0.297,0.337,0.896,3.108,5.694,6.435,5.711,5.416,4.603,4.534,4.808,5.074,5.422,5.728,6.295,6.367,4.757,3.554,3.011,2.806,2.485,2.221
153,0.664,0.393,0.291,0.353,0.93,3.008,5.485,6.476,5.613,0.0,4.625,4.75,5.047,0.0,5.269,5.772,6.339,0.0,4.795,3.666,3.184,3.183,3.268,2.061,0.993,0.596,0.504,0.571,0.933,3.016,5.444,6.459,5.471,5.126,4.695,4.991,5.254,5.185,5.364,5.723,5.933,5.924,4.946,3.8,3.023,3.26,2.685,1.999,1.259,0.797,0.789,0.477,0.483,0.936,1.625,2.415,3.32,3.957,4.284,4.669,4.732,4.968,5.104,4.875,4.805,4.609,4.333,3.619,3.491,3.299,2.944,2.418,1.648,0.913,0.704,0.369,0.364,0.555,1.003,1.372,2.211,3.126,3.833,4.397,4.798,4.656,4.753,4.582,4.607,4.549,4.375,3.634,2.89,2.796,2.081,1.256,0.65,0.435,0.32,0.343,0.906,2.994,5.188,6.592,5.564,4.879,4.642,4.618,4.872,4.809,5.058,5.519,6.473,5.975,4.435,3.377,2.784,2.654,1.771,1.095,0.636,0.388,0.297,0.337,0.896,3.108,5.694,6.435,5.711,5.416,4.603,4.534,4.808,5.074,5.422,5.728,6.295,6.367,4.757,3.554,3.011,2.806,2.485,2.221,1.612,0.481,0.35,0.357,0.936,3.139,6.154,6.633,5.841,5.394,4.558,5.103,5.18,5.065,5.618,5.752,6.566,6.077,5.037,3.725,3.169,2.801,2.383,1.418
154,0.993,0.596,0.504,0.571,0.933,3.016,5.444,6.459,5.471,5.126,4.695,4.991,5.254,5.185,5.364,5.723,5.933,5.924,4.946,3.8,3.023,3.26,2.685,1.999,1.259,0.797,0.789,0.477,0.483,0.936,1.625,2.415,3.32,3.957,4.284,4.669,4.732,4.968,5.104,4.875,4.805,4.609,4.333,3.619,3.491,3.299,2.944,2.418,1.648,0.913,0.704,0.369,0.364,0.555,1.003,1.372,2.211,3.126,3.833,4.397,4.798,4.656,4.753,4.582,4.607,4.549,4.375,3.634,2.89,2.796,2.081,1.256,0.65,0.435,0.32,0.343,0.906,2.994,5.188,6.592,5.564,4.879,4.642,4.618,4.872,4.809,5.058,5.519,6.473,5.975,4.435,3.377,2.784,2.654,1.771,1.095,0.636,0.388,0.297,0.337,0.896,3.108,5.694,6.435,5.711,5.416,4.603,4.534,4.808,5.074,5.422,5.728,6.295,6.367,4.757,3.554,3.011,2.806,2.485,2.221,1.612,0.481,0.35,0.357,0.936,3.139,6.154,6.633,5.841,5.394,4.558,5.103,5.18,5.065,5.618,5.752,6.566,6.077,5.037,3.725,3.169,2.801,2.383,1.418,0.686,0.427,0.313,0.356,0.874,2.966,5.361,5.656,5.332,5.302,4.872,5.098,5.348,5.058,5.416,5.862,6.642,6.323,5.276,3.688,3.306,3.155,2.44,1.406
155,1.259,0.797,0.789,0.477,0.483,0.936,1.625,2.415,3.32,3.957,4.284,4.669,4.732,4.968,5.104,4.875,4.805,4.609,4.333,3.619,3.491,3.299,2.944,2.418,1.648,0.913,0.704,0.369,0.364,0.555,1.003,1.372,2.211,3.126,3.833,4.397,4.798,4.656,4.753,4.582,4.607,4.549,4.375,3.634,2.89,2.796,2.081,1.256,0.65,0.435,0.32,0.343,0.906,2.994,5.188,6.592,5.564,4.879,4.642,4.618,4.872,4.809,5.058,5.519,6.473,5.975,4.435,3.377,2.784,2.654,1.771,1.095,0.636,0.388,0.297,0.337,0.896,3.108,5.694,6.435,5.711,5.416,4.603,4.534,4.808,5.074,5.422,5.728,6.295,6.367,4.757,3.554,3.011,2.806,2.485,2.221,1.612,0.481,0.35,0.357,0.936,3.139,6.154,6.633,5.841,5.394,4.558,5.103,5.18,5.065,5.618,5.752,6.566,6.077,5.037,3.725,3.169,2.801,2.383,1.418,0.686,0.427,0.313,0.356,0.874,2.966,5.361,5.656,5.332,5.302,4.872,5.098,5.348,5.058,5.416,5.862,6.642,6.323,5.276,3.688,3.306,3.155,2.44,1.406,0.831,0.506,0.419,0.369,0.839,2.915,5.423,6.23,5.567,5.114,4.925,5.4,5.446,5.308,5.399,6.029,6.079,5.571,4.926,3.794,3.168,3.004,2.854,2.005
156,1.648,0.913,0.704,0.369,0.364,0.555,1.003,1.372,2.211,3.126,3.833,4.397,4.798,4.656,4.753,4.582,4.607,4.549,4.375,3.634,2.89,2.796,2.081,1.256,0.65,0.435,0.32,0.343,0.906,2.994,5.188,6.592,5.564,4.879,4.642,4.618,4.872,4.809,5.058,5.519,6.473,5.975,4.435,3.377,2.784,2.654,1.771,1.095,0.636,0.388,0.297,0.337,0.896,3.108,5.694,6.435,5.711,5.416,4.603,4.534,4.808,5.074,5.422,5.728,6.295,6.367,4.757,3.554,3.011,2.806,2.485,2.221,1.612,0.481,0.35,0.357,0.936,3.139,6.154,6.633,5.841,5.394,4.558,5.103,5.18,5.065,5.618,5.752,6.566,6.077,5.037,3.725,3.169,2.801,2.383,1.418,0.686,0.427,0.313,0.356,0.874,2.966,5.361,5.656,5.332,5.302,4.872,5.098,5.348,5.058,5.416,5.862,6.642,6.323,5.276,3.688,3.306,3.155,2.44,1.406,0.831,0.506,0.419,0.369,0.839,2.915,5.423,6.23,5.567,5.114,4.925,5.4,5.446,5.308,5.399,6.029,6.079,5.571,4.926,3.794,3.168,3.004,2.854,2.005,1.461,0.805,0.635,0.445,0.474,0.8,1.13,1.575,2.515,3.678,4.356,4.672,4.538,4.584,4.51,4.38,4.456,4.037,3.904,3.478,3.351,3.292,3.36,2.256
157,0.65,0.435,0.32,0.343,0.906,2.994,5.188,6.592,5.564,4.879,4.642,4.618,4.872,4.809,5.058,5.519,6.473,5.975,4.435,3.377,2.784,2.654,1.771,1.095,0.636,0.388,0.297,0.337,0.896,3.108,5.694,6.435,5.711,5.416,4.603,4.534,4.808,5.074,5.422,5.728,6.295,6.367,4.757,3.554,3.011,2.806,2.485,2.221,1.612,0.481,0.35,0.357,0.936,3.139,6.154,6.633,5.841,5.394,4.558,5.103,5.18,5.065,5.618,5.752,6.566,6.077,5.037,3.725,3.169,2.801,2.383,1.418,0.686,0.427,0.313,0.356,0.874,2.966,5.361,5.656,5.332,5.302,4.872,5.098,5.348,5.058,5.416,5.862,6.642,6.323,5.276,3.688,3.306,3.155,2.44,1.406,0.831,0.506,0.419,0.369,0.839,2.915,5.423,6.23,5.567,5.114,4.925,5.4,5.446,5.308,5.399,6.029,6.079,5.571,4.926,3.794,3.168,3.004,2.854,2.005,1.461,0.805,0.635,0.445,0.474,0.8,1.13,1.575,2.515,3.678,4.356,4.672,4.538,4.584,4.51,4.38,4.456,4.037,3.904,3.478,3.351,3.292,3.36,2.256,1.669,1.038,0.761,0.41,0.372,0.468,0.81,1.167,1.921,2.794,3.446,4.081,4.509,4.347,4.467,4.556,4.543,4.133,4.186,3.505,3.097,2.571,1.918,1.184
158,0.636,0.388,0.297,0.337,0.896,3.108,5.694,6.435,5.711,5.416,4.603,4.534,4.808,5.074,5.422,5.728,6.295,6.367,4.757,3.554,3.011,2.806,2.485,2.221,1.612,0.481,0.35,0.357,0.936,3.139,6.154,6.633,5.841,5.394,4.558,5.103,5.18,5.065,5.618,5.752,6.566,6.077,5.037,3.725,3.169,2.801,2.383,1.418,0.686,0.427,0.313,0.356,0.874,2.966,5.361,5.656,5.332,5.302,4.872,5.098,5.348,5.058,5.416,5.862,6.642,6.323,5.276,3.688,3.306,3.155,2.44,1.406,0.831,0.506,0.419,0.369,0.839,2.915,5.423,6.23,5.567,5.114,4.925,5.4,5.446,5.308,5.399,6.029,6.079,5.571,4.926,3.794,3.168,3.004,2.854,2.005,1.461,0.805,0.635,0.445,0.474,0.8,1.13,1.575,2.515,3.678,4.356,4.672,4.538,4.584,4.51,4.38,4.456,4.037,3.904,3.478,3.351,3.292,3.36,2.256,1.669,1.038,0.761,0.41,0.372,0.468,0.81,1.167,1.921,2.794,3.446,4.081,4.509,4.347,4.467,4.556,4.543,4.133,4.186,3.505,3.097,2.571,1.918,1.184,0.664,0.42,0.269,0.326,0.859,2.726,5.085,6.105,5.854,4.87,4.406,4.564,4.974,4.949,5.179,5.621,6.245,5.966,4.483,3.338,2.709,2.536,2.098,1.284
159,1.612,0.481,0.35,0.357,0.936,3.139,6.154,6.633,5.841,5.394,4.558,5.103,5.18,5.065,5.618,5.752,6.566,6.077,5.037,3.725,3.169,2.801,2.383,1.418,0.686,0.427,0.313,0.356,0.874,2.966,5.361,5.656,5.332,5.302,4.872,5.098,5.348,5.058,5.416,5.862,6.642,6.323,5.276,3.688,3.306,3.155,2.44,1.406,0.831,0.506,0.419,0.369,0.839,2.915,5.423,6.23,5.567,5.114,4.925,5.4,5.446,5.308,5.399,6.029,6.079,5.571,4.926,3.794,3.168,3.004,2.854,2.005,1.461,0.805,0.635,0.445,0.474,0.8,1.13,1.575,2.515,3.678,4.356,4.672,4.538,4.584,4.51,4.38,4.456,4.037,3.904,3.478,3.351,3.292,3.36,2.256,1.669,1.038,0.761,0.41,0.372,0.468,0.81,1.167,1.921,2.794,3.446,4.081,4.509,4.347,4.467,4.556,4.543,4.133,4.186,3.505,3.097,2.571,1.918,1.184,0.664,0.42,0.269,0.326,0.859,2.726,5.085,6.105,5.854,4.87,4.406,4.564,4.974,4.949,5.179,5.621,6.245,5.966,4.483,3.338,2.709,2.536,2.098,1.284,0.692,0.377,0.301,0.371,0.898,3.108,5.751,6.643,5.944,5.244,4.514,4.866,4.999,4.861,5.079,5.526,6.355,5.945,4.002,2.83,2.508,2.204,1.87,1.865
160,0.686,0.427,0.313,0.356,0.874,2.966,5.361,5.656,5.332,5.302,4.872,5.098,5.348,5.058,5.416,5.862,6.642,6.323,5.276,3.688,3.306,3.155,2.44,1.406,0.831,0.506,0.419,0.369,0.839,2.915,5.423,6.23,5.567,5.114,4.925,5.4,5.446,5.308,5.399,6.029,6.079,5.571,4.926,3.794,3.168,3.004,2.854,2.005,1.461,0.805,0.635,0.445,0.474,0.8,1.13,1.575,2.515,3.678,4.356,4.672,4.538,4.584,4.51,4.38,4.456,4.037,3.904,3.478,3.351,3.292,3.36,2.256,1.669,1.038,0.761,0.41,0.372,0.468,0.81,1.167,1.921,2.794,3.446,4.081,4.509,4.347,4.467,4.556,4.543,4.133,4.186,3.505,3.097,2.571,1.918,1.184,0.664,0.42,0.269,0.326,0.859,2.726,5.085,6.105,5.854,4.87,4.406,4.564,4.974,4.949,5.179,5.621,6.245,5.966,4.483,3.338,2.709,2.536,2.098,1.284,0.692,0.377,0.301,0.371,0.898,3.108,5.751,6.643,5.944,5.244,4.514,4.866,4.999,4.861,5.079,5.526,6.355,5.945,4.002,2.83,2.508,2.204,1.87,1.865,0.832,0.479,0.366,0.444,1.114,3.481,5.654,6.356,6.315,5.013,4.662,4.871,5.146,5.171,5.346,5.637,6.556,6.139,4.59,3.526,3.388,3.192,2.367,1.394
161,0.831,0.506,0.419,0.369,0.839,2.915,5.423,6.23,5.567,5.114,4.925,5.4,5.446,5.308,5.399,6.029,6.079,5.571,4.926,3.794,3.168,3.004,2.854,2.005,1.461,0.805,0.635,0.445,0.474,0.8,1.13,1.575,2.515,3.678,4.356,4.672,4.538,4.584,4.51,4.38,4.456,4.037,3.904,3.478,3.351,3.292,3.36,2.256,1.669,1.038,0.761,0.41,0.372,0.468,0.81,1.167,1.921,2.794,3.446,4.081,4.509,4.347,4.467,4.556,4.543,4.133,4.186,3.505,3.097,2.571,1.918,1.184,0.664,0.42,0.269,0.326,0.859,2.726,5.085,6.105,5.854,4.87,4.406,4.564,4.974,4.949,5.179,5.621,6.245,5.966,4.483,3.338,2.709,2.536,2.098,1.284,0.692,0.377,0.301,0.371,0.898,3.108,5.751,6.643,5.944,5.244,4.514,4.866,4.999,4.861,5.079,5.526,6.355,5.945,4.002,2.83,2.508,2.204,1.87,1.865,0.832,0.479,0.366,0.444,1.114,3.481,5.654,6.356,6.315,5.013,4.662,4.871,5.146,5.171,5.346,5.637,6.556,6.139,4.59,3.526,3.388,3.192,2.367,1.394,0.775,0.432,0.335,0.433,0.906,3.019,5.764,6.638,5.667,5.27,5.02,5.318,5.473,5.71,5.691,5.924,6.456,6.146,4.87,3.908,3.427,3.222,2.375,1.454
162,1.461,0.805,0.635,0.445,0.474,0.8,1.13,1.575,2.515,3.678,4.356,4.672,4.538,4.584,4.51,4.38,4.456,4.037,3.904,3.478,3.351,3.292,3.36,2.256,1.669,1.038,0.761,0.41,0.372,0.468,0.81,1.167,1.921,2.794,3.446,4.081,4.509,4.347,4.467,4.556,4.543,4.133,4.186,3.505,3.097,2.571,1.918,1.184,0.664,0.42,0.269,0.326,0.859,2.726,5.085,6.105,5.854,4.87,4.406,4.564,4.974,4.949,5.179,5.621,6.245,5.966,4.483,3.338,2.709,2.536,2.098,1.284,0.692,0.377,0.301,0.371,0.898,3.108,5.751,6.643,5.944,5.244,4.514,4.866,4.999,4.861,5.079,5.526,6.355,5.945,4.002,2.83,2.508,2.204,1.87,1.865,0.832,0.479,0.366,0.444,1.114,3.481,5.654,6.356,6.315,5.013,4.662,4.871,5.146,5.171,5.346,5.637,6.556,6.139,4.59,3.526,3.388,3.192,2.367,1.394,0.775,0.432,0.335,0.433,0.906,3.019,5.764,6.638,5.667,5.27,5.02,5.318,5.473,5.71,5.691,5.924,6.456,6.146,4.87,3.908,3.427,3.222,2.375,1.454,0.844,0.531,0.407,0.407,0.878,2.974,5.424,6.27,5.717,5.325,5.17,5.61,5.405,5.487,5.911,5.762,5.954,5.298,4.865,3.923,3.246,3.014,2.807,1.99
163,1.669,1.038,0.761,0.41,0.372,0.468,0.81,1.167,1.921,2.794,3.446,4.081,4.509,4.347,4.467,4.556,4.543,4.133,4.186,3.505,3.097,2.571,1.918,1.184,0.664,0.42,0.269,0.326,0.859,2.726,5.085,6.105,5.854,4.87,4.406,4.564,4.974,4.949,5.179,5.621,6.245,5.966,4.483,3.338,2.709,2.536,2.098,1.284,0.692,0.377,0.301,0.371,0.898,3.108,5.751,6.643,5.944,5.244,4.514,4.866,4.999,4.861,5.079,5.526,6.355,5.945,4.002,2.83,2.508,2.204,1.87,1.865,0.832,0.479,0.366,0.444,1.114,3.481,5.654,6.356,6.315,5.013,4.662,4.871,5.146,5.171,5.346,5.637,6.556,6.139,4.59,3.526,3.388,3.192,2.367,1.394,0.775,0.432,0.335,0.433,0.906,3.019,5.764,6.638,5.667,5.27,5.02,5.318,5.473,5.71,5.691,5.924,6.456,6.146,4.87,3.908,3.427,3.222,2.375,1.454,0.844,0.531,0.407,0.407,0.878,2.974,5.424,6.27,5.717,5.325,5.17,5.61,5.405,5.487,5.911,5.762,5.954,5.298,4.865,3.923,3.246,3.014,2.807,1.99,1.658,0.951,0.849,0.606,0.656,1.223,1.818,2.867,3.674,4.663,5.2,5.388,5.5,5.45,5.337,4.989,5.036,4.621,4.636,3.959,3.751,3.588,3.397,2.592
164,0.664,0.42,0.269,0.326,0.859,2.726,5.085,6.105,5.854,4.87,4.406,4.564,4.974,4.949,5.179,5.621,6.245,5.966,4.483,3.338,2.709,2.536,2.098,1.284,0.692,0.377,0.301,0.371,0.898,3.108,5.751,6.643,5.944,5.244,4.514,4.866,4.999,4.861,5.079,5.526,6.355,5.945,4.002,2.83,2.508,2.204,1.87,1.865,0.832,0.479,0.366,0.444,1.114,3.481,5.654,6.356,6.315,5.013,4.662,4.871,5.146,5.171,5.346,5.637,6.556,6.139,4.59,3.526,3.388,3.192,2.367,1.394,0.775,0.432,0.335,0.433,0.906,3.019,5.764,6.638,5.667,5.27,5.02,5.318,5.473,5.71,5.691,5.924,6.456,6.146,4.87,3.908,3.427,3.222,2.375,1.454,0.844,0.531,0.407,0.407,0.878,2.974,5.424,6.27,5.717,5.325,5.17,5.61,5.405,5.487,5.911,5.762,5.954,5.298,4.865,3.923,3.246,3.014,2.807,1.99,1.658,0.951,0.849,0.606,0.656,1.223,1.818,2.867,3.674,4.663,5.2,5.388,5.5,5.45,5.337,4.989,5.036,4.621,4.636,3.959,3.751,3.588,3.397,2.592,1.77,1.233,0.874,0.514,0.472,0.782,1.241,1.727,2.402,3.497,4.399,5.131,5.155,5.055,4.931,5.01,5.217,4.555,4.477,3.92,3.354,2.677,2.544,1.279
165,0.692,0.377,0.301,0.371,0.898,3.108,5.751,6.643,5.944,5.244,4.514,4.866,4.999,4.861,5.079,5.526,6.355,5.945,4.002,2.83,2.508,2.204,1.87,1.865,0.832,0.479,0.366,0.444,1.114,3.481,5.654,6.356,6.315,5.013,4.662,4.871,5.146,5.171,5.346,5.637,6.556,6.139,4.59,3.526,3.388,3.192,2.367,1.394,0.775,0.432,0.335,0.433,0.906,3.019,5.764,6.638,5.667,5.27,5.02,5.318,5.473,5.71,5.691,5.924,6.456,6.146,4.87,3.908,3.427,3.222,2.375,1.454,0.844,0.531,0.407,0.407,0.878,2.974,5.424,6.27,5.717,5.325,5.17,5.61,5.405,5.487,5.911,5.762,5.954,5.298,4.865,3.923,3.246,3.014,2.807,1.99,1.658,0.951,0.849,0.606,0.656,1.223,1.818,2.867,3.674,4.663,5.2,5.388,5.5,5.45,5.337,4.989,5.036,4.621,4.636,3.959,3.751,3.588,3.397,2.592,1.77,1.233,0.874,0.514,0.472,0.782,1.241,1.727,2.402,3.497,4.399,5.131,5.155,5.055,4.931,5.01,5.217,4.555,4.477,3.92,3.354,2.677,2.544,1.279,0.659,0.431,0.323,0.374,0.884,2.998,5.565,6.456,5.886,4.936,4.326,4.972,5.104,4.931,5.162,5.597,6.379,5.992,4.475,3.406,2.857,2.639,1.926,1.238
166,0.832,0.479,0.366,0.444,1.114,3.481,5.654,6.356,6.315,5.013,4.662,4.871,5.146,5.171,5.346,5.637,6.556,6.139,4.59,3.526,3.388,3.192,2.367,1.394,0.775,0.432,0.335,0.433,0.906,3.019,5.764,6.638,5.667,5.27,5.02,5.318,5.473,5.71,5.691,5.924,6.456,6.146,4.87,3.908,3.427,3.222,2.375,1.454,0.844,0.531,0.407,0.407,0.878,2.974,5.424,6.27,5.717,5.325,5.17,5.61,5.405,5.487,5.911,5.762,5.954,5.298,4.865,3.923,3.246,3.014,2.807,1.99,1.658,0.951,0.849,0.606,0.656,1.223,1.818,2.867,3.674,4.663,5.2,5.388,5.5,5.45,5.337,4.989,5.036,4.621,4.636,3.959,3.751,3.588,3.397,2.592,1.77,1.233,0.874,0.514,0.472,0.782,1.241,1.727,2.402,3.497,4.399,5.131,5.155,5.055,4.931,5.01,5.217,4.555,4.477,3.92,3.354,2.677,2.544,1.279,0.659,0.431,0.323,0.374,0.884,2.998,5.565,6.456,5.886,4.936,4.326,4.972,5.104,4.931,5.162,5.597,6.379,5.992,4.475,3.406,2.857,2.639,1.926,1.238,0.677,0.416,0.32,0.364,0.935,3.097,5.597,6.408,5.971,5.342,4.478,4.747,4.959,5.071,5.571,6.054,6.455,6.357,4.732,3.572,3.137,2.862,2.18,1.239
167,0.775,0.432,0.335,0.433,0.906,3.019,5.764,6.638,5.667,5.27,5.02,5.318,5.473,5.71,5.691,5.924,6.456,6.146,4.87,3.908,3.427,3.222,2.375,1.454,0.844,0.531,0.407,0.407,0.878,2.974,5.424,6.27,5.717,5.325,5.17,5.61,5.405,5.487,5.911,5.762,5.954,5.298,4.865,3.923,3.246,3.014,2.807,1.99,1.658,0.951,0.849,0.606,0.656,1.223,1.818,2.867,3.674,4.663,5.2,5.388,5.5,5.45,5.337,4.989,5.036,4.621,4.636,3.959,3.751,3.588,3.397,2.592,1.77,1.233,0.874,0.514,0.472,0.782,1.241,1.727,2.402,3.497,4.399,5.131,5.155,5.055,4.931,5.01,5.217,4.555,4.477,3.92,3.354,2.677,2.544,1.279,0.659,0.431,0.323,0.374,0.884,2.998,5.565,6.456,5.886,4.936,4.326,4.972,5.104,4.931,5.162,5.597,6.379,5.992,4.475,3.406,2.857,2.639,1.926,1.238,0.677,0.416,0.32,0.364,0.935,3.097,5.597,6.408,5.971,5.342,4.478,4.747,4.959,5.071,5.571,6.054,6.455,6.357,4.732,3.572,3.137,2.862,2.18,1.239,0.708,0.461,0.345,0.382,0.921,3.152,5.699,6.683,5.88,5.062,4.728,4.957,5.28,5.33,5.821,5.797,6.161,6.222,4.993,3.922,3.105,2.779,2.202,2.165
168,0.844,0.531,0.407,0.407,0.878,2.974,5.424,6.27,5.717,5.325,5.17,5.61,5.405,5.487,5.911,5.762,5.954,5.298,4.865,3.923,3.246,3.014,2.807,1.99,1.658,0.951,0.849,0.606,0.656,1.223,1.818,2.867,3.674,4.663,5.2,5.388,5.5,5.45,5.337,4.989,5.036,4.621,4.636,3.959,3.751,3.588,3.397,2.592,1.77,1.233,0.874,0.514,0.472,0.782,1.241,1.727,2.402,3.497,4.399,5.131,5.155,5.055,4.931,5.01,5.217,4.555,4.477,3.92,3.354,2.677,2.544,1.279,0.659,0.431,0.323,0.374,0.884,2.998,5.565,6.456,5.886,4.936,4.326,4.972,5.104,4.931,5.162,5.597,6.379,5.992,4.475,3.406,2.857,2.639,1.926,1.238,0.677,0.416,0.32,0.364,0.935,3.097,5.597,6.408,5.971,5.342,4.478,4.747,4.959,5.071,5.571,6.054,6.455,6.357,4.732,3.572,3.137,2.862,2.18,1.239,0.708,0.461,0.345,0.382,0.921,3.152,5.699,6.683,5.88,5.062,4.728,4.957,5.28,5.33,5.821,5.797,6.161,6.222,4.993,3.922,3.105,2.779,2.202,2.165,1.348,0.646,0.449,0.425,0.947,3.133,5.844,6.699,5.991,5.164,5.051,5.346,5.392,5.17,5.513,5.795,6.714,6.32,4.804,3.575,3.346,3.412,2.689,1.587
169,1.658,0.951,0.849,0.606,0.656,1.223,1.818,2.867,3.674,4.663,5.2,5.388,5.5,5.45,5.337,4.989,5.036,4.621,4.636,3.959,3.751,3.588,3.397,2.592,1.77,1.233,0.874,0.514,0.472,0.782,1.241,1.727,2.402,3.497,4.399,5.131,5.155,5.055,4.931,5.01,5.217,4.555,4.477,3.92,3.354,2.677,2.544,1.279,0.659,0.431,0.323,0.374,0.884,2.998,5.565,6.456,5.886,4.936,4.326,4.972,5.104,4.931,5.162,5.597,6.379,5.992,4.475,3.406,2.857,2.639,1.926,1.238,0.677,0.416,0.32,0.364,0.935,3.097,5.597,6.408,5.971,5.342,4.478,4.747,4.959,5.071,5.571,6.054,6.455,6.357,4.732,3.572,3.137,2.862,2.18,1.239,0.708,0.461,0.345,0.382,0.921,3.152,5.699,6.683,5.88,5.062,4.728,4.957,5.28,5.33,5.821,5.797,6.161,6.222,4.993,3.922,3.105,2.779,2.202,2.165,1.348,0.646,0.449,0.425,0.947,3.133,5.844,6.699,5.991,5.164,5.051,5.346,5.392,5.17,5.513,5.795,6.714,6.32,4.804,3.575,3.346,3.412,2.689,1.587,1.028,0.683,0.486,0.521,1.005,3.026,5.395,6.208,5.448,5.056,4.806,4.874,4.888,4.799,5.078,5.219,6.16,5.227,4.621,3.775,3.513,3.705,3.81,2.525
170,1.77,1.233,0.874,0.514,0.472,0.782,1.241,1.727,2.402,3.497,4.399,5.131,5.155,5.055,4.931,5.01,5.217,4.555,4.477,3.92,3.354,2.677,2.544,1.279,0.659,0.431,0.323,0.374,0.884,2.998,5.565,6.456,5.886,4.936,4.326,4.972,5.104,4.931,5.162,5.597,6.379,5.992,4.475,3.406,2.857,2.639,1.926,1.238,0.677,0.416,0.32,0.364,0.935,3.097,5.597,6.408,5.971,5.342,4.478,4.747,4.959,5.071,5.571,6.054,6.455,6.357,4.732,3.572,3.137,2.862,2.18,1.239,0.708,0.461,0.345,0.382,0.921,3.152,5.699,6.683,5.88,5.062,4.728,4.957,5.28,5.33,5.821,5.797,6.161,6.222,4.993,3.922,3.105,2.779,2.202,2.165,1.348,0.646,0.449,0.425,0.947,3.133,5.844,6.699,5.991,5.164,5.051,5.346,5.392,5.17,5.513,5.795,6.714,6.32,4.804,3.575,3.346,3.412,2.689,1.587,1.028,0.683,0.486,0.521,1.005,3.026,5.395,6.208,5.448,5.056,4.806,4.874,4.888,4.799,5.078,5.219,6.16,5.227,4.621,3.775,3.513,3.705,3.81,2.525,1.869,1.1,1.005,0.493,0.653,1.009,1.595,2.175,2.806,3.536,3.97,4.257,4.544,4.363,4.395,4.298,4.341,4.215,3.808,3.154,2.882,3.038,3.255,2.583
171,0.659,0.431,0.323,0.374,0.884,2.998,5.565,6.456,5.886,4.936,4.326,4.972,5.104,4.931,5.162,5.597,6.379,5.992,4.475,3.406,2.857,2.639,1.926,1.238,0.677,0.416,0.32,0.364,0.935,3.097,5.597,6.408,5.971,5.342,4.478,4.747,4.959,5.071,5.571,6.054,6.455,6.357,4.732,3.572,3.137,2.862,2.18,1.239,0.708,0.461,0.345,0.382,0.921,3.152,5.699,6.683,5.88,5.062,4.728,4.957,5.28,5.33,5.821,5.797,6.161,6.222,4.993,3.922,3.105,2.779,2.202,2.165,1.348,0.646,0.449,0.425,0.947,3.133,5.844,6.699,5.991,5.164,5.051,5.346,5.392,5.17,5.513,5.795,6.714,6.32,4.804,3.575,3.346,3.412,2.689,1.587,1.028,0.683,0.486,0.521,1.005,3.026,5.395,6.208,5.448,5.056,4.806,4.874,4.888,4.799,5.078,5.219,6.16,5.227,4.621,3.775,3.513,3.705,3.81,2.525,1.869,1.1,1.005,0.493,0.653,1.009,1.595,2.175,2.806,3.536,3.97,4.257,4.544,4.363,4.395,4.298,4.341,4.215,3.808,3.154,2.882,3.038,3.255,2.583,1.658,1.277,0.718,0.46,0.385,0.53,0.926,1.241,2.078,3.101,3.956,3.893,4.303,4.403,4.241,4.464,4.359,4.271,3.717,3.465,2.425,2.319,1.47,1.483
172,0.677,0.416,0.32,0.364,0.935,3.097,5.597,6.408,5.971,5.342,4.478,4.747,4.959,5.071,5.571,6.054,6.455,6.357,4.732,3.572,3.137,2.862,2.18,1.239,0.708,0.461,0.345,0.382,0.921,3.152,5.699,6.683,5.88,5.062,4.728,4.957,5.28,5.33,5.821,5.797,6.161,6.222,4.993,3.922,3.105,2.779,2.202,2.165,1.348,0.646,0.449,0.425,0.947,3.133,5.844,6.699,5.991,5.164,5.051,5.346,5.392,5.17,5.513,5.795,6.714,6.32,4.804,3.575,3.346,3.412,2.689,1.587,1.028,0.683,0.486,0.521,1.005,3.026,5.395,6.208,5.448,5.056,4.806,4.874,4.888,4.799,5.078,5.219,6.16,5.227,4.621,3.775,3.513,3.705,3.81,2.525,1.869,1.1,1.005,0.493,0.653,1.009,1.595,2.175,2.806,3.536,3.97,4.257,4.544,4.363,4.395,4.298,4.341,4.215,3.808,3.154,2.882,3.038,3.255,2.583,1.658,1.277,0.718,0.46,0.385,0.53,0.926,1.241,2.078,3.101,3.956,3.893,4.303,4.403,4.241,4.464,4.359,4.271,3.717,3.465,2.425,2.319,1.47,1.483,0.615,0.37,0.304,0.349,0.821,2.849,5.176,6.045,5.332,4.426,3.984,4.016,4.44,4.422,4.727,4.825,5.832,5.347,3.959,2.931,2.626,2.4,1.968,1.129
173,0.708,0.461,0.345,0.382,0.921,3.152,5.699,6.683,5.88,5.062,4.728,4.957,5.28,5.33,5.821,5.797,6.161,6.222,4.993,3.922,3.105,2.779,2.202,2.165,1.348,0.646,0.449,0.425,0.947,3.133,5.844,6.699,5.991,5.164,5.051,5.346,5.392,5.17,5.513,5.795,6.714,6.32,4.804,3.575,3.346,3.412,2.689,1.587,1.028,0.683,0.486,0.521,1.005,3.026,5.395,6.208,5.448,5.056,4.806,4.874,4.888,4.799,5.078,5.219,6.16,5.227,4.621,3.775,3.513,3.705,3.81,2.525,1.869,1.1,1.005,0.493,0.653,1.009,1.595,2.175,2.806,3.536,3.97,4.257,4.544,4.363,4.395,4.298,4.341,4.215,3.808,3.154,2.882,3.038,3.255,2.583,1.658,1.277,0.718,0.46,0.385,0.53,0.926,1.241,2.078,3.101,3.956,3.893,4.303,4.403,4.241,4.464,4.359,4.271,3.717,3.465,2.425,2.319,1.47,1.483,0.615,0.37,0.304,0.349,0.821,2.849,5.176,6.045,5.332,4.426,3.984,4.016,4.44,4.422,4.727,4.825,5.832,5.347,3.959,2.931,2.626,2.4,1.968,1.129,0.567,0.41,0.316,0.329,0.848,2.949,5.264,5.979,5.371,4.779,4.233,4.249,4.496,4.433,4.863,5.166,5.846,5.735,4.152,3.157,2.708,2.649,2.277,1.811
174,1.348,0.646,0.449,0.425,0.947,3.133,5.844,6.699,5.991,5.164,5.051,5.346,5.392,5.17,5.513,5.795,6.714,6.32,4.804,3.575,3.346,3.412,2.689,1.587,1.028,0.683,0.486,0.521,1.005,3.026,5.395,6.208,5.448,5.056,4.806,4.874,4.888,4.799,5.078,5.219,6.16,5.227,4.621,3.775,3.513,3.705,3.81,2.525,1.869,1.1,1.005,0.493,0.653,1.009,1.595,2.175,2.806,3.536,3.97,4.257,4.544,4.363,4.395,4.298,4.341,4.215,3.808,3.154,2.882,3.038,3.255,2.583,1.658,1.277,0.718,0.46,0.385,0.53,0.926,1.241,2.078,3.101,3.956,3.893,4.303,4.403,4.241,4.464,4.359,4.271,3.717,3.465,2.425,2.319,1.47,1.483,0.615,0.37,0.304,0.349,0.821,2.849,5.176,6.045,5.332,4.426,3.984,4.016,4.44,4.422,4.727,4.825,5.832,5.347,3.959,2.931,2.626,2.4,1.968,1.129,0.567,0.41,0.316,0.329,0.848,2.949,5.264,5.979,5.371,4.779,4.233,4.249,4.496,4.433,4.863,5.166,5.846,5.735,4.152,3.157,2.708,2.649,2.277,1.811,0.665,0.428,0.297,0.358,0.888,2.97,5.343,6.053,5.448,4.716,4.355,4.573,4.635,4.622,4.772,5.212,5.964,5.794,4.308,0.0,2.581,2.631,1.926,1.14
175,1.028,0.683,0.486,0.521,1.005,3.026,5.395,6.208,5.448,5.056,4.806,4.874,4.888,4.799,5.078,5.219,6.16,5.227,4.621,3.775,3.513,3.705,3.81,2.525,1.869,1.1,1.005,0.493,0.653,1.009,1.595,2.175,2.806,3.536,3.97,4.257,4.544,4.363,4.395,4.298,4.341,4.215,3.808,3.154,2.882,3.038,3.255,2.583,1.658,1.277,0.718,0.46,0.385,0.53,0.926,1.241,2.078,3.101,3.956,3.893,4.303,4.403,4.241,4.464,4.359,4.271,3.717,3.465,2.425,2.319,1.47,1.483,0.615,0.37,0.304,0.349,0.821,2.849,5.176,6.045,5.332,4.426,3.984,4.016,4.44,4.422,4.727,4.825,5.832,5.347,3.959,2.931,2.626,2.4,1.968,1.129,0.567,0.41,0.316,0.329,0.848,2.949,5.264,5.979,5.371,4.779,4.233,4.249,4.496,4.433,4.863,5.166,5.846,5.735,4.152,3.157,2.708,2.649,2.277,1.811,0.665,0.428,0.297,0.358,0.888,2.97,5.343,6.053,5.448,4.716,4.355,4.573,4.635,4.622,4.772,5.212,5.964,5.794,4.308,0.0,2.581,2.631,1.926,1.14,0.62,0.446,0.313,0.363,0.863,2.881,4.728,5.836,5.549,4.751,3.917,4.175,4.125,4.295,4.305,4.943,5.855,5.466,4.132,3.321,2.929,2.907,2.533,1.473
176,1.869,1.1,1.005,0.493,0.653,1.009,1.595,2.175,2.806,3.536,3.97,4.257,4.544,4.363,4.395,4.298,4.341,4.215,3.808,3.154,2.882,3.038,3.255,2.583,1.658,1.277,0.718,0.46,0.385,0.53,0.926,1.241,2.078,3.101,3.956,3.893,4.303,4.403,4.241,4.464,4.359,4.271,3.717,3.465,2.425,2.319,1.47,1.483,0.615,0.37,0.304,0.349,0.821,2.849,5.176,6.045,5.332,4.426,3.984,4.016,4.44,4.422,4.727,4.825,5.832,5.347,3.959,2.931,2.626,2.4,1.968,1.129,0.567,0.41,0.316,0.329,0.848,2.949,5.264,5.979,5.371,4.779,4.233,4.249,4.496,4.433,4.863,5.166,5.846,5.735,4.152,3.157,2.708,2.649,2.277,1.811,0.665,0.428,0.297,0.358,0.888,2.97,5.343,6.053,5.448,4.716,4.355,4.573,4.635,4.622,4.772,5.212,5.964,5.794,4.308,0.0,2.581,2.631,1.926,1.14,0.62,0.446,0.313,0.363,0.863,2.881,4.728,5.836,5.549,4.751,3.917,4.175,4.125,4.295,4.305,4.943,5.855,5.466,4.132,3.321,2.929,2.907,2.533,1.473,0.825,0.531,0.381,0.406,0.79,2.532,4.826,5.217,4.281,4.56,4.412,4.682,5.018,4.938,4.974,5.015,5.017,4.307,3.808,3.102,2.822,2.627,2.498,1.987
177,1.658,1.277,0.718,0.46,0.385,0.53,0.926,1.241,2.078,3.101,3.956,3.893,4.303,4.403,4.241,4.464,4.359,4.271,3.717,3.465,2.425,2.319,1.47,1.483,0.615,0.37,0.304,0.349,0.821,2.849,5.176,6.045,5.332,4.426,3.984,4.016,4.44,4.422,4.727,4.825,5.832,5.347,3.959,2.931,2.626,2.4,1.968,1.129,0.567,0.41,0.316,0.329,0.848,2.949,5.264,5.979,5.371,4.779,4.233,4.249,4.496,4.433,4.863,5.166,5.846,5.735,4.152,3.157,2.708,2.649,2.277,1.811,0.665,0.428,0.297,0.358,0.888,2.97,5.343,6.053,5.448,4.716,4.355,4.573,4.635,4.622,4.772,5.212,5.964,5.794,4.308,0.0,2.581,2.631,1.926,1.14,0.62,0.446,0.313,0.363,0.863,2.881,4.728,5.836,5.549,4.751,3.917,4.175,4.125,4.295,4.305,4.943,5.855,5.466,4.132,3.321,2.929,2.907,2.533,1.473,0.825,0.531,0.381,0.406,0.79,2.532,4.826,5.217,4.281,4.56,4.412,4.682,5.018,4.938,4.974,5.015,5.017,4.307,3.808,3.102,2.822,2.627,2.498,1.987,1.234,0.94,0.664,0.373,0.425,0.679,1.253,1.679,2.178,2.952,3.429,3.892,3.862,3.55,3.554,3.487,3.261,3.263,3.175,2.805,2.676,2.495,2.37,2.205
178,0.615,0.37,0.304,0.349,0.821,2.849,5.176,6.045,5.332,4.426,3.984,4.016,4.44,4.422,4.727,4.825,5.832,5.347,3.959,2.931,2.626,2.4,1.968,1.129,0.567,0.41,0.316,0.329,0.848,2.949,5.264,5.979,5.371,4.779,4.233,4.249,4.496,4.433,4.863,5.166,5.846,5.735,4.152,3.157,2.708,2.649,2.277,1.811,0.665,0.428,0.297,0.358,0.888,2.97,5.343,6.053,5.448,4.716,4.355,4.573,4.635,4.622,4.772,5.212,5.964,5.794,4.308,0.0,2.581,2.631,1.926,1.14,0.62,0.446,0.313,0.363,0.863,2.881,4.728,5.836,5.549,4.751,3.917,4.175,4.125,4.295,4.305,4.943,5.855,5.466,4.132,3.321,2.929,2.907,2.533,1.473,0.825,0.531,0.381,0.406,0.79,2.532,4.826,5.217,4.281,4.56,4.412,4.682,5.018,4.938,4.974,5.015,5.017,4.307,3.808,3.102,2.822,2.627,2.498,1.987,1.234,0.94,0.664,0.373,0.425,0.679,1.253,1.679,2.178,2.952,3.429,3.892,3.862,3.55,3.554,3.487,3.261,3.263,3.175,2.805,2.676,2.495,2.37,2.205,1.133,0.929,0.759,0.436,0.419,0.59,1.095,1.166,1.616,2.271,2.827,3.166,3.464,3.415,3.454,3.295,3.22,3.225,3.041,2.718,2.563,2.513,2.252,1.985
179,0.567,0.41,0.316,0.329,0.848,2.949,5.264,5.979,5.371,4.779,4.233,4.249,4.496,4.433,4.863,5.166,5.846,5.735,4.152,3.157,2.708,2.649,2.277,1.811,0.665,0.428,0.297,0.358,0.888,2.97,5.343,6.053,5.448,4.716,4.355,4.573,4.635,4.622,4.772,5.212,5.964,5.794,4.308,0.0,2.581,2.631,1.926,1.14,0.62,0.446,0.313,0.363,0.863,2.881,4.728,5.836,5.549,4.751,3.917,4.175,4.125,4.295,4.305,4.943,5.855,5.466,4.132,3.321,2.929,2.907,2.533,1.473,0.825,0.531,0.381,0.406,0.79,2.532,4.826,5.217,4.281,4.56,4.412,4.682,5.018,4.938,4.974,5.015,5.017,4.307,3.808,3.102,2.822,2.627,2.498,1.987,1.234,0.94,0.664,0.373,0.425,0.679,1.253,1.679,2.178,2.952,3.429,3.892,3.862,3.55,3.554,3.487,3.261,3.263,3.175,2.805,2.676,2.495,2.37,2.205,1.133,0.929,0.759,0.436,0.419,0.59,1.095,1.166,1.616,2.271,2.827,3.166,3.464,3.415,3.454,3.295,3.22,3.225,3.041,2.718,2.563,2.513,2.252,1.985,1.115,0.581,0.436,0.27,0.304,0.66,0.825,0.798,1.06,1.582,1.949,2.657,2.916,2.881,3.095,3.252,3.197,3.044,2.979,2.886,2.765,2.471,2.975,1.98
180,0.665,0.428,0.297,0.358,0.888,2.97,5.343,6.053,5.448,4.716,4.355,4.573,4.635,4.622,4.772,5.212,5.964,5.794,4.308,0.0,2.581,2.631,1.926,1.14,0.62,0.446,0.313,0.363,0.863,2.881,4.728,5.836,5.549,4.751,3.917,4.175,4.125,4.295,4.305,4.943,5.855,5.466,4.132,3.321,2.929,2.907,2.533,1.473,0.825,0.531,0.381,0.406,0.79,2.532,4.826,5.217,4.281,4.56,4.412,4.682,5.018,4.938,4.974,5.015,5.017,4.307,3.808,3.102,2.822,2.627,2.498,1.987,1.234,0.94,0.664,0.373,0.425,0.679,1.253,1.679,2.178,2.952,3.429,3.892,3.862,3.55,3.554,3.487,3.261,3.263,3.175,2.805,2.676,2.495,2.37,2.205,1.133,0.929,0.759,0.436,0.419,0.59,1.095,1.166,1.616,2.271,2.827,3.166,3.464,3.415,3.454,3.295,3.22,3.225,3.041,2.718,2.563,2.513,2.252,1.985,1.115,0.581,0.436,0.27,0.304,0.66,0.825,0.798,1.06,1.582,1.949,2.657,2.916,2.881,3.095,3.252,3.197,3.044,2.979,2.886,2.765,2.471,2.975,1.98,1.038,0.497,0.331,0.319,0.729,2.468,4.739,5.115,4.441,4.023,3.465,3.72,4.318,4.2,4.346,4.784,5.494,5.577,3.177,2.821,1.975,1.752,2.459,2.091
181,0.62,0.446,0.313,0.363,0.863,2.881,4.728,5.836,5.549,4.751,3.917,4.175,4.125,4.295,4.305,4.943,5.855,5.466,4.132,3.321,2.929,2.907,2.533,1.473,0.825,0.531,0.381,0.406,0.79,2.532,4.826,5.217,4.281,4.56,4.412,4.682,5.018,4.938,4.974,5.015,5.017,4.307,3.808,3.102,2.822,2.627,2.498,1.987,1.234,0.94,0.664,0.373,0.425,0.679,1.253,1.679,2.178,2.952,3.429,3.892,3.862,3.55,3.554,3.487,3.261,3.263,3.175,2.805,2.676,2.495,2.37,2.205,1.133,0.929,0.759,0.436,0.419,0.59,1.095,1.166,1.616,2.271,2.827,3.166,3.464,3.415,3.454,3.295,3.22,3.225,3.041,2.718,2.563,2.513,2.252,1.985,1.115,0.581,0.436,0.27,0.304,0.66,0.825,0.798,1.06,1.582,1.949,2.657,2.916,2.881,3.095,3.252,3.197,3.044,2.979,2.886,2.765,2.471,2.975,1.98,1.038,0.497,0.331,0.319,0.729,2.468,4.739,5.115,4.441,4.023,3.465,3.72,4.318,4.2,4.346,4.784,5.494,5.577,3.177,2.821,1.975,1.752,2.459,2.091,0.7,0.358,0.288,0.341,0.816,2.789,5.182,5.951,5.135,4.108,3.872,4.116,4.18,4.277,4.455,4.723,5.555,5.515,4.181,3.217,2.804,2.776,3.222,2.355
182,0.825,0.531,0.381,0.406,0.79,2.532,4.826,5.217,4.281,4.56,4.412,4.682,5.018,4.938,4.974,5.015,5.017,4.307,3.808,3.102,2.822,2.627,2.498,1.987,1.234,0.94,0.664,0.373,0.425,0.679,1.253,1.679,2.178,2.952,3.429,3.892,3.862,3.55,3.554,3.487,3.261,3.263,3.175,2.805,2.676,2.495,2.37,2.205,1.133,0.929,0.759,0.436,0.419,0.59,1.095,1.166,1.616,2.271,2.827,3.166,3.464,3.415,3.454,3.295,3.22,3.225,3.041,2.718,2.563,2.513,2.252,1.985,1.115,0.581,0.436,0.27,0.304,0.66,0.825,0.798,1.06,1.582,1.949,2.657,2.916,2.881,3.095,3.252,3.197,3.044,2.979,2.886,2.765,2.471,2.975,1.98,1.038,0.497,0.331,0.319,0.729,2.468,4.739,5.115,4.441,4.023,3.465,3.72,4.318,4.2,4.346,4.784,5.494,5.577,3.177,2.821,1.975,1.752,2.459,2.091,0.7,0.358,0.288,0.341,0.816,2.789,5.182,5.951,5.135,4.108,3.872,4.116,4.18,4.277,4.455,4.723,5.555,5.515,4.181,3.217,2.804,2.776,3.222,2.355,0.779,0.392,0.411,0.335,0.843,2.649,5.185,5.849,5.245,4.557,4.163,4.35,4.458,4.596,4.924,4.983,6.08,5.974,4.183,3.109,2.597,2.431,1.906,1.242
183,1.234,0.94,0.664,0.373,0.425,0.679,1.253,1.679,2.178,2.952,3.429,3.892,3.862,3.55,3.554,3.487,3.261,3.263,3.175,2.805,2.676,2.495,2.37,2.205,1.133,0.929,0.759,0.436,0.419,0.59,1.095,1.166,1.616,2.271,2.827,3.166,3.464,3.415,3.454,3.295,3.22,3.225,3.041,2.718,2.563,2.513,2.252,1.985,1.115,0.581,0.436,0.27,0.304,0.66,0.825,0.798,1.06,1.582,1.949,2.657,2.916,2.881,3.095,3.252,3.197,3.044,2.979,2.886,2.765,2.471,2.975,1.98,1.038,0.497,0.331,0.319,0.729,2.468,4.739,5.115,4.441,4.023,3.465,3.72,4.318,4.2,4.346,4.784,5.494,5.577,3.177,2.821,1.975,1.752,2.459,2.091,0.7,0.358,0.288,0.341,0.816,2.789,5.182,5.951,5.135,4.108,3.872,4.116,4.18,4.277,4.455,4.723,5.555,5.515,4.181,3.217,2.804,2.776,3.222,2.355,0.779,0.392,0.411,0.335,0.843,2.649,5.185,5.849,5.245,4.557,4.163,4.35,4.458,4.596,4.924,4.983,6.08,5.974,4.183,3.109,2.597,2.431,1.906,1.242,0.68,0.413,0.305,0.348,0.82,2.695,4.519,5.551,4.956,4.451,4.408,4.637,4.619,4.593,4.736,5.096,5.628,4.855,4.057,3.204,2.618,2.664,2.367,1.856
184,1.133,0.929,0.759,0.436,0.419,0.59,1.095,1.166,1.616,2.271,2.827,3.166,3.464,3.415,3.454,3.295,3.22,3.225,3.041,2.718,2.563,2.513,2.252,1.985,1.115,0.581,0.436,0.27,0.304,0.66,0.825,0.798,1.06,1.582,1.949,2.657,2.916,2.881,3.095,3.252,3.197,3.044,2.979,2.886,2.765,2.471,2.975,1.98,1.038,0.497,0.331,0.319,0.729,2.468,4.739,5.115,4.441,4.023,3.465,3.72,4.318,4.2,4.346,4.784,5.494,5.577,3.177,2.821,1.975,1.752,2.459,2.091,0.7,0.358,0.288,0.341,0.816,2.789,5.182,5.951,5.135,4.108,3.872,4.116,4.18,4.277,4.455,4.723,5.555,5.515,4.181,3.217,2.804,2.776,3.222,2.355,0.779,0.392,0.411,0.335,0.843,2.649,5.185,5.849,5.245,4.557,4.163,4.35,4.458,4.596,4.924,4.983,6.08,5.974,4.183,3.109,2.597,2.431,1.906,1.242,0.68,0.413,0.305,0.348,0.82,2.695,4.519,5.551,4.956,4.451,4.408,4.637,4.619,4.593,4.736,5.096,5.628,4.855,4.057,3.204,2.618,2.664,2.367,1.856,1.376,1.07,0.678,0.508,0.541,0.976,1.474,1.887,2.394,3.045,3.333,3.675,3.837,3.792,3.905,4.142,3.837,3.827,3.412,2.903,0.097,0.01,0.011,0.001
185,1.115,0.581,0.436,0.27,0.304,0.66,0.825,0.798,1.06,1.582,1.949,2.657,2.916,2.881,3.095,3.252,3.197,3.044,2.979,2.886,2.765,2.471,2.975,1.98,1.038,0.497,0.331,0.319,0.729,2.468,4.739,5.115,4.441,4.023,3.465,3.72,4.318,4.2,4.346,4.784,5.494,5.577,3.177,2.821,1.975,1.752,2.459,2.091,0.7,0.358,0.288,0.341,0.816,2.789,5.182,5.951,5.135,4.108,3.872,4.116,4.18,4.277,4.455,4.723,5.555,5.515,4.181,3.217,2.804,2.776,3.222,2.355,0.779,0.392,0.411,0.335,0.843,2.649,5.185,5.849,5.245,4.557,4.163,4.35,4.458,4.596,4.924,4.983,6.08,5.974,4.183,3.109,2.597,2.431,1.906,1.242,0.68,0.413,0.305,0.348,0.82,2.695,4.519,5.551,4.956,4.451,4.408,4.637,4.619,4.593,4.736,5.096,5.628,4.855,4.057,3.204,2.618,2.664,2.367,1.856,1.376,1.07,0.678,0.508,0.541,0.976,1.474,1.887,2.394,3.045,3.333,3.675,3.837,3.792,3.905,4.142,3.837,3.827,3.412,2.903,0.097,0.01,0.011,0.001,1.376,1.07,0.678,0.508,0.541,0.98,1.481,1.897,2.407,3.062,3.351,3.695,3.858,3.903,3.84,3.777,3.869,4.093,3.736,3.24,2.603,2.322,1.721,1.154
186,1.038,0.497,0.331,0.319,0.729,2.468,4.739,5.115,4.441,4.023,3.465,3.72,4.318,4.2,4.346,4.784,5.494,5.577,3.177,2.821,1.975,1.752,2.459,2.091,0.7,0.358,0.288,0.341,0.816,2.789,5.182,5.951,5.135,4.108,3.872,4.116,4.18,4.277,4.455,4.723,5.555,5.515,4.181,3.217,2.804,2.776,3.222,2.355,0.779,0.392,0.411,0.335,0.843,2.649,5.185,5.849,5.245,4.557,4.163,4.35,4.458,4.596,4.924,4.983,6.08,5.974,4.183,3.109,2.597,2.431,1.906,1.242,0.68,0.413,0.305,0.348,0.82,2.695,4.519,5.551,4.956,4.451,4.408,4.637,4.619,4.593,4.736,5.096,5.628,4.855,4.057,3.204,2.618,2.664,2.367,1.856,1.376,1.07,0.678,0.508,0.541,0.976,1.474,1.887,2.394,3.045,3.333,3.675,3.837,3.792,3.905,4.142,3.837,3.827,3.412,2.903,0.097,0.01,0.011,0.001,1.376,1.07,0.678,0.508,0.541,0.98,1.481,1.897,2.407,3.062,3.351,3.695,3.858,3.903,3.84,3.777,3.869,4.093,3.736,3.24,2.603,2.322,1.721,1.154,0.621,0.376,0.291,0.342,0.848,2.78,5.211,5.803,5.157,4.016,3.891,3.998,4.273,4.475,4.456,4.858,5.934,5.535,3.9,2.856,2.506,2.062,1.544,0.995
187,0.7,0.358,0.288,0.341,0.816,2.789,5.182,5.951,5.135,4.108,3.872,4.116,4.18,4.277,4.455,4.723,5.555,5.515,4.181,3.217,2.804,2.776,3.222,2.355,0.779,0.392,0.411,0.335,0.843,2.649,5.185,5.849,5.245,4.557,4.163,4.35,4.458,4.596,4.924,4.983,6.08,5.974,4.183,3.109,2.597,2.431,1.906,1.242,0.68,0.413,0.305,0.348,0.82,2.695,4.519,5.551,4.956,4.451,4.408,4.637,4.619,4.593,4.736,5.096,5.628,4.855,4.057,3.204,2.618,2.664,2.367,1.856,1.376,1.07,0.678,0.508,0.541,0.976,1.474,1.887,2.394,3.045,3.333,3.675,3.837,3.792,3.905,4.142,3.837,3.827,3.412,2.903,0.097,0.01,0.011,0.001,1.376,1.07,0.678,0.508,0.541,0.98,1.481,1.897,2.407,3.062,3.351,3.695,3.858,3.903,3.84,3.777,3.869,4.093,3.736,3.24,2.603,2.322,1.721,1.154,0.621,0.376,0.291,0.342,0.848,2.78,5.211,5.803,5.157,4.016,3.891,3.998,4.273,4.475,4.456,4.858,5.934,5.535,3.9,2.856,2.506,2.062,1.544,0.995,0.589,0.379,0.249,0.312,0.859,2.79,5.344,6.106,5.591,0.0,4.154,4.392,4.43,0.0,4.868,5.345,5.75,0.0,4.051,3.066,2.764,2.802,2.147,1.208
188,0.779,0.392,0.411,0.335,0.843,2.649,5.185,5.849,5.245,4.557,4.163,4.35,4.458,4.596,4.924,4.983,6.08,5.974,4.183,3.109,2.597,2.431,1.906,1.242,0.68,0.413,0.305,0.348,0.82,2.695,4.519,5.551,4.956,4.451,4.408,4.637,4.619,4.593,4.736,5.096,5.628,4.855,4.057,3.204,2.618,2.664,2.367,1.856,1.376,1.07,0.678,0.508,0.541,0.976,1.474,1.887,2.394,3.045,3.333,3.675,3.837,3.792,3.905,4.142,3.837,3.827,3.412,2.903,0.097,0.01,0.011,0.001,1.376,1.07,0.678,0.508,0.541,0.98,1.481,1.897,2.407,3.062,3.351,3.695,3.858,3.903,3.84,3.777,3.869,4.093,3.736,3.24,2.603,2.322,1.721,1.154,0.621,0.376,0.291,0.342,0.848,2.78,5.211,5.803,5.157,4.016,3.891,3.998,4.273,4.475,4.456,4.858,5.934,5.535,3.9,2.856,2.506,2.062,1.544,0.995,0.589,0.379,0.249,0.312,0.859,2.79,5.344,6.106,5.591,0.0,4.154,4.392,4.43,0.0,4.868,5.345,5.75,0.0,4.051,3.066,2.764,2.802,2.147,1.208,0.61,0.383,0.271,0.357,0.855,2.869,5.402,6.025,5.598,0.0,4.075,4.449,4.858,0.0,4.802,5.137,5.87,0.0,4.191,3.039,2.703,2.935,2.231,1.209
189,0.68,0.413,0.305,0.348,0.82,2.695,4.519,5.551,4.956,4.451,4.408,4.637,4.619,4.593,4.736,5.096,5.628,4.855,4.057,3.204,2.618,2.664,2.367,1.856,1.376,1.07,0.678,0.508,0.541,0.976,1.474,1.887,2.394,3.045,3.333,3.675,3.837,3.792,3.905,4.142,3.837,3.827,3.412,2.903,0.097,0.01,0.011,0.001,1.376,1.07,0.678,0.508,0.541,0.98,1.481,1.897,2.407,3.062,3.351,3.695,3.858,3.903,3.84,3.777,3.869,4.093,3.736,3.24,2.603,2.322,1.721,1.154,0.621,0.376,0.291,0.342,0.848,2.78,5.211,5.803,5.157,4.016,3.891,3.998,4.273,4.475,4.456,4.858,5.934,5.535,3.9,2.856,2.506,2.062,1.544,0.995,0.589,0.379,0.249,0.312,0.859,2.79,5.344,6.106,5.591,0.0,4.154,4.392,4.43,0.0,4.868,5.345,5.75,0.0,4.051,3.066,2.764,2.802,2.147,1.208,0.61,0.383,0.271,0.357,0.855,2.869,5.402,6.025,5.598,0.0,4.075,4.449,4.858,0.0,4.802,5.137,5.87,0.0,4.191,3.039,2.703,2.935,2.231,1.209,0.628,0.394,0.282,0.346,0.834,2.859,5.394,6.131,5.62,4.702,4.134,4.394,4.738,4.687,4.895,5.405,5.854,5.568,4.279,3.191,2.825,2.931,2.14,1.215
190,1.376,1.07,0.678,0.508,0.541,0.976,1.474,1.887,2.394,3.045,3.333,3.675,3.837,3.792,3.905,4.142,3.837,3.827,3.412,2.903,0.097,0.01,0.011,0.001,1.376,1.07,0.678,0.508,0.541,0.98,1.481,1.897,2.407,3.062,3.351,3.695,3.858,3.903,3.84,3.777,3.869,4.093,3.736,3.24,2.603,2.322,1.721,1.154,0.621,0.376,0.291,0.342,0.848,2.78,5.211,5.803,5.157,4.016,3.891,3.998,4.273,4.475,4.456,4.858,5.934,5.535,3.9,2.856,2.506,2.062,1.544,0.995,0.589,0.379,0.249,0.312,0.859,2.79,5.344,6.106,5.591,0.0,4.154,4.392,4.43,0.0,4.868,5.345,5.75,0.0,4.051,3.066,2.764,2.802,2.147,1.208,0.61,0.383,0.271,0.357,0.855,2.869,5.402,6.025,5.598,0.0,4.075,4.449,4.858,0.0,4.802,5.137,5.87,0.0,4.191,3.039,2.703,2.935,2.231,1.209,0.628,0.394,0.282,0.346,0.834,2.859,5.394,6.131,5.62,4.702,4.134,4.394,4.738,4.687,4.895,5.405,5.854,5.568,4.279,3.191,2.825,2.931,2.14,1.215,0.691,0.436,0.316,0.371,0.773,2.692,4.949,5.812,4.889,4.759,4.524,4.908,4.924,4.757,5.099,4.954,5.39,5.107,3.983,3.471,2.935,2.996,2.934,1.823
191,1.376,1.07,0.678,0.508,0.541,0.98,1.481,1.897,2.407,3.062,3.351,3.695,3.858,3.903,3.84,3.777,3.869,4.093,3.736,3.24,2.603,2.322,1.721,1.154,0.621,0.376,0.291,0.342,0.848,2.78,5.211,5.803,5.157,4.016,3.891,3.998,4.273,4.475,4.456,4.858,5.934,5.535,3.9,2.856,2.506,2.062,1.544,0.995,0.589,0.379,0.249,0.312,0.859,2.79,5.344,6.106,5.591,0.0,4.154,4.392,4.43,0.0,4.868,5.345,5.75,0.0,4.051,3.066,2.764,2.802,2.147,1.208,0.61,0.383,0.271,0.357,0.855,2.869,5.402,6.025,5.598,0.0,4.075,4.449,4.858,0.0,4.802,5.137,5.87,0.0,4.191,3.039,2.703,2.935,2.231,1.209,0.628,0.394,0.282,0.346,0.834,2.859,5.394,6.131,5.62,4.702,4.134,4.394,4.738,4.687,4.895,5.405,5.854,5.568,4.279,3.191,2.825,2.931,2.14,1.215,0.691,0.436,0.316,0.371,0.773,2.692,4.949,5.812,4.889,4.759,4.524,4.908,4.924,4.757,5.099,4.954,5.39,5.107,3.983,3.471,2.935,2.996,2.934,1.823,1.564,0.804,0.595,0.455,0.426,0.789,1.295,1.879,2.606,3.436,3.707,3.947,4.457,4.096,4.264,4.388,4.175,4.1,3.866,3.435,3.144,2.984,2.888,1.854
192,0.621,0.376,0.291,0.342,0.848,2.78,5.211,5.803,5.157,4.016,3.891,3.998,4.273,4.475,4.456,4.858,5.934,5.535,3.9,2.856,2.506,2.062,1.544,0.995,0.589,0.379,0.249,0.312,0.859,2.79,5.344,6.106,5.591,0.0,4.154,4.392,4.43,0.0,4.868,5.345,5.75,0.0,4.051,3.066,2.764,2.802,2.147,1.208,0.61,0.383,0.271,0.357,0.855,2.869,5.402,6.025,5.598,0.0,4.075,4.449,4.858,0.0,4.802,5.137,5.87,0.0,4.191,3.039,2.703,2.935,2.231,1.209,0.628,0.394,0.282,0.346,0.834,2.859,5.394,6.131,5.62,4.702,4.134,4.394,4.738,4.687,4.895,5.405,5.854,5.568,4.279,3.191,2.825,2.931,2.14,1.215,0.691,0.436,0.316,0.371,0.773,2.692,4.949,5.812,4.889,4.759,4.524,4.908,4.924,4.757,5.099,4.954,5.39,5.107,3.983,3.471,2.935,2.996,2.934,1.823,1.564,0.804,0.595,0.455,0.426,0.789,1.295,1.879,2.606,3.436,3.707,3.947,4.457,4.096,4.264,4.388,4.175,4.1,3.866,3.435,3.144,2.984,2.888,1.854,1.32,0.835,0.59,0.334,0.292,0.477,0.79,1.071,1.669,2.456,3.333,3.683,4.088,4.135,4.278,4.059,3.717,3.811,3.722,3.389,3.368,2.611,2.054,1.238
193,0.589,0.379,0.249,0.312,0.859,2.79,5.344,6.106,5.591,0.0,4.154,4.392,4.43,0.0,4.868,5.345,5.75,0.0,4.051,3.066,2.764,2.802,2.147,1.208,0.61,0.383,0.271,0.357,0.855,2.869,5.402,6.025,5.598,0.0,4.075,4.449,4.858,0.0,4.802,5.137,5.87,0.0,4.191,3.039,2.703,2.935,2.231,1.209,0.628,0.394,0.282,0.346,0.834,2.859,5.394,6.131,5.62,4.702,4.134,4.394,4.738,4.687,4.895,5.405,5.854,5.568,4.279,3.191,2.825,2.931,2.14,1.215,0.691,0.436,0.316,0.371,0.773,2.692,4.949,5.812,4.889,4.759,4.524,4.908,4.924,4.757,5.099,4.954,5.39,5.107,3.983,3.471,2.935,2.996,2.934,1.823,1.564,0.804,0.595,0.455,0.426,0.789,1.295,1.879,2.606,3.436,3.707,3.947,4.457,4.096,4.264,4.388,4.175,4.1,3.866,3.435,3.144,2.984,2.888,1.854,1.32,0.835,0.59,0.334,0.292,0.477,0.79,1.071,1.669,2.456,3.333,3.683,4.088,4.135,4.278,4.059,3.717,3.811,3.722,3.389,3.368,2.611,2.054,1.238,0.732,0.456,0.319,0.351,0.85,2.811,5.079,5.881,4.813,4.2,3.827,3.979,4.29,4.341,4.468,4.604,5.799,5.358,3.85,2.92,2.629,2.435,1.955,1.11
194,0.61,0.383,0.271,0.357,0.855,2.869,5.402,6.025,5.598,0.0,4.075,4.449,4.858,0.0,4.802,5.137,5.87,0.0,4.191,3.039,2.703,2.935,2.231,1.209,0.628,0.394,0.282,0.346,0.834,2.859,5.394,6.131,5.62,4.702,4.134,4.394,4.738,4.687,4.895,5.405,5.854,5.568,4.279,3.191,2.825,2.931,2.14,1.215,0.691,0.436,0.316,0.371,0.773,2.692,4.949,5.812,4.889,4.759,4.524,4.908,4.924,4.757,5.099,4.954,5.39,5.107,3.983,3.471,2.935,2.996,2.934,1.823,1.564,0.804,0.595,0.455,0.426,0.789,1.295,1.879,2.606,3.436,3.707,3.947,4.457,4.096,4.264,4.388,4.175,4.1,3.866,3.435,3.144,2.984,2.888,1.854,1.32,0.835,0.59,0.334,0.292,0.477,0.79,1.071,1.669,2.456,3.333,3.683,4.088,4.135,4.278,4.059,3.717,3.811,3.722,3.389,3.368,2.611,2.054,1.238,0.732,0.456,0.319,0.351,0.85,2.811,5.079,5.881,4.813,4.2,3.827,3.979,4.29,4.341,4.468,4.604,5.799,5.358,3.85,2.92,2.629,2.435,1.955,1.11,0.602,0.4,0.287,0.326,0.868,2.987,5.334,5.953,5.414,4.114,4.066,3.917,4.141,4.033,4.446,4.623,5.919,5.525,4.041,2.992,2.705,2.559,1.831,1.181
195,0.628,0.394,0.282,0.346,0.834,2.859,5.394,6.131,5.62,4.702,4.134,4.394,4.738,4.687,4.895,5.405,5.854,5.568,4.279,3.191,2.825,2.931,2.14,1.215,0.691,0.436,0.316,0.371,0.773,2.692,4.949,5.812,4.889,4.759,4.524,4.908,4.924,4.757,5.099,4.954,5.39,5.107,3.983,3.471,2.935,2.996,2.934,1.823,1.564,0.804,0.595,0.455,0.426,0.789,1.295,1.879,2.606,3.436,3.707,3.947,4.457,4.096,4.264,4.388,4.175,4.1,3.866,3.435,3.144,2.984,2.888,1.854,1.32,0.835,0.59,0.334,0.292,0.477,0.79,1.071,1.669,2.456,3.333,3.683,4.088,4.135,4.278,4.059,3.717,3.811,3.722,3.389,3.368,2.611,2.054,1.238,0.732,0.456,0.319,0.351,0.85,2.811,5.079,5.881,4.813,4.2,3.827,3.979,4.29,4.341,4.468,4.604,5.799,5.358,3.85,2.92,2.629,2.435,1.955,1.11,0.602,0.4,0.287,0.326,0.868,2.987,5.334,5.953,5.414,4.114,4.066,3.917,4.141,4.033,4.446,4.623,5.919,5.525,4.041,2.992,2.705,2.559,1.831,1.181,0.588,0.389,0.315,0.337,0.906,2.944,5.332,6.074,5.425,4.528,4.145,4.457,4.568,4.483,4.803,5.073,5.952,5.396,4.17,3.196,2.662,2.533,1.883,1.18
196,0.691,0.436,0.316,0.371,0.773,2.692,4.949,5.812,4.889,4.759,4.524,4.908,4.924,4.757,5.099,4.954,5.39,5.107,3.983,3.471,2.935,2.996,2.934,1.823,1.564,0.804,0.595,0.455,0.426,0.789,1.295,1.879,2.606,3.436,3.707,3.947,4.457,4.096,4.264,4.388,4.175,4.1,3.866,3.435,3.144,2.984,2.888,1.854,1.32,0.835,0.59,0.334,0.292,0.477,0.79,1.071,1.669,2.456,3.333,3.683,4.088,4.135,4.278,4.059,3.717,3.811,3.722,3.389,3.368,2.611,2.054,1.238,0.732,0.456,0.319,0.351,0.85,2.811,5.079,5.881,4.813,4.2,3.827,3.979,4.29,4.341,4.468,4.604,5.799,5.358,3.85,2.92,2.629,2.435,1.955,1.11,0.602,0.4,0.287,0.326,0.868,2.987,5.334,5.953,5.414,4.114,4.066,3.917,4.141,4.033,4.446,4.623,5.919,5.525,4.041,2.992,2.705,2.559,1.831,1.181,0.588,0.389,0.315,0.337,0.906,2.944,5.332,6.074,5.425,4.528,4.145,4.457,4.568,4.483,4.803,5.073,5.952,5.396,4.17,3.196,2.662,2.533,1.883,1.18,0.603,0.361,0.279,0.386,1.005,2.874,5.216,6.133,5.461,4.544,4.189,4.359,4.42,4.606,4.829,5.21,5.893,5.576,4.192,3.053,2.721,2.619,2.026,1.288
197,1.564,0.804,0.595,0.455,0.426,0.789,1.295,1.879,2.606,3.436,3.707,3.947,4.457,4.096,4.264,4.388,4.175,4.1,3.866,3.435,3.144,2.984,2.888,1.854,1.32,0.835,0.59,0.334,0.292,0.477,0.79,1.071,1.669,2.456,3.333,3.683,4.088,4.135,4.278,4.059,3.717,3.811,3.722,3.389,3.368,2.611,2.054,1.238,0.732,0.456,0.319,0.351,0.85,2.811,5.079,5.881,4.813,4.2,3.827,3.979,4.29,4.341,4.468,4.604,5.799,5.358,3.85,2.92,2.629,2.435,1.955,1.11,0.602,0.4,0.287,0.326,0.868,2.987,5.334,5.953,5.414,4.114,4.066,3.917,4.141,4.033,4.446,4.623,5.919,5.525,4.041,2.992,2.705,2.559,1.831,1.181,0.588,0.389,0.315,0.337,0.906,2.944,5.332,6.074,5.425,4.528,4.145,4.457,4.568,4.483,4.803,5.073,5.952,5.396,4.17,3.196,2.662,2.533,1.883,1.18,0.603,0.361,0.279,0.386,1.005,2.874,5.216,6.133,5.461,4.544,4.189,4.359,4.42,4.606,4.829,5.21,5.893,5.576,4.192,3.053,2.721,2.619,2.026,1.288,0.733,0.457,0.428,0.478,0.89,2.708,4.864,5.676,4.598,3.871,4.007,4.157,4.241,4.171,4.538,5.201,5.173,4.634,3.954,3.235,2.05,1.35,0.064,0.01
198,1.32,0.835,0.59,0.334,0.292,0.477,0.79,1.071,1.669,2.456,3.333,3.683,4.088,4.135,4.278,4.059,3.717,3.811,3.722,3.389,3.368,2.611,2.054,1.238,0.732,0.456,0.319,0.351,0.85,2.811,5.079,5.881,4.813,4.2,3.827,3.979,4.29,4.341,4.468,4.604,5.799,5.358,3.85,2.92,2.629,2.435,1.955,1.11,0.602,0.4,0.287,0.326,0.868,2.987,5.334,5.953,5.414,4.114,4.066,3.917,4.141,4.033,4.446,4.623,5.919,5.525,4.041,2.992,2.705,2.559,1.831,1.181,0.588,0.389,0.315,0.337,0.906,2.944,5.332,6.074,5.425,4.528,4.145,4.457,4.568,4.483,4.803,5.073,5.952,5.396,4.17,3.196,2.662,2.533,1.883,1.18,0.603,0.361,0.279,0.386,1.005,2.874,5.216,6.133,5.461,4.544,4.189,4.359,4.42,4.606,4.829,5.21,5.893,5.576,4.192,3.053,2.721,2.619,2.026,1.288,0.733,0.457,0.428,0.478,0.89,2.708,4.864,5.676,4.598,3.871,4.007,4.157,4.241,4.171,4.538,5.201,5.173,4.634,3.954,3.235,2.05,1.35,0.064,0.01,0.006,0.008,0.005,0.003,0.007,0.83,1.35,1.868,2.497,0.015,0.003,0.024,0.002,0.01,0.002,0.003,0.007,0.005,0.0,0.001,0.005,0.002,0.001,0.0
199,0.732,0.456,0.319,0.351,0.85,2.811,5.079,5.881,4.813,4.2,3.827,3.979,4.29,4.341,4.468,4.604,5.799,5.358,3.85,2.92,2.629,2.435,1.955,1.11,0.602,0.4,0.287,0.326,0.868,2.987,5.334,5.953,5.414,4.114,4.066,3.917,4.141,4.033,4.446,4.623,5.919,5.525,4.041,2.992,2.705,2.559,1.831,1.181,0.588,0.389,0.315,0.337,0.906,2.944,5.332,6.074,5.425,4.528,4.145,4.457,4.568,4.483,4.803,5.073,5.952,5.396,4.17,3.196,2.662,2.533,1.883,1.18,0.603,0.361,0.279,0.386,1.005,2.874,5.216,6.133,5.461,4.544,4.189,4.359,4.42,4.606,4.829,5.21,5.893,5.576,4.192,3.053,2.721,2.619,2.026,1.288,0.733,0.457,0.428,0.478,0.89,2.708,4.864,5.676,4.598,3.871,4.007,4.157,4.241,4.171,4.538,5.201,5.173,4.634,3.954,3.235,2.05,1.35,0.064,0.01,0.006,0.008,0.005,0.003,0.007,0.83,1.35,1.868,2.497,0.015,0.003,0.024,0.002,0.01,0.002,0.003,0.007,0.005,0.0,0.001,0.005,0.002,0.001,0.0,0.006,0.008,0.005,0.003,0.007,0.631,1.033,1.314,1.872,0.015,0.463,0.024,0.515,0.1,0.515,0.463,0.044,1.279,2.998,2.78,2.45,2.147,1.816,1.783
200,0.602,0.4,0.287,0.326,0.868,2.987,5.334,5.953,5.414,4.114,4.066,3.917,4.141,4.033,4.446,4.623,5.919,5.525,4.041,2.992,2.705,2.559,1.831,1.181,0.588,0.389,0.315,0.337,0.906,2.944,5.332,6.074,5.425,4.528,4.145,4.457,4.568,4.483,4.803,5.073,5.952,5.396,4.17,3.196,2.662,2.533,1.883,1.18,0.603,0.361,0.279,0.386,1.005,2.874,5.216,6.133,5.461,4.544,4.189,4.359,4.42,4.606,4.829,5.21,5.893,5.576,4.192,3.053,2.721,2.619,2.026,1.288,0.733,0.457,0.428,0.478,0.89,2.708,4.864,5.676,4.598,3.871,4.007,4.157,4.241,4.171,4.538,5.201,5.173,4.634,3.954,3.235,2.05,1.35,0.064,0.01,0.006,0.008,0.005,0.003,0.007,0.83,1.35,1.868,2.497,0.015,0.003,0.024,0.002,0.01,0.002,0.003,0.007,0.005,0.0,0.001,0.005,0.002,0.001,0.0,0.006,0.008,0.005,0.003,0.007,0.631,1.033,1.314,1.872,0.015,0.463,0.024,0.515,0.1,0.515,0.463,0.044,1.279,2.998,2.78,2.45,2.147,1.816,1.783,1.969,0.491,0.329,0.337,0.827,2.706,5.01,5.779,5.206,4.322,3.942,4.338,4.499,4.22,4.503,4.77,5.718,5.203,3.699,2.886,2.438,2.628,1.898,1.167
201,0.588,0.389,0.315,0.337,0.906,2.944,5.332,6.074,5.425,4.528,4.145,4.457,4.568,4.483,4.803,5.073,5.952,5.396,4.17,3.196,2.662,2.533,1.883,1.18,0.603,0.361,0.279,0.386,1.005,2.874,5.216,6.133,5.461,4.544,4.189,4.359,4.42,4.606,4.829,5.21,5.893,5.576,4.192,3.053,2.721,2.619,2.026,1.288,0.733,0.457,0.428,0.478,0.89,2.708,4.864,5.676,4.598,3.871,4.007,4.157,4.241,4.171,4.538,5.201,5.173,4.634,3.954,3.235,2.05,1.35,0.064,0.01,0.006,0.008,0.005,0.003,0.007,0.83,1.35,1.868,2.497,0.015,0.003,0.024,0.002,0.01,0.002,0.003,0.007,0.005,0.0,0.001,0.005,0.002,0.001,0.0,0.006,0.008,0.005,0.003,0.007,0.631,1.033,1.314,1.872,0.015,0.463,0.024,0.515,0.1,0.515,0.463,0.044,1.279,2.998,2.78,2.45,2.147,1.816,1.783,1.969,0.491,0.329,0.337,0.827,2.706,5.01,5.779,5.206,4.322,3.942,4.338,4.499,4.22,4.503,4.77,5.718,5.203,3.699,2.886,2.438,2.628,1.898,1.167,0.582,0.361,0.278,0.329,0.829,2.889,5.363,6.121,5.392,4.357,4.098,4.239,4.254,4.251,4.437,5.215,6.077,5.603,4.259,3.06,2.652,2.636,1.908,1.078
202,0.603,0.361,0.279,0.386,1.005,2.874,5.216,6.133,5.461,4.544,4.189,4.359,4.42,4.606,4.829,5.21,5.893,5.576,4.192,3.053,2.721,2.619,2.026,1.288,0.733,0.457,0.428,0.478,0.89,2.708,4.864,5.676,4.598,3.871,4.007,4.157,4.241,4.171,4.538,5.201,5.173,4.634,3.954,3.235,2.05,1.35,0.064,0.01,0.006,0.008,0.005,0.003,0.007,0.83,1.35,1.868,2.497,0.015,0.003,0.024,0.002,0.01,0.002,0.003,0.007,0.005,0.0,0.001,0.005,0.002,0.001,0.0,0.006,0.008,0.005,0.003,0.007,0.631,1.033,1.314,1.872,0.015,0.463,0.024,0.515,0.1,0.515,0.463,0.044,1.279,2.998,2.78,2.45,2.147,1.816,1.783,1.969,0.491,0.329,0.337,0.827,2.706,5.01,5.779,5.206,4.322,3.942,4.338,4.499,4.22,4.503,4.77,5.718,5.203,3.699,2.886,2.438,2.628,1.898,1.167,0.582,0.361,0.278,0.329,0.829,2.889,5.363,6.121,5.392,4.357,4.098,4.239,4.254,4.251,4.437,5.215,6.077,5.603,4.259,3.06,2.652,2.636,1.908,1.078,0.622,0.38,0.341,0.498,1.254,3.061,5.316,6.226,5.441,4.412,4.374,4.316,4.338,4.336,4.211,4.941,5.53,5.863,4.223,2.991,2.456,2.399,1.58,1.065
203,0.733,0.457,0.428,0.478,0.89,2.708,4.864,5.676,4.598,3.871,4.007,4.157,4.241,4.171,4.538,5.201,5.173,4.634,3.954,3.235,2.05,1.35,0.064,0.01,0.006,0.008,0.005,0.003,0.007,0.83,1.35,1.868,2.497,0.015,0.003,0.024,0.002,0.01,0.002,0.003,0.007,0.005,0.0,0.001,0.005,0.002,0.001,0.0,0.006,0.008,0.005,0.003,0.007,0.631,1.033,1.314,1.872,0.015,0.463,0.024,0.515,0.1,0.515,0.463,0.044,1.279,2.998,2.78,2.45,2.147,1.816,1.783,1.969,0.491,0.329,0.337,0.827,2.706,5.01,5.779,5.206,4.322,3.942,4.338,4.499,4.22,4.503,4.77,5.718,5.203,3.699,2.886,2.438,2.628,1.898,1.167,0.582,0.361,0.278,0.329,0.829,2.889,5.363,6.121,5.392,4.357,4.098,4.239,4.254,4.251,4.437,5.215,6.077,5.603,4.259,3.06,2.652,2.636,1.908,1.078,0.622,0.38,0.341,0.498,1.254,3.061,5.316,6.226,5.441,4.412,4.374,4.316,4.338,4.336,4.211,4.941,5.53,5.863,4.223,2.991,2.456,2.399,1.58,1.065,0.602,0.379,0.284,0.295,0.817,2.86,5.269,6.09,5.266,4.444,4.066,4.349,4.664,4.338,5.038,5.351,5.978,5.79,4.179,3.209,2.833,2.659,1.961,1.375
204,0.006,0.008,0.005,0.003,0.007,0.83,1.35,1.868,2.497,0.015,0.003,0.024,0.002,0.01,0.002,0.003,0.007,0.005,0.0,0.001,0.005,0.002,0.001,0.0,0.006,0.008,0.005,0.003,0.007,0.631,1.033,1.314,1.872,0.015,0.463,0.024,0.515,0.1,0.515,0.463,0.044,1.279,2.998,2.78,2.45,2.147,1.816,1.783,1.969,0.491,0.329,0.337,0.827,2.706,5.01,5.779,5.206,4.322,3.942,4.338,4.499,4.22,4.503,4.77,5.718,5.203,3.699,2.886,2.438,2.628,1.898,1.167,0.582,0.361,0.278,0.329,0.829,2.889,5.363,6.121,5.392,4.357,4.098,4.239,4.254,4.251,4.437,5.215,6.077,5.603,4.259,3.06,2.652,2.636,1.908,1.078,0.622,0.38,0.341,0.498,1.254,3.061,5.316,6.226,5.441,4.412,4.374,4.316,4.338,4.336,4.211,4.941,5.53,5.863,4.223,2.991,2.456,2.399,1.58,1.065,0.602,0.379,0.284,0.295,0.817,2.86,5.269,6.09,5.266,4.444,4.066,4.349,4.664,4.338,5.038,5.351,5.978,5.79,4.179,3.209,2.833,2.659,1.961,1.375,0.716,0.438,0.359,0.391,0.84,2.623,4.899,5.546,4.523,4.125,4.068,4.172,2.953,3.046,3.168,5.24,5.697,4.818,4.239,3.526,2.658,2.794,2.651,3.206
205,0.006,0.008,0.005,0.003,0.007,0.631,1.033,1.314,1.872,0.015,0.463,0.024,0.515,0.1,0.515,0.463,0.044,1.279,2.998,2.78,2.45,2.147,1.816,1.783,1.969,0.491,0.329,0.337,0.827,2.706,5.01,5.779,5.206,4.322,3.942,4.338,4.499,4.22,4.503,4.77,5.718,5.203,3.699,2.886,2.438,2.628,1.898,1.167,0.582,0.361,0.278,0.329,0.829,2.889,5.363,6.121,5.392,4.357,4.098,4.239,4.254,4.251,4.437,5.215,6.077,5.603,4.259,3.06,2.652,2.636,1.908,1.078,0.622,0.38,0.341,0.498,1.254,3.061,5.316,6.226,5.441,4.412,4.374,4.316,4.338,4.336,4.211,4.941,5.53,5.863,4.223,2.991,2.456,2.399,1.58,1.065,0.602,0.379,0.284,0.295,0.817,2.86,5.269,6.09,5.266,4.444,4.066,4.349,4.664,4.338,5.038,5.351,5.978,5.79,4.179,3.209,2.833,2.659,1.961,1.375,0.716,0.438,0.359,0.391,0.84,2.623,4.899,5.546,4.523,4.125,4.068,4.172,2.953,3.046,3.168,5.24,5.697,4.818,4.239,3.526,2.658,2.794,2.651,3.206,0.735,0.458,0.326,0.23,0.237,0.83,1.35,1.868,2.497,1.644,1.802,1.967,2.107,3.932,3.993,4.039,4.128,4.093,3.553,3.075,2.838,2.892,2.713,2.096
206,1.969,0.491,0.329,0.337,0.827,2.706,5.01,5.779,5.206,4.322,3.942,4.338,4.499,4.22,4.503,4.77,5.718,5.203,3.699,2.886,2.438,2.628,1.898,1.167,0.582,0.361,0.278,0.329,0.829,2.889,5.363,6.121,5.392,4.357,4.098,4.239,4.254,4.251,4.437,5.215,6.077,5.603,4.259,3.06,2.652,2.636,1.908,1.078,0.622,0.38,0.341,0.498,1.254,3.061,5.316,6.226,5.441,4.412,4.374,4.316,4.338,4.336,4.211,4.941,5.53,5.863,4.223,2.991,2.456,2.399,1.58,1.065,0.602,0.379,0.284,0.295,0.817,2.86,5.269,6.09,5.266,4.444,4.066,4.349,4.664,4.338,5.038,5.351,5.978,5.79,4.179,3.209,2.833,2.659,1.961,1.375,0.716,0.438,0.359,0.391,0.84,2.623,4.899,5.546,4.523,4.125,4.068,4.172,2.953,3.046,3.168,5.24,5.697,4.818,4.239,3.526,2.658,2.794,2.651,3.206,0.735,0.458,0.326,0.23,0.237,0.83,1.35,1.868,2.497,1.644,1.802,1.967,2.107,3.932,3.993,4.039,4.128,4.093,3.553,3.075,2.838,2.892,2.713,2.096,0.664,0.471,0.33,0.204,0.196,0.631,1.033,1.314,1.872,1.316,1.872,1.825,2.23,3.932,3.993,4.039,4.128,4.093,3.553,3.075,2.838,2.892,2.713,2.096
207,0.582,0.361,0.278,0.329,0.829,2.889,5.363,6.121,5.392,4.357,4.098,4.239,4.254,4.251,4.437,5.215,6.077,5.603,4.259,3.06,2.652,2.636,1.908,1.078,0.622,0.38,0.341,0.498,1.254,3.061,5.316,6.226,5.441,4.412,4.374,4.316,4.338,4.336,4.211,4.941,5.53,5.863,4.223,2.991,2.456,2.399,1.58,1.065,0.602,0.379,0.284,0.295,0.817,2.86,5.269,6.09,5.266,4.444,4.066,4.349,4.664,4.338,5.038,5.351,5.978,5.79,4.179,3.209,2.833,2.659,1.961,1.375,0.716,0.438,0.359,0.391,0.84,2.623,4.899,5.546,4.523,4.125,4.068,4.172,2.953,3.046,3.168,5.24,5.697,4.818,4.239,3.526,2.658,2.794,2.651,3.206,0.735,0.458,0.326,0.23,0.237,0.83,1.35,1.868,2.497,1.644,1.802,1.967,2.107,3.932,3.993,4.039,4.128,4.093,3.553,3.075,2.838,2.892,2.713,2.096,0.664,0.471,0.33,0.204,0.196,0.631,1.033,1.314,1.872,1.316,1.872,1.825,2.23,3.932,3.993,4.039,4.128,4.093,3.553,3.075,2.838,2.892,2.713,2.096,0.705,0.485,0.296,0.394,0.886,2.814,5.049,5.874,5.159,4.454,3.512,4.592,4.517,4.366,4.614,4.963,5.94,5.466,4.0,2.878,2.495,2.388,1.898,1.184
208,0.622,0.38,0.341,0.498,1.254,3.061,5.316,6.226,5.441,4.412,4.374,4.316,4.338,4.336,4.211,4.941,5.53,5.863,4.223,2.991,2.456,2.399,1.58,1.065,0.602,0.379,0.284,0.295,0.817,2.86,5.269,6.09,5.266,4.444,4.066,4.349,4.664,4.338,5.038,5.351,5.978,5.79,4.179,3.209,2.833,2.659,1.961,1.375,0.716,0.438,0.359,0.391,0.84,2.623,4.899,5.546,4.523,4.125,4.068,4.172,2.953,3.046,3.168,5.24,5.697,4.818,4.239,3.526,2.658,2.794,2.651,3.206,0.735,0.458,0.326,0.23,0.237,0.83,1.35,1.868,2.497,1.644,1.802,1.967,2.107,3.932,3.993,4.039,4.128,4.093,3.553,3.075,2.838,2.892,2.713,2.096,0.664,0.471,0.33,0.204,0.196,0.631,1.033,1.314,1.872,1.316,1.872,1.825,2.23,3.932,3.993,4.039,4.128,4.093,3.553,3.075,2.838,2.892,2.713,2.096,0.705,0.485,0.296,0.394,0.886,2.814,5.049,5.874,5.159,4.454,3.512,4.592,4.517,4.366,4.614,4.963,5.94,5.466,4.0,2.878,2.495,2.388,1.898,1.184,0.674,0.529,0.424,0.465,1.005,3.009,5.344,6.485,5.462,4.554,4.25,4.39,4.452,4.6,4.923,5.261,6.114,5.72,4.094,3.166,2.698,2.514,2.296,1.217
209,0.602,0.379,0.284,0.295,0.817,2.86,5.269,6.09,5.266,4.444,4.066,4.349,4.664,4.338,5.038,5.351,5.978,5.79,4.179,3.209,2.833,2.659,1.961,1.375,0.716,0.438,0.359,0.391,0.84,2.623,4.899,5.546,4.523,4.125,4.068,4.172,2.953,3.046,3.168,5.24,5.697,4.818,4.239,3.526,2.658,2.794,2.651,3.206,0.735,0.458,0.326,0.23,0.237,0.83,1.35,1.868,2.497,1.644,1.802,1.967,2.107,3.932,3.993,4.039,4.128,4.093,3.553,3.075,2.838,2.892,2.713,2.096,0.664,0.471,0.33,0.204,0.196,0.631,1.033,1.314,1.872,1.316,1.872,1.825,2.23,3.932,3.993,4.039,4.128,4.093,3.553,3.075,2.838,2.892,2.713,2.096,0.705,0.485,0.296,0.394,0.886,2.814,5.049,5.874,5.159,4.454,3.512,4.592,4.517,4.366,4.614,4.963,5.94,5.466,4.0,2.878,2.495,2.388,1.898,1.184,0.674,0.529,0.424,0.465,1.005,3.009,5.344,6.485,5.462,4.554,4.25,4.39,4.452,4.6,4.923,5.261,6.114,5.72,4.094,3.166,2.698,2.514,2.296,1.217,0.662,0.432,0.667,0.434,0.894,2.875,5.194,5.897,5.748,4.442,4.12,4.122,4.197,4.178,4.382,5.377,6.064,5.818,4.594,3.003,2.579,2.36,1.618,1.275
210,0.716,0.438,0.359,0.391,0.84,2.623,4.899,5.546,4.523,4.125,4.068,4.172,2.953,3.046,3.168,5.24,5.697,4.818,4.239,3.526,2.658,2.794,2.651,3.206,0.735,0.458,0.326,0.23,0.237,0.83,1.35,1.868,2.497,1.644,1.802,1.967,2.107,3.932,3.993,4.039,4.128,4.093,3.553,3.075,2.838,2.892,2.713,2.096,0.664,0.471,0.33,0.204,0.196,0.631,1.033,1.314,1.872,1.316,1.872,1.825,2.23,3.932,3.993,4.039,4.128,4.093,3.553,3.075,2.838,2.892,2.713,2.096,0.705,0.485,0.296,0.394,0.886,2.814,5.049,5.874,5.159,4.454,3.512,4.592,4.517,4.366,4.614,4.963,5.94,5.466,4.0,2.878,2.495,2.388,1.898,1.184,0.674,0.529,0.424,0.465,1.005,3.009,5.344,6.485,5.462,4.554,4.25,4.39,4.452,4.6,4.923,5.261,6.114,5.72,4.094,3.166,2.698,2.514,2.296,1.217,0.662,0.432,0.667,0.434,0.894,2.875,5.194,5.897,5.748,4.442,4.12,4.122,4.197,4.178,4.382,5.377,6.064,5.818,4.594,3.003,2.579,2.36,1.618,1.275,0.766,0.508,0.492,0.47,0.928,2.77,4.912,5.724,4.669,4.732,4.272,4.517,4.858,4.835,5.131,5.67,6.056,5.308,4.243,3.089,3.103,3.048,2.378,1.424
211,0.735,0.458,0.326,0.23,0.237,0.83,1.35,1.868,2.497,1.644,1.802,1.967,2.107,3.932,3.993,4.039,4.128,4.093,3.553,3.075,2.838,2.892,2.713,2.096,0.664,0.471,0.33,0.204,0.196,0.631,1.033,1.314,1.872,1.316,1.872,1.825,2.23,3.932,3.993,4.039,4.128,4.093,3.553,3.075,2.838,2.892,2.713,2.096,0.705,0.485,0.296,0.394,0.886,2.814,5.049,5.874,5.159,4.454,3.512,4.592,4.517,4.366,4.614,4.963,5.94,5.466,4.0,2.878,2.495,2.388,1.898,1.184,0.674,0.529,0.424,0.465,1.005,3.009,5.344,6.485,5.462,4.554,4.25,4.39,4.452,4.6,4.923,5.261,6.114,5.72,4.094,3.166,2.698,2.514,2.296,1.217,0.662,0.432,0.667,0.434,0.894,2.875,5.194,5.897,5.748,4.442,4.12,4.122,4.197,4.178,4.382,5.377,6.064,5.818,4.594,3.003,2.579,2.36,1.618,1.275,0.766,0.508,0.492,0.47,0.928,2.77,4.912,5.724,4.669,4.732,4.272,4.517,4.858,4.835,5.131,5.67,6.056,5.308,4.243,3.089,3.103,3.048,2.378,1.424,1.022,0.584,0.583,0.586,0.926,2.756,4.95,5.72,5.069,4.51,4.668,4.694,5.011,4.781,5.088,5.382,5.592,4.947,4.457,3.516,2.755,3.021,3.274,2.497
212,0.664,0.471,0.33,0.204,0.196,0.631,1.033,1.314,1.872,1.316,1.872,1.825,2.23,3.932,3.993,4.039,4.128,4.093,3.553,3.075,2.838,2.892,2.713,2.096,0.705,0.485,0.296,0.394,0.886,2.814,5.049,5.874,5.159,4.454,3.512,4.592,4.517,4.366,4.614,4.963,5.94,5.466,4.0,2.878,2.495,2.388,1.898,1.184,0.674,0.529,0.424,0.465,1.005,3.009,5.344,6.485,5.462,4.554,4.25,4.39,4.452,4.6,4.923,5.261,6.114,5.72,4.094,3.166,2.698,2.514,2.296,1.217,0.662,0.432,0.667,0.434,0.894,2.875,5.194,5.897,5.748,4.442,4.12,4.122,4.197,4.178,4.382,5.377,6.064,5.818,4.594,3.003,2.579,2.36,1.618,1.275,0.766,0.508,0.492,0.47,0.928,2.77,4.912,5.724,4.669,4.732,4.272,4.517,4.858,4.835,5.131,5.67,6.056,5.308,4.243,3.089,3.103,3.048,2.378,1.424,1.022,0.584,0.583,0.586,0.926,2.756,4.95,5.72,5.069,4.51,4.668,4.694,5.011,4.781,5.088,5.382,5.592,4.947,4.457,3.516,2.755,3.021,3.274,2.497,1.794,1.178,0.896,0.642,0.68,1.123,1.885,2.409,3.151,4.183,4.721,4.826,4.805,4.597,4.773,4.85,4.482,4.333,4.175,3.47,3.544,3.225,3.069,2.368
213,0.705,0.485,0.296,0.394,0.886,2.814,5.049,5.874,5.159,4.454,3.512,4.592,4.517,4.366,4.614,4.963,5.94,5.466,4.0,2.878,2.495,2.388,1.898,1.184,0.674,0.529,0.424,0.465,1.005,3.009,5.344,6.485,5.462,4.554,4.25,4.39,4.452,4.6,4.923,5.261,6.114,5.72,4.094,3.166,2.698,2.514,2.296,1.217,0.662,0.432,0.667,0.434,0.894,2.875,5.194,5.897,5.748,4.442,4.12,4.122,4.197,4.178,4.382,5.377,6.064,5.818,4.594,3.003,2.579,2.36,1.618,1.275,0.766,0.508,0.492,0.47,0.928,2.77,4.912,5.724,4.669,4.732,4.272,4.517,4.858,4.835,5.131,5.67,6.056,5.308,4.243,3.089,3.103,3.048,2.378,1.424,1.022,0.584,0.583,0.586,0.926,2.756,4.95,5.72,5.069,4.51,4.668,4.694,5.011,4.781,5.088,5.382,5.592,4.947,4.457,3.516,2.755,3.021,3.274,2.497,1.794,1.178,0.896,0.642,0.68,1.123,1.885,2.409,3.151,4.183,4.721,4.826,4.805,4.597,4.773,4.85,4.482,4.333,4.175,3.47,3.544,3.225,3.069,2.368,1.875,1.023,0.814,0.561,0.541,0.714,1.038,1.477,2.028,2.897,3.764,4.185,4.984,4.799,4.693,4.673,4.586,4.593,4.35,3.838,3.353,2.777,2.628,1.702
214,0.674,0.529,0.424,0.465,1.005,3.009,5.344,6.485,5.462,4.554,4.25,4.39,4.452,4.6,4.923,5.261,6.114,5.72,4.094,3.166,2.698,2.514,2.296,1.217,0.662,0.432,0.667,0.434,0.894,2.875,5.194,5.897,5.748,4.442,4.12,4.122,4.197,4.178,4.382,5.377,6.064,5.818,4.594,3.003,2.579,2.36,1.618,1.275,0.766,0.508,0.492,0.47,0.928,2.77,4.912,5.724,4.669,4.732,4.272,4.517,4.858,4.835,5.131,5.67,6.056,5.308,4.243,3.089,3.103,3.048,2.378,1.424,1.022,0.584,0.583,0.586,0.926,2.756,4.95,5.72,5.069,4.51,4.668,4.694,5.011,4.781,5.088,5.382,5.592,4.947,4.457,3.516,2.755,3.021,3.274,2.497,1.794,1.178,0.896,0.642,0.68,1.123,1.885,2.409,3.151,4.183,4.721,4.826,4.805,4.597,4.773,4.85,4.482,4.333,4.175,3.47,3.544,3.225,3.069,2.368,1.875,1.023,0.814,0.561,0.541,0.714,1.038,1.477,2.028,2.897,3.764,4.185,4.984,4.799,4.693,4.673,4.586,4.593,4.35,3.838,3.353,2.777,2.628,1.702,0.848,0.66,0.44,0.457,0.966,2.812,5.151,5.738,5.366,4.386,4.061,4.266,4.473,4.747,4.748,5.11,5.828,5.43,4.093,2.935,2.542,2.197,1.566,1.082
215,0.662,0.432,0.667,0.434,0.894,2.875,5.194,5.897,5.748,4.442,4.12,4.122,4.197,4.178,4.382,5.377,6.064,5.818,4.594,3.003,2.579,2.36,1.618,1.275,0.766,0.508,0.492,0.47,0.928,2.77,4.912,5.724,4.669,4.732,4.272,4.517,4.858,4.835,5.131,5.67,6.056,5.308,4.243,3.089,3.103,3.048,2.378,1.424,1.022,0.584,0.583,0.586,0.926,2.756,4.95,5.72,5.069,4.51,4.668,4.694,5.011,4.781,5.088,5.382,5.592,4.947,4.457,3.516,2.755,3.021,3.274,2.497,1.794,1.178,0.896,0.642,0.68,1.123,1.885,2.409,3.151,4.183,4.721,4.826,4.805,4.597,4.773,4.85,4.482,4.333,4.175,3.47,3.544,3.225,3.069,2.368,1.875,1.023,0.814,0.561,0.541,0.714,1.038,1.477,2.028,2.897,3.764,4.185,4.984,4.799,4.693,4.673,4.586,4.593,4.35,3.838,3.353,2.777,2.628,1.702,0.848,0.66,0.44,0.457,0.966,2.812,5.151,5.738,5.366,4.386,4.061,4.266,4.473,4.747,4.748,5.11,5.828,5.43,4.093,2.935,2.542,2.197,1.566,1.082,0.662,0.554,0.44,0.484,0.986,2.999,5.396,6.148,4.748,4.334,4.107,4.239,4.478,4.414,4.525,4.694,6.074,5.617,4.214,3.032,2.639,2.766,2.781,2.634
216,0.766,0.508,0.492,0.47,0.928,2.77,4.912,5.724,4.669,4.732,4.272,4.517,4.858,4.835,5.131,5.67,6.056,5.308,4.243,3.089,3.103,3.048,2.378,1.424,1.022,0.584,0.583,0.586,0.926,2.756,4.95,5.72,5.069,4.51,4.668,4.694,5.011,4.781,5.088,5.382,5.592,4.947,4.457,3.516,2.755,3.021,3.274,2.497,1.794,1.178,0.896,0.642,0.68,1.123,1.885,2.409,3.151,4.183,4.721,4.826,4.805,4.597,4.773,4.85,4.482,4.333,4.175,3.47,3.544,3.225,3.069,2.368,1.875,1.023,0.814,0.561,0.541,0.714,1.038,1.477,2.028,2.897,3.764,4.185,4.984,4.799,4.693,4.673,4.586,4.593,4.35,3.838,3.353,2.777,2.628,1.702,0.848,0.66,0.44,0.457,0.966,2.812,5.151,5.738,5.366,4.386,4.061,4.266,4.473,4.747,4.748,5.11,5.828,5.43,4.093,2.935,2.542,2.197,1.566,1.082,0.662,0.554,0.44,0.484,0.986,2.999,5.396,6.148,4.748,4.334,4.107,4.239,4.478,4.414,4.525,4.694,6.074,5.617,4.214,3.032,2.639,2.766,2.781,2.634,0.811,0.534,0.443,0.485,1.045,2.899,5.218,6.2,5.686,4.255,4.119,4.146,4.283,4.243,4.443,4.626,6.01,6.033,4.554,3.39,2.505,1.904,1.791,1.089
217,1.022,0.584,0.583,0.586,0.926,2.756,4.95,5.72,5.069,4.51,4.668,4.694,5.011,4.781,5.088,5.382,5.592,4.947,4.457,3.516,2.755,3.021,3.274,2.497,1.794,1.178,0.896,0.642,0.68,1.123,1.885,2.409,3.151,4.183,4.721,4.826,4.805,4.597,4.773,4.85,4.482,4.333,4.175,3.47,3.544,3.225,3.069,2.368,1.875,1.023,0.814,0.561,0.541,0.714,1.038,1.477,2.028,2.897,3.764,4.185,4.984,4.799,4.693,4.673,4.586,4.593,4.35,3.838,3.353,2.777,2.628,1.702,0.848,0.66,0.44,0.457,0.966,2.812,5.151,5.738,5.366,4.386,4.061,4.266,4.473,4.747,4.748,5.11,5.828,5.43,4.093,2.935,2.542,2.197,1.566,1.082,0.662,0.554,0.44,0.484,0.986,2.999,5.396,6.148,4.748,4.334,4.107,4.239,4.478,4.414,4.525,4.694,6.074,5.617,4.214,3.032,2.639,2.766,2.781,2.634,0.811,0.534,0.443,0.485,1.045,2.899,5.218,6.2,5.686,4.255,4.119,4.146,4.283,4.243,4.443,4.626,6.01,6.033,4.554,3.39,2.505,1.904,1.791,1.089,0.814,0.539,0.442,0.478,0.941,2.736,4.953,5.863,5.568,4.785,4.369,4.696,4.622,4.643,5.154,5.365,6.048,5.648,4.252,3.353,2.859,3.055,2.726,1.358
218,1.794,1.178,0.896,0.642,0.68,1.123,1.885,2.409,3.151,4.183,4.721,4.826,4.805,4.597,4.773,4.85,4.482,4.333,4.175,3.47,3.544,3.225,3.069,2.368,1.875,1.023,0.814,0.561,0.541,0.714,1.038,1.477,2.028,2.897,3.764,4.185,4.984,4.799,4.693,4.673,4.586,4.593,4.35,3.838,3.353,2.777,2.628,1.702,0.848,0.66,0.44,0.457,0.966,2.812,5.151,5.738,5.366,4.386,4.061,4.266,4.473,4.747,4.748,5.11,5.828,5.43,4.093,2.935,2.542,2.197,1.566,1.082,0.662,0.554,0.44,0.484,0.986,2.999,5.396,6.148,4.748,4.334,4.107,4.239,4.478,4.414,4.525,4.694,6.074,5.617,4.214,3.032,2.639,2.766,2.781,2.634,0.811,0.534,0.443,0.485,1.045,2.899,5.218,6.2,5.686,4.255,4.119,4.146,4.283,4.243,4.443,4.626,6.01,6.033,4.554,3.39,2.505,1.904,1.791,1.089,0.814,0.539,0.442,0.478,0.941,2.736,4.953,5.863,5.568,4.785,4.369,4.696,4.622,4.643,5.154,5.365,6.048,5.648,4.252,3.353,2.859,3.055,2.726,1.358,0.874,0.556,0.436,0.549,1.056,2.864,5.232,6.034,5.393,4.497,4.222,4.394,4.52,4.568,4.773,5.442,5.729,4.877,3.942,3.045,2.62,2.611,2.451,1.752
219,1.875,1.023,0.814,0.561,0.541,0.714,1.038,1.477,2.028,2.897,3.764,4.185,4.984,4.799,4.693,4.673,4.586,4.593,4.35,3.838,3.353,2.777,2.628,1.702,0.848,0.66,0.44,0.457,0.966,2.812,5.151,5.738,5.366,4.386,4.061,4.266,4.473,4.747,4.748,5.11,5.828,5.43,4.093,2.935,2.542,2.197,1.566,1.082,0.662,0.554,0.44,0.484,0.986,2.999,5.396,6.148,4.748,4.334,4.107,4.239,4.478,4.414,4.525,4.694,6.074,5.617,4.214,3.032,2.639,2.766,2.781,2.634,0.811,0.534,0.443,0.485,1.045,2.899,5.218,6.2,5.686,4.255,4.119,4.146,4.283,4.243,4.443,4.626,6.01,6.033,4.554,3.39,2.505,1.904,1.791,1.089,0.814,0.539,0.442,0.478,0.941,2.736,4.953,5.863,5.568,4.785,4.369,4.696,4.622,4.643,5.154,5.365,6.048,5.648,4.252,3.353,2.859,3.055,2.726,1.358,0.874,0.556,0.436,0.549,1.056,2.864,5.232,6.034,5.393,4.497,4.222,4.394,4.52,4.568,4.773,5.442,5.729,4.877,3.942,3.045,2.62,2.611,2.451,1.752,1.721,1.165,0.692,0.404,0.294,0.508,0.862,1.115,1.741,2.687,3.586,4.009,4.037,4.04,4.203,4.195,4.226,4.001,3.942,3.782,3.65,3.258,3.292,2.239
220,0.848,0.66,0.44,0.457,0.966,2.812,5.151,5.738,5.366,4.386,4.061,4.266,4.473,4.747,4.748,5.11,5.828,5.43,4.093,2.935,2.542,2.197,1.566,1.082,0.662,0.554,0.44,0.484,0.986,2.999,5.396,6.148,4.748,4.334,4.107,4.239,4.478,4.414,4.525,4.694,6.074,5.617,4.214,3.032,2.639,2.766,2.781,2.634,0.811,0.534,0.443,0.485,1.045,2.899,5.218,6.2,5.686,4.255,4.119,4.146,4.283,4.243,4.443,4.626,6.01,6.033,4.554,3.39,2.505,1.904,1.791,1.089,0.814,0.539,0.442,0.478,0.941,2.736,4.953,5.863,5.568,4.785,4.369,4.696,4.622,4.643,5.154,5.365,6.048,5.648,4.252,3.353,2.859,3.055,2.726,1.358,0.874,0.556,0.436,0.549,1.056,2.864,5.232,6.034,5.393,4.497,4.222,4.394,4.52,4.568,4.773,5.442,5.729,4.877,3.942,3.045,2.62,2.611,2.451,1.752,1.721,1.165,0.692,0.404,0.294,0.508,0.862,1.115,1.741,2.687,3.586,4.009,4.037,4.04,4.203,4.195,4.226,4.001,3.942,3.782,3.65,3.258,3.292,2.239,1.721,1.165,0.692,0.404,0.294,0.468,0.791,1.021,1.591,2.452,3.046,3.83,4.187,3.874,4.243,4.229,4.282,3.892,3.788,3.51,3.282,2.601,2.031,1.311
221,0.662,0.554,0.44,0.484,0.986,2.999,5.396,6.148,4.748,4.334,4.107,4.239,4.478,4.414,4.525,4.694,6.074,5.617,4.214,3.032,2.639,2.766,2.781,2.634,0.811,0.534,0.443,0.485,1.045,2.899,5.218,6.2,5.686,4.255,4.119,4.146,4.283,4.243,4.443,4.626,6.01,6.033,4.554,3.39,2.505,1.904,1.791,1.089,0.814,0.539,0.442,0.478,0.941,2.736,4.953,5.863,5.568,4.785,4.369,4.696,4.622,4.643,5.154,5.365,6.048,5.648,4.252,3.353,2.859,3.055,2.726,1.358,0.874,0.556,0.436,0.549,1.056,2.864,5.232,6.034,5.393,4.497,4.222,4.394,4.52,4.568,4.773,5.442,5.729,4.877,3.942,3.045,2.62,2.611,2.451,1.752,1.721,1.165,0.692,0.404,0.294,0.508,0.862,1.115,1.741,2.687,3.586,4.009,4.037,4.04,4.203,4.195,4.226,4.001,3.942,3.782,3.65,3.258,3.292,2.239,1.721,1.165,0.692,0.404,0.294,0.468,0.791,1.021,1.591,2.452,3.046,3.83,4.187,3.874,4.243,4.229,4.282,3.892,3.788,3.51,3.282,2.601,2.031,1.311,0.616,0.393,0.27,0.314,0.859,2.739,5.016,5.876,5.284,4.322,4.201,4.344,4.51,4.8,4.73,5.014,5.982,5.421,3.903,2.9,2.605,2.132,1.545,0.971
222,0.811,0.534,0.443,0.485,1.045,2.899,5.218,6.2,5.686,4.255,4.119,4.146,4.283,4.243,4.443,4.626,6.01,6.033,4.554,3.39,2.505,1.904,1.791,1.089,0.814,0.539,0.442,0.478,0.941,2.736,4.953,5.863,5.568,4.785,4.369,4.696,4.622,4.643,5.154,5.365,6.048,5.648,4.252,3.353,2.859,3.055,2.726,1.358,0.874,0.556,0.436,0.549,1.056,2.864,5.232,6.034,5.393,4.497,4.222,4.394,4.52,4.568,4.773,5.442,5.729,4.877,3.942,3.045,2.62,2.611,2.451,1.752,1.721,1.165,0.692,0.404,0.294,0.508,0.862,1.115,1.741,2.687,3.586,4.009,4.037,4.04,4.203,4.195,4.226,4.001,3.942,3.782,3.65,3.258,3.292,2.239,1.721,1.165,0.692,0.404,0.294,0.468,0.791,1.021,1.591,2.452,3.046,3.83,4.187,3.874,4.243,4.229,4.282,3.892,3.788,3.51,3.282,2.601,2.031,1.311,0.616,0.393,0.27,0.314,0.859,2.739,5.016,5.876,5.284,4.322,4.201,4.344,4.51,4.8,4.73,5.014,5.982,5.421,3.903,2.9,2.605,2.132,1.545,0.971,0.637,0.406,0.271,0.349,0.824,2.908,5.291,5.969,5.373,4.759,4.454,4.553,4.646,4.514,4.838,5.254,5.86,4.913,3.881,2.703,2.445,2.178,1.718,1.086
223,0.814,0.539,0.442,0.478,0.941,2.736,4.953,5.863,5.568,4.785,4.369,4.696,4.622,4.643,5.154,5.365,6.048,5.648,4.252,3.353,2.859,3.055,2.726,1.358,0.874,0.556,0.436,0.549,1.056,2.864,5.232,6.034,5.393,4.497,4.222,4.394,4.52,4.568,4.773,5.442,5.729,4.877,3.942,3.045,2.62,2.611,2.451,1.752,1.721,1.165,0.692,0.404,0.294,0.508,0.862,1.115,1.741,2.687,3.586,4.009,4.037,4.04,4.203,4.195,4.226,4.001,3.942,3.782,3.65,3.258,3.292,2.239,1.721,1.165,0.692,0.404,0.294,0.468,0.791,1.021,1.591,2.452,3.046,3.83,4.187,3.874,4.243,4.229,4.282,3.892,3.788,3.51,3.282,2.601,2.031,1.311,0.616,0.393,0.27,0.314,0.859,2.739,5.016,5.876,5.284,4.322,4.201,4.344,4.51,4.8,4.73,5.014,5.982,5.421,3.903,2.9,2.605,2.132,1.545,0.971,0.637,0.406,0.271,0.349,0.824,2.908,5.291,5.969,5.373,4.759,4.454,4.553,4.646,4.514,4.838,5.254,5.86,4.913,3.881,2.703,2.445,2.178,1.718,1.086,0.74,0.53,0.392,0.393,0.925,2.841,5.42,5.657,5.853,4.681,4.154,4.484,4.738,4.584,5.123,5.219,6.104,5.382,4.084,3.091,2.87,2.486,1.689,1.149
224,0.874,0.556,0.436,0.549,1.056,2.864,5.232,6.034,5.393,4.497,4.222,4.394,4.52,4.568,4.773,5.442,5.729,4.877,3.942,3.045,2.62,2.611,2.451,1.752,1.721,1.165,0.692,0.404,0.294,0.508,0.862,1.115,1.741,2.687,3.586,4.009,4.037,4.04,4.203,4.195,4.226,4.001,3.942,3.782,3.65,3.258,3.292,2.239,1.721,1.165,0.692,0.404,0.294,0.468,0.791,1.021,1.591,2.452,3.046,3.83,4.187,3.874,4.243,4.229,4.282,3.892,3.788,3.51,3.282,2.601,2.031,1.311,0.616,0.393,0.27,0.314,0.859,2.739,5.016,5.876,5.284,4.322,4.201,4.344,4.51,4.8,4.73,5.014,5.982,5.421,3.903,2.9,2.605,2.132,1.545,0.971,0.637,0.406,0.271,0.349,0.824,2.908,5.291,5.969,5.373,4.759,4.454,4.553,4.646,4.514,4.838,5.254,5.86,4.913,3.881,2.703,2.445,2.178,1.718,1.086,0.74,0.53,0.392,0.393,0.925,2.841,5.42,5.657,5.853,4.681,4.154,4.484,4.738,4.584,5.123,5.219,6.104,5.382,4.084,3.091,2.87,2.486,1.689,1.149,0.62,0.387,0.314,0.396,0.86,2.782,5.171,5.906,5.386,4.638,4.416,4.729,4.767,4.144,4.725,5.343,6.021,5.8,4.522,3.093,2.67,2.403,1.877,1.169
225,1.721,1.165,0.692,0.404,0.294,0.508,0.862,1.115,1.741,2.687,3.586,4.009,4.037,4.04,4.203,4.195,4.226,4.001,3.942,3.782,3.65,3.258,3.292,2.239,1.721,1.165,0.692,0.404,0.294,0.468,0.791,1.021,1.591,2.452,3.046,3.83,4.187,3.874,4.243,4.229,4.282,3.892,3.788,3.51,3.282,2.601,2.031,1.311,0.616,0.393,0.27,0.314,0.859,2.739,5.016,5.876,5.284,4.322,4.201,4.344,4.51,4.8,4.73,5.014,5.982,5.421,3.903,2.9,2.605,2.132,1.545,0.971,0.637,0.406,0.271,0.349,0.824,2.908,5.291,5.969,5.373,4.759,4.454,4.553,4.646,4.514,4.838,5.254,5.86,4.913,3.881,2.703,2.445,2.178,1.718,1.086,0.74,0.53,0.392,0.393,0.925,2.841,5.42,5.657,5.853,4.681,4.154,4.484,4.738,4.584,5.123,5.219,6.104,5.382,4.084,3.091,2.87,2.486,1.689,1.149,0.62,0.387,0.314,0.396,0.86,2.782,5.171,5.906,5.386,4.638,4.416,4.729,4.767,4.144,4.725,5.343,6.021,5.8,4.522,3.093,2.67,2.403,1.877,1.169,0.922,0.617,0.556,0.526,0.853,2.521,4.74,5.8,4.986,4.623,4.384,4.881,5.33,4.926,5.347,5.631,6.128,5.259,4.065,3.258,3.052,2.718,2.407,1.887
226,1.721,1.165,0.692,0.404,0.294,0.468,0.791,1.021,1.591,2.452,3.046,3.83,4.187,3.874,4.243,4.229,4.282,3.892,3.788,3.51,3.282,2.601,2.031,1.311,0.616,0.393,0.27,0.314,0.859,2.739,5.016,5.876,5.284,4.322,4.201,4.344,4.51,4.8,4.73,5.014,5.982,5.421,3.903,2.9,2.605,2.132,1.545,0.971,0.637,0.406,0.271,0.349,0.824,2.908,5.291,5.969,5.373,4.759,4.454,4.553,4.646,4.514,4.838,5.254,5.86,4.913,3.881,2.703,2.445,2.178,1.718,1.086,0.74,0.53,0.392,0.393,0.925,2.841,5.42,5.657,5.853,4.681,4.154,4.484,4.738,4.584,5.123,5.219,6.104,5.382,4.084,3.091,2.87,2.486,1.689,1.149,0.62,0.387,0.314,0.396,0.86,2.782,5.171,5.906,5.386,4.638,4.416,4.729,4.767,4.144,4.725,5.343,6.021,5.8,4.522,3.093,2.67,2.403,1.877,1.169,0.922,0.617,0.556,0.526,0.853,2.521,4.74,5.8,4.986,4.623,4.384,4.881,5.33,4.926,5.347,5.631,6.128,5.259,4.065,3.258,3.052,2.718,2.407,1.887,1.192,0.772,0.588,0.4,0.44,0.747,1.206,1.814,2.334,3.005,3.294,3.924,4.165,4.154,4.399,4.788,4.489,4.188,3.607,3.18,2.934,3.014,2.602,2.338
227,0.616,0.393,0.27,0.314,0.859,2.739,5.016,5.876,5.284,4.322,4.201,4.344,4.51,4.8,4.73,5.014,5.982,5.421,3.903,2.9,2.605,2.132,1.545,0.971,0.637,0.406,0.271,0.349,0.824,2.908,5.291,5.969,5.373,4.759,4.454,4.553,4.646,4.514,4.838,5.254,5.86,4.913,3.881,2.703,2.445,2.178,1.718,1.086,0.74,0.53,0.392,0.393,0.925,2.841,5.42,5.657,5.853,4.681,4.154,4.484,4.738,4.584,5.123,5.219,6.104,5.382,4.084,3.091,2.87,2.486,1.689,1.149,0.62,0.387,0.314,0.396,0.86,2.782,5.171,5.906,5.386,4.638,4.416,4.729,4.767,4.144,4.725,5.343,6.021,5.8,4.522,3.093,2.67,2.403,1.877,1.169,0.922,0.617,0.556,0.526,0.853,2.521,4.74,5.8,4.986,4.623,4.384,4.881,5.33,4.926,5.347,5.631,6.128,5.259,4.065,3.258,3.052,2.718,2.407,1.887,1.192,0.772,0.588,0.4,0.44,0.747,1.206,1.814,2.334,3.005,3.294,3.924,4.165,4.154,4.399,4.788,4.489,4.188,3.607,3.18,2.934,3.014,2.602,2.338,1.524,1.145,0.681,0.493,0.435,0.606,0.911,1.249,1.755,2.636,3.182,3.654,3.997,4.024,4.243,4.19,4.24,4.266,4.067,3.235,2.952,2.693,1.901,1.143
228,0.637,0.406,0.271,0.349,0.824,2.908,5.291,5.969,5.373,4.759,4.454,4.553,4.646,4.514,4.838,5.254,5.86,4.913,3.881,2.703,2.445,2.178,1.718,1.086,0.74,0.53,0.392,0.393,0.925,2.841,5.42,5.657,5.853,4.681,4.154,4.484,4.738,4.584,5.123,5.219,6.104,5.382,4.084,3.091,2.87,2.486,1.689,1.149,0.62,0.387,0.314,0.396,0.86,2.782,5.171,5.906,5.386,4.638,4.416,4.729,4.767,4.144,4.725,5.343,6.021,5.8,4.522,3.093,2.67,2.403,1.877,1.169,0.922,0.617,0.556,0.526,0.853,2.521,4.74,5.8,4.986,4.623,4.384,4.881,5.33,4.926,5.347,5.631,6.128,5.259,4.065,3.258,3.052,2.718,2.407,1.887,1.192,0.772,0.588,0.4,0.44,0.747,1.206,1.814,2.334,3.005,3.294,3.924,4.165,4.154,4.399,4.788,4.489,4.188,3.607,3.18,2.934,3.014,2.602,2.338,1.524,1.145,0.681,0.493,0.435,0.606,0.911,1.249,1.755,2.636,3.182,3.654,3.997,4.024,4.243,4.19,4.24,4.266,4.067,3.235,2.952,2.693,1.901,1.143,0.668,0.537,0.389,0.527,0.943,2.817,5.406,6.201,5.397,4.328,4.125,4.255,4.518,4.494,5.012,5.062,5.866,5.474,3.898,2.908,2.796,2.588,1.832,1.051
229,0.74,0.53,0.392,0.393,0.925,2.841,5.42,5.657,5.853,4.681,4.154,4.484,4.738,4.584,5.123,5.219,6.104,5.382,4.084,3.091,2.87,2.486,1.689,1.149,0.62,0.387,0.314,0.396,0.86,2.782,5.171,5.906,5.386,4.638,4.416,4.729,4.767,4.144,4.725,5.343,6.021,5.8,4.522,3.093,2.67,2.403,1.877,1.169,0.922,0.617,0.556,0.526,0.853,2.521,4.74,5.8,4.986,4.623,4.384,4.881,5.33,4.926,5.347,5.631,6.128,5.259,4.065,3.258,3.052,2.718,2.407,1.887,1.192,0.772,0.588,0.4,0.44,0.747,1.206,1.814,2.334,3.005,3.294,3.924,4.165,4.154,4.399,4.788,4.489,4.188,3.607,3.18,2.934,3.014,2.602,2.338,1.524,1.145,0.681,0.493,0.435,0.606,0.911,1.249,1.755,2.636,3.182,3.654,3.997,4.024,4.243,4.19,4.24,4.266,4.067,3.235,2.952,2.693,1.901,1.143,0.668,0.537,0.389,0.527,0.943,2.817,5.406,6.201,5.397,4.328,4.125,4.255,4.518,4.494,5.012,5.062,5.866,5.474,3.898,2.908,2.796,2.588,1.832,1.051,0.655,0.44,0.322,0.408,0.914,2.69,4.953,5.731,5.648,4.348,4.257,4.35,4.897,4.549,5.106,5.67,6.343,5.856,4.242,3.389,2.665,2.298,1.52,0.874
230,0.62,0.387,0.314,0.396,0.86,2.782,5.171,5.906,5.386,4.638,4.416,4.729,4.767,4.144,4.725,5.343,6.021,5.8,4.522,3.093,2.67,2.403,1.877,1.169,0.922,0.617,0.556,0.526,0.853,2.521,4.74,5.8,4.986,4.623,4.384,4.881,5.33,4.926,5.347,5.631,6.128,5.259,4.065,3.258,3.052,2.718,2.407,1.887,1.192,0.772,0.588,0.4,0.44,0.747,1.206,1.814,2.334,3.005,3.294,3.924,4.165,4.154,4.399,4.788,4.489,4.188,3.607,3.18,2.934,3.014,2.602,2.338,1.524,1.145,0.681,0.493,0.435,0.606,0.911,1.249,1.755,2.636,3.182,3.654,3.997,4.024,4.243,4.19,4.24,4.266,4.067,3.235,2.952,2.693,1.901,1.143,0.668,0.537,0.389,0.527,0.943,2.817,5.406,6.201,5.397,4.328,4.125,4.255,4.518,4.494,5.012,5.062,5.866,5.474,3.898,2.908,2.796,2.588,1.832,1.051,0.655,0.44,0.322,0.408,0.914,2.69,4.953,5.731,5.648,4.348,4.257,4.35,4.897,4.549,5.106,5.67,6.343,5.856,4.242,3.389,2.665,2.298,1.52,0.874,0.558,0.337,0.25,0.328,0.926,2.849,5.407,6.068,5.736,4.872,4.462,4.602,4.832,4.675,5.115,5.579,6.726,0.0,4.37,3.356,3.03,2.615,1.865,1.169
231,0.922,0.617,0.556,0.526,0.853,2.521,4.74,5.8,4.986,4.623,4.384,4.881,5.33,4.926,5.347,5.631,6.128,5.259,4.065,3.258,3.052,2.718,2.407,1.887,1.192,0.772,0.588,0.4,0.44,0.747,1.206,1.814,2.334,3.005,3.294,3.924,4.165,4.154,4.399,4.788,4.489,4.188,3.607,3.18,2.934,3.014,2.602,2.338,1.524,1.145,0.681,0.493,0.435,0.606,0.911,1.249,1.755,2.636,3.182,3.654,3.997,4.024,4.243,4.19,4.24,4.266,4.067,3.235,2.952,2.693,1.901,1.143,0.668,0.537,0.389,0.527,0.943,2.817,5.406,6.201,5.397,4.328,4.125,4.255,4.518,4.494,5.012,5.062,5.866,5.474,3.898,2.908,2.796,2.588,1.832,1.051,0.655,0.44,0.322,0.408,0.914,2.69,4.953,5.731,5.648,4.348,4.257,4.35,4.897,4.549,5.106,5.67,6.343,5.856,4.242,3.389,2.665,2.298,1.52,0.874,0.558,0.337,0.25,0.328,0.926,2.849,5.407,6.068,5.736,4.872,4.462,4.602,4.832,4.675,5.115,5.579,6.726,0.0,4.37,3.356,3.03,2.615,1.865,1.169,0.655,0.44,0.322,0.408,0.914,2.925,5.404,6.256,5.798,5.308,4.895,5.106,4.866,4.808,5.157,5.431,5.933,5.621,4.274,3.18,3.022,2.792,1.921,1.252
232,1.192,0.772,0.588,0.4,0.44,0.747,1.206,1.814,2.334,3.005,3.294,3.924,4.165,4.154,4.399,4.788,4.489,4.188,3.607,3.18,2.934,3.014,2.602,2.338,1.524,1.145,0.681,0.493,0.435,0.606,0.911,1.249,1.755,2.636,3.182,3.654,3.997,4.024,4.243,4.19,4.24,4.266,4.067,3.235,2.952,2.693,1.901,1.143,0.668,0.537,0.389,0.527,0.943,2.817,5.406,6.201,5.397,4.328,4.125,4.255,4.518,4.494,5.012,5.062,5.866,5.474,3.898,2.908,2.796,2.588,1.832,1.051,0.655,0.44,0.322,0.408,0.914,2.69,4.953,5.731,5.648,4.348,4.257,4.35,4.897,4.549,5.106,5.67,6.343,5.856,4.242,3.389,2.665,2.298,1.52,0.874,0.558,0.337,0.25,0.328,0.926,2.849,5.407,6.068,5.736,4.872,4.462,4.602,4.832,4.675,5.115,5.579,6.726,0.0,4.37,3.356,3.03,2.615,1.865,1.169,0.655,0.44,0.322,0.408,0.914,2.925,5.404,6.256,5.798,5.308,4.895,5.106,4.866,4.808,5.157,5.431,5.933,5.621,4.274,3.18,3.022,2.792,1.921,1.252,0.739,0.447,0.327,0.37,0.872,2.715,4.631,5.602,5.732,5.011,4.736,5.205,5.304,5.09,5.12,5.531,5.876,5.081,4.31,3.383,2.92,2.603,2.273,1.726
233,1.524,1.145,0.681,0.493,0.435,0.606,0.911,1.249,1.755,2.636,3.182,3.654,3.997,4.024,4.243,4.19,4.24,4.266,4.067,3.235,2.952,2.693,1.901,1.143,0.668,0.537,0.389,0.527,0.943,2.817,5.406,6.201,5.397,4.328,4.125,4.255,4.518,4.494,5.012,5.062,5.866,5.474,3.898,2.908,2.796,2.588,1.832,1.051,0.655,0.44,0.322,0.408,0.914,2.69,4.953,5.731,5.648,4.348,4.257,4.35,4.897,4.549,5.106,5.67,6.343,5.856,4.242,3.389,2.665,2.298,1.52,0.874,0.558,0.337,0.25,0.328,0.926,2.849,5.407,6.068,5.736,4.872,4.462,4.602,4.832,4.675,5.115,5.579,6.726,0.0,4.37,3.356,3.03,2.615,1.865,1.169,0.655,0.44,0.322,0.408,0.914,2.925,5.404,6.256,5.798,5.308,4.895,5.106,4.866,4.808,5.157,5.431,5.933,5.621,4.274,3.18,3.022,2.792,1.921,1.252,0.739,0.447,0.327,0.37,0.872,2.715,4.631,5.602,5.732,5.011,4.736,5.205,5.304,5.09,5.12,5.531,5.876,5.081,4.31,3.383,2.92,2.603,2.273,1.726,1.342,0.882,0.62,0.41,0.408,0.744,1.223,1.72,3.051,3.693,4.008,4.265,4.25,4.275,4.224,4.438,4.331,3.969,3.389,2.902,2.755,2.545,2.316,1.867
234,0.668,0.537,0.389,0.527,0.943,2.817,5.406,6.201,5.397,4.328,4.125,4.255,4.518,4.494,5.012,5.062,5.866,5.474,3.898,2.908,2.796,2.588,1.832,1.051,0.655,0.44,0.322,0.408,0.914,2.69,4.953,5.731,5.648,4.348,4.257,4.35,4.897,4.549,5.106,5.67,6.343,5.856,4.242,3.389,2.665,2.298,1.52,0.874,0.558,0.337,0.25,0.328,0.926,2.849,5.407,6.068,5.736,4.872,4.462,4.602,4.832,4.675,5.115,5.579,6.726,0.0,4.37,3.356,3.03,2.615,1.865,1.169,0.655,0.44,0.322,0.408,0.914,2.925,5.404,6.256,5.798,5.308,4.895,5.106,4.866,4.808,5.157,5.431,5.933,5.621,4.274,3.18,3.022,2.792,1.921,1.252,0.739,0.447,0.327,0.37,0.872,2.715,4.631,5.602,5.732,5.011,4.736,5.205,5.304,5.09,5.12,5.531,5.876,5.081,4.31,3.383,2.92,2.603,2.273,1.726,1.342,0.882,0.62,0.41,0.408,0.744,1.223,1.72,3.051,3.693,4.008,4.265,4.25,4.275,4.224,4.438,4.331,3.969,3.389,2.902,2.755,2.545,2.316,1.867,1.51,1.05,0.656,0.443,0.383,0.588,0.912,1.228,2.609,3.444,3.853,4.238,4.117,4.163,4.369,4.198,4.124,3.793,3.375,3.031,2.966,2.321,1.654,1.069
235,0.655,0.44,0.322,0.408,0.914,2.69,4.953,5.731,5.648,4.348,4.257,4.35,4.897,4.549,5.106,5.67,6.343,5.856,4.242,3.389,2.665,2.298,1.52,0.874,0.558,0.337,0.25,0.328,0.926,2.849,5.407,6.068,5.736,4.872,4.462,4.602,4.832,4.675,5.115,5.579,6.726,0.0,4.37,3.356,3.03,2.615,1.865,1.169,0.655,0.44,0.322,0.408,0.914,2.925,5.404,6.256,5.798,5.308,4.895,5.106,4.866,4.808,5.157,5.431,5.933,5.621,4.274,3.18,3.022,2.792,1.921,1.252,0.739,0.447,0.327,0.37,0.872,2.715,4.631,5.602,5.732,5.011,4.736,5.205,5.304,5.09,5.12,5.531,5.876,5.081,4.31,3.383,2.92,2.603,2.273,1.726,1.342,0.882,0.62,0.41,0.408,0.744,1.223,1.72,3.051,3.693,4.008,4.265,4.25,4.275,4.224,4.438,4.331,3.969,3.389,2.902,2.755,2.545,2.316,1.867,1.51,1.05,0.656,0.443,0.383,0.588,0.912,1.228,2.609,3.444,3.853,4.238,4.117,4.163,4.369,4.198,4.124,3.793,3.375,3.031,2.966,2.321,1.654,1.069,0.628,0.381,0.295,0.322,0.867,2.842,5.237,5.918,4.699,4.247,4.039,4.163,4.284,4.084,4.179,4.968,6.049,5.576,3.919,2.885,2.465,2.147,1.69,1.001
236,0.558,0.337,0.25,0.328,0.926,2.849,5.407,6.068,5.736,4.872,4.462,4.602,4.832,4.675,5.115,5.579,6.726,0.0,4.37,3.356,3.03,2.615,1.865,1.169,0.655,0.44,0.322,0.408,0.914,2.925,5.404,6.256,5.798,5.308,4.895,5.106,4.866,4.808,5.157,5.431,5.933,5.621,4.274,3.18,3.022,2.792,1.921,1.252,0.739,0.447,0.327,0.37,0.872,2.715,4.631,5.602,5.732,5.011,4.736,5.205,5.304,5.09,5.12,5.531,5.876,5.081,4.31,3.383,2.92,2.603,2.273,1.726,1.342,0.882,0.62,0.41,0.408,0.744,1.223,1.72,3.051,3.693,4.008,4.265,4.25,4.275,4.224,4.438,4.331,3.969,3.389,2.902,2.755,2.545,2.316,1.867,1.51,1.05,0.656,0.443,0.383,0.588,0.912,1.228,2.609,3.444,3.853,4.238,4.117,4.163,4.369,4.198,4.124,3.793,3.375,3.031,2.966,2.321,1.654,1.069,0.628,0.381,0.295,0.322,0.867,2.842,5.237,5.918,4.699,4.247,4.039,4.163,4.284,4.084,4.179,4.968,6.049,5.576,3.919,2.885,2.465,2.147,1.69,1.001,0.543,0.356,0.225,0.356,0.881,2.874,5.17,5.739,5.806,5.294,4.79,4.664,4.845,4.816,4.978,5.583,6.243,5.727,4.221,2.932,2.7,2.344,1.73,1.065
237,0.655,0.44,0.322,0.408,0.914,2.925,5.404,6.256,5.798,5.308,4.895,5.106,4.866,4.808,5.157,5.431,5.933,5.621,4.274,3.18,3.022,2.792,1.921,1.252,0.739,0.447,0.327,0.37,0.872,2.715,4.631,5.602,5.732,5.011,4.736,5.205,5.304,5.09,5.12,5.531,5.876,5.081,4.31,3.383,2.92,2.603,2.273,1.726,1.342,0.882,0.62,0.41,0.408,0.744,1.223,1.72,3.051,3.693,4.008,4.265,4.25,4.275,4.224,4.438,4.331,3.969,3.389,2.902,2.755,2.545,2.316,1.867,1.51,1.05,0.656,0.443,0.383,0.588,0.912,1.228,2.609,3.444,3.853,4.238,4.117,4.163,4.369,4.198,4.124,3.793,3.375,3.031,2.966,2.321,1.654,1.069,0.628,0.381,0.295,0.322,0.867,2.842,5.237,5.918,4.699,4.247,4.039,4.163,4.284,4.084,4.179,4.968,6.049,5.576,3.919,2.885,2.465,2.147,1.69,1.001,0.543,0.356,0.225,0.356,0.881,2.874,5.17,5.739,5.806,5.294,4.79,4.664,4.845,4.816,4.978,5.583,6.243,5.727,4.221,2.932,2.7,2.344,1.73,1.065,0.57,0.348,0.281,0.327,0.872,2.841,5.314,6.111,5.815,4.368,4.137,4.091,4.182,4.147,4.369,4.819,6.17,4.919,3.582,2.575,2.385,2.27,1.112,0.009
238,0.739,0.447,0.327,0.37,0.872,2.715,4.631,5.602,5.732,5.011,4.736,5.205,5.304,5.09,5.12,5.531,5.876,5.081,4.31,3.383,2.92,2.603,2.273,1.726,1.342,0.882,0.62,0.41,0.408,0.744,1.223,1.72,3.051,3.693,4.008,4.265,4.25,4.275,4.224,4.438,4.331,3.969,3.389,2.902,2.755,2.545,2.316,1.867,1.51,1.05,0.656,0.443,0.383,0.588,0.912,1.228,2.609,3.444,3.853,4.238,4.117,4.163,4.369,4.198,4.124,3.793,3.375,3.031,2.966,2.321,1.654,1.069,0.628,0.381,0.295,0.322,0.867,2.842,5.237,5.918,4.699,4.247,4.039,4.163,4.284,4.084,4.179,4.968,6.049,5.576,3.919,2.885,2.465,2.147,1.69,1.001,0.543,0.356,0.225,0.356,0.881,2.874,5.17,5.739,5.806,5.294,4.79,4.664,4.845,4.816,4.978,5.583,6.243,5.727,4.221,2.932,2.7,2.344,1.73,1.065,0.57,0.348,0.281,0.327,0.872,2.841,5.314,6.111,5.815,4.368,4.137,4.091,4.182,4.147,4.369,4.819,6.17,4.919,3.582,2.575,2.385,2.27,1.112,0.009,0.011,0.002,0.005,0.203,0.772,2.827,5.18,6.066,5.447,4.944,4.705,4.758,5.013,0.0,0.0,0.0,6.054,5.71,4.934,3.25,2.821,2.533,2.059,1.273
239,1.342,0.882,0.62,0.41,0.408,0.744,1.223,1.72,3.051,3.693,4.008,4.265,4.25,4.275,4.224,4.438,4.331,3.969,3.389,2.902,2.755,2.545,2.316,1.867,1.51,1.05,0.656,0.443,0.383,0.588,0.912,1.228,2.609,3.444,3.853,4.238,4.117,4.163,4.369,4.198,4.124,3.793,3.375,3.031,2.966,2.321,1.654,1.069,0.628,0.381,0.295,0.322,0.867,2.842,5.237,5.918,4.699,4.247,4.039,4.163,4.284,4.084,4.179,4.968,6.049,5.576,3.919,2.885,2.465,2.147,1.69,1.001,0.543,0.356,0.225,0.356,0.881,2.874,5.17,5.739,5.806,5.294,4.79,4.664,4.845,4.816,4.978,5.583,6.243,5.727,4.221,2.932,2.7,2.344,1.73,1.065,0.57,0.348,0.281,0.327,0.872,2.841,5.314,6.111,5.815,4.368,4.137,4.091,4.182,4.147,4.369,4.819,6.17,4.919,3.582,2.575,2.385,2.27,1.112,0.009,0.011,0.002,0.005,0.203,0.772,2.827,5.18,6.066,5.447,4.944,4.705,4.758,5.013,0.0,0.0,0.0,6.054,5.71,4.934,3.25,2.821,2.533,2.059,1.273,0.717,0.44,0.336,0.374,0.769,2.55,5.021,5.704,5.143,4.739,4.735,4.969,5.218,5.024,5.139,5.307,5.411,4.717,4.112,3.324,2.915,2.742,2.503,1.923
240,1.51,1.05,0.656,0.443,0.383,0.588,0.912,1.228,2.609,3.444,3.853,4.238,4.117,4.163,4.369,4.198,4.124,3.793,3.375,3.031,2.966,2.321,1.654,1.069,0.628,0.381,0.295,0.322,0.867,2.842,5.237,5.918,4.699,4.247,4.039,4.163,4.284,4.084,4.179,4.968,6.049,5.576,3.919,2.885,2.465,2.147,1.69,1.001,0.543,0.356,0.225,0.356,0.881,2.874,5.17,5.739,5.806,5.294,4.79,4.664,4.845,4.816,4.978,5.583,6.243,5.727,4.221,2.932,2.7,2.344,1.73,1.065,0.57,0.348,0.281,0.327,0.872,2.841,5.314,6.111,5.815,4.368,4.137,4.091,4.182,4.147,4.369,4.819,6.17,4.919,3.582,2.575,2.385,2.27,1.112,0.009,0.011,0.002,0.005,0.203,0.772,2.827,5.18,6.066,5.447,4.944,4.705,4.758,5.013,0.0,0.0,0.0,6.054,5.71,4.934,3.25,2.821,2.533,2.059,1.273,0.717,0.44,0.336,0.374,0.769,2.55,5.021,5.704,5.143,4.739,4.735,4.969,5.218,5.024,5.139,5.307,5.411,4.717,4.112,3.324,2.915,2.742,2.503,1.923,1.253,0.884,0.721,0.411,0.36,0.677,1.382,2.285,3.121,3.713,4.091,4.232,4.312,4.257,4.118,4.152,3.974,3.522,3.248,2.744,2.635,2.682,2.37,1.777
241,0.628,0.381,0.295,0.322,0.867,2.842,5.237,5.918,4.699,4.247,4.039,4.163,4.284,4.084,4.179,4.968,6.049,5.576,3.919,2.885,2.465,2.147,1.69,1.001,0.543,0.356,0.225,0.356,0.881,2.874,5.17,5.739,5.806,5.294,4.79,4.664,4.845,4.816,4.978,5.583,6.243,5.727,4.221,2.932,2.7,2.344,1.73,1.065,0.57,0.348,0.281,0.327,0.872,2.841,5.314,6.111,5.815,4.368,4.137,4.091,4.182,4.147,4.369,4.819,6.17,4.919,3.582,2.575,2.385,2.27,1.112,0.009,0.011,0.002,0.005,0.203,0.772,2.827,5.18,6.066,5.447,4.944,4.705,4.758,5.013,0.0,0.0,0.0,6.054,5.71,4.934,3.25,2.821,2.533,2.059,1.273,0.717,0.44,0.336,0.374,0.769,2.55,5.021,5.704,5.143,4.739,4.735,4.969,5.218,5.024,5.139,5.307,5.411,4.717,4.112,3.324,2.915,2.742,2.503,1.923,1.253,0.884,0.721,0.411,0.36,0.677,1.382,2.285,3.121,3.713,4.091,4.232,4.312,4.257,4.118,4.152,3.974,3.522,3.248,2.744,2.635,2.682,2.37,1.777,1.466,0.691,0.607,0.411,0.36,0.668,1.352,2.228,3.04,3.614,3.981,4.028,4.284,4.013,3.866,3.962,3.826,3.47,3.193,2.888,2.773,2.368,2.083,1.471
242,0.543,0.356,0.225,0.356,0.881,2.874,5.17,5.739,5.806,5.294,4.79,4.664,4.845,4.816,4.978,5.583,6.243,5.727,4.221,2.932,2.7,2.344,1.73,1.065,0.57,0.348,0.281,0.327,0.872,2.841,5.314,6.111,5.815,4.368,4.137,4.091,4.182,4.147,4.369,4.819,6.17,4.919,3.582,2.575,2.385,2.27,1.112,0.009,0.011,0.002,0.005,0.203,0.772,2.827,5.18,6.066,5.447,4.944,4.705,4.758,5.013,0.0,0.0,0.0,6.054,5.71,4.934,3.25,2.821,2.533,2.059,1.273,0.717,0.44,0.336,0.374,0.769,2.55,5.021,5.704,5.143,4.739,4.735,4.969,5.218,5.024,5.139,5.307,5.411,4.717,4.112,3.324,2.915,2.742,2.503,1.923,1.253,0.884,0.721,0.411,0.36,0.677,1.382,2.285,3.121,3.713,4.091,4.232,4.312,4.257,4.118,4.152,3.974,3.522,3.248,2.744,2.635,2.682,2.37,1.777,1.466,0.691,0.607,0.411,0.36,0.668,1.352,2.228,3.04,3.614,3.981,4.028,4.284,4.013,3.866,3.962,3.826,3.47,3.193,2.888,2.773,2.368,2.083,1.471,1.064,0.537,0.369,0.25,0.278,0.637,1.05,1.327,1.752,2.377,2.962,3.615,3.959,3.804,4.134,3.946,3.693,3.518,3.153,2.751,2.299,1.857,1.385,0.92
243,0.57,0.348,0.281,0.327,0.872,2.841,5.314,6.111,5.815,4.368,4.137,4.091,4.182,4.147,4.369,4.819,6.17,4.919,3.582,2.575,2.385,2.27,1.112,0.009,0.011,0.002,0.005,0.203,0.772,2.827,5.18,6.066,5.447,4.944,4.705,4.758,5.013,0.0,0.0,0.0,6.054,5.71,4.934,3.25,2.821,2.533,2.059,1.273,0.717,0.44,0.336,0.374,0.769,2.55,5.021,5.704,5.143,4.739,4.735,4.969,5.218,5.024,5.139,5.307,5.411,4.717,4.112,3.324,2.915,2.742,2.503,1.923,1.253,0.884,0.721,0.411,0.36,0.677,1.382,2.285,3.121,3.713,4.091,4.232,4.312,4.257,4.118,4.152,3.974,3.522,3.248,2.744,2.635,2.682,2.37,1.777,1.466,0.691,0.607,0.411,0.36,0.668,1.352,2.228,3.04,3.614,3.981,4.028,4.284,4.013,3.866,3.962,3.826,3.47,3.193,2.888,2.773,2.368,2.083,1.471,1.064,0.537,0.369,0.25,0.278,0.637,1.05,1.327,1.752,2.377,2.962,3.615,3.959,3.804,4.134,3.946,3.693,3.518,3.153,2.751,2.299,1.857,1.385,0.92,0.466,0.277,0.249,0.31,0.78,2.607,4.763,5.62,5.267,4.767,4.024,4.335,4.3,4.294,4.782,5.141,6.074,4.75,4.044,2.628,2.227,2.004,1.41,0.851
244,0.011,0.002,0.005,0.203,0.772,2.827,5.18,6.066,5.447,4.944,4.705,4.758,5.013,0.0,0.0,0.0,6.054,5.71,4.934,3.25,2.821,2.533,2.059,1.273,0.717,0.44,0.336,0.374,0.769,2.55,5.021,5.704,5.143,4.739,4.735,4.969,5.218,5.024,5.139,5.307,5.411,4.717,4.112,3.324,2.915,2.742,2.503,1.923,1.253,0.884,0.721,0.411,0.36,0.677,1.382,2.285,3.121,3.713,4.091,4.232,4.312,4.257,4.118,4.152,3.974,3.522,3.248,2.744,2.635,2.682,2.37,1.777,1.466,0.691,0.607,0.411,0.36,0.668,1.352,2.228,3.04,3.614,3.981,4.028,4.284,4.013,3.866,3.962,3.826,3.47,3.193,2.888,2.773,2.368,2.083,1.471,1.064,0.537,0.369,0.25,0.278,0.637,1.05,1.327,1.752,2.377,2.962,3.615,3.959,3.804,4.134,3.946,3.693,3.518,3.153,2.751,2.299,1.857,1.385,0.92,0.466,0.277,0.249,0.31,0.78,2.607,4.763,5.62,5.267,4.767,4.024,4.335,4.3,4.294,4.782,5.141,6.074,4.75,4.044,2.628,2.227,2.004,1.41,0.851,0.426,0.293,0.227,0.315,0.847,2.874,5.53,5.903,5.732,4.926,4.056,4.323,4.442,4.392,4.82,5.186,6.244,4.527,3.861,2.533,2.335,2.056,0.907,0.001
245,0.717,0.44,0.336,0.374,0.769,2.55,5.021,5.704,5.143,4.739,4.735,4.969,5.218,5.024,5.139,5.307,5.411,4.717,4.112,3.324,2.915,2.742,2.503,1.923,1.253,0.884,0.721,0.411,0.36,0.677,1.382,2.285,3.121,3.713,4.091,4.232,4.312,4.257,4.118,4.152,3.974,3.522,3.248,2.744,2.635,2.682,2.37,1.777,1.466,0.691,0.607,0.411,0.36,0.668,1.352,2.228,3.04,3.614,3.981,4.028,4.284,4.013,3.866,3.962,3.826,3.47,3.193,2.888,2.773,2.368,2.083,1.471,1.064,0.537,0.369,0.25,0.278,0.637,1.05,1.327,1.752,2.377,2.962,3.615,3.959,3.804,4.134,3.946,3.693,3.518,3.153,2.751,2.299,1.857,1.385,0.92,0.466,0.277,0.249,0.31,0.78,2.607,4.763,5.62,5.267,4.767,4.024,4.335,4.3,4.294,4.782,5.141,6.074,4.75,4.044,2.628,2.227,2.004,1.41,0.851,0.426,0.293,0.227,0.315,0.847,2.874,5.53,5.903,5.732,4.926,4.056,4.323,4.442,4.392,4.82,5.186,6.244,4.527,3.861,2.533,2.335,2.056,0.907,0.001,0.007,0.003,0.003,0.001,0.685,2.842,5.589,5.923,5.505,4.959,4.22,4.451,4.569,4.407,4.926,5.342,6.176,5.45,4.232,3.333,3.018,2.534,2.09,2.657
246,1.253,0.884,0.721,0.411,0.36,0.677,1.382,2.285,3.121,3.713,4.091,4.232,4.312,4.257,4.118,4.152,3.974,3.522,3.248,2.744,2.635,2.682,2.37,1.777,1.466,0.691,0.607,0.411,0.36,0.668,1.352,2.228,3.04,3.614,3.981,4.028,4.284,4.013,3.866,3.962,3.826,3.47,3.193,2.888,2.773,2.368,2.083,1.471,1.064,0.537,0.369,0.25,0.278,0.637,1.05,1.327,1.752,2.377,2.962,3.615,3.959,3.804,4.134,3.946,3.693,3.518,3.153,2.751,2.299,1.857,1.385,0.92,0.466,0.277,0.249,0.31,0.78,2.607,4.763,5.62,5.267,4.767,4.024,4.335,4.3,4.294,4.782,5.141,6.074,4.75,4.044,2.628,2.227,2.004,1.41,0.851,0.426,0.293,0.227,0.315,0.847,2.874,5.53,5.903,5.732,4.926,4.056,4.323,4.442,4.392,4.82,5.186,6.244,4.527,3.861,2.533,2.335,2.056,0.907,0.001,0.007,0.003,0.003,0.001,0.685,2.842,5.589,5.923,5.505,4.959,4.22,4.451,4.569,4.407,4.926,5.342,6.176,5.45,4.232,3.333,3.018,2.534,2.09,2.657,0.745,0.413,0.277,0.355,0.851,2.763,5.411,5.945,6.022,4.081,4.7,4.722,4.92,4.575,5.015,5.518,6.156,5.656,4.79,3.578,2.874,2.857,2.672,1.739
247,1.466,0.691,0.607,0.411,0.36,0.668,1.352,2.228,3.04,3.614,3.981,4.028,4.284,4.013,3.866,3.962,3.826,3.47,3.193,2.888,2.773,2.368,2.083,1.471,1.064,0.537,0.369,0.25,0.278,0.637,1.05,1.327,1.752,2.377,2.962,3.615,3.959,3.804,4.134,3.946,3.693,3.518,3.153,2.751,2.299,1.857,1.385,0.92,0.466,0.277,0.249,0.31,0.78,2.607,4.763,5.62,5.267,4.767,4.024,4.335,4.3,4.294,4.782,5.141,6.074,4.75,4.044,2.628,2.227,2.004,1.41,0.851,0.426,0.293,0.227,0.315,0.847,2.874,5.53,5.903,5.732,4.926,4.056,4.323,4.442,4.392,4.82,5.186,6.244,4.527,3.861,2.533,2.335,2.056,0.907,0.001,0.007,0.003,0.003,0.001,0.685,2.842,5.589,5.923,5.505,4.959,4.22,4.451,4.569,4.407,4.926,5.342,6.176,5.45,4.232,3.333,3.018,2.534,2.09,2.657,0.745,0.413,0.277,0.355,0.851,2.763,5.411,5.945,6.022,4.081,4.7,4.722,4.92,4.575,5.015,5.518,6.156,5.656,4.79,3.578,2.874,2.857,2.672,1.739,1.374,0.986,0.747,0.585,0.708,1.094,1.858,2.859,3.748,4.477,4.766,4.575,4.936,4.687,4.599,4.49,4.67,4.482,4.071,3.508,3.376,3.074,3.013,2.358
248,1.064,0.537,0.369,0.25,0.278,0.637,1.05,1.327,1.752,2.377,2.962,3.615,3.959,3.804,4.134,3.946,3.693,3.518,3.153,2.751,2.299,1.857,1.385,0.92,0.466,0.277,0.249,0.31,0.78,2.607,4.763,5.62,5.267,4.767,4.024,4.335,4.3,4.294,4.782,5.141,6.074,4.75,4.044,2.628,2.227,2.004,1.41,0.851,0.426,0.293,0.227,0.315,0.847,2.874,5.53,5.903,5.732,4.926,4.056,4.323,4.442,4.392,4.82,5.186,6.244,4.527,3.861,2.533,2.335,2.056,0.907,0.001,0.007,0.003,0.003,0.001,0.685,2.842,5.589,5.923,5.505,4.959,4.22,4.451,4.569,4.407,4.926,5.342,6.176,5.45,4.232,3.333,3.018,2.534,2.09,2.657,0.745,0.413,0.277,0.355,0.851,2.763,5.411,5.945,6.022,4.081,4.7,4.722,4.92,4.575,5.015,5.518,6.156,5.656,4.79,3.578,2.874,2.857,2.672,1.739,1.374,0.986,0.747,0.585,0.708,1.094,1.858,2.859,3.748,4.477,4.766,4.575,4.936,4.687,4.599,4.49,4.67,4.482,4.071,3.508,3.376,3.074,3.013,2.358,1.909,1.32,0.902,0.519,0.578,0.724,1.276,1.859,2.265,3.021,3.958,4.674,4.511,4.226,4.106,4.539,4.775,4.405,4.049,3.618,3.112,2.124,1.461,0.954
249,0.466,0.277,0.249,0.31,0.78,2.607,4.763,5.62,5.267,4.767,4.024,4.335,4.3,4.294,4.782,5.141,6.074,4.75,4.044,2.628,2.227,2.004,1.41,0.851,0.426,0.293,0.227,0.315,0.847,2.874,5.53,5.903,5.732,4.926,4.056,4.323,4.442,4.392,4.82,5.186,6.244,4.527,3.861,2.533,2.335,2.056,0.907,0.001,0.007,0.003,0.003,0.001,0.685,2.842,5.589,5.923,5.505,4.959,4.22,4.451,4.569,4.407,4.926,5.342,6.176,5.45,4.232,3.333,3.018,2.534,2.09,2.657,0.745,0.413,0.277,0.355,0.851,2.763,5.411,5.945,6.022,4.081,4.7,4.722,4.92,4.575,5.015,5.518,6.156,5.656,4.79,3.578,2.874,2.857,2.672,1.739,1.374,0.986,0.747,0.585,0.708,1.094,1.858,2.859,3.748,4.477,4.766,4.575,4.936,4.687,4.599,4.49,4.67,4.482,4.071,3.508,3.376,3.074,3.013,2.358,1.909,1.32,0.902,0.519,0.578,0.724,1.276,1.859,2.265,3.021,3.958,4.674,4.511,4.226,4.106,4.539,4.775,4.405,4.049,3.618,3.112,2.124,1.461,0.954,0.53,0.307,0.248,0.318,0.896,2.818,5.562,5.952,5.759,4.38,4.26,4.212,4.29,4.398,4.876,5.187,6.263,4.828,4.13,2.79,2.263,2.025,1.422,0.89
250,0.426,0.293,0.227,0.315,0.847,2.874,5.53,5.903,5.732,4.926,4.056,4.323,4.442,4.392,4.82,5.186,6.244,4.527,3.861,2.533,2.335,2.056,0.907,0.001,0.007,0.003,0.003,0.001,0.685,2.842,5.589,5.923,5.505,4.959,4.22,4.451,4.569,4.407,4.926,5.342,6.176,5.45,4.232,3.333,3.018,2.534,2.09,2.657,0.745,0.413,0.277,0.355,0.851,2.763,5.411,5.945,6.022,4.081,4.7,4.722,4.92,4.575,5.015,5.518,6.156,5.656,4.79,3.578,2.874,2.857,2.672,1.739,1.374,0.986,0.747,0.585,0.708,1.094,1.858,2.859,3.748,4.477,4.766,4.575,4.936,4.687,4.599,4.49,4.67,4.482,4.071,3.508,3.376,3.074,3.013,2.358,1.909,1.32,0.902,0.519,0.578,0.724,1.276,1.859,2.265,3.021,3.958,4.674,4.511,4.226,4.106,4.539,4.775,4.405,4.049,3.618,3.112,2.124,1.461,0.954,0.53,0.307,0.248,0.318,0.896,2.818,5.562,5.952,5.759,4.38,4.26,4.212,4.29,4.398,4.876,5.187,6.263,4.828,4.13,2.79,2.263,2.025,1.422,0.89,0.509,0.321,0.25,0.331,0.842,2.846,5.605,6.057,5.628,5.337,4.313,4.405,4.706,4.666,4.928,5.467,6.29,6.013,4.3,3.138,2.747,2.29,1.688,0.99
251,0.007,0.003,0.003,0.001,0.685,2.842,5.589,5.923,5.505,4.959,4.22,4.451,4.569,4.407,4.926,5.342,6.176,5.45,4.232,3.333,3.018,2.534,2.09,2.657,0.745,0.413,0.277,0.355,0.851,2.763,5.411,5.945,6.022,4.081,4.7,4.722,4.92,4.575,5.015,5.518,6.156,5.656,4.79,3.578,2.874,2.857,2.672,1.739,1.374,0.986,0.747,0.585,0.708,1.094,1.858,2.859,3.748,4.477,4.766,4.575,4.936,4.687,4.599,4.49,4.67,4.482,4.071,3.508,3.376,3.074,3.013,2.358,1.909,1.32,0.902,0.519,0.578,0.724,1.276,1.859,2.265,3.021,3.958,4.674,4.511,4.226,4.106,4.539,4.775,4.405,4.049,3.618,3.112,2.124,1.461,0.954,0.53,0.307,0.248,0.318,0.896,2.818,5.562,5.952,5.759,4.38,4.26,4.212,4.29,4.398,4.876,5.187,6.263,4.828,4.13,2.79,2.263,2.025,1.422,0.89,0.509,0.321,0.25,0.331,0.842,2.846,5.605,6.057,5.628,5.337,4.313,4.405,4.706,4.666,4.928,5.467,6.29,6.013,4.3,3.138,2.747,2.29,1.688,0.99,0.558,0.343,0.252,0.342,0.857,2.857,5.493,6.304,5.905,5.059,4.465,4.507,4.706,4.632,4.953,5.27,6.152,5.646,4.347,3.154,2.895,2.317,1.613,1.007
252,0.745,0.413,0.277,0.355,0.851,2.763,5.411,5.945,6.022,4.081,4.7,4.722,4.92,4.575,5.015,5.518,6.156,5.656,4.79,3.578,2.874,2.857,2.672,1.739,1.374,0.986,0.747,0.585,0.708,1.094,1.858,2.859,3.748,4.477,4.766,4.575,4.936,4.687,4.599,4.49,4.67,4.482,4.071,3.508,3.376,3.074,3.013,2.358,1.909,1.32,0.902,0.519,0.578,0.724,1.276,1.859,2.265,3.021,3.958,4.674,4.511,4.226,4.106,4.539,4.775,4.405,4.049,3.618,3.112,2.124,1.461,0.954,0.53,0.307,0.248,0.318,0.896,2.818,5.562,5.952,5.759,4.38,4.26,4.212,4.29,4.398,4.876,5.187,6.263,4.828,4.13,2.79,2.263,2.025,1.422,0.89,0.509,0.321,0.25,0.331,0.842,2.846,5.605,6.057,5.628,5.337,4.313,4.405,4.706,4.666,4.928,5.467,6.29,6.013,4.3,3.138,2.747,2.29,1.688,0.99,0.558,0.343,0.252,0.342,0.857,2.857,5.493,6.304,5.905,5.059,4.465,4.507,4.706,4.632,4.953,5.27,6.152,5.646,4.347,3.154,2.895,2.317,1.613,1.007,0.546,0.347,0.255,0.359,0.865,2.809,4.885,6.329,5.919,5.02,4.366,4.549,4.857,4.65,5.164,5.705,5.34,5.272,4.024,3.02,2.514,2.385,2.225,1.161
253,1.374,0.986,0.747,0.585,0.708,1.094,1.858,2.859,3.748,4.477,4.766,4.575,4.936,4.687,4.599,4.49,4.67,4.482,4.071,3.508,3.376,3.074,3.013,2.358,1.909,1.32,0.902,0.519,0.578,0.724,1.276,1.859,2.265,3.021,3.958,4.674,4.511,4.226,4.106,4.539,4.775,4.405,4.049,3.618,3.112,2.124,1.461,0.954,0.53,0.307,0.248,0.318,0.896,2.818,5.562,5.952,5.759,4.38,4.26,4.212,4.29,4.398,4.876,5.187,6.263,4.828,4.13,2.79,2.263,2.025,1.422,0.89,0.509,0.321,0.25,0.331,0.842,2.846,5.605,6.057,5.628,5.337,4.313,4.405,4.706,4.666,4.928,5.467,6.29,6.013,4.3,3.138,2.747,2.29,1.688,0.99,0.558,0.343,0.252,0.342,0.857,2.857,5.493,6.304,5.905,5.059,4.465,4.507,4.706,4.632,4.953,5.27,6.152,5.646,4.347,3.154,2.895,2.317,1.613,1.007,0.546,0.347,0.255,0.359,0.865,2.809,4.885,6.329,5.919,5.02,4.366,4.549,4.857,4.65,5.164,5.705,5.34,5.272,4.024,3.02,2.514,2.385,2.225,1.161,0.648,0.397,0.257,0.358,0.826,2.707,5.391,6.261,5.66,4.817,4.416,4.801,4.772,4.711,4.989,5.596,6.02,4.502,3.46,3.206,2.83,2.65,1.973,1.238
254,1.909,1.32,0.902,0.519,0.578,0.724,1.276,1.859,2.265,3.021,3.958,4.674,4.511,4.226,4.106,4.539,4.775,4.405,4.049,3.618,3.112,2.124,1.461,0.954,0.53,0.307,0.248,0.318,0.896,2.818,5.562,5.952,5.759,4.38,4.26,4.212,4.29,4.398,4.876,5.187,6.263,4.828,4.13,2.79,2.263,2.025,1.422,0.89,0.509,0.321,0.25,0.331,0.842,2.846,5.605,6.057,5.628,5.337,4.313,4.405,4.706,4.666,4.928,5.467,6.29,6.013,4.3,3.138,2.747,2.29,1.688,0.99,0.558,0.343,0.252,0.342,0.857,2.857,5.493,6.304,5.905,5.059,4.465,4.507,4.706,4.632,4.953,5.27,6.152,5.646,4.347,3.154,2.895,2.317,1.613,1.007,0.546,0.347,0.255,0.359,0.865,2.809,4.885,6.329,5.919,5.02,4.366,4.549,4.857,4.65,5.164,5.705,5.34,5.272,4.024,3.02,2.514,2.385,2.225,1.161,0.648,0.397,0.257,0.358,0.826,2.707,5.391,6.261,5.66,4.817,4.416,4.801,4.772,4.711,4.989,5.596,6.02,4.502,3.46,3.206,2.83,2.65,1.973,1.238,1.193,0.8,0.512,0.391,0.422,0.704,1.58,2.43,3.364,3.916,4.235,4.776,4.813,4.408,4.487,4.342,4.459,4.636,4.019,3.592,3.258,2.932,3.029,2.984
255,0.53,0.307,0.248,0.318,0.896,2.818,5.562,5.952,5.759,4.38,4.26,4.212,4.29,4.398,4.876,5.187,6.263,4.828,4.13,2.79,2.263,2.025,1.422,0.89,0.509,0.321,0.25,0.331,0.842,2.846,5.605,6.057,5.628,5.337,4.313,4.405,4.706,4.666,4.928,5.467,6.29,6.013,4.3,3.138,2.747,2.29,1.688,0.99,0.558,0.343,0.252,0.342,0.857,2.857,5.493,6.304,5.905,5.059,4.465,4.507,4.706,4.632,4.953,5.27,6.152,5.646,4.347,3.154,2.895,2.317,1.613,1.007,0.546,0.347,0.255,0.359,0.865,2.809,4.885,6.329,5.919,5.02,4.366,4.549,4.857,4.65,5.164,5.705,5.34,5.272,4.024,3.02,2.514,2.385,2.225,1.161,0.648,0.397,0.257,0.358,0.826,2.707,5.391,6.261,5.66,4.817,4.416,4.801,4.772,4.711,4.989,5.596,6.02,4.502,3.46,3.206,2.83,2.65,1.973,1.238,1.193,0.8,0.512,0.391,0.422,0.704,1.58,2.43,3.364,3.916,4.235,4.776,4.813,4.408,4.487,4.342,4.459,4.636,4.019,3.592,3.258,2.932,3.029,2.984,1.617,0.939,0.623,0.391,0.422,0.666,1.204,1.794,2.948,3.422,3.759,0.0,0.0,4.835,4.933,4.959,5.053,4.609,4.223,3.201,2.494,2.11,1.671,1.712
256,0.509,0.321,0.25,0.331,0.842,2.846,5.605,6.057,5.628,5.337,4.313,4.405,4.706,4.666,4.928,5.467,6.29,6.013,4.3,3.138,2.747,2.29,1.688,0.99,0.558,0.343,0.252,0.342,0.857,2.857,5.493,6.304,5.905,5.059,4.465,4.507,4.706,4.632,4.953,5.27,6.152,5.646,4.347,3.154,2.895,2.317,1.613,1.007,0.546,0.347,0.255,0.359,0.865,2.809,4.885,6.329,5.919,5.02,4.366,4.549,4.857,4.65,5.164,5.705,5.34,5.272,4.024,3.02,2.514,2.385,2.225,1.161,0.648,0.397,0.257,0.358,0.826,2.707,5.391,6.261,5.66,4.817,4.416,4.801,4.772,4.711,4.989,5.596,6.02,4.502,3.46,3.206,2.83,2.65,1.973,1.238,1.193,0.8,0.512,0.391,0.422,0.704,1.58,2.43,3.364,3.916,4.235,4.776,4.813,4.408,4.487,4.342,4.459,4.636,4.019,3.592,3.258,2.932,3.029,2.984,1.617,0.939,0.623,0.391,0.422,0.666,1.204,1.794,2.948,3.422,3.759,0.0,0.0,4.835,4.933,4.959,5.053,4.609,4.223,3.201,2.494,2.11,1.671,1.712,0.757,0.482,0.354,0.387,0.969,2.845,5.615,6.298,5.294,4.728,4.189,4.343,4.215,4.199,4.442,4.944,6.078,5.5,4.047,3.137,2.372,2.073,1.446,0.898
257,0.558,0.343,0.252,0.342,0.857,2.857,5.493,6.304,5.905,5.059,4.465,4.507,4.706,4.632,4.953,5.27,6.152,5.646,4.347,3.154,2.895,2.317,1.613,1.007,0.546,0.347,0.255,0.359,0.865,2.809,4.885,6.329,5.919,5.02,4.366,4.549,4.857,4.65,5.164,5.705,5.34,5.272,4.024,3.02,2.514,2.385,2.225,1.161,0.648,0.397,0.257,0.358,0.826,2.707,5.391,6.261,5.66,4.817,4.416,4.801,4.772,4.711,4.989,5.596,6.02,4.502,3.46,3.206,2.83,2.65,1.973,1.238,1.193,0.8,0.512,0.391,0.422,0.704,1.58,2.43,3.364,3.916,4.235,4.776,4.813,4.408,4.487,4.342,4.459,4.636,4.019,3.592,3.258,2.932,3.029,2.984,1.617,0.939,0.623,0.391,0.422,0.666,1.204,1.794,2.948,3.422,3.759,0.0,0.0,4.835,4.933,4.959,5.053,4.609,4.223,3.201,2.494,2.11,1.671,1.712,0.757,0.482,0.354,0.387,0.969,2.845,5.615,6.298,5.294,4.728,4.189,4.343,4.215,4.199,4.442,4.944,6.078,5.5,4.047,3.137,2.372,2.073,1.446,0.898,0.578,0.396,0.391,0.518,1.116,3.176,5.904,5.887,6.224,0.0,4.438,4.22,4.415,4.351,4.451,4.928,6.356,6.026,4.469,3.233,2.755,2.298,1.55,0.997
258,0.546,0.347,0.255,0.359,0.865,2.809,4.885,6.329,5.919,5.02,4.366,4.549,4.857,4.65,5.164,5.705,5.34,5.272,4.024,3.02,2.514,2.385,2.225,1.161,0.648,0.397,0.257,0.358,0.826,2.707,5.391,6.261,5.66,4.817,4.416,4.801,4.772,4.711,4.989,5.596,6.02,4.502,3.46,3.206,2.83,2.65,1.973,1.238,1.193,0.8,0.512,0.391,0.422,0.704,1.58,2.43,3.364,3.916,4.235,4.776,4.813,4.408,4.487,4.342,4.459,4.636,4.019,3.592,3.258,2.932,3.029,2.984,1.617,0.939,0.623,0.391,0.422,0.666,1.204,1.794,2.948,3.422,3.759,0.0,0.0,4.835,4.933,4.959,5.053,4.609,4.223,3.201,2.494,2.11,1.671,1.712,0.757,0.482,0.354,0.387,0.969,2.845,5.615,6.298,5.294,4.728,4.189,4.343,4.215,4.199,4.442,4.944,6.078,5.5,4.047,3.137,2.372,2.073,1.446,0.898,0.578,0.396,0.391,0.518,1.116,3.176,5.904,5.887,6.224,0.0,4.438,4.22,4.415,4.351,4.451,4.928,6.356,6.026,4.469,3.233,2.755,2.298,1.55,0.997,0.448,0.311,0.239,0.335,0.853,2.821,5.631,6.419,6.011,5.086,4.325,4.557,4.654,4.499,4.827,5.365,6.395,5.899,4.258,3.164,0.0,2.086,1.329,0.793
259,0.648,0.397,0.257,0.358,0.826,2.707,5.391,6.261,5.66,4.817,4.416,4.801,4.772,4.711,4.989,5.596,6.02,4.502,3.46,3.206,2.83,2.65,1.973,1.238,1.193,0.8,0.512,0.391,0.422,0.704,1.58,2.43,3.364,3.916,4.235,4.776,4.813,4.408,4.487,4.342,4.459,4.636,4.019,3.592,3.258,2.932,3.029,2.984,1.617,0.939,0.623,0.391,0.422,0.666,1.204,1.794,2.948,3.422,3.759,0.0,0.0,4.835,4.933,4.959,5.053,4.609,4.223,3.201,2.494,2.11,1.671,1.712,0.757,0.482,0.354,0.387,0.969,2.845,5.615,6.298,5.294,4.728,4.189,4.343,4.215,4.199,4.442,4.944,6.078,5.5,4.047,3.137,2.372,2.073,1.446,0.898,0.578,0.396,0.391,0.518,1.116,3.176,5.904,5.887,6.224,0.0,4.438,4.22,4.415,4.351,4.451,4.928,6.356,6.026,4.469,3.233,2.755,2.298,1.55,0.997,0.448,0.311,0.239,0.335,0.853,2.821,5.631,6.419,6.011,5.086,4.325,4.557,4.654,4.499,4.827,5.365,6.395,5.899,4.258,3.164,0.0,2.086,1.329,0.793,0.444,0.291,0.218,0.313,0.9,2.758,5.559,5.868,5.456,4.769,4.434,4.452,4.524,4.671,5.03,5.47,6.597,5.934,4.449,3.058,2.462,2.036,1.155,0.854
260,1.193,0.8,0.512,0.391,0.422,0.704,1.58,2.43,3.364,3.916,4.235,4.776,4.813,4.408,4.487,4.342,4.459,4.636,4.019,3.592,3.258,2.932,3.029,2.984,1.617,0.939,0.623,0.391,0.422,0.666,1.204,1.794,2.948,3.422,3.759,0.0,0.0,4.835,4.933,4.959,5.053,4.609,4.223,3.201,2.494,2.11,1.671,1.712,0.757,0.482,0.354,0.387,0.969,2.845,5.615,6.298,5.294,4.728,4.189,4.343,4.215,4.199,4.442,4.944,6.078,5.5,4.047,3.137,2.372,2.073,1.446,0.898,0.578,0.396,0.391,0.518,1.116,3.176,5.904,5.887,6.224,0.0,4.438,4.22,4.415,4.351,4.451,4.928,6.356,6.026,4.469,3.233,2.755,2.298,1.55,0.997,0.448,0.311,0.239,0.335,0.853,2.821,5.631,6.419,6.011,5.086,4.325,4.557,4.654,4.499,4.827,5.365,6.395,5.899,4.258,3.164,0.0,2.086,1.329,0.793,0.444,0.291,0.218,0.313,0.9,2.758,5.559,5.868,5.456,4.769,4.434,4.452,4.524,4.671,5.03,5.47,6.597,5.934,4.449,3.058,2.462,2.036,1.155,0.854,0.624,0.379,0.262,0.358,0.781,2.617,5.345,6.098,4.934,4.724,4.261,4.394,4.5,4.538,4.794,5.4,5.644,5.173,4.356,3.243,2.571,2.755,2.304,1.604
261,1.617,0.939,0.623,0.391,0.422,0.666,1.204,1.794,2.948,3.422,3.759,0.0,0.0,4.835,4.933,4.959,5.053,4.609,4.223,3.201,2.494,2.11,1.671,1.712,0.757,0.482,0.354,0.387,0.969,2.845,5.615,6.298,5.294,4.728,4.189,4.343,4.215,4.199,4.442,4.944,6.078,5.5,4.047,3.137,2.372,2.073,1.446,0.898,0.578,0.396,0.391,0.518,1.116,3.176,5.904,5.887,6.224,0.0,4.438,4.22,4.415,4.351,4.451,4.928,6.356,6.026,4.469,3.233,2.755,2.298,1.55,0.997,0.448,0.311,0.239,0.335,0.853,2.821,5.631,6.419,6.011,5.086,4.325,4.557,4.654,4.499,4.827,5.365,6.395,5.899,4.258,3.164,0.0,2.086,1.329,0.793,0.444,0.291,0.218,0.313,0.9,2.758,5.559,5.868,5.456,4.769,4.434,4.452,4.524,4.671,5.03,5.47,6.597,5.934,4.449,3.058,2.462,2.036,1.155,0.854,0.624,0.379,0.262,0.358,0.781,2.617,5.345,6.098,4.934,4.724,4.261,4.394,4.5,4.538,4.794,5.4,5.644,5.173,4.356,3.243,2.571,2.755,2.304,1.604,1.089,0.793,0.592,0.448,0.514,0.968,1.66,2.542,3.47,4.187,4.404,4.104,4.666,4.471,4.483,4.489,4.536,4.448,4.15,3.608,3.135,2.937,2.734,2.54
262,0.757,0.482,0.354,0.387,0.969,2.845,5.615,6.298,5.294,4.728,4.189,4.343,4.215,4.199,4.442,4.944,6.078,5.5,4.047,3.137,2.372,2.073,1.446,0.898,0.578,0.396,0.391,0.518,1.116,3.176,5.904,5.887,6.224,0.0,4.438,4.22,4.415,4.351,4.451,4.928,6.356,6.026,4.469,3.233,2.755,2.298,1.55,0.997,0.448,0.311,0.239,0.335,0.853,2.821,5.631,6.419,6.011,5.086,4.325,4.557,4.654,4.499,4.827,5.365,6.395,5.899,4.258,3.164,0.0,2.086,1.329,0.793,0.444,0.291,0.218,0.313,0.9,2.758,5.559,5.868,5.456,4.769,4.434,4.452,4.524,4.671,5.03,5.47,6.597,5.934,4.449,3.058,2.462,2.036,1.155,0.854,0.624,0.379,0.262,0.358,0.781,2.617,5.345,6.098,4.934,4.724,4.261,4.394,4.5,4.538,4.794,5.4,5.644,5.173,4.356,3.243,2.571,2.755,2.304,1.604,1.089,0.793,0.592,0.448,0.514,0.968,1.66,2.542,3.47,4.187,4.404,4.104,4.666,4.471,4.483,4.489,4.536,4.448,4.15,3.608,3.135,2.937,2.734,2.54,1.409,1.0,0.656,0.412,0.375,0.541,0.89,1.293,1.963,2.854,3.718,4.191,4.587,4.246,4.118,4.787,4.7,0.0,4.255,3.52,2.71,2.153,1.821,1.261
263,0.578,0.396,0.391,0.518,1.116,3.176,5.904,5.887,6.224,0.0,4.438,4.22,4.415,4.351,4.451,4.928,6.356,6.026,4.469,3.233,2.755,2.298,1.55,0.997,0.448,0.311,0.239,0.335,0.853,2.821,5.631,6.419,6.011,5.086,4.325,4.557,4.654,4.499,4.827,5.365,6.395,5.899,4.258,3.164,0.0,2.086,1.329,0.793,0.444,0.291,0.218,0.313,0.9,2.758,5.559,5.868,5.456,4.769,4.434,4.452,4.524,4.671,5.03,5.47,6.597,5.934,4.449,3.058,2.462,2.036,1.155,0.854,0.624,0.379,0.262,0.358,0.781,2.617,5.345,6.098,4.934,4.724,4.261,4.394,4.5,4.538,4.794,5.4,5.644,5.173,4.356,3.243,2.571,2.755,2.304,1.604,1.089,0.793,0.592,0.448,0.514,0.968,1.66,2.542,3.47,4.187,4.404,4.104,4.666,4.471,4.483,4.489,4.536,4.448,4.15,3.608,3.135,2.937,2.734,2.54,1.409,1.0,0.656,0.412,0.375,0.541,0.89,1.293,1.963,2.854,3.718,4.191,4.587,4.246,4.118,4.787,4.7,0.0,4.255,3.52,2.71,2.153,1.821,1.261,0.449,0.528,0.418,0.392,0.922,2.83,5.646,6.049,5.9,4.697,3.878,4.21,4.17,4.321,4.639,5.124,6.022,5.439,4.044,2.986,2.277,1.842,1.475,0.845
264,0.448,0.311,0.239,0.335,0.853,2.821,5.631,6.419,6.011,5.086,4.325,4.557,4.654,4.499,4.827,5.365,6.395,5.899,4.258,3.164,0.0,2.086,1.329,0.793,0.444,0.291,0.218,0.313,0.9,2.758,5.559,5.868,5.456,4.769,4.434,4.452,4.524,4.671,5.03,5.47,6.597,5.934,4.449,3.058,2.462,2.036,1.155,0.854,0.624,0.379,0.262,0.358,0.781,2.617,5.345,6.098,4.934,4.724,4.261,4.394,4.5,4.538,4.794,5.4,5.644,5.173,4.356,3.243,2.571,2.755,2.304,1.604,1.089,0.793,0.592,0.448,0.514,0.968,1.66,2.542,3.47,4.187,4.404,4.104,4.666,4.471,4.483,4.489,4.536,4.448,4.15,3.608,3.135,2.937,2.734,2.54,1.409,1.0,0.656,0.412,0.375,0.541,0.89,1.293,1.963,2.854,3.718,4.191,4.587,4.246,4.118,4.787,4.7,0.0,4.255,3.52,2.71,2.153,1.821,1.261,0.449,0.528,0.418,0.392,0.922,2.83,5.646,6.049,5.9,4.697,3.878,4.21,4.17,4.321,4.639,5.124,6.022,5.439,4.044,2.986,2.277,1.842,1.475,0.845,0.499,0.281,0.221,0.309,0.788,2.823,5.75,0.0,5.537,4.531,3.968,4.281,4.406,4.232,4.505,5.062,6.054,5.442,4.001,2.813,2.576,3.382,1.866,0.952
265,0.444,0.291,0.218,0.313,0.9,2.758,5.559,5.868,5.456,4.769,4.434,4.452,4.524,4.671,5.03,5.47,6.597,5.934,4.449,3.058,2.462,2.036,1.155,0.854,0.624,0.379,0.262,0.358,0.781,2.617,5.345,6.098,4.934,4.724,4.261,4.394,4.5,4.538,4.794,5.4,5.644,5.173,4.356,3.243,2.571,2.755,2.304,1.604,1.089,0.793,0.592,0.448,0.514,0.968,1.66,2.542,3.47,4.187,4.404,4.104,4.666,4.471,4.483,4.489,4.536,4.448,4.15,3.608,3.135,2.937,2.734,2.54,1.409,1.0,0.656,0.412,0.375,0.541,0.89,1.293,1.963,2.854,3.718,4.191,4.587,4.246,4.118,4.787,4.7,0.0,4.255,3.52,2.71,2.153,1.821,1.261,0.449,0.528,0.418,0.392,0.922,2.83,5.646,6.049,5.9,4.697,3.878,4.21,4.17,4.321,4.639,5.124,6.022,5.439,4.044,2.986,2.277,1.842,1.475,0.845,0.499,0.281,0.221,0.309,0.788,2.823,5.75,0.0,5.537,4.531,3.968,4.281,4.406,4.232,4.505,5.062,6.054,5.442,4.001,2.813,2.576,3.382,1.866,0.952,0.5,0.312,0.237,0.341,0.843,2.844,5.691,6.228,5.703,4.9,4.253,4.392,4.501,4.285,4.796,5.376,6.443,5.719,4.341,3.141,2.534,2.261,1.156,0.713
266,0.624,0.379,0.262,0.358,0.781,2.617,5.345,6.098,4.934,4.724,4.261,4.394,4.5,4.538,4.794,5.4,5.644,5.173,4.356,3.243,2.571,2.755,2.304,1.604,1.089,0.793,0.592,0.448,0.514,0.968,1.66,2.542,3.47,4.187,4.404,4.104,4.666,4.471,4.483,4.489,4.536,4.448,4.15,3.608,3.135,2.937,2.734,2.54,1.409,1.0,0.656,0.412,0.375,0.541,0.89,1.293,1.963,2.854,3.718,4.191,4.587,4.246,4.118,4.787,4.7,0.0,4.255,3.52,2.71,2.153,1.821,1.261,0.449,0.528,0.418,0.392,0.922,2.83,5.646,6.049,5.9,4.697,3.878,4.21,4.17,4.321,4.639,5.124,6.022,5.439,4.044,2.986,2.277,1.842,1.475,0.845,0.499,0.281,0.221,0.309,0.788,2.823,5.75,0.0,5.537,4.531,3.968,4.281,4.406,4.232,4.505,5.062,6.054,5.442,4.001,2.813,2.576,3.382,1.866,0.952,0.5,0.312,0.237,0.341,0.843,2.844,5.691,6.228,5.703,4.9,4.253,4.392,4.501,4.285,4.796,5.376,6.443,5.719,4.341,3.141,2.534,2.261,1.156,0.713,0.42,0.359,0.253,0.359,0.841,2.847,5.83,6.307,5.836,4.874,4.365,4.387,4.484,4.413,4.569,5.263,6.299,5.551,4.132,3.435,2.765,2.443,2.076,1.116
267,1.089,0.793,0.592,0.448,0.514,0.968,1.66,2.542,3.47,4.187,4.404,4.104,4.666,4.471,4.483,4.489,4.536,4.448,4.15,3.608,3.135,2.937,2.734,2.54,1.409,1.0,0.656,0.412,0.375,0.541,0.89,1.293,1.963,2.854,3.718,4.191,4.587,4.246,4.118,4.787,4.7,0.0,4.255,3.52,2.71,2.153,1.821,1.261,0.449,0.528,0.418,0.392,0.922,2.83,5.646,6.049,5.9,4.697,3.878,4.21,4.17,4.321,4.639,5.124,6.022,5.439,4.044,2.986,2.277,1.842,1.475,0.845,0.499,0.281,0.221,0.309,0.788,2.823,5.75,0.0,5.537,4.531,3.968,4.281,4.406,4.232,4.505,5.062,6.054,5.442,4.001,2.813,2.576,3.382,1.866,0.952,0.5,0.312,0.237,0.341,0.843,2.844,5.691,6.228,5.703,4.9,4.253,4.392,4.501,4.285,4.796,5.376,6.443,5.719,4.341,3.141,2.534,2.261,1.156,0.713,0.42,0.359,0.253,0.359,0.841,2.847,5.83,6.307,5.836,4.874,4.365,4.387,4.484,4.413,4.569,5.263,6.299,5.551,4.132,3.435,2.765,2.443,2.076,1.116,0.66,0.384,0.281,0.395,0.81,2.588,5.522,6.301,5.267,4.692,4.383,4.607,4.718,4.443,4.98,5.183,5.756,5.028,4.54,3.593,2.947,3.722,2.442,1.727
268,1.409,1.0,0.656,0.412,0.375,0.541,0.89,1.293,1.963,2.854,3.718,4.191,4.587,4.246,4.118,4.787,4.7,0.0,4.255,3.52,2.71,2.153,1.821,1.261,0.449,0.528,0.418,0.392,0.922,2.83,5.646,6.049,5.9,4.697,3.878,4.21,4.17,4.321,4.639,5.124,6.022,5.439,4.044,2.986,2.277,1.842,1.475,0.845,0.499,0.281,0.221,0.309,0.788,2.823,5.75,0.0,5.537,4.531,3.968,4.281,4.406,4.232,4.505,5.062,6.054,5.442,4.001,2.813,2.576,3.382,1.866,0.952,0.5,0.312,0.237,0.341,0.843,2.844,5.691,6.228,5.703,4.9,4.253,4.392,4.501,4.285,4.796,5.376,6.443,5.719,4.341,3.141,2.534,2.261,1.156,0.713,0.42,0.359,0.253,0.359,0.841,2.847,5.83,6.307,5.836,4.874,4.365,4.387,4.484,4.413,4.569,5.263,6.299,5.551,4.132,3.435,2.765,2.443,2.076,1.116,0.66,0.384,0.281,0.395,0.81,2.588,5.522,6.301,5.267,4.692,4.383,4.607,4.718,4.443,4.98,5.183,5.756,5.028,4.54,3.593,2.947,3.722,2.442,1.727,1.195,0.776,0.666,0.448,0.512,0.958,1.655,2.535,3.462,3.758,4.089,4.432,4.557,4.421,4.289,4.361,4.109,3.927,3.8,3.434,2.937,2.787,2.981,2.165
269,0.449,0.528,0.418,0.392,0.922,2.83,5.646,6.049,5.9,4.697,3.878,4.21,4.17,4.321,4.639,5.124,6.022,5.439,4.044,2.986,2.277,1.842,1.475,0.845,0.499,0.281,0.221,0.309,0.788,2.823,5.75,0.0,5.537,4.531,3.968,4.281,4.406,4.232,4.505,5.062,6.054,5.442,4.001,2.813,2.576,3.382,1.866,0.952,0.5,0.312,0.237,0.341,0.843,2.844,5.691,6.228,5.703,4.9,4.253,4.392,4.501,4.285,4.796,5.376,6.443,5.719,4.341,3.141,2.534,2.261,1.156,0.713,0.42,0.359,0.253,0.359,0.841,2.847,5.83,6.307,5.836,4.874,4.365,4.387,4.484,4.413,4.569,5.263,6.299,5.551,4.132,3.435,2.765,2.443,2.076,1.116,0.66,0.384,0.281,0.395,0.81,2.588,5.522,6.301,5.267,4.692,4.383,4.607,4.718,4.443,4.98,5.183,5.756,5.028,4.54,3.593,2.947,3.722,2.442,1.727,1.195,0.776,0.666,0.448,0.512,0.958,1.655,2.535,3.462,3.758,4.089,4.432,4.557,4.421,4.289,4.361,4.109,3.927,3.8,3.434,2.937,2.787,2.981,2.165,1.794,0.776,0.666,0.413,0.38,0.55,0.91,1.324,2.008,2.734,3.592,3.882,3.962,4.044,4.028,4.043,4.335,4.397,3.944,4.191,3.221,2.19,1.468,0.958
270,0.499,0.281,0.221,0.309,0.788,2.823,5.75,0.0,5.537,4.531,3.968,4.281,4.406,4.232,4.505,5.062,6.054,5.442,4.001,2.813,2.576,3.382,1.866,0.952,0.5,0.312,0.237,0.341,0.843,2.844,5.691,6.228,5.703,4.9,4.253,4.392,4.501,4.285,4.796,5.376,6.443,5.719,4.341,3.141,2.534,2.261,1.156,0.713,0.42,0.359,0.253,0.359,0.841,2.847,5.83,6.307,5.836,4.874,4.365,4.387,4.484,4.413,4.569,5.263,6.299,5.551,4.132,3.435,2.765,2.443,2.076,1.116,0.66,0.384,0.281,0.395,0.81,2.588,5.522,6.301,5.267,4.692,4.383,4.607,4.718,4.443,4.98,5.183,5.756,5.028,4.54,3.593,2.947,3.722,2.442,1.727,1.195,0.776,0.666,0.448,0.512,0.958,1.655,2.535,3.462,3.758,4.089,4.432,4.557,4.421,4.289,4.361,4.109,3.927,3.8,3.434,2.937,2.787,2.981,2.165,1.794,0.776,0.666,0.413,0.38,0.55,0.91,1.324,2.008,2.734,3.592,3.882,3.962,4.044,4.028,4.043,4.335,4.397,3.944,4.191,3.221,2.19,1.468,0.958,0.552,0.407,0.264,0.341,0.852,2.659,5.531,6.066,4.873,4.477,4.041,4.277,4.366,4.298,4.52,5.179,6.51,6.015,4.305,2.945,2.159,1.802,1.405,1.0
271,0.5,0.312,0.237,0.341,0.843,2.844,5.691,6.228,5.703,4.9,4.253,4.392,4.501,4.285,4.796,5.376,6.443,5.719,4.341,3.141,2.534,2.261,1.156,0.713,0.42,0.359,0.253,0.359,0.841,2.847,5.83,6.307,5.836,4.874,4.365,4.387,4.484,4.413,4.569,5.263,6.299,5.551,4.132,3.435,2.765,2.443,2.076,1.116,0.66,0.384,0.281,0.395,0.81,2.588,5.522,6.301,5.267,4.692,4.383,4.607,4.718,4.443,4.98,5.183,5.756,5.028,4.54,3.593,2.947,3.722,2.442,1.727,1.195,0.776,0.666,0.448,0.512,0.958,1.655,2.535,3.462,3.758,4.089,4.432,4.557,4.421,4.289,4.361,4.109,3.927,3.8,3.434,2.937,2.787,2.981,2.165,1.794,0.776,0.666,0.413,0.38,0.55,0.91,1.324,2.008,2.734,3.592,3.882,3.962,4.044,4.028,4.043,4.335,4.397,3.944,4.191,3.221,2.19,1.468,0.958,0.552,0.407,0.264,0.341,0.852,2.659,5.531,6.066,4.873,4.477,4.041,4.277,4.366,4.298,4.52,5.179,6.51,6.015,4.305,2.945,2.159,1.802,1.405,1.0,0.713,0.671,0.557,0.56,1.018,3.047,5.869,6.199,5.46,4.967,4.089,4.202,4.452,4.532,5.155,5.619,6.177,5.749,4.177,2.964,2.372,2.101,1.266,1.138
272,0.42,0.359,0.253,0.359,0.841,2.847,5.83,6.307,5.836,4.874,4.365,4.387,4.484,4.413,4.569,5.263,6.299,5.551,4.132,3.435,2.765,2.443,2.076,1.116,0.66,0.384,0.281,0.395,0.81,2.588,5.522,6.301,5.267,4.692,4.383,4.607,4.718,4.443,4.98,5.183,5.756,5.028,4.54,3.593,2.947,3.722,2.442,1.727,1.195,0.776,0.666,0.448,0.512,0.958,1.655,2.535,3.462,3.758,4.089,4.432,4.557,4.421,4.289,4.361,4.109,3.927,3.8,3.434,2.937,2.787,2.981,2.165,1.794,0.776,0.666,0.413,0.38,0.55,0.91,1.324,2.008,2.734,3.592,3.882,3.962,4.044,4.028,4.043,4.335,4.397,3.944,4.191,3.221,2.19,1.468,0.958,0.552,0.407,0.264,0.341,0.852,2.659,5.531,6.066,4.873,4.477,4.041,4.277,4.366,4.298,4.52,5.179,6.51,6.015,4.305,2.945,2.159,1.802,1.405,1.0,0.713,0.671,0.557,0.56,1.018,3.047,5.869,6.199,5.46,4.967,4.089,4.202,4.452,4.532,5.155,5.619,6.177,5.749,4.177,2.964,2.372,2.101,1.266,1.138,0.514,0.314,0.243,0.316,0.85,2.665,5.487,6.046,5.909,4.859,4.293,4.469,4.581,4.477,4.949,5.355,5.905,5.687,4.226,3.243,2.619,2.456,1.886,2.11
273,0.66,0.384,0.281,0.395,0.81,2.588,5.522,6.301,5.267,4.692,4.383,4.607,4.718,4.443,4.98,5.183,5.756,5.028,4.54,3.593,2.947,3.722,2.442,1.727,1.195,0.776,0.666,0.448,0.512,0.958,1.655,2.535,3.462,3.758,4.089,4.432,4.557,4.421,4.289,4.361,4.109,3.927,3.8,3.434,2.937,2.787,2.981,2.165,1.794,0.776,0.666,0.413,0.38,0.55,0.91,1.324,2.008,2.734,3.592,3.882,3.962,4.044,4.028,4.043,4.335,4.397,3.944,4.191,3.221,2.19,1.468,0.958,0.552,0.407,0.264,0.341,0.852,2.659,5.531,6.066,4.873,4.477,4.041,4.277,4.366,4.298,4.52,5.179,6.51,6.015,4.305,2.945,2.159,1.802,1.405,1.0,0.713,0.671,0.557,0.56,1.018,3.047,5.869,6.199,5.46,4.967,4.089,4.202,4.452,4.532,5.155,5.619,6.177,5.749,4.177,2.964,2.372,2.101,1.266,1.138,0.514,0.314,0.243,0.316,0.85,2.665,5.487,6.046,5.909,4.859,4.293,4.469,4.581,4.477,4.949,5.355,5.905,5.687,4.226,3.243,2.619,2.456,1.886,2.11,0.649,0.429,0.274,0.324,0.83,2.704,5.668,6.17,5.694,4.672,4.341,4.431,4.483,4.562,4.704,5.106,5.899,5.464,4.261,3.095,2.802,2.63,1.669,1.011
274,1.195,0.776,0.666,0.448,0.512,0.958,1.655,2.535,3.462,3.758,4.089,4.432,4.557,4.421,4.289,4.361,4.109,3.927,3.8,3.434,2.937,2.787,2.981,2.165,1.794,0.776,0.666,0.413,0.38,0.55,0.91,1.324,2.008,2.734,3.592,3.882,3.962,4.044,4.028,4.043,4.335,4.397,3.944,4.191,3.221,2.19,1.468,0.958,0.552,0.407,0.264,0.341,0.852,2.659,5.531,6.066,4.873,4.477,4.041,4.277,4.366,4.298,4.52,5.179,6.51,6.015,4.305,2.945,2.159,1.802,1.405,1.0,0.713,0.671,0.557,0.56,1.018,3.047,5.869,6.199,5.46,4.967,4.089,4.202,4.452,4.532,5.155,5.619,6.177,5.749,4.177,2.964,2.372,2.101,1.266,1.138,0.514,0.314,0.243,0.316,0.85,2.665,5.487,6.046,5.909,4.859,4.293,4.469,4.581,4.477,4.949,5.355,5.905,5.687,4.226,3.243,2.619,2.456,1.886,2.11,0.649,0.429,0.274,0.324,0.83,2.704,5.668,6.17,5.694,4.672,4.341,4.431,4.483,4.562,4.704,5.106,5.899,5.464,4.261,3.095,2.802,2.63,1.669,1.011,0.517,0.333,0.264,0.352,0.741,2.511,5.528,6.235,5.307,4.594,4.424,4.524,4.532,4.572,4.922,0.0,6.143,5.394,4.642,3.889,3.196,2.608,2.61,1.766
275,1.794,0.776,0.666,0.413,0.38,0.55,0.91,1.324,2.008,2.734,3.592,3.882,3.962,4.044,4.028,4.043,4.335,4.397,3.944,4.191,3.221,2.19,1.468,0.958,0.552,0.407,0.264,0.341,0.852,2.659,5.531,6.066,4.873,4.477,4.041,4.277,4.366,4.298,4.52,5.179,6.51,6.015,4.305,2.945,2.159,1.802,1.405,1.0,0.713,0.671,0.557,0.56,1.018,3.047,5.869,6.199,5.46,4.967,4.089,4.202,4.452,4.532,5.155,5.619,6.177,5.749,4.177,2.964,2.372,2.101,1.266,1.138,0.514,0.314,0.243,0.316,0.85,2.665,5.487,6.046,5.909,4.859,4.293,4.469,4.581,4.477,4.949,5.355,5.905,5.687,4.226,3.243,2.619,2.456,1.886,2.11,0.649,0.429,0.274,0.324,0.83,2.704,5.668,6.17,5.694,4.672,4.341,4.431,4.483,4.562,4.704,5.106,5.899,5.464,4.261,3.095,2.802,2.63,1.669,1.011,0.517,0.333,0.264,0.352,0.741,2.511,5.528,6.235,5.307,4.594,4.424,4.524,4.532,4.572,4.922,0.0,6.143,5.394,4.642,3.889,3.196,2.608,2.61,1.766,1.186,0.656,0.539,0.371,0.436,0.739,1.343,2.222,3.397,4.359,4.944,4.723,4.876,4.64,0.0,4.688,4.626,4.98,4.388,3.559,3.39,4.077,4.016,2.153
276,0.552,0.407,0.264,0.341,0.852,2.659,5.531,6.066,4.873,4.477,4.041,4.277,4.366,4.298,4.52,5.179,6.51,6.015,4.305,2.945,2.159,1.802,1.405,1.0,0.713,0.671,0.557,0.56,1.018,3.047,5.869,6.199,5.46,4.967,4.089,4.202,4.452,4.532,5.155,5.619,6.177,5.749,4.177,2.964,2.372,2.101,1.266,1.138,0.514,0.314,0.243,0.316,0.85,2.665,5.487,6.046,5.909,4.859,4.293,4.469,4.581,4.477,4.949,5.355,5.905,5.687,4.226,3.243,2.619,2.456,1.886,2.11,0.649,0.429,0.274,0.324,0.83,2.704,5.668,6.17,5.694,4.672,4.341,4.431,4.483,4.562,4.704,5.106,5.899,5.464,4.261,3.095,2.802,2.63,1.669,1.011,0.517,0.333,0.264,0.352,0.741,2.511,5.528,6.235,5.307,4.594,4.424,4.524,4.532,4.572,4.922,0.0,6.143,5.394,4.642,3.889,3.196,2.608,2.61,1.766,1.186,0.656,0.539,0.371,0.436,0.739,1.343,2.222,3.397,4.359,4.944,4.723,4.876,4.64,0.0,4.688,4.626,4.98,4.388,3.559,3.39,4.077,4.016,2.153,1.523,1.022,0.686,0.384,0.403,0.764,1.579,1.757,2.513,0.0,4.872,4.114,4.612,4.631,4.662,4.1,4.193,4.029,3.788,3.224,2.405,1.917,1.613,0.949
277,0.713,0.671,0.557,0.56,1.018,3.047,5.869,6.199,5.46,4.967,4.089,4.202,4.452,4.532,5.155,5.619,6.177,5.749,4.177,2.964,2.372,2.101,1.266,1.138,0.514,0.314,0.243,0.316,0.85,2.665,5.487,6.046,5.909,4.859,4.293,4.469,4.581,4.477,4.949,5.355,5.905,5.687,4.226,3.243,2.619,2.456,1.886,2.11,0.649,0.429,0.274,0.324,0.83,2.704,5.668,6.17,5.694,4.672,4.341,4.431,4.483,4.562,4.704,5.106,5.899,5.464,4.261,3.095,2.802,2.63,1.669,1.011,0.517,0.333,0.264,0.352,0.741,2.511,5.528,6.235,5.307,4.594,4.424,4.524,4.532,4.572,4.922,0.0,6.143,5.394,4.642,3.889,3.196,2.608,2.61,1.766,1.186,0.656,0.539,0.371,0.436,0.739,1.343,2.222,3.397,4.359,4.944,4.723,4.876,4.64,0.0,4.688,4.626,4.98,4.388,3.559,3.39,4.077,4.016,2.153,1.523,1.022,0.686,0.384,0.403,0.764,1.579,1.757,2.513,0.0,4.872,4.114,4.612,4.631,4.662,4.1,4.193,4.029,3.788,3.224,2.405,1.917,1.613,0.949,0.484,0.327,0.261,0.302,0.797,2.577,5.36,6.172,5.226,0.0,3.954,4.125,4.271,4.426,4.711,5.074,6.036,5.44,4.188,3.267,2.608,1.924,1.372,1.567
278,0.514,0.314,0.243,0.316,0.85,2.665,5.487,6.046,5.909,4.859,4.293,4.469,4.581,4.477,4.949,5.355,5.905,5.687,4.226,3.243,2.619,2.456,1.886,2.11,0.649,0.429,0.274,0.324,0.83,2.704,5.668,6.17,5.694,4.672,4.341,4.431,4.483,4.562,4.704,5.106,5.899,5.464,4.261,3.095,2.802,2.63,1.669,1.011,0.517,0.333,0.264,0.352,0.741,2.511,5.528,6.235,5.307,4.594,4.424,4.524,4.532,4.572,4.922,0.0,6.143,5.394,4.642,3.889,3.196,2.608,2.61,1.766,1.186,0.656,0.539,0.371,0.436,0.739,1.343,2.222,3.397,4.359,4.944,4.723,4.876,4.64,0.0,4.688,4.626,4.98,4.388,3.559,3.39,4.077,4.016,2.153,1.523,1.022,0.686,0.384,0.403,0.764,1.579,1.757,2.513,0.0,4.872,4.114,4.612,4.631,4.662,4.1,4.193,4.029,3.788,3.224,2.405,1.917,1.613,0.949,0.484,0.327,0.261,0.302,0.797,2.577,5.36,6.172,5.226,0.0,3.954,4.125,4.271,4.426,4.711,5.074,6.036,5.44,4.188,3.267,2.608,1.924,1.372,1.567,1.373,0.611,0.491,0.477,0.89,2.854,5.599,6.294,5.998,4.684,4.053,4.151,4.401,4.519,4.715,4.802,6.139,5.787,4.378,2.948,2.445,2.091,1.293,0.791
279,0.649,0.429,0.274,0.324,0.83,2.704,5.668,6.17,5.694,4.672,4.341,4.431,4.483,4.562,4.704,5.106,5.899,5.464,4.261,3.095,2.802,2.63,1.669,1.011,0.517,0.333,0.264,0.352,0.741,2.511,5.528,6.235,5.307,4.594,4.424,4.524,4.532,4.572,4.922,0.0,6.143,5.394,4.642,3.889,3.196,2.608,2.61,1.766,1.186,0.656,0.539,0.371,0.436,0.739,1.343,2.222,3.397,4.359,4.944,4.723,4.876,4.64,0.0,4.688,4.626,4.98,4.388,3.559,3.39,4.077,4.016,2.153,1.523,1.022,0.686,0.384,0.403,0.764,1.579,1.757,2.513,0.0,4.872,4.114,4.612,4.631,4.662,4.1,4.193,4.029,3.788,3.224,2.405,1.917,1.613,0.949,0.484,0.327,0.261,0.302,0.797,2.577,5.36,6.172,5.226,0.0,3.954,4.125,4.271,4.426,4.711,5.074,6.036,5.44,4.188,3.267,2.608,1.924,1.372,1.567,1.373,0.611,0.491,0.477,0.89,2.854,5.599,6.294,5.998,4.684,4.053,4.151,4.401,4.519,4.715,4.802,6.139,5.787,4.378,2.948,2.445,2.091,1.293,0.791,0.446,0.272,0.23,0.27,0.801,2.741,5.296,5.871,5.453,4.837,4.155,4.278,4.278,4.397,4.646,4.757,6.211,5.762,4.332,3.08,2.518,2.154,1.373,0.864
280,0.517,0.333,0.264,0.352,0.741,2.511,5.528,6.235,5.307,4.594,4.424,4.524,4.532,4.572,4.922,0.0,6.143,5.394,4.642,3.889,3.196,2.608,2.61,1.766,1.186,0.656,0.539,0.371,0.436,0.739,1.343,2.222,3.397,4.359,4.944,4.723,4.876,4.64,0.0,4.688,4.626,4.98,4.388,3.559,3.39,4.077,4.016,2.153,1.523,1.022,0.686,0.384,0.403,0.764,1.579,1.757,2.513,0.0,4.872,4.114,4.612,4.631,4.662,4.1,4.193,4.029,3.788,3.224,2.405,1.917,1.613,0.949,0.484,0.327,0.261,0.302,0.797,2.577,5.36,6.172,5.226,0.0,3.954,4.125,4.271,4.426,4.711,5.074,6.036,5.44,4.188,3.267,2.608,1.924,1.372,1.567,1.373,0.611,0.491,0.477,0.89,2.854,5.599,6.294,5.998,4.684,4.053,4.151,4.401,4.519,4.715,4.802,6.139,5.787,4.378,2.948,2.445,2.091,1.293,0.791,0.446,0.272,0.23,0.27,0.801,2.741,5.296,5.871,5.453,4.837,4.155,4.278,4.278,4.397,4.646,4.757,6.211,5.762,4.332,3.08,2.518,2.154,1.373,0.864,0.48,0.33,0.233,0.308,0.79,2.764,5.668,5.589,5.186,5.089,4.182,4.394,4.512,4.634,5.006,5.52,6.154,5.865,4.642,3.512,2.799,2.531,2.12,1.735
281,1.186,0.656,0.539,0.371,0.436,0.739,1.343,2.222,3.397,4.359,4.944,4.723,4.876,4.64,0.0,4.688,4.626,4.98,4.388,3.559,3.39,4.077,4.016,2.153,1.523,1.022,0.686,0.384,0.403,0.764,1.579,1.757,2.513,0.0,4.872,4.114,4.612,4.631,4.662,4.1,4.193,4.029,3.788,3.224,2.405,1.917,1.613,0.949,0.484,0.327,0.261,0.302,0.797,2.577,5.36,6.172,5.226,0.0,3.954,4.125,4.271,4.426,4.711,5.074,6.036,5.44,4.188,3.267,2.608,1.924,1.372,1.567,1.373,0.611,0.491,0.477,0.89,2.854,5.599,6.294,5.998,4.684,4.053,4.151,4.401,4.519,4.715,4.802,6.139,5.787,4.378,2.948,2.445,2.091,1.293,0.791,0.446,0.272,0.23,0.27,0.801,2.741,5.296,5.871,5.453,4.837,4.155,4.278,4.278,4.397,4.646,4.757,6.211,5.762,4.332,3.08,2.518,2.154,1.373,0.864,0.48,0.33,0.233,0.308,0.79,2.764,5.668,5.589,5.186,5.089,4.182,4.394,4.512,4.634,5.006,5.52,6.154,5.865,4.642,3.512,2.799,2.531,2.12,1.735,2.233,1.024,0.373,0.426,0.74,2.548,5.343,6.108,5.215,0.0,4.221,4.726,4.619,4.638,4.994,5.686,6.047,5.308,4.549,3.577,2.8,3.068,2.481,1.703
282,1.523,1.022,0.686,0.384,0.403,0.764,1.579,1.757,2.513,0.0,4.872,4.114,4.612,4.631,4.662,4.1,4.193,4.029,3.788,3.224,2.405,1.917,1.613,0.949,0.484,0.327,0.261,0.302,0.797,2.577,5.36,6.172,5.226,0.0,3.954,4.125,4.271,4.426,4.711,5.074,6.036,5.44,4.188,3.267,2.608,1.924,1.372,1.567,1.373,0.611,0.491,0.477,0.89,2.854,5.599,6.294,5.998,4.684,4.053,4.151,4.401,4.519,4.715,4.802,6.139,5.787,4.378,2.948,2.445,2.091,1.293,0.791,0.446,0.272,0.23,0.27,0.801,2.741,5.296,5.871,5.453,4.837,4.155,4.278,4.278,4.397,4.646,4.757,6.211,5.762,4.332,3.08,2.518,2.154,1.373,0.864,0.48,0.33,0.233,0.308,0.79,2.764,5.668,5.589,5.186,5.089,4.182,4.394,4.512,4.634,5.006,5.52,6.154,5.865,4.642,3.512,2.799,2.531,2.12,1.735,2.233,1.024,0.373,0.426,0.74,2.548,5.343,6.108,5.215,0.0,4.221,4.726,4.619,4.638,4.994,5.686,6.047,5.308,4.549,3.577,2.8,3.068,2.481,1.703,1.148,0.682,0.547,0.391,0.399,0.707,1.188,1.547,0.0,3.596,0.0,4.079,4.396,0.0,4.343,4.191,4.372,4.165,3.842,3.436,0.0,4.319,2.805,1.996
283,0.484,0.327,0.261,0.302,0.797,2.577,5.36,6.172,5.226,0.0,3.954,4.125,4.271,4.426,4.711,5.074,6.036,5.44,4.188,3.267,2.608,1.924,1.372,1.567,1.373,0.611,0.491,0.477,0.89,2.854,5.599,6.294,5.998,4.684,4.053,4.151,4.401,4.519,4.715,4.802,6.139,5.787,4.378,2.948,2.445,2.091,1.293,0.791,0.446,0.272,0.23,0.27,0.801,2.741,5.296,5.871,5.453,4.837,4.155,4.278,4.278,4.397,4.646,4.757,6.211,5.762,4.332,3.08,2.518,2.154,1.373,0.864,0.48,0.33,0.233,0.308,0.79,2.764,5.668,5.589,5.186,5.089,4.182,4.394,4.512,4.634,5.006,5.52,6.154,5.865,4.642,3.512,2.799,2.531,2.12,1.735,2.233,1.024,0.373,0.426,0.74,2.548,5.343,6.108,5.215,0.0,4.221,4.726,4.619,4.638,4.994,5.686,6.047,5.308,4.549,3.577,2.8,3.068,2.481,1.703,1.148,0.682,0.547,0.391,0.399,0.707,1.188,1.547,0.0,3.596,0.0,4.079,4.396,0.0,4.343,4.191,4.372,4.165,3.842,3.436,0.0,4.319,2.805,1.996,1.416,0.947,0.756,0.413,0.0,0.0,0.761,1.086,1.761,2.445,3.132,3.377,3.977,4.123,4.505,4.52,4.55,4.355,3.926,3.332,2.578,2.024,1.399,0.995
284,1.373,0.611,0.491,0.477,0.89,2.854,5.599,6.294,5.998,4.684,4.053,4.151,4.401,4.519,4.715,4.802,6.139,5.787,4.378,2.948,2.445,2.091,1.293,0.791,0.446,0.272,0.23,0.27,0.801,2.741,5.296,5.871,5.453,4.837,4.155,4.278,4.278,4.397,4.646,4.757,6.211,5.762,4.332,3.08,2.518,2.154,1.373,0.864,0.48,0.33,0.233,0.308,0.79,2.764,5.668,5.589,5.186,5.089,4.182,4.394,4.512,4.634,5.006,5.52,6.154,5.865,4.642,3.512,2.799,2.531,2.12,1.735,2.233,1.024,0.373,0.426,0.74,2.548,5.343,6.108,5.215,0.0,4.221,4.726,4.619,4.638,4.994,5.686,6.047,5.308,4.549,3.577,2.8,3.068,2.481,1.703,1.148,0.682,0.547,0.391,0.399,0.707,1.188,1.547,0.0,3.596,0.0,4.079,4.396,0.0,4.343,4.191,4.372,4.165,3.842,3.436,0.0,4.319,2.805,1.996,1.416,0.947,0.756,0.413,0.0,0.0,0.761,1.086,1.761,2.445,3.132,3.377,3.977,4.123,4.505,4.52,4.55,4.355,3.926,3.332,2.578,2.024,1.399,0.995,0.514,0.317,0.239,0.297,0.836,2.685,5.288,6.241,5.482,4.607,4.064,4.071,4.293,4.341,4.693,5.272,5.961,5.262,4.048,2.961,2.322,1.969,2.275,1.916
285,0.446,0.272,0.23,0.27,0.801,2.741,5.296,5.871,5.453,4.837,4.155,4.278,4.278,4.397,4.646,4.757,6.211,5.762,4.332,3.08,2.518,2.154,1.373,0.864,0.48,0.33,0.233,0.308,0.79,2.764,5.668,5.589,5.186,5.089,4.182,4.394,4.512,4.634,5.006,5.52,6.154,5.865,4.642,3.512,2.799,2.531,2.12,1.735,2.233,1.024,0.373,0.426,0.74,2.548,5.343,6.108,5.215,0.0,4.221,4.726,4.619,4.638,4.994,5.686,6.047,5.308,4.549,3.577,2.8,3.068,2.481,1.703,1.148,0.682,0.547,0.391,0.399,0.707,1.188,1.547,0.0,3.596,0.0,4.079,4.396,0.0,4.343,4.191,4.372,4.165,3.842,3.436,0.0,4.319,2.805,1.996,1.416,0.947,0.756,0.413,0.0,0.0,0.761,1.086,1.761,2.445,3.132,3.377,3.977,4.123,4.505,4.52,4.55,4.355,3.926,3.332,2.578,2.024,1.399,0.995,0.514,0.317,0.239,0.297,0.836,2.685,5.288,6.241,5.482,4.607,4.064,4.071,4.293,4.341,4.693,5.272,5.961,5.262,4.048,2.961,2.322,1.969,2.275,1.916,0.591,0.441,0.31,0.431,1.0,2.861,5.747,6.322,4.313,4.977,4.299,4.254,4.37,4.47,4.623,5.058,6.169,5.712,4.436,3.093,2.671,3.27,2.693,0.996
286,0.48,0.33,0.233,0.308,0.79,2.764,5.668,5.589,5.186,5.089,4.182,4.394,4.512,4.634,5.006,5.52,6.154,5.865,4.642,3.512,2.799,2.531,2.12,1.735,2.233,1.024,0.373,0.426,0.74,2.548,5.343,6.108,5.215,0.0,4.221,4.726,4.619,4.638,4.994,5.686,6.047,5.308,4.549,3.577,2.8,3.068,2.481,1.703,1.148,0.682,0.547,0.391,0.399,0.707,1.188,1.547,0.0,3.596,0.0,4.079,4.396,0.0,4.343,4.191,4.372,4.165,3.842,3.436,0.0,4.319,2.805,1.996,1.416,0.947,0.756,0.413,0.0,0.0,0.761,1.086,1.761,2.445,3.132,3.377,3.977,4.123,4.505,4.52,4.55,4.355,3.926,3.332,2.578,2.024,1.399,0.995,0.514,0.317,0.239,0.297,0.836,2.685,5.288,6.241,5.482,4.607,4.064,4.071,4.293,4.341,4.693,5.272,5.961,5.262,4.048,2.961,2.322,1.969,2.275,1.916,0.591,0.441,0.31,0.431,1.0,2.861,5.747,6.322,4.313,4.977,4.299,4.254,4.37,4.47,4.623,5.058,6.169,5.712,4.436,3.093,2.671,3.27,2.693,0.996,0.597,0.403,0.583,0.873,1.26,3.235,5.871,6.33,5.862,0.0,4.187,4.365,0.0,4.521,4.464,5.174,6.257,5.674,4.507,3.318,2.401,2.314,1.565,0.951
287,2.233,1.024,0.373,0.426,0.74,2.548,5.343,6.108,5.215,0.0,4.221,4.726,4.619,4.638,4.994,5.686,6.047,5.308,4.549,3.577,2.8,3.068,2.481,1.703,1.148,0.682,0.547,0.391,0.399,0.707,1.188,1.547,0.0,3.596,0.0,4.079,4.396,0.0,4.343,4.191,4.372,4.165,3.842,3.436,0.0,4.319,2.805,1.996,1.416,0.947,0.756,0.413,0.0,0.0,0.761,1.086,1.761,2.445,3.132,3.377,3.977,4.123,4.505,4.52,4.55,4.355,3.926,3.332,2.578,2.024,1.399,0.995,0.514,0.317,0.239,0.297,0.836,2.685,5.288,6.241,5.482,4.607,4.064,4.071,4.293,4.341,4.693,5.272,5.961,5.262,4.048,2.961,2.322,1.969,2.275,1.916,0.591,0.441,0.31,0.431,1.0,2.861,5.747,6.322,4.313,4.977,4.299,4.254,4.37,4.47,4.623,5.058,6.169,5.712,4.436,3.093,2.671,3.27,2.693,0.996,0.597,0.403,0.583,0.873,1.26,3.235,5.871,6.33,5.862,0.0,4.187,4.365,0.0,4.521,4.464,5.174,6.257,5.674,4.507,3.318,2.401,2.314,1.565,0.951,0.72,0.486,0.0,0.0,0.0,2.743,5.634,6.296,5.223,0.0,4.298,4.444,0.0,4.532,4.609,4.793,6.329,5.66,4.286,2.784,2.266,2.295,1.501,0.996
288,1.148,0.682,0.547,0.391,0.399,0.707,1.188,1.547,0.0,3.596,0.0,4.079,4.396,0.0,4.343,4.191,4.372,4.165,3.842,3.436,0.0,4.319,2.805,1.996,1.416,0.947,0.756,0.413,0.0,0.0,0.761,1.086,1.761,2.445,3.132,3.377,3.977,4.123,4.505,4.52,4.55,4.355,3.926,3.332,2.578,2.024,1.399,0.995,0.514,0.317,0.239,0.297,0.836,2.685,5.288,6.241,5.482,4.607,4.064,4.071,4.293,4.341,4.693,5.272,5.961,5.262,4.048,2.961,2.322,1.969,2.275,1.916,0.591,0.441,0.31,0.431,1.0,2.861,5.747,6.322,4.313,4.977,4.299,4.254,4.37,4.47,4.623,5.058,6.169,5.712,4.436,3.093,2.671,3.27,2.693,0.996,0.597,0.403,0.583,0.873,1.26,3.235,5.871,6.33,5.862,0.0,4.187,4.365,0.0,4.521,4.464,5.174,6.257,5.674,4.507,3.318,2.401,2.314,1.565,0.951,0.72,0.486,0.0,0.0,0.0,2.743,5.634,6.296,5.223,0.0,4.298,4.444,0.0,4.532,4.609,4.793,6.329,5.66,4.286,2.784,2.266,2.295,1.501,0.996,0.58,0.374,0.344,0.492,0.854,2.563,5.07,5.659,4.961,0.0,4.377,4.439,4.483,4.506,5.022,5.257,5.997,5.65,4.684,3.892,3.228,3.283,3.462,2.01
289,1.416,0.947,0.756,0.413,0.0,0.0,0.761,1.086,1.761,2.445,3.132,3.377,3.977,4.123,4.505,4.52,4.55,4.355,3.926,3.332,2.578,2.024,1.399,0.995,0.514,0.317,0.239,0.297,0.836,2.685,5.288,6.241,5.482,4.607,4.064,4.071,4.293,4.341,4.693,5.272,5.961,5.262,4.048,2.961,2.322,1.969,2.275,1.916,0.591,0.441,0.31,0.431,1.0,2.861,5.747,6.322,4.313,4.977,4.299,4.254,4.37,4.47,4.623,5.058,6.169,5.712,4.436,3.093,2.671,3.27,2.693,0.996,0.597,0.403,0.583,0.873,1.26,3.235,5.871,6.33,5.862,0.0,4.187,4.365,0.0,4.521,4.464,5.174,6.257,5.674,4.507,3.318,2.401,2.314,1.565,0.951,0.72,0.486,0.0,0.0,0.0,2.743,5.634,6.296,5.223,0.0,4.298,4.444,0.0,4.532,4.609,4.793,6.329,5.66,4.286,2.784,2.266,2.295,1.501,0.996,0.58,0.374,0.344,0.492,0.854,2.563,5.07,5.659,4.961,0.0,4.377,4.439,4.483,4.506,5.022,5.257,5.997,5.65,4.684,3.892,3.228,3.283,3.462,2.01,1.295,1.001,0.745,0.484,0.447,0.795,1.439,2.061,3.073,0.0,3.718,3.981,4.13,3.863,4.068,5.004,4.603,4.46,3.905,3.59,3.153,2.598,1.559,1.219
290,0.514,0.317,0.239,0.297,0.836,2.685,5.288,6.241,5.482,4.607,4.064,4.071,4.293,4.341,4.693,5.272,5.961,5.262,4.048,2.961,2.322,1.969,2.275,1.916,0.591,0.441,0.31,0.431,1.0,2.861,5.747,6.322,4.313,4.977,4.299,4.254,4.37,4.47,4.623,5.058,6.169,5.712,4.436,3.093,2.671,3.27,2.693,0.996,0.597,0.403,0.583,0.873,1.26,3.235,5.871,6.33,5.862,0.0,4.187,4.365,0.0,4.521,4.464,5.174,6.257,5.674,4.507,3.318,2.401,2.314,1.565,0.951,0.72,0.486,0.0,0.0,0.0,2.743,5.634,6.296,5.223,0.0,4.298,4.444,0.0,4.532,4.609,4.793,6.329,5.66,4.286,2.784,2.266,2.295,1.501,0.996,0.58,0.374,0.344,0.492,0.854,2.563,5.07,5.659,4.961,0.0,4.377,4.439,4.483,4.506,5.022,5.257,5.997,5.65,4.684,3.892,3.228,3.283,3.462,2.01,1.295,1.001,0.745,0.484,0.447,0.795,1.439,2.061,3.073,0.0,3.718,3.981,4.13,3.863,4.068,5.004,4.603,4.46,3.905,3.59,3.153,2.598,1.559,1.219,1.295,1.001,0.745,0.484,0.447,0.721,1.189,1.641,2.375,2.595,3.307,3.959,3.921,3.822,3.79,4.435,4.603,4.46,3.905,3.59,3.153,2.598,1.559,1.219
291,0.591,0.441,0.31,0.431,1.0,2.861,5.747,6.322,4.313,4.977,4.299,4.254,4.37,4.47,4.623,5.058,6.169,5.712,4.436,3.093,2.671,3.27,2.693,0.996,0.597,0.403,0.583,0.873,1.26,3.235,5.871,6.33,5.862,0.0,4.187,4.365,0.0,4.521,4.464,5.174,6.257,5.674,4.507,3.318,2.401,2.314,1.565,0.951,0.72,0.486,0.0,0.0,0.0,2.743,5.634,6.296,5.223,0.0,4.298,4.444,0.0,4.532,4.609,4.793,6.329,5.66,4.286,2.784,2.266,2.295,1.501,0.996,0.58,0.374,0.344,0.492,0.854,2.563,5.07,5.659,4.961,0.0,4.377,4.439,4.483,4.506,5.022,5.257,5.997,5.65,4.684,3.892,3.228,3.283,3.462,2.01,1.295,1.001,0.745,0.484,0.447,0.795,1.439,2.061,3.073,0.0,3.718,3.981,4.13,3.863,4.068,5.004,4.603,4.46,3.905,3.59,3.153,2.598,1.559,1.219,1.295,1.001,0.745,0.484,0.447,0.721,1.189,1.641,2.375,2.595,3.307,3.959,3.921,3.822,3.79,4.435,4.603,4.46,3.905,3.59,3.153,2.598,1.559,1.219,0.579,0.383,0.315,0.375,0.88,2.798,5.61,5.766,5.11,4.66,3.867,3.934,4.166,4.382,4.581,4.773,6.252,5.735,4.257,2.901,2.193,1.936,1.31,0.874
292,0.597,0.403,0.583,0.873,1.26,3.235,5.871,6.33,5.862,0.0,4.187,4.365,0.0,4.521,4.464,5.174,6.257,5.674,4.507,3.318,2.401,2.314,1.565,0.951,0.72,0.486,0.0,0.0,0.0,2.743,5.634,6.296,5.223,0.0,4.298,4.444,0.0,4.532,4.609,4.793,6.329,5.66,4.286,2.784,2.266,2.295,1.501,0.996,0.58,0.374,0.344,0.492,0.854,2.563,5.07,5.659,4.961,0.0,4.377,4.439,4.483,4.506,5.022,5.257,5.997,5.65,4.684,3.892,3.228,3.283,3.462,2.01,1.295,1.001,0.745,0.484,0.447,0.795,1.439,2.061,3.073,0.0,3.718,3.981,4.13,3.863,4.068,5.004,4.603,4.46,3.905,3.59,3.153,2.598,1.559,1.219,1.295,1.001,0.745,0.484,0.447,0.721,1.189,1.641,2.375,2.595,3.307,3.959,3.921,3.822,3.79,4.435,4.603,4.46,3.905,3.59,3.153,2.598,1.559,1.219,0.579,0.383,0.315,0.375,0.88,2.798,5.61,5.766,5.11,4.66,3.867,3.934,4.166,4.382,4.581,4.773,6.252,5.735,4.257,2.901,2.193,1.936,1.31,0.874,0.536,0.306,0.232,0.327,0.807,2.738,5.51,6.149,5.526,4.881,4.033,4.245,4.399,4.38,4.664,4.691,6.087,5.825,4.167,2.857,2.358,2.078,1.402,0.846
293,0.72,0.486,0.0,0.0,0.0,2.743,5.634,6.296,5.223,0.0,4.298,4.444,0.0,4.532,4.609,4.793,6.329,5.66,4.286,2.784,2.266,2.295,1.501,0.996,0.58,0.374,0.344,0.492,0.854,2.563,5.07,5.659,4.961,0.0,4.377,4.439,4.483,4.506,5.022,5.257,5.997,5.65,4.684,3.892,3.228,3.283,3.462,2.01,1.295,1.001,0.745,0.484,0.447,0.795,1.439,2.061,3.073,0.0,3.718,3.981,4.13,3.863,4.068,5.004,4.603,4.46,3.905,3.59,3.153,2.598,1.559,1.219,1.295,1.001,0.745,0.484,0.447,0.721,1.189,1.641,2.375,2.595,3.307,3.959,3.921,3.822,3.79,4.435,4.603,4.46,3.905,3.59,3.153,2.598,1.559,1.219,0.579,0.383,0.315,0.375,0.88,2.798,5.61,5.766,5.11,4.66,3.867,3.934,4.166,4.382,4.581,4.773,6.252,5.735,4.257,2.901,2.193,1.936,1.31,0.874,0.536,0.306,0.232,0.327,0.807,2.738,5.51,6.149,5.526,4.881,4.033,4.245,4.399,4.38,4.664,4.691,6.087,5.825,4.167,2.857,2.358,2.078,1.402,0.846,0.467,0.286,0.223,0.326,0.823,2.716,5.27,5.38,5.12,4.466,4.201,4.159,4.372,4.362,4.632,4.756,6.171,6.0,4.458,2.993,2.446,1.97,1.408,2.202
294,0.58,0.374,0.344,0.492,0.854,2.563,5.07,5.659,4.961,0.0,4.377,4.439,4.483,4.506,5.022,5.257,5.997,5.65,4.684,3.892,3.228,3.283,3.462,2.01,1.295,1.001,0.745,0.484,0.447,0.795,1.439,2.061,3.073,0.0,3.718,3.981,4.13,3.863,4.068,5.004,4.603,4.46,3.905,3.59,3.153,2.598,1.559,1.219,1.295,1.001,0.745,0.484,0.447,0.721,1.189,1.641,2.375,2.595,3.307,3.959,3.921,3.822,3.79,4.435,4.603,4.46,3.905,3.59,3.153,2.598,1.559,1.219,0.579,0.383,0.315,0.375,0.88,2.798,5.61,5.766,5.11,4.66,3.867,3.934,4.166,4.382,4.581,4.773,6.252,5.735,4.257,2.901,2.193,1.936,1.31,0.874,0.536,0.306,0.232,0.327,0.807,2.738,5.51,6.149,5.526,4.881,4.033,4.245,4.399,4.38,4.664,4.691,6.087,5.825,4.167,2.857,2.358,2.078,1.402,0.846,0.467,0.286,0.223,0.326,0.823,2.716,5.27,5.38,5.12,4.466,4.201,4.159,4.372,4.362,4.632,4.756,6.171,6.0,4.458,2.993,2.446,1.97,1.408,2.202,0.589,0.325,0.245,0.352,0.835,2.7,5.35,6.17,5.798,4.827,4.164,4.432,4.556,4.71,4.772,4.922,6.534,6.013,4.634,3.514,2.646,2.492,1.86,1.981
295,1.295,1.001,0.745,0.484,0.447,0.795,1.439,2.061,3.073,0.0,3.718,3.981,4.13,3.863,4.068,5.004,4.603,4.46,3.905,3.59,3.153,2.598,1.559,1.219,1.295,1.001,0.745,0.484,0.447,0.721,1.189,1.641,2.375,2.595,3.307,3.959,3.921,3.822,3.79,4.435,4.603,4.46,3.905,3.59,3.153,2.598,1.559,1.219,0.579,0.383,0.315,0.375,0.88,2.798,5.61,5.766,5.11,4.66,3.867,3.934,4.166,4.382,4.581,4.773,6.252,5.735,4.257,2.901,2.193,1.936,1.31,0.874,0.536,0.306,0.232,0.327,0.807,2.738,5.51,6.149,5.526,4.881,4.033,4.245,4.399,4.38,4.664,4.691,6.087,5.825,4.167,2.857,2.358,2.078,1.402,0.846,0.467,0.286,0.223,0.326,0.823,2.716,5.27,5.38,5.12,4.466,4.201,4.159,4.372,4.362,4.632,4.756,6.171,6.0,4.458,2.993,2.446,1.97,1.408,2.202,0.589,0.325,0.245,0.352,0.835,2.7,5.35,6.17,5.798,4.827,4.164,4.432,4.556,4.71,4.772,4.922,6.534,6.013,4.634,3.514,2.646,2.492,1.86,1.981,0.697,0.389,0.342,0.38,0.799,2.504,5.369,6.31,5.082,4.637,4.324,4.584,4.57,4.668,4.825,5.64,5.998,5.621,4.982,3.788,2.911,2.785,2.671,1.94
296,1.295,1.001,0.745,0.484,0.447,0.721,1.189,1.641,2.375,2.595,3.307,3.959,3.921,3.822,3.79,4.435,4.603,4.46,3.905,3.59,3.153,2.598,1.559,1.219,0.579,0.383,0.315,0.375,0.88,2.798,5.61,5.766,5.11,4.66,3.867,3.934,4.166,4.382,4.581,4.773,6.252,5.735,4.257,2.901,2.193,1.936,1.31,0.874,0.536,0.306,0.232,0.327,0.807,2.738,5.51,6.149,5.526,4.881,4.033,4.245,4.399,4.38,4.664,4.691,6.087,5.825,4.167,2.857,2.358,2.078,1.402,0.846,0.467,0.286,0.223,0.326,0.823,2.716,5.27,5.38,5.12,4.466,4.201,4.159,4.372,4.362,4.632,4.756,6.171,6.0,4.458,2.993,2.446,1.97,1.408,2.202,0.589,0.325,0.245,0.352,0.835,2.7,5.35,6.17,5.798,4.827,4.164,4.432,4.556,4.71,4.772,4.922,6.534,6.013,4.634,3.514,2.646,2.492,1.86,1.981,0.697,0.389,0.342,0.38,0.799,2.504,5.369,6.31,5.082,4.637,4.324,4.584,4.57,4.668,4.825,5.64,5.998,5.621,4.982,3.788,2.911,2.785,2.671,1.94,1.151,0.793,0.58,0.644,0.607,0.802,1.47,2.328,3.251,3.823,4.007,4.451,4.144,3.807,3.789,3.779,3.899,3.825,3.713,3.305,2.824,3.79,3.689,2.134
297,0.579,0.383,0.315,0.375,0.88,2.798,5.61,5.766,5.11,4.66,3.867,3.934,4.166,4.382,4.581,4.773,6.252,5.735,4.257,2.901,2.193,1.936,1.31,0.874,0.536,0.306,0.232,0.327,0.807,2.738,5.51,6.149,5.526,4.881,4.033,4.245,4.399,4.38,4.664,4.691,6.087,5.825,4.167,2.857,2.358,2.078,1.402,0.846,0.467,0.286,0.223,0.326,0.823,2.716,5.27,5.38,5.12,4.466,4.201,4.159,4.372,4.362,4.632,4.756,6.171,6.0,4.458,2.993,2.446,1.97,1.408,2.202,0.589,0.325,0.245,0.352,0.835,2.7,5.35,6.17,5.798,4.827,4.164,4.432,4.556,4.71,4.772,4.922,6.534,6.013,4.634,3.514,2.646,2.492,1.86,1.981,0.697,0.389,0.342,0.38,0.799,2.504,5.369,6.31,5.082,4.637,4.324,4.584,4.57,4.668,4.825,5.64,5.998,5.621,4.982,3.788,2.911,2.785,2.671,1.94,1.151,0.793,0.58,0.644,0.607,0.802,1.47,2.328,3.251,3.823,4.007,4.451,4.144,3.807,3.789,3.779,3.899,3.825,3.713,3.305,2.824,3.79,3.689,2.134,1.289,0.708,0.432,0.429,0.325,0.469,0.75,0.998,1.692,2.276,3.014,3.277,3.644,3.911,4.204,3.893,4.065,4.06,3.616,2.973,2.378,2.001,1.459,1.006
298,0.536,0.306,0.232,0.327,0.807,2.738,5.51,6.149,5.526,4.881,4.033,4.245,4.399,4.38,4.664,4.691,6.087,5.825,4.167,2.857,2.358,2.078,1.402,0.846,0.467,0.286,0.223,0.326,0.823,2.716,5.27,5.38,5.12,4.466,4.201,4.159,4.372,4.362,4.632,4.756,6.171,6.0,4.458,2.993,2.446,1.97,1.408,2.202,0.589,0.325,0.245,0.352,0.835,2.7,5.35,6.17,5.798,4.827,4.164,4.432,4.556,4.71,4.772,4.922,6.534,6.013,4.634,3.514,2.646,2.492,1.86,1.981,0.697,0.389,0.342,0.38,0.799,2.504,5.369,6.31,5.082,4.637,4.324,4.584,4.57,4.668,4.825,5.64,5.998,5.621,4.982,3.788,2.911,2.785,2.671,1.94,1.151,0.793,0.58,0.644,0.607,0.802,1.47,2.328,3.251,3.823,4.007,4.451,4.144,3.807,3.789,3.779,3.899,3.825,3.713,3.305,2.824,3.79,3.689,2.134,1.289,0.708,0.432,0.429,0.325,0.469,0.75,0.998,1.692,2.276,3.014,3.277,3.644,3.911,4.204,3.893,4.065,4.06,3.616,2.973,2.378,2.001,1.459,1.006,0.492,0.329,0.255,0.304,0.787,2.623,5.548,6.119,5.108,4.795,4.002,4.16,4.23,4.351,4.727,5.5,6.242,5.327,3.455,2.282,2.147,2.09,1.511,1.019
299,0.467,0.286,0.223,0.326,0.823,2.716,5.27,5.38,5.12,4.466,4.201,4.159,4.372,4.362,4.632,4.756,6.171,6.0,4.458,2.993,2.446,1.97,1.408,2.202,0.589,0.325,0.245,0.352,0.835,2.7,5.35,6.17,5.798,4.827,4.164,4.432,4.556,4.71,4.772,4.922,6.534,6.013,4.634,3.514,2.646,2.492,1.86,1.981,0.697,0.389,0.342,0.38,0.799,2.504,5.369,6.31,5.082,4.637,4.324,4.584,4.57,4.668,4.825,5.64,5.998,5.621,4.982,3.788,2.911,2.785,2.671,1.94,1.151,0.793,0.58,0.644,0.607,0.802,1.47,2.328,3.251,3.823,4.007,4.451,4.144,3.807,3.789,3.779,3.899,3.825,3.713,3.305,2.824,3.79,3.689,2.134,1.289,0.708,0.432,0.429,0.325,0.469,0.75,0.998,1.692,2.276,3.014,3.277,3.644,3.911,4.204,3.893,4.065,4.06,3.616,2.973,2.378,2.001,1.459,1.006,0.492,0.329,0.255,0.304,0.787,2.623,5.548,6.119,5.108,4.795,4.002,4.16,4.23,4.351,4.727,5.5,6.242,5.327,3.455,2.282,2.147,2.09,1.511,1.019,0.565,0.394,0.252,0.32,0.799,2.707,5.502,6.092,5.467,4.892,4.293,4.285,4.252,4.608,4.743,5.271,6.103,5.926,4.563,3.097,2.494,3.161,2.922,1.079
300,0.589,0.325,0.245,0.352,0.835,2.7,5.35,6.17,5.798,4.827,4.164,4.432,4.556,4.71,4.772,4.922,6.534,6.013,4.634,3.514,2.646,2.492,1.86,1.981,0.697,0.389,0.342,0.38,0.799,2.504,5.369,6.31,5.082,4.637,4.324,4.584,4.57,4.668,4.825,5.64,5.998,5.621,4.982,3.788,2.911,2.785,2.671,1.94,1.151,0.793,0.58,0.644,0.607,0.802,1.47,2.328,3.251,3.823,4.007,4.451,4.144,3.807,3.789,3.779,3.899,3.825,3.713,3.305,2.824,3.79,3.689,2.134,1.289,0.708,0.432,0.429,0.325,0.469,0.75,0.998,1.692,2.276,3.014,3.277,3.644,3.911,4.204,3.893,4.065,4.06,3.616,2.973,2.378,2.001,1.459,1.006,0.492,0.329,0.255,0.304,0.787,2.623,5.548,6.119,5.108,4.795,4.002,4.16,4.23,4.351,4.727,5.5,6.242,5.327,3.455,2.282,2.147,2.09,1.511,1.019,0.565,0.394,0.252,0.32,0.799,2.707,5.502,6.092,5.467,4.892,4.293,4.285,4.252,4.608,4.743,5.271,6.103,5.926,4.563,3.097,2.494,3.161,2.922,1.079,0.559,0.351,0.276,0.348,0.801,2.711,5.477,5.805,5.276,5.14,4.262,4.301,4.39,4.323,4.709,5.406,6.364,5.972,4.401,3.115,2.538,2.139,1.42,0.992
301,0.697,0.389,0.342,0.38,0.799,2.504,5.369,6.31,5.082,4.637,4.324,4.584,4.57,4.668,4.825,5.64,5.998,5.621,4.982,3.788,2.911,2.785,2.671,1.94,1.151,0.793,0.58,0.644,0.607,0.802,1.47,2.328,3.251,3.823,4.007,4.451,4.144,3.807,3.789,3.779,3.899,3.825,3.713,3.305,2.824,3.79,3.689,2.134,1.289,0.708,0.432,0.429,0.325,0.469,0.75,0.998,1.692,2.276,3.014,3.277,3.644,3.911,4.204,3.893,4.065,4.06,3.616,2.973,2.378,2.001,1.459,1.006,0.492,0.329,0.255,0.304,0.787,2.623,5.548,6.119,5.108,4.795,4.002,4.16,4.23,4.351,4.727,5.5,6.242,5.327,3.455,2.282,2.147,2.09,1.511,1.019,0.565,0.394,0.252,0.32,0.799,2.707,5.502,6.092,5.467,4.892,4.293,4.285,4.252,4.608,4.743,5.271,6.103,5.926,4.563,3.097,2.494,3.161,2.922,1.079,0.559,0.351,0.276,0.348,0.801,2.711,5.477,5.805,5.276,5.14,4.262,4.301,4.39,4.323,4.709,5.406,6.364,5.972,4.401,3.115,2.538,2.139,1.42,0.992,1.024,0.561,0.443,0.476,0.965,2.812,5.706,6.308,5.865,5.41,4.321,4.459,4.731,4.646,5.182,5.604,6.325,6.131,4.717,3.283,2.92,2.443,1.716,1.116
302,1.151,0.793,0.58,0.644,0.607,0.802,1.47,2.328,3.251,3.823,4.007,4.451,4.144,3.807,3.789,3.779,3.899,3.825,3.713,3.305,2.824,3.79,3.689,2.134,1.289,0.708,0.432,0.429,0.325,0.469,0.75,0.998,1.692,2.276,3.014,3.277,3.644,3.911,4.204,3.893,4.065,4.06,3.616,2.973,2.378,2.001,1.459,1.006,0.492,0.329,0.255,0.304,0.787,2.623,5.548,6.119,5.108,4.795,4.002,4.16,4.23,4.351,4.727,5.5,6.242,5.327,3.455,2.282,2.147,2.09,1.511,1.019,0.565,0.394,0.252,0.32,0.799,2.707,5.502,6.092,5.467,4.892,4.293,4.285,4.252,4.608,4.743,5.271,6.103,5.926,4.563,3.097,2.494,3.161,2.922,1.079,0.559,0.351,0.276,0.348,0.801,2.711,5.477,5.805,5.276,5.14,4.262,4.301,4.39,4.323,4.709,5.406,6.364,5.972,4.401,3.115,2.538,2.139,1.42,0.992,1.024,0.561,0.443,0.476,0.965,2.812,5.706,6.308,5.865,5.41,4.321,4.459,4.731,4.646,5.182,5.604,6.325,6.131,4.717,3.283,2.92,2.443,1.716,1.116,0.639,0.375,0.309,0.372,0.768,2.475,5.225,6.166,5.31,4.75,4.252,4.661,4.549,4.607,4.81,5.6,6.03,5.778,4.713,3.392,2.722,2.698,2.433,1.753
303,1.289,0.708,0.432,0.429,0.325,0.469,0.75,0.998,1.692,2.276,3.014,3.277,3.644,3.911,4.204,3.893,4.065,4.06,3.616,2.973,2.378,2.001,1.459,1.006,0.492,0.329,0.255,0.304,0.787,2.623,5.548,6.119,5.108,4.795,4.002,4.16,4.23,4.351,4.727,5.5,6.242,5.327,3.455,2.282,2.147,2.09,1.511,1.019,0.565,0.394,0.252,0.32,0.799,2.707,5.502,6.092,5.467,4.892,4.293,4.285,4.252,4.608,4.743,5.271,6.103,5.926,4.563,3.097,2.494,3.161,2.922,1.079,0.559,0.351,0.276,0.348,0.801,2.711,5.477,5.805,5.276,5.14,4.262,4.301,4.39,4.323,4.709,5.406,6.364,5.972,4.401,3.115,2.538,2.139,1.42,0.992,1.024,0.561,0.443,0.476,0.965,2.812,5.706,6.308,5.865,5.41,4.321,4.459,4.731,4.646,5.182,5.604,6.325,6.131,4.717,3.283,2.92,2.443,1.716,1.116,0.639,0.375,0.309,0.372,0.768,2.475,5.225,6.166,5.31,4.75,4.252,4.661,4.549,4.607,4.81,5.6,6.03,5.778,4.713,3.392,2.722,2.698,2.433,1.753,1.241,0.739,0.526,0.331,0.361,0.63,1.2,1.839,2.754,3.313,3.72,4.415,4.524,4.621,4.378,4.315,4.383,4.288,4.184,3.477,2.689,2.593,2.485,1.955
304,0.492,0.329,0.255,0.304,0.787,2.623,5.548,6.119,5.108,4.795,4.002,4.16,4.23,4.351,4.727,5.5,6.242,5.327,3.455,2.282,2.147,2.09,1.511,1.019,0.565,0.394,0.252,0.32,0.799,2.707,5.502,6.092,5.467,4.892,4.293,4.285,4.252,4.608,4.743,5.271,6.103,5.926,4.563,3.097,2.494,3.161,2.922,1.079,0.559,0.351,0.276,0.348,0.801,2.711,5.477,5.805,5.276,5.14,4.262,4.301,4.39,4.323,4.709,5.406,6.364,5.972,4.401,3.115,2.538,2.139,1.42,0.992,1.024,0.561,0.443,0.476,0.965,2.812,5.706,6.308,5.865,5.41,4.321,4.459,4.731,4.646,5.182,5.604,6.325,6.131,4.717,3.283,2.92,2.443,1.716,1.116,0.639,0.375,0.309,0.372,0.768,2.475,5.225,6.166,5.31,4.75,4.252,4.661,4.549,4.607,4.81,5.6,6.03,5.778,4.713,3.392,2.722,2.698,2.433,1.753,1.241,0.739,0.526,0.331,0.361,0.63,1.2,1.839,2.754,3.313,3.72,4.415,4.524,4.621,4.378,4.315,4.383,4.288,4.184,3.477,2.689,2.593,2.485,1.955,1.283,0.539,0.331,0.194,0.243,0.455,0.822,1.377,2.169,3.175,4.093,3.608,3.679,3.618,3.569,3.912,3.782,3.79,3.204,2.62,2.069,1.923,1.308,0.819
305,0.565,0.394,0.252,0.32,0.799,2.707,5.502,6.092,5.467,4.892,4.293,4.285,4.252,4.608,4.743,5.271,6.103,5.926,4.563,3.097,2.494,3.161,2.922,1.079,0.559,0.351,0.276,0.348,0.801,2.711,5.477,5.805,5.276,5.14,4.262,4.301,4.39,4.323,4.709,5.406,6.364,5.972,4.401,3.115,2.538,2.139,1.42,0.992,1.024,0.561,0.443,0.476,0.965,2.812,5.706,6.308,5.865,5.41,4.321,4.459,4.731,4.646,5.182,5.604,6.325,6.131,4.717,3.283,2.92,2.443,1.716,1.116,0.639,0.375,0.309,0.372,0.768,2.475,5.225,6.166,5.31,4.75,4.252,4.661,4.549,4.607,4.81,5.6,6.03,5.778,4.713,3.392,2.722,2.698,2.433,1.753,1.241,0.739,0.526,0.331,0.361,0.63,1.2,1.839,2.754,3.313,3.72,4.415,4.524,4.621,4.378,4.315,4.383,4.288,4.184,3.477,2.689,2.593,2.485,1.955,1.283,0.539,0.331,0.194,0.243,0.455,0.822,1.377,2.169,3.175,4.093,3.608,3.679,3.618,3.569,3.912,3.782,3.79,3.204,2.62,2.069,1.923,1.308,0.819,0.437,0.284,0.217,0.285,0.854,2.673,5.671,6.103,5.717,4.582,4.034,4.088,4.364,4.292,4.725,5.168,6.191,5.691,4.029,2.678,2.168,1.929,1.279,0.801
306,0.559,0.351,0.276,0.348,0.801,2.711,5.477,5.805,5.276,5.14,4.262,4.301,4.39,4.323,4.709,5.406,6.364,5.972,4.401,3.115,2.538,2.139,1.42,0.992,1.024,0.561,0.443,0.476,0.965,2.812,5.706,6.308,5.865,5.41,4.321,4.459,4.731,4.646,5.182,5.604,6.325,6.131,4.717,3.283,2.92,2.443,1.716,1.116,0.639,0.375,0.309,0.372,0.768,2.475,5.225,6.166,5.31,4.75,4.252,4.661,4.549,4.607,4.81,5.6,6.03,5.778,4.713,3.392,2.722,2.698,2.433,1.753,1.241,0.739,0.526,0.331,0.361,0.63,1.2,1.839,2.754,3.313,3.72,4.415,4.524,4.621,4.378,4.315,4.383,4.288,4.184,3.477,2.689,2.593,2.485,1.955,1.283,0.539,0.331,0.194,0.243,0.455,0.822,1.377,2.169,3.175,4.093,3.608,3.679,3.618,3.569,3.912,3.782,3.79,3.204,2.62,2.069,1.923,1.308,0.819,0.437,0.284,0.217,0.285,0.854,2.673,5.671,6.103,5.717,4.582,4.034,4.088,4.364,4.292,4.725,5.168,6.191,5.691,4.029,2.678,2.168,1.929,1.279,0.801,0.475,0.28,0.238,0.322,0.805,2.762,5.623,6.004,5.495,5.089,4.217,4.305,4.443,4.594,4.614,5.518,6.182,5.444,3.82,2.688,2.197,1.892,1.407,0.975
307,1.024,0.561,0.443,0.476,0.965,2.812,5.706,6.308,5.865,5.41,4.321,4.459,4.731,4.646,5.182,5.604,6.325,6.131,4.717,3.283,2.92,2.443,1.716,1.116,0.639,0.375,0.309,0.372,0.768,2.475,5.225,6.166,5.31,4.75,4.252,4.661,4.549,4.607,4.81,5.6,6.03,5.778,4.713,3.392,2.722,2.698,2.433,1.753,1.241,0.739,0.526,0.331,0.361,0.63,1.2,1.839,2.754,3.313,3.72,4.415,4.524,4.621,4.378,4.315,4.383,4.288,4.184,3.477,2.689,2.593,2.485,1.955,1.283,0.539,0.331,0.194,0.243,0.455,0.822,1.377,2.169,3.175,4.093,3.608,3.679,3.618,3.569,3.912,3.782,3.79,3.204,2.62,2.069,1.923,1.308,0.819,0.437,0.284,0.217,0.285,0.854,2.673,5.671,6.103,5.717,4.582,4.034,4.088,4.364,4.292,4.725,5.168,6.191,5.691,4.029,2.678,2.168,1.929,1.279,0.801,0.475,0.28,0.238,0.322,0.805,2.762,5.623,6.004,5.495,5.089,4.217,4.305,4.443,4.594,4.614,5.518,6.182,5.444,3.82,2.688,2.197,1.892,1.407,0.975,0.685,0.449,0.346,0.454,0.957,2.843,5.822,6.238,5.779,5.221,4.17,4.42,4.479,4.587,4.884,5.368,6.263,5.927,4.016,2.901,2.427,2.14,1.484,0.969
308,0.639,0.375,0.309,0.372,0.768,2.475,5.225,6.166,5.31,4.75,4.252,4.661,4.549,4.607,4.81,5.6,6.03,5.778,4.713,3.392,2.722,2.698,2.433,1.753,1.241,0.739,0.526,0.331,0.361,0.63,1.2,1.839,2.754,3.313,3.72,4.415,4.524,4.621,4.378,4.315,4.383,4.288,4.184,3.477,2.689,2.593,2.485,1.955,1.283,0.539,0.331,0.194,0.243,0.455,0.822,1.377,2.169,3.175,4.093,3.608,3.679,3.618,3.569,3.912,3.782,3.79,3.204,2.62,2.069,1.923,1.308,0.819,0.437,0.284,0.217,0.285,0.854,2.673,5.671,6.103,5.717,4.582,4.034,4.088,4.364,4.292,4.725,5.168,6.191,5.691,4.029,2.678,2.168,1.929,1.279,0.801,0.475,0.28,0.238,0.322,0.805,2.762,5.623,6.004,5.495,5.089,4.217,4.305,4.443,4.594,4.614,5.518,6.182,5.444,3.82,2.688,2.197,1.892,1.407,0.975,0.685,0.449,0.346,0.454,0.957,2.843,5.822,6.238,5.779,5.221,4.17,4.42,4.479,4.587,4.884,5.368,6.263,5.927,4.016,2.901,2.427,2.14,1.484,0.969,0.691,0.502,0.422,0.419,0.925,2.921,5.704,5.805,4.983,5.48,4.223,4.506,4.733,4.907,5.0,5.466,6.154,5.818,4.176,2.855,2.384,1.974,1.694,1.042
309,1.241,0.739,0.526,0.331,0.361,0.63,1.2,1.839,2.754,3.313,3.72,4.415,4.524,4.621,4.378,4.315,4.383,4.288,4.184,3.477,2.689,2.593,2.485,1.955,1.283,0.539,0.331,0.194,0.243,0.455,0.822,1.377,2.169,3.175,4.093,3.608,3.679,3.618,3.569,3.912,3.782,3.79,3.204,2.62,2.069,1.923,1.308,0.819,0.437,0.284,0.217,0.285,0.854,2.673,5.671,6.103,5.717,4.582,4.034,4.088,4.364,4.292,4.725,5.168,6.191,5.691,4.029,2.678,2.168,1.929,1.279,0.801,0.475,0.28,0.238,0.322,0.805,2.762,5.623,6.004,5.495,5.089,4.217,4.305,4.443,4.594,4.614,5.518,6.182,5.444,3.82,2.688,2.197,1.892,1.407,0.975,0.685,0.449,0.346,0.454,0.957,2.843,5.822,6.238,5.779,5.221,4.17,4.42,4.479,4.587,4.884,5.368,6.263,5.927,4.016,2.901,2.427,2.14,1.484,0.969,0.691,0.502,0.422,0.419,0.925,2.921,5.704,5.805,4.983,5.48,4.223,4.506,4.733,4.907,5.0,5.466,6.154,5.818,4.176,2.855,2.384,1.974,1.694,1.042,0.572,0.379,0.306,0.37,0.885,2.702,5.478,5.797,5.269,4.797,4.478,4.432,4.524,4.586,4.743,5.047,5.664,5.426,4.387,3.276,2.551,2.781,2.424,1.738
310,1.283,0.539,0.331,0.194,0.243,0.455,0.822,1.377,2.169,3.175,4.093,3.608,3.679,3.618,3.569,3.912,3.782,3.79,3.204,2.62,2.069,1.923,1.308,0.819,0.437,0.284,0.217,0.285,0.854,2.673,5.671,6.103,5.717,4.582,4.034,4.088,4.364,4.292,4.725,5.168,6.191,5.691,4.029,2.678,2.168,1.929,1.279,0.801,0.475,0.28,0.238,0.322,0.805,2.762,5.623,6.004,5.495,5.089,4.217,4.305,4.443,4.594,4.614,5.518,6.182,5.444,3.82,2.688,2.197,1.892,1.407,0.975,0.685,0.449,0.346,0.454,0.957,2.843,5.822,6.238,5.779,5.221,4.17,4.42,4.479,4.587,4.884,5.368,6.263,5.927,4.016,2.901,2.427,2.14,1.484,0.969,0.691,0.502,0.422,0.419,0.925,2.921,5.704,5.805,4.983,5.48,4.223,4.506,4.733,4.907,5.0,5.466,6.154,5.818,4.176,2.855,2.384,1.974,1.694,1.042,0.572,0.379,0.306,0.37,0.885,2.702,5.478,5.797,5.269,4.797,4.478,4.432,4.524,4.586,4.743,5.047,5.664,5.426,4.387,3.276,2.551,2.781,2.424,1.738,0.974,0.605,0.48,0.336,0.377,0.648,1.177,1.876,2.844,3.541,4.31,4.227,4.513,4.264,4.161,4.209,4.321,4.266,3.975,3.163,2.507,2.45,2.687,1.608
311,0.437,0.284,0.217,0.285,0.854,2.673,5.671,6.103,5.717,4.582,4.034,4.088,4.364,4.292,4.725,5.168,6.191,5.691,4.029,2.678,2.168,1.929,1.279,0.801,0.475,0.28,0.238,0.322,0.805,2.762,5.623,6.004,5.495,5.089,4.217,4.305,4.443,4.594,4.614,5.518,6.182,5.444,3.82,2.688,2.197,1.892,1.407,0.975,0.685,0.449,0.346,0.454,0.957,2.843,5.822,6.238,5.779,5.221,4.17,4.42,4.479,4.587,4.884,5.368,6.263,5.927,4.016,2.901,2.427,2.14,1.484,0.969,0.691,0.502,0.422,0.419,0.925,2.921,5.704,5.805,4.983,5.48,4.223,4.506,4.733,4.907,5.0,5.466,6.154,5.818,4.176,2.855,2.384,1.974,1.694,1.042,0.572,0.379,0.306,0.37,0.885,2.702,5.478,5.797,5.269,4.797,4.478,4.432,4.524,4.586,4.743,5.047,5.664,5.426,4.387,3.276,2.551,2.781,2.424,1.738,0.974,0.605,0.48,0.336,0.377,0.648,1.177,1.876,2.844,3.541,4.31,4.227,4.513,4.264,4.161,4.209,4.321,4.266,3.975,3.163,2.507,2.45,2.687,1.608,0.974,0.605,0.48,0.336,0.377,0.531,0.856,1.284,1.842,2.332,3.2,3.44,3.652,3.749,3.492,3.911,4.165,3.833,3.291,2.557,2.117,1.708,1.228,0.831
312,0.475,0.28,0.238,0.322,0.805,2.762,5.623,6.004,5.495,5.089,4.217,4.305,4.443,4.594,4.614,5.518,6.182,5.444,3.82,2.688,2.197,1.892,1.407,0.975,0.685,0.449,0.346,0.454,0.957,2.843,5.822,6.238,5.779,5.221,4.17,4.42,4.479,4.587,4.884,5.368,6.263,5.927,4.016,2.901,2.427,2.14,1.484,0.969,0.691,0.502,0.422,0.419,0.925,2.921,5.704,5.805,4.983,5.48,4.223,4.506,4.733,4.907,5.0,5.466,6.154,5.818,4.176,2.855,2.384,1.974,1.694,1.042,0.572,0.379,0.306,0.37,0.885,2.702,5.478,5.797,5.269,4.797,4.478,4.432,4.524,4.586,4.743,5.047,5.664,5.426,4.387,3.276,2.551,2.781,2.424,1.738,0.974,0.605,0.48,0.336,0.377,0.648,1.177,1.876,2.844,3.541,4.31,4.227,4.513,4.264,4.161,4.209,4.321,4.266,3.975,3.163,2.507,2.45,2.687,1.608,0.974,0.605,0.48,0.336,0.377,0.531,0.856,1.284,1.842,2.332,3.2,3.44,3.652,3.749,3.492,3.911,4.165,3.833,3.291,2.557,2.117,1.708,1.228,0.831,0.538,0.338,0.275,0.354,0.856,2.745,5.746,5.553,5.498,4.698,4.044,4.132,4.325,4.114,4.5,5.303,6.248,5.806,3.901,2.554,2.22,1.903,1.239,0.873
313,0.685,0.449,0.346,0.454,0.957,2.843,5.822,6.238,5.779,5.221,4.17,4.42,4.479,4.587,4.884,5.368,6.263,5.927,4.016,2.901,2.427,2.14,1.484,0.969,0.691,0.502,0.422,0.419,0.925,2.921,5.704,5.805,4.983,5.48,4.223,4.506,4.733,4.907,5.0,5.466,6.154,5.818,4.176,2.855,2.384,1.974,1.694,1.042,0.572,0.379,0.306,0.37,0.885,2.702,5.478,5.797,5.269,4.797,4.478,4.432,4.524,4.586,4.743,5.047,5.664,5.426,4.387,3.276,2.551,2.781,2.424,1.738,0.974,0.605,0.48,0.336,0.377,0.648,1.177,1.876,2.844,3.541,4.31,4.227,4.513,4.264,4.161,4.209,4.321,4.266,3.975,3.163,2.507,2.45,2.687,1.608,0.974,0.605,0.48,0.336,0.377,0.531,0.856,1.284,1.842,2.332,3.2,3.44,3.652,3.749,3.492,3.911,4.165,3.833,3.291,2.557,2.117,1.708,1.228,0.831,0.538,0.338,0.275,0.354,0.856,2.745,5.746,5.553,5.498,4.698,4.044,4.132,4.325,4.114,4.5,5.303,6.248,5.806,3.901,2.554,2.22,1.903,1.239,0.873,0.492,0.315,0.242,0.323,0.888,2.766,5.639,5.697,4.8,5.325,4.183,4.349,4.451,4.73,5.003,5.126,6.443,6.047,4.224,2.924,2.635,2.929,3.164,1.038
314,0.691,0.502,0.422,0.419,0.925,2.921,5.704,5.805,4.983,5.48,4.223,4.506,4.733,4.907,5.0,5.466,6.154,5.818,4.176,2.855,2.384,1.974,1.694,1.042,0.572,0.379,0.306,0.37,0.885,2.702,5.478,5.797,5.269,4.797,4.478,4.432,4.524,4.586,4.743,5.047,5.664,5.426,4.387,3.276,2.551,2.781,2.424,1.738,0.974,0.605,0.48,0.336,0.377,0.648,1.177,1.876,2.844,3.541,4.31,4.227,4.513,4.264,4.161,4.209,4.321,4.266,3.975,3.163,2.507,2.45,2.687,1.608,0.974,0.605,0.48,0.336,0.377,0.531,0.856,1.284,1.842,2.332,3.2,3.44,3.652,3.749,3.492,3.911,4.165,3.833,3.291,2.557,2.117,1.708,1.228,0.831,0.538,0.338,0.275,0.354,0.856,2.745,5.746,5.553,5.498,4.698,4.044,4.132,4.325,4.114,4.5,5.303,6.248,5.806,3.901,2.554,2.22,1.903,1.239,0.873,0.492,0.315,0.242,0.323,0.888,2.766,5.639,5.697,4.8,5.325,4.183,4.349,4.451,4.73,5.003,5.126,6.443,6.047,4.224,2.924,2.635,2.929,3.164,1.038,0.503,0.338,0.255,0.347,0.865,2.792,5.695,4.543,5.584,5.112,4.235,4.353,4.549,4.463,4.59,5.317,6.312,5.844,4.159,3.057,2.641,2.223,1.43,0.89
315,0.572,0.379,0.306,0.37,0.885,2.702,5.478,5.797,5.269,4.797,4.478,4.432,4.524,4.586,4.743,5.047,5.664,5.426,4.387,3.276,2.551,2.781,2.424,1.738,0.974,0.605,0.48,0.336,0.377,0.648,1.177,1.876,2.844,3.541,4.31,4.227,4.513,4.264,4.161,4.209,4.321,4.266,3.975,3.163,2.507,2.45,2.687,1.608,0.974,0.605,0.48,0.336,0.377,0.531,0.856,1.284,1.842,2.332,3.2,3.44,3.652,3.749,3.492,3.911,4.165,3.833,3.291,2.557,2.117,1.708,1.228,0.831,0.538,0.338,0.275,0.354,0.856,2.745,5.746,5.553,5.498,4.698,4.044,4.132,4.325,4.114,4.5,5.303,6.248,5.806,3.901,2.554,2.22,1.903,1.239,0.873,0.492,0.315,0.242,0.323,0.888,2.766,5.639,5.697,4.8,5.325,4.183,4.349,4.451,4.73,5.003,5.126,6.443,6.047,4.224,2.924,2.635,2.929,3.164,1.038,0.503,0.338,0.255,0.347,0.865,2.792,5.695,4.543,5.584,5.112,4.235,4.353,4.549,4.463,4.59,5.317,6.312,5.844,4.159,3.057,2.641,2.223,1.43,0.89,0.475,0.309,0.258,0.344,0.839,2.746,5.87,5.819,5.074,5.047,4.366,4.649,4.849,4.802,5.041,5.705,6.432,5.953,4.38,3.151,2.722,3.199,3.527,1.267
316,0.974,0.605,0.48,0.336,0.377,0.648,1.177,1.876,2.844,3.541,4.31,4.227,4.513,4.264,4.161,4.209,4.321,4.266,3.975,3.163,2.507,2.45,2.687,1.608,0.974,0.605,0.48,0.336,0.377,0.531,0.856,1.284,1.842,2.332,3.2,3.44,3.652,3.749,3.492,3.911,4.165,3.833,3.291,2.557,2.117,1.708,1.228,0.831,0.538,0.338,0.275,0.354,0.856,2.745,5.746,5.553,5.498,4.698,4.044,4.132,4.325,4.114,4.5,5.303,6.248,5.806,3.901,2.554,2.22,1.903,1.239,0.873,0.492,0.315,0.242,0.323,0.888,2.766,5.639,5.697,4.8,5.325,4.183,4.349,4.451,4.73,5.003,5.126,6.443,6.047,4.224,2.924,2.635,2.929,3.164,1.038,0.503,0.338,0.255,0.347,0.865,2.792,5.695,4.543,5.584,5.112,4.235,4.353,4.549,4.463,4.59,5.317,6.312,5.844,4.159,3.057,2.641,2.223,1.43,0.89,0.475,0.309,0.258,0.344,0.839,2.746,5.87,5.819,5.074,5.047,4.366,4.649,4.849,4.802,5.041,5.705,6.432,5.953,4.38,3.151,2.722,3.199,3.527,1.267,0.683,0.389,0.346,0.403,0.833,2.579,5.506,5.892,4.954,4.378,4.211,4.54,4.658,4.409,4.694,4.872,5.074,4.328,3.486,2.524,2.027,2.16,2.012,1.356
317,0.974,0.605,0.48,0.336,0.377,0.531,0.856,1.284,1.842,2.332,3.2,3.44,3.652,3.749,3.492,3.911,4.165,3.833,3.291,2.557,2.117,1.708,1.228,0.831,0.538,0.338,0.275,0.354,0.856,2.745,5.746,5.553,5.498,4.698,4.044,4.132,4.325,4.114,4.5,5.303,6.248,5.806,3.901,2.554,2.22,1.903,1.239,0.873,0.492,0.315,0.242,0.323,0.888,2.766,5.639,5.697,4.8,5.325,4.183,4.349,4.451,4.73,5.003,5.126,6.443,6.047,4.224,2.924,2.635,2.929,3.164,1.038,0.503,0.338,0.255,0.347,0.865,2.792,5.695,4.543,5.584,5.112,4.235,4.353,4.549,4.463,4.59,5.317,6.312,5.844,4.159,3.057,2.641,2.223,1.43,0.89,0.475,0.309,0.258,0.344,0.839,2.746,5.87,5.819,5.074,5.047,4.366,4.649,4.849,4.802,5.041,5.705,6.432,5.953,4.38,3.151,2.722,3.199,3.527,1.267,0.683,0.389,0.346,0.403,0.833,2.579,5.506,5.892,4.954,4.378,4.211,4.54,4.658,4.409,4.694,4.872,5.074,4.328,3.486,2.524,2.027,2.16,2.012,1.356,0.889,0.642,0.594,0.505,0.562,0.91,1.442,2.173,3.112,3.5,3.831,4.285,4.389,4.332,4.077,4.082,3.834,3.81,3.704,3.088,2.485,2.795,4.094,1.913
318,0.538,0.338,0.275,0.354,0.856,2.745,5.746,5.553,5.498,4.698,4.044,4.132,4.325,4.114,4.5,5.303,6.248,5.806,3.901,2.554,2.22,1.903,1.239,0.873,0.492,0.315,0.242,0.323,0.888,2.766,5.639,5.697,4.8,5.325,4.183,4.349,4.451,4.73,5.003,5.126,6.443,6.047,4.224,2.924,2.635,2.929,3.164,1.038,0.503,0.338,0.255,0.347,0.865,2.792,5.695,4.543,5.584,5.112,4.235,4.353,4.549,4.463,4.59,5.317,6.312,5.844,4.159,3.057,2.641,2.223,1.43,0.89,0.475,0.309,0.258,0.344,0.839,2.746,5.87,5.819,5.074,5.047,4.366,4.649,4.849,4.802,5.041,5.705,6.432,5.953,4.38,3.151,2.722,3.199,3.527,1.267,0.683,0.389,0.346,0.403,0.833,2.579,5.506,5.892,4.954,4.378,4.211,4.54,4.658,4.409,4.694,4.872,5.074,4.328,3.486,2.524,2.027,2.16,2.012,1.356,0.889,0.642,0.594,0.505,0.562,0.91,1.442,2.173,3.112,3.5,3.831,4.285,4.389,4.332,4.077,4.082,3.834,3.81,3.704,3.088,2.485,2.795,4.094,1.913,0.889,0.642,0.594,0.505,0.562,0.793,1.193,1.743,2.089,3.053,4.215,3.706,3.709,3.488,3.532,3.613,3.946,3.654,3.114,2.516,2.07,1.675,1.299,0.956
319,0.492,0.315,0.242,0.323,0.888,2.766,5.639,5.697,4.8,5.325,4.183,4.349,4.451,4.73,5.003,5.126,6.443,6.047,4.224,2.924,2.635,2.929,3.164,1.038,0.503,0.338,0.255,0.347,0.865,2.792,5.695,4.543,5.584,5.112,4.235,4.353,4.549,4.463,4.59,5.317,6.312,5.844,4.159,3.057,2.641,2.223,1.43,0.89,0.475,0.309,0.258,0.344,0.839,2.746,5.87,5.819,5.074,5.047,4.366,4.649,4.849,4.802,5.041,5.705,6.432,5.953,4.38,3.151,2.722,3.199,3.527,1.267,0.683,0.389,0.346,0.403,0.833,2.579,5.506,5.892,4.954,4.378,4.211,4.54,4.658,4.409,4.694,4.872,5.074,4.328,3.486,2.524,2.027,2.16,2.012,1.356,0.889,0.642,0.594,0.505,0.562,0.91,1.442,2.173,3.112,3.5,3.831,4.285,4.389,4.332,4.077,4.082,3.834,3.81,3.704,3.088,2.485,2.795,4.094,1.913,0.889,0.642,0.594,0.505,0.562,0.793,1.193,1.743,2.089,3.053,4.215,3.706,3.709,3.488,3.532,3.613,3.946,3.654,3.114,2.516,2.07,1.675,1.299,0.956,0.539,0.354,0.256,0.302,0.786,2.587,5.485,6.104,5.277,4.577,4.269,4.304,4.331,4.391,4.776,5.174,6.292,5.659,3.937,2.709,2.205,1.899,1.297,0.866
320,0.503,0.338,0.255,0.347,0.865,2.792,5.695,4.543,5.584,5.112,4.235,4.353,4.549,4.463,4.59,5.317,6.312,5.844,4.159,3.057,2.641,2.223,1.43,0.89,0.475,0.309,0.258,0.344,0.839,2.746,5.87,5.819,5.074,5.047,4.366,4.649,4.849,4.802,5.041,5.705,6.432,5.953,4.38,3.151,2.722,3.199,3.527,1.267,0.683,0.389,0.346,0.403,0.833,2.579,5.506,5.892,4.954,4.378,4.211,4.54,4.658,4.409,4.694,4.872,5.074,4.328,3.486,2.524,2.027,2.16,2.012,1.356,0.889,0.642,0.594,0.505,0.562,0.91,1.442,2.173,3.112,3.5,3.831,4.285,4.389,4.332,4.077,4.082,3.834,3.81,3.704,3.088,2.485,2.795,4.094,1.913,0.889,0.642,0.594,0.505,0.562,0.793,1.193,1.743,2.089,3.053,4.215,3.706,3.709,3.488,3.532,3.613,3.946,3.654,3.114,2.516,2.07,1.675,1.299,0.956,0.539,0.354,0.256,0.302,0.786,2.587,5.485,6.104,5.277,4.577,4.269,4.304,4.331,4.391,4.776,5.174,6.292,5.659,3.937,2.709,2.205,1.899,1.297,0.866,0.46,0.325,0.256,0.34,0.815,2.696,5.654,5.605,5.034,4.607,4.07,4.317,4.593,4.459,4.556,4.686,5.266,4.762,3.189,2.289,2.01,1.815,1.232,0.903
321,0.475,0.309,0.258,0.344,0.839,2.746,5.87,5.819,5.074,5.047,4.366,4.649,4.849,4.802,5.041,5.705,6.432,5.953,4.38,3.151,2.722,3.199,3.527,1.267,0.683,0.389,0.346,0.403,0.833,2.579,5.506,5.892,4.954,4.378,4.211,4.54,4.658,4.409,4.694,4.872,5.074,4.328,3.486,2.524,2.027,2.16,2.012,1.356,0.889,0.642,0.594,0.505,0.562,0.91,1.442,2.173,3.112,3.5,3.831,4.285,4.389,4.332,4.077,4.082,3.834,3.81,3.704,3.088,2.485,2.795,4.094,1.913,0.889,0.642,0.594,0.505,0.562,0.793,1.193,1.743,2.089,3.053,4.215,3.706,3.709,3.488,3.532,3.613,3.946,3.654,3.114,2.516,2.07,1.675,1.299,0.956,0.539,0.354,0.256,0.302,0.786,2.587,5.485,6.104,5.277,4.577,4.269,4.304,4.331,4.391,4.776,5.174,6.292,5.659,3.937,2.709,2.205,1.899,1.297,0.866,0.46,0.325,0.256,0.34,0.815,2.696,5.654,5.605,5.034,4.607,4.07,4.317,4.593,4.459,4.556,4.686,5.266,4.762,3.189,2.289,2.01,1.815,1.232,0.903,0.49,0.321,0.257,0.378,0.867,2.584,4.787,4.724,4.219,4.056,3.901,4.262,4.562,4.613,5.065,5.279,5.225,4.381,3.575,2.73,3.305,3.155,1.918,1.331
322,0.683,0.389,0.346,0.403,0.833,2.579,5.506,5.892,4.954,4.378,4.211,4.54,4.658,4.409,4.694,4.872,5.074,4.328,3.486,2.524,2.027,2.16,2.012,1.356,0.889,0.642,0.594,0.505,0.562,0.91,1.442,2.173,3.112,3.5,3.831,4.285,4.389,4.332,4.077,4.082,3.834,3.81,3.704,3.088,2.485,2.795,4.094,1.913,0.889,0.642,0.594,0.505,0.562,0.793,1.193,1.743,2.089,3.053,4.215,3.706,3.709,3.488,3.532,3.613,3.946,3.654,3.114,2.516,2.07,1.675,1.299,0.956,0.539,0.354,0.256,0.302,0.786,2.587,5.485,6.104,5.277,4.577,4.269,4.304,4.331,4.391,4.776,5.174,6.292,5.659,3.937,2.709,2.205,1.899,1.297,0.866,0.46,0.325,0.256,0.34,0.815,2.696,5.654,5.605,5.034,4.607,4.07,4.317,4.593,4.459,4.556,4.686,5.266,4.762,3.189,2.289,2.01,1.815,1.232,0.903,0.49,0.321,0.257,0.378,0.867,2.584,4.787,4.724,4.219,4.056,3.901,4.262,4.562,4.613,5.065,5.279,5.225,4.381,3.575,2.73,3.305,3.155,1.918,1.331,0.763,0.5,0.356,0.262,0.316,0.478,0.0,0.0,1.452,1.818,2.243,2.599,2.833,2.821,2.931,2.915,2.933,2.825,2.769,2.94,2.782,2.373,1.752,1.175
323,0.889,0.642,0.594,0.505,0.562,0.91,1.442,2.173,3.112,3.5,3.831,4.285,4.389,4.332,4.077,4.082,3.834,3.81,3.704,3.088,2.485,2.795,4.094,1.913,0.889,0.642,0.594,0.505,0.562,0.793,1.193,1.743,2.089,3.053,4.215,3.706,3.709,3.488,3.532,3.613,3.946,3.654,3.114,2.516,2.07,1.675,1.299,0.956,0.539,0.354,0.256,0.302,0.786,2.587,5.485,6.104,5.277,4.577,4.269,4.304,4.331,4.391,4.776,5.174,6.292,5.659,3.937,2.709,2.205,1.899,1.297,0.866,0.46,0.325,0.256,0.34,0.815,2.696,5.654,5.605,5.034,4.607,4.07,4.317,4.593,4.459,4.556,4.686,5.266,4.762,3.189,2.289,2.01,1.815,1.232,0.903,0.49,0.321,0.257,0.378,0.867,2.584,4.787,4.724,4.219,4.056,3.901,4.262,4.562,4.613,5.065,5.279,5.225,4.381,3.575,2.73,3.305,3.155,1.918,1.331,0.763,0.5,0.356,0.262,0.316,0.478,0.0,0.0,1.452,1.818,2.243,2.599,2.833,2.821,2.931,2.915,2.933,2.825,2.769,2.94,2.782,2.373,1.752,1.175,0.849,0.582,0.474,0.332,0.3,0.536,0.973,1.396,2.024,2.817,3.076,3.427,3.958,3.908,4.155,4.224,3.855,4.667,4.074,2.833,2.269,2.288,2.069,1.358
324,0.889,0.642,0.594,0.505,0.562,0.793,1.193,1.743,2.089,3.053,4.215,3.706,3.709,3.488,3.532,3.613,3.946,3.654,3.114,2.516,2.07,1.675,1.299,0.956,0.539,0.354,0.256,0.302,0.786,2.587,5.485,6.104,5.277,4.577,4.269,4.304,4.331,4.391,4.776,5.174,6.292,5.659,3.937,2.709,2.205,1.899,1.297,0.866,0.46,0.325,0.256,0.34,0.815,2.696,5.654,5.605,5.034,4.607,4.07,4.317,4.593,4.459,4.556,4.686,5.266,4.762,3.189,2.289,2.01,1.815,1.232,0.903,0.49,0.321,0.257,0.378,0.867,2.584,4.787,4.724,4.219,4.056,3.901,4.262,4.562,4.613,5.065,5.279,5.225,4.381,3.575,2.73,3.305,3.155,1.918,1.331,0.763,0.5,0.356,0.262,0.316,0.478,0.0,0.0,1.452,1.818,2.243,2.599,2.833,2.821,2.931,2.915,2.933,2.825,2.769,2.94,2.782,2.373,1.752,1.175,0.849,0.582,0.474,0.332,0.3,0.536,0.973,1.396,2.024,2.817,3.076,3.427,3.958,3.908,4.155,4.224,3.855,4.667,4.074,2.833,2.269,2.288,2.069,1.358,0.849,0.582,0.474,0.332,0.3,0.497,0.904,1.298,1.883,2.411,3.025,3.539,3.876,3.859,4.018,3.995,3.971,3.905,3.716,3.03,2.548,2.367,2.301,1.574
325,0.539,0.354,0.256,0.302,0.786,2.587,5.485,6.104,5.277,4.577,4.269,4.304,4.331,4.391,4.776,5.174,6.292,5.659,3.937,2.709,2.205,1.899,1.297,0.866,0.46,0.325,0.256,0.34,0.815,2.696,5.654,5.605,5.034,4.607,4.07,4.317,4.593,4.459,4.556,4.686,5.266,4.762,3.189,2.289,2.01,1.815,1.232,0.903,0.49,0.321,0.257,0.378,0.867,2.584,4.787,4.724,4.219,4.056,3.901,4.262,4.562,4.613,5.065,5.279,5.225,4.381,3.575,2.73,3.305,3.155,1.918,1.331,0.763,0.5,0.356,0.262,0.316,0.478,0.0,0.0,1.452,1.818,2.243,2.599,2.833,2.821,2.931,2.915,2.933,2.825,2.769,2.94,2.782,2.373,1.752,1.175,0.849,0.582,0.474,0.332,0.3,0.536,0.973,1.396,2.024,2.817,3.076,3.427,3.958,3.908,4.155,4.224,3.855,4.667,4.074,2.833,2.269,2.288,2.069,1.358,0.849,0.582,0.474,0.332,0.3,0.497,0.904,1.298,1.883,2.411,3.025,3.539,3.876,3.859,4.018,3.995,3.971,3.905,3.716,3.03,2.548,2.367,2.301,1.574,0.969,0.697,0.529,0.307,0.3,0.469,0.862,1.243,1.808,2.318,2.911,3.215,3.908,4.207,4.511,4.543,4.476,3.967,3.732,3.184,2.759,2.045,1.376,0.858
326,0.46,0.325,0.256,0.34,0.815,2.696,5.654,5.605,5.034,4.607,4.07,4.317,4.593,4.459,4.556,4.686,5.266,4.762,3.189,2.289,2.01,1.815,1.232,0.903,0.49,0.321,0.257,0.378,0.867,2.584,4.787,4.724,4.219,4.056,3.901,4.262,4.562,4.613,5.065,5.279,5.225,4.381,3.575,2.73,3.305,3.155,1.918,1.331,0.763,0.5,0.356,0.262,0.316,0.478,0.0,0.0,1.452,1.818,2.243,2.599,2.833,2.821,2.931,2.915,2.933,2.825,2.769,2.94,2.782,2.373,1.752,1.175,0.849,0.582,0.474,0.332,0.3,0.536,0.973,1.396,2.024,2.817,3.076,3.427,3.958,3.908,4.155,4.224,3.855,4.667,4.074,2.833,2.269,2.288,2.069,1.358,0.849,0.582,0.474,0.332,0.3,0.497,0.904,1.298,1.883,2.411,3.025,3.539,3.876,3.859,4.018,3.995,3.971,3.905,3.716,3.03,2.548,2.367,2.301,1.574,0.969,0.697,0.529,0.307,0.3,0.469,0.862,1.243,1.808,2.318,2.911,3.215,3.908,4.207,4.511,4.543,4.476,3.967,3.732,3.184,2.759,2.045,1.376,0.858,0.454,0.304,0.24,0.298,0.804,2.609,5.375,6.201,5.279,4.477,4.052,3.832,3.956,4.083,4.408,4.966,5.857,5.339,3.798,2.563,2.016,1.811,1.263,0.826
327,0.49,0.321,0.257,0.378,0.867,2.584,4.787,4.724,4.219,4.056,3.901,4.262,4.562,4.613,5.065,5.279,5.225,4.381,3.575,2.73,3.305,3.155,1.918,1.331,0.763,0.5,0.356,0.262,0.316,0.478,0.0,0.0,1.452,1.818,2.243,2.599,2.833,2.821,2.931,2.915,2.933,2.825,2.769,2.94,2.782,2.373,1.752,1.175,0.849,0.582,0.474,0.332,0.3,0.536,0.973,1.396,2.024,2.817,3.076,3.427,3.958,3.908,4.155,4.224,3.855,4.667,4.074,2.833,2.269,2.288,2.069,1.358,0.849,0.582,0.474,0.332,0.3,0.497,0.904,1.298,1.883,2.411,3.025,3.539,3.876,3.859,4.018,3.995,3.971,3.905,3.716,3.03,2.548,2.367,2.301,1.574,0.969,0.697,0.529,0.307,0.3,0.469,0.862,1.243,1.808,2.318,2.911,3.215,3.908,4.207,4.511,4.543,4.476,3.967,3.732,3.184,2.759,2.045,1.376,0.858,0.454,0.304,0.24,0.298,0.804,2.609,5.375,6.201,5.279,4.477,4.052,3.832,3.956,4.083,4.408,4.966,5.857,5.339,3.798,2.563,2.016,1.811,1.263,0.826,0.464,0.323,0.233,0.326,0.868,2.706,5.552,6.314,5.353,4.877,4.175,4.297,4.533,4.418,4.737,5.359,6.057,5.535,4.017,2.807,2.267,2.211,1.367,0.804
328,0.763,0.5,0.356,0.262,0.316,0.478,0.0,0.0,1.452,1.818,2.243,2.599,2.833,2.821,2.931,2.915,2.933,2.825,2.769,2.94,2.782,2.373,1.752,1.175,0.849,0.582,0.474,0.332,0.3,0.536,0.973,1.396,2.024,2.817,3.076,3.427,3.958,3.908,4.155,4.224,3.855,4.667,4.074,2.833,2.269,2.288,2.069,1.358,0.849,0.582,0.474,0.332,0.3,0.497,0.904,1.298,1.883,2.411,3.025,3.539,3.876,3.859,4.018,3.995,3.971,3.905,3.716,3.03,2.548,2.367,2.301,1.574,0.969,0.697,0.529,0.307,0.3,0.469,0.862,1.243,1.808,2.318,2.911,3.215,3.908,4.207,4.511,4.543,4.476,3.967,3.732,3.184,2.759,2.045,1.376,0.858,0.454,0.304,0.24,0.298,0.804,2.609,5.375,6.201,5.279,4.477,4.052,3.832,3.956,4.083,4.408,4.966,5.857,5.339,3.798,2.563,2.016,1.811,1.263,0.826,0.464,0.323,0.233,0.326,0.868,2.706,5.552,6.314,5.353,4.877,4.175,4.297,4.533,4.418,4.737,5.359,6.057,5.535,4.017,2.807,2.267,2.211,1.367,0.804,0.499,0.352,0.274,0.309,0.868,2.661,5.425,5.61,5.681,4.853,4.133,4.241,4.52,4.546,4.704,5.283,5.949,5.635,4.232,2.98,2.407,2.227,1.476,0.971
329,0.849,0.582,0.474,0.332,0.3,0.536,0.973,1.396,2.024,2.817,3.076,3.427,3.958,3.908,4.155,4.224,3.855,4.667,4.074,2.833,2.269,2.288,2.069,1.358,0.849,0.582,0.474,0.332,0.3,0.497,0.904,1.298,1.883,2.411,3.025,3.539,3.876,3.859,4.018,3.995,3.971,3.905,3.716,3.03,2.548,2.367,2.301,1.574,0.969,0.697,0.529,0.307,0.3,0.469,0.862,1.243,1.808,2.318,2.911,3.215,3.908,4.207,4.511,4.543,4.476,3.967,3.732,3.184,2.759,2.045,1.376,0.858,0.454,0.304,0.24,0.298,0.804,2.609,5.375,6.201,5.279,4.477,4.052,3.832,3.956,4.083,4.408,4.966,5.857,5.339,3.798,2.563,2.016,1.811,1.263,0.826,0.464,0.323,0.233,0.326,0.868,2.706,5.552,6.314,5.353,4.877,4.175,4.297,4.533,4.418,4.737,5.359,6.057,5.535,4.017,2.807,2.267,2.211,1.367,0.804,0.499,0.352,0.274,0.309,0.868,2.661,5.425,5.61,5.681,4.853,4.133,4.241,4.52,4.546,4.704,5.283,5.949,5.635,4.232,2.98,2.407,2.227,1.476,0.971,0.555,0.319,0.257,0.344,0.852,2.693,5.603,6.364,5.492,4.882,4.381,4.477,4.743,4.762,5.083,5.823,6.484,6.109,4.331,2.943,2.419,2.783,1.845,1.091
330,0.849,0.582,0.474,0.332,0.3,0.497,0.904,1.298,1.883,2.411,3.025,3.539,3.876,3.859,4.018,3.995,3.971,3.905,3.716,3.03,2.548,2.367,2.301,1.574,0.969,0.697,0.529,0.307,0.3,0.469,0.862,1.243,1.808,2.318,2.911,3.215,3.908,4.207,4.511,4.543,4.476,3.967,3.732,3.184,2.759,2.045,1.376,0.858,0.454,0.304,0.24,0.298,0.804,2.609,5.375,6.201,5.279,4.477,4.052,3.832,3.956,4.083,4.408,4.966,5.857,5.339,3.798,2.563,2.016,1.811,1.263,0.826,0.464,0.323,0.233,0.326,0.868,2.706,5.552,6.314,5.353,4.877,4.175,4.297,4.533,4.418,4.737,5.359,6.057,5.535,4.017,2.807,2.267,2.211,1.367,0.804,0.499,0.352,0.274,0.309,0.868,2.661,5.425,5.61,5.681,4.853,4.133,4.241,4.52,4.546,4.704,5.283,5.949,5.635,4.232,2.98,2.407,2.227,1.476,0.971,0.555,0.319,0.257,0.344,0.852,2.693,5.603,6.364,5.492,4.882,4.381,4.477,4.743,4.762,5.083,5.823,6.484,6.109,4.331,2.943,2.419,2.783,1.845,1.091,0.689,0.405,0.321,0.384,0.78,2.438,5.358,6.181,5.66,5.119,0.0,5.05,5.548,5.518,5.608,6.02,6.594,6.199,4.893,3.916,3.172,3.294,2.541,1.853
331,0.969,0.697,0.529,0.307,0.3,0.469,0.862,1.243,1.808,2.318,2.911,3.215,3.908,4.207,4.511,4.543,4.476,3.967,3.732,3.184,2.759,2.045,1.376,0.858,0.454,0.304,0.24,0.298,0.804,2.609,5.375,6.201,5.279,4.477,4.052,3.832,3.956,4.083,4.408,4.966,5.857,5.339,3.798,2.563,2.016,1.811,1.263,0.826,0.464,0.323,0.233,0.326,0.868,2.706,5.552,6.314,5.353,4.877,4.175,4.297,4.533,4.418,4.737,5.359,6.057,5.535,4.017,2.807,2.267,2.211,1.367,0.804,0.499,0.352,0.274,0.309,0.868,2.661,5.425,5.61,5.681,4.853,4.133,4.241,4.52,4.546,4.704,5.283,5.949,5.635,4.232,2.98,2.407,2.227,1.476,0.971,0.555,0.319,0.257,0.344,0.852,2.693,5.603,6.364,5.492,4.882,4.381,4.477,4.743,4.762,5.083,5.823,6.484,6.109,4.331,2.943,2.419,2.783,1.845,1.091,0.689,0.405,0.321,0.384,0.78,2.438,5.358,6.181,5.66,5.119,0.0,5.05,5.548,5.518,5.608,6.02,6.594,6.199,4.893,3.916,3.172,3.294,2.541,1.853,1.208,0.708,0.538,0.402,0.408,0.641,1.244,1.954,3.002,3.716,4.166,4.726,5.017,5.518,5.175,5.121,4.963,5.347,4.412,3.423,2.828,3.341,2.573,1.93
332,0.454,0.304,0.24,0.298,0.804,2.609,5.375,6.201,5.279,4.477,4.052,3.832,3.956,4.083,4.408,4.966,5.857,5.339,3.798,2.563,2.016,1.811,1.263,0.826,0.464,0.323,0.233,0.326,0.868,2.706,5.552,6.314,5.353,4.877,4.175,4.297,4.533,4.418,4.737,5.359,6.057,5.535,4.017,2.807,2.267,2.211,1.367,0.804,0.499,0.352,0.274,0.309,0.868,2.661,5.425,5.61,5.681,4.853,4.133,4.241,4.52,4.546,4.704,5.283,5.949,5.635,4.232,2.98,2.407,2.227,1.476,0.971,0.555,0.319,0.257,0.344,0.852,2.693,5.603,6.364,5.492,4.882,4.381,4.477,4.743,4.762,5.083,5.823,6.484,6.109,4.331,2.943,2.419,2.783,1.845,1.091,0.689,0.405,0.321,0.384,0.78,2.438,5.358,6.181,5.66,5.119,0.0,5.05,5.548,5.518,5.608,6.02,6.594,6.199,4.893,3.916,3.172,3.294,2.541,1.853,1.208,0.708,0.538,0.402,0.408,0.641,1.244,1.954,3.002,3.716,4.166,4.726,5.017,5.518,5.175,5.121,4.963,5.347,4.412,3.423,2.828,3.341,2.573,1.93,0.0,0.731,0.491,0.296,0.336,0.388,0.739,1.057,0.0,2.334,0.0,3.52,3.96,4.291,4.147,4.502,4.242,4.034,3.158,3.125,2.234,1.952,1.351,0.884
333,0.464,0.323,0.233,0.326,0.868,2.706,5.552,6.314,5.353,4.877,4.175,4.297,4.533,4.418,4.737,5.359,6.057,5.535,4.017,2.807,2.267,2.211,1.367,0.804,0.499,0.352,0.274,0.309,0.868,2.661,5.425,5.61,5.681,4.853,4.133,4.241,4.52,4.546,4.704,5.283,5.949,5.635,4.232,2.98,2.407,2.227,1.476,0.971,0.555,0.319,0.257,0.344,0.852,2.693,5.603,6.364,5.492,4.882,4.381,4.477,4.743,4.762,5.083,5.823,6.484,6.109,4.331,2.943,2.419,2.783,1.845,1.091,0.689,0.405,0.321,0.384,0.78,2.438,5.358,6.181,5.66,5.119,0.0,5.05,5.548,5.518,5.608,6.02,6.594,6.199,4.893,3.916,3.172,3.294,2.541,1.853,1.208,0.708,0.538,0.402,0.408,0.641,1.244,1.954,3.002,3.716,4.166,4.726,5.017,5.518,5.175,5.121,4.963,5.347,4.412,3.423,2.828,3.341,2.573,1.93,0.0,0.731,0.491,0.296,0.336,0.388,0.739,1.057,0.0,2.334,0.0,3.52,3.96,4.291,4.147,4.502,4.242,4.034,3.158,3.125,2.234,1.952,1.351,0.884,0.518,0.318,0.261,0.304,0.798,2.663,5.573,6.077,5.957,5.018,4.621,4.522,0.0,4.722,5.052,5.586,6.338,5.955,4.323,3.142,2.54,2.122,1.859,2.345
334,0.499,0.352,0.274,0.309,0.868,2.661,5.425,5.61,5.681,4.853,4.133,4.241,4.52,4.546,4.704,5.283,5.949,5.635,4.232,2.98,2.407,2.227,1.476,0.971,0.555,0.319,0.257,0.344,0.852,2.693,5.603,6.364,5.492,4.882,4.381,4.477,4.743,4.762,5.083,5.823,6.484,6.109,4.331,2.943,2.419,2.783,1.845,1.091,0.689,0.405,0.321,0.384,0.78,2.438,5.358,6.181,5.66,5.119,0.0,5.05,5.548,5.518,5.608,6.02,6.594,6.199,4.893,3.916,3.172,3.294,2.541,1.853,1.208,0.708,0.538,0.402,0.408,0.641,1.244,1.954,3.002,3.716,4.166,4.726,5.017,5.518,5.175,5.121,4.963,5.347,4.412,3.423,2.828,3.341,2.573,1.93,0.0,0.731,0.491,0.296,0.336,0.388,0.739,1.057,0.0,2.334,0.0,3.52,3.96,4.291,4.147,4.502,4.242,4.034,3.158,3.125,2.234,1.952,1.351,0.884,0.518,0.318,0.261,0.304,0.798,2.663,5.573,6.077,5.957,5.018,4.621,4.522,0.0,4.722,5.052,5.586,6.338,5.955,4.323,3.142,2.54,2.122,1.859,2.345,0.597,0.427,0.284,0.37,0.89,2.774,5.84,6.558,0.0,5.179,0.0,4.666,4.725,4.722,5.062,5.819,6.612,6.232,4.52,3.069,2.56,2.304,1.757,2.196
335,0.555,0.319,0.257,0.344,0.852,2.693,5.603,6.364,5.492,4.882,4.381,4.477,4.743,4.762,5.083,5.823,6.484,6.109,4.331,2.943,2.419,2.783,1.845,1.091,0.689,0.405,0.321,0.384,0.78,2.438,5.358,6.181,5.66,5.119,0.0,5.05,5.548,5.518,5.608,6.02,6.594,6.199,4.893,3.916,3.172,3.294,2.541,1.853,1.208,0.708,0.538,0.402,0.408,0.641,1.244,1.954,3.002,3.716,4.166,4.726,5.017,5.518,5.175,5.121,4.963,5.347,4.412,3.423,2.828,3.341,2.573,1.93,0.0,0.731,0.491,0.296,0.336,0.388,0.739,1.057,0.0,2.334,0.0,3.52,3.96,4.291,4.147,4.502,4.242,4.034,3.158,3.125,2.234,1.952,1.351,0.884,0.518,0.318,0.261,0.304,0.798,2.663,5.573,6.077,5.957,5.018,4.621,4.522,0.0,4.722,5.052,5.586,6.338,5.955,4.323,3.142,2.54,2.122,1.859,2.345,0.597,0.427,0.284,0.37,0.89,2.774,5.84,6.558,0.0,5.179,0.0,4.666,4.725,4.722,5.062,5.819,6.612,6.232,4.52,3.069,2.56,2.304,1.757,2.196,0.597,0.388,0.273,0.365,0.0,2.753,0.0,5.551,6.21,5.17,4.633,4.68,0.0,4.956,5.318,5.758,6.404,6.143,4.447,3.276,2.743,2.51,1.555,1.02
336,0.689,0.405,0.321,0.384,0.78,2.438,5.358,6.181,5.66,5.119,0.0,5.05,5.548,5.518,5.608,6.02,6.594,6.199,4.893,3.916,3.172,3.294,2.541,1.853,1.208,0.708,0.538,0.402,0.408,0.641,1.244,1.954,3.002,3.716,4.166,4.726,5.017,5.518,5.175,5.121,4.963,5.347,4.412,3.423,2.828,3.341,2.573,1.93,0.0,0.731,0.491,0.296,0.336,0.388,0.739,1.057,0.0,2.334,0.0,3.52,3.96,4.291,4.147,4.502,4.242,4.034,3.158,3.125,2.234,1.952,1.351,0.884,0.518,0.318,0.261,0.304,0.798,2.663,5.573,6.077,5.957,5.018,4.621,4.522,0.0,4.722,5.052,5.586,6.338,5.955,4.323,3.142,2.54,2.122,1.859,2.345,0.597,0.427,0.284,0.37,0.89,2.774,5.84,6.558,0.0,5.179,0.0,4.666,4.725,4.722,5.062,5.819,6.612,6.232,4.52,3.069,2.56,2.304,1.757,2.196,0.597,0.388,0.273,0.365,0.0,2.753,0.0,5.551,6.21,5.17,4.633,4.68,0.0,4.956,5.318,5.758,6.404,6.143,4.447,3.276,2.743,2.51,1.555,1.02,0.691,0.42,0.429,0.493,1.015,2.835,5.53,6.117,5.934,5.276,4.697,4.751,4.819,4.984,5.171,5.759,6.632,6.07,4.492,3.362,2.804,2.547,2.0,1.147
337,1.208,0.708,0.538,0.402,0.408,0.641,1.244,1.954,3.002,3.716,4.166,4.726,5.017,5.518,5.175,5.121,4.963,5.347,4.412,3.423,2.828,3.341,2.573,1.93,0.0,0.731,0.491,0.296,0.336,0.388,0.739,1.057,0.0,2.334,0.0,3.52,3.96,4.291,4.147,4.502,4.242,4.034,3.158,3.125,2.234,1.952,1.351,0.884,0.518,0.318,0.261,0.304,0.798,2.663,5.573,6.077,5.957,5.018,4.621,4.522,0.0,4.722,5.052,5.586,6.338,5.955,4.323,3.142,2.54,2.122,1.859,2.345,0.597,0.427,0.284,0.37,0.89,2.774,5.84,6.558,0.0,5.179,0.0,4.666,4.725,4.722,5.062,5.819,6.612,6.232,4.52,3.069,2.56,2.304,1.757,2.196,0.597,0.388,0.273,0.365,0.0,2.753,0.0,5.551,6.21,5.17,4.633,4.68,0.0,4.956,5.318,5.758,6.404,6.143,4.447,3.276,2.743,2.51,1.555,1.02,0.691,0.42,0.429,0.493,1.015,2.835,5.53,6.117,5.934,5.276,4.697,4.751,4.819,4.984,5.171,5.759,6.632,6.07,4.492,3.362,2.804,2.547,2.0,1.147,0.652,0.382,0.322,0.388,0.826,2.553,5.525,6.234,5.529,5.083,4.589,5.052,5.28,5.285,5.622,6.031,6.512,6.092,5.025,3.806,3.066,3.356,4.459,2.049
338,0.0,0.731,0.491,0.296,0.336,0.388,0.739,1.057,0.0,2.334,0.0,3.52,3.96,4.291,4.147,4.502,4.242,4.034,3.158,3.125,2.234,1.952,1.351,0.884,0.518,0.318,0.261,0.304,0.798,2.663,5.573,6.077,5.957,5.018,4.621,4.522,0.0,4.722,5.052,5.586,6.338,5.955,4.323,3.142,2.54,2.122,1.859,2.345,0.597,0.427,0.284,0.37,0.89,2.774,5.84,6.558,0.0,5.179,0.0,4.666,4.725,4.722,5.062,5.819,6.612,6.232,4.52,3.069,2.56,2.304,1.757,2.196,0.597,0.388,0.273,0.365,0.0,2.753,0.0,5.551,6.21,5.17,4.633,4.68,0.0,4.956,5.318,5.758,6.404,6.143,4.447,3.276,2.743,2.51,1.555,1.02,0.691,0.42,0.429,0.493,1.015,2.835,5.53,6.117,5.934,5.276,4.697,4.751,4.819,4.984,5.171,5.759,6.632,6.07,4.492,3.362,2.804,2.547,2.0,1.147,0.652,0.382,0.322,0.388,0.826,2.553,5.525,6.234,5.529,5.083,4.589,5.052,5.28,5.285,5.622,6.031,6.512,6.092,5.025,3.806,3.066,3.356,4.459,2.049,1.122,0.721,0.523,0.365,0.4,0.692,1.159,1.842,2.825,3.771,4.096,4.525,4.884,4.804,5.061,4.582,4.037,4.34,4.48,2.903,2.315,2.494,2.883,2.455
339,0.518,0.318,0.261,0.304,0.798,2.663,5.573,6.077,5.957,5.018,4.621,4.522,0.0,4.722,5.052,5.586,6.338,5.955,4.323,3.142,2.54,2.122,1.859,2.345,0.597,0.427,0.284,0.37,0.89,2.774,5.84,6.558,0.0,5.179,0.0,4.666,4.725,4.722,5.062,5.819,6.612,6.232,4.52,3.069,2.56,2.304,1.757,2.196,0.597,0.388,0.273,0.365,0.0,2.753,0.0,5.551,6.21,5.17,4.633,4.68,0.0,4.956,5.318,5.758,6.404,6.143,4.447,3.276,2.743,2.51,1.555,1.02,0.691,0.42,0.429,0.493,1.015,2.835,5.53,6.117,5.934,5.276,4.697,4.751,4.819,4.984,5.171,5.759,6.632,6.07,4.492,3.362,2.804,2.547,2.0,1.147,0.652,0.382,0.322,0.388,0.826,2.553,5.525,6.234,5.529,5.083,4.589,5.052,5.28,5.285,5.622,6.031,6.512,6.092,5.025,3.806,3.066,3.356,4.459,2.049,1.122,0.721,0.523,0.365,0.4,0.692,1.159,1.842,2.825,3.771,4.096,4.525,4.884,4.804,5.061,4.582,4.037,4.34,4.48,2.903,2.315,2.494,2.883,2.455,1.082,0.691,0.531,0.331,0.318,0.435,0.721,0.811,1.19,1.759,2.206,2.611,2.936,3.213,3.541,3.426,3.215,3.019,2.524,2.712,3.08,1.719,1.421,0.93
340,0.597,0.427,0.284,0.37,0.89,2.774,5.84,6.558,0.0,5.179,0.0,4.666,4.725,4.722,5.062,5.819,6.612,6.232,4.52,3.069,2.56,2.304,1.757,2.196,0.597,0.388,0.273,0.365,0.0,2.753,0.0,5.551,6.21,5.17,4.633,4.68,0.0,4.956,5.318,5.758,6.404,6.143,4.447,3.276,2.743,2.51,1.555,1.02,0.691,0.42,0.429,0.493,1.015,2.835,5.53,6.117,5.934,5.276,4.697,4.751,4.819,4.984,5.171,5.759,6.632,6.07,4.492,3.362,2.804,2.547,2.0,1.147,0.652,0.382,0.322,0.388,0.826,2.553,5.525,6.234,5.529,5.083,4.589,5.052,5.28,5.285,5.622,6.031,6.512,6.092,5.025,3.806,3.066,3.356,4.459,2.049,1.122,0.721,0.523,0.365,0.4,0.692,1.159,1.842,2.825,3.771,4.096,4.525,4.884,4.804,5.061,4.582,4.037,4.34,4.48,2.903,2.315,2.494,2.883,2.455,1.082,0.691,0.531,0.331,0.318,0.435,0.721,0.811,1.19,1.759,2.206,2.611,2.936,3.213,3.541,3.426,3.215,3.019,2.524,2.712,3.08,1.719,1.421,0.93,0.701,0.521,0.38,0.619,1.089,2.694,4.739,4.301,4.539,5.019,4.411,4.321,4.432,4.559,4.68,5.338,5.785,5.169,3.974,2.78,2.365,2.059,1.403,0.872
341,0.597,0.388,0.273,0.365,0.0,2.753,0.0,5.551,6.21,5.17,4.633,4.68,0.0,4.956,5.318,5.758,6.404,6.143,4.447,3.276,2.743,2.51,1.555,1.02,0.691,0.42,0.429,0.493,1.015,2.835,5.53,6.117,5.934,5.276,4.697,4.751,4.819,4.984,5.171,5.759,6.632,6.07,4.492,3.362,2.804,2.547,2.0,1.147,0.652,0.382,0.322,0.388,0.826,2.553,5.525,6.234,5.529,5.083,4.589,5.052,5.28,5.285,5.622,6.031,6.512,6.092,5.025,3.806,3.066,3.356,4.459,2.049,1.122,0.721,0.523,0.365,0.4,0.692,1.159,1.842,2.825,3.771,4.096,4.525,4.884,4.804,5.061,4.582,4.037,4.34,4.48,2.903,2.315,2.494,2.883,2.455,1.082,0.691,0.531,0.331,0.318,0.435,0.721,0.811,1.19,1.759,2.206,2.611,2.936,3.213,3.541,3.426,3.215,3.019,2.524,2.712,3.08,1.719,1.421,0.93,0.701,0.521,0.38,0.619,1.089,2.694,4.739,4.301,4.539,5.019,4.411,4.321,4.432,4.559,4.68,5.338,5.785,5.169,3.974,2.78,2.365,2.059,1.403,0.872,0.625,0.495,0.386,0.438,1.017,2.83,5.643,6.09,5.67,5.32,4.443,4.643,4.555,4.765,5.006,5.45,6.236,5.806,4.165,3.145,2.617,3.055,3.738,1.205
342,0.691,0.42,0.429,0.493,1.015,2.835,5.53,6.117,5.934,5.276,4.697,4.751,4.819,4.984,5.171,5.759,6.632,6.07,4.492,3.362,2.804,2.547,2.0,1.147,0.652,0.382,0.322,0.388,0.826,2.553,5.525,6.234,5.529,5.083,4.589,5.052,5.28,5.285,5.622,6.031,6.512,6.092,5.025,3.806,3.066,3.356,4.459,2.049,1.122,0.721,0.523,0.365,0.4,0.692,1.159,1.842,2.825,3.771,4.096,4.525,4.884,4.804,5.061,4.582,4.037,4.34,4.48,2.903,2.315,2.494,2.883,2.455,1.082,0.691,0.531,0.331,0.318,0.435,0.721,0.811,1.19,1.759,2.206,2.611,2.936,3.213,3.541,3.426,3.215,3.019,2.524,2.712,3.08,1.719,1.421,0.93,0.701,0.521,0.38,0.619,1.089,2.694,4.739,4.301,4.539,5.019,4.411,4.321,4.432,4.559,4.68,5.338,5.785,5.169,3.974,2.78,2.365,2.059,1.403,0.872,0.625,0.495,0.386,0.438,1.017,2.83,5.643,6.09,5.67,5.32,4.443,4.643,4.555,4.765,5.006,5.45,6.236,5.806,4.165,3.145,2.617,3.055,3.738,1.205,0.587,0.381,0.369,0.486,1.015,2.781,5.69,6.152,5.599,5.275,4.77,4.929,4.944,4.708,5.058,5.5,6.306,6.091,4.58,3.197,2.664,2.409,1.766,1.109
343,0.652,0.382,0.322,0.388,0.826,2.553,5.525,6.234,5.529,5.083,4.589,5.052,5.28,5.285,5.622,6.031,6.512,6.092,5.025,3.806,3.066,3.356,4.459,2.049,1.122,0.721,0.523,0.365,0.4,0.692,1.159,1.842,2.825,3.771,4.096,4.525,4.884,4.804,5.061,4.582,4.037,4.34,4.48,2.903,2.315,2.494,2.883,2.455,1.082,0.691,0.531,0.331,0.318,0.435,0.721,0.811,1.19,1.759,2.206,2.611,2.936,3.213,3.541,3.426,3.215,3.019,2.524,2.712,3.08,1.719,1.421,0.93,0.701,0.521,0.38,0.619,1.089,2.694,4.739,4.301,4.539,5.019,4.411,4.321,4.432,4.559,4.68,5.338,5.785,5.169,3.974,2.78,2.365,2.059,1.403,0.872,0.625,0.495,0.386,0.438,1.017,2.83,5.643,6.09,5.67,5.32,4.443,4.643,4.555,4.765,5.006,5.45,6.236,5.806,4.165,3.145,2.617,3.055,3.738,1.205,0.587,0.381,0.369,0.486,1.015,2.781,5.69,6.152,5.599,5.275,4.77,4.929,4.944,4.708,5.058,5.5,6.306,6.091,4.58,3.197,2.664,2.409,1.766,1.109,0.583,0.342,0.274,0.357,0.864,2.613,5.531,6.059,5.595,5.097,4.565,4.9,4.997,5.053,5.421,5.788,6.603,5.997,4.381,3.249,2.906,2.693,2.206,1.229
344,1.122,0.721,0.523,0.365,0.4,0.692,1.159,1.842,2.825,3.771,4.096,4.525,4.884,4.804,5.061,4.582,4.037,4.34,4.48,2.903,2.315,2.494,2.883,2.455,1.082,0.691,0.531,0.331,0.318,0.435,0.721,0.811,1.19,1.759,2.206,2.611,2.936,3.213,3.541,3.426,3.215,3.019,2.524,2.712,3.08,1.719,1.421,0.93,0.701,0.521,0.38,0.619,1.089,2.694,4.739,4.301,4.539,5.019,4.411,4.321,4.432,4.559,4.68,5.338,5.785,5.169,3.974,2.78,2.365,2.059,1.403,0.872,0.625,0.495,0.386,0.438,1.017,2.83,5.643,6.09,5.67,5.32,4.443,4.643,4.555,4.765,5.006,5.45,6.236,5.806,4.165,3.145,2.617,3.055,3.738,1.205,0.587,0.381,0.369,0.486,1.015,2.781,5.69,6.152,5.599,5.275,4.77,4.929,4.944,4.708,5.058,5.5,6.306,6.091,4.58,3.197,2.664,2.409,1.766,1.109,0.583,0.342,0.274,0.357,0.864,2.613,5.531,6.059,5.595,5.097,4.565,4.9,4.997,5.053,5.421,5.788,6.603,5.997,4.381,3.249,2.906,2.693,2.206,1.229,0.651,0.435,0.314,0.363,0.82,0.0,4.919,5.459,4.718,4.429,4.199,4.716,4.875,4.814,0.0,4.848,4.251,3.311,2.344,1.906,1.543,0.0,1.589,1.057
345,1.082,0.691,0.531,0.331,0.318,0.435,0.721,0.811,1.19,1.759,2.206,2.611,2.936,3.213,3.541,3.426,3.215,3.019,2.524,2.712,3.08,1.719,1.421,0.93,0.701,0.521,0.38,0.619,1.089,2.694,4.739,4.301,4.539,5.019,4.411,4.321,4.432,4.559,4.68,5.338,5.785,5.169,3.974,2.78,2.365,2.059,1.403,0.872,0.625,0.495,0.386,0.438,1.017,2.83,5.643,6.09,5.67,5.32,4.443,4.643,4.555,4.765,5.006,5.45,6.236,5.806,4.165,3.145,2.617,3.055,3.738,1.205,0.587,0.381,0.369,0.486,1.015,2.781,5.69,6.152,5.599,5.275,4.77,4.929,4.944,4.708,5.058,5.5,6.306,6.091,4.58,3.197,2.664,2.409,1.766,1.109,0.583,0.342,0.274,0.357,0.864,2.613,5.531,6.059,5.595,5.097,4.565,4.9,4.997,5.053,5.421,5.788,6.603,5.997,4.381,3.249,2.906,2.693,2.206,1.229,0.651,0.435,0.314,0.363,0.82,0.0,4.919,5.459,4.718,4.429,4.199,4.716,4.875,4.814,0.0,4.848,4.251,3.311,2.344,1.906,1.543,0.0,1.589,1.057,0.669,0.425,0.354,0.317,0.333,0.61,0.944,1.195,1.488,1.833,2.205,2.632,3.145,3.337,3.426,4.134,4.312,3.692,3.346,2.679,2.256,2.262,2.311,1.554
346,0.701,0.521,0.38,0.619,1.089,2.694,4.739,4.301,4.539,5.019,4.411,4.321,4.432,4.559,4.68,5.338,5.785,5.169,3.974,2.78,2.365,2.059,1.403,0.872,0.625,0.495,0.386,0.438,1.017,2.83,5.643,6.09,5.67,5.32,4.443,4.643,4.555,4.765,5.006,5.45,6.236,5.806,4.165,3.145,2.617,3.055,3.738,1.205,0.587,0.381,0.369,0.486,1.015,2.781,5.69,6.152,5.599,5.275,4.77,4.929,4.944,4.708,5.058,5.5,6.306,6.091,4.58,3.197,2.664,2.409,1.766,1.109,0.583,0.342,0.274,0.357,0.864,2.613,5.531,6.059,5.595,5.097,4.565,4.9,4.997,5.053,5.421,5.788,6.603,5.997,4.381,3.249,2.906,2.693,2.206,1.229,0.651,0.435,0.314,0.363,0.82,0.0,4.919,5.459,4.718,4.429,4.199,4.716,4.875,4.814,0.0,4.848,4.251,3.311,2.344,1.906,1.543,0.0,1.589,1.057,0.669,0.425,0.354,0.317,0.333,0.61,0.944,1.195,1.488,1.833,2.205,2.632,3.145,3.337,3.426,4.134,4.312,3.692,3.346,2.679,2.256,2.262,2.311,1.554,0.957,0.667,0.472,0.312,0.277,0.459,0.8,1.037,1.462,0.0,3.067,3.666,3.149,0.0,3.437,3.584,3.869,3.714,0.0,2.502,2.217,1.994,1.669,1.033
347,0.625,0.495,0.386,0.438,1.017,2.83,5.643,6.09,5.67,5.32,4.443,4.643,4.555,4.765,5.006,5.45,6.236,5.806,4.165,3.145,2.617,3.055,3.738,1.205,0.587,0.381,0.369,0.486,1.015,2.781,5.69,6.152,5.599,5.275,4.77,4.929,4.944,4.708,5.058,5.5,6.306,6.091,4.58,3.197,2.664,2.409,1.766,1.109,0.583,0.342,0.274,0.357,0.864,2.613,5.531,6.059,5.595,5.097,4.565,4.9,4.997,5.053,5.421,5.788,6.603,5.997,4.381,3.249,2.906,2.693,2.206,1.229,0.651,0.435,0.314,0.363,0.82,0.0,4.919,5.459,4.718,4.429,4.199,4.716,4.875,4.814,0.0,4.848,4.251,3.311,2.344,1.906,1.543,0.0,1.589,1.057,0.669,0.425,0.354,0.317,0.333,0.61,0.944,1.195,1.488,1.833,2.205,2.632,3.145,3.337,3.426,4.134,4.312,3.692,3.346,2.679,2.256,2.262,2.311,1.554,0.957,0.667,0.472,0.312,0.277,0.459,0.8,1.037,1.462,0.0,3.067,3.666,3.149,0.0,3.437,3.584,3.869,3.714,0.0,2.502,2.217,1.994,1.669,1.033,0.42,0.292,0.254,0.295,0.77,2.458,5.16,5.832,5.278,4.747,4.301,4.618,4.748,4.752,5.087,4.939,4.696,5.572,4.086,2.883,2.452,2.032,1.578,1.063
348,0.587,0.381,0.369,0.486,1.015,2.781,5.69,6.152,5.599,5.275,4.77,4.929,4.944,4.708,5.058,5.5,6.306,6.091,4.58,3.197,2.664,2.409,1.766,1.109,0.583,0.342,0.274,0.357,0.864,2.613,5.531,6.059,5.595,5.097,4.565,4.9,4.997,5.053,5.421,5.788,6.603,5.997,4.381,3.249,2.906,2.693,2.206,1.229,0.651,0.435,0.314,0.363,0.82,0.0,4.919,5.459,4.718,4.429,4.199,4.716,4.875,4.814,0.0,4.848,4.251,3.311,2.344,1.906,1.543,0.0,1.589,1.057,0.669,0.425,0.354,0.317,0.333,0.61,0.944,1.195,1.488,1.833,2.205,2.632,3.145,3.337,3.426,4.134,4.312,3.692,3.346,2.679,2.256,2.262,2.311,1.554,0.957,0.667,0.472,0.312,0.277,0.459,0.8,1.037,1.462,0.0,3.067,3.666,3.149,0.0,3.437,3.584,3.869,3.714,0.0,2.502,2.217,1.994,1.669,1.033,0.42,0.292,0.254,0.295,0.77,2.458,5.16,5.832,5.278,4.747,4.301,4.618,4.748,4.752,5.087,4.939,4.696,5.572,4.086,2.883,2.452,2.032,1.578,1.063,0.614,0.41,0.316,0.427,0.946,2.633,5.446,5.998,5.701,5.225,4.778,4.956,5.057,5.006,5.263,5.42,6.079,5.845,4.403,3.246,2.79,3.827,2.937,1.211
349,0.583,0.342,0.274,0.357,0.864,2.613,5.531,6.059,5.595,5.097,4.565,4.9,4.997,5.053,5.421,5.788,6.603,5.997,4.381,3.249,2.906,2.693,2.206,1.229,0.651,0.435,0.314,0.363,0.82,0.0,4.919,5.459,4.718,4.429,4.199,4.716,4.875,4.814,0.0,4.848,4.251,3.311,2.344,1.906,1.543,0.0,1.589,1.057,0.669,0.425,0.354,0.317,0.333,0.61,0.944,1.195,1.488,1.833,2.205,2.632,3.145,3.337,3.426,4.134,4.312,3.692,3.346,2.679,2.256,2.262,2.311,1.554,0.957,0.667,0.472,0.312,0.277,0.459,0.8,1.037,1.462,0.0,3.067,3.666,3.149,0.0,3.437,3.584,3.869,3.714,0.0,2.502,2.217,1.994,1.669,1.033,0.42,0.292,0.254,0.295,0.77,2.458,5.16,5.832,5.278,4.747,4.301,4.618,4.748,4.752,5.087,4.939,4.696,5.572,4.086,2.883,2.452,2.032,1.578,1.063,0.614,0.41,0.316,0.427,0.946,2.633,5.446,5.998,5.701,5.225,4.778,4.956,5.057,5.006,5.263,5.42,6.079,5.845,4.403,3.246,2.79,3.827,2.937,1.211,0.635,0.407,0.333,0.354,0.852,2.558,4.477,6.003,5.459,4.975,4.859,5.053,5.138,5.176,5.328,5.77,6.179,5.726,4.315,3.2,2.722,2.627,2.069,1.187
350,0.651,0.435,0.314,0.363,0.82,0.0,4.919,5.459,4.718,4.429,4.199,4.716,4.875,4.814,0.0,4.848,4.251,3.311,2.344,1.906,1.543,0.0,1.589,1.057,0.669,0.425,0.354,0.317,0.333,0.61,0.944,1.195,1.488,1.833,2.205,2.632,3.145,3.337,3.426,4.134,4.312,3.692,3.346,2.679,2.256,2.262,2.311,1.554,0.957,0.667,0.472,0.312,0.277,0.459,0.8,1.037,1.462,0.0,3.067,3.666,3.149,0.0,3.437,3.584,3.869,3.714,0.0,2.502,2.217,1.994,1.669,1.033,0.42,0.292,0.254,0.295,0.77,2.458,5.16,5.832,5.278,4.747,4.301,4.618,4.748,4.752,5.087,4.939,4.696,5.572,4.086,2.883,2.452,2.032,1.578,1.063,0.614,0.41,0.316,0.427,0.946,2.633,5.446,5.998,5.701,5.225,4.778,4.956,5.057,5.006,5.263,5.42,6.079,5.845,4.403,3.246,2.79,3.827,2.937,1.211,0.635,0.407,0.333,0.354,0.852,2.558,4.477,6.003,5.459,4.975,4.859,5.053,5.138,5.176,5.328,5.77,6.179,5.726,4.315,3.2,2.722,2.627,2.069,1.187,0.621,0.438,0.308,0.35,0.802,2.449,5.223,5.352,4.865,4.596,4.627,5.2,5.286,5.313,5.47,5.496,6.18,5.385,4.32,3.402,2.754,2.731,2.311,1.441
351,0.669,0.425,0.354,0.317,0.333,0.61,0.944,1.195,1.488,1.833,2.205,2.632,3.145,3.337,3.426,4.134,4.312,3.692,3.346,2.679,2.256,2.262,2.311,1.554,0.957,0.667,0.472,0.312,0.277,0.459,0.8,1.037,1.462,0.0,3.067,3.666,3.149,0.0,3.437,3.584,3.869,3.714,0.0,2.502,2.217,1.994,1.669,1.033,0.42,0.292,0.254,0.295,0.77,2.458,5.16,5.832,5.278,4.747,4.301,4.618,4.748,4.752,5.087,4.939,4.696,5.572,4.086,2.883,2.452,2.032,1.578,1.063,0.614,0.41,0.316,0.427,0.946,2.633,5.446,5.998,5.701,5.225,4.778,4.956,5.057,5.006,5.263,5.42,6.079,5.845,4.403,3.246,2.79,3.827,2.937,1.211,0.635,0.407,0.333,0.354,0.852,2.558,4.477,6.003,5.459,4.975,4.859,5.053,5.138,5.176,5.328,5.77,6.179,5.726,4.315,3.2,2.722,2.627,2.069,1.187,0.621,0.438,0.308,0.35,0.802,2.449,5.223,5.352,4.865,4.596,4.627,5.2,5.286,5.313,5.47,5.496,6.18,5.385,4.32,3.402,2.754,2.731,2.311,1.441,0.837,0.463,0.383,0.339,0.568,1.718,3.438,3.598,3.46,4.017,4.365,4.687,4.956,4.665,4.651,4.566,4.524,4.119,3.501,2.842,2.494,2.529,2.313,1.577
352,0.957,0.667,0.472,0.312,0.277,0.459,0.8,1.037,1.462,0.0,3.067,3.666,3.149,0.0,3.437,3.584,3.869,3.714,0.0,2.502,2.217,1.994,1.669,1.033,0.42,0.292,0.254,0.295,0.77,2.458,5.16,5.832,5.278,4.747,4.301,4.618,4.748,4.752,5.087,4.939,4.696,5.572,4.086,2.883,2.452,2.032,1.578,1.063,0.614,0.41,0.316,0.427,0.946,2.633,5.446,5.998,5.701,5.225,4.778,4.956,5.057,5.006,5.263,5.42,6.079,5.845,4.403,3.246,2.79,3.827,2.937,1.211,0.635,0.407,0.333,0.354,0.852,2.558,4.477,6.003,5.459,4.975,4.859,5.053,5.138,5.176,5.328,5.77,6.179,5.726,4.315,3.2,2.722,2.627,2.069,1.187,0.621,0.438,0.308,0.35,0.802,2.449,5.223,5.352,4.865,4.596,4.627,5.2,5.286,5.313,5.47,5.496,6.18,5.385,4.32,3.402,2.754,2.731,2.311,1.441,0.837,0.463,0.383,0.339,0.568,1.718,3.438,3.598,3.46,4.017,4.365,4.687,4.956,4.665,4.651,4.566,4.524,4.119,3.501,2.842,2.494,2.529,2.313,1.577,1.147,0.789,0.65,0.494,0.465,0.64,1.03,1.287,1.791,2.475,3.001,3.53,3.367,3.295,3.681,3.713,3.887,3.331,2.843,2.573,2.675,2.85,2.473,1.828
353,0.42,0.292,0.254,0.295,0.77,2.458,5.16,5.832,5.278,4.747,4.301,4.618,4.748,4.752,5.087,4.939,4.696,5.572,4.086,2.883,2.452,2.032,1.578,1.063,0.614,0.41,0.316,0.427,0.946,2.633,5.446,5.998,5.701,5.225,4.778,4.956,5.057,5.006,5.263,5.42,6.079,5.845,4.403,3.246,2.79,3.827,2.937,1.211,0.635,0.407,0.333,0.354,0.852,2.558,4.477,6.003,5.459,4.975,4.859,5.053,5.138,5.176,5.328,5.77,6.179,5.726,4.315,3.2,2.722,2.627,2.069,1.187,0.621,0.438,0.308,0.35,0.802,2.449,5.223,5.352,4.865,4.596,4.627,5.2,5.286,5.313,5.47,5.496,6.18,5.385,4.32,3.402,2.754,2.731,2.311,1.441,0.837,0.463,0.383,0.339,0.568,1.718,3.438,3.598,3.46,4.017,4.365,4.687,4.956,4.665,4.651,4.566,4.524,4.119,3.501,2.842,2.494,2.529,2.313,1.577,1.147,0.789,0.65,0.494,0.465,0.64,1.03,1.287,1.791,2.475,3.001,3.53,3.367,3.295,3.681,3.713,3.887,3.331,2.843,2.573,2.675,2.85,2.473,1.828,0.9,0.659,0.348,0.192,0.113,0.227,0.454,0.489,0.754,1.33,1.823,2.173,2.472,2.554,2.506,2.54,2.4,2.282,2.148,2.176,2.016,1.858,1.481,0.98
354,0.614,0.41,0.316,0.427,0.946,2.633,5.446,5.998,5.701,5.225,4.778,4.956,5.057,5.006,5.263,5.42,6.079,5.845,4.403,3.246,2.79,3.827,2.937,1.211,0.635,0.407,0.333,0.354,0.852,2.558,4.477,6.003,5.459,4.975,4.859,5.053,5.138,5.176,5.328,5.77,6.179,5.726,4.315,3.2,2.722,2.627,2.069,1.187,0.621,0.438,0.308,0.35,0.802,2.449,5.223,5.352,4.865,4.596,4.627,5.2,5.286,5.313,5.47,5.496,6.18,5.385,4.32,3.402,2.754,2.731,2.311,1.441,0.837,0.463,0.383,0.339,0.568,1.718,3.438,3.598,3.46,4.017,4.365,4.687,4.956,4.665,4.651,4.566,4.524,4.119,3.501,2.842,2.494,2.529,2.313,1.577,1.147,0.789,0.65,0.494,0.465,0.64,1.03,1.287,1.791,2.475,3.001,3.53,3.367,3.295,3.681,3.713,3.887,3.331,2.843,2.573,2.675,2.85,2.473,1.828,0.9,0.659,0.348,0.192,0.113,0.227,0.454,0.489,0.754,1.33,1.823,2.173,2.472,2.554,2.506,2.54,2.4,2.282,2.148,2.176,2.016,1.858,1.481,0.98,0.732,0.508,0.431,0.44,0.804,1.173,1.931,1.978,1.364,1.962,2.476,2.967,3.374,3.73,3.921,3.946,3.798,3.625,3.295,2.739,2.141,2.024,1.519,0.964
355,0.635,0.407,0.333,0.354,0.852,2.558,4.477,6.003,5.459,4.975,4.859,5.053,5.138,5.176,5.328,5.77,6.179,5.726,4.315,3.2,2.722,2.627,2.069,1.187,0.621,0.438,0.308,0.35,0.802,2.449,5.223,5.352,4.865,4.596,4.627,5.2,5.286,5.313,5.47,5.496,6.18,5.385,4.32,3.402,2.754,2.731,2.311,1.441,0.837,0.463,0.383,0.339,0.568,1.718,3.438,3.598,3.46,4.017,4.365,4.687,4.956,4.665,4.651,4.566,4.524,4.119,3.501,2.842,2.494,2.529,2.313,1.577,1.147,0.789,0.65,0.494,0.465,0.64,1.03,1.287,1.791,2.475,3.001,3.53,3.367,3.295,3.681,3.713,3.887,3.331,2.843,2.573,2.675,2.85,2.473,1.828,0.9,0.659,0.348,0.192,0.113,0.227,0.454,0.489,0.754,1.33,1.823,2.173,2.472,2.554,2.506,2.54,2.4,2.282,2.148,2.176,2.016,1.858,1.481,0.98,0.732,0.508,0.431,0.44,0.804,1.173,1.931,1.978,1.364,1.962,2.476,2.967,3.374,3.73,3.921,3.946,3.798,3.625,3.295,2.739,2.141,2.024,1.519,0.964,0.639,0.36,0.281,0.266,0.678,2.111,4.409,4.38,4.053,3.911,3.865,4.324,4.575,4.564,5.161,5.147,5.73,5.324,4.127,3.226,2.626,2.403,2.114,1.344
356,0.621,0.438,0.308,0.35,0.802,2.449,5.223,5.352,4.865,4.596,4.627,5.2,5.286,5.313,5.47,5.496,6.18,5.385,4.32,3.402,2.754,2.731,2.311,1.441,0.837,0.463,0.383,0.339,0.568,1.718,3.438,3.598,3.46,4.017,4.365,4.687,4.956,4.665,4.651,4.566,4.524,4.119,3.501,2.842,2.494,2.529,2.313,1.577,1.147,0.789,0.65,0.494,0.465,0.64,1.03,1.287,1.791,2.475,3.001,3.53,3.367,3.295,3.681,3.713,3.887,3.331,2.843,2.573,2.675,2.85,2.473,1.828,0.9,0.659,0.348,0.192,0.113,0.227,0.454,0.489,0.754,1.33,1.823,2.173,2.472,2.554,2.506,2.54,2.4,2.282,2.148,2.176,2.016,1.858,1.481,0.98,0.732,0.508,0.431,0.44,0.804,1.173,1.931,1.978,1.364,1.962,2.476,2.967,3.374,3.73,3.921,3.946,3.798,3.625,3.295,2.739,2.141,2.024,1.519,0.964,0.639,0.36,0.281,0.266,0.678,2.111,4.409,4.38,4.053,3.911,3.865,4.324,4.575,4.564,5.161,5.147,5.73,5.324,4.127,3.226,2.626,2.403,2.114,1.344,0.686,0.44,0.408,0.584,0.931,2.396,4.68,4.8,4.423,4.306,4.161,4.578,4.879,4.953,5.148,5.445,6.164,5.484,4.443,3.278,2.65,2.604,2.231,1.35
357,0.837,0.463,0.383,0.339,0.568,1.718,3.438,3.598,3.46,4.017,4.365,4.687,4.956,4.665,4.651,4.566,4.524,4.119,3.501,2.842,2.494,2.529,2.313,1.577,1.147,0.789,0.65,0.494,0.465,0.64,1.03,1.287,1.791,2.475,3.001,3.53,3.367,3.295,3.681,3.713,3.887,3.331,2.843,2.573,2.675,2.85,2.473,1.828,0.9,0.659,0.348,0.192,0.113,0.227,0.454,0.489,0.754,1.33,1.823,2.173,2.472,2.554,2.506,2.54,2.4,2.282,2.148,2.176,2.016,1.858,1.481,0.98,0.732,0.508,0.431,0.44,0.804,1.173,1.931,1.978,1.364,1.962,2.476,2.967,3.374,3.73,3.921,3.946,3.798,3.625,3.295,2.739,2.141,2.024,1.519,0.964,0.639,0.36,0.281,0.266,0.678,2.111,4.409,4.38,4.053,3.911,3.865,4.324,4.575,4.564,5.161,5.147,5.73,5.324,4.127,3.226,2.626,2.403,2.114,1.344,0.686,0.44,0.408,0.584,0.931,2.396,4.68,4.8,4.423,4.306,4.161,4.578,4.879,4.953,5.148,5.445,6.164,5.484,4.443,3.278,2.65,2.604,2.231,1.35,0.841,0.578,0.436,0.435,0.855,2.402,4.699,4.87,4.382,4.303,4.198,4.842,4.846,5.072,5.146,5.343,5.894,5.196,4.21,3.136,2.554,3.04,3.554,1.534
358,1.147,0.789,0.65,0.494,0.465,0.64,1.03,1.287,1.791,2.475,3.001,3.53,3.367,3.295,3.681,3.713,3.887,3.331,2.843,2.573,2.675,2.85,2.473,1.828,0.9,0.659,0.348,0.192,0.113,0.227,0.454,0.489,0.754,1.33,1.823,2.173,2.472,2.554,2.506,2.54,2.4,2.282,2.148,2.176,2.016,1.858,1.481,0.98,0.732,0.508,0.431,0.44,0.804,1.173,1.931,1.978,1.364,1.962,2.476,2.967,3.374,3.73,3.921,3.946,3.798,3.625,3.295,2.739,2.141,2.024,1.519,0.964,0.639,0.36,0.281,0.266,0.678,2.111,4.409,4.38,4.053,3.911,3.865,4.324,4.575,4.564,5.161,5.147,5.73,5.324,4.127,3.226,2.626,2.403,2.114,1.344,0.686,0.44,0.408,0.584,0.931,2.396,4.68,4.8,4.423,4.306,4.161,4.578,4.879,4.953,5.148,5.445,6.164,5.484,4.443,3.278,2.65,2.604,2.231,1.35,0.841,0.578,0.436,0.435,0.855,2.402,4.699,4.87,4.382,4.303,4.198,4.842,4.846,5.072,5.146,5.343,5.894,5.196,4.21,3.136,2.554,3.04,3.554,1.534,0.921,0.654,0.599,0.473,0.75,2.11,4.049,4.325,4.116,4.293,4.235,4.956,5.072,5.354,5.582,5.69,5.848,5.386,4.362,3.296,2.753,2.656,2.436,1.818
359,0.9,0.659,0.348,0.192,0.113,0.227,0.454,0.489,0.754,1.33,1.823,2.173,2.472,2.554,2.506,2.54,2.4,2.282,2.148,2.176,2.016,1.858,1.481,0.98,0.732,0.508,0.431,0.44,0.804,1.173,1.931,1.978,1.364,1.962,2.476,2.967,3.374,3.73,3.921,3.946,3.798,3.625,3.295,2.739,2.141,2.024,1.519,0.964,0.639,0.36,0.281,0.266,0.678,2.111,4.409,4.38,4.053,3.911,3.865,4.324,4.575,4.564,5.161,5.147,5.73,5.324,4.127,3.226,2.626,2.403,2.114,1.344,0.686,0.44,0.408,0.584,0.931,2.396,4.68,4.8,4.423,4.306,4.161,4.578,4.879,4.953,5.148,5.445,6.164,5.484,4.443,3.278,2.65,2.604,2.231,1.35,0.841,0.578,0.436,0.435,0.855,2.402,4.699,4.87,4.382,4.303,4.198,4.842,4.846,5.072,5.146,5.343,5.894,5.196,4.21,3.136,2.554,3.04,3.554,1.534,0.921,0.654,0.599,0.473,0.75,2.11,4.049,4.325,4.116,4.293,4.235,4.956,5.072,5.354,5.582,5.69,5.848,5.386,4.362,3.296,2.753,2.656,2.436,1.818,1.152,0.837,1.211,0.794,0.5,0.499,0.852,1.0,1.384,2.526,4.034,3.75,3.961,4.193,4.571,4.475,4.777,4.342,3.816,3.974,4.49,2.921,2.557,1.857
360,0.732,0.508,0.431,0.44,0.804,1.173,1.931,1.978,1.364,1.962,2.476,2.967,3.374,3.73,3.921,3.946,3.798,3.625,3.295,2.739,2.141,2.024,1.519,0.964,0.639,0.36,0.281,0.266,0.678,2.111,4.409,4.38,4.053,3.911,3.865,4.324,4.575,4.564,5.161,5.147,5.73,5.324,4.127,3.226,2.626,2.403,2.114,1.344,0.686,0.44,0.408,0.584,0.931,2.396,4.68,4.8,4.423,4.306,4.161,4.578,4.879,4.953,5.148,5.445,6.164,5.484,4.443,3.278,2.65,2.604,2.231,1.35,0.841,0.578,0.436,0.435,0.855,2.402,4.699,4.87,4.382,4.303,4.198,4.842,4.846,5.072,5.146,5.343,5.894,5.196,4.21,3.136,2.554,3.04,3.554,1.534,0.921,0.654,0.599,0.473,0.75,2.11,4.049,4.325,4.116,4.293,4.235,4.956,5.072,5.354,5.582,5.69,5.848,5.386,4.362,3.296,2.753,2.656,2.436,1.818,1.152,0.837,1.211,0.794,0.5,0.499,0.852,1.0,1.384,2.526,4.034,3.75,3.961,4.193,4.571,4.475,4.777,4.342,3.816,3.974,4.49,2.921,2.557,1.857,1.848,1.806,1.211,0.794,0.5,0.513,0.821,0.95,1.284,2.279,3.592,3.5,3.364,3.252,3.431,3.585,3.594,3.133,2.955,2.412,1.981,1.777,1.438,1.043
361,0.639,0.36,0.281,0.266,0.678,2.111,4.409,4.38,4.053,3.911,3.865,4.324,4.575,4.564,5.161,5.147,5.73,5.324,4.127,3.226,2.626,2.403,2.114,1.344,0.686,0.44,0.408,0.584,0.931,2.396,4.68,4.8,4.423,4.306,4.161,4.578,4.879,4.953,5.148,5.445,6.164,5.484,4.443,3.278,2.65,2.604,2.231,1.35,0.841,0.578,0.436,0.435,0.855,2.402,4.699,4.87,4.382,4.303,4.198,4.842,4.846,5.072,5.146,5.343,5.894,5.196,4.21,3.136,2.554,3.04,3.554,1.534,0.921,0.654,0.599,0.473,0.75,2.11,4.049,4.325,4.116,4.293,4.235,4.956,5.072,5.354,5.582,5.69,5.848,5.386,4.362,3.296,2.753,2.656,2.436,1.818,1.152,0.837,1.211,0.794,0.5,0.499,0.852,1.0,1.384,2.526,4.034,3.75,3.961,4.193,4.571,4.475,4.777,4.342,3.816,3.974,4.49,2.921,2.557,1.857,1.848,1.806,1.211,0.794,0.5,0.513,0.821,0.95,1.284,2.279,3.592,3.5,3.364,3.252,3.431,3.585,3.594,3.133,2.955,2.412,1.981,1.777,1.438,1.043,0.798,0.522,0.457,0.363,0.508,0.849,1.562,1.792,2.014,2.401,2.832,3.47,3.732,3.75,3.933,3.762,3.563,3.261,2.875,2.244,1.785,1.66,1.226,0.827
362,0.686,0.44,0.408,0.584,0.931,2.396,4.68,4.8,4.423,4.306,4.161,4.578,4.879,4.953,5.148,5.445,6.164,5.484,4.443,3.278,2.65,2.604,2.231,1.35,0.841,0.578,0.436,0.435,0.855,2.402,4.699,4.87,4.382,4.303,4.198,4.842,4.846,5.072,5.146,5.343,5.894,5.196,4.21,3.136,2.554,3.04,3.554,1.534,0.921,0.654,0.599,0.473,0.75,2.11,4.049,4.325,4.116,4.293,4.235,4.956,5.072,5.354,5.582,5.69,5.848,5.386,4.362,3.296,2.753,2.656,2.436,1.818,1.152,0.837,1.211,0.794,0.5,0.499,0.852,1.0,1.384,2.526,4.034,3.75,3.961,4.193,4.571,4.475,4.777,4.342,3.816,3.974,4.49,2.921,2.557,1.857,1.848,1.806,1.211,0.794,0.5,0.513,0.821,0.95,1.284,2.279,3.592,3.5,3.364,3.252,3.431,3.585,3.594,3.133,2.955,2.412,1.981,1.777,1.438,1.043,0.798,0.522,0.457,0.363,0.508,0.849,1.562,1.792,2.014,2.401,2.832,3.47,3.732,3.75,3.933,3.762,3.563,3.261,2.875,2.244,1.785,1.66,1.226,0.827,0.716,0.485,0.4,0.483,0.944,2.755,5.107,6.065,5.338,4.555,3.979,4.008,4.317,4.377,4.863,5.29,6.114,5.854,4.011,2.697,2.169,2.011,1.475,0.915
363,0.841,0.578,0.436,0.435,0.855,2.402,4.699,4.87,4.382,4.303,4.198,4.842,4.846,5.072,5.146,5.343,5.894,5.196,4.21,3.136,2.554,3.04,3.554,1.534,0.921,0.654,0.599,0.473,0.75,2.11,4.049,4.325,4.116,4.293,4.235,4.956,5.072,5.354,5.582,5.69,5.848,5.386,4.362,3.296,2.753,2.656,2.436,1.818,1.152,0.837,1.211,0.794,0.5,0.499,0.852,1.0,1.384,2.526,4.034,3.75,3.961,4.193,4.571,4.475,4.777,4.342,3.816,3.974,4.49,2.921,2.557,1.857,1.848,1.806,1.211,0.794,0.5,0.513,0.821,0.95,1.284,2.279,3.592,3.5,3.364,3.252,3.431,3.585,3.594,3.133,2.955,2.412,1.981,1.777,1.438,1.043,0.798,0.522,0.457,0.363,0.508,0.849,1.562,1.792,2.014,2.401,2.832,3.47,3.732,3.75,3.933,3.762,3.563,3.261,2.875,2.244,1.785,1.66,1.226,0.827,0.716,0.485,0.4,0.483,0.944,2.755,5.107,6.065,5.338,4.555,3.979,4.008,4.317,4.377,4.863,5.29,6.114,5.854,4.011,2.697,2.169,2.011,1.475,0.915,0.528,0.324,0.249,0.308,0.836,2.603,5.511,5.405,5.626,4.667,4.275,4.358,4.548,4.423,4.846,5.185,6.242,6.034,4.238,2.861,2.37,2.421,1.569,1.037
364,0.921,0.654,0.599,0.473,0.75,2.11,4.049,4.325,4.116,4.293,4.235,4.956,5.072,5.354,5.582,5.69,5.848,5.386,4.362,3.296,2.753,2.656,2.436,1.818,1.152,0.837,1.211,0.794,0.5,0.499,0.852,1.0,1.384,2.526,4.034,3.75,3.961,4.193,4.571,4.475,4.777,4.342,3.816,3.974,4.49,2.921,2.557,1.857,1.848,1.806,1.211,0.794,0.5,0.513,0.821,0.95,1.284,2.279,3.592,3.5,3.364,3.252,3.431,3.585,3.594,3.133,2.955,2.412,1.981,1.777,1.438,1.043,0.798,0.522,0.457,0.363,0.508,0.849,1.562,1.792,2.014,2.401,2.832,3.47,3.732,3.75,3.933,3.762,3.563,3.261,2.875,2.244,1.785,1.66,1.226,0.827,0.716,0.485,0.4,0.483,0.944,2.755,5.107,6.065,5.338,4.555,3.979,4.008,4.317,4.377,4.863,5.29,6.114,5.854,4.011,2.697,2.169,2.011,1.475,0.915,0.528,0.324,0.249,0.308,0.836,2.603,5.511,5.405,5.626,4.667,4.275,4.358,4.548,4.423,4.846,5.185,6.242,6.034,4.238,2.861,2.37,2.421,1.569,1.037,0.543,0.438,0.366,0.386,0.782,2.555,5.242,5.807,6.091,4.885,4.383,4.288,4.441,4.584,5.088,5.475,6.22,5.892,4.344,3.03,2.569,2.314,1.699,1.106
365,1.152,0.837,1.211,0.794,0.5,0.499,0.852,1.0,1.384,2.526,4.034,3.75,3.961,4.193,4.571,4.475,4.777,4.342,3.816,3.974,4.49,2.921,2.557,1.857,1.848,1.806,1.211,0.794,0.5,0.513,0.821,0.95,1.284,2.279,3.592,3.5,3.364,3.252,3.431,3.585,3.594,3.133,2.955,2.412,1.981,1.777,1.438,1.043,0.798,0.522,0.457,0.363,0.508,0.849,1.562,1.792,2.014,2.401,2.832,3.47,3.732,3.75,3.933,3.762,3.563,3.261,2.875,2.244,1.785,1.66,1.226,0.827,0.716,0.485,0.4,0.483,0.944,2.755,5.107,6.065,5.338,4.555,3.979,4.008,4.317,4.377,4.863,5.29,6.114,5.854,4.011,2.697,2.169,2.011,1.475,0.915,0.528,0.324,0.249,0.308,0.836,2.603,5.511,5.405,5.626,4.667,4.275,4.358,4.548,4.423,4.846,5.185,6.242,6.034,4.238,2.861,2.37,2.421,1.569,1.037,0.543,0.438,0.366,0.386,0.782,2.555,5.242,5.807,6.091,4.885,4.383,4.288,4.441,4.584,5.088,5.475,6.22,5.892,4.344,3.03,2.569,2.314,1.699,1.106,0.731,0.419,0.357,0.389,0.841,2.57,5.307,6.058,5.416,4.842,4.484,4.583,4.988,4.98,5.174,5.553,6.35,5.79,4.616,3.368,2.72,2.542,2.255,1.488
366,1.848,1.806,1.211,0.794,0.5,0.513,0.821,0.95,1.284,2.279,3.592,3.5,3.364,3.252,3.431,3.585,3.594,3.133,2.955,2.412,1.981,1.777,1.438,1.043,0.798,0.522,0.457,0.363,0.508,0.849,1.562,1.792,2.014,2.401,2.832,3.47,3.732,3.75,3.933,3.762,3.563,3.261,2.875,2.244,1.785,1.66,1.226,0.827,0.716,0.485,0.4,0.483,0.944,2.755,5.107,6.065,5.338,4.555,3.979,4.008,4.317,4.377,4.863,5.29,6.114,5.854,4.011,2.697,2.169,2.011,1.475,0.915,0.528,0.324,0.249,0.308,0.836,2.603,5.511,5.405,5.626,4.667,4.275,4.358,4.548,4.423,4.846,5.185,6.242,6.034,4.238,2.861,2.37,2.421,1.569,1.037,0.543,0.438,0.366,0.386,0.782,2.555,5.242,5.807,6.091,4.885,4.383,4.288,4.441,4.584,5.088,5.475,6.22,5.892,4.344,3.03,2.569,2.314,1.699,1.106,0.731,0.419,0.357,0.389,0.841,2.57,5.307,6.058,5.416,4.842,4.484,4.583,4.988,4.98,5.174,5.553,6.35,5.79,4.616,3.368,2.72,2.542,2.255,1.488,1.089,0.685,0.663,0.565,0.664,0.886,1.385,1.879,2.653,3.178,3.521,4.085,4.444,4.548,4.8,5.092,4.885,4.572,3.78,3.025,2.751,2.683,2.404,1.757
367,0.798,0.522,0.457,0.363,0.508,0.849,1.562,1.792,2.014,2.401,2.832,3.47,3.732,3.75,3.933,3.762,3.563,3.261,2.875,2.244,1.785,1.66,1.226,0.827,0.716,0.485,0.4,0.483,0.944,2.755,5.107,6.065,5.338,4.555,3.979,4.008,4.317,4.377,4.863,5.29,6.114,5.854,4.011,2.697,2.169,2.011,1.475,0.915,0.528,0.324,0.249,0.308,0.836,2.603,5.511,5.405,5.626,4.667,4.275,4.358,4.548,4.423,4.846,5.185,6.242,6.034,4.238,2.861,2.37,2.421,1.569,1.037,0.543,0.438,0.366,0.386,0.782,2.555,5.242,5.807,6.091,4.885,4.383,4.288,4.441,4.584,5.088,5.475,6.22,5.892,4.344,3.03,2.569,2.314,1.699,1.106,0.731,0.419,0.357,0.389,0.841,2.57,5.307,6.058,5.416,4.842,4.484,4.583,4.988,4.98,5.174,5.553,6.35,5.79,4.616,3.368,2.72,2.542,2.255,1.488,1.089,0.685,0.663,0.565,0.664,0.886,1.385,1.879,2.653,3.178,3.521,4.085,4.444,4.548,4.8,5.092,4.885,4.572,3.78,3.025,2.751,2.683,2.404,1.757,1.089,0.685,0.663,0.565,0.664,0.781,1.123,1.461,1.807,2.495,3.081,3.317,3.597,3.989,4.316,4.281,4.103,4.198,3.331,2.893,2.388,2.026,1.527,1.223
368,0.716,0.485,0.4,0.483,0.944,2.755,5.107,6.065,5.338,4.555,3.979,4.008,4.317,4.377,4.863,5.29,6.114,5.854,4.011,2.697,2.169,2.011,1.475,0.915,0.528,0.324,0.249,0.308,0.836,2.603,5.511,5.405,5.626,4.667,4.275,4.358,4.548,4.423,4.846,5.185,6.242,6.034,4.238,2.861,2.37,2.421,1.569,1.037,0.543,0.438,0.366,0.386,0.782,2.555,5.242,5.807,6.091,4.885,4.383,4.288,4.441,4.584,5.088,5.475,6.22,5.892,4.344,3.03,2.569,2.314,1.699,1.106,0.731,0.419,0.357,0.389,0.841,2.57,5.307,6.058,5.416,4.842,4.484,4.583,4.988,4.98,5.174,5.553,6.35,5.79,4.616,3.368,2.72,2.542,2.255,1.488,1.089,0.685,0.663,0.565,0.664,0.886,1.385,1.879,2.653,3.178,3.521,4.085,4.444,4.548,4.8,5.092,4.885,4.572,3.78,3.025,2.751,2.683,2.404,1.757,1.089,0.685,0.663,0.565,0.664,0.781,1.123,1.461,1.807,2.495,3.081,3.317,3.597,3.989,4.316,4.281,4.103,4.198,3.331,2.893,2.388,2.026,1.527,1.223,0.768,0.562,0.473,0.602,0.949,2.76,5.614,6.272,5.885,4.753,4.052,4.261,4.378,4.285,4.068,4.404,4.484,4.569,3.512,2.508,2.022,1.884,1.357,0.88
369,0.528,0.324,0.249,0.308,0.836,2.603,5.511,5.405,5.626,4.667,4.275,4.358,4.548,4.423,4.846,5.185,6.242,6.034,4.238,2.861,2.37,2.421,1.569,1.037,0.543,0.438,0.366,0.386,0.782,2.555,5.242,5.807,6.091,4.885,4.383,4.288,4.441,4.584,5.088,5.475,6.22,5.892,4.344,3.03,2.569,2.314,1.699,1.106,0.731,0.419,0.357,0.389,0.841,2.57,5.307,6.058,5.416,4.842,4.484,4.583,4.988,4.98,5.174,5.553,6.35,5.79,4.616,3.368,2.72,2.542,2.255,1.488,1.089,0.685,0.663,0.565,0.664,0.886,1.385,1.879,2.653,3.178,3.521,4.085,4.444,4.548,4.8,5.092,4.885,4.572,3.78,3.025,2.751,2.683,2.404,1.757,1.089,0.685,0.663,0.565,0.664,0.781,1.123,1.461,1.807,2.495,3.081,3.317,3.597,3.989,4.316,4.281,4.103,4.198,3.331,2.893,2.388,2.026,1.527,1.223,0.768,0.562,0.473,0.602,0.949,2.76,5.614,6.272,5.885,4.753,4.052,4.261,4.378,4.285,4.068,4.404,4.484,4.569,3.512,2.508,2.022,1.884,1.357,0.88,0.519,0.317,0.255,0.34,0.817,2.613,4.339,3.921,3.404,4.151,3.237,3.215,3.312,3.595,3.945,4.454,5.013,4.734,3.675,2.597,2.219,2.003,1.347,0.919
370,0.543,0.438,0.366,0.386,0.782,2.555,5.242,5.807,6.091,4.885,4.383,4.288,4.441,4.584,5.088,5.475,6.22,5.892,4.344,3.03,2.569,2.314,1.699,1.106,0.731,0.419,0.357,0.389,0.841,2.57,5.307,6.058,5.416,4.842,4.484,4.583,4.988,4.98,5.174,5.553,6.35,5.79,4.616,3.368,2.72,2.542,2.255,1.488,1.089,0.685,0.663,0.565,0.664,0.886,1.385,1.879,2.653,3.178,3.521,4.085,4.444,4.548,4.8,5.092,4.885,4.572,3.78,3.025,2.751,2.683,2.404,1.757,1.089,0.685,0.663,0.565,0.664,0.781,1.123,1.461,1.807,2.495,3.081,3.317,3.597,3.989,4.316,4.281,4.103,4.198,3.331,2.893,2.388,2.026,1.527,1.223,0.768,0.562,0.473,0.602,0.949,2.76,5.614,6.272,5.885,4.753,4.052,4.261,4.378,4.285,4.068,4.404,4.484,4.569,3.512,2.508,2.022,1.884,1.357,0.88,0.519,0.317,0.255,0.34,0.817,2.613,4.339,3.921,3.404,4.151,3.237,3.215,3.312,3.595,3.945,4.454,5.013,4.734,3.675,2.597,2.219,2.003,1.347,0.919,0.504,0.292,0.264,0.331,0.847,2.643,4.342,4.101,4.082,3.703,3.471,3.563,3.986,3.986,4.565,4.452,5.725,5.563,4.154,3.011,2.569,2.294,1.61,1.052
371,0.731,0.419,0.357,0.389,0.841,2.57,5.307,6.058,5.416,4.842,4.484,4.583,4.988,4.98,5.174,5.553,6.35,5.79,4.616,3.368,2.72,2.542,2.255,1.488,1.089,0.685,0.663,0.565,0.664,0.886,1.385,1.879,2.653,3.178,3.521,4.085,4.444,4.548,4.8,5.092,4.885,4.572,3.78,3.025,2.751,2.683,2.404,1.757,1.089,0.685,0.663,0.565,0.664,0.781,1.123,1.461,1.807,2.495,3.081,3.317,3.597,3.989,4.316,4.281,4.103,4.198,3.331,2.893,2.388,2.026,1.527,1.223,0.768,0.562,0.473,0.602,0.949,2.76,5.614,6.272,5.885,4.753,4.052,4.261,4.378,4.285,4.068,4.404,4.484,4.569,3.512,2.508,2.022,1.884,1.357,0.88,0.519,0.317,0.255,0.34,0.817,2.613,4.339,3.921,3.404,4.151,3.237,3.215,3.312,3.595,3.945,4.454,5.013,4.734,3.675,2.597,2.219,2.003,1.347,0.919,0.504,0.292,0.264,0.331,0.847,2.643,4.342,4.101,4.082,3.703,3.471,3.563,3.986,3.986,4.565,4.452,5.725,5.563,4.154,3.011,2.569,2.294,1.61,1.052,0.613,0.357,0.279,0.339,0.843,2.713,5.627,5.839,5.541,4.915,4.387,4.654,4.962,4.796,4.938,5.287,6.026,5.992,4.434,3.185,2.867,3.959,2.768,1.249
372,1.089,0.685,0.663,0.565,0.664,0.886,1.385,1.879,2.653,3.178,3.521,4.085,4.444,4.548,4.8,5.092,4.885,4.572,3.78,3.025,2.751,2.683,2.404,1.757,1.089,0.685,0.663,0.565,0.664,0.781,1.123,1.461,1.807,2.495,3.081,3.317,3.597,3.989,4.316,4.281,4.103,4.198,3.331,2.893,2.388,2.026,1.527,1.223,0.768,0.562,0.473,0.602,0.949,2.76,5.614,6.272,5.885,4.753,4.052,4.261,4.378,4.285,4.068,4.404,4.484,4.569,3.512,2.508,2.022,1.884,1.357,0.88,0.519,0.317,0.255,0.34,0.817,2.613,4.339,3.921,3.404,4.151,3.237,3.215,3.312,3.595,3.945,4.454,5.013,4.734,3.675,2.597,2.219,2.003,1.347,0.919,0.504,0.292,0.264,0.331,0.847,2.643,4.342,4.101,4.082,3.703,3.471,3.563,3.986,3.986,4.565,4.452,5.725,5.563,4.154,3.011,2.569,2.294,1.61,1.052,0.613,0.357,0.279,0.339,0.843,2.713,5.627,5.839,5.541,4.915,4.387,4.654,4.962,4.796,4.938,5.287,6.026,5.992,4.434,3.185,2.867,3.959,2.768,1.249,0.635,0.365,0.28,0.345,0.758,2.525,5.554,6.414,5.549,4.694,4.272,4.909,5.215,5.135,5.27,5.762,6.272,5.686,4.803,3.496,2.807,2.874,2.167,1.568
373,1.089,0.685,0.663,0.565,0.664,0.781,1.123,1.461,1.807,2.495,3.081,3.317,3.597,3.989,4.316,4.281,4.103,4.198,3.331,2.893,2.388,2.026,1.527,1.223,0.768,0.562,0.473,0.602,0.949,2.76,5.614,6.272,5.885,4.753,4.052,4.261,4.378,4.285,4.068,4.404,4.484,4.569,3.512,2.508,2.022,1.884,1.357,0.88,0.519,0.317,0.255,0.34,0.817,2.613,4.339,3.921,3.404,4.151,3.237,3.215,3.312,3.595,3.945,4.454,5.013,4.734,3.675,2.597,2.219,2.003,1.347,0.919,0.504,0.292,0.264,0.331,0.847,2.643,4.342,4.101,4.082,3.703,3.471,3.563,3.986,3.986,4.565,4.452,5.725,5.563,4.154,3.011,2.569,2.294,1.61,1.052,0.613,0.357,0.279,0.339,0.843,2.713,5.627,5.839,5.541,4.915,4.387,4.654,4.962,4.796,4.938,5.287,6.026,5.992,4.434,3.185,2.867,3.959,2.768,1.249,0.635,0.365,0.28,0.345,0.758,2.525,5.554,6.414,5.549,4.694,4.272,4.909,5.215,5.135,5.27,5.762,6.272,5.686,4.803,3.496,2.807,2.874,2.167,1.568,1.341,0.72,0.77,0.586,0.561,0.728,1.166,1.54,2.162,2.867,3.53,3.996,4.467,4.808,4.772,4.708,4.727,4.503,4.327,3.294,2.945,2.953,2.651,1.928
374,0.768,0.562,0.473,0.602,0.949,2.76,5.614,6.272,5.885,4.753,4.052,4.261,4.378,4.285,4.068,4.404,4.484,4.569,3.512,2.508,2.022,1.884,1.357,0.88,0.519,0.317,0.255,0.34,0.817,2.613,4.339,3.921,3.404,4.151,3.237,3.215,3.312,3.595,3.945,4.454,5.013,4.734,3.675,2.597,2.219,2.003,1.347,0.919,0.504,0.292,0.264,0.331,0.847,2.643,4.342,4.101,4.082,3.703,3.471,3.563,3.986,3.986,4.565,4.452,5.725,5.563,4.154,3.011,2.569,2.294,1.61,1.052,0.613,0.357,0.279,0.339,0.843,2.713,5.627,5.839,5.541,4.915,4.387,4.654,4.962,4.796,4.938,5.287,6.026,5.992,4.434,3.185,2.867,3.959,2.768,1.249,0.635,0.365,0.28,0.345,0.758,2.525,5.554,6.414,5.549,4.694,4.272,4.909,5.215,5.135,5.27,5.762,6.272,5.686,4.803,3.496,2.807,2.874,2.167,1.568,1.341,0.72,0.77,0.586,0.561,0.728,1.166,1.54,2.162,2.867,3.53,3.996,4.467,4.808,4.772,4.708,4.727,4.503,4.327,3.294,2.945,2.953,2.651,1.928,1.341,0.962,0.74,0.545,0.51,0.604,0.922,1.158,1.502,2.258,3.027,3.617,4.093,4.276,4.529,4.49,3.746,4.025,3.187,2.919,2.523,2.032,1.638,1.149
375,0.519,0.317,0.255,0.34,0.817,2.613,4.339,3.921,3.404,4.151,3.237,3.215,3.312,3.595,3.945,4.454,5.013,4.734,3.675,2.597,2.219,2.003,1.347,0.919,0.504,0.292,0.264,0.331,0.847,2.643,4.342,4.101,4.082,3.703,3.471,3.563,3.986,3.986,4.565,4.452,5.725,5.563,4.154,3.011,2.569,2.294,1.61,1.052,0.613,0.357,0.279,0.339,0.843,2.713,5.627,5.839,5.541,4.915,4.387,4.654,4.962,4.796,4.938,5.287,6.026,5.992,4.434,3.185,2.867,3.959,2.768,1.249,0.635,0.365,0.28,0.345,0.758,2.525,5.554,6.414,5.549,4.694,4.272,4.909,5.215,5.135,5.27,5.762,6.272,5.686,4.803,3.496,2.807,2.874,2.167,1.568,1.341,0.72,0.77,0.586,0.561,0.728,1.166,1.54,2.162,2.867,3.53,3.996,4.467,4.808,4.772,4.708,4.727,4.503,4.327,3.294,2.945,2.953,2.651,1.928,1.341,0.962,0.74,0.545,0.51,0.604,0.922,1.158,1.502,2.258,3.027,3.617,4.093,4.276,4.529,4.49,3.746,4.025,3.187,2.919,2.523,2.032,1.638,1.149,0.698,0.415,0.369,0.601,0.86,2.465,4.524,4.284,3.716,3.76,3.914,4.145,4.452,4.497,4.646,4.852,4.846,4.451,3.391,2.332,1.837,1.58,1.156,0.783
376,0.504,0.292,0.264,0.331,0.847,2.643,4.342,4.101,4.082,3.703,3.471,3.563,3.986,3.986,4.565,4.452,5.725,5.563,4.154,3.011,2.569,2.294,1.61,1.052,0.613,0.357,0.279,0.339,0.843,2.713,5.627,5.839,5.541,4.915,4.387,4.654,4.962,4.796,4.938,5.287,6.026,5.992,4.434,3.185,2.867,3.959,2.768,1.249,0.635,0.365,0.28,0.345,0.758,2.525,5.554,6.414,5.549,4.694,4.272,4.909,5.215,5.135,5.27,5.762,6.272,5.686,4.803,3.496,2.807,2.874,2.167,1.568,1.341,0.72,0.77,0.586,0.561,0.728,1.166,1.54,2.162,2.867,3.53,3.996,4.467,4.808,4.772,4.708,4.727,4.503,4.327,3.294,2.945,2.953,2.651,1.928,1.341,0.962,0.74,0.545,0.51,0.604,0.922,1.158,1.502,2.258,3.027,3.617,4.093,4.276,4.529,4.49,3.746,4.025,3.187,2.919,2.523,2.032,1.638,1.149,0.698,0.415,0.369,0.601,0.86,2.465,4.524,4.284,3.716,3.76,3.914,4.145,4.452,4.497,4.646,4.852,4.846,4.451,3.391,2.332,1.837,1.58,1.156,0.783,0.398,0.307,0.216,0.299,0.821,2.597,4.993,5.304,4.927,4.778,4.263,4.327,4.416,4.521,5.016,5.675,6.184,5.84,4.278,2.982,2.491,3.331,2.885,1.033
377,0.613,0.357,0.279,0.339,0.843,2.713,5.627,5.839,5.541,4.915,4.387,4.654,4.962,4.796,4.938,5.287,6.026,5.992,4.434,3.185,2.867,3.959,2.768,1.249,0.635,0.365,0.28,0.345,0.758,2.525,5.554,6.414,5.549,4.694,4.272,4.909,5.215,5.135,5.27,5.762,6.272,5.686,4.803,3.496,2.807,2.874,2.167,1.568,1.341,0.72,0.77,0.586,0.561,0.728,1.166,1.54,2.162,2.867,3.53,3.996,4.467,4.808,4.772,4.708,4.727,4.503,4.327,3.294,2.945,2.953,2.651,1.928,1.341,0.962,0.74,0.545,0.51,0.604,0.922,1.158,1.502,2.258,3.027,3.617,4.093,4.276,4.529,4.49,3.746,4.025,3.187,2.919,2.523,2.032,1.638,1.149,0.698,0.415,0.369,0.601,0.86,2.465,4.524,4.284,3.716,3.76,3.914,4.145,4.452,4.497,4.646,4.852,4.846,4.451,3.391,2.332,1.837,1.58,1.156,0.783,0.398,0.307,0.216,0.299,0.821,2.597,4.993,5.304,4.927,4.778,4.263,4.327,4.416,4.521,5.016,5.675,6.184,5.84,4.278,2.982,2.491,3.331,2.885,1.033,0.684,0.526,0.394,0.456,0.95,2.763,5.422,5.779,5.736,5.41,4.474,4.612,4.891,4.919,5.117,5.515,6.326,6.188,4.599,3.285,2.855,2.347,1.662,0.968
378,0.635,0.365,0.28,0.345,0.758,2.525,5.554,6.414,5.549,4.694,4.272,4.909,5.215,5.135,5.27,5.762,6.272,5.686,4.803,3.496,2.807,2.874,2.167,1.568,1.341,0.72,0.77,0.586,0.561,0.728,1.166,1.54,2.162,2.867,3.53,3.996,4.467,4.808,4.772,4.708,4.727,4.503,4.327,3.294,2.945,2.953,2.651,1.928,1.341,0.962,0.74,0.545,0.51,0.604,0.922,1.158,1.502,2.258,3.027,3.617,4.093,4.276,4.529,4.49,3.746,4.025,3.187,2.919,2.523,2.032,1.638,1.149,0.698,0.415,0.369,0.601,0.86,2.465,4.524,4.284,3.716,3.76,3.914,4.145,4.452,4.497,4.646,4.852,4.846,4.451,3.391,2.332,1.837,1.58,1.156,0.783,0.398,0.307,0.216,0.299,0.821,2.597,4.993,5.304,4.927,4.778,4.263,4.327,4.416,4.521,5.016,5.675,6.184,5.84,4.278,2.982,2.491,3.331,2.885,1.033,0.684,0.526,0.394,0.456,0.95,2.763,5.422,5.779,5.736,5.41,4.474,4.612,4.891,4.919,5.117,5.515,6.326,6.188,4.599,3.285,2.855,2.347,1.662,0.968,0.759,0.542,0.433,0.486,1.025,2.81,5.518,6.175,5.355,5.224,4.535,4.862,5.032,4.878,5.156,5.832,6.617,6.114,4.6,3.43,2.853,3.245,3.31,1.302
379,1.341,0.72,0.77,0.586,0.561,0.728,1.166,1.54,2.162,2.867,3.53,3.996,4.467,4.808,4.772,4.708,4.727,4.503,4.327,3.294,2.945,2.953,2.651,1.928,1.341,0.962,0.74,0.545,0.51,0.604,0.922,1.158,1.502,2.258,3.027,3.617,4.093,4.276,4.529,4.49,3.746,4.025,3.187,2.919,2.523,2.032,1.638,1.149,0.698,0.415,0.369,0.601,0.86,2.465,4.524,4.284,3.716,3.76,3.914,4.145,4.452,4.497,4.646,4.852,4.846,4.451,3.391,2.332,1.837,1.58,1.156,0.783,0.398,0.307,0.216,0.299,0.821,2.597,4.993,5.304,4.927,4.778,4.263,4.327,4.416,4.521,5.016,5.675,6.184,5.84,4.278,2.982,2.491,3.331,2.885,1.033,0.684,0.526,0.394,0.456,0.95,2.763,5.422,5.779,5.736,5.41,4.474,4.612,4.891,4.919,5.117,5.515,6.326,6.188,4.599,3.285,2.855,2.347,1.662,0.968,0.759,0.542,0.433,0.486,1.025,2.81,5.518,6.175,5.355,5.224,4.535,4.862,5.032,4.878,5.156,5.832,6.617,6.114,4.6,3.43,2.853,3.245,3.31,1.302,0.64,0.366,0.325,0.363,0.811,2.609,5.279,5.984,5.728,4.779,4.423,4.803,5.316,5.118,5.184,5.901,6.255,5.804,4.718,3.351,2.721,2.85,2.336,1.727
380,1.341,0.962,0.74,0.545,0.51,0.604,0.922,1.158,1.502,2.258,3.027,3.617,4.093,4.276,4.529,4.49,3.746,4.025,3.187,2.919,2.523,2.032,1.638,1.149,0.698,0.415,0.369,0.601,0.86,2.465,4.524,4.284,3.716,3.76,3.914,4.145,4.452,4.497,4.646,4.852,4.846,4.451,3.391,2.332,1.837,1.58,1.156,0.783,0.398,0.307,0.216,0.299,0.821,2.597,4.993,5.304,4.927,4.778,4.263,4.327,4.416,4.521,5.016,5.675,6.184,5.84,4.278,2.982,2.491,3.331,2.885,1.033,0.684,0.526,0.394,0.456,0.95,2.763,5.422,5.779,5.736,5.41,4.474,4.612,4.891,4.919,5.117,5.515,6.326,6.188,4.599,3.285,2.855,2.347,1.662,0.968,0.759,0.542,0.433,0.486,1.025,2.81,5.518,6.175,5.355,5.224,4.535,4.862,5.032,4.878,5.156,5.832,6.617,6.114,4.6,3.43,2.853,3.245,3.31,1.302,0.64,0.366,0.325,0.363,0.811,2.609,5.279,5.984,5.728,4.779,4.423,4.803,5.316,5.118,5.184,5.901,6.255,5.804,4.718,3.351,2.721,2.85,2.336,1.727,1.117,0.657,0.53,0.388,0.408,0.639,1.11,1.868,2.946,3.631,3.854,4.679,5.264,6.249,5.658,4.501,4.402,4.268,3.932,3.221,2.641,2.624,3.699,3.089
381,0.698,0.415,0.369,0.601,0.86,2.465,4.524,4.284,3.716,3.76,3.914,4.145,4.452,4.497,4.646,4.852,4.846,4.451,3.391,2.332,1.837,1.58,1.156,0.783,0.398,0.307,0.216,0.299,0.821,2.597,4.993,5.304,4.927,4.778,4.263,4.327,4.416,4.521,5.016,5.675,6.184,5.84,4.278,2.982,2.491,3.331,2.885,1.033,0.684,0.526,0.394,0.456,0.95,2.763,5.422,5.779,5.736,5.41,4.474,4.612,4.891,4.919,5.117,5.515,6.326,6.188,4.599,3.285,2.855,2.347,1.662,0.968,0.759,0.542,0.433,0.486,1.025,2.81,5.518,6.175,5.355,5.224,4.535,4.862,5.032,4.878,5.156,5.832,6.617,6.114,4.6,3.43,2.853,3.245,3.31,1.302,0.64,0.366,0.325,0.363,0.811,2.609,5.279,5.984,5.728,4.779,4.423,4.803,5.316,5.118,5.184,5.901,6.255,5.804,4.718,3.351,2.721,2.85,2.336,1.727,1.117,0.657,0.53,0.388,0.408,0.639,1.11,1.868,2.946,3.631,3.854,4.679,5.264,6.249,5.658,4.501,4.402,4.268,3.932,3.221,2.641,2.624,3.699,3.089,1.117,0.657,0.53,0.388,0.408,0.591,0.935,1.488,2.274,2.774,2.937,3.538,4.174,4.51,4.132,4.329,3.843,3.839,3.481,2.617,2.317,3.169,2.316,0.947
382,0.398,0.307,0.216,0.299,0.821,2.597,4.993,5.304,4.927,4.778,4.263,4.327,4.416,4.521,5.016,5.675,6.184,5.84,4.278,2.982,2.491,3.331,2.885,1.033,0.684,0.526,0.394,0.456,0.95,2.763,5.422,5.779,5.736,5.41,4.474,4.612,4.891,4.919,5.117,5.515,6.326,6.188,4.599,3.285,2.855,2.347,1.662,0.968,0.759,0.542,0.433,0.486,1.025,2.81,5.518,6.175,5.355,5.224,4.535,4.862,5.032,4.878,5.156,5.832,6.617,6.114,4.6,3.43,2.853,3.245,3.31,1.302,0.64,0.366,0.325,0.363,0.811,2.609,5.279,5.984,5.728,4.779,4.423,4.803,5.316,5.118,5.184,5.901,6.255,5.804,4.718,3.351,2.721,2.85,2.336,1.727,1.117,0.657,0.53,0.388,0.408,0.639,1.11,1.868,2.946,3.631,3.854,4.679,5.264,6.249,5.658,4.501,4.402,4.268,3.932,3.221,2.641,2.624,3.699,3.089,1.117,0.657,0.53,0.388,0.408,0.591,0.935,1.488,2.274,2.774,2.937,3.538,4.174,4.51,4.132,4.329,3.843,3.839,3.481,2.617,2.317,3.169,2.316,0.947,0.529,0.33,0.26,0.339,0.857,2.711,5.57,5.909,5.619,4.616,4.216,4.319,4.49,4.498,4.902,5.451,6.339,5.787,4.109,2.753,2.557,2.241,1.37,0.977
383,0.684,0.526,0.394,0.456,0.95,2.763,5.422,5.779,5.736,5.41,4.474,4.612,4.891,4.919,5.117,5.515,6.326,6.188,4.599,3.285,2.855,2.347,1.662,0.968,0.759,0.542,0.433,0.486,1.025,2.81,5.518,6.175,5.355,5.224,4.535,4.862,5.032,4.878,5.156,5.832,6.617,6.114,4.6,3.43,2.853,3.245,3.31,1.302,0.64,0.366,0.325,0.363,0.811,2.609,5.279,5.984,5.728,4.779,4.423,4.803,5.316,5.118,5.184,5.901,6.255,5.804,4.718,3.351,2.721,2.85,2.336,1.727,1.117,0.657,0.53,0.388,0.408,0.639,1.11,1.868,2.946,3.631,3.854,4.679,5.264,6.249,5.658,4.501,4.402,4.268,3.932,3.221,2.641,2.624,3.699,3.089,1.117,0.657,0.53,0.388,0.408,0.591,0.935,1.488,2.274,2.774,2.937,3.538,4.174,4.51,4.132,4.329,3.843,3.839,3.481,2.617,2.317,3.169,2.316,0.947,0.529,0.33,0.26,0.339,0.857,2.711,5.57,5.909,5.619,4.616,4.216,4.319,4.49,4.498,4.902,5.451,6.339,5.787,4.109,2.753,2.557,2.241,1.37,0.977,0.571,0.3,0.241,0.348,0.845,2.763,5.614,6.154,5.606,5.033,4.366,4.434,4.679,4.661,4.996,5.563,6.543,5.861,4.356,2.999,2.675,2.443,1.674,0.936
384,0.759,0.542,0.433,0.486,1.025,2.81,5.518,6.175,5.355,5.224,4.535,4.862,5.032,4.878,5.156,5.832,6.617,6.114,4.6,3.43,2.853,3.245,3.31,1.302,0.64,0.366,0.325,0.363,0.811,2.609,5.279,5.984,5.728,4.779,4.423,4.803,5.316,5.118,5.184,5.901,6.255,5.804,4.718,3.351,2.721,2.85,2.336,1.727,1.117,0.657,0.53,0.388,0.408,0.639,1.11,1.868,2.946,3.631,3.854,4.679,5.264,6.249,5.658,4.501,4.402,4.268,3.932,3.221,2.641,2.624,3.699,3.089,1.117,0.657,0.53,0.388,0.408,0.591,0.935,1.488,2.274,2.774,2.937,3.538,4.174,4.51,4.132,4.329,3.843,3.839,3.481,2.617,2.317,3.169,2.316,0.947,0.529,0.33,0.26,0.339,0.857,2.711,5.57,5.909,5.619,4.616,4.216,4.319,4.49,4.498,4.902,5.451,6.339,5.787,4.109,2.753,2.557,2.241,1.37,0.977,0.571,0.3,0.241,0.348,0.845,2.763,5.614,6.154,5.606,5.033,4.366,4.434,4.679,4.661,4.996,5.563,6.543,5.861,4.356,2.999,2.675,2.443,1.674,0.936,0.73,0.538,0.469,0.551,1.049,3.038,5.499,5.595,5.103,4.411,3.846,4.032,4.367,4.304,4.899,5.381,6.513,6.021,4.289,3.004,2.649,2.409,1.783,1.051
385,0.64,0.366,0.325,0.363,0.811,2.609,5.279,5.984,5.728,4.779,4.423,4.803,5.316,5.118,5.184,5.901,6.255,5.804,4.718,3.351,2.721,2.85,2.336,1.727,1.117,0.657,0.53,0.388,0.408,0.639,1.11,1.868,2.946,3.631,3.854,4.679,5.264,6.249,5.658,4.501,4.402,4.268,3.932,3.221,2.641,2.624,3.699,3.089,1.117,0.657,0.53,0.388,0.408,0.591,0.935,1.488,2.274,2.774,2.937,3.538,4.174,4.51,4.132,4.329,3.843,3.839,3.481,2.617,2.317,3.169,2.316,0.947,0.529,0.33,0.26,0.339,0.857,2.711,5.57,5.909,5.619,4.616,4.216,4.319,4.49,4.498,4.902,5.451,6.339,5.787,4.109,2.753,2.557,2.241,1.37,0.977,0.571,0.3,0.241,0.348,0.845,2.763,5.614,6.154,5.606,5.033,4.366,4.434,4.679,4.661,4.996,5.563,6.543,5.861,4.356,2.999,2.675,2.443,1.674,0.936,0.73,0.538,0.469,0.551,1.049,3.038,5.499,5.595,5.103,4.411,3.846,4.032,4.367,4.304,4.899,5.381,6.513,6.021,4.289,3.004,2.649,2.409,1.783,1.051,0.548,0.347,0.266,0.37,0.87,2.72,5.815,6.368,5.83,5.144,4.367,4.71,4.81,4.856,5.354,5.767,6.772,6.458,4.714,3.447,2.969,3.619,3.522,1.281
386,1.117,0.657,0.53,0.388,0.408,0.639,1.11,1.868,2.946,3.631,3.854,4.679,5.264,6.249,5.658,4.501,4.402,4.268,3.932,3.221,2.641,2.624,3.699,3.089,1.117,0.657,0.53,0.388,0.408,0.591,0.935,1.488,2.274,2.774,2.937,3.538,4.174,4.51,4.132,4.329,3.843,3.839,3.481,2.617,2.317,3.169,2.316,0.947,0.529,0.33,0.26,0.339,0.857,2.711,5.57,5.909,5.619,4.616,4.216,4.319,4.49,4.498,4.902,5.451,6.339,5.787,4.109,2.753,2.557,2.241,1.37,0.977,0.571,0.3,0.241,0.348,0.845,2.763,5.614,6.154,5.606,5.033,4.366,4.434,4.679,4.661,4.996,5.563,6.543,5.861,4.356,2.999,2.675,2.443,1.674,0.936,0.73,0.538,0.469,0.551,1.049,3.038,5.499,5.595,5.103,4.411,3.846,4.032,4.367,4.304,4.899,5.381,6.513,6.021,4.289,3.004,2.649,2.409,1.783,1.051,0.548,0.347,0.266,0.37,0.87,2.72,5.815,6.368,5.83,5.144,4.367,4.71,4.81,4.856,5.354,5.767,6.772,6.458,4.714,3.447,2.969,3.619,3.522,1.281,0.664,0.409,0.312,0.39,0.827,2.602,5.16,6.266,5.802,4.946,4.667,5.109,5.325,5.144,5.366,5.909,6.261,6.054,4.713,3.729,3.169,3.952,2.914,1.835
387,1.117,0.657,0.53,0.388,0.408,0.591,0.935,1.488,2.274,2.774,2.937,3.538,4.174,4.51,4.132,4.329,3.843,3.839,3.481,2.617,2.317,3.169,2.316,0.947,0.529,0.33,0.26,0.339,0.857,2.711,5.57,5.909,5.619,4.616,4.216,4.319,4.49,4.498,4.902,5.451,6.339,5.787,4.109,2.753,2.557,2.241,1.37,0.977,0.571,0.3,0.241,0.348,0.845,2.763,5.614,6.154,5.606,5.033,4.366,4.434,4.679,4.661,4.996,5.563,6.543,5.861,4.356,2.999,2.675,2.443,1.674,0.936,0.73,0.538,0.469,0.551,1.049,3.038,5.499,5.595,5.103,4.411,3.846,4.032,4.367,4.304,4.899,5.381,6.513,6.021,4.289,3.004,2.649,2.409,1.783,1.051,0.548,0.347,0.266,0.37,0.87,2.72,5.815,6.368,5.83,5.144,4.367,4.71,4.81,4.856,5.354,5.767,6.772,6.458,4.714,3.447,2.969,3.619,3.522,1.281,0.664,0.409,0.312,0.39,0.827,2.602,5.16,6.266,5.802,4.946,4.667,5.109,5.325,5.144,5.366,5.909,6.261,6.054,4.713,3.729,3.169,3.952,2.914,1.835,1.094,0.676,0.583,0.394,0.438,0.717,1.242,2.124,2.984,3.77,4.353,4.954,5.247,4.933,4.991,4.764,4.58,4.735,4.677,3.769,3.036,3.165,3.539,1.88
388,0.529,0.33,0.26,0.339,0.857,2.711,5.57,5.909,5.619,4.616,4.216,4.319,4.49,4.498,4.902,5.451,6.339,5.787,4.109,2.753,2.557,2.241,1.37,0.977,0.571,0.3,0.241,0.348,0.845,2.763,5.614,6.154,5.606,5.033,4.366,4.434,4.679,4.661,4.996,5.563,6.543,5.861,4.356,2.999,2.675,2.443,1.674,0.936,0.73,0.538,0.469,0.551,1.049,3.038,5.499,5.595,5.103,4.411,3.846,4.032,4.367,4.304,4.899,5.381,6.513,6.021,4.289,3.004,2.649,2.409,1.783,1.051,0.548,0.347,0.266,0.37,0.87,2.72,5.815,6.368,5.83,5.144,4.367,4.71,4.81,4.856,5.354,5.767,6.772,6.458,4.714,3.447,2.969,3.619,3.522,1.281,0.664,0.409,0.312,0.39,0.827,2.602,5.16,6.266,5.802,4.946,4.667,5.109,5.325,5.144,5.366,5.909,6.261,6.054,4.713,3.729,3.169,3.952,2.914,1.835,1.094,0.676,0.583,0.394,0.438,0.717,1.242,2.124,2.984,3.77,4.353,4.954,5.247,4.933,4.991,4.764,4.58,4.735,4.677,3.769,3.036,3.165,3.539,1.88,1.229,0.795,0.561,0.302,0.294,0.442,0.756,1.227,1.919,2.631,3.465,3.919,4.323,4.679,4.74,4.535,4.767,4.284,3.719,2.906,2.442,1.939,1.413,0.904
389,0.571,0.3,0.241,0.348,0.845,2.763,5.614,6.154,5.606,5.033,4.366,4.434,4.679,4.661,4.996,5.563,6.543,5.861,4.356,2.999,2.675,2.443,1.674,0.936,0.73,0.538,0.469,0.551,1.049,3.038,5.499,5.595,5.103,4.411,3.846,4.032,4.367,4.304,4.899,5.381,6.513,6.021,4.289,3.004,2.649,2.409,1.783,1.051,0.548,0.347,0.266,0.37,0.87,2.72,5.815,6.368,5.83,5.144,4.367,4.71,4.81,4.856,5.354,5.767,6.772,6.458,4.714,3.447,2.969,3.619,3.522,1.281,0.664,0.409,0.312,0.39,0.827,2.602,5.16,6.266,5.802,4.946,4.667,5.109,5.325,5.144,5.366,5.909,6.261,6.054,4.713,3.729,3.169,3.952,2.914,1.835,1.094,0.676,0.583,0.394,0.438,0.717,1.242,2.124,2.984,3.77,4.353,4.954,5.247,4.933,4.991,4.764,4.58,4.735,4.677,3.769,3.036,3.165,3.539,1.88,1.229,0.795,0.561,0.302,0.294,0.442,0.756,1.227,1.919,2.631,3.465,3.919,4.323,4.679,4.74,4.535,4.767,4.284,3.719,2.906,2.442,1.939,1.413,0.904,0.512,0.289,0.227,0.312,0.818,2.685,5.601,5.606,3.998,4.47,3.901,3.983,4.329,4.314,4.856,5.4,6.234,5.935,4.362,2.772,2.314,2.066,1.371,0.927
390,0.73,0.538,0.469,0.551,1.049,3.038,5.499,5.595,5.103,4.411,3.846,4.032,4.367,4.304,4.899,5.381,6.513,6.021,4.289,3.004,2.649,2.409,1.783,1.051,0.548,0.347,0.266,0.37,0.87,2.72,5.815,6.368,5.83,5.144,4.367,4.71,4.81,4.856,5.354,5.767,6.772,6.458,4.714,3.447,2.969,3.619,3.522,1.281,0.664,0.409,0.312,0.39,0.827,2.602,5.16,6.266,5.802,4.946,4.667,5.109,5.325,5.144,5.366,5.909,6.261,6.054,4.713,3.729,3.169,3.952,2.914,1.835,1.094,0.676,0.583,0.394,0.438,0.717,1.242,2.124,2.984,3.77,4.353,4.954,5.247,4.933,4.991,4.764,4.58,4.735,4.677,3.769,3.036,3.165,3.539,1.88,1.229,0.795,0.561,0.302,0.294,0.442,0.756,1.227,1.919,2.631,3.465,3.919,4.323,4.679,4.74,4.535,4.767,4.284,3.719,2.906,2.442,1.939,1.413,0.904,0.512,0.289,0.227,0.312,0.818,2.685,5.601,5.606,3.998,4.47,3.901,3.983,4.329,4.314,4.856,5.4,6.234,5.935,4.362,2.772,2.314,2.066,1.371,0.927,0.521,0.319,0.234,0.322,0.804,2.786,5.608,6.16,5.655,5.139,4.275,4.553,4.668,4.765,5.123,5.911,6.699,5.783,4.585,3.119,2.746,2.401,1.533,1.048
391,0.548,0.347,0.266,0.37,0.87,2.72,5.815,6.368,5.83,5.144,4.367,4.71,4.81,4.856,5.354,5.767,6.772,6.458,4.714,3.447,2.969,3.619,3.522,1.281,0.664,0.409,0.312,0.39,0.827,2.602,5.16,6.266,5.802,4.946,4.667,5.109,5.325,5.144,5.366,5.909,6.261,6.054,4.713,3.729,3.169,3.952,2.914,1.835,1.094,0.676,0.583,0.394,0.438,0.717,1.242,2.124,2.984,3.77,4.353,4.954,5.247,4.933,4.991,4.764,4.58,4.735,4.677,3.769,3.036,3.165,3.539,1.88,1.229,0.795,0.561,0.302,0.294,0.442,0.756,1.227,1.919,2.631,3.465,3.919,4.323,4.679,4.74,4.535,4.767,4.284,3.719,2.906,2.442,1.939,1.413,0.904,0.512,0.289,0.227,0.312,0.818,2.685,5.601,5.606,3.998,4.47,3.901,3.983,4.329,4.314,4.856,5.4,6.234,5.935,4.362,2.772,2.314,2.066,1.371,0.927,0.521,0.319,0.234,0.322,0.804,2.786,5.608,6.16,5.655,5.139,4.275,4.553,4.668,4.765,5.123,5.911,6.699,5.783,4.585,3.119,2.746,2.401,1.533,1.048,0.593,0.375,0.27,0.321,0.876,2.768,5.805,6.589,5.89,5.085,4.423,4.628,4.759,4.914,5.393,5.553,6.482,5.929,4.511,3.306,2.841,2.571,1.753,1.112
392,0.664,0.409,0.312,0.39,0.827,2.602,5.16,6.266,5.802,4.946,4.667,5.109,5.325,5.144,5.366,5.909,6.261,6.054,4.713,3.729,3.169,3.952,2.914,1.835,1.094,0.676,0.583,0.394,0.438,0.717,1.242,2.124,2.984,3.77,4.353,4.954,5.247,4.933,4.991,4.764,4.58,4.735,4.677,3.769,3.036,3.165,3.539,1.88,1.229,0.795,0.561,0.302,0.294,0.442,0.756,1.227,1.919,2.631,3.465,3.919,4.323,4.679,4.74,4.535,4.767,4.284,3.719,2.906,2.442,1.939,1.413,0.904,0.512,0.289,0.227,0.312,0.818,2.685,5.601,5.606,3.998,4.47,3.901,3.983,4.329,4.314,4.856,5.4,6.234,5.935,4.362,2.772,2.314,2.066,1.371,0.927,0.521,0.319,0.234,0.322,0.804,2.786,5.608,6.16,5.655,5.139,4.275,4.553,4.668,4.765,5.123,5.911,6.699,5.783,4.585,3.119,2.746,2.401,1.533,1.048,0.593,0.375,0.27,0.321,0.876,2.768,5.805,6.589,5.89,5.085,4.423,4.628,4.759,4.914,5.393,5.553,6.482,5.929,4.511,3.306,2.841,2.571,1.753,1.112,0.531,0.356,0.259,0.332,0.853,2.763,5.826,6.276,6.013,5.089,4.452,4.77,4.93,4.801,5.143,5.695,6.351,6.117,4.555,3.364,2.972,2.648,1.815,1.153
393,1.094,0.676,0.583,0.394,0.438,0.717,1.242,2.124,2.984,3.77,4.353,4.954,5.247,4.933,4.991,4.764,4.58,4.735,4.677,3.769,3.036,3.165,3.539,1.88,1.229,0.795,0.561,0.302,0.294,0.442,0.756,1.227,1.919,2.631,3.465,3.919,4.323,4.679,4.74,4.535,4.767,4.284,3.719,2.906,2.442,1.939,1.413,0.904,0.512,0.289,0.227,0.312,0.818,2.685,5.601,5.606,3.998,4.47,3.901,3.983,4.329,4.314,4.856,5.4,6.234,5.935,4.362,2.772,2.314,2.066,1.371,0.927,0.521,0.319,0.234,0.322,0.804,2.786,5.608,6.16,5.655,5.139,4.275,4.553,4.668,4.765,5.123,5.911,6.699,5.783,4.585,3.119,2.746,2.401,1.533,1.048,0.593,0.375,0.27,0.321,0.876,2.768,5.805,6.589,5.89,5.085,4.423,4.628,4.759,4.914,5.393,5.553,6.482,5.929,4.511,3.306,2.841,2.571,1.753,1.112,0.531,0.356,0.259,0.332,0.853,2.763,5.826,6.276,6.013,5.089,4.452,4.77,4.93,4.801,5.143,5.695,6.351,6.117,4.555,3.364,2.972,2.648,1.815,1.153,0.802,0.549,0.394,0.367,0.932,2.608,5.515,6.421,5.861,4.996,4.548,5.042,5.157,5.128,5.397,5.816,6.421,6.045,5.017,3.76,3.316,3.462,3.106,1.836
394,1.229,0.795,0.561,0.302,0.294,0.442,0.756,1.227,1.919,2.631,3.465,3.919,4.323,4.679,4.74,4.535,4.767,4.284,3.719,2.906,2.442,1.939,1.413,0.904,0.512,0.289,0.227,0.312,0.818,2.685,5.601,5.606,3.998,4.47,3.901,3.983,4.329,4.314,4.856,5.4,6.234,5.935,4.362,2.772,2.314,2.066,1.371,0.927,0.521,0.319,0.234,0.322,0.804,2.786,5.608,6.16,5.655,5.139,4.275,4.553,4.668,4.765,5.123,5.911,6.699,5.783,4.585,3.119,2.746,2.401,1.533,1.048,0.593,0.375,0.27,0.321,0.876,2.768,5.805,6.589,5.89,5.085,4.423,4.628,4.759,4.914,5.393,5.553,6.482,5.929,4.511,3.306,2.841,2.571,1.753,1.112,0.531,0.356,0.259,0.332,0.853,2.763,5.826,6.276,6.013,5.089,4.452,4.77,4.93,4.801,5.143,5.695,6.351,6.117,4.555,3.364,2.972,2.648,1.815,1.153,0.802,0.549,0.394,0.367,0.932,2.608,5.515,6.421,5.861,4.996,4.548,5.042,5.157,5.128,5.397,5.816,6.421,6.045,5.017,3.76,3.316,3.462,3.106,1.836,1.854,1.263,0.911,0.526,0.482,0.526,1.054,1.222,2.121,3.193,3.85,4.48,4.954,5.008,4.832,4.548,4.671,4.629,4.468,4.011,3.562,4.103,3.939,2.519
395,0.512,0.289,0.227,0.312,0.818,2.685,5.601,5.606,3.998,4.47,3.901,3.983,4.329,4.314,4.856,5.4,6.234,5.935,4.362,2.772,2.314,2.066,1.371,0.927,0.521,0.319,0.234,0.322,0.804,2.786,5.608,6.16,5.655,5.139,4.275,4.553,4.668,4.765,5.123,5.911,6.699,5.783,4.585,3.119,2.746,2.401,1.533,1.048,0.593,0.375,0.27,0.321,0.876,2.768,5.805,6.589,5.89,5.085,4.423,4.628,4.759,4.914,5.393,5.553,6.482,5.929,4.511,3.306,2.841,2.571,1.753,1.112,0.531,0.356,0.259,0.332,0.853,2.763,5.826,6.276,6.013,5.089,4.452,4.77,4.93,4.801,5.143,5.695,6.351,6.117,4.555,3.364,2.972,2.648,1.815,1.153,0.802,0.549,0.394,0.367,0.932,2.608,5.515,6.421,5.861,4.996,4.548,5.042,5.157,5.128,5.397,5.816,6.421,6.045,5.017,3.76,3.316,3.462,3.106,1.836,1.854,1.263,0.911,0.526,0.482,0.526,1.054,1.222,2.121,3.193,3.85,4.48,4.954,5.008,4.832,4.548,4.671,4.629,4.468,4.011,3.562,4.103,3.939,2.519,1.854,1.263,0.911,0.526,0.482,0.528,0.985,1.13,1.907,2.834,3.593,3.767,4.039,4.341,4.281,4.323,4.493,3.671,2.711,2.121,2.076,2.751,2.485,1.058
396,0.521,0.319,0.234,0.322,0.804,2.786,5.608,6.16,5.655,5.139,4.275,4.553,4.668,4.765,5.123,5.911,6.699,5.783,4.585,3.119,2.746,2.401,1.533,1.048,0.593,0.375,0.27,0.321,0.876,2.768,5.805,6.589,5.89,5.085,4.423,4.628,4.759,4.914,5.393,5.553,6.482,5.929,4.511,3.306,2.841,2.571,1.753,1.112,0.531,0.356,0.259,0.332,0.853,2.763,5.826,6.276,6.013,5.089,4.452,4.77,4.93,4.801,5.143,5.695,6.351,6.117,4.555,3.364,2.972,2.648,1.815,1.153,0.802,0.549,0.394,0.367,0.932,2.608,5.515,6.421,5.861,4.996,4.548,5.042,5.157,5.128,5.397,5.816,6.421,6.045,5.017,3.76,3.316,3.462,3.106,1.836,1.854,1.263,0.911,0.526,0.482,0.526,1.054,1.222,2.121,3.193,3.85,4.48,4.954,5.008,4.832,4.548,4.671,4.629,4.468,4.011,3.562,4.103,3.939,2.519,1.854,1.263,0.911,0.526,0.482,0.528,0.985,1.13,1.907,2.834,3.593,3.767,4.039,4.341,4.281,4.323,4.493,3.671,2.711,2.121,2.076,2.751,2.485,1.058,0.517,0.329,0.256,0.31,0.811,2.6,5.626,6.55,5.779,4.885,4.218,4.256,4.629,4.485,4.91,5.639,6.551,6.0,4.526,2.848,2.383,2.101,1.451,0.926
397,0.593,0.375,0.27,0.321,0.876,2.768,5.805,6.589,5.89,5.085,4.423,4.628,4.759,4.914,5.393,5.553,6.482,5.929,4.511,3.306,2.841,2.571,1.753,1.112,0.531,0.356,0.259,0.332,0.853,2.763,5.826,6.276,6.013,5.089,4.452,4.77,4.93,4.801,5.143,5.695,6.351,6.117,4.555,3.364,2.972,2.648,1.815,1.153,0.802,0.549,0.394,0.367,0.932,2.608,5.515,6.421,5.861,4.996,4.548,5.042,5.157,5.128,5.397,5.816,6.421,6.045,5.017,3.76,3.316,3.462,3.106,1.836,1.854,1.263,0.911,0.526,0.482,0.526,1.054,1.222,2.121,3.193,3.85,4.48,4.954,5.008,4.832,4.548,4.671,4.629,4.468,4.011,3.562,4.103,3.939,2.519,1.854,1.263,0.911,0.526,0.482,0.528,0.985,1.13,1.907,2.834,3.593,3.767,4.039,4.341,4.281,4.323,4.493,3.671,2.711,2.121,2.076,2.751,2.485,1.058,0.517,0.329,0.256,0.31,0.811,2.6,5.626,6.55,5.779,4.885,4.218,4.256,4.629,4.485,4.91,5.639,6.551,6.0,4.526,2.848,2.383,2.101,1.451,0.926,0.502,0.326,0.257,0.319,0.891,2.834,5.611,5.929,5.059,4.14,3.927,4.108,4.339,4.321,4.646,5.35,6.499,5.784,4.454,3.103,2.566,2.264,1.57,0.954
398,0.531,0.356,0.259,0.332,0.853,2.763,5.826,6.276,6.013,5.089,4.452,4.77,4.93,4.801,5.143,5.695,6.351,6.117,4.555,3.364,2.972,2.648,1.815,1.153,0.802,0.549,0.394,0.367,0.932,2.608,5.515,6.421,5.861,4.996,4.548,5.042,5.157,5.128,5.397,5.816,6.421,6.045,5.017,3.76,3.316,3.462,3.106,1.836,1.854,1.263,0.911,0.526,0.482,0.526,1.054,1.222,2.121,3.193,3.85,4.48,4.954,5.008,4.832,4.548,4.671,4.629,4.468,4.011,3.562,4.103,3.939,2.519,1.854,1.263,0.911,0.526,0.482,0.528,0.985,1.13,1.907,2.834,3.593,3.767,4.039,4.341,4.281,4.323,4.493,3.671,2.711,2.121,2.076,2.751,2.485,1.058,0.517,0.329,0.256,0.31,0.811,2.6,5.626,6.55,5.779,4.885,4.218,4.256,4.629,4.485,4.91,5.639,6.551,6.0,4.526,2.848,2.383,2.101,1.451,0.926,0.502,0.326,0.257,0.319,0.891,2.834,5.611,5.929,5.059,4.14,3.927,4.108,4.339,4.321,4.646,5.35,6.499,5.784,4.454,3.103,2.566,2.264,1.57,0.954,0.739,0.561,0.407,0.387,0.914,2.833,5.795,6.785,6.115,5.033,4.141,4.703,4.825,4.725,5.072,5.715,6.62,6.546,4.966,3.398,2.706,2.819,3.925,1.237
399,0.802,0.549,0.394,0.367,0.932,2.608,5.515,6.421,5.861,4.996,4.548,5.042,5.157,5.128,5.397,5.816,6.421,6.045,5.017,3.76,3.316,3.462,3.106,1.836,1.854,1.263,0.911,0.526,0.482,0.526,1.054,1.222,2.121,3.193,3.85,4.48,4.954,5.008,4.832,4.548,4.671,4.629,4.468,4.011,3.562,4.103,3.939,2.519,1.854,1.263,0.911,0.526,0.482,0.528,0.985,1.13,1.907,2.834,3.593,3.767,4.039,4.341,4.281,4.323,4.493,3.671,2.711,2.121,2.076,2.751,2.485,1.058,0.517,0.329,0.256,0.31,0.811,2.6,5.626,6.55,5.779,4.885,4.218,4.256,4.629,4.485,4.91,5.639,6.551,6.0,4.526,2.848,2.383,2.101,1.451,0.926,0.502,0.326,0.257,0.319,0.891,2.834,5.611,5.929,5.059,4.14,3.927,4.108,4.339,4.321,4.646,5.35,6.499,5.784,4.454,3.103,2.566,2.264,1.57,0.954,0.739,0.561,0.407,0.387,0.914,2.833,5.795,6.785,6.115,5.033,4.141,4.703,4.825,4.725,5.072,5.715,6.62,6.546,4.966,3.398,2.706,2.819,3.925,1.237,0.602,0.355,0.292,0.342,0.878,2.731,5.706,6.63,5.886,5.121,4.527,4.789,4.864,4.959,5.327,5.977,6.594,6.168,4.828,3.397,2.931,2.765,2.02,1.158
400,1.854,1.263,0.911,0.526,0.482,0.526,1.054,1.222,2.121,3.193,3.85,4.48,4.954,5.008,4.832,4.548,4.671,4.629,4.468,4.011,3.562,4.103,3.939,2.519,1.854,1.263,0.911,0.526,0.482,0.528,0.985,1.13,1.907,2.834,3.593,3.767,4.039,4.341,4.281,4.323,4.493,3.671,2.711,2.121,2.076,2.751,2.485,1.058,0.517,0.329,0.256,0.31,0.811,2.6,5.626,6.55,5.779,4.885,4.218,4.256,4.629,4.485,4.91,5.639,6.551,6.0,4.526,2.848,2.383,2.101,1.451,0.926,0.502,0.326,0.257,0.319,0.891,2.834,5.611,5.929,5.059,4.14,3.927,4.108,4.339,4.321,4.646,5.35,6.499,5.784,4.454,3.103,2.566,2.264,1.57,0.954,0.739,0.561,0.407,0.387,0.914,2.833,5.795,6.785,6.115,5.033,4.141,4.703,4.825,4.725,5.072,5.715,6.62,6.546,4.966,3.398,2.706,2.819,3.925,1.237,0.602,0.355,0.292,0.342,0.878,2.731,5.706,6.63,5.886,5.121,4.527,4.789,4.864,4.959,5.327,5.977,6.594,6.168,4.828,3.397,2.931,2.765,2.02,1.158,0.59,0.393,0.303,0.34,0.874,2.75,5.684,6.474,5.71,4.795,4.203,4.464,4.664,4.622,4.989,5.67,6.566,6.124,4.694,3.186,2.646,2.487,2.242,1.069
401,1.854,1.263,0.911,0.526,0.482,0.528,0.985,1.13,1.907,2.834,3.593,3.767,4.039,4.341,4.281,4.323,4.493,3.671,2.711,2.121,2.076,2.751,2.485,1.058,0.517,0.329,0.256,0.31,0.811,2.6,5.626,6.55,5.779,4.885,4.218,4.256,4.629,4.485,4.91,5.639,6.551,6.0,4.526,2.848,2.383,2.101,1.451,0.926,0.502,0.326,0.257,0.319,0.891,2.834,5.611,5.929,5.059,4.14,3.927,4.108,4.339,4.321,4.646,5.35,6.499,5.784,4.454,3.103,2.566,2.264,1.57,0.954,0.739,0.561,0.407,0.387,0.914,2.833,5.795,6.785,6.115,5.033,4.141,4.703,4.825,4.725,5.072,5.715,6.62,6.546,4.966,3.398,2.706,2.819,3.925,1.237,0.602,0.355,0.292,0.342,0.878,2.731,5.706,6.63,5.886,5.121,4.527,4.789,4.864,4.959,5.327,5.977,6.594,6.168,4.828,3.397,2.931,2.765,2.02,1.158,0.59,0.393,0.303,0.34,0.874,2.75,5.684,6.474,5.71,4.795,4.203,4.464,4.664,4.622,4.989,5.67,6.566,6.124,4.694,3.186,2.646,2.487,2.242,1.069,1.197,0.788,0.538,0.334,0.265,0.46,0.875,1.249,2.098,3.155,4.247,4.645,5.02,4.928,4.986,4.815,4.76,4.984,4.739,3.605,2.862,2.835,2.489,1.822
402,0.517,0.329,0.256,0.31,0.811,2.6,5.626,6.55,5.779,4.885,4.218,4.256,4.629,4.485,4.91,5.639,6.551,6.0,4.526,2.848,2.383,2.101,1.451,0.926,0.502,0.326,0.257,0.319,0.891,2.834,5.611,5.929,5.059,4.14,3.927,4.108,4.339,4.321,4.646,5.35,6.499,5.784,4.454,3.103,2.566,2.264,1.57,0.954,0.739,0.561,0.407,0.387,0.914,2.833,5.795,6.785,6.115,5.033,4.141,4.703,4.825,4.725,5.072,5.715,6.62,6.546,4.966,3.398,2.706,2.819,3.925,1.237,0.602,0.355,0.292,0.342,0.878,2.731,5.706,6.63,5.886,5.121,4.527,4.789,4.864,4.959,5.327,5.977,6.594,6.168,4.828,3.397,2.931,2.765,2.02,1.158,0.59,0.393,0.303,0.34,0.874,2.75,5.684,6.474,5.71,4.795,4.203,4.464,4.664,4.622,4.989,5.67,6.566,6.124,4.694,3.186,2.646,2.487,2.242,1.069,1.197,0.788,0.538,0.334,0.265,0.46,0.875,1.249,2.098,3.155,4.247,4.645,5.02,4.928,4.986,4.815,4.76,4.984,4.739,3.605,2.862,2.835,2.489,1.822,1.196,0.829,0.538,0.334,0.265,0.429,0.774,1.084,1.789,2.666,3.517,3.952,4.297,4.679,4.538,4.342,4.775,5.766,3.964,3.168,2.631,2.208,1.723,1.069
403,0.502,0.326,0.257,0.319,0.891,2.834,5.611,5.929,5.059,4.14,3.927,4.108,4.339,4.321,4.646,5.35,6.499,5.784,4.454,3.103,2.566,2.264,1.57,0.954,0.739,0.561,0.407,0.387,0.914,2.833,5.795,6.785,6.115,5.033,4.141,4.703,4.825,4.725,5.072,5.715,6.62,6.546,4.966,3.398,2.706,2.819,3.925,1.237,0.602,0.355,0.292,0.342,0.878,2.731,5.706,6.63,5.886,5.121,4.527,4.789,4.864,4.959,5.327,5.977,6.594,6.168,4.828,3.397,2.931,2.765,2.02,1.158,0.59,0.393,0.303,0.34,0.874,2.75,5.684,6.474,5.71,4.795,4.203,4.464,4.664,4.622,4.989,5.67,6.566,6.124,4.694,3.186,2.646,2.487,2.242,1.069,1.197,0.788,0.538,0.334,0.265,0.46,0.875,1.249,2.098,3.155,4.247,4.645,5.02,4.928,4.986,4.815,4.76,4.984,4.739,3.605,2.862,2.835,2.489,1.822,1.196,0.829,0.538,0.334,0.265,0.429,0.774,1.084,1.789,2.666,3.517,3.952,4.297,4.679,4.538,4.342,4.775,5.766,3.964,3.168,2.631,2.208,1.723,1.069,0.645,0.402,0.324,0.368,0.869,2.703,5.717,6.643,6.255,4.943,4.447,4.558,4.627,4.794,4.93,5.568,0.0,0.0,0.0,0.0,0.0,0.0,0.0,0.0
404,0.739,0.561,0.407,0.387,0.914,2.833,5.795,6.785,6.115,5.033,4.141,4.703,4.825,4.725,5.072,5.715,6.62,6.546,4.966,3.398,2.706,2.819,3.925,1.237,0.602,0.355,0.292,0.342,0.878,2.731,5.706,6.63,5.886,5.121,4.527,4.789,4.864,4.959,5.327,5.977,6.594,6.168,4.828,3.397,2.931,2.765,2.02,1.158,0.59,0.393,0.303,0.34,0.874,2.75,5.684,6.474,5.71,4.795,4.203,4.464,4.664,4.622,4.989,5.67,6.566,6.124,4.694,3.186,2.646,2.487,2.242,1.069,1.197,0.788,0.538,0.334,0.265,0.46,0.875,1.249,2.098,3.155,4.247,4.645,5.02,4.928,4.986,4.815,4.76,4.984,4.739,3.605,2.862,2.835,2.489,1.822,1.196,0.829,0.538,0.334,0.265,0.429,0.774,1.084,1.789,2.666,3.517,3.952,4.297,4.679,4.538,4.342,4.775,5.766,3.964,3.168,2.631,2.208,1.723,1.069,0.645,0.402,0.324,0.368,0.869,2.703,5.717,6.643,6.255,4.943,4.447,4.558,4.627,4.794,4.93,5.568,0.0,0.0,0.0,0.0,0.0,0.0,0.0,0.0,0.0,0.332,0.266,0.322,0.831,2.746,5.774,6.355,6.003,5.153,4.395,4.65,4.915,4.811,5.098,5.892,6.53,6.093,4.734,3.376,2.715,3.111,3.604,1.296
405,0.602,0.355,0.292,0.342,0.878,2.731,5.706,6.63,5.886,5.121,4.527,4.789,4.864,4.959,5.327,5.977,6.594,6.168,4.828,3.397,2.931,2.765,2.02,1.158,0.59,0.393,0.303,0.34,0.874,2.75,5.684,6.474,5.71,4.795,4.203,4.464,4.664,4.622,4.989,5.67,6.566,6.124,4.694,3.186,2.646,2.487,2.242,1.069,1.197,0.788,0.538,0.334,0.265,0.46,0.875,1.249,2.098,3.155,4.247,4.645,5.02,4.928,4.986,4.815,4.76,4.984,4.739,3.605,2.862,2.835,2.489,1.822,1.196,0.829,0.538,0.334,0.265,0.429,0.774,1.084,1.789,2.666,3.517,3.952,4.297,4.679,4.538,4.342,4.775,5.766,3.964,3.168,2.631,2.208,1.723,1.069,0.645,0.402,0.324,0.368,0.869,2.703,5.717,6.643,6.255,4.943,4.447,4.558,4.627,4.794,4.93,5.568,0.0,0.0,0.0,0.0,0.0,0.0,0.0,0.0,0.0,0.332,0.266,0.322,0.831,2.746,5.774,6.355,6.003,5.153,4.395,4.65,4.915,4.811,5.098,5.892,6.53,6.093,4.734,3.376,2.715,3.111,3.604,1.296,0.671,0.368,0.287,0.335,0.884,2.731,5.81,6.83,6.036,5.176,4.44,4.703,4.88,4.873,5.206,5.605,6.601,6.093,4.844,3.502,2.844,2.727,1.722,1.05
406,0.59,0.393,0.303,0.34,0.874,2.75,5.684,6.474,5.71,4.795,4.203,4.464,4.664,4.622,4.989,5.67,6.566,6.124,4.694,3.186,2.646,2.487,2.242,1.069,1.197,0.788,0.538,0.334,0.265,0.46,0.875,1.249,2.098,3.155,4.247,4.645,5.02,4.928,4.986,4.815,4.76,4.984,4.739,3.605,2.862,2.835,2.489,1.822,1.196,0.829,0.538,0.334,0.265,0.429,0.774,1.084,1.789,2.666,3.517,3.952,4.297,4.679,4.538,4.342,4.775,5.766,3.964,3.168,2.631,2.208,1.723,1.069,0.645,0.402,0.324,0.368,0.869,2.703,5.717,6.643,6.255,4.943,4.447,4.558,4.627,4.794,4.93,5.568,0.0,0.0,0.0,0.0,0.0,0.0,0.0,0.0,0.0,0.332,0.266,0.322,0.831,2.746,5.774,6.355,6.003,5.153,4.395,4.65,4.915,4.811,5.098,5.892,6.53,6.093,4.734,3.376,2.715,3.111,3.604,1.296,0.671,0.368,0.287,0.335,0.884,2.731,5.81,6.83,6.036,5.176,4.44,4.703,4.88,4.873,5.206,5.605,6.601,6.093,4.844,3.502,2.844,2.727,1.722,1.05,0.711,0.504,0.418,0.468,0.933,2.755,5.721,6.888,6.137,5.04,4.51,4.739,4.864,5.039,5.365,5.681,6.564,6.273,4.663,3.399,2.934,3.283,3.751,1.319
407,1.197,0.788,0.538,0.334,0.265,0.46,0.875,1.249,2.098,3.155,4.247,4.645,5.02,4.928,4.986,4.815,4.76,4.984,4.739,3.605,2.862,2.835,2.489,1.822,1.196,0.829,0.538,0.334,0.265,0.429,0.774,1.084,1.789,2.666,3.517,3.952,4.297,4.679,4.538,4.342,4.775,5.766,3.964,3.168,2.631,2.208,1.723,1.069,0.645,0.402,0.324,0.368,0.869,2.703,5.717,6.643,6.255,4.943,4.447,4.558,4.627,4.794,4.93,5.568,0.0,0.0,0.0,0.0,0.0,0.0,0.0,0.0,0.0,0.332,0.266,0.322,0.831,2.746,5.774,6.355,6.003,5.153,4.395,4.65,4.915,4.811,5.098,5.892,6.53,6.093,4.734,3.376,2.715,3.111,3.604,1.296,0.671,0.368,0.287,0.335,0.884,2.731,5.81,6.83,6.036,5.176,4.44,4.703,4.88,4.873,5.206,5.605,6.601,6.093,4.844,3.502,2.844,2.727,1.722,1.05,0.711,0.504,0.418,0.468,0.933,2.755,5.721,6.888,6.137,5.04,4.51,4.739,4.864,5.039,5.365,5.681,6.564,6.273,4.663,3.399,2.934,3.283,3.751,1.319,0.692,0.402,0.325,0.349,0.828,2.577,5.465,6.37,5.96,5.207,4.841,5.259,5.385,5.351,5.474,5.955,6.571,5.633,5.0,3.915,3.199,3.124,2.576,1.813
408,1.196,0.829,0.538,0.334,0.265,0.429,0.774,1.084,1.789,2.666,3.517,3.952,4.297,4.679,4.538,4.342,4.775,5.766,3.964,3.168,2.631,2.208,1.723,1.069,0.645,0.402,0.324,0.368,0.869,2.703,5.717,6.643,6.255,4.943,4.447,4.558,4.627,4.794,4.93,5.568,0.0,0.0,0.0,0.0,0.0,0.0,0.0,0.0,0.0,0.332,0.266,0.322,0.831,2.746,5.774,6.355,6.003,5.153,4.395,4.65,4.915,4.811,5.098,5.892,6.53,6.093,4.734,3.376,2.715,3.111,3.604,1.296,0.671,0.368,0.287,0.335,0.884,2.731,5.81,6.83,6.036,5.176,4.44,4.703,4.88,4.873,5.206,5.605,6.601,6.093,4.844,3.502,2.844,2.727,1.722,1.05,0.711,0.504,0.418,0.468,0.933,2.755,5.721,6.888,6.137,5.04,4.51,4.739,4.864,5.039,5.365,5.681,6.564,6.273,4.663,3.399,2.934,3.283,3.751,1.319,0.692,0.402,0.325,0.349,0.828,2.577,5.465,6.37,5.96,5.207,4.841,5.259,5.385,5.351,5.474,5.955,6.571,5.633,5.0,3.915,3.199,3.124,2.576,1.813,1.23,0.749,0.61,0.369,0.38,0.608,1.179,1.952,3.05,3.754,4.329,4.663,5.114,5.114,5.255,4.719,4.912,4.871,4.525,3.742,2.887,3.219,4.272,2.177
409,0.645,0.402,0.324,0.368,0.869,2.703,5.717,6.643,6.255,4.943,4.447,4.558,4.627,4.794,4.93,5.568,0.0,0.0,0.0,0.0,0.0,0.0,0.0,0.0,0.0,0.332,0.266,0.322,0.831,2.746,5.774,6.355,6.003,5.153,4.395,4.65,4.915,4.811,5.098,5.892,6.53,6.093,4.734,3.376,2.715,3.111,3.604,1.296,0.671,0.368,0.287,0.335,0.884,2.731,5.81,6.83,6.036,5.176,4.44,4.703,4.88,4.873,5.206,5.605,6.601,6.093,4.844,3.502,2.844,2.727,1.722,1.05,0.711,0.504,0.418,0.468,0.933,2.755,5.721,6.888,6.137,5.04,4.51,4.739,4.864,5.039,5.365,5.681,6.564,6.273,4.663,3.399,2.934,3.283,3.751,1.319,0.692,0.402,0.325,0.349,0.828,2.577,5.465,6.37,5.96,5.207,4.841,5.259,5.385,5.351,5.474,5.955,6.571,5.633,5.0,3.915,3.199,3.124,2.576,1.813,1.23,0.749,0.61,0.369,0.38,0.608,1.179,1.952,3.05,3.754,4.329,4.663,5.114,5.114,5.255,4.719,4.912,4.871,4.525,3.742,2.887,3.219,4.272,2.177,1.587,0.952,0.814,0.453,0.402,0.566,0.983,1.293,2.001,2.925,3.722,4.179,4.608,4.821,4.813,4.808,5.012,4.566,3.843,3.109,2.516,2.263,1.58,1.03
410,0.0,0.332,0.266,0.322,0.831,2.746,5.774,6.355,6.003,5.153,4.395,4.65,4.915,4.811,5.098,5.892,6.53,6.093,4.734,3.376,2.715,3.111,3.604,1.296,0.671,0.368,0.287,0.335,0.884,2.731,5.81,6.83,6.036,5.176,4.44,4.703,4.88,4.873,5.206,5.605,6.601,6.093,4.844,3.502,2.844,2.727,1.722,1.05,0.711,0.504,0.418,0.468,0.933,2.755,5.721,6.888,6.137,5.04,4.51,4.739,4.864,5.039,5.365,5.681,6.564,6.273,4.663,3.399,2.934,3.283,3.751,1.319,0.692,0.402,0.325,0.349,0.828,2.577,5.465,6.37,5.96,5.207,4.841,5.259,5.385,5.351,5.474,5.955,6.571,5.633,5.0,3.915,3.199,3.124,2.576,1.813,1.23,0.749,0.61,0.369,0.38,0.608,1.179,1.952,3.05,3.754,4.329,4.663,5.114,5.114,5.255,4.719,4.912,4.871,4.525,3.742,2.887,3.219,4.272,2.177,1.587,0.952,0.814,0.453,0.402,0.566,0.983,1.293,2.001,2.925,3.722,4.179,4.608,4.821,4.813,4.808,5.012,4.566,3.843,3.109,2.516,2.263,1.58,1.03,0.629,0.377,0.298,0.303,0.737,2.395,4.705,4.948,4.929,4.356,4.016,4.365,4.313,4.294,4.411,4.567,5.107,4.93,3.779,2.804,2.367,2.245,2.474,1.133
411,0.671,0.368,0.287,0.335,0.884,2.731,5.81,6.83,6.036,5.176,4.44,4.703,4.88,4.873,5.206,5.605,6.601,6.093,4.844,3.502,2.844,2.727,1.722,1.05,0.711,0.504,0.418,0.468,0.933,2.755,5.721,6.888,6.137,5.04,4.51,4.739,4.864,5.039,5.365,5.681,6.564,6.273,4.663,3.399,2.934,3.283,3.751,1.319,0.692,0.402,0.325,0.349,0.828,2.577,5.465,6.37,5.96,5.207,4.841,5.259,5.385,5.351,5.474,5.955,6.571,5.633,5.0,3.915,3.199,3.124,2.576,1.813,1.23,0.749,0.61,0.369,0.38,0.608,1.179,1.952,3.05,3.754,4.329,4.663,5.114,5.114,5.255,4.719,4.912,4.871,4.525,3.742,2.887,3.219,4.272,2.177,1.587,0.952,0.814,0.453,0.402,0.566,0.983,1.293,2.001,2.925,3.722,4.179,4.608,4.821,4.813,4.808,5.012,4.566,3.843,3.109,2.516,2.263,1.58,1.03,0.629,0.377,0.298,0.303,0.737,2.395,4.705,4.948,4.929,4.356,4.016,4.365,4.313,4.294,4.411,4.567,5.107,4.93,3.779,2.804,2.367,2.245,2.474,1.133,0.619,0.372,0.358,0.0,0.0,0.0,0.0,0.0,0.0,5.252,3.83,4.621,4.938,4.694,5.186,5.729,6.96,6.301,4.569,3.31,2.828,3.436,3.237,1.169
412,0.711,0.504,0.418,0.468,0.933,2.755,5.721,6.888,6.137,5.04,4.51,4.739,4.864,5.039,5.365,5.681,6.564,6.273,4.663,3.399,2.934,3.283,3.751,1.319,0.692,0.402,0.325,0.349,0.828,2.577,5.465,6.37,5.96,5.207,4.841,5.259,5.385,5.351,5.474,5.955,6.571,5.633,5.0,3.915,3.199,3.124,2.576,1.813,1.23,0.749,0.61,0.369,0.38,0.608,1.179,1.952,3.05,3.754,4.329,4.663,5.114,5.114,5.255,4.719,4.912,4.871,4.525,3.742,2.887,3.219,4.272,2.177,1.587,0.952,0.814,0.453,0.402,0.566,0.983,1.293,2.001,2.925,3.722,4.179,4.608,4.821,4.813,4.808,5.012,4.566,3.843,3.109,2.516,2.263,1.58,1.03,0.629,0.377,0.298,0.303,0.737,2.395,4.705,4.948,4.929,4.356,4.016,4.365,4.313,4.294,4.411,4.567,5.107,4.93,3.779,2.804,2.367,2.245,2.474,1.133,0.619,0.372,0.358,0.0,0.0,0.0,0.0,0.0,0.0,5.252,3.83,4.621,4.938,4.694,5.186,5.729,6.96,6.301,4.569,3.31,2.828,3.436,3.237,1.169,0.625,0.379,0.313,0.372,0.869,2.622,5.423,6.094,5.732,4.933,4.215,4.584,4.808,4.779,5.052,5.492,6.359,5.839,4.524,3.289,2.826,2.836,2.517,1.276
413,0.692,0.402,0.325,0.349,0.828,2.577,5.465,6.37,5.96,5.207,4.841,5.259,5.385,5.351,5.474,5.955,6.571,5.633,5.0,3.915,3.199,3.124,2.576,1.813,1.23,0.749,0.61,0.369,0.38,0.608,1.179,1.952,3.05,3.754,4.329,4.663,5.114,5.114,5.255,4.719,4.912,4.871,4.525,3.742,2.887,3.219,4.272,2.177,1.587,0.952,0.814,0.453,0.402,0.566,0.983,1.293,2.001,2.925,3.722,4.179,4.608,4.821,4.813,4.808,5.012,4.566,3.843,3.109,2.516,2.263,1.58,1.03,0.629,0.377,0.298,0.303,0.737,2.395,4.705,4.948,4.929,4.356,4.016,4.365,4.313,4.294,4.411,4.567,5.107,4.93,3.779,2.804,2.367,2.245,2.474,1.133,0.619,0.372,0.358,0.0,0.0,0.0,0.0,0.0,0.0,5.252,3.83,4.621,4.938,4.694,5.186,5.729,6.96,6.301,4.569,3.31,2.828,3.436,3.237,1.169,0.625,0.379,0.313,0.372,0.869,2.622,5.423,6.094,5.732,4.933,4.215,4.584,4.808,4.779,5.052,5.492,6.359,5.839,4.524,3.289,2.826,2.836,2.517,1.276,0.555,0.428,0.304,0.465,1.008,2.809,6.054,7.027,6.383,5.403,4.885,4.988,5.232,5.303,5.5,6.165,7.154,6.257,4.86,3.594,3.21,2.716,1.956,1.135
414,1.23,0.749,0.61,0.369,0.38,0.608,1.179,1.952,3.05,3.754,4.329,4.663,5.114,5.114,5.255,4.719,4.912,4.871,4.525,3.742,2.887,3.219,4.272,2.177,1.587,0.952,0.814,0.453,0.402,0.566,0.983,1.293,2.001,2.925,3.722,4.179,4.608,4.821,4.813,4.808,5.012,4.566,3.843,3.109,2.516,2.263,1.58,1.03,0.629,0.377,0.298,0.303,0.737,2.395,4.705,4.948,4.929,4.356,4.016,4.365,4.313,4.294,4.411,4.567,5.107,4.93,3.779,2.804,2.367,2.245,2.474,1.133,0.619,0.372,0.358,0.0,0.0,0.0,0.0,0.0,0.0,5.252,3.83,4.621,4.938,4.694,5.186,5.729,6.96,6.301,4.569,3.31,2.828,3.436,3.237,1.169,0.625,0.379,0.313,0.372,0.869,2.622,5.423,6.094,5.732,4.933,4.215,4.584,4.808,4.779,5.052,5.492,6.359,5.839,4.524,3.289,2.826,2.836,2.517,1.276,0.555,0.428,0.304,0.465,1.008,2.809,6.054,7.027,6.383,5.403,4.885,4.988,5.232,5.303,5.5,6.165,7.154,6.257,4.86,3.594,3.21,2.716,1.956,1.135,0.696,0.338,0.293,0.334,0.792,2.391,4.933,5.678,5.201,4.722,4.13,4.363,4.747,4.825,5.111,5.505,6.215,5.868,4.886,3.447,2.9,2.949,2.402,1.665
415,1.587,0.952,0.814,0.453,0.402,0.566,0.983,1.293,2.001,2.925,3.722,4.179,4.608,4.821,4.813,4.808,5.012,4.566,3.843,3.109,2.516,2.263,1.58,1.03,0.629,0.377,0.298,0.303,0.737,2.395,4.705,4.948,4.929,4.356,4.016,4.365,4.313,4.294,4.411,4.567,5.107,4.93,3.779,2.804,2.367,2.245,2.474,1.133,0.619,0.372,0.358,0.0,0.0,0.0,0.0,0.0,0.0,5.252,3.83,4.621,4.938,4.694,5.186,5.729,6.96,6.301,4.569,3.31,2.828,3.436,3.237,1.169,0.625,0.379,0.313,0.372,0.869,2.622,5.423,6.094,5.732,4.933,4.215,4.584,4.808,4.779,5.052,5.492,6.359,5.839,4.524,3.289,2.826,2.836,2.517,1.276,0.555,0.428,0.304,0.465,1.008,2.809,6.054,7.027,6.383,5.403,4.885,4.988,5.232,5.303,5.5,6.165,7.154,6.257,4.86,3.594,3.21,2.716,1.956,1.135,0.696,0.338,0.293,0.334,0.792,2.391,4.933,5.678,5.201,4.722,4.13,4.363,4.747,4.825,5.111,5.505,6.215,5.868,4.886,3.447,2.9,2.949,2.402,1.665,1.087,0.655,0.609,0.396,0.643,1.036,1.449,2.06,2.985,3.861,4.256,4.784,5.28,5.213,4.905,4.804,4.771,4.655,4.636,3.45,2.906,3.234,2.596,1.943
416,0.629,0.377,0.298,0.303,0.737,2.395,4.705,4.948,4.929,4.356,4.016,4.365,4.313,4.294,4.411,4.567,5.107,4.93,3.779,2.804,2.367,2.245,2.474,1.133,0.619,0.372,0.358,0.0,0.0,0.0,0.0,0.0,0.0,5.252,3.83,4.621,4.938,4.694,5.186,5.729,6.96,6.301,4.569,3.31,2.828,3.436,3.237,1.169,0.625,0.379,0.313,0.372,0.869,2.622,5.423,6.094,5.732,4.933,4.215,4.584,4.808,4.779,5.052,5.492,6.359,5.839,4.524,3.289,2.826,2.836,2.517,1.276,0.555,0.428,0.304,0.465,1.008,2.809,6.054,7.027,6.383,5.403,4.885,4.988,5.232,5.303,5.5,6.165,7.154,6.257,4.86,3.594,3.21,2.716,1.956,1.135,0.696,0.338,0.293,0.334,0.792,2.391,4.933,5.678,5.201,4.722,4.13,4.363,4.747,4.825,5.111,5.505,6.215,5.868,4.886,3.447,2.9,2.949,2.402,1.665,1.087,0.655,0.609,0.396,0.643,1.036,1.449,2.06,2.985,3.861,4.256,4.784,5.28,5.213,4.905,4.804,4.771,4.655,4.636,3.45,2.906,3.234,2.596,1.943,1.298,0.805,0.602,0.396,0.643,0.955,1.302,1.815,2.591,3.327,3.659,4.149,4.475,4.676,4.527,4.266,4.329,4.095,3.679,2.951,2.447,2.028,1.464,1.054
417,0.619,0.372,0.358,0.0,0.0,0.0,0.0,0.0,0.0,5.252,3.83,4.621,4.938,4.694,5.186,5.729,6.96,6.301,4.569,3.31,2.828,3.436,3.237,1.169,0.625,0.379,0.313,0.372,0.869,2.622,5.423,6.094,5.732,4.933,4.215,4.584,4.808,4.779,5.052,5.492,6.359,5.839,4.524,3.289,2.826,2.836,2.517,1.276,0.555,0.428,0.304,0.465,1.008,2.809,6.054,7.027,6.383,5.403,4.885,4.988,5.232,5.303,5.5,6.165,7.154,6.257,4.86,3.594,3.21,2.716,1.956,1.135,0.696,0.338,0.293,0.334,0.792,2.391,4.933,5.678,5.201,4.722,4.13,4.363,4.747,4.825,5.111,5.505,6.215,5.868,4.886,3.447,2.9,2.949,2.402,1.665,1.087,0.655,0.609,0.396,0.643,1.036,1.449,2.06,2.985,3.861,4.256,4.784,5.28,5.213,4.905,4.804,4.771,4.655,4.636,3.45,2.906,3.234,2.596,1.943,1.298,0.805,0.602,0.396,0.643,0.955,1.302,1.815,2.591,3.327,3.659,4.149,4.475,4.676,4.527,4.266,4.329,4.095,3.679,2.951,2.447,2.028,1.464,1.054,0.576,0.338,0.264,0.307,0.848,2.699,5.773,6.724,6.085,5.034,4.397,4.34,4.802,4.67,5.178,5.681,6.516,6.028,4.58,3.219,2.647,2.473,3.711,1.173
418,0.625,0.379,0.313,0.372,0.869,2.622,5.423,6.094,5.732,4.933,4.215,4.584,4.808,4.779,5.052,5.492,6.359,5.839,4.524,3.289,2.826,2.836,2.517,1.276,0.555,0.428,0.304,0.465,1.008,2.809,6.054,7.027,6.383,5.403,4.885,4.988,5.232,5.303,5.5,6.165,7.154,6.257,4.86,3.594,3.21,2.716,1.956,1.135,0.696,0.338,0.293,0.334,0.792,2.391,4.933,5.678,5.201,4.722,4.13,4.363,4.747,4.825,5.111,5.505,6.215,5.868,4.886,3.447,2.9,2.949,2.402,1.665,1.087,0.655,0.609,0.396,0.643,1.036,1.449,2.06,2.985,3.861,4.256,4.784,5.28,5.213,4.905,4.804,4.771,4.655,4.636,3.45,2.906,3.234,2.596,1.943,1.298,0.805,0.602,0.396,0.643,0.955,1.302,1.815,2.591,3.327,3.659,4.149,4.475,4.676,4.527,4.266,4.329,4.095,3.679,2.951,2.447,2.028,1.464,1.054,0.576,0.338,0.264,0.307,0.848,2.699,5.773,6.724,6.085,5.034,4.397,4.34,4.802,4.67,5.178,5.681,6.516,6.028,4.58,3.219,2.647,2.473,3.711,1.173,0.601,0.362,0.302,0.335,0.864,2.74,5.768,6.109,6.301,5.255,4.532,4.798,5.029,4.957,5.442,5.912,6.949,6.365,4.867,3.311,2.971,2.89,2.648,1.141
419,0.555,0.428,0.304,0.465,1.008,2.809,6.054,7.027,6.383,5.403,4.885,4.988,5.232,5.303,5.5,6.165,7.154,6.257,4.86,3.594,3.21,2.716,1.956,1.135,0.696,0.338,0.293,0.334,0.792,2.391,4.933,5.678,5.201,4.722,4.13,4.363,4.747,4.825,5.111,5.505,6.215,5.868,4.886,3.447,2.9,2.949,2.402,1.665,1.087,0.655,0.609,0.396,0.643,1.036,1.449,2.06,2.985,3.861,4.256,4.784,5.28,5.213,4.905,4.804,4.771,4.655,4.636,3.45,2.906,3.234,2.596,1.943,1.298,0.805,0.602,0.396,0.643,0.955,1.302,1.815,2.591,3.327,3.659,4.149,4.475,4.676,4.527,4.266,4.329,4.095,3.679,2.951,2.447,2.028,1.464,1.054,0.576,0.338,0.264,0.307,0.848,2.699,5.773,6.724,6.085,5.034,4.397,4.34,4.802,4.67,5.178,5.681,6.516,6.028,4.58,3.219,2.647,2.473,3.711,1.173,0.601,0.362,0.302,0.335,0.864,2.74,5.768,6.109,6.301,5.255,4.532,4.798,5.029,4.957,5.442,5.912,6.949,6.365,4.867,3.311,2.971,2.89,2.648,1.141,0.619,0.395,0.357,0.375,0.896,2.278,3.771,3.683,3.997,5.81,4.513,4.537,4.816,4.805,5.379,5.712,6.948,6.466,4.755,3.2,2.927,2.439,1.72,1.084
420,0.696,0.338,0.293,0.334,0.792,2.391,4.933,5.678,5.201,4.722,4.13,4.363,4.747,4.825,5.111,5.505,6.215,5.868,4.886,3.447,2.9,2.949,2.402,1.665,1.087,0.655,0.609,0.396,0.643,1.036,1.449,2.06,2.985,3.861,4.256,4.784,5.28,5.213,4.905,4.804,4.771,4.655,4.636,3.45,2.906,3.234,2.596,1.943,1.298,0.805,0.602,0.396,0.643,0.955,1.302,1.815,2.591,3.327,3.659,4.149,4.475,4.676,4.527,4.266,4.329,4.095,3.679,2.951,2.447,2.028,1.464,1.054,0.576,0.338,0.264,0.307,0.848,2.699,5.773,6.724,6.085,5.034,4.397,4.34,4.802,4.67,5.178,5.681,6.516,6.028,4.58,3.219,2.647,2.473,3.711,1.173,0.601,0.362,0.302,0.335,0.864,2.74,5.768,6.109,6.301,5.255,4.532,4.798,5.029,4.957,5.442,5.912,6.949,6.365,4.867,3.311,2.971,2.89,2.648,1.141,0.619,0.395,0.357,0.375,0.896,2.278,3.771,3.683,3.997,5.81,4.513,4.537,4.816,4.805,5.379,5.712,6.948,6.466,4.755,3.2,2.927,2.439,1.72,1.084,0.565,0.359,0.258,0.342,0.856,2.751,5.939,6.684,6.031,5.165,4.765,5.013,4.949,5.119,5.465,6.207,6.686,6.515,5.022,3.581,2.973,3.225,1.866,1.305
421,1.087,0.655,0.609,0.396,0.643,1.036,1.449,2.06,2.985,3.861,4.256,4.784,5.28,5.213,4.905,4.804,4.771,4.655,4.636,3.45,2.906,3.234,2.596,1.943,1.298,0.805,0.602,0.396,0.643,0.955,1.302,1.815,2.591,3.327,3.659,4.149,4.475,4.676,4.527,4.266,4.329,4.095,3.679,2.951,2.447,2.028,1.464,1.054,0.576,0.338,0.264,0.307,0.848,2.699,5.773,6.724,6.085,5.034,4.397,4.34,4.802,4.67,5.178,5.681,6.516,6.028,4.58,3.219,2.647,2.473,3.711,1.173,0.601,0.362,0.302,0.335,0.864,2.74,5.768,6.109,6.301,5.255,4.532,4.798,5.029,4.957,5.442,5.912,6.949,6.365,4.867,3.311,2.971,2.89,2.648,1.141,0.619,0.395,0.357,0.375,0.896,2.278,3.771,3.683,3.997,5.81,4.513,4.537,4.816,4.805,5.379,5.712,6.948,6.466,4.755,3.2,2.927,2.439,1.72,1.084,0.565,0.359,0.258,0.342,0.856,2.751,5.939,6.684,6.031,5.165,4.765,5.013,4.949,5.119,5.465,6.207,6.686,6.515,5.022,3.581,2.973,3.225,1.866,1.305,0.722,0.406,0.31,0.373,0.831,2.576,5.495,6.459,5.874,5.025,4.837,5.37,5.727,5.665,5.718,5.967,6.607,6.125,5.208,3.96,3.38,3.107,2.448,1.883
422,1.298,0.805,0.602,0.396,0.643,0.955,1.302,1.815,2.591,3.327,3.659,4.149,4.475,4.676,4.527,4.266,4.329,4.095,3.679,2.951,2.447,2.028,1.464,1.054,0.576,0.338,0.264,0.307,0.848,2.699,5.773,6.724,6.085,5.034,4.397,4.34,4.802,4.67,5.178,5.681,6.516,6.028,4.58,3.219,2.647,2.473,3.711,1.173,0.601,0.362,0.302,0.335,0.864,2.74,5.768,6.109,6.301,5.255,4.532,4.798,5.029,4.957,5.442,5.912,6.949,6.365,4.867,3.311,2.971,2.89,2.648,1.141,0.619,0.395,0.357,0.375,0.896,2.278,3.771,3.683,3.997,5.81,4.513,4.537,4.816,4.805,5.379,5.712,6.948,6.466,4.755,3.2,2.927,2.439,1.72,1.084,0.565,0.359,0.258,0.342,0.856,2.751,5.939,6.684,6.031,5.165,4.765,5.013,4.949,5.119,5.465,6.207,6.686,6.515,5.022,3.581,2.973,3.225,1.866,1.305,0.722,0.406,0.31,0.373,0.831,2.576,5.495,6.459,5.874,5.025,4.837,5.37,5.727,5.665,5.718,5.967,6.607,6.125,5.208,3.96,3.38,3.107,2.448,1.883,1.08,0.672,0.522,0.365,0.491,0.526,1.056,1.507,2.431,3.374,4.445,4.946,5.204,5.193,5.062,4.643,4.843,4.955,4.489,3.503,3.216,3.532,3.301,2.188
423,0.576,0.338,0.264,0.307,0.848,2.699,5.773,6.724,6.085,5.034,4.397,4.34,4.802,4.67,5.178,5.681,6.516,6.028,4.58,3.219,2.647,2.473,3.711,1.173,0.601,0.362,0.302,0.335,0.864,2.74,5.768,6.109,6.301,5.255,4.532,4.798,5.029,4.957,5.442,5.912,6.949,6.365,4.867,3.311,2.971,2.89,2.648,1.141,0.619,0.395,0.357,0.375,0.896,2.278,3.771,3.683,3.997,5.81,4.513,4.537,4.816,4.805,5.379,5.712,6.948,6.466,4.755,3.2,2.927,2.439,1.72,1.084,0.565,0.359,0.258,0.342,0.856,2.751,5.939,6.684,6.031,5.165,4.765,5.013,4.949,5.119,5.465,6.207,6.686,6.515,5.022,3.581,2.973,3.225,1.866,1.305,0.722,0.406,0.31,0.373,0.831,2.576,5.495,6.459,5.874,5.025,4.837,5.37,5.727,5.665,5.718,5.967,6.607,6.125,5.208,3.96,3.38,3.107,2.448,1.883,1.08,0.672,0.522,0.365,0.491,0.526,1.056,1.507,2.431,3.374,4.445,4.946,5.204,5.193,5.062,4.643,4.843,4.955,4.489,3.503,3.216,3.532,3.301,2.188,1.546,1.031,0.746,0.543,0.491,0.591,1.011,1.368,2.1,2.847,3.654,4.127,4.745,4.566,4.557,4.632,4.684,4.18,3.749,4.253,3.643,2.198,1.581,1.001
424,0.601,0.362,0.302,0.335,0.864,2.74,5.768,6.109,6.301,5.255,4.532,4.798,5.029,4.957,5.442,5.912,6.949,6.365,4.867,3.311,2.971,2.89,2.648,1.141,0.619,0.395,0.357,0.375,0.896,2.278,3.771,3.683,3.997,5.81,4.513,4.537,4.816,4.805,5.379,5.712,6.948,6.466,4.755,3.2,2.927,2.439,1.72,1.084,0.565,0.359,0.258,0.342,0.856,2.751,5.939,6.684,6.031,5.165,4.765,5.013,4.949,5.119,5.465,6.207,6.686,6.515,5.022,3.581,2.973,3.225,1.866,1.305,0.722,0.406,0.31,0.373,0.831,2.576,5.495,6.459,5.874,5.025,4.837,5.37,5.727,5.665,5.718,5.967,6.607,6.125,5.208,3.96,3.38,3.107,2.448,1.883,1.08,0.672,0.522,0.365,0.491,0.526,1.056,1.507,2.431,3.374,4.445,4.946,5.204,5.193,5.062,4.643,4.843,4.955,4.489,3.503,3.216,3.532,3.301,2.188,1.546,1.031,0.746,0.543,0.491,0.591,1.011,1.368,2.1,2.847,3.654,4.127,4.745,4.566,4.557,4.632,4.684,4.18,3.749,4.253,3.643,2.198,1.581,1.001,0.585,0.387,0.304,0.363,0.865,2.744,5.673,6.531,5.931,4.802,4.296,4.49,4.758,4.711,5.014,5.727,6.645,6.199,4.261,2.91,2.402,2.038,1.514,0.977
425,0.619,0.395,0.357,0.375,0.896,2.278,3.771,3.683,3.997,5.81,4.513,4.537,4.816,4.805,5.379,5.712,6.948,6.466,4.755,3.2,2.927,2.439,1.72,1.084,0.565,0.359,0.258,0.342,0.856,2.751,5.939,6.684,6.031,5.165,4.765,5.013,4.949,5.119,5.465,6.207,6.686,6.515,5.022,3.581,2.973,3.225,1.866,1.305,0.722,0.406,0.31,0.373,0.831,2.576,5.495,6.459,5.874,5.025,4.837,5.37,5.727,5.665,5.718,5.967,6.607,6.125,5.208,3.96,3.38,3.107,2.448,1.883,1.08,0.672,0.522,0.365,0.491,0.526,1.056,1.507,2.431,3.374,4.445,4.946,5.204,5.193,5.062,4.643,4.843,4.955,4.489,3.503,3.216,3.532,3.301,2.188,1.546,1.031,0.746,0.543,0.491,0.591,1.011,1.368,2.1,2.847,3.654,4.127,4.745,4.566,4.557,4.632,4.684,4.18,3.749,4.253,3.643,2.198,1.581,1.001,0.585,0.387,0.304,0.363,0.865,2.744,5.673,6.531,5.931,4.802,4.296,4.49,4.758,4.711,5.014,5.727,6.645,6.199,4.261,2.91,2.402,2.038,1.514,0.977,0.517,0.327,0.237,0.325,0.785,2.746,5.966,6.461,6.441,5.109,4.544,4.655,4.961,4.801,5.215,5.709,6.722,6.017,4.775,3.425,2.815,3.727,2.816,1.115
426,0.565,0.359,0.258,0.342,0.856,2.751,5.939,6.684,6.031,5.165,4.765,5.013,4.949,5.119,5.465,6.207,6.686,6.515,5.022,3.581,2.973,3.225,1.866,1.305,0.722,0.406,0.31,0.373,0.831,2.576,5.495,6.459,5.874,5.025,4.837,5.37,5.727,5.665,5.718,5.967,6.607,6.125,5.208,3.96,3.38,3.107,2.448,1.883,1.08,0.672,0.522,0.365,0.491,0.526,1.056,1.507,2.431,3.374,4.445,4.946,5.204,5.193,5.062,4.643,4.843,4.955,4.489,3.503,3.216,3.532,3.301,2.188,1.546,1.031,0.746,0.543,0.491,0.591,1.011,1.368,2.1,2.847,3.654,4.127,4.745,4.566,4.557,4.632,4.684,4.18,3.749,4.253,3.643,2.198,1.581,1.001,0.585,0.387,0.304,0.363,0.865,2.744,5.673,6.531,5.931,4.802,4.296,4.49,4.758,4.711,5.014,5.727,6.645,6.199,4.261,2.91,2.402,2.038,1.514,0.977,0.517,0.327,0.237,0.325,0.785,2.746,5.966,6.461,6.441,5.109,4.544,4.655,4.961,4.801,5.215,5.709,6.722,6.017,4.775,3.425,2.815,3.727,2.816,1.115,0.607,0.388,0.303,0.313,0.818,2.692,5.898,6.832,6.134,5.194,4.454,4.749,5.07,5.313,5.642,5.956,7.107,6.837,4.829,3.529,3.053,2.544,1.849,1.455
427,0.722,0.406,0.31,0.373,0.831,2.576,5.495,6.459,5.874,5.025,4.837,5.37,5.727,5.665,5.718,5.967,6.607,6.125,5.208,3.96,3.38,3.107,2.448,1.883,1.08,0.672,0.522,0.365,0.491,0.526,1.056,1.507,2.431,3.374,4.445,4.946,5.204,5.193,5.062,4.643,4.843,4.955,4.489,3.503,3.216,3.532,3.301,2.188,1.546,1.031,0.746,0.543,0.491,0.591,1.011,1.368,2.1,2.847,3.654,4.127,4.745,4.566,4.557,4.632,4.684,4.18,3.749,4.253,3.643,2.198,1.581,1.001,0.585,0.387,0.304,0.363,0.865,2.744,5.673,6.531,5.931,4.802,4.296,4.49,4.758,4.711,5.014,5.727,6.645,6.199,4.261,2.91,2.402,2.038,1.514,0.977,0.517,0.327,0.237,0.325,0.785,2.746,5.966,6.461,6.441,5.109,4.544,4.655,4.961,4.801,5.215,5.709,6.722,6.017,4.775,3.425,2.815,3.727,2.816,1.115,0.607,0.388,0.303,0.313,0.818,2.692,5.898,6.832,6.134,5.194,4.454,4.749,5.07,5.313,5.642,5.956,7.107,6.837,4.829,3.529,3.053,2.544,1.849,1.455,0.569,0.364,0.271,0.322,0.83,3.166,6.236,6.928,6.327,5.226,4.594,5.068,5.254,5.278,5.599,5.929,7.28,6.453,4.672,3.494,3.628,3.124,2.82,2.218
428,1.08,0.672,0.522,0.365,0.491,0.526,1.056,1.507,2.431,3.374,4.445,4.946,5.204,5.193,5.062,4.643,4.843,4.955,4.489,3.503,3.216,3.532,3.301,2.188,1.546,1.031,0.746,0.543,0.491,0.591,1.011,1.368,2.1,2.847,3.654,4.127,4.745,4.566,4.557,4.632,4.684,4.18,3.749,4.253,3.643,2.198,1.581,1.001,0.585,0.387,0.304,0.363,0.865,2.744,5.673,6.531,5.931,4.802,4.296,4.49,4.758,4.711,5.014,5.727,6.645,6.199,4.261,2.91,2.402,2.038,1.514,0.977,0.517,0.327,0.237,0.325,0.785,2.746,5.966,6.461,6.441,5.109,4.544,4.655,4.961,4.801,5.215,5.709,6.722,6.017,4.775,3.425,2.815,3.727,2.816,1.115,0.607,0.388,0.303,0.313,0.818,2.692,5.898,6.832,6.134,5.194,4.454,4.749,5.07,5.313,5.642,5.956,7.107,6.837,4.829,3.529,3.053,2.544,1.849,1.455,0.569,0.364,0.271,0.322,0.83,3.166,6.236,6.928,6.327,5.226,4.594,5.068,5.254,5.278,5.599,5.929,7.28,6.453,4.672,3.494,3.628,3.124,2.82,2.218,0.717,0.422,0.356,0.345,0.832,2.505,5.503,6.536,5.831,5.267,4.785,5.292,5.614,5.763,5.881,6.103,6.986,6.514,5.445,3.799,3.195,2.929,2.68,3.025
429,1.546,1.031,0.746,0.543,0.491,0.591,1.011,1.368,2.1,2.847,3.654,4.127,4.745,4.566,4.557,4.632,4.684,4.18,3.749,4.253,3.643,2.198,1.581,1.001,0.585,0.387,0.304,0.363,0.865,2.744,5.673,6.531,5.931,4.802,4.296,4.49,4.758,4.711,5.014,5.727,6.645,6.199,4.261,2.91,2.402,2.038,1.514,0.977,0.517,0.327,0.237,0.325,0.785,2.746,5.966,6.461,6.441,5.109,4.544,4.655,4.961,4.801,5.215,5.709,6.722,6.017,4.775,3.425,2.815,3.727,2.816,1.115,0.607,0.388,0.303,0.313,0.818,2.692,5.898,6.832,6.134,5.194,4.454,4.749,5.07,5.313,5.642,5.956,7.107,6.837,4.829,3.529,3.053,2.544,1.849,1.455,0.569,0.364,0.271,0.322,0.83,3.166,6.236,6.928,6.327,5.226,4.594,5.068,5.254,5.278,5.599,5.929,7.28,6.453,4.672,3.494,3.628,3.124,2.82,2.218,0.717,0.422,0.356,0.345,0.832,2.505,5.503,6.536,5.831,5.267,4.785,5.292,5.614,5.763,5.881,6.103,6.986,6.514,5.445,3.799,3.195,2.929,2.68,3.025,1.459,1.107,0.571,0.436,0.43,0.612,1.143,1.547,3.346,4.256,4.763,5.192,5.096,4.96,5.225,5.611,5.436,5.031,4.843,4.043,3.443,4.083,3.774,2.645
430,0.585,0.387,0.304,0.363,0.865,2.744,5.673,6.531,5.931,4.802,4.296,4.49,4.758,4.711,5.014,5.727,6.645,6.199,4.261,2.91,2.402,2.038,1.514,0.977,0.517,0.327,0.237,0.325,0.785,2.746,5.966,6.461,6.441,5.109,4.544,4.655,4.961,4.801,5.215,5.709,6.722,6.017,4.775,3.425,2.815,3.727,2.816,1.115,0.607,0.388,0.303,0.313,0.818,2.692,5.898,6.832,6.134,5.194,4.454,4.749,5.07,5.313,5.642,5.956,7.107,6.837,4.829,3.529,3.053,2.544,1.849,1.455,0.569,0.364,0.271,0.322,0.83,3.166,6.236,6.928,6.327,5.226,4.594,5.068,5.254,5.278,5.599,5.929,7.28,6.453,4.672,3.494,3.628,3.124,2.82,2.218,0.717,0.422,0.356,0.345,0.832,2.505,5.503,6.536,5.831,5.267,4.785,5.292,5.614,5.763,5.881,6.103,6.986,6.514,5.445,3.799,3.195,2.929,2.68,3.025,1.459,1.107,0.571,0.436,0.43,0.612,1.143,1.547,3.346,4.256,4.763,5.192,5.096,4.96,5.225,5.611,5.436,5.031,4.843,4.043,3.443,4.083,3.774,2.645,1.825,1.107,0.0,0.436,0.43,0.487,0.777,0.998,1.758,2.613,3.406,3.935,4.465,4.61,5.027,4.431,3.302,2.706,2.823,2.335,1.817,1.738,1.935,2.334
431,0.517,0.327,0.237,0.325,0.785,2.746,5.966,6.461,6.441,5.109,4.544,4.655,4.961,4.801,5.215,5.709,6.722,6.017,4.775,3.425,2.815,3.727,2.816,1.115,0.607,0.388,0.303,0.313,0.818,2.692,5.898,6.832,6.134,5.194,4.454,4.749,5.07,5.313,5.642,5.956,7.107,6.837,4.829,3.529,3.053,2.544,1.849,1.455,0.569,0.364,0.271,0.322,0.83,3.166,6.236,6.928,6.327,5.226,4.594,5.068,5.254,5.278,5.599,5.929,7.28,6.453,4.672,3.494,3.628,3.124,2.82,2.218,0.717,0.422,0.356,0.345,0.832,2.505,5.503,6.536,5.831,5.267,4.785,5.292,5.614,5.763,5.881,6.103,6.986,6.514,5.445,3.799,3.195,2.929,2.68,3.025,1.459,1.107,0.571,0.436,0.43,0.612,1.143,1.547,3.346,4.256,4.763,5.192,5.096,4.96,5.225,5.611,5.436,5.031,4.843,4.043,3.443,4.083,3.774,2.645,1.825,1.107,0.0,0.436,0.43,0.487,0.777,0.998,1.758,2.613,3.406,3.935,4.465,4.61,5.027,4.431,3.302,2.706,2.823,2.335,1.817,1.738,1.935,2.334,0.658,0.385,0.282,0.349,0.8,2.552,4.93,5.439,4.699,0.0,3.911,3.967,4.115,4.47,4.775,5.357,6.366,6.097,4.568,3.124,2.522,2.254,1.601,0.985
432,0.607,0.388,0.303,0.313,0.818,2.692,5.898,6.832,6.134,5.194,4.454,4.749,5.07,5.313,5.642,5.956,7.107,6.837,4.829,3.529,3.053,2.544,1.849,1.455,0.569,0.364,0.271,0.322,0.83,3.166,6.236,6.928,6.327,5.226,4.594,5.068,5.254,5.278,5.599,5.929,7.28,6.453,4.672,3.494,3.628,3.124,2.82,2.218,0.717,0.422,0.356,0.345,0.832,2.505,5.503,6.536,5.831,5.267,4.785,5.292,5.614,5.763,5.881,6.103,6.986,6.514,5.445,3.799,3.195,2.929,2.68,3.025,1.459,1.107,0.571,0.436,0.43,0.612,1.143,1.547,3.346,4.256,4.763,5.192,5.096,4.96,5.225,5.611,5.436,5.031,4.843,4.043,3.443,4.083,3.774,2.645,1.825,1.107,0.0,0.436,0.43,0.487,0.777,0.998,1.758,2.613,3.406,3.935,4.465,4.61,5.027,4.431,3.302,2.706,2.823,2.335,1.817,1.738,1.935,2.334,0.658,0.385,0.282,0.349,0.8,2.552,4.93,5.439,4.699,0.0,3.911,3.967,4.115,4.47,4.775,5.357,6.366,6.097,4.568,3.124,2.522,2.254,1.601,0.985,0.587,0.351,0.244,0.34,0.801,2.647,5.639,6.494,6.007,4.947,4.286,4.442,4.724,4.968,5.093,5.754,6.256,6.182,4.511,3.355,3.006,2.406,1.744,1.059
433,0.569,0.364,0.271,0.322,0.83,3.166,6.236,6.928,6.327,5.226,4.594,5.068,5.254,5.278,5.599,5.929,7.28,6.453,4.672,3.494,3.628,3.124,2.82,2.218,0.717,0.422,0.356,0.345,0.832,2.505,5.503,6.536,5.831,5.267,4.785,5.292,5.614,5.763,5.881,6.103,6.986,6.514,5.445,3.799,3.195,2.929,2.68,3.025,1.459,1.107,0.571,0.436,0.43,0.612,1.143,1.547,3.346,4.256,4.763,5.192,5.096,4.96,5.225,5.611,5.436,5.031,4.843,4.043,3.443,4.083,3.774,2.645,1.825,1.107,0.0,0.436,0.43,0.487,0.777,0.998,1.758,2.613,3.406,3.935,4.465,4.61,5.027,4.431,3.302,2.706,2.823,2.335,1.817,1.738,1.935,2.334,0.658,0.385,0.282,0.349,0.8,2.552,4.93,5.439,4.699,0.0,3.911,3.967,4.115,4.47,4.775,5.357,6.366,6.097,4.568,3.124,2.522,2.254,1.601,0.985,0.587,0.351,0.244,0.34,0.801,2.647,5.639,6.494,6.007,4.947,4.286,4.442,4.724,4.968,5.093,5.754,6.256,6.182,4.511,3.355,3.006,2.406,1.744,1.059,0.752,0.468,0.585,0.571,1.004,2.855,5.682,6.628,5.656,0.0,4.518,4.865,4.841,5.004,5.255,5.797,6.552,6.233,4.69,3.561,2.964,2.631,1.743,1.191
434,0.717,0.422,0.356,0.345,0.832,2.505,5.503,6.536,5.831,5.267,4.785,5.292,5.614,5.763,5.881,6.103,6.986,6.514,5.445,3.799,3.195,2.929,2.68,3.025,1.459,1.107,0.571,0.436,0.43,0.612,1.143,1.547,3.346,4.256,4.763,5.192,5.096,4.96,5.225,5.611,5.436,5.031,4.843,4.043,3.443,4.083,3.774,2.645,1.825,1.107,0.0,0.436,0.43,0.487,0.777,0.998,1.758,2.613,3.406,3.935,4.465,4.61,5.027,4.431,3.302,2.706,2.823,2.335,1.817,1.738,1.935,2.334,0.658,0.385,0.282,0.349,0.8,2.552,4.93,5.439,4.699,0.0,3.911,3.967,4.115,4.47,4.775,5.357,6.366,6.097,4.568,3.124,2.522,2.254,1.601,0.985,0.587,0.351,0.244,0.34,0.801,2.647,5.639,6.494,6.007,4.947,4.286,4.442,4.724,4.968,5.093,5.754,6.256,6.182,4.511,3.355,3.006,2.406,1.744,1.059,0.752,0.468,0.585,0.571,1.004,2.855,5.682,6.628,5.656,0.0,4.518,4.865,4.841,5.004,5.255,5.797,6.552,6.233,4.69,3.561,2.964,2.631,1.743,1.191,0.889,0.503,0.507,0.586,1.057,2.771,5.593,6.756,6.166,5.155,4.617,4.867,5.052,5.142,5.424,5.97,6.571,6.298,4.549,3.595,3.145,2.504,2.857,2.198
435,1.459,1.107,0.571,0.436,0.43,0.612,1.143,1.547,3.346,4.256,4.763,5.192,5.096,4.96,5.225,5.611,5.436,5.031,4.843,4.043,3.443,4.083,3.774,2.645,1.825,1.107,0.0,0.436,0.43,0.487,0.777,0.998,1.758,2.613,3.406,3.935,4.465,4.61,5.027,4.431,3.302,2.706,2.823,2.335,1.817,1.738,1.935,2.334,0.658,0.385,0.282,0.349,0.8,2.552,4.93,5.439,4.699,0.0,3.911,3.967,4.115,4.47,4.775,5.357,6.366,6.097,4.568,3.124,2.522,2.254,1.601,0.985,0.587,0.351,0.244,0.34,0.801,2.647,5.639,6.494,6.007,4.947,4.286,4.442,4.724,4.968,5.093,5.754,6.256,6.182,4.511,3.355,3.006,2.406,1.744,1.059,0.752,0.468,0.585,0.571,1.004,2.855,5.682,6.628,5.656,0.0,4.518,4.865,4.841,5.004,5.255,5.797,6.552,6.233,4.69,3.561,2.964,2.631,1.743,1.191,0.889,0.503,0.507,0.586,1.057,2.771,5.593,6.756,6.166,5.155,4.617,4.867,5.052,5.142,5.424,5.97,6.571,6.298,4.549,3.595,3.145,2.504,2.857,2.198,0.719,0.48,0.327,0.351,0.764,2.449,4.951,6.114,5.538,4.947,4.822,5.191,5.514,5.857,5.965,6.217,6.691,5.892,4.88,3.764,3.312,2.975,3.635,2.314
436,1.825,1.107,0.0,0.436,0.43,0.487,0.777,0.998,1.758,2.613,3.406,3.935,4.465,4.61,5.027,4.431,3.302,2.706,2.823,2.335,1.817,1.738,1.935,2.334,0.658,0.385,0.282,0.349,0.8,2.552,4.93,5.439,4.699,0.0,3.911,3.967,4.115,4.47,4.775,5.357,6.366,6.097,4.568,3.124,2.522,2.254,1.601,0.985,0.587,0.351,0.244,0.34,0.801,2.647,5.639,6.494,6.007,4.947,4.286,4.442,4.724,4.968,5.093,5.754,6.256,6.182,4.511,3.355,3.006,2.406,1.744,1.059,0.752,0.468,0.585,0.571,1.004,2.855,5.682,6.628,5.656,0.0,4.518,4.865,4.841,5.004,5.255,5.797,6.552,6.233,4.69,3.561,2.964,2.631,1.743,1.191,0.889,0.503,0.507,0.586,1.057,2.771,5.593,6.756,6.166,5.155,4.617,4.867,5.052,5.142,5.424,5.97,6.571,6.298,4.549,3.595,3.145,2.504,2.857,2.198,0.719,0.48,0.327,0.351,0.764,2.449,4.951,6.114,5.538,4.947,4.822,5.191,5.514,5.857,5.965,6.217,6.691,5.892,4.88,3.764,3.312,2.975,3.635,2.314,1.556,1.14,0.683,0.41,0.432,0.69,1.219,2.093,3.11,3.771,4.262,4.945,5.058,5.059,4.908,4.788,4.898,4.551,4.113,3.596,3.703,4.354,3.261,2.075
437,0.658,0.385,0.282,0.349,0.8,2.552,4.93,5.439,4.699,0.0,3.911,3.967,4.115,4.47,4.775,5.357,6.366,6.097,4.568,3.124,2.522,2.254,1.601,0.985,0.587,0.351,0.244,0.34,0.801,2.647,5.639,6.494,6.007,4.947,4.286,4.442,4.724,4.968,5.093,5.754,6.256,6.182,4.511,3.355,3.006,2.406,1.744,1.059,0.752,0.468,0.585,0.571,1.004,2.855,5.682,6.628,5.656,0.0,4.518,4.865,4.841,5.004,5.255,5.797,6.552,6.233,4.69,3.561,2.964,2.631,1.743,1.191,0.889,0.503,0.507,0.586,1.057,2.771,5.593,6.756,6.166,5.155,4.617,4.867,5.052,5.142,5.424,5.97,6.571,6.298,4.549,3.595,3.145,2.504,2.857,2.198,0.719,0.48,0.327,0.351,0.764,2.449,4.951,6.114,5.538,4.947,4.822,5.191,5.514,5.857,5.965,6.217,6.691,5.892,4.88,3.764,3.312,2.975,3.635,2.314,1.556,1.14,0.683,0.41,0.432,0.69,1.219,2.093,3.11,3.771,4.262,4.945,5.058,5.059,4.908,4.788,4.898,4.551,4.113,3.596,3.703,4.354,3.261,2.075,1.789,1.252,0.834,0.503,0.41,0.564,0.9,1.154,2.025,2.948,3.721,4.208,4.599,4.805,4.924,4.501,4.576,4.206,3.865,3.371,2.692,2.19,1.674,1.049
438,0.587,0.351,0.244,0.34,0.801,2.647,5.639,6.494,6.007,4.947,4.286,4.442,4.724,4.968,5.093,5.754,6.256,6.182,4.511,3.355,3.006,2.406,1.744,1.059,0.752,0.468,0.585,0.571,1.004,2.855,5.682,6.628,5.656,0.0,4.518,4.865,4.841,5.004,5.255,5.797,6.552,6.233,4.69,3.561,2.964,2.631,1.743,1.191,0.889,0.503,0.507,0.586,1.057,2.771,5.593,6.756,6.166,5.155,4.617,4.867,5.052,5.142,5.424,5.97,6.571,6.298,4.549,3.595,3.145,2.504,2.857,2.198,0.719,0.48,0.327,0.351,0.764,2.449,4.951,6.114,5.538,4.947,4.822,5.191,5.514,5.857,5.965,6.217,6.691,5.892,4.88,3.764,3.312,2.975,3.635,2.314,1.556,1.14,0.683,0.41,0.432,0.69,1.219,2.093,3.11,3.771,4.262,4.945,5.058,5.059,4.908,4.788,4.898,4.551,4.113,3.596,3.703,4.354,3.261,2.075,1.789,1.252,0.834,0.503,0.41,0.564,0.9,1.154,2.025,2.948,3.721,4.208,4.599,4.805,4.924,4.501,4.576,4.206,3.865,3.371,2.692,2.19,1.674,1.049,0.581,0.36,0.223,0.33,0.819,2.635,5.474,6.3,5.921,4.916,4.159,4.366,4.645,4.606,5.076,5.564,6.572,6.127,4.365,3.1,2.781,2.185,1.554,1.043
439,0.752,0.468,0.585,0.571,1.004,2.855,5.682,6.628,5.656,0.0,4.518,4.865,4.841,5.004,5.255,5.797,6.552,6.233,4.69,3.561,2.964,2.631,1.743,1.191,0.889,0.503,0.507,0.586,1.057,2.771,5.593,6.756,6.166,5.155,4.617,4.867,5.052,5.142,5.424,5.97,6.571,6.298,4.549,3.595,3.145,2.504,2.857,2.198,0.719,0.48,0.327,0.351,0.764,2.449,4.951,6.114,5.538,4.947,4.822,5.191,5.514,5.857,5.965,6.217,6.691,5.892,4.88,3.764,3.312,2.975,3.635,2.314,1.556,1.14,0.683,0.41,0.432,0.69,1.219,2.093,3.11,3.771,4.262,4.945,5.058,5.059,4.908,4.788,4.898,4.551,4.113,3.596,3.703,4.354,3.261,2.075,1.789,1.252,0.834,0.503,0.41,0.564,0.9,1.154,2.025,2.948,3.721,4.208,4.599,4.805,4.924,4.501,4.576,4.206,3.865,3.371,2.692,2.19,1.674,1.049,0.581,0.36,0.223,0.33,0.819,2.635,5.474,6.3,5.921,4.916,4.159,4.366,4.645,4.606,5.076,5.564,6.572,6.127,4.365,3.1,2.781,2.185,1.554,1.043,0.593,0.352,0.26,0.332,0.836,2.703,5.651,6.601,6.345,0.0,4.397,4.732,4.829,4.945,5.222,5.827,6.657,6.501,4.627,3.608,3.019,2.613,3.887,1.251
440,0.889,0.503,0.507,0.586,1.057,2.771,5.593,6.756,6.166,5.155,4.617,4.867,5.052,5.142,5.424,5.97,6.571,6.298,4.549,3.595,3.145,2.504,2.857,2.198,0.719,0.48,0.327,0.351,0.764,2.449,4.951,6.114,5.538,4.947,4.822,5.191,5.514,5.857,5.965,6.217,6.691,5.892,4.88,3.764,3.312,2.975,3.635,2.314,1.556,1.14,0.683,0.41,0.432,0.69,1.219,2.093,3.11,3.771,4.262,4.945,5.058,5.059,4.908,4.788,4.898,4.551,4.113,3.596,3.703,4.354,3.261,2.075,1.789,1.252,0.834,0.503,0.41,0.564,0.9,1.154,2.025,2.948,3.721,4.208,4.599,4.805,4.924,4.501,4.576,4.206,3.865,3.371,2.692,2.19,1.674,1.049,0.581,0.36,0.223,0.33,0.819,2.635,5.474,6.3,5.921,4.916,4.159,4.366,4.645,4.606,5.076,5.564,6.572,6.127,4.365,3.1,2.781,2.185,1.554,1.043,0.593,0.352,0.26,0.332,0.836,2.703,5.651,6.601,6.345,0.0,4.397,4.732,4.829,4.945,5.222,5.827,6.657,6.501,4.627,3.608,3.019,2.613,3.887,1.251,0.636,0.396,0.285,0.351,0.846,2.666,5.699,6.612,6.24,5.327,4.471,4.903,4.92,5.025,5.36,5.789,6.746,6.401,4.575,3.352,2.903,2.586,1.744,1.118
441,0.719,0.48,0.327,0.351,0.764,2.449,4.951,6.114,5.538,4.947,4.822,5.191,5.514,5.857,5.965,6.217,6.691,5.892,4.88,3.764,3.312,2.975,3.635,2.314,1.556,1.14,0.683,0.41,0.432,0.69,1.219,2.093,3.11,3.771,4.262,4.945,5.058,5.059,4.908,4.788,4.898,4.551,4.113,3.596,3.703,4.354,3.261,2.075,1.789,1.252,0.834,0.503,0.41,0.564,0.9,1.154,2.025,2.948,3.721,4.208,4.599,4.805,4.924,4.501,4.576,4.206,3.865,3.371,2.692,2.19,1.674,1.049,0.581,0.36,0.223,0.33,0.819,2.635,5.474,6.3,5.921,4.916,4.159,4.366,4.645,4.606,5.076,5.564,6.572,6.127,4.365,3.1,2.781,2.185,1.554,1.043,0.593,0.352,0.26,0.332,0.836,2.703,5.651,6.601,6.345,0.0,4.397,4.732,4.829,4.945,5.222,5.827,6.657,6.501,4.627,3.608,3.019,2.613,3.887,1.251,0.636,0.396,0.285,0.351,0.846,2.666,5.699,6.612,6.24,5.327,4.471,4.903,4.92,5.025,5.36,5.789,6.746,6.401,4.575,3.352,2.903,2.586,1.744,1.118,0.562,0.357,0.265,0.329,0.851,2.707,5.574,6.566,6.38,5.385,4.701,4.936,5.046,5.128,5.463,5.841,6.821,6.286,4.531,3.448,3.021,3.905,3.024,1.354
442,1.556,1.14,0.683,0.41,0.432,0.69,1.219,2.093,3.11,3.771,4.262,4.945,5.058,5.059,4.908,4.788,4.898,4.551,4.113,3.596,3.703,4.354,3.261,2.075,1.789,1.252,0.834,0.503,0.41,0.564,0.9,1.154,2.025,2.948,3.721,4.208,4.599,4.805,4.924,4.501,4.576,4.206,3.865,3.371,2.692,2.19,1.674,1.049,0.581,0.36,0.223,0.33,0.819,2.635,5.474,6.3,5.921,4.916,4.159,4.366,4.645,4.606,5.076,5.564,6.572,6.127,4.365,3.1,2.781,2.185,1.554,1.043,0.593,0.352,0.26,0.332,0.836,2.703,5.651,6.601,6.345,0.0,4.397,4.732,4.829,4.945,5.222,5.827,6.657,6.501,4.627,3.608,3.019,2.613,3.887,1.251,0.636,0.396,0.285,0.351,0.846,2.666,5.699,6.612,6.24,5.327,4.471,4.903,4.92,5.025,5.36,5.789,6.746,6.401,4.575,3.352,2.903,2.586,1.744,1.118,0.562,0.357,0.265,0.329,0.851,2.707,5.574,6.566,6.38,5.385,4.701,4.936,5.046,5.128,5.463,5.841,6.821,6.286,4.531,3.448,3.021,3.905,3.024,1.354,0.705,0.447,0.313,0.373,0.818,2.501,5.193,6.222,5.803,4.922,4.747,5.276,5.614,5.455,5.577,6.131,6.538,6.024,4.822,3.774,3.177,2.929,2.577,1.801
443,1.789,1.252,0.834,0.503,0.41,0.564,0.9,1.154,2.025,2.948,3.721,4.208,4.599,4.805,4.924,4.501,4.576,4.206,3.865,3.371,2.692,2.19,1.674,1.049,0.581,0.36,0.223,0.33,0.819,2.635,5.474,6.3,5.921,4.916,4.159,4.366,4.645,4.606,5.076,5.564,6.572,6.127,4.365,3.1,2.781,2.185,1.554,1.043,0.593,0.352,0.26,0.332,0.836,2.703,5.651,6.601,6.345,0.0,4.397,4.732,4.829,4.945,5.222,5.827,6.657,6.501,4.627,3.608,3.019,2.613,3.887,1.251,0.636,0.396,0.285,0.351,0.846,2.666,5.699,6.612,6.24,5.327,4.471,4.903,4.92,5.025,5.36,5.789,6.746,6.401,4.575,3.352,2.903,2.586,1.744,1.118,0.562,0.357,0.265,0.329,0.851,2.707,5.574,6.566,6.38,5.385,4.701,4.936,5.046,5.128,5.463,5.841,6.821,6.286,4.531,3.448,3.021,3.905,3.024,1.354,0.705,0.447,0.313,0.373,0.818,2.501,5.193,6.222,5.803,4.922,4.747,5.276,5.614,5.455,5.577,6.131,6.538,6.024,4.822,3.774,3.177,2.929,2.577,1.801,1.473,0.866,0.584,0.329,0.271,0.618,1.006,1.5,2.51,4.065,4.278,4.82,5.264,4.947,4.985,5.595,5.736,4.772,4.35,3.691,3.107,2.782,2.651,1.896
444,0.581,0.36,0.223,0.33,0.819,2.635,5.474,6.3,5.921,4.916,4.159,4.366,4.645,4.606,5.076,5.564,6.572,6.127,4.365,3.1,2.781,2.185,1.554,1.043,0.593,0.352,0.26,0.332,0.836,2.703,5.651,6.601,6.345,0.0,4.397,4.732,4.829,4.945,5.222,5.827,6.657,6.501,4.627,3.608,3.019,2.613,3.887,1.251,0.636,0.396,0.285,0.351,0.846,2.666,5.699,6.612,6.24,5.327,4.471,4.903,4.92,5.025,5.36,5.789,6.746,6.401,4.575,3.352,2.903,2.586,1.744,1.118,0.562,0.357,0.265,0.329,0.851,2.707,5.574,6.566,6.38,5.385,4.701,4.936,5.046,5.128,5.463,5.841,6.821,6.286,4.531,3.448,3.021,3.905,3.024,1.354,0.705,0.447,0.313,0.373,0.818,2.501,5.193,6.222,5.803,4.922,4.747,5.276,5.614,5.455,5.577,6.131,6.538,6.024,4.822,3.774,3.177,2.929,2.577,1.801,1.473,0.866,0.584,0.329,0.271,0.618,1.006,1.5,2.51,4.065,4.278,4.82,5.264,4.947,4.985,5.595,5.736,4.772,4.35,3.691,3.107,2.782,2.651,1.896,1.303,0.894,0.59,0.329,0.271,0.479,0.774,1.15,1.919,2.656,3.584,3.701,4.238,4.439,4.659,4.357,4.396,4.201,3.694,2.99,2.772,2.3,2.095,0.993
445,0.593,0.352,0.26,0.332,0.836,2.703,5.651,6.601,6.345,0.0,4.397,4.732,4.829,4.945,5.222,5.827,6.657,6.501,4.627,3.608,3.019,2.613,3.887,1.251,0.636,0.396,0.285,0.351,0.846,2.666,5.699,6.612,6.24,5.327,4.471,4.903,4.92,5.025,5.36,5.789,6.746,6.401,4.575,3.352,2.903,2.586,1.744,1.118,0.562,0.357,0.265,0.329,0.851,2.707,5.574,6.566,6.38,5.385,4.701,4.936,5.046,5.128,5.463,5.841,6.821,6.286,4.531,3.448,3.021,3.905,3.024,1.354,0.705,0.447,0.313,0.373,0.818,2.501,5.193,6.222,5.803,4.922,4.747,5.276,5.614,5.455,5.577,6.131,6.538,6.024,4.822,3.774,3.177,2.929,2.577,1.801,1.473,0.866,0.584,0.329,0.271,0.618,1.006,1.5,2.51,4.065,4.278,4.82,5.264,4.947,4.985,5.595,5.736,4.772,4.35,3.691,3.107,2.782,2.651,1.896,1.303,0.894,0.59,0.329,0.271,0.479,0.774,1.15,1.919,2.656,3.584,3.701,4.238,4.439,4.659,4.357,4.396,4.201,3.694,2.99,2.772,2.3,2.095,0.993,0.605,0.358,0.276,0.358,0.805,2.711,5.574,6.72,6.138,5.137,4.219,4.549,4.734,4.717,5.127,5.688,6.618,6.072,4.522,3.435,2.783,2.27,1.884,2.654
446,0.636,0.396,0.285,0.351,0.846,2.666,5.699,6.612,6.24,5.327,4.471,4.903,4.92,5.025,5.36,5.789,6.746,6.401,4.575,3.352,2.903,2.586,1.744,1.118,0.562,0.357,0.265,0.329,0.851,2.707,5.574,6.566,6.38,5.385,4.701,4.936,5.046,5.128,5.463,5.841,6.821,6.286,4.531,3.448,3.021,3.905,3.024,1.354,0.705,0.447,0.313,0.373,0.818,2.501,5.193,6.222,5.803,4.922,4.747,5.276,5.614,5.455,5.577,6.131,6.538,6.024,4.822,3.774,3.177,2.929,2.577,1.801,1.473,0.866,0.584,0.329,0.271,0.618,1.006,1.5,2.51,4.065,4.278,4.82,5.264,4.947,4.985,5.595,5.736,4.772,4.35,3.691,3.107,2.782,2.651,1.896,1.303,0.894,0.59,0.329,0.271,0.479,0.774,1.15,1.919,2.656,3.584,3.701,4.238,4.439,4.659,4.357,4.396,4.201,3.694,2.99,2.772,2.3,2.095,0.993,0.605,0.358,0.276,0.358,0.805,2.711,5.574,6.72,6.138,5.137,4.219,4.549,4.734,4.717,5.127,5.688,6.618,6.072,4.522,3.435,2.783,2.27,1.884,2.654,0.713,0.413,0.31,0.366,0.835,2.734,5.718,6.417,6.214,5.551,4.599,4.832,4.836,4.827,5.296,5.72,6.725,6.28,4.546,3.468,3.035,3.092,3.512,1.181
447,0.562,0.357,0.265,0.329,0.851,2.707,5.574,6.566,6.38,5.385,4.701,4.936,5.046,5.128,5.463,5.841,6.821,6.286,4.531,3.448,3.021,3.905,3.024,1.354,0.705,0.447,0.313,0.373,0.818,2.501,5.193,6.222,5.803,4.922,4.747,5.276,5.614,5.455,5.577,6.131,6.538,6.024,4.822,3.774,3.177,2.929,2.577,1.801,1.473,0.866,0.584,0.329,0.271,0.618,1.006,1.5,2.51,4.065,4.278,4.82,5.264,4.947,4.985,5.595,5.736,4.772,4.35,3.691,3.107,2.782,2.651,1.896,1.303,0.894,0.59,0.329,0.271,0.479,0.774,1.15,1.919,2.656,3.584,3.701,4.238,4.439,4.659,4.357,4.396,4.201,3.694,2.99,2.772,2.3,2.095,0.993,0.605,0.358,0.276,0.358,0.805,2.711,5.574,6.72,6.138,5.137,4.219,4.549,4.734,4.717,5.127,5.688,6.618,6.072,4.522,3.435,2.783,2.27,1.884,2.654,0.713,0.413,0.31,0.366,0.835,2.734,5.718,6.417,6.214,5.551,4.599,4.832,4.836,4.827,5.296,5.72,6.725,6.28,4.546,3.468,3.035,3.092,3.512,1.181,0.664,0.39,0.325,0.334,0.85,2.714,5.59,7.004,6.312,5.335,4.453,4.701,5.118,5.054,5.392,5.882,6.823,6.513,4.669,3.355,3.043,2.42,1.704,1.115
448,0.705,0.447,0.313,0.373,0.818,2.501,5.193,6.222,5.803,4.922,4.747,5.276,5.614,5.455,5.577,6.131,6.538,6.024,4.822,3.774,3.177,2.929,2.577,1.801,1.473,0.866,0.584,0.329,0.271,0.618,1.006,1.5,2.51,4.065,4.278,4.82,5.264,4.947,4.985,5.595,5.736,4.772,4.35,3.691,3.107,2.782,2.651,1.896,1.303,0.894,0.59,0.329,0.271,0.479,0.774,1.15,1.919,2.656,3.584,3.701,4.238,4.439,4.659,4.357,4.396,4.201,3.694,2.99,2.772,2.3,2.095,0.993,0.605,0.358,0.276,0.358,0.805,2.711,5.574,6.72,6.138,5.137,4.219,4.549,4.734,4.717,5.127,5.688,6.618,6.072,4.522,3.435,2.783,2.27,1.884,2.654,0.713,0.413,0.31,0.366,0.835,2.734,5.718,6.417,6.214,5.551,4.599,4.832,4.836,4.827,5.296,5.72,6.725,6.28,4.546,3.468,3.035,3.092,3.512,1.181,0.664,0.39,0.325,0.334,0.85,2.714,5.59,7.004,6.312,5.335,4.453,4.701,5.118,5.054,5.392,5.882,6.823,6.513,4.669,3.355,3.043,2.42,1.704,1.115,0.581,0.357,0.255,0.37,0.856,2.683,5.69,6.695,6.098,5.38,4.748,4.938,5.033,5.239,5.418,5.795,6.672,6.613,5.07,3.545,3.165,4.129,3.165,1.491
449,1.473,0.866,0.584,0.329,0.271,0.618,1.006,1.5,2.51,4.065,4.278,4.82,5.264,4.947,4.985,5.595,5.736,4.772,4.35,3.691,3.107,2.782,2.651,1.896,1.303,0.894,0.59,0.329,0.271,0.479,0.774,1.15,1.919,2.656,3.584,3.701,4.238,4.439,4.659,4.357,4.396,4.201,3.694,2.99,2.772,2.3,2.095,0.993,0.605,0.358,0.276,0.358,0.805,2.711,5.574,6.72,6.138,5.137,4.219,4.549,4.734,4.717,5.127,5.688,6.618,6.072,4.522,3.435,2.783,2.27,1.884,2.654,0.713,0.413,0.31,0.366,0.835,2.734,5.718,6.417,6.214,5.551,4.599,4.832,4.836,4.827,5.296,5.72,6.725,6.28,4.546,3.468,3.035,3.092,3.512,1.181,0.664,0.39,0.325,0.334,0.85,2.714,5.59,7.004,6.312,5.335,4.453,4.701,5.118,5.054,5.392,5.882,6.823,6.513,4.669,3.355,3.043,2.42,1.704,1.115,0.581,0.357,0.255,0.37,0.856,2.683,5.69,6.695,6.098,5.38,4.748,4.938,5.033,5.239,5.418,5.795,6.672,6.613,5.07,3.545,3.165,4.129,3.165,1.491,0.78,0.427,0.339,0.379,0.84,2.551,5.432,6.432,5.944,5.3,4.889,5.177,5.613,5.635,5.633,6.161,6.701,5.909,5.174,4.226,3.309,3.126,2.86,1.966
450,1.303,0.894,0.59,0.329,0.271,0.479,0.774,1.15,1.919,2.656,3.584,3.701,4.238,4.439,4.659,4.357,4.396,4.201,3.694,2.99,2.772,2.3,2.095,0.993,0.605,0.358,0.276,0.358,0.805,2.711,5.574,6.72,6.138,5.137,4.219,4.549,4.734,4.717,5.127,5.688,6.618,6.072,4.522,3.435,2.783,2.27,1.884,2.654,0.713,0.413,0.31,0.366,0.835,2.734,5.718,6.417,6.214,5.551,4.599,4.832,4.836,4.827,5.296,5.72,6.725,6.28,4.546,3.468,3.035,3.092,3.512,1.181,0.664,0.39,0.325,0.334,0.85,2.714,5.59,7.004,6.312,5.335,4.453,4.701,5.118,5.054,5.392,5.882,6.823,6.513,4.669,3.355,3.043,2.42,1.704,1.115,0.581,0.357,0.255,0.37,0.856,2.683,5.69,6.695,6.098,5.38,4.748,4.938,5.033,5.239,5.418,5.795,6.672,6.613,5.07,3.545,3.165,4.129,3.165,1.491,0.78,0.427,0.339,0.379,0.84,2.551,5.432,6.432,5.944,5.3,4.889,5.177,5.613,5.635,5.633,6.161,6.701,5.909,5.174,4.226,3.309,3.126,2.86,1.966,1.619,0.868,0.719,0.459,0.561,0.72,1.382,2.1,3.032,3.854,4.213,4.572,5.07,4.958,5.031,4.996,4.815,4.786,4.547,3.674,3.275,3.055,3.198,3.485
451,0.605,0.358,0.276,0.358,0.805,2.711,5.574,6.72,6.138,5.137,4.219,4.549,4.734,4.717,5.127,5.688,6.618,6.072,4.522,3.435,2.783,2.27,1.884,2.654,0.713,0.413,0.31,0.366,0.835,2.734,5.718,6.417,6.214,5.551,4.599,4.832,4.836,4.827,5.296,5.72,6.725,6.28,4.546,3.468,3.035,3.092,3.512,1.181,0.664,0.39,0.325,0.334,0.85,2.714,5.59,7.004,6.312,5.335,4.453,4.701,5.118,5.054,5.392,5.882,6.823,6.513,4.669,3.355,3.043,2.42,1.704,1.115,0.581,0.357,0.255,0.37,0.856,2.683,5.69,6.695,6.098,5.38,4.748,4.938,5.033,5.239,5.418,5.795,6.672,6.613,5.07,3.545,3.165,4.129,3.165,1.491,0.78,0.427,0.339,0.379,0.84,2.551,5.432,6.432,5.944,5.3,4.889,5.177,5.613,5.635,5.633,6.161,6.701,5.909,5.174,4.226,3.309,3.126,2.86,1.966,1.619,0.868,0.719,0.459,0.561,0.72,1.382,2.1,3.032,3.854,4.213,4.572,5.07,4.958,5.031,4.996,4.815,4.786,4.547,3.674,3.275,3.055,3.198,3.485,2.052,0.868,0.719,0.459,0.561,0.648,1.13,1.652,2.329,2.631,3.455,3.849,4.383,4.271,4.573,4.381,4.478,4.153,3.654,4.038,3.676,2.14,1.647,1.017
452,0.713,0.413,0.31,0.366,0.835,2.734,5.718,6.417,6.214,5.551,4.599,4.832,4.836,4.827,5.296,5.72,6.725,6.28,4.546,3.468,3.035,3.092,3.512,1.181,0.664,0.39,0.325,0.334,0.85,2.714,5.59,7.004,6.312,5.335,4.453,4.701,5.118,5.054,5.392,5.882,6.823,6.513,4.669,3.355,3.043,2.42,1.704,1.115,0.581,0.357,0.255,0.37,0.856,2.683,5.69,6.695,6.098,5.38,4.748,4.938,5.033,5.239,5.418,5.795,6.672,6.613,5.07,3.545,3.165,4.129,3.165,1.491,0.78,0.427,0.339,0.379,0.84,2.551,5.432,6.432,5.944,5.3,4.889,5.177,5.613,5.635,5.633,6.161,6.701,5.909,5.174,4.226,3.309,3.126,2.86,1.966,1.619,0.868,0.719,0.459,0.561,0.72,1.382,2.1,3.032,3.854,4.213,4.572,5.07,4.958,5.031,4.996,4.815,4.786,4.547,3.674,3.275,3.055,3.198,3.485,2.052,0.868,0.719,0.459,0.561,0.648,1.13,1.652,2.329,2.631,3.455,3.849,4.383,4.271,4.573,4.381,4.478,4.153,3.654,4.038,3.676,2.14,1.647,1.017,0.628,0.347,0.27,0.318,0.812,2.593,5.453,6.539,5.958,4.523,3.937,4.234,4.664,4.716,4.726,5.341,6.206,6.071,4.165,3.048,2.644,2.147,1.527,1.012
453,0.664,0.39,0.325,0.334,0.85,2.714,5.59,7.004,6.312,5.335,4.453,4.701,5.118,5.054,5.392,5.882,6.823,6.513,4.669,3.355,3.043,2.42,1.704,1.115,0.581,0.357,0.255,0.37,0.856,2.683,5.69,6.695,6.098,5.38,4.748,4.938,5.033,5.239,5.418,5.795,6.672,6.613,5.07,3.545,3.165,4.129,3.165,1.491,0.78,0.427,0.339,0.379,0.84,2.551,5.432,6.432,5.944,5.3,4.889,5.177,5.613,5.635,5.633,6.161,6.701,5.909,5.174,4.226,3.309,3.126,2.86,1.966,1.619,0.868,0.719,0.459,0.561,0.72,1.382,2.1,3.032,3.854,4.213,4.572,5.07,4.958,5.031,4.996,4.815,4.786,4.547,3.674,3.275,3.055,3.198,3.485,2.052,0.868,0.719,0.459,0.561,0.648,1.13,1.652,2.329,2.631,3.455,3.849,4.383,4.271,4.573,4.381,4.478,4.153,3.654,4.038,3.676,2.14,1.647,1.017,0.628,0.347,0.27,0.318,0.812,2.593,5.453,6.539,5.958,4.523,3.937,4.234,4.664,4.716,4.726,5.341,6.206,6.071,4.165,3.048,2.644,2.147,1.527,1.012,0.561,0.368,0.283,0.438,0.955,2.874,5.797,7.065,6.228,4.981,4.147,4.269,4.484,4.514,5.111,5.642,6.398,6.262,4.427,3.412,2.95,3.119,3.711,1.231
454,0.581,0.357,0.255,0.37,0.856,2.683,5.69,6.695,6.098,5.38,4.748,4.938,5.033,5.239,5.418,5.795,6.672,6.613,5.07,3.545,3.165,4.129,3.165,1.491,0.78,0.427,0.339,0.379,0.84,2.551,5.432,6.432,5.944,5.3,4.889,5.177,5.613,5.635,5.633,6.161,6.701,5.909,5.174,4.226,3.309,3.126,2.86,1.966,1.619,0.868,0.719,0.459,0.561,0.72,1.382,2.1,3.032,3.854,4.213,4.572,5.07,4.958,5.031,4.996,4.815,4.786,4.547,3.674,3.275,3.055,3.198,3.485,2.052,0.868,0.719,0.459,0.561,0.648,1.13,1.652,2.329,2.631,3.455,3.849,4.383,4.271,4.573,4.381,4.478,4.153,3.654,4.038,3.676,2.14,1.647,1.017,0.628,0.347,0.27,0.318,0.812,2.593,5.453,6.539,5.958,4.523,3.937,4.234,4.664,4.716,4.726,5.341,6.206,6.071,4.165,3.048,2.644,2.147,1.527,1.012,0.561,0.368,0.283,0.438,0.955,2.874,5.797,7.065,6.228,4.981,4.147,4.269,4.484,4.514,5.111,5.642,6.398,6.262,4.427,3.412,2.95,3.119,3.711,1.231,0.678,0.426,0.286,0.344,0.843,2.757,5.611,6.828,6.485,5.008,4.799,4.914,5.027,4.919,5.114,5.587,6.614,6.258,4.606,3.612,3.003,2.692,2.148,1.178
455,0.78,0.427,0.339,0.379,0.84,2.551,5.432,6.432,5.944,5.3,4.889,5.177,5.613,5.635,5.633,6.161,6.701,5.909,5.174,4.226,3.309,3.126,2.86,1.966,1.619,0.868,0.719,0.459,0.561,0.72,1.382,2.1,3.032,3.854,4.213,4.572,5.07,4.958,5.031,4.996,4.815,4.786,4.547,3.674,3.275,3.055,3.198,3.485,2.052,0.868,0.719,0.459,0.561,0.648,1.13,1.652,2.329,2.631,3.455,3.849,4.383,4.271,4.573,4.381,4.478,4.153,3.654,4.038,3.676,2.14,1.647,1.017,0.628,0.347,0.27,0.318,0.812,2.593,5.453,6.539,5.958,4.523,3.937,4.234,4.664,4.716,4.726,5.341,6.206,6.071,4.165,3.048,2.644,2.147,1.527,1.012,0.561,0.368,0.283,0.438,0.955,2.874,5.797,7.065,6.228,4.981,4.147,4.269,4.484,4.514,5.111,5.642,6.398,6.262,4.427,3.412,2.95,3.119,3.711,1.231,0.678,0.426,0.286,0.344,0.843,2.757,5.611,6.828,6.485,5.008,4.799,4.914,5.027,4.919,5.114,5.587,6.614,6.258,4.606,3.612,3.003,2.692,2.148,1.178,0.746,0.434,0.283,0.362,0.838,2.703,5.624,6.723,6.019,5.215,4.843,5.133,5.071,0.0,5.446,5.787,6.487,6.358,4.82,3.543,3.379,3.126,2.479,1.295
456,1.619,0.868,0.719,0.459,0.561,0.72,1.382,2.1,3.032,3.854,4.213,4.572,5.07,4.958,5.031,4.996,4.815,4.786,4.547,3.674,3.275,3.055,3.198,3.485,2.052,0.868,0.719,0.459,0.561,0.648,1.13,1.652,2.329,2.631,3.455,3.849,4.383,4.271,4.573,4.381,4.478,4.153,3.654,4.038,3.676,2.14,1.647,1.017,0.628,0.347,0.27,0.318,0.812,2.593,5.453,6.539,5.958,4.523,3.937,4.234,4.664,4.716,4.726,5.341,6.206,6.071,4.165,3.048,2.644,2.147,1.527,1.012,0.561,0.368,0.283,0.438,0.955,2.874,5.797,7.065,6.228,4.981,4.147,4.269,4.484,4.514,5.111,5.642,6.398,6.262,4.427,3.412,2.95,3.119,3.711,1.231,0.678,0.426,0.286,0.344,0.843,2.757,5.611,6.828,6.485,5.008,4.799,4.914,5.027,4.919,5.114,5.587,6.614,6.258,4.606,3.612,3.003,2.692,2.148,1.178,0.746,0.434,0.283,0.362,0.838,2.703,5.624,6.723,6.019,5.215,4.843,5.133,5.071,0.0,5.446,5.787,6.487,6.358,4.82,3.543,3.379,3.126,2.479,1.295,0.975,0.48,0.382,0.394,0.806,2.599,5.386,6.577,0.0,5.062,4.805,5.263,5.311,5.28,5.464,5.939,6.688,5.702,4.984,4.136,3.54,3.284,3.105,2.025
457,2.052,0.868,0.719,0.459,0.561,0.648,1.13,1.652,2.329,2.631,3.455,3.849,4.383,4.271,4.573,4.381,4.478,4.153,3.654,4.038,3.676,2.14,1.647,1.017,0.628,0.347,0.27,0.318,0.812,2.593,5.453,6.539,5.958,4.523,3.937,4.234,4.664,4.716,4.726,5.341,6.206,6.071,4.165,3.048,2.644,2.147,1.527,1.012,0.561,0.368,0.283,0.438,0.955,2.874,5.797,7.065,6.228,4.981,4.147,4.269,4.484,4.514,5.111,5.642,6.398,6.262,4.427,3.412,2.95,3.119,3.711,1.231,0.678,0.426,0.286,0.344,0.843,2.757,5.611,6.828,6.485,5.008,4.799,4.914,5.027,4.919,5.114,5.587,6.614,6.258,4.606,3.612,3.003,2.692,2.148,1.178,0.746,0.434,0.283,0.362,0.838,2.703,5.624,6.723,6.019,5.215,4.843,5.133,5.071,0.0,5.446,5.787,6.487,6.358,4.82,3.543,3.379,3.126,2.479,1.295,0.975,0.48,0.382,0.394,0.806,2.599,5.386,6.577,0.0,5.062,4.805,5.263,5.311,5.28,5.464,5.939,6.688,5.702,4.984,4.136,3.54,3.284,3.105,2.025,1.476,0.929,0.663,0.49,0.468,0.833,1.463,2.283,3.126,3.762,3.897,4.32,4.552,4.358,4.466,4.427,4.366,4.097,4.312,3.391,3.007,3.089,3.189,2.256
458,0.628,0.347,0.27,0.318,0.812,2.593,5.453,6.539,5.958,4.523,3.937,4.234,4.664,4.716,4.726,5.341,6.206,6.071,4.165,3.048,2.644,2.147,1.527,1.012,0.561,0.368,0.283,0.438,0.955,2.874,5.797,7.065,6.228,4.981,4.147,4.269,4.484,4.514,5.111,5.642,6.398,6.262,4.427,3.412,2.95,3.119,3.711,1.231,0.678,0.426,0.286,0.344,0.843,2.757,5.611,6.828,6.485,5.008,4.799,4.914,5.027,4.919,5.114,5.587,6.614,6.258,4.606,3.612,3.003,2.692,2.148,1.178,0.746,0.434,0.283,0.362,0.838,2.703,5.624,6.723,6.019,5.215,4.843,5.133,5.071,0.0,5.446,5.787,6.487,6.358,4.82,3.543,3.379,3.126,2.479,1.295,0.975,0.48,0.382,0.394,0.806,2.599,5.386,6.577,0.0,5.062,4.805,5.263,5.311,5.28,5.464,5.939,6.688,5.702,4.984,4.136,3.54,3.284,3.105,2.025,1.476,0.929,0.663,0.49,0.468,0.833,1.463,2.283,3.126,3.762,3.897,4.32,4.552,4.358,4.466,4.427,4.366,4.097,4.312,3.391,3.007,3.089,3.189,2.256,1.448,0.849,0.68,0.385,0.295,0.437,1.066,1.416,1.938,2.781,3.389,3.746,4.299,4.654,4.497,4.321,4.373,4.165,3.514,3.319,2.785,2.161,1.831,2.304
459,0.561,0.368,0.283,0.438,0.955,2.874,5.797,7.065,6.228,4.981,4.147,4.269,4.484,4.514,5.111,5.642,6.398,6.262,4.427,3.412,2.95,3.119,3.711,1.231,0.678,0.426,0.286,0.344,0.843,2.757,5.611,6.828,6.485,5.008,4.799,4.914,5.027,4.919,5.114,5.587,6.614,6.258,4.606,3.612,3.003,2.692,2.148,1.178,0.746,0.434,0.283,0.362,0.838,2.703,5.624,6.723,6.019,5.215,4.843,5.133,5.071,0.0,5.446,5.787,6.487,6.358,4.82,3.543,3.379,3.126,2.479,1.295,0.975,0.48,0.382,0.394,0.806,2.599,5.386,6.577,0.0,5.062,4.805,5.263,5.311,5.28,5.464,5.939,6.688,5.702,4.984,4.136,3.54,3.284,3.105,2.025,1.476,0.929,0.663,0.49,0.468,0.833,1.463,2.283,3.126,3.762,3.897,4.32,4.552,4.358,4.466,4.427,4.366,4.097,4.312,3.391,3.007,3.089,3.189,2.256,1.448,0.849,0.68,0.385,0.295,0.437,1.066,1.416,1.938,2.781,3.389,3.746,4.299,4.654,4.497,4.321,4.373,4.165,3.514,3.319,2.785,2.161,1.831,2.304,0.741,0.443,0.353,0.325,0.836,2.614,5.394,6.59,6.139,4.986,4.347,4.539,4.605,4.778,5.017,5.551,6.404,6.029,4.061,2.73,2.394,1.864,1.352,0.872
460,0.678,0.426,0.286,0.344,0.843,2.757,5.611,6.828,6.485,5.008,4.799,4.914,5.027,4.919,5.114,5.587,6.614,6.258,4.606,3.612,3.003,2.692,2.148,1.178,0.746,0.434,0.283,0.362,0.838,2.703,5.624,6.723,6.019,5.215,4.843,5.133,5.071,0.0,5.446,5.787,6.487,6.358,4.82,3.543,3.379,3.126,2.479,1.295,0.975,0.48,0.382,0.394,0.806,2.599,5.386,6.577,0.0,5.062,4.805,5.263,5.311,5.28,5.464,5.939,6.688,5.702,4.984,4.136,3.54,3.284,3.105,2.025,1.476,0.929,0.663,0.49,0.468,0.833,1.463,2.283,3.126,3.762,3.897,4.32,4.552,4.358,4.466,4.427,4.366,4.097,4.312,3.391,3.007,3.089,3.189,2.256,1.448,0.849,0.68,0.385,0.295,0.437,1.066,1.416,1.938,2.781,3.389,3.746,4.299,4.654,4.497,4.321,4.373,4.165,3.514,3.319,2.785,2.161,1.831,2.304,0.741,0.443,0.353,0.325,0.836,2.614,5.394,6.59,6.139,4.986,4.347,4.539,4.605,4.778,5.017,5.551,6.404,6.029,4.061,2.73,2.394,1.864,1.352,0.872,1.46,0.462,0.304,0.331,0.834,2.623,5.544,6.622,5.665,5.22,4.548,4.747,5.037,4.729,5.136,5.791,6.41,6.368,4.82,3.337,2.987,2.506,2.018,1.121
461,0.746,0.434,0.283,0.362,0.838,2.703,5.624,6.723,6.019,5.215,4.843,5.133,5.071,0.0,5.446,5.787,6.487,6.358,4.82,3.543,3.379,3.126,2.479,1.295,0.975,0.48,0.382,0.394,0.806,2.599,5.386,6.577,0.0,5.062,4.805,5.263,5.311,5.28,5.464,5.939,6.688,5.702,4.984,4.136,3.54,3.284,3.105,2.025,1.476,0.929,0.663,0.49,0.468,0.833,1.463,2.283,3.126,3.762,3.897,4.32,4.552,4.358,4.466,4.427,4.366,4.097,4.312,3.391,3.007,3.089,3.189,2.256,1.448,0.849,0.68,0.385,0.295,0.437,1.066,1.416,1.938,2.781,3.389,3.746,4.299,4.654,4.497,4.321,4.373,4.165,3.514,3.319,2.785,2.161,1.831,2.304,0.741,0.443,0.353,0.325,0.836,2.614,5.394,6.59,6.139,4.986,4.347,4.539,4.605,4.778,5.017,5.551,6.404,6.029,4.061,2.73,2.394,1.864,1.352,0.872,1.46,0.462,0.304,0.331,0.834,2.623,5.544,6.622,5.665,5.22,4.548,4.747,5.037,4.729,5.136,5.791,6.41,6.368,4.82,3.337,2.987,2.506,2.018,1.121,0.564,0.359,0.262,0.339,0.845,2.624,5.853,6.845,6.377,5.09,4.537,4.834,4.953,4.73,5.387,5.712,6.597,6.17,4.506,3.452,2.898,2.39,2.042,1.424
462,0.975,0.48,0.382,0.394,0.806,2.599,5.386,6.577,0.0,5.062,4.805,5.263,5.311,5.28,5.464,5.939,6.688,5.702,4.984,4.136,3.54,3.284,3.105,2.025,1.476,0.929,0.663,0.49,0.468,0.833,1.463,2.283,3.126,3.762,3.897,4.32,4.552,4.358,4.466,4.427,4.366,4.097,4.312,3.391,3.007,3.089,3.189,2.256,1.448,0.849,0.68,0.385,0.295,0.437,1.066,1.416,1.938,2.781,3.389,3.746,4.299,4.654,4.497,4.321,4.373,4.165,3.514,3.319,2.785,2.161,1.831,2.304,0.741,0.443,0.353,0.325,0.836,2.614,5.394,6.59,6.139,4.986,4.347,4.539,4.605,4.778,5.017,5.551,6.404,6.029,4.061,2.73,2.394,1.864,1.352,0.872,1.46,0.462,0.304,0.331,0.834,2.623,5.544,6.622,5.665,5.22,4.548,4.747,5.037,4.729,5.136,5.791,6.41,6.368,4.82,3.337,2.987,2.506,2.018,1.121,0.564,0.359,0.262,0.339,0.845,2.624,5.853,6.845,6.377,5.09,4.537,4.834,4.953,4.73,5.387,5.712,6.597,6.17,4.506,3.452,2.898,2.39,2.042,1.424,3.075,0.583,0.297,0.0,0.0,0.0,0.0,0.0,0.0,0.0,4.576,5.033,5.138,5.296,5.4,5.914,6.75,6.478,5.082,3.632,3.187,2.929,2.488,1.27
463,1.476,0.929,0.663,0.49,0.468,0.833,1.463,2.283,3.126,3.762,3.897,4.32,4.552,4.358,4.466,4.427,4.366,4.097,4.312,3.391,3.007,3.089,3.189,2.256,1.448,0.849,0.68,0.385,0.295,0.437,1.066,1.416,1.938,2.781,3.389,3.746,4.299,4.654,4.497,4.321,4.373,4.165,3.514,3.319,2.785,2.161,1.831,2.304,0.741,0.443,0.353,0.325,0.836,2.614,5.394,6.59,6.139,4.986,4.347,4.539,4.605,4.778,5.017,5.551,6.404,6.029,4.061,2.73,2.394,1.864,1.352,0.872,1.46,0.462,0.304,0.331,0.834,2.623,5.544,6.622,5.665,5.22,4.548,4.747,5.037,4.729,5.136,5.791,6.41,6.368,4.82,3.337,2.987,2.506,2.018,1.121,0.564,0.359,0.262,0.339,0.845,2.624,5.853,6.845,6.377,5.09,4.537,4.834,4.953,4.73,5.387,5.712,6.597,6.17,4.506,3.452,2.898,2.39,2.042,1.424,3.075,0.583,0.297,0.0,0.0,0.0,0.0,0.0,0.0,0.0,4.576,5.033,5.138,5.296,5.4,5.914,6.75,6.478,5.082,3.632,3.187,2.929,2.488,1.27,1.46,0.462,0.304,0.331,0.834,2.425,5.055,6.026,5.15,4.809,4.763,5.201,5.598,5.471,5.705,5.789,6.017,5.557,4.99,3.773,3.101,2.872,4.752,2.049
464,1.448,0.849,0.68,0.385,0.295,0.437,1.066,1.416,1.938,2.781,3.389,3.746,4.299,4.654,4.497,4.321,4.373,4.165,3.514,3.319,2.785,2.161,1.831,2.304,0.741,0.443,0.353,0.325,0.836,2.614,5.394,6.59,6.139,4.986,4.347,4.539,4.605,4.778,5.017,5.551,6.404,6.029,4.061,2.73,2.394,1.864,1.352,0.872,1.46,0.462,0.304,0.331,0.834,2.623,5.544,6.622,5.665,5.22,4.548,4.747,5.037,4.729,5.136,5.791,6.41,6.368,4.82,3.337,2.987,2.506,2.018,1.121,0.564,0.359,0.262,0.339,0.845,2.624,5.853,6.845,6.377,5.09,4.537,4.834,4.953,4.73,5.387,5.712,6.597,6.17,4.506,3.452,2.898,2.39,2.042,1.424,3.075,0.583,0.297,0.0,0.0,0.0,0.0,0.0,0.0,0.0,4.576,5.033,5.138,5.296,5.4,5.914,6.75,6.478,5.082,3.632,3.187,2.929,2.488,1.27,1.46,0.462,0.304,0.331,0.834,2.425,5.055,6.026,5.15,4.809,4.763,5.201,5.598,5.471,5.705,5.789,6.017,5.557,4.99,3.773,3.101,2.872,4.752,2.049,1.209,0.799,0.542,0.409,0.367,0.598,1.167,1.908,2.536,3.31,3.876,4.605,4.958,4.515,4.568,4.34,4.497,4.145,4.143,3.483,2.963,2.704,3.022,3.509
465,0.741,0.443,0.353,0.325,0.836,2.614,5.394,6.59,6.139,4.986,4.347,4.539,4.605,4.778,5.017,5.551,6.404,6.029,4.061,2.73,2.394,1.864,1.352,0.872,1.46,0.462,0.304,0.331,0.834,2.623,5.544,6.622,5.665,5.22,4.548,4.747,5.037,4.729,5.136,5.791,6.41,6.368,4.82,3.337,2.987,2.506,2.018,1.121,0.564,0.359,0.262,0.339,0.845,2.624,5.853,6.845,6.377,5.09,4.537,4.834,4.953,4.73,5.387,5.712,6.597,6.17,4.506,3.452,2.898,2.39,2.042,1.424,3.075,0.583,0.297,0.0,0.0,0.0,0.0,0.0,0.0,0.0,4.576,5.033,5.138,5.296,5.4,5.914,6.75,6.478,5.082,3.632,3.187,2.929,2.488,1.27,1.46,0.462,0.304,0.331,0.834,2.425,5.055,6.026,5.15,4.809,4.763,5.201,5.598,5.471,5.705,5.789,6.017,5.557,4.99,3.773,3.101,2.872,4.752,2.049,1.209,0.799,0.542,0.409,0.367,0.598,1.167,1.908,2.536,3.31,3.876,4.605,4.958,4.515,4.568,4.34,4.497,4.145,4.143,3.483,2.963,2.704,3.022,3.509,1.389,0.845,0.788,0.447,0.32,0.459,0.809,1.166,1.836,3.008,3.613,3.899,4.061,4.152,4.146,3.998,4.47,4.697,4.654,4.117,3.696,2.816,1.84,1.12
466,1.46,0.462,0.304,0.331,0.834,2.623,5.544,6.622,5.665,5.22,4.548,4.747,5.037,4.729,5.136,5.791,6.41,6.368,4.82,3.337,2.987,2.506,2.018,1.121,0.564,0.359,0.262,0.339,0.845,2.624,5.853,6.845,6.377,5.09,4.537,4.834,4.953,4.73,5.387,5.712,6.597,6.17,4.506,3.452,2.898,2.39,2.042,1.424,3.075,0.583,0.297,0.0,0.0,0.0,0.0,0.0,0.0,0.0,4.576,5.033,5.138,5.296,5.4,5.914,6.75,6.478,5.082,3.632,3.187,2.929,2.488,1.27,1.46,0.462,0.304,0.331,0.834,2.425,5.055,6.026,5.15,4.809,4.763,5.201,5.598,5.471,5.705,5.789,6.017,5.557,4.99,3.773,3.101,2.872,4.752,2.049,1.209,0.799,0.542,0.409,0.367,0.598,1.167,1.908,2.536,3.31,3.876,4.605,4.958,4.515,4.568,4.34,4.497,4.145,4.143,3.483,2.963,2.704,3.022,3.509,1.389,0.845,0.788,0.447,0.32,0.459,0.809,1.166,1.836,3.008,3.613,3.899,4.061,4.152,4.146,3.998,4.47,4.697,4.654,4.117,3.696,2.816,1.84,1.12,0.604,0.327,0.28,0.333,0.779,2.625,5.558,6.557,6.166,5.262,4.529,4.709,5.017,4.804,5.314,5.934,6.733,6.28,4.899,3.36,2.951,2.399,1.53,1.072
467,0.564,0.359,0.262,0.339,0.845,2.624,5.853,6.845,6.377,5.09,4.537,4.834,4.953,4.73,5.387,5.712,6.597,6.17,4.506,3.452,2.898,2.39,2.042,1.424,3.075,0.583,0.297,0.0,0.0,0.0,0.0,0.0,0.0,0.0,4.576,5.033,5.138,5.296,5.4,5.914,6.75,6.478,5.082,3.632,3.187,2.929,2.488,1.27,1.46,0.462,0.304,0.331,0.834,2.425,5.055,6.026,5.15,4.809,4.763,5.201,5.598,5.471,5.705,5.789,6.017,5.557,4.99,3.773,3.101,2.872,4.752,2.049,1.209,0.799,0.542,0.409,0.367,0.598,1.167,1.908,2.536,3.31,3.876,4.605,4.958,4.515,4.568,4.34,4.497,4.145,4.143,3.483,2.963,2.704,3.022,3.509,1.389,0.845,0.788,0.447,0.32,0.459,0.809,1.166,1.836,3.008,3.613,3.899,4.061,4.152,4.146,3.998,4.47,4.697,4.654,4.117,3.696,2.816,1.84,1.12,0.604,0.327,0.28,0.333,0.779,2.625,5.558,6.557,6.166,5.262,4.529,4.709,5.017,4.804,5.314,5.934,6.733,6.28,4.899,3.36,2.951,2.399,1.53,1.072,0.596,0.362,0.263,0.315,0.814,2.763,5.831,6.571,5.33,5.228,4.352,4.634,5.009,4.886,5.182,5.855,6.907,6.445,4.666,3.584,3.226,2.533,1.706,1.077
468,3.075,0.583,0.297,0.0,0.0,0.0,0.0,0.0,0.0,0.0,4.576,5.033,5.138,5.296,5.4,5.914,6.75,6.478,5.082,3.632,3.187,2.929,2.488,1.27,1.46,0.462,0.304,0.331,0.834,2.425,5.055,6.026,5.15,4.809,4.763,5.201,5.598,5.471,5.705,5.789,6.017,5.557,4.99,3.773,3.101,2.872,4.752,2.049,1.209,0.799,0.542,0.409,0.367,0.598,1.167,1.908,2.536,3.31,3.876,4.605,4.958,4.515,4.568,4.34,4.497,4.145,4.143,3.483,2.963,2.704,3.022,3.509,1.389,0.845,0.788,0.447,0.32,0.459,0.809,1.166,1.836,3.008,3.613,3.899,4.061,4.152,4.146,3.998,4.47,4.697,4.654,4.117,3.696,2.816,1.84,1.12,0.604,0.327,0.28,0.333,0.779,2.625,5.558,6.557,6.166,5.262,4.529,4.709,5.017,4.804,5.314,5.934,6.733,6.28,4.899,3.36,2.951,2.399,1.53,1.072,0.596,0.362,0.263,0.315,0.814,2.763,5.831,6.571,5.33,5.228,4.352,4.634,5.009,4.886,5.182,5.855,6.907,6.445,4.666,3.584,3.226,2.533,1.706,1.077,0.667,0.401,0.274,0.351,0.835,2.759,5.869,6.123,5.889,5.298,4.599,4.906,4.958,5.013,5.362,5.875,6.544,6.192,4.536,3.189,2.826,2.356,1.693,1.083
469,1.46,0.462,0.304,0.331,0.834,2.425,5.055,6.026,5.15,4.809,4.763,5.201,5.598,5.471,5.705,5.789,6.017,5.557,4.99,3.773,3.101,2.872,4.752,2.049,1.209,0.799,0.542,0.409,0.367,0.598,1.167,1.908,2.536,3.31,3.876,4.605,4.958,4.515,4.568,4.34,4.497,4.145,4.143,3.483,2.963,2.704,3.022,3.509,1.389,0.845,0.788,0.447,0.32,0.459,0.809,1.166,1.836,3.008,3.613,3.899,4.061,4.152,4.146,3.998,4.47,4.697,4.654,4.117,3.696,2.816,1.84,1.12,0.604,0.327,0.28,0.333,0.779,2.625,5.558,6.557,6.166,5.262,4.529,4.709,5.017,4.804,5.314,5.934,6.733,6.28,4.899,3.36,2.951,2.399,1.53,1.072,0.596,0.362,0.263,0.315,0.814,2.763,5.831,6.571,5.33,5.228,4.352,4.634,5.009,4.886,5.182,5.855,6.907,6.445,4.666,3.584,3.226,2.533,1.706,1.077,0.667,0.401,0.274,0.351,0.835,2.759,5.869,6.123,5.889,5.298,4.599,4.906,4.958,5.013,5.362,5.875,6.544,6.192,4.536,3.189,2.826,2.356,1.693,1.083,0.592,0.361,0.257,0.327,0.84,2.7,5.641,6.47,5.858,5.226,4.667,5.023,5.099,5.104,5.496,5.949,6.925,6.457,4.832,3.755,3.29,3.062,2.125,1.35
470,1.209,0.799,0.542,0.409,0.367,0.598,1.167,1.908,2.536,3.31,3.876,4.605,4.958,4.515,4.568,4.34,4.497,4.145,4.143,3.483,2.963,2.704,3.022,3.509,1.389,0.845,0.788,0.447,0.32,0.459,0.809,1.166,1.836,3.008,3.613,3.899,4.061,4.152,4.146,3.998,4.47,4.697,4.654,4.117,3.696,2.816,1.84,1.12,0.604,0.327,0.28,0.333,0.779,2.625,5.558,6.557,6.166,5.262,4.529,4.709,5.017,4.804,5.314,5.934,6.733,6.28,4.899,3.36,2.951,2.399,1.53,1.072,0.596,0.362,0.263,0.315,0.814,2.763,5.831,6.571,5.33,5.228,4.352,4.634,5.009,4.886,5.182,5.855,6.907,6.445,4.666,3.584,3.226,2.533,1.706,1.077,0.667,0.401,0.274,0.351,0.835,2.759,5.869,6.123,5.889,5.298,4.599,4.906,4.958,5.013,5.362,5.875,6.544,6.192,4.536,3.189,2.826,2.356,1.693,1.083,0.592,0.361,0.257,0.327,0.84,2.7,5.641,6.47,5.858,5.226,4.667,5.023,5.099,5.104,5.496,5.949,6.925,6.457,4.832,3.755,3.29,3.062,2.125,1.35,0.778,0.444,0.331,0.382,0.808,2.638,5.57,6.703,6.237,4.993,4.729,5.24,5.329,5.127,5.424,5.993,6.493,6.058,5.049,3.959,3.507,3.549,3.058,3.193
471,1.389,0.845,0.788,0.447,0.32,0.459,0.809,1.166,1.836,3.008,3.613,3.899,4.061,4.152,4.146,3.998,4.47,4.697,4.654,4.117,3.696,2.816,1.84,1.12,0.604,0.327,0.28,0.333,0.779,2.625,5.558,6.557,6.166,5.262,4.529,4.709,5.017,4.804,5.314,5.934,6.733,6.28,4.899,3.36,2.951,2.399,1.53,1.072,0.596,0.362,0.263,0.315,0.814,2.763,5.831,6.571,5.33,5.228,4.352,4.634,5.009,4.886,5.182,5.855,6.907,6.445,4.666,3.584,3.226,2.533,1.706,1.077,0.667,0.401,0.274,0.351,0.835,2.759,5.869,6.123,5.889,5.298,4.599,4.906,4.958,5.013,5.362,5.875,6.544,6.192,4.536,3.189,2.826,2.356,1.693,1.083,0.592,0.361,0.257,0.327,0.84,2.7,5.641,6.47,5.858,5.226,4.667,5.023,5.099,5.104,5.496,5.949,6.925,6.457,4.832,3.755,3.29,3.062,2.125,1.35,0.778,0.444,0.331,0.382,0.808,2.638,5.57,6.703,6.237,4.993,4.729,5.24,5.329,5.127,5.424,5.993,6.493,6.058,5.049,3.959,3.507,3.549,3.058,3.193,1.638,0.998,0.698,0.514,0.5,0.854,1.581,2.588,3.66,4.121,4.354,4.979,5.891,5.422,4.904,4.732,4.436,5.024,5.581,3.813,3.389,3.209,3.055,2.163
472,0.604,0.327,0.28,0.333,0.779,2.625,5.558,6.557,6.166,5.262,4.529,4.709,5.017,4.804,5.314,5.934,6.733,6.28,4.899,3.36,2.951,2.399,1.53,1.072,0.596,0.362,0.263,0.315,0.814,2.763,5.831,6.571,5.33,5.228,4.352,4.634,5.009,4.886,5.182,5.855,6.907,6.445,4.666,3.584,3.226,2.533,1.706,1.077,0.667,0.401,0.274,0.351,0.835,2.759,5.869,6.123,5.889,5.298,4.599,4.906,4.958,5.013,5.362,5.875,6.544,6.192,4.536,3.189,2.826,2.356,1.693,1.083,0.592,0.361,0.257,0.327,0.84,2.7,5.641,6.47,5.858,5.226,4.667,5.023,5.099,5.104,5.496,5.949,6.925,6.457,4.832,3.755,3.29,3.062,2.125,1.35,0.778,0.444,0.331,0.382,0.808,2.638,5.57,6.703,6.237,4.993,4.729,5.24,5.329,5.127,5.424,5.993,6.493,6.058,5.049,3.959,3.507,3.549,3.058,3.193,1.638,0.998,0.698,0.514,0.5,0.854,1.581,2.588,3.66,4.121,4.354,4.979,5.891,5.422,4.904,4.732,4.436,5.024,5.581,3.813,3.389,3.209,3.055,2.163,1.378,0.867,0.684,0.41,0.353,0.472,0.809,1.283,2.159,3.059,3.849,4.48,4.907,4.792,4.519,4.488,4.769,4.238,3.722,3.123,2.848,2.626,1.717,1.031
473,0.596,0.362,0.263,0.315,0.814,2.763,5.831,6.571,5.33,5.228,4.352,4.634,5.009,4.886,5.182,5.855,6.907,6.445,4.666,3.584,3.226,2.533,1.706,1.077,0.667,0.401,0.274,0.351,0.835,2.759,5.869,6.123,5.889,5.298,4.599,4.906,4.958,5.013,5.362,5.875,6.544,6.192,4.536,3.189,2.826,2.356,1.693,1.083,0.592,0.361,0.257,0.327,0.84,2.7,5.641,6.47,5.858,5.226,4.667,5.023,5.099,5.104,5.496,5.949,6.925,6.457,4.832,3.755,3.29,3.062,2.125,1.35,0.778,0.444,0.331,0.382,0.808,2.638,5.57,6.703,6.237,4.993,4.729,5.24,5.329,5.127,5.424,5.993,6.493,6.058,5.049,3.959,3.507,3.549,3.058,3.193,1.638,0.998,0.698,0.514,0.5,0.854,1.581,2.588,3.66,4.121,4.354,4.979,5.891,5.422,4.904,4.732,4.436,5.024,5.581,3.813,3.389,3.209,3.055,2.163,1.378,0.867,0.684,0.41,0.353,0.472,0.809,1.283,2.159,3.059,3.849,4.48,4.907,4.792,4.519,4.488,4.769,4.238,3.722,3.123,2.848,2.626,1.717,1.031,0.58,0.353,0.263,0.343,0.836,2.738,5.772,6.83,6.369,5.111,4.457,4.548,4.66,4.548,4.934,5.456,6.554,6.046,4.501,3.243,2.773,2.357,1.559,0.981
474,0.667,0.401,0.274,0.351,0.835,2.759,5.869,6.123,5.889,5.298,4.599,4.906,4.958,5.013,5.362,5.875,6.544,6.192,4.536,3.189,2.826,2.356,1.693,1.083,0.592,0.361,0.257,0.327,0.84,2.7,5.641,6.47,5.858,5.226,4.667,5.023,5.099,5.104,5.496,5.949,6.925,6.457,4.832,3.755,3.29,3.062,2.125,1.35,0.778,0.444,0.331,0.382,0.808,2.638,5.57,6.703,6.237,4.993,4.729,5.24,5.329,5.127,5.424,5.993,6.493,6.058,5.049,3.959,3.507,3.549,3.058,3.193,1.638,0.998,0.698,0.514,0.5,0.854,1.581,2.588,3.66,4.121,4.354,4.979,5.891,5.422,4.904,4.732,4.436,5.024,5.581,3.813,3.389,3.209,3.055,2.163,1.378,0.867,0.684,0.41,0.353,0.472,0.809,1.283,2.159,3.059,3.849,4.48,4.907,4.792,4.519,4.488,4.769,4.238,3.722,3.123,2.848,2.626,1.717,1.031,0.58,0.353,0.263,0.343,0.836,2.738,5.772,6.83,6.369,5.111,4.457,4.548,4.66,4.548,4.934,5.456,6.554,6.046,4.501,3.243,2.773,2.357,1.559,0.981,0.551,0.351,0.251,0.312,0.836,2.793,5.617,6.781,6.318,5.217,4.654,4.712,4.982,4.782,5.107,5.648,6.376,5.971,4.537,3.193,2.731,2.164,1.688,1.034
475,0.592,0.361,0.257,0.327,0.84,2.7,5.641,6.47,5.858,5.226,4.667,5.023,5.099,5.104,5.496,5.949,6.925,6.457,4.832,3.755,3.29,3.062,2.125,1.35,0.778,0.444,0.331,0.382,0.808,2.638,5.57,6.703,6.237,4.993,4.729,5.24,5.329,5.127,5.424,5.993,6.493,6.058,5.049,3.959,3.507,3.549,3.058,3.193,1.638,0.998,0.698,0.514,0.5,0.854,1.581,2.588,3.66,4.121,4.354,4.979,5.891,5.422,4.904,4.732,4.436,5.024,5.581,3.813,3.389,3.209,3.055,2.163,1.378,0.867,0.684,0.41,0.353,0.472,0.809,1.283,2.159,3.059,3.849,4.48,4.907,4.792,4.519,4.488,4.769,4.238,3.722,3.123,2.848,2.626,1.717,1.031,0.58,0.353,0.263,0.343,0.836,2.738,5.772,6.83,6.369,5.111,4.457,4.548,4.66,4.548,4.934,5.456,6.554,6.046,4.501,3.243,2.773,2.357,1.559,0.981,0.551,0.351,0.251,0.312,0.836,2.793,5.617,6.781,6.318,5.217,4.654,4.712,4.982,4.782,5.107,5.648,6.376,5.971,4.537,3.193,2.731,2.164,1.688,1.034,0.582,0.349,0.286,0.344,0.826,2.775,5.27,5.932,5.335,5.583,4.454,4.824,4.973,4.912,5.207,5.878,6.723,6.252,4.631,3.439,2.768,2.494,1.948,1.062
476,0.778,0.444,0.331,0.382,0.808,2.638,5.57,6.703,6.237,4.993,4.729,5.24,5.329,5.127,5.424,5.993,6.493,6.058,5.049,3.959,3.507,3.549,3.058,3.193,1.638,0.998,0.698,0.514,0.5,0.854,1.581,2.588,3.66,4.121,4.354,4.979,5.891,5.422,4.904,4.732,4.436,5.024,5.581,3.813,3.389,3.209,3.055,2.163,1.378,0.867,0.684,0.41,0.353,0.472,0.809,1.283,2.159,3.059,3.849,4.48,4.907,4.792,4.519,4.488,4.769,4.238,3.722,3.123,2.848,2.626,1.717,1.031,0.58,0.353,0.263,0.343,0.836,2.738,5.772,6.83,6.369,5.111,4.457,4.548,4.66,4.548,4.934,5.456,6.554,6.046,4.501,3.243,2.773,2.357,1.559,0.981,0.551,0.351,0.251,0.312,0.836,2.793,5.617,6.781,6.318,5.217,4.654,4.712,4.982,4.782,5.107,5.648,6.376,5.971,4.537,3.193,2.731,2.164,1.688,1.034,0.582,0.349,0.286,0.344,0.826,2.775,5.27,5.932,5.335,5.583,4.454,4.824,4.973,4.912,5.207,5.878,6.723,6.252,4.631,3.439,2.768,2.494,1.948,1.062,0.59,0.362,0.251,0.364,0.848,2.788,5.61,6.302,5.826,5.75,4.625,5.054,5.065,5.248,5.263,6.015,6.957,6.557,4.821,3.799,3.147,3.115,2.065,1.671
477,1.638,0.998,0.698,0.514,0.5,0.854,1.581,2.588,3.66,4.121,4.354,4.979,5.891,5.422,4.904,4.732,4.436,5.024,5.581,3.813,3.389,3.209,3.055,2.163,1.378,0.867,0.684,0.41,0.353,0.472,0.809,1.283,2.159,3.059,3.849,4.48,4.907,4.792,4.519,4.488,4.769,4.238,3.722,3.123,2.848,2.626,1.717,1.031,0.58,0.353,0.263,0.343,0.836,2.738,5.772,6.83,6.369,5.111,4.457,4.548,4.66,4.548,4.934,5.456,6.554,6.046,4.501,3.243,2.773,2.357,1.559,0.981,0.551,0.351,0.251,0.312,0.836,2.793,5.617,6.781,6.318,5.217,4.654,4.712,4.982,4.782,5.107,5.648,6.376,5.971,4.537,3.193,2.731,2.164,1.688,1.034,0.582,0.349,0.286,0.344,0.826,2.775,5.27,5.932,5.335,5.583,4.454,4.824,4.973,4.912,5.207,5.878,6.723,6.252,4.631,3.439,2.768,2.494,1.948,1.062,0.59,0.362,0.251,0.364,0.848,2.788,5.61,6.302,5.826,5.75,4.625,5.054,5.065,5.248,5.263,6.015,6.957,6.557,4.821,3.799,3.147,3.115,2.065,1.671,0.796,0.498,0.428,0.477,0.865,2.77,5.739,6.882,6.092,5.316,5.005,5.268,5.602,5.345,5.727,6.137,6.495,6.152,5.206,4.089,3.454,3.294,2.916,2.547
478,1.378,0.867,0.684,0.41,0.353,0.472,0.809,1.283,2.159,3.059,3.849,4.48,4.907,4.792,4.519,4.488,4.769,4.238,3.722,3.123,2.848,2.626,1.717,1.031,0.58,0.353,0.263,0.343,0.836,2.738,5.772,6.83,6.369,5.111,4.457,4.548,4.66,4.548,4.934,5.456,6.554,6.046,4.501,3.243,2.773,2.357,1.559,0.981,0.551,0.351,0.251,0.312,0.836,2.793,5.617,6.781,6.318,5.217,4.654,4.712,4.982,4.782,5.107,5.648,6.376,5.971,4.537,3.193,2.731,2.164,1.688,1.034,0.582,0.349,0.286,0.344,0.826,2.775,5.27,5.932,5.335,5.583,4.454,4.824,4.973,4.912,5.207,5.878,6.723,6.252,4.631,3.439,2.768,2.494,1.948,1.062,0.59,0.362,0.251,0.364,0.848,2.788,5.61,6.302,5.826,5.75,4.625,5.054,5.065,5.248,5.263,6.015,6.957,6.557,4.821,3.799,3.147,3.115,2.065,1.671,0.796,0.498,0.428,0.477,0.865,2.77,5.739,6.882,6.092,5.316,5.005,5.268,5.602,5.345,5.727,6.137,6.495,6.152,5.206,4.089,3.454,3.294,2.916,2.547,1.503,0.842,0.573,0.429,0.374,0.776,1.475,2.609,3.622,4.179,4.489,4.917,5.252,4.857,5.235,4.981,4.874,4.974,4.725,3.815,3.263,3.16,2.99,2.191
479,0.58,0.353,0.263,0.343,0.836,2.738,5.772,6.83,6.369,5.111,4.457,4.548,4.66,4.548,4.934,5.456,6.554,6.046,4.501,3.243,2.773,2.357,1.559,0.981,0.551,0.351,0.251,0.312,0.836,2.793,5.617,6.781,6.318,5.217,4.654,4.712,4.982,4.782,5.107,5.648,6.376,5.971,4.537,3.193,2.731,2.164,1.688,1.034,0.582,0.349,0.286,0.344,0.826,2.775,5.27,5.932,5.335,5.583,4.454,4.824,4.973,4.912,5.207,5.878,6.723,6.252,4.631,3.439,2.768,2.494,1.948,1.062,0.59,0.362,0.251,0.364,0.848,2.788,5.61,6.302,5.826,5.75,4.625,5.054,5.065,5.248,5.263,6.015,6.957,6.557,4.821,3.799,3.147,3.115,2.065,1.671,0.796,0.498,0.428,0.477,0.865,2.77,5.739,6.882,6.092,5.316,5.005,5.268,5.602,5.345,5.727,6.137,6.495,6.152,5.206,4.089,3.454,3.294,2.916,2.547,1.503,0.842,0.573,0.429,0.374,0.776,1.475,2.609,3.622,4.179,4.489,4.917,5.252,4.857,5.235,4.981,4.874,4.974,4.725,3.815,3.263,3.16,2.99,2.191,1.36,0.869,0.628,0.358,0.319,0.443,0.875,1.331,2.104,2.887,3.489,3.947,4.119,4.622,4.566,4.444,4.38,4.196,3.584,2.951,2.478,2.118,1.575,0.916
480,0.551,0.351,0.251,0.312,0.836,2.793,5.617,6.781,6.318,5.217,4.654,4.712,4.982,4.782,5.107,5.648,6.376,5.971,4.537,3.193,2.731,2.164,1.688,1.034,0.582,0.349,0.286,0.344,0.826,2.775,5.27,5.932,5.335,5.583,4.454,4.824,4.973,4.912,5.207,5.878,6.723,6.252,4.631,3.439,2.768,2.494,1.948,1.062,0.59,0.362,0.251,0.364,0.848,2.788,5.61,6.302,5.826,5.75,4.625,5.054,5.065,5.248,5.263,6.015,6.957,6.557,4.821,3.799,3.147,3.115,2.065,1.671,0.796,0.498,0.428,0.477,0.865,2.77,5.739,6.882,6.092,5.316,5.005,5.268,5.602,5.345,5.727,6.137,6.495,6.152,5.206,4.089,3.454,3.294,2.916,2.547,1.503,0.842,0.573,0.429,0.374,0.776,1.475,2.609,3.622,4.179,4.489,4.917,5.252,4.857,5.235,4.981,4.874,4.974,4.725,3.815,3.263,3.16,2.99,2.191,1.36,0.869,0.628,0.358,0.319,0.443,0.875,1.331,2.104,2.887,3.489,3.947,4.119,4.622,4.566,4.444,4.38,4.196,3.584,2.951,2.478,2.118,1.575,0.916,0.53,0.362,0.245,0.312,0.792,2.732,5.444,6.293,5.933,4.853,4.457,4.535,4.711,4.691,4.877,5.258,5.904,5.571,4.386,3.086,2.481,2.308,2.049,1.051
481,0.582,0.349,0.286,0.344,0.826,2.775,5.27,5.932,5.335,5.583,4.454,4.824,4.973,4.912,5.207,5.878,6.723,6.252,4.631,3.439,2.768,2.494,1.948,1.062,0.59,0.362,0.251,0.364,0.848,2.788,5.61,6.302,5.826,5.75,4.625,5.054,5.065,5.248,5.263,6.015,6.957,6.557,4.821,3.799,3.147,3.115,2.065,1.671,0.796,0.498,0.428,0.477,0.865,2.77,5.739,6.882,6.092,5.316,5.005,5.268,5.602,5.345,5.727,6.137,6.495,6.152,5.206,4.089,3.454,3.294,2.916,2.547,1.503,0.842,0.573,0.429,0.374,0.776,1.475,2.609,3.622,4.179,4.489,4.917,5.252,4.857,5.235,4.981,4.874,4.974,4.725,3.815,3.263,3.16,2.99,2.191,1.36,0.869,0.628,0.358,0.319,0.443,0.875,1.331,2.104,2.887,3.489,3.947,4.119,4.622,4.566,4.444,4.38,4.196,3.584,2.951,2.478,2.118,1.575,0.916,0.53,0.362,0.245,0.312,0.792,2.732,5.444,6.293,5.933,4.853,4.457,4.535,4.711,4.691,4.877,5.258,5.904,5.571,4.386,3.086,2.481,2.308,2.049,1.051,0.55,0.363,0.242,0.333,0.854,2.858,6.022,7.126,6.089,5.17,4.72,4.711,4.693,4.83,5.317,5.863,6.65,6.274,4.771,3.504,3.038,2.683,1.83,1.315
482,0.59,0.362,0.251,0.364,0.848,2.788,5.61,6.302,5.826,5.75,4.625,5.054,5.065,5.248,5.263,6.015,6.957,6.557,4.821,3.799,3.147,3.115,2.065,1.671,0.796,0.498,0.428,0.477,0.865,2.77,5.739,6.882,6.092,5.316,5.005,5.268,5.602,5.345,5.727,6.137,6.495,6.152,5.206,4.089,3.454,3.294,2.916,2.547,1.503,0.842,0.573,0.429,0.374,0.776,1.475,2.609,3.622,4.179,4.489,4.917,5.252,4.857,5.235,4.981,4.874,4.974,4.725,3.815,3.263,3.16,2.99,2.191,1.36,0.869,0.628,0.358,0.319,0.443,0.875,1.331,2.104,2.887,3.489,3.947,4.119,4.622,4.566,4.444,4.38,4.196,3.584,2.951,2.478,2.118,1.575,0.916,0.53,0.362,0.245,0.312,0.792,2.732,5.444,6.293,5.933,4.853,4.457,4.535,4.711,4.691,4.877,5.258,5.904,5.571,4.386,3.086,2.481,2.308,2.049,1.051,0.55,0.363,0.242,0.333,0.854,2.858,6.022,7.126,6.089,5.17,4.72,4.711,4.693,4.83,5.317,5.863,6.65,6.274,4.771,3.504,3.038,2.683,1.83,1.315,0.74,0.466,0.346,0.463,1.057,2.97,6.054,6.23,4.922,5.531,4.845,4.83,5.035,5.069,5.094,5.856,6.754,6.467,4.936,3.626,3.144,2.556,2.118,1.118
483,0.796,0.498,0.428,0.477,0.865,2.77,5.739,6.882,6.092,5.316,5.005,5.268,5.602,5.345,5.727,6.137,6.495,6.152,5.206,4.089,3.454,3.294,2.916,2.547,1.503,0.842,0.573,0.429,0.374,0.776,1.475,2.609,3.622,4.179,4.489,4.917,5.252,4.857,5.235,4.981,4.874,4.974,4.725,3.815,3.263,3.16,2.99,2.191,1.36,0.869,0.628,0.358,0.319,0.443,0.875,1.331,2.104,2.887,3.489,3.947,4.119,4.622,4.566,4.444,4.38,4.196,3.584,2.951,2.478,2.118,1.575,0.916,0.53,0.362,0.245,0.312,0.792,2.732,5.444,6.293,5.933,4.853,4.457,4.535,4.711,4.691,4.877,5.258,5.904,5.571,4.386,3.086,2.481,2.308,2.049,1.051,0.55,0.363,0.242,0.333,0.854,2.858,6.022,7.126,6.089,5.17,4.72,4.711,4.693,4.83,5.317,5.863,6.65,6.274,4.771,3.504,3.038,2.683,1.83,1.315,0.74,0.466,0.346,0.463,1.057,2.97,6.054,6.23,4.922,5.531,4.845,4.83,5.035,5.069,5.094,5.856,6.754,6.467,4.936,3.626,3.144,2.556,2.118,1.118,0.574,0.384,0.287,0.368,0.913,2.786,5.941,6.479,5.847,5.846,4.884,5.093,5.118,5.097,5.559,5.931,6.736,6.402,4.989,3.799,3.361,2.774,2.393,1.316
484,1.503,0.842,0.573,0.429,0.374,0.776,1.475,2.609,3.622,4.179,4.489,4.917,5.252,4.857,5.235,4.981,4.874,4.974,4.725,3.815,3.263,3.16,2.99,2.191,1.36,0.869,0.628,0.358,0.319,0.443,0.875,1.331,2.104,2.887,3.489,3.947,4.119,4.622,4.566,4.444,4.38,4.196,3.584,2.951,2.478,2.118,1.575,0.916,0.53,0.362,0.245,0.312,0.792,2.732,5.444,6.293,5.933,4.853,4.457,4.535,4.711,4.691,4.877,5.258,5.904,5.571,4.386,3.086,2.481,2.308,2.049,1.051,0.55,0.363,0.242,0.333,0.854,2.858,6.022,7.126,6.089,5.17,4.72,4.711,4.693,4.83,5.317,5.863,6.65,6.274,4.771,3.504,3.038,2.683,1.83,1.315,0.74,0.466,0.346,0.463,1.057,2.97,6.054,6.23,4.922,5.531,4.845,4.83,5.035,5.069,5.094,5.856,6.754,6.467,4.936,3.626,3.144,2.556,2.118,1.118,0.574,0.384,0.287,0.368,0.913,2.786,5.941,6.479,5.847,5.846,4.884,5.093,5.118,5.097,5.559,5.931,6.736,6.402,4.989,3.799,3.361,2.774,2.393,1.316,0.739,0.455,0.293,0.397,0.791,2.743,5.518,6.153,5.868,5.186,4.861,5.341,5.232,5.301,5.4,6.01,6.528,5.814,5.062,4.037,3.502,3.635,3.164,2.042
485,1.36,0.869,0.628,0.358,0.319,0.443,0.875,1.331,2.104,2.887,3.489,3.947,4.119,4.622,4.566,4.444,4.38,4.196,3.584,2.951,2.478,2.118,1.575,0.916,0.53,0.362,0.245,0.312,0.792,2.732,5.444,6.293,5.933,4.853,4.457,4.535,4.711,4.691,4.877,5.258,5.904,5.571,4.386,3.086,2.481,2.308,2.049,1.051,0.55,0.363,0.242,0.333,0.854,2.858,6.022,7.126,6.089,5.17,4.72,4.711,4.693,4.83,5.317,5.863,6.65,6.274,4.771,3.504,3.038,2.683,1.83,1.315,0.74,0.466,0.346,0.463,1.057,2.97,6.054,6.23,4.922,5.531,4.845,4.83,5.035,5.069,5.094,5.856,6.754,6.467,4.936,3.626,3.144,2.556,2.118,1.118,0.574,0.384,0.287,0.368,0.913,2.786,5.941,6.479,5.847,5.846,4.884,5.093,5.118,5.097,5.559,5.931,6.736,6.402,4.989,3.799,3.361,2.774,2.393,1.316,0.739,0.455,0.293,0.397,0.791,2.743,5.518,6.153,5.868,5.186,4.861,5.341,5.232,5.301,5.4,6.01,6.528,5.814,5.062,4.037,3.502,3.635,3.164,2.042,1.418,1.314,0.882,0.511,0.481,0.787,1.585,2.328,3.565,4.105,4.389,4.613,5.196,5.236,4.908,5.158,4.894,4.545,4.487,3.938,3.543,3.361,3.424,2.308
486,0.53,0.362,0.245,0.312,0.792,2.732,5.444,6.293,5.933,4.853,4.457,4.535,4.711,4.691,4.877,5.258,5.904,5.571,4.386,3.086,2.481,2.308,2.049,1.051,0.55,0.363,0.242,0.333,0.854,2.858,6.022,7.126,6.089,5.17,4.72,4.711,4.693,4.83,5.317,5.863,6.65,6.274,4.771,3.504,3.038,2.683,1.83,1.315,0.74,0.466,0.346,0.463,1.057,2.97,6.054,6.23,4.922,5.531,4.845,4.83,5.035,5.069,5.094,5.856,6.754,6.467,4.936,3.626,3.144,2.556,2.118,1.118,0.574,0.384,0.287,0.368,0.913,2.786,5.941,6.479,5.847,5.846,4.884,5.093,5.118,5.097,5.559,5.931,6.736,6.402,4.989,3.799,3.361,2.774,2.393,1.316,0.739,0.455,0.293,0.397,0.791,2.743,5.518,6.153,5.868,5.186,4.861,5.341,5.232,5.301,5.4,6.01,6.528,5.814,5.062,4.037,3.502,3.635,3.164,2.042,1.418,1.314,0.882,0.511,0.481,0.787,1.585,2.328,3.565,4.105,4.389,4.613,5.196,5.236,4.908,5.158,4.894,4.545,4.487,3.938,3.543,3.361,3.424,2.308,1.892,1.324,0.683,0.443,0.396,0.578,1.129,1.435,2.268,3.27,4.239,4.749,5.097,4.541,4.541,4.548,4.491,4.478,3.991,3.342,2.94,2.418,1.624,1.108
487,0.55,0.363,0.242,0.333,0.854,2.858,6.022,7.126,6.089,5.17,4.72,4.711,4.693,4.83,5.317,5.863,6.65,6.274,4.771,3.504,3.038,2.683,1.83,1.315,0.74,0.466,0.346,0.463,1.057,2.97,6.054,6.23,4.922,5.531,4.845,4.83,5.035,5.069,5.094,5.856,6.754,6.467,4.936,3.626,3.144,2.556,2.118,1.118,0.574,0.384,0.287,0.368,0.913,2.786,5.941,6.479,5.847,5.846,4.884,5.093,5.118,5.097,5.559,5.931,6.736,6.402,4.989,3.799,3.361,2.774,2.393,1.316,0.739,0.455,0.293,0.397,0.791,2.743,5.518,6.153,5.868,5.186,4.861,5.341,5.232,5.301,5.4,6.01,6.528,5.814,5.062,4.037,3.502,3.635,3.164,2.042,1.418,1.314,0.882,0.511,0.481,0.787,1.585,2.328,3.565,4.105,4.389,4.613,5.196,5.236,4.908,5.158,4.894,4.545,4.487,3.938,3.543,3.361,3.424,2.308,1.892,1.324,0.683,0.443,0.396,0.578,1.129,1.435,2.268,3.27,4.239,4.749,5.097,4.541,4.541,4.548,4.491,4.478,3.991,3.342,2.94,2.418,1.624,1.108,0.625,0.374,0.281,0.334,0.83,2.829,5.839,6.752,5.729,4.713,4.384,4.623,4.609,4.822,5.048,5.521,6.364,5.703,4.375,3.168,2.729,2.201,1.508,0.955
488,0.74,0.466,0.346,0.463,1.057,2.97,6.054,6.23,4.922,5.531,4.845,4.83,5.035,5.069,5.094,5.856,6.754,6.467,4.936,3.626,3.144,2.556,2.118,1.118,0.574,0.384,0.287,0.368,0.913,2.786,5.941,6.479,5.847,5.846,4.884,5.093,5.118,5.097,5.559,5.931,6.736,6.402,4.989,3.799,3.361,2.774,2.393,1.316,0.739,0.455,0.293,0.397,0.791,2.743,5.518,6.153,5.868,5.186,4.861,5.341,5.232,5.301,5.4,6.01,6.528,5.814,5.062,4.037,3.502,3.635,3.164,2.042,1.418,1.314,0.882,0.511,0.481,0.787,1.585,2.328,3.565,4.105,4.389,4.613,5.196,5.236,4.908,5.158,4.894,4.545,4.487,3.938,3.543,3.361,3.424,2.308,1.892,1.324,0.683,0.443,0.396,0.578,1.129,1.435,2.268,3.27,4.239,4.749,5.097,4.541,4.541,4.548,4.491,4.478,3.991,3.342,2.94,2.418,1.624,1.108,0.625,0.374,0.281,0.334,0.83,2.829,5.839,6.752,5.729,4.713,4.384,4.623,4.609,4.822,5.048,5.521,6.364,5.703,4.375,3.168,2.729,2.201,1.508,0.955,0.535,0.352,0.233,0.317,0.837,2.921,6.054,7.011,6.158,5.082,4.556,4.695,4.943,4.911,5.242,5.746,6.337,6.032,4.462,3.462,3.022,2.655,1.817,1.313
489,0.574,0.384,0.287,0.368,0.913,2.786,5.941,6.479,5.847,5.846,4.884,5.093,5.118,5.097,5.559,5.931,6.736,6.402,4.989,3.799,3.361,2.774,2.393,1.316,0.739,0.455,0.293,0.397,0.791,2.743,5.518,6.153,5.868,5.186,4.861,5.341,5.232,5.301,5.4,6.01,6.528,5.814,5.062,4.037,3.502,3.635,3.164,2.042,1.418,1.314,0.882,0.511,0.481,0.787,1.585,2.328,3.565,4.105,4.389,4.613,5.196,5.236,4.908,5.158,4.894,4.545,4.487,3.938,3.543,3.361,3.424,2.308,1.892,1.324,0.683,0.443,0.396,0.578,1.129,1.435,2.268,3.27,4.239,4.749,5.097,4.541,4.541,4.548,4.491,4.478,3.991,3.342,2.94,2.418,1.624,1.108,0.625,0.374,0.281,0.334,0.83,2.829,5.839,6.752,5.729,4.713,4.384,4.623,4.609,4.822,5.048,5.521,6.364,5.703,4.375,3.168,2.729,2.201,1.508,0.955,0.535,0.352,0.233,0.317,0.837,2.921,6.054,7.011,6.158,5.082,4.556,4.695,4.943,4.911,5.242,5.746,6.337,6.032,4.462,3.462,3.022,2.655,1.817,1.313,0.641,0.399,0.255,0.347,0.907,2.92,5.988,6.739,5.847,5.062,4.596,4.983,4.938,5.026,5.05,5.667,6.347,6.184,4.628,3.633,3.193,2.767,1.987,1.121
490,0.739,0.455,0.293,0.397,0.791,2.743,5.518,6.153,5.868,5.186,4.861,5.341,5.232,5.301,5.4,6.01,6.528,5.814,5.062,4.037,3.502,3.635,3.164,2.042,1.418,1.314,0.882,0.511,0.481,0.787,1.585,2.328,3.565,4.105,4.389,4.613,5.196,5.236,4.908,5.158,4.894,4.545,4.487,3.938,3.543,3.361,3.424,2.308,1.892,1.324,0.683,0.443,0.396,0.578,1.129,1.435,2.268,3.27,4.239,4.749,5.097,4.541,4.541,4.548,4.491,4.478,3.991,3.342,2.94,2.418,1.624,1.108,0.625,0.374,0.281,0.334,0.83,2.829,5.839,6.752,5.729,4.713,4.384,4.623,4.609,4.822,5.048,5.521,6.364,5.703,4.375,3.168,2.729,2.201,1.508,0.955,0.535,0.352,0.233,0.317,0.837,2.921,6.054,7.011,6.158,5.082,4.556,4.695,4.943,4.911,5.242,5.746,6.337,6.032,4.462,3.462,3.022,2.655,1.817,1.313,0.641,0.399,0.255,0.347,0.907,2.92,5.988,6.739,5.847,5.062,4.596,4.983,4.938,5.026,5.05,5.667,6.347,6.184,4.628,3.633,3.193,2.767,1.987,1.121,0.604,0.43,0.297,0.365,0.839,2.915,5.905,6.454,5.778,5.183,4.618,4.789,5.102,5.143,5.409,5.997,6.548,6.185,5.018,3.836,3.423,3.057,3.076,2.935
491,1.418,1.314,0.882,0.511,0.481,0.787,1.585,2.328,3.565,4.105,4.389,4.613,5.196,5.236,4.908,5.158,4.894,4.545,4.487,3.938,3.543,3.361,3.424,2.308,1.892,1.324,0.683,0.443,0.396,0.578,1.129,1.435,2.268,3.27,4.239,4.749,5.097,4.541,4.541,4.548,4.491,4.478,3.991,3.342,2.94,2.418,1.624,1.108,0.625,0.374,0.281,0.334,0.83,2.829,5.839,6.752,5.729,4.713,4.384,4.623,4.609,4.822,5.048,5.521,6.364,5.703,4.375,3.168,2.729,2.201,1.508,0.955,0.535,0.352,0.233,0.317,0.837,2.921,6.054,7.011,6.158,5.082,4.556,4.695,4.943,4.911,5.242,5.746,6.337,6.032,4.462,3.462,3.022,2.655,1.817,1.313,0.641,0.399,0.255,0.347,0.907,2.92,5.988,6.739,5.847,5.062,4.596,4.983,4.938,5.026,5.05,5.667,6.347,6.184,4.628,3.633,3.193,2.767,1.987,1.121,0.604,0.43,0.297,0.365,0.839,2.915,5.905,6.454,5.778,5.183,4.618,4.789,5.102,5.143,5.409,5.997,6.548,6.185,5.018,3.836,3.423,3.057,3.076,2.935,1.349,0.846,0.399,0.449,0.929,2.897,5.752,6.815,5.604,5.175,4.913,5.267,5.367,5.426,5.573,5.877,6.141,5.258,4.97,4.373,3.626,3.206,2.864,2.938
492,1.892,1.324,0.683,0.443,0.396,0.578,1.129,1.435,2.268,3.27,4.239,4.749,5.097,4.541,4.541,4.548,4.491,4.478,3.991,3.342,2.94,2.418,1.624,1.108,0.625,0.374,0.281,0.334,0.83,2.829,5.839,6.752,5.729,4.713,4.384,4.623,4.609,4.822,5.048,5.521,6.364,5.703,4.375,3.168,2.729,2.201,1.508,0.955,0.535,0.352,0.233,0.317,0.837,2.921,6.054,7.011,6.158,5.082,4.556,4.695,4.943,4.911,5.242,5.746,6.337,6.032,4.462,3.462,3.022,2.655,1.817,1.313,0.641,0.399,0.255,0.347,0.907,2.92,5.988,6.739,5.847,5.062,4.596,4.983,4.938,5.026,5.05,5.667,6.347,6.184,4.628,3.633,3.193,2.767,1.987,1.121,0.604,0.43,0.297,0.365,0.839,2.915,5.905,6.454,5.778,5.183,4.618,4.789,5.102,5.143,5.409,5.997,6.548,6.185,5.018,3.836,3.423,3.057,3.076,2.935,1.349,0.846,0.399,0.449,0.929,2.897,5.752,6.815,5.604,5.175,4.913,5.267,5.367,5.426,5.573,5.877,6.141,5.258,4.97,4.373,3.626,3.206,2.864,2.938,2.261,0.925,0.7,0.389,0.393,0.652,1.32,2.087,3.251,4.082,4.407,4.794,4.972,4.918,4.759,4.693,4.879,4.517,3.999,3.64,3.319,3.27,3.327,2.267
493,0.625,0.374,0.281,0.334,0.83,2.829,5.839,6.752,5.729,4.713,4.384,4.623,4.609,4.822,5.048,5.521,6.364,5.703,4.375,3.168,2.729,2.201,1.508,0.955,0.535,0.352,0.233,0.317,0.837,2.921,6.054,7.011,6.158,5.082,4.556,4.695,4.943,4.911,5.242,5.746,6.337,6.032,4.462,3.462,3.022,2.655,1.817,1.313,0.641,0.399,0.255,0.347,0.907,2.92,5.988,6.739,5.847,5.062,4.596,4.983,4.938,5.026,5.05,5.667,6.347,6.184,4.628,3.633,3.193,2.767,1.987,1.121,0.604,0.43,0.297,0.365,0.839,2.915,5.905,6.454,5.778,5.183,4.618,4.789,5.102,5.143,5.409,5.997,6.548,6.185,5.018,3.836,3.423,3.057,3.076,2.935,1.349,0.846,0.399,0.449,0.929,2.897,5.752,6.815,5.604,5.175,4.913,5.267,5.367,5.426,5.573,5.877,6.141,5.258,4.97,4.373,3.626,3.206,2.864,2.938,2.261,0.925,0.7,0.389,0.393,0.652,1.32,2.087,3.251,4.082,4.407,4.794,4.972,4.918,4.759,4.693,4.879,4.517,3.999,3.64,3.319,3.27,3.327,2.267,1.621,0.931,0.628,0.41,0.382,0.746,1.273,1.411,2.271,3.214,4.037,4.535,4.589,4.343,4.458,4.658,4.855,4.488,4.134,3.743,4.338,2.82,2.048,1.157
494,0.535,0.352,0.233,0.317,0.837,2.921,6.054,7.011,6.158,5.082,4.556,4.695,4.943,4.911,5.242,5.746,6.337,6.032,4.462,3.462,3.022,2.655,1.817,1.313,0.641,0.399,0.255,0.347,0.907,2.92,5.988,6.739,5.847,5.062,4.596,4.983,4.938,5.026,5.05,5.667,6.347,6.184,4.628,3.633,3.193,2.767,1.987,1.121,0.604,0.43,0.297,0.365,0.839,2.915,5.905,6.454,5.778,5.183,4.618,4.789,5.102,5.143,5.409,5.997,6.548,6.185,5.018,3.836,3.423,3.057,3.076,2.935,1.349,0.846,0.399,0.449,0.929,2.897,5.752,6.815,5.604,5.175,4.913,5.267,5.367,5.426,5.573,5.877,6.141,5.258,4.97,4.373,3.626,3.206,2.864,2.938,2.261,0.925,0.7,0.389,0.393,0.652,1.32,2.087,3.251,4.082,4.407,4.794,4.972,4.918,4.759,4.693,4.879,4.517,3.999,3.64,3.319,3.27,3.327,2.267,1.621,0.931,0.628,0.41,0.382,0.746,1.273,1.411,2.271,3.214,4.037,4.535,4.589,4.343,4.458,4.658,4.855,4.488,4.134,3.743,4.338,2.82,2.048,1.157,0.632,0.384,0.268,0.359,0.793,2.699,5.723,6.591,5.836,4.786,4.412,4.619,4.768,4.601,4.506,5.388,6.083,5.714,4.212,3.203,2.734,2.607,1.877,1.008
495,0.641,0.399,0.255,0.347,0.907,2.92,5.988,6.739,5.847,5.062,4.596,4.983,4.938,5.026,5.05,5.667,6.347,6.184,4.628,3.633,3.193,2.767,1.987,1.121,0.604,0.43,0.297,0.365,0.839,2.915,5.905,6.454,5.778,5.183,4.618,4.789,5.102,5.143,5.409,5.997,6.548,6.185,5.018,3.836,3.423,3.057,3.076,2.935,1.349,0.846,0.399,0.449,0.929,2.897,5.752,6.815,5.604,5.175,4.913,5.267,5.367,5.426,5.573,5.877,6.141,5.258,4.97,4.373,3.626,3.206,2.864,2.938,2.261,0.925,0.7,0.389,0.393,0.652,1.32,2.087,3.251,4.082,4.407,4.794,4.972,4.918,4.759,4.693,4.879,4.517,3.999,3.64,3.319,3.27,3.327,2.267,1.621,0.931,0.628,0.41,0.382,0.746,1.273,1.411,2.271,3.214,4.037,4.535,4.589,4.343,4.458,4.658,4.855,4.488,4.134,3.743,4.338,2.82,2.048,1.157,0.632,0.384,0.268,0.359,0.793,2.699,5.723,6.591,5.836,4.786,4.412,4.619,4.768,4.601,4.506,5.388,6.083,5.714,4.212,3.203,2.734,2.607,1.877,1.008,0.624,0.366,0.261,0.347,0.851,2.604,5.847,6.326,5.49,5.166,4.398,4.754,4.63,4.753,4.934,5.735,6.357,6.098,4.632,3.382,2.871,2.72,2.129,1.394
496,0.604,0.43,0.297,0.365,0.839,2.915,5.905,6.454,5.778,5.183,4.618,4.789,5.102,5.143,5.409,5.997,6.548,6.185,5.018,3.836,3.423,3.057,3.076,2.935,1.349,0.846,0.399,0.449,0.929,2.897,5.752,6.815,5.604,5.175,4.913,5.267,5.367,5.426,5.573,5.877,6.141,5.258,4.97,4.373,3.626,3.206,2.864,2.938,2.261,0.925,0.7,0.389,0.393,0.652,1.32,2.087,3.251,4.082,4.407,4.794,4.972,4.918,4.759,4.693,4.879,4.517,3.999,3.64,3.319,3.27,3.327,2.267,1.621,0.931,0.628,0.41,0.382,0.746,1.273,1.411,2.271,3.214,4.037,4.535,4.589,4.343,4.458,4.658,4.855,4.488,4.134,3.743,4.338,2.82,2.048,1.157,0.632,0.384,0.268,0.359,0.793,2.699,5.723,6.591,5.836,4.786,4.412,4.619,4.768,4.601,4.506,5.388,6.083,5.714,4.212,3.203,2.734,2.607,1.877,1.008,0.624,0.366,0.261,0.347,0.851,2.604,5.847,6.326,5.49,5.166,4.398,4.754,4.63,4.753,4.934,5.735,6.357,6.098,4.632,3.382,2.871,2.72,2.129,1.394,0.722,0.44,0.287,0.341,0.832,2.787,5.768,6.863,5.822,5.127,4.517,4.666,4.99,4.789,5.185,5.59,6.426,5.763,4.864,3.136,2.733,2.348,2.194,1.328
497,1.349,0.846,0.399,0.449,0.929,2.897,5.752,6.815,5.604,5.175,4.913,5.267,5.367,5.426,5.573,5.877,6.141,5.258,4.97,4.373,3.626,3.206,2.864,2.938,2.261,0.925,0.7,0.389,0.393,0.652,1.32,2.087,3.251,4.082,4.407,4.794,4.972,4.918,4.759,4.693,4.879,4.517,3.999,3.64,3.319,3.27,3.327,2.267,1.621,0.931,0.628,0.41,0.382,0.746,1.273,1.411,2.271,3.214,4.037,4.535,4.589,4.343,4.458,4.658,4.855,4.488,4.134,3.743,4.338,2.82,2.048,1.157,0.632,0.384,0.268,0.359,0.793,2.699,5.723,6.591,5.836,4.786,4.412,4.619,4.768,4.601,4.506,5.388,6.083,5.714,4.212,3.203,2.734,2.607,1.877,1.008,0.624,0.366,0.261,0.347,0.851,2.604,5.847,6.326,5.49,5.166,4.398,4.754,4.63,4.753,4.934,5.735,6.357,6.098,4.632,3.382,2.871,2.72,2.129,1.394,0.722,0.44,0.287,0.341,0.832,2.787,5.768,6.863,5.822,5.127,4.517,4.666,4.99,4.789,5.185,5.59,6.426,5.763,4.864,3.136,2.733,2.348,2.194,1.328,0.646,0.353,0.278,0.339,0.836,2.829,5.656,6.53,6.156,5.388,4.682,4.915,4.862,4.904,5.169,5.7,6.267,5.963,4.893,3.678,3.24,3.402,2.864,1.365
498,2.261,0.925,0.7,0.389,0.393,0.652,1.32,2.087,3.251,4.082,4.407,4.794,4.972,4.918,4.759,4.693,4.879,4.517,3.999,3.64,3.319,3.27,3.327,2.267,1.621,0.931,0.628,0.41,0.382,0.746,1.273,1.411,2.271,3.214,4.037,4.535,4.589,4.343,4.458,4.658,4.855,4.488,4.134,3.743,4.338,2.82,2.048,1.157,0.632,0.384,0.268,0.359,0.793,2.699,5.723,6.591,5.836,4.786,4.412,4.619,4.768,4.601,4.506,5.388,6.083,5.714,4.212,3.203,2.734,2.607,1.877,1.008,0.624,0.366,0.261,0.347,0.851,2.604,5.847,6.326,5.49,5.166,4.398,4.754,4.63,4.753,4.934,5.735,6.357,6.098,4.632,3.382,2.871,2.72,2.129,1.394,0.722,0.44,0.287,0.341,0.832,2.787,5.768,6.863,5.822,5.127,4.517,4.666,4.99,4.789,5.185,5.59,6.426,5.763,4.864,3.136,2.733,2.348,2.194,1.328,0.646,0.353,0.278,0.339,0.836,2.829,5.656,6.53,6.156,5.388,4.682,4.915,4.862,4.904,5.169,5.7,6.267,5.963,4.893,3.678,3.24,3.402,2.864,1.365,0.797,0.441,0.344,0.375,0.777,2.672,5.484,6.49,4.695,4.956,4.62,4.837,5.078,5.061,5.17,5.88,6.352,5.97,5.043,3.957,3.163,3.201,3.22,1.919
499,1.621,0.931,0.628,0.41,0.382,0.746,1.273,1.411,2.271,3.214,4.037,4.535,4.589,4.343,4.458,4.658,4.855,4.488,4.134,3.743,4.338,2.82,2.048,1.157,0.632,0.384,0.268,0.359,0.793,2.699,5.723,6.591,5.836,4.786,4.412,4.619,4.768,4.601,4.506,5.388,6.083,5.714,4.212,3.203,2.734,2.607,1.877,1.008,0.624,0.366,0.261,0.347,0.851,2.604,5.847,6.326,5.49,5.166,4.398,4.754,4.63,4.753,4.934,5.735,6.357,6.098,4.632,3.382,2.871,2.72,2.129,1.394,0.722,0.44,0.287,0.341,0.832,2.787,5.768,6.863,5.822,5.127,4.517,4.666,4.99,4.789,5.185,5.59,6.426,5.763,4.864,3.136,2.733,2.348,2.194,1.328,0.646,0.353,0.278,0.339,0.836,2.829,5.656,6.53,6.156,5.388,4.682,4.915,4.862,4.904,5.169,5.7,6.267,5.963,4.893,3.678,3.24,3.402,2.864,1.365,0.797,0.441,0.344,0.375,0.777,2.672,5.484,6.49,4.695,4.956,4.62,4.837,5.078,5.061,5.17,5.88,6.352,5.97,5.043,3.957,3.163,3.201,3.22,1.919,1.279,0.795,0.557,0.379,0.414,0.688,1.271,2.113,2.994,3.729,3.99,3.998,4.397,4.219,4.26,4.324,4.278,3.986,3.77,3.446,2.967,2.98,3.062,2.056
500,0.632,0.384,0.268,0.359,0.793,2.699,5.723,6.591,5.836,4.786,4.412,4.619,4.768,4.601,4.506,5.388,6.083,5.714,4.212,3.203,2.734,2.607,1.877,1.008,0.624,0.366,0.261,0.347,0.851,2.604,5.847,6.326,5.49,5.166,4.398,4.754,4.63,4.753,4.934,5.735,6.357,6.098,4.632,3.382,2.871,2.72,2.129,1.394,0.722,0.44,0.287,0.341,0.832,2.787,5.768,6.863,5.822,5.127,4.517,4.666,4.99,4.789,5.185,5.59,6.426,5.763,4.864,3.136,2.733,2.348,2.194,1.328,0.646,0.353,0.278,0.339,0.836,2.829,5.656,6.53,6.156,5.388,4.682,4.915,4.862,4.904,5.169,5.7,6.267,5.963,4.893,3.678,3.24,3.402,2.864,1.365,0.797,0.441,0.344,0.375,0.777,2.672,5.484,6.49,4.695,4.956,4.62,4.837,5.078,5.061,5.17,5.88,6.352,5.97,5.043,3.957,3.163,3.201,3.22,1.919,1.279,0.795,0.557,0.379,0.414,0.688,1.271,2.113,2.994,3.729,3.99,3.998,4.397,4.219,4.26,4.324,4.278,3.986,3.77,3.446,2.967,2.98,3.062,2.056,1.299,0.759,0.643,0.403,0.333,0.559,0.955,1.19,1.97,2.888,3.629,4.238,4.689,4.461,4.331,4.881,4.718,4.547,3.95,3.161,2.723,2.238,1.73,1.039
501,0.624,0.366,0.261,0.347,0.851,2.604,5.847,6.326,5.49,5.166,4.398,4.754,4.63,4.753,4.934,5.735,6.357,6.098,4.632,3.382,2.871,2.72,2.129,1.394,0.722,0.44,0.287,0.341,0.832,2.787,5.768,6.863,5.822,5.127,4.517,4.666,4.99,4.789,5.185,5.59,6.426,5.763,4.864,3.136,2.733,2.348,2.194,1.328,0.646,0.353,0.278,0.339,0.836,2.829,5.656,6.53,6.156,5.388,4.682,4.915,4.862,4.904,5.169,5.7,6.267,5.963,4.893,3.678,3.24,3.402,2.864,1.365,0.797,0.441,0.344,0.375,0.777,2.672,5.484,6.49,4.695,4.956,4.62,4.837,5.078,5.061,5.17,5.88,6.352,5.97,5.043,3.957,3.163,3.201,3.22,1.919,1.279,0.795,0.557,0.379,0.414,0.688,1.271,2.113,2.994,3.729,3.99,3.998,4.397,4.219,4.26,4.324,4.278,3.986,3.77,3.446,2.967,2.98,3.062,2.056,1.299,0.759,0.643,0.403,0.333,0.559,0.955,1.19,1.97,2.888,3.629,4.238,4.689,4.461,4.331,4.881,4.718,4.547,3.95,3.161,2.723,2.238,1.73,1.039,0.581,0.431,0.341,0.367,0.821,2.791,5.783,6.35,6.03,4.716,4.373,4.392,4.613,4.677,4.957,5.462,6.328,5.77,4.175,3.26,2.783,2.575,1.772,1.137
502,0.722,0.44,0.287,0.341,0.832,2.787,5.768,6.863,5.822,5.127,4.517,4.666,4.99,4.789,5.185,5.59,6.426,5.763,4.864,3.136,2.733,2.348,2.194,1.328,0.646,0.353,0.278,0.339,0.836,2.829,5.656,6.53,6.156,5.388,4.682,4.915,4.862,4.904,5.169,5.7,6.267,5.963,4.893,3.678,3.24,3.402,2.864,1.365,0.797,0.441,0.344,0.375,0.777,2.672,5.484,6.49,4.695,4.956,4.62,4.837,5.078,5.061,5.17,5.88,6.352,5.97,5.043,3.957,3.163,3.201,3.22,1.919,1.279,0.795,0.557,0.379,0.414,0.688,1.271,2.113,2.994,3.729,3.99,3.998,4.397,4.219,4.26,4.324,4.278,3.986,3.77,3.446,2.967,2.98,3.062,2.056,1.299,0.759,0.643,0.403,0.333,0.559,0.955,1.19,1.97,2.888,3.629,4.238,4.689,4.461,4.331,4.881,4.718,4.547,3.95,3.161,2.723,2.238,1.73,1.039,0.581,0.431,0.341,0.367,0.821,2.791,5.783,6.35,6.03,4.716,4.373,4.392,4.613,4.677,4.957,5.462,6.328,5.77,4.175,3.26,2.783,2.575,1.772,1.137,0.772,0.446,0.3,0.357,0.829,2.913,5.93,6.873,5.968,5.082,4.324,4.517,4.695,4.771,4.997,5.762,6.349,5.837,4.256,3.299,2.936,3.205,1.929,1.11
503,0.646,0.353,0.278,0.339,0.836,2.829,5.656,6.53,6.156,5.388,4.682,4.915,4.862,4.904,5.169,5.7,6.267,5.963,4.893,3.678,3.24,3.402,2.864,1.365,0.797,0.441,0.344,0.375,0.777,2.672,5.484,6.49,4.695,4.956,4.62,4.837,5.078,5.061,5.17,5.88,6.352,5.97,5.043,3.957,3.163,3.201,3.22,1.919,1.279,0.795,0.557,0.379,0.414,0.688,1.271,2.113,2.994,3.729,3.99,3.998,4.397,4.219,4.26,4.324,4.278,3.986,3.77,3.446,2.967,2.98,3.062,2.056,1.299,0.759,0.643,0.403,0.333,0.559,0.955,1.19,1.97,2.888,3.629,4.238,4.689,4.461,4.331,4.881,4.718,4.547,3.95,3.161,2.723,2.238,1.73,1.039,0.581,0.431,0.341,0.367,0.821,2.791,5.783,6.35,6.03,4.716,4.373,4.392,4.613,4.677,4.957,5.462,6.328,5.77,4.175,3.26,2.783,2.575,1.772,1.137,0.772,0.446,0.3,0.357,0.829,2.913,5.93,6.873,5.968,5.082,4.324,4.517,4.695,4.771,4.997,5.762,6.349,5.837,4.256,3.299,2.936,3.205,1.929,1.11,0.649,0.434,0.302,0.337,0.875,3.006,5.982,6.832,6.042,5.109,4.398,4.541,4.747,4.728,5.087,5.604,6.607,6.011,4.379,3.759,3.084,2.753,3.36,1.863
504,0.797,0.441,0.344,0.375,0.777,2.672,5.484,6.49,4.695,4.956,4.62,4.837,5.078,5.061,5.17,5.88,6.352,5.97,5.043,3.957,3.163,3.201,3.22,1.919,1.279,0.795,0.557,0.379,0.414,0.688,1.271,2.113,2.994,3.729,3.99,3.998,4.397,4.219,4.26,4.324,4.278,3.986,3.77,3.446,2.967,2.98,3.062,2.056,1.299,0.759,0.643,0.403,0.333,0.559,0.955,1.19,1.97,2.888,3.629,4.238,4.689,4.461,4.331,4.881,4.718,4.547,3.95,3.161,2.723,2.238,1.73,1.039,0.581,0.431,0.341,0.367,0.821,2.791,5.783,6.35,6.03,4.716,4.373,4.392,4.613,4.677,4.957,5.462,6.328,5.77,4.175,3.26,2.783,2.575,1.772,1.137,0.772,0.446,0.3,0.357,0.829,2.913,5.93,6.873,5.968,5.082,4.324,4.517,4.695,4.771,4.997,5.762,6.349,5.837,4.256,3.299,2.936,3.205,1.929,1.11,0.649,0.434,0.302,0.337,0.875,3.006,5.982,6.832,6.042,5.109,4.398,4.541,4.747,4.728,5.087,5.604,6.607,6.011,4.379,3.759,3.084,2.753,3.36,1.863,0.706,0.425,0.292,0.365,0.87,2.925,5.898,6.5,5.277,5.251,4.668,4.824,4.879,4.916,5.132,5.814,6.324,5.997,4.659,3.611,3.329,2.876,2.249,1.282
505,1.279,0.795,0.557,0.379,0.414,0.688,1.271,2.113,2.994,3.729,3.99,3.998,4.397,4.219,4.26,4.324,4.278,3.986,3.77,3.446,2.967,2.98,3.062,2.056,1.299,0.759,0.643,0.403,0.333,0.559,0.955,1.19,1.97,2.888,3.629,4.238,4.689,4.461,4.331,4.881,4.718,4.547,3.95,3.161,2.723,2.238,1.73,1.039,0.581,0.431,0.341,0.367,0.821,2.791,5.783,6.35,6.03,4.716,4.373,4.392,4.613,4.677,4.957,5.462,6.328,5.77,4.175,3.26,2.783,2.575,1.772,1.137,0.772,0.446,0.3,0.357,0.829,2.913,5.93,6.873,5.968,5.082,4.324,4.517,4.695,4.771,4.997,5.762,6.349,5.837,4.256,3.299,2.936,3.205,1.929,1.11,0.649,0.434,0.302,0.337,0.875,3.006,5.982,6.832,6.042,5.109,4.398,4.541,4.747,4.728,5.087,5.604,6.607,6.011,4.379,3.759,3.084,2.753,3.36,1.863,0.706,0.425,0.292,0.365,0.87,2.925,5.898,6.5,5.277,5.251,4.668,4.824,4.879,4.916,5.132,5.814,6.324,5.997,4.659,3.611,3.329,2.876,2.249,1.282,0.808,0.454,0.367,0.432,0.833,2.612,5.179,5.985,5.118,4.933,4.475,4.701,5.09,4.913,5.312,5.657,5.656,4.927,4.251,3.355,2.988,3.04,3.138,2.016
506,1.299,0.759,0.643,0.403,0.333,0.559,0.955,1.19,1.97,2.888,3.629,4.238,4.689,4.461,4.331,4.881,4.718,4.547,3.95,3.161,2.723,2.238,1.73,1.039,0.581,0.431,0.341,0.367,0.821,2.791,5.783,6.35,6.03,4.716,4.373,4.392,4.613,4.677,4.957,5.462,6.328,5.77,4.175,3.26,2.783,2.575,1.772,1.137,0.772,0.446,0.3,0.357,0.829,2.913,5.93,6.873,5.968,5.082,4.324,4.517,4.695,4.771,4.997,5.762,6.349,5.837,4.256,3.299,2.936,3.205,1.929,1.11,0.649,0.434,0.302,0.337,0.875,3.006,5.982,6.832,6.042,5.109,4.398,4.541,4.747,4.728,5.087,5.604,6.607,6.011,4.379,3.759,3.084,2.753,3.36,1.863,0.706,0.425,0.292,0.365,0.87,2.925,5.898,6.5,5.277,5.251,4.668,4.824,4.879,4.916,5.132,5.814,6.324,5.997,4.659,3.611,3.329,2.876,2.249,1.282,0.808,0.454,0.367,0.432,0.833,2.612,5.179,5.985,5.118,4.933,4.475,4.701,5.09,4.913,5.312,5.657,5.656,4.927,4.251,3.355,2.988,3.04,3.138,2.016,1.373,0.763,0.699,0.403,0.392,0.476,0.931,1.241,1.968,3.032,3.812,4.174,4.393,4.28,4.028,3.915,3.697,3.763,3.552,2.988,2.873,2.918,3.05,2.143
507,0.581,0.431,0.341,0.367,0.821,2.791,5.783,6.35,6.03,4.716,4.373,4.392,4.613,4.677,4.957,5.462,6.328,5.77,4.175,3.26,2.783,2.575,1.772,1.137,0.772,0.446,0.3,0.357,0.829,2.913,5.93,6.873,5.968,5.082,4.324,4.517,4.695,4.771,4.997,5.762,6.349,5.837,4.256,3.299,2.936,3.205,1.929,1.11,0.649,0.434,0.302,0.337,0.875,3.006,5.982,6.832,6.042,5.109,4.398,4.541,4.747,4.728,5.087,5.604,6.607,6.011,4.379,3.759,3.084,2.753,3.36,1.863,0.706,0.425,0.292,0.365,0.87,2.925,5.898,6.5,5.277,5.251,4.668,4.824,4.879,4.916,5.132,5.814,6.324,5.997,4.659,3.611,3.329,2.876,2.249,1.282,0.808,0.454,0.367,0.432,0.833,2.612,5.179,5.985,5.118,4.933,4.475,4.701,5.09,4.913,5.312,5.657,5.656,4.927,4.251,3.355,2.988,3.04,3.138,2.016,1.373,0.763,0.699,0.403,0.392,0.476,0.931,1.241,1.968,3.032,3.812,4.174,4.393,4.28,4.028,3.915,3.697,3.763,3.552,2.988,2.873,2.918,3.05,2.143,1.439,0.947,0.795,0.476,0.392,0.501,0.924,1.212,1.888,2.877,3.519,4.009,4.325,4.089,4.007,3.657,3.664,3.525,3.188,2.99,3.646,2.736,2.472,1.649
508,0.772,0.446,0.3,0.357,0.829,2.913,5.93,6.873,5.968,5.082,4.324,4.517,4.695,4.771,4.997,5.762,6.349,5.837,4.256,3.299,2.936,3.205,1.929,1.11,0.649,0.434,0.302,0.337,0.875,3.006,5.982,6.832,6.042,5.109,4.398,4.541,4.747,4.728,5.087,5.604,6.607,6.011,4.379,3.759,3.084,2.753,3.36,1.863,0.706,0.425,0.292,0.365,0.87,2.925,5.898,6.5,5.277,5.251,4.668,4.824,4.879,4.916,5.132,5.814,6.324,5.997,4.659,3.611,3.329,2.876,2.249,1.282,0.808,0.454,0.367,0.432,0.833,2.612,5.179,5.985,5.118,4.933,4.475,4.701,5.09,4.913,5.312,5.657,5.656,4.927,4.251,3.355,2.988,3.04,3.138,2.016,1.373,0.763,0.699,0.403,0.392,0.476,0.931,1.241,1.968,3.032,3.812,4.174,4.393,4.28,4.028,3.915,3.697,3.763,3.552,2.988,2.873,2.918,3.05,2.143,1.439,0.947,0.795,0.476,0.392,0.501,0.924,1.212,1.888,2.877,3.519,4.009,4.325,4.089,4.007,3.657,3.664,3.525,3.188,2.99,3.646,2.736,2.472,1.649,1.538,0.906,0.442,0.307,0.306,0.541,0.93,1.222,1.735,2.371,2.609,3.351,3.504,3.584,3.855,3.908,3.845,3.518,3.333,2.878,2.58,2.286,1.863,1.071
509,0.649,0.434,0.302,0.337,0.875,3.006,5.982,6.832,6.042,5.109,4.398,4.541,4.747,4.728,5.087,5.604,6.607,6.011,4.379,3.759,3.084,2.753,3.36,1.863,0.706,0.425,0.292,0.365,0.87,2.925,5.898,6.5,5.277,5.251,4.668,4.824,4.879,4.916,5.132,5.814,6.324,5.997,4.659,3.611,3.329,2.876,2.249,1.282,0.808,0.454,0.367,0.432,0.833,2.612,5.179,5.985,5.118,4.933,4.475,4.701,5.09,4.913,5.312,5.657,5.656,4.927,4.251,3.355,2.988,3.04,3.138,2.016,1.373,0.763,0.699,0.403,0.392,0.476,0.931,1.241,1.968,3.032,3.812,4.174,4.393,4.28,4.028,3.915,3.697,3.763,3.552,2.988,2.873,2.918,3.05,2.143,1.439,0.947,0.795,0.476,0.392,0.501,0.924,1.212,1.888,2.877,3.519,4.009,4.325,4.089,4.007,3.657,3.664,3.525,3.188,2.99,3.646,2.736,2.472,1.649,1.538,0.906,0.442,0.307,0.306,0.541,0.93,1.222,1.735,2.371,2.609,3.351,3.504,3.584,3.855,3.908,3.845,3.518,3.333,2.878,2.58,2.286,1.863,1.071,0.636,0.329,0.28,0.313,0.786,2.845,5.71,6.736,5.858,4.909,4.452,4.72,4.762,4.866,5.054,5.677,6.507,5.987,4.495,3.317,2.764,2.408,1.779,1.121
510,0.706,0.425,0.292,0.365,0.87,2.925,5.898,6.5,5.277,5.251,4.668,4.824,4.879,4.916,5.132,5.814,6.324,5.997,4.659,3.611,3.329,2.876,2.249,1.282,0.808,0.454,0.367,0.432,0.833,2.612,5.179,5.985,5.118,4.933,4.475,4.701,5.09,4.913,5.312,5.657,5.656,4.927,4.251,3.355,2.988,3.04,3.138,2.016,1.373,0.763,0.699,0.403,0.392,0.476,0.931,1.241,1.968,3.032,3.812,4.174,4.393,4.28,4.028,3.915,3.697,3.763,3.552,2.988,2.873,2.918,3.05,2.143,1.439,0.947,0.795,0.476,0.392,0.501,0.924,1.212,1.888,2.877,3.519,4.009,4.325,4.089,4.007,3.657,3.664,3.525,3.188,2.99,3.646,2.736,2.472,1.649,1.538,0.906,0.442,0.307,0.306,0.541,0.93,1.222,1.735,2.371,2.609,3.351,3.504,3.584,3.855,3.908,3.845,3.518,3.333,2.878,2.58,2.286,1.863,1.071,0.636,0.329,0.28,0.313,0.786,2.845,5.71,6.736,5.858,4.909,4.452,4.72,4.762,4.866,5.054,5.677,6.507,5.987,4.495,3.317,2.764,2.408,1.779,1.121,0.68,0.384,0.274,0.359,0.856,3.017,5.993,6.462,5.895,5.366,4.619,5.043,4.977,4.855,5.027,5.68,6.471,6.107,4.484,3.393,3.157,2.806,2.1,1.213
511,0.808,0.454,0.367,0.432,0.833,2.612,5.179,5.985,5.118,4.933,4.475,4.701,5.09,4.913,5.312,5.657,5.656,4.927,4.251,3.355,2.988,3.04,3.138,2.016,1.373,0.763,0.699,0.403,0.392,0.476,0.931,1.241,1.968,3.032,3.812,4.174,4.393,4.28,4.028,3.915,3.697,3.763,3.552,2.988,2.873,2.918,3.05,2.143,1.439,0.947,0.795,0.476,0.392,0.501,0.924,1.212,1.888,2.877,3.519,4.009,4.325,4.089,4.007,3.657,3.664,3.525,3.188,2.99,3.646,2.736,2.472,1.649,1.538,0.906,0.442,0.307,0.306,0.541,0.93,1.222,1.735,2.371,2.609,3.351,3.504,3.584,3.855,3.908,3.845,3.518,3.333,2.878,2.58,2.286,1.863,1.071,0.636,0.329,0.28,0.313,0.786,2.845,5.71,6.736,5.858,4.909,4.452,4.72,4.762,4.866,5.054,5.677,6.507,5.987,4.495,3.317,2.764,2.408,1.779,1.121,0.68,0.384,0.274,0.359,0.856,3.017,5.993,6.462,5.895,5.366,4.619,5.043,4.977,4.855,5.027,5.68,6.471,6.107,4.484,3.393,3.157,2.806,2.1,1.213,0.736,0.462,0.295,0.373,0.848,3.0,5.953,6.533,5.949,5.123,4.717,4.909,4.978,5.066,5.228,5.527,5.79,6.202,4.683,3.765,3.266,3.224,2.29,1.407
512,1.373,0.763,0.699,0.403,0.392,0.476,0.931,1.241,1.968,3.032,3.812,4.174,4.393,4.28,4.028,3.915,3.697,3.763,3.552,2.988,2.873,2.918,3.05,2.143,1.439,0.947,0.795,0.476,0.392,0.501,0.924,1.212,1.888,2.877,3.519,4.009,4.325,4.089,4.007,3.657,3.664,3.525,3.188,2.99,3.646,2.736,2.472,1.649,1.538,0.906,0.442,0.307,0.306,0.541,0.93,1.222,1.735,2.371,2.609,3.351,3.504,3.584,3.855,3.908,3.845,3.518,3.333,2.878,2.58,2.286,1.863,1.071,0.636,0.329,0.28,0.313,0.786,2.845,5.71,6.736,5.858,4.909,4.452,4.72,4.762,4.866,5.054,5.677,6.507,5.987,4.495,3.317,2.764,2.408,1.779,1.121,0.68,0.384,0.274,0.359,0.856,3.017,5.993,6.462,5.895,5.366,4.619,5.043,4.977,4.855,5.027,5.68,6.471,6.107,4.484,3.393,3.157,2.806,2.1,1.213,0.736,0.462,0.295,0.373,0.848,3.0,5.953,6.533,5.949,5.123,4.717,4.909,4.978,5.066,5.228,5.527,5.79,6.202,4.683,3.765,3.266,3.224,2.29,1.407,0.782,0.461,0.343,0.375,0.847,2.803,5.528,6.385,5.57,4.961,4.694,5.07,5.071,5.051,5.331,5.665,6.053,5.639,4.421,4.111,3.558,3.37,2.886,2.251
513,1.439,0.947,0.795,0.476,0.392,0.501,0.924,1.212,1.888,2.877,3.519,4.009,4.325,4.089,4.007,3.657,3.664,3.525,3.188,2.99,3.646,2.736,2.472,1.649,1.538,0.906,0.442,0.307,0.306,0.541,0.93,1.222,1.735,2.371,2.609,3.351,3.504,3.584,3.855,3.908,3.845,3.518,3.333,2.878,2.58,2.286,1.863,1.071,0.636,0.329,0.28,0.313,0.786,2.845,5.71,6.736,5.858,4.909,4.452,4.72,4.762,4.866,5.054,5.677,6.507,5.987,4.495,3.317,2.764,2.408,1.779,1.121,0.68,0.384,0.274,0.359,0.856,3.017,5.993,6.462,5.895,5.366,4.619,5.043,4.977,4.855,5.027,5.68,6.471,6.107,4.484,3.393,3.157,2.806,2.1,1.213,0.736,0.462,0.295,0.373,0.848,3.0,5.953,6.533,5.949,5.123,4.717,4.909,4.978,5.066,5.228,5.527,5.79,6.202,4.683,3.765,3.266,3.224,2.29,1.407,0.782,0.461,0.343,0.375,0.847,2.803,5.528,6.385,5.57,4.961,4.694,5.07,5.071,5.051,5.331,5.665,6.053,5.639,4.421,4.111,3.558,3.37,2.886,2.251,1.538,0.906,0.9,0.488,0.658,0.672,1.304,1.683,2.505,3.464,4.248,4.513,4.883,4.827,4.57,4.549,4.48,4.542,4.278,3.438,3.105,3.242,2.902,2.918
514,1.538,0.906,0.442,0.307,0.306,0.541,0.93,1.222,1.735,2.371,2.609,3.351,3.504,3.584,3.855,3.908,3.845,3.518,3.333,2.878,2.58,2.286,1.863,1.071,0.636,0.329,0.28,0.313,0.786,2.845,5.71,6.736,5.858,4.909,4.452,4.72,4.762,4.866,5.054,5.677,6.507,5.987,4.495,3.317,2.764,2.408,1.779,1.121,0.68,0.384,0.274,0.359,0.856,3.017,5.993,6.462,5.895,5.366,4.619,5.043,4.977,4.855,5.027,5.68,6.471,6.107,4.484,3.393,3.157,2.806,2.1,1.213,0.736,0.462,0.295,0.373,0.848,3.0,5.953,6.533,5.949,5.123,4.717,4.909,4.978,5.066,5.228,5.527,5.79,6.202,4.683,3.765,3.266,3.224,2.29,1.407,0.782,0.461,0.343,0.375,0.847,2.803,5.528,6.385,5.57,4.961,4.694,5.07,5.071,5.051,5.331,5.665,6.053,5.639,4.421,4.111,3.558,3.37,2.886,2.251,1.538,0.906,0.9,0.488,0.658,0.672,1.304,1.683,2.505,3.464,4.248,4.513,4.883,4.827,4.57,4.549,4.48,4.542,4.278,3.438,3.105,3.242,2.902,2.918,2.759,1.236,0.9,0.488,0.658,0.663,1.258,1.614,2.387,3.289,3.97,4.327,4.46,4.527,4.709,4.542,4.488,4.536,4.331,3.679,3.42,3.527,3.263,3.275
515,0.636,0.329,0.28,0.313,0.786,2.845,5.71,6.736,5.858,4.909,4.452,4.72,4.762,4.866,5.054,5.677,6.507,5.987,4.495,3.317,2.764,2.408,1.779,1.121,0.68,0.384,0.274,0.359,0.856,3.017,5.993,6.462,5.895,5.366,4.619,5.043,4.977,4.855,5.027,5.68,6.471,6.107,4.484,3.393,3.157,2.806,2.1,1.213,0.736,0.462,0.295,0.373,0.848,3.0,5.953,6.533,5.949,5.123,4.717,4.909,4.978,5.066,5.228,5.527,5.79,6.202,4.683,3.765,3.266,3.224,2.29,1.407,0.782,0.461,0.343,0.375,0.847,2.803,5.528,6.385,5.57,4.961,4.694,5.07,5.071,5.051,5.331,5.665,6.053,5.639,4.421,4.111,3.558,3.37,2.886,2.251,1.538,0.906,0.9,0.488,0.658,0.672,1.304,1.683,2.505,3.464,4.248,4.513,4.883,4.827,4.57,4.549,4.48,4.542,4.278,3.438,3.105,3.242,2.902,2.918,2.759,1.236,0.9,0.488,0.658,0.663,1.258,1.614,2.387,3.289,3.97,4.327,4.46,4.527,4.709,4.542,4.488,4.536,4.331,3.679,3.42,3.527,3.263,3.275,0.799,0.524,0.607,0.48,1.071,3.022,5.946,6.187,6.051,4.737,4.262,4.429,4.478,4.771,5.019,5.492,6.324,5.876,4.362,3.313,2.85,2.847,1.969,1.151
516,0.68,0.384,0.274,0.359,0.856,3.017,5.993,6.462,5.895,5.366,4.619,5.043,4.977,4.855,5.027,5.68,6.471,6.107,4.484,3.393,3.157,2.806,2.1,1.213,0.736,0.462,0.295,0.373,0.848,3.0,5.953,6.533,5.949,5.123,4.717,4.909,4.978,5.066,5.228,5.527,5.79,6.202,4.683,3.765,3.266,3.224,2.29,1.407,0.782,0.461,0.343,0.375,0.847,2.803,5.528,6.385,5.57,4.961,4.694,5.07,5.071,5.051,5.331,5.665,6.053,5.639,4.421,4.111,3.558,3.37,2.886,2.251,1.538,0.906,0.9,0.488,0.658,0.672,1.304,1.683,2.505,3.464,4.248,4.513,4.883,4.827,4.57,4.549,4.48,4.542,4.278,3.438,3.105,3.242,2.902,2.918,2.759,1.236,0.9,0.488,0.658,0.663,1.258,1.614,2.387,3.289,3.97,4.327,4.46,4.527,4.709,4.542,4.488,4.536,4.331,3.679,3.42,3.527,3.263,3.275,0.799,0.524,0.607,0.48,1.071,3.022,5.946,6.187,6.051,4.737,4.262,4.429,4.478,4.771,5.019,5.492,6.324,5.876,4.362,3.313,2.85,2.847,1.969,1.151,0.686,0.448,0.294,0.328,0.85,2.962,6.013,6.173,5.771,4.905,4.523,4.603,4.807,4.905,5.032,5.476,6.238,5.627,4.36,3.485,2.974,2.798,2.22,1.254
517,0.736,0.462,0.295,0.373,0.848,3.0,5.953,6.533,5.949,5.123,4.717,4.909,4.978,5.066,5.228,5.527,5.79,6.202,4.683,3.765,3.266,3.224,2.29,1.407,0.782,0.461,0.343,0.375,0.847,2.803,5.528,6.385,5.57,4.961,4.694,5.07,5.071,5.051,5.331,5.665,6.053,5.639,4.421,4.111,3.558,3.37,2.886,2.251,1.538,0.906,0.9,0.488,0.658,0.672,1.304,1.683,2.505,3.464,4.248,4.513,4.883,4.827,4.57,4.549,4.48,4.542,4.278,3.438,3.105,3.242,2.902,2.918,2.759,1.236,0.9,0.488,0.658,0.663,1.258,1.614,2.387,3.289,3.97,4.327,4.46,4.527,4.709,4.542,4.488,4.536,4.331,3.679,3.42,3.527,3.263,3.275,0.799,0.524,0.607,0.48,1.071,3.022,5.946,6.187,6.051,4.737,4.262,4.429,4.478,4.771,5.019,5.492,6.324,5.876,4.362,3.313,2.85,2.847,1.969,1.151,0.686,0.448,0.294,0.328,0.85,2.962,6.013,6.173,5.771,4.905,4.523,4.603,4.807,4.905,5.032,5.476,6.238,5.627,4.36,3.485,2.974,2.798,2.22,1.254,0.698,0.44,0.315,0.357,0.87,3.008,5.395,5.917,6.009,5.064,4.574,4.684,4.708,4.793,5.07,5.642,6.465,5.965,4.648,3.693,3.076,2.824,2.349,1.422
518,0.782,0.461,0.343,0.375,0.847,2.803,5.528,6.385,5.57,4.961,4.694,5.07,5.071,5.051,5.331,5.665,6.053,5.639,4.421,4.111,3.558,3.37,2.886,2.251,1.538,0.906,0.9,0.488,0.658,0.672,1.304,1.683,2.505,3.464,4.248,4.513,4.883,4.827,4.57,4.549,4.48,4.542,4.278,3.438,3.105,3.242,2.902,2.918,2.759,1.236,0.9,0.488,0.658,0.663,1.258,1.614,2.387,3.289,3.97,4.327,4.46,4.527,4.709,4.542,4.488,4.536,4.331,3.679,3.42,3.527,3.263,3.275,0.799,0.524,0.607,0.48,1.071,3.022,5.946,6.187,6.051,4.737,4.262,4.429,4.478,4.771,5.019,5.492,6.324,5.876,4.362,3.313,2.85,2.847,1.969,1.151,0.686,0.448,0.294,0.328,0.85,2.962,6.013,6.173,5.771,4.905,4.523,4.603,4.807,4.905,5.032,5.476,6.238,5.627,4.36,3.485,2.974,2.798,2.22,1.254,0.698,0.44,0.315,0.357,0.87,3.008,5.395,5.917,6.009,5.064,4.574,4.684,4.708,4.793,5.07,5.642,6.465,5.965,4.648,3.693,3.076,2.824,2.349,1.422,0.92,0.563,0.624,0.802,1.227,3.193,6.083,6.473,6.16,5.031,4.508,4.794,5.061,4.821,5.017,5.745,6.5,5.937,4.63,3.744,3.162,3.39,2.537,1.505
519,1.538,0.906,0.9,0.488,0.658,0.672,1.304,1.683,2.505,3.464,4.248,4.513,4.883,4.827,4.57,4.549,4.48,4.542,4.278,3.438,3.105,3.242,2.902,2.918,2.759,1.236,0.9,0.488,0.658,0.663,1.258,1.614,2.387,3.289,3.97,4.327,4.46,4.527,4.709,4.542,4.488,4.536,4.331,3.679,3.42,3.527,3.263,3.275,0.799,0.524,0.607,0.48,1.071,3.022,5.946,6.187,6.051,4.737,4.262,4.429,4.478,4.771,5.019,5.492,6.324,5.876,4.362,3.313,2.85,2.847,1.969,1.151,0.686,0.448,0.294,0.328,0.85,2.962,6.013,6.173,5.771,4.905,4.523,4.603,4.807,4.905,5.032,5.476,6.238,5.627,4.36,3.485,2.974,2.798,2.22,1.254,0.698,0.44,0.315,0.357,0.87,3.008,5.395,5.917,6.009,5.064,4.574,4.684,4.708,4.793,5.07,5.642,6.465,5.965,4.648,3.693,3.076,2.824,2.349,1.422,0.92,0.563,0.624,0.802,1.227,3.193,6.083,6.473,6.16,5.031,4.508,4.794,5.061,4.821,5.017,5.745,6.5,5.937,4.63,3.744,3.162,3.39,2.537,1.505,0.839,0.469,0.371,0.388,0.841,2.798,5.376,6.35,5.457,4.876,4.764,4.866,4.838,4.924,5.233,5.606,5.844,5.436,4.229,4.023,3.537,3.036,2.951,3.467
520,2.759,1.236,0.9,0.488,0.658,0.663,1.258,1.614,2.387,3.289,3.97,4.327,4.46,4.527,4.709,4.542,4.488,4.536,4.331,3.679,3.42,3.527,3.263,3.275,0.799,0.524,0.607,0.48,1.071,3.022,5.946,6.187,6.051,4.737,4.262,4.429,4.478,4.771,5.019,5.492,6.324,5.876,4.362,3.313,2.85,2.847,1.969,1.151,0.686,0.448,0.294,0.328,0.85,2.962,6.013,6.173,5.771,4.905,4.523,4.603,4.807,4.905,5.032,5.476,6.238,5.627,4.36,3.485,2.974,2.798,2.22,1.254,0.698,0.44,0.315,0.357,0.87,3.008,5.395,5.917,6.009,5.064,4.574,4.684,4.708,4.793,5.07,5.642,6.465,5.965,4.648,3.693,3.076,2.824,2.349,1.422,0.92,0.563,0.624,0.802,1.227,3.193,6.083,6.473,6.16,5.031,4.508,4.794,5.061,4.821,5.017,5.745,6.5,5.937,4.63,3.744,3.162,3.39,2.537,1.505,0.839,0.469,0.371,0.388,0.841,2.798,5.376,6.35,5.457,4.876,4.764,4.866,4.838,4.924,5.233,5.606,5.844,5.436,4.229,4.023,3.537,3.036,2.951,3.467,1.721,0.994,0.641,0.414,0.459,0.74,1.383,2.089,2.929,3.648,3.996,4.307,4.857,4.505,4.6,4.55,4.231,4.149,3.954,3.537,3.235,3.37,3.604,2.621
521,0.799,0.524,0.607,0.48,1.071,3.022,5.946,6.187,6.051,4.737,4.262,4.429,4.478,4.771,5.019,5.492,6.324,5.876,4.362,3.313,2.85,2.847,1.969,1.151,0.686,0.448,0.294,0.328,0.85,2.962,6.013,6.173,5.771,4.905,4.523,4.603,4.807,4.905,5.032,5.476,6.238,5.627,4.36,3.485,2.974,2.798,2.22,1.254,0.698,0.44,0.315,0.357,0.87,3.008,5.395,5.917,6.009,5.064,4.574,4.684,4.708,4.793,5.07,5.642,6.465,5.965,4.648,3.693,3.076,2.824,2.349,1.422,0.92,0.563,0.624,0.802,1.227,3.193,6.083,6.473,6.16,5.031,4.508,4.794,5.061,4.821,5.017,5.745,6.5,5.937,4.63,3.744,3.162,3.39,2.537,1.505,0.839,0.469,0.371,0.388,0.841,2.798,5.376,6.35,5.457,4.876,4.764,4.866,4.838,4.924,5.233,5.606,5.844,5.436,4.229,4.023,3.537,3.036,2.951,3.467,1.721,0.994,0.641,0.414,0.459,0.74,1.383,2.089,2.929,3.648,3.996,4.307,4.857,4.505,4.6,4.55,4.231,4.149,3.954,3.537,3.235,3.37,3.604,2.621,1.743,1.123,0.718,0.466,0.338,0.537,0.877,1.131,1.568,1.704,2.709,3.401,4.039,4.325,4.346,4.51,4.451,4.137,3.636,3.214,2.96,2.666,2.072,1.183
522,0.686,0.448,0.294,0.328,0.85,2.962,6.013,6.173,5.771,4.905,4.523,4.603,4.807,4.905,5.032,5.476,6.238,5.627,4.36,3.485,2.974,2.798,2.22,1.254,0.698,0.44,0.315,0.357,0.87,3.008,5.395,5.917,6.009,5.064,4.574,4.684,4.708,4.793,5.07,5.642,6.465,5.965,4.648,3.693,3.076,2.824,2.349,1.422,0.92,0.563,0.624,0.802,1.227,3.193,6.083,6.473,6.16,5.031,4.508,4.794,5.061,4.821,5.017,5.745,6.5,5.937,4.63,3.744,3.162,3.39,2.537,1.505,0.839,0.469,0.371,0.388,0.841,2.798,5.376,6.35,5.457,4.876,4.764,4.866,4.838,4.924,5.233,5.606,5.844,5.436,4.229,4.023,3.537,3.036,2.951,3.467,1.721,0.994,0.641,0.414,0.459,0.74,1.383,2.089,2.929,3.648,3.996,4.307,4.857,4.505,4.6,4.55,4.231,4.149,3.954,3.537,3.235,3.37,3.604,2.621,1.743,1.123,0.718,0.466,0.338,0.537,0.877,1.131,1.568,1.704,2.709,3.401,4.039,4.325,4.346,4.51,4.451,4.137,3.636,3.214,2.96,2.666,2.072,1.183,0.658,0.412,0.308,0.32,0.88,2.83,5.621,6.068,5.716,4.766,4.229,4.515,4.88,4.843,5.002,5.287,5.927,5.666,4.342,3.056,2.608,2.421,1.969,1.25
523,0.698,0.44,0.315,0.357,0.87,3.008,5.395,5.917,6.009,5.064,4.574,4.684,4.708,4.793,5.07,5.642,6.465,5.965,4.648,3.693,3.076,2.824,2.349,1.422,0.92,0.563,0.624,0.802,1.227,3.193,6.083,6.473,6.16,5.031,4.508,4.794,5.061,4.821,5.017,5.745,6.5,5.937,4.63,3.744,3.162,3.39,2.537,1.505,0.839,0.469,0.371,0.388,0.841,2.798,5.376,6.35,5.457,4.876,4.764,4.866,4.838,4.924,5.233,5.606,5.844,5.436,4.229,4.023,3.537,3.036,2.951,3.467,1.721,0.994,0.641,0.414,0.459,0.74,1.383,2.089,2.929,3.648,3.996,4.307,4.857,4.505,4.6,4.55,4.231,4.149,3.954,3.537,3.235,3.37,3.604,2.621,1.743,1.123,0.718,0.466,0.338,0.537,0.877,1.131,1.568,1.704,2.709,3.401,4.039,4.325,4.346,4.51,4.451,4.137,3.636,3.214,2.96,2.666,2.072,1.183,0.658,0.412,0.308,0.32,0.88,2.83,5.621,6.068,5.716,4.766,4.229,4.515,4.88,4.843,5.002,5.287,5.927,5.666,4.342,3.056,2.608,2.421,1.969,1.25,0.75,0.423,0.293,0.31,0.883,3.01,5.8,6.242,5.855,5.0,4.357,4.719,4.934,4.991,4.984,5.559,6.262,6.006,4.601,3.321,3.114,2.964,2.805,1.328
524,0.92,0.563,0.624,0.802,1.227,3.193,6.083,6.473,6.16,5.031,4.508,4.794,5.061,4.821,5.017,5.745,6.5,5.937,4.63,3.744,3.162,3.39,2.537,1.505,0.839,0.469,0.371,0.388,0.841,2.798,5.376,6.35,5.457,4.876,4.764,4.866,4.838,4.924,5.233,5.606,5.844,5.436,4.229,4.023,3.537,3.036,2.951,3.467,1.721,0.994,0.641,0.414,0.459,0.74,1.383,2.089,2.929,3.648,3.996,4.307,4.857,4.505,4.6,4.55,4.231,4.149,3.954,3.537,3.235,3.37,3.604,2.621,1.743,1.123,0.718,0.466,0.338,0.537,0.877,1.131,1.568,1.704,2.709,3.401,4.039,4.325,4.346,4.51,4.451,4.137,3.636,3.214,2.96,2.666,2.072,1.183,0.658,0.412,0.308,0.32,0.88,2.83,5.621,6.068,5.716,4.766,4.229,4.515,4.88,4.843,5.002,5.287,5.927,5.666,4.342,3.056,2.608,2.421,1.969,1.25,0.75,0.423,0.293,0.31,0.883,3.01,5.8,6.242,5.855,5.0,4.357,4.719,4.934,4.991,4.984,5.559,6.262,6.006,4.601,3.321,3.114,2.964,2.805,1.328,0.704,0.408,0.31,0.369,0.854,2.89,5.88,5.538,5.629,5.02,4.555,4.866,4.996,4.867,5.157,5.681,6.593,6.055,4.795,3.535,3.089,2.733,2.563,2.347
525,0.839,0.469,0.371,0.388,0.841,2.798,5.376,6.35,5.457,4.876,4.764,4.866,4.838,4.924,5.233,5.606,5.844,5.436,4.229,4.023,3.537,3.036,2.951,3.467,1.721,0.994,0.641,0.414,0.459,0.74,1.383,2.089,2.929,3.648,3.996,4.307,4.857,4.505,4.6,4.55,4.231,4.149,3.954,3.537,3.235,3.37,3.604,2.621,1.743,1.123,0.718,0.466,0.338,0.537,0.877,1.131,1.568,1.704,2.709,3.401,4.039,4.325,4.346,4.51,4.451,4.137,3.636,3.214,2.96,2.666,2.072,1.183,0.658,0.412,0.308,0.32,0.88,2.83,5.621,6.068,5.716,4.766,4.229,4.515,4.88,4.843,5.002,5.287,5.927,5.666,4.342,3.056,2.608,2.421,1.969,1.25,0.75,0.423,0.293,0.31,0.883,3.01,5.8,6.242,5.855,5.0,4.357,4.719,4.934,4.991,4.984,5.559,6.262,6.006,4.601,3.321,3.114,2.964,2.805,1.328,0.704,0.408,0.31,0.369,0.854,2.89,5.88,5.538,5.629,5.02,4.555,4.866,4.996,4.867,5.157,5.681,6.593,6.055,4.795,3.535,3.089,2.733,2.563,2.347,0.938,0.563,0.336,0.381,0.872,2.957,5.896,6.148,5.945,5.073,4.816,5.189,4.944,4.933,5.121,5.802,6.239,5.844,4.542,3.541,3.439,3.312,2.7,1.532
526,1.721,0.994,0.641,0.414,0.459,0.74,1.383,2.089,2.929,3.648,3.996,4.307,4.857,4.505,4.6,4.55,4.231,4.149,3.954,3.537,3.235,3.37,3.604,2.621,1.743,1.123,0.718,0.466,0.338,0.537,0.877,1.131,1.568,1.704,2.709,3.401,4.039,4.325,4.346,4.51,4.451,4.137,3.636,3.214,2.96,2.666,2.072,1.183,0.658,0.412,0.308,0.32,0.88,2.83,5.621,6.068,5.716,4.766,4.229,4.515,4.88,4.843,5.002,5.287,5.927,5.666,4.342,3.056,2.608,2.421,1.969,1.25,0.75,0.423,0.293,0.31,0.883,3.01,5.8,6.242,5.855,5.0,4.357,4.719,4.934,4.991,4.984,5.559,6.262,6.006,4.601,3.321,3.114,2.964,2.805,1.328,0.704,0.408,0.31,0.369,0.854,2.89,5.88,5.538,5.629,5.02,4.555,4.866,4.996,4.867,5.157,5.681,6.593,6.055,4.795,3.535,3.089,2.733,2.563,2.347,0.938,0.563,0.336,0.381,0.872,2.957,5.896,6.148,5.945,5.073,4.816,5.189,4.944,4.933,5.121,5.802,6.239,5.844,4.542,3.541,3.439,3.312,2.7,1.532,0.89,0.54,0.411,0.404,0.889,2.746,4.912,6.195,5.351,4.848,4.563,4.872,5.135,5.101,5.257,4.762,5.764,5.266,4.619,3.66,3.465,3.262,1.688,0.384
527,1.743,1.123,0.718,0.466,0.338,0.537,0.877,1.131,1.568,1.704,2.709,3.401,4.039,4.325,4.346,4.51,4.451,4.137,3.636,3.214,2.96,2.666,2.072,1.183,0.658,0.412,0.308,0.32,0.88,2.83,5.621,6.068,5.716,4.766,4.229,4.515,4.88,4.843,5.002,5.287,5.927,5.666,4.342,3.056,2.608,2.421,1.969,1.25,0.75,0.423,0.293,0.31,0.883,3.01,5.8,6.242,5.855,5.0,4.357,4.719,4.934,4.991,4.984,5.559,6.262,6.006,4.601,3.321,3.114,2.964,2.805,1.328,0.704,0.408,0.31,0.369,0.854,2.89,5.88,5.538,5.629,5.02,4.555,4.866,4.996,4.867,5.157,5.681,6.593,6.055,4.795,3.535,3.089,2.733,2.563,2.347,0.938,0.563,0.336,0.381,0.872,2.957,5.896,6.148,5.945,5.073,4.816,5.189,4.944,4.933,5.121,5.802,6.239,5.844,4.542,3.541,3.439,3.312,2.7,1.532,0.89,0.54,0.411,0.404,0.889,2.746,4.912,6.195,5.351,4.848,4.563,4.872,5.135,5.101,5.257,4.762,5.764,5.266,4.619,3.66,3.465,3.262,1.688,0.384,0.318,0.388,0.667,0.493,0.531,0.993,1.608,2.016,2.782,3.468,4.167,4.438,4.624,4.408,4.457,4.516,4.525,4.421,4.21,3.614,3.057,3.651,3.075,2.096
528,0.658,0.412,0.308,0.32,0.88,2.83,5.621,6.068,5.716,4.766,4.229,4.515,4.88,4.843,5.002,5.287,5.927,5.666,4.342,3.056,2.608,2.421,1.969,1.25,0.75,0.423,0.293,0.31,0.883,3.01,5.8,6.242,5.855,5.0,4.357,4.719,4.934,4.991,4.984,5.559,6.262,6.006,4.601,3.321,3.114,2.964,2.805,1.328,0.704,0.408,0.31,0.369,0.854,2.89,5.88,5.538,5.629,5.02,4.555,4.866,4.996,4.867,5.157,5.681,6.593,6.055,4.795,3.535,3.089,2.733,2.563,2.347,0.938,0.563,0.336,0.381,0.872,2.957,5.896,6.148,5.945,5.073,4.816,5.189,4.944,4.933,5.121,5.802,6.239,5.844,4.542,3.541,3.439,3.312,2.7,1.532,0.89,0.54,0.411,0.404,0.889,2.746,4.912,6.195,5.351,4.848,4.563,4.872,5.135,5.101,5.257,4.762,5.764,5.266,4.619,3.66,3.465,3.262,1.688,0.384,0.318,0.388,0.667,0.493,0.531,0.993,1.608,2.016,2.782,3.468,4.167,4.438,4.624,4.408,4.457,4.516,4.525,4.421,4.21,3.614,3.057,3.651,3.075,2.096,1.387,1.293,0.754,0.39,0.542,0.647,1.149,1.318,1.868,2.736,3.711,4.446,4.906,4.642,4.482,4.374,4.469,4.175,3.885,3.74,3.432,2.755,2.374,1.886
529,0.75,0.423,0.293,0.31,0.883,3.01,5.8,6.242,5.855,5.0,4.357,4.719,4.934,4.991,4.984,5.559,6.262,6.006,4.601,3.321,3.114,2.964,2.805,1.328,0.704,0.408,0.31,0.369,0.854,2.89,5.88,5.538,5.629,5.02,4.555,4.866,4.996,4.867,5.157,5.681,6.593,6.055,4.795,3.535,3.089,2.733,2.563,2.347,0.938,0.563,0.336,0.381,0.872,2.957,5.896,6.148,5.945,5.073,4.816,5.189,4.944,4.933,5.121,5.802,6.239,5.844,4.542,3.541,3.439,3.312,2.7,1.532,0.89,0.54,0.411,0.404,0.889,2.746,4.912,6.195,5.351,4.848,4.563,4.872,5.135,5.101,5.257,4.762,5.764,5.266,4.619,3.66,3.465,3.262,1.688,0.384,0.318,0.388,0.667,0.493,0.531,0.993,1.608,2.016,2.782,3.468,4.167,4.438,4.624,4.408,4.457,4.516,4.525,4.421,4.21,3.614,3.057,3.651,3.075,2.096,1.387,1.293,0.754,0.39,0.542,0.647,1.149,1.318,1.868,2.736,3.711,4.446,4.906,4.642,4.482,4.374,4.469,4.175,3.885,3.74,3.432,2.755,2.374,1.886,0.798,0.466,0.358,0.343,0.878,2.919,5.719,5.591,5.328,4.666,4.166,4.549,4.835,4.863,4.928,5.464,6.3,5.659,4.274,3.316,2.821,2.667,2.286,1.178
530,0.704,0.408,0.31,0.369,0.854,2.89,5.88,5.538,5.629,5.02,4.555,4.866,4.996,4.867,5.157,5.681,6.593,6.055,4.795,3.535,3.089,2.733,2.563,2.347,0.938,0.563,0.336,0.381,0.872,2.957,5.896,6.148,5.945,5.073,4.816,5.189,4.944,4.933,5.121,5.802,6.239,5.844,4.542,3.541,3.439,3.312,2.7,1.532,0.89,0.54,0.411,0.404,0.889,2.746,4.912,6.195,5.351,4.848,4.563,4.872,5.135,5.101,5.257,4.762,5.764,5.266,4.619,3.66,3.465,3.262,1.688,0.384,0.318,0.388,0.667,0.493,0.531,0.993,1.608,2.016,2.782,3.468,4.167,4.438,4.624,4.408,4.457,4.516,4.525,4.421,4.21,3.614,3.057,3.651,3.075,2.096,1.387,1.293,0.754,0.39,0.542,0.647,1.149,1.318,1.868,2.736,3.711,4.446,4.906,4.642,4.482,4.374,4.469,4.175,3.885,3.74,3.432,2.755,2.374,1.886,0.798,0.466,0.358,0.343,0.878,2.919,5.719,5.591,5.328,4.666,4.166,4.549,4.835,4.863,4.928,5.464,6.3,5.659,4.274,3.316,2.821,2.667,2.286,1.178,0.718,0.437,0.318,0.346,0.826,2.891,5.457,5.665,6.019,5.033,4.424,4.699,4.841,4.849,5.049,5.561,6.395,6.221,4.71,3.363,2.872,2.739,2.08,1.286
531,0.938,0.563,0.336,0.381,0.872,2.957,5.896,6.148,5.945,5.073,4.816,5.189,4.944,4.933,5.121,5.802,6.239,5.844,4.542,3.541,3.439,3.312,2.7,1.532,0.89,0.54,0.411,0.404,0.889,2.746,4.912,6.195,5.351,4.848,4.563,4.872,5.135,5.101,5.257,4.762,5.764,5.266,4.619,3.66,3.465,3.262,1.688,0.384,0.318,0.388,0.667,0.493,0.531,0.993,1.608,2.016,2.782,3.468,4.167,4.438,4.624,4.408,4.457,4.516,4.525,4.421,4.21,3.614,3.057,3.651,3.075,2.096,1.387,1.293,0.754,0.39,0.542,0.647,1.149,1.318,1.868,2.736,3.711,4.446,4.906,4.642,4.482,4.374,4.469,4.175,3.885,3.74,3.432,2.755,2.374,1.886,0.798,0.466,0.358,0.343,0.878,2.919,5.719,5.591,5.328,4.666,4.166,4.549,4.835,4.863,4.928,5.464,6.3,5.659,4.274,3.316,2.821,2.667,2.286,1.178,0.718,0.437,0.318,0.346,0.826,2.891,5.457,5.665,6.019,5.033,4.424,4.699,4.841,4.849,5.049,5.561,6.395,6.221,4.71,3.363,2.872,2.739,2.08,1.286,0.731,0.45,0.355,0.381,0.915,3.011,5.89,6.579,6.047,4.987,4.45,4.808,4.928,4.961,5.0,5.719,6.576,6.673,5.252,3.462,3.152,2.792,2.157,1.402
532,0.89,0.54,0.411,0.404,0.889,2.746,4.912,6.195,5.351,4.848,4.563,4.872,5.135,5.101,5.257,4.762,5.764,5.266,4.619,3.66,3.465,3.262,1.688,0.384,0.318,0.388,0.667,0.493,0.531,0.993,1.608,2.016,2.782,3.468,4.167,4.438,4.624,4.408,4.457,4.516,4.525,4.421,4.21,3.614,3.057,3.651,3.075,2.096,1.387,1.293,0.754,0.39,0.542,0.647,1.149,1.318,1.868,2.736,3.711,4.446,4.906,4.642,4.482,4.374,4.469,4.175,3.885,3.74,3.432,2.755,2.374,1.886,0.798,0.466,0.358,0.343,0.878,2.919,5.719,5.591,5.328,4.666,4.166,4.549,4.835,4.863,4.928,5.464,6.3,5.659,4.274,3.316,2.821,2.667,2.286,1.178,0.718,0.437,0.318,0.346,0.826,2.891,5.457,5.665,6.019,5.033,4.424,4.699,4.841,4.849,5.049,5.561,6.395,6.221,4.71,3.363,2.872,2.739,2.08,1.286,0.731,0.45,0.355,0.381,0.915,3.011,5.89,6.579,6.047,4.987,4.45,4.808,4.928,4.961,5.0,5.719,6.576,6.673,5.252,3.462,3.152,2.792,2.157,1.402,0.844,0.514,0.336,0.417,0.897,2.88,5.585,6.018,6.044,4.886,4.445,4.659,4.88,4.833,5.123,5.652,6.196,6.037,4.564,3.602,3.245,3.168,2.844,1.501
533,0.318,0.388,0.667,0.493,0.531,0.993,1.608,2.016,2.782,3.468,4.167,4.438,4.624,4.408,4.457,4.516,4.525,4.421,4.21,3.614,3.057,3.651,3.075,2.096,1.387,1.293,0.754,0.39,0.542,0.647,1.149,1.318,1.868,2.736,3.711,4.446,4.906,4.642,4.482,4.374,4.469,4.175,3.885,3.74,3.432,2.755,2.374,1.886,0.798,0.466,0.358,0.343,0.878,2.919,5.719,5.591,5.328,4.666,4.166,4.549,4.835,4.863,4.928,5.464,6.3,5.659,4.274,3.316,2.821,2.667,2.286,1.178,0.718,0.437,0.318,0.346,0.826,2.891,5.457,5.665,6.019,5.033,4.424,4.699,4.841,4.849,5.049,5.561,6.395,6.221,4.71,3.363,2.872,2.739,2.08,1.286,0.731,0.45,0.355,0.381,0.915,3.011,5.89,6.579,6.047,4.987,4.45,4.808,4.928,4.961,5.0,5.719,6.576,6.673,5.252,3.462,3.152,2.792,2.157,1.402,0.844,0.514,0.336,0.417,0.897,2.88,5.585,6.018,6.044,4.886,4.445,4.659,4.88,4.833,5.123,5.652,6.196,6.037,4.564,3.602,3.245,3.168,2.844,1.501,1.036,0.656,0.561,0.636,1.023,2.978,5.484,6.583,5.669,5.036,4.888,5.367,5.467,5.23,5.295,5.606,5.868,5.267,4.543,3.857,3.441,4.165,3.507,2.494
534,1.387,1.293,0.754,0.39,0.542,0.647,1.149,1.318,1.868,2.736,3.711,4.446,4.906,4.642,4.482,4.374,4.469,4.175,3.885,3.74,3.432,2.755,2.374,1.886,0.798,0.466,0.358,0.343,0.878,2.919,5.719,5.591,5.328,4.666,4.166,4.549,4.835,4.863,4.928,5.464,6.3,5.659,4.274,3.316,2.821,2.667,2.286,1.178,0.718,0.437,0.318,0.346,0.826,2.891,5.457,5.665,6.019,5.033,4.424,4.699,4.841,4.849,5.049,5.561,6.395,6.221,4.71,3.363,2.872,2.739,2.08,1.286,0.731,0.45,0.355,0.381,0.915,3.011,5.89,6.579,6.047,4.987,4.45,4.808,4.928,4.961,5.0,5.719,6.576,6.673,5.252,3.462,3.152,2.792,2.157,1.402,0.844,0.514,0.336,0.417,0.897,2.88,5.585,6.018,6.044,4.886,4.445,4.659,4.88,4.833,5.123,5.652,6.196,6.037,4.564,3.602,3.245,3.168,2.844,1.501,1.036,0.656,0.561,0.636,1.023,2.978,5.484,6.583,5.669,5.036,4.888,5.367,5.467,5.23,5.295,5.606,5.868,5.267,4.543,3.857,3.441,4.165,3.507,2.494,1.496,0.871,0.637,0.461,0.544,1.042,1.601,2.304,3.141,3.659,3.976,4.198,4.651,4.564,4.56,4.573,4.358,4.307,4.036,3.46,3.19,3.322,3.431,2.378
535,0.798,0.466,0.358,0.343,0.878,2.919,5.719,5.591,5.328,4.666,4.166,4.549,4.835,4.863,4.928,5.464,6.3,5.659,4.274,3.316,2.821,2.667,2.286,1.178,0.718,0.437,0.318,0.346,0.826,2.891,5.457,5.665,6.019,5.033,4.424,4.699,4.841,4.849,5.049,5.561,6.395,6.221,4.71,3.363,2.872,2.739,2.08,1.286,0.731,0.45,0.355,0.381,0.915,3.011,5.89,6.579,6.047,4.987,4.45,4.808,4.928,4.961,5.0,5.719,6.576,6.673,5.252,3.462,3.152,2.792,2.157,1.402,0.844,0.514,0.336,0.417,0.897,2.88,5.585,6.018,6.044,4.886,4.445,4.659,4.88,4.833,5.123,5.652,6.196,6.037,4.564,3.602,3.245,3.168,2.844,1.501,1.036,0.656,0.561,0.636,1.023,2.978,5.484,6.583,5.669,5.036,4.888,5.367,5.467,5.23,5.295,5.606,5.868,5.267,4.543,3.857,3.441,4.165,3.507,2.494,1.496,0.871,0.637,0.461,0.544,1.042,1.601,2.304,3.141,3.659,3.976,4.198,4.651,4.564,4.56,4.573,4.358,4.307,4.036,3.46,3.19,3.322,3.431,2.378,1.751,1.015,0.719,0.458,0.445,0.687,1.171,1.628,2.284,3.39,4.178,3.916,4.398,4.379,4.414,4.467,4.107,3.909,3.673,3.28,3.829,2.782,2.042,1.255
536,0.718,0.437,0.318,0.346,0.826,2.891,5.457,5.665,6.019,5.033,4.424,4.699,4.841,4.849,5.049,5.561,6.395,6.221,4.71,3.363,2.872,2.739,2.08,1.286,0.731,0.45,0.355,0.381,0.915,3.011,5.89,6.579,6.047,4.987,4.45,4.808,4.928,4.961,5.0,5.719,6.576,6.673,5.252,3.462,3.152,2.792,2.157,1.402,0.844,0.514,0.336,0.417,0.897,2.88,5.585,6.018,6.044,4.886,4.445,4.659,4.88,4.833,5.123,5.652,6.196,6.037,4.564,3.602,3.245,3.168,2.844,1.501,1.036,0.656,0.561,0.636,1.023,2.978,5.484,6.583,5.669,5.036,4.888,5.367,5.467,5.23,5.295,5.606,5.868,5.267,4.543,3.857,3.441,4.165,3.507,2.494,1.496,0.871,0.637,0.461,0.544,1.042,1.601,2.304,3.141,3.659,3.976,4.198,4.651,4.564,4.56,4.573,4.358,4.307,4.036,3.46,3.19,3.322,3.431,2.378,1.751,1.015,0.719,0.458,0.445,0.687,1.171,1.628,2.284,3.39,4.178,3.916,4.398,4.379,4.414,4.467,4.107,3.909,3.673,3.28,3.829,2.782,2.042,1.255,0.752,0.445,0.33,0.348,0.843,2.81,5.431,6.227,5.612,4.458,4.088,4.495,4.714,4.737,4.762,5.442,6.255,5.866,4.185,3.202,2.836,2.519,1.818,1.173
537,0.731,0.45,0.355,0.381,0.915,3.011,5.89,6.579,6.047,4.987,4.45,4.808,4.928,4.961,5.0,5.719,6.576,6.673,5.252,3.462,3.152,2.792,2.157,1.402,0.844,0.514,0.336,0.417,0.897,2.88,5.585,6.018,6.044,4.886,4.445,4.659,4.88,4.833,5.123,5.652,6.196,6.037,4.564,3.602,3.245,3.168,2.844,1.501,1.036,0.656,0.561,0.636,1.023,2.978,5.484,6.583,5.669,5.036,4.888,5.367,5.467,5.23,5.295,5.606,5.868,5.267,4.543,3.857,3.441,4.165,3.507,2.494,1.496,0.871,0.637,0.461,0.544,1.042,1.601,2.304,3.141,3.659,3.976,4.198,4.651,4.564,4.56,4.573,4.358,4.307,4.036,3.46,3.19,3.322,3.431,2.378,1.751,1.015,0.719,0.458,0.445,0.687,1.171,1.628,2.284,3.39,4.178,3.916,4.398,4.379,4.414,4.467,4.107,3.909,3.673,3.28,3.829,2.782,2.042,1.255,0.752,0.445,0.33,0.348,0.843,2.81,5.431,6.227,5.612,4.458,4.088,4.495,4.714,4.737,4.762,5.442,6.255,5.866,4.185,3.202,2.836,2.519,1.818,1.173,0.676,0.429,0.34,0.334,0.85,2.909,5.706,6.422,5.857,4.823,4.313,4.529,4.752,4.691,5.031,5.497,6.387,6.018,4.451,3.322,2.965,3.057,2.022,1.113
538,0.844,0.514,0.336,0.417,0.897,2.88,5.585,6.018,6.044,4.886,4.445,4.659,4.88,4.833,5.123,5.652,6.196,6.037,4.564,3.602,3.245,3.168,2.844,1.501,1.036,0.656,0.561,0.636,1.023,2.978,5.484,6.583,5.669,5.036,4.888,5.367,5.467,5.23,5.295,5.606,5.868,5.267,4.543,3.857,3.441,4.165,3.507,2.494,1.496,0.871,0.637,0.461,0.544,1.042,1.601,2.304,3.141,3.659,3.976,4.198,4.651,4.564,4.56,4.573,4.358,4.307,4.036,3.46,3.19,3.322,3.431,2.378,1.751,1.015,0.719,0.458,0.445,0.687,1.171,1.628,2.284,3.39,4.178,3.916,4.398,4.379,4.414,4.467,4.107,3.909,3.673,3.28,3.829,2.782,2.042,1.255,0.752,0.445,0.33,0.348,0.843,2.81,5.431,6.227,5.612,4.458,4.088,4.495,4.714,4.737,4.762,5.442,6.255,5.866,4.185,3.202,2.836,2.519,1.818,1.173,0.676,0.429,0.34,0.334,0.85,2.909,5.706,6.422,5.857,4.823,4.313,4.529,4.752,4.691,5.031,5.497,6.387,6.018,4.451,3.322,2.965,3.057,2.022,1.113,0.615,0.389,0.289,0.305,0.872,2.747,5.268,5.32,5.203,4.93,4.26,4.621,4.891,4.789,5.079,5.645,6.374,6.039,4.328,3.499,2.947,2.997,2.24,1.327
539,1.036,0.656,0.561,0.636,1.023,2.978,5.484,6.583,5.669,5.036,4.888,5.367,5.467,5.23,5.295,5.606,5.868,5.267,4.543,3.857,3.441,4.165,3.507,2.494,1.496,0.871,0.637,0.461,0.544,1.042,1.601,2.304,3.141,3.659,3.976,4.198,4.651,4.564,4.56,4.573,4.358,4.307,4.036,3.46,3.19,3.322,3.431,2.378,1.751,1.015,0.719,0.458,0.445,0.687,1.171,1.628,2.284,3.39,4.178,3.916,4.398,4.379,4.414,4.467,4.107,3.909,3.673,3.28,3.829,2.782,2.042,1.255,0.752,0.445,0.33,0.348,0.843,2.81,5.431,6.227,5.612,4.458,4.088,4.495,4.714,4.737,4.762,5.442,6.255,5.866,4.185,3.202,2.836,2.519,1.818,1.173,0.676,0.429,0.34,0.334,0.85,2.909,5.706,6.422,5.857,4.823,4.313,4.529,4.752,4.691,5.031,5.497,6.387,6.018,4.451,3.322,2.965,3.057,2.022,1.113,0.615,0.389,0.289,0.305,0.872,2.747,5.268,5.32,5.203,4.93,4.26,4.621,4.891,4.789,5.079,5.645,6.374,6.039,4.328,3.499,2.947,2.997,2.24,1.327,0.847,0.599,0.464,0.492,1.002,2.938,5.904,6.747,5.679,4.784,4.381,4.606,5.065,5.068,5.081,5.821,6.49,5.804,4.676,3.625,3.329,3.346,2.603,1.533
540,1.496,0.871,0.637,0.461,0.544,1.042,1.601,2.304,3.141,3.659,3.976,4.198,4.651,4.564,4.56,4.573,4.358,4.307,4.036,3.46,3.19,3.322,3.431,2.378,1.751,1.015,0.719,0.458,0.445,0.687,1.171,1.628,2.284,3.39,4.178,3.916,4.398,4.379,4.414,4.467,4.107,3.909,3.673,3.28,3.829,2.782,2.042,1.255,0.752,0.445,0.33,0.348,0.843,2.81,5.431,6.227,5.612,4.458,4.088,4.495,4.714,4.737,4.762,5.442,6.255,5.866,4.185,3.202,2.836,2.519,1.818,1.173,0.676,0.429,0.34,0.334,0.85,2.909,5.706,6.422,5.857,4.823,4.313,4.529,4.752,4.691,5.031,5.497,6.387,6.018,4.451,3.322,2.965,3.057,2.022,1.113,0.615,0.389,0.289,0.305,0.872,2.747,5.268,5.32,5.203,4.93,4.26,4.621,4.891,4.789,5.079,5.645,6.374,6.039,4.328,3.499,2.947,2.997,2.24,1.327,0.847,0.599,0.464,0.492,1.002,2.938,5.904,6.747,5.679,4.784,4.381,4.606,5.065,5.068,5.081,5.821,6.49,5.804,4.676,3.625,3.329,3.346,2.603,1.533,0.83,0.531,0.383,0.392,0.871,2.664,5.219,5.934,4.94,4.618,4.638,4.725,5.229,5.263,5.392,5.602,5.718,4.756,3.988,3.551,3.138,3.129,3.318,2.097
541,1.751,1.015,0.719,0.458,0.445,0.687,1.171,1.628,2.284,3.39,4.178,3.916,4.398,4.379,4.414,4.467,4.107,3.909,3.673,3.28,3.829,2.782,2.042,1.255,0.752,0.445,0.33,0.348,0.843,2.81,5.431,6.227,5.612,4.458,4.088,4.495,4.714,4.737,4.762,5.442,6.255,5.866,4.185,3.202,2.836,2.519,1.818,1.173,0.676,0.429,0.34,0.334,0.85,2.909,5.706,6.422,5.857,4.823,4.313,4.529,4.752,4.691,5.031,5.497,6.387,6.018,4.451,3.322,2.965,3.057,2.022,1.113,0.615,0.389,0.289,0.305,0.872,2.747,5.268,5.32,5.203,4.93,4.26,4.621,4.891,4.789,5.079,5.645,6.374,6.039,4.328,3.499,2.947,2.997,2.24,1.327,0.847,0.599,0.464,0.492,1.002,2.938,5.904,6.747,5.679,4.784,4.381,4.606,5.065,5.068,5.081,5.821,6.49,5.804,4.676,3.625,3.329,3.346,2.603,1.533,0.83,0.531,0.383,0.392,0.871,2.664,5.219,5.934,4.94,4.618,4.638,4.725,5.229,5.263,5.392,5.602,5.718,4.756,3.988,3.551,3.138,3.129,3.318,2.097,1.32,0.958,0.77,0.465,0.499,1.026,1.769,2.126,2.649,3.257,3.768,4.037,4.091,4.217,4.042,4.123,3.783,3.79,3.761,3.146,2.95,2.876,3.677,2.845
542,0.752,0.445,0.33,0.348,0.843,2.81,5.431,6.227,5.612,4.458,4.088,4.495,4.714,4.737,4.762,5.442,6.255,5.866,4.185,3.202,2.836,2.519,1.818,1.173,0.676,0.429,0.34,0.334,0.85,2.909,5.706,6.422,5.857,4.823,4.313,4.529,4.752,4.691,5.031,5.497,6.387,6.018,4.451,3.322,2.965,3.057,2.022,1.113,0.615,0.389,0.289,0.305,0.872,2.747,5.268,5.32,5.203,4.93,4.26,4.621,4.891,4.789,5.079,5.645,6.374,6.039,4.328,3.499,2.947,2.997,2.24,1.327,0.847,0.599,0.464,0.492,1.002,2.938,5.904,6.747,5.679,4.784,4.381,4.606,5.065,5.068,5.081,5.821,6.49,5.804,4.676,3.625,3.329,3.346,2.603,1.533,0.83,0.531,0.383,0.392,0.871,2.664,5.219,5.934,4.94,4.618,4.638,4.725,5.229,5.263,5.392,5.602,5.718,4.756,3.988,3.551,3.138,3.129,3.318,2.097,1.32,0.958,0.77,0.465,0.499,1.026,1.769,2.126,2.649,3.257,3.768,4.037,4.091,4.217,4.042,4.123,3.783,3.79,3.761,3.146,2.95,2.876,3.677,2.845,1.536,1.071,0.77,0.465,0.499,0.0,0.0,0.0,0.0,2.638,3.266,3.566,3.816,3.908,3.842,3.765,3.654,3.545,3.347,3.117,2.958,2.854,2.523,1.596
543,0.676,0.429,0.34,0.334,0.85,2.909,5.706,6.422,5.857,4.823,4.313,4.529,4.752,4.691,5.031,5.497,6.387,6.018,4.451,3.322,2.965,3.057,2.022,1.113,0.615,0.389,0.289,0.305,0.872,2.747,5.268,5.32,5.203,4.93,4.26,4.621,4.891,4.789,5.079,5.645,6.374,6.039,4.328,3.499,2.947,2.997,2.24,1.327,0.847,0.599,0.464,0.492,1.002,2.938,5.904,6.747,5.679,4.784,4.381,4.606,5.065,5.068,5.081,5.821,6.49,5.804,4.676,3.625,3.329,3.346,2.603,1.533,0.83,0.531,0.383,0.392,0.871,2.664,5.219,5.934,4.94,4.618,4.638,4.725,5.229,5.263,5.392,5.602,5.718,4.756,3.988,3.551,3.138,3.129,3.318,2.097,1.32,0.958,0.77,0.465,0.499,1.026,1.769,2.126,2.649,3.257,3.768,4.037,4.091,4.217,4.042,4.123,3.783,3.79,3.761,3.146,2.95,2.876,3.677,2.845,1.536,1.071,0.77,0.465,0.499,0.0,0.0,0.0,0.0,2.638,3.266,3.566,3.816,3.908,3.842,3.765,3.654,3.545,3.347,3.117,2.958,2.854,2.523,1.596,0.956,0.619,0.488,0.428,0.935,1.788,3.353,4.011,3.356,3.423,3.467,3.897,4.222,4.364,4.569,4.942,4.791,4.29,3.567,3.146,2.69,2.437,2.106,1.606
544,0.615,0.389,0.289,0.305,0.872,2.747,5.268,5.32,5.203,4.93,4.26,4.621,4.891,4.789,5.079,5.645,6.374,6.039,4.328,3.499,2.947,2.997,2.24,1.327,0.847,0.599,0.464,0.492,1.002,2.938,5.904,6.747,5.679,4.784,4.381,4.606,5.065,5.068,5.081,5.821,6.49,5.804,4.676,3.625,3.329,3.346,2.603,1.533,0.83,0.531,0.383,0.392,0.871,2.664,5.219,5.934,4.94,4.618,4.638,4.725,5.229,5.263,5.392,5.602,5.718,4.756,3.988,3.551,3.138,3.129,3.318,2.097,1.32,0.958,0.77,0.465,0.499,1.026,1.769,2.126,2.649,3.257,3.768,4.037,4.091,4.217,4.042,4.123,3.783,3.79,3.761,3.146,2.95,2.876,3.677,2.845,1.536,1.071,0.77,0.465,0.499,0.0,0.0,0.0,0.0,2.638,3.266,3.566,3.816,3.908,3.842,3.765,3.654,3.545,3.347,3.117,2.958,2.854,2.523,1.596,0.956,0.619,0.488,0.428,0.935,1.788,3.353,4.011,3.356,3.423,3.467,3.897,4.222,4.364,4.569,4.942,4.791,4.29,3.567,3.146,2.69,2.437,2.106,1.606,1.225,0.746,0.592,0.44,0.443,0.775,1.125,1.091,1.333,1.939,2.385,2.921,3.101,3.108,3.408,3.379,3.35,3.398,2.943,2.828,2.906,2.696,2.837,2.236
545,0.847,0.599,0.464,0.492,1.002,2.938,5.904,6.747,5.679,4.784,4.381,4.606,5.065,5.068,5.081,5.821,6.49,5.804,4.676,3.625,3.329,3.346,2.603,1.533,0.83,0.531,0.383,0.392,0.871,2.664,5.219,5.934,4.94,4.618,4.638,4.725,5.229,5.263,5.392,5.602,5.718,4.756,3.988,3.551,3.138,3.129,3.318,2.097,1.32,0.958,0.77,0.465,0.499,1.026,1.769,2.126,2.649,3.257,3.768,4.037,4.091,4.217,4.042,4.123,3.783,3.79,3.761,3.146,2.95,2.876,3.677,2.845,1.536,1.071,0.77,0.465,0.499,0.0,0.0,0.0,0.0,2.638,3.266,3.566,3.816,3.908,3.842,3.765,3.654,3.545,3.347,3.117,2.958,2.854,2.523,1.596,0.956,0.619,0.488,0.428,0.935,1.788,3.353,4.011,3.356,3.423,3.467,3.897,4.222,4.364,4.569,4.942,4.791,4.29,3.567,3.146,2.69,2.437,2.106,1.606,1.225,0.746,0.592,0.44,0.443,0.775,1.125,1.091,1.333,1.939,2.385,2.921,3.101,3.108,3.408,3.379,3.35,3.398,2.943,2.828,2.906,2.696,2.837,2.236,1.237,0.698,0.428,0.431,0.818,2.693,5.041,5.832,5.038,4.425,4.035,4.245,4.581,4.723,4.877,5.22,6.052,5.706,4.202,3.206,2.713,2.505,1.93,1.335
546,0.83,0.531,0.383,0.392,0.871,2.664,5.219,5.934,4.94,4.618,4.638,4.725,5.229,5.263,5.392,5.602,5.718,4.756,3.988,3.551,3.138,3.129,3.318,2.097,1.32,0.958,0.77,0.465,0.499,1.026,1.769,2.126,2.649,3.257,3.768,4.037,4.091,4.217,4.042,4.123,3.783,3.79,3.761,3.146,2.95,2.876,3.677,2.845,1.536,1.071,0.77,0.465,0.499,0.0,0.0,0.0,0.0,2.638,3.266,3.566,3.816,3.908,3.842,3.765,3.654,3.545,3.347,3.117,2.958,2.854,2.523,1.596,0.956,0.619,0.488,0.428,0.935,1.788,3.353,4.011,3.356,3.423,3.467,3.897,4.222,4.364,4.569,4.942,4.791,4.29,3.567,3.146,2.69,2.437,2.106,1.606,1.225,0.746,0.592,0.44,0.443,0.775,1.125,1.091,1.333,1.939,2.385,2.921,3.101,3.108,3.408,3.379,3.35,3.398,2.943,2.828,2.906,2.696,2.837,2.236,1.237,0.698,0.428,0.431,0.818,2.693,5.041,5.832,5.038,4.425,4.035,4.245,4.581,4.723,4.877,5.22,6.052,5.706,4.202,3.206,2.713,2.505,1.93,1.335,0.694,0.417,0.315,0.305,0.796,2.741,5.409,6.182,5.356,4.707,4.153,4.492,4.681,4.705,4.996,5.364,6.139,5.833,4.398,3.434,2.996,3.839,2.328,1.482
547,1.32,0.958,0.77,0.465,0.499,1.026,1.769,2.126,2.649,3.257,3.768,4.037,4.091,4.217,4.042,4.123,3.783,3.79,3.761,3.146,2.95,2.876,3.677,2.845,1.536,1.071,0.77,0.465,0.499,0.0,0.0,0.0,0.0,2.638,3.266,3.566,3.816,3.908,3.842,3.765,3.654,3.545,3.347,3.117,2.958,2.854,2.523,1.596,0.956,0.619,0.488,0.428,0.935,1.788,3.353,4.011,3.356,3.423,3.467,3.897,4.222,4.364,4.569,4.942,4.791,4.29,3.567,3.146,2.69,2.437,2.106,1.606,1.225,0.746,0.592,0.44,0.443,0.775,1.125,1.091,1.333,1.939,2.385,2.921,3.101,3.108,3.408,3.379,3.35,3.398,2.943,2.828,2.906,2.696,2.837,2.236,1.237,0.698,0.428,0.431,0.818,2.693,5.041,5.832,5.038,4.425,4.035,4.245,4.581,4.723,4.877,5.22,6.052,5.706,4.202,3.206,2.713,2.505,1.93,1.335,0.694,0.417,0.315,0.305,0.796,2.741,5.409,6.182,5.356,4.707,4.153,4.492,4.681,4.705,4.996,5.364,6.139,5.833,4.398,3.434,2.996,3.839,2.328,1.482,0.826,0.452,0.364,0.349,0.874,2.727,5.097,5.721,5.251,4.55,4.254,4.784,5.012,5.032,5.3,5.623,5.625,5.75,4.681,3.647,3.136,3.058,2.784,2.461
548,1.536,1.071,0.77,0.465,0.499,0.0,0.0,0.0,0.0,2.638,3.266,3.566,3.816,3.908,3.842,3.765,3.654,3.545,3.347,3.117,2.958,2.854,2.523,1.596,0.956,0.619,0.488,0.428,0.935,1.788,3.353,4.011,3.356,3.423,3.467,3.897,4.222,4.364,4.569,4.942,4.791,4.29,3.567,3.146,2.69,2.437,2.106,1.606,1.225,0.746,0.592,0.44,0.443,0.775,1.125,1.091,1.333,1.939,2.385,2.921,3.101,3.108,3.408,3.379,3.35,3.398,2.943,2.828,2.906,2.696,2.837,2.236,1.237,0.698,0.428,0.431,0.818,2.693,5.041,5.832,5.038,4.425,4.035,4.245,4.581,4.723,4.877,5.22,6.052,5.706,4.202,3.206,2.713,2.505,1.93,1.335,0.694,0.417,0.315,0.305,0.796,2.741,5.409,6.182,5.356,4.707,4.153,4.492,4.681,4.705,4.996,5.364,6.139,5.833,4.398,3.434,2.996,3.839,2.328,1.482,0.826,0.452,0.364,0.349,0.874,2.727,5.097,5.721,5.251,4.55,4.254,4.784,5.012,5.032,5.3,5.623,5.625,5.75,4.681,3.647,3.136,3.058,2.784,2.461,1.403,0.829,0.626,0.389,0.433,0.841,1.374,1.836,2.547,3.285,3.699,4.213,4.442,4.126,4.476,4.238,4.232,4.088,3.872,3.353,3.164,3.097,2.863,2.183
549,0.956,0.619,0.488,0.428,0.935,1.788,3.353,4.011,3.356,3.423,3.467,3.897,4.222,4.364,4.569,4.942,4.791,4.29,3.567,3.146,2.69,2.437,2.106,1.606,1.225,0.746,0.592,0.44,0.443,0.775,1.125,1.091,1.333,1.939,2.385,2.921,3.101,3.108,3.408,3.379,3.35,3.398,2.943,2.828,2.906,2.696,2.837,2.236,1.237,0.698,0.428,0.431,0.818,2.693,5.041,5.832,5.038,4.425,4.035,4.245,4.581,4.723,4.877,5.22,6.052,5.706,4.202,3.206,2.713,2.505,1.93,1.335,0.694,0.417,0.315,0.305,0.796,2.741,5.409,6.182,5.356,4.707,4.153,4.492,4.681,4.705,4.996,5.364,6.139,5.833,4.398,3.434,2.996,3.839,2.328,1.482,0.826,0.452,0.364,0.349,0.874,2.727,5.097,5.721,5.251,4.55,4.254,4.784,5.012,5.032,5.3,5.623,5.625,5.75,4.681,3.647,3.136,3.058,2.784,2.461,1.403,0.829,0.626,0.389,0.433,0.841,1.374,1.836,2.547,3.285,3.699,4.213,4.442,4.126,4.476,4.238,4.232,4.088,3.872,3.353,3.164,3.097,2.863,2.183,1.532,0.886,0.722,0.37,0.363,0.64,0.913,1.171,2.043,2.861,3.325,3.922,4.182,4.309,4.33,4.514,4.348,4.107,3.87,3.257,3.032,2.623,1.722,1.172
550,1.225,0.746,0.592,0.44,0.443,0.775,1.125,1.091,1.333,1.939,2.385,2.921,3.101,3.108,3.408,3.379,3.35,3.398,2.943,2.828,2.906,2.696,2.837,2.236,1.237,0.698,0.428,0.431,0.818,2.693,5.041,5.832,5.038,4.425,4.035,4.245,4.581,4.723,4.877,5.22,6.052,5.706,4.202,3.206,2.713,2.505,1.93,1.335,0.694,0.417,0.315,0.305,0.796,2.741,5.409,6.182,5.356,4.707,4.153,4.492,4.681,4.705,4.996,5.364,6.139,5.833,4.398,3.434,2.996,3.839,2.328,1.482,0.826,0.452,0.364,0.349,0.874,2.727,5.097,5.721,5.251,4.55,4.254,4.784,5.012,5.032,5.3,5.623,5.625,5.75,4.681,3.647,3.136,3.058,2.784,2.461,1.403,0.829,0.626,0.389,0.433,0.841,1.374,1.836,2.547,3.285,3.699,4.213,4.442,4.126,4.476,4.238,4.232,4.088,3.872,3.353,3.164,3.097,2.863,2.183,1.532,0.886,0.722,0.37,0.363,0.64,0.913,1.171,2.043,2.861,3.325,3.922,4.182,4.309,4.33,4.514,4.348,4.107,3.87,3.257,3.032,2.623,1.722,1.172,0.649,0.397,0.257,0.342,0.873,2.862,5.677,6.597,5.827,4.634,0.0,4.324,4.751,4.752,5.183,0.0,6.107,5.991,4.167,3.22,2.853,2.804,2.038,1.183
551,1.237,0.698,0.428,0.431,0.818,2.693,5.041,5.832,5.038,4.425,4.035,4.245,4.581,4.723,4.877,5.22,6.052,5.706,4.202,3.206,2.713,2.505,1.93,1.335,0.694,0.417,0.315,0.305,0.796,2.741,5.409,6.182,5.356,4.707,4.153,4.492,4.681,4.705,4.996,5.364,6.139,5.833,4.398,3.434,2.996,3.839,2.328,1.482,0.826,0.452,0.364,0.349,0.874,2.727,5.097,5.721,5.251,4.55,4.254,4.784,5.012,5.032,5.3,5.623,5.625,5.75,4.681,3.647,3.136,3.058,2.784,2.461,1.403,0.829,0.626,0.389,0.433,0.841,1.374,1.836,2.547,3.285,3.699,4.213,4.442,4.126,4.476,4.238,4.232,4.088,3.872,3.353,3.164,3.097,2.863,2.183,1.532,0.886,0.722,0.37,0.363,0.64,0.913,1.171,2.043,2.861,3.325,3.922,4.182,4.309,4.33,4.514,4.348,4.107,3.87,3.257,3.032,2.623,1.722,1.172,0.649,0.397,0.257,0.342,0.873,2.862,5.677,6.597,5.827,4.634,0.0,4.324,4.751,4.752,5.183,0.0,6.107,5.991,4.167,3.22,2.853,2.804,2.038,1.183,0.674,0.392,0.299,0.328,0.877,3.021,5.814,6.409,5.788,4.805,4.461,4.552,5.096,5.023,5.049,5.444,6.319,6.021,4.365,3.367,3.139,3.115,2.354,1.246
552,0.694,0.417,0.315,0.305,0.796,2.741,5.409,6.182,5.356,4.707,4.153,4.492,4.681,4.705,4.996,5.364,6.139,5.833,4.398,3.434,2.996,3.839,2.328,1.482,0.826,0.452,0.364,0.349,0.874,2.727,5.097,5.721,5.251,4.55,4.254,4.784,5.012,5.032,5.3,5.623,5.625,5.75,4.681,3.647,3.136,3.058,2.784,2.461,1.403,0.829,0.626,0.389,0.433,0.841,1.374,1.836,2.547,3.285,3.699,4.213,4.442,4.126,4.476,4.238,4.232,4.088,3.872,3.353,3.164,3.097,2.863,2.183,1.532,0.886,0.722,0.37,0.363,0.64,0.913,1.171,2.043,2.861,3.325,3.922,4.182,4.309,4.33,4.514,4.348,4.107,3.87,3.257,3.032,2.623,1.722,1.172,0.649,0.397,0.257,0.342,0.873,2.862,5.677,6.597,5.827,4.634,0.0,4.324,4.751,4.752,5.183,0.0,6.107,5.991,4.167,3.22,2.853,2.804,2.038,1.183,0.674,0.392,0.299,0.328,0.877,3.021,5.814,6.409,5.788,4.805,4.461,4.552,5.096,5.023,5.049,5.444,6.319,6.021,4.365,3.367,3.139,3.115,2.354,1.246,0.704,0.453,0.281,0.358,0.848,2.96,5.631,6.337,6.098,5.228,4.451,4.669,4.983,4.99,5.356,5.744,6.673,6.01,4.473,3.41,3.319,2.851,2.217,1.292
553,0.826,0.452,0.364,0.349,0.874,2.727,5.097,5.721,5.251,4.55,4.254,4.784,5.012,5.032,5.3,5.623,5.625,5.75,4.681,3.647,3.136,3.058,2.784,2.461,1.403,0.829,0.626,0.389,0.433,0.841,1.374,1.836,2.547,3.285,3.699,4.213,4.442,4.126,4.476,4.238,4.232,4.088,3.872,3.353,3.164,3.097,2.863,2.183,1.532,0.886,0.722,0.37,0.363,0.64,0.913,1.171,2.043,2.861,3.325,3.922,4.182,4.309,4.33,4.514,4.348,4.107,3.87,3.257,3.032,2.623,1.722,1.172,0.649,0.397,0.257,0.342,0.873,2.862,5.677,6.597,5.827,4.634,0.0,4.324,4.751,4.752,5.183,0.0,6.107,5.991,4.167,3.22,2.853,2.804,2.038,1.183,0.674,0.392,0.299,0.328,0.877,3.021,5.814,6.409,5.788,4.805,4.461,4.552,5.096,5.023,5.049,5.444,6.319,6.021,4.365,3.367,3.139,3.115,2.354,1.246,0.704,0.453,0.281,0.358,0.848,2.96,5.631,6.337,6.098,5.228,4.451,4.669,4.983,4.99,5.356,5.744,6.673,6.01,4.473,3.41,3.319,2.851,2.217,1.292,0.669,0.434,0.33,0.348,0.869,2.836,5.799,6.576,6.026,4.959,4.498,4.82,4.983,4.984,5.293,5.799,6.458,5.996,4.58,3.724,3.127,3.123,2.894,1.524
554,1.403,0.829,0.626,0.389,0.433,0.841,1.374,1.836,2.547,3.285,3.699,4.213,4.442,4.126,4.476,4.238,4.232,4.088,3.872,3.353,3.164,3.097,2.863,2.183,1.532,0.886,0.722,0.37,0.363,0.64,0.913,1.171,2.043,2.861,3.325,3.922,4.182,4.309,4.33,4.514,4.348,4.107,3.87,3.257,3.032,2.623,1.722,1.172,0.649,0.397,0.257,0.342,0.873,2.862,5.677,6.597,5.827,4.634,0.0,4.324,4.751,4.752,5.183,0.0,6.107,5.991,4.167,3.22,2.853,2.804,2.038,1.183,0.674,0.392,0.299,0.328,0.877,3.021,5.814,6.409,5.788,4.805,4.461,4.552,5.096,5.023,5.049,5.444,6.319,6.021,4.365,3.367,3.139,3.115,2.354,1.246,0.704,0.453,0.281,0.358,0.848,2.96,5.631,6.337,6.098,5.228,4.451,4.669,4.983,4.99,5.356,5.744,6.673,6.01,4.473,3.41,3.319,2.851,2.217,1.292,0.669,0.434,0.33,0.348,0.869,2.836,5.799,6.576,6.026,4.959,4.498,4.82,4.983,4.984,5.293,5.799,6.458,5.996,4.58,3.724,3.127,3.123,2.894,1.524,0.968,0.628,0.471,0.504,0.938,3.044,5.607,6.221,5.772,4.866,4.526,4.98,5.265,5.074,5.282,5.632,5.849,5.119,4.314,3.872,3.37,3.356,3.834,3.401
555,1.532,0.886,0.722,0.37,0.363,0.64,0.913,1.171,2.043,2.861,3.325,3.922,4.182,4.309,4.33,4.514,4.348,4.107,3.87,3.257,3.032,2.623,1.722,1.172,0.649,0.397,0.257,0.342,0.873,2.862,5.677,6.597,5.827,4.634,0.0,4.324,4.751,4.752,5.183,0.0,6.107,5.991,4.167,3.22,2.853,2.804,2.038,1.183,0.674,0.392,0.299,0.328,0.877,3.021,5.814,6.409,5.788,4.805,4.461,4.552,5.096,5.023,5.049,5.444,6.319,6.021,4.365,3.367,3.139,3.115,2.354,1.246,0.704,0.453,0.281,0.358,0.848,2.96,5.631,6.337,6.098,5.228,4.451,4.669,4.983,4.99,5.356,5.744,6.673,6.01,4.473,3.41,3.319,2.851,2.217,1.292,0.669,0.434,0.33,0.348,0.869,2.836,5.799,6.576,6.026,4.959,4.498,4.82,4.983,4.984,5.293,5.799,6.458,5.996,4.58,3.724,3.127,3.123,2.894,1.524,0.968,0.628,0.471,0.504,0.938,3.044,5.607,6.221,5.772,4.866,4.526,4.98,5.265,5.074,5.282,5.632,5.849,5.119,4.314,3.872,3.37,3.356,3.834,3.401,1.643,0.901,0.673,0.462,0.427,0.796,1.431,1.991,2.98,3.629,3.869,4.31,4.484,4.199,4.216,4.133,4.187,4.049,4.065,3.434,3.057,3.224,3.183,2.239
556,0.649,0.397,0.257,0.342,0.873,2.862,5.677,6.597,5.827,4.634,0.0,4.324,4.751,4.752,5.183,0.0,6.107,5.991,4.167,3.22,2.853,2.804,2.038,1.183,0.674,0.392,0.299,0.328,0.877,3.021,5.814,6.409,5.788,4.805,4.461,4.552,5.096,5.023,5.049,5.444,6.319,6.021,4.365,3.367,3.139,3.115,2.354,1.246,0.704,0.453,0.281,0.358,0.848,2.96,5.631,6.337,6.098,5.228,4.451,4.669,4.983,4.99,5.356,5.744,6.673,6.01,4.473,3.41,3.319,2.851,2.217,1.292,0.669,0.434,0.33,0.348,0.869,2.836,5.799,6.576,6.026,4.959,4.498,4.82,4.983,4.984,5.293,5.799,6.458,5.996,4.58,3.724,3.127,3.123,2.894,1.524,0.968,0.628,0.471,0.504,0.938,3.044,5.607,6.221,5.772,4.866,4.526,4.98,5.265,5.074,5.282,5.632,5.849,5.119,4.314,3.872,3.37,3.356,3.834,3.401,1.643,0.901,0.673,0.462,0.427,0.796,1.431,1.991,2.98,3.629,3.869,4.31,4.484,4.199,4.216,4.133,4.187,4.049,4.065,3.434,3.057,3.224,3.183,2.239,1.674,1.114,0.792,0.486,0.497,0.586,0.985,1.373,2.021,2.809,3.47,4.131,4.321,4.425,4.369,4.34,4.256,4.069,3.799,3.658,4.258,2.985,2.334,1.386
557,0.674,0.392,0.299,0.328,0.877,3.021,5.814,6.409,5.788,4.805,4.461,4.552,5.096,5.023,5.049,5.444,6.319,6.021,4.365,3.367,3.139,3.115,2.354,1.246,0.704,0.453,0.281,0.358,0.848,2.96,5.631,6.337,6.098,5.228,4.451,4.669,4.983,4.99,5.356,5.744,6.673,6.01,4.473,3.41,3.319,2.851,2.217,1.292,0.669,0.434,0.33,0.348,0.869,2.836,5.799,6.576,6.026,4.959,4.498,4.82,4.983,4.984,5.293,5.799,6.458,5.996,4.58,3.724,3.127,3.123,2.894,1.524,0.968,0.628,0.471,0.504,0.938,3.044,5.607,6.221,5.772,4.866,4.526,4.98,5.265,5.074,5.282,5.632,5.849,5.119,4.314,3.872,3.37,3.356,3.834,3.401,1.643,0.901,0.673,0.462,0.427,0.796,1.431,1.991,2.98,3.629,3.869,4.31,4.484,4.199,4.216,4.133,4.187,4.049,4.065,3.434,3.057,3.224,3.183,2.239,1.674,1.114,0.792,0.486,0.497,0.586,0.985,1.373,2.021,2.809,3.47,4.131,4.321,4.425,4.369,4.34,4.256,4.069,3.799,3.658,4.258,2.985,2.334,1.386,0.816,0.481,0.34,0.337,0.842,2.812,5.572,6.391,5.771,4.615,4.154,4.485,4.601,4.914,5.009,5.442,6.289,6.002,4.401,3.282,2.807,2.578,1.709,1.016
558,0.704,0.453,0.281,0.358,0.848,2.96,5.631,6.337,6.098,5.228,4.451,4.669,4.983,4.99,5.356,5.744,6.673,6.01,4.473,3.41,3.319,2.851,2.217,1.292,0.669,0.434,0.33,0.348,0.869,2.836,5.799,6.576,6.026,4.959,4.498,4.82,4.983,4.984,5.293,5.799,6.458,5.996,4.58,3.724,3.127,3.123,2.894,1.524,0.968,0.628,0.471,0.504,0.938,3.044,5.607,6.221,5.772,4.866,4.526,4.98,5.265,5.074,5.282,5.632,5.849,5.119,4.314,3.872,3.37,3.356,3.834,3.401,1.643,0.901,0.673,0.462,0.427,0.796,1.431,1.991,2.98,3.629,3.869,4.31,4.484,4.199,4.216,4.133,4.187,4.049,4.065,3.434,3.057,3.224,3.183,2.239,1.674,1.114,0.792,0.486,0.497,0.586,0.985,1.373,2.021,2.809,3.47,4.131,4.321,4.425,4.369,4.34,4.256,4.069,3.799,3.658,4.258,2.985,2.334,1.386,0.816,0.481,0.34,0.337,0.842,2.812,5.572,6.391,5.771,4.615,4.154,4.485,4.601,4.914,5.009,5.442,6.289,6.002,4.401,3.282,2.807,2.578,1.709,1.016,0.622,0.357,0.269,0.344,0.845,2.903,5.773,6.702,6.128,4.737,4.296,4.482,4.842,4.873,5.137,5.626,6.59,6.315,4.548,3.36,3.014,2.762,1.995,1.211
559,0.669,0.434,0.33,0.348,0.869,2.836,5.799,6.576,6.026,4.959,4.498,4.82,4.983,4.984,5.293,5.799,6.458,5.996,4.58,3.724,3.127,3.123,2.894,1.524,0.968,0.628,0.471,0.504,0.938,3.044,5.607,6.221,5.772,4.866,4.526,4.98,5.265,5.074,5.282,5.632,5.849,5.119,4.314,3.872,3.37,3.356,3.834,3.401,1.643,0.901,0.673,0.462,0.427,0.796,1.431,1.991,2.98,3.629,3.869,4.31,4.484,4.199,4.216,4.133,4.187,4.049,4.065,3.434,3.057,3.224,3.183,2.239,1.674,1.114,0.792,0.486,0.497,0.586,0.985,1.373,2.021,2.809,3.47,4.131,4.321,4.425,4.369,4.34,4.256,4.069,3.799,3.658,4.258,2.985,2.334,1.386,0.816,0.481,0.34,0.337,0.842,2.812,5.572,6.391,5.771,4.615,4.154,4.485,4.601,4.914,5.009,5.442,6.289,6.002,4.401,3.282,2.807,2.578,1.709,1.016,0.622,0.357,0.269,0.344,0.845,2.903,5.773,6.702,6.128,4.737,4.296,4.482,4.842,4.873,5.137,5.626,6.59,6.315,4.548,3.36,3.014,2.762,1.995,1.211,0.785,0.478,0.328,0.424,1.035,3.104,5.944,6.447,5.899,5.1,4.681,5.013,4.911,5.125,5.902,6.026,6.401,6.105,4.617,3.276,2.804,2.815,2.029,1.228
560,0.968,0.628,0.471,0.504,0.938,3.044,5.607,6.221,5.772,4.866,4.526,4.98,5.265,5.074,5.282,5.632,5.849,5.119,4.314,3.872,3.37,3.356,3.834,3.401,1.643,0.901,0.673,0.462,0.427,0.796,1.431,1.991,2.98,3.629,3.869,4.31,4.484,4.199,4.216,4.133,4.187,4.049,4.065,3.434,3.057,3.224,3.183,2.239,1.674,1.114,0.792,0.486,0.497,0.586,0.985,1.373,2.021,2.809,3.47,4.131,4.321,4.425,4.369,4.34,4.256,4.069,3.799,3.658,4.258,2.985,2.334,1.386,0.816,0.481,0.34,0.337,0.842,2.812,5.572,6.391,5.771,4.615,4.154,4.485,4.601,4.914,5.009,5.442,6.289,6.002,4.401,3.282,2.807,2.578,1.709,1.016,0.622,0.357,0.269,0.344,0.845,2.903,5.773,6.702,6.128,4.737,4.296,4.482,4.842,4.873,5.137,5.626,6.59,6.315,4.548,3.36,3.014,2.762,1.995,1.211,0.785,0.478,0.328,0.424,1.035,3.104,5.944,6.447,5.899,5.1,4.681,5.013,4.911,5.125,5.902,6.026,6.401,6.105,4.617,3.276,2.804,2.815,2.029,1.228,0.832,0.495,0.361,0.385,0.93,3.008,5.862,6.446,6.317,5.051,4.371,4.684,4.917,5.105,5.175,5.635,6.421,6.024,4.752,3.611,3.346,3.198,2.339,1.525
561,1.643,0.901,0.673,0.462,0.427,0.796,1.431,1.991,2.98,3.629,3.869,4.31,4.484,4.199,4.216,4.133,4.187,4.049,4.065,3.434,3.057,3.224,3.183,2.239,1.674,1.114,0.792,0.486,0.497,0.586,0.985,1.373,2.021,2.809,3.47,4.131,4.321,4.425,4.369,4.34,4.256,4.069,3.799,3.658,4.258,2.985,2.334,1.386,0.816,0.481,0.34,0.337,0.842,2.812,5.572,6.391,5.771,4.615,4.154,4.485,4.601,4.914,5.009,5.442,6.289,6.002,4.401,3.282,2.807,2.578,1.709,1.016,0.622,0.357,0.269,0.344,0.845,2.903,5.773,6.702,6.128,4.737,4.296,4.482,4.842,4.873,5.137,5.626,6.59,6.315,4.548,3.36,3.014,2.762,1.995,1.211,0.785,0.478,0.328,0.424,1.035,3.104,5.944,6.447,5.899,5.1,4.681,5.013,4.911,5.125,5.902,6.026,6.401,6.105,4.617,3.276,2.804,2.815,2.029,1.228,0.832,0.495,0.361,0.385,0.93,3.008,5.862,6.446,6.317,5.051,4.371,4.684,4.917,5.105,5.175,5.635,6.421,6.024,4.752,3.611,3.346,3.198,2.339,1.525,0.888,0.565,0.333,0.371,0.813,2.728,5.187,6.031,5.379,4.541,4.323,4.66,5.074,5.096,5.341,5.64,5.937,5.362,4.734,3.671,3.321,3.31,3.196,2.094
562,1.674,1.114,0.792,0.486,0.497,0.586,0.985,1.373,2.021,2.809,3.47,4.131,4.321,4.425,4.369,4.34,4.256,4.069,3.799,3.658,4.258,2.985,2.334,1.386,0.816,0.481,0.34,0.337,0.842,2.812,5.572,6.391,5.771,4.615,4.154,4.485,4.601,4.914,5.009,5.442,6.289,6.002,4.401,3.282,2.807,2.578,1.709,1.016,0.622,0.357,0.269,0.344,0.845,2.903,5.773,6.702,6.128,4.737,4.296,4.482,4.842,4.873,5.137,5.626,6.59,6.315,4.548,3.36,3.014,2.762,1.995,1.211,0.785,0.478,0.328,0.424,1.035,3.104,5.944,6.447,5.899,5.1,4.681,5.013,4.911,5.125,5.902,6.026,6.401,6.105,4.617,3.276,2.804,2.815,2.029,1.228,0.832,0.495,0.361,0.385,0.93,3.008,5.862,6.446,6.317,5.051,4.371,4.684,4.917,5.105,5.175,5.635,6.421,6.024,4.752,3.611,3.346,3.198,2.339,1.525,0.888,0.565,0.333,0.371,0.813,2.728,5.187,6.031,5.379,4.541,4.323,4.66,5.074,5.096,5.341,5.64,5.937,5.362,4.734,3.671,3.321,3.31,3.196,2.094,1.454,0.873,0.744,0.585,0.583,0.838,1.405,1.996,2.57,3.418,3.738,4.175,4.28,4.457,4.826,4.332,4.569,4.192,3.901,3.608,3.546,3.513,3.156,2.632
563,0.816,0.481,0.34,0.337,0.842,2.812,5.572,6.391,5.771,4.615,4.154,4.485,4.601,4.914,5.009,5.442,6.289,6.002,4.401,3.282,2.807,2.578,1.709,1.016,0.622,0.357,0.269,0.344,0.845,2.903,5.773,6.702,6.128,4.737,4.296,4.482,4.842,4.873,5.137,5.626,6.59,6.315,4.548,3.36,3.014,2.762,1.995,1.211,0.785,0.478,0.328,0.424,1.035,3.104,5.944,6.447,5.899,5.1,4.681,5.013,4.911,5.125,5.902,6.026,6.401,6.105,4.617,3.276,2.804,2.815,2.029,1.228,0.832,0.495,0.361,0.385,0.93,3.008,5.862,6.446,6.317,5.051,4.371,4.684,4.917,5.105,5.175,5.635,6.421,6.024,4.752,3.611,3.346,3.198,2.339,1.525,0.888,0.565,0.333,0.371,0.813,2.728,5.187,6.031,5.379,4.541,4.323,4.66,5.074,5.096,5.341,5.64,5.937,5.362,4.734,3.671,3.321,3.31,3.196,2.094,1.454,0.873,0.744,0.585,0.583,0.838,1.405,1.996,2.57,3.418,3.738,4.175,4.28,4.457,4.826,4.332,4.569,4.192,3.901,3.608,3.546,3.513,3.156,2.632,2.539,1.129,0.771,0.413,0.355,0.5,0.845,1.15,1.822,2.689,3.463,3.96,4.257,4.182,4.245,4.17,4.72,3.881,4.178,3.731,3.457,2.912,2.068,1.263
564,0.622,0.357,0.269,0.344,0.845,2.903,5.773,6.702,6.128,4.737,4.296,4.482,4.842,4.873,5.137,5.626,6.59,6.315,4.548,3.36,3.014,2.762,1.995,1.211,0.785,0.478,0.328,0.424,1.035,3.104,5.944,6.447,5.899,5.1,4.681,5.013,4.911,5.125,5.902,6.026,6.401,6.105,4.617,3.276,2.804,2.815,2.029,1.228,0.832,0.495,0.361,0.385,0.93,3.008,5.862,6.446,6.317,5.051,4.371,4.684,4.917,5.105,5.175,5.635,6.421,6.024,4.752,3.611,3.346,3.198,2.339,1.525,0.888,0.565,0.333,0.371,0.813,2.728,5.187,6.031,5.379,4.541,4.323,4.66,5.074,5.096,5.341,5.64,5.937,5.362,4.734,3.671,3.321,3.31,3.196,2.094,1.454,0.873,0.744,0.585,0.583,0.838,1.405,1.996,2.57,3.418,3.738,4.175,4.28,4.457,4.826,4.332,4.569,4.192,3.901,3.608,3.546,3.513,3.156,2.632,2.539,1.129,0.771,0.413,0.355,0.5,0.845,1.15,1.822,2.689,3.463,3.96,4.257,4.182,4.245,4.17,4.72,3.881,4.178,3.731,3.457,2.912,2.068,1.263,0.661,0.403,0.3,0.361,0.836,2.838,5.605,6.24,5.927,4.746,4.03,4.406,4.581,4.608,4.893,5.436,6.359,6.062,4.2,3.23,2.792,2.442,1.752,1.121
565,0.785,0.478,0.328,0.424,1.035,3.104,5.944,6.447,5.899,5.1,4.681,5.013,4.911,5.125,5.902,6.026,6.401,6.105,4.617,3.276,2.804,2.815,2.029,1.228,0.832,0.495,0.361,0.385,0.93,3.008,5.862,6.446,6.317,5.051,4.371,4.684,4.917,5.105,5.175,5.635,6.421,6.024,4.752,3.611,3.346,3.198,2.339,1.525,0.888,0.565,0.333,0.371,0.813,2.728,5.187,6.031,5.379,4.541,4.323,4.66,5.074,5.096,5.341,5.64,5.937,5.362,4.734,3.671,3.321,3.31,3.196,2.094,1.454,0.873,0.744,0.585,0.583,0.838,1.405,1.996,2.57,3.418,3.738,4.175,4.28,4.457,4.826,4.332,4.569,4.192,3.901,3.608,3.546,3.513,3.156,2.632,2.539,1.129,0.771,0.413,0.355,0.5,0.845,1.15,1.822,2.689,3.463,3.96,4.257,4.182,4.245,4.17,4.72,3.881,4.178,3.731,3.457,2.912,2.068,1.263,0.661,0.403,0.3,0.361,0.836,2.838,5.605,6.24,5.927,4.746,4.03,4.406,4.581,4.608,4.893,5.436,6.359,6.062,4.2,3.23,2.792,2.442,1.752,1.121,0.701,0.402,0.282,0.345,0.884,2.886,5.95,6.827,5.865,4.883,4.267,4.644,4.965,5.102,5.152,5.51,6.593,6.022,4.095,3.195,2.874,3.512,1.892,1.069
566,0.832,0.495,0.361,0.385,0.93,3.008,5.862,6.446,6.317,5.051,4.371,4.684,4.917,5.105,5.175,5.635,6.421,6.024,4.752,3.611,3.346,3.198,2.339,1.525,0.888,0.565,0.333,0.371,0.813,2.728,5.187,6.031,5.379,4.541,4.323,4.66,5.074,5.096,5.341,5.64,5.937,5.362,4.734,3.671,3.321,3.31,3.196,2.094,1.454,0.873,0.744,0.585,0.583,0.838,1.405,1.996,2.57,3.418,3.738,4.175,4.28,4.457,4.826,4.332,4.569,4.192,3.901,3.608,3.546,3.513,3.156,2.632,2.539,1.129,0.771,0.413,0.355,0.5,0.845,1.15,1.822,2.689,3.463,3.96,4.257,4.182,4.245,4.17,4.72,3.881,4.178,3.731,3.457,2.912,2.068,1.263,0.661,0.403,0.3,0.361,0.836,2.838,5.605,6.24,5.927,4.746,4.03,4.406,4.581,4.608,4.893,5.436,6.359,6.062,4.2,3.23,2.792,2.442,1.752,1.121,0.701,0.402,0.282,0.345,0.884,2.886,5.95,6.827,5.865,4.883,4.267,4.644,4.965,5.102,5.152,5.51,6.593,6.022,4.095,3.195,2.874,3.512,1.892,1.069,0.666,0.409,0.296,0.355,0.851,2.9,5.416,6.51,6.013,5.034,4.467,4.775,5.007,5.026,5.278,5.79,6.698,6.519,4.716,3.664,3.345,3.385,2.499,3.42
567,0.888,0.565,0.333,0.371,0.813,2.728,5.187,6.031,5.379,4.541,4.323,4.66,5.074,5.096,5.341,5.64,5.937,5.362,4.734,3.671,3.321,3.31,3.196,2.094,1.454,0.873,0.744,0.585,0.583,0.838,1.405,1.996,2.57,3.418,3.738,4.175,4.28,4.457,4.826,4.332,4.569,4.192,3.901,3.608,3.546,3.513,3.156,2.632,2.539,1.129,0.771,0.413,0.355,0.5,0.845,1.15,1.822,2.689,3.463,3.96,4.257,4.182,4.245,4.17,4.72,3.881,4.178,3.731,3.457,2.912,2.068,1.263,0.661,0.403,0.3,0.361,0.836,2.838,5.605,6.24,5.927,4.746,4.03,4.406,4.581,4.608,4.893,5.436,6.359,6.062,4.2,3.23,2.792,2.442,1.752,1.121,0.701,0.402,0.282,0.345,0.884,2.886,5.95,6.827,5.865,4.883,4.267,4.644,4.965,5.102,5.152,5.51,6.593,6.022,4.095,3.195,2.874,3.512,1.892,1.069,0.666,0.409,0.296,0.355,0.851,2.9,5.416,6.51,6.013,5.034,4.467,4.775,5.007,5.026,5.278,5.79,6.698,6.519,4.716,3.664,3.345,3.385,2.499,3.42,1.064,0.612,0.36,0.395,0.91,2.919,5.73,6.338,6.096,4.999,4.537,4.84,5.161,5.313,5.218,5.684,6.529,6.199,4.667,3.683,3.247,3.555,3.553,1.755
568,1.454,0.873,0.744,0.585,0.583,0.838,1.405,1.996,2.57,3.418,3.738,4.175,4.28,4.457,4.826,4.332,4.569,4.192,3.901,3.608,3.546,3.513,3.156,2.632,2.539,1.129,0.771,0.413,0.355,0.5,0.845,1.15,1.822,2.689,3.463,3.96,4.257,4.182,4.245,4.17,4.72,3.881,4.178,3.731,3.457,2.912,2.068,1.263,0.661,0.403,0.3,0.361,0.836,2.838,5.605,6.24,5.927,4.746,4.03,4.406,4.581,4.608,4.893,5.436,6.359,6.062,4.2,3.23,2.792,2.442,1.752,1.121,0.701,0.402,0.282,0.345,0.884,2.886,5.95,6.827,5.865,4.883,4.267,4.644,4.965,5.102,5.152,5.51,6.593,6.022,4.095,3.195,2.874,3.512,1.892,1.069,0.666,0.409,0.296,0.355,0.851,2.9,5.416,6.51,6.013,5.034,4.467,4.775,5.007,5.026,5.278,5.79,6.698,6.519,4.716,3.664,3.345,3.385,2.499,3.42,1.064,0.612,0.36,0.395,0.91,2.919,5.73,6.338,6.096,4.999,4.537,4.84,5.161,5.313,5.218,5.684,6.529,6.199,4.667,3.683,3.247,3.555,3.553,1.755,1.076,0.757,0.502,0.458,0.923,2.81,5.387,6.364,5.37,4.834,4.638,4.931,5.399,5.518,5.597,5.945,6.165,5.775,4.745,3.706,3.183,3.313,2.869,2.488
569,2.539,1.129,0.771,0.413,0.355,0.5,0.845,1.15,1.822,2.689,3.463,3.96,4.257,4.182,4.245,4.17,4.72,3.881,4.178,3.731,3.457,2.912,2.068,1.263,0.661,0.403,0.3,0.361,0.836,2.838,5.605,6.24,5.927,4.746,4.03,4.406,4.581,4.608,4.893,5.436,6.359,6.062,4.2,3.23,2.792,2.442,1.752,1.121,0.701,0.402,0.282,0.345,0.884,2.886,5.95,6.827,5.865,4.883,4.267,4.644,4.965,5.102,5.152,5.51,6.593,6.022,4.095,3.195,2.874,3.512,1.892,1.069,0.666,0.409,0.296,0.355,0.851,2.9,5.416,6.51,6.013,5.034,4.467,4.775,5.007,5.026,5.278,5.79,6.698,6.519,4.716,3.664,3.345,3.385,2.499,3.42,1.064,0.612,0.36,0.395,0.91,2.919,5.73,6.338,6.096,4.999,4.537,4.84,5.161,5.313,5.218,5.684,6.529,6.199,4.667,3.683,3.247,3.555,3.553,1.755,1.076,0.757,0.502,0.458,0.923,2.81,5.387,6.364,5.37,4.834,4.638,4.931,5.399,5.518,5.597,5.945,6.165,5.775,4.745,3.706,3.183,3.313,2.869,2.488,1.789,0.997,0.797,0.369,0.342,0.612,1.055,1.365,2.373,3.502,4.019,4.518,4.617,4.473,4.668,4.503,4.85,4.517,4.189,3.394,3.125,3.386,3.246,2.484
570,0.661,0.403,0.3,0.361,0.836,2.838,5.605,6.24,5.927,4.746,4.03,4.406,4.581,4.608,4.893,5.436,6.359,6.062,4.2,3.23,2.792,2.442,1.752,1.121,0.701,0.402,0.282,0.345,0.884,2.886,5.95,6.827,5.865,4.883,4.267,4.644,4.965,5.102,5.152,5.51,6.593,6.022,4.095,3.195,2.874,3.512,1.892,1.069,0.666,0.409,0.296,0.355,0.851,2.9,5.416,6.51,6.013,5.034,4.467,4.775,5.007,5.026,5.278,5.79,6.698,6.519,4.716,3.664,3.345,3.385,2.499,3.42,1.064,0.612,0.36,0.395,0.91,2.919,5.73,6.338,6.096,4.999,4.537,4.84,5.161,5.313,5.218,5.684,6.529,6.199,4.667,3.683,3.247,3.555,3.553,1.755,1.076,0.757,0.502,0.458,0.923,2.81,5.387,6.364,5.37,4.834,4.638,4.931,5.399,5.518,5.597,5.945,6.165,5.775,4.745,3.706,3.183,3.313,2.869,2.488,1.789,0.997,0.797,0.369,0.342,0.612,1.055,1.365,2.373,3.502,4.019,4.518,4.617,4.473,4.668,4.503,4.85,4.517,4.189,3.394,3.125,3.386,3.246,2.484,1.789,0.997,0.797,0.369,0.342,0.542,0.886,1.127,1.911,2.666,3.287,3.867,4.278,4.673,4.755,4.883,5.031,4.91,4.771,3.914,4.177,3.17,2.274,1.433
571,0.701,0.402,0.282,0.345,0.884,2.886,5.95,6.827,5.865,4.883,4.267,4.644,4.965,5.102,5.152,5.51,6.593,6.022,4.095,3.195,2.874,3.512,1.892,1.069,0.666,0.409,0.296,0.355,0.851,2.9,5.416,6.51,6.013,5.034,4.467,4.775,5.007,5.026,5.278,5.79,6.698,6.519,4.716,3.664,3.345,3.385,2.499,3.42,1.064,0.612,0.36,0.395,0.91,2.919,5.73,6.338,6.096,4.999,4.537,4.84,5.161,5.313,5.218,5.684,6.529,6.199,4.667,3.683,3.247,3.555,3.553,1.755,1.076,0.757,0.502,0.458,0.923,2.81,5.387,6.364,5.37,4.834,4.638,4.931,5.399,5.518,5.597,5.945,6.165,5.775,4.745,3.706,3.183,3.313,2.869,2.488,1.789,0.997,0.797,0.369,0.342,0.612,1.055,1.365,2.373,3.502,4.019,4.518,4.617,4.473,4.668,4.503,4.85,4.517,4.189,3.394,3.125,3.386,3.246,2.484,1.789,0.997,0.797,0.369,0.342,0.542,0.886,1.127,1.911,2.666,3.287,3.867,4.278,4.673,4.755,4.883,5.031,4.91,4.771,3.914,4.177,3.17,2.274,1.433,0.796,0.521,0.345,0.372,0.868,2.839,5.608,6.562,5.631,4.74,4.287,4.651,4.771,4.969,5.007,5.466,6.304,5.816,4.233,3.281,2.823,2.555,1.821,1.143
572,0.666,0.409,0.296,0.355,0.851,2.9,5.416,6.51,6.013,5.034,4.467,4.775,5.007,5.026,5.278,5.79,6.698,6.519,4.716,3.664,3.345,3.385,2.499,3.42,1.064,0.612,0.36,0.395,0.91,2.919,5.73,6.338,6.096,4.999,4.537,4.84,5.161,5.313,5.218,5.684,6.529,6.199,4.667,3.683,3.247,3.555,3.553,1.755,1.076,0.757,0.502,0.458,0.923,2.81,5.387,6.364,5.37,4.834,4.638,4.931,5.399,5.518,5.597,5.945,6.165,5.775,4.745,3.706,3.183,3.313,2.869,2.488,1.789,0.997,0.797,0.369,0.342,0.612,1.055,1.365,2.373,3.502,4.019,4.518,4.617,4.473,4.668,4.503,4.85,4.517,4.189,3.394,3.125,3.386,3.246,2.484,1.789,0.997,0.797,0.369,0.342,0.542,0.886,1.127,1.911,2.666,3.287,3.867,4.278,4.673,4.755,4.883,5.031,4.91,4.771,3.914,4.177,3.17,2.274,1.433,0.796,0.521,0.345,0.372,0.868,2.839,5.608,6.562,5.631,4.74,4.287,4.651,4.771,4.969,5.007,5.466,6.304,5.816,4.233,3.281,2.823,2.555,1.821,1.143,0.7,0.406,0.307,0.385,0.926,3.015,5.84,6.44,6.052,4.913,4.436,4.779,5.132,5.034,5.018,5.714,6.651,6.136,4.281,3.374,3.023,2.865,1.972,1.213
573,1.064,0.612,0.36,0.395,0.91,2.919,5.73,6.338,6.096,4.999,4.537,4.84,5.161,5.313,5.218,5.684,6.529,6.199,4.667,3.683,3.247,3.555,3.553,1.755,1.076,0.757,0.502,0.458,0.923,2.81,5.387,6.364,5.37,4.834,4.638,4.931,5.399,5.518,5.597,5.945,6.165,5.775,4.745,3.706,3.183,3.313,2.869,2.488,1.789,0.997,0.797,0.369,0.342,0.612,1.055,1.365,2.373,3.502,4.019,4.518,4.617,4.473,4.668,4.503,4.85,4.517,4.189,3.394,3.125,3.386,3.246,2.484,1.789,0.997,0.797,0.369,0.342,0.542,0.886,1.127,1.911,2.666,3.287,3.867,4.278,4.673,4.755,4.883,5.031,4.91,4.771,3.914,4.177,3.17,2.274,1.433,0.796,0.521,0.345,0.372,0.868,2.839,5.608,6.562,5.631,4.74,4.287,4.651,4.771,4.969,5.007,5.466,6.304,5.816,4.233,3.281,2.823,2.555,1.821,1.143,0.7,0.406,0.307,0.385,0.926,3.015,5.84,6.44,6.052,4.913,4.436,4.779,5.132,5.034,5.018,5.714,6.651,6.136,4.281,3.374,3.023,2.865,1.972,1.213,0.708,0.468,0.343,0.447,0.945,2.943,5.724,6.45,6.029,4.929,4.506,4.673,4.897,4.878,5.289,5.694,6.33,6.138,4.655,3.766,3.299,2.837,1.978,1.21
574,1.076,0.757,0.502,0.458,0.923,2.81,5.387,6.364,5.37,4.834,4.638,4.931,5.399,5.518,5.597,5.945,6.165,5.775,4.745,3.706,3.183,3.313,2.869,2.488,1.789,0.997,0.797,0.369,0.342,0.612,1.055,1.365,2.373,3.502,4.019,4.518,4.617,4.473,4.668,4.503,4.85,4.517,4.189,3.394,3.125,3.386,3.246,2.484,1.789,0.997,0.797,0.369,0.342,0.542,0.886,1.127,1.911,2.666,3.287,3.867,4.278,4.673,4.755,4.883,5.031,4.91,4.771,3.914,4.177,3.17,2.274,1.433,0.796,0.521,0.345,0.372,0.868,2.839,5.608,6.562,5.631,4.74,4.287,4.651,4.771,4.969,5.007,5.466,6.304,5.816,4.233,3.281,2.823,2.555,1.821,1.143,0.7,0.406,0.307,0.385,0.926,3.015,5.84,6.44,6.052,4.913,4.436,4.779,5.132,5.034,5.018,5.714,6.651,6.136,4.281,3.374,3.023,2.865,1.972,1.213,0.708,0.468,0.343,0.447,0.945,2.943,5.724,6.45,6.029,4.929,4.506,4.673,4.897,4.878,5.289,5.694,6.33,6.138,4.655,3.766,3.299,2.837,1.978,1.21,0.693,0.394,0.322,0.39,0.896,2.863,5.46,5.801,5.423,4.839,4.365,4.693,5.009,5.104,5.447,5.861,6.587,6.06,4.746,3.43,3.123,3.816,2.423,1.642
575,1.789,0.997,0.797,0.369,0.342,0.612,1.055,1.365,2.373,3.502,4.019,4.518,4.617,4.473,4.668,4.503,4.85,4.517,4.189,3.394,3.125,3.386,3.246,2.484,1.789,0.997,0.797,0.369,0.342,0.542,0.886,1.127,1.911,2.666,3.287,3.867,4.278,4.673,4.755,4.883,5.031,4.91,4.771,3.914,4.177,3.17,2.274,1.433,0.796,0.521,0.345,0.372,0.868,2.839,5.608,6.562,5.631,4.74,4.287,4.651,4.771,4.969,5.007,5.466,6.304,5.816,4.233,3.281,2.823,2.555,1.821,1.143,0.7,0.406,0.307,0.385,0.926,3.015,5.84,6.44,6.052,4.913,4.436,4.779,5.132,5.034,5.018,5.714,6.651,6.136,4.281,3.374,3.023,2.865,1.972,1.213,0.708,0.468,0.343,0.447,0.945,2.943,5.724,6.45,6.029,4.929,4.506,4.673,4.897,4.878,5.289,5.694,6.33,6.138,4.655,3.766,3.299,2.837,1.978,1.21,0.693,0.394,0.322,0.39,0.896,2.863,5.46,5.801,5.423,4.839,4.365,4.693,5.009,5.104,5.447,5.861,6.587,6.06,4.746,3.43,3.123,3.816,2.423,1.642,0.801,0.434,0.333,0.366,0.868,2.802,5.426,6.175,5.35,4.778,4.517,4.954,5.189,5.206,5.563,5.89,6.066,5.292,4.534,3.808,3.206,3.216,3.001,2.423
576,1.789,0.997,0.797,0.369,0.342,0.542,0.886,1.127,1.911,2.666,3.287,3.867,4.278,4.673,4.755,4.883,5.031,4.91,4.771,3.914,4.177,3.17,2.274,1.433,0.796,0.521,0.345,0.372,0.868,2.839,5.608,6.562,5.631,4.74,4.287,4.651,4.771,4.969,5.007,5.466,6.304,5.816,4.233,3.281,2.823,2.555,1.821,1.143,0.7,0.406,0.307,0.385,0.926,3.015,5.84,6.44,6.052,4.913,4.436,4.779,5.132,5.034,5.018,5.714,6.651,6.136,4.281,3.374,3.023,2.865,1.972,1.213,0.708,0.468,0.343,0.447,0.945,2.943,5.724,6.45,6.029,4.929,4.506,4.673,4.897,4.878,5.289,5.694,6.33,6.138,4.655,3.766,3.299,2.837,1.978,1.21,0.693,0.394,0.322,0.39,0.896,2.863,5.46,5.801,5.423,4.839,4.365,4.693,5.009,5.104,5.447,5.861,6.587,6.06,4.746,3.43,3.123,3.816,2.423,1.642,0.801,0.434,0.333,0.366,0.868,2.802,5.426,6.175,5.35,4.778,4.517,4.954,5.189,5.206,5.563,5.89,6.066,5.292,4.534,3.808,3.206,3.216,3.001,2.423,1.472,0.882,0.546,0.414,0.468,0.88,1.431,1.94,2.647,3.649,4.049,4.143,4.535,4.378,4.512,4.48,4.586,4.555,4.065,3.569,3.091,2.927,3.096,3.893
577,0.796,0.521,0.345,0.372,0.868,2.839,5.608,6.562,5.631,4.74,4.287,4.651,4.771,4.969,5.007,5.466,6.304,5.816,4.233,3.281,2.823,2.555,1.821,1.143,0.7,0.406,0.307,0.385,0.926,3.015,5.84,6.44,6.052,4.913,4.436,4.779,5.132,5.034,5.018,5.714,6.651,6.136,4.281,3.374,3.023,2.865,1.972,1.213,0.708,0.468,0.343,0.447,0.945,2.943,5.724,6.45,6.029,4.929,4.506,4.673,4.897,4.878,5.289,5.694,6.33,6.138,4.655,3.766,3.299,2.837,1.978,1.21,0.693,0.394,0.322,0.39,0.896,2.863,5.46,5.801,5.423,4.839,4.365,4.693,5.009,5.104,5.447,5.861,6.587,6.06,4.746,3.43,3.123,3.816,2.423,1.642,0.801,0.434,0.333,0.366,0.868,2.802,5.426,6.175,5.35,4.778,4.517,4.954,5.189,5.206,5.563,5.89,6.066,5.292,4.534,3.808,3.206,3.216,3.001,2.423,1.472,0.882,0.546,0.414,0.468,0.88,1.431,1.94,2.647,3.649,4.049,4.143,4.535,4.378,4.512,4.48,4.586,4.555,4.065,3.569,3.091,2.927,3.096,3.893,1.885,1.151,0.731,0.501,0.414,0.652,1.055,1.309,2.002,2.733,3.602,4.317,4.636,4.399,4.186,4.255,3.963,4.073,3.999,3.727,2.872,2.665,2.802,1.48
578,0.7,0.406,0.307,0.385,0.926,3.015,5.84,6.44,6.052,4.913,4.436,4.779,5.132,5.034,5.018,5.714,6.651,6.136,4.281,3.374,3.023,2.865,1.972,1.213,0.708,0.468,0.343,0.447,0.945,2.943,5.724,6.45,6.029,4.929,4.506,4.673,4.897,4.878,5.289,5.694,6.33,6.138,4.655,3.766,3.299,2.837,1.978,1.21,0.693,0.394,0.322,0.39,0.896,2.863,5.46,5.801,5.423,4.839,4.365,4.693,5.009,5.104,5.447,5.861,6.587,6.06,4.746,3.43,3.123,3.816,2.423,1.642,0.801,0.434,0.333,0.366,0.868,2.802,5.426,6.175,5.35,4.778,4.517,4.954,5.189,5.206,5.563,5.89,6.066,5.292,4.534,3.808,3.206,3.216,3.001,2.423,1.472,0.882,0.546,0.414,0.468,0.88,1.431,1.94,2.647,3.649,4.049,4.143,4.535,4.378,4.512,4.48,4.586,4.555,4.065,3.569,3.091,2.927,3.096,3.893,1.885,1.151,0.731,0.501,0.414,0.652,1.055,1.309,2.002,2.733,3.602,4.317,4.636,4.399,4.186,4.255,3.963,4.073,3.999,3.727,2.872,2.665,2.802,1.48,0.632,0.405,0.292,0.35,0.879,2.878,5.647,6.357,6.073,4.877,4.35,4.505,4.857,4.9,5.288,5.814,6.468,6.246,4.747,3.419,2.762,2.457,1.798,1.174
579,0.708,0.468,0.343,0.447,0.945,2.943,5.724,6.45,6.029,4.929,4.506,4.673,4.897,4.878,5.289,5.694,6.33,6.138,4.655,3.766,3.299,2.837,1.978,1.21,0.693,0.394,0.322,0.39,0.896,2.863,5.46,5.801,5.423,4.839,4.365,4.693,5.009,5.104,5.447,5.861,6.587,6.06,4.746,3.43,3.123,3.816,2.423,1.642,0.801,0.434,0.333,0.366,0.868,2.802,5.426,6.175,5.35,4.778,4.517,4.954,5.189,5.206,5.563,5.89,6.066,5.292,4.534,3.808,3.206,3.216,3.001,2.423,1.472,0.882,0.546,0.414,0.468,0.88,1.431,1.94,2.647,3.649,4.049,4.143,4.535,4.378,4.512,4.48,4.586,4.555,4.065,3.569,3.091,2.927,3.096,3.893,1.885,1.151,0.731,0.501,0.414,0.652,1.055,1.309,2.002,2.733,3.602,4.317,4.636,4.399,4.186,4.255,3.963,4.073,3.999,3.727,2.872,2.665,2.802,1.48,0.632,0.405,0.292,0.35,0.879,2.878,5.647,6.357,6.073,4.877,4.35,4.505,4.857,4.9,5.288,5.814,6.468,6.246,4.747,3.419,2.762,2.457,1.798,1.174,0.665,0.395,0.321,0.366,0.889,2.983,5.737,6.598,6.113,4.938,4.362,4.73,4.902,4.905,5.14,5.927,6.997,6.651,5.408,3.677,3.106,3.548,2.007,1.198
580,0.693,0.394,0.322,0.39,0.896,2.863,5.46,5.801,5.423,4.839,4.365,4.693,5.009,5.104,5.447,5.861,6.587,6.06,4.746,3.43,3.123,3.816,2.423,1.642,0.801,0.434,0.333,0.366,0.868,2.802,5.426,6.175,5.35,4.778,4.517,4.954,5.189,5.206,5.563,5.89,6.066,5.292,4.534,3.808,3.206,3.216,3.001,2.423,1.472,0.882,0.546,0.414,0.468,0.88,1.431,1.94,2.647,3.649,4.049,4.143,4.535,4.378,4.512,4.48,4.586,4.555,4.065,3.569,3.091,2.927,3.096,3.893,1.885,1.151,0.731,0.501,0.414,0.652,1.055,1.309,2.002,2.733,3.602,4.317,4.636,4.399,4.186,4.255,3.963,4.073,3.999,3.727,2.872,2.665,2.802,1.48,0.632,0.405,0.292,0.35,0.879,2.878,5.647,6.357,6.073,4.877,4.35,4.505,4.857,4.9,5.288,5.814,6.468,6.246,4.747,3.419,2.762,2.457,1.798,1.174,0.665,0.395,0.321,0.366,0.889,2.983,5.737,6.598,6.113,4.938,4.362,4.73,4.902,4.905,5.14,5.927,6.997,6.651,5.408,3.677,3.106,3.548,2.007,1.198,0.676,0.395,0.306,0.381,0.949,3.028,5.803,6.017,6.205,4.988,4.368,4.634,4.675,4.699,4.975,5.434,6.584,5.982,4.627,3.205,2.938,2.444,1.778,1.142
581,0.801,0.434,0.333,0.366,0.868,2.802,5.426,6.175,5.35,4.778,4.517,4.954,5.189,5.206,5.563,5.89,6.066,5.292,4.534,3.808,3.206,3.216,3.001,2.423,1.472,0.882,0.546,0.414,0.468,0.88,1.431,1.94,2.647,3.649,4.049,4.143,4.535,4.378,4.512,4.48,4.586,4.555,4.065,3.569,3.091,2.927,3.096,3.893,1.885,1.151,0.731,0.501,0.414,0.652,1.055,1.309,2.002,2.733,3.602,4.317,4.636,4.399,4.186,4.255,3.963,4.073,3.999,3.727,2.872,2.665,2.802,1.48,0.632,0.405,0.292,0.35,0.879,2.878,5.647,6.357,6.073,4.877,4.35,4.505,4.857,4.9,5.288,5.814,6.468,6.246,4.747,3.419,2.762,2.457,1.798,1.174,0.665,0.395,0.321,0.366,0.889,2.983,5.737,6.598,6.113,4.938,4.362,4.73,4.902,4.905,5.14,5.927,6.997,6.651,5.408,3.677,3.106,3.548,2.007,1.198,0.676,0.395,0.306,0.381,0.949,3.028,5.803,6.017,6.205,4.988,4.368,4.634,4.675,4.699,4.975,5.434,6.584,5.982,4.627,3.205,2.938,2.444,1.778,1.142,0.622,0.362,0.288,0.355,0.933,2.986,5.8,6.732,6.052,5.068,4.79,5.006,4.966,5.013,5.402,5.784,6.326,6.294,4.692,3.452,3.093,3.271,2.248,1.414
582,1.472,0.882,0.546,0.414,0.468,0.88,1.431,1.94,2.647,3.649,4.049,4.143,4.535,4.378,4.512,4.48,4.586,4.555,4.065,3.569,3.091,2.927,3.096,3.893,1.885,1.151,0.731,0.501,0.414,0.652,1.055,1.309,2.002,2.733,3.602,4.317,4.636,4.399,4.186,4.255,3.963,4.073,3.999,3.727,2.872,2.665,2.802,1.48,0.632,0.405,0.292,0.35,0.879,2.878,5.647,6.357,6.073,4.877,4.35,4.505,4.857,4.9,5.288,5.814,6.468,6.246,4.747,3.419,2.762,2.457,1.798,1.174,0.665,0.395,0.321,0.366,0.889,2.983,5.737,6.598,6.113,4.938,4.362,4.73,4.902,4.905,5.14,5.927,6.997,6.651,5.408,3.677,3.106,3.548,2.007,1.198,0.676,0.395,0.306,0.381,0.949,3.028,5.803,6.017,6.205,4.988,4.368,4.634,4.675,4.699,4.975,5.434,6.584,5.982,4.627,3.205,2.938,2.444,1.778,1.142,0.622,0.362,0.288,0.355,0.933,2.986,5.8,6.732,6.052,5.068,4.79,5.006,4.966,5.013,5.402,5.784,6.326,6.294,4.692,3.452,3.093,3.271,2.248,1.414,0.715,0.431,0.341,0.409,0.894,2.795,5.356,6.038,5.367,4.694,4.764,4.991,5.428,5.402,5.538,5.521,5.941,5.363,4.553,3.96,3.611,4.585,3.288,2.272
583,1.885,1.151,0.731,0.501,0.414,0.652,1.055,1.309,2.002,2.733,3.602,4.317,4.636,4.399,4.186,4.255,3.963,4.073,3.999,3.727,2.872,2.665,2.802,1.48,0.632,0.405,0.292,0.35,0.879,2.878,5.647,6.357,6.073,4.877,4.35,4.505,4.857,4.9,5.288,5.814,6.468,6.246,4.747,3.419,2.762,2.457,1.798,1.174,0.665,0.395,0.321,0.366,0.889,2.983,5.737,6.598,6.113,4.938,4.362,4.73,4.902,4.905,5.14,5.927,6.997,6.651,5.408,3.677,3.106,3.548,2.007,1.198,0.676,0.395,0.306,0.381,0.949,3.028,5.803,6.017,6.205,4.988,4.368,4.634,4.675,4.699,4.975,5.434,6.584,5.982,4.627,3.205,2.938,2.444,1.778,1.142,0.622,0.362,0.288,0.355,0.933,2.986,5.8,6.732,6.052,5.068,4.79,5.006,4.966,5.013,5.402,5.784,6.326,6.294,4.692,3.452,3.093,3.271,2.248,1.414,0.715,0.431,0.341,0.409,0.894,2.795,5.356,6.038,5.367,4.694,4.764,4.991,5.428,5.402,5.538,5.521,5.941,5.363,4.553,3.96,3.611,4.585,3.288,2.272,1.532,0.963,0.638,0.454,0.449,0.811,1.474,1.939,2.679,3.355,3.831,4.221,4.528,4.632,4.788,4.851,4.876,4.719,4.448,3.716,3.509,3.442,3.854,2.315
584,0.632,0.405,0.292,0.35,0.879,2.878,5.647,6.357,6.073,4.877,4.35,4.505,4.857,4.9,5.288,5.814,6.468,6.246,4.747,3.419,2.762,2.457,1.798,1.174,0.665,0.395,0.321,0.366,0.889,2.983,5.737,6.598,6.113,4.938,4.362,4.73,4.902,4.905,5.14,5.927,6.997,6.651,5.408,3.677,3.106,3.548,2.007,1.198,0.676,0.395,0.306,0.381,0.949,3.028,5.803,6.017,6.205,4.988,4.368,4.634,4.675,4.699,4.975,5.434,6.584,5.982,4.627,3.205,2.938,2.444,1.778,1.142,0.622,0.362,0.288,0.355,0.933,2.986,5.8,6.732,6.052,5.068,4.79,5.006,4.966,5.013,5.402,5.784,6.326,6.294,4.692,3.452,3.093,3.271,2.248,1.414,0.715,0.431,0.341,0.409,0.894,2.795,5.356,6.038,5.367,4.694,4.764,4.991,5.428,5.402,5.538,5.521,5.941,5.363,4.553,3.96,3.611,4.585,3.288,2.272,1.532,0.963,0.638,0.454,0.449,0.811,1.474,1.939,2.679,3.355,3.831,4.221,4.528,4.632,4.788,4.851,4.876,4.719,4.448,3.716,3.509,3.442,3.854,2.315,1.655,0.982,0.581,0.437,0.368,0.512,0.858,1.099,1.706,2.589,3.288,3.793,4.161,4.254,4.639,4.708,4.457,4.332,4.077,3.778,2.859,2.368,1.787,1.065
585,0.665,0.395,0.321,0.366,0.889,2.983,5.737,6.598,6.113,4.938,4.362,4.73,4.902,4.905,5.14,5.927,6.997,6.651,5.408,3.677,3.106,3.548,2.007,1.198,0.676,0.395,0.306,0.381,0.949,3.028,5.803,6.017,6.205,4.988,4.368,4.634,4.675,4.699,4.975,5.434,6.584,5.982,4.627,3.205,2.938,2.444,1.778,1.142,0.622,0.362,0.288,0.355,0.933,2.986,5.8,6.732,6.052,5.068,4.79,5.006,4.966,5.013,5.402,5.784,6.326,6.294,4.692,3.452,3.093,3.271,2.248,1.414,0.715,0.431,0.341,0.409,0.894,2.795,5.356,6.038,5.367,4.694,4.764,4.991,5.428,5.402,5.538,5.521,5.941,5.363,4.553,3.96,3.611,4.585,3.288,2.272,1.532,0.963,0.638,0.454,0.449,0.811,1.474,1.939,2.679,3.355,3.831,4.221,4.528,4.632,4.788,4.851,4.876,4.719,4.448,3.716,3.509,3.442,3.854,2.315,1.655,0.982,0.581,0.437,0.368,0.512,0.858,1.099,1.706,2.589,3.288,3.793,4.161,4.254,4.639,4.708,4.457,4.332,4.077,3.778,2.859,2.368,1.787,1.065,0.599,0.392,0.277,0.337,0.873,2.866,5.655,6.67,5.97,4.57,4.246,4.518,4.782,4.757,5.011,5.49,6.419,6.031,4.23,3.266,2.802,2.441,1.647,1.045
586,0.676,0.395,0.306,0.381,0.949,3.028,5.803,6.017,6.205,4.988,4.368,4.634,4.675,4.699,4.975,5.434,6.584,5.982,4.627,3.205,2.938,2.444,1.778,1.142,0.622,0.362,0.288,0.355,0.933,2.986,5.8,6.732,6.052,5.068,4.79,5.006,4.966,5.013,5.402,5.784,6.326,6.294,4.692,3.452,3.093,3.271,2.248,1.414,0.715,0.431,0.341,0.409,0.894,2.795,5.356,6.038,5.367,4.694,4.764,4.991,5.428,5.402,5.538,5.521,5.941,5.363,4.553,3.96,3.611,4.585,3.288,2.272,1.532,0.963,0.638,0.454,0.449,0.811,1.474,1.939,2.679,3.355,3.831,4.221,4.528,4.632,4.788,4.851,4.876,4.719,4.448,3.716,3.509,3.442,3.854,2.315,1.655,0.982,0.581,0.437,0.368,0.512,0.858,1.099,1.706,2.589,3.288,3.793,4.161,4.254,4.639,4.708,4.457,4.332,4.077,3.778,2.859,2.368,1.787,1.065,0.599,0.392,0.277,0.337,0.873,2.866,5.655,6.67,5.97,4.57,4.246,4.518,4.782,4.757,5.011,5.49,6.419,6.031,4.23,3.266,2.802,2.441,1.647,1.045,0.603,0.41,0.268,0.376,0.919,2.951,5.806,6.459,6.088,4.911,4.589,4.751,5.047,4.982,5.179,5.752,6.556,6.491,4.753,3.509,3.096,2.636,1.926,1.587
587,0.622,0.362,0.288,0.355,0.933,2.986,5.8,6.732,6.052,5.068,4.79,5.006,4.966,5.013,5.402,5.784,6.326,6.294,4.692,3.452,3.093,3.271,2.248,1.414,0.715,0.431,0.341,0.409,0.894,2.795,5.356,6.038,5.367,4.694,4.764,4.991,5.428,5.402,5.538,5.521,5.941,5.363,4.553,3.96,3.611,4.585,3.288,2.272,1.532,0.963,0.638,0.454,0.449,0.811,1.474,1.939,2.679,3.355,3.831,4.221,4.528,4.632,4.788,4.851,4.876,4.719,4.448,3.716,3.509,3.442,3.854,2.315,1.655,0.982,0.581,0.437,0.368,0.512,0.858,1.099,1.706,2.589,3.288,3.793,4.161,4.254,4.639,4.708,4.457,4.332,4.077,3.778,2.859,2.368,1.787,1.065,0.599,0.392,0.277,0.337,0.873,2.866,5.655,6.67,5.97,4.57,4.246,4.518,4.782,4.757,5.011,5.49,6.419,6.031,4.23,3.266,2.802,2.441,1.647,1.045,0.603,0.41,0.268,0.376,0.919,2.951,5.806,6.459,6.088,4.911,4.589,4.751,5.047,4.982,5.179,5.752,6.556,6.491,4.753,3.509,3.096,2.636,1.926,1.587,0.665,0.421,0.298,0.374,0.0,2.963,5.523,6.094,6.165,4.977,4.389,4.742,5.053,4.857,5.304,5.699,6.729,6.235,4.644,3.517,2.685,2.281,2.039,1.368
588,0.715,0.431,0.341,0.409,0.894,2.795,5.356,6.038,5.367,4.694,4.764,4.991,5.428,5.402,5.538,5.521,5.941,5.363,4.553,3.96,3.611,4.585,3.288,2.272,1.532,0.963,0.638,0.454,0.449,0.811,1.474,1.939,2.679,3.355,3.831,4.221,4.528,4.632,4.788,4.851,4.876,4.719,4.448,3.716,3.509,3.442,3.854,2.315,1.655,0.982,0.581,0.437,0.368,0.512,0.858,1.099,1.706,2.589,3.288,3.793,4.161,4.254,4.639,4.708,4.457,4.332,4.077,3.778,2.859,2.368,1.787,1.065,0.599,0.392,0.277,0.337,0.873,2.866,5.655,6.67,5.97,4.57,4.246,4.518,4.782,4.757,5.011,5.49,6.419,6.031,4.23,3.266,2.802,2.441,1.647,1.045,0.603,0.41,0.268,0.376,0.919,2.951,5.806,6.459,6.088,4.911,4.589,4.751,5.047,4.982,5.179,5.752,6.556,6.491,4.753,3.509,3.096,2.636,1.926,1.587,0.665,0.421,0.298,0.374,0.0,2.963,5.523,6.094,6.165,4.977,4.389,4.742,5.053,4.857,5.304,5.699,6.729,6.235,4.644,3.517,2.685,2.281,2.039,1.368,0.66,0.404,0.286,0.311,0.917,2.95,5.457,6.601,5.99,5.086,4.615,5.147,5.125,4.963,5.27,5.785,6.785,6.35,4.751,3.745,3.414,2.844,2.547,1.483
589,1.532,0.963,0.638,0.454,0.449,0.811,1.474,1.939,2.679,3.355,3.831,4.221,4.528,4.632,4.788,4.851,4.876,4.719,4.448,3.716,3.509,3.442,3.854,2.315,1.655,0.982,0.581,0.437,0.368,0.512,0.858,1.099,1.706,2.589,3.288,3.793,4.161,4.254,4.639,4.708,4.457,4.332,4.077,3.778,2.859,2.368,1.787,1.065,0.599,0.392,0.277,0.337,0.873,2.866,5.655,6.67,5.97,4.57,4.246,4.518,4.782,4.757,5.011,5.49,6.419,6.031,4.23,3.266,2.802,2.441,1.647,1.045,0.603,0.41,0.268,0.376,0.919,2.951,5.806,6.459,6.088,4.911,4.589,4.751,5.047,4.982,5.179,5.752,6.556,6.491,4.753,3.509,3.096,2.636,1.926,1.587,0.665,0.421,0.298,0.374,0.0,2.963,5.523,6.094,6.165,4.977,4.389,4.742,5.053,4.857,5.304,5.699,6.729,6.235,4.644,3.517,2.685,2.281,2.039,1.368,0.66,0.404,0.286,0.311,0.917,2.95,5.457,6.601,5.99,5.086,4.615,5.147,5.125,4.963,5.27,5.785,6.785,6.35,4.751,3.745,3.414,2.844,2.547,1.483,0.817,0.494,0.341,0.37,0.881,2.783,5.156,6.18,5.44,4.757,4.562,4.837,5.094,5.104,5.611,5.81,6.201,5.5,4.575,3.714,3.214,3.838,2.99,2.054
590,1.655,0.982,0.581,0.437,0.368,0.512,0.858,1.099,1.706,2.589,3.288,3.793,4.161,4.254,4.639,4.708,4.457,4.332,4.077,3.778,2.859,2.368,1.787,1.065,0.599,0.392,0.277,0.337,0.873,2.866,5.655,6.67,5.97,4.57,4.246,4.518,4.782,4.757,5.011,5.49,6.419,6.031,4.23,3.266,2.802,2.441,1.647,1.045,0.603,0.41,0.268,0.376,0.919,2.951,5.806,6.459,6.088,4.911,4.589,4.751,5.047,4.982,5.179,5.752,6.556,6.491,4.753,3.509,3.096,2.636,1.926,1.587,0.665,0.421,0.298,0.374,0.0,2.963,5.523,6.094,6.165,4.977,4.389,4.742,5.053,4.857,5.304,5.699,6.729,6.235,4.644,3.517,2.685,2.281,2.039,1.368,0.66,0.404,0.286,0.311,0.917,2.95,5.457,6.601,5.99,5.086,4.615,5.147,5.125,4.963,5.27,5.785,6.785,6.35,4.751,3.745,3.414,2.844,2.547,1.483,0.817,0.494,0.341,0.37,0.881,2.783,5.156,6.18,5.44,4.757,4.562,4.837,5.094,5.104,5.611,5.81,6.201,5.5,4.575,3.714,3.214,3.838,2.99,2.054,1.406,0.847,0.541,0.398,0.395,0.889,1.435,1.889,2.71,3.449,3.843,4.184,4.512,4.557,4.832,4.711,4.707,4.604,4.151,4.025,3.828,3.515,3.358,4.072
591,0.599,0.392,0.277,0.337,0.873,2.866,5.655,6.67,5.97,4.57,4.246,4.518,4.782,4.757,5.011,5.49,6.419,6.031,4.23,3.266,2.802,2.441,1.647,1.045,0.603,0.41,0.268,0.376,0.919,2.951,5.806,6.459,6.088,4.911,4.589,4.751,5.047,4.982,5.179,5.752,6.556,6.491,4.753,3.509,3.096,2.636,1.926,1.587,0.665,0.421,0.298,0.374,0.0,2.963,5.523,6.094,6.165,4.977,4.389,4.742,5.053,4.857,5.304,5.699,6.729,6.235,4.644,3.517,2.685,2.281,2.039,1.368,0.66,0.404,0.286,0.311,0.917,2.95,5.457,6.601,5.99,5.086,4.615,5.147,5.125,4.963,5.27,5.785,6.785,6.35,4.751,3.745,3.414,2.844,2.547,1.483,0.817,0.494,0.341,0.37,0.881,2.783,5.156,6.18,5.44,4.757,4.562,4.837,5.094,5.104,5.611,5.81,6.201,5.5,4.575,3.714,3.214,3.838,2.99,2.054,1.406,0.847,0.541,0.398,0.395,0.889,1.435,1.889,2.71,3.449,3.843,4.184,4.512,4.557,4.832,4.711,4.707,4.604,4.151,4.025,3.828,3.515,3.358,4.072,2.352,1.259,0.879,0.532,0.401,0.603,0.972,1.255,1.929,2.712,3.54,4.055,4.452,4.448,4.586,4.392,4.401,4.258,3.838,3.331,3.275,2.659,1.792,1.152
592,0.603,0.41,0.268,0.376,0.919,2.951,5.806,6.459,6.088,4.911,4.589,4.751,5.047,4.982,5.179,5.752,6.556,6.491,4.753,3.509,3.096,2.636,1.926,1.587,0.665,0.421,0.298,0.374,0.0,2.963,5.523,6.094,6.165,4.977,4.389,4.742,5.053,4.857,5.304,5.699,6.729,6.235,4.644,3.517,2.685,2.281,2.039,1.368,0.66,0.404,0.286,0.311,0.917,2.95,5.457,6.601,5.99,5.086,4.615,5.147,5.125,4.963,5.27,5.785,6.785,6.35,4.751,3.745,3.414,2.844,2.547,1.483,0.817,0.494,0.341,0.37,0.881,2.783,5.156,6.18,5.44,4.757,4.562,4.837,5.094,5.104,5.611,5.81,6.201,5.5,4.575,3.714,3.214,3.838,2.99,2.054,1.406,0.847,0.541,0.398,0.395,0.889,1.435,1.889,2.71,3.449,3.843,4.184,4.512,4.557,4.832,4.711,4.707,4.604,4.151,4.025,3.828,3.515,3.358,4.072,2.352,1.259,0.879,0.532,0.401,0.603,0.972,1.255,1.929,2.712,3.54,4.055,4.452,4.448,4.586,4.392,4.401,4.258,3.838,3.331,3.275,2.659,1.792,1.152,0.62,0.388,0.268,0.348,0.833,2.855,5.454,6.844,5.713,4.617,4.298,4.509,4.648,4.93,5.145,5.352,6.074,5.995,4.236,3.11,2.64,2.579,1.754,2.962
593,0.665,0.421,0.298,0.374,0.0,2.963,5.523,6.094,6.165,4.977,4.389,4.742,5.053,4.857,5.304,5.699,6.729,6.235,4.644,3.517,2.685,2.281,2.039,1.368,0.66,0.404,0.286,0.311,0.917,2.95,5.457,6.601,5.99,5.086,4.615,5.147,5.125,4.963,5.27,5.785,6.785,6.35,4.751,3.745,3.414,2.844,2.547,1.483,0.817,0.494,0.341,0.37,0.881,2.783,5.156,6.18,5.44,4.757,4.562,4.837,5.094,5.104,5.611,5.81,6.201,5.5,4.575,3.714,3.214,3.838,2.99,2.054,1.406,0.847,0.541,0.398,0.395,0.889,1.435,1.889,2.71,3.449,3.843,4.184,4.512,4.557,4.832,4.711,4.707,4.604,4.151,4.025,3.828,3.515,3.358,4.072,2.352,1.259,0.879,0.532,0.401,0.603,0.972,1.255,1.929,2.712,3.54,4.055,4.452,4.448,4.586,4.392,4.401,4.258,3.838,3.331,3.275,2.659,1.792,1.152,0.62,0.388,0.268,0.348,0.833,2.855,5.454,6.844,5.713,4.617,4.298,4.509,4.648,4.93,5.145,5.352,6.074,5.995,4.236,3.11,2.64,2.579,1.754,2.962,1.011,0.496,0.33,0.39,0.917,3.005,5.752,6.345,5.76,5.257,4.475,4.69,4.94,4.891,5.094,5.72,6.537,6.282,4.576,3.448,3.234,3.942,2.271,1.172
594,0.66,0.404,0.286,0.311,0.917,2.95,5.457,6.601,5.99,5.086,4.615,5.147,5.125,4.963,5.27,5.785,6.785,6.35,4.751,3.745,3.414,2.844,2.547,1.483,0.817,0.494,0.341,0.37,0.881,2.783,5.156,6.18,5.44,4.757,4.562,4.837,5.094,5.104,5.611,5.81,6.201,5.5,4.575,3.714,3.214,3.838,2.99,2.054,1.406,0.847,0.541,0.398,0.395,0.889,1.435,1.889,2.71,3.449,3.843,4.184,4.512,4.557,4.832,4.711,4.707,4.604,4.151,4.025,3.828,3.515,3.358,4.072,2.352,1.259,0.879,0.532,0.401,0.603,0.972,1.255,1.929,2.712,3.54,4.055,4.452,4.448,4.586,4.392,4.401,4.258,3.838,3.331,3.275,2.659,1.792,1.152,0.62,0.388,0.268,0.348,0.833,2.855,5.454,6.844,5.713,4.617,4.298,4.509,4.648,4.93,5.145,5.352,6.074,5.995,4.236,3.11,2.64,2.579,1.754,2.962,1.011,0.496,0.33,0.39,0.917,3.005,5.752,6.345,5.76,5.257,4.475,4.69,4.94,4.891,5.094,5.72,6.537,6.282,4.576,3.448,3.234,3.942,2.271,1.172,0.656,0.428,0.295,0.372,0.906,3.127,5.829,6.452,6.18,5.429,4.657,4.766,4.994,4.968,5.338,5.871,6.789,6.479,4.678,3.604,3.429,3.175,1.929,1.157
595,0.817,0.494,0.341,0.37,0.881,2.783,5.156,6.18,5.44,4.757,4.562,4.837,5.094,5.104,5.611,5.81,6.201,5.5,4.575,3.714,3.214,3.838,2.99,2.054,1.406,0.847,0.541,0.398,0.395,0.889,1.435,1.889,2.71,3.449,3.843,4.184,4.512,4.557,4.832,4.711,4.707,4.604,4.151,4.025,3.828,3.515,3.358,4.072,2.352,1.259,0.879,0.532,0.401,0.603,0.972,1.255,1.929,2.712,3.54,4.055,4.452,4.448,4.586,4.392,4.401,4.258,3.838,3.331,3.275,2.659,1.792,1.152,0.62,0.388,0.268,0.348,0.833,2.855,5.454,6.844,5.713,4.617,4.298,4.509,4.648,4.93,5.145,5.352,6.074,5.995,4.236,3.11,2.64,2.579,1.754,2.962,1.011,0.496,0.33,0.39,0.917,3.005,5.752,6.345,5.76,5.257,4.475,4.69,4.94,4.891,5.094,5.72,6.537,6.282,4.576,3.448,3.234,3.942,2.271,1.172,0.656,0.428,0.295,0.372,0.906,3.127,5.829,6.452,6.18,5.429,4.657,4.766,4.994,4.968,5.338,5.871,6.789,6.479,4.678,3.604,3.429,3.175,1.929,1.157,0.657,0.472,0.278,0.342,0.944,3.165,5.801,6.821,6.266,5.825,4.708,4.909,5.148,5.186,5.369,5.979,6.724,6.124,4.791,3.728,3.362,3.168,2.227,1.423
596,1.406,0.847,0.541,0.398,0.395,0.889,1.435,1.889,2.71,3.449,3.843,4.184,4.512,4.557,4.832,4.711,4.707,4.604,4.151,4.025,3.828,3.515,3.358,4.072,2.352,1.259,0.879,0.532,0.401,0.603,0.972,1.255,1.929,2.712,3.54,4.055,4.452,4.448,4.586,4.392,4.401,4.258,3.838,3.331,3.275,2.659,1.792,1.152,0.62,0.388,0.268,0.348,0.833,2.855,5.454,6.844,5.713,4.617,4.298,4.509,4.648,4.93,5.145,5.352,6.074,5.995,4.236,3.11,2.64,2.579,1.754,2.962,1.011,0.496,0.33,0.39,0.917,3.005,5.752,6.345,5.76,5.257,4.475,4.69,4.94,4.891,5.094,5.72,6.537,6.282,4.576,3.448,3.234,3.942,2.271,1.172,0.656,0.428,0.295,0.372,0.906,3.127,5.829,6.452,6.18,5.429,4.657,4.766,4.994,4.968,5.338,5.871,6.789,6.479,4.678,3.604,3.429,3.175,1.929,1.157,0.657,0.472,0.278,0.342,0.944,3.165,5.801,6.821,6.266,5.825,4.708,4.909,5.148,5.186,5.369,5.979,6.724,6.124,4.791,3.728,3.362,3.168,2.227,1.423,0.794,0.455,0.31,0.373,0.864,2.948,5.094,6.0,5.842,5.316,5.019,4.501,4.521,5.283,5.661,6.032,6.461,5.531,4.602,3.715,3.353,3.008,2.863,3.047
597,2.352,1.259,0.879,0.532,0.401,0.603,0.972,1.255,1.929,2.712,3.54,4.055,4.452,4.448,4.586,4.392,4.401,4.258,3.838,3.331,3.275,2.659,1.792,1.152,0.62,0.388,0.268,0.348,0.833,2.855,5.454,6.844,5.713,4.617,4.298,4.509,4.648,4.93,5.145,5.352,6.074,5.995,4.236,3.11,2.64,2.579,1.754,2.962,1.011,0.496,0.33,0.39,0.917,3.005,5.752,6.345,5.76,5.257,4.475,4.69,4.94,4.891,5.094,5.72,6.537,6.282,4.576,3.448,3.234,3.942,2.271,1.172,0.656,0.428,0.295,0.372,0.906,3.127,5.829,6.452,6.18,5.429,4.657,4.766,4.994,4.968,5.338,5.871,6.789,6.479,4.678,3.604,3.429,3.175,1.929,1.157,0.657,0.472,0.278,0.342,0.944,3.165,5.801,6.821,6.266,5.825,4.708,4.909,5.148,5.186,5.369,5.979,6.724,6.124,4.791,3.728,3.362,3.168,2.227,1.423,0.794,0.455,0.31,0.373,0.864,2.948,5.094,6.0,5.842,5.316,5.019,4.501,4.521,5.283,5.661,6.032,6.461,5.531,4.602,3.715,3.353,3.008,2.863,3.047,1.507,0.758,0.511,0.381,0.424,0.858,1.531,2.249,3.029,3.69,4.138,4.507,4.824,4.74,4.511,4.338,4.56,4.371,3.845,3.472,3.15,2.912,2.455,2.81
598,0.62,0.388,0.268,0.348,0.833,2.855,5.454,6.844,5.713,4.617,4.298,4.509,4.648,4.93,5.145,5.352,6.074,5.995,4.236,3.11,2.64,2.579,1.754,2.962,1.011,0.496,0.33,0.39,0.917,3.005,5.752,6.345,5.76,5.257,4.475,4.69,4.94,4.891,5.094,5.72,6.537,6.282,4.576,3.448,3.234,3.942,2.271,1.172,0.656,0.428,0.295,0.372,0.906,3.127,5.829,6.452,6.18,5.429,4.657,4.766,4.994,4.968,5.338,5.871,6.789,6.479,4.678,3.604,3.429,3.175,1.929,1.157,0.657,0.472,0.278,0.342,0.944,3.165,5.801,6.821,6.266,5.825,4.708,4.909,5.148,5.186,5.369,5.979,6.724,6.124,4.791,3.728,3.362,3.168,2.227,1.423,0.794,0.455,0.31,0.373,0.864,2.948,5.094,6.0,5.842,5.316,5.019,4.501,4.521,5.283,5.661,6.032,6.461,5.531,4.602,3.715,3.353,3.008,2.863,3.047,1.507,0.758,0.511,0.381,0.424,0.858,1.531,2.249,3.029,3.69,4.138,4.507,4.824,4.74,4.511,4.338,4.56,4.371,3.845,3.472,3.15,2.912,2.455,2.81,2.169,1.209,0.634,0.423,0.356,0.562,1.127,1.665,2.48,3.527,4.015,4.32,4.729,4.917,4.958,4.621,4.709,4.73,4.192,3.035,2.689,2.394,1.876,1.195
599,1.011,0.496,0.33,0.39,0.917,3.005,5.752,6.345,5.76,5.257,4.475,4.69,4.94,4.891,5.094,5.72,6.537,6.282,4.576,3.448,3.234,3.942,2.271,1.172,0.656,0.428,0.295,0.372,0.906,3.127,5.829,6.452,6.18,5.429,4.657,4.766,4.994,4.968,5.338,5.871,6.789,6.479,4.678,3.604,3.429,3.175,1.929,1.157,0.657,0.472,0.278,0.342,0.944,3.165,5.801,6.821,6.266,5.825,4.708,4.909,5.148,5.186,5.369,5.979,6.724,6.124,4.791,3.728,3.362,3.168,2.227,1.423,0.794,0.455,0.31,0.373,0.864,2.948,5.094,6.0,5.842,5.316,5.019,4.501,4.521,5.283,5.661,6.032,6.461,5.531,4.602,3.715,3.353,3.008,2.863,3.047,1.507,0.758,0.511,0.381,0.424,0.858,1.531,2.249,3.029,3.69,4.138,4.507,4.824,4.74,4.511,4.338,4.56,4.371,3.845,3.472,3.15,2.912,2.455,2.81,2.169,1.209,0.634,0.423,0.356,0.562,1.127,1.665,2.48,3.527,4.015,4.32,4.729,4.917,4.958,4.621,4.709,4.73,4.192,3.035,2.689,2.394,1.876,1.195,0.63,0.4,0.26,0.321,0.874,3.075,5.6,6.691,6.34,5.419,4.682,4.663,4.992,5.038,5.313,5.826,6.666,6.096,4.265,3.268,3.105,2.718,1.728,1.136
600,0.656,0.428,0.295,0.372,0.906,3.127,5.829,6.452,6.18,5.429,4.657,4.766,4.994,4.968,5.338,5.871,6.789,6.479,4.678,3.604,3.429,3.175,1.929,1.157,0.657,0.472,0.278,0.342,0.944,3.165,5.801,6.821,6.266,5.825,4.708,4.909,5.148,5.186,5.369,5.979,6.724,6.124,4.791,3.728,3.362,3.168,2.227,1.423,0.794,0.455,0.31,0.373,0.864,2.948,5.094,6.0,5.842,5.316,5.019,4.501,4.521,5.283,5.661,6.032,6.461,5.531,4.602,3.715,3.353,3.008,2.863,3.047,1.507,0.758,0.511,0.381,0.424,0.858,1.531,2.249,3.029,3.69,4.138,4.507,4.824,4.74,4.511,4.338,4.56,4.371,3.845,3.472,3.15,2.912,2.455,2.81,2.169,1.209,0.634,0.423,0.356,0.562,1.127,1.665,2.48,3.527,4.015,4.32,4.729,4.917,4.958,4.621,4.709,4.73,4.192,3.035,2.689,2.394,1.876,1.195,0.63,0.4,0.26,0.321,0.874,3.075,5.6,6.691,6.34,5.419,4.682,4.663,4.992,5.038,5.313,5.826,6.666,6.096,4.265,3.268,3.105,2.718,1.728,1.136,0.651,0.374,0.252,0.337,0.916,3.127,5.964,6.53,6.259,5.783,4.991,5.078,5.237,5.119,5.386,5.977,6.884,6.454,5.0,3.47,3.398,2.904,2.051,1.223
601,0.657,0.472,0.278,0.342,0.944,3.165,5.801,6.821,6.266,5.825,4.708,4.909,5.148,5.186,5.369,5.979,6.724,6.124,4.791,3.728,3.362,3.168,2.227,1.423,0.794,0.455,0.31,0.373,0.864,2.948,5.094,6.0,5.842,5.316,5.019,4.501,4.521,5.283,5.661,6.032,6.461,5.531,4.602,3.715,3.353,3.008,2.863,3.047,1.507,0.758,0.511,0.381,0.424,0.858,1.531,2.249,3.029,3.69,4.138,4.507,4.824,4.74,4.511,4.338,4.56,4.371,3.845,3.472,3.15,2.912,2.455,2.81,2.169,1.209,0.634,0.423,0.356,0.562,1.127,1.665,2.48,3.527,4.015,4.32,4.729,4.917,4.958,4.621,4.709,4.73,4.192,3.035,2.689,2.394,1.876,1.195,0.63,0.4,0.26,0.321,0.874,3.075,5.6,6.691,6.34,5.419,4.682,4.663,4.992,5.038,5.313,5.826,6.666,6.096,4.265,3.268,3.105,2.718,1.728,1.136,0.651,0.374,0.252,0.337,0.916,3.127,5.964,6.53,6.259,5.783,4.991,5.078,5.237,5.119,5.386,5.977,6.884,6.454,5.0,3.47,3.398,2.904,2.051,1.223,0.664,0.374,0.27,0.349,0.879,3.135,6.003,6.391,6.079,5.793,4.898,5.189,5.005,5.038,5.661,6.265,6.799,6.281,4.971,3.705,3.37,2.839,2.083,1.204
602,0.794,0.455,0.31,0.373,0.864,2.948,5.094,6.0,5.842,5.316,5.019,4.501,4.521,5.283,5.661,6.032,6.461,5.531,4.602,3.715,3.353,3.008,2.863,3.047,1.507,0.758,0.511,0.381,0.424,0.858,1.531,2.249,3.029,3.69,4.138,4.507,4.824,4.74,4.511,4.338,4.56,4.371,3.845,3.472,3.15,2.912,2.455,2.81,2.169,1.209,0.634,0.423,0.356,0.562,1.127,1.665,2.48,3.527,4.015,4.32,4.729,4.917,4.958,4.621,4.709,4.73,4.192,3.035,2.689,2.394,1.876,1.195,0.63,0.4,0.26,0.321,0.874,3.075,5.6,6.691,6.34,5.419,4.682,4.663,4.992,5.038,5.313,5.826,6.666,6.096,4.265,3.268,3.105,2.718,1.728,1.136,0.651,0.374,0.252,0.337,0.916,3.127,5.964,6.53,6.259,5.783,4.991,5.078,5.237,5.119,5.386,5.977,6.884,6.454,5.0,3.47,3.398,2.904,2.051,1.223,0.664,0.374,0.27,0.349,0.879,3.135,6.003,6.391,6.079,5.793,4.898,5.189,5.005,5.038,5.661,6.265,6.799,6.281,4.971,3.705,3.37,2.839,2.083,1.204,0.705,0.413,0.282,0.317,0.91,3.172,5.689,6.581,6.209,5.608,5.206,5.424,5.568,5.414,5.855,6.376,6.788,6.641,5.658,3.973,3.45,3.096,2.421,1.576
603,1.507,0.758,0.511,0.381,0.424,0.858,1.531,2.249,3.029,3.69,4.138,4.507,4.824,4.74,4.511,4.338,4.56,4.371,3.845,3.472,3.15,2.912,2.455,2.81,2.169,1.209,0.634,0.423,0.356,0.562,1.127,1.665,2.48,3.527,4.015,4.32,4.729,4.917,4.958,4.621,4.709,4.73,4.192,3.035,2.689,2.394,1.876,1.195,0.63,0.4,0.26,0.321,0.874,3.075,5.6,6.691,6.34,5.419,4.682,4.663,4.992,5.038,5.313,5.826,6.666,6.096,4.265,3.268,3.105,2.718,1.728,1.136,0.651,0.374,0.252,0.337,0.916,3.127,5.964,6.53,6.259,5.783,4.991,5.078,5.237,5.119,5.386,5.977,6.884,6.454,5.0,3.47,3.398,2.904,2.051,1.223,0.664,0.374,0.27,0.349,0.879,3.135,6.003,6.391,6.079,5.793,4.898,5.189,5.005,5.038,5.661,6.265,6.799,6.281,4.971,3.705,3.37,2.839,2.083,1.204,0.705,0.413,0.282,0.317,0.91,3.172,5.689,6.581,6.209,5.608,5.206,5.424,5.568,5.414,5.855,6.376,6.788,6.641,5.658,3.973,3.45,3.096,2.421,1.576,0.808,0.52,0.357,0.369,0.853,2.808,5.248,6.424,5.95,5.411,5.293,5.419,5.823,5.824,5.905,6.062,5.952,5.449,4.886,3.947,3.576,3.863,2.597,2.045
604,2.169,1.209,0.634,0.423,0.356,0.562,1.127,1.665,2.48,3.527,4.015,4.32,4.729,4.917,4.958,4.621,4.709,4.73,4.192,3.035,2.689,2.394,1.876,1.195,0.63,0.4,0.26,0.321,0.874,3.075,5.6,6.691,6.34,5.419,4.682,4.663,4.992,5.038,5.313,5.826,6.666,6.096,4.265,3.268,3.105,2.718,1.728,1.136,0.651,0.374,0.252,0.337,0.916,3.127,5.964,6.53,6.259,5.783,4.991,5.078,5.237,5.119,5.386,5.977,6.884,6.454,5.0,3.47,3.398,2.904,2.051,1.223,0.664,0.374,0.27,0.349,0.879,3.135,6.003,6.391,6.079,5.793,4.898,5.189,5.005,5.038,5.661,6.265,6.799,6.281,4.971,3.705,3.37,2.839,2.083,1.204,0.705,0.413,0.282,0.317,0.91,3.172,5.689,6.581,6.209,5.608,5.206,5.424,5.568,5.414,5.855,6.376,6.788,6.641,5.658,3.973,3.45,3.096,2.421,1.576,0.808,0.52,0.357,0.369,0.853,2.808,5.248,6.424,5.95,5.411,5.293,5.419,5.823,5.824,5.905,6.062,5.952,5.449,4.886,3.947,3.576,3.863,2.597,2.045,1.227,0.771,0.535,0.368,0.419,0.745,1.512,2.235,3.064,3.854,4.519,4.72,4.84,4.683,4.882,4.699,4.794,4.462,4.017,3.38,3.108,2.921,2.565,2.021
605,0.63,0.4,0.26,0.321,0.874,3.075,5.6,6.691,6.34,5.419,4.682,4.663,4.992,5.038,5.313,5.826,6.666,6.096,4.265,3.268,3.105,2.718,1.728,1.136,0.651,0.374,0.252,0.337,0.916,3.127,5.964,6.53,6.259,5.783,4.991,5.078,5.237,5.119,5.386,5.977,6.884,6.454,5.0,3.47,3.398,2.904,2.051,1.223,0.664,0.374,0.27,0.349,0.879,3.135,6.003,6.391,6.079,5.793,4.898,5.189,5.005,5.038,5.661,6.265,6.799,6.281,4.971,3.705,3.37,2.839,2.083,1.204,0.705,0.413,0.282,0.317,0.91,3.172,5.689,6.581,6.209,5.608,5.206,5.424,5.568,5.414,5.855,6.376,6.788,6.641,5.658,3.973,3.45,3.096,2.421,1.576,0.808,0.52,0.357,0.369,0.853,2.808,5.248,6.424,5.95,5.411,5.293,5.419,5.823,5.824,5.905,6.062,5.952,5.449,4.886,3.947,3.576,3.863,2.597,2.045,1.227,0.771,0.535,0.368,0.419,0.745,1.512,2.235,3.064,3.854,4.519,4.72,4.84,4.683,4.882,4.699,4.794,4.462,4.017,3.38,3.108,2.921,2.565,2.021,1.517,0.822,0.661,0.373,0.335,0.521,1.018,1.621,2.667,3.406,4.184,4.582,5.025,4.524,4.612,4.139,4.159,4.73,3.886,3.548,3.118,2.677,2.245,1.71
606,0.651,0.374,0.252,0.337,0.916,3.127,5.964,6.53,6.259,5.783,4.991,5.078,5.237,5.119,5.386,5.977,6.884,6.454,5.0,3.47,3.398,2.904,2.051,1.223,0.664,0.374,0.27,0.349,0.879,3.135,6.003,6.391,6.079,5.793,4.898,5.189,5.005,5.038,5.661,6.265,6.799,6.281,4.971,3.705,3.37,2.839,2.083,1.204,0.705,0.413,0.282,0.317,0.91,3.172,5.689,6.581,6.209,5.608,5.206,5.424,5.568,5.414,5.855,6.376,6.788,6.641,5.658,3.973,3.45,3.096,2.421,1.576,0.808,0.52,0.357,0.369,0.853,2.808,5.248,6.424,5.95,5.411,5.293,5.419,5.823,5.824,5.905,6.062,5.952,5.449,4.886,3.947,3.576,3.863,2.597,2.045,1.227,0.771,0.535,0.368,0.419,0.745,1.512,2.235,3.064,3.854,4.519,4.72,4.84,4.683,4.882,4.699,4.794,4.462,4.017,3.38,3.108,2.921,2.565,2.021,1.517,0.822,0.661,0.373,0.335,0.521,1.018,1.621,2.667,3.406,4.184,4.582,5.025,4.524,4.612,4.139,4.159,4.73,3.886,3.548,3.118,2.677,2.245,1.71,1.026,0.585,0.441,0.302,0.303,0.575,1.128,1.589,1.974,2.678,3.32,3.83,4.059,4.29,4.309,4.347,4.377,3.883,3.583,3.218,2.725,2.186,1.708,1.048
607,0.664,0.374,0.27,0.349,0.879,3.135,6.003,6.391,6.079,5.793,4.898,5.189,5.005,5.038,5.661,6.265,6.799,6.281,4.971,3.705,3.37,2.839,2.083,1.204,0.705,0.413,0.282,0.317,0.91,3.172,5.689,6.581,6.209,5.608,5.206,5.424,5.568,5.414,5.855,6.376,6.788,6.641,5.658,3.973,3.45,3.096,2.421,1.576,0.808,0.52,0.357,0.369,0.853,2.808,5.248,6.424,5.95,5.411,5.293,5.419,5.823,5.824,5.905,6.062,5.952,5.449,4.886,3.947,3.576,3.863,2.597,2.045,1.227,0.771,0.535,0.368,0.419,0.745,1.512,2.235,3.064,3.854,4.519,4.72,4.84,4.683,4.882,4.699,4.794,4.462,4.017,3.38,3.108,2.921,2.565,2.021,1.517,0.822,0.661,0.373,0.335,0.521,1.018,1.621,2.667,3.406,4.184,4.582,5.025,4.524,4.612,4.139,4.159,4.73,3.886,3.548,3.118,2.677,2.245,1.71,1.026,0.585,0.441,0.302,0.303,0.575,1.128,1.589,1.974,2.678,3.32,3.83,4.059,4.29,4.309,4.347,4.377,3.883,3.583,3.218,2.725,2.186,1.708,1.048,0.574,0.315,0.242,0.316,0.807,3.001,5.545,6.559,6.267,5.762,4.482,4.733,5.041,4.805,5.22,5.799,6.572,6.092,4.306,3.282,2.817,2.398,1.538,0.945
608,0.705,0.413,0.282,0.317,0.91,3.172,5.689,6.581,6.209,5.608,5.206,5.424,5.568,5.414,5.855,6.376,6.788,6.641,5.658,3.973,3.45,3.096,2.421,1.576,0.808,0.52,0.357,0.369,0.853,2.808,5.248,6.424,5.95,5.411,5.293,5.419,5.823,5.824,5.905,6.062,5.952,5.449,4.886,3.947,3.576,3.863,2.597,2.045,1.227,0.771,0.535,0.368,0.419,0.745,1.512,2.235,3.064,3.854,4.519,4.72,4.84,4.683,4.882,4.699,4.794,4.462,4.017,3.38,3.108,2.921,2.565,2.021,1.517,0.822,0.661,0.373,0.335,0.521,1.018,1.621,2.667,3.406,4.184,4.582,5.025,4.524,4.612,4.139,4.159,4.73,3.886,3.548,3.118,2.677,2.245,1.71,1.026,0.585,0.441,0.302,0.303,0.575,1.128,1.589,1.974,2.678,3.32,3.83,4.059,4.29,4.309,4.347,4.377,3.883,3.583,3.218,2.725,2.186,1.708,1.048,0.574,0.315,0.242,0.316,0.807,3.001,5.545,6.559,6.267,5.762,4.482,4.733,5.041,4.805,5.22,5.799,6.572,6.092,4.306,3.282,2.817,2.398,1.538,0.945,0.543,0.343,0.25,0.354,0.889,3.137,5.782,6.5,5.848,5.875,4.548,5.185,4.991,4.835,5.262,5.382,6.799,6.5,4.519,3.69,3.361,2.556,1.609,1.117
609,0.808,0.52,0.357,0.369,0.853,2.808,5.248,6.424,5.95,5.411,5.293,5.419,5.823,5.824,5.905,6.062,5.952,5.449,4.886,3.947,3.576,3.863,2.597,2.045,1.227,0.771,0.535,0.368,0.419,0.745,1.512,2.235,3.064,3.854,4.519,4.72,4.84,4.683,4.882,4.699,4.794,4.462,4.017,3.38,3.108,2.921,2.565,2.021,1.517,0.822,0.661,0.373,0.335,0.521,1.018,1.621,2.667,3.406,4.184,4.582,5.025,4.524,4.612,4.139,4.159,4.73,3.886,3.548,3.118,2.677,2.245,1.71,1.026,0.585,0.441,0.302,0.303,0.575,1.128,1.589,1.974,2.678,3.32,3.83,4.059,4.29,4.309,4.347,4.377,3.883,3.583,3.218,2.725,2.186,1.708,1.048,0.574,0.315,0.242,0.316,0.807,3.001,5.545,6.559,6.267,5.762,4.482,4.733,5.041,4.805,5.22,5.799,6.572,6.092,4.306,3.282,2.817,2.398,1.538,0.945,0.543,0.343,0.25,0.354,0.889,3.137,5.782,6.5,5.848,5.875,4.548,5.185,4.991,4.835,5.262,5.382,6.799,6.5,4.519,3.69,3.361,2.556,1.609,1.117,0.583,0.357,0.259,0.335,0.913,3.116,5.737,6.685,6.302,5.486,4.62,4.862,5.083,4.903,5.073,5.827,6.492,6.478,4.703,3.621,3.28,2.611,1.896,1.469
610,1.227,0.771,0.535,0.368,0.419,0.745,1.512,2.235,3.064,3.854,4.519,4.72,4.84,4.683,4.882,4.699,4.794,4.462,4.017,3.38,3.108,2.921,2.565,2.021,1.517,0.822,0.661,0.373,0.335,0.521,1.018,1.621,2.667,3.406,4.184,4.582,5.025,4.524,4.612,4.139,4.159,4.73,3.886,3.548,3.118,2.677,2.245,1.71,1.026,0.585,0.441,0.302,0.303,0.575,1.128,1.589,1.974,2.678,3.32,3.83,4.059,4.29,4.309,4.347,4.377,3.883,3.583,3.218,2.725,2.186,1.708,1.048,0.574,0.315,0.242,0.316,0.807,3.001,5.545,6.559,6.267,5.762,4.482,4.733,5.041,4.805,5.22,5.799,6.572,6.092,4.306,3.282,2.817,2.398,1.538,0.945,0.543,0.343,0.25,0.354,0.889,3.137,5.782,6.5,5.848,5.875,4.548,5.185,4.991,4.835,5.262,5.382,6.799,6.5,4.519,3.69,3.361,2.556,1.609,1.117,0.583,0.357,0.259,0.335,0.913,3.116,5.737,6.685,6.302,5.486,4.62,4.862,5.083,4.903,5.073,5.827,6.492,6.478,4.703,3.621,3.28,2.611,1.896,1.469,0.634,0.39,0.277,0.356,0.853,2.978,5.573,6.504,6.232,5.304,4.526,5.021,5.12,5.265,5.689,6.157,6.597,6.423,5.185,4.029,3.236,2.997,2.44,1.831
611,1.517,0.822,0.661,0.373,0.335,0.521,1.018,1.621,2.667,3.406,4.184,4.582,5.025,4.524,4.612,4.139,4.159,4.73,3.886,3.548,3.118,2.677,2.245,1.71,1.026,0.585,0.441,0.302,0.303,0.575,1.128,1.589,1.974,2.678,3.32,3.83,4.059,4.29,4.309,4.347,4.377,3.883,3.583,3.218,2.725,2.186,1.708,1.048,0.574,0.315,0.242,0.316,0.807,3.001,5.545,6.559,6.267,5.762,4.482,4.733,5.041,4.805,5.22,5.799,6.572,6.092,4.306,3.282,2.817,2.398,1.538,0.945,0.543,0.343,0.25,0.354,0.889,3.137,5.782,6.5,5.848,5.875,4.548,5.185,4.991,4.835,5.262,5.382,6.799,6.5,4.519,3.69,3.361,2.556,1.609,1.117,0.583,0.357,0.259,0.335,0.913,3.116,5.737,6.685,6.302,5.486,4.62,4.862,5.083,4.903,5.073,5.827,6.492,6.478,4.703,3.621,3.28,2.611,1.896,1.469,0.634,0.39,0.277,0.356,0.853,2.978,5.573,6.504,6.232,5.304,4.526,5.021,5.12,5.265,5.689,6.157,6.597,6.423,5.185,4.029,3.236,2.997,2.44,1.831,1.391,0.84,0.583,0.383,0.412,0.885,1.482,2.218,3.088,3.54,4.092,4.232,4.596,4.497,4.457,4.424,4.432,4.472,4.396,3.547,3.256,3.107,2.458,2.026
612,1.026,0.585,0.441,0.302,0.303,0.575,1.128,1.589,1.974,2.678,3.32,3.83,4.059,4.29,4.309,4.347,4.377,3.883,3.583,3.218,2.725,2.186,1.708,1.048,0.574,0.315,0.242,0.316,0.807,3.001,5.545,6.559,6.267,5.762,4.482,4.733,5.041,4.805,5.22,5.799,6.572,6.092,4.306,3.282,2.817,2.398,1.538,0.945,0.543,0.343,0.25,0.354,0.889,3.137,5.782,6.5,5.848,5.875,4.548,5.185,4.991,4.835,5.262,5.382,6.799,6.5,4.519,3.69,3.361,2.556,1.609,1.117,0.583,0.357,0.259,0.335,0.913,3.116,5.737,6.685,6.302,5.486,4.62,4.862,5.083,4.903,5.073,5.827,6.492,6.478,4.703,3.621,3.28,2.611,1.896,1.469,0.634,0.39,0.277,0.356,0.853,2.978,5.573,6.504,6.232,5.304,4.526,5.021,5.12,5.265,5.689,6.157,6.597,6.423,5.185,4.029,3.236,2.997,2.44,1.831,1.391,0.84,0.583,0.383,0.412,0.885,1.482,2.218,3.088,3.54,4.092,4.232,4.596,4.497,4.457,4.424,4.432,4.472,4.396,3.547,3.256,3.107,2.458,2.026,1.342,0.823,0.673,0.373,0.315,0.513,1.036,1.468,1.948,2.747,3.45,3.89,4.143,4.232,4.17,4.135,3.983,3.877,3.791,3.289,2.902,2.213,1.591,1.075
613,0.574,0.315,0.242,0.316,0.807,3.001,5.545,6.559,6.267,5.762,4.482,4.733,5.041,4.805,5.22,5.799,6.572,6.092,4.306,3.282,2.817,2.398,1.538,0.945,0.543,0.343,0.25,0.354,0.889,3.137,5.782,6.5,5.848,5.875,4.548,5.185,4.991,4.835,5.262,5.382,6.799,6.5,4.519,3.69,3.361,2.556,1.609,1.117,0.583,0.357,0.259,0.335,0.913,3.116,5.737,6.685,6.302,5.486,4.62,4.862,5.083,4.903,5.073,5.827,6.492,6.478,4.703,3.621,3.28,2.611,1.896,1.469,0.634,0.39,0.277,0.356,0.853,2.978,5.573,6.504,6.232,5.304,4.526,5.021,5.12,5.265,5.689,6.157,6.597,6.423,5.185,4.029,3.236,2.997,2.44,1.831,1.391,0.84,0.583,0.383,0.412,0.885,1.482,2.218,3.088,3.54,4.092,4.232,4.596,4.497,4.457,4.424,4.432,4.472,4.396,3.547,3.256,3.107,2.458,2.026,1.342,0.823,0.673,0.373,0.315,0.513,1.036,1.468,1.948,2.747,3.45,3.89,4.143,4.232,4.17,4.135,3.983,3.877,3.791,3.289,2.902,2.213,1.591,1.075,0.586,0.396,0.24,0.344,0.853,3.017,5.764,6.051,5.998,5.404,4.456,4.529,4.735,4.834,5.411,6.445,7.117,6.431,4.233,2.851,2.612,2.494,1.382,1.022
614,0.543,0.343,0.25,0.354,0.889,3.137,5.782,6.5,5.848,5.875,4.548,5.185,4.991,4.835,5.262,5.382,6.799,6.5,4.519,3.69,3.361,2.556,1.609,1.117,0.583,0.357,0.259,0.335,0.913,3.116,5.737,6.685,6.302,5.486,4.62,4.862,5.083,4.903,5.073,5.827,6.492,6.478,4.703,3.621,3.28,2.611,1.896,1.469,0.634,0.39,0.277,0.356,0.853,2.978,5.573,6.504,6.232,5.304,4.526,5.021,5.12,5.265,5.689,6.157,6.597,6.423,5.185,4.029,3.236,2.997,2.44,1.831,1.391,0.84,0.583,0.383,0.412,0.885,1.482,2.218,3.088,3.54,4.092,4.232,4.596,4.497,4.457,4.424,4.432,4.472,4.396,3.547,3.256,3.107,2.458,2.026,1.342,0.823,0.673,0.373,0.315,0.513,1.036,1.468,1.948,2.747,3.45,3.89,4.143,4.232,4.17,4.135,3.983,3.877,3.791,3.289,2.902,2.213,1.591,1.075,0.586,0.396,0.24,0.344,0.853,3.017,5.764,6.051,5.998,5.404,4.456,4.529,4.735,4.834,5.411,6.445,7.117,6.431,4.233,2.851,2.612,2.494,1.382,1.022,0.616,0.364,0.244,0.336,0.918,3.102,5.785,6.353,5.836,5.633,4.477,4.754,4.841,4.887,5.332,6.114,7.007,6.717,5.31,3.423,2.995,2.535,1.897,1.022
615,0.583,0.357,0.259,0.335,0.913,3.116,5.737,6.685,6.302,5.486,4.62,4.862,5.083,4.903,5.073,5.827,6.492,6.478,4.703,3.621,3.28,2.611,1.896,1.469,0.634,0.39,0.277,0.356,0.853,2.978,5.573,6.504,6.232,5.304,4.526,5.021,5.12,5.265,5.689,6.157,6.597,6.423,5.185,4.029,3.236,2.997,2.44,1.831,1.391,0.84,0.583,0.383,0.412,0.885,1.482,2.218,3.088,3.54,4.092,4.232,4.596,4.497,4.457,4.424,4.432,4.472,4.396,3.547,3.256,3.107,2.458,2.026,1.342,0.823,0.673,0.373,0.315,0.513,1.036,1.468,1.948,2.747,3.45,3.89,4.143,4.232,4.17,4.135,3.983,3.877,3.791,3.289,2.902,2.213,1.591,1.075,0.586,0.396,0.24,0.344,0.853,3.017,5.764,6.051,5.998,5.404,4.456,4.529,4.735,4.834,5.411,6.445,7.117,6.431,4.233,2.851,2.612,2.494,1.382,1.022,0.616,0.364,0.244,0.336,0.918,3.102,5.785,6.353,5.836,5.633,4.477,4.754,4.841,4.887,5.332,6.114,7.007,6.717,5.31,3.423,2.995,2.535,1.897,1.022,0.609,0.377,0.272,0.331,0.917,3.124,5.355,5.721,6.034,5.873,4.603,4.677,4.966,4.976,5.173,5.943,6.944,6.344,4.869,3.494,3.181,2.508,1.96,1.065
616,0.634,0.39,0.277,0.356,0.853,2.978,5.573,6.504,6.232,5.304,4.526,5.021,5.12,5.265,5.689,6.157,6.597,6.423,5.185,4.029,3.236,2.997,2.44,1.831,1.391,0.84,0.583,0.383,0.412,0.885,1.482,2.218,3.088,3.54,4.092,4.232,4.596,4.497,4.457,4.424,4.432,4.472,4.396,3.547,3.256,3.107,2.458,2.026,1.342,0.823,0.673,0.373,0.315,0.513,1.036,1.468,1.948,2.747,3.45,3.89,4.143,4.232,4.17,4.135,3.983,3.877,3.791,3.289,2.902,2.213,1.591,1.075,0.586,0.396,0.24,0.344,0.853,3.017,5.764,6.051,5.998,5.404,4.456,4.529,4.735,4.834,5.411,6.445,7.117,6.431,4.233,2.851,2.612,2.494,1.382,1.022,0.616,0.364,0.244,0.336,0.918,3.102,5.785,6.353,5.836,5.633,4.477,4.754,4.841,4.887,5.332,6.114,7.007,6.717,5.31,3.423,2.995,2.535,1.897,1.022,0.609,0.377,0.272,0.331,0.917,3.124,5.355,5.721,6.034,5.873,4.603,4.677,4.966,4.976,5.173,5.943,6.944,6.344,4.869,3.494,3.181,2.508,1.96,1.065,0.591,0.364,0.309,0.348,0.915,3.173,6.058,6.481,6.122,5.609,4.603,4.844,5.342,5.184,5.601,5.975,6.774,6.409,5.135,3.656,3.381,3.239,2.106,1.263
617,1.391,0.84,0.583,0.383,0.412,0.885,1.482,2.218,3.088,3.54,4.092,4.232,4.596,4.497,4.457,4.424,4.432,4.472,4.396,3.547,3.256,3.107,2.458,2.026,1.342,0.823,0.673,0.373,0.315,0.513,1.036,1.468,1.948,2.747,3.45,3.89,4.143,4.232,4.17,4.135,3.983,3.877,3.791,3.289,2.902,2.213,1.591,1.075,0.586,0.396,0.24,0.344,0.853,3.017,5.764,6.051,5.998,5.404,4.456,4.529,4.735,4.834,5.411,6.445,7.117,6.431,4.233,2.851,2.612,2.494,1.382,1.022,0.616,0.364,0.244,0.336,0.918,3.102,5.785,6.353,5.836,5.633,4.477,4.754,4.841,4.887,5.332,6.114,7.007,6.717,5.31,3.423,2.995,2.535,1.897,1.022,0.609,0.377,0.272,0.331,0.917,3.124,5.355,5.721,6.034,5.873,4.603,4.677,4.966,4.976,5.173,5.943,6.944,6.344,4.869,3.494,3.181,2.508,1.96,1.065,0.591,0.364,0.309,0.348,0.915,3.173,6.058,6.481,6.122,5.609,4.603,4.844,5.342,5.184,5.601,5.975,6.774,6.409,5.135,3.656,3.381,3.239,2.106,1.263,0.755,0.412,0.333,0.366,0.862,3.068,5.776,6.744,6.039,5.077,4.842,5.081,5.362,5.125,5.665,5.996,6.511,5.7,4.993,4.224,3.496,3.065,3.079,2.496
618,1.342,0.823,0.673,0.373,0.315,0.513,1.036,1.468,1.948,2.747,3.45,3.89,4.143,4.232,4.17,4.135,3.983,3.877,3.791,3.289,2.902,2.213,1.591,1.075,0.586,0.396,0.24,0.344,0.853,3.017,5.764,6.051,5.998,5.404,4.456,4.529,4.735,4.834,5.411,6.445,7.117,6.431,4.233,2.851,2.612,2.494,1.382,1.022,0.616,0.364,0.244,0.336,0.918,3.102,5.785,6.353,5.836,5.633,4.477,4.754,4.841,4.887,5.332,6.114,7.007,6.717,5.31,3.423,2.995,2.535,1.897,1.022,0.609,0.377,0.272,0.331,0.917,3.124,5.355,5.721,6.034,5.873,4.603,4.677,4.966,4.976,5.173,5.943,6.944,6.344,4.869,3.494,3.181,2.508,1.96,1.065,0.591,0.364,0.309,0.348,0.915,3.173,6.058,6.481,6.122,5.609,4.603,4.844,5.342,5.184,5.601,5.975,6.774,6.409,5.135,3.656,3.381,3.239,2.106,1.263,0.755,0.412,0.333,0.366,0.862,3.068,5.776,6.744,6.039,5.077,4.842,5.081,5.362,5.125,5.665,5.996,6.511,5.7,4.993,4.224,3.496,3.065,3.079,2.496,1.397,0.877,0.596,0.443,0.434,0.828,1.487,2.174,3.009,3.853,4.322,4.792,5.19,5.169,4.544,4.334,4.687,4.582,3.861,3.477,3.089,2.929,3.238,2.54
619,0.586,0.396,0.24,0.344,0.853,3.017,5.764,6.051,5.998,5.404,4.456,4.529,4.735,4.834,5.411,6.445,7.117,6.431,4.233,2.851,2.612,2.494,1.382,1.022,0.616,0.364,0.244,0.336,0.918,3.102,5.785,6.353,5.836,5.633,4.477,4.754,4.841,4.887,5.332,6.114,7.007,6.717,5.31,3.423,2.995,2.535,1.897,1.022,0.609,0.377,0.272,0.331,0.917,3.124,5.355,5.721,6.034,5.873,4.603,4.677,4.966,4.976,5.173,5.943,6.944,6.344,4.869,3.494,3.181,2.508,1.96,1.065,0.591,0.364,0.309,0.348,0.915,3.173,6.058,6.481,6.122,5.609,4.603,4.844,5.342,5.184,5.601,5.975,6.774,6.409,5.135,3.656,3.381,3.239,2.106,1.263,0.755,0.412,0.333,0.366,0.862,3.068,5.776,6.744,6.039,5.077,4.842,5.081,5.362,5.125,5.665,5.996,6.511,5.7,4.993,4.224,3.496,3.065,3.079,2.496,1.397,0.877,0.596,0.443,0.434,0.828,1.487,2.174,3.009,3.853,4.322,4.792,5.19,5.169,4.544,4.334,4.687,4.582,3.861,3.477,3.089,2.929,3.238,2.54,1.739,0.951,0.662,0.378,0.34,0.478,0.89,1.257,2.065,2.965,3.811,4.372,4.568,4.207,4.171,4.506,4.585,4.2,3.96,3.471,2.912,2.278,1.697,1.079
620,0.616,0.364,0.244,0.336,0.918,3.102,5.785,6.353,5.836,5.633,4.477,4.754,4.841,4.887,5.332,6.114,7.007,6.717,5.31,3.423,2.995,2.535,1.897,1.022,0.609,0.377,0.272,0.331,0.917,3.124,5.355,5.721,6.034,5.873,4.603,4.677,4.966,4.976,5.173,5.943,6.944,6.344,4.869,3.494,3.181,2.508,1.96,1.065,0.591,0.364,0.309,0.348,0.915,3.173,6.058,6.481,6.122,5.609,4.603,4.844,5.342,5.184,5.601,5.975,6.774,6.409,5.135,3.656,3.381,3.239,2.106,1.263,0.755,0.412,0.333,0.366,0.862,3.068,5.776,6.744,6.039,5.077,4.842,5.081,5.362,5.125,5.665,5.996,6.511,5.7,4.993,4.224,3.496,3.065,3.079,2.496,1.397,0.877,0.596,0.443,0.434,0.828,1.487,2.174,3.009,3.853,4.322,4.792,5.19,5.169,4.544,4.334,4.687,4.582,3.861,3.477,3.089,2.929,3.238,2.54,1.739,0.951,0.662,0.378,0.34,0.478,0.89,1.257,2.065,2.965,3.811,4.372,4.568,4.207,4.171,4.506,4.585,4.2,3.96,3.471,2.912,2.278,1.697,1.079,0.572,0.338,0.265,0.308,0.856,2.997,5.877,6.415,5.641,5.515,4.329,4.349,4.589,4.433,4.778,5.43,6.43,5.652,4.323,3.147,2.696,2.151,1.493,0.951
621,0.609,0.377,0.272,0.331,0.917,3.124,5.355,5.721,6.034,5.873,4.603,4.677,4.966,4.976,5.173,5.943,6.944,6.344,4.869,3.494,3.181,2.508,1.96,1.065,0.591,0.364,0.309,0.348,0.915,3.173,6.058,6.481,6.122,5.609,4.603,4.844,5.342,5.184,5.601,5.975,6.774,6.409,5.135,3.656,3.381,3.239,2.106,1.263,0.755,0.412,0.333,0.366,0.862,3.068,5.776,6.744,6.039,5.077,4.842,5.081,5.362,5.125,5.665,5.996,6.511,5.7,4.993,4.224,3.496,3.065,3.079,2.496,1.397,0.877,0.596,0.443,0.434,0.828,1.487,2.174,3.009,3.853,4.322,4.792,5.19,5.169,4.544,4.334,4.687,4.582,3.861,3.477,3.089,2.929,3.238,2.54,1.739,0.951,0.662,0.378,0.34,0.478,0.89,1.257,2.065,2.965,3.811,4.372,4.568,4.207,4.171,4.506,4.585,4.2,3.96,3.471,2.912,2.278,1.697,1.079,0.572,0.338,0.265,0.308,0.856,2.997,5.877,6.415,5.641,5.515,4.329,4.349,4.589,4.433,4.778,5.43,6.43,5.652,4.323,3.147,2.696,2.151,1.493,0.951,0.513,0.317,0.23,0.36,0.876,3.119,5.949,6.434,6.071,5.819,4.557,4.69,4.867,4.762,5.264,5.823,6.741,6.187,4.618,3.604,2.977,2.485,1.649,0.997
622,0.591,0.364,0.309,0.348,0.915,3.173,6.058,6.481,6.122,5.609,4.603,4.844,5.342,5.184,5.601,5.975,6.774,6.409,5.135,3.656,3.381,3.239,2.106,1.263,0.755,0.412,0.333,0.366,0.862,3.068,5.776,6.744,6.039,5.077,4.842,5.081,5.362,5.125,5.665,5.996,6.511,5.7,4.993,4.224,3.496,3.065,3.079,2.496,1.397,0.877,0.596,0.443,0.434,0.828,1.487,2.174,3.009,3.853,4.322,4.792,5.19,5.169,4.544,4.334,4.687,4.582,3.861,3.477,3.089,2.929,3.238,2.54,1.739,0.951,0.662,0.378,0.34,0.478,0.89,1.257,2.065,2.965,3.811,4.372,4.568,4.207,4.171,4.506,4.585,4.2,3.96,3.471,2.912,2.278,1.697,1.079,0.572,0.338,0.265,0.308,0.856,2.997,5.877,6.415,5.641,5.515,4.329,4.349,4.589,4.433,4.778,5.43,6.43,5.652,4.323,3.147,2.696,2.151,1.493,0.951,0.513,0.317,0.23,0.36,0.876,3.119,5.949,6.434,6.071,5.819,4.557,4.69,4.867,4.762,5.264,5.823,6.741,6.187,4.618,3.604,2.977,2.485,1.649,0.997,0.632,0.367,0.294,0.35,0.902,3.117,5.922,6.646,6.26,5.508,4.632,4.89,5.084,4.787,5.21,5.806,6.616,6.046,4.604,3.755,3.262,2.687,2.355,1.961
623,0.755,0.412,0.333,0.366,0.862,3.068,5.776,6.744,6.039,5.077,4.842,5.081,5.362,5.125,5.665,5.996,6.511,5.7,4.993,4.224,3.496,3.065,3.079,2.496,1.397,0.877,0.596,0.443,0.434,0.828,1.487,2.174,3.009,3.853,4.322,4.792,5.19,5.169,4.544,4.334,4.687,4.582,3.861,3.477,3.089,2.929,3.238,2.54,1.739,0.951,0.662,0.378,0.34,0.478,0.89,1.257,2.065,2.965,3.811,4.372,4.568,4.207,4.171,4.506,4.585,4.2,3.96,3.471,2.912,2.278,1.697,1.079,0.572,0.338,0.265,0.308,0.856,2.997,5.877,6.415,5.641,5.515,4.329,4.349,4.589,4.433,4.778,5.43,6.43,5.652,4.323,3.147,2.696,2.151,1.493,0.951,0.513,0.317,0.23,0.36,0.876,3.119,5.949,6.434,6.071,5.819,4.557,4.69,4.867,4.762,5.264,5.823,6.741,6.187,4.618,3.604,2.977,2.485,1.649,0.997,0.632,0.367,0.294,0.35,0.902,3.117,5.922,6.646,6.26,5.508,4.632,4.89,5.084,4.787,5.21,5.806,6.616,6.046,4.604,3.755,3.262,2.687,2.355,1.961,0.686,0.404,0.297,0.34,0.907,3.055,5.596,6.133,6.143,5.722,0.0,0.0,0.0,4.378,4.926,5.823,6.899,6.533,5.174,3.929,3.442,3.936,2.423,1.293
624,1.397,0.877,0.596,0.443,0.434,0.828,1.487,2.174,3.009,3.853,4.322,4.792,5.19,5.169,4.544,4.334,4.687,4.582,3.861,3.477,3.089,2.929,3.238,2.54,1.739,0.951,0.662,0.378,0.34,0.478,0.89,1.257,2.065,2.965,3.811,4.372,4.568,4.207,4.171,4.506,4.585,4.2,3.96,3.471,2.912,2.278,1.697,1.079,0.572,0.338,0.265,0.308,0.856,2.997,5.877,6.415,5.641,5.515,4.329,4.349,4.589,4.433,4.778,5.43,6.43,5.652,4.323,3.147,2.696,2.151,1.493,0.951,0.513,0.317,0.23,0.36,0.876,3.119,5.949,6.434,6.071,5.819,4.557,4.69,4.867,4.762,5.264,5.823,6.741,6.187,4.618,3.604,2.977,2.485,1.649,0.997,0.632,0.367,0.294,0.35,0.902,3.117,5.922,6.646,6.26,5.508,4.632,4.89,5.084,4.787,5.21,5.806,6.616,6.046,4.604,3.755,3.262,2.687,2.355,1.961,0.686,0.404,0.297,0.34,0.907,3.055,5.596,6.133,6.143,5.722,0.0,0.0,0.0,4.378,4.926,5.823,6.899,6.533,5.174,3.929,3.442,3.936,2.423,1.293,0.762,0.505,0.311,0.37,0.865,2.924,5.747,6.778,5.971,4.91,4.703,4.979,5.319,5.268,5.481,5.829,6.103,5.502,4.844,4.199,3.471,3.144,3.054,2.2
625,1.739,0.951,0.662,0.378,0.34,0.478,0.89,1.257,2.065,2.965,3.811,4.372,4.568,4.207,4.171,4.506,4.585,4.2,3.96,3.471,2.912,2.278,1.697,1.079,0.572,0.338,0.265,0.308,0.856,2.997,5.877,6.415,5.641,5.515,4.329,4.349,4.589,4.433,4.778,5.43,6.43,5.652,4.323,3.147,2.696,2.151,1.493,0.951,0.513,0.317,0.23,0.36,0.876,3.119,5.949,6.434,6.071,5.819,4.557,4.69,4.867,4.762,5.264,5.823,6.741,6.187,4.618,3.604,2.977,2.485,1.649,0.997,0.632,0.367,0.294,0.35,0.902,3.117,5.922,6.646,6.26,5.508,4.632,4.89,5.084,4.787,5.21,5.806,6.616,6.046,4.604,3.755,3.262,2.687,2.355,1.961,0.686,0.404,0.297,0.34,0.907,3.055,5.596,6.133,6.143,5.722,0.0,0.0,0.0,4.378,4.926,5.823,6.899,6.533,5.174,3.929,3.442,3.936,2.423,1.293,0.762,0.505,0.311,0.37,0.865,2.924,5.747,6.778,5.971,4.91,4.703,4.979,5.319,5.268,5.481,5.829,6.103,5.502,4.844,4.199,3.471,3.144,3.054,2.2,1.33,0.949,0.581,0.44,0.455,0.858,1.43,2.302,3.427,3.902,4.394,5.116,5.009,4.816,4.791,4.473,4.796,5.159,4.529,4.416,4.016,3.196,3.192,2.258
626,0.572,0.338,0.265,0.308,0.856,2.997,5.877,6.415,5.641,5.515,4.329,4.349,4.589,4.433,4.778,5.43,6.43,5.652,4.323,3.147,2.696,2.151,1.493,0.951,0.513,0.317,0.23,0.36,0.876,3.119,5.949,6.434,6.071,5.819,4.557,4.69,4.867,4.762,5.264,5.823,6.741,6.187,4.618,3.604,2.977,2.485,1.649,0.997,0.632,0.367,0.294,0.35,0.902,3.117,5.922,6.646,6.26,5.508,4.632,4.89,5.084,4.787,5.21,5.806,6.616,6.046,4.604,3.755,3.262,2.687,2.355,1.961,0.686,0.404,0.297,0.34,0.907,3.055,5.596,6.133,6.143,5.722,0.0,0.0,0.0,4.378,4.926,5.823,6.899,6.533,5.174,3.929,3.442,3.936,2.423,1.293,0.762,0.505,0.311,0.37,0.865,2.924,5.747,6.778,5.971,4.91,4.703,4.979,5.319,5.268,5.481,5.829,6.103,5.502,4.844,4.199,3.471,3.144,3.054,2.2,1.33,0.949,0.581,0.44,0.455,0.858,1.43,2.302,3.427,3.902,4.394,5.116,5.009,4.816,4.791,4.473,4.796,5.159,4.529,4.416,4.016,3.196,3.192,2.258,1.361,0.873,0.649,0.412,0.362,0.501,0.999,1.457,2.302,3.46,4.689,4.745,4.386,4.329,4.32,4.477,4.397,4.287,3.963,3.91,3.182,2.253,1.717,2.973
627,0.513,0.317,0.23,0.36,0.876,3.119,5.949,6.434,6.071,5.819,4.557,4.69,4.867,4.762,5.264,5.823,6.741,6.187,4.618,3.604,2.977,2.485,1.649,0.997,0.632,0.367,0.294,0.35,0.902,3.117,5.922,6.646,6.26,5.508,4.632,4.89,5.084,4.787,5.21,5.806,6.616,6.046,4.604,3.755,3.262,2.687,2.355,1.961,0.686,0.404,0.297,0.34,0.907,3.055,5.596,6.133,6.143,5.722,0.0,0.0,0.0,4.378,4.926,5.823,6.899,6.533,5.174,3.929,3.442,3.936,2.423,1.293,0.762,0.505,0.311,0.37,0.865,2.924,5.747,6.778,5.971,4.91,4.703,4.979,5.319,5.268,5.481,5.829,6.103,5.502,4.844,4.199,3.471,3.144,3.054,2.2,1.33,0.949,0.581,0.44,0.455,0.858,1.43,2.302,3.427,3.902,4.394,5.116,5.009,4.816,4.791,4.473,4.796,5.159,4.529,4.416,4.016,3.196,3.192,2.258,1.361,0.873,0.649,0.412,0.362,0.501,0.999,1.457,2.302,3.46,4.689,4.745,4.386,4.329,4.32,4.477,4.397,4.287,3.963,3.91,3.182,2.253,1.717,2.973,0.935,0.396,0.328,0.36,0.861,2.88,5.527,6.386,6.299,5.085,4.359,4.596,4.804,4.802,5.071,5.764,6.457,6.19,4.504,3.004,2.498,2.029,1.46,0.99
628,0.632,0.367,0.294,0.35,0.902,3.117,5.922,6.646,6.26,5.508,4.632,4.89,5.084,4.787,5.21,5.806,6.616,6.046,4.604,3.755,3.262,2.687,2.355,1.961,0.686,0.404,0.297,0.34,0.907,3.055,5.596,6.133,6.143,5.722,0.0,0.0,0.0,4.378,4.926,5.823,6.899,6.533,5.174,3.929,3.442,3.936,2.423,1.293,0.762,0.505,0.311,0.37,0.865,2.924,5.747,6.778,5.971,4.91,4.703,4.979,5.319,5.268,5.481,5.829,6.103,5.502,4.844,4.199,3.471,3.144,3.054,2.2,1.33,0.949,0.581,0.44,0.455,0.858,1.43,2.302,3.427,3.902,4.394,5.116,5.009,4.816,4.791,4.473,4.796,5.159,4.529,4.416,4.016,3.196,3.192,2.258,1.361,0.873,0.649,0.412,0.362,0.501,0.999,1.457,2.302,3.46,4.689,4.745,4.386,4.329,4.32,4.477,4.397,4.287,3.963,3.91,3.182,2.253,1.717,2.973,0.935,0.396,0.328,0.36,0.861,2.88,5.527,6.386,6.299,5.085,4.359,4.596,4.804,4.802,5.071,5.764,6.457,6.19,4.504,3.004,2.498,2.029,1.46,0.99,0.553,0.314,0.229,0.308,0.894,3.073,5.591,6.025,6.261,5.783,4.506,4.716,4.827,4.879,5.095,5.811,6.894,6.255,4.745,3.438,2.814,2.397,1.618,1.04
629,0.686,0.404,0.297,0.34,0.907,3.055,5.596,6.133,6.143,5.722,0.0,0.0,0.0,4.378,4.926,5.823,6.899,6.533,5.174,3.929,3.442,3.936,2.423,1.293,0.762,0.505,0.311,0.37,0.865,2.924,5.747,6.778,5.971,4.91,4.703,4.979,5.319,5.268,5.481,5.829,6.103,5.502,4.844,4.199,3.471,3.144,3.054,2.2,1.33,0.949,0.581,0.44,0.455,0.858,1.43,2.302,3.427,3.902,4.394,5.116,5.009,4.816,4.791,4.473,4.796,5.159,4.529,4.416,4.016,3.196,3.192,2.258,1.361,0.873,0.649,0.412,0.362,0.501,0.999,1.457,2.302,3.46,4.689,4.745,4.386,4.329,4.32,4.477,4.397,4.287,3.963,3.91,3.182,2.253,1.717,2.973,0.935,0.396,0.328,0.36,0.861,2.88,5.527,6.386,6.299,5.085,4.359,4.596,4.804,4.802,5.071,5.764,6.457,6.19,4.504,3.004,2.498,2.029,1.46,0.99,0.553,0.314,0.229,0.308,0.894,3.073,5.591,6.025,6.261,5.783,4.506,4.716,4.827,4.879,5.095,5.811,6.894,6.255,4.745,3.438,2.814,2.397,1.618,1.04,0.529,0.379,0.271,0.374,0.855,3.11,6.013,6.375,5.93,5.651,4.582,4.888,4.942,4.948,5.178,5.735,6.68,6.315,4.708,3.662,3.216,2.629,2.02,0.0
630,0.762,0.505,0.311,0.37,0.865,2.924,5.747,6.778,5.971,4.91,4.703,4.979,5.319,5.268,5.481,5.829,6.103,5.502,4.844,4.199,3.471,3.144,3.054,2.2,1.33,0.949,0.581,0.44,0.455,0.858,1.43,2.302,3.427,3.902,4.394,5.116,5.009,4.816,4.791,4.473,4.796,5.159,4.529,4.416,4.016,3.196,3.192,2.258,1.361,0.873,0.649,0.412,0.362,0.501,0.999,1.457,2.302,3.46,4.689,4.745,4.386,4.329,4.32,4.477,4.397,4.287,3.963,3.91,3.182,2.253,1.717,2.973,0.935,0.396,0.328,0.36,0.861,2.88,5.527,6.386,6.299,5.085,4.359,4.596,4.804,4.802,5.071,5.764,6.457,6.19,4.504,3.004,2.498,2.029,1.46,0.99,0.553,0.314,0.229,0.308,0.894,3.073,5.591,6.025,6.261,5.783,4.506,4.716,4.827,4.879,5.095,5.811,6.894,6.255,4.745,3.438,2.814,2.397,1.618,1.04,0.529,0.379,0.271,0.374,0.855,3.11,6.013,6.375,5.93,5.651,4.582,4.888,4.942,4.948,5.178,5.735,6.68,6.315,4.708,3.662,3.216,2.629,2.02,0.0,0.605,0.329,0.27,0.322,0.871,3.098,6.062,6.434,6.284,5.359,4.611,4.821,4.954,5.022,5.235,6.113,6.781,6.24,4.857,3.812,3.28,2.85,2.031,1.494
631,1.33,0.949,0.581,0.44,0.455,0.858,1.43,2.302,3.427,3.902,4.394,5.116,5.009,4.816,4.791,4.473,4.796,5.159,4.529,4.416,4.016,3.196,3.192,2.258,1.361,0.873,0.649,0.412,0.362,0.501,0.999,1.457,2.302,3.46,4.689,4.745,4.386,4.329,4.32,4.477,4.397,4.287,3.963,3.91,3.182,2.253,1.717,2.973,0.935,0.396,0.328,0.36,0.861,2.88,5.527,6.386,6.299,5.085,4.359,4.596,4.804,4.802,5.071,5.764,6.457,6.19,4.504,3.004,2.498,2.029,1.46,0.99,0.553,0.314,0.229,0.308,0.894,3.073,5.591,6.025,6.261,5.783,4.506,4.716,4.827,4.879,5.095,5.811,6.894,6.255,4.745,3.438,2.814,2.397,1.618,1.04,0.529,0.379,0.271,0.374,0.855,3.11,6.013,6.375,5.93,5.651,4.582,4.888,4.942,4.948,5.178,5.735,6.68,6.315,4.708,3.662,3.216,2.629,2.02,0.0,0.605,0.329,0.27,0.322,0.871,3.098,6.062,6.434,6.284,5.359,4.611,4.821,4.954,5.022,5.235,6.113,6.781,6.24,4.857,3.812,3.28,2.85,2.031,1.494,0.751,0.432,0.31,0.348,0.86,2.92,5.831,6.571,6.094,5.391,4.75,5.142,5.708,5.536,5.982,6.368,6.627,5.916,5.492,4.498,3.548,3.113,2.543,1.88
632,1.361,0.873,0.649,0.412,0.362,0.501,0.999,1.457,2.302,3.46,4.689,4.745,4.386,4.329,4.32,4.477,4.397,4.287,3.963,3.91,3.182,2.253,1.717,2.973,0.935,0.396,0.328,0.36,0.861,2.88,5.527,6.386,6.299,5.085,4.359,4.596,4.804,4.802,5.071,5.764,6.457,6.19,4.504,3.004,2.498,2.029,1.46,0.99,0.553,0.314,0.229,0.308,0.894,3.073,5.591,6.025,6.261,5.783,4.506,4.716,4.827,4.879,5.095,5.811,6.894,6.255,4.745,3.438,2.814,2.397,1.618,1.04,0.529,0.379,0.271,0.374,0.855,3.11,6.013,6.375,5.93,5.651,4.582,4.888,4.942,4.948,5.178,5.735,6.68,6.315,4.708,3.662,3.216,2.629,2.02,0.0,0.605,0.329,0.27,0.322,0.871,3.098,6.062,6.434,6.284,5.359,4.611,4.821,4.954,5.022,5.235,6.113,6.781,6.24,4.857,3.812,3.28,2.85,2.031,1.494,0.751,0.432,0.31,0.348,0.86,2.92,5.831,6.571,6.094,5.391,4.75,5.142,5.708,5.536,5.982,6.368,6.627,5.916,5.492,4.498,3.548,3.113,2.543,1.88,1.265,0.744,0.552,0.401,0.432,0.798,1.544,2.279,3.684,4.841,5.326,5.37,5.243,5.409,5.291,5.225,4.975,4.925,4.477,3.898,3.26,3.706,3.326,2.517
633,0.935,0.396,0.328,0.36,0.861,2.88,5.527,6.386,6.299,5.085,4.359,4.596,4.804,4.802,5.071,5.764,6.457,6.19,4.504,3.004,2.498,2.029,1.46,0.99,0.553,0.314,0.229,0.308,0.894,3.073,5.591,6.025,6.261,5.783,4.506,4.716,4.827,4.879,5.095,5.811,6.894,6.255,4.745,3.438,2.814,2.397,1.618,1.04,0.529,0.379,0.271,0.374,0.855,3.11,6.013,6.375,5.93,5.651,4.582,4.888,4.942,4.948,5.178,5.735,6.68,6.315,4.708,3.662,3.216,2.629,2.02,0.0,0.605,0.329,0.27,0.322,0.871,3.098,6.062,6.434,6.284,5.359,4.611,4.821,4.954,5.022,5.235,6.113,6.781,6.24,4.857,3.812,3.28,2.85,2.031,1.494,0.751,0.432,0.31,0.348,0.86,2.92,5.831,6.571,6.094,5.391,4.75,5.142,5.708,5.536,5.982,6.368,6.627,5.916,5.492,4.498,3.548,3.113,2.543,1.88,1.265,0.744,0.552,0.401,0.432,0.798,1.544,2.279,3.684,4.841,5.326,5.37,5.243,5.409,5.291,5.225,4.975,4.925,4.477,3.898,3.26,3.706,3.326,2.517,1.447,0.894,0.617,0.426,0.356,0.765,1.654,1.838,2.403,4.429,5.265,4.748,4.906,5.108,4.921,4.377,4.385,4.11,3.68,3.06,2.693,2.003,1.686,1.349
634,0.553,0.314,0.229,0.308,0.894,3.073,5.591,6.025,6.261,5.783,4.506,4.716,4.827,4.879,5.095,5.811,6.894,6.255,4.745,3.438,2.814,2.397,1.618,1.04,0.529,0.379,0.271,0.374,0.855,3.11,6.013,6.375,5.93,5.651,4.582,4.888,4.942,4.948,5.178,5.735,6.68,6.315,4.708,3.662,3.216,2.629,2.02,0.0,0.605,0.329,0.27,0.322,0.871,3.098,6.062,6.434,6.284,5.359,4.611,4.821,4.954,5.022,5.235,6.113,6.781,6.24,4.857,3.812,3.28,2.85,2.031,1.494,0.751,0.432,0.31,0.348,0.86,2.92,5.831,6.571,6.094,5.391,4.75,5.142,5.708,5.536,5.982,6.368,6.627,5.916,5.492,4.498,3.548,3.113,2.543,1.88,1.265,0.744,0.552,0.401,0.432,0.798,1.544,2.279,3.684,4.841,5.326,5.37,5.243,5.409,5.291,5.225,4.975,4.925,4.477,3.898,3.26,3.706,3.326,2.517,1.447,0.894,0.617,0.426,0.356,0.765,1.654,1.838,2.403,4.429,5.265,4.748,4.906,5.108,4.921,4.377,4.385,4.11,3.68,3.06,2.693,2.003,1.686,1.349,0.581,0.326,0.241,0.334,0.803,2.894,5.683,6.577,6.054,5.018,4.342,4.519,4.683,4.67,4.994,5.737,6.667,5.599,3.897,2.631,2.208,1.958,1.356,0.867
635,0.529,0.379,0.271,0.374,0.855,3.11,6.013,6.375,5.93,5.651,4.582,4.888,4.942,4.948,5.178,5.735,6.68,6.315,4.708,3.662,3.216,2.629,2.02,0.0,0.605,0.329,0.27,0.322,0.871,3.098,6.062,6.434,6.284,5.359,4.611,4.821,4.954,5.022,5.235,6.113,6.781,6.24,4.857,3.812,3.28,2.85,2.031,1.494,0.751,0.432,0.31,0.348,0.86,2.92,5.831,6.571,6.094,5.391,4.75,5.142,5.708,5.536,5.982,6.368,6.627,5.916,5.492,4.498,3.548,3.113,2.543,1.88,1.265,0.744,0.552,0.401,0.432,0.798,1.544,2.279,3.684,4.841,5.326,5.37,5.243,5.409,5.291,5.225,4.975,4.925,4.477,3.898,3.26,3.706,3.326,2.517,1.447,0.894,0.617,0.426,0.356,0.765,1.654,1.838,2.403,4.429,5.265,4.748,4.906,5.108,4.921,4.377,4.385,4.11,3.68,3.06,2.693,2.003,1.686,1.349,0.581,0.326,0.241,0.334,0.803,2.894,5.683,6.577,6.054,5.018,4.342,4.519,4.683,4.67,4.994,5.737,6.667,5.599,3.897,2.631,2.208,1.958,1.356,0.867,0.501,0.332,0.212,0.324,0.895,3.013,5.614,5.455,5.764,5.443,4.472,4.696,5.026,4.939,5.27,5.828,6.706,5.953,4.652,3.457,2.836,2.419,1.768,1.084
636,0.605,0.329,0.27,0.322,0.871,3.098,6.062,6.434,6.284,5.359,4.611,4.821,4.954,5.022,5.235,6.113,6.781,6.24,4.857,3.812,3.28,2.85,2.031,1.494,0.751,0.432,0.31,0.348,0.86,2.92,5.831,6.571,6.094,5.391,4.75,5.142,5.708,5.536,5.982,6.368,6.627,5.916,5.492,4.498,3.548,3.113,2.543,1.88,1.265,0.744,0.552,0.401,0.432,0.798,1.544,2.279,3.684,4.841,5.326,5.37,5.243,5.409,5.291,5.225,4.975,4.925,4.477,3.898,3.26,3.706,3.326,2.517,1.447,0.894,0.617,0.426,0.356,0.765,1.654,1.838,2.403,4.429,5.265,4.748,4.906,5.108,4.921,4.377,4.385,4.11,3.68,3.06,2.693,2.003,1.686,1.349,0.581,0.326,0.241,0.334,0.803,2.894,5.683,6.577,6.054,5.018,4.342,4.519,4.683,4.67,4.994,5.737,6.667,5.599,3.897,2.631,2.208,1.958,1.356,0.867,0.501,0.332,0.212,0.324,0.895,3.013,5.614,5.455,5.764,5.443,4.472,4.696,5.026,4.939,5.27,5.828,6.706,5.953,4.652,3.457,2.836,2.419,1.768,1.084,0.533,0.328,0.281,0.36,0.86,3.01,5.971,6.233,5.836,5.516,4.606,4.826,5.062,4.899,5.207,5.751,6.415,6.231,4.99,3.687,2.987,2.511,1.713,1.042
637,0.751,0.432,0.31,0.348,0.86,2.92,5.831,6.571,6.094,5.391,4.75,5.142,5.708,5.536,5.982,6.368,6.627,5.916,5.492,4.498,3.548,3.113,2.543,1.88,1.265,0.744,0.552,0.401,0.432,0.798,1.544,2.279,3.684,4.841,5.326,5.37,5.243,5.409,5.291,5.225,4.975,4.925,4.477,3.898,3.26,3.706,3.326,2.517,1.447,0.894,0.617,0.426,0.356,0.765,1.654,1.838,2.403,4.429,5.265,4.748,4.906,5.108,4.921,4.377,4.385,4.11,3.68,3.06,2.693,2.003,1.686,1.349,0.581,0.326,0.241,0.334,0.803,2.894,5.683,6.577,6.054,5.018,4.342,4.519,4.683,4.67,4.994,5.737,6.667,5.599,3.897,2.631,2.208,1.958,1.356,0.867,0.501,0.332,0.212,0.324,0.895,3.013,5.614,5.455,5.764,5.443,4.472,4.696,5.026,4.939,5.27,5.828,6.706,5.953,4.652,3.457,2.836,2.419,1.768,1.084,0.533,0.328,0.281,0.36,0.86,3.01,5.971,6.233,5.836,5.516,4.606,4.826,5.062,4.899,5.207,5.751,6.415,6.231,4.99,3.687,2.987,2.511,1.713,1.042,0.529,0.344,0.25,0.345,0.885,3.04,5.85,6.49,4.907,5.389,4.613,4.786,5.1,4.991,5.369,5.968,6.783,6.122,4.731,3.724,3.228,2.7,1.924,1.326
638,1.265,0.744,0.552,0.401,0.432,0.798,1.544,2.279,3.684,4.841,5.326,5.37,5.243,5.409,5.291,5.225,4.975,4.925,4.477,3.898,3.26,3.706,3.326,2.517,1.447,0.894,0.617,0.426,0.356,0.765,1.654,1.838,2.403,4.429,5.265,4.748,4.906,5.108,4.921,4.377,4.385,4.11,3.68,3.06,2.693,2.003,1.686,1.349,0.581,0.326,0.241,0.334,0.803,2.894,5.683,6.577,6.054,5.018,4.342,4.519,4.683,4.67,4.994,5.737,6.667,5.599,3.897,2.631,2.208,1.958,1.356,0.867,0.501,0.332,0.212,0.324,0.895,3.013,5.614,5.455,5.764,5.443,4.472,4.696,5.026,4.939,5.27,5.828,6.706,5.953,4.652,3.457,2.836,2.419,1.768,1.084,0.533,0.328,0.281,0.36,0.86,3.01,5.971,6.233,5.836,5.516,4.606,4.826,5.062,4.899,5.207,5.751,6.415,6.231,4.99,3.687,2.987,2.511,1.713,1.042,0.529,0.344,0.25,0.345,0.885,3.04,5.85,6.49,4.907,5.389,4.613,4.786,5.1,4.991,5.369,5.968,6.783,6.122,4.731,3.724,3.228,2.7,1.924,1.326,0.666,0.374,0.286,0.353,0.833,2.857,5.757,6.727,5.817,5.022,4.719,5.043,5.545,5.387,5.395,5.777,6.017,5.655,4.749,4.165,3.137,2.904,2.625,2.776
639,1.447,0.894,0.617,0.426,0.356,0.765,1.654,1.838,2.403,4.429,5.265,4.748,4.906,5.108,4.921,4.377,4.385,4.11,3.68,3.06,2.693,2.003,1.686,1.349,0.581,0.326,0.241,0.334,0.803,2.894,5.683,6.577,6.054,5.018,4.342,4.519,4.683,4.67,4.994,5.737,6.667,5.599,3.897,2.631,2.208,1.958,1.356,0.867,0.501,0.332,0.212,0.324,0.895,3.013,5.614,5.455,5.764,5.443,4.472,4.696,5.026,4.939,5.27,5.828,6.706,5.953,4.652,3.457,2.836,2.419,1.768,1.084,0.533,0.328,0.281,0.36,0.86,3.01,5.971,6.233,5.836,5.516,4.606,4.826,5.062,4.899,5.207,5.751,6.415,6.231,4.99,3.687,2.987,2.511,1.713,1.042,0.529,0.344,0.25,0.345,0.885,3.04,5.85,6.49,4.907,5.389,4.613,4.786,5.1,4.991,5.369,5.968,6.783,6.122,4.731,3.724,3.228,2.7,1.924,1.326,0.666,0.374,0.286,0.353,0.833,2.857,5.757,6.727,5.817,5.022,4.719,5.043,5.545,5.387,5.395,5.777,6.017,5.655,4.749,4.165,3.137,2.904,2.625,2.776,1.802,0.805,0.562,0.374,0.405,0.762,1.356,1.989,3.039,3.654,4.062,4.585,4.823,4.882,4.809,4.727,4.508,4.864,4.926,3.993,3.21,3.141,3.002,3.527
640,0.581,0.326,0.241,0.334,0.803,2.894,5.683,6.577,6.054,5.018,4.342,4.519,4.683,4.67,4.994,5.737,6.667,5.599,3.897,2.631,2.208,1.958,1.356,0.867,0.501,0.332,0.212,0.324,0.895,3.013,5.614,5.455,5.764,5.443,4.472,4.696,5.026,4.939,5.27,5.828,6.706,5.953,4.652,3.457,2.836,2.419,1.768,1.084,0.533,0.328,0.281,0.36,0.86,3.01,5.971,6.233,5.836,5.516,4.606,4.826,5.062,4.899,5.207,5.751,6.415,6.231,4.99,3.687,2.987,2.511,1.713,1.042,0.529,0.344,0.25,0.345,0.885,3.04,5.85,6.49,4.907,5.389,4.613,4.786,5.1,4.991,5.369,5.968,6.783,6.122,4.731,3.724,3.228,2.7,1.924,1.326,0.666,0.374,0.286,0.353,0.833,2.857,5.757,6.727,5.817,5.022,4.719,5.043,5.545,5.387,5.395,5.777,6.017,5.655,4.749,4.165,3.137,2.904,2.625,2.776,1.802,0.805,0.562,0.374,0.405,0.762,1.356,1.989,3.039,3.654,4.062,4.585,4.823,4.882,4.809,4.727,4.508,4.864,4.926,3.993,3.21,3.141,3.002,3.527,1.687,1.035,0.662,0.435,0.313,0.491,0.88,1.164,1.96,2.778,3.612,3.973,4.289,4.258,4.569,4.675,4.55,4.401,4.294,3.811,2.992,2.286,1.695,0.955
641,0.501,0.332,0.212,0.324,0.895,3.013,5.614,5.455,5.764,5.443,4.472,4.696,5.026,4.939,5.27,5.828,6.706,5.953,4.652,3.457,2.836,2.419,1.768,1.084,0.533,0.328,0.281,0.36,0.86,3.01,5.971,6.233,5.836,5.516,4.606,4.826,5.062,4.899,5.207,5.751,6.415,6.231,4.99,3.687,2.987,2.511,1.713,1.042,0.529,0.344,0.25,0.345,0.885,3.04,5.85,6.49,4.907,5.389,4.613,4.786,5.1,4.991,5.369,5.968,6.783,6.122,4.731,3.724,3.228,2.7,1.924,1.326,0.666,0.374,0.286,0.353,0.833,2.857,5.757,6.727,5.817,5.022,4.719,5.043,5.545,5.387,5.395,5.777,6.017,5.655,4.749,4.165,3.137,2.904,2.625,2.776,1.802,0.805,0.562,0.374,0.405,0.762,1.356,1.989,3.039,3.654,4.062,4.585,4.823,4.882,4.809,4.727,4.508,4.864,4.926,3.993,3.21,3.141,3.002,3.527,1.687,1.035,0.662,0.435,0.313,0.491,0.88,1.164,1.96,2.778,3.612,3.973,4.289,4.258,4.569,4.675,4.55,4.401,4.294,3.811,2.992,2.286,1.695,0.955,0.549,0.304,0.247,0.337,0.854,2.818,5.628,6.517,5.769,5.004,4.298,4.377,4.735,4.766,5.112,5.74,6.63,5.869,4.282,3.108,2.4,2.149,1.433,0.993
642,0.533,0.328,0.281,0.36,0.86,3.01,5.971,6.233,5.836,5.516,4.606,4.826,5.062,4.899,5.207,5.751,6.415,6.231,4.99,3.687,2.987,2.511,1.713,1.042,0.529,0.344,0.25,0.345,0.885,3.04,5.85,6.49,4.907,5.389,4.613,4.786,5.1,4.991,5.369,5.968,6.783,6.122,4.731,3.724,3.228,2.7,1.924,1.326,0.666,0.374,0.286,0.353,0.833,2.857,5.757,6.727,5.817,5.022,4.719,5.043,5.545,5.387,5.395,5.777,6.017,5.655,4.749,4.165,3.137,2.904,2.625,2.776,1.802,0.805,0.562,0.374,0.405,0.762,1.356,1.989,3.039,3.654,4.062,4.585,4.823,4.882,4.809,4.727,4.508,4.864,4.926,3.993,3.21,3.141,3.002,3.527,1.687,1.035,0.662,0.435,0.313,0.491,0.88,1.164,1.96,2.778,3.612,3.973,4.289,4.258,4.569,4.675,4.55,4.401,4.294,3.811,2.992,2.286,1.695,0.955,0.549,0.304,0.247,0.337,0.854,2.818,5.628,6.517,5.769,5.004,4.298,4.377,4.735,4.766,5.112,5.74,6.63,5.869,4.282,3.108,2.4,2.149,1.433,0.993,0.484,0.334,0.235,0.345,0.839,2.974,5.936,6.174,5.677,5.877,4.909,4.756,5.178,5.014,5.293,5.77,6.745,6.476,4.7,3.459,2.836,2.658,2.101,1.187
643,0.529,0.344,0.25,0.345,0.885,3.04,5.85,6.49,4.907,5.389,4.613,4.786,5.1,4.991,5.369,5.968,6.783,6.122,4.731,3.724,3.228,2.7,1.924,1.326,0.666,0.374,0.286,0.353,0.833,2.857,5.757,6.727,5.817,5.022,4.719,5.043,5.545,5.387,5.395,5.777,6.017,5.655,4.749,4.165,3.137,2.904,2.625,2.776,1.802,0.805,0.562,0.374,0.405,0.762,1.356,1.989,3.039,3.654,4.062,4.585,4.823,4.882,4.809,4.727,4.508,4.864,4.926,3.993,3.21,3.141,3.002,3.527,1.687,1.035,0.662,0.435,0.313,0.491,0.88,1.164,1.96,2.778,3.612,3.973,4.289,4.258,4.569,4.675,4.55,4.401,4.294,3.811,2.992,2.286,1.695,0.955,0.549,0.304,0.247,0.337,0.854,2.818,5.628,6.517,5.769,5.004,4.298,4.377,4.735,4.766,5.112,5.74,6.63,5.869,4.282,3.108,2.4,2.149,1.433,0.993,0.484,0.334,0.235,0.345,0.839,2.974,5.936,6.174,5.677,5.877,4.909,4.756,5.178,5.014,5.293,5.77,6.745,6.476,4.7,3.459,2.836,2.658,2.101,1.187,0.574,0.369,0.253,0.334,0.872,3.016,5.891,6.508,5.859,5.495,4.636,4.861,4.874,4.97,5.183,5.869,6.785,6.416,4.807,3.567,2.901,2.58,2.341,1.118
644,0.666,0.374,0.286,0.353,0.833,2.857,5.757,6.727,5.817,5.022,4.719,5.043,5.545,5.387,5.395,5.777,6.017,5.655,4.749,4.165,3.137,2.904,2.625,2.776,1.802,0.805,0.562,0.374,0.405,0.762,1.356,1.989,3.039,3.654,4.062,4.585,4.823,4.882,4.809,4.727,4.508,4.864,4.926,3.993,3.21,3.141,3.002,3.527,1.687,1.035,0.662,0.435,0.313,0.491,0.88,1.164,1.96,2.778,3.612,3.973,4.289,4.258,4.569,4.675,4.55,4.401,4.294,3.811,2.992,2.286,1.695,0.955,0.549,0.304,0.247,0.337,0.854,2.818,5.628,6.517,5.769,5.004,4.298,4.377,4.735,4.766,5.112,5.74,6.63,5.869,4.282,3.108,2.4,2.149,1.433,0.993,0.484,0.334,0.235,0.345,0.839,2.974,5.936,6.174,5.677,5.877,4.909,4.756,5.178,5.014,5.293,5.77,6.745,6.476,4.7,3.459,2.836,2.658,2.101,1.187,0.574,0.369,0.253,0.334,0.872,3.016,5.891,6.508,5.859,5.495,4.636,4.861,4.874,4.97,5.183,5.869,6.785,6.416,4.807,3.567,2.901,2.58,2.341,1.118,0.628,0.333,0.276,0.367,0.879,2.982,5.821,5.765,5.9,5.278,4.714,4.976,5.084,5.026,5.446,5.927,6.742,6.372,4.98,3.804,3.239,3.064,2.355,1.323
645,1.802,0.805,0.562,0.374,0.405,0.762,1.356,1.989,3.039,3.654,4.062,4.585,4.823,4.882,4.809,4.727,4.508,4.864,4.926,3.993,3.21,3.141,3.002,3.527,1.687,1.035,0.662,0.435,0.313,0.491,0.88,1.164,1.96,2.778,3.612,3.973,4.289,4.258,4.569,4.675,4.55,4.401,4.294,3.811,2.992,2.286,1.695,0.955,0.549,0.304,0.247,0.337,0.854,2.818,5.628,6.517,5.769,5.004,4.298,4.377,4.735,4.766,5.112,5.74,6.63,5.869,4.282,3.108,2.4,2.149,1.433,0.993,0.484,0.334,0.235,0.345,0.839,2.974,5.936,6.174,5.677,5.877,4.909,4.756,5.178,5.014,5.293,5.77,6.745,6.476,4.7,3.459,2.836,2.658,2.101,1.187,0.574,0.369,0.253,0.334,0.872,3.016,5.891,6.508,5.859,5.495,4.636,4.861,4.874,4.97,5.183,5.869,6.785,6.416,4.807,3.567,2.901,2.58,2.341,1.118,0.628,0.333,0.276,0.367,0.879,2.982,5.821,5.765,5.9,5.278,4.714,4.976,5.084,5.026,5.446,5.927,6.742,6.372,4.98,3.804,3.239,3.064,2.355,1.323,0.64,0.411,0.305,0.342,0.832,2.772,5.829,6.656,5.84,5.108,4.782,5.113,5.447,5.402,5.976,6.361,6.621,6.183,5.002,4.2,3.594,3.709,3.93,2.203
646,1.687,1.035,0.662,0.435,0.313,0.491,0.88,1.164,1.96,2.778,3.612,3.973,4.289,4.258,4.569,4.675,4.55,4.401,4.294,3.811,2.992,2.286,1.695,0.955,0.549,0.304,0.247,0.337,0.854,2.818,5.628,6.517,5.769,5.004,4.298,4.377,4.735,4.766,5.112,5.74,6.63,5.869,4.282,3.108,2.4,2.149,1.433,0.993,0.484,0.334,0.235,0.345,0.839,2.974,5.936,6.174,5.677,5.877,4.909,4.756,5.178,5.014,5.293,5.77,6.745,6.476,4.7,3.459,2.836,2.658,2.101,1.187,0.574,0.369,0.253,0.334,0.872,3.016,5.891,6.508,5.859,5.495,4.636,4.861,4.874,4.97,5.183,5.869,6.785,6.416,4.807,3.567,2.901,2.58,2.341,1.118,0.628,0.333,0.276,0.367,0.879,2.982,5.821,5.765,5.9,5.278,4.714,4.976,5.084,5.026,5.446,5.927,6.742,6.372,4.98,3.804,3.239,3.064,2.355,1.323,0.64,0.411,0.305,0.342,0.832,2.772,5.829,6.656,5.84,5.108,4.782,5.113,5.447,5.402,5.976,6.361,6.621,6.183,5.002,4.2,3.594,3.709,3.93,2.203,1.371,0.822,0.547,0.382,0.421,0.762,1.355,2.012,3.047,3.761,4.266,5.069,5.332,5.253,5.441,5.301,5.203,5.086,4.564,3.564,2.977,3.065,4.533,3.083
647,0.549,0.304,0.247,0.337,0.854,2.818,5.628,6.517,5.769,5.004,4.298,4.377,4.735,4.766,5.112,5.74,6.63,5.869,4.282,3.108,2.4,2.149,1.433,0.993,0.484,0.334,0.235,0.345,0.839,2.974,5.936,6.174,5.677,5.877,4.909,4.756,5.178,5.014,5.293,5.77,6.745,6.476,4.7,3.459,2.836,2.658,2.101,1.187,0.574,0.369,0.253,0.334,0.872,3.016,5.891,6.508,5.859,5.495,4.636,4.861,4.874,4.97,5.183,5.869,6.785,6.416,4.807,3.567,2.901,2.58,2.341,1.118,0.628,0.333,0.276,0.367,0.879,2.982,5.821,5.765,5.9,5.278,4.714,4.976,5.084,5.026,5.446,5.927,6.742,6.372,4.98,3.804,3.239,3.064,2.355,1.323,0.64,0.411,0.305,0.342,0.832,2.772,5.829,6.656,5.84,5.108,4.782,5.113,5.447,5.402,5.976,6.361,6.621,6.183,5.002,4.2,3.594,3.709,3.93,2.203,1.371,0.822,0.547,0.382,0.421,0.762,1.355,2.012,3.047,3.761,4.266,5.069,5.332,5.253,5.441,5.301,5.203,5.086,4.564,3.564,2.977,3.065,4.533,3.083,1.531,0.904,0.737,0.457,0.407,0.668,1.201,1.456,2.323,4.028,5.022,4.451,4.308,4.285,4.496,4.577,4.753,4.91,4.236,3.412,2.836,2.211,1.513,0.998
648,0.484,0.334,0.235,0.345,0.839,2.974,5.936,6.174,5.677,5.877,4.909,4.756,5.178,5.014,5.293,5.77,6.745,6.476,4.7,3.459,2.836,2.658,2.101,1.187,0.574,0.369,0.253,0.334,0.872,3.016,5.891,6.508,5.859,5.495,4.636,4.861,4.874,4.97,5.183,5.869,6.785,6.416,4.807,3.567,2.901,2.58,2.341,1.118,0.628,0.333,0.276,0.367,0.879,2.982,5.821,5.765,5.9,5.278,4.714,4.976,5.084,5.026,5.446,5.927,6.742,6.372,4.98,3.804,3.239,3.064,2.355,1.323,0.64,0.411,0.305,0.342,0.832,2.772,5.829,6.656,5.84,5.108,4.782,5.113,5.447,5.402,5.976,6.361,6.621,6.183,5.002,4.2,3.594,3.709,3.93,2.203,1.371,0.822,0.547,0.382,0.421,0.762,1.355,2.012,3.047,3.761,4.266,5.069,5.332,5.253,5.441,5.301,5.203,5.086,4.564,3.564,2.977,3.065,4.533,3.083,1.531,0.904,0.737,0.457,0.407,0.668,1.201,1.456,2.323,4.028,5.022,4.451,4.308,4.285,4.496,4.577,4.753,4.91,4.236,3.412,2.836,2.211,1.513,0.998,0.506,0.337,0.241,0.314,0.854,2.874,5.835,6.625,5.887,5.151,4.282,4.651,4.673,4.88,5.071,5.746,6.51,6.057,4.474,3.496,2.69,2.274,1.674,2.442
649,0.574,0.369,0.253,0.334,0.872,3.016,5.891,6.508,5.859,5.495,4.636,4.861,4.874,4.97,5.183,5.869,6.785,6.416,4.807,3.567,2.901,2.58,2.341,1.118,0.628,0.333,0.276,0.367,0.879,2.982,5.821,5.765,5.9,5.278,4.714,4.976,5.084,5.026,5.446,5.927,6.742,6.372,4.98,3.804,3.239,3.064,2.355,1.323,0.64,0.411,0.305,0.342,0.832,2.772,5.829,6.656,5.84,5.108,4.782,5.113,5.447,5.402,5.976,6.361,6.621,6.183,5.002,4.2,3.594,3.709,3.93,2.203,1.371,0.822,0.547,0.382,0.421,0.762,1.355,2.012,3.047,3.761,4.266,5.069,5.332,5.253,5.441,5.301,5.203,5.086,4.564,3.564,2.977,3.065,4.533,3.083,1.531,0.904,0.737,0.457,0.407,0.668,1.201,1.456,2.323,4.028,5.022,4.451,4.308,4.285,4.496,4.577,4.753,4.91,4.236,3.412,2.836,2.211,1.513,0.998,0.506,0.337,0.241,0.314,0.854,2.874,5.835,6.625,5.887,5.151,4.282,4.651,4.673,4.88,5.071,5.746,6.51,6.057,4.474,3.496,2.69,2.274,1.674,2.442,1.044,0.354,0.309,0.368,0.894,2.983,6.046,6.405,5.975,5.391,4.615,4.889,4.815,4.948,5.12,5.873,6.7,6.078,4.836,3.55,2.965,2.546,1.696,1.031
650,0.628,0.333,0.276,0.367,0.879,2.982,5.821,5.765,5.9,5.278,4.714,4.976,5.084,5.026,5.446,5.927,6.742,6.372,4.98,3.804,3.239,3.064,2.355,1.323,0.64,0.411,0.305,0.342,0.832,2.772,5.829,6.656,5.84,5.108,4.782,5.113,5.447,5.402,5.976,6.361,6.621,6.183,5.002,4.2,3.594,3.709,3.93,2.203,1.371,0.822,0.547,0.382,0.421,0.762,1.355,2.012,3.047,3.761,4.266,5.069,5.332,5.253,5.441,5.301,5.203,5.086,4.564,3.564,2.977,3.065,4.533,3.083,1.531,0.904,0.737,0.457,0.407,0.668,1.201,1.456,2.323,4.028,5.022,4.451,4.308,4.285,4.496,4.577,4.753,4.91,4.236,3.412,2.836,2.211,1.513,0.998,0.506,0.337,0.241,0.314,0.854,2.874,5.835,6.625,5.887,5.151,4.282,4.651,4.673,4.88,5.071,5.746,6.51,6.057,4.474,3.496,2.69,2.274,1.674,2.442,1.044,0.354,0.309,0.368,0.894,2.983,6.046,6.405,5.975,5.391,4.615,4.889,4.815,4.948,5.12,5.873,6.7,6.078,4.836,3.55,2.965,2.546,1.696,1.031,0.557,0.344,0.265,0.365,0.877,3.054,5.927,6.451,5.111,5.546,4.632,4.779,5.032,5.081,5.191,5.875,6.782,6.384,5.119,3.971,3.063,2.745,3.02,1.797
651,0.64,0.411,0.305,0.342,0.832,2.772,5.829,6.656,5.84,5.108,4.782,5.113,5.447,5.402,5.976,6.361,6.621,6.183,5.002,4.2,3.594,3.709,3.93,2.203,1.371,0.822,0.547,0.382,0.421,0.762,1.355,2.012,3.047,3.761,4.266,5.069,5.332,5.253,5.441,5.301,5.203,5.086,4.564,3.564,2.977,3.065,4.533,3.083,1.531,0.904,0.737,0.457,0.407,0.668,1.201,1.456,2.323,4.028,5.022,4.451,4.308,4.285,4.496,4.577,4.753,4.91,4.236,3.412,2.836,2.211,1.513,0.998,0.506,0.337,0.241,0.314,0.854,2.874,5.835,6.625,5.887,5.151,4.282,4.651,4.673,4.88,5.071,5.746,6.51,6.057,4.474,3.496,2.69,2.274,1.674,2.442,1.044,0.354,0.309,0.368,0.894,2.983,6.046,6.405,5.975,5.391,4.615,4.889,4.815,4.948,5.12,5.873,6.7,6.078,4.836,3.55,2.965,2.546,1.696,1.031,0.557,0.344,0.265,0.365,0.877,3.054,5.927,6.451,5.111,5.546,4.632,4.779,5.032,5.081,5.191,5.875,6.782,6.384,5.119,3.971,3.063,2.745,3.02,1.797,0.785,0.41,0.285,0.391,0.882,2.829,5.535,6.621,5.508,5.181,4.766,4.787,5.139,5.145,5.526,5.893,6.656,5.975,5.107,3.723,3.228,2.891,2.188,1.354
652,1.371,0.822,0.547,0.382,0.421,0.762,1.355,2.012,3.047,3.761,4.266,5.069,5.332,5.253,5.441,5.301,5.203,5.086,4.564,3.564,2.977,3.065,4.533,3.083,1.531,0.904,0.737,0.457,0.407,0.668,1.201,1.456,2.323,4.028,5.022,4.451,4.308,4.285,4.496,4.577,4.753,4.91,4.236,3.412,2.836,2.211,1.513,0.998,0.506,0.337,0.241,0.314,0.854,2.874,5.835,6.625,5.887,5.151,4.282,4.651,4.673,4.88,5.071,5.746,6.51,6.057,4.474,3.496,2.69,2.274,1.674,2.442,1.044,0.354,0.309,0.368,0.894,2.983,6.046,6.405,5.975,5.391,4.615,4.889,4.815,4.948,5.12,5.873,6.7,6.078,4.836,3.55,2.965,2.546,1.696,1.031,0.557,0.344,0.265,0.365,0.877,3.054,5.927,6.451,5.111,5.546,4.632,4.779,5.032,5.081,5.191,5.875,6.782,6.384,5.119,3.971,3.063,2.745,3.02,1.797,0.785,0.41,0.285,0.391,0.882,2.829,5.535,6.621,5.508,5.181,4.766,4.787,5.139,5.145,5.526,5.893,6.656,5.975,5.107,3.723,3.228,2.891,2.188,1.354,0.748,0.427,0.318,0.36,0.852,2.583,5.327,5.827,5.358,4.811,4.73,5.071,5.601,5.332,5.635,5.757,6.244,5.877,5.202,4.084,3.287,2.903,3.247,2.761
653,1.531,0.904,0.737,0.457,0.407,0.668,1.201,1.456,2.323,4.028,5.022,4.451,4.308,4.285,4.496,4.577,4.753,4.91,4.236,3.412,2.836,2.211,1.513,0.998,0.506,0.337,0.241,0.314,0.854,2.874,5.835,6.625,5.887,5.151,4.282,4.651,4.673,4.88,5.071,5.746,6.51,6.057,4.474,3.496,2.69,2.274,1.674,2.442,1.044,0.354,0.309,0.368,0.894,2.983,6.046,6.405,5.975,5.391,4.615,4.889,4.815,4.948,5.12,5.873,6.7,6.078,4.836,3.55,2.965,2.546,1.696,1.031,0.557,0.344,0.265,0.365,0.877,3.054,5.927,6.451,5.111,5.546,4.632,4.779,5.032,5.081,5.191,5.875,6.782,6.384,5.119,3.971,3.063,2.745,3.02,1.797,0.785,0.41,0.285,0.391,0.882,2.829,5.535,6.621,5.508,5.181,4.766,4.787,5.139,5.145,5.526,5.893,6.656,5.975,5.107,3.723,3.228,2.891,2.188,1.354,0.748,0.427,0.318,0.36,0.852,2.583,5.327,5.827,5.358,4.811,4.73,5.071,5.601,5.332,5.635,5.757,6.244,5.877,5.202,4.084,3.287,2.903,3.247,2.761,1.546,0.804,0.575,0.453,0.436,0.788,1.248,1.759,2.651,3.381,3.843,4.534,4.89,4.68,4.453,4.414,4.438,4.584,4.247,3.34,3.0,3.03,2.796,2.029
654,0.506,0.337,0.241,0.314,0.854,2.874,5.835,6.625,5.887,5.151,4.282,4.651,4.673,4.88,5.071,5.746,6.51,6.057,4.474,3.496,2.69,2.274,1.674,2.442,1.044,0.354,0.309,0.368,0.894,2.983,6.046,6.405,5.975,5.391,4.615,4.889,4.815,4.948,5.12,5.873,6.7,6.078,4.836,3.55,2.965,2.546,1.696,1.031,0.557,0.344,0.265,0.365,0.877,3.054,5.927,6.451,5.111,5.546,4.632,4.779,5.032,5.081,5.191,5.875,6.782,6.384,5.119,3.971,3.063,2.745,3.02,1.797,0.785,0.41,0.285,0.391,0.882,2.829,5.535,6.621,5.508,5.181,4.766,4.787,5.139,5.145,5.526,5.893,6.656,5.975,5.107,3.723,3.228,2.891,2.188,1.354,0.748,0.427,0.318,0.36,0.852,2.583,5.327,5.827,5.358,4.811,4.73,5.071,5.601,5.332,5.635,5.757,6.244,5.877,5.202,4.084,3.287,2.903,3.247,2.761,1.546,0.804,0.575,0.453,0.436,0.788,1.248,1.759,2.651,3.381,3.843,4.534,4.89,4.68,4.453,4.414,4.438,4.584,4.247,3.34,3.0,3.03,2.796,2.029,1.425,0.811,0.588,0.365,0.332,0.527,0.982,1.315,1.984,3.159,4.333,4.116,4.014,4.343,4.445,4.933,4.786,4.959,4.555,3.84,3.141,2.463,2.431,1.586
655,1.044,0.354,0.309,0.368,0.894,2.983,6.046,6.405,5.975,5.391,4.615,4.889,4.815,4.948,5.12,5.873,6.7,6.078,4.836,3.55,2.965,2.546,1.696,1.031,0.557,0.344,0.265,0.365,0.877,3.054,5.927,6.451,5.111,5.546,4.632,4.779,5.032,5.081,5.191,5.875,6.782,6.384,5.119,3.971,3.063,2.745,3.02,1.797,0.785,0.41,0.285,0.391,0.882,2.829,5.535,6.621,5.508,5.181,4.766,4.787,5.139,5.145,5.526,5.893,6.656,5.975,5.107,3.723,3.228,2.891,2.188,1.354,0.748,0.427,0.318,0.36,0.852,2.583,5.327,5.827,5.358,4.811,4.73,5.071,5.601,5.332,5.635,5.757,6.244,5.877,5.202,4.084,3.287,2.903,3.247,2.761,1.546,0.804,0.575,0.453,0.436,0.788,1.248,1.759,2.651,3.381,3.843,4.534,4.89,4.68,4.453,4.414,4.438,4.584,4.247,3.34,3.0,3.03,2.796,2.029,1.425,0.811,0.588,0.365,0.332,0.527,0.982,1.315,1.984,3.159,4.333,4.116,4.014,4.343,4.445,4.933,4.786,4.959,4.555,3.84,3.141,2.463,2.431,1.586,0.638,0.369,0.265,0.36,0.862,2.899,5.842,6.485,6.076,4.965,4.379,4.652,4.802,4.804,5.118,5.794,6.726,6.25,4.335,3.097,2.581,2.283,1.501,0.953
656,0.557,0.344,0.265,0.365,0.877,3.054,5.927,6.451,5.111,5.546,4.632,4.779,5.032,5.081,5.191,5.875,6.782,6.384,5.119,3.971,3.063,2.745,3.02,1.797,0.785,0.41,0.285,0.391,0.882,2.829,5.535,6.621,5.508,5.181,4.766,4.787,5.139,5.145,5.526,5.893,6.656,5.975,5.107,3.723,3.228,2.891,2.188,1.354,0.748,0.427,0.318,0.36,0.852,2.583,5.327,5.827,5.358,4.811,4.73,5.071,5.601,5.332,5.635,5.757,6.244,5.877,5.202,4.084,3.287,2.903,3.247,2.761,1.546,0.804,0.575,0.453,0.436,0.788,1.248,1.759,2.651,3.381,3.843,4.534,4.89,4.68,4.453,4.414,4.438,4.584,4.247,3.34,3.0,3.03,2.796,2.029,1.425,0.811,0.588,0.365,0.332,0.527,0.982,1.315,1.984,3.159,4.333,4.116,4.014,4.343,4.445,4.933,4.786,4.959,4.555,3.84,3.141,2.463,2.431,1.586,0.638,0.369,0.265,0.36,0.862,2.899,5.842,6.485,6.076,4.965,4.379,4.652,4.802,4.804,5.118,5.794,6.726,6.25,4.335,3.097,2.581,2.283,1.501,0.953,0.545,0.328,0.237,0.347,0.851,3.004,6.039,6.442,5.929,5.526,4.518,4.765,4.981,4.88,5.429,5.848,6.879,6.231,4.792,3.496,3.028,3.54,3.068,1.129
657,0.785,0.41,0.285,0.391,0.882,2.829,5.535,6.621,5.508,5.181,4.766,4.787,5.139,5.145,5.526,5.893,6.656,5.975,5.107,3.723,3.228,2.891,2.188,1.354,0.748,0.427,0.318,0.36,0.852,2.583,5.327,5.827,5.358,4.811,4.73,5.071,5.601,5.332,5.635,5.757,6.244,5.877,5.202,4.084,3.287,2.903,3.247,2.761,1.546,0.804,0.575,0.453,0.436,0.788,1.248,1.759,2.651,3.381,3.843,4.534,4.89,4.68,4.453,4.414,4.438,4.584,4.247,3.34,3.0,3.03,2.796,2.029,1.425,0.811,0.588,0.365,0.332,0.527,0.982,1.315,1.984,3.159,4.333,4.116,4.014,4.343,4.445,4.933,4.786,4.959,4.555,3.84,3.141,2.463,2.431,1.586,0.638,0.369,0.265,0.36,0.862,2.899,5.842,6.485,6.076,4.965,4.379,4.652,4.802,4.804,5.118,5.794,6.726,6.25,4.335,3.097,2.581,2.283,1.501,0.953,0.545,0.328,0.237,0.347,0.851,3.004,6.039,6.442,5.929,5.526,4.518,4.765,4.981,4.88,5.429,5.848,6.879,6.231,4.792,3.496,3.028,3.54,3.068,1.129,0.597,0.343,0.226,0.343,0.921,3.006,5.883,6.093,5.837,5.542,4.55,4.887,4.921,4.984,5.274,5.895,6.63,6.424,4.92,3.45,3.115,2.686,1.912,1.416
658,0.748,0.427,0.318,0.36,0.852,2.583,5.327,5.827,5.358,4.811,4.73,5.071,5.601,5.332,5.635,5.757,6.244,5.877,5.202,4.084,3.287,2.903,3.247,2.761,1.546,0.804,0.575,0.453,0.436,0.788,1.248,1.759,2.651,3.381,3.843,4.534,4.89,4.68,4.453,4.414,4.438,4.584,4.247,3.34,3.0,3.03,2.796,2.029,1.425,0.811,0.588,0.365,0.332,0.527,0.982,1.315,1.984,3.159,4.333,4.116,4.014,4.343,4.445,4.933,4.786,4.959,4.555,3.84,3.141,2.463,2.431,1.586,0.638,0.369,0.265,0.36,0.862,2.899,5.842,6.485,6.076,4.965,4.379,4.652,4.802,4.804,5.118,5.794,6.726,6.25,4.335,3.097,2.581,2.283,1.501,0.953,0.545,0.328,0.237,0.347,0.851,3.004,6.039,6.442,5.929,5.526,4.518,4.765,4.981,4.88,5.429,5.848,6.879,6.231,4.792,3.496,3.028,3.54,3.068,1.129,0.597,0.343,0.226,0.343,0.921,3.006,5.883,6.093,5.837,5.542,4.55,4.887,4.921,4.984,5.274,5.895,6.63,6.424,4.92,3.45,3.115,2.686,1.912,1.416,0.684,0.378,0.268,0.378,0.9,2.94,5.982,6.543,5.825,5.535,4.671,4.872,5.217,5.22,5.443,6.134,6.874,6.395,4.853,3.763,3.222,3.761,3.218,1.617
659,1.546,0.804,0.575,0.453,0.436,0.788,1.248,1.759,2.651,3.381,3.843,4.534,4.89,4.68,4.453,4.414,4.438,4.584,4.247,3.34,3.0,3.03,2.796,2.029,1.425,0.811,0.588,0.365,0.332,0.527,0.982,1.315,1.984,3.159,4.333,4.116,4.014,4.343,4.445,4.933,4.786,4.959,4.555,3.84,3.141,2.463,2.431,1.586,0.638,0.369,0.265,0.36,0.862,2.899,5.842,6.485,6.076,4.965,4.379,4.652,4.802,4.804,5.118,5.794,6.726,6.25,4.335,3.097,2.581,2.283,1.501,0.953,0.545,0.328,0.237,0.347,0.851,3.004,6.039,6.442,5.929,5.526,4.518,4.765,4.981,4.88,5.429,5.848,6.879,6.231,4.792,3.496,3.028,3.54,3.068,1.129,0.597,0.343,0.226,0.343,0.921,3.006,5.883,6.093,5.837,5.542,4.55,4.887,4.921,4.984,5.274,5.895,6.63,6.424,4.92,3.45,3.115,2.686,1.912,1.416,0.684,0.378,0.268,0.378,0.9,2.94,5.982,6.543,5.825,5.535,4.671,4.872,5.217,5.22,5.443,6.134,6.874,6.395,4.853,3.763,3.222,3.761,3.218,1.617,0.685,0.435,0.278,0.377,0.847,2.805,5.356,5.582,5.159,4.444,4.303,4.705,5.214,5.092,5.12,5.644,6.061,5.292,4.634,3.498,2.971,2.905,2.621,1.892
660,1.425,0.811,0.588,0.365,0.332,0.527,0.982,1.315,1.984,3.159,4.333,4.116,4.014,4.343,4.445,4.933,4.786,4.959,4.555,3.84,3.141,2.463,2.431,1.586,0.638,0.369,0.265,0.36,0.862,2.899,5.842,6.485,6.076,4.965,4.379,4.652,4.802,4.804,5.118,5.794,6.726,6.25,4.335,3.097,2.581,2.283,1.501,0.953,0.545,0.328,0.237,0.347,0.851,3.004,6.039,6.442,5.929,5.526,4.518,4.765,4.981,4.88,5.429,5.848,6.879,6.231,4.792,3.496,3.028,3.54,3.068,1.129,0.597,0.343,0.226,0.343,0.921,3.006,5.883,6.093,5.837,5.542,4.55,4.887,4.921,4.984,5.274,5.895,6.63,6.424,4.92,3.45,3.115,2.686,1.912,1.416,0.684,0.378,0.268,0.378,0.9,2.94,5.982,6.543,5.825,5.535,4.671,4.872,5.217,5.22,5.443,6.134,6.874,6.395,4.853,3.763,3.222,3.761,3.218,1.617,0.685,0.435,0.278,0.377,0.847,2.805,5.356,5.582,5.159,4.444,4.303,4.705,5.214,5.092,5.12,5.644,6.061,5.292,4.634,3.498,2.971,2.905,2.621,1.892,1.34,0.796,0.556,0.376,0.395,0.774,1.364,2.09,2.95,3.657,4.267,5.033,5.002,4.685,5.031,5.01,5.234,4.906,4.634,3.847,3.337,4.284,4.461,2.687
661,0.638,0.369,0.265,0.36,0.862,2.899,5.842,6.485,6.076,4.965,4.379,4.652,4.802,4.804,5.118,5.794,6.726,6.25,4.335,3.097,2.581,2.283,1.501,0.953,0.545,0.328,0.237,0.347,0.851,3.004,6.039,6.442,5.929,5.526,4.518,4.765,4.981,4.88,5.429,5.848,6.879,6.231,4.792,3.496,3.028,3.54,3.068,1.129,0.597,0.343,0.226,0.343,0.921,3.006,5.883,6.093,5.837,5.542,4.55,4.887,4.921,4.984,5.274,5.895,6.63,6.424,4.92,3.45,3.115,2.686,1.912,1.416,0.684,0.378,0.268,0.378,0.9,2.94,5.982,6.543,5.825,5.535,4.671,4.872,5.217,5.22,5.443,6.134,6.874,6.395,4.853,3.763,3.222,3.761,3.218,1.617,0.685,0.435,0.278,0.377,0.847,2.805,5.356,5.582,5.159,4.444,4.303,4.705,5.214,5.092,5.12,5.644,6.061,5.292,4.634,3.498,2.971,2.905,2.621,1.892,1.34,0.796,0.556,0.376,0.395,0.774,1.364,2.09,2.95,3.657,4.267,5.033,5.002,4.685,5.031,5.01,5.234,4.906,4.634,3.847,3.337,4.284,4.461,2.687,1.622,0.696,0.446,0.434,0.354,0.478,0.802,1.06,1.84,2.468,3.12,3.533,4.073,4.264,4.373,4.514,4.499,4.492,3.973,3.409,2.653,2.077,1.661,2.1
662,0.545,0.328,0.237,0.347,0.851,3.004,6.039,6.442,5.929,5.526,4.518,4.765,4.981,4.88,5.429,5.848,6.879,6.231,4.792,3.496,3.028,3.54,3.068,1.129,0.597,0.343,0.226,0.343,0.921,3.006,5.883,6.093,5.837,5.542,4.55,4.887,4.921,4.984,5.274,5.895,6.63,6.424,4.92,3.45,3.115,2.686,1.912,1.416,0.684,0.378,0.268,0.378,0.9,2.94,5.982,6.543,5.825,5.535,4.671,4.872,5.217,5.22,5.443,6.134,6.874,6.395,4.853,3.763,3.222,3.761,3.218,1.617,0.685,0.435,0.278,0.377,0.847,2.805,5.356,5.582,5.159,4.444,4.303,4.705,5.214,5.092,5.12,5.644,6.061,5.292,4.634,3.498,2.971,2.905,2.621,1.892,1.34,0.796,0.556,0.376,0.395,0.774,1.364,2.09,2.95,3.657,4.267,5.033,5.002,4.685,5.031,5.01,5.234,4.906,4.634,3.847,3.337,4.284,4.461,2.687,1.622,0.696,0.446,0.434,0.354,0.478,0.802,1.06,1.84,2.468,3.12,3.533,4.073,4.264,4.373,4.514,4.499,4.492,3.973,3.409,2.653,2.077,1.661,2.1,0.563,0.375,0.293,0.326,0.813,2.822,5.869,6.221,5.825,5.138,4.482,4.569,4.911,4.899,5.055,5.698,6.601,6.258,4.381,2.97,2.491,2.174,1.514,0.998
663,0.597,0.343,0.226,0.343,0.921,3.006,5.883,6.093,5.837,5.542,4.55,4.887,4.921,4.984,5.274,5.895,6.63,6.424,4.92,3.45,3.115,2.686,1.912,1.416,0.684,0.378,0.268,0.378,0.9,2.94,5.982,6.543,5.825,5.535,4.671,4.872,5.217,5.22,5.443,6.134,6.874,6.395,4.853,3.763,3.222,3.761,3.218,1.617,0.685,0.435,0.278,0.377,0.847,2.805,5.356,5.582,5.159,4.444,4.303,4.705,5.214,5.092,5.12,5.644,6.061,5.292,4.634,3.498,2.971,2.905,2.621,1.892,1.34,0.796,0.556,0.376,0.395,0.774,1.364,2.09,2.95,3.657,4.267,5.033,5.002,4.685,5.031,5.01,5.234,4.906,4.634,3.847,3.337,4.284,4.461,2.687,1.622,0.696,0.446,0.434,0.354,0.478,0.802,1.06,1.84,2.468,3.12,3.533,4.073,4.264,4.373,4.514,4.499,4.492,3.973,3.409,2.653,2.077,1.661,2.1,0.563,0.375,0.293,0.326,0.813,2.822,5.869,6.221,5.825,5.138,4.482,4.569,4.911,4.899,5.055,5.698,6.601,6.258,4.381,2.97,2.491,2.174,1.514,0.998,0.544,0.337,0.219,0.349,0.872,2.924,5.968,6.541,5.89,5.605,4.572,4.739,4.989,4.91,5.201,5.888,6.985,6.035,3.941,2.937,2.925,3.747,2.933,1.221
664,0.684,0.378,0.268,0.378,0.9,2.94,5.982,6.543,5.825,5.535,4.671,4.872,5.217,5.22,5.443,6.134,6.874,6.395,4.853,3.763,3.222,3.761,3.218,1.617,0.685,0.435,0.278,0.377,0.847,2.805,5.356,5.582,5.159,4.444,4.303,4.705,5.214,5.092,5.12,5.644,6.061,5.292,4.634,3.498,2.971,2.905,2.621,1.892,1.34,0.796,0.556,0.376,0.395,0.774,1.364,2.09,2.95,3.657,4.267,5.033,5.002,4.685,5.031,5.01,5.234,4.906,4.634,3.847,3.337,4.284,4.461,2.687,1.622,0.696,0.446,0.434,0.354,0.478,0.802,1.06,1.84,2.468,3.12,3.533,4.073,4.264,4.373,4.514,4.499,4.492,3.973,3.409,2.653,2.077,1.661,2.1,0.563,0.375,0.293,0.326,0.813,2.822,5.869,6.221,5.825,5.138,4.482,4.569,4.911,4.899,5.055,5.698,6.601,6.258,4.381,2.97,2.491,2.174,1.514,0.998,0.544,0.337,0.219,0.349,0.872,2.924,5.968,6.541,5.89,5.605,4.572,4.739,4.989,4.91,5.201,5.888,6.985,6.035,3.941,2.937,2.925,3.747,2.933,1.221,0.683,0.472,0.343,0.39,0.917,2.959,5.665,6.067,6.147,5.339,4.634,4.781,4.908,5.008,4.856,5.328,6.321,5.858,4.297,3.045,2.704,2.204,1.713,1.068
665,0.685,0.435,0.278,0.377,0.847,2.805,5.356,5.582,5.159,4.444,4.303,4.705,5.214,5.092,5.12,5.644,6.061,5.292,4.634,3.498,2.971,2.905,2.621,1.892,1.34,0.796,0.556,0.376,0.395,0.774,1.364,2.09,2.95,3.657,4.267,5.033,5.002,4.685,5.031,5.01,5.234,4.906,4.634,3.847,3.337,4.284,4.461,2.687,1.622,0.696,0.446,0.434,0.354,0.478,0.802,1.06,1.84,2.468,3.12,3.533,4.073,4.264,4.373,4.514,4.499,4.492,3.973,3.409,2.653,2.077,1.661,2.1,0.563,0.375,0.293,0.326,0.813,2.822,5.869,6.221,5.825,5.138,4.482,4.569,4.911,4.899,5.055,5.698,6.601,6.258,4.381,2.97,2.491,2.174,1.514,0.998,0.544,0.337,0.219,0.349,0.872,2.924,5.968,6.541,5.89,5.605,4.572,4.739,4.989,4.91,5.201,5.888,6.985,6.035,3.941,2.937,2.925,3.747,2.933,1.221,0.683,0.472,0.343,0.39,0.917,2.959,5.665,6.067,6.147,5.339,4.634,4.781,4.908,5.008,4.856,5.328,6.321,5.858,4.297,3.045,2.704,2.204,1.713,1.068,0.611,0.362,0.254,0.383,0.82,2.914,5.674,6.258,5.995,5.488,4.606,4.91,5.066,5.255,5.428,5.987,6.775,6.488,5.048,3.335,2.846,3.094,2.412,1.336
666,1.34,0.796,0.556,0.376,0.395,0.774,1.364,2.09,2.95,3.657,4.267,5.033,5.002,4.685,5.031,5.01,5.234,4.906,4.634,3.847,3.337,4.284,4.461,2.687,1.622,0.696,0.446,0.434,0.354,0.478,0.802,1.06,1.84,2.468,3.12,3.533,4.073,4.264,4.373,4.514,4.499,4.492,3.973,3.409,2.653,2.077,1.661,2.1,0.563,0.375,0.293,0.326,0.813,2.822,5.869,6.221,5.825,5.138,4.482,4.569,4.911,4.899,5.055,5.698,6.601,6.258,4.381,2.97,2.491,2.174,1.514,0.998,0.544,0.337,0.219,0.349,0.872,2.924,5.968,6.541,5.89,5.605,4.572,4.739,4.989,4.91,5.201,5.888,6.985,6.035,3.941,2.937,2.925,3.747,2.933,1.221,0.683,0.472,0.343,0.39,0.917,2.959,5.665,6.067,6.147,5.339,4.634,4.781,4.908,5.008,4.856,5.328,6.321,5.858,4.297,3.045,2.704,2.204,1.713,1.068,0.611,0.362,0.254,0.383,0.82,2.914,5.674,6.258,5.995,5.488,4.606,4.91,5.066,5.255,5.428,5.987,6.775,6.488,5.048,3.335,2.846,3.094,2.412,1.336,0.768,0.432,0.354,0.444,0.842,2.715,5.524,6.594,5.784,5.086,4.663,4.977,5.403,5.484,5.564,5.86,5.086,5.406,4.317,3.437,2.827,2.656,2.613,1.676
667,1.622,0.696,0.446,0.434,0.354,0.478,0.802,1.06,1.84,2.468,3.12,3.533,4.073,4.264,4.373,4.514,4.499,4.492,3.973,3.409,2.653,2.077,1.661,2.1,0.563,0.375,0.293,0.326,0.813,2.822,5.869,6.221,5.825,5.138,4.482,4.569,4.911,4.899,5.055,5.698,6.601,6.258,4.381,2.97,2.491,2.174,1.514,0.998,0.544,0.337,0.219,0.349,0.872,2.924,5.968,6.541,5.89,5.605,4.572,4.739,4.989,4.91,5.201,5.888,6.985,6.035,3.941,2.937,2.925,3.747,2.933,1.221,0.683,0.472,0.343,0.39,0.917,2.959,5.665,6.067,6.147,5.339,4.634,4.781,4.908,5.008,4.856,5.328,6.321,5.858,4.297,3.045,2.704,2.204,1.713,1.068,0.611,0.362,0.254,0.383,0.82,2.914,5.674,6.258,5.995,5.488,4.606,4.91,5.066,5.255,5.428,5.987,6.775,6.488,5.048,3.335,2.846,3.094,2.412,1.336,0.768,0.432,0.354,0.444,0.842,2.715,5.524,6.594,5.784,5.086,4.663,4.977,5.403,5.484,5.564,5.86,5.086,5.406,4.317,3.437,2.827,2.656,2.613,1.676,1.031,0.658,0.47,0.352,0.371,0.68,1.243,1.957,2.79,3.489,3.979,4.563,4.837,4.836,4.764,4.89,4.894,4.794,4.411,3.421,2.718,3.515,3.865,2.042
668,0.563,0.375,0.293,0.326,0.813,2.822,5.869,6.221,5.825,5.138,4.482,4.569,4.911,4.899,5.055,5.698,6.601,6.258,4.381,2.97,2.491,2.174,1.514,0.998,0.544,0.337,0.219,0.349,0.872,2.924,5.968,6.541,5.89,5.605,4.572,4.739,4.989,4.91,5.201,5.888,6.985,6.035,3.941,2.937,2.925,3.747,2.933,1.221,0.683,0.472,0.343,0.39,0.917,2.959,5.665,6.067,6.147,5.339,4.634,4.781,4.908,5.008,4.856,5.328,6.321,5.858,4.297,3.045,2.704,2.204,1.713,1.068,0.611,0.362,0.254,0.383,0.82,2.914,5.674,6.258,5.995,5.488,4.606,4.91,5.066,5.255,5.428,5.987,6.775,6.488,5.048,3.335,2.846,3.094,2.412,1.336,0.768,0.432,0.354,0.444,0.842,2.715,5.524,6.594,5.784,5.086,4.663,4.977,5.403,5.484,5.564,5.86,5.086,5.406,4.317,3.437,2.827,2.656,2.613,1.676,1.031,0.658,0.47,0.352,0.371,0.68,1.243,1.957,2.79,3.489,3.979,4.563,4.837,4.836,4.764,4.89,4.894,4.794,4.411,3.421,2.718,3.515,3.865,2.042,1.554,0.629,0.361,0.247,0.287,0.469,0.823,1.209,2.059,2.974,3.592,4.014,4.256,4.309,4.303,4.525,4.744,4.235,3.765,2.888,2.273,1.912,1.323,0.861
669,0.544,0.337,0.219,0.349,0.872,2.924,5.968,6.541,5.89,5.605,4.572,4.739,4.989,4.91,5.201,5.888,6.985,6.035,3.941,2.937,2.925,3.747,2.933,1.221,0.683,0.472,0.343,0.39,0.917,2.959,5.665,6.067,6.147,5.339,4.634,4.781,4.908,5.008,4.856,5.328,6.321,5.858,4.297,3.045,2.704,2.204,1.713,1.068,0.611,0.362,0.254,0.383,0.82,2.914,5.674,6.258,5.995,5.488,4.606,4.91,5.066,5.255,5.428,5.987,6.775,6.488,5.048,3.335,2.846,3.094,2.412,1.336,0.768,0.432,0.354,0.444,0.842,2.715,5.524,6.594,5.784,5.086,4.663,4.977,5.403,5.484,5.564,5.86,5.086,5.406,4.317,3.437,2.827,2.656,2.613,1.676,1.031,0.658,0.47,0.352,0.371,0.68,1.243,1.957,2.79,3.489,3.979,4.563,4.837,4.836,4.764,4.89,4.894,4.794,4.411,3.421,2.718,3.515,3.865,2.042,1.554,0.629,0.361,0.247,0.287,0.469,0.823,1.209,2.059,2.974,3.592,4.014,4.256,4.309,4.303,4.525,4.744,4.235,3.765,2.888,2.273,1.912,1.323,0.861,0.469,0.33,0.186,0.333,0.809,2.853,5.836,6.268,5.99,4.992,4.298,4.488,4.677,4.746,4.987,5.657,6.647,6.175,4.152,2.919,2.263,2.009,1.451,0.961
670,0.683,0.472,0.343,0.39,0.917,2.959,5.665,6.067,6.147,5.339,4.634,4.781,4.908,5.008,4.856,5.328,6.321,5.858,4.297,3.045,2.704,2.204,1.713,1.068,0.611,0.362,0.254,0.383,0.82,2.914,5.674,6.258,5.995,5.488,4.606,4.91,5.066,5.255,5.428,5.987,6.775,6.488,5.048,3.335,2.846,3.094,2.412,1.336,0.768,0.432,0.354,0.444,0.842,2.715,5.524,6.594,5.784,5.086,4.663,4.977,5.403,5.484,5.564,5.86,5.086,5.406,4.317,3.437,2.827,2.656,2.613,1.676,1.031,0.658,0.47,0.352,0.371,0.68,1.243,1.957,2.79,3.489,3.979,4.563,4.837,4.836,4.764,4.89,4.894,4.794,4.411,3.421,2.718,3.515,3.865,2.042,1.554,0.629,0.361,0.247,0.287,0.469,0.823,1.209,2.059,2.974,3.592,4.014,4.256,4.309,4.303,4.525,4.744,4.235,3.765,2.888,2.273,1.912,1.323,0.861,0.469,0.33,0.186,0.333,0.809,2.853,5.836,6.268,5.99,4.992,4.298,4.488,4.677,4.746,4.987,5.657,6.647,6.175,4.152,2.919,2.263,2.009,1.451,0.961,0.56,0.339,0.244,0.377,0.899,3.031,6.1,6.538,6.091,5.319,4.518,4.701,4.866,5.101,5.273,5.747,6.705,6.198,4.421,3.073,2.581,2.265,1.631,1.073
671,0.611,0.362,0.254,0.383,0.82,2.914,5.674,6.258,5.995,5.488,4.606,4.91,5.066,5.255,5.428,5.987,6.775,6.488,5.048,3.335,2.846,3.094,2.412,1.336,0.768,0.432,0.354,0.444,0.842,2.715,5.524,6.594,5.784,5.086,4.663,4.977,5.403,5.484,5.564,5.86,5.086,5.406,4.317,3.437,2.827,2.656,2.613,1.676,1.031,0.658,0.47,0.352,0.371,0.68,1.243,1.957,2.79,3.489,3.979,4.563,4.837,4.836,4.764,4.89,4.894,4.794,4.411,3.421,2.718,3.515,3.865,2.042,1.554,0.629,0.361,0.247,0.287,0.469,0.823,1.209,2.059,2.974,3.592,4.014,4.256,4.309,4.303,4.525,4.744,4.235,3.765,2.888,2.273,1.912,1.323,0.861,0.469,0.33,0.186,0.333,0.809,2.853,5.836,6.268,5.99,4.992,4.298,4.488,4.677,4.746,4.987,5.657,6.647,6.175,4.152,2.919,2.263,2.009,1.451,0.961,0.56,0.339,0.244,0.377,0.899,3.031,6.1,6.538,6.091,5.319,4.518,4.701,4.866,5.101,5.273,5.747,6.705,6.198,4.421,3.073,2.581,2.265,1.631,1.073,0.548,0.329,0.0,0.373,0.898,2.985,6.126,6.513,5.926,5.67,4.195,4.553,4.585,4.833,5.049,5.651,6.832,6.09,4.65,3.292,2.885,2.445,1.728,1.094
672,0.768,0.432,0.354,0.444,0.842,2.715,5.524,6.594,5.784,5.086,4.663,4.977,5.403,5.484,5.564,5.86,5.086,5.406,4.317,3.437,2.827,2.656,2.613,1.676,1.031,0.658,0.47,0.352,0.371,0.68,1.243,1.957,2.79,3.489,3.979,4.563,4.837,4.836,4.764,4.89,4.894,4.794,4.411,3.421,2.718,3.515,3.865,2.042,1.554,0.629,0.361,0.247,0.287,0.469,0.823,1.209,2.059,2.974,3.592,4.014,4.256,4.309,4.303,4.525,4.744,4.235,3.765,2.888,2.273,1.912,1.323,0.861,0.469,0.33,0.186,0.333,0.809,2.853,5.836,6.268,5.99,4.992,4.298,4.488,4.677,4.746,4.987,5.657,6.647,6.175,4.152,2.919,2.263,2.009,1.451,0.961,0.56,0.339,0.244,0.377,0.899,3.031,6.1,6.538,6.091,5.319,4.518,4.701,4.866,5.101,5.273,5.747,6.705,6.198,4.421,3.073,2.581,2.265,1.631,1.073,0.548,0.329,0.0,0.373,0.898,2.985,6.126,6.513,5.926,5.67,4.195,4.553,4.585,4.833,5.049,5.651,6.832,6.09,4.65,3.292,2.885,2.445,1.728,1.094,0.614,0.348,0.0,0.361,0.877,2.966,5.97,6.53,5.542,5.71,4.726,5.025,5.151,5.34,5.261,5.794,6.654,6.21,4.758,3.466,3.112,2.703,2.838,1.471
673,1.031,0.658,0.47,0.352,0.371,0.68,1.243,1.957,2.79,3.489,3.979,4.563,4.837,4.836,4.764,4.89,4.894,4.794,4.411,3.421,2.718,3.515,3.865,2.042,1.554,0.629,0.361,0.247,0.287,0.469,0.823,1.209,2.059,2.974,3.592,4.014,4.256,4.309,4.303,4.525,4.744,4.235,3.765,2.888,2.273,1.912,1.323,0.861,0.469,0.33,0.186,0.333,0.809,2.853,5.836,6.268,5.99,4.992,4.298,4.488,4.677,4.746,4.987,5.657,6.647,6.175,4.152,2.919,2.263,2.009,1.451,0.961,0.56,0.339,0.244,0.377,0.899,3.031,6.1,6.538,6.091,5.319,4.518,4.701,4.866,5.101,5.273,5.747,6.705,6.198,4.421,3.073,2.581,2.265,1.631,1.073,0.548,0.329,0.0,0.373,0.898,2.985,6.126,6.513,5.926,5.67,4.195,4.553,4.585,4.833,5.049,5.651,6.832,6.09,4.65,3.292,2.885,2.445,1.728,1.094,0.614,0.348,0.0,0.361,0.877,2.966,5.97,6.53,5.542,5.71,4.726,5.025,5.151,5.34,5.261,5.794,6.654,6.21,4.758,3.466,3.112,2.703,2.838,1.471,0.812,0.418,0.311,0.419,0.776,2.725,5.554,6.494,5.593,5.039,4.584,4.964,5.106,5.445,5.311,5.667,6.057,5.412,4.707,3.505,3.025,2.836,2.467,1.739
674,1.554,0.629,0.361,0.247,0.287,0.469,0.823,1.209,2.059,2.974,3.592,4.014,4.256,4.309,4.303,4.525,4.744,4.235,3.765,2.888,2.273,1.912,1.323,0.861,0.469,0.33,0.186,0.333,0.809,2.853,5.836,6.268,5.99,4.992,4.298,4.488,4.677,4.746,4.987,5.657,6.647,6.175,4.152,2.919,2.263,2.009,1.451,0.961,0.56,0.339,0.244,0.377,0.899,3.031,6.1,6.538,6.091,5.319,4.518,4.701,4.866,5.101,5.273,5.747,6.705,6.198,4.421,3.073,2.581,2.265,1.631,1.073,0.548,0.329,0.0,0.373,0.898,2.985,6.126,6.513,5.926,5.67,4.195,4.553,4.585,4.833,5.049,5.651,6.832,6.09,4.65,3.292,2.885,2.445,1.728,1.094,0.614,0.348,0.0,0.361,0.877,2.966,5.97,6.53,5.542,5.71,4.726,5.025,5.151,5.34,5.261,5.794,6.654,6.21,4.758,3.466,3.112,2.703,2.838,1.471,0.812,0.418,0.311,0.419,0.776,2.725,5.554,6.494,5.593,5.039,4.584,4.964,5.106,5.445,5.311,5.667,6.057,5.412,4.707,3.505,3.025,2.836,2.467,1.739,1.009,0.649,0.0,0.541,0.555,1.057,1.584,2.323,3.446,4.305,4.69,4.714,4.882,4.77,4.858,4.495,4.766,4.544,4.236,3.435,2.694,2.696,2.869,2.231
675,0.469,0.33,0.186,0.333,0.809,2.853,5.836,6.268,5.99,4.992,4.298,4.488,4.677,4.746,4.987,5.657,6.647,6.175,4.152,2.919,2.263,2.009,1.451,0.961,0.56,0.339,0.244,0.377,0.899,3.031,6.1,6.538,6.091,5.319,4.518,4.701,4.866,5.101,5.273,5.747,6.705,6.198,4.421,3.073,2.581,2.265,1.631,1.073,0.548,0.329,0.0,0.373,0.898,2.985,6.126,6.513,5.926,5.67,4.195,4.553,4.585,4.833,5.049,5.651,6.832,6.09,4.65,3.292,2.885,2.445,1.728,1.094,0.614,0.348,0.0,0.361,0.877,2.966,5.97,6.53,5.542,5.71,4.726,5.025,5.151,5.34,5.261,5.794,6.654,6.21,4.758,3.466,3.112,2.703,2.838,1.471,0.812,0.418,0.311,0.419,0.776,2.725,5.554,6.494,5.593,5.039,4.584,4.964,5.106,5.445,5.311,5.667,6.057,5.412,4.707,3.505,3.025,2.836,2.467,1.739,1.009,0.649,0.0,0.541,0.555,1.057,1.584,2.323,3.446,4.305,4.69,4.714,4.882,4.77,4.858,4.495,4.766,4.544,4.236,3.435,2.694,2.696,2.869,2.231,1.259,0.704,0.724,0.497,0.504,0.609,0.962,1.26,2.133,2.91,3.54,3.858,4.055,4.114,4.163,4.49,4.746,4.877,5.355,3.17,2.463,1.919,1.342,0.929
676,0.56,0.339,0.244,0.377,0.899,3.031,6.1,6.538,6.091,5.319,4.518,4.701,4.866,5.101,5.273,5.747,6.705,6.198,4.421,3.073,2.581,2.265,1.631,1.073,0.548,0.329,0.0,0.373,0.898,2.985,6.126,6.513,5.926,5.67,4.195,4.553,4.585,4.833,5.049,5.651,6.832,6.09,4.65,3.292,2.885,2.445,1.728,1.094,0.614,0.348,0.0,0.361,0.877,2.966,5.97,6.53,5.542,5.71,4.726,5.025,5.151,5.34,5.261,5.794,6.654,6.21,4.758,3.466,3.112,2.703,2.838,1.471,0.812,0.418,0.311,0.419,0.776,2.725,5.554,6.494,5.593,5.039,4.584,4.964,5.106,5.445,5.311,5.667,6.057,5.412,4.707,3.505,3.025,2.836,2.467,1.739,1.009,0.649,0.0,0.541,0.555,1.057,1.584,2.323,3.446,4.305,4.69,4.714,4.882,4.77,4.858,4.495,4.766,4.544,4.236,3.435,2.694,2.696,2.869,2.231,1.259,0.704,0.724,0.497,0.504,0.609,0.962,1.26,2.133,2.91,3.54,3.858,4.055,4.114,4.163,4.49,4.746,4.877,5.355,3.17,2.463,1.919,1.342,0.929,0.461,0.302,0.207,0.338,0.819,2.844,5.66,6.505,6.117,5.19,4.456,4.595,4.829,4.779,5.048,5.629,6.604,5.936,4.184,3.008,2.537,2.048,1.498,0.98
677,0.548,0.329,0.0,0.373,0.898,2.985,6.126,6.513,5.926,5.67,4.195,4.553,4.585,4.833,5.049,5.651,6.832,6.09,4.65,3.292,2.885,2.445,1.728,1.094,0.614,0.348,0.0,0.361,0.877,2.966,5.97,6.53,5.542,5.71,4.726,5.025,5.151,5.34,5.261,5.794,6.654,6.21,4.758,3.466,3.112,2.703,2.838,1.471,0.812,0.418,0.311,0.419,0.776,2.725,5.554,6.494,5.593,5.039,4.584,4.964,5.106,5.445,5.311,5.667,6.057,5.412,4.707,3.505,3.025,2.836,2.467,1.739,1.009,0.649,0.0,0.541,0.555,1.057,1.584,2.323,3.446,4.305,4.69,4.714,4.882,4.77,4.858,4.495,4.766,4.544,4.236,3.435,2.694,2.696,2.869,2.231,1.259,0.704,0.724,0.497,0.504,0.609,0.962,1.26,2.133,2.91,3.54,3.858,4.055,4.114,4.163,4.49,4.746,4.877,5.355,3.17,2.463,1.919,1.342,0.929,0.461,0.302,0.207,0.338,0.819,2.844,5.66,6.505,6.117,5.19,4.456,4.595,4.829,4.779,5.048,5.629,6.604,5.936,4.184,3.008,2.537,2.048,1.498,0.98,0.483,0.321,0.216,0.346,0.871,3.005,5.631,6.212,5.841,5.531,4.398,4.69,4.91,4.952,5.129,5.73,6.717,6.091,4.371,3.202,2.778,3.722,2.381,1.462
678,0.614,0.348,0.0,0.361,0.877,2.966,5.97,6.53,5.542,5.71,4.726,5.025,5.151,5.34,5.261,5.794,6.654,6.21,4.758,3.466,3.112,2.703,2.838,1.471,0.812,0.418,0.311,0.419,0.776,2.725,5.554,6.494,5.593,5.039,4.584,4.964,5.106,5.445,5.311,5.667,6.057,5.412,4.707,3.505,3.025,2.836,2.467,1.739,1.009,0.649,0.0,0.541,0.555,1.057,1.584,2.323,3.446,4.305,4.69,4.714,4.882,4.77,4.858,4.495,4.766,4.544,4.236,3.435,2.694,2.696,2.869,2.231,1.259,0.704,0.724,0.497,0.504,0.609,0.962,1.26,2.133,2.91,3.54,3.858,4.055,4.114,4.163,4.49,4.746,4.877,5.355,3.17,2.463,1.919,1.342,0.929,0.461,0.302,0.207,0.338,0.819,2.844,5.66,6.505,6.117,5.19,4.456,4.595,4.829,4.779,5.048,5.629,6.604,5.936,4.184,3.008,2.537,2.048,1.498,0.98,0.483,0.321,0.216,0.346,0.871,3.005,5.631,6.212,5.841,5.531,4.398,4.69,4.91,4.952,5.129,5.73,6.717,6.091,4.371,3.202,2.778,3.722,2.381,1.462,0.608,0.318,0.0,0.354,0.911,3.011,6.015,6.58,6.104,5.379,4.687,4.924,5.043,4.945,5.221,5.919,6.923,6.325,4.66,3.216,2.914,2.461,1.957,1.4
679,0.812,0.418,0.311,0.419,0.776,2.725,5.554,6.494,5.593,5.039,4.584,4.964,5.106,5.445,5.311,5.667,6.057,5.412,4.707,3.505,3.025,2.836,2.467,1.739,1.009,0.649,0.0,0.541,0.555,1.057,1.584,2.323,3.446,4.305,4.69,4.714,4.882,4.77,4.858,4.495,4.766,4.544,4.236,3.435,2.694,2.696,2.869,2.231,1.259,0.704,0.724,0.497,0.504,0.609,0.962,1.26,2.133,2.91,3.54,3.858,4.055,4.114,4.163,4.49,4.746,4.877,5.355,3.17,2.463,1.919,1.342,0.929,0.461,0.302,0.207,0.338,0.819,2.844,5.66,6.505,6.117,5.19,4.456,4.595,4.829,4.779,5.048,5.629,6.604,5.936,4.184,3.008,2.537,2.048,1.498,0.98,0.483,0.321,0.216,0.346,0.871,3.005,5.631,6.212,5.841,5.531,4.398,4.69,4.91,4.952,5.129,5.73,6.717,6.091,4.371,3.202,2.778,3.722,2.381,1.462,0.608,0.318,0.0,0.354,0.911,3.011,6.015,6.58,6.104,5.379,4.687,4.924,5.043,4.945,5.221,5.919,6.923,6.325,4.66,3.216,2.914,2.461,1.957,1.4,0.604,0.359,0.264,0.375,0.916,2.967,5.942,6.685,6.029,5.507,4.678,4.943,4.977,5.182,5.315,6.079,6.658,6.125,4.724,3.538,3.132,3.069,3.643,2.158
680,1.009,0.649,0.0,0.541,0.555,1.057,1.584,2.323,3.446,4.305,4.69,4.714,4.882,4.77,4.858,4.495,4.766,4.544,4.236,3.435,2.694,2.696,2.869,2.231,1.259,0.704,0.724,0.497,0.504,0.609,0.962,1.26,2.133,2.91,3.54,3.858,4.055,4.114,4.163,4.49,4.746,4.877,5.355,3.17,2.463,1.919,1.342,0.929,0.461,0.302,0.207,0.338,0.819,2.844,5.66,6.505,6.117,5.19,4.456,4.595,4.829,4.779,5.048,5.629,6.604,5.936,4.184,3.008,2.537,2.048,1.498,0.98,0.483,0.321,0.216,0.346,0.871,3.005,5.631,6.212,5.841,5.531,4.398,4.69,4.91,4.952,5.129,5.73,6.717,6.091,4.371,3.202,2.778,3.722,2.381,1.462,0.608,0.318,0.0,0.354,0.911,3.011,6.015,6.58,6.104,5.379,4.687,4.924,5.043,4.945,5.221,5.919,6.923,6.325,4.66,3.216,2.914,2.461,1.957,1.4,0.604,0.359,0.264,0.375,0.916,2.967,5.942,6.685,6.029,5.507,4.678,4.943,4.977,5.182,5.315,6.079,6.658,6.125,4.724,3.538,3.132,3.069,3.643,2.158,0.76,0.469,0.316,0.405,0.851,2.809,5.672,5.849,5.344,5.132,4.706,5.128,5.308,5.105,5.488,5.906,6.629,5.965,5.1,3.774,3.077,3.03,2.63,2.657
681,1.259,0.704,0.724,0.497,0.504,0.609,0.962,1.26,2.133,2.91,3.54,3.858,4.055,4.114,4.163,4.49,4.746,4.877,5.355,3.17,2.463,1.919,1.342,0.929,0.461,0.302,0.207,0.338,0.819,2.844,5.66,6.505,6.117,5.19,4.456,4.595,4.829,4.779,5.048,5.629,6.604,5.936,4.184,3.008,2.537,2.048,1.498,0.98,0.483,0.321,0.216,0.346,0.871,3.005,5.631,6.212,5.841,5.531,4.398,4.69,4.91,4.952,5.129,5.73,6.717,6.091,4.371,3.202,2.778,3.722,2.381,1.462,0.608,0.318,0.0,0.354,0.911,3.011,6.015,6.58,6.104,5.379,4.687,4.924,5.043,4.945,5.221,5.919,6.923,6.325,4.66,3.216,2.914,2.461,1.957,1.4,0.604,0.359,0.264,0.375,0.916,2.967,5.942,6.685,6.029,5.507,4.678,4.943,4.977,5.182,5.315,6.079,6.658,6.125,4.724,3.538,3.132,3.069,3.643,2.158,0.76,0.469,0.316,0.405,0.851,2.809,5.672,5.849,5.344,5.132,4.706,5.128,5.308,5.105,5.488,5.906,6.629,5.965,5.1,3.774,3.077,3.03,2.63,2.657,1.222,0.709,0.496,0.433,0.392,0.801,1.385,2.115,3.136,3.676,4.034,4.517,4.59,4.876,4.729,4.754,4.939,4.852,4.556,3.733,3.181,3.011,3.358,3.347
682,0.461,0.302,0.207,0.338,0.819,2.844,5.66,6.505,6.117,5.19,4.456,4.595,4.829,4.779,5.048,5.629,6.604,5.936,4.184,3.008,2.537,2.048,1.498,0.98,0.483,0.321,0.216,0.346,0.871,3.005,5.631,6.212,5.841,5.531,4.398,4.69,4.91,4.952,5.129,5.73,6.717,6.091,4.371,3.202,2.778,3.722,2.381,1.462,0.608,0.318,0.0,0.354,0.911,3.011,6.015,6.58,6.104,5.379,4.687,4.924,5.043,4.945,5.221,5.919,6.923,6.325,4.66,3.216,2.914,2.461,1.957,1.4,0.604,0.359,0.264,0.375,0.916,2.967,5.942,6.685,6.029,5.507,4.678,4.943,4.977,5.182,5.315,6.079,6.658,6.125,4.724,3.538,3.132,3.069,3.643,2.158,0.76,0.469,0.316,0.405,0.851,2.809,5.672,5.849,5.344,5.132,4.706,5.128,5.308,5.105,5.488,5.906,6.629,5.965,5.1,3.774,3.077,3.03,2.63,2.657,1.222,0.709,0.496,0.433,0.392,0.801,1.385,2.115,3.136,3.676,4.034,4.517,4.59,4.876,4.729,4.754,4.939,4.852,4.556,3.733,3.181,3.011,3.358,3.347,1.529,0.996,0.726,0.439,0.407,0.738,1.138,1.498,2.214,3.432,4.46,4.195,4.185,4.115,4.121,4.329,4.555,4.505,3.56,2.989,2.477,1.898,1.413,0.991
683,0.483,0.321,0.216,0.346,0.871,3.005,5.631,6.212,5.841,5.531,4.398,4.69,4.91,4.952,5.129,5.73,6.717,6.091,4.371,3.202,2.778,3.722,2.381,1.462,0.608,0.318,0.0,0.354,0.911,3.011,6.015,6.58,6.104,5.379,4.687,4.924,5.043,4.945,5.221,5.919,6.923,6.325,4.66,3.216,2.914,2.461,1.957,1.4,0.604,0.359,0.264,0.375,0.916,2.967,5.942,6.685,6.029,5.507,4.678,4.943,4.977,5.182,5.315,6.079,6.658,6.125,4.724,3.538,3.132,3.069,3.643,2.158,0.76,0.469,0.316,0.405,0.851,2.809,5.672,5.849,5.344,5.132,4.706,5.128,5.308,5.105,5.488,5.906,6.629,5.965,5.1,3.774,3.077,3.03,2.63,2.657,1.222,0.709,0.496,0.433,0.392,0.801,1.385,2.115,3.136,3.676,4.034,4.517,4.59,4.876,4.729,4.754,4.939,4.852,4.556,3.733,3.181,3.011,3.358,3.347,1.529,0.996,0.726,0.439,0.407,0.738,1.138,1.498,2.214,3.432,4.46,4.195,4.185,4.115,4.121,4.329,4.555,4.505,3.56,2.989,2.477,1.898,1.413,0.991,0.484,0.331,0.239,0.373,0.848,2.851,5.208,6.6,5.918,5.02,4.583,4.556,4.812,4.866,5.095,5.769,6.629,6.013,4.162,3.029,2.612,2.595,3.268,1.174
684,0.608,0.318,0.0,0.354,0.911,3.011,6.015,6.58,6.104,5.379,4.687,4.924,5.043,4.945,5.221,5.919,6.923,6.325,4.66,3.216,2.914,2.461,1.957,1.4,0.604,0.359,0.264,0.375,0.916,2.967,5.942,6.685,6.029,5.507,4.678,4.943,4.977,5.182,5.315,6.079,6.658,6.125,4.724,3.538,3.132,3.069,3.643,2.158,0.76,0.469,0.316,0.405,0.851,2.809,5.672,5.849,5.344,5.132,4.706,5.128,5.308,5.105,5.488,5.906,6.629,5.965,5.1,3.774,3.077,3.03,2.63,2.657,1.222,0.709,0.496,0.433,0.392,0.801,1.385,2.115,3.136,3.676,4.034,4.517,4.59,4.876,4.729,4.754,4.939,4.852,4.556,3.733,3.181,3.011,3.358,3.347,1.529,0.996,0.726,0.439,0.407,0.738,1.138,1.498,2.214,3.432,4.46,4.195,4.185,4.115,4.121,4.329,4.555,4.505,3.56,2.989,2.477,1.898,1.413,0.991,0.484,0.331,0.239,0.373,0.848,2.851,5.208,6.6,5.918,5.02,4.583,4.556,4.812,4.866,5.095,5.769,6.629,6.013,4.162,3.029,2.612,2.595,3.268,1.174,0.56,0.373,0.247,0.381,0.867,2.906,5.793,6.796,5.932,5.354,4.682,4.877,5.069,5.268,5.314,5.823,6.669,6.379,4.67,3.208,2.807,2.583,1.848,1.111
685,0.604,0.359,0.264,0.375,0.916,2.967,5.942,6.685,6.029,5.507,4.678,4.943,4.977,5.182,5.315,6.079,6.658,6.125,4.724,3.538,3.132,3.069,3.643,2.158,0.76,0.469,0.316,0.405,0.851,2.809,5.672,5.849,5.344,5.132,4.706,5.128,5.308,5.105,5.488,5.906,6.629,5.965,5.1,3.774,3.077,3.03,2.63,2.657,1.222,0.709,0.496,0.433,0.392,0.801,1.385,2.115,3.136,3.676,4.034,4.517,4.59,4.876,4.729,4.754,4.939,4.852,4.556,3.733,3.181,3.011,3.358,3.347,1.529,0.996,0.726,0.439,0.407,0.738,1.138,1.498,2.214,3.432,4.46,4.195,4.185,4.115,4.121,4.329,4.555,4.505,3.56,2.989,2.477,1.898,1.413,0.991,0.484,0.331,0.239,0.373,0.848,2.851,5.208,6.6,5.918,5.02,4.583,4.556,4.812,4.866,5.095,5.769,6.629,6.013,4.162,3.029,2.612,2.595,3.268,1.174,0.56,0.373,0.247,0.381,0.867,2.906,5.793,6.796,5.932,5.354,4.682,4.877,5.069,5.268,5.314,5.823,6.669,6.379,4.67,3.208,2.807,2.583,1.848,1.111,0.633,0.422,0.32,0.38,0.861,2.761,5.385,5.983,5.411,5.036,4.83,5.165,5.484,5.65,5.916,5.793,6.032,5.177,4.347,3.179,2.86,2.638,2.077,1.474
686,0.76,0.469,0.316,0.405,0.851,2.809,5.672,5.849,5.344,5.132,4.706,5.128,5.308,5.105,5.488,5.906,6.629,5.965,5.1,3.774,3.077,3.03,2.63,2.657,1.222,0.709,0.496,0.433,0.392,0.801,1.385,2.115,3.136,3.676,4.034,4.517,4.59,4.876,4.729,4.754,4.939,4.852,4.556,3.733,3.181,3.011,3.358,3.347,1.529,0.996,0.726,0.439,0.407,0.738,1.138,1.498,2.214,3.432,4.46,4.195,4.185,4.115,4.121,4.329,4.555,4.505,3.56,2.989,2.477,1.898,1.413,0.991,0.484,0.331,0.239,0.373,0.848,2.851,5.208,6.6,5.918,5.02,4.583,4.556,4.812,4.866,5.095,5.769,6.629,6.013,4.162,3.029,2.612,2.595,3.268,1.174,0.56,0.373,0.247,0.381,0.867,2.906,5.793,6.796,5.932,5.354,4.682,4.877,5.069,5.268,5.314,5.823,6.669,6.379,4.67,3.208,2.807,2.583,1.848,1.111,0.633,0.422,0.32,0.38,0.861,2.761,5.385,5.983,5.411,5.036,4.83,5.165,5.484,5.65,5.916,5.793,6.032,5.177,4.347,3.179,2.86,2.638,2.077,1.474,1.324,0.601,0.416,0.32,0.266,0.423,0.834,0.991,1.267,2.227,2.817,3.347,3.169,3.049,2.935,3.278,3.212,3.34,3.267,3.194,2.989,2.73,1.962,1.313
687,1.222,0.709,0.496,0.433,0.392,0.801,1.385,2.115,3.136,3.676,4.034,4.517,4.59,4.876,4.729,4.754,4.939,4.852,4.556,3.733,3.181,3.011,3.358,3.347,1.529,0.996,0.726,0.439,0.407,0.738,1.138,1.498,2.214,3.432,4.46,4.195,4.185,4.115,4.121,4.329,4.555,4.505,3.56,2.989,2.477,1.898,1.413,0.991,0.484,0.331,0.239,0.373,0.848,2.851,5.208,6.6,5.918,5.02,4.583,4.556,4.812,4.866,5.095,5.769,6.629,6.013,4.162,3.029,2.612,2.595,3.268,1.174,0.56,0.373,0.247,0.381,0.867,2.906,5.793,6.796,5.932,5.354,4.682,4.877,5.069,5.268,5.314,5.823,6.669,6.379,4.67,3.208,2.807,2.583,1.848,1.111,0.633,0.422,0.32,0.38,0.861,2.761,5.385,5.983,5.411,5.036,4.83,5.165,5.484,5.65,5.916,5.793,6.032,5.177,4.347,3.179,2.86,2.638,2.077,1.474,1.324,0.601,0.416,0.32,0.266,0.423,0.834,0.991,1.267,2.227,2.817,3.347,3.169,3.049,2.935,3.278,3.212,3.34,3.267,3.194,2.989,2.73,1.962,1.313,0.77,0.467,0.271,0.257,0.403,1.045,2.101,2.419,2.48,2.909,3.405,4.017,4.321,4.334,4.749,4.696,4.482,4.858,5.325,3.279,2.844,2.802,2.297,1.642
688,1.529,0.996,0.726,0.439,0.407,0.738,1.138,1.498,2.214,3.432,4.46,4.195,4.185,4.115,4.121,4.329,4.555,4.505,3.56,2.989,2.477,1.898,1.413,0.991,0.484,0.331,0.239,0.373,0.848,2.851,5.208,6.6,5.918,5.02,4.583,4.556,4.812,4.866,5.095,5.769,6.629,6.013,4.162,3.029,2.612,2.595,3.268,1.174,0.56,0.373,0.247,0.381,0.867,2.906,5.793,6.796,5.932,5.354,4.682,4.877,5.069,5.268,5.314,5.823,6.669,6.379,4.67,3.208,2.807,2.583,1.848,1.111,0.633,0.422,0.32,0.38,0.861,2.761,5.385,5.983,5.411,5.036,4.83,5.165,5.484,5.65,5.916,5.793,6.032,5.177,4.347,3.179,2.86,2.638,2.077,1.474,1.324,0.601,0.416,0.32,0.266,0.423,0.834,0.991,1.267,2.227,2.817,3.347,3.169,3.049,2.935,3.278,3.212,3.34,3.267,3.194,2.989,2.73,1.962,1.313,0.77,0.467,0.271,0.257,0.403,1.045,2.101,2.419,2.48,2.909,3.405,4.017,4.321,4.334,4.749,4.696,4.482,4.858,5.325,3.279,2.844,2.802,2.297,1.642,1.079,0.655,0.516,0.372,0.323,0.595,1.01,1.539,2.133,3.054,3.914,4.734,5.167,4.952,4.461,4.348,4.38,4.49,4.046,3.463,3.005,2.8,2.673,2.584
689,0.484,0.331,0.239,0.373,0.848,2.851,5.208,6.6,5.918,5.02,4.583,4.556,4.812,4.866,5.095,5.769,6.629,6.013,4.162,3.029,2.612,2.595,3.268,1.174,0.56,0.373,0.247,0.381,0.867,2.906,5.793,6.796,5.932,5.354,4.682,4.877,5.069,5.268,5.314,5.823,6.669,6.379,4.67,3.208,2.807,2.583,1.848,1.111,0.633,0.422,0.32,0.38,0.861,2.761,5.385,5.983,5.411,5.036,4.83,5.165,5.484,5.65,5.916,5.793,6.032,5.177,4.347,3.179,2.86,2.638,2.077,1.474,1.324,0.601,0.416,0.32,0.266,0.423,0.834,0.991,1.267,2.227,2.817,3.347,3.169,3.049,2.935,3.278,3.212,3.34,3.267,3.194,2.989,2.73,1.962,1.313,0.77,0.467,0.271,0.257,0.403,1.045,2.101,2.419,2.48,2.909,3.405,4.017,4.321,4.334,4.749,4.696,4.482,4.858,5.325,3.279,2.844,2.802,2.297,1.642,1.079,0.655,0.516,0.372,0.323,0.595,1.01,1.539,2.133,3.054,3.914,4.734,5.167,4.952,4.461,4.348,4.38,4.49,4.046,3.463,3.005,2.8,2.673,2.584,1.386,0.938,0.701,0.513,0.454,0.602,0.965,1.24,1.769,2.404,3.28,3.886,4.299,4.86,4.871,4.994,4.933,4.794,4.392,3.341,2.839,2.55,1.64,1.009
690,0.56,0.373,0.247,0.381,0.867,2.906,5.793,6.796,5.932,5.354,4.682,4.877,5.069,5.268,5.314,5.823,6.669,6.379,4.67,3.208,2.807,2.583,1.848,1.111,0.633,0.422,0.32,0.38,0.861,2.761,5.385,5.983,5.411,5.036,4.83,5.165,5.484,5.65,5.916,5.793,6.032,5.177,4.347,3.179,2.86,2.638,2.077,1.474,1.324,0.601,0.416,0.32,0.266,0.423,0.834,0.991,1.267,2.227,2.817,3.347,3.169,3.049,2.935,3.278,3.212,3.34,3.267,3.194,2.989,2.73,1.962,1.313,0.77,0.467,0.271,0.257,0.403,1.045,2.101,2.419,2.48,2.909,3.405,4.017,4.321,4.334,4.749,4.696,4.482,4.858,5.325,3.279,2.844,2.802,2.297,1.642,1.079,0.655,0.516,0.372,0.323,0.595,1.01,1.539,2.133,3.054,3.914,4.734,5.167,4.952,4.461,4.348,4.38,4.49,4.046,3.463,3.005,2.8,2.673,2.584,1.386,0.938,0.701,0.513,0.454,0.602,0.965,1.24,1.769,2.404,3.28,3.886,4.299,4.86,4.871,4.994,4.933,4.794,4.392,3.341,2.839,2.55,1.64,1.009,0.539,0.317,0.213,0.328,0.81,2.875,5.636,6.656,5.907,5.063,4.365,4.513,4.933,4.659,4.997,5.748,6.674,5.937,4.171,2.984,2.399,2.051,1.431,0.955
691,0.633,0.422,0.32,0.38,0.861,2.761,5.385,5.983,5.411,5.036,4.83,5.165,5.484,5.65,5.916,5.793,6.032,5.177,4.347,3.179,2.86,2.638,2.077,1.474,1.324,0.601,0.416,0.32,0.266,0.423,0.834,0.991,1.267,2.227,2.817,3.347,3.169,3.049,2.935,3.278,3.212,3.34,3.267,3.194,2.989,2.73,1.962,1.313,0.77,0.467,0.271,0.257,0.403,1.045,2.101,2.419,2.48,2.909,3.405,4.017,4.321,4.334,4.749,4.696,4.482,4.858,5.325,3.279,2.844,2.802,2.297,1.642,1.079,0.655,0.516,0.372,0.323,0.595,1.01,1.539,2.133,3.054,3.914,4.734,5.167,4.952,4.461,4.348,4.38,4.49,4.046,3.463,3.005,2.8,2.673,2.584,1.386,0.938,0.701,0.513,0.454,0.602,0.965,1.24,1.769,2.404,3.28,3.886,4.299,4.86,4.871,4.994,4.933,4.794,4.392,3.341,2.839,2.55,1.64,1.009,0.539,0.317,0.213,0.328,0.81,2.875,5.636,6.656,5.907,5.063,4.365,4.513,4.933,4.659,4.997,5.748,6.674,5.937,4.171,2.984,2.399,2.051,1.431,0.955,0.569,0.317,0.254,0.352,0.843,3.058,5.917,6.649,6.075,5.32,4.493,4.934,4.98,4.837,5.024,5.756,6.731,5.922,4.74,3.162,2.676,2.378,1.532,0.946
692,1.324,0.601,0.416,0.32,0.266,0.423,0.834,0.991,1.267,2.227,2.817,3.347,3.169,3.049,2.935,3.278,3.212,3.34,3.267,3.194,2.989,2.73,1.962,1.313,0.77,0.467,0.271,0.257,0.403,1.045,2.101,2.419,2.48,2.909,3.405,4.017,4.321,4.334,4.749,4.696,4.482,4.858,5.325,3.279,2.844,2.802,2.297,1.642,1.079,0.655,0.516,0.372,0.323,0.595,1.01,1.539,2.133,3.054,3.914,4.734,5.167,4.952,4.461,4.348,4.38,4.49,4.046,3.463,3.005,2.8,2.673,2.584,1.386,0.938,0.701,0.513,0.454,0.602,0.965,1.24,1.769,2.404,3.28,3.886,4.299,4.86,4.871,4.994,4.933,4.794,4.392,3.341,2.839,2.55,1.64,1.009,0.539,0.317,0.213,0.328,0.81,2.875,5.636,6.656,5.907,5.063,4.365,4.513,4.933,4.659,4.997,5.748,6.674,5.937,4.171,2.984,2.399,2.051,1.431,0.955,0.569,0.317,0.254,0.352,0.843,3.058,5.917,6.649,6.075,5.32,4.493,4.934,4.98,4.837,5.024,5.756,6.731,5.922,4.74,3.162,2.676,2.378,1.532,0.946,0.552,0.31,0.274,0.376,0.883,3.034,5.956,6.624,6.02,5.331,4.69,4.77,4.982,4.983,5.223,5.862,6.685,6.347,4.914,3.716,2.859,2.491,1.78,2.859
693,0.77,0.467,0.271,0.257,0.403,1.045,2.101,2.419,2.48,2.909,3.405,4.017,4.321,4.334,4.749,4.696,4.482,4.858,5.325,3.279,2.844,2.802,2.297,1.642,1.079,0.655,0.516,0.372,0.323,0.595,1.01,1.539,2.133,3.054,3.914,4.734,5.167,4.952,4.461,4.348,4.38,4.49,4.046,3.463,3.005,2.8,2.673,2.584,1.386,0.938,0.701,0.513,0.454,0.602,0.965,1.24,1.769,2.404,3.28,3.886,4.299,4.86,4.871,4.994,4.933,4.794,4.392,3.341,2.839,2.55,1.64,1.009,0.539,0.317,0.213,0.328,0.81,2.875,5.636,6.656,5.907,5.063,4.365,4.513,4.933,4.659,4.997,5.748,6.674,5.937,4.171,2.984,2.399,2.051,1.431,0.955,0.569,0.317,0.254,0.352,0.843,3.058,5.917,6.649,6.075,5.32,4.493,4.934,4.98,4.837,5.024,5.756,6.731,5.922,4.74,3.162,2.676,2.378,1.532,0.946,0.552,0.31,0.274,0.376,0.883,3.034,5.956,6.624,6.02,5.331,4.69,4.77,4.982,4.983,5.223,5.862,6.685,6.347,4.914,3.716,2.859,2.491,1.78,2.859,0.732,0.401,0.284,0.395,0.926,2.967,5.862,6.44,5.819,5.518,4.643,5.089,5.069,5.138,5.338,5.7,6.605,6.241,4.668,3.377,3.106,3.619,2.969,1.383
694,1.079,0.655,0.516,0.372,0.323,0.595,1.01,1.539,2.133,3.054,3.914,4.734,5.167,4.952,4.461,4.348,4.38,4.49,4.046,3.463,3.005,2.8,2.673,2.584,1.386,0.938,0.701,0.513,0.454,0.602,0.965,1.24,1.769,2.404,3.28,3.886,4.299,4.86,4.871,4.994,4.933,4.794,4.392,3.341,2.839,2.55,1.64,1.009,0.539,0.317,0.213,0.328,0.81,2.875,5.636,6.656,5.907,5.063,4.365,4.513,4.933,4.659,4.997,5.748,6.674,5.937,4.171,2.984,2.399,2.051,1.431,0.955,0.569,0.317,0.254,0.352,0.843,3.058,5.917,6.649,6.075,5.32,4.493,4.934,4.98,4.837,5.024,5.756,6.731,5.922,4.74,3.162,2.676,2.378,1.532,0.946,0.552,0.31,0.274,0.376,0.883,3.034,5.956,6.624,6.02,5.331,4.69,4.77,4.982,4.983,5.223,5.862,6.685,6.347,4.914,3.716,2.859,2.491,1.78,2.859,0.732,0.401,0.284,0.395,0.926,2.967,5.862,6.44,5.819,5.518,4.643,5.089,5.069,5.138,5.338,5.7,6.605,6.241,4.668,3.377,3.106,3.619,2.969,1.383,0.721,0.431,0.291,0.42,0.83,2.873,5.65,6.708,5.772,5.335,4.881,5.187,5.421,5.565,5.711,6.284,6.468,6.0,5.037,4.086,3.48,3.043,3.054,3.604
695,1.386,0.938,0.701,0.513,0.454,0.602,0.965,1.24,1.769,2.404,3.28,3.886,4.299,4.86,4.871,4.994,4.933,4.794,4.392,3.341,2.839,2.55,1.64,1.009,0.539,0.317,0.213,0.328,0.81,2.875,5.636,6.656,5.907,5.063,4.365,4.513,4.933,4.659,4.997,5.748,6.674,5.937,4.171,2.984,2.399,2.051,1.431,0.955,0.569,0.317,0.254,0.352,0.843,3.058,5.917,6.649,6.075,5.32,4.493,4.934,4.98,4.837,5.024,5.756,6.731,5.922,4.74,3.162,2.676,2.378,1.532,0.946,0.552,0.31,0.274,0.376,0.883,3.034,5.956,6.624,6.02,5.331,4.69,4.77,4.982,4.983,5.223,5.862,6.685,6.347,4.914,3.716,2.859,2.491,1.78,2.859,0.732,0.401,0.284,0.395,0.926,2.967,5.862,6.44,5.819,5.518,4.643,5.089,5.069,5.138,5.338,5.7,6.605,6.241,4.668,3.377,3.106,3.619,2.969,1.383,0.721,0.431,0.291,0.42,0.83,2.873,5.65,6.708,5.772,5.335,4.881,5.187,5.421,5.565,5.711,6.284,6.468,6.0,5.037,4.086,3.48,3.043,3.054,3.604,1.479,0.866,0.635,0.489,0.539,0.978,1.666,2.386,3.343,4.112,4.562,5.055,5.441,5.516,5.177,5.477,5.397,5.838,5.49,4.14,4.032,3.182,2.623,1.939
696,0.539,0.317,0.213,0.328,0.81,2.875,5.636,6.656,5.907,5.063,4.365,4.513,4.933,4.659,4.997,5.748,6.674,5.937,4.171,2.984,2.399,2.051,1.431,0.955,0.569,0.317,0.254,0.352,0.843,3.058,5.917,6.649,6.075,5.32,4.493,4.934,4.98,4.837,5.024,5.756,6.731,5.922,4.74,3.162,2.676,2.378,1.532,0.946,0.552,0.31,0.274,0.376,0.883,3.034,5.956,6.624,6.02,5.331,4.69,4.77,4.982,4.983,5.223,5.862,6.685,6.347,4.914,3.716,2.859,2.491,1.78,2.859,0.732,0.401,0.284,0.395,0.926,2.967,5.862,6.44,5.819,5.518,4.643,5.089,5.069,5.138,5.338,5.7,6.605,6.241,4.668,3.377,3.106,3.619,2.969,1.383,0.721,0.431,0.291,0.42,0.83,2.873,5.65,6.708,5.772,5.335,4.881,5.187,5.421,5.565,5.711,6.284,6.468,6.0,5.037,4.086,3.48,3.043,3.054,3.604,1.479,0.866,0.635,0.489,0.539,0.978,1.666,2.386,3.343,4.112,4.562,5.055,5.441,5.516,5.177,5.477,5.397,5.838,5.49,4.14,4.032,3.182,2.623,1.939,1.274,0.705,0.577,0.343,0.289,0.476,0.813,1.131,1.936,2.831,3.515,4.113,4.235,4.516,4.383,4.892,4.962,5.014,4.035,2.993,2.533,2.135,1.782,1.105
697,0.569,0.317,0.254,0.352,0.843,3.058,5.917,6.649,6.075,5.32,4.493,4.934,4.98,4.837,5.024,5.756,6.731,5.922,4.74,3.162,2.676,2.378,1.532,0.946,0.552,0.31,0.274,0.376,0.883,3.034,5.956,6.624,6.02,5.331,4.69,4.77,4.982,4.983,5.223,5.862,6.685,6.347,4.914,3.716,2.859,2.491,1.78,2.859,0.732,0.401,0.284,0.395,0.926,2.967,5.862,6.44,5.819,5.518,4.643,5.089,5.069,5.138,5.338,5.7,6.605,6.241,4.668,3.377,3.106,3.619,2.969,1.383,0.721,0.431,0.291,0.42,0.83,2.873,5.65,6.708,5.772,5.335,4.881,5.187,5.421,5.565,5.711,6.284,6.468,6.0,5.037,4.086,3.48,3.043,3.054,3.604,1.479,0.866,0.635,0.489,0.539,0.978,1.666,2.386,3.343,4.112,4.562,5.055,5.441,5.516,5.177,5.477,5.397,5.838,5.49,4.14,4.032,3.182,2.623,1.939,1.274,0.705,0.577,0.343,0.289,0.476,0.813,1.131,1.936,2.831,3.515,4.113,4.235,4.516,4.383,4.892,4.962,5.014,4.035,2.993,2.533,2.135,1.782,1.105,0.573,0.358,0.247,0.407,0.915,2.938,5.369,5.056,5.454,5.173,4.647,4.641,4.705,5.004,5.165,5.666,6.533,5.912,4.378,3.092,2.556,2.15,1.653,1.763
698,0.552,0.31,0.274,0.376,0.883,3.034,5.956,6.624,6.02,5.331,4.69,4.77,4.982,4.983,5.223,5.862,6.685,6.347,4.914,3.716,2.859,2.491,1.78,2.859,0.732,0.401,0.284,0.395,0.926,2.967,5.862,6.44,5.819,5.518,4.643,5.089,5.069,5.138,5.338,5.7,6.605,6.241,4.668,3.377,3.106,3.619,2.969,1.383,0.721,0.431,0.291,0.42,0.83,2.873,5.65,6.708,5.772,5.335,4.881,5.187,5.421,5.565,5.711,6.284,6.468,6.0,5.037,4.086,3.48,3.043,3.054,3.604,1.479,0.866,0.635,0.489,0.539,0.978,1.666,2.386,3.343,4.112,4.562,5.055,5.441,5.516,5.177,5.477,5.397,5.838,5.49,4.14,4.032,3.182,2.623,1.939,1.274,0.705,0.577,0.343,0.289,0.476,0.813,1.131,1.936,2.831,3.515,4.113,4.235,4.516,4.383,4.892,4.962,5.014,4.035,2.993,2.533,2.135,1.782,1.105,0.573,0.358,0.247,0.407,0.915,2.938,5.369,5.056,5.454,5.173,4.647,4.641,4.705,5.004,5.165,5.666,6.533,5.912,4.378,3.092,2.556,2.15,1.653,1.763,0.693,0.327,0.278,0.394,0.853,2.637,3.657,2.334,2.16,2.578,3.706,3.683,3.991,4.158,4.383,0.0,0.0,0.0,3.936,2.924,2.447,2.278,1.555,1.014
699,0.732,0.401,0.284,0.395,0.926,2.967,5.862,6.44,5.819,5.518,4.643,5.089,5.069,5.138,5.338,5.7,6.605,6.241,4.668,3.377,3.106,3.619,2.969,1.383,0.721,0.431,0.291,0.42,0.83,2.873,5.65,6.708,5.772,5.335,4.881,5.187,5.421,5.565,5.711,6.284,6.468,6.0,5.037,4.086,3.48,3.043,3.054,3.604,1.479,0.866,0.635,0.489,0.539,0.978,1.666,2.386,3.343,4.112,4.562,5.055,5.441,5.516,5.177,5.477,5.397,5.838,5.49,4.14,4.032,3.182,2.623,1.939,1.274,0.705,0.577,0.343,0.289,0.476,0.813,1.131,1.936,2.831,3.515,4.113,4.235,4.516,4.383,4.892,4.962,5.014,4.035,2.993,2.533,2.135,1.782,1.105,0.573,0.358,0.247,0.407,0.915,2.938,5.369,5.056,5.454,5.173,4.647,4.641,4.705,5.004,5.165,5.666,6.533,5.912,4.378,3.092,2.556,2.15,1.653,1.763,0.693,0.327,0.278,0.394,0.853,2.637,3.657,2.334,2.16,2.578,3.706,3.683,3.991,4.158,4.383,0.0,0.0,0.0,3.936,2.924,2.447,2.278,1.555,1.014,0.744,0.585,0.409,0.534,1.072,3.067,5.48,5.255,5.113,5.485,4.772,4.861,4.983,5.073,5.155,5.48,5.729,5.196,4.144,3.061,2.753,2.449,1.652,1.093
700,0.721,0.431,0.291,0.42,0.83,2.873,5.65,6.708,5.772,5.335,4.881,5.187,5.421,5.565,5.711,6.284,6.468,6.0,5.037,4.086,3.48,3.043,3.054,3.604,1.479,0.866,0.635,0.489,0.539,0.978,1.666,2.386,3.343,4.112,4.562,5.055,5.441,5.516,5.177,5.477,5.397,5.838,5.49,4.14,4.032,3.182,2.623,1.939,1.274,0.705,0.577,0.343,0.289,0.476,0.813,1.131,1.936,2.831,3.515,4.113,4.235,4.516,4.383,4.892,4.962,5.014,4.035,2.993,2.533,2.135,1.782,1.105,0.573,0.358,0.247,0.407,0.915,2.938,5.369,5.056,5.454,5.173,4.647,4.641,4.705,5.004,5.165,5.666,6.533,5.912,4.378,3.092,2.556,2.15,1.653,1.763,0.693,0.327,0.278,0.394,0.853,2.637,3.657,2.334,2.16,2.578,3.706,3.683,3.991,4.158,4.383,0.0,0.0,0.0,3.936,2.924,2.447,2.278,1.555,1.014,0.744,0.585,0.409,0.534,1.072,3.067,5.48,5.255,5.113,5.485,4.772,4.861,4.983,5.073,5.155,5.48,5.729,5.196,4.144,3.061,2.753,2.449,1.652,1.093,0.602,0.357,0.286,0.376,0.927,3.044,5.058,5.782,5.509,4.958,4.486,4.774,4.981,5.035,5.296,5.696,6.217,5.865,4.712,3.445,2.995,2.934,1.923,1.152
701,1.479,0.866,0.635,0.489,0.539,0.978,1.666,2.386,3.343,4.112,4.562,5.055,5.441,5.516,5.177,5.477,5.397,5.838,5.49,4.14,4.032,3.182,2.623,1.939,1.274,0.705,0.577,0.343,0.289,0.476,0.813,1.131,1.936,2.831,3.515,4.113,4.235,4.516,4.383,4.892,4.962,5.014,4.035,2.993,2.533,2.135,1.782,1.105,0.573,0.358,0.247,0.407,0.915,2.938,5.369,5.056,5.454,5.173,4.647,4.641,4.705,5.004,5.165,5.666,6.533,5.912,4.378,3.092,2.556,2.15,1.653,1.763,0.693,0.327,0.278,0.394,0.853,2.637,3.657,2.334,2.16,2.578,3.706,3.683,3.991,4.158,4.383,0.0,0.0,0.0,3.936,2.924,2.447,2.278,1.555,1.014,0.744,0.585,0.409,0.534,1.072,3.067,5.48,5.255,5.113,5.485,4.772,4.861,4.983,5.073,5.155,5.48,5.729,5.196,4.144,3.061,2.753,2.449,1.652,1.093,0.602,0.357,0.286,0.376,0.927,3.044,5.058,5.782,5.509,4.958,4.486,4.774,4.981,5.035,5.296,5.696,6.217,5.865,4.712,3.445,2.995,2.934,1.923,1.152,0.651,0.386,0.319,0.392,0.865,2.916,5.276,6.081,5.448,5.087,4.771,5.083,5.299,5.418,5.424,5.931,6.15,5.526,4.564,3.631,3.19,3.138,2.728,1.846
702,1.274,0.705,0.577,0.343,0.289,0.476,0.813,1.131,1.936,2.831,3.515,4.113,4.235,4.516,4.383,4.892,4.962,5.014,4.035,2.993,2.533,2.135,1.782,1.105,0.573,0.358,0.247,0.407,0.915,2.938,5.369,5.056,5.454,5.173,4.647,4.641,4.705,5.004,5.165,5.666,6.533,5.912,4.378,3.092,2.556,2.15,1.653,1.763,0.693,0.327,0.278,0.394,0.853,2.637,3.657,2.334,2.16,2.578,3.706,3.683,3.991,4.158,4.383,0.0,0.0,0.0,3.936,2.924,2.447,2.278,1.555,1.014,0.744,0.585,0.409,0.534,1.072,3.067,5.48,5.255,5.113,5.485,4.772,4.861,4.983,5.073,5.155,5.48,5.729,5.196,4.144,3.061,2.753,2.449,1.652,1.093,0.602,0.357,0.286,0.376,0.927,3.044,5.058,5.782,5.509,4.958,4.486,4.774,4.981,5.035,5.296,5.696,6.217,5.865,4.712,3.445,2.995,2.934,1.923,1.152,0.651,0.386,0.319,0.392,0.865,2.916,5.276,6.081,5.448,5.087,4.771,5.083,5.299,5.418,5.424,5.931,6.15,5.526,4.564,3.631,3.19,3.138,2.728,1.846,1.326,0.826,0.601,0.389,0.471,0.877,1.441,2.156,3.024,3.9,4.433,4.928,5.263,5.186,5.255,5.087,5.16,5.536,4.555,3.449,3.03,3.26,3.068,1.919
703,0.573,0.358,0.247,0.407,0.915,2.938,5.369,5.056,5.454,5.173,4.647,4.641,4.705,5.004,5.165,5.666,6.533,5.912,4.378,3.092,2.556,2.15,1.653,1.763,0.693,0.327,0.278,0.394,0.853,2.637,3.657,2.334,2.16,2.578,3.706,3.683,3.991,4.158,4.383,0.0,0.0,0.0,3.936,2.924,2.447,2.278,1.555,1.014,0.744,0.585,0.409,0.534,1.072,3.067,5.48,5.255,5.113,5.485,4.772,4.861,4.983,5.073,5.155,5.48,5.729,5.196,4.144,3.061,2.753,2.449,1.652,1.093,0.602,0.357,0.286,0.376,0.927,3.044,5.058,5.782,5.509,4.958,4.486,4.774,4.981,5.035,5.296,5.696,6.217,5.865,4.712,3.445,2.995,2.934,1.923,1.152,0.651,0.386,0.319,0.392,0.865,2.916,5.276,6.081,5.448,5.087,4.771,5.083,5.299,5.418,5.424,5.931,6.15,5.526,4.564,3.631,3.19,3.138,2.728,1.846,1.326,0.826,0.601,0.389,0.471,0.877,1.441,2.156,3.024,3.9,4.433,4.928,5.263,5.186,5.255,5.087,5.16,5.536,4.555,3.449,3.03,3.26,3.068,1.919,1.37,0.91,0.641,0.391,0.392,0.635,0.922,1.152,1.869,2.745,3.616,4.025,4.264,4.352,4.37,4.762,4.604,4.355,3.724,2.966,2.56,2.069,1.732,0.999
704,0.693,0.327,0.278,0.394,0.853,2.637,3.657,2.334,2.16,2.578,3.706,3.683,3.991,4.158,4.383,0.0,0.0,0.0,3.936,2.924,2.447,2.278,1.555,1.014,0.744,0.585,0.409,0.534,1.072,3.067,5.48,5.255,5.113,5.485,4.772,4.861,4.983,5.073,5.155,5.48,5.729,5.196,4.144,3.061,2.753,2.449,1.652,1.093,0.602,0.357,0.286,0.376,0.927,3.044,5.058,5.782,5.509,4.958,4.486,4.774,4.981,5.035,5.296,5.696,6.217,5.865,4.712,3.445,2.995,2.934,1.923,1.152,0.651,0.386,0.319,0.392,0.865,2.916,5.276,6.081,5.448,5.087,4.771,5.083,5.299,5.418,5.424,5.931,6.15,5.526,4.564,3.631,3.19,3.138,2.728,1.846,1.326,0.826,0.601,0.389,0.471,0.877,1.441,2.156,3.024,3.9,4.433,4.928,5.263,5.186,5.255,5.087,5.16,5.536,4.555,3.449,3.03,3.26,3.068,1.919,1.37,0.91,0.641,0.391,0.392,0.635,0.922,1.152,1.869,2.745,3.616,4.025,4.264,4.352,4.37,4.762,4.604,4.355,3.724,2.966,2.56,2.069,1.732,0.999,0.542,0.281,0.279,0.353,0.901,2.907,5.061,4.05,4.349,4.734,4.049,4.291,4.452,4.509,4.824,5.501,6.076,5.712,4.04,2.894,2.374,2.028,1.433,0.958
705,0.744,0.585,0.409,0.534,1.072,3.067,5.48,5.255,5.113,5.485,4.772,4.861,4.983,5.073,5.155,5.48,5.729,5.196,4.144,3.061,2.753,2.449,1.652,1.093,0.602,0.357,0.286,0.376,0.927,3.044,5.058,5.782,5.509,4.958,4.486,4.774,4.981,5.035,5.296,5.696,6.217,5.865,4.712,3.445,2.995,2.934,1.923,1.152,0.651,0.386,0.319,0.392,0.865,2.916,5.276,6.081,5.448,5.087,4.771,5.083,5.299,5.418,5.424,5.931,6.15,5.526,4.564,3.631,3.19,3.138,2.728,1.846,1.326,0.826,0.601,0.389,0.471,0.877,1.441,2.156,3.024,3.9,4.433,4.928,5.263,5.186,5.255,5.087,5.16,5.536,4.555,3.449,3.03,3.26,3.068,1.919,1.37,0.91,0.641,0.391,0.392,0.635,0.922,1.152,1.869,2.745,3.616,4.025,4.264,4.352,4.37,4.762,4.604,4.355,3.724,2.966,2.56,2.069,1.732,0.999,0.542,0.281,0.279,0.353,0.901,2.907,5.061,4.05,4.349,4.734,4.049,4.291,4.452,4.509,4.824,5.501,6.076,5.712,4.04,2.894,2.374,2.028,1.433,0.958,0.548,0.395,0.256,0.339,0.939,2.963,5.981,5.928,5.709,5.184,4.531,4.714,4.948,4.869,5.012,5.651,6.407,5.923,4.427,3.282,2.673,2.819,3.263,1.08
706,0.602,0.357,0.286,0.376,0.927,3.044,5.058,5.782,5.509,4.958,4.486,4.774,4.981,5.035,5.296,5.696,6.217,5.865,4.712,3.445,2.995,2.934,1.923,1.152,0.651,0.386,0.319,0.392,0.865,2.916,5.276,6.081,5.448,5.087,4.771,5.083,5.299,5.418,5.424,5.931,6.15,5.526,4.564,3.631,3.19,3.138,2.728,1.846,1.326,0.826,0.601,0.389,0.471,0.877,1.441,2.156,3.024,3.9,4.433,4.928,5.263,5.186,5.255,5.087,5.16,5.536,4.555,3.449,3.03,3.26,3.068,1.919,1.37,0.91,0.641,0.391,0.392,0.635,0.922,1.152,1.869,2.745,3.616,4.025,4.264,4.352,4.37,4.762,4.604,4.355,3.724,2.966,2.56,2.069,1.732,0.999,0.542,0.281,0.279,0.353,0.901,2.907,5.061,4.05,4.349,4.734,4.049,4.291,4.452,4.509,4.824,5.501,6.076,5.712,4.04,2.894,2.374,2.028,1.433,0.958,0.548,0.395,0.256,0.339,0.939,2.963,5.981,5.928,5.709,5.184,4.531,4.714,4.948,4.869,5.012,5.651,6.407,5.923,4.427,3.282,2.673,2.819,3.263,1.08,0.641,0.391,0.268,0.395,0.912,3.108,5.91,6.025,4.696,5.179,4.347,4.501,4.787,4.943,5.049,5.642,6.621,6.0,4.37,3.139,2.777,2.369,1.889,1.168
707,0.651,0.386,0.319,0.392,0.865,2.916,5.276,6.081,5.448,5.087,4.771,5.083,5.299,5.418,5.424,5.931,6.15,5.526,4.564,3.631,3.19,3.138,2.728,1.846,1.326,0.826,0.601,0.389,0.471,0.877,1.441,2.156,3.024,3.9,4.433,4.928,5.263,5.186,5.255,5.087,5.16,5.536,4.555,3.449,3.03,3.26,3.068,1.919,1.37,0.91,0.641,0.391,0.392,0.635,0.922,1.152,1.869,2.745,3.616,4.025,4.264,4.352,4.37,4.762,4.604,4.355,3.724,2.966,2.56,2.069,1.732,0.999,0.542,0.281,0.279,0.353,0.901,2.907,5.061,4.05,4.349,4.734,4.049,4.291,4.452,4.509,4.824,5.501,6.076,5.712,4.04,2.894,2.374,2.028,1.433,0.958,0.548,0.395,0.256,0.339,0.939,2.963,5.981,5.928,5.709,5.184,4.531,4.714,4.948,4.869,5.012,5.651,6.407,5.923,4.427,3.282,2.673,2.819,3.263,1.08,0.641,0.391,0.268,0.395,0.912,3.108,5.91,6.025,4.696,5.179,4.347,4.501,4.787,4.943,5.049,5.642,6.621,6.0,4.37,3.139,2.777,2.369,1.889,1.168,0.571,0.392,0.298,0.372,0.908,2.93,5.808,6.252,5.573,5.36,4.607,4.881,5.058,5.019,5.43,5.897,6.757,6.042,4.672,3.397,3.055,3.558,3.433,1.68
708,1.326,0.826,0.601,0.389,0.471,0.877,1.441,2.156,3.024,3.9,4.433,4.928,5.263,5.186,5.255,5.087,5.16,5.536,4.555,3.449,3.03,3.26,3.068,1.919,1.37,0.91,0.641,0.391,0.392,0.635,0.922,1.152,1.869,2.745,3.616,4.025,4.264,4.352,4.37,4.762,4.604,4.355,3.724,2.966,2.56,2.069,1.732,0.999,0.542,0.281,0.279,0.353,0.901,2.907,5.061,4.05,4.349,4.734,4.049,4.291,4.452,4.509,4.824,5.501,6.076,5.712,4.04,2.894,2.374,2.028,1.433,0.958,0.548,0.395,0.256,0.339,0.939,2.963,5.981,5.928,5.709,5.184,4.531,4.714,4.948,4.869,5.012,5.651,6.407,5.923,4.427,3.282,2.673,2.819,3.263,1.08,0.641,0.391,0.268,0.395,0.912,3.108,5.91,6.025,4.696,5.179,4.347,4.501,4.787,4.943,5.049,5.642,6.621,6.0,4.37,3.139,2.777,2.369,1.889,1.168,0.571,0.392,0.298,0.372,0.908,2.93,5.808,6.252,5.573,5.36,4.607,4.881,5.058,5.019,5.43,5.897,6.757,6.042,4.672,3.397,3.055,3.558,3.433,1.68,0.803,0.49,0.358,0.387,0.836,2.773,5.506,6.307,5.6,5.222,4.949,5.342,5.368,5.386,5.672,6.048,6.669,5.666,4.776,3.55,2.849,2.866,2.554,1.814
709,1.37,0.91,0.641,0.391,0.392,0.635,0.922,1.152,1.869,2.745,3.616,4.025,4.264,4.352,4.37,4.762,4.604,4.355,3.724,2.966,2.56,2.069,1.732,0.999,0.542,0.281,0.279,0.353,0.901,2.907,5.061,4.05,4.349,4.734,4.049,4.291,4.452,4.509,4.824,5.501,6.076,5.712,4.04,2.894,2.374,2.028,1.433,0.958,0.548,0.395,0.256,0.339,0.939,2.963,5.981,5.928,5.709,5.184,4.531,4.714,4.948,4.869,5.012,5.651,6.407,5.923,4.427,3.282,2.673,2.819,3.263,1.08,0.641,0.391,0.268,0.395,0.912,3.108,5.91,6.025,4.696,5.179,4.347,4.501,4.787,4.943,5.049,5.642,6.621,6.0,4.37,3.139,2.777,2.369,1.889,1.168,0.571,0.392,0.298,0.372,0.908,2.93,5.808,6.252,5.573,5.36,4.607,4.881,5.058,5.019,5.43,5.897,6.757,6.042,4.672,3.397,3.055,3.558,3.433,1.68,0.803,0.49,0.358,0.387,0.836,2.773,5.506,6.307,5.6,5.222,4.949,5.342,5.368,5.386,5.672,6.048,6.669,5.666,4.776,3.55,2.849,2.866,2.554,1.814,1.275,0.817,0.646,0.413,0.441,0.798,1.294,1.812,2.603,3.44,3.96,4.303,4.806,4.743,4.893,5.448,6.122,5.088,4.6,3.512,3.143,3.003,3.02,2.166
710,0.542,0.281,0.279,0.353,0.901,2.907,5.061,4.05,4.349,4.734,4.049,4.291,4.452,4.509,4.824,5.501,6.076,5.712,4.04,2.894,2.374,2.028,1.433,0.958,0.548,0.395,0.256,0.339,0.939,2.963,5.981,5.928,5.709,5.184,4.531,4.714,4.948,4.869,5.012,5.651,6.407,5.923,4.427,3.282,2.673,2.819,3.263,1.08,0.641,0.391,0.268,0.395,0.912,3.108,5.91,6.025,4.696,5.179,4.347,4.501,4.787,4.943,5.049,5.642,6.621,6.0,4.37,3.139,2.777,2.369,1.889,1.168,0.571,0.392,0.298,0.372,0.908,2.93,5.808,6.252,5.573,5.36,4.607,4.881,5.058,5.019,5.43,5.897,6.757,6.042,4.672,3.397,3.055,3.558,3.433,1.68,0.803,0.49,0.358,0.387,0.836,2.773,5.506,6.307,5.6,5.222,4.949,5.342,5.368,5.386,5.672,6.048,6.669,5.666,4.776,3.55,2.849,2.866,2.554,1.814,1.275,0.817,0.646,0.413,0.441,0.798,1.294,1.812,2.603,3.44,3.96,4.303,4.806,4.743,4.893,5.448,6.122,5.088,4.6,3.512,3.143,3.003,3.02,2.166,1.23,0.759,0.557,0.391,0.32,0.501,0.931,1.283,1.994,3.246,4.399,3.996,4.084,3.977,4.015,4.255,4.493,4.183,3.558,2.892,2.486,2.061,1.692,0.979
711,0.548,0.395,0.256,0.339,0.939,2.963,5.981,5.928,5.709,5.184,4.531,4.714,4.948,4.869,5.012,5.651,6.407,5.923,4.427,3.282,2.673,2.819,3.263,1.08,0.641,0.391,0.268,0.395,0.912,3.108,5.91,6.025,4.696,5.179,4.347,4.501,4.787,4.943,5.049,5.642,6.621,6.0,4.37,3.139,2.777,2.369,1.889,1.168,0.571,0.392,0.298,0.372,0.908,2.93,5.808,6.252,5.573,5.36,4.607,4.881,5.058,5.019,5.43,5.897,6.757,6.042,4.672,3.397,3.055,3.558,3.433,1.68,0.803,0.49,0.358,0.387,0.836,2.773,5.506,6.307,5.6,5.222,4.949,5.342,5.368,5.386,5.672,6.048,6.669,5.666,4.776,3.55,2.849,2.866,2.554,1.814,1.275,0.817,0.646,0.413,0.441,0.798,1.294,1.812,2.603,3.44,3.96,4.303,4.806,4.743,4.893,5.448,6.122,5.088,4.6,3.512,3.143,3.003,3.02,2.166,1.23,0.759,0.557,0.391,0.32,0.501,0.931,1.283,1.994,3.246,4.399,3.996,4.084,3.977,4.015,4.255,4.493,4.183,3.558,2.892,2.486,2.061,1.692,0.979,0.53,0.31,0.26,0.332,0.905,2.852,5.448,6.198,5.039,4.901,4.496,4.542,4.86,4.802,5.185,5.859,6.502,6.009,4.434,3.065,2.397,2.125,1.56,1.062
712,0.641,0.391,0.268,0.395,0.912,3.108,5.91,6.025,4.696,5.179,4.347,4.501,4.787,4.943,5.049,5.642,6.621,6.0,4.37,3.139,2.777,2.369,1.889,1.168,0.571,0.392,0.298,0.372,0.908,2.93,5.808,6.252,5.573,5.36,4.607,4.881,5.058,5.019,5.43,5.897,6.757,6.042,4.672,3.397,3.055,3.558,3.433,1.68,0.803,0.49,0.358,0.387,0.836,2.773,5.506,6.307,5.6,5.222,4.949,5.342,5.368,5.386,5.672,6.048,6.669,5.666,4.776,3.55,2.849,2.866,2.554,1.814,1.275,0.817,0.646,0.413,0.441,0.798,1.294,1.812,2.603,3.44,3.96,4.303,4.806,4.743,4.893,5.448,6.122,5.088,4.6,3.512,3.143,3.003,3.02,2.166,1.23,0.759,0.557,0.391,0.32,0.501,0.931,1.283,1.994,3.246,4.399,3.996,4.084,3.977,4.015,4.255,4.493,4.183,3.558,2.892,2.486,2.061,1.692,0.979,0.53,0.31,0.26,0.332,0.905,2.852,5.448,6.198,5.039,4.901,4.496,4.542,4.86,4.802,5.185,5.859,6.502,6.009,4.434,3.065,2.397,2.125,1.56,1.062,0.591,0.371,0.278,0.359,0.869,2.977,5.784,6.291,5.791,5.121,4.727,4.976,5.123,4.997,5.385,5.847,6.677,5.962,4.381,3.323,2.794,2.461,1.911,1.146
713,0.571,0.392,0.298,0.372,0.908,2.93,5.808,6.252,5.573,5.36,4.607,4.881,5.058,5.019,5.43,5.897,6.757,6.042,4.672,3.397,3.055,3.558,3.433,1.68,0.803,0.49,0.358,0.387,0.836,2.773,5.506,6.307,5.6,5.222,4.949,5.342,5.368,5.386,5.672,6.048,6.669,5.666,4.776,3.55,2.849,2.866,2.554,1.814,1.275,0.817,0.646,0.413,0.441,0.798,1.294,1.812,2.603,3.44,3.96,4.303,4.806,4.743,4.893,5.448,6.122,5.088,4.6,3.512,3.143,3.003,3.02,2.166,1.23,0.759,0.557,0.391,0.32,0.501,0.931,1.283,1.994,3.246,4.399,3.996,4.084,3.977,4.015,4.255,4.493,4.183,3.558,2.892,2.486,2.061,1.692,0.979,0.53,0.31,0.26,0.332,0.905,2.852,5.448,6.198,5.039,4.901,4.496,4.542,4.86,4.802,5.185,5.859,6.502,6.009,4.434,3.065,2.397,2.125,1.56,1.062,0.591,0.371,0.278,0.359,0.869,2.977,5.784,6.291,5.791,5.121,4.727,4.976,5.123,4.997,5.385,5.847,6.677,5.962,4.381,3.323,2.794,2.461,1.911,1.146,0.635,0.418,0.306,0.379,0.905,2.952,5.834,6.546,5.694,5.372,4.902,5.092,5.09,4.769,5.026,5.549,6.372,5.634,4.366,3.259,2.648,2.533,1.915,1.204
714,0.803,0.49,0.358,0.387,0.836,2.773,5.506,6.307,5.6,5.222,4.949,5.342,5.368,5.386,5.672,6.048,6.669,5.666,4.776,3.55,2.849,2.866,2.554,1.814,1.275,0.817,0.646,0.413,0.441,0.798,1.294,1.812,2.603,3.44,3.96,4.303,4.806,4.743,4.893,5.448,6.122,5.088,4.6,3.512,3.143,3.003,3.02,2.166,1.23,0.759,0.557,0.391,0.32,0.501,0.931,1.283,1.994,3.246,4.399,3.996,4.084,3.977,4.015,4.255,4.493,4.183,3.558,2.892,2.486,2.061,1.692,0.979,0.53,0.31,0.26,0.332,0.905,2.852,5.448,6.198,5.039,4.901,4.496,4.542,4.86,4.802,5.185,5.859,6.502,6.009,4.434,3.065,2.397,2.125,1.56,1.062,0.591,0.371,0.278,0.359,0.869,2.977,5.784,6.291,5.791,5.121,4.727,4.976,5.123,4.997,5.385,5.847,6.677,5.962,4.381,3.323,2.794,2.461,1.911,1.146,0.635,0.418,0.306,0.379,0.905,2.952,5.834,6.546,5.694,5.372,4.902,5.092,5.09,4.769,5.026,5.549,6.372,5.634,4.366,3.259,2.648,2.533,1.915,1.204,0.621,0.393,0.281,0.382,0.901,2.863,5.512,5.878,5.31,4.975,4.792,4.936,5.14,5.137,5.493,5.903,6.551,5.926,4.535,3.242,2.884,2.773,2.294,1.45
715,1.275,0.817,0.646,0.413,0.441,0.798,1.294,1.812,2.603,3.44,3.96,4.303,4.806,4.743,4.893,5.448,6.122,5.088,4.6,3.512,3.143,3.003,3.02,2.166,1.23,0.759,0.557,0.391,0.32,0.501,0.931,1.283,1.994,3.246,4.399,3.996,4.084,3.977,4.015,4.255,4.493,4.183,3.558,2.892,2.486,2.061,1.692,0.979,0.53,0.31,0.26,0.332,0.905,2.852,5.448,6.198,5.039,4.901,4.496,4.542,4.86,4.802,5.185,5.859,6.502,6.009,4.434,3.065,2.397,2.125,1.56,1.062,0.591,0.371,0.278,0.359,0.869,2.977,5.784,6.291,5.791,5.121,4.727,4.976,5.123,4.997,5.385,5.847,6.677,5.962,4.381,3.323,2.794,2.461,1.911,1.146,0.635,0.418,0.306,0.379,0.905,2.952,5.834,6.546,5.694,5.372,4.902,5.092,5.09,4.769,5.026,5.549,6.372,5.634,4.366,3.259,2.648,2.533,1.915,1.204,0.621,0.393,0.281,0.382,0.901,2.863,5.512,5.878,5.31,4.975,4.792,4.936,5.14,5.137,5.493,5.903,6.551,5.926,4.535,3.242,2.884,2.773,2.294,1.45,0.771,0.474,0.329,0.382,0.767,2.429,4.378,4.955,4.509,4.515,4.593,5.139,5.447,5.349,5.581,5.51,5.346,4.871,4.105,3.464,2.972,3.096,2.584,1.779
716,1.23,0.759,0.557,0.391,0.32,0.501,0.931,1.283,1.994,3.246,4.399,3.996,4.084,3.977,4.015,4.255,4.493,4.183,3.558,2.892,2.486,2.061,1.692,0.979,0.53,0.31,0.26,0.332,0.905,2.852,5.448,6.198,5.039,4.901,4.496,4.542,4.86,4.802,5.185,5.859,6.502,6.009,4.434,3.065,2.397,2.125,1.56,1.062,0.591,0.371,0.278,0.359,0.869,2.977,5.784,6.291,5.791,5.121,4.727,4.976,5.123,4.997,5.385,5.847,6.677,5.962,4.381,3.323,2.794,2.461,1.911,1.146,0.635,0.418,0.306,0.379,0.905,2.952,5.834,6.546,5.694,5.372,4.902,5.092,5.09,4.769,5.026,5.549,6.372,5.634,4.366,3.259,2.648,2.533,1.915,1.204,0.621,0.393,0.281,0.382,0.901,2.863,5.512,5.878,5.31,4.975,4.792,4.936,5.14,5.137,5.493,5.903,6.551,5.926,4.535,3.242,2.884,2.773,2.294,1.45,0.771,0.474,0.329,0.382,0.767,2.429,4.378,4.955,4.509,4.515,4.593,5.139,5.447,5.349,5.581,5.51,5.346,4.871,4.105,3.464,2.972,3.096,2.584,1.779,1.141,0.698,0.0,0.391,0.359,0.596,1.016,1.39,2.008,2.819,3.375,4.002,4.175,4.475,4.305,4.107,4.144,3.994,3.532,2.949,2.42,2.449,2.372,1.84
717,0.53,0.31,0.26,0.332,0.905,2.852,5.448,6.198,5.039,4.901,4.496,4.542,4.86,4.802,5.185,5.859,6.502,6.009,4.434,3.065,2.397,2.125,1.56,1.062,0.591,0.371,0.278,0.359,0.869,2.977,5.784,6.291,5.791,5.121,4.727,4.976,5.123,4.997,5.385,5.847,6.677,5.962,4.381,3.323,2.794,2.461,1.911,1.146,0.635,0.418,0.306,0.379,0.905,2.952,5.834,6.546,5.694,5.372,4.902,5.092,5.09,4.769,5.026,5.549,6.372,5.634,4.366,3.259,2.648,2.533,1.915,1.204,0.621,0.393,0.281,0.382,0.901,2.863,5.512,5.878,5.31,4.975,4.792,4.936,5.14,5.137,5.493,5.903,6.551,5.926,4.535,3.242,2.884,2.773,2.294,1.45,0.771,0.474,0.329,0.382,0.767,2.429,4.378,4.955,4.509,4.515,4.593,5.139,5.447,5.349,5.581,5.51,5.346,4.871,4.105,3.464,2.972,3.096,2.584,1.779,1.141,0.698,0.0,0.391,0.359,0.596,1.016,1.39,2.008,2.819,3.375,4.002,4.175,4.475,4.305,4.107,4.144,3.994,3.532,2.949,2.42,2.449,2.372,1.84,1.147,0.963,0.861,0.374,0.303,0.529,0.839,0.964,1.477,2.25,2.929,3.2,3.698,3.4,3.694,3.851,3.529,3.196,2.549,2.339,2.46,2.576,2.3,1.565
718,0.591,0.371,0.278,0.359,0.869,2.977,5.784,6.291,5.791,5.121,4.727,4.976,5.123,4.997,5.385,5.847,6.677,5.962,4.381,3.323,2.794,2.461,1.911,1.146,0.635,0.418,0.306,0.379,0.905,2.952,5.834,6.546,5.694,5.372,4.902,5.092,5.09,4.769,5.026,5.549,6.372,5.634,4.366,3.259,2.648,2.533,1.915,1.204,0.621,0.393,0.281,0.382,0.901,2.863,5.512,5.878,5.31,4.975,4.792,4.936,5.14,5.137,5.493,5.903,6.551,5.926,4.535,3.242,2.884,2.773,2.294,1.45,0.771,0.474,0.329,0.382,0.767,2.429,4.378,4.955,4.509,4.515,4.593,5.139,5.447,5.349,5.581,5.51,5.346,4.871,4.105,3.464,2.972,3.096,2.584,1.779,1.141,0.698,0.0,0.391,0.359,0.596,1.016,1.39,2.008,2.819,3.375,4.002,4.175,4.475,4.305,4.107,4.144,3.994,3.532,2.949,2.42,2.449,2.372,1.84,1.147,0.963,0.861,0.374,0.303,0.529,0.839,0.964,1.477,2.25,2.929,3.2,3.698,3.4,3.694,3.851,3.529,3.196,2.549,2.339,2.46,2.576,2.3,1.565,1.092,0.666,0.487,0.349,0.339,0.52,0.798,0.942,1.26,1.76,2.292,2.653,2.957,2.983,2.85,2.732,3.045,3.134,3.172,3.1,2.875,2.404,1.798,1.147
719,0.635,0.418,0.306,0.379,0.905,2.952,5.834,6.546,5.694,5.372,4.902,5.092,5.09,4.769,5.026,5.549,6.372,5.634,4.366,3.259,2.648,2.533,1.915,1.204,0.621,0.393,0.281,0.382,0.901,2.863,5.512,5.878,5.31,4.975,4.792,4.936,5.14,5.137,5.493,5.903,6.551,5.926,4.535,3.242,2.884,2.773,2.294,1.45,0.771,0.474,0.329,0.382,0.767,2.429,4.378,4.955,4.509,4.515,4.593,5.139,5.447,5.349,5.581,5.51,5.346,4.871,4.105,3.464,2.972,3.096,2.584,1.779,1.141,0.698,0.0,0.391,0.359,0.596,1.016,1.39,2.008,2.819,3.375,4.002,4.175,4.475,4.305,4.107,4.144,3.994,3.532,2.949,2.42,2.449,2.372,1.84,1.147,0.963,0.861,0.374,0.303,0.529,0.839,0.964,1.477,2.25,2.929,3.2,3.698,3.4,3.694,3.851,3.529,3.196,2.549,2.339,2.46,2.576,2.3,1.565,1.092,0.666,0.487,0.349,0.339,0.52,0.798,0.942,1.26,1.76,2.292,2.653,2.957,2.983,2.85,2.732,3.045,3.134,3.172,3.1,2.875,2.404,1.798,1.147,0.539,0.326,0.213,0.261,0.507,1.761,3.029,3.203,2.982,3.013,3.396,3.983,4.197,4.487,4.828,5.172,5.282,4.561,3.598,2.846,2.369,2.031,1.882,1.065
720,0.621,0.393,0.281,0.382,0.901,2.863,5.512,5.878,5.31,4.975,4.792,4.936,5.14,5.137,5.493,5.903,6.551,5.926,4.535,3.242,2.884,2.773,2.294,1.45,0.771,0.474,0.329,0.382,0.767,2.429,4.378,4.955,4.509,4.515,4.593,5.139,5.447,5.349,5.581,5.51,5.346,4.871,4.105,3.464,2.972,3.096,2.584,1.779,1.141,0.698,0.0,0.391,0.359,0.596,1.016,1.39,2.008,2.819,3.375,4.002,4.175,4.475,4.305,4.107,4.144,3.994,3.532,2.949,2.42,2.449,2.372,1.84,1.147,0.963,0.861,0.374,0.303,0.529,0.839,0.964,1.477,2.25,2.929,3.2,3.698,3.4,3.694,3.851,3.529,3.196,2.549,2.339,2.46,2.576,2.3,1.565,1.092,0.666,0.487,0.349,0.339,0.52,0.798,0.942,1.26,1.76,2.292,2.653,2.957,2.983,2.85,2.732,3.045,3.134,3.172,3.1,2.875,2.404,1.798,1.147,0.539,0.326,0.213,0.261,0.507,1.761,3.029,3.203,2.982,3.013,3.396,3.983,4.197,4.487,4.828,5.172,5.282,4.561,3.598,2.846,2.369,2.031,1.882,1.065,0.586,0.378,0.272,0.33,0.712,2.287,4.25,4.453,4.124,3.95,3.858,4.401,4.752,4.836,5.25,5.398,5.997,5.397,4.295,2.941,2.482,2.971,3.074,1.31
721,0.771,0.474,0.329,0.382,0.767,2.429,4.378,4.955,4.509,4.515,4.593,5.139,5.447,5.349,5.581,5.51,5.346,4.871,4.105,3.464,2.972,3.096,2.584,1.779,1.141,0.698,0.0,0.391,0.359,0.596,1.016,1.39,2.008,2.819,3.375,4.002,4.175,4.475,4.305,4.107,4.144,3.994,3.532,2.949,2.42,2.449,2.372,1.84,1.147,0.963,0.861,0.374,0.303,0.529,0.839,0.964,1.477,2.25,2.929,3.2,3.698,3.4,3.694,3.851,3.529,3.196,2.549,2.339,2.46,2.576,2.3,1.565,1.092,0.666,0.487,0.349,0.339,0.52,0.798,0.942,1.26,1.76,2.292,2.653,2.957,2.983,2.85,2.732,3.045,3.134,3.172,3.1,2.875,2.404,1.798,1.147,0.539,0.326,0.213,0.261,0.507,1.761,3.029,3.203,2.982,3.013,3.396,3.983,4.197,4.487,4.828,5.172,5.282,4.561,3.598,2.846,2.369,2.031,1.882,1.065,0.586,0.378,0.272,0.33,0.712,2.287,4.25,4.453,4.124,3.95,3.858,4.401,4.752,4.836,5.25,5.398,5.997,5.397,4.295,2.941,2.482,2.971,3.074,1.31,0.732,0.412,0.288,0.373,0.743,2.217,3.997,3.699,2.745,3.529,3.562,3.433,3.994,3.931,4.308,4.515,5.141,4.52,3.764,2.849,2.299,2.18,1.916,1.177
722,1.141,0.698,0.0,0.391,0.359,0.596,1.016,1.39,2.008,2.819,3.375,4.002,4.175,4.475,4.305,4.107,4.144,3.994,3.532,2.949,2.42,2.449,2.372,1.84,1.147,0.963,0.861,0.374,0.303,0.529,0.839,0.964,1.477,2.25,2.929,3.2,3.698,3.4,3.694,3.851,3.529,3.196,2.549,2.339,2.46,2.576,2.3,1.565,1.092,0.666,0.487,0.349,0.339,0.52,0.798,0.942,1.26,1.76,2.292,2.653,2.957,2.983,2.85,2.732,3.045,3.134,3.172,3.1,2.875,2.404,1.798,1.147,0.539,0.326,0.213,0.261,0.507,1.761,3.029,3.203,2.982,3.013,3.396,3.983,4.197,4.487,4.828,5.172,5.282,4.561,3.598,2.846,2.369,2.031,1.882,1.065,0.586,0.378,0.272,0.33,0.712,2.287,4.25,4.453,4.124,3.95,3.858,4.401,4.752,4.836,5.25,5.398,5.997,5.397,4.295,2.941,2.482,2.971,3.074,1.31,0.732,0.412,0.288,0.373,0.743,2.217,3.997,3.699,2.745,3.529,3.562,3.433,3.994,3.931,4.308,4.515,5.141,4.52,3.764,2.849,2.299,2.18,1.916,1.177,0.741,0.437,0.358,0.383,0.694,2.207,3.875,4.148,3.897,3.845,4.109,4.345,4.496,4.474,4.75,4.767,4.859,4.564,3.929,3.016,2.47,2.554,3.725,1.684
723,1.147,0.963,0.861,0.374,0.303,0.529,0.839,0.964,1.477,2.25,2.929,3.2,3.698,3.4,3.694,3.851,3.529,3.196,2.549,2.339,2.46,2.576,2.3,1.565,1.092,0.666,0.487,0.349,0.339,0.52,0.798,0.942,1.26,1.76,2.292,2.653,2.957,2.983,2.85,2.732,3.045,3.134,3.172,3.1,2.875,2.404,1.798,1.147,0.539,0.326,0.213,0.261,0.507,1.761,3.029,3.203,2.982,3.013,3.396,3.983,4.197,4.487,4.828,5.172,5.282,4.561,3.598,2.846,2.369,2.031,1.882,1.065,0.586,0.378,0.272,0.33,0.712,2.287,4.25,4.453,4.124,3.95,3.858,4.401,4.752,4.836,5.25,5.398,5.997,5.397,4.295,2.941,2.482,2.971,3.074,1.31,0.732,0.412,0.288,0.373,0.743,2.217,3.997,3.699,2.745,3.529,3.562,3.433,3.994,3.931,4.308,4.515,5.141,4.52,3.764,2.849,2.299,2.18,1.916,1.177,0.741,0.437,0.358,0.383,0.694,2.207,3.875,4.148,3.897,3.845,4.109,4.345,4.496,4.474,4.75,4.767,4.859,4.564,3.929,3.016,2.47,2.554,3.725,1.684,1.092,0.666,0.487,0.349,0.339,0.601,1.006,1.216,1.681,2.412,3.188,3.716,4.16,4.197,4.003,3.831,4.288,4.376,4.514,3.38,2.597,2.271,2.352,2.68
