,0,1,2,3,4,5,6,7,8,9,10,11,12,13,14,15,16,17,18,19,20,21,22,23,24,25,26,27,28,29,30,31,32,33,34,35,36,37,38,39,40,41,42,43,44,45,46,47,48,49,50,51,52,53,54,55,56,57,58,59,60,61,62,63,64,65,66,67,68,69,70,71,72,73,74,75,76,77,78,79,80,81,82,83,84,85,86,87,88,89,90,91,92,93,94,95,96,97,98,99,100,101,102,103,104,105,106,107,108,109,110,111,112,113,114,115,116,117,118,119,120,121,122,123,124,125,126,127,128,129,130,131,132,133,134,135,136,137,138,139,140,141,142,143,144,145,146,147,148,149,150,151,152,153,154,155,156,157,158,159,160,161,162,163,164,165,166,167
0,64942,62593,60905,59889,59638,59936,60193,59982,59626,57904,57604,56869,56191,56424,56691,58299,60425,62931,64176,63645,62754,61561,61979,63055,60658,58603,57309,56663,56733,57327,58378,59285,60669,59515,58770,57296,55466,55066,55493,57865,61407,64223,65082,64257,62981,61686,61962,64227,61992,59723,58310,57599,57518,58073,58877,59373,59434,56835,56485,55912,56037,57802,59465,61355,63202,65426,66473,65646,64815,63289,63706,64480,62078,60011,58936,58715,59233,61081,64908,71659,80766,82796,82045,79963,76537,79560,81315,81431,82840,81666,78838,75717,72867,69726,68460,70327,67267,64957,63471,63136,63564,65045,68221,73685,81609,83240,82327,80551,78100,80560,81611,82647,84497,83721,81513,78460,75423,72053,70992,72838,69834,67769,66454,66041,66425,67820,71258,76764,84638,85568,83607,81501,77331,79353,80703,82423,84890,84026,81286,78156,75065,71868,71204,72623,69787,67923,66797,66489,67004,68565,71857,76917,84978,88741,89725,88948,85653,87825,88570,88791,90195,88593,85675,82103,78767,75135,74165,75614
1,60658,58603,57309,56663,56733,57327,58378,59285,60669,59515,58770,57296,55466,55066,55493,57865,61407,64223,65082,64257,62981,61686,61962,64227,61992,59723,58310,57599,57518,58073,58877,59373,59434,56835,56485,55912,56037,57802,59465,61355,63202,65426,66473,65646,64815,63289,63706,64480,62078,60011,58936,58715,59233,61081,64908,71659,80766,82796,82045,79963,76537,79560,81315,81431,82840,81666,78838,75717,72867,69726,68460,70327,67267,64957,63471,63136,63564,65045,68221,73685,81609,83240,82327,80551,78100,80560,81611,82647,84497,83721,81513,78460,75423,72053,70992,72838,69834,67769,66454,66041,66425,67820,71258,76764,84638,85568,83607,81501,77331,79353,80703,82423,84890,84026,81286,78156,75065,71868,71204,72623,69787,67923,66797,66489,67004,68565,71857,76917,84978,88741,89725,88948,85653,87825,88570,88791,90195,88593,85675,82103,78767,75135,74165,75614,73086,70960,69867,69143,69141,70433,73185,78406,86597,89506,89858,88961,85456,87080,87873,88394,89749,87970,84470,81091,78254,74855,73882,75386
2,61992,59723,58310,57599,57518,58073,58877,59373,59434,56835,56485,55912,56037,57802,59465,61355,63202,65426,66473,65646,64815,63289,63706,64480,62078,60011,58936,58715,59233,61081,64908,71659,80766,82796,82045,79963,76537,79560,81315,81431,82840,81666,78838,75717,72867,69726,68460,70327,67267,64957,63471,63136,63564,65045,68221,73685,81609,83240,82327,80551,78100,80560,81611,82647,84497,83721,81513,78460,75423,72053,70992,72838,69834,67769,66454,66041,66425,67820,71258,76764,84638,85568,83607,81501,77331,79353,80703,82423,84890,84026,81286,78156,75065,71868,71204,72623,69787,67923,66797,66489,67004,68565,71857,76917,84978,88741,89725,88948,85653,87825,88570,88791,90195,88593,85675,82103,78767,75135,74165,75614,73086,70960,69867,69143,69141,70433,73185,78406,86597,89506,89858,88961,85456,87080,87873,88394,89749,87970,84470,81091,78254,74855,73882,75386,72506,70368,69057,68216,67882,68061,69159,70598,73312,73146,73740,72918,70451,70522,70652,71328,73094,74004,74232,72796,71222,69024,69331,71259
3,62078,60011,58936,58715,59233,61081,64908,71659,80766,82796,82045,79963,76537,79560,81315,81431,82840,81666,78838,75717,72867,69726,68460,70327,67267,64957,63471,63136,63564,65045,68221,73685,81609,83240,82327,80551,78100,80560,81611,82647,84497,83721,81513,78460,75423,72053,70992,72838,69834,67769,66454,66041,66425,67820,71258,76764,84638,85568,83607,81501,77331,79353,80703,82423,84890,84026,81286,78156,75065,71868,71204,72623,69787,67923,66797,66489,67004,68565,71857,76917,84978,88741,89725,88948,85653,87825,88570,88791,90195,88593,85675,82103,78767,75135,74165,75614,73086,70960,69867,69143,69141,70433,73185,78406,86597,89506,89858,88961,85456,87080,87873,88394,89749,87970,84470,81091,78254,74855,73882,75386,72506,70368,69057,68216,67882,68061,69159,70598,73312,73146,73740,72918,70451,70522,70652,71328,73094,74004,74232,72796,71222,69024,69331,71259,69016,66797,65250,64317,64098,64459,64882,64993,65140,63661,63682,63093,62089,62194,62778,64543,66813,69439,70738,69913,68716,67209,67725,68749
4,67267,64957,63471,63136,63564,65045,68221,73685,81609,83240,82327,80551,78100,80560,81611,82647,84497,83721,81513,78460,75423,72053,70992,72838,69834,67769,66454,66041,66425,67820,71258,76764,84638,85568,83607,81501,77331,79353,80703,82423,84890,84026,81286,78156,75065,71868,71204,72623,69787,67923,66797,66489,67004,68565,71857,76917,84978,88741,89725,88948,85653,87825,88570,88791,90195,88593,85675,82103,78767,75135,74165,75614,73086,70960,69867,69143,69141,70433,73185,78406,86597,89506,89858,88961,85456,87080,87873,88394,89749,87970,84470,81091,78254,74855,73882,75386,72506,70368,69057,68216,67882,68061,69159,70598,73312,73146,73740,72918,70451,70522,70652,71328,73094,74004,74232,72796,71222,69024,69331,71259,69016,66797,65250,64317,64098,64459,64882,64993,65140,63661,63682,63093,62089,62194,62778,64543,66813,69439,70738,69913,68716,67209,67725,68749,66415,64357,63260,62743,63238,64878,68630,75014,84899,89038,90564,90503,87340,89303,89758,89481,89824,87333,84111,80588,77300,73692,72582,74455
5,69834,67769,66454,66041,66425,67820,71258,76764,84638,85568,83607,81501,77331,79353,80703,82423,84890,84026,81286,78156,75065,71868,71204,72623,69787,67923,66797,66489,67004,68565,71857,76917,84978,88741,89725,88948,85653,87825,88570,88791,90195,88593,85675,82103,78767,75135,74165,75614,73086,70960,69867,69143,69141,70433,73185,78406,86597,89506,89858,88961,85456,87080,87873,88394,89749,87970,84470,81091,78254,74855,73882,75386,72506,70368,69057,68216,67882,68061,69159,70598,73312,73146,73740,72918,70451,70522,70652,71328,73094,74004,74232,72796,71222,69024,69331,71259,69016,66797,65250,64317,64098,64459,64882,64993,65140,63661,63682,63093,62089,62194,62778,64543,66813,69439,70738,69913,68716,67209,67725,68749,66415,64357,63260,62743,63238,64878,68630,75014,84899,89038,90564,90503,87340,89303,89758,89481,89824,87333,84111,80588,77300,73692,72582,74455,71608,69670,68467,67935,68101,69301,72617,77928,86120,88089,86670,83758,79558,81987,84014,85429,86635,84736,82125,79067,76045,72710,71518,73255
6,69787,67923,66797,66489,67004,68565,71857,76917,84978,88741,89725,88948,85653,87825,88570,88791,90195,88593,85675,82103,78767,75135,74165,75614,73086,70960,69867,69143,69141,70433,73185,78406,86597,89506,89858,88961,85456,87080,87873,88394,89749,87970,84470,81091,78254,74855,73882,75386,72506,70368,69057,68216,67882,68061,69159,70598,73312,73146,73740,72918,70451,70522,70652,71328,73094,74004,74232,72796,71222,69024,69331,71259,69016,66797,65250,64317,64098,64459,64882,64993,65140,63661,63682,63093,62089,62194,62778,64543,66813,69439,70738,69913,68716,67209,67725,68749,66415,64357,63260,62743,63238,64878,68630,75014,84899,89038,90564,90503,87340,89303,89758,89481,89824,87333,84111,80588,77300,73692,72582,74455,71608,69670,68467,67935,68101,69301,72617,77928,86120,88089,86670,83758,79558,81987,84014,85429,86635,84736,82125,79067,76045,72710,71518,73255,70389,68240,66860,66064,66177,67252,70123,75242,82971,84235,82359,78997,73791,75361,76029,77230,79665,78546,76696,74163,71883,69255,68252,69914
7,73086,70960,69867,69143,69141,70433,73185,78406,86597,89506,89858,88961,85456,87080,87873,88394,89749,87970,84470,81091,78254,74855,73882,75386,72506,70368,69057,68216,67882,68061,69159,70598,73312,73146,73740,72918,70451,70522,70652,71328,73094,74004,74232,72796,71222,69024,69331,71259,69016,66797,65250,64317,64098,64459,64882,64993,65140,63661,63682,63093,62089,62194,62778,64543,66813,69439,70738,69913,68716,67209,67725,68749,66415,64357,63260,62743,63238,64878,68630,75014,84899,89038,90564,90503,87340,89303,89758,89481,89824,87333,84111,80588,77300,73692,72582,74455,71608,69670,68467,67935,68101,69301,72617,77928,86120,88089,86670,83758,79558,81987,84014,85429,86635,84736,82125,79067,76045,72710,71518,73255,70389,68240,66860,66064,66177,67252,70123,75242,82971,84235,82359,78997,73791,75361,76029,77230,79665,78546,76696,74163,71883,69255,68252,69914,66746,64775,63565,63330,63888,65322,68523,73841,80757,80501,78686,75711,70958,72641,73520,74674,77159,77206,76347,74083,71710,68953,67891,69110
8,72506,70368,69057,68216,67882,68061,69159,70598,73312,73146,73740,72918,70451,70522,70652,71328,73094,74004,74232,72796,71222,69024,69331,71259,69016,66797,65250,64317,64098,64459,64882,64993,65140,63661,63682,63093,62089,62194,62778,64543,66813,69439,70738,69913,68716,67209,67725,68749,66415,64357,63260,62743,63238,64878,68630,75014,84899,89038,90564,90503,87340,89303,89758,89481,89824,87333,84111,80588,77300,73692,72582,74455,71608,69670,68467,67935,68101,69301,72617,77928,86120,88089,86670,83758,79558,81987,84014,85429,86635,84736,82125,79067,76045,72710,71518,73255,70389,68240,66860,66064,66177,67252,70123,75242,82971,84235,82359,78997,73791,75361,76029,77230,79665,78546,76696,74163,71883,69255,68252,69914,66746,64775,63565,63330,63888,65322,68523,73841,80757,80501,78686,75711,70958,72641,73520,74674,77159,77206,76347,74083,71710,68953,67891,69110,66149,63620,62130,61644,62022,63299,66269,71082,78032,78869,78279,76936,73618,76161,76666,76674,77067,75314,73908,71808,70103,67927,67006,69025
9,69016,66797,65250,64317,64098,64459,64882,64993,65140,63661,63682,63093,62089,62194,62778,64543,66813,69439,70738,69913,68716,67209,67725,68749,66415,64357,63260,62743,63238,64878,68630,75014,84899,89038,90564,90503,87340,89303,89758,89481,89824,87333,84111,80588,77300,73692,72582,74455,71608,69670,68467,67935,68101,69301,72617,77928,86120,88089,86670,83758,79558,81987,84014,85429,86635,84736,82125,79067,76045,72710,71518,73255,70389,68240,66860,66064,66177,67252,70123,75242,82971,84235,82359,78997,73791,75361,76029,77230,79665,78546,76696,74163,71883,69255,68252,69914,66746,64775,63565,63330,63888,65322,68523,73841,80757,80501,78686,75711,70958,72641,73520,74674,77159,77206,76347,74083,71710,68953,67891,69110,66149,63620,62130,61644,62022,63299,66269,71082,78032,78869,78279,76936,73618,76161,76666,76674,77067,75314,73908,71808,70103,67927,67006,69025,65871,63503,62090,61578,61947,62762,64049,65843,68162,67499,67033,64903,61516,62137,62819,64335,66905,68347,69347,68524,67318,65729,66025,67841
10,66415,64357,63260,62743,63238,64878,68630,75014,84899,89038,90564,90503,87340,89303,89758,89481,89824,87333,84111,80588,77300,73692,72582,74455,71608,69670,68467,67935,68101,69301,72617,77928,86120,88089,86670,83758,79558,81987,84014,85429,86635,84736,82125,79067,76045,72710,71518,73255,70389,68240,66860,66064,66177,67252,70123,75242,82971,84235,82359,78997,73791,75361,76029,77230,79665,78546,76696,74163,71883,69255,68252,69914,66746,64775,63565,63330,63888,65322,68523,73841,80757,80501,78686,75711,70958,72641,73520,74674,77159,77206,76347,74083,71710,68953,67891,69110,66149,63620,62130,61644,62022,63299,66269,71082,78032,78869,78279,76936,73618,76161,76666,76674,77067,75314,73908,71808,70103,67927,67006,69025,65871,63503,62090,61578,61947,62762,64049,65843,68162,67499,67033,64903,61516,62137,62819,64335,66905,68347,69347,68524,67318,65729,66025,67841,65365,62845,61468,60746,60880,61500,62097,62496,62142,59172,57975,56686,55375,55638,56808,59470,63246,66585,68310,67743,66517,65138,65321,65885
11,71608,69670,68467,67935,68101,69301,72617,77928,86120,88089,86670,83758,79558,81987,84014,85429,86635,84736,82125,79067,76045,72710,71518,73255,70389,68240,66860,66064,66177,67252,70123,75242,82971,84235,82359,78997,73791,75361,76029,77230,79665,78546,76696,74163,71883,69255,68252,69914,66746,64775,63565,63330,63888,65322,68523,73841,80757,80501,78686,75711,70958,72641,73520,74674,77159,77206,76347,74083,71710,68953,67891,69110,66149,63620,62130,61644,62022,63299,66269,71082,78032,78869,78279,76936,73618,76161,76666,76674,77067,75314,73908,71808,70103,67927,67006,69025,65871,63503,62090,61578,61947,62762,64049,65843,68162,67499,67033,64903,61516,62137,62819,64335,66905,68347,69347,68524,67318,65729,66025,67841,65365,62845,61468,60746,60880,61500,62097,62496,62142,59172,57975,56686,55375,55638,56808,59470,63246,66585,68310,67743,66517,65138,65321,65885,63481,61426,60035,59848,60284,62258,66160,72762,82242,85910,86673,85407,81010,82626,83540,83140,84210,83005,81557,78688,75837,72489,71399,73003
12,70389,68240,66860,66064,66177,67252,70123,75242,82971,84235,82359,78997,73791,75361,76029,77230,79665,78546,76696,74163,71883,69255,68252,69914,66746,64775,63565,63330,63888,65322,68523,73841,80757,80501,78686,75711,70958,72641,73520,74674,77159,77206,76347,74083,71710,68953,67891,69110,66149,63620,62130,61644,62022,63299,66269,71082,78032,78869,78279,76936,73618,76161,76666,76674,77067,75314,73908,71808,70103,67927,67006,69025,65871,63503,62090,61578,61947,62762,64049,65843,68162,67499,67033,64903,61516,62137,62819,64335,66905,68347,69347,68524,67318,65729,66025,67841,65365,62845,61468,60746,60880,61500,62097,62496,62142,59172,57975,56686,55375,55638,56808,59470,63246,66585,68310,67743,66517,65138,65321,65885,63481,61426,60035,59848,60284,62258,66160,72762,82242,85910,86673,85407,81010,82626,83540,83140,84210,83005,81557,78688,75837,72489,71399,73003,70296,68321,67166,66696,67239,68622,71942,77321,84965,85348,83864,81109,76402,78006,78856,80275,83221,83393,82105,79413,76608,73081,71708,73434
13,66746,64775,63565,63330,63888,65322,68523,73841,80757,80501,78686,75711,70958,72641,73520,74674,77159,77206,76347,74083,71710,68953,67891,69110,66149,63620,62130,61644,62022,63299,66269,71082,78032,78869,78279,76936,73618,76161,76666,76674,77067,75314,73908,71808,70103,67927,67006,69025,65871,63503,62090,61578,61947,62762,64049,65843,68162,67499,67033,64903,61516,62137,62819,64335,66905,68347,69347,68524,67318,65729,66025,67841,65365,62845,61468,60746,60880,61500,62097,62496,62142,59172,57975,56686,55375,55638,56808,59470,63246,66585,68310,67743,66517,65138,65321,65885,63481,61426,60035,59848,60284,62258,66160,72762,82242,85910,86673,85407,81010,82626,83540,83140,84210,83005,81557,78688,75837,72489,71399,73003,70296,68321,67166,66696,67239,68622,71942,77321,84965,85348,83864,81109,76402,78006,78856,80275,83221,83393,82105,79413,76608,73081,71708,73434,70412,68255,66976,66517,66818,68071,71340,76650,83468,83109,81176,78031,72981,74564,75115,76249,78833,78552,77684,75598,73356,70473,69246,70789
14,66149,63620,62130,61644,62022,63299,66269,71082,78032,78869,78279,76936,73618,76161,76666,76674,77067,75314,73908,71808,70103,67927,67006,69025,65871,63503,62090,61578,61947,62762,64049,65843,68162,67499,67033,64903,61516,62137,62819,64335,66905,68347,69347,68524,67318,65729,66025,67841,65365,62845,61468,60746,60880,61500,62097,62496,62142,59172,57975,56686,55375,55638,56808,59470,63246,66585,68310,67743,66517,65138,65321,65885,63481,61426,60035,59848,60284,62258,66160,72762,82242,85910,86673,85407,81010,82626,83540,83140,84210,83005,81557,78688,75837,72489,71399,73003,70296,68321,67166,66696,67239,68622,71942,77321,84965,85348,83864,81109,76402,78006,78856,80275,83221,83393,82105,79413,76608,73081,71708,73434,70412,68255,66976,66517,66818,68071,71340,76650,83468,83109,81176,78031,72981,74564,75115,76249,78833,78552,77684,75598,73356,70473,69246,70789,67488,65112,63800,63265,63646,65013,68033,72967,79980,79815,78985,78637,75947,79046,80096,79945,80435,78514,76783,74042,71490,68713,67515,68956
15,65871,63503,62090,61578,61947,62762,64049,65843,68162,67499,67033,64903,61516,62137,62819,64335,66905,68347,69347,68524,67318,65729,66025,67841,65365,62845,61468,60746,60880,61500,62097,62496,62142,59172,57975,56686,55375,55638,56808,59470,63246,66585,68310,67743,66517,65138,65321,65885,63481,61426,60035,59848,60284,62258,66160,72762,82242,85910,86673,85407,81010,82626,83540,83140,84210,83005,81557,78688,75837,72489,71399,73003,70296,68321,67166,66696,67239,68622,71942,77321,84965,85348,83864,81109,76402,78006,78856,80275,83221,83393,82105,79413,76608,73081,71708,73434,70412,68255,66976,66517,66818,68071,71340,76650,83468,83109,81176,78031,72981,74564,75115,76249,78833,78552,77684,75598,73356,70473,69246,70789,67488,65112,63800,63265,63646,65013,68033,72967,79980,79815,78985,78637,75947,79046,80096,79945,80435,78514,76783,74042,71490,68713,67515,68956,65738,63156,61788,61230,61695,63070,65879,70398,77484,79367,79026,77749,74568,76940,77628,77201,77339,75177,73222,70819,68922,66134,65328,67155
16,65365,62845,61468,60746,60880,61500,62097,62496,62142,59172,57975,56686,55375,55638,56808,59470,63246,66585,68310,67743,66517,65138,65321,65885,63481,61426,60035,59848,60284,62258,66160,72762,82242,85910,86673,85407,81010,82626,83540,83140,84210,83005,81557,78688,75837,72489,71399,73003,70296,68321,67166,66696,67239,68622,71942,77321,84965,85348,83864,81109,76402,78006,78856,80275,83221,83393,82105,79413,76608,73081,71708,73434,70412,68255,66976,66517,66818,68071,71340,76650,83468,83109,81176,78031,72981,74564,75115,76249,78833,78552,77684,75598,73356,70473,69246,70789,67488,65112,63800,63265,63646,65013,68033,72967,79980,79815,78985,78637,75947,79046,80096,79945,80435,78514,76783,74042,71490,68713,67515,68956,65738,63156,61788,61230,61695,63070,65879,70398,77484,79367,79026,77749,74568,76940,77628,77201,77339,75177,73222,70819,68922,66134,65328,67155,63772,61232,59775,59183,59395,60245,61336,62496,64935,65119,65370,64683,62771,63546,63708,63712,63760,63720,64352,63434,62342,60896,60952,62533
17,63481,61426,60035,59848,60284,62258,66160,72762,82242,85910,86673,85407,81010,82626,83540,83140,84210,83005,81557,78688,75837,72489,71399,73003,70296,68321,67166,66696,67239,68622,71942,77321,84965,85348,83864,81109,76402,78006,78856,80275,83221,83393,82105,79413,76608,73081,71708,73434,70412,68255,66976,66517,66818,68071,71340,76650,83468,83109,81176,78031,72981,74564,75115,76249,78833,78552,77684,75598,73356,70473,69246,70789,67488,65112,63800,63265,63646,65013,68033,72967,79980,79815,78985,78637,75947,79046,80096,79945,80435,78514,76783,74042,71490,68713,67515,68956,65738,63156,61788,61230,61695,63070,65879,70398,77484,79367,79026,77749,74568,76940,77628,77201,77339,75177,73222,70819,68922,66134,65328,67155,63772,61232,59775,59183,59395,60245,61336,62496,64935,65119,65370,64683,62771,63546,63708,63712,63760,63720,64352,63434,62342,60896,60952,62533,59645,57194,55840,55339,55734,56512,57185,57361,57004,54526,53955,52535,51810,52498,52331,53892,57034,59988,62157,61913,61057,60083,60259,60776
18,70296,68321,67166,66696,67239,68622,71942,77321,84965,85348,83864,81109,76402,78006,78856,80275,83221,83393,82105,79413,76608,73081,71708,73434,70412,68255,66976,66517,66818,68071,71340,76650,83468,83109,81176,78031,72981,74564,75115,76249,78833,78552,77684,75598,73356,70473,69246,70789,67488,65112,63800,63265,63646,65013,68033,72967,79980,79815,78985,78637,75947,79046,80096,79945,80435,78514,76783,74042,71490,68713,67515,68956,65738,63156,61788,61230,61695,63070,65879,70398,77484,79367,79026,77749,74568,76940,77628,77201,77339,75177,73222,70819,68922,66134,65328,67155,63772,61232,59775,59183,59395,60245,61336,62496,64935,65119,65370,64683,62771,63546,63708,63712,63760,63720,64352,63434,62342,60896,60952,62533,59645,57194,55840,55339,55734,56512,57185,57361,57004,54526,53955,52535,51810,52498,52331,53892,57034,59988,62157,61913,61057,60083,60259,60776,57931,55620,54655,54553,55335,57527,61556,67487,75047,74827,73319,70572,66809,68251,68274,69101,71796,72051,72147,70447,68668,66403,65251,66605
19,70412,68255,66976,66517,66818,68071,71340,76650,83468,83109,81176,78031,72981,74564,75115,76249,78833,78552,77684,75598,73356,70473,69246,70789,67488,65112,63800,63265,63646,65013,68033,72967,79980,79815,78985,78637,75947,79046,80096,79945,80435,78514,76783,74042,71490,68713,67515,68956,65738,63156,61788,61230,61695,63070,65879,70398,77484,79367,79026,77749,74568,76940,77628,77201,77339,75177,73222,70819,68922,66134,65328,67155,63772,61232,59775,59183,59395,60245,61336,62496,64935,65119,65370,64683,62771,63546,63708,63712,63760,63720,64352,63434,62342,60896,60952,62533,59645,57194,55840,55339,55734,56512,57185,57361,57004,54526,53955,52535,51810,52498,52331,53892,57034,59988,62157,61913,61057,60083,60259,60776,57931,55620,54655,54553,55335,57527,61556,67487,75047,74827,73319,70572,66809,68251,68274,69101,71796,72051,72147,70447,68668,66403,65251,66605,63269,60853,59678,59224,59687,61221,64409,68914,76518,78892,79190,78616,75662,77282,77661,77476,77820,75725,74593,72333,70176,67293,66103,67662
20,67488,65112,63800,63265,63646,65013,68033,72967,79980,79815,78985,78637,75947,79046,80096,79945,80435,78514,76783,74042,71490,68713,67515,68956,65738,63156,61788,61230,61695,63070,65879,70398,77484,79367,79026,77749,74568,76940,77628,77201,77339,75177,73222,70819,68922,66134,65328,67155,63772,61232,59775,59183,59395,60245,61336,62496,64935,65119,65370,64683,62771,63546,63708,63712,63760,63720,64352,63434,62342,60896,60952,62533,59645,57194,55840,55339,55734,56512,57185,57361,57004,54526,53955,52535,51810,52498,52331,53892,57034,59988,62157,61913,61057,60083,60259,60776,57931,55620,54655,54553,55335,57527,61556,67487,75047,74827,73319,70572,66809,68251,68274,69101,71796,72051,72147,70447,68668,66403,65251,66605,63269,60853,59678,59224,59687,61221,64409,68914,76518,78892,79190,78616,75662,77282,77661,77476,77820,75725,74593,72333,70176,67293,66103,67662,64295,62087,61047,60744,61417,63002,66366,71362,77213,76086,73562,70505,66163,68380,70410,72666,74825,74465,74186,72550,71004,68628,67451,68809
21,65738,63156,61788,61230,61695,63070,65879,70398,77484,79367,79026,77749,74568,76940,77628,77201,77339,75177,73222,70819,68922,66134,65328,67155,63772,61232,59775,59183,59395,60245,61336,62496,64935,65119,65370,64683,62771,63546,63708,63712,63760,63720,64352,63434,62342,60896,60952,62533,59645,57194,55840,55339,55734,56512,57185,57361,57004,54526,53955,52535,51810,52498,52331,53892,57034,59988,62157,61913,61057,60083,60259,60776,57931,55620,54655,54553,55335,57527,61556,67487,75047,74827,73319,70572,66809,68251,68274,69101,71796,72051,72147,70447,68668,66403,65251,66605,63269,60853,59678,59224,59687,61221,64409,68914,76518,78892,79190,78616,75662,77282,77661,77476,77820,75725,74593,72333,70176,67293,66103,67662,64295,62087,61047,60744,61417,63002,66366,71362,77213,76086,73562,70505,66163,68380,70410,72666,74825,74465,74186,72550,71004,68628,67451,68809,65455,63150,61882,61433,62120,63827,66844,71727,77571,77553,77723,78198,76435,78162,78259,78863,80655,80279,79639,77501,75061,71958,70951,72623
22,63772,61232,59775,59183,59395,60245,61336,62496,64935,65119,65370,64683,62771,63546,63708,63712,63760,63720,64352,63434,62342,60896,60952,62533,59645,57194,55840,55339,55734,56512,57185,57361,57004,54526,53955,52535,51810,52498,52331,53892,57034,59988,62157,61913,61057,60083,60259,60776,57931,55620,54655,54553,55335,57527,61556,67487,75047,74827,73319,70572,66809,68251,68274,69101,71796,72051,72147,70447,68668,66403,65251,66605,63269,60853,59678,59224,59687,61221,64409,68914,76518,78892,79190,78616,75662,77282,77661,77476,77820,75725,74593,72333,70176,67293,66103,67662,64295,62087,61047,60744,61417,63002,66366,71362,77213,76086,73562,70505,66163,68380,70410,72666,74825,74465,74186,72550,71004,68628,67451,68809,65455,63150,61882,61433,62120,63827,66844,71727,77571,77553,77723,78198,76435,78162,78259,78863,80655,80279,79639,77501,75061,71958,70951,72623,69780,67571,66579,66021,66442,67779,71045,76274,83375,83971,82411,79294,74777,76298,77004,77943,80841,80764,79565,77089,74748,71618,70525,72421
23,59645,57194,55840,55339,55734,56512,57185,57361,57004,54526,53955,52535,51810,52498,52331,53892,57034,59988,62157,61913,61057,60083,60259,60776,57931,55620,54655,54553,55335,57527,61556,67487,75047,74827,73319,70572,66809,68251,68274,69101,71796,72051,72147,70447,68668,66403,65251,66605,63269,60853,59678,59224,59687,61221,64409,68914,76518,78892,79190,78616,75662,77282,77661,77476,77820,75725,74593,72333,70176,67293,66103,67662,64295,62087,61047,60744,61417,63002,66366,71362,77213,76086,73562,70505,66163,68380,70410,72666,74825,74465,74186,72550,71004,68628,67451,68809,65455,63150,61882,61433,62120,63827,66844,71727,77571,77553,77723,78198,76435,78162,78259,78863,80655,80279,79639,77501,75061,71958,70951,72623,69780,67571,66579,66021,66442,67779,71045,76274,83375,83971,82411,79294,74777,76298,77004,77943,80841,80764,79565,77089,74748,71618,70525,72421,69215,66916,65273,64328,64190,64596,65730,67051,68962,68293,68485,67032,63873,63375,62700,62412,63702,65032,66689,66367,65222,63758,63807,65812
24,57931,55620,54655,54553,55335,57527,61556,67487,75047,74827,73319,70572,66809,68251,68274,69101,71796,72051,72147,70447,68668,66403,65251,66605,63269,60853,59678,59224,59687,61221,64409,68914,76518,78892,79190,78616,75662,77282,77661,77476,77820,75725,74593,72333,70176,67293,66103,67662,64295,62087,61047,60744,61417,63002,66366,71362,77213,76086,73562,70505,66163,68380,70410,72666,74825,74465,74186,72550,71004,68628,67451,68809,65455,63150,61882,61433,62120,63827,66844,71727,77571,77553,77723,78198,76435,78162,78259,78863,80655,80279,79639,77501,75061,71958,70951,72623,69780,67571,66579,66021,66442,67779,71045,76274,83375,83971,82411,79294,74777,76298,77004,77943,80841,80764,79565,77089,74748,71618,70525,72421,69215,66916,65273,64328,64190,64596,65730,67051,68962,68293,68485,67032,63873,63375,62700,62412,63702,65032,66689,66367,65222,63758,63807,65812,63063,60686,59311,58658,58753,59316,60052,60226,59470,56512,56160,54799,53442,53654,54675,56264,58663,61311,63574,63246,62475,61139,61139,61412
25,63269,60853,59678,59224,59687,61221,64409,68914,76518,78892,79190,78616,75662,77282,77661,77476,77820,75725,74593,72333,70176,67293,66103,67662,64295,62087,61047,60744,61417,63002,66366,71362,77213,76086,73562,70505,66163,68380,70410,72666,74825,74465,74186,72550,71004,68628,67451,68809,65455,63150,61882,61433,62120,63827,66844,71727,77571,77553,77723,78198,76435,78162,78259,78863,80655,80279,79639,77501,75061,71958,70951,72623,69780,67571,66579,66021,66442,67779,71045,76274,83375,83971,82411,79294,74777,76298,77004,77943,80841,80764,79565,77089,74748,71618,70525,72421,69215,66916,65273,64328,64190,64596,65730,67051,68962,68293,68485,67032,63873,63375,62700,62412,63702,65032,66689,66367,65222,63758,63807,65812,63063,60686,59311,58658,58753,59316,60052,60226,59470,56512,56160,54799,53442,53654,54675,56264,58663,61311,63574,63246,62475,61139,61139,61412,58524,56248,55253,55057,55706,57378,61185,66789,75385,77878,77725,76770,73442,75317,75910,76213,76934,75345,74503,72390,70181,67545,66602,68340
26,64295,62087,61047,60744,61417,63002,66366,71362,77213,76086,73562,70505,66163,68380,70410,72666,74825,74465,74186,72550,71004,68628,67451,68809,65455,63150,61882,61433,62120,63827,66844,71727,77571,77553,77723,78198,76435,78162,78259,78863,80655,80279,79639,77501,75061,71958,70951,72623,69780,67571,66579,66021,66442,67779,71045,76274,83375,83971,82411,79294,74777,76298,77004,77943,80841,80764,79565,77089,74748,71618,70525,72421,69215,66916,65273,64328,64190,64596,65730,67051,68962,68293,68485,67032,63873,63375,62700,62412,63702,65032,66689,66367,65222,63758,63807,65812,63063,60686,59311,58658,58753,59316,60052,60226,59470,56512,56160,54799,53442,53654,54675,56264,58663,61311,63574,63246,62475,61139,61139,61412,58524,56248,55253,55057,55706,57378,61185,66789,75385,77878,77725,76770,73442,75317,75910,76213,76934,75345,74503,72390,70181,67545,66602,68340,65398,63177,62387,62188,63011,64922,68534,74087,80454,79397,77763,75338,71043,73617,75097,76754,80076,80457,80267,77971,75279,72091,70533,72173
27,65455,63150,61882,61433,62120,63827,66844,71727,77571,77553,77723,78198,76435,78162,78259,78863,80655,80279,79639,77501,75061,71958,70951,72623,69780,67571,66579,66021,66442,67779,71045,76274,83375,83971,82411,79294,74777,76298,77004,77943,80841,80764,79565,77089,74748,71618,70525,72421,69215,66916,65273,64328,64190,64596,65730,67051,68962,68293,68485,67032,63873,63375,62700,62412,63702,65032,66689,66367,65222,63758,63807,65812,63063,60686,59311,58658,58753,59316,60052,60226,59470,56512,56160,54799,53442,53654,54675,56264,58663,61311,63574,63246,62475,61139,61139,61412,58524,56248,55253,55057,55706,57378,61185,66789,75385,77878,77725,76770,73442,75317,75910,76213,76934,75345,74503,72390,70181,67545,66602,68340,65398,63177,62387,62188,63011,64922,68534,74087,80454,79397,77763,75338,71043,73617,75097,76754,80076,80457,80267,77971,75279,72091,70533,72173,68968,66924,65714,65306,65740,67253,70596,75938,82594,81774,79189,75953,71348,73246,74543,76211,79330,78526,77673,75730,73663,70609,69184,70774
28,69780,67571,66579,66021,66442,67779,71045,76274,83375,83971,82411,79294,74777,76298,77004,77943,80841,80764,79565,77089,74748,71618,70525,72421,69215,66916,65273,64328,64190,64596,65730,67051,68962,68293,68485,67032,63873,63375,62700,62412,63702,65032,66689,66367,65222,63758,63807,65812,63063,60686,59311,58658,58753,59316,60052,60226,59470,56512,56160,54799,53442,53654,54675,56264,58663,61311,63574,63246,62475,61139,61139,61412,58524,56248,55253,55057,55706,57378,61185,66789,75385,77878,77725,76770,73442,75317,75910,76213,76934,75345,74503,72390,70181,67545,66602,68340,65398,63177,62387,62188,63011,64922,68534,74087,80454,79397,77763,75338,71043,73617,75097,76754,80076,80457,80267,77971,75279,72091,70533,72173,68968,66924,65714,65306,65740,67253,70596,75938,82594,81774,79189,75953,71348,73246,74543,76211,79330,78526,77673,75730,73663,70609,69184,70774,67451,65300,64010,63712,64398,66053,69180,74269,80547,80804,79491,76612,71705,73261,74066,75051,77695,78155,78405,76426,74114,70910,69608,71251
29,69215,66916,65273,64328,64190,64596,65730,67051,68962,68293,68485,67032,63873,63375,62700,62412,63702,65032,66689,66367,65222,63758,63807,65812,63063,60686,59311,58658,58753,59316,60052,60226,59470,56512,56160,54799,53442,53654,54675,56264,58663,61311,63574,63246,62475,61139,61139,61412,58524,56248,55253,55057,55706,57378,61185,66789,75385,77878,77725,76770,73442,75317,75910,76213,76934,75345,74503,72390,70181,67545,66602,68340,65398,63177,62387,62188,63011,64922,68534,74087,80454,79397,77763,75338,71043,73617,75097,76754,80076,80457,80267,77971,75279,72091,70533,72173,68968,66924,65714,65306,65740,67253,70596,75938,82594,81774,79189,75953,71348,73246,74543,76211,79330,78526,77673,75730,73663,70609,69184,70774,67451,65300,64010,63712,64398,66053,69180,74269,80547,80804,79491,76612,71705,73261,74066,75051,77695,78155,78405,76426,74114,70910,69608,71251,68216,65756,64409,63971,64415,66037,69276,74179,80617,80698,79390,77084,72747,75086,75721,75846,77153,75645,74947,73061,71066,68248,67078,68848
30,63063,60686,59311,58658,58753,59316,60052,60226,59470,56512,56160,54799,53442,53654,54675,56264,58663,61311,63574,63246,62475,61139,61139,61412,58524,56248,55253,55057,55706,57378,61185,66789,75385,77878,77725,76770,73442,75317,75910,76213,76934,75345,74503,72390,70181,67545,66602,68340,65398,63177,62387,62188,63011,64922,68534,74087,80454,79397,77763,75338,71043,73617,75097,76754,80076,80457,80267,77971,75279,72091,70533,72173,68968,66924,65714,65306,65740,67253,70596,75938,82594,81774,79189,75953,71348,73246,74543,76211,79330,78526,77673,75730,73663,70609,69184,70774,67451,65300,64010,63712,64398,66053,69180,74269,80547,80804,79491,76612,71705,73261,74066,75051,77695,78155,78405,76426,74114,70910,69608,71251,68216,65756,64409,63971,64415,66037,69276,74179,80617,80698,79390,77084,72747,75086,75721,75846,77153,75645,74947,73061,71066,68248,67078,68848,65727,63406,61914,61347,61382,62053,63132,64437,66340,65588,65570,64197,61002,61068,60734,61080,62464,63239,64778,64357,63543,61999,61850,63317
31,58524,56248,55253,55057,55706,57378,61185,66789,75385,77878,77725,76770,73442,75317,75910,76213,76934,75345,74503,72390,70181,67545,66602,68340,65398,63177,62387,62188,63011,64922,68534,74087,80454,79397,77763,75338,71043,73617,75097,76754,80076,80457,80267,77971,75279,72091,70533,72173,68968,66924,65714,65306,65740,67253,70596,75938,82594,81774,79189,75953,71348,73246,74543,76211,79330,78526,77673,75730,73663,70609,69184,70774,67451,65300,64010,63712,64398,66053,69180,74269,80547,80804,79491,76612,71705,73261,74066,75051,77695,78155,78405,76426,74114,70910,69608,71251,68216,65756,64409,63971,64415,66037,69276,74179,80617,80698,79390,77084,72747,75086,75721,75846,77153,75645,74947,73061,71066,68248,67078,68848,65727,63406,61914,61347,61382,62053,63132,64437,66340,65588,65570,64197,61002,61068,60734,61080,62464,63239,64778,64357,63543,61999,61850,63317,60243,57738,56259,55858,56199,56940,57861,58175,58234,56832,56521,54661,52645,52538,52984,54708,57776,60847,63690,63698,63191,62180,62370,62459
32,65398,63177,62387,62188,63011,64922,68534,74087,80454,79397,77763,75338,71043,73617,75097,76754,80076,80457,80267,77971,75279,72091,70533,72173,68968,66924,65714,65306,65740,67253,70596,75938,82594,81774,79189,75953,71348,73246,74543,76211,79330,78526,77673,75730,73663,70609,69184,70774,67451,65300,64010,63712,64398,66053,69180,74269,80547,80804,79491,76612,71705,73261,74066,75051,77695,78155,78405,76426,74114,70910,69608,71251,68216,65756,64409,63971,64415,66037,69276,74179,80617,80698,79390,77084,72747,75086,75721,75846,77153,75645,74947,73061,71066,68248,67078,68848,65727,63406,61914,61347,61382,62053,63132,64437,66340,65588,65570,64197,61002,61068,60734,61080,62464,63239,64778,64357,63543,61999,61850,63317,60243,57738,56259,55858,56199,56940,57861,58175,58234,56832,56521,54661,52645,52538,52984,54708,57776,60847,63690,63698,63191,62180,62370,62459,59736,57677,56634,56603,57523,59889,63931,70277,77225,76706,75453,72869,68814,70947,72177,73804,76973,77850,77950,75869,73494,70473,68796,70209
33,68968,66924,65714,65306,65740,67253,70596,75938,82594,81774,79189,75953,71348,73246,74543,76211,79330,78526,77673,75730,73663,70609,69184,70774,67451,65300,64010,63712,64398,66053,69180,74269,80547,80804,79491,76612,71705,73261,74066,75051,77695,78155,78405,76426,74114,70910,69608,71251,68216,65756,64409,63971,64415,66037,69276,74179,80617,80698,79390,77084,72747,75086,75721,75846,77153,75645,74947,73061,71066,68248,67078,68848,65727,63406,61914,61347,61382,62053,63132,64437,66340,65588,65570,64197,61002,61068,60734,61080,62464,63239,64778,64357,63543,61999,61850,63317,60243,57738,56259,55858,56199,56940,57861,58175,58234,56832,56521,54661,52645,52538,52984,54708,57776,60847,63690,63698,63191,62180,62370,62459,59736,57677,56634,56603,57523,59889,63931,70277,77225,76706,75453,72869,68814,70947,72177,73804,76973,77850,77950,75869,73494,70473,68796,70209,67085,64782,63449,63153,63819,65321,68668,73701,79114,77595,75749,72623,68304,69667,70373,71438,74391,75059,75300,73646,71901,69341,67869,69387
34,67451,65300,64010,63712,64398,66053,69180,74269,80547,80804,79491,76612,71705,73261,74066,75051,77695,78155,78405,76426,74114,70910,69608,71251,68216,65756,64409,63971,64415,66037,69276,74179,80617,80698,79390,77084,72747,75086,75721,75846,77153,75645,74947,73061,71066,68248,67078,68848,65727,63406,61914,61347,61382,62053,63132,64437,66340,65588,65570,64197,61002,61068,60734,61080,62464,63239,64778,64357,63543,61999,61850,63317,60243,57738,56259,55858,56199,56940,57861,58175,58234,56832,56521,54661,52645,52538,52984,54708,57776,60847,63690,63698,63191,62180,62370,62459,59736,57677,56634,56603,57523,59889,63931,70277,77225,76706,75453,72869,68814,70947,72177,73804,76973,77850,77950,75869,73494,70473,68796,70209,67085,64782,63449,63153,63819,65321,68668,73701,79114,77595,75749,72623,68304,69667,70373,71438,74391,75059,75300,73646,71901,69341,67869,69387,65947,63684,62488,62060,62517,63908,66808,71257,76269,75338,73473,70300,66403,67396,67081,66521,66982,66143,67017,66317,65511,63838,62962,64221
35,68216,65756,64409,63971,64415,66037,69276,74179,80617,80698,79390,77084,72747,75086,75721,75846,77153,75645,74947,73061,71066,68248,67078,68848,65727,63406,61914,61347,61382,62053,63132,64437,66340,65588,65570,64197,61002,61068,60734,61080,62464,63239,64778,64357,63543,61999,61850,63317,60243,57738,56259,55858,56199,56940,57861,58175,58234,56832,56521,54661,52645,52538,52984,54708,57776,60847,63690,63698,63191,62180,62370,62459,59736,57677,56634,56603,57523,59889,63931,70277,77225,76706,75453,72869,68814,70947,72177,73804,76973,77850,77950,75869,73494,70473,68796,70209,67085,64782,63449,63153,63819,65321,68668,73701,79114,77595,75749,72623,68304,69667,70373,71438,74391,75059,75300,73646,71901,69341,67869,69387,65947,63684,62488,62060,62517,63908,66808,71257,76269,75338,73473,70300,66403,67396,67081,66521,66982,66143,67017,66317,65511,63838,62962,64221,61009,58357,56446,55543,55377,55750,56070,55634,54229,52072,51246,49951,49186,49002,49931,51269,53055,54836,56799,56936,56542,55733,56226,56776
36,65727,63406,61914,61347,61382,62053,63132,64437,66340,65588,65570,64197,61002,61068,60734,61080,62464,63239,64778,64357,63543,61999,61850,63317,60243,57738,56259,55858,56199,56940,57861,58175,58234,56832,56521,54661,52645,52538,52984,54708,57776,60847,63690,63698,63191,62180,62370,62459,59736,57677,56634,56603,57523,59889,63931,70277,77225,76706,75453,72869,68814,70947,72177,73804,76973,77850,77950,75869,73494,70473,68796,70209,67085,64782,63449,63153,63819,65321,68668,73701,79114,77595,75749,72623,68304,69667,70373,71438,74391,75059,75300,73646,71901,69341,67869,69387,65947,63684,62488,62060,62517,63908,66808,71257,76269,75338,73473,70300,66403,67396,67081,66521,66982,66143,67017,66317,65511,63838,62962,64221,61009,58357,56446,55543,55377,55750,56070,55634,54229,52072,51246,49951,49186,49002,49931,51269,53055,54836,56799,56936,56542,55733,56226,56776,54231,51733,50318,49784,49926,50789,51619,51959,50190,45789,43264,41237,40134,39720,40254,42320,45879,49395,52477,53075,53261,53444,54192,54836
37,60243,57738,56259,55858,56199,56940,57861,58175,58234,56832,56521,54661,52645,52538,52984,54708,57776,60847,63690,63698,63191,62180,62370,62459,59736,57677,56634,56603,57523,59889,63931,70277,77225,76706,75453,72869,68814,70947,72177,73804,76973,77850,77950,75869,73494,70473,68796,70209,67085,64782,63449,63153,63819,65321,68668,73701,79114,77595,75749,72623,68304,69667,70373,71438,74391,75059,75300,73646,71901,69341,67869,69387,65947,63684,62488,62060,62517,63908,66808,71257,76269,75338,73473,70300,66403,67396,67081,66521,66982,66143,67017,66317,65511,63838,62962,64221,61009,58357,56446,55543,55377,55750,56070,55634,54229,52072,51246,49951,49186,49002,49931,51269,53055,54836,56799,56936,56542,55733,56226,56776,54231,51733,50318,49784,49926,50789,51619,51959,50190,45789,43264,41237,40134,39720,40254,42320,45879,49395,52477,53075,53261,53444,54192,54836,52184,50033,48830,48410,48751,49611,50609,50869,49523,46684,45923,44249,43073,42821,43324,45426,48750,52258,55185,55686,55445,55013,55383,55519
38,59736,57677,56634,56603,57523,59889,63931,70277,77225,76706,75453,72869,68814,70947,72177,73804,76973,77850,77950,75869,73494,70473,68796,70209,67085,64782,63449,63153,63819,65321,68668,73701,79114,77595,75749,72623,68304,69667,70373,71438,74391,75059,75300,73646,71901,69341,67869,69387,65947,63684,62488,62060,62517,63908,66808,71257,76269,75338,73473,70300,66403,67396,67081,66521,66982,66143,67017,66317,65511,63838,62962,64221,61009,58357,56446,55543,55377,55750,56070,55634,54229,52072,51246,49951,49186,49002,49931,51269,53055,54836,56799,56936,56542,55733,56226,56776,54231,51733,50318,49784,49926,50789,51619,51959,50190,45789,43264,41237,40134,39720,40254,42320,45879,49395,52477,53075,53261,53444,54192,54836,52184,50033,48830,48410,48751,49611,50609,50869,49523,46684,45923,44249,43073,42821,43324,45426,48750,52258,55185,55686,55445,55013,55383,55519,52485,50084,48850,48412,48682,49580,50516,50881,51616,51897,52107,50934,50706,51759,52268,52862,54032,55514,57591,57687,57132,56275,56338,56360
39,67085,64782,63449,63153,63819,65321,68668,73701,79114,77595,75749,72623,68304,69667,70373,71438,74391,75059,75300,73646,71901,69341,67869,69387,65947,63684,62488,62060,62517,63908,66808,71257,76269,75338,73473,70300,66403,67396,67081,66521,66982,66143,67017,66317,65511,63838,62962,64221,61009,58357,56446,55543,55377,55750,56070,55634,54229,52072,51246,49951,49186,49002,49931,51269,53055,54836,56799,56936,56542,55733,56226,56776,54231,51733,50318,49784,49926,50789,51619,51959,50190,45789,43264,41237,40134,39720,40254,42320,45879,49395,52477,53075,53261,53444,54192,54836,52184,50033,48830,48410,48751,49611,50609,50869,49523,46684,45923,44249,43073,42821,43324,45426,48750,52258,55185,55686,55445,55013,55383,55519,52485,50084,48850,48412,48682,49580,50516,50881,51616,51897,52107,50934,50706,51759,52268,52862,54032,55514,57591,57687,57132,56275,56338,56360,53355,51159,50077,49856,50704,52514,56169,61516,70552,74279,74829,73240,68237,69233,69749,70450,72392,73440,74098,72598,70697,68235,66682,68072
40,65947,63684,62488,62060,62517,63908,66808,71257,76269,75338,73473,70300,66403,67396,67081,66521,66982,66143,67017,66317,65511,63838,62962,64221,61009,58357,56446,55543,55377,55750,56070,55634,54229,52072,51246,49951,49186,49002,49931,51269,53055,54836,56799,56936,56542,55733,56226,56776,54231,51733,50318,49784,49926,50789,51619,51959,50190,45789,43264,41237,40134,39720,40254,42320,45879,49395,52477,53075,53261,53444,54192,54836,52184,50033,48830,48410,48751,49611,50609,50869,49523,46684,45923,44249,43073,42821,43324,45426,48750,52258,55185,55686,55445,55013,55383,55519,52485,50084,48850,48412,48682,49580,50516,50881,51616,51897,52107,50934,50706,51759,52268,52862,54032,55514,57591,57687,57132,56275,56338,56360,53355,51159,50077,49856,50704,52514,56169,61516,70552,74279,74829,73240,68237,69233,69749,70450,72392,73440,74098,72598,70697,68235,66682,68072,64830,62517,61443,61214,61937,63759,67184,72169,77641,77251,76551,75271,73277,76922,79279,80401,80711,78477,78069,76376,74171,71754,69775,71099
41,61009,58357,56446,55543,55377,55750,56070,55634,54229,52072,51246,49951,49186,49002,49931,51269,53055,54836,56799,56936,56542,55733,56226,56776,54231,51733,50318,49784,49926,50789,51619,51959,50190,45789,43264,41237,40134,39720,40254,42320,45879,49395,52477,53075,53261,53444,54192,54836,52184,50033,48830,48410,48751,49611,50609,50869,49523,46684,45923,44249,43073,42821,43324,45426,48750,52258,55185,55686,55445,55013,55383,55519,52485,50084,48850,48412,48682,49580,50516,50881,51616,51897,52107,50934,50706,51759,52268,52862,54032,55514,57591,57687,57132,56275,56338,56360,53355,51159,50077,49856,50704,52514,56169,61516,70552,74279,74829,73240,68237,69233,69749,70450,72392,73440,74098,72598,70697,68235,66682,68072,64830,62517,61443,61214,61937,63759,67184,72169,77641,77251,76551,75271,73277,76922,79279,80401,80711,78477,78069,76376,74171,71754,69775,71099,67839,65781,64636,64230,64724,66292,69524,74785,82304,84749,84680,83194,79368,81204,81843,81967,83318,82430,81711,79904,77062,74086,72141,73401
42,54231,51733,50318,49784,49926,50789,51619,51959,50190,45789,43264,41237,40134,39720,40254,42320,45879,49395,52477,53075,53261,53444,54192,54836,52184,50033,48830,48410,48751,49611,50609,50869,49523,46684,45923,44249,43073,42821,43324,45426,48750,52258,55185,55686,55445,55013,55383,55519,52485,50084,48850,48412,48682,49580,50516,50881,51616,51897,52107,50934,50706,51759,52268,52862,54032,55514,57591,57687,57132,56275,56338,56360,53355,51159,50077,49856,50704,52514,56169,61516,70552,74279,74829,73240,68237,69233,69749,70450,72392,73440,74098,72598,70697,68235,66682,68072,64830,62517,61443,61214,61937,63759,67184,72169,77641,77251,76551,75271,73277,76922,79279,80401,80711,78477,78069,76376,74171,71754,69775,71099,67839,65781,64636,64230,64724,66292,69524,74785,82304,84749,84680,83194,79368,81204,81843,81967,83318,82430,81711,79904,77062,74086,72141,73401,70296,68105,66863,66225,66531,67971,71027,76138,83075,84067,83115,81040,76674,78298,78735,79016,80963,80657,80397,78547,75881,73163,71154,72467
43,52184,50033,48830,48410,48751,49611,50609,50869,49523,46684,45923,44249,43073,42821,43324,45426,48750,52258,55185,55686,55445,55013,55383,55519,52485,50084,48850,48412,48682,49580,50516,50881,51616,51897,52107,50934,50706,51759,52268,52862,54032,55514,57591,57687,57132,56275,56338,56360,53355,51159,50077,49856,50704,52514,56169,61516,70552,74279,74829,73240,68237,69233,69749,70450,72392,73440,74098,72598,70697,68235,66682,68072,64830,62517,61443,61214,61937,63759,67184,72169,77641,77251,76551,75271,73277,76922,79279,80401,80711,78477,78069,76376,74171,71754,69775,71099,67839,65781,64636,64230,64724,66292,69524,74785,82304,84749,84680,83194,79368,81204,81843,81967,83318,82430,81711,79904,77062,74086,72141,73401,70296,68105,66863,66225,66531,67971,71027,76138,83075,84067,83115,81040,76674,78298,78735,79016,80963,80657,80397,78547,75881,73163,71154,72467,69599,67147,65688,65186,65418,66694,69755,74313,79299,78485,76927,73697,68885,70351,70669,71341,73536,73419,73597,72090,70576,68626,67040,68051
44,52485,50084,48850,48412,48682,49580,50516,50881,51616,51897,52107,50934,50706,51759,52268,52862,54032,55514,57591,57687,57132,56275,56338,56360,53355,51159,50077,49856,50704,52514,56169,61516,70552,74279,74829,73240,68237,69233,69749,70450,72392,73440,74098,72598,70697,68235,66682,68072,64830,62517,61443,61214,61937,63759,67184,72169,77641,77251,76551,75271,73277,76922,79279,80401,80711,78477,78069,76376,74171,71754,69775,71099,67839,65781,64636,64230,64724,66292,69524,74785,82304,84749,84680,83194,79368,81204,81843,81967,83318,82430,81711,79904,77062,74086,72141,73401,70296,68105,66863,66225,66531,67971,71027,76138,83075,84067,83115,81040,76674,78298,78735,79016,80963,80657,80397,78547,75881,73163,71154,72467,69599,67147,65688,65186,65418,66694,69755,74313,79299,78485,76927,73697,68885,70351,70669,71341,73536,73419,73597,72090,70576,68626,67040,68051,64603,61684,60086,59282,59339,59912,61115,62221,62885,61071,59834,57230,54138,54314,54587,55594,57965,59629,62175,62348,61819,61294,61155,62338
45,53355,51159,50077,49856,50704,52514,56169,61516,70552,74279,74829,73240,68237,69233,69749,70450,72392,73440,74098,72598,70697,68235,66682,68072,64830,62517,61443,61214,61937,63759,67184,72169,77641,77251,76551,75271,73277,76922,79279,80401,80711,78477,78069,76376,74171,71754,69775,71099,67839,65781,64636,64230,64724,66292,69524,74785,82304,84749,84680,83194,79368,81204,81843,81967,83318,82430,81711,79904,77062,74086,72141,73401,70296,68105,66863,66225,66531,67971,71027,76138,83075,84067,83115,81040,76674,78298,78735,79016,80963,80657,80397,78547,75881,73163,71154,72467,69599,67147,65688,65186,65418,66694,69755,74313,79299,78485,76927,73697,68885,70351,70669,71341,73536,73419,73597,72090,70576,68626,67040,68051,64603,61684,60086,59282,59339,59912,61115,62221,62885,61071,59834,57230,54138,54314,54587,55594,57965,59629,62175,62348,61819,61294,61155,62338,59218,56554,55084,54462,54774,55641,56301,56216,54517,51788,51184,49393,47952,47683,48085,49848,52999,56450,59722,60140,59700,59349,59061,58657
46,64830,62517,61443,61214,61937,63759,67184,72169,77641,77251,76551,75271,73277,76922,79279,80401,80711,78477,78069,76376,74171,71754,69775,71099,67839,65781,64636,64230,64724,66292,69524,74785,82304,84749,84680,83194,79368,81204,81843,81967,83318,82430,81711,79904,77062,74086,72141,73401,70296,68105,66863,66225,66531,67971,71027,76138,83075,84067,83115,81040,76674,78298,78735,79016,80963,80657,80397,78547,75881,73163,71154,72467,69599,67147,65688,65186,65418,66694,69755,74313,79299,78485,76927,73697,68885,70351,70669,71341,73536,73419,73597,72090,70576,68626,67040,68051,64603,61684,60086,59282,59339,59912,61115,62221,62885,61071,59834,57230,54138,54314,54587,55594,57965,59629,62175,62348,61819,61294,61155,62338,59218,56554,55084,54462,54774,55641,56301,56216,54517,51788,51184,49393,47952,47683,48085,49848,52999,56450,59722,60140,59700,59349,59061,58657,55491,53370,52246,52224,53152,55331,59173,64343,69671,69839,68604,65762,62052,64417,65237,66359,68580,68917,70422,69912,68619,66928,65333,65823
47,67839,65781,64636,64230,64724,66292,69524,74785,82304,84749,84680,83194,79368,81204,81843,81967,83318,82430,81711,79904,77062,74086,72141,73401,70296,68105,66863,66225,66531,67971,71027,76138,83075,84067,83115,81040,76674,78298,78735,79016,80963,80657,80397,78547,75881,73163,71154,72467,69599,67147,65688,65186,65418,66694,69755,74313,79299,78485,76927,73697,68885,70351,70669,71341,73536,73419,73597,72090,70576,68626,67040,68051,64603,61684,60086,59282,59339,59912,61115,62221,62885,61071,59834,57230,54138,54314,54587,55594,57965,59629,62175,62348,61819,61294,61155,62338,59218,56554,55084,54462,54774,55641,56301,56216,54517,51788,51184,49393,47952,47683,48085,49848,52999,56450,59722,60140,59700,59349,59061,58657,55491,53370,52246,52224,53152,55331,59173,64343,69671,69839,68604,65762,62052,64417,65237,66359,68580,68917,70422,69912,68619,66928,65333,65823,62279,60239,59009,58862,59677,61585,65077,69520,73896,73183,72224,69517,65514,67653,69005,70285,72469,72801,73859,72809,71120,69166,67410,67820
48,70296,68105,66863,66225,66531,67971,71027,76138,83075,84067,83115,81040,76674,78298,78735,79016,80963,80657,80397,78547,75881,73163,71154,72467,69599,67147,65688,65186,65418,66694,69755,74313,79299,78485,76927,73697,68885,70351,70669,71341,73536,73419,73597,72090,70576,68626,67040,68051,64603,61684,60086,59282,59339,59912,61115,62221,62885,61071,59834,57230,54138,54314,54587,55594,57965,59629,62175,62348,61819,61294,61155,62338,59218,56554,55084,54462,54774,55641,56301,56216,54517,51788,51184,49393,47952,47683,48085,49848,52999,56450,59722,60140,59700,59349,59061,58657,55491,53370,52246,52224,53152,55331,59173,64343,69671,69839,68604,65762,62052,64417,65237,66359,68580,68917,70422,69912,68619,66928,65333,65823,62279,60239,59009,58862,59677,61585,65077,69520,73896,73183,72224,69517,65514,67653,69005,70285,72469,72801,73859,72809,71120,69166,67410,67820,64104,61757,60370,60063,60648,62277,65418,69784,75639,76281,75195,72237,67903,69507,69779,70333,72194,71425,72187,71308,69947,68093,66432,67029
49,69599,67147,65688,65186,65418,66694,69755,74313,79299,78485,76927,73697,68885,70351,70669,71341,73536,73419,73597,72090,70576,68626,67040,68051,64603,61684,60086,59282,59339,59912,61115,62221,62885,61071,59834,57230,54138,54314,54587,55594,57965,59629,62175,62348,61819,61294,61155,62338,59218,56554,55084,54462,54774,55641,56301,56216,54517,51788,51184,49393,47952,47683,48085,49848,52999,56450,59722,60140,59700,59349,59061,58657,55491,53370,52246,52224,53152,55331,59173,64343,69671,69839,68604,65762,62052,64417,65237,66359,68580,68917,70422,69912,68619,66928,65333,65823,62279,60239,59009,58862,59677,61585,65077,69520,73896,73183,72224,69517,65514,67653,69005,70285,72469,72801,73859,72809,71120,69166,67410,67820,64104,61757,60370,60063,60648,62277,65418,69784,75639,76281,75195,72237,67903,69507,69779,70333,72194,71425,72187,71308,69947,68093,66432,67029,63313,61008,59799,59395,60188,61774,64819,69243,75613,77597,77701,76812,74059,76595,76848,76491,76722,74595,73506,71909,70123,67968,66321,67582
50,64603,61684,60086,59282,59339,59912,61115,62221,62885,61071,59834,57230,54138,54314,54587,55594,57965,59629,62175,62348,61819,61294,61155,62338,59218,56554,55084,54462,54774,55641,56301,56216,54517,51788,51184,49393,47952,47683,48085,49848,52999,56450,59722,60140,59700,59349,59061,58657,55491,53370,52246,52224,53152,55331,59173,64343,69671,69839,68604,65762,62052,64417,65237,66359,68580,68917,70422,69912,68619,66928,65333,65823,62279,60239,59009,58862,59677,61585,65077,69520,73896,73183,72224,69517,65514,67653,69005,70285,72469,72801,73859,72809,71120,69166,67410,67820,64104,61757,60370,60063,60648,62277,65418,69784,75639,76281,75195,72237,67903,69507,69779,70333,72194,71425,72187,71308,69947,68093,66432,67029,63313,61008,59799,59395,60188,61774,64819,69243,75613,77597,77701,76812,74059,76595,76848,76491,76722,74595,73506,71909,70123,67968,66321,67582,64166,61574,60120,59545,59930,61692,64723,68868,73253,72151,70590,67172,62918,64469,65392,66610,68859,68221,68701,67991,66940,65648,64180,65472
51,59218,56554,55084,54462,54774,55641,56301,56216,54517,51788,51184,49393,47952,47683,48085,49848,52999,56450,59722,60140,59700,59349,59061,58657,55491,53370,52246,52224,53152,55331,59173,64343,69671,69839,68604,65762,62052,64417,65237,66359,68580,68917,70422,69912,68619,66928,65333,65823,62279,60239,59009,58862,59677,61585,65077,69520,73896,73183,72224,69517,65514,67653,69005,70285,72469,72801,73859,72809,71120,69166,67410,67820,64104,61757,60370,60063,60648,62277,65418,69784,75639,76281,75195,72237,67903,69507,69779,70333,72194,71425,72187,71308,69947,68093,66432,67029,63313,61008,59799,59395,60188,61774,64819,69243,75613,77597,77701,76812,74059,76595,76848,76491,76722,74595,73506,71909,70123,67968,66321,67582,64166,61574,60120,59545,59930,61692,64723,68868,73253,72151,70590,67172,62918,64469,65392,66610,68859,68221,68701,67991,66940,65648,64180,65472,61810,59253,57746,57207,57526,58402,59640,60309,60494,58726,58264,56043,53135,53050,53218,54392,56460,58263,60795,61158,60567,60114,59849,60933
52,55491,53370,52246,52224,53152,55331,59173,64343,69671,69839,68604,65762,62052,64417,65237,66359,68580,68917,70422,69912,68619,66928,65333,65823,62279,60239,59009,58862,59677,61585,65077,69520,73896,73183,72224,69517,65514,67653,69005,70285,72469,72801,73859,72809,71120,69166,67410,67820,64104,61757,60370,60063,60648,62277,65418,69784,75639,76281,75195,72237,67903,69507,69779,70333,72194,71425,72187,71308,69947,68093,66432,67029,63313,61008,59799,59395,60188,61774,64819,69243,75613,77597,77701,76812,74059,76595,76848,76491,76722,74595,73506,71909,70123,67968,66321,67582,64166,61574,60120,59545,59930,61692,64723,68868,73253,72151,70590,67172,62918,64469,65392,66610,68859,68221,68701,67991,66940,65648,64180,65472,61810,59253,57746,57207,57526,58402,59640,60309,60494,58726,58264,56043,53135,53050,53218,54392,56460,58263,60795,61158,60567,60114,59849,60933,57861,55277,53841,53361,53559,54420,55157,55081,53865,52693,52913,52454,52167,53229,54586,54594,55364,57117,59305,59511,58728,58229,58230,58095
53,62279,60239,59009,58862,59677,61585,65077,69520,73896,73183,72224,69517,65514,67653,69005,70285,72469,72801,73859,72809,71120,69166,67410,67820,64104,61757,60370,60063,60648,62277,65418,69784,75639,76281,75195,72237,67903,69507,69779,70333,72194,71425,72187,71308,69947,68093,66432,67029,63313,61008,59799,59395,60188,61774,64819,69243,75613,77597,77701,76812,74059,76595,76848,76491,76722,74595,73506,71909,70123,67968,66321,67582,64166,61574,60120,59545,59930,61692,64723,68868,73253,72151,70590,67172,62918,64469,65392,66610,68859,68221,68701,67991,66940,65648,64180,65472,61810,59253,57746,57207,57526,58402,59640,60309,60494,58726,58264,56043,53135,53050,53218,54392,56460,58263,60795,61158,60567,60114,59849,60933,57861,55277,53841,53361,53559,54420,55157,55081,53865,52693,52913,52454,52167,53229,54586,54594,55364,57117,59305,59511,58728,58229,58230,58095,54813,52430,51238,50874,51421,52687,54338,56035,59366,61327,63022,63506,62286,63513,63838,63778,64162,64174,64904,64823,63829,62868,62555,62348
54,64104,61757,60370,60063,60648,62277,65418,69784,75639,76281,75195,72237,67903,69507,69779,70333,72194,71425,72187,71308,69947,68093,66432,67029,63313,61008,59799,59395,60188,61774,64819,69243,75613,77597,77701,76812,74059,76595,76848,76491,76722,74595,73506,71909,70123,67968,66321,67582,64166,61574,60120,59545,59930,61692,64723,68868,73253,72151,70590,67172,62918,64469,65392,66610,68859,68221,68701,67991,66940,65648,64180,65472,61810,59253,57746,57207,57526,58402,59640,60309,60494,58726,58264,56043,53135,53050,53218,54392,56460,58263,60795,61158,60567,60114,59849,60933,57861,55277,53841,53361,53559,54420,55157,55081,53865,52693,52913,52454,52167,53229,54586,54594,55364,57117,59305,59511,58728,58229,58230,58095,54813,52430,51238,50874,51421,52687,54338,56035,59366,61327,63022,63506,62286,63513,63838,63778,64162,64174,64904,64823,63829,62868,62555,62348,59203,56897,55942,55689,56373,58277,61974,67622,75180,77208,76045,73940,70074,70967,70755,70509,71710,72974,73939,73178,70705,68667,67111,67516
55,63313,61008,59799,59395,60188,61774,64819,69243,75613,77597,77701,76812,74059,76595,76848,76491,76722,74595,73506,71909,70123,67968,66321,67582,64166,61574,60120,59545,59930,61692,64723,68868,73253,72151,70590,67172,62918,64469,65392,66610,68859,68221,68701,67991,66940,65648,64180,65472,61810,59253,57746,57207,57526,58402,59640,60309,60494,58726,58264,56043,53135,53050,53218,54392,56460,58263,60795,61158,60567,60114,59849,60933,57861,55277,53841,53361,53559,54420,55157,55081,53865,52693,52913,52454,52167,53229,54586,54594,55364,57117,59305,59511,58728,58229,58230,58095,54813,52430,51238,50874,51421,52687,54338,56035,59366,61327,63022,63506,62286,63513,63838,63778,64162,64174,64904,64823,63829,62868,62555,62348,59203,56897,55942,55689,56373,58277,61974,67622,75180,77208,76045,73940,70074,70967,70755,70509,71710,72974,73939,73178,70705,68667,67111,67516,63984,61831,60716,60362,61082,62772,65908,70389,74748,74091,72288,69573,65343,66913,67872,69351,71275,71663,72408,71652,69560,67738,66402,66894
56,64166,61574,60120,59545,59930,61692,64723,68868,73253,72151,70590,67172,62918,64469,65392,66610,68859,68221,68701,67991,66940,65648,64180,65472,61810,59253,57746,57207,57526,58402,59640,60309,60494,58726,58264,56043,53135,53050,53218,54392,56460,58263,60795,61158,60567,60114,59849,60933,57861,55277,53841,53361,53559,54420,55157,55081,53865,52693,52913,52454,52167,53229,54586,54594,55364,57117,59305,59511,58728,58229,58230,58095,54813,52430,51238,50874,51421,52687,54338,56035,59366,61327,63022,63506,62286,63513,63838,63778,64162,64174,64904,64823,63829,62868,62555,62348,59203,56897,55942,55689,56373,58277,61974,67622,75180,77208,76045,73940,70074,70967,70755,70509,71710,72974,73939,73178,70705,68667,67111,67516,63984,61831,60716,60362,61082,62772,65908,70389,74748,74091,72288,69573,65343,66913,67872,69351,71275,71663,72408,71652,69560,67738,66402,66894,63299,61005,59762,59293,59865,61494,64699,69580,75755,76597,76059,74966,71388,73061,73166,73167,73547,73015,73239,71971,69480,67331,65994,66803
57,61810,59253,57746,57207,57526,58402,59640,60309,60494,58726,58264,56043,53135,53050,53218,54392,56460,58263,60795,61158,60567,60114,59849,60933,57861,55277,53841,53361,53559,54420,55157,55081,53865,52693,52913,52454,52167,53229,54586,54594,55364,57117,59305,59511,58728,58229,58230,58095,54813,52430,51238,50874,51421,52687,54338,56035,59366,61327,63022,63506,62286,63513,63838,63778,64162,64174,64904,64823,63829,62868,62555,62348,59203,56897,55942,55689,56373,58277,61974,67622,75180,77208,76045,73940,70074,70967,70755,70509,71710,72974,73939,73178,70705,68667,67111,67516,63984,61831,60716,60362,61082,62772,65908,70389,74748,74091,72288,69573,65343,66913,67872,69351,71275,71663,72408,71652,69560,67738,66402,66894,63299,61005,59762,59293,59865,61494,64699,69580,75755,76597,76059,74966,71388,73061,73166,73167,73547,73015,73239,71971,69480,67331,65994,66803,63418,60761,59440,59173,59705,61360,64319,68641,72682,71447,68543,64680,60096,60938,61491,63138,65726,67571,68693,68273,66582,65193,64237,64596
58,57861,55277,53841,53361,53559,54420,55157,55081,53865,52693,52913,52454,52167,53229,54586,54594,55364,57117,59305,59511,58728,58229,58230,58095,54813,52430,51238,50874,51421,52687,54338,56035,59366,61327,63022,63506,62286,63513,63838,63778,64162,64174,64904,64823,63829,62868,62555,62348,59203,56897,55942,55689,56373,58277,61974,67622,75180,77208,76045,73940,70074,70967,70755,70509,71710,72974,73939,73178,70705,68667,67111,67516,63984,61831,60716,60362,61082,62772,65908,70389,74748,74091,72288,69573,65343,66913,67872,69351,71275,71663,72408,71652,69560,67738,66402,66894,63299,61005,59762,59293,59865,61494,64699,69580,75755,76597,76059,74966,71388,73061,73166,73167,73547,73015,73239,71971,69480,67331,65994,66803,63418,60761,59440,59173,59705,61360,64319,68641,72682,71447,68543,64680,60096,60938,61491,63138,65726,67571,68693,68273,66582,65193,64237,64596,61077,58544,57297,56835,57062,57916,59217,59860,60609,59607,59404,58450,56899,58034,58077,58397,59609,60477,62348,62607,61624,60639,60241,61147
59,54813,52430,51238,50874,51421,52687,54338,56035,59366,61327,63022,63506,62286,63513,63838,63778,64162,64174,64904,64823,63829,62868,62555,62348,59203,56897,55942,55689,56373,58277,61974,67622,75180,77208,76045,73940,70074,70967,70755,70509,71710,72974,73939,73178,70705,68667,67111,67516,63984,61831,60716,60362,61082,62772,65908,70389,74748,74091,72288,69573,65343,66913,67872,69351,71275,71663,72408,71652,69560,67738,66402,66894,63299,61005,59762,59293,59865,61494,64699,69580,75755,76597,76059,74966,71388,73061,73166,73167,73547,73015,73239,71971,69480,67331,65994,66803,63418,60761,59440,59173,59705,61360,64319,68641,72682,71447,68543,64680,60096,60938,61491,63138,65726,67571,68693,68273,66582,65193,64237,64596,61077,58544,57297,56835,57062,57916,59217,59860,60609,59607,59404,58450,56899,58034,58077,58397,59609,60477,62348,62607,61624,60639,60241,61147,58108,55377,53947,53274,53622,54405,54986,54946,54800,53889,53775,52351,50911,50582,50366,51395,53417,56140,59484,60702,60336,59702,59358,58912
60,59203,56897,55942,55689,56373,58277,61974,67622,75180,77208,76045,73940,70074,70967,70755,70509,71710,72974,73939,73178,70705,68667,67111,67516,63984,61831,60716,60362,61082,62772,65908,70389,74748,74091,72288,69573,65343,66913,67872,69351,71275,71663,72408,71652,69560,67738,66402,66894,63299,61005,59762,59293,59865,61494,64699,69580,75755,76597,76059,74966,71388,73061,73166,73167,73547,73015,73239,71971,69480,67331,65994,66803,63418,60761,59440,59173,59705,61360,64319,68641,72682,71447,68543,64680,60096,60938,61491,63138,65726,67571,68693,68273,66582,65193,64237,64596,61077,58544,57297,56835,57062,57916,59217,59860,60609,59607,59404,58450,56899,58034,58077,58397,59609,60477,62348,62607,61624,60639,60241,61147,58108,55377,53947,53274,53622,54405,54986,54946,54800,53889,53775,52351,50911,50582,50366,51395,53417,56140,59484,60702,60336,59702,59358,58912,56003,53837,52921,52885,53849,56099,60042,65658,71789,71435,68554,65037,60859,62279,63259,65198,67735,69491,71063,70517,68241,66324,64878,65095
61,63984,61831,60716,60362,61082,62772,65908,70389,74748,74091,72288,69573,65343,66913,67872,69351,71275,71663,72408,71652,69560,67738,66402,66894,63299,61005,59762,59293,59865,61494,64699,69580,75755,76597,76059,74966,71388,73061,73166,73167,73547,73015,73239,71971,69480,67331,65994,66803,63418,60761,59440,59173,59705,61360,64319,68641,72682,71447,68543,64680,60096,60938,61491,63138,65726,67571,68693,68273,66582,65193,64237,64596,61077,58544,57297,56835,57062,57916,59217,59860,60609,59607,59404,58450,56899,58034,58077,58397,59609,60477,62348,62607,61624,60639,60241,61147,58108,55377,53947,53274,53622,54405,54986,54946,54800,53889,53775,52351,50911,50582,50366,51395,53417,56140,59484,60702,60336,59702,59358,58912,56003,53837,52921,52885,53849,56099,60042,65658,71789,71435,68554,65037,60859,62279,63259,65198,67735,69491,71063,70517,68241,66324,64878,65095,61359,58984,57988,57768,58470,60294,63539,68001,72893,72308,69312,65610,61328,62732,63832,65972,68181,69383,70787,70291,68297,66320,64850,65080
62,63299,61005,59762,59293,59865,61494,64699,69580,75755,76597,76059,74966,71388,73061,73166,73167,73547,73015,73239,71971,69480,67331,65994,66803,63418,60761,59440,59173,59705,61360,64319,68641,72682,71447,68543,64680,60096,60938,61491,63138,65726,67571,68693,68273,66582,65193,64237,64596,61077,58544,57297,56835,57062,57916,59217,59860,60609,59607,59404,58450,56899,58034,58077,58397,59609,60477,62348,62607,61624,60639,60241,61147,58108,55377,53947,53274,53622,54405,54986,54946,54800,53889,53775,52351,50911,50582,50366,51395,53417,56140,59484,60702,60336,59702,59358,58912,56003,53837,52921,52885,53849,56099,60042,65658,71789,71435,68554,65037,60859,62279,63259,65198,67735,69491,71063,70517,68241,66324,64878,65095,61359,58984,57988,57768,58470,60294,63539,68001,72893,72308,69312,65610,61328,62732,63832,65972,68181,69383,70787,70291,68297,66320,64850,65080,61427,59098,58111,57853,58506,60239,63598,67642,70943,69283,66718,63646,59346,60552,61416,63081,65779,67202,68721,68551,67037,65476,64203,64478
63,63418,60761,59440,59173,59705,61360,64319,68641,72682,71447,68543,64680,60096,60938,61491,63138,65726,67571,68693,68273,66582,65193,64237,64596,61077,58544,57297,56835,57062,57916,59217,59860,60609,59607,59404,58450,56899,58034,58077,58397,59609,60477,62348,62607,61624,60639,60241,61147,58108,55377,53947,53274,53622,54405,54986,54946,54800,53889,53775,52351,50911,50582,50366,51395,53417,56140,59484,60702,60336,59702,59358,58912,56003,53837,52921,52885,53849,56099,60042,65658,71789,71435,68554,65037,60859,62279,63259,65198,67735,69491,71063,70517,68241,66324,64878,65095,61359,58984,57988,57768,58470,60294,63539,68001,72893,72308,69312,65610,61328,62732,63832,65972,68181,69383,70787,70291,68297,66320,64850,65080,61427,59098,58111,57853,58506,60239,63598,67642,70943,69283,66718,63646,59346,60552,61416,63081,65779,67202,68721,68551,67037,65476,64203,64478,60924,58710,57753,57463,58024,59928,63067,66979,71172,69933,66985,64046,60121,61307,61980,64114,67143,68151,68914,68627,66600,64907,63465,63475
64,61077,58544,57297,56835,57062,57916,59217,59860,60609,59607,59404,58450,56899,58034,58077,58397,59609,60477,62348,62607,61624,60639,60241,61147,58108,55377,53947,53274,53622,54405,54986,54946,54800,53889,53775,52351,50911,50582,50366,51395,53417,56140,59484,60702,60336,59702,59358,58912,56003,53837,52921,52885,53849,56099,60042,65658,71789,71435,68554,65037,60859,62279,63259,65198,67735,69491,71063,70517,68241,66324,64878,65095,61359,58984,57988,57768,58470,60294,63539,68001,72893,72308,69312,65610,61328,62732,63832,65972,68181,69383,70787,70291,68297,66320,64850,65080,61427,59098,58111,57853,58506,60239,63598,67642,70943,69283,66718,63646,59346,60552,61416,63081,65779,67202,68721,68551,67037,65476,64203,64478,60924,58710,57753,57463,58024,59928,63067,66979,71172,69933,66985,64046,60121,61307,61980,64114,67143,68151,68914,68627,66600,64907,63465,63475,59635,57264,56274,55983,56676,58419,61460,66294,72453,73861,73010,72224,69236,70952,71290,71022,70629,69413,69294,68668,66514,64751,63720,64256
65,58108,55377,53947,53274,53622,54405,54986,54946,54800,53889,53775,52351,50911,50582,50366,51395,53417,56140,59484,60702,60336,59702,59358,58912,56003,53837,52921,52885,53849,56099,60042,65658,71789,71435,68554,65037,60859,62279,63259,65198,67735,69491,71063,70517,68241,66324,64878,65095,61359,58984,57988,57768,58470,60294,63539,68001,72893,72308,69312,65610,61328,62732,63832,65972,68181,69383,70787,70291,68297,66320,64850,65080,61427,59098,58111,57853,58506,60239,63598,67642,70943,69283,66718,63646,59346,60552,61416,63081,65779,67202,68721,68551,67037,65476,64203,64478,60924,58710,57753,57463,58024,59928,63067,66979,71172,69933,66985,64046,60121,61307,61980,64114,67143,68151,68914,68627,66600,64907,63465,63475,59635,57264,56274,55983,56676,58419,61460,66294,72453,73861,73010,72224,69236,70952,71290,71022,70629,69413,69294,68668,66514,64751,63720,64256,60715,58048,56729,56212,56573,57444,58653,58874,58284,55900,54556,52241,49944,50613,51578,53238,55036,56580,59053,59825,59504,58786,58404,59415
66,56003,53837,52921,52885,53849,56099,60042,65658,71789,71435,68554,65037,60859,62279,63259,65198,67735,69491,71063,70517,68241,66324,64878,65095,61359,58984,57988,57768,58470,60294,63539,68001,72893,72308,69312,65610,61328,62732,63832,65972,68181,69383,70787,70291,68297,66320,64850,65080,61427,59098,58111,57853,58506,60239,63598,67642,70943,69283,66718,63646,59346,60552,61416,63081,65779,67202,68721,68551,67037,65476,64203,64478,60924,58710,57753,57463,58024,59928,63067,66979,71172,69933,66985,64046,60121,61307,61980,64114,67143,68151,68914,68627,66600,64907,63465,63475,59635,57264,56274,55983,56676,58419,61460,66294,72453,73861,73010,72224,69236,70952,71290,71022,70629,69413,69294,68668,66514,64751,63720,64256,60715,58048,56729,56212,56573,57444,58653,58874,58284,55900,54556,52241,49944,50613,51578,53238,55036,56580,59053,59825,59504,58786,58404,59415,56086,53644,52219,51869,52269,53243,53949,53304,51638,49665,48872,47427,46797,47262,47865,49269,51558,54564,57769,58921,58751,58227,57908,57296
67,61359,58984,57988,57768,58470,60294,63539,68001,72893,72308,69312,65610,61328,62732,63832,65972,68181,69383,70787,70291,68297,66320,64850,65080,61427,59098,58111,57853,58506,60239,63598,67642,70943,69283,66718,63646,59346,60552,61416,63081,65779,67202,68721,68551,67037,65476,64203,64478,60924,58710,57753,57463,58024,59928,63067,66979,71172,69933,66985,64046,60121,61307,61980,64114,67143,68151,68914,68627,66600,64907,63465,63475,59635,57264,56274,55983,56676,58419,61460,66294,72453,73861,73010,72224,69236,70952,71290,71022,70629,69413,69294,68668,66514,64751,63720,64256,60715,58048,56729,56212,56573,57444,58653,58874,58284,55900,54556,52241,49944,50613,51578,53238,55036,56580,59053,59825,59504,58786,58404,59415,56086,53644,52219,51869,52269,53243,53949,53304,51638,49665,48872,47427,46797,47262,47865,49269,51558,54564,57769,58921,58751,58227,57908,57296,54226,52157,51057,50979,51877,54113,57825,62740,67732,67590,65207,62822,59933,61828,62645,64033,66731,67833,68220,67684,65593,63825,62474,62579
68,61427,59098,58111,57853,58506,60239,63598,67642,70943,69283,66718,63646,59346,60552,61416,63081,65779,67202,68721,68551,67037,65476,64203,64478,60924,58710,57753,57463,58024,59928,63067,66979,71172,69933,66985,64046,60121,61307,61980,64114,67143,68151,68914,68627,66600,64907,63465,63475,59635,57264,56274,55983,56676,58419,61460,66294,72453,73861,73010,72224,69236,70952,71290,71022,70629,69413,69294,68668,66514,64751,63720,64256,60715,58048,56729,56212,56573,57444,58653,58874,58284,55900,54556,52241,49944,50613,51578,53238,55036,56580,59053,59825,59504,58786,58404,59415,56086,53644,52219,51869,52269,53243,53949,53304,51638,49665,48872,47427,46797,47262,47865,49269,51558,54564,57769,58921,58751,58227,57908,57296,54226,52157,51057,50979,51877,54113,57825,62740,67732,67590,65207,62822,59933,61828,62645,64033,66731,67833,68220,67684,65593,63825,62474,62579,59031,56830,55814,55434,56121,57935,60970,64798,67848,66254,63968,61378,57592,59158,60127,61845,64551,66680,68470,68547,66706,64947,63580,63707
69,60924,58710,57753,57463,58024,59928,63067,66979,71172,69933,66985,64046,60121,61307,61980,64114,67143,68151,68914,68627,66600,64907,63465,63475,59635,57264,56274,55983,56676,58419,61460,66294,72453,73861,73010,72224,69236,70952,71290,71022,70629,69413,69294,68668,66514,64751,63720,64256,60715,58048,56729,56212,56573,57444,58653,58874,58284,55900,54556,52241,49944,50613,51578,53238,55036,56580,59053,59825,59504,58786,58404,59415,56086,53644,52219,51869,52269,53243,53949,53304,51638,49665,48872,47427,46797,47262,47865,49269,51558,54564,57769,58921,58751,58227,57908,57296,54226,52157,51057,50979,51877,54113,57825,62740,67732,67590,65207,62822,59933,61828,62645,64033,66731,67833,68220,67684,65593,63825,62474,62579,59031,56830,55814,55434,56121,57935,60970,64798,67848,66254,63968,61378,57592,59158,60127,61845,64551,66680,68470,68547,66706,64947,63580,63707,60054,57948,57037,56823,57578,59339,62446,65735,67595,65810,63892,61305,57808,59300,60377,62264,64803,65950,67362,67684,66046,64703,63397,63409
70,59635,57264,56274,55983,56676,58419,61460,66294,72453,73861,73010,72224,69236,70952,71290,71022,70629,69413,69294,68668,66514,64751,63720,64256,60715,58048,56729,56212,56573,57444,58653,58874,58284,55900,54556,52241,49944,50613,51578,53238,55036,56580,59053,59825,59504,58786,58404,59415,56086,53644,52219,51869,52269,53243,53949,53304,51638,49665,48872,47427,46797,47262,47865,49269,51558,54564,57769,58921,58751,58227,57908,57296,54226,52157,51057,50979,51877,54113,57825,62740,67732,67590,65207,62822,59933,61828,62645,64033,66731,67833,68220,67684,65593,63825,62474,62579,59031,56830,55814,55434,56121,57935,60970,64798,67848,66254,63968,61378,57592,59158,60127,61845,64551,66680,68470,68547,66706,64947,63580,63707,60054,57948,57037,56823,57578,59339,62446,65735,67595,65810,63892,61305,57808,59300,60377,62264,64803,65950,67362,67684,66046,64703,63397,63409,59555,57447,56572,56409,57051,58879,61824,65089,67769,66159,64385,61940,58073,59475,60641,62385,65016,66776,68081,67902,66059,64496,63065,62915
71,60715,58048,56729,56212,56573,57444,58653,58874,58284,55900,54556,52241,49944,50613,51578,53238,55036,56580,59053,59825,59504,58786,58404,59415,56086,53644,52219,51869,52269,53243,53949,53304,51638,49665,48872,47427,46797,47262,47865,49269,51558,54564,57769,58921,58751,58227,57908,57296,54226,52157,51057,50979,51877,54113,57825,62740,67732,67590,65207,62822,59933,61828,62645,64033,66731,67833,68220,67684,65593,63825,62474,62579,59031,56830,55814,55434,56121,57935,60970,64798,67848,66254,63968,61378,57592,59158,60127,61845,64551,66680,68470,68547,66706,64947,63580,63707,60054,57948,57037,56823,57578,59339,62446,65735,67595,65810,63892,61305,57808,59300,60377,62264,64803,65950,67362,67684,66046,64703,63397,63409,59555,57447,56572,56409,57051,58879,61824,65089,67769,66159,64385,61940,58073,59475,60641,62385,65016,66776,68081,67902,66059,64496,63065,62915,59091,56905,55723,55546,56144,57716,60554,63991,67369,65800,62835,60425,57498,59523,60537,62258,64229,64962,65821,65838,64418,62962,61832,61880
72,56086,53644,52219,51869,52269,53243,53949,53304,51638,49665,48872,47427,46797,47262,47865,49269,51558,54564,57769,58921,58751,58227,57908,57296,54226,52157,51057,50979,51877,54113,57825,62740,67732,67590,65207,62822,59933,61828,62645,64033,66731,67833,68220,67684,65593,63825,62474,62579,59031,56830,55814,55434,56121,57935,60970,64798,67848,66254,63968,61378,57592,59158,60127,61845,64551,66680,68470,68547,66706,64947,63580,63707,60054,57948,57037,56823,57578,59339,62446,65735,67595,65810,63892,61305,57808,59300,60377,62264,64803,65950,67362,67684,66046,64703,63397,63409,59555,57447,56572,56409,57051,58879,61824,65089,67769,66159,64385,61940,58073,59475,60641,62385,65016,66776,68081,67902,66059,64496,63065,62915,59091,56905,55723,55546,56144,57716,60554,63991,67369,65800,62835,60425,57498,59523,60537,62258,64229,64962,65821,65838,64418,62962,61832,61880,58111,55833,54547,54086,54238,55237,56456,57544,59536,60519,61460,61248,59655,60207,59918,59194,58791,58611,59648,59811,59081,58160,57583,58485
73,54226,52157,51057,50979,51877,54113,57825,62740,67732,67590,65207,62822,59933,61828,62645,64033,66731,67833,68220,67684,65593,63825,62474,62579,59031,56830,55814,55434,56121,57935,60970,64798,67848,66254,63968,61378,57592,59158,60127,61845,64551,66680,68470,68547,66706,64947,63580,63707,60054,57948,57037,56823,57578,59339,62446,65735,67595,65810,63892,61305,57808,59300,60377,62264,64803,65950,67362,67684,66046,64703,63397,63409,59555,57447,56572,56409,57051,58879,61824,65089,67769,66159,64385,61940,58073,59475,60641,62385,65016,66776,68081,67902,66059,64496,63065,62915,59091,56905,55723,55546,56144,57716,60554,63991,67369,65800,62835,60425,57498,59523,60537,62258,64229,64962,65821,65838,64418,62962,61832,61880,58111,55833,54547,54086,54238,55237,56456,57544,59536,60519,61460,61248,59655,60207,59918,59194,58791,58611,59648,59811,59081,58160,57583,58485,55206,52693,51309,50844,51224,52203,52781,52611,51756,50840,50959,49929,48474,48007,47850,48878,51629,54905,58067,59578,59280,58725,58227,57767
74,59031,56830,55814,55434,56121,57935,60970,64798,67848,66254,63968,61378,57592,59158,60127,61845,64551,66680,68470,68547,66706,64947,63580,63707,60054,57948,57037,56823,57578,59339,62446,65735,67595,65810,63892,61305,57808,59300,60377,62264,64803,65950,67362,67684,66046,64703,63397,63409,59555,57447,56572,56409,57051,58879,61824,65089,67769,66159,64385,61940,58073,59475,60641,62385,65016,66776,68081,67902,66059,64496,63065,62915,59091,56905,55723,55546,56144,57716,60554,63991,67369,65800,62835,60425,57498,59523,60537,62258,64229,64962,65821,65838,64418,62962,61832,61880,58111,55833,54547,54086,54238,55237,56456,57544,59536,60519,61460,61248,59655,60207,59918,59194,58791,58611,59648,59811,59081,58160,57583,58485,55206,52693,51309,50844,51224,52203,52781,52611,51756,50840,50959,49929,48474,48007,47850,48878,51629,54905,58067,59578,59280,58725,58227,57767,54734,52511,51391,51322,52217,54483,58332,62475,66050,65193,64096,62006,58854,60465,61552,63093,65652,67313,68873,68820,66888,65095,63921,64085
75,60054,57948,57037,56823,57578,59339,62446,65735,67595,65810,63892,61305,57808,59300,60377,62264,64803,65950,67362,67684,66046,64703,63397,63409,59555,57447,56572,56409,57051,58879,61824,65089,67769,66159,64385,61940,58073,59475,60641,62385,65016,66776,68081,67902,66059,64496,63065,62915,59091,56905,55723,55546,56144,57716,60554,63991,67369,65800,62835,60425,57498,59523,60537,62258,64229,64962,65821,65838,64418,62962,61832,61880,58111,55833,54547,54086,54238,55237,56456,57544,59536,60519,61460,61248,59655,60207,59918,59194,58791,58611,59648,59811,59081,58160,57583,58485,55206,52693,51309,50844,51224,52203,52781,52611,51756,50840,50959,49929,48474,48007,47850,48878,51629,54905,58067,59578,59280,58725,58227,57767,54734,52511,51391,51322,52217,54483,58332,62475,66050,65193,64096,62006,58854,60465,61552,63093,65652,67313,68873,68820,66888,65095,63921,64085,60483,58181,57194,56967,57662,59461,62522,65438,67908,66226,64061,61468,57603,59018,60096,61778,64382,66227,67748,68079,66279,64755,63311,63349
76,59555,57447,56572,56409,57051,58879,61824,65089,67769,66159,64385,61940,58073,59475,60641,62385,65016,66776,68081,67902,66059,64496,63065,62915,59091,56905,55723,55546,56144,57716,60554,63991,67369,65800,62835,60425,57498,59523,60537,62258,64229,64962,65821,65838,64418,62962,61832,61880,58111,55833,54547,54086,54238,55237,56456,57544,59536,60519,61460,61248,59655,60207,59918,59194,58791,58611,59648,59811,59081,58160,57583,58485,55206,52693,51309,50844,51224,52203,52781,52611,51756,50840,50959,49929,48474,48007,47850,48878,51629,54905,58067,59578,59280,58725,58227,57767,54734,52511,51391,51322,52217,54483,58332,62475,66050,65193,64096,62006,58854,60465,61552,63093,65652,67313,68873,68820,66888,65095,63921,64085,60483,58181,57194,56967,57662,59461,62522,65438,67908,66226,64061,61468,57603,59018,60096,61778,64382,66227,67748,68079,66279,64755,63311,63349,59755,57518,56596,56395,57116,58867,61556,64707,68196,67430,65788,63493,59366,60817,61083,62216,64397,65568,66864,67282,65882,64341,63083,63053
77,59091,56905,55723,55546,56144,57716,60554,63991,67369,65800,62835,60425,57498,59523,60537,62258,64229,64962,65821,65838,64418,62962,61832,61880,58111,55833,54547,54086,54238,55237,56456,57544,59536,60519,61460,61248,59655,60207,59918,59194,58791,58611,59648,59811,59081,58160,57583,58485,55206,52693,51309,50844,51224,52203,52781,52611,51756,50840,50959,49929,48474,48007,47850,48878,51629,54905,58067,59578,59280,58725,58227,57767,54734,52511,51391,51322,52217,54483,58332,62475,66050,65193,64096,62006,58854,60465,61552,63093,65652,67313,68873,68820,66888,65095,63921,64085,60483,58181,57194,56967,57662,59461,62522,65438,67908,66226,64061,61468,57603,59018,60096,61778,64382,66227,67748,68079,66279,64755,63311,63349,59755,57518,56596,56395,57116,58867,61556,64707,68196,67430,65788,63493,59366,60817,61083,62216,64397,65568,66864,67282,65882,64341,63083,63053,59256,57060,55951,55701,56366,58043,60868,63533,65477,63366,61547,59282,55864,57444,58711,60695,63399,65211,66761,67429,65845,64208,62920,62733
78,58111,55833,54547,54086,54238,55237,56456,57544,59536,60519,61460,61248,59655,60207,59918,59194,58791,58611,59648,59811,59081,58160,57583,58485,55206,52693,51309,50844,51224,52203,52781,52611,51756,50840,50959,49929,48474,48007,47850,48878,51629,54905,58067,59578,59280,58725,58227,57767,54734,52511,51391,51322,52217,54483,58332,62475,66050,65193,64096,62006,58854,60465,61552,63093,65652,67313,68873,68820,66888,65095,63921,64085,60483,58181,57194,56967,57662,59461,62522,65438,67908,66226,64061,61468,57603,59018,60096,61778,64382,66227,67748,68079,66279,64755,63311,63349,59755,57518,56596,56395,57116,58867,61556,64707,68196,67430,65788,63493,59366,60817,61083,62216,64397,65568,66864,67282,65882,64341,63083,63053,59256,57060,55951,55701,56366,58043,60868,63533,65477,63366,61547,59282,55864,57444,58711,60695,63399,65211,66761,67429,65845,64208,62920,62733,58965,56606,55628,55359,55960,57720,60667,63586,66019,63746,61517,60321,57947,59701,60084,61134,62637,63598,64728,65073,63761,62488,61358,61409
79,55206,52693,51309,50844,51224,52203,52781,52611,51756,50840,50959,49929,48474,48007,47850,48878,51629,54905,58067,59578,59280,58725,58227,57767,54734,52511,51391,51322,52217,54483,58332,62475,66050,65193,64096,62006,58854,60465,61552,63093,65652,67313,68873,68820,66888,65095,63921,64085,60483,58181,57194,56967,57662,59461,62522,65438,67908,66226,64061,61468,57603,59018,60096,61778,64382,66227,67748,68079,66279,64755,63311,63349,59755,57518,56596,56395,57116,58867,61556,64707,68196,67430,65788,63493,59366,60817,61083,62216,64397,65568,66864,67282,65882,64341,63083,63053,59256,57060,55951,55701,56366,58043,60868,63533,65477,63366,61547,59282,55864,57444,58711,60695,63399,65211,66761,67429,65845,64208,62920,62733,58965,56606,55628,55359,55960,57720,60667,63586,66019,63746,61517,60321,57947,59701,60084,61134,62637,63598,64728,65073,63761,62488,61358,61409,57565,55144,53990,53723,53986,54804,55831,56114,56997,57254,58160,58291,57303,58654,58652,58576,58707,58545,59154,59368,58518,57640,57132,57552
80,54734,52511,51391,51322,52217,54483,58332,62475,66050,65193,64096,62006,58854,60465,61552,63093,65652,67313,68873,68820,66888,65095,63921,64085,60483,58181,57194,56967,57662,59461,62522,65438,67908,66226,64061,61468,57603,59018,60096,61778,64382,66227,67748,68079,66279,64755,63311,63349,59755,57518,56596,56395,57116,58867,61556,64707,68196,67430,65788,63493,59366,60817,61083,62216,64397,65568,66864,67282,65882,64341,63083,63053,59256,57060,55951,55701,56366,58043,60868,63533,65477,63366,61547,59282,55864,57444,58711,60695,63399,65211,66761,67429,65845,64208,62920,62733,58965,56606,55628,55359,55960,57720,60667,63586,66019,63746,61517,60321,57947,59701,60084,61134,62637,63598,64728,65073,63761,62488,61358,61409,57565,55144,53990,53723,53986,54804,55831,56114,56997,57254,58160,58291,57303,58654,58652,58576,58707,58545,59154,59368,58518,57640,57132,57552,54142,51451,50144,49742,50055,50749,51355,51618,51875,52090,52685,52277,51198,50871,50420,50332,51665,54006,56363,57877,57608,56810,56455,55785
81,60483,58181,57194,56967,57662,59461,62522,65438,67908,66226,64061,61468,57603,59018,60096,61778,64382,66227,67748,68079,66279,64755,63311,63349,59755,57518,56596,56395,57116,58867,61556,64707,68196,67430,65788,63493,59366,60817,61083,62216,64397,65568,66864,67282,65882,64341,63083,63053,59256,57060,55951,55701,56366,58043,60868,63533,65477,63366,61547,59282,55864,57444,58711,60695,63399,65211,66761,67429,65845,64208,62920,62733,58965,56606,55628,55359,55960,57720,60667,63586,66019,63746,61517,60321,57947,59701,60084,61134,62637,63598,64728,65073,63761,62488,61358,61409,57565,55144,53990,53723,53986,54804,55831,56114,56997,57254,58160,58291,57303,58654,58652,58576,58707,58545,59154,59368,58518,57640,57132,57552,54142,51451,50144,49742,50055,50749,51355,51618,51875,52090,52685,52277,51198,50871,50420,50332,51665,54006,56363,57877,57608,56810,56455,55785,52604,50212,49175,49067,49866,52089,55505,59867,64295,63462,61852,59703,56723,58685,60925,62339,64357,65367,66173,66819,65038,63395,61996,61637
82,59755,57518,56596,56395,57116,58867,61556,64707,68196,67430,65788,63493,59366,60817,61083,62216,64397,65568,66864,67282,65882,64341,63083,63053,59256,57060,55951,55701,56366,58043,60868,63533,65477,63366,61547,59282,55864,57444,58711,60695,63399,65211,66761,67429,65845,64208,62920,62733,58965,56606,55628,55359,55960,57720,60667,63586,66019,63746,61517,60321,57947,59701,60084,61134,62637,63598,64728,65073,63761,62488,61358,61409,57565,55144,53990,53723,53986,54804,55831,56114,56997,57254,58160,58291,57303,58654,58652,58576,58707,58545,59154,59368,58518,57640,57132,57552,54142,51451,50144,49742,50055,50749,51355,51618,51875,52090,52685,52277,51198,50871,50420,50332,51665,54006,56363,57877,57608,56810,56455,55785,52604,50212,49175,49067,49866,52089,55505,59867,64295,63462,61852,59703,56723,58685,60925,62339,64357,65367,66173,66819,65038,63395,61996,61637,57747,55685,54832,54620,55220,56939,59717,62529,65028,63583,61195,58704,55263,56892,58261,59908,62453,64221,65541,66325,64858,63446,62193,61568
83,59256,57060,55951,55701,56366,58043,60868,63533,65477,63366,61547,59282,55864,57444,58711,60695,63399,65211,66761,67429,65845,64208,62920,62733,58965,56606,55628,55359,55960,57720,60667,63586,66019,63746,61517,60321,57947,59701,60084,61134,62637,63598,64728,65073,63761,62488,61358,61409,57565,55144,53990,53723,53986,54804,55831,56114,56997,57254,58160,58291,57303,58654,58652,58576,58707,58545,59154,59368,58518,57640,57132,57552,54142,51451,50144,49742,50055,50749,51355,51618,51875,52090,52685,52277,51198,50871,50420,50332,51665,54006,56363,57877,57608,56810,56455,55785,52604,50212,49175,49067,49866,52089,55505,59867,64295,63462,61852,59703,56723,58685,60925,62339,64357,65367,66173,66819,65038,63395,61996,61637,57747,55685,54832,54620,55220,56939,59717,62529,65028,63583,61195,58704,55263,56892,58261,59908,62453,64221,65541,66325,64858,63446,62193,61568,57641,55557,54665,54490,55317,56992,58975,61009,63468,62153,60597,58463,55630,57451,58806,60683,63194,64159,65048,65755,64479,63083,61378,61091
84,58965,56606,55628,55359,55960,57720,60667,63586,66019,63746,61517,60321,57947,59701,60084,61134,62637,63598,64728,65073,63761,62488,61358,61409,57565,55144,53990,53723,53986,54804,55831,56114,56997,57254,58160,58291,57303,58654,58652,58576,58707,58545,59154,59368,58518,57640,57132,57552,54142,51451,50144,49742,50055,50749,51355,51618,51875,52090,52685,52277,51198,50871,50420,50332,51665,54006,56363,57877,57608,56810,56455,55785,52604,50212,49175,49067,49866,52089,55505,59867,64295,63462,61852,59703,56723,58685,60925,62339,64357,65367,66173,66819,65038,63395,61996,61637,57747,55685,54832,54620,55220,56939,59717,62529,65028,63583,61195,58704,55263,56892,58261,59908,62453,64221,65541,66325,64858,63446,62193,61568,57641,55557,54665,54490,55317,56992,58975,61009,63468,62153,60597,58463,55630,57451,58806,60683,63194,64159,65048,65755,64479,63083,61378,61091,57364,55519,54462,54117,54718,56250,58715,60963,63021,62092,61492,60431,58234,60871,62430,63370,64982,65215,65788,66192,64637,62904,61315,60853
85,57565,55144,53990,53723,53986,54804,55831,56114,56997,57254,58160,58291,57303,58654,58652,58576,58707,58545,59154,59368,58518,57640,57132,57552,54142,51451,50144,49742,50055,50749,51355,51618,51875,52090,52685,52277,51198,50871,50420,50332,51665,54006,56363,57877,57608,56810,56455,55785,52604,50212,49175,49067,49866,52089,55505,59867,64295,63462,61852,59703,56723,58685,60925,62339,64357,65367,66173,66819,65038,63395,61996,61637,57747,55685,54832,54620,55220,56939,59717,62529,65028,63583,61195,58704,55263,56892,58261,59908,62453,64221,65541,66325,64858,63446,62193,61568,57641,55557,54665,54490,55317,56992,58975,61009,63468,62153,60597,58463,55630,57451,58806,60683,63194,64159,65048,65755,64479,63083,61378,61091,57364,55519,54462,54117,54718,56250,58715,60963,63021,62092,61492,60431,58234,60871,62430,63370,64982,65215,65788,66192,64637,62904,61315,60853,57097,54862,53822,53410,54088,55533,57948,60480,63344,62635,61245,59516,56490,59407,61222,62265,63540,63629,64166,64600,63183,61752,60308,59904
86,54142,51451,50144,49742,50055,50749,51355,51618,51875,52090,52685,52277,51198,50871,50420,50332,51665,54006,56363,57877,57608,56810,56455,55785,52604,50212,49175,49067,49866,52089,55505,59867,64295,63462,61852,59703,56723,58685,60925,62339,64357,65367,66173,66819,65038,63395,61996,61637,57747,55685,54832,54620,55220,56939,59717,62529,65028,63583,61195,58704,55263,56892,58261,59908,62453,64221,65541,66325,64858,63446,62193,61568,57641,55557,54665,54490,55317,56992,58975,61009,63468,62153,60597,58463,55630,57451,58806,60683,63194,64159,65048,65755,64479,63083,61378,61091,57364,55519,54462,54117,54718,56250,58715,60963,63021,62092,61492,60431,58234,60871,62430,63370,64982,65215,65788,66192,64637,62904,61315,60853,57097,54862,53822,53410,54088,55533,57948,60480,63344,62635,61245,59516,56490,59407,61222,62265,63540,63629,64166,64600,63183,61752,60308,59904,56237,54037,52935,52249,52385,53279,54103,55069,56960,57337,58128,58356,57499,58799,59014,58790,58537,58147,58564,59025,58227,57361,56580,56577
87,52604,50212,49175,49067,49866,52089,55505,59867,64295,63462,61852,59703,56723,58685,60925,62339,64357,65367,66173,66819,65038,63395,61996,61637,57747,55685,54832,54620,55220,56939,59717,62529,65028,63583,61195,58704,55263,56892,58261,59908,62453,64221,65541,66325,64858,63446,62193,61568,57641,55557,54665,54490,55317,56992,58975,61009,63468,62153,60597,58463,55630,57451,58806,60683,63194,64159,65048,65755,64479,63083,61378,61091,57364,55519,54462,54117,54718,56250,58715,60963,63021,62092,61492,60431,58234,60871,62430,63370,64982,65215,65788,66192,64637,62904,61315,60853,57097,54862,53822,53410,54088,55533,57948,60480,63344,62635,61245,59516,56490,59407,61222,62265,63540,63629,64166,64600,63183,61752,60308,59904,56237,54037,52935,52249,52385,53279,54103,55069,56960,57337,58128,58356,57499,58799,59014,58790,58537,58147,58564,59025,58227,57361,56580,56577,53326,50976,49649,49198,49491,50305,50937,51504,51784,52224,52650,51988,51029,50681,50750,51456,52664,54588,56355,57780,57503,56524,55876,54943
88,57747,55685,54832,54620,55220,56939,59717,62529,65028,63583,61195,58704,55263,56892,58261,59908,62453,64221,65541,66325,64858,63446,62193,61568,57641,55557,54665,54490,55317,56992,58975,61009,63468,62153,60597,58463,55630,57451,58806,60683,63194,64159,65048,65755,64479,63083,61378,61091,57364,55519,54462,54117,54718,56250,58715,60963,63021,62092,61492,60431,58234,60871,62430,63370,64982,65215,65788,66192,64637,62904,61315,60853,57097,54862,53822,53410,54088,55533,57948,60480,63344,62635,61245,59516,56490,59407,61222,62265,63540,63629,64166,64600,63183,61752,60308,59904,56237,54037,52935,52249,52385,53279,54103,55069,56960,57337,58128,58356,57499,58799,59014,58790,58537,58147,58564,59025,58227,57361,56580,56577,53326,50976,49649,49198,49491,50305,50937,51504,51784,52224,52650,51988,51029,50681,50750,51456,52664,54588,56355,57780,57503,56524,55876,54943,51812,49849,48887,48895,49744,51778,55256,58336,61020,60299,59232,57280,54356,55977,57623,59240,61854,63946,65370,66231,64719,62993,61615,61216
89,57641,55557,54665,54490,55317,56992,58975,61009,63468,62153,60597,58463,55630,57451,58806,60683,63194,64159,65048,65755,64479,63083,61378,61091,57364,55519,54462,54117,54718,56250,58715,60963,63021,62092,61492,60431,58234,60871,62430,63370,64982,65215,65788,66192,64637,62904,61315,60853,57097,54862,53822,53410,54088,55533,57948,60480,63344,62635,61245,59516,56490,59407,61222,62265,63540,63629,64166,64600,63183,61752,60308,59904,56237,54037,52935,52249,52385,53279,54103,55069,56960,57337,58128,58356,57499,58799,59014,58790,58537,58147,58564,59025,58227,57361,56580,56577,53326,50976,49649,49198,49491,50305,50937,51504,51784,52224,52650,51988,51029,50681,50750,51456,52664,54588,56355,57780,57503,56524,55876,54943,51812,49849,48887,48895,49744,51778,55256,58336,61020,60299,59232,57280,54356,55977,57623,59240,61854,63946,65370,66231,64719,62993,61615,61216,57598,55676,54993,54745,55368,56611,59206,61975,65040,64238,61700,58795,55057,56765,58069,59988,62533,64411,65889,66622,65061,63380,61955,61480
90,57364,55519,54462,54117,54718,56250,58715,60963,63021,62092,61492,60431,58234,60871,62430,63370,64982,65215,65788,66192,64637,62904,61315,60853,57097,54862,53822,53410,54088,55533,57948,60480,63344,62635,61245,59516,56490,59407,61222,62265,63540,63629,64166,64600,63183,61752,60308,59904,56237,54037,52935,52249,52385,53279,54103,55069,56960,57337,58128,58356,57499,58799,59014,58790,58537,58147,58564,59025,58227,57361,56580,56577,53326,50976,49649,49198,49491,50305,50937,51504,51784,52224,52650,51988,51029,50681,50750,51456,52664,54588,56355,57780,57503,56524,55876,54943,51812,49849,48887,48895,49744,51778,55256,58336,61020,60299,59232,57280,54356,55977,57623,59240,61854,63946,65370,66231,64719,62993,61615,61216,57598,55676,54993,54745,55368,56611,59206,61975,65040,64238,61700,58795,55057,56765,58069,59988,62533,64411,65889,66622,65061,63380,61955,61480,57633,55611,54887,54708,55266,56808,59249,60768,62330,60986,59813,57876,54668,56796,58274,60008,62222,63735,65065,66289,64972,63381,61961,61389
91,57097,54862,53822,53410,54088,55533,57948,60480,63344,62635,61245,59516,56490,59407,61222,62265,63540,63629,64166,64600,63183,61752,60308,59904,56237,54037,52935,52249,52385,53279,54103,55069,56960,57337,58128,58356,57499,58799,59014,58790,58537,58147,58564,59025,58227,57361,56580,56577,53326,50976,49649,49198,49491,50305,50937,51504,51784,52224,52650,51988,51029,50681,50750,51456,52664,54588,56355,57780,57503,56524,55876,54943,51812,49849,48887,48895,49744,51778,55256,58336,61020,60299,59232,57280,54356,55977,57623,59240,61854,63946,65370,66231,64719,62993,61615,61216,57598,55676,54993,54745,55368,56611,59206,61975,65040,64238,61700,58795,55057,56765,58069,59988,62533,64411,65889,66622,65061,63380,61955,61480,57633,55611,54887,54708,55266,56808,59249,60768,62330,60986,59813,57876,54668,56796,58274,60008,62222,63735,65065,66289,64972,63381,61961,61389,57730,55669,54811,54535,55078,56656,59128,61029,62758,61123,59731,57568,54311,56331,58023,59910,62362,64127,65878,66706,65187,63502,62205,61658
92,56237,54037,52935,52249,52385,53279,54103,55069,56960,57337,58128,58356,57499,58799,59014,58790,58537,58147,58564,59025,58227,57361,56580,56577,53326,50976,49649,49198,49491,50305,50937,51504,51784,52224,52650,51988,51029,50681,50750,51456,52664,54588,56355,57780,57503,56524,55876,54943,51812,49849,48887,48895,49744,51778,55256,58336,61020,60299,59232,57280,54356,55977,57623,59240,61854,63946,65370,66231,64719,62993,61615,61216,57598,55676,54993,54745,55368,56611,59206,61975,65040,64238,61700,58795,55057,56765,58069,59988,62533,64411,65889,66622,65061,63380,61955,61480,57633,55611,54887,54708,55266,56808,59249,60768,62330,60986,59813,57876,54668,56796,58274,60008,62222,63735,65065,66289,64972,63381,61961,61389,57730,55669,54811,54535,55078,56656,59128,61029,62758,61123,59731,57568,54311,56331,58023,59910,62362,64127,65878,66706,65187,63502,62205,61658,57949,55915,54780,54622,55339,56873,59155,60885,62384,61426,60608,59235,56604,58499,59773,61234,63340,64089,64841,65500,64353,63102,61676,61505
93,53326,50976,49649,49198,49491,50305,50937,51504,51784,52224,52650,51988,51029,50681,50750,51456,52664,54588,56355,57780,57503,56524,55876,54943,51812,49849,48887,48895,49744,51778,55256,58336,61020,60299,59232,57280,54356,55977,57623,59240,61854,63946,65370,66231,64719,62993,61615,61216,57598,55676,54993,54745,55368,56611,59206,61975,65040,64238,61700,58795,55057,56765,58069,59988,62533,64411,65889,66622,65061,63380,61955,61480,57633,55611,54887,54708,55266,56808,59249,60768,62330,60986,59813,57876,54668,56796,58274,60008,62222,63735,65065,66289,64972,63381,61961,61389,57730,55669,54811,54535,55078,56656,59128,61029,62758,61123,59731,57568,54311,56331,58023,59910,62362,64127,65878,66706,65187,63502,62205,61658,57949,55915,54780,54622,55339,56873,59155,60885,62384,61426,60608,59235,56604,58499,59773,61234,63340,64089,64841,65500,64353,63102,61676,61505,57763,55561,54527,53952,54282,55299,55707,54466,53003,51148,50783,49221,47127,48125,49371,50645,52319,54126,56445,58226,58074,57498,56827,56684
94,51812,49849,48887,48895,49744,51778,55256,58336,61020,60299,59232,57280,54356,55977,57623,59240,61854,63946,65370,66231,64719,62993,61615,61216,57598,55676,54993,54745,55368,56611,59206,61975,65040,64238,61700,58795,55057,56765,58069,59988,62533,64411,65889,66622,65061,63380,61955,61480,57633,55611,54887,54708,55266,56808,59249,60768,62330,60986,59813,57876,54668,56796,58274,60008,62222,63735,65065,66289,64972,63381,61961,61389,57730,55669,54811,54535,55078,56656,59128,61029,62758,61123,59731,57568,54311,56331,58023,59910,62362,64127,65878,66706,65187,63502,62205,61658,57949,55915,54780,54622,55339,56873,59155,60885,62384,61426,60608,59235,56604,58499,59773,61234,63340,64089,64841,65500,64353,63102,61676,61505,57763,55561,54527,53952,54282,55299,55707,54466,53003,51148,50783,49221,47127,48125,49371,50645,52319,54126,56445,58226,58074,57498,56827,56684,53435,51136,49931,49571,49981,50850,51024,49349,46915,45027,44860,43641,42677,42970,44122,46172,48801,51719,54494,56582,56651,55954,55204,54029
95,57598,55676,54993,54745,55368,56611,59206,61975,65040,64238,61700,58795,55057,56765,58069,59988,62533,64411,65889,66622,65061,63380,61955,61480,57633,55611,54887,54708,55266,56808,59249,60768,62330,60986,59813,57876,54668,56796,58274,60008,62222,63735,65065,66289,64972,63381,61961,61389,57730,55669,54811,54535,55078,56656,59128,61029,62758,61123,59731,57568,54311,56331,58023,59910,62362,64127,65878,66706,65187,63502,62205,61658,57949,55915,54780,54622,55339,56873,59155,60885,62384,61426,60608,59235,56604,58499,59773,61234,63340,64089,64841,65500,64353,63102,61676,61505,57763,55561,54527,53952,54282,55299,55707,54466,53003,51148,50783,49221,47127,48125,49371,50645,52319,54126,56445,58226,58074,57498,56827,56684,53435,51136,49931,49571,49981,50850,51024,49349,46915,45027,44860,43641,42677,42970,44122,46172,48801,51719,54494,56582,56651,55954,55204,54029,50730,48808,48032,47967,48693,50463,53806,58563,64838,66221,66273,66359,64726,67410,68335,68504,69016,68431,67598,66805,64050,62827,61227,61007
96,57633,55611,54887,54708,55266,56808,59249,60768,62330,60986,59813,57876,54668,56796,58274,60008,62222,63735,65065,66289,64972,63381,61961,61389,57730,55669,54811,54535,55078,56656,59128,61029,62758,61123,59731,57568,54311,56331,58023,59910,62362,64127,65878,66706,65187,63502,62205,61658,57949,55915,54780,54622,55339,56873,59155,60885,62384,61426,60608,59235,56604,58499,59773,61234,63340,64089,64841,65500,64353,63102,61676,61505,57763,55561,54527,53952,54282,55299,55707,54466,53003,51148,50783,49221,47127,48125,49371,50645,52319,54126,56445,58226,58074,57498,56827,56684,53435,51136,49931,49571,49981,50850,51024,49349,46915,45027,44860,43641,42677,42970,44122,46172,48801,51719,54494,56582,56651,55954,55204,54029,50730,48808,48032,47967,48693,50463,53806,58563,64838,66221,66273,66359,64726,67410,68335,68504,69016,68431,67598,66805,64050,62827,61227,61007,57378,55237,54296,53916,54296,55732,58455,62145,65989,65713,63819,61302,57643,59147,59329,60146,62527,64433,65891,66770,65350,63484,61953,61683
97,57730,55669,54811,54535,55078,56656,59128,61029,62758,61123,59731,57568,54311,56331,58023,59910,62362,64127,65878,66706,65187,63502,62205,61658,57949,55915,54780,54622,55339,56873,59155,60885,62384,61426,60608,59235,56604,58499,59773,61234,63340,64089,64841,65500,64353,63102,61676,61505,57763,55561,54527,53952,54282,55299,55707,54466,53003,51148,50783,49221,47127,48125,49371,50645,52319,54126,56445,58226,58074,57498,56827,56684,53435,51136,49931,49571,49981,50850,51024,49349,46915,45027,44860,43641,42677,42970,44122,46172,48801,51719,54494,56582,56651,55954,55204,54029,50730,48808,48032,47967,48693,50463,53806,58563,64838,66221,66273,66359,64726,67410,68335,68504,69016,68431,67598,66805,64050,62827,61227,61007,57378,55237,54296,53916,54296,55732,58455,62145,65989,65713,63819,61302,57643,59147,59329,60146,62527,64433,65891,66770,65350,63484,61953,61683,58013,55973,54992,54746,55485,57056,59367,61526,63318,62047,60389,57927,54760,56511,57930,59789,62221,63896,65211,66263,65030,63549,62160,61866
98,57949,55915,54780,54622,55339,56873,59155,60885,62384,61426,60608,59235,56604,58499,59773,61234,63340,64089,64841,65500,64353,63102,61676,61505,57763,55561,54527,53952,54282,55299,55707,54466,53003,51148,50783,49221,47127,48125,49371,50645,52319,54126,56445,58226,58074,57498,56827,56684,53435,51136,49931,49571,49981,50850,51024,49349,46915,45027,44860,43641,42677,42970,44122,46172,48801,51719,54494,56582,56651,55954,55204,54029,50730,48808,48032,47967,48693,50463,53806,58563,64838,66221,66273,66359,64726,67410,68335,68504,69016,68431,67598,66805,64050,62827,61227,61007,57378,55237,54296,53916,54296,55732,58455,62145,65989,65713,63819,61302,57643,59147,59329,60146,62527,64433,65891,66770,65350,63484,61953,61683,58013,55973,54992,54746,55485,57056,59367,61526,63318,62047,60389,57927,54760,56511,57930,59789,62221,63896,65211,66263,65030,63549,62160,61866,58076,56351,55399,55236,55736,57245,59439,61159,63167,62212,61227,59573,56701,58760,59350,60284,62812,64262,65378,66365,65014,63557,61834,61527
99,57763,55561,54527,53952,54282,55299,55707,54466,53003,51148,50783,49221,47127,48125,49371,50645,52319,54126,56445,58226,58074,57498,56827,56684,53435,51136,49931,49571,49981,50850,51024,49349,46915,45027,44860,43641,42677,42970,44122,46172,48801,51719,54494,56582,56651,55954,55204,54029,50730,48808,48032,47967,48693,50463,53806,58563,64838,66221,66273,66359,64726,67410,68335,68504,69016,68431,67598,66805,64050,62827,61227,61007,57378,55237,54296,53916,54296,55732,58455,62145,65989,65713,63819,61302,57643,59147,59329,60146,62527,64433,65891,66770,65350,63484,61953,61683,58013,55973,54992,54746,55485,57056,59367,61526,63318,62047,60389,57927,54760,56511,57930,59789,62221,63896,65211,66263,65030,63549,62160,61866,58076,56351,55399,55236,55736,57245,59439,61159,63167,62212,61227,59573,56701,58760,59350,60284,62812,64262,65378,66365,65014,63557,61834,61527,57879,55862,54994,54582,55156,56441,58884,62139,66009,65880,65930,65771,63171,65380,65479,64869,64800,64360,64512,65252,63946,62474,61159,61298
100,53435,51136,49931,49571,49981,50850,51024,49349,46915,45027,44860,43641,42677,42970,44122,46172,48801,51719,54494,56582,56651,55954,55204,54029,50730,48808,48032,47967,48693,50463,53806,58563,64838,66221,66273,66359,64726,67410,68335,68504,69016,68431,67598,66805,64050,62827,61227,61007,57378,55237,54296,53916,54296,55732,58455,62145,65989,65713,63819,61302,57643,59147,59329,60146,62527,64433,65891,66770,65350,63484,61953,61683,58013,55973,54992,54746,55485,57056,59367,61526,63318,62047,60389,57927,54760,56511,57930,59789,62221,63896,65211,66263,65030,63549,62160,61866,58076,56351,55399,55236,55736,57245,59439,61159,63167,62212,61227,59573,56701,58760,59350,60284,62812,64262,65378,66365,65014,63557,61834,61527,57879,55862,54994,54582,55156,56441,58884,62139,66009,65880,65930,65771,63171,65380,65479,64869,64800,64360,64512,65252,63946,62474,61159,61298,57733,55410,54276,53820,53948,54792,55490,54562,53052,50751,50508,52650,50227,50125,50210,51082,52572,54334,56544,58589,58502,57668,56996,57391
101,50730,48808,48032,47967,48693,50463,53806,58563,64838,66221,66273,66359,64726,67410,68335,68504,69016,68431,67598,66805,64050,62827,61227,61007,57378,55237,54296,53916,54296,55732,58455,62145,65989,65713,63819,61302,57643,59147,59329,60146,62527,64433,65891,66770,65350,63484,61953,61683,58013,55973,54992,54746,55485,57056,59367,61526,63318,62047,60389,57927,54760,56511,57930,59789,62221,63896,65211,66263,65030,63549,62160,61866,58076,56351,55399,55236,55736,57245,59439,61159,63167,62212,61227,59573,56701,58760,59350,60284,62812,64262,65378,66365,65014,63557,61834,61527,57879,55862,54994,54582,55156,56441,58884,62139,66009,65880,65930,65771,63171,65380,65479,64869,64800,64360,64512,65252,63946,62474,61159,61298,57733,55410,54276,53820,53948,54792,55490,54562,53052,50751,50508,52650,50227,50125,50210,51082,52572,54334,56544,58589,58502,57668,56996,57391,54216,51842,50495,49881,50285,51140,51260,49593,47554,45818,45579,43803,42822,42783,43623,45596,48510,51982,55022,57129,57397,56771,56205,55187
102,57378,55237,54296,53916,54296,55732,58455,62145,65989,65713,63819,61302,57643,59147,59329,60146,62527,64433,65891,66770,65350,63484,61953,61683,58013,55973,54992,54746,55485,57056,59367,61526,63318,62047,60389,57927,54760,56511,57930,59789,62221,63896,65211,66263,65030,63549,62160,61866,58076,56351,55399,55236,55736,57245,59439,61159,63167,62212,61227,59573,56701,58760,59350,60284,62812,64262,65378,66365,65014,63557,61834,61527,57879,55862,54994,54582,55156,56441,58884,62139,66009,65880,65930,65771,63171,65380,65479,64869,64800,64360,64512,65252,63946,62474,61159,61298,57733,55410,54276,53820,53948,54792,55490,54562,53052,50751,50508,52650,50227,50125,50210,51082,52572,54334,56544,58589,58502,57668,56996,57391,54216,51842,50495,49881,50285,51140,51260,49593,47554,45818,45579,43803,42822,42783,43623,45596,48510,51982,55022,57129,57397,56771,56205,55187,52168,50205,49477,49293,50187,52147,55042,57546,60588,60195,59275,57507,54545,56537,58209,60163,62492,64236,65409,66072,64710,62974,61494,61179
103,58013,55973,54992,54746,55485,57056,59367,61526,63318,62047,60389,57927,54760,56511,57930,59789,62221,63896,65211,66263,65030,63549,62160,61866,58076,56351,55399,55236,55736,57245,59439,61159,63167,62212,61227,59573,56701,58760,59350,60284,62812,64262,65378,66365,65014,63557,61834,61527,57879,55862,54994,54582,55156,56441,58884,62139,66009,65880,65930,65771,63171,65380,65479,64869,64800,64360,64512,65252,63946,62474,61159,61298,57733,55410,54276,53820,53948,54792,55490,54562,53052,50751,50508,52650,50227,50125,50210,51082,52572,54334,56544,58589,58502,57668,56996,57391,54216,51842,50495,49881,50285,51140,51260,49593,47554,45818,45579,43803,42822,42783,43623,45596,48510,51982,55022,57129,57397,56771,56205,55187,52168,50205,49477,49293,50187,52147,55042,57546,60588,60195,59275,57507,54545,56537,58209,60163,62492,64236,65409,66072,64710,62974,61494,61179,57502,55549,54742,54444,54967,56479,58526,60002,61784,61039,60285,58616,55637,57789,59468,61350,63611,64709,65721,66393,64859,63004,61494,60647
104,58076,56351,55399,55236,55736,57245,59439,61159,63167,62212,61227,59573,56701,58760,59350,60284,62812,64262,65378,66365,65014,63557,61834,61527,57879,55862,54994,54582,55156,56441,58884,62139,66009,65880,65930,65771,63171,65380,65479,64869,64800,64360,64512,65252,63946,62474,61159,61298,57733,55410,54276,53820,53948,54792,55490,54562,53052,50751,50508,52650,50227,50125,50210,51082,52572,54334,56544,58589,58502,57668,56996,57391,54216,51842,50495,49881,50285,51140,51260,49593,47554,45818,45579,43803,42822,42783,43623,45596,48510,51982,55022,57129,57397,56771,56205,55187,52168,50205,49477,49293,50187,52147,55042,57546,60588,60195,59275,57507,54545,56537,58209,60163,62492,64236,65409,66072,64710,62974,61494,61179,57502,55549,54742,54444,54967,56479,58526,60002,61784,61039,60285,58616,55637,57789,59468,61350,63611,64709,65721,66393,64859,63004,61494,60647,56752,54753,53898,53680,54312,55653,57818,59578,61674,61356,60624,59268,56748,59959,61727,62961,64942,65605,65594,65940,64831,63239,61351,60378
105,57879,55862,54994,54582,55156,56441,58884,62139,66009,65880,65930,65771,63171,65380,65479,64869,64800,64360,64512,65252,63946,62474,61159,61298,57733,55410,54276,53820,53948,54792,55490,54562,53052,50751,50508,52650,50227,50125,50210,51082,52572,54334,56544,58589,58502,57668,56996,57391,54216,51842,50495,49881,50285,51140,51260,49593,47554,45818,45579,43803,42822,42783,43623,45596,48510,51982,55022,57129,57397,56771,56205,55187,52168,50205,49477,49293,50187,52147,55042,57546,60588,60195,59275,57507,54545,56537,58209,60163,62492,64236,65409,66072,64710,62974,61494,61179,57502,55549,54742,54444,54967,56479,58526,60002,61784,61039,60285,58616,55637,57789,59468,61350,63611,64709,65721,66393,64859,63004,61494,60647,56752,54753,53898,53680,54312,55653,57818,59578,61674,61356,60624,59268,56748,59959,61727,62961,64942,65605,65594,65940,64831,63239,61351,60378,56627,55028,53860,53460,54039,55160,57516,60372,63887,63980,63175,62293,59842,62584,64710,66141,67265,67059,66837,66966,65193,63184,61118,60309
106,57733,55410,54276,53820,53948,54792,55490,54562,53052,50751,50508,52650,50227,50125,50210,51082,52572,54334,56544,58589,58502,57668,56996,57391,54216,51842,50495,49881,50285,51140,51260,49593,47554,45818,45579,43803,42822,42783,43623,45596,48510,51982,55022,57129,57397,56771,56205,55187,52168,50205,49477,49293,50187,52147,55042,57546,60588,60195,59275,57507,54545,56537,58209,60163,62492,64236,65409,66072,64710,62974,61494,61179,57502,55549,54742,54444,54967,56479,58526,60002,61784,61039,60285,58616,55637,57789,59468,61350,63611,64709,65721,66393,64859,63004,61494,60647,56752,54753,53898,53680,54312,55653,57818,59578,61674,61356,60624,59268,56748,59959,61727,62961,64942,65605,65594,65940,64831,63239,61351,60378,56627,55028,53860,53460,54039,55160,57516,60372,63887,63980,63175,62293,59842,62584,64710,66141,67265,67059,66837,66966,65193,63184,61118,60309,56476,54532,53749,53403,53672,54850,57460,60652,64215,64149,63362,62337,60228,62320,63337,64465,65461,65160,64867,65062,64136,62736,61017,60013
107,54216,51842,50495,49881,50285,51140,51260,49593,47554,45818,45579,43803,42822,42783,43623,45596,48510,51982,55022,57129,57397,56771,56205,55187,52168,50205,49477,49293,50187,52147,55042,57546,60588,60195,59275,57507,54545,56537,58209,60163,62492,64236,65409,66072,64710,62974,61494,61179,57502,55549,54742,54444,54967,56479,58526,60002,61784,61039,60285,58616,55637,57789,59468,61350,63611,64709,65721,66393,64859,63004,61494,60647,56752,54753,53898,53680,54312,55653,57818,59578,61674,61356,60624,59268,56748,59959,61727,62961,64942,65605,65594,65940,64831,63239,61351,60378,56627,55028,53860,53460,54039,55160,57516,60372,63887,63980,63175,62293,59842,62584,64710,66141,67265,67059,66837,66966,65193,63184,61118,60309,56476,54532,53749,53403,53672,54850,57460,60652,64215,64149,63362,62337,60228,62320,63337,64465,65461,65160,64867,65062,64136,62736,61017,60013,56319,54292,53217,52739,52842,53277,53801,53468,53371,52132,51733,50195,48702,50357,51922,52899,54232,54677,56229,57782,57725,56838,55847,55441
108,52168,50205,49477,49293,50187,52147,55042,57546,60588,60195,59275,57507,54545,56537,58209,60163,62492,64236,65409,66072,64710,62974,61494,61179,57502,55549,54742,54444,54967,56479,58526,60002,61784,61039,60285,58616,55637,57789,59468,61350,63611,64709,65721,66393,64859,63004,61494,60647,56752,54753,53898,53680,54312,55653,57818,59578,61674,61356,60624,59268,56748,59959,61727,62961,64942,65605,65594,65940,64831,63239,61351,60378,56627,55028,53860,53460,54039,55160,57516,60372,63887,63980,63175,62293,59842,62584,64710,66141,67265,67059,66837,66966,65193,63184,61118,60309,56476,54532,53749,53403,53672,54850,57460,60652,64215,64149,63362,62337,60228,62320,63337,64465,65461,65160,64867,65062,64136,62736,61017,60013,56319,54292,53217,52739,52842,53277,53801,53468,53371,52132,51733,50195,48702,50357,51922,52899,54232,54677,56229,57782,57725,56838,55847,55441,52462,50325,49115,48563,48895,49481,49629,48133,46177,44779,44992,43982,43413,43811,45370,47343,49919,52561,54922,56678,56810,55996,55082,53739
109,57502,55549,54742,54444,54967,56479,58526,60002,61784,61039,60285,58616,55637,57789,59468,61350,63611,64709,65721,66393,64859,63004,61494,60647,56752,54753,53898,53680,54312,55653,57818,59578,61674,61356,60624,59268,56748,59959,61727,62961,64942,65605,65594,65940,64831,63239,61351,60378,56627,55028,53860,53460,54039,55160,57516,60372,63887,63980,63175,62293,59842,62584,64710,66141,67265,67059,66837,66966,65193,63184,61118,60309,56476,54532,53749,53403,53672,54850,57460,60652,64215,64149,63362,62337,60228,62320,63337,64465,65461,65160,64867,65062,64136,62736,61017,60013,56319,54292,53217,52739,52842,53277,53801,53468,53371,52132,51733,50195,48702,50357,51922,52899,54232,54677,56229,57782,57725,56838,55847,55441,52462,50325,49115,48563,48895,49481,49629,48133,46177,44779,44992,43982,43413,43811,45370,47343,49919,52561,54922,56678,56810,55996,55082,53739,50652,48944,48109,47976,48569,50388,52968,55610,59230,59324,58923,57475,55049,57495,59125,60527,62669,63973,64891,65456,64177,62385,60467,59873
110,56752,54753,53898,53680,54312,55653,57818,59578,61674,61356,60624,59268,56748,59959,61727,62961,64942,65605,65594,65940,64831,63239,61351,60378,56627,55028,53860,53460,54039,55160,57516,60372,63887,63980,63175,62293,59842,62584,64710,66141,67265,67059,66837,66966,65193,63184,61118,60309,56476,54532,53749,53403,53672,54850,57460,60652,64215,64149,63362,62337,60228,62320,63337,64465,65461,65160,64867,65062,64136,62736,61017,60013,56319,54292,53217,52739,52842,53277,53801,53468,53371,52132,51733,50195,48702,50357,51922,52899,54232,54677,56229,57782,57725,56838,55847,55441,52462,50325,49115,48563,48895,49481,49629,48133,46177,44779,44992,43982,43413,43811,45370,47343,49919,52561,54922,56678,56810,55996,55082,53739,50652,48944,48109,47976,48569,50388,52968,55610,59230,59324,58923,57475,55049,57495,59125,60527,62669,63973,64891,65456,64177,62385,60467,59873,56380,54503,53563,53035,53553,54706,56948,59617,63490,63961,63612,62669,60812,62857,63597,64762,66283,66257,66165,66161,64838,62958,60943,60364
111,56627,55028,53860,53460,54039,55160,57516,60372,63887,63980,63175,62293,59842,62584,64710,66141,67265,67059,66837,66966,65193,63184,61118,60309,56476,54532,53749,53403,53672,54850,57460,60652,64215,64149,63362,62337,60228,62320,63337,64465,65461,65160,64867,65062,64136,62736,61017,60013,56319,54292,53217,52739,52842,53277,53801,53468,53371,52132,51733,50195,48702,50357,51922,52899,54232,54677,56229,57782,57725,56838,55847,55441,52462,50325,49115,48563,48895,49481,49629,48133,46177,44779,44992,43982,43413,43811,45370,47343,49919,52561,54922,56678,56810,55996,55082,53739,50652,48944,48109,47976,48569,50388,52968,55610,59230,59324,58923,57475,55049,57495,59125,60527,62669,63973,64891,65456,64177,62385,60467,59873,56380,54503,53563,53035,53553,54706,56948,59617,63490,63961,63612,62669,60812,62857,63597,64762,66283,66257,66165,66161,64838,62958,60943,60364,56622,54741,53816,53450,53920,55063,57192,59583,62566,62323,61532,60240,58202,61235,63090,63904,64939,64815,64867,65551,64558,62955,61229,60024
112,56476,54532,53749,53403,53672,54850,57460,60652,64215,64149,63362,62337,60228,62320,63337,64465,65461,65160,64867,65062,64136,62736,61017,60013,56319,54292,53217,52739,52842,53277,53801,53468,53371,52132,51733,50195,48702,50357,51922,52899,54232,54677,56229,57782,57725,56838,55847,55441,52462,50325,49115,48563,48895,49481,49629,48133,46177,44779,44992,43982,43413,43811,45370,47343,49919,52561,54922,56678,56810,55996,55082,53739,50652,48944,48109,47976,48569,50388,52968,55610,59230,59324,58923,57475,55049,57495,59125,60527,62669,63973,64891,65456,64177,62385,60467,59873,56380,54503,53563,53035,53553,54706,56948,59617,63490,63961,63612,62669,60812,62857,63597,64762,66283,66257,66165,66161,64838,62958,60943,60364,56622,54741,53816,53450,53920,55063,57192,59583,62566,62323,61532,60240,58202,61235,63090,63904,64939,64815,64867,65551,64558,62955,61229,60024,56235,54355,53474,53108,53521,54759,57017,59777,62554,62468,62029,60709,57200,58913,59832,61426,63827,64958,65619,66022,64643,62949,61066,60034
113,56319,54292,53217,52739,52842,53277,53801,53468,53371,52132,51733,50195,48702,50357,51922,52899,54232,54677,56229,57782,57725,56838,55847,55441,52462,50325,49115,48563,48895,49481,49629,48133,46177,44779,44992,43982,43413,43811,45370,47343,49919,52561,54922,56678,56810,55996,55082,53739,50652,48944,48109,47976,48569,50388,52968,55610,59230,59324,58923,57475,55049,57495,59125,60527,62669,63973,64891,65456,64177,62385,60467,59873,56380,54503,53563,53035,53553,54706,56948,59617,63490,63961,63612,62669,60812,62857,63597,64762,66283,66257,66165,66161,64838,62958,60943,60364,56622,54741,53816,53450,53920,55063,57192,59583,62566,62323,61532,60240,58202,61235,63090,63904,64939,64815,64867,65551,64558,62955,61229,60024,56235,54355,53474,53108,53521,54759,57017,59777,62554,62468,62029,60709,57200,58913,59832,61426,63827,64958,65619,66022,64643,62949,61066,60034,56374,54498,53497,53141,53524,54599,56987,59834,62846,62771,61697,60004,57338,59666,61155,62430,63853,63730,64036,64304,63134,61822,60353,59667
114,52462,50325,49115,48563,48895,49481,49629,48133,46177,44779,44992,43982,43413,43811,45370,47343,49919,52561,54922,56678,56810,55996,55082,53739,50652,48944,48109,47976,48569,50388,52968,55610,59230,59324,58923,57475,55049,57495,59125,60527,62669,63973,64891,65456,64177,62385,60467,59873,56380,54503,53563,53035,53553,54706,56948,59617,63490,63961,63612,62669,60812,62857,63597,64762,66283,66257,66165,66161,64838,62958,60943,60364,56622,54741,53816,53450,53920,55063,57192,59583,62566,62323,61532,60240,58202,61235,63090,63904,64939,64815,64867,65551,64558,62955,61229,60024,56235,54355,53474,53108,53521,54759,57017,59777,62554,62468,62029,60709,57200,58913,59832,61426,63827,64958,65619,66022,64643,62949,61066,60034,56374,54498,53497,53141,53524,54599,56987,59834,62846,62771,61697,60004,57338,59666,61155,62430,63853,63730,64036,64304,63134,61822,60353,59667,56056,53924,52614,52091,51938,51941,52566,52531,52626,52136,52527,51684,49914,50138,50599,51074,51845,53387,55258,56696,56758,55977,55359,55203
115,50652,48944,48109,47976,48569,50388,52968,55610,59230,59324,58923,57475,55049,57495,59125,60527,62669,63973,64891,65456,64177,62385,60467,59873,56380,54503,53563,53035,53553,54706,56948,59617,63490,63961,63612,62669,60812,62857,63597,64762,66283,66257,66165,66161,64838,62958,60943,60364,56622,54741,53816,53450,53920,55063,57192,59583,62566,62323,61532,60240,58202,61235,63090,63904,64939,64815,64867,65551,64558,62955,61229,60024,56235,54355,53474,53108,53521,54759,57017,59777,62554,62468,62029,60709,57200,58913,59832,61426,63827,64958,65619,66022,64643,62949,61066,60034,56374,54498,53497,53141,53524,54599,56987,59834,62846,62771,61697,60004,57338,59666,61155,62430,63853,63730,64036,64304,63134,61822,60353,59667,56056,53924,52614,52091,51938,51941,52566,52531,52626,52136,52527,51684,49914,50138,50599,51074,51845,53387,55258,56696,56758,55977,55359,55203,52128,49793,48599,48126,48297,48885,49184,48326,47185,46217,46158,44227,43301,43662,44415,45706,48303,51332,54015,56159,56721,56170,55468,54226
116,56380,54503,53563,53035,53553,54706,56948,59617,63490,63961,63612,62669,60812,62857,63597,64762,66283,66257,66165,66161,64838,62958,60943,60364,56622,54741,53816,53450,53920,55063,57192,59583,62566,62323,61532,60240,58202,61235,63090,63904,64939,64815,64867,65551,64558,62955,61229,60024,56235,54355,53474,53108,53521,54759,57017,59777,62554,62468,62029,60709,57200,58913,59832,61426,63827,64958,65619,66022,64643,62949,61066,60034,56374,54498,53497,53141,53524,54599,56987,59834,62846,62771,61697,60004,57338,59666,61155,62430,63853,63730,64036,64304,63134,61822,60353,59667,56056,53924,52614,52091,51938,51941,52566,52531,52626,52136,52527,51684,49914,50138,50599,51074,51845,53387,55258,56696,56758,55977,55359,55203,52128,49793,48599,48126,48297,48885,49184,48326,47185,46217,46158,44227,43301,43662,44415,45706,48303,51332,54015,56159,56721,56170,55468,54226,51139,49245,48295,48268,48903,50548,53121,55362,58225,58328,58142,56553,53962,56084,57856,59809,62595,64005,64800,65471,64347,62636,60925,59908
117,56622,54741,53816,53450,53920,55063,57192,59583,62566,62323,61532,60240,58202,61235,63090,63904,64939,64815,64867,65551,64558,62955,61229,60024,56235,54355,53474,53108,53521,54759,57017,59777,62554,62468,62029,60709,57200,58913,59832,61426,63827,64958,65619,66022,64643,62949,61066,60034,56374,54498,53497,53141,53524,54599,56987,59834,62846,62771,61697,60004,57338,59666,61155,62430,63853,63730,64036,64304,63134,61822,60353,59667,56056,53924,52614,52091,51938,51941,52566,52531,52626,52136,52527,51684,49914,50138,50599,51074,51845,53387,55258,56696,56758,55977,55359,55203,52128,49793,48599,48126,48297,48885,49184,48326,47185,46217,46158,44227,43301,43662,44415,45706,48303,51332,54015,56159,56721,56170,55468,54226,51139,49245,48295,48268,48903,50548,53121,55362,58225,58328,58142,56553,53962,56084,57856,59809,62595,64005,64800,65471,64347,62636,60925,59908,56172,54174,53443,52997,53487,54569,56931,60271,64965,66467,66399,65901,63517,66508,67370,67464,67838,67007,66430,66282,64841,62960,61269,60553
118,56235,54355,53474,53108,53521,54759,57017,59777,62554,62468,62029,60709,57200,58913,59832,61426,63827,64958,65619,66022,64643,62949,61066,60034,56374,54498,53497,53141,53524,54599,56987,59834,62846,62771,61697,60004,57338,59666,61155,62430,63853,63730,64036,64304,63134,61822,60353,59667,56056,53924,52614,52091,51938,51941,52566,52531,52626,52136,52527,51684,49914,50138,50599,51074,51845,53387,55258,56696,56758,55977,55359,55203,52128,49793,48599,48126,48297,48885,49184,48326,47185,46217,46158,44227,43301,43662,44415,45706,48303,51332,54015,56159,56721,56170,55468,54226,51139,49245,48295,48268,48903,50548,53121,55362,58225,58328,58142,56553,53962,56084,57856,59809,62595,64005,64800,65471,64347,62636,60925,59908,56172,54174,53443,52997,53487,54569,56931,60271,64965,66467,66399,65901,63517,66508,67370,67464,67838,67007,66430,66282,64841,62960,61269,60553,56743,54563,53348,52723,53141,53591,54003,53286,52793,52005,52093,50555,48131,49482,50723,52289,54522,56396,58477,60187,60540,59695,58632,57269
119,56374,54498,53497,53141,53524,54599,56987,59834,62846,62771,61697,60004,57338,59666,61155,62430,63853,63730,64036,64304,63134,61822,60353,59667,56056,53924,52614,52091,51938,51941,52566,52531,52626,52136,52527,51684,49914,50138,50599,51074,51845,53387,55258,56696,56758,55977,55359,55203,52128,49793,48599,48126,48297,48885,49184,48326,47185,46217,46158,44227,43301,43662,44415,45706,48303,51332,54015,56159,56721,56170,55468,54226,51139,49245,48295,48268,48903,50548,53121,55362,58225,58328,58142,56553,53962,56084,57856,59809,62595,64005,64800,65471,64347,62636,60925,59908,56172,54174,53443,52997,53487,54569,56931,60271,64965,66467,66399,65901,63517,66508,67370,67464,67838,67007,66430,66282,64841,62960,61269,60553,56743,54563,53348,52723,53141,53591,54003,53286,52793,52005,52093,50555,48131,49482,50723,52289,54522,56396,58477,60187,60540,59695,58632,57269,53782,51926,51114,50950,51467,52626,54676,56240,59116,59401,59571,58939,56930,59689,61275,62308,64491,64667,64858,65436,64310,62630,60829,59855
120,56056,53924,52614,52091,51938,51941,52566,52531,52626,52136,52527,51684,49914,50138,50599,51074,51845,53387,55258,56696,56758,55977,55359,55203,52128,49793,48599,48126,48297,48885,49184,48326,47185,46217,46158,44227,43301,43662,44415,45706,48303,51332,54015,56159,56721,56170,55468,54226,51139,49245,48295,48268,48903,50548,53121,55362,58225,58328,58142,56553,53962,56084,57856,59809,62595,64005,64800,65471,64347,62636,60925,59908,56172,54174,53443,52997,53487,54569,56931,60271,64965,66467,66399,65901,63517,66508,67370,67464,67838,67007,66430,66282,64841,62960,61269,60553,56743,54563,53348,52723,53141,53591,54003,53286,52793,52005,52093,50555,48131,49482,50723,52289,54522,56396,58477,60187,60540,59695,58632,57269,53782,51926,51114,50950,51467,52626,54676,56240,59116,59401,59571,58939,56930,59689,61275,62308,64491,64667,64858,65436,64310,62630,60829,59855,56196,54260,53384,53037,53416,54254,56090,58045,61489,63524,64780,64256,61237,61594,61342,61603,62524,63274,63592,64301,63690,62181,60367,59631
121,52128,49793,48599,48126,48297,48885,49184,48326,47185,46217,46158,44227,43301,43662,44415,45706,48303,51332,54015,56159,56721,56170,55468,54226,51139,49245,48295,48268,48903,50548,53121,55362,58225,58328,58142,56553,53962,56084,57856,59809,62595,64005,64800,65471,64347,62636,60925,59908,56172,54174,53443,52997,53487,54569,56931,60271,64965,66467,66399,65901,63517,66508,67370,67464,67838,67007,66430,66282,64841,62960,61269,60553,56743,54563,53348,52723,53141,53591,54003,53286,52793,52005,52093,50555,48131,49482,50723,52289,54522,56396,58477,60187,60540,59695,58632,57269,53782,51926,51114,50950,51467,52626,54676,56240,59116,59401,59571,58939,56930,59689,61275,62308,64491,64667,64858,65436,64310,62630,60829,59855,56196,54260,53384,53037,53416,54254,56090,58045,61489,63524,64780,64256,61237,61594,61342,61603,62524,63274,63592,64301,63690,62181,60367,59631,56068,53714,52624,52163,52314,52683,52848,51614,50898,49699,49796,48882,47474,48287,49402,51084,53409,54472,55825,57165,57311,56571,55637,54857
122,51139,49245,48295,48268,48903,50548,53121,55362,58225,58328,58142,56553,53962,56084,57856,59809,62595,64005,64800,65471,64347,62636,60925,59908,56172,54174,53443,52997,53487,54569,56931,60271,64965,66467,66399,65901,63517,66508,67370,67464,67838,67007,66430,66282,64841,62960,61269,60553,56743,54563,53348,52723,53141,53591,54003,53286,52793,52005,52093,50555,48131,49482,50723,52289,54522,56396,58477,60187,60540,59695,58632,57269,53782,51926,51114,50950,51467,52626,54676,56240,59116,59401,59571,58939,56930,59689,61275,62308,64491,64667,64858,65436,64310,62630,60829,59855,56196,54260,53384,53037,53416,54254,56090,58045,61489,63524,64780,64256,61237,61594,61342,61603,62524,63274,63592,64301,63690,62181,60367,59631,56068,53714,52624,52163,52314,52683,52848,51614,50898,49699,49796,48882,47474,48287,49402,51084,53409,54472,55825,57165,57311,56571,55637,54857,51573,49570,48468,47983,48158,48491,48433,46555,44470,43311,43808,42958,42424,42709,43668,45557,48063,51088,53697,55489,56138,55572,54466,52879
123,56172,54174,53443,52997,53487,54569,56931,60271,64965,66467,66399,65901,63517,66508,67370,67464,67838,67007,66430,66282,64841,62960,61269,60553,56743,54563,53348,52723,53141,53591,54003,53286,52793,52005,52093,50555,48131,49482,50723,52289,54522,56396,58477,60187,60540,59695,58632,57269,53782,51926,51114,50950,51467,52626,54676,56240,59116,59401,59571,58939,56930,59689,61275,62308,64491,64667,64858,65436,64310,62630,60829,59855,56196,54260,53384,53037,53416,54254,56090,58045,61489,63524,64780,64256,61237,61594,61342,61603,62524,63274,63592,64301,63690,62181,60367,59631,56068,53714,52624,52163,52314,52683,52848,51614,50898,49699,49796,48882,47474,48287,49402,51084,53409,54472,55825,57165,57311,56571,55637,54857,51573,49570,48468,47983,48158,48491,48433,46555,44470,43311,43808,42958,42424,42709,43668,45557,48063,51088,53697,55489,56138,55572,54466,52879,49956,48046,47167,47057,47754,49449,52856,57910,63989,65915,66005,65206,63109,65891,66628,66682,66328,65969,65830,66093,64850,62928,61013,60087
124,56743,54563,53348,52723,53141,53591,54003,53286,52793,52005,52093,50555,48131,49482,50723,52289,54522,56396,58477,60187,60540,59695,58632,57269,53782,51926,51114,50950,51467,52626,54676,56240,59116,59401,59571,58939,56930,59689,61275,62308,64491,64667,64858,65436,64310,62630,60829,59855,56196,54260,53384,53037,53416,54254,56090,58045,61489,63524,64780,64256,61237,61594,61342,61603,62524,63274,63592,64301,63690,62181,60367,59631,56068,53714,52624,52163,52314,52683,52848,51614,50898,49699,49796,48882,47474,48287,49402,51084,53409,54472,55825,57165,57311,56571,55637,54857,51573,49570,48468,47983,48158,48491,48433,46555,44470,43311,43808,42958,42424,42709,43668,45557,48063,51088,53697,55489,56138,55572,54466,52879,49956,48046,47167,47057,47754,49449,52856,57910,63989,65915,66005,65206,63109,65891,66628,66682,66328,65969,65830,66093,64850,62928,61013,60087,56468,54681,53587,53417,53726,54609,56982,60009,63673,64337,63897,62665,59663,62063,63309,64439,65676,65759,65632,66134,65112,63165,61051,59932
125,53782,51926,51114,50950,51467,52626,54676,56240,59116,59401,59571,58939,56930,59689,61275,62308,64491,64667,64858,65436,64310,62630,60829,59855,56196,54260,53384,53037,53416,54254,56090,58045,61489,63524,64780,64256,61237,61594,61342,61603,62524,63274,63592,64301,63690,62181,60367,59631,56068,53714,52624,52163,52314,52683,52848,51614,50898,49699,49796,48882,47474,48287,49402,51084,53409,54472,55825,57165,57311,56571,55637,54857,51573,49570,48468,47983,48158,48491,48433,46555,44470,43311,43808,42958,42424,42709,43668,45557,48063,51088,53697,55489,56138,55572,54466,52879,49956,48046,47167,47057,47754,49449,52856,57910,63989,65915,66005,65206,63109,65891,66628,66682,66328,65969,65830,66093,64850,62928,61013,60087,56468,54681,53587,53417,53726,54609,56982,60009,63673,64337,63897,62665,59663,62063,63309,64439,65676,65759,65632,66134,65112,63165,61051,59932,56228,54333,53315,53017,53238,54199,56094,58033,60790,60771,60438,59508,56914,59290,60551,62256,64181,64924,65453,66063,65431,63537,61446,59781
126,56196,54260,53384,53037,53416,54254,56090,58045,61489,63524,64780,64256,61237,61594,61342,61603,62524,63274,63592,64301,63690,62181,60367,59631,56068,53714,52624,52163,52314,52683,52848,51614,50898,49699,49796,48882,47474,48287,49402,51084,53409,54472,55825,57165,57311,56571,55637,54857,51573,49570,48468,47983,48158,48491,48433,46555,44470,43311,43808,42958,42424,42709,43668,45557,48063,51088,53697,55489,56138,55572,54466,52879,49956,48046,47167,47057,47754,49449,52856,57910,63989,65915,66005,65206,63109,65891,66628,66682,66328,65969,65830,66093,64850,62928,61013,60087,56468,54681,53587,53417,53726,54609,56982,60009,63673,64337,63897,62665,59663,62063,63309,64439,65676,65759,65632,66134,65112,63165,61051,59932,56228,54333,53315,53017,53238,54199,56094,58033,60790,60771,60438,59508,56914,59290,60551,62256,64181,64924,65453,66063,65431,63537,61446,59781,55962,54095,53200,52826,53270,54225,55935,57685,60448,60725,60795,59895,57744,60734,62707,64728,66618,67191,67349,67558,66198,63946,61683,60038
127,56068,53714,52624,52163,52314,52683,52848,51614,50898,49699,49796,48882,47474,48287,49402,51084,53409,54472,55825,57165,57311,56571,55637,54857,51573,49570,48468,47983,48158,48491,48433,46555,44470,43311,43808,42958,42424,42709,43668,45557,48063,51088,53697,55489,56138,55572,54466,52879,49956,48046,47167,47057,47754,49449,52856,57910,63989,65915,66005,65206,63109,65891,66628,66682,66328,65969,65830,66093,64850,62928,61013,60087,56468,54681,53587,53417,53726,54609,56982,60009,63673,64337,63897,62665,59663,62063,63309,64439,65676,65759,65632,66134,65112,63165,61051,59932,56228,54333,53315,53017,53238,54199,56094,58033,60790,60771,60438,59508,56914,59290,60551,62256,64181,64924,65453,66063,65431,63537,61446,59781,55962,54095,53200,52826,53270,54225,55935,57685,60448,60725,60795,59895,57744,60734,62707,64728,66618,67191,67349,67558,66198,63946,61683,60038,56252,54563,53554,53092,53364,54212,56085,58300,61577,62799,62755,62364,60819,64381,66463,67763,68888,68186,67386,67236,66117,64001,61692,60025
128,51573,49570,48468,47983,48158,48491,48433,46555,44470,43311,43808,42958,42424,42709,43668,45557,48063,51088,53697,55489,56138,55572,54466,52879,49956,48046,47167,47057,47754,49449,52856,57910,63989,65915,66005,65206,63109,65891,66628,66682,66328,65969,65830,66093,64850,62928,61013,60087,56468,54681,53587,53417,53726,54609,56982,60009,63673,64337,63897,62665,59663,62063,63309,64439,65676,65759,65632,66134,65112,63165,61051,59932,56228,54333,53315,53017,53238,54199,56094,58033,60790,60771,60438,59508,56914,59290,60551,62256,64181,64924,65453,66063,65431,63537,61446,59781,55962,54095,53200,52826,53270,54225,55935,57685,60448,60725,60795,59895,57744,60734,62707,64728,66618,67191,67349,67558,66198,63946,61683,60038,56252,54563,53554,53092,53364,54212,56085,58300,61577,62799,62755,62364,60819,64381,66463,67763,68888,68186,67386,67236,66117,64001,61692,60025,56286,54253,53281,52599,52617,52773,53964,55072,56951,57675,57796,57779,57415,58733,59658,59629,59585,59223,59832,60555,60149,58758,57085,55908
129,49956,48046,47167,47057,47754,49449,52856,57910,63989,65915,66005,65206,63109,65891,66628,66682,66328,65969,65830,66093,64850,62928,61013,60087,56468,54681,53587,53417,53726,54609,56982,60009,63673,64337,63897,62665,59663,62063,63309,64439,65676,65759,65632,66134,65112,63165,61051,59932,56228,54333,53315,53017,53238,54199,56094,58033,60790,60771,60438,59508,56914,59290,60551,62256,64181,64924,65453,66063,65431,63537,61446,59781,55962,54095,53200,52826,53270,54225,55935,57685,60448,60725,60795,59895,57744,60734,62707,64728,66618,67191,67349,67558,66198,63946,61683,60038,56252,54563,53554,53092,53364,54212,56085,58300,61577,62799,62755,62364,60819,64381,66463,67763,68888,68186,67386,67236,66117,64001,61692,60025,56286,54253,53281,52599,52617,52773,53964,55072,56951,57675,57796,57779,57415,58733,59658,59629,59585,59223,59832,60555,60149,58758,57085,55908,52961,51003,49695,49096,49057,49253,50272,51047,52447,54068,55727,56057,55927,56382,56532,56633,56855,57265,58040,58503,58209,56738,55342,53778
130,56468,54681,53587,53417,53726,54609,56982,60009,63673,64337,63897,62665,59663,62063,63309,64439,65676,65759,65632,66134,65112,63165,61051,59932,56228,54333,53315,53017,53238,54199,56094,58033,60790,60771,60438,59508,56914,59290,60551,62256,64181,64924,65453,66063,65431,63537,61446,59781,55962,54095,53200,52826,53270,54225,55935,57685,60448,60725,60795,59895,57744,60734,62707,64728,66618,67191,67349,67558,66198,63946,61683,60038,56252,54563,53554,53092,53364,54212,56085,58300,61577,62799,62755,62364,60819,64381,66463,67763,68888,68186,67386,67236,66117,64001,61692,60025,56286,54253,53281,52599,52617,52773,53964,55072,56951,57675,57796,57779,57415,58733,59658,59629,59585,59223,59832,60555,60149,58758,57085,55908,52961,51003,49695,49096,49057,49253,50272,51047,52447,54068,55727,56057,55927,56382,56532,56633,56855,57265,58040,58503,58209,56738,55342,53778,50905,49079,48176,47862,48393,49626,53189,58502,64766,67314,67866,67901,66138,68080,68311,68248,68368,67484,67136,66933,65713,63424,61266,59967
131,56228,54333,53315,53017,53238,54199,56094,58033,60790,60771,60438,59508,56914,59290,60551,62256,64181,64924,65453,66063,65431,63537,61446,59781,55962,54095,53200,52826,53270,54225,55935,57685,60448,60725,60795,59895,57744,60734,62707,64728,66618,67191,67349,67558,66198,63946,61683,60038,56252,54563,53554,53092,53364,54212,56085,58300,61577,62799,62755,62364,60819,64381,66463,67763,68888,68186,67386,67236,66117,64001,61692,60025,56286,54253,53281,52599,52617,52773,53964,55072,56951,57675,57796,57779,57415,58733,59658,59629,59585,59223,59832,60555,60149,58758,57085,55908,52961,51003,49695,49096,49057,49253,50272,51047,52447,54068,55727,56057,55927,56382,56532,56633,56855,57265,58040,58503,58209,56738,55342,53778,50905,49079,48176,47862,48393,49626,53189,58502,64766,67314,67866,67901,66138,68080,68311,68248,68368,67484,67136,66933,65713,63424,61266,59967,56357,54464,53581,53139,53338,54189,56571,60173,64596,65305,64010,62111,59152,61186,61974,63041,65028,65882,66001,66240,65309,63598,61579,59903
132,55962,54095,53200,52826,53270,54225,55935,57685,60448,60725,60795,59895,57744,60734,62707,64728,66618,67191,67349,67558,66198,63946,61683,60038,56252,54563,53554,53092,53364,54212,56085,58300,61577,62799,62755,62364,60819,64381,66463,67763,68888,68186,67386,67236,66117,64001,61692,60025,56286,54253,53281,52599,52617,52773,53964,55072,56951,57675,57796,57779,57415,58733,59658,59629,59585,59223,59832,60555,60149,58758,57085,55908,52961,51003,49695,49096,49057,49253,50272,51047,52447,54068,55727,56057,55927,56382,56532,56633,56855,57265,58040,58503,58209,56738,55342,53778,50905,49079,48176,47862,48393,49626,53189,58502,64766,67314,67866,67901,66138,68080,68311,68248,68368,67484,67136,66933,65713,63424,61266,59967,56357,54464,53581,53139,53338,54189,56571,60173,64596,65305,64010,62111,59152,61186,61974,63041,65028,65882,66001,66240,65309,63598,61579,59903,55996,53962,52889,52394,52341,52816,53417,53082,53182,52802,53654,52809,51279,53128,54991,56923,58744,59294,60551,61842,62006,60700,58846,56952
133,56252,54563,53554,53092,53364,54212,56085,58300,61577,62799,62755,62364,60819,64381,66463,67763,68888,68186,67386,67236,66117,64001,61692,60025,56286,54253,53281,52599,52617,52773,53964,55072,56951,57675,57796,57779,57415,58733,59658,59629,59585,59223,59832,60555,60149,58758,57085,55908,52961,51003,49695,49096,49057,49253,50272,51047,52447,54068,55727,56057,55927,56382,56532,56633,56855,57265,58040,58503,58209,56738,55342,53778,50905,49079,48176,47862,48393,49626,53189,58502,64766,67314,67866,67901,66138,68080,68311,68248,68368,67484,67136,66933,65713,63424,61266,59967,56357,54464,53581,53139,53338,54189,56571,60173,64596,65305,64010,62111,59152,61186,61974,63041,65028,65882,66001,66240,65309,63598,61579,59903,55996,53962,52889,52394,52341,52816,53417,53082,53182,52802,53654,52809,51279,53128,54991,56923,58744,59294,60551,61842,62006,60700,58846,56952,53753,52053,51284,50864,51225,52134,55043,59550,65633,67983,67953,67898,65659,67763,68685,68777,69140,68155,67443,66958,65507,63253,61066,59816
134,56286,54253,53281,52599,52617,52773,53964,55072,56951,57675,57796,57779,57415,58733,59658,59629,59585,59223,59832,60555,60149,58758,57085,55908,52961,51003,49695,49096,49057,49253,50272,51047,52447,54068,55727,56057,55927,56382,56532,56633,56855,57265,58040,58503,58209,56738,55342,53778,50905,49079,48176,47862,48393,49626,53189,58502,64766,67314,67866,67901,66138,68080,68311,68248,68368,67484,67136,66933,65713,63424,61266,59967,56357,54464,53581,53139,53338,54189,56571,60173,64596,65305,64010,62111,59152,61186,61974,63041,65028,65882,66001,66240,65309,63598,61579,59903,55996,53962,52889,52394,52341,52816,53417,53082,53182,52802,53654,52809,51279,53128,54991,56923,58744,59294,60551,61842,62006,60700,58846,56952,53753,52053,51284,50864,51225,52134,55043,59550,65633,67983,67953,67898,65659,67763,68685,68777,69140,68155,67443,66958,65507,63253,61066,59816,56250,54295,53410,53037,53200,54042,56655,59939,64393,65760,65548,64514,61774,63904,64847,65185,65806,65425,64799,64902,64094,62340,60454,59272
135,52961,51003,49695,49096,49057,49253,50272,51047,52447,54068,55727,56057,55927,56382,56532,56633,56855,57265,58040,58503,58209,56738,55342,53778,50905,49079,48176,47862,48393,49626,53189,58502,64766,67314,67866,67901,66138,68080,68311,68248,68368,67484,67136,66933,65713,63424,61266,59967,56357,54464,53581,53139,53338,54189,56571,60173,64596,65305,64010,62111,59152,61186,61974,63041,65028,65882,66001,66240,65309,63598,61579,59903,55996,53962,52889,52394,52341,52816,53417,53082,53182,52802,53654,52809,51279,53128,54991,56923,58744,59294,60551,61842,62006,60700,58846,56952,53753,52053,51284,50864,51225,52134,55043,59550,65633,67983,67953,67898,65659,67763,68685,68777,69140,68155,67443,66958,65507,63253,61066,59816,56250,54295,53410,53037,53200,54042,56655,59939,64393,65760,65548,64514,61774,63904,64847,65185,65806,65425,64799,64902,64094,62340,60454,59272,55319,53314,52169,51689,51666,51896,52371,51682,51442,50583,50910,50065,48648,49780,50913,52150,53870,55349,56813,58018,58452,57321,55980,54874
136,50905,49079,48176,47862,48393,49626,53189,58502,64766,67314,67866,67901,66138,68080,68311,68248,68368,67484,67136,66933,65713,63424,61266,59967,56357,54464,53581,53139,53338,54189,56571,60173,64596,65305,64010,62111,59152,61186,61974,63041,65028,65882,66001,66240,65309,63598,61579,59903,55996,53962,52889,52394,52341,52816,53417,53082,53182,52802,53654,52809,51279,53128,54991,56923,58744,59294,60551,61842,62006,60700,58846,56952,53753,52053,51284,50864,51225,52134,55043,59550,65633,67983,67953,67898,65659,67763,68685,68777,69140,68155,67443,66958,65507,63253,61066,59816,56250,54295,53410,53037,53200,54042,56655,59939,64393,65760,65548,64514,61774,63904,64847,65185,65806,65425,64799,64902,64094,62340,60454,59272,55319,53314,52169,51689,51666,51896,52371,51682,51442,50583,50910,50065,48648,49780,50913,52150,53870,55349,56813,58018,58452,57321,55980,54874,51551,49427,48232,47717,47823,47968,47766,46455,45786,46029,46698,46246,45873,47318,49034,51145,52956,53969,55340,56718,56815,55634,53963,52485
137,56357,54464,53581,53139,53338,54189,56571,60173,64596,65305,64010,62111,59152,61186,61974,63041,65028,65882,66001,66240,65309,63598,61579,59903,55996,53962,52889,52394,52341,52816,53417,53082,53182,52802,53654,52809,51279,53128,54991,56923,58744,59294,60551,61842,62006,60700,58846,56952,53753,52053,51284,50864,51225,52134,55043,59550,65633,67983,67953,67898,65659,67763,68685,68777,69140,68155,67443,66958,65507,63253,61066,59816,56250,54295,53410,53037,53200,54042,56655,59939,64393,65760,65548,64514,61774,63904,64847,65185,65806,65425,64799,64902,64094,62340,60454,59272,55319,53314,52169,51689,51666,51896,52371,51682,51442,50583,50910,50065,48648,49780,50913,52150,53870,55349,56813,58018,58452,57321,55980,54874,51551,49427,48232,47717,47823,47968,47766,46455,45786,46029,46698,46246,45873,47318,49034,51145,52956,53969,55340,56718,56815,55634,53963,52485,49556,47745,46974,46804,47318,48679,52171,56845,62373,62782,61402,60147,57835,59849,61295,62748,64784,65511,65512,65847,64633,62502,60261,58735
138,55996,53962,52889,52394,52341,52816,53417,53082,53182,52802,53654,52809,51279,53128,54991,56923,58744,59294,60551,61842,62006,60700,58846,56952,53753,52053,51284,50864,51225,52134,55043,59550,65633,67983,67953,67898,65659,67763,68685,68777,69140,68155,67443,66958,65507,63253,61066,59816,56250,54295,53410,53037,53200,54042,56655,59939,64393,65760,65548,64514,61774,63904,64847,65185,65806,65425,64799,64902,64094,62340,60454,59272,55319,53314,52169,51689,51666,51896,52371,51682,51442,50583,50910,50065,48648,49780,50913,52150,53870,55349,56813,58018,58452,57321,55980,54874,51551,49427,48232,47717,47823,47968,47766,46455,45786,46029,46698,46246,45873,47318,49034,51145,52956,53969,55340,56718,56815,55634,53963,52485,49556,47745,46974,46804,47318,48679,52171,56845,62373,62782,61402,60147,57835,59849,61295,62748,64784,65511,65512,65847,64633,62502,60261,58735,55235,53563,52789,52331,52545,53250,55994,60105,65179,65261,62319,60013,56818,58894,59978,61351,63325,64537,65144,65408,64574,62852,60779,59394
139,53753,52053,51284,50864,51225,52134,55043,59550,65633,67983,67953,67898,65659,67763,68685,68777,69140,68155,67443,66958,65507,63253,61066,59816,56250,54295,53410,53037,53200,54042,56655,59939,64393,65760,65548,64514,61774,63904,64847,65185,65806,65425,64799,64902,64094,62340,60454,59272,55319,53314,52169,51689,51666,51896,52371,51682,51442,50583,50910,50065,48648,49780,50913,52150,53870,55349,56813,58018,58452,57321,55980,54874,51551,49427,48232,47717,47823,47968,47766,46455,45786,46029,46698,46246,45873,47318,49034,51145,52956,53969,55340,56718,56815,55634,53963,52485,49556,47745,46974,46804,47318,48679,52171,56845,62373,62782,61402,60147,57835,59849,61295,62748,64784,65511,65512,65847,64633,62502,60261,58735,55235,53563,52789,52331,52545,53250,55994,60105,65179,65261,62319,60013,56818,58894,59978,61351,63325,64537,65144,65408,64574,62852,60779,59394,55487,53545,52583,52112,52400,53133,55401,58456,62254,62812,62099,60829,59652,62561,64442,66303,66876,65620,65023,65264,64510,62649,60535,59195
140,56250,54295,53410,53037,53200,54042,56655,59939,64393,65760,65548,64514,61774,63904,64847,65185,65806,65425,64799,64902,64094,62340,60454,59272,55319,53314,52169,51689,51666,51896,52371,51682,51442,50583,50910,50065,48648,49780,50913,52150,53870,55349,56813,58018,58452,57321,55980,54874,51551,49427,48232,47717,47823,47968,47766,46455,45786,46029,46698,46246,45873,47318,49034,51145,52956,53969,55340,56718,56815,55634,53963,52485,49556,47745,46974,46804,47318,48679,52171,56845,62373,62782,61402,60147,57835,59849,61295,62748,64784,65511,65512,65847,64633,62502,60261,58735,55235,53563,52789,52331,52545,53250,55994,60105,65179,65261,62319,60013,56818,58894,59978,61351,63325,64537,65144,65408,64574,62852,60779,59394,55487,53545,52583,52112,52400,53133,55401,58456,62254,62812,62099,60829,59652,62561,64442,66303,66876,65620,65023,65264,64510,62649,60535,59195,55569,53782,52707,52291,52402,53352,56141,60331,65934,67738,67698,66980,63591,64463,63684,63325,64192,65151,65638,65867,65043,63231,61000,59698
141,55319,53314,52169,51689,51666,51896,52371,51682,51442,50583,50910,50065,48648,49780,50913,52150,53870,55349,56813,58018,58452,57321,55980,54874,51551,49427,48232,47717,47823,47968,47766,46455,45786,46029,46698,46246,45873,47318,49034,51145,52956,53969,55340,56718,56815,55634,53963,52485,49556,47745,46974,46804,47318,48679,52171,56845,62373,62782,61402,60147,57835,59849,61295,62748,64784,65511,65512,65847,64633,62502,60261,58735,55235,53563,52789,52331,52545,53250,55994,60105,65179,65261,62319,60013,56818,58894,59978,61351,63325,64537,65144,65408,64574,62852,60779,59394,55487,53545,52583,52112,52400,53133,55401,58456,62254,62812,62099,60829,59652,62561,64442,66303,66876,65620,65023,65264,64510,62649,60535,59195,55569,53782,52707,52291,52402,53352,56141,60331,65934,67738,67698,66980,63591,64463,63684,63325,64192,65151,65638,65867,65043,63231,61000,59698,56098,54228,53053,52739,52929,53849,56119,58915,62882,63946,64693,65491,64452,66069,64410,63363,63505,63795,63824,64236,63893,62157,60137,59075
142,51551,49427,48232,47717,47823,47968,47766,46455,45786,46029,46698,46246,45873,47318,49034,51145,52956,53969,55340,56718,56815,55634,53963,52485,49556,47745,46974,46804,47318,48679,52171,56845,62373,62782,61402,60147,57835,59849,61295,62748,64784,65511,65512,65847,64633,62502,60261,58735,55235,53563,52789,52331,52545,53250,55994,60105,65179,65261,62319,60013,56818,58894,59978,61351,63325,64537,65144,65408,64574,62852,60779,59394,55487,53545,52583,52112,52400,53133,55401,58456,62254,62812,62099,60829,59652,62561,64442,66303,66876,65620,65023,65264,64510,62649,60535,59195,55569,53782,52707,52291,52402,53352,56141,60331,65934,67738,67698,66980,63591,64463,63684,63325,64192,65151,65638,65867,65043,63231,61000,59698,56098,54228,53053,52739,52929,53849,56119,58915,62882,63946,64693,65491,64452,66069,64410,63363,63505,63795,63824,64236,63893,62157,60137,59075,55446,53392,52249,51677,51643,51706,51846,50826,50625,49911,50696,50219,49490,51279,52348,53071,54183,55147,56610,57507,57782,56846,55619,54630
143,49556,47745,46974,46804,47318,48679,52171,56845,62373,62782,61402,60147,57835,59849,61295,62748,64784,65511,65512,65847,64633,62502,60261,58735,55235,53563,52789,52331,52545,53250,55994,60105,65179,65261,62319,60013,56818,58894,59978,61351,63325,64537,65144,65408,64574,62852,60779,59394,55487,53545,52583,52112,52400,53133,55401,58456,62254,62812,62099,60829,59652,62561,64442,66303,66876,65620,65023,65264,64510,62649,60535,59195,55569,53782,52707,52291,52402,53352,56141,60331,65934,67738,67698,66980,63591,64463,63684,63325,64192,65151,65638,65867,65043,63231,61000,59698,56098,54228,53053,52739,52929,53849,56119,58915,62882,63946,64693,65491,64452,66069,64410,63363,63505,63795,63824,64236,63893,62157,60137,59075,55446,53392,52249,51677,51643,51706,51846,50826,50625,49911,50696,50219,49490,51279,52348,53071,54183,55147,56610,57507,57782,56846,55619,54630,51515,49368,48253,47883,47928,47984,47866,46450,45018,44139,45061,44342,44039,44830,45896,47722,50308,53194,55498,56685,57041,56014,54373,52770
144,55235,53563,52789,52331,52545,53250,55994,60105,65179,65261,62319,60013,56818,58894,59978,61351,63325,64537,65144,65408,64574,62852,60779,59394,55487,53545,52583,52112,52400,53133,55401,58456,62254,62812,62099,60829,59652,62561,64442,66303,66876,65620,65023,65264,64510,62649,60535,59195,55569,53782,52707,52291,52402,53352,56141,60331,65934,67738,67698,66980,63591,64463,63684,63325,64192,65151,65638,65867,65043,63231,61000,59698,56098,54228,53053,52739,52929,53849,56119,58915,62882,63946,64693,65491,64452,66069,64410,63363,63505,63795,63824,64236,63893,62157,60137,59075,55446,53392,52249,51677,51643,51706,51846,50826,50625,49911,50696,50219,49490,51279,52348,53071,54183,55147,56610,57507,57782,56846,55619,54630,51515,49368,48253,47883,47928,47984,47866,46450,45018,44139,45061,44342,44039,44830,45896,47722,50308,53194,55498,56685,57041,56014,54373,52770,49758,48012,47179,46943,47279,48625,52062,56703,61479,62284,62391,61529,58894,61057,62329,63961,65504,65752,66049,65936,64859,62885,60518,59230
145,55487,53545,52583,52112,52400,53133,55401,58456,62254,62812,62099,60829,59652,62561,64442,66303,66876,65620,65023,65264,64510,62649,60535,59195,55569,53782,52707,52291,52402,53352,56141,60331,65934,67738,67698,66980,63591,64463,63684,63325,64192,65151,65638,65867,65043,63231,61000,59698,56098,54228,53053,52739,52929,53849,56119,58915,62882,63946,64693,65491,64452,66069,64410,63363,63505,63795,63824,64236,63893,62157,60137,59075,55446,53392,52249,51677,51643,51706,51846,50826,50625,49911,50696,50219,49490,51279,52348,53071,54183,55147,56610,57507,57782,56846,55619,54630,51515,49368,48253,47883,47928,47984,47866,46450,45018,44139,45061,44342,44039,44830,45896,47722,50308,53194,55498,56685,57041,56014,54373,52770,49758,48012,47179,46943,47279,48625,52062,56703,61479,62284,62391,61529,58894,61057,62329,63961,65504,65752,66049,65936,64859,62885,60518,59230,55499,53780,52807,52372,52609,53335,55499,58030,61276,62241,62407,61383,58825,61645,63513,65206,67332,67164,67057,67141,65793,63378,60852,59669
146,55569,53782,52707,52291,52402,53352,56141,60331,65934,67738,67698,66980,63591,64463,63684,63325,64192,65151,65638,65867,65043,63231,61000,59698,56098,54228,53053,52739,52929,53849,56119,58915,62882,63946,64693,65491,64452,66069,64410,63363,63505,63795,63824,64236,63893,62157,60137,59075,55446,53392,52249,51677,51643,51706,51846,50826,50625,49911,50696,50219,49490,51279,52348,53071,54183,55147,56610,57507,57782,56846,55619,54630,51515,49368,48253,47883,47928,47984,47866,46450,45018,44139,45061,44342,44039,44830,45896,47722,50308,53194,55498,56685,57041,56014,54373,52770,49758,48012,47179,46943,47279,48625,52062,56703,61479,62284,62391,61529,58894,61057,62329,63961,65504,65752,66049,65936,64859,62885,60518,59230,55499,53780,52807,52372,52609,53335,55499,58030,61276,62241,62407,61383,58825,61645,63513,65206,67332,67164,67057,67141,65793,63378,60852,59669,55895,54028,52932,52635,52702,53244,55403,58197,61838,62953,63459,62825,61121,65054,66903,67766,68419,68212,67837,67341,66218,64089,61335,59906
147,56098,54228,53053,52739,52929,53849,56119,58915,62882,63946,64693,65491,64452,66069,64410,63363,63505,63795,63824,64236,63893,62157,60137,59075,55446,53392,52249,51677,51643,51706,51846,50826,50625,49911,50696,50219,49490,51279,52348,53071,54183,55147,56610,57507,57782,56846,55619,54630,51515,49368,48253,47883,47928,47984,47866,46450,45018,44139,45061,44342,44039,44830,45896,47722,50308,53194,55498,56685,57041,56014,54373,52770,49758,48012,47179,46943,47279,48625,52062,56703,61479,62284,62391,61529,58894,61057,62329,63961,65504,65752,66049,65936,64859,62885,60518,59230,55499,53780,52807,52372,52609,53335,55499,58030,61276,62241,62407,61383,58825,61645,63513,65206,67332,67164,67057,67141,65793,63378,60852,59669,55895,54028,52932,52635,52702,53244,55403,58197,61838,62953,63459,62825,61121,65054,66903,67766,68419,68212,67837,67341,66218,64089,61335,59906,56239,54347,53331,52874,52943,53592,56224,60346,65934,68319,68898,68424,66511,69239,70113,69894,70093,68828,67693,67020,65326,63147,60747,59693
148,55446,53392,52249,51677,51643,51706,51846,50826,50625,49911,50696,50219,49490,51279,52348,53071,54183,55147,56610,57507,57782,56846,55619,54630,51515,49368,48253,47883,47928,47984,47866,46450,45018,44139,45061,44342,44039,44830,45896,47722,50308,53194,55498,56685,57041,56014,54373,52770,49758,48012,47179,46943,47279,48625,52062,56703,61479,62284,62391,61529,58894,61057,62329,63961,65504,65752,66049,65936,64859,62885,60518,59230,55499,53780,52807,52372,52609,53335,55499,58030,61276,62241,62407,61383,58825,61645,63513,65206,67332,67164,67057,67141,65793,63378,60852,59669,55895,54028,52932,52635,52702,53244,55403,58197,61838,62953,63459,62825,61121,65054,66903,67766,68419,68212,67837,67341,66218,64089,61335,59906,56239,54347,53331,52874,52943,53592,56224,60346,65934,68319,68898,68424,66511,69239,70113,69894,70093,68828,67693,67020,65326,63147,60747,59693,56071,54139,53106,52764,52917,53868,55786,58471,61745,61636,61002,59504,56470,59145,60611,61925,64037,64769,64864,64722,64081,62353,60255,59215
149,51515,49368,48253,47883,47928,47984,47866,46450,45018,44139,45061,44342,44039,44830,45896,47722,50308,53194,55498,56685,57041,56014,54373,52770,49758,48012,47179,46943,47279,48625,52062,56703,61479,62284,62391,61529,58894,61057,62329,63961,65504,65752,66049,65936,64859,62885,60518,59230,55499,53780,52807,52372,52609,53335,55499,58030,61276,62241,62407,61383,58825,61645,63513,65206,67332,67164,67057,67141,65793,63378,60852,59669,55895,54028,52932,52635,52702,53244,55403,58197,61838,62953,63459,62825,61121,65054,66903,67766,68419,68212,67837,67341,66218,64089,61335,59906,56239,54347,53331,52874,52943,53592,56224,60346,65934,68319,68898,68424,66511,69239,70113,69894,70093,68828,67693,67020,65326,63147,60747,59693,56071,54139,53106,52764,52917,53868,55786,58471,61745,61636,61002,59504,56470,59145,60611,61925,64037,64769,64864,64722,64081,62353,60255,59215,55518,53575,52410,51586,51394,51475,51785,52052,52895,52623,52895,52090,50533,51685,52376,53240,54834,55995,57283,58199,58611,57399,55874,54975
150,49758,48012,47179,46943,47279,48625,52062,56703,61479,62284,62391,61529,58894,61057,62329,63961,65504,65752,66049,65936,64859,62885,60518,59230,55499,53780,52807,52372,52609,53335,55499,58030,61276,62241,62407,61383,58825,61645,63513,65206,67332,67164,67057,67141,65793,63378,60852,59669,55895,54028,52932,52635,52702,53244,55403,58197,61838,62953,63459,62825,61121,65054,66903,67766,68419,68212,67837,67341,66218,64089,61335,59906,56239,54347,53331,52874,52943,53592,56224,60346,65934,68319,68898,68424,66511,69239,70113,69894,70093,68828,67693,67020,65326,63147,60747,59693,56071,54139,53106,52764,52917,53868,55786,58471,61745,61636,61002,59504,56470,59145,60611,61925,64037,64769,64864,64722,64081,62353,60255,59215,55518,53575,52410,51586,51394,51475,51785,52052,52895,52623,52895,52090,50533,51685,52376,53240,54834,55995,57283,58199,58611,57399,55874,54975,51815,49956,48877,48249,48093,48196,48220,47360,46804,47726,48568,48276,47647,48221,49003,50481,52576,55010,57022,58117,58683,57581,55807,53749
151,55499,53780,52807,52372,52609,53335,55499,58030,61276,62241,62407,61383,58825,61645,63513,65206,67332,67164,67057,67141,65793,63378,60852,59669,55895,54028,52932,52635,52702,53244,55403,58197,61838,62953,63459,62825,61121,65054,66903,67766,68419,68212,67837,67341,66218,64089,61335,59906,56239,54347,53331,52874,52943,53592,56224,60346,65934,68319,68898,68424,66511,69239,70113,69894,70093,68828,67693,67020,65326,63147,60747,59693,56071,54139,53106,52764,52917,53868,55786,58471,61745,61636,61002,59504,56470,59145,60611,61925,64037,64769,64864,64722,64081,62353,60255,59215,55518,53575,52410,51586,51394,51475,51785,52052,52895,52623,52895,52090,50533,51685,52376,53240,54834,55995,57283,58199,58611,57399,55874,54975,51815,49956,48877,48249,48093,48196,48220,47360,46804,47726,48568,48276,47647,48221,49003,50481,52576,55010,57022,58117,58683,57581,55807,53749,50776,48904,47984,47647,47977,49128,52001,56113,61634,63909,65203,65583,63419,65828,66616,66864,68270,68543,68353,68045,66850,64353,61559,60105
152,55895,54028,52932,52635,52702,53244,55403,58197,61838,62953,63459,62825,61121,65054,66903,67766,68419,68212,67837,67341,66218,64089,61335,59906,56239,54347,53331,52874,52943,53592,56224,60346,65934,68319,68898,68424,66511,69239,70113,69894,70093,68828,67693,67020,65326,63147,60747,59693,56071,54139,53106,52764,52917,53868,55786,58471,61745,61636,61002,59504,56470,59145,60611,61925,64037,64769,64864,64722,64081,62353,60255,59215,55518,53575,52410,51586,51394,51475,51785,52052,52895,52623,52895,52090,50533,51685,52376,53240,54834,55995,57283,58199,58611,57399,55874,54975,51815,49956,48877,48249,48093,48196,48220,47360,46804,47726,48568,48276,47647,48221,49003,50481,52576,55010,57022,58117,58683,57581,55807,53749,50776,48904,47984,47647,47977,49128,52001,56113,61634,63909,65203,65583,63419,65828,66616,66864,68270,68543,68353,68045,66850,64353,61559,60105,56460,54715,53713,53184,53338,54225,56249,59324,63507,64943,65840,65605,63482,66947,68962,69341,70018,69703,68979,69796,68551,65781,62743,61196
153,56239,54347,53331,52874,52943,53592,56224,60346,65934,68319,68898,68424,66511,69239,70113,69894,70093,68828,67693,67020,65326,63147,60747,59693,56071,54139,53106,52764,52917,53868,55786,58471,61745,61636,61002,59504,56470,59145,60611,61925,64037,64769,64864,64722,64081,62353,60255,59215,55518,53575,52410,51586,51394,51475,51785,52052,52895,52623,52895,52090,50533,51685,52376,53240,54834,55995,57283,58199,58611,57399,55874,54975,51815,49956,48877,48249,48093,48196,48220,47360,46804,47726,48568,48276,47647,48221,49003,50481,52576,55010,57022,58117,58683,57581,55807,53749,50776,48904,47984,47647,47977,49128,52001,56113,61634,63909,65203,65583,63419,65828,66616,66864,68270,68543,68353,68045,66850,64353,61559,60105,56460,54715,53713,53184,53338,54225,56249,59324,63507,64943,65840,65605,63482,66947,68962,69341,70018,69703,68979,69796,68551,65781,62743,61196,57421,55473,54527,53974,54002,54739,56886,59668,63799,65825,67133,67101,65391,68599,70198,71453,73387,73042,72003,71392,70035,67079,63893,62102
154,56071,54139,53106,52764,52917,53868,55786,58471,61745,61636,61002,59504,56470,59145,60611,61925,64037,64769,64864,64722,64081,62353,60255,59215,55518,53575,52410,51586,51394,51475,51785,52052,52895,52623,52895,52090,50533,51685,52376,53240,54834,55995,57283,58199,58611,57399,55874,54975,51815,49956,48877,48249,48093,48196,48220,47360,46804,47726,48568,48276,47647,48221,49003,50481,52576,55010,57022,58117,58683,57581,55807,53749,50776,48904,47984,47647,47977,49128,52001,56113,61634,63909,65203,65583,63419,65828,66616,66864,68270,68543,68353,68045,66850,64353,61559,60105,56460,54715,53713,53184,53338,54225,56249,59324,63507,64943,65840,65605,63482,66947,68962,69341,70018,69703,68979,69796,68551,65781,62743,61196,57421,55473,54527,53974,54002,54739,56886,59668,63799,65825,67133,67101,65391,68599,70198,71453,73387,73042,72003,71392,70035,67079,63893,62102,58253,56245,55046,54392,54438,55080,57177,60582,65608,68271,70182,70942,69258,71964,73384,74520,74929,73610,72087,71212,69428,66492,63191,61409
155,55518,53575,52410,51586,51394,51475,51785,52052,52895,52623,52895,52090,50533,51685,52376,53240,54834,55995,57283,58199,58611,57399,55874,54975,51815,49956,48877,48249,48093,48196,48220,47360,46804,47726,48568,48276,47647,48221,49003,50481,52576,55010,57022,58117,58683,57581,55807,53749,50776,48904,47984,47647,47977,49128,52001,56113,61634,63909,65203,65583,63419,65828,66616,66864,68270,68543,68353,68045,66850,64353,61559,60105,56460,54715,53713,53184,53338,54225,56249,59324,63507,64943,65840,65605,63482,66947,68962,69341,70018,69703,68979,69796,68551,65781,62743,61196,57421,55473,54527,53974,54002,54739,56886,59668,63799,65825,67133,67101,65391,68599,70198,71453,73387,73042,72003,71392,70035,67079,63893,62102,58253,56245,55046,54392,54438,55080,57177,60582,65608,68271,70182,70942,69258,71964,73384,74520,74929,73610,72087,71212,69428,66492,63191,61409,57767,55925,54698,54256,54276,54874,57872,62061,67669,70071,70068,69148,65664,67372,68362,68857,69966,69608,68990,68763,67739,65348,62303,60734
156,51815,49956,48877,48249,48093,48196,48220,47360,46804,47726,48568,48276,47647,48221,49003,50481,52576,55010,57022,58117,58683,57581,55807,53749,50776,48904,47984,47647,47977,49128,52001,56113,61634,63909,65203,65583,63419,65828,66616,66864,68270,68543,68353,68045,66850,64353,61559,60105,56460,54715,53713,53184,53338,54225,56249,59324,63507,64943,65840,65605,63482,66947,68962,69341,70018,69703,68979,69796,68551,65781,62743,61196,57421,55473,54527,53974,54002,54739,56886,59668,63799,65825,67133,67101,65391,68599,70198,71453,73387,73042,72003,71392,70035,67079,63893,62102,58253,56245,55046,54392,54438,55080,57177,60582,65608,68271,70182,70942,69258,71964,73384,74520,74929,73610,72087,71212,69428,66492,63191,61409,57767,55925,54698,54256,54276,54874,57872,62061,67669,70071,70068,69148,65664,67372,68362,68857,69966,69608,68990,68763,67739,65348,62303,60734,57128,55122,53883,53170,52843,52770,53404,54002,54886,55010,56428,56446,55480,56618,57295,58482,59920,60931,61648,62209,62166,60548,58242,57070
157,50776,48904,47984,47647,47977,49128,52001,56113,61634,63909,65203,65583,63419,65828,66616,66864,68270,68543,68353,68045,66850,64353,61559,60105,56460,54715,53713,53184,53338,54225,56249,59324,63507,64943,65840,65605,63482,66947,68962,69341,70018,69703,68979,69796,68551,65781,62743,61196,57421,55473,54527,53974,54002,54739,56886,59668,63799,65825,67133,67101,65391,68599,70198,71453,73387,73042,72003,71392,70035,67079,63893,62102,58253,56245,55046,54392,54438,55080,57177,60582,65608,68271,70182,70942,69258,71964,73384,74520,74929,73610,72087,71212,69428,66492,63191,61409,57767,55925,54698,54256,54276,54874,57872,62061,67669,70071,70068,69148,65664,67372,68362,68857,69966,69608,68990,68763,67739,65348,62303,60734,57128,55122,53883,53170,52843,52770,53404,54002,54886,55010,56428,56446,55480,56618,57295,58482,59920,60931,61648,62209,62166,60548,58242,57070,53732,51555,50178,49386,49213,49298,49636,49806,50350,50766,52052,51941,51790,52287,53260,54988,57277,58990,60501,61518,61377,59828,57567,55262
158,56460,54715,53713,53184,53338,54225,56249,59324,63507,64943,65840,65605,63482,66947,68962,69341,70018,69703,68979,69796,68551,65781,62743,61196,57421,55473,54527,53974,54002,54739,56886,59668,63799,65825,67133,67101,65391,68599,70198,71453,73387,73042,72003,71392,70035,67079,63893,62102,58253,56245,55046,54392,54438,55080,57177,60582,65608,68271,70182,70942,69258,71964,73384,74520,74929,73610,72087,71212,69428,66492,63191,61409,57767,55925,54698,54256,54276,54874,57872,62061,67669,70071,70068,69148,65664,67372,68362,68857,69966,69608,68990,68763,67739,65348,62303,60734,57128,55122,53883,53170,52843,52770,53404,54002,54886,55010,56428,56446,55480,56618,57295,58482,59920,60931,61648,62209,62166,60548,58242,57070,53732,51555,50178,49386,49213,49298,49636,49806,50350,50766,52052,51941,51790,52287,53260,54988,57277,58990,60501,61518,61377,59828,57567,55262,52182,50195,49255,48781,48996,50318,53596,58772,65618,68322,69792,69917,68165,70904,72255,73041,74220,73492,72305,71474,69942,67009,63649,61939
159,57421,55473,54527,53974,54002,54739,56886,59668,63799,65825,67133,67101,65391,68599,70198,71453,73387,73042,72003,71392,70035,67079,63893,62102,58253,56245,55046,54392,54438,55080,57177,60582,65608,68271,70182,70942,69258,71964,73384,74520,74929,73610,72087,71212,69428,66492,63191,61409,57767,55925,54698,54256,54276,54874,57872,62061,67669,70071,70068,69148,65664,67372,68362,68857,69966,69608,68990,68763,67739,65348,62303,60734,57128,55122,53883,53170,52843,52770,53404,54002,54886,55010,56428,56446,55480,56618,57295,58482,59920,60931,61648,62209,62166,60548,58242,57070,53732,51555,50178,49386,49213,49298,49636,49806,50350,50766,52052,51941,51790,52287,53260,54988,57277,58990,60501,61518,61377,59828,57567,55262,52182,50195,49255,48781,48996,50318,53596,58772,65618,68322,69792,69917,68165,70904,72255,73041,74220,73492,72305,71474,69942,67009,63649,61939,58217,56284,55182,54608,54732,55592,58539,63394,69851,72692,73227,72993,70550,72715,73311,72825,72705,71819,71234,70618,69271,66376,63308,61820
160,58253,56245,55046,54392,54438,55080,57177,60582,65608,68271,70182,70942,69258,71964,73384,74520,74929,73610,72087,71212,69428,66492,63191,61409,57767,55925,54698,54256,54276,54874,57872,62061,67669,70071,70068,69148,65664,67372,68362,68857,69966,69608,68990,68763,67739,65348,62303,60734,57128,55122,53883,53170,52843,52770,53404,54002,54886,55010,56428,56446,55480,56618,57295,58482,59920,60931,61648,62209,62166,60548,58242,57070,53732,51555,50178,49386,49213,49298,49636,49806,50350,50766,52052,51941,51790,52287,53260,54988,57277,58990,60501,61518,61377,59828,57567,55262,52182,50195,49255,48781,48996,50318,53596,58772,65618,68322,69792,69917,68165,70904,72255,73041,74220,73492,72305,71474,69942,67009,63649,61939,58217,56284,55182,54608,54732,55592,58539,63394,69851,72692,73227,72993,70550,72715,73311,72825,72705,71819,71234,70618,69271,66376,63308,61820,58172,56321,55222,54682,54605,55479,57997,61595,66382,68689,69826,69895,67953,70094,71014,71507,72494,71890,71046,70441,69565,66812,63504,62032
161,57767,55925,54698,54256,54276,54874,57872,62061,67669,70071,70068,69148,65664,67372,68362,68857,69966,69608,68990,68763,67739,65348,62303,60734,57128,55122,53883,53170,52843,52770,53404,54002,54886,55010,56428,56446,55480,56618,57295,58482,59920,60931,61648,62209,62166,60548,58242,57070,53732,51555,50178,49386,49213,49298,49636,49806,50350,50766,52052,51941,51790,52287,53260,54988,57277,58990,60501,61518,61377,59828,57567,55262,52182,50195,49255,48781,48996,50318,53596,58772,65618,68322,69792,69917,68165,70904,72255,73041,74220,73492,72305,71474,69942,67009,63649,61939,58217,56284,55182,54608,54732,55592,58539,63394,69851,72692,73227,72993,70550,72715,73311,72825,72705,71819,71234,70618,69271,66376,63308,61820,58172,56321,55222,54682,54605,55479,57997,61595,66382,68689,69826,69895,67953,70094,71014,71507,72494,71890,71046,70441,69565,66812,63504,62032,58164,56241,55217,54607,54462,55188,57624,61316,66141,67838,68269,68930,67353,70596,71954,72169,72670,71470,70232,69813,68283,65688,62615,61355
162,57128,55122,53883,53170,52843,52770,53404,54002,54886,55010,56428,56446,55480,56618,57295,58482,59920,60931,61648,62209,62166,60548,58242,57070,53732,51555,50178,49386,49213,49298,49636,49806,50350,50766,52052,51941,51790,52287,53260,54988,57277,58990,60501,61518,61377,59828,57567,55262,52182,50195,49255,48781,48996,50318,53596,58772,65618,68322,69792,69917,68165,70904,72255,73041,74220,73492,72305,71474,69942,67009,63649,61939,58217,56284,55182,54608,54732,55592,58539,63394,69851,72692,73227,72993,70550,72715,73311,72825,72705,71819,71234,70618,69271,66376,63308,61820,58172,56321,55222,54682,54605,55479,57997,61595,66382,68689,69826,69895,67953,70094,71014,71507,72494,71890,71046,70441,69565,66812,63504,62032,58164,56241,55217,54607,54462,55188,57624,61316,66141,67838,68269,68930,67353,70596,71954,72169,72670,71470,70232,69813,68283,65688,62615,61355,57526,55852,54782,54280,54402,55196,58117,62409,67834,70082,70192,69587,67178,69772,70457,70404,70527,69185,67913,67704,66689,64391,61558,60670
163,53732,51555,50178,49386,49213,49298,49636,49806,50350,50766,52052,51941,51790,52287,53260,54988,57277,58990,60501,61518,61377,59828,57567,55262,52182,50195,49255,48781,48996,50318,53596,58772,65618,68322,69792,69917,68165,70904,72255,73041,74220,73492,72305,71474,69942,67009,63649,61939,58217,56284,55182,54608,54732,55592,58539,63394,69851,72692,73227,72993,70550,72715,73311,72825,72705,71819,71234,70618,69271,66376,63308,61820,58172,56321,55222,54682,54605,55479,57997,61595,66382,68689,69826,69895,67953,70094,71014,71507,72494,71890,71046,70441,69565,66812,63504,62032,58164,56241,55217,54607,54462,55188,57624,61316,66141,67838,68269,68930,67353,70596,71954,72169,72670,71470,70232,69813,68283,65688,62615,61355,57526,55852,54782,54280,54402,55196,58117,62409,67834,70082,70192,69587,67178,69772,70457,70404,70527,69185,67913,67704,66689,64391,61558,60670,57143,55180,53856,53136,52908,52889,53584,53576,54126,53775,54589,53868,52907,54337,55184,55890,57449,58825,60220,60838,60923,59414,57440,56413
164,52182,50195,49255,48781,48996,50318,53596,58772,65618,68322,69792,69917,68165,70904,72255,73041,74220,73492,72305,71474,69942,67009,63649,61939,58217,56284,55182,54608,54732,55592,58539,63394,69851,72692,73227,72993,70550,72715,73311,72825,72705,71819,71234,70618,69271,66376,63308,61820,58172,56321,55222,54682,54605,55479,57997,61595,66382,68689,69826,69895,67953,70094,71014,71507,72494,71890,71046,70441,69565,66812,63504,62032,58164,56241,55217,54607,54462,55188,57624,61316,66141,67838,68269,68930,67353,70596,71954,72169,72670,71470,70232,69813,68283,65688,62615,61355,57526,55852,54782,54280,54402,55196,58117,62409,67834,70082,70192,69587,67178,69772,70457,70404,70527,69185,67913,67704,66689,64391,61558,60670,57143,55180,53856,53136,52908,52889,53584,53576,54126,53775,54589,53868,52907,54337,55184,55890,57449,58825,60220,60838,60923,59414,57440,56413,53220,51132,49909,49147,48909,48991,49180,48402,48018,47810,49717,49943,50513,51394,52403,53982,56230,57966,59780,60819,61200,59629,57441,55277
165,58217,56284,55182,54608,54732,55592,58539,63394,69851,72692,73227,72993,70550,72715,73311,72825,72705,71819,71234,70618,69271,66376,63308,61820,58172,56321,55222,54682,54605,55479,57997,61595,66382,68689,69826,69895,67953,70094,71014,71507,72494,71890,71046,70441,69565,66812,63504,62032,58164,56241,55217,54607,54462,55188,57624,61316,66141,67838,68269,68930,67353,70596,71954,72169,72670,71470,70232,69813,68283,65688,62615,61355,57526,55852,54782,54280,54402,55196,58117,62409,67834,70082,70192,69587,67178,69772,70457,70404,70527,69185,67913,67704,66689,64391,61558,60670,57143,55180,53856,53136,52908,52889,53584,53576,54126,53775,54589,53868,52907,54337,55184,55890,57449,58825,60220,60838,60923,59414,57440,56413,53220,51132,49909,49147,48909,48991,49180,48402,48018,47810,49717,49943,50513,51394,52403,53982,56230,57966,59780,60819,61200,59629,57441,55277,52362,50401,49490,49111,49421,50583,53274,57738,63650,65863,66777,66736,64909,67818,69515,70461,72091,72382,71407,70346,68879,66204,63094,61713
166,58172,56321,55222,54682,54605,55479,57997,61595,66382,68689,69826,69895,67953,70094,71014,71507,72494,71890,71046,70441,69565,66812,63504,62032,58164,56241,55217,54607,54462,55188,57624,61316,66141,67838,68269,68930,67353,70596,71954,72169,72670,71470,70232,69813,68283,65688,62615,61355,57526,55852,54782,54280,54402,55196,58117,62409,67834,70082,70192,69587,67178,69772,70457,70404,70527,69185,67913,67704,66689,64391,61558,60670,57143,55180,53856,53136,52908,52889,53584,53576,54126,53775,54589,53868,52907,54337,55184,55890,57449,58825,60220,60838,60923,59414,57440,56413,53220,51132,49909,49147,48909,48991,49180,48402,48018,47810,49717,49943,50513,51394,52403,53982,56230,57966,59780,60819,61200,59629,57441,55277,52362,50401,49490,49111,49421,50583,53274,57738,63650,65863,66777,66736,64909,67818,69515,70461,72091,72382,71407,70346,68879,66204,63094,61713,57838,55929,54898,54187,54272,54977,57287,60856,65849,68481,68960,68565,67247,70397,70791,70640,72518,72268,71174,70466,68926,66189,62929,61482
167,58164,56241,55217,54607,54462,55188,57624,61316,66141,67838,68269,68930,67353,70596,71954,72169,72670,71470,70232,69813,68283,65688,62615,61355,57526,55852,54782,54280,54402,55196,58117,62409,67834,70082,70192,69587,67178,69772,70457,70404,70527,69185,67913,67704,66689,64391,61558,60670,57143,55180,53856,53136,52908,52889,53584,53576,54126,53775,54589,53868,52907,54337,55184,55890,57449,58825,60220,60838,60923,59414,57440,56413,53220,51132,49909,49147,48909,48991,49180,48402,48018,47810,49717,49943,50513,51394,52403,53982,56230,57966,59780,60819,61200,59629,57441,55277,52362,50401,49490,49111,49421,50583,53274,57738,63650,65863,66777,66736,64909,67818,69515,70461,72091,72382,71407,70346,68879,66204,63094,61713,57838,55929,54898,54187,54272,54977,57287,60856,65849,68481,68960,68565,67247,70397,70791,70640,72518,72268,71174,70466,68926,66189,62929,61482,57893,55901,54959,54414,54262,54968,57367,61236,66615,68677,69251,69448,67155,69889,71219,71285,71726,70848,69683,69292,68454,65966,63125,61629
168,57526,55852,54782,54280,54402,55196,58117,62409,67834,70082,70192,69587,67178,69772,70457,70404,70527,69185,67913,67704,66689,64391,61558,60670,57143,55180,53856,53136,52908,52889,53584,53576,54126,53775,54589,53868,52907,54337,55184,55890,57449,58825,60220,60838,60923,59414,57440,56413,53220,51132,49909,49147,48909,48991,49180,48402,48018,47810,49717,49943,50513,51394,52403,53982,56230,57966,59780,60819,61200,59629,57441,55277,52362,50401,49490,49111,49421,50583,53274,57738,63650,65863,66777,66736,64909,67818,69515,70461,72091,72382,71407,70346,68879,66204,63094,61713,57838,55929,54898,54187,54272,54977,57287,60856,65849,68481,68960,68565,67247,70397,70791,70640,72518,72268,71174,70466,68926,66189,62929,61482,57893,55901,54959,54414,54262,54968,57367,61236,66615,68677,69251,69448,67155,69889,71219,71285,71726,70848,69683,69292,68454,65966,63125,61629,57900,56007,54914,54443,54434,55041,57381,60903,65749,67437,68364,68245,66287,69110,70598,71504,72813,72326,71314,70714,69313,66678,63532,62028
169,57143,55180,53856,53136,52908,52889,53584,53576,54126,53775,54589,53868,52907,54337,55184,55890,57449,58825,60220,60838,60923,59414,57440,56413,53220,51132,49909,49147,48909,48991,49180,48402,48018,47810,49717,49943,50513,51394,52403,53982,56230,57966,59780,60819,61200,59629,57441,55277,52362,50401,49490,49111,49421,50583,53274,57738,63650,65863,66777,66736,64909,67818,69515,70461,72091,72382,71407,70346,68879,66204,63094,61713,57838,55929,54898,54187,54272,54977,57287,60856,65849,68481,68960,68565,67247,70397,70791,70640,72518,72268,71174,70466,68926,66189,62929,61482,57893,55901,54959,54414,54262,54968,57367,61236,66615,68677,69251,69448,67155,69889,71219,71285,71726,70848,69683,69292,68454,65966,63125,61629,57900,56007,54914,54443,54434,55041,57381,60903,65749,67437,68364,68245,66287,69110,70598,71504,72813,72326,71314,70714,69313,66678,63532,62028,58331,56381,55099,54333,54441,55149,57309,60669,65143,67062,68046,67934,66023,68808,70237,71084,72763,72159,70468,69715,68580,66268,63058,61576
170,53220,51132,49909,49147,48909,48991,49180,48402,48018,47810,49717,49943,50513,51394,52403,53982,56230,57966,59780,60819,61200,59629,57441,55277,52362,50401,49490,49111,49421,50583,53274,57738,63650,65863,66777,66736,64909,67818,69515,70461,72091,72382,71407,70346,68879,66204,63094,61713,57838,55929,54898,54187,54272,54977,57287,60856,65849,68481,68960,68565,67247,70397,70791,70640,72518,72268,71174,70466,68926,66189,62929,61482,57893,55901,54959,54414,54262,54968,57367,61236,66615,68677,69251,69448,67155,69889,71219,71285,71726,70848,69683,69292,68454,65966,63125,61629,57900,56007,54914,54443,54434,55041,57381,60903,65749,67437,68364,68245,66287,69110,70598,71504,72813,72326,71314,70714,69313,66678,63532,62028,58331,56381,55099,54333,54441,55149,57309,60669,65143,67062,68046,67934,66023,68808,70237,71084,72763,72159,70468,69715,68580,66268,63058,61576,57977,55834,54438,53561,53274,53115,54452,55895,57841,58279,58425,57178,55653,57102,58269,59407,60399,60566,61207,61811,62042,60422,58273,56910
171,52362,50401,49490,49111,49421,50583,53274,57738,63650,65863,66777,66736,64909,67818,69515,70461,72091,72382,71407,70346,68879,66204,63094,61713,57838,55929,54898,54187,54272,54977,57287,60856,65849,68481,68960,68565,67247,70397,70791,70640,72518,72268,71174,70466,68926,66189,62929,61482,57893,55901,54959,54414,54262,54968,57367,61236,66615,68677,69251,69448,67155,69889,71219,71285,71726,70848,69683,69292,68454,65966,63125,61629,57900,56007,54914,54443,54434,55041,57381,60903,65749,67437,68364,68245,66287,69110,70598,71504,72813,72326,71314,70714,69313,66678,63532,62028,58331,56381,55099,54333,54441,55149,57309,60669,65143,67062,68046,67934,66023,68808,70237,71084,72763,72159,70468,69715,68580,66268,63058,61576,57977,55834,54438,53561,53274,53115,54452,55895,57841,58279,58425,57178,55653,57102,58269,59407,60399,60566,61207,61811,62042,60422,58273,56910,53539,51599,50249,49508,49209,49239,49604,49112,48927,49502,51550,52184,52881,54360,55413,56390,57922,59490,60994,61947,62109,60489,58330,56098
172,57838,55929,54898,54187,54272,54977,57287,60856,65849,68481,68960,68565,67247,70397,70791,70640,72518,72268,71174,70466,68926,66189,62929,61482,57893,55901,54959,54414,54262,54968,57367,61236,66615,68677,69251,69448,67155,69889,71219,71285,71726,70848,69683,69292,68454,65966,63125,61629,57900,56007,54914,54443,54434,55041,57381,60903,65749,67437,68364,68245,66287,69110,70598,71504,72813,72326,71314,70714,69313,66678,63532,62028,58331,56381,55099,54333,54441,55149,57309,60669,65143,67062,68046,67934,66023,68808,70237,71084,72763,72159,70468,69715,68580,66268,63058,61576,57977,55834,54438,53561,53274,53115,54452,55895,57841,58279,58425,57178,55653,57102,58269,59407,60399,60566,61207,61811,62042,60422,58273,56910,53539,51599,50249,49508,49209,49239,49604,49112,48927,49502,51550,52184,52881,54360,55413,56390,57922,59490,60994,61947,62109,60489,58330,56098,52865,51054,50069,49649,49860,51319,54533,59203,65741,68443,69784,69905,68364,71621,73306,74472,74821,73541,72301,71798,70319,67261,64112,62629
173,57893,55901,54959,54414,54262,54968,57367,61236,66615,68677,69251,69448,67155,69889,71219,71285,71726,70848,69683,69292,68454,65966,63125,61629,57900,56007,54914,54443,54434,55041,57381,60903,65749,67437,68364,68245,66287,69110,70598,71504,72813,72326,71314,70714,69313,66678,63532,62028,58331,56381,55099,54333,54441,55149,57309,60669,65143,67062,68046,67934,66023,68808,70237,71084,72763,72159,70468,69715,68580,66268,63058,61576,57977,55834,54438,53561,53274,53115,54452,55895,57841,58279,58425,57178,55653,57102,58269,59407,60399,60566,61207,61811,62042,60422,58273,56910,53539,51599,50249,49508,49209,49239,49604,49112,48927,49502,51550,52184,52881,54360,55413,56390,57922,59490,60994,61947,62109,60489,58330,56098,52865,51054,50069,49649,49860,51319,54533,59203,65741,68443,69784,69905,68364,71621,73306,74472,74821,73541,72301,71798,70319,67261,64112,62629,58875,56913,55809,55254,55259,55999,58563,62259,67662,70347,71338,71090,69221,72180,73466,74167,75854,74951,73440,72753,71059,68179,64708,63057
174,57900,56007,54914,54443,54434,55041,57381,60903,65749,67437,68364,68245,66287,69110,70598,71504,72813,72326,71314,70714,69313,66678,63532,62028,58331,56381,55099,54333,54441,55149,57309,60669,65143,67062,68046,67934,66023,68808,70237,71084,72763,72159,70468,69715,68580,66268,63058,61576,57977,55834,54438,53561,53274,53115,54452,55895,57841,58279,58425,57178,55653,57102,58269,59407,60399,60566,61207,61811,62042,60422,58273,56910,53539,51599,50249,49508,49209,49239,49604,49112,48927,49502,51550,52184,52881,54360,55413,56390,57922,59490,60994,61947,62109,60489,58330,56098,52865,51054,50069,49649,49860,51319,54533,59203,65741,68443,69784,69905,68364,71621,73306,74472,74821,73541,72301,71798,70319,67261,64112,62629,58875,56913,55809,55254,55259,55999,58563,62259,67662,70347,71338,71090,69221,72180,73466,74167,75854,74951,73440,72753,71059,68179,64708,63057,59230,57359,56279,55523,55516,56252,59049,63358,69344,72094,72802,72460,69604,71601,72627,73342,74824,74488,73418,72787,71521,68678,65294,63528
175,58331,56381,55099,54333,54441,55149,57309,60669,65143,67062,68046,67934,66023,68808,70237,71084,72763,72159,70468,69715,68580,66268,63058,61576,57977,55834,54438,53561,53274,53115,54452,55895,57841,58279,58425,57178,55653,57102,58269,59407,60399,60566,61207,61811,62042,60422,58273,56910,53539,51599,50249,49508,49209,49239,49604,49112,48927,49502,51550,52184,52881,54360,55413,56390,57922,59490,60994,61947,62109,60489,58330,56098,52865,51054,50069,49649,49860,51319,54533,59203,65741,68443,69784,69905,68364,71621,73306,74472,74821,73541,72301,71798,70319,67261,64112,62629,58875,56913,55809,55254,55259,55999,58563,62259,67662,70347,71338,71090,69221,72180,73466,74167,75854,74951,73440,72753,71059,68179,64708,63057,59230,57359,56279,55523,55516,56252,59049,63358,69344,72094,72802,72460,69604,71601,72627,73342,74824,74488,73418,72787,71521,68678,65294,63528,59606,57748,56502,55787,55398,56126,58404,62175,67352,69691,71265,71498,69941,73285,74602,75403,77476,77081,76208,75540,73756,70553,66837,64982
176,57977,55834,54438,53561,53274,53115,54452,55895,57841,58279,58425,57178,55653,57102,58269,59407,60399,60566,61207,61811,62042,60422,58273,56910,53539,51599,50249,49508,49209,49239,49604,49112,48927,49502,51550,52184,52881,54360,55413,56390,57922,59490,60994,61947,62109,60489,58330,56098,52865,51054,50069,49649,49860,51319,54533,59203,65741,68443,69784,69905,68364,71621,73306,74472,74821,73541,72301,71798,70319,67261,64112,62629,58875,56913,55809,55254,55259,55999,58563,62259,67662,70347,71338,71090,69221,72180,73466,74167,75854,74951,73440,72753,71059,68179,64708,63057,59230,57359,56279,55523,55516,56252,59049,63358,69344,72094,72802,72460,69604,71601,72627,73342,74824,74488,73418,72787,71521,68678,65294,63528,59606,57748,56502,55787,55398,56126,58404,62175,67352,69691,71265,71498,69941,73285,74602,75403,77476,77081,76208,75540,73756,70553,66837,64982,60789,58523,57169,56331,56295,56940,59449,63929,70062,72671,72744,72296,69885,72823,74416,75428,76865,76465,74944,73884,72762,69914,66256,64367
177,53539,51599,50249,49508,49209,49239,49604,49112,48927,49502,51550,52184,52881,54360,55413,56390,57922,59490,60994,61947,62109,60489,58330,56098,52865,51054,50069,49649,49860,51319,54533,59203,65741,68443,69784,69905,68364,71621,73306,74472,74821,73541,72301,71798,70319,67261,64112,62629,58875,56913,55809,55254,55259,55999,58563,62259,67662,70347,71338,71090,69221,72180,73466,74167,75854,74951,73440,72753,71059,68179,64708,63057,59230,57359,56279,55523,55516,56252,59049,63358,69344,72094,72802,72460,69604,71601,72627,73342,74824,74488,73418,72787,71521,68678,65294,63528,59606,57748,56502,55787,55398,56126,58404,62175,67352,69691,71265,71498,69941,73285,74602,75403,77476,77081,76208,75540,73756,70553,66837,64982,60789,58523,57169,56331,56295,56940,59449,63929,70062,72671,72744,72296,69885,72823,74416,75428,76865,76465,74944,73884,72762,69914,66256,64367,60317,57915,56388,55146,54701,54510,55159,56251,58640,60843,62921,63518,62889,64228,64612,64266,63779,63108,63063,63079,62561,60918,59015,58380
178,52865,51054,50069,49649,49860,51319,54533,59203,65741,68443,69784,69905,68364,71621,73306,74472,74821,73541,72301,71798,70319,67261,64112,62629,58875,56913,55809,55254,55259,55999,58563,62259,67662,70347,71338,71090,69221,72180,73466,74167,75854,74951,73440,72753,71059,68179,64708,63057,59230,57359,56279,55523,55516,56252,59049,63358,69344,72094,72802,72460,69604,71601,72627,73342,74824,74488,73418,72787,71521,68678,65294,63528,59606,57748,56502,55787,55398,56126,58404,62175,67352,69691,71265,71498,69941,73285,74602,75403,77476,77081,76208,75540,73756,70553,66837,64982,60789,58523,57169,56331,56295,56940,59449,63929,70062,72671,72744,72296,69885,72823,74416,75428,76865,76465,74944,73884,72762,69914,66256,64367,60317,57915,56388,55146,54701,54510,55159,56251,58640,60843,62921,63518,62889,64228,64612,64266,63779,63108,63063,63079,62561,60918,59015,58380,55277,53303,52038,51241,50999,51054,51743,52616,53916,55574,57256,57786,57982,58880,59260,59235,59692,60517,61610,62368,62361,60652,58278,56307
179,58875,56913,55809,55254,55259,55999,58563,62259,67662,70347,71338,71090,69221,72180,73466,74167,75854,74951,73440,72753,71059,68179,64708,63057,59230,57359,56279,55523,55516,56252,59049,63358,69344,72094,72802,72460,69604,71601,72627,73342,74824,74488,73418,72787,71521,68678,65294,63528,59606,57748,56502,55787,55398,56126,58404,62175,67352,69691,71265,71498,69941,73285,74602,75403,77476,77081,76208,75540,73756,70553,66837,64982,60789,58523,57169,56331,56295,56940,59449,63929,70062,72671,72744,72296,69885,72823,74416,75428,76865,76465,74944,73884,72762,69914,66256,64367,60317,57915,56388,55146,54701,54510,55159,56251,58640,60843,62921,63518,62889,64228,64612,64266,63779,63108,63063,63079,62561,60918,59015,58380,55277,53303,52038,51241,50999,51054,51743,52616,53916,55574,57256,57786,57982,58880,59260,59235,59692,60517,61610,62368,62361,60652,58278,56307,53146,51449,50451,50026,50125,51487,54903,60918,68568,72299,73151,73089,71274,74418,75556,75787,76256,74936,73620,72579,70935,68167,64960,63503
180,59230,57359,56279,55523,55516,56252,59049,63358,69344,72094,72802,72460,69604,71601,72627,73342,74824,74488,73418,72787,71521,68678,65294,63528,59606,57748,56502,55787,55398,56126,58404,62175,67352,69691,71265,71498,69941,73285,74602,75403,77476,77081,76208,75540,73756,70553,66837,64982,60789,58523,57169,56331,56295,56940,59449,63929,70062,72671,72744,72296,69885,72823,74416,75428,76865,76465,74944,73884,72762,69914,66256,64367,60317,57915,56388,55146,54701,54510,55159,56251,58640,60843,62921,63518,62889,64228,64612,64266,63779,63108,63063,63079,62561,60918,59015,58380,55277,53303,52038,51241,50999,51054,51743,52616,53916,55574,57256,57786,57982,58880,59260,59235,59692,60517,61610,62368,62361,60652,58278,56307,53146,51449,50451,50026,50125,51487,54903,60918,68568,72299,73151,73089,71274,74418,75556,75787,76256,74936,73620,72579,70935,68167,64960,63503,59855,57832,56698,56088,56026,56877,59944,64988,71734,75224,76164,76249,74225,77775,79267,79246,79663,78358,76215,75041,73367,70250,66555,64956
181,59606,57748,56502,55787,55398,56126,58404,62175,67352,69691,71265,71498,69941,73285,74602,75403,77476,77081,76208,75540,73756,70553,66837,64982,60789,58523,57169,56331,56295,56940,59449,63929,70062,72671,72744,72296,69885,72823,74416,75428,76865,76465,74944,73884,72762,69914,66256,64367,60317,57915,56388,55146,54701,54510,55159,56251,58640,60843,62921,63518,62889,64228,64612,64266,63779,63108,63063,63079,62561,60918,59015,58380,55277,53303,52038,51241,50999,51054,51743,52616,53916,55574,57256,57786,57982,58880,59260,59235,59692,60517,61610,62368,62361,60652,58278,56307,53146,51449,50451,50026,50125,51487,54903,60918,68568,72299,73151,73089,71274,74418,75556,75787,76256,74936,73620,72579,70935,68167,64960,63503,59855,57832,56698,56088,56026,56877,59944,64988,71734,75224,76164,76249,74225,77775,79267,79246,79663,78358,76215,75041,73367,70250,66555,64956,60958,58902,57831,57108,57174,57903,60956,66341,73570,77246,79415,79413,76882,79626,80734,81086,80871,79236,77783,77225,75703,72335,68500,66570
182,60789,58523,57169,56331,56295,56940,59449,63929,70062,72671,72744,72296,69885,72823,74416,75428,76865,76465,74944,73884,72762,69914,66256,64367,60317,57915,56388,55146,54701,54510,55159,56251,58640,60843,62921,63518,62889,64228,64612,64266,63779,63108,63063,63079,62561,60918,59015,58380,55277,53303,52038,51241,50999,51054,51743,52616,53916,55574,57256,57786,57982,58880,59260,59235,59692,60517,61610,62368,62361,60652,58278,56307,53146,51449,50451,50026,50125,51487,54903,60918,68568,72299,73151,73089,71274,74418,75556,75787,76256,74936,73620,72579,70935,68167,64960,63503,59855,57832,56698,56088,56026,56877,59944,64988,71734,75224,76164,76249,74225,77775,79267,79246,79663,78358,76215,75041,73367,70250,66555,64956,60958,58902,57831,57108,57174,57903,60956,66341,73570,77246,79415,79413,76882,79626,80734,81086,80871,79236,77783,77225,75703,72335,68500,66570,62281,59988,58600,57866,57881,58582,61634,66581,73251,76642,77660,77922,76354,79570,80208,80266,81187,80386,78711,77561,75348,71791,67759,65622
183,60317,57915,56388,55146,54701,54510,55159,56251,58640,60843,62921,63518,62889,64228,64612,64266,63779,63108,63063,63079,62561,60918,59015,58380,55277,53303,52038,51241,50999,51054,51743,52616,53916,55574,57256,57786,57982,58880,59260,59235,59692,60517,61610,62368,62361,60652,58278,56307,53146,51449,50451,50026,50125,51487,54903,60918,68568,72299,73151,73089,71274,74418,75556,75787,76256,74936,73620,72579,70935,68167,64960,63503,59855,57832,56698,56088,56026,56877,59944,64988,71734,75224,76164,76249,74225,77775,79267,79246,79663,78358,76215,75041,73367,70250,66555,64956,60958,58902,57831,57108,57174,57903,60956,66341,73570,77246,79415,79413,76882,79626,80734,81086,80871,79236,77783,77225,75703,72335,68500,66570,62281,59988,58600,57866,57881,58582,61634,66581,73251,76642,77660,77922,76354,79570,80208,80266,81187,80386,78711,77561,75348,71791,67759,65622,61569,59458,58326,57654,57584,58372,61379,66138,72727,75592,76698,76236,73858,75980,76979,77274,78397,78101,76298,75278,74105,71040,67376,65708
184,55277,53303,52038,51241,50999,51054,51743,52616,53916,55574,57256,57786,57982,58880,59260,59235,59692,60517,61610,62368,62361,60652,58278,56307,53146,51449,50451,50026,50125,51487,54903,60918,68568,72299,73151,73089,71274,74418,75556,75787,76256,74936,73620,72579,70935,68167,64960,63503,59855,57832,56698,56088,56026,56877,59944,64988,71734,75224,76164,76249,74225,77775,79267,79246,79663,78358,76215,75041,73367,70250,66555,64956,60958,58902,57831,57108,57174,57903,60956,66341,73570,77246,79415,79413,76882,79626,80734,81086,80871,79236,77783,77225,75703,72335,68500,66570,62281,59988,58600,57866,57881,58582,61634,66581,73251,76642,77660,77922,76354,79570,80208,80266,81187,80386,78711,77561,75348,71791,67759,65622,61569,59458,58326,57654,57584,58372,61379,66138,72727,75592,76698,76236,73858,75980,76979,77274,78397,78101,76298,75278,74105,71040,67376,65708,61587,59245,57872,56813,56364,56241,57018,58062,60147,61835,63961,64106,63955,65440,65806,66047,66250,66898,67482,67726,67661,65798,62800,61239
185,53146,51449,50451,50026,50125,51487,54903,60918,68568,72299,73151,73089,71274,74418,75556,75787,76256,74936,73620,72579,70935,68167,64960,63503,59855,57832,56698,56088,56026,56877,59944,64988,71734,75224,76164,76249,74225,77775,79267,79246,79663,78358,76215,75041,73367,70250,66555,64956,60958,58902,57831,57108,57174,57903,60956,66341,73570,77246,79415,79413,76882,79626,80734,81086,80871,79236,77783,77225,75703,72335,68500,66570,62281,59988,58600,57866,57881,58582,61634,66581,73251,76642,77660,77922,76354,79570,80208,80266,81187,80386,78711,77561,75348,71791,67759,65622,61569,59458,58326,57654,57584,58372,61379,66138,72727,75592,76698,76236,73858,75980,76979,77274,78397,78101,76298,75278,74105,71040,67376,65708,61587,59245,57872,56813,56364,56241,57018,58062,60147,61835,63961,64106,63955,65440,65806,66047,66250,66898,67482,67726,67661,65798,62800,61239,57570,55100,53593,52617,52354,52358,52967,53749,55438,57455,59233,59773,59709,60585,61483,62943,64307,66217,67655,68518,68120,65677,62508,59816
186,59855,57832,56698,56088,56026,56877,59944,64988,71734,75224,76164,76249,74225,77775,79267,79246,79663,78358,76215,75041,73367,70250,66555,64956,60958,58902,57831,57108,57174,57903,60956,66341,73570,77246,79415,79413,76882,79626,80734,81086,80871,79236,77783,77225,75703,72335,68500,66570,62281,59988,58600,57866,57881,58582,61634,66581,73251,76642,77660,77922,76354,79570,80208,80266,81187,80386,78711,77561,75348,71791,67759,65622,61569,59458,58326,57654,57584,58372,61379,66138,72727,75592,76698,76236,73858,75980,76979,77274,78397,78101,76298,75278,74105,71040,67376,65708,61587,59245,57872,56813,56364,56241,57018,58062,60147,61835,63961,64106,63955,65440,65806,66047,66250,66898,67482,67726,67661,65798,62800,61239,57570,55100,53593,52617,52354,52358,52967,53749,55438,57455,59233,59773,59709,60585,61483,62943,64307,66217,67655,68518,68120,65677,62508,59816,56331,54025,52743,52200,52440,53793,57618,63556,71968,76215,77912,78190,76886,80493,82261,83235,85011,85002,83586,82506,80172,76138,71435,68806
187,60958,58902,57831,57108,57174,57903,60956,66341,73570,77246,79415,79413,76882,79626,80734,81086,80871,79236,77783,77225,75703,72335,68500,66570,62281,59988,58600,57866,57881,58582,61634,66581,73251,76642,77660,77922,76354,79570,80208,80266,81187,80386,78711,77561,75348,71791,67759,65622,61569,59458,58326,57654,57584,58372,61379,66138,72727,75592,76698,76236,73858,75980,76979,77274,78397,78101,76298,75278,74105,71040,67376,65708,61587,59245,57872,56813,56364,56241,57018,58062,60147,61835,63961,64106,63955,65440,65806,66047,66250,66898,67482,67726,67661,65798,62800,61239,57570,55100,53593,52617,52354,52358,52967,53749,55438,57455,59233,59773,59709,60585,61483,62943,64307,66217,67655,68518,68120,65677,62508,59816,56331,54025,52743,52200,52440,53793,57618,63556,71968,76215,77912,78190,76886,80493,82261,83235,85011,85002,83586,82506,80172,76138,71435,68806,64016,61434,60041,59080,59038,59851,62822,67946,75457,79608,81463,81836,80363,83061,84676,85417,87172,86701,85405,84723,82540,78429,73408,70201
188,62281,59988,58600,57866,57881,58582,61634,66581,73251,76642,77660,77922,76354,79570,80208,80266,81187,80386,78711,77561,75348,71791,67759,65622,61569,59458,58326,57654,57584,58372,61379,66138,72727,75592,76698,76236,73858,75980,76979,77274,78397,78101,76298,75278,74105,71040,67376,65708,61587,59245,57872,56813,56364,56241,57018,58062,60147,61835,63961,64106,63955,65440,65806,66047,66250,66898,67482,67726,67661,65798,62800,61239,57570,55100,53593,52617,52354,52358,52967,53749,55438,57455,59233,59773,59709,60585,61483,62943,64307,66217,67655,68518,68120,65677,62508,59816,56331,54025,52743,52200,52440,53793,57618,63556,71968,76215,77912,78190,76886,80493,82261,83235,85011,85002,83586,82506,80172,76138,71435,68806,64016,61434,60041,59080,59038,59851,62822,67946,75457,79608,81463,81836,80363,83061,84676,85417,87172,86701,85405,84723,82540,78429,73408,70201,65247,62420,60939,60027,59764,60411,63566,69053,76874,81578,84211,85370,83495,85921,87026,87052,88087,87796,86661,85925,83834,79655,74431,71250
189,61569,59458,58326,57654,57584,58372,61379,66138,72727,75592,76698,76236,73858,75980,76979,77274,78397,78101,76298,75278,74105,71040,67376,65708,61587,59245,57872,56813,56364,56241,57018,58062,60147,61835,63961,64106,63955,65440,65806,66047,66250,66898,67482,67726,67661,65798,62800,61239,57570,55100,53593,52617,52354,52358,52967,53749,55438,57455,59233,59773,59709,60585,61483,62943,64307,66217,67655,68518,68120,65677,62508,59816,56331,54025,52743,52200,52440,53793,57618,63556,71968,76215,77912,78190,76886,80493,82261,83235,85011,85002,83586,82506,80172,76138,71435,68806,64016,61434,60041,59080,59038,59851,62822,67946,75457,79608,81463,81836,80363,83061,84676,85417,87172,86701,85405,84723,82540,78429,73408,70201,65247,62420,60939,60027,59764,60411,63566,69053,76874,81578,84211,85370,83495,85921,87026,87052,88087,87796,86661,85925,83834,79655,74431,71250,66010,63284,61558,60545,60452,61101,64214,69565,77319,81495,83510,83725,82454,85685,87691,88170,88551,86924,85074,83843,81408,77222,72463,69758
190,61587,59245,57872,56813,56364,56241,57018,58062,60147,61835,63961,64106,63955,65440,65806,66047,66250,66898,67482,67726,67661,65798,62800,61239,57570,55100,53593,52617,52354,52358,52967,53749,55438,57455,59233,59773,59709,60585,61483,62943,64307,66217,67655,68518,68120,65677,62508,59816,56331,54025,52743,52200,52440,53793,57618,63556,71968,76215,77912,78190,76886,80493,82261,83235,85011,85002,83586,82506,80172,76138,71435,68806,64016,61434,60041,59080,59038,59851,62822,67946,75457,79608,81463,81836,80363,83061,84676,85417,87172,86701,85405,84723,82540,78429,73408,70201,65247,62420,60939,60027,59764,60411,63566,69053,76874,81578,84211,85370,83495,85921,87026,87052,88087,87796,86661,85925,83834,79655,74431,71250,66010,63284,61558,60545,60452,61101,64214,69565,77319,81495,83510,83725,82454,85685,87691,88170,88551,86924,85074,83843,81408,77222,72463,69758,64926,62323,60471,59447,59412,60172,62941,67860,75096,79241,81941,82654,81331,84258,85558,86631,88015,86635,83890,81611,79067,75054,70522,68212
191,57570,55100,53593,52617,52354,52358,52967,53749,55438,57455,59233,59773,59709,60585,61483,62943,64307,66217,67655,68518,68120,65677,62508,59816,56331,54025,52743,52200,52440,53793,57618,63556,71968,76215,77912,78190,76886,80493,82261,83235,85011,85002,83586,82506,80172,76138,71435,68806,64016,61434,60041,59080,59038,59851,62822,67946,75457,79608,81463,81836,80363,83061,84676,85417,87172,86701,85405,84723,82540,78429,73408,70201,65247,62420,60939,60027,59764,60411,63566,69053,76874,81578,84211,85370,83495,85921,87026,87052,88087,87796,86661,85925,83834,79655,74431,71250,66010,63284,61558,60545,60452,61101,64214,69565,77319,81495,83510,83725,82454,85685,87691,88170,88551,86924,85074,83843,81408,77222,72463,69758,64926,62323,60471,59447,59412,60172,62941,67860,75096,79241,81941,82654,81331,84258,85558,86631,88015,86635,83890,81611,79067,75054,70522,68212,63774,61156,59378,58043,57638,57483,58366,59681,62038,64381,67307,68140,67819,69017,69305,69619,70395,70798,71648,71849,71574,68967,65574,63658
192,56331,54025,52743,52200,52440,53793,57618,63556,71968,76215,77912,78190,76886,80493,82261,83235,85011,85002,83586,82506,80172,76138,71435,68806,64016,61434,60041,59080,59038,59851,62822,67946,75457,79608,81463,81836,80363,83061,84676,85417,87172,86701,85405,84723,82540,78429,73408,70201,65247,62420,60939,60027,59764,60411,63566,69053,76874,81578,84211,85370,83495,85921,87026,87052,88087,87796,86661,85925,83834,79655,74431,71250,66010,63284,61558,60545,60452,61101,64214,69565,77319,81495,83510,83725,82454,85685,87691,88170,88551,86924,85074,83843,81408,77222,72463,69758,64926,62323,60471,59447,59412,60172,62941,67860,75096,79241,81941,82654,81331,84258,85558,86631,88015,86635,83890,81611,79067,75054,70522,68212,63774,61156,59378,58043,57638,57483,58366,59681,62038,64381,67307,68140,67819,69017,69305,69619,70395,70798,71648,71849,71574,68967,65574,63658,59734,57226,55454,54431,54017,53848,54410,54740,55740,57664,60852,61939,62878,64170,65201,66599,68529,70163,71561,72054,72021,69479,65620,62144
193,64016,61434,60041,59080,59038,59851,62822,67946,75457,79608,81463,81836,80363,83061,84676,85417,87172,86701,85405,84723,82540,78429,73408,70201,65247,62420,60939,60027,59764,60411,63566,69053,76874,81578,84211,85370,83495,85921,87026,87052,88087,87796,86661,85925,83834,79655,74431,71250,66010,63284,61558,60545,60452,61101,64214,69565,77319,81495,83510,83725,82454,85685,87691,88170,88551,86924,85074,83843,81408,77222,72463,69758,64926,62323,60471,59447,59412,60172,62941,67860,75096,79241,81941,82654,81331,84258,85558,86631,88015,86635,83890,81611,79067,75054,70522,68212,63774,61156,59378,58043,57638,57483,58366,59681,62038,64381,67307,68140,67819,69017,69305,69619,70395,70798,71648,71849,71574,68967,65574,63658,59734,57226,55454,54431,54017,53848,54410,54740,55740,57664,60852,61939,62878,64170,65201,66599,68529,70163,71561,72054,72021,69479,65620,62144,58243,55952,54581,53977,54151,55675,59737,66475,75586,79764,81070,81493,79853,82795,83959,83972,84586,84095,82868,82141,80289,76395,71908,69351
194,65247,62420,60939,60027,59764,60411,63566,69053,76874,81578,84211,85370,83495,85921,87026,87052,88087,87796,86661,85925,83834,79655,74431,71250,66010,63284,61558,60545,60452,61101,64214,69565,77319,81495,83510,83725,82454,85685,87691,88170,88551,86924,85074,83843,81408,77222,72463,69758,64926,62323,60471,59447,59412,60172,62941,67860,75096,79241,81941,82654,81331,84258,85558,86631,88015,86635,83890,81611,79067,75054,70522,68212,63774,61156,59378,58043,57638,57483,58366,59681,62038,64381,67307,68140,67819,69017,69305,69619,70395,70798,71648,71849,71574,68967,65574,63658,59734,57226,55454,54431,54017,53848,54410,54740,55740,57664,60852,61939,62878,64170,65201,66599,68529,70163,71561,72054,72021,69479,65620,62144,58243,55952,54581,53977,54151,55675,59737,66475,75586,79764,81070,81493,79853,82795,83959,83972,84586,84095,82868,82141,80289,76395,71908,69351,64814,62430,60879,59895,59731,60652,63786,69120,76965,81247,83158,84152,82652,85677,86722,87160,87841,87461,86503,85784,83481,79050,73960,70986
195,66010,63284,61558,60545,60452,61101,64214,69565,77319,81495,83510,83725,82454,85685,87691,88170,88551,86924,85074,83843,81408,77222,72463,69758,64926,62323,60471,59447,59412,60172,62941,67860,75096,79241,81941,82654,81331,84258,85558,86631,88015,86635,83890,81611,79067,75054,70522,68212,63774,61156,59378,58043,57638,57483,58366,59681,62038,64381,67307,68140,67819,69017,69305,69619,70395,70798,71648,71849,71574,68967,65574,63658,59734,57226,55454,54431,54017,53848,54410,54740,55740,57664,60852,61939,62878,64170,65201,66599,68529,70163,71561,72054,72021,69479,65620,62144,58243,55952,54581,53977,54151,55675,59737,66475,75586,79764,81070,81493,79853,82795,83959,83972,84586,84095,82868,82141,80289,76395,71908,69351,64814,62430,60879,59895,59731,60652,63786,69120,76965,81247,83158,84152,82652,85677,86722,87160,87841,87461,86503,85784,83481,79050,73960,70986,65934,63301,61673,60724,60530,61080,64016,69161,76429,80696,82566,83340,81861,84857,86471,87308,88937,88936,87865,87271,85050,80649,75101,71866
196,64926,62323,60471,59447,59412,60172,62941,67860,75096,79241,81941,82654,81331,84258,85558,86631,88015,86635,83890,81611,79067,75054,70522,68212,63774,61156,59378,58043,57638,57483,58366,59681,62038,64381,67307,68140,67819,69017,69305,69619,70395,70798,71648,71849,71574,68967,65574,63658,59734,57226,55454,54431,54017,53848,54410,54740,55740,57664,60852,61939,62878,64170,65201,66599,68529,70163,71561,72054,72021,69479,65620,62144,58243,55952,54581,53977,54151,55675,59737,66475,75586,79764,81070,81493,79853,82795,83959,83972,84586,84095,82868,82141,80289,76395,71908,69351,64814,62430,60879,59895,59731,60652,63786,69120,76965,81247,83158,84152,82652,85677,86722,87160,87841,87461,86503,85784,83481,79050,73960,70986,65934,63301,61673,60724,60530,61080,64016,69161,76429,80696,82566,83340,81861,84857,86471,87308,88937,88936,87865,87271,85050,80649,75101,71866,66710,63844,62085,61096,61023,61625,64525,69474,76578,80769,82636,83402,81833,85219,87031,87934,89658,89958,89056,88223,85694,80770,75323,72207
197,63774,61156,59378,58043,57638,57483,58366,59681,62038,64381,67307,68140,67819,69017,69305,69619,70395,70798,71648,71849,71574,68967,65574,63658,59734,57226,55454,54431,54017,53848,54410,54740,55740,57664,60852,61939,62878,64170,65201,66599,68529,70163,71561,72054,72021,69479,65620,62144,58243,55952,54581,53977,54151,55675,59737,66475,75586,79764,81070,81493,79853,82795,83959,83972,84586,84095,82868,82141,80289,76395,71908,69351,64814,62430,60879,59895,59731,60652,63786,69120,76965,81247,83158,84152,82652,85677,86722,87160,87841,87461,86503,85784,83481,79050,73960,70986,65934,63301,61673,60724,60530,61080,64016,69161,76429,80696,82566,83340,81861,84857,86471,87308,88937,88936,87865,87271,85050,80649,75101,71866,66710,63844,62085,61096,61023,61625,64525,69474,76578,80769,82636,83402,81833,85219,87031,87934,89658,89958,89056,88223,85694,80770,75323,72207,67131,64331,62489,61347,61101,61812,64659,69709,76563,80793,82708,83948,82857,85845,87448,88508,89812,89491,87952,87065,84849,80386,75464,72299
198,59734,57226,55454,54431,54017,53848,54410,54740,55740,57664,60852,61939,62878,64170,65201,66599,68529,70163,71561,72054,72021,69479,65620,62144,58243,55952,54581,53977,54151,55675,59737,66475,75586,79764,81070,81493,79853,82795,83959,83972,84586,84095,82868,82141,80289,76395,71908,69351,64814,62430,60879,59895,59731,60652,63786,69120,76965,81247,83158,84152,82652,85677,86722,87160,87841,87461,86503,85784,83481,79050,73960,70986,65934,63301,61673,60724,60530,61080,64016,69161,76429,80696,82566,83340,81861,84857,86471,87308,88937,88936,87865,87271,85050,80649,75101,71866,66710,63844,62085,61096,61023,61625,64525,69474,76578,80769,82636,83402,81833,85219,87031,87934,89658,89958,89056,88223,85694,80770,75323,72207,67131,64331,62489,61347,61101,61812,64659,69709,76563,80793,82708,83948,82857,85845,87448,88508,89812,89491,87952,87065,84849,80386,75464,72299,67214,64295,62299,61042,60341,60232,61243,62912,66288,69093,71945,73153,72866,74152,74971,75621,76163,77026,78098,78285,77502,74227,70006,67361
199,58243,55952,54581,53977,54151,55675,59737,66475,75586,79764,81070,81493,79853,82795,83959,83972,84586,84095,82868,82141,80289,76395,71908,69351,64814,62430,60879,59895,59731,60652,63786,69120,76965,81247,83158,84152,82652,85677,86722,87160,87841,87461,86503,85784,83481,79050,73960,70986,65934,63301,61673,60724,60530,61080,64016,69161,76429,80696,82566,83340,81861,84857,86471,87308,88937,88936,87865,87271,85050,80649,75101,71866,66710,63844,62085,61096,61023,61625,64525,69474,76578,80769,82636,83402,81833,85219,87031,87934,89658,89958,89056,88223,85694,80770,75323,72207,67131,64331,62489,61347,61101,61812,64659,69709,76563,80793,82708,83948,82857,85845,87448,88508,89812,89491,87952,87065,84849,80386,75464,72299,67214,64295,62299,61042,60341,60232,61243,62912,66288,69093,71945,73153,72866,74152,74971,75621,76163,77026,78098,78285,77502,74227,70006,67361,62941,59982,58017,56832,56163,56009,56553,57380,59113,61276,63897,65417,66498,67822,68642,70042,71567,73972,75711,76521,76208,73200,69272,65586
200,64814,62430,60879,59895,59731,60652,63786,69120,76965,81247,83158,84152,82652,85677,86722,87160,87841,87461,86503,85784,83481,79050,73960,70986,65934,63301,61673,60724,60530,61080,64016,69161,76429,80696,82566,83340,81861,84857,86471,87308,88937,88936,87865,87271,85050,80649,75101,71866,66710,63844,62085,61096,61023,61625,64525,69474,76578,80769,82636,83402,81833,85219,87031,87934,89658,89958,89056,88223,85694,80770,75323,72207,67131,64331,62489,61347,61101,61812,64659,69709,76563,80793,82708,83948,82857,85845,87448,88508,89812,89491,87952,87065,84849,80386,75464,72299,67214,64295,62299,61042,60341,60232,61243,62912,66288,69093,71945,73153,72866,74152,74971,75621,76163,77026,78098,78285,77502,74227,70006,67361,62941,59982,58017,56832,56163,56009,56553,57380,59113,61276,63897,65417,66498,67822,68642,70042,71567,73972,75711,76521,76208,73200,69272,65586,61308,58695,57066,56196,56118,57225,60886,66927,75643,80429,82317,82897,81622,84337,85922,87162,88830,89426,88572,87591,84751,79932,74622,71613
201,65934,63301,61673,60724,60530,61080,64016,69161,76429,80696,82566,83340,81861,84857,86471,87308,88937,88936,87865,87271,85050,80649,75101,71866,66710,63844,62085,61096,61023,61625,64525,69474,76578,80769,82636,83402,81833,85219,87031,87934,89658,89958,89056,88223,85694,80770,75323,72207,67131,64331,62489,61347,61101,61812,64659,69709,76563,80793,82708,83948,82857,85845,87448,88508,89812,89491,87952,87065,84849,80386,75464,72299,67214,64295,62299,61042,60341,60232,61243,62912,66288,69093,71945,73153,72866,74152,74971,75621,76163,77026,78098,78285,77502,74227,70006,67361,62941,59982,58017,56832,56163,56009,56553,57380,59113,61276,63897,65417,66498,67822,68642,70042,71567,73972,75711,76521,76208,73200,69272,65586,61308,58695,57066,56196,56118,57225,60886,66927,75643,80429,82317,82897,81622,84337,85922,87162,88830,89426,88572,87591,84751,79932,74622,71613,66789,64184,62441,61433,61334,61869,64777,69698,76866,81436,83599,84587,83594,86612,88086,88942,90550,91141,90223,88949,86014,81110,75664,72730
202,66710,63844,62085,61096,61023,61625,64525,69474,76578,80769,82636,83402,81833,85219,87031,87934,89658,89958,89056,88223,85694,80770,75323,72207,67131,64331,62489,61347,61101,61812,64659,69709,76563,80793,82708,83948,82857,85845,87448,88508,89812,89491,87952,87065,84849,80386,75464,72299,67214,64295,62299,61042,60341,60232,61243,62912,66288,69093,71945,73153,72866,74152,74971,75621,76163,77026,78098,78285,77502,74227,70006,67361,62941,59982,58017,56832,56163,56009,56553,57380,59113,61276,63897,65417,66498,67822,68642,70042,71567,73972,75711,76521,76208,73200,69272,65586,61308,58695,57066,56196,56118,57225,60886,66927,75643,80429,82317,82897,81622,84337,85922,87162,88830,89426,88572,87591,84751,79932,74622,71613,66789,64184,62441,61433,61334,61869,64777,69698,76866,81436,83599,84587,83594,86612,88086,88942,90550,91141,90223,88949,86014,81110,75664,72730,67795,64943,63226,62078,61823,62781,65767,70525,77551,81695,83802,84811,83797,86517,87918,88773,89936,90240,89266,88382,85796,81286,75738,72512
203,67131,64331,62489,61347,61101,61812,64659,69709,76563,80793,82708,83948,82857,85845,87448,88508,89812,89491,87952,87065,84849,80386,75464,72299,67214,64295,62299,61042,60341,60232,61243,62912,66288,69093,71945,73153,72866,74152,74971,75621,76163,77026,78098,78285,77502,74227,70006,67361,62941,59982,58017,56832,56163,56009,56553,57380,59113,61276,63897,65417,66498,67822,68642,70042,71567,73972,75711,76521,76208,73200,69272,65586,61308,58695,57066,56196,56118,57225,60886,66927,75643,80429,82317,82897,81622,84337,85922,87162,88830,89426,88572,87591,84751,79932,74622,71613,66789,64184,62441,61433,61334,61869,64777,69698,76866,81436,83599,84587,83594,86612,88086,88942,90550,91141,90223,88949,86014,81110,75664,72730,67795,64943,63226,62078,61823,62781,65767,70525,77551,81695,83802,84811,83797,86517,87918,88773,89936,90240,89266,88382,85796,81286,75738,72512,67754,64979,63211,62099,61918,62577,65303,70200,77128,81279,83637,84695,83771,86519,87694,88323,89634,89429,88131,87511,84768,79989,74511,71270
204,67214,64295,62299,61042,60341,60232,61243,62912,66288,69093,71945,73153,72866,74152,74971,75621,76163,77026,78098,78285,77502,74227,70006,67361,62941,59982,58017,56832,56163,56009,56553,57380,59113,61276,63897,65417,66498,67822,68642,70042,71567,73972,75711,76521,76208,73200,69272,65586,61308,58695,57066,56196,56118,57225,60886,66927,75643,80429,82317,82897,81622,84337,85922,87162,88830,89426,88572,87591,84751,79932,74622,71613,66789,64184,62441,61433,61334,61869,64777,69698,76866,81436,83599,84587,83594,86612,88086,88942,90550,91141,90223,88949,86014,81110,75664,72730,67795,64943,63226,62078,61823,62781,65767,70525,77551,81695,83802,84811,83797,86517,87918,88773,89936,90240,89266,88382,85796,81286,75738,72512,67754,64979,63211,62099,61918,62577,65303,70200,77128,81279,83637,84695,83771,86519,87694,88323,89634,89429,88131,87511,84768,79989,74511,71270,66562,63902,62268,61160,60824,61570,64254,68833,75483,79301,81349,82604,81734,84565,86307,87425,87847,87066,85274,84854,83180,78990,73832,71255
205,62941,59982,58017,56832,56163,56009,56553,57380,59113,61276,63897,65417,66498,67822,68642,70042,71567,73972,75711,76521,76208,73200,69272,65586,61308,58695,57066,56196,56118,57225,60886,66927,75643,80429,82317,82897,81622,84337,85922,87162,88830,89426,88572,87591,84751,79932,74622,71613,66789,64184,62441,61433,61334,61869,64777,69698,76866,81436,83599,84587,83594,86612,88086,88942,90550,91141,90223,88949,86014,81110,75664,72730,67795,64943,63226,62078,61823,62781,65767,70525,77551,81695,83802,84811,83797,86517,87918,88773,89936,90240,89266,88382,85796,81286,75738,72512,67754,64979,63211,62099,61918,62577,65303,70200,77128,81279,83637,84695,83771,86519,87694,88323,89634,89429,88131,87511,84768,79989,74511,71270,66562,63902,62268,61160,60824,61570,64254,68833,75483,79301,81349,82604,81734,84565,86307,87425,87847,87066,85274,84854,83180,78990,73832,71255,66736,63627,61701,60276,59565,59303,60107,61635,64021,66149,68433,69553,69654,70578,71208,72209,73451,75210,76348,76776,75965,72440,68369,65886
206,61308,58695,57066,56196,56118,57225,60886,66927,75643,80429,82317,82897,81622,84337,85922,87162,88830,89426,88572,87591,84751,79932,74622,71613,66789,64184,62441,61433,61334,61869,64777,69698,76866,81436,83599,84587,83594,86612,88086,88942,90550,91141,90223,88949,86014,81110,75664,72730,67795,64943,63226,62078,61823,62781,65767,70525,77551,81695,83802,84811,83797,86517,87918,88773,89936,90240,89266,88382,85796,81286,75738,72512,67754,64979,63211,62099,61918,62577,65303,70200,77128,81279,83637,84695,83771,86519,87694,88323,89634,89429,88131,87511,84768,79989,74511,71270,66562,63902,62268,61160,60824,61570,64254,68833,75483,79301,81349,82604,81734,84565,86307,87425,87847,87066,85274,84854,83180,78990,73832,71255,66736,63627,61701,60276,59565,59303,60107,61635,64021,66149,68433,69553,69654,70578,71208,72209,73451,75210,76348,76776,75965,72440,68369,65886,61761,58831,56855,55637,55124,54993,55628,56806,59018,61752,64856,65828,66997,68131,68679,69633,69800,71500,72622,72943,71736,68556,65101,62020
207,66789,64184,62441,61433,61334,61869,64777,69698,76866,81436,83599,84587,83594,86612,88086,88942,90550,91141,90223,88949,86014,81110,75664,72730,67795,64943,63226,62078,61823,62781,65767,70525,77551,81695,83802,84811,83797,86517,87918,88773,89936,90240,89266,88382,85796,81286,75738,72512,67754,64979,63211,62099,61918,62577,65303,70200,77128,81279,83637,84695,83771,86519,87694,88323,89634,89429,88131,87511,84768,79989,74511,71270,66562,63902,62268,61160,60824,61570,64254,68833,75483,79301,81349,82604,81734,84565,86307,87425,87847,87066,85274,84854,83180,78990,73832,71255,66736,63627,61701,60276,59565,59303,60107,61635,64021,66149,68433,69553,69654,70578,71208,72209,73451,75210,76348,76776,75965,72440,68369,65886,61761,58831,56855,55637,55124,54993,55628,56806,59018,61752,64856,65828,66997,68131,68679,69633,69800,71500,72622,72943,71736,68556,65101,62020,58392,55835,54429,53712,53767,54829,57575,61888,67570,71181,72542,72983,72003,72314,73463,73892,74426,75460,75103,74849,73078,69555,65288,63028
208,67795,64943,63226,62078,61823,62781,65767,70525,77551,81695,83802,84811,83797,86517,87918,88773,89936,90240,89266,88382,85796,81286,75738,72512,67754,64979,63211,62099,61918,62577,65303,70200,77128,81279,83637,84695,83771,86519,87694,88323,89634,89429,88131,87511,84768,79989,74511,71270,66562,63902,62268,61160,60824,61570,64254,68833,75483,79301,81349,82604,81734,84565,86307,87425,87847,87066,85274,84854,83180,78990,73832,71255,66736,63627,61701,60276,59565,59303,60107,61635,64021,66149,68433,69553,69654,70578,71208,72209,73451,75210,76348,76776,75965,72440,68369,65886,61761,58831,56855,55637,55124,54993,55628,56806,59018,61752,64856,65828,66997,68131,68679,69633,69800,71500,72622,72943,71736,68556,65101,62020,58392,55835,54429,53712,53767,54829,57575,61888,67570,71181,72542,72983,72003,72314,73463,73892,74426,75460,75103,74849,73078,69555,65288,63028,59345,56854,55360,54468,54501,55222,57700,61636,67020,70044,71947,72994,72838,74449,75339,75073,75947,77517,77198,77024,75598,71665,67102,64633
209,67754,64979,63211,62099,61918,62577,65303,70200,77128,81279,83637,84695,83771,86519,87694,88323,89634,89429,88131,87511,84768,79989,74511,71270,66562,63902,62268,61160,60824,61570,64254,68833,75483,79301,81349,82604,81734,84565,86307,87425,87847,87066,85274,84854,83180,78990,73832,71255,66736,63627,61701,60276,59565,59303,60107,61635,64021,66149,68433,69553,69654,70578,71208,72209,73451,75210,76348,76776,75965,72440,68369,65886,61761,58831,56855,55637,55124,54993,55628,56806,59018,61752,64856,65828,66997,68131,68679,69633,69800,71500,72622,72943,71736,68556,65101,62020,58392,55835,54429,53712,53767,54829,57575,61888,67570,71181,72542,72983,72003,72314,73463,73892,74426,75460,75103,74849,73078,69555,65288,63028,59345,56854,55360,54468,54501,55222,57700,61636,67020,70044,71947,72994,72838,74449,75339,75073,75947,77517,77198,77024,75598,71665,67102,64633,60559,58054,56713,55719,55568,56095,58407,62211,67565,71072,72883,73942,73640,75554,76919,77943,79193,80073,79628,79513,77482,73195,68438,65684
210,66562,63902,62268,61160,60824,61570,64254,68833,75483,79301,81349,82604,81734,84565,86307,87425,87847,87066,85274,84854,83180,78990,73832,71255,66736,63627,61701,60276,59565,59303,60107,61635,64021,66149,68433,69553,69654,70578,71208,72209,73451,75210,76348,76776,75965,72440,68369,65886,61761,58831,56855,55637,55124,54993,55628,56806,59018,61752,64856,65828,66997,68131,68679,69633,69800,71500,72622,72943,71736,68556,65101,62020,58392,55835,54429,53712,53767,54829,57575,61888,67570,71181,72542,72983,72003,72314,73463,73892,74426,75460,75103,74849,73078,69555,65288,63028,59345,56854,55360,54468,54501,55222,57700,61636,67020,70044,71947,72994,72838,74449,75339,75073,75947,77517,77198,77024,75598,71665,67102,64633,60559,58054,56713,55719,55568,56095,58407,62211,67565,71072,72883,73942,73640,75554,76919,77943,79193,80073,79628,79513,77482,73195,68438,65684,61522,58817,57322,56361,56073,57029,59689,64095,70323,74454,76727,78254,77991,80425,81818,82775,84189,85215,84493,83457,80899,76134,70828,68218
211,66736,63627,61701,60276,59565,59303,60107,61635,64021,66149,68433,69553,69654,70578,71208,72209,73451,75210,76348,76776,75965,72440,68369,65886,61761,58831,56855,55637,55124,54993,55628,56806,59018,61752,64856,65828,66997,68131,68679,69633,69800,71500,72622,72943,71736,68556,65101,62020,58392,55835,54429,53712,53767,54829,57575,61888,67570,71181,72542,72983,72003,72314,73463,73892,74426,75460,75103,74849,73078,69555,65288,63028,59345,56854,55360,54468,54501,55222,57700,61636,67020,70044,71947,72994,72838,74449,75339,75073,75947,77517,77198,77024,75598,71665,67102,64633,60559,58054,56713,55719,55568,56095,58407,62211,67565,71072,72883,73942,73640,75554,76919,77943,79193,80073,79628,79513,77482,73195,68438,65684,61522,58817,57322,56361,56073,57029,59689,64095,70323,74454,76727,78254,77991,80425,81818,82775,84189,85215,84493,83457,80899,76134,70828,68218,63711,60943,59335,58244,57999,58616,61117,65579,71991,75992,78558,80186,79990,81995,82295,81973,82367,82218,80580,80014,78076,74061,69285,66675
212,61761,58831,56855,55637,55124,54993,55628,56806,59018,61752,64856,65828,66997,68131,68679,69633,69800,71500,72622,72943,71736,68556,65101,62020,58392,55835,54429,53712,53767,54829,57575,61888,67570,71181,72542,72983,72003,72314,73463,73892,74426,75460,75103,74849,73078,69555,65288,63028,59345,56854,55360,54468,54501,55222,57700,61636,67020,70044,71947,72994,72838,74449,75339,75073,75947,77517,77198,77024,75598,71665,67102,64633,60559,58054,56713,55719,55568,56095,58407,62211,67565,71072,72883,73942,73640,75554,76919,77943,79193,80073,79628,79513,77482,73195,68438,65684,61522,58817,57322,56361,56073,57029,59689,64095,70323,74454,76727,78254,77991,80425,81818,82775,84189,85215,84493,83457,80899,76134,70828,68218,63711,60943,59335,58244,57999,58616,61117,65579,71991,75992,78558,80186,79990,81995,82295,81973,82367,82218,80580,80014,78076,74061,69285,66675,62865,60088,58339,57268,56922,56918,57902,59323,61578,63845,66485,67904,67831,69692,71259,72918,73343,73756,74535,75210,74363,70893,66856,64692
213,58392,55835,54429,53712,53767,54829,57575,61888,67570,71181,72542,72983,72003,72314,73463,73892,74426,75460,75103,74849,73078,69555,65288,63028,59345,56854,55360,54468,54501,55222,57700,61636,67020,70044,71947,72994,72838,74449,75339,75073,75947,77517,77198,77024,75598,71665,67102,64633,60559,58054,56713,55719,55568,56095,58407,62211,67565,71072,72883,73942,73640,75554,76919,77943,79193,80073,79628,79513,77482,73195,68438,65684,61522,58817,57322,56361,56073,57029,59689,64095,70323,74454,76727,78254,77991,80425,81818,82775,84189,85215,84493,83457,80899,76134,70828,68218,63711,60943,59335,58244,57999,58616,61117,65579,71991,75992,78558,80186,79990,81995,82295,81973,82367,82218,80580,80014,78076,74061,69285,66675,62865,60088,58339,57268,56922,56918,57902,59323,61578,63845,66485,67904,67831,69692,71259,72918,73343,73756,74535,75210,74363,70893,66856,64692,60632,57816,56066,54989,54537,54655,55227,56370,58210,61182,64765,67178,68349,68988,68985,68634,67957,68743,69664,70201,69273,66645,63541,60798
214,59345,56854,55360,54468,54501,55222,57700,61636,67020,70044,71947,72994,72838,74449,75339,75073,75947,77517,77198,77024,75598,71665,67102,64633,60559,58054,56713,55719,55568,56095,58407,62211,67565,71072,72883,73942,73640,75554,76919,77943,79193,80073,79628,79513,77482,73195,68438,65684,61522,58817,57322,56361,56073,57029,59689,64095,70323,74454,76727,78254,77991,80425,81818,82775,84189,85215,84493,83457,80899,76134,70828,68218,63711,60943,59335,58244,57999,58616,61117,65579,71991,75992,78558,80186,79990,81995,82295,81973,82367,82218,80580,80014,78076,74061,69285,66675,62865,60088,58339,57268,56922,56918,57902,59323,61578,63845,66485,67904,67831,69692,71259,72918,73343,73756,74535,75210,74363,70893,66856,64692,60632,57816,56066,54989,54537,54655,55227,56370,58210,61182,64765,67178,68349,68988,68985,68634,67957,68743,69664,70201,69273,66645,63541,60798,57391,55178,53871,53329,53555,55011,58429,63891,71413,75439,77035,77640,76281,79236,81507,83161,84559,84755,83550,82430,79740,75401,70651,68360
215,60559,58054,56713,55719,55568,56095,58407,62211,67565,71072,72883,73942,73640,75554,76919,77943,79193,80073,79628,79513,77482,73195,68438,65684,61522,58817,57322,56361,56073,57029,59689,64095,70323,74454,76727,78254,77991,80425,81818,82775,84189,85215,84493,83457,80899,76134,70828,68218,63711,60943,59335,58244,57999,58616,61117,65579,71991,75992,78558,80186,79990,81995,82295,81973,82367,82218,80580,80014,78076,74061,69285,66675,62865,60088,58339,57268,56922,56918,57902,59323,61578,63845,66485,67904,67831,69692,71259,72918,73343,73756,74535,75210,74363,70893,66856,64692,60632,57816,56066,54989,54537,54655,55227,56370,58210,61182,64765,67178,68349,68988,68985,68634,67957,68743,69664,70201,69273,66645,63541,60798,57391,55178,53871,53329,53555,55011,58429,63891,71413,75439,77035,77640,76281,79236,81507,83161,84559,84755,83550,82430,79740,75401,70651,68360,64030,61729,60262,59366,59207,60020,62838,67495,74379,78265,79859,80777,79180,81614,83370,84094,84877,84543,83178,82106,79140,74805,70071,67906
216,61522,58817,57322,56361,56073,57029,59689,64095,70323,74454,76727,78254,77991,80425,81818,82775,84189,85215,84493,83457,80899,76134,70828,68218,63711,60943,59335,58244,57999,58616,61117,65579,71991,75992,78558,80186,79990,81995,82295,81973,82367,82218,80580,80014,78076,74061,69285,66675,62865,60088,58339,57268,56922,56918,57902,59323,61578,63845,66485,67904,67831,69692,71259,72918,73343,73756,74535,75210,74363,70893,66856,64692,60632,57816,56066,54989,54537,54655,55227,56370,58210,61182,64765,67178,68349,68988,68985,68634,67957,68743,69664,70201,69273,66645,63541,60798,57391,55178,53871,53329,53555,55011,58429,63891,71413,75439,77035,77640,76281,79236,81507,83161,84559,84755,83550,82430,79740,75401,70651,68360,64030,61729,60262,59366,59207,60020,62838,67495,74379,78265,79859,80777,79180,81614,83370,84094,84877,84543,83178,82106,79140,74805,70071,67906,63826,61606,60259,59473,59297,60007,62817,67512,74023,77285,78255,78488,77040,79878,81040,81846,83543,83818,82414,81814,79250,75023,70330,67850
217,63711,60943,59335,58244,57999,58616,61117,65579,71991,75992,78558,80186,79990,81995,82295,81973,82367,82218,80580,80014,78076,74061,69285,66675,62865,60088,58339,57268,56922,56918,57902,59323,61578,63845,66485,67904,67831,69692,71259,72918,73343,73756,74535,75210,74363,70893,66856,64692,60632,57816,56066,54989,54537,54655,55227,56370,58210,61182,64765,67178,68349,68988,68985,68634,67957,68743,69664,70201,69273,66645,63541,60798,57391,55178,53871,53329,53555,55011,58429,63891,71413,75439,77035,77640,76281,79236,81507,83161,84559,84755,83550,82430,79740,75401,70651,68360,64030,61729,60262,59366,59207,60020,62838,67495,74379,78265,79859,80777,79180,81614,83370,84094,84877,84543,83178,82106,79140,74805,70071,67906,63826,61606,60259,59473,59297,60007,62817,67512,74023,77285,78255,78488,77040,79878,81040,81846,83543,83818,82414,81814,79250,75023,70330,67850,63634,61360,60016,59066,59136,60046,62804,67333,74260,78470,80325,81037,79585,82698,85163,86169,86355,85168,82997,81953,78630,74097,69669,67820
218,62865,60088,58339,57268,56922,56918,57902,59323,61578,63845,66485,67904,67831,69692,71259,72918,73343,73756,74535,75210,74363,70893,66856,64692,60632,57816,56066,54989,54537,54655,55227,56370,58210,61182,64765,67178,68349,68988,68985,68634,67957,68743,69664,70201,69273,66645,63541,60798,57391,55178,53871,53329,53555,55011,58429,63891,71413,75439,77035,77640,76281,79236,81507,83161,84559,84755,83550,82430,79740,75401,70651,68360,64030,61729,60262,59366,59207,60020,62838,67495,74379,78265,79859,80777,79180,81614,83370,84094,84877,84543,83178,82106,79140,74805,70071,67906,63826,61606,60259,59473,59297,60007,62817,67512,74023,77285,78255,78488,77040,79878,81040,81846,83543,83818,82414,81814,79250,75023,70330,67850,63634,61360,60016,59066,59136,60046,62804,67333,74260,78470,80325,81037,79585,82698,85163,86169,86355,85168,82997,81953,78630,74097,69669,67820,63816,61634,60381,59452,59400,60278,63154,68140,75109,78209,79483,80401,78075,80080,80711,80912,81779,81407,80053,79363,76817,73162,68861,66924
219,60632,57816,56066,54989,54537,54655,55227,56370,58210,61182,64765,67178,68349,68988,68985,68634,67957,68743,69664,70201,69273,66645,63541,60798,57391,55178,53871,53329,53555,55011,58429,63891,71413,75439,77035,77640,76281,79236,81507,83161,84559,84755,83550,82430,79740,75401,70651,68360,64030,61729,60262,59366,59207,60020,62838,67495,74379,78265,79859,80777,79180,81614,83370,84094,84877,84543,83178,82106,79140,74805,70071,67906,63826,61606,60259,59473,59297,60007,62817,67512,74023,77285,78255,78488,77040,79878,81040,81846,83543,83818,82414,81814,79250,75023,70330,67850,63634,61360,60016,59066,59136,60046,62804,67333,74260,78470,80325,81037,79585,82698,85163,86169,86355,85168,82997,81953,78630,74097,69669,67820,63816,61634,60381,59452,59400,60278,63154,68140,75109,78209,79483,80401,78075,80080,80711,80912,81779,81407,80053,79363,76817,73162,68861,66924,63085,60843,59382,58419,58018,58171,59083,60915,64005,65518,66747,66848,64879,65213,65389,65410,66039,66811,67643,68470,67351,64706,61669,60495
220,57391,55178,53871,53329,53555,55011,58429,63891,71413,75439,77035,77640,76281,79236,81507,83161,84559,84755,83550,82430,79740,75401,70651,68360,64030,61729,60262,59366,59207,60020,62838,67495,74379,78265,79859,80777,79180,81614,83370,84094,84877,84543,83178,82106,79140,74805,70071,67906,63826,61606,60259,59473,59297,60007,62817,67512,74023,77285,78255,78488,77040,79878,81040,81846,83543,83818,82414,81814,79250,75023,70330,67850,63634,61360,60016,59066,59136,60046,62804,67333,74260,78470,80325,81037,79585,82698,85163,86169,86355,85168,82997,81953,78630,74097,69669,67820,63816,61634,60381,59452,59400,60278,63154,68140,75109,78209,79483,80401,78075,80080,80711,80912,81779,81407,80053,79363,76817,73162,68861,66924,63085,60843,59382,58419,58018,58171,59083,60915,64005,65518,66747,66848,64879,65213,65389,65410,66039,66811,67643,68470,67351,64706,61669,60495,57499,55252,53828,52988,52830,53044,53242,53304,53699,54574,56339,56922,57391,58877,60201,61424,62904,65326,67214,68076,67483,65034,61974,59619
221,64030,61729,60262,59366,59207,60020,62838,67495,74379,78265,79859,80777,79180,81614,83370,84094,84877,84543,83178,82106,79140,74805,70071,67906,63826,61606,60259,59473,59297,60007,62817,67512,74023,77285,78255,78488,77040,79878,81040,81846,83543,83818,82414,81814,79250,75023,70330,67850,63634,61360,60016,59066,59136,60046,62804,67333,74260,78470,80325,81037,79585,82698,85163,86169,86355,85168,82997,81953,78630,74097,69669,67820,63816,61634,60381,59452,59400,60278,63154,68140,75109,78209,79483,80401,78075,80080,80711,80912,81779,81407,80053,79363,76817,73162,68861,66924,63085,60843,59382,58419,58018,58171,59083,60915,64005,65518,66747,66848,64879,65213,65389,65410,66039,66811,67643,68470,67351,64706,61669,60495,57499,55252,53828,52988,52830,53044,53242,53304,53699,54574,56339,56922,57391,58877,60201,61424,62904,65326,67214,68076,67483,65034,61974,59619,56465,54592,53225,52605,52553,53339,55344,58328,62796,65678,67845,68471,67492,70230,72134,73154,73904,74170,74327,74559,73137,69959,66378,63774
222,63826,61606,60259,59473,59297,60007,62817,67512,74023,77285,78255,78488,77040,79878,81040,81846,83543,83818,82414,81814,79250,75023,70330,67850,63634,61360,60016,59066,59136,60046,62804,67333,74260,78470,80325,81037,79585,82698,85163,86169,86355,85168,82997,81953,78630,74097,69669,67820,63816,61634,60381,59452,59400,60278,63154,68140,75109,78209,79483,80401,78075,80080,80711,80912,81779,81407,80053,79363,76817,73162,68861,66924,63085,60843,59382,58419,58018,58171,59083,60915,64005,65518,66747,66848,64879,65213,65389,65410,66039,66811,67643,68470,67351,64706,61669,60495,57499,55252,53828,52988,52830,53044,53242,53304,53699,54574,56339,56922,57391,58877,60201,61424,62904,65326,67214,68076,67483,65034,61974,59619,56465,54592,53225,52605,52553,53339,55344,58328,62796,65678,67845,68471,67492,70230,72134,73154,73904,74170,74327,74559,73137,69959,66378,63774,60130,58309,57019,56410,56360,57512,60358,65322,71850,74716,75167,75164,74109,76998,78352,79233,80393,80393,79072,78029,74932,71140,67156,65625
223,63634,61360,60016,59066,59136,60046,62804,67333,74260,78470,80325,81037,79585,82698,85163,86169,86355,85168,82997,81953,78630,74097,69669,67820,63816,61634,60381,59452,59400,60278,63154,68140,75109,78209,79483,80401,78075,80080,80711,80912,81779,81407,80053,79363,76817,73162,68861,66924,63085,60843,59382,58419,58018,58171,59083,60915,64005,65518,66747,66848,64879,65213,65389,65410,66039,66811,67643,68470,67351,64706,61669,60495,57499,55252,53828,52988,52830,53044,53242,53304,53699,54574,56339,56922,57391,58877,60201,61424,62904,65326,67214,68076,67483,65034,61974,59619,56465,54592,53225,52605,52553,53339,55344,58328,62796,65678,67845,68471,67492,70230,72134,73154,73904,74170,74327,74559,73137,69959,66378,63774,60130,58309,57019,56410,56360,57512,60358,65322,71850,74716,75167,75164,74109,76998,78352,79233,80393,80393,79072,78029,74932,71140,67156,65625,62153,60173,59081,58419,58476,59441,62187,66202,71908,74066,74492,74713,73147,76434,78908,79848,80362,79423,77227,76478,73873,70261,66401,64843
224,63816,61634,60381,59452,59400,60278,63154,68140,75109,78209,79483,80401,78075,80080,80711,80912,81779,81407,80053,79363,76817,73162,68861,66924,63085,60843,59382,58419,58018,58171,59083,60915,64005,65518,66747,66848,64879,65213,65389,65410,66039,66811,67643,68470,67351,64706,61669,60495,57499,55252,53828,52988,52830,53044,53242,53304,53699,54574,56339,56922,57391,58877,60201,61424,62904,65326,67214,68076,67483,65034,61974,59619,56465,54592,53225,52605,52553,53339,55344,58328,62796,65678,67845,68471,67492,70230,72134,73154,73904,74170,74327,74559,73137,69959,66378,63774,60130,58309,57019,56410,56360,57512,60358,65322,71850,74716,75167,75164,74109,76998,78352,79233,80393,80393,79072,78029,74932,71140,67156,65625,62153,60173,59081,58419,58476,59441,62187,66202,71908,74066,74492,74713,73147,76434,78908,79848,80362,79423,77227,76478,73873,70261,66401,64843,61432,59556,58477,57836,57896,58814,61344,65157,70605,73057,74315,74709,72912,76007,78089,78733,79226,79472,78209,77640,74776,70920,66790,65388
225,63085,60843,59382,58419,58018,58171,59083,60915,64005,65518,66747,66848,64879,65213,65389,65410,66039,66811,67643,68470,67351,64706,61669,60495,57499,55252,53828,52988,52830,53044,53242,53304,53699,54574,56339,56922,57391,58877,60201,61424,62904,65326,67214,68076,67483,65034,61974,59619,56465,54592,53225,52605,52553,53339,55344,58328,62796,65678,67845,68471,67492,70230,72134,73154,73904,74170,74327,74559,73137,69959,66378,63774,60130,58309,57019,56410,56360,57512,60358,65322,71850,74716,75167,75164,74109,76998,78352,79233,80393,80393,79072,78029,74932,71140,67156,65625,62153,60173,59081,58419,58476,59441,62187,66202,71908,74066,74492,74713,73147,76434,78908,79848,80362,79423,77227,76478,73873,70261,66401,64843,61432,59556,58477,57836,57896,58814,61344,65157,70605,73057,74315,74709,72912,76007,78089,78733,79226,79472,78209,77640,74776,70920,66790,65388,61716,59778,58644,58021,58008,58899,61340,65540,71016,73467,74783,74981,73189,76004,77385,77956,79325,79554,77787,77304,75148,71447,67485,66024
226,57499,55252,53828,52988,52830,53044,53242,53304,53699,54574,56339,56922,57391,58877,60201,61424,62904,65326,67214,68076,67483,65034,61974,59619,56465,54592,53225,52605,52553,53339,55344,58328,62796,65678,67845,68471,67492,70230,72134,73154,73904,74170,74327,74559,73137,69959,66378,63774,60130,58309,57019,56410,56360,57512,60358,65322,71850,74716,75167,75164,74109,76998,78352,79233,80393,80393,79072,78029,74932,71140,67156,65625,62153,60173,59081,58419,58476,59441,62187,66202,71908,74066,74492,74713,73147,76434,78908,79848,80362,79423,77227,76478,73873,70261,66401,64843,61432,59556,58477,57836,57896,58814,61344,65157,70605,73057,74315,74709,72912,76007,78089,78733,79226,79472,78209,77640,74776,70920,66790,65388,61716,59778,58644,58021,58008,58899,61340,65540,71016,73467,74783,74981,73189,76004,77385,77956,79325,79554,77787,77304,75148,71447,67485,66024,62367,60216,58875,57997,57727,57927,58983,61285,64746,67268,69192,69215,67379,67297,66986,66752,66612,66164,66650,67325,66221,63831,61036,60282
227,56465,54592,53225,52605,52553,53339,55344,58328,62796,65678,67845,68471,67492,70230,72134,73154,73904,74170,74327,74559,73137,69959,66378,63774,60130,58309,57019,56410,56360,57512,60358,65322,71850,74716,75167,75164,74109,76998,78352,79233,80393,80393,79072,78029,74932,71140,67156,65625,62153,60173,59081,58419,58476,59441,62187,66202,71908,74066,74492,74713,73147,76434,78908,79848,80362,79423,77227,76478,73873,70261,66401,64843,61432,59556,58477,57836,57896,58814,61344,65157,70605,73057,74315,74709,72912,76007,78089,78733,79226,79472,78209,77640,74776,70920,66790,65388,61716,59778,58644,58021,58008,58899,61340,65540,71016,73467,74783,74981,73189,76004,77385,77956,79325,79554,77787,77304,75148,71447,67485,66024,62367,60216,58875,57997,57727,57927,58983,61285,64746,67268,69192,69215,67379,67297,66986,66752,66612,66164,66650,67325,66221,63831,61036,60282,57186,55069,53804,52976,52653,52937,53338,53718,55006,55906,58388,58725,58185,58814,59451,60861,62004,63235,65089,66387,65591,63611,60920,58598
228,60130,58309,57019,56410,56360,57512,60358,65322,71850,74716,75167,75164,74109,76998,78352,79233,80393,80393,79072,78029,74932,71140,67156,65625,62153,60173,59081,58419,58476,59441,62187,66202,71908,74066,74492,74713,73147,76434,78908,79848,80362,79423,77227,76478,73873,70261,66401,64843,61432,59556,58477,57836,57896,58814,61344,65157,70605,73057,74315,74709,72912,76007,78089,78733,79226,79472,78209,77640,74776,70920,66790,65388,61716,59778,58644,58021,58008,58899,61340,65540,71016,73467,74783,74981,73189,76004,77385,77956,79325,79554,77787,77304,75148,71447,67485,66024,62367,60216,58875,57997,57727,57927,58983,61285,64746,67268,69192,69215,67379,67297,66986,66752,66612,66164,66650,67325,66221,63831,61036,60282,57186,55069,53804,52976,52653,52937,53338,53718,55006,55906,58388,58725,58185,58814,59451,60861,62004,63235,65089,66387,65591,63611,60920,58598,55413,53659,52454,52005,52363,54095,57967,64518,73343,77417,78376,78282,76521,78840,79334,78757,78860,77148,75400,74304,71488,68133,64912,63511
229,62153,60173,59081,58419,58476,59441,62187,66202,71908,74066,74492,74713,73147,76434,78908,79848,80362,79423,77227,76478,73873,70261,66401,64843,61432,59556,58477,57836,57896,58814,61344,65157,70605,73057,74315,74709,72912,76007,78089,78733,79226,79472,78209,77640,74776,70920,66790,65388,61716,59778,58644,58021,58008,58899,61340,65540,71016,73467,74783,74981,73189,76004,77385,77956,79325,79554,77787,77304,75148,71447,67485,66024,62367,60216,58875,57997,57727,57927,58983,61285,64746,67268,69192,69215,67379,67297,66986,66752,66612,66164,66650,67325,66221,63831,61036,60282,57186,55069,53804,52976,52653,52937,53338,53718,55006,55906,58388,58725,58185,58814,59451,60861,62004,63235,65089,66387,65591,63611,60920,58598,55413,53659,52454,52005,52363,54095,57967,64518,73343,77417,78376,78282,76521,78840,79334,78757,78860,77148,75400,74304,71488,68133,64912,63511,60163,58503,57312,56806,57071,58147,61394,67084,74550,78463,79713,79653,77628,79698,80923,80851,81241,80461,79104,78126,74727,70870,67155,65584
230,61432,59556,58477,57836,57896,58814,61344,65157,70605,73057,74315,74709,72912,76007,78089,78733,79226,79472,78209,77640,74776,70920,66790,65388,61716,59778,58644,58021,58008,58899,61340,65540,71016,73467,74783,74981,73189,76004,77385,77956,79325,79554,77787,77304,75148,71447,67485,66024,62367,60216,58875,57997,57727,57927,58983,61285,64746,67268,69192,69215,67379,67297,66986,66752,66612,66164,66650,67325,66221,63831,61036,60282,57186,55069,53804,52976,52653,52937,53338,53718,55006,55906,58388,58725,58185,58814,59451,60861,62004,63235,65089,66387,65591,63611,60920,58598,55413,53659,52454,52005,52363,54095,57967,64518,73343,77417,78376,78282,76521,78840,79334,78757,78860,77148,75400,74304,71488,68133,64912,63511,60163,58503,57312,56806,57071,58147,61394,67084,74550,78463,79713,79653,77628,79698,80923,80851,81241,80461,79104,78126,74727,70870,67155,65584,61975,59980,58847,58228,58323,59512,62515,68095,75647,79561,80262,79630,77244,79690,80237,79808,79817,78712,76967,76757,74218,70564,66951,65492
231,61716,59778,58644,58021,58008,58899,61340,65540,71016,73467,74783,74981,73189,76004,77385,77956,79325,79554,77787,77304,75148,71447,67485,66024,62367,60216,58875,57997,57727,57927,58983,61285,64746,67268,69192,69215,67379,67297,66986,66752,66612,66164,66650,67325,66221,63831,61036,60282,57186,55069,53804,52976,52653,52937,53338,53718,55006,55906,58388,58725,58185,58814,59451,60861,62004,63235,65089,66387,65591,63611,60920,58598,55413,53659,52454,52005,52363,54095,57967,64518,73343,77417,78376,78282,76521,78840,79334,78757,78860,77148,75400,74304,71488,68133,64912,63511,60163,58503,57312,56806,57071,58147,61394,67084,74550,78463,79713,79653,77628,79698,80923,80851,81241,80461,79104,78126,74727,70870,67155,65584,61975,59980,58847,58228,58323,59512,62515,68095,75647,79561,80262,79630,77244,79690,80237,79808,79817,78712,76967,76757,74218,70564,66951,65492,61783,59698,58662,58074,58138,59089,61722,66185,72440,75305,75871,75202,73766,76750,78982,79671,81471,81418,80278,79617,76283,72175,68030,66103
232,62367,60216,58875,57997,57727,57927,58983,61285,64746,67268,69192,69215,67379,67297,66986,66752,66612,66164,66650,67325,66221,63831,61036,60282,57186,55069,53804,52976,52653,52937,53338,53718,55006,55906,58388,58725,58185,58814,59451,60861,62004,63235,65089,66387,65591,63611,60920,58598,55413,53659,52454,52005,52363,54095,57967,64518,73343,77417,78376,78282,76521,78840,79334,78757,78860,77148,75400,74304,71488,68133,64912,63511,60163,58503,57312,56806,57071,58147,61394,67084,74550,78463,79713,79653,77628,79698,80923,80851,81241,80461,79104,78126,74727,70870,67155,65584,61975,59980,58847,58228,58323,59512,62515,68095,75647,79561,80262,79630,77244,79690,80237,79808,79817,78712,76967,76757,74218,70564,66951,65492,61783,59698,58662,58074,58138,59089,61722,66185,72440,75305,75871,75202,73766,76750,78982,79671,81471,81418,80278,79617,76283,72175,68030,66103,62317,60322,59083,58369,58299,59334,62097,67054,73956,77102,77607,76878,75037,77379,78339,77992,77762,75737,73895,73313,70756,67440,64417,63531
233,57186,55069,53804,52976,52653,52937,53338,53718,55006,55906,58388,58725,58185,58814,59451,60861,62004,63235,65089,66387,65591,63611,60920,58598,55413,53659,52454,52005,52363,54095,57967,64518,73343,77417,78376,78282,76521,78840,79334,78757,78860,77148,75400,74304,71488,68133,64912,63511,60163,58503,57312,56806,57071,58147,61394,67084,74550,78463,79713,79653,77628,79698,80923,80851,81241,80461,79104,78126,74727,70870,67155,65584,61975,59980,58847,58228,58323,59512,62515,68095,75647,79561,80262,79630,77244,79690,80237,79808,79817,78712,76967,76757,74218,70564,66951,65492,61783,59698,58662,58074,58138,59089,61722,66185,72440,75305,75871,75202,73766,76750,78982,79671,81471,81418,80278,79617,76283,72175,68030,66103,62317,60322,59083,58369,58299,59334,62097,67054,73956,77102,77607,76878,75037,77379,78339,77992,77762,75737,73895,73313,70756,67440,64417,63531,60028,58056,56775,55977,55787,55999,56790,57609,58929,59134,60023,60131,60235,63066,64696,64872,65168,64758,65598,66357,65278,63038,60274,59178
234,55413,53659,52454,52005,52363,54095,57967,64518,73343,77417,78376,78282,76521,78840,79334,78757,78860,77148,75400,74304,71488,68133,64912,63511,60163,58503,57312,56806,57071,58147,61394,67084,74550,78463,79713,79653,77628,79698,80923,80851,81241,80461,79104,78126,74727,70870,67155,65584,61975,59980,58847,58228,58323,59512,62515,68095,75647,79561,80262,79630,77244,79690,80237,79808,79817,78712,76967,76757,74218,70564,66951,65492,61783,59698,58662,58074,58138,59089,61722,66185,72440,75305,75871,75202,73766,76750,78982,79671,81471,81418,80278,79617,76283,72175,68030,66103,62317,60322,59083,58369,58299,59334,62097,67054,73956,77102,77607,76878,75037,77379,78339,77992,77762,75737,73895,73313,70756,67440,64417,63531,60028,58056,56775,55977,55787,55999,56790,57609,58929,59134,60023,60131,60235,63066,64696,64872,65168,64758,65598,66357,65278,63038,60274,59178,55914,53960,52682,51816,51555,51975,52626,53716,55406,57279,58954,58181,57128,57188,58135,59296,60842,62637,64470,65588,64675,62550,59985,57911
235,60163,58503,57312,56806,57071,58147,61394,67084,74550,78463,79713,79653,77628,79698,80923,80851,81241,80461,79104,78126,74727,70870,67155,65584,61975,59980,58847,58228,58323,59512,62515,68095,75647,79561,80262,79630,77244,79690,80237,79808,79817,78712,76967,76757,74218,70564,66951,65492,61783,59698,58662,58074,58138,59089,61722,66185,72440,75305,75871,75202,73766,76750,78982,79671,81471,81418,80278,79617,76283,72175,68030,66103,62317,60322,59083,58369,58299,59334,62097,67054,73956,77102,77607,76878,75037,77379,78339,77992,77762,75737,73895,73313,70756,67440,64417,63531,60028,58056,56775,55977,55787,55999,56790,57609,58929,59134,60023,60131,60235,63066,64696,64872,65168,64758,65598,66357,65278,63038,60274,59178,55914,53960,52682,51816,51555,51975,52626,53716,55406,57279,58954,58181,57128,57188,58135,59296,60842,62637,64470,65588,64675,62550,59985,57911,55001,53034,52056,51633,51732,53289,56743,62626,69975,73385,75003,74604,72586,75776,77772,78223,78996,78169,76776,75880,72921,69346,65593,63917
236,61975,59980,58847,58228,58323,59512,62515,68095,75647,79561,80262,79630,77244,79690,80237,79808,79817,78712,76967,76757,74218,70564,66951,65492,61783,59698,58662,58074,58138,59089,61722,66185,72440,75305,75871,75202,73766,76750,78982,79671,81471,81418,80278,79617,76283,72175,68030,66103,62317,60322,59083,58369,58299,59334,62097,67054,73956,77102,77607,76878,75037,77379,78339,77992,77762,75737,73895,73313,70756,67440,64417,63531,60028,58056,56775,55977,55787,55999,56790,57609,58929,59134,60023,60131,60235,63066,64696,64872,65168,64758,65598,66357,65278,63038,60274,59178,55914,53960,52682,51816,51555,51975,52626,53716,55406,57279,58954,58181,57128,57188,58135,59296,60842,62637,64470,65588,64675,62550,59985,57911,55001,53034,52056,51633,51732,53289,56743,62626,69975,73385,75003,74604,72586,75776,77772,78223,78996,78169,76776,75880,72921,69346,65593,63917,60287,58466,57444,56798,56914,58099,61024,66175,72397,74527,74853,74411,72437,74804,76235,76842,77665,76258,74786,74099,71232,68114,64780,63518
237,61783,59698,58662,58074,58138,59089,61722,66185,72440,75305,75871,75202,73766,76750,78982,79671,81471,81418,80278,79617,76283,72175,68030,66103,62317,60322,59083,58369,58299,59334,62097,67054,73956,77102,77607,76878,75037,77379,78339,77992,77762,75737,73895,73313,70756,67440,64417,63531,60028,58056,56775,55977,55787,55999,56790,57609,58929,59134,60023,60131,60235,63066,64696,64872,65168,64758,65598,66357,65278,63038,60274,59178,55914,53960,52682,51816,51555,51975,52626,53716,55406,57279,58954,58181,57128,57188,58135,59296,60842,62637,64470,65588,64675,62550,59985,57911,55001,53034,52056,51633,51732,53289,56743,62626,69975,73385,75003,74604,72586,75776,77772,78223,78996,78169,76776,75880,72921,69346,65593,63917,60287,58466,57444,56798,56914,58099,61024,66175,72397,74527,74853,74411,72437,74804,76235,76842,77665,76258,74786,74099,71232,68114,64780,63518,60091,58273,57216,56597,56723,57769,60760,66271,72988,76058,76134,76347,73991,76100,77104,76957,77228,75832,74659,74160,71409,68138,64798,63287
238,62317,60322,59083,58369,58299,59334,62097,67054,73956,77102,77607,76878,75037,77379,78339,77992,77762,75737,73895,73313,70756,67440,64417,63531,60028,58056,56775,55977,55787,55999,56790,57609,58929,59134,60023,60131,60235,63066,64696,64872,65168,64758,65598,66357,65278,63038,60274,59178,55914,53960,52682,51816,51555,51975,52626,53716,55406,57279,58954,58181,57128,57188,58135,59296,60842,62637,64470,65588,64675,62550,59985,57911,55001,53034,52056,51633,51732,53289,56743,62626,69975,73385,75003,74604,72586,75776,77772,78223,78996,78169,76776,75880,72921,69346,65593,63917,60287,58466,57444,56798,56914,58099,61024,66175,72397,74527,74853,74411,72437,74804,76235,76842,77665,76258,74786,74099,71232,68114,64780,63518,60091,58273,57216,56597,56723,57769,60760,66271,72988,76058,76134,76347,73991,76100,77104,76957,77228,75832,74659,74160,71409,68138,64798,63287,59773,57873,57012,56292,56259,57521,60291,64379,69542,72203,73295,73677,72253,74759,75897,75808,76036,74957,74155,73504,70916,67525,64268,62674
239,60028,58056,56775,55977,55787,55999,56790,57609,58929,59134,60023,60131,60235,63066,64696,64872,65168,64758,65598,66357,65278,63038,60274,59178,55914,53960,52682,51816,51555,51975,52626,53716,55406,57279,58954,58181,57128,57188,58135,59296,60842,62637,64470,65588,64675,62550,59985,57911,55001,53034,52056,51633,51732,53289,56743,62626,69975,73385,75003,74604,72586,75776,77772,78223,78996,78169,76776,75880,72921,69346,65593,63917,60287,58466,57444,56798,56914,58099,61024,66175,72397,74527,74853,74411,72437,74804,76235,76842,77665,76258,74786,74099,71232,68114,64780,63518,60091,58273,57216,56597,56723,57769,60760,66271,72988,76058,76134,76347,73991,76100,77104,76957,77228,75832,74659,74160,71409,68138,64798,63287,59773,57873,57012,56292,56259,57521,60291,64379,69542,72203,73295,73677,72253,74759,75897,75808,76036,74957,74155,73504,70916,67525,64268,62674,59081,57394,56309,55846,56000,57283,59958,63871,68439,70064,70490,70442,68506,71455,72571,73299,74073,73403,72278,71770,69516,66530,63285,62132
240,55914,53960,52682,51816,51555,51975,52626,53716,55406,57279,58954,58181,57128,57188,58135,59296,60842,62637,64470,65588,64675,62550,59985,57911,55001,53034,52056,51633,51732,53289,56743,62626,69975,73385,75003,74604,72586,75776,77772,78223,78996,78169,76776,75880,72921,69346,65593,63917,60287,58466,57444,56798,56914,58099,61024,66175,72397,74527,74853,74411,72437,74804,76235,76842,77665,76258,74786,74099,71232,68114,64780,63518,60091,58273,57216,56597,56723,57769,60760,66271,72988,76058,76134,76347,73991,76100,77104,76957,77228,75832,74659,74160,71409,68138,64798,63287,59773,57873,57012,56292,56259,57521,60291,64379,69542,72203,73295,73677,72253,74759,75897,75808,76036,74957,74155,73504,70916,67525,64268,62674,59081,57394,56309,55846,56000,57283,59958,63871,68439,70064,70490,70442,68506,71455,72571,73299,74073,73403,72278,71770,69516,66530,63285,62132,58770,56635,55452,54516,54419,54815,55427,55978,56883,56886,57806,57993,57112,58501,60359,61556,62391,62254,63254,63885,62731,60605,58495,57709
241,55001,53034,52056,51633,51732,53289,56743,62626,69975,73385,75003,74604,72586,75776,77772,78223,78996,78169,76776,75880,72921,69346,65593,63917,60287,58466,57444,56798,56914,58099,61024,66175,72397,74527,74853,74411,72437,74804,76235,76842,77665,76258,74786,74099,71232,68114,64780,63518,60091,58273,57216,56597,56723,57769,60760,66271,72988,76058,76134,76347,73991,76100,77104,76957,77228,75832,74659,74160,71409,68138,64798,63287,59773,57873,57012,56292,56259,57521,60291,64379,69542,72203,73295,73677,72253,74759,75897,75808,76036,74957,74155,73504,70916,67525,64268,62674,59081,57394,56309,55846,56000,57283,59958,63871,68439,70064,70490,70442,68506,71455,72571,73299,74073,73403,72278,71770,69516,66530,63285,62132,58770,56635,55452,54516,54419,54815,55427,55978,56883,56886,57806,57993,57112,58501,60359,61556,62391,62254,63254,63885,62731,60605,58495,57709,54162,52047,50919,50221,50160,50645,51048,51072,51803,53458,55276,55817,56141,56789,57495,58172,58923,60219,61612,62545,61538,59662,57589,55617
242,60287,58466,57444,56798,56914,58099,61024,66175,72397,74527,74853,74411,72437,74804,76235,76842,77665,76258,74786,74099,71232,68114,64780,63518,60091,58273,57216,56597,56723,57769,60760,66271,72988,76058,76134,76347,73991,76100,77104,76957,77228,75832,74659,74160,71409,68138,64798,63287,59773,57873,57012,56292,56259,57521,60291,64379,69542,72203,73295,73677,72253,74759,75897,75808,76036,74957,74155,73504,70916,67525,64268,62674,59081,57394,56309,55846,56000,57283,59958,63871,68439,70064,70490,70442,68506,71455,72571,73299,74073,73403,72278,71770,69516,66530,63285,62132,58770,56635,55452,54516,54419,54815,55427,55978,56883,56886,57806,57993,57112,58501,60359,61556,62391,62254,63254,63885,62731,60605,58495,57709,54162,52047,50919,50221,50160,50645,51048,51072,51803,53458,55276,55817,56141,56789,57495,58172,58923,60219,61612,62545,61538,59662,57589,55617,52844,51119,50127,49756,50318,52071,55385,60768,67583,70961,72011,72382,70542,73479,74794,75096,75426,74093,72972,72008,69020,66222,63137,61833
243,60091,58273,57216,56597,56723,57769,60760,66271,72988,76058,76134,76347,73991,76100,77104,76957,77228,75832,74659,74160,71409,68138,64798,63287,59773,57873,57012,56292,56259,57521,60291,64379,69542,72203,73295,73677,72253,74759,75897,75808,76036,74957,74155,73504,70916,67525,64268,62674,59081,57394,56309,55846,56000,57283,59958,63871,68439,70064,70490,70442,68506,71455,72571,73299,74073,73403,72278,71770,69516,66530,63285,62132,58770,56635,55452,54516,54419,54815,55427,55978,56883,56886,57806,57993,57112,58501,60359,61556,62391,62254,63254,63885,62731,60605,58495,57709,54162,52047,50919,50221,50160,50645,51048,51072,51803,53458,55276,55817,56141,56789,57495,58172,58923,60219,61612,62545,61538,59662,57589,55617,52844,51119,50127,49756,50318,52071,55385,60768,67583,70961,72011,72382,70542,73479,74794,75096,75426,74093,72972,72008,69020,66222,63137,61833,58303,56667,55679,55213,55520,56824,59671,64681,71401,74104,74238,74559,72724,74990,75759,75695,76195,75244,74529,73916,70832,67724,64552,63152
244,59773,57873,57012,56292,56259,57521,60291,64379,69542,72203,73295,73677,72253,74759,75897,75808,76036,74957,74155,73504,70916,67525,64268,62674,59081,57394,56309,55846,56000,57283,59958,63871,68439,70064,70490,70442,68506,71455,72571,73299,74073,73403,72278,71770,69516,66530,63285,62132,58770,56635,55452,54516,54419,54815,55427,55978,56883,56886,57806,57993,57112,58501,60359,61556,62391,62254,63254,63885,62731,60605,58495,57709,54162,52047,50919,50221,50160,50645,51048,51072,51803,53458,55276,55817,56141,56789,57495,58172,58923,60219,61612,62545,61538,59662,57589,55617,52844,51119,50127,49756,50318,52071,55385,60768,67583,70961,72011,72382,70542,73479,74794,75096,75426,74093,72972,72008,69020,66222,63137,61833,58303,56667,55679,55213,55520,56824,59671,64681,71401,74104,74238,74559,72724,74990,75759,75695,76195,75244,74529,73916,70832,67724,64552,63152,59480,57569,56498,56017,56204,57333,60066,64203,69249,70698,70589,69955,67503,69995,71670,72985,74423,74360,73751,73172,70552,67555,64373,62977
245,59081,57394,56309,55846,56000,57283,59958,63871,68439,70064,70490,70442,68506,71455,72571,73299,74073,73403,72278,71770,69516,66530,63285,62132,58770,56635,55452,54516,54419,54815,55427,55978,56883,56886,57806,57993,57112,58501,60359,61556,62391,62254,63254,63885,62731,60605,58495,57709,54162,52047,50919,50221,50160,50645,51048,51072,51803,53458,55276,55817,56141,56789,57495,58172,58923,60219,61612,62545,61538,59662,57589,55617,52844,51119,50127,49756,50318,52071,55385,60768,67583,70961,72011,72382,70542,73479,74794,75096,75426,74093,72972,72008,69020,66222,63137,61833,58303,56667,55679,55213,55520,56824,59671,64681,71401,74104,74238,74559,72724,74990,75759,75695,76195,75244,74529,73916,70832,67724,64552,63152,59480,57569,56498,56017,56204,57333,60066,64203,69249,70698,70589,69955,67503,69995,71670,72985,74423,74360,73751,73172,70552,67555,64373,62977,59218,57442,56290,55787,56011,57216,59678,63457,68170,69714,69730,69655,68170,71393,73469,75012,76594,76209,75404,74628,71695,68495,64998,63315
246,58770,56635,55452,54516,54419,54815,55427,55978,56883,56886,57806,57993,57112,58501,60359,61556,62391,62254,63254,63885,62731,60605,58495,57709,54162,52047,50919,50221,50160,50645,51048,51072,51803,53458,55276,55817,56141,56789,57495,58172,58923,60219,61612,62545,61538,59662,57589,55617,52844,51119,50127,49756,50318,52071,55385,60768,67583,70961,72011,72382,70542,73479,74794,75096,75426,74093,72972,72008,69020,66222,63137,61833,58303,56667,55679,55213,55520,56824,59671,64681,71401,74104,74238,74559,72724,74990,75759,75695,76195,75244,74529,73916,70832,67724,64552,63152,59480,57569,56498,56017,56204,57333,60066,64203,69249,70698,70589,69955,67503,69995,71670,72985,74423,74360,73751,73172,70552,67555,64373,62977,59218,57442,56290,55787,56011,57216,59678,63457,68170,69714,69730,69655,68170,71393,73469,75012,76594,76209,75404,74628,71695,68495,64998,63315,59635,57937,56691,56263,56446,57684,60375,64940,70921,73348,73726,73596,71103,73018,74101,75001,75304,74482,73629,72943,70491,67554,64377,62981
247,54162,52047,50919,50221,50160,50645,51048,51072,51803,53458,55276,55817,56141,56789,57495,58172,58923,60219,61612,62545,61538,59662,57589,55617,52844,51119,50127,49756,50318,52071,55385,60768,67583,70961,72011,72382,70542,73479,74794,75096,75426,74093,72972,72008,69020,66222,63137,61833,58303,56667,55679,55213,55520,56824,59671,64681,71401,74104,74238,74559,72724,74990,75759,75695,76195,75244,74529,73916,70832,67724,64552,63152,59480,57569,56498,56017,56204,57333,60066,64203,69249,70698,70589,69955,67503,69995,71670,72985,74423,74360,73751,73172,70552,67555,64373,62977,59218,57442,56290,55787,56011,57216,59678,63457,68170,69714,69730,69655,68170,71393,73469,75012,76594,76209,75404,74628,71695,68495,64998,63315,59635,57937,56691,56263,56446,57684,60375,64940,70921,73348,73726,73596,71103,73018,74101,75001,75304,74482,73629,72943,70491,67554,64377,62981,59300,57348,56219,55478,55156,55741,56541,57343,58506,58379,58945,58653,57468,59139,60226,61486,63362,64524,65458,65783,64288,62130,59552,58295
248,52844,51119,50127,49756,50318,52071,55385,60768,67583,70961,72011,72382,70542,73479,74794,75096,75426,74093,72972,72008,69020,66222,63137,61833,58303,56667,55679,55213,55520,56824,59671,64681,71401,74104,74238,74559,72724,74990,75759,75695,76195,75244,74529,73916,70832,67724,64552,63152,59480,57569,56498,56017,56204,57333,60066,64203,69249,70698,70589,69955,67503,69995,71670,72985,74423,74360,73751,73172,70552,67555,64373,62977,59218,57442,56290,55787,56011,57216,59678,63457,68170,69714,69730,69655,68170,71393,73469,75012,76594,76209,75404,74628,71695,68495,64998,63315,59635,57937,56691,56263,56446,57684,60375,64940,70921,73348,73726,73596,71103,73018,74101,75001,75304,74482,73629,72943,70491,67554,64377,62981,59300,57348,56219,55478,55156,55741,56541,57343,58506,58379,58945,58653,57468,59139,60226,61486,63362,64524,65458,65783,64288,62130,59552,58295,54968,53015,51675,51051,50988,51348,51799,51627,51506,51449,52418,52822,53176,54768,56506,58277,60274,62067,63898,64512,63365,61425,58877,56819
249,58303,56667,55679,55213,55520,56824,59671,64681,71401,74104,74238,74559,72724,74990,75759,75695,76195,75244,74529,73916,70832,67724,64552,63152,59480,57569,56498,56017,56204,57333,60066,64203,69249,70698,70589,69955,67503,69995,71670,72985,74423,74360,73751,73172,70552,67555,64373,62977,59218,57442,56290,55787,56011,57216,59678,63457,68170,69714,69730,69655,68170,71393,73469,75012,76594,76209,75404,74628,71695,68495,64998,63315,59635,57937,56691,56263,56446,57684,60375,64940,70921,73348,73726,73596,71103,73018,74101,75001,75304,74482,73629,72943,70491,67554,64377,62981,59300,57348,56219,55478,55156,55741,56541,57343,58506,58379,58945,58653,57468,59139,60226,61486,63362,64524,65458,65783,64288,62130,59552,58295,54968,53015,51675,51051,50988,51348,51799,51627,51506,51449,52418,52822,53176,54768,56506,58277,60274,62067,63898,64512,63365,61425,58877,56819,53884,52166,51143,50756,51191,52826,56166,61677,68075,70976,71852,71843,70427,73670,75747,76761,77820,76827,75786,74710,71864,68351,64612,62842
250,59480,57569,56498,56017,56204,57333,60066,64203,69249,70698,70589,69955,67503,69995,71670,72985,74423,74360,73751,73172,70552,67555,64373,62977,59218,57442,56290,55787,56011,57216,59678,63457,68170,69714,69730,69655,68170,71393,73469,75012,76594,76209,75404,74628,71695,68495,64998,63315,59635,57937,56691,56263,56446,57684,60375,64940,70921,73348,73726,73596,71103,73018,74101,75001,75304,74482,73629,72943,70491,67554,64377,62981,59300,57348,56219,55478,55156,55741,56541,57343,58506,58379,58945,58653,57468,59139,60226,61486,63362,64524,65458,65783,64288,62130,59552,58295,54968,53015,51675,51051,50988,51348,51799,51627,51506,51449,52418,52822,53176,54768,56506,58277,60274,62067,63898,64512,63365,61425,58877,56819,53884,52166,51143,50756,51191,52826,56166,61677,68075,70976,71852,71843,70427,73670,75747,76761,77820,76827,75786,74710,71864,68351,64612,62842,59250,57414,56403,55927,56180,57381,60109,64596,69980,72647,73401,73236,70970,73650,74631,75222,76081,76003,75341,74267,71318,68105,64466,62952
251,59218,57442,56290,55787,56011,57216,59678,63457,68170,69714,69730,69655,68170,71393,73469,75012,76594,76209,75404,74628,71695,68495,64998,63315,59635,57937,56691,56263,56446,57684,60375,64940,70921,73348,73726,73596,71103,73018,74101,75001,75304,74482,73629,72943,70491,67554,64377,62981,59300,57348,56219,55478,55156,55741,56541,57343,58506,58379,58945,58653,57468,59139,60226,61486,63362,64524,65458,65783,64288,62130,59552,58295,54968,53015,51675,51051,50988,51348,51799,51627,51506,51449,52418,52822,53176,54768,56506,58277,60274,62067,63898,64512,63365,61425,58877,56819,53884,52166,51143,50756,51191,52826,56166,61677,68075,70976,71852,71843,70427,73670,75747,76761,77820,76827,75786,74710,71864,68351,64612,62842,59250,57414,56403,55927,56180,57381,60109,64596,69980,72647,73401,73236,70970,73650,74631,75222,76081,76003,75341,74267,71318,68105,64466,62952,59437,57472,56574,56054,56286,57465,59772,63310,67536,68755,69307,68760,66856,70087,72057,73288,74944,74580,73528,72592,70115,67250,63777,62275
252,59635,57937,56691,56263,56446,57684,60375,64940,70921,73348,73726,73596,71103,73018,74101,75001,75304,74482,73629,72943,70491,67554,64377,62981,59300,57348,56219,55478,55156,55741,56541,57343,58506,58379,58945,58653,57468,59139,60226,61486,63362,64524,65458,65783,64288,62130,59552,58295,54968,53015,51675,51051,50988,51348,51799,51627,51506,51449,52418,52822,53176,54768,56506,58277,60274,62067,63898,64512,63365,61425,58877,56819,53884,52166,51143,50756,51191,52826,56166,61677,68075,70976,71852,71843,70427,73670,75747,76761,77820,76827,75786,74710,71864,68351,64612,62842,59250,57414,56403,55927,56180,57381,60109,64596,69980,72647,73401,73236,70970,73650,74631,75222,76081,76003,75341,74267,71318,68105,64466,62952,59437,57472,56574,56054,56286,57465,59772,63310,67536,68755,69307,68760,66856,70087,72057,73288,74944,74580,73528,72592,70115,67250,63777,62275,58700,57190,56157,55514,55747,56925,59359,62542,66656,68672,69686,69794,68540,71994,73808,74948,75435,74348,73644,72926,70121,67136,63757,62179
253,59300,57348,56219,55478,55156,55741,56541,57343,58506,58379,58945,58653,57468,59139,60226,61486,63362,64524,65458,65783,64288,62130,59552,58295,54968,53015,51675,51051,50988,51348,51799,51627,51506,51449,52418,52822,53176,54768,56506,58277,60274,62067,63898,64512,63365,61425,58877,56819,53884,52166,51143,50756,51191,52826,56166,61677,68075,70976,71852,71843,70427,73670,75747,76761,77820,76827,75786,74710,71864,68351,64612,62842,59250,57414,56403,55927,56180,57381,60109,64596,69980,72647,73401,73236,70970,73650,74631,75222,76081,76003,75341,74267,71318,68105,64466,62952,59437,57472,56574,56054,56286,57465,59772,63310,67536,68755,69307,68760,66856,70087,72057,73288,74944,74580,73528,72592,70115,67250,63777,62275,58700,57190,56157,55514,55747,56925,59359,62542,66656,68672,69686,69794,68540,71994,73808,74948,75435,74348,73644,72926,70121,67136,63757,62179,58649,56808,55870,55337,55392,56611,59212,63735,69430,71806,71837,71097,68216,68709,68811,69117,69190,68978,68797,68292,66586,64424,61471,59974
254,54968,53015,51675,51051,50988,51348,51799,51627,51506,51449,52418,52822,53176,54768,56506,58277,60274,62067,63898,64512,63365,61425,58877,56819,53884,52166,51143,50756,51191,52826,56166,61677,68075,70976,71852,71843,70427,73670,75747,76761,77820,76827,75786,74710,71864,68351,64612,62842,59250,57414,56403,55927,56180,57381,60109,64596,69980,72647,73401,73236,70970,73650,74631,75222,76081,76003,75341,74267,71318,68105,64466,62952,59437,57472,56574,56054,56286,57465,59772,63310,67536,68755,69307,68760,66856,70087,72057,73288,74944,74580,73528,72592,70115,67250,63777,62275,58700,57190,56157,55514,55747,56925,59359,62542,66656,68672,69686,69794,68540,71994,73808,74948,75435,74348,73644,72926,70121,67136,63757,62179,58649,56808,55870,55337,55392,56611,59212,63735,69430,71806,71837,71097,68216,68709,68811,69117,69190,68978,68797,68292,66586,64424,61471,59974,56597,54703,53471,52830,52584,53048,53800,54086,54332,53699,54275,54079,53708,54939,55566,56572,58363,60316,61890,62245,60852,59086,56817,55792
255,53884,52166,51143,50756,51191,52826,56166,61677,68075,70976,71852,71843,70427,73670,75747,76761,77820,76827,75786,74710,71864,68351,64612,62842,59250,57414,56403,55927,56180,57381,60109,64596,69980,72647,73401,73236,70970,73650,74631,75222,76081,76003,75341,74267,71318,68105,64466,62952,59437,57472,56574,56054,56286,57465,59772,63310,67536,68755,69307,68760,66856,70087,72057,73288,74944,74580,73528,72592,70115,67250,63777,62275,58700,57190,56157,55514,55747,56925,59359,62542,66656,68672,69686,69794,68540,71994,73808,74948,75435,74348,73644,72926,70121,67136,63757,62179,58649,56808,55870,55337,55392,56611,59212,63735,69430,71806,71837,71097,68216,68709,68811,69117,69190,68978,68797,68292,66586,64424,61471,59974,56597,54703,53471,52830,52584,53048,53800,54086,54332,53699,54275,54079,53708,54939,55566,56572,58363,60316,61890,62245,60852,59086,56817,55792,52858,50860,49515,48981,48871,49479,49859,49305,48331,47733,49088,49201,49456,50143,50912,52157,54609,56933,58627,58954,57970,56351,54453,52568
256,59250,57414,56403,55927,56180,57381,60109,64596,69980,72647,73401,73236,70970,73650,74631,75222,76081,76003,75341,74267,71318,68105,64466,62952,59437,57472,56574,56054,56286,57465,59772,63310,67536,68755,69307,68760,66856,70087,72057,73288,74944,74580,73528,72592,70115,67250,63777,62275,58700,57190,56157,55514,55747,56925,59359,62542,66656,68672,69686,69794,68540,71994,73808,74948,75435,74348,73644,72926,70121,67136,63757,62179,58649,56808,55870,55337,55392,56611,59212,63735,69430,71806,71837,71097,68216,68709,68811,69117,69190,68978,68797,68292,66586,64424,61471,59974,56597,54703,53471,52830,52584,53048,53800,54086,54332,53699,54275,54079,53708,54939,55566,56572,58363,60316,61890,62245,60852,59086,56817,55792,52858,50860,49515,48981,48871,49479,49859,49305,48331,47733,49088,49201,49456,50143,50912,52157,54609,56933,58627,58954,57970,56351,54453,52568,49632,47710,46508,45663,45562,46053,46503,45823,44524,44027,45080,45327,46043,47152,47880,49457,51752,53918,55565,55779,55020,53873,52107,50364
257,59437,57472,56574,56054,56286,57465,59772,63310,67536,68755,69307,68760,66856,70087,72057,73288,74944,74580,73528,72592,70115,67250,63777,62275,58700,57190,56157,55514,55747,56925,59359,62542,66656,68672,69686,69794,68540,71994,73808,74948,75435,74348,73644,72926,70121,67136,63757,62179,58649,56808,55870,55337,55392,56611,59212,63735,69430,71806,71837,71097,68216,68709,68811,69117,69190,68978,68797,68292,66586,64424,61471,59974,56597,54703,53471,52830,52584,53048,53800,54086,54332,53699,54275,54079,53708,54939,55566,56572,58363,60316,61890,62245,60852,59086,56817,55792,52858,50860,49515,48981,48871,49479,49859,49305,48331,47733,49088,49201,49456,50143,50912,52157,54609,56933,58627,58954,57970,56351,54453,52568,49632,47710,46508,45663,45562,46053,46503,45823,44524,44027,45080,45327,46043,47152,47880,49457,51752,53918,55565,55779,55020,53873,52107,50364,47630,46037,44930,44443,44379,45226,46211,47754,48450,48019,47169,46435,45978,45127,45213,46163,48131,50878,52931,53652,53255,52494,51044,49540
258,58700,57190,56157,55514,55747,56925,59359,62542,66656,68672,69686,69794,68540,71994,73808,74948,75435,74348,73644,72926,70121,67136,63757,62179,58649,56808,55870,55337,55392,56611,59212,63735,69430,71806,71837,71097,68216,68709,68811,69117,69190,68978,68797,68292,66586,64424,61471,59974,56597,54703,53471,52830,52584,53048,53800,54086,54332,53699,54275,54079,53708,54939,55566,56572,58363,60316,61890,62245,60852,59086,56817,55792,52858,50860,49515,48981,48871,49479,49859,49305,48331,47733,49088,49201,49456,50143,50912,52157,54609,56933,58627,58954,57970,56351,54453,52568,49632,47710,46508,45663,45562,46053,46503,45823,44524,44027,45080,45327,46043,47152,47880,49457,51752,53918,55565,55779,55020,53873,52107,50364,47630,46037,44930,44443,44379,45226,46211,47754,48450,48019,47169,46435,45978,45127,45213,46163,48131,50878,52931,53652,53255,52494,51044,49540,47019,45237,44190,43669,43678,44383,45080,45564,45752,46463,47723,47183,46667,46667,47345,49270,51991,54448,56653,57177,56247,54836,52797,50887
259,58649,56808,55870,55337,55392,56611,59212,63735,69430,71806,71837,71097,68216,68709,68811,69117,69190,68978,68797,68292,66586,64424,61471,59974,56597,54703,53471,52830,52584,53048,53800,54086,54332,53699,54275,54079,53708,54939,55566,56572,58363,60316,61890,62245,60852,59086,56817,55792,52858,50860,49515,48981,48871,49479,49859,49305,48331,47733,49088,49201,49456,50143,50912,52157,54609,56933,58627,58954,57970,56351,54453,52568,49632,47710,46508,45663,45562,46053,46503,45823,44524,44027,45080,45327,46043,47152,47880,49457,51752,53918,55565,55779,55020,53873,52107,50364,47630,46037,44930,44443,44379,45226,46211,47754,48450,48019,47169,46435,45978,45127,45213,46163,48131,50878,52931,53652,53255,52494,51044,49540,47019,45237,44190,43669,43678,44383,45080,45564,45752,46463,47723,47183,46667,46667,47345,49270,51991,54448,56653,57177,56247,54836,52797,50887,48133,46362,45559,45262,45584,47107,49890,53440,57619,59426,60640,60288,58080,60254,62140,64382,66873,66921,67149,66117,63703,61078,58296,56814
260,56597,54703,53471,52830,52584,53048,53800,54086,54332,53699,54275,54079,53708,54939,55566,56572,58363,60316,61890,62245,60852,59086,56817,55792,52858,50860,49515,48981,48871,49479,49859,49305,48331,47733,49088,49201,49456,50143,50912,52157,54609,56933,58627,58954,57970,56351,54453,52568,49632,47710,46508,45663,45562,46053,46503,45823,44524,44027,45080,45327,46043,47152,47880,49457,51752,53918,55565,55779,55020,53873,52107,50364,47630,46037,44930,44443,44379,45226,46211,47754,48450,48019,47169,46435,45978,45127,45213,46163,48131,50878,52931,53652,53255,52494,51044,49540,47019,45237,44190,43669,43678,44383,45080,45564,45752,46463,47723,47183,46667,46667,47345,49270,51991,54448,56653,57177,56247,54836,52797,50887,48133,46362,45559,45262,45584,47107,49890,53440,57619,59426,60640,60288,58080,60254,62140,64382,66873,66921,67149,66117,63703,61078,58296,56814,53776,52071,51131,50746,51002,52177,54342,57298,60880,61715,62423,62754,61786,64749,66274,67266,68879,68857,68550,67639,65266,62797,59880,58698
261,52858,50860,49515,48981,48871,49479,49859,49305,48331,47733,49088,49201,49456,50143,50912,52157,54609,56933,58627,58954,57970,56351,54453,52568,49632,47710,46508,45663,45562,46053,46503,45823,44524,44027,45080,45327,46043,47152,47880,49457,51752,53918,55565,55779,55020,53873,52107,50364,47630,46037,44930,44443,44379,45226,46211,47754,48450,48019,47169,46435,45978,45127,45213,46163,48131,50878,52931,53652,53255,52494,51044,49540,47019,45237,44190,43669,43678,44383,45080,45564,45752,46463,47723,47183,46667,46667,47345,49270,51991,54448,56653,57177,56247,54836,52797,50887,48133,46362,45559,45262,45584,47107,49890,53440,57619,59426,60640,60288,58080,60254,62140,64382,66873,66921,67149,66117,63703,61078,58296,56814,53776,52071,51131,50746,51002,52177,54342,57298,60880,61715,62423,62754,61786,64749,66274,67266,68879,68857,68550,67639,65266,62797,59880,58698,55558,53739,52676,51931,51921,52551,53497,54414,56029,56477,57734,57998,57705,59960,60778,60694,60501,60229,61697,61851,60726,58965,56840,55913
262,49632,47710,46508,45663,45562,46053,46503,45823,44524,44027,45080,45327,46043,47152,47880,49457,51752,53918,55565,55779,55020,53873,52107,50364,47630,46037,44930,44443,44379,45226,46211,47754,48450,48019,47169,46435,45978,45127,45213,46163,48131,50878,52931,53652,53255,52494,51044,49540,47019,45237,44190,43669,43678,44383,45080,45564,45752,46463,47723,47183,46667,46667,47345,49270,51991,54448,56653,57177,56247,54836,52797,50887,48133,46362,45559,45262,45584,47107,49890,53440,57619,59426,60640,60288,58080,60254,62140,64382,66873,66921,67149,66117,63703,61078,58296,56814,53776,52071,51131,50746,51002,52177,54342,57298,60880,61715,62423,62754,61786,64749,66274,67266,68879,68857,68550,67639,65266,62797,59880,58698,55558,53739,52676,51931,51921,52551,53497,54414,56029,56477,57734,57998,57705,59960,60778,60694,60501,60229,61697,61851,60726,58965,56840,55913,52882,51092,49980,49349,49345,49916,50367,50354,50181,50243,51211,51046,51325,52770,54036,55386,56814,58309,60328,60737,59756,58119,56001,54123
263,47630,46037,44930,44443,44379,45226,46211,47754,48450,48019,47169,46435,45978,45127,45213,46163,48131,50878,52931,53652,53255,52494,51044,49540,47019,45237,44190,43669,43678,44383,45080,45564,45752,46463,47723,47183,46667,46667,47345,49270,51991,54448,56653,57177,56247,54836,52797,50887,48133,46362,45559,45262,45584,47107,49890,53440,57619,59426,60640,60288,58080,60254,62140,64382,66873,66921,67149,66117,63703,61078,58296,56814,53776,52071,51131,50746,51002,52177,54342,57298,60880,61715,62423,62754,61786,64749,66274,67266,68879,68857,68550,67639,65266,62797,59880,58698,55558,53739,52676,51931,51921,52551,53497,54414,56029,56477,57734,57998,57705,59960,60778,60694,60501,60229,61697,61851,60726,58965,56840,55913,52882,51092,49980,49349,49345,49916,50367,50354,50181,50243,51211,51046,51325,52770,54036,55386,56814,58309,60328,60737,59756,58119,56001,54123,51446,49650,49013,48670,49117,50885,53981,58832,64506,65810,65188,64714,63876,67752,70074,71340,72396,71966,71556,70231,67369,64895,61987,60777
264,47019,45237,44190,43669,43678,44383,45080,45564,45752,46463,47723,47183,46667,46667,47345,49270,51991,54448,56653,57177,56247,54836,52797,50887,48133,46362,45559,45262,45584,47107,49890,53440,57619,59426,60640,60288,58080,60254,62140,64382,66873,66921,67149,66117,63703,61078,58296,56814,53776,52071,51131,50746,51002,52177,54342,57298,60880,61715,62423,62754,61786,64749,66274,67266,68879,68857,68550,67639,65266,62797,59880,58698,55558,53739,52676,51931,51921,52551,53497,54414,56029,56477,57734,57998,57705,59960,60778,60694,60501,60229,61697,61851,60726,58965,56840,55913,52882,51092,49980,49349,49345,49916,50367,50354,50181,50243,51211,51046,51325,52770,54036,55386,56814,58309,60328,60737,59756,58119,56001,54123,51446,49650,49013,48670,49117,50885,53981,58832,64506,65810,65188,64714,63876,67752,70074,71340,72396,71966,71556,70231,67369,64895,61987,60777,57344,55668,54770,54321,54626,55862,58461,62834,67967,69393,69294,69625,68092,71328,72707,73380,74094,73296,73039,71644,69076,66099,62795,61501
265,48133,46362,45559,45262,45584,47107,49890,53440,57619,59426,60640,60288,58080,60254,62140,64382,66873,66921,67149,66117,63703,61078,58296,56814,53776,52071,51131,50746,51002,52177,54342,57298,60880,61715,62423,62754,61786,64749,66274,67266,68879,68857,68550,67639,65266,62797,59880,58698,55558,53739,52676,51931,51921,52551,53497,54414,56029,56477,57734,57998,57705,59960,60778,60694,60501,60229,61697,61851,60726,58965,56840,55913,52882,51092,49980,49349,49345,49916,50367,50354,50181,50243,51211,51046,51325,52770,54036,55386,56814,58309,60328,60737,59756,58119,56001,54123,51446,49650,49013,48670,49117,50885,53981,58832,64506,65810,65188,64714,63876,67752,70074,71340,72396,71966,71556,70231,67369,64895,61987,60777,57344,55668,54770,54321,54626,55862,58461,62834,67967,69393,69294,69625,68092,71328,72707,73380,74094,73296,73039,71644,69076,66099,62795,61501,58041,56404,55569,54992,54974,56404,59057,63819,70330,73486,74085,74418,72570,74682,75635,75683,75682,73801,73016,71515,69088,66270,63005,61764
266,53776,52071,51131,50746,51002,52177,54342,57298,60880,61715,62423,62754,61786,64749,66274,67266,68879,68857,68550,67639,65266,62797,59880,58698,55558,53739,52676,51931,51921,52551,53497,54414,56029,56477,57734,57998,57705,59960,60778,60694,60501,60229,61697,61851,60726,58965,56840,55913,52882,51092,49980,49349,49345,49916,50367,50354,50181,50243,51211,51046,51325,52770,54036,55386,56814,58309,60328,60737,59756,58119,56001,54123,51446,49650,49013,48670,49117,50885,53981,58832,64506,65810,65188,64714,63876,67752,70074,71340,72396,71966,71556,70231,67369,64895,61987,60777,57344,55668,54770,54321,54626,55862,58461,62834,67967,69393,69294,69625,68092,71328,72707,73380,74094,73296,73039,71644,69076,66099,62795,61501,58041,56404,55569,54992,54974,56404,59057,63819,70330,73486,74085,74418,72570,74682,75635,75683,75682,73801,73016,71515,69088,66270,63005,61764,58219,56500,55442,54811,54941,56212,58645,62054,66048,66868,66414,65033,62791,66060,67963,69860,72623,73225,72707,71174,68459,65543,62518,60983
267,55558,53739,52676,51931,51921,52551,53497,54414,56029,56477,57734,57998,57705,59960,60778,60694,60501,60229,61697,61851,60726,58965,56840,55913,52882,51092,49980,49349,49345,49916,50367,50354,50181,50243,51211,51046,51325,52770,54036,55386,56814,58309,60328,60737,59756,58119,56001,54123,51446,49650,49013,48670,49117,50885,53981,58832,64506,65810,65188,64714,63876,67752,70074,71340,72396,71966,71556,70231,67369,64895,61987,60777,57344,55668,54770,54321,54626,55862,58461,62834,67967,69393,69294,69625,68092,71328,72707,73380,74094,73296,73039,71644,69076,66099,62795,61501,58041,56404,55569,54992,54974,56404,59057,63819,70330,73486,74085,74418,72570,74682,75635,75683,75682,73801,73016,71515,69088,66270,63005,61764,58219,56500,55442,54811,54941,56212,58645,62054,66048,66868,66414,65033,62791,66060,67963,69860,72623,73225,72707,71174,68459,65543,62518,60983,57503,55790,54600,54060,54193,55598,58167,61781,65747,65955,65155,64237,62603,65869,67798,69731,72146,71916,71316,69738,67490,65041,62113,60679
268,52882,51092,49980,49349,49345,49916,50367,50354,50181,50243,51211,51046,51325,52770,54036,55386,56814,58309,60328,60737,59756,58119,56001,54123,51446,49650,49013,48670,49117,50885,53981,58832,64506,65810,65188,64714,63876,67752,70074,71340,72396,71966,71556,70231,67369,64895,61987,60777,57344,55668,54770,54321,54626,55862,58461,62834,67967,69393,69294,69625,68092,71328,72707,73380,74094,73296,73039,71644,69076,66099,62795,61501,58041,56404,55569,54992,54974,56404,59057,63819,70330,73486,74085,74418,72570,74682,75635,75683,75682,73801,73016,71515,69088,66270,63005,61764,58219,56500,55442,54811,54941,56212,58645,62054,66048,66868,66414,65033,62791,66060,67963,69860,72623,73225,72707,71174,68459,65543,62518,60983,57503,55790,54600,54060,54193,55598,58167,61781,65747,65955,65155,64237,62603,65869,67798,69731,72146,71916,71316,69738,67490,65041,62113,60679,57020,55169,53800,52979,52921,53408,54275,54491,54666,53962,54523,54446,53394,54791,55889,57526,59769,61036,62298,61970,60743,59042,57068,55923
269,51446,49650,49013,48670,49117,50885,53981,58832,64506,65810,65188,64714,63876,67752,70074,71340,72396,71966,71556,70231,67369,64895,61987,60777,57344,55668,54770,54321,54626,55862,58461,62834,67967,69393,69294,69625,68092,71328,72707,73380,74094,73296,73039,71644,69076,66099,62795,61501,58041,56404,55569,54992,54974,56404,59057,63819,70330,73486,74085,74418,72570,74682,75635,75683,75682,73801,73016,71515,69088,66270,63005,61764,58219,56500,55442,54811,54941,56212,58645,62054,66048,66868,66414,65033,62791,66060,67963,69860,72623,73225,72707,71174,68459,65543,62518,60983,57503,55790,54600,54060,54193,55598,58167,61781,65747,65955,65155,64237,62603,65869,67798,69731,72146,71916,71316,69738,67490,65041,62113,60679,57020,55169,53800,52979,52921,53408,54275,54491,54666,53962,54523,54446,53394,54791,55889,57526,59769,61036,62298,61970,60743,59042,57068,55923,53119,51054,49680,49067,49061,49783,50341,50064,49075,48068,48767,48548,48908,50788,52036,54043,56722,58883,60876,60737,59537,58004,56349,54539
270,57344,55668,54770,54321,54626,55862,58461,62834,67967,69393,69294,69625,68092,71328,72707,73380,74094,73296,73039,71644,69076,66099,62795,61501,58041,56404,55569,54992,54974,56404,59057,63819,70330,73486,74085,74418,72570,74682,75635,75683,75682,73801,73016,71515,69088,66270,63005,61764,58219,56500,55442,54811,54941,56212,58645,62054,66048,66868,66414,65033,62791,66060,67963,69860,72623,73225,72707,71174,68459,65543,62518,60983,57503,55790,54600,54060,54193,55598,58167,61781,65747,65955,65155,64237,62603,65869,67798,69731,72146,71916,71316,69738,67490,65041,62113,60679,57020,55169,53800,52979,52921,53408,54275,54491,54666,53962,54523,54446,53394,54791,55889,57526,59769,61036,62298,61970,60743,59042,57068,55923,53119,51054,49680,49067,49061,49783,50341,50064,49075,48068,48767,48548,48908,50788,52036,54043,56722,58883,60876,60737,59537,58004,56349,54539,51566,49784,48794,48423,48650,49985,51947,54870,59031,61606,63438,63618,61766,64461,66304,67959,69357,69067,69932,68996,67235,64843,62029,59867
271,58041,56404,55569,54992,54974,56404,59057,63819,70330,73486,74085,74418,72570,74682,75635,75683,75682,73801,73016,71515,69088,66270,63005,61764,58219,56500,55442,54811,54941,56212,58645,62054,66048,66868,66414,65033,62791,66060,67963,69860,72623,73225,72707,71174,68459,65543,62518,60983,57503,55790,54600,54060,54193,55598,58167,61781,65747,65955,65155,64237,62603,65869,67798,69731,72146,71916,71316,69738,67490,65041,62113,60679,57020,55169,53800,52979,52921,53408,54275,54491,54666,53962,54523,54446,53394,54791,55889,57526,59769,61036,62298,61970,60743,59042,57068,55923,53119,51054,49680,49067,49061,49783,50341,50064,49075,48068,48767,48548,48908,50788,52036,54043,56722,58883,60876,60737,59537,58004,56349,54539,51566,49784,48794,48423,48650,49985,51947,54870,59031,61606,63438,63618,61766,64461,66304,67959,69357,69067,69932,68996,67235,64843,62029,59867,56283,54477,53580,53017,53447,54844,57807,61746,66737,68882,69488,69012,67190,70271,72173,73712,75634,75698,75146,73376,70329,67171,63884,62217
272,58219,56500,55442,54811,54941,56212,58645,62054,66048,66868,66414,65033,62791,66060,67963,69860,72623,73225,72707,71174,68459,65543,62518,60983,57503,55790,54600,54060,54193,55598,58167,61781,65747,65955,65155,64237,62603,65869,67798,69731,72146,71916,71316,69738,67490,65041,62113,60679,57020,55169,53800,52979,52921,53408,54275,54491,54666,53962,54523,54446,53394,54791,55889,57526,59769,61036,62298,61970,60743,59042,57068,55923,53119,51054,49680,49067,49061,49783,50341,50064,49075,48068,48767,48548,48908,50788,52036,54043,56722,58883,60876,60737,59537,58004,56349,54539,51566,49784,48794,48423,48650,49985,51947,54870,59031,61606,63438,63618,61766,64461,66304,67959,69357,69067,69932,68996,67235,64843,62029,59867,56283,54477,53580,53017,53447,54844,57807,61746,66737,68882,69488,69012,67190,70271,72173,73712,75634,75698,75146,73376,70329,67171,63884,62217,58339,56565,55616,55042,55352,56603,59307,63208,68179,69696,69902,69365,67266,69995,71253,72263,73845,73199,72985,71417,68939,66236,63277,61649
273,57503,55790,54600,54060,54193,55598,58167,61781,65747,65955,65155,64237,62603,65869,67798,69731,72146,71916,71316,69738,67490,65041,62113,60679,57020,55169,53800,52979,52921,53408,54275,54491,54666,53962,54523,54446,53394,54791,55889,57526,59769,61036,62298,61970,60743,59042,57068,55923,53119,51054,49680,49067,49061,49783,50341,50064,49075,48068,48767,48548,48908,50788,52036,54043,56722,58883,60876,60737,59537,58004,56349,54539,51566,49784,48794,48423,48650,49985,51947,54870,59031,61606,63438,63618,61766,64461,66304,67959,69357,69067,69932,68996,67235,64843,62029,59867,56283,54477,53580,53017,53447,54844,57807,61746,66737,68882,69488,69012,67190,70271,72173,73712,75634,75698,75146,73376,70329,67171,63884,62217,58339,56565,55616,55042,55352,56603,59307,63208,68179,69696,69902,69365,67266,69995,71253,72263,73845,73199,72985,71417,68939,66236,63277,61649,58007,56371,55229,54839,55032,56369,59007,62646,67302,68857,69632,69990,68884,72034,73199,73403,73754,73058,72899,71231,68604,65844,62843,61484
274,57020,55169,53800,52979,52921,53408,54275,54491,54666,53962,54523,54446,53394,54791,55889,57526,59769,61036,62298,61970,60743,59042,57068,55923,53119,51054,49680,49067,49061,49783,50341,50064,49075,48068,48767,48548,48908,50788,52036,54043,56722,58883,60876,60737,59537,58004,56349,54539,51566,49784,48794,48423,48650,49985,51947,54870,59031,61606,63438,63618,61766,64461,66304,67959,69357,69067,69932,68996,67235,64843,62029,59867,56283,54477,53580,53017,53447,54844,57807,61746,66737,68882,69488,69012,67190,70271,72173,73712,75634,75698,75146,73376,70329,67171,63884,62217,58339,56565,55616,55042,55352,56603,59307,63208,68179,69696,69902,69365,67266,69995,71253,72263,73845,73199,72985,71417,68939,66236,63277,61649,58007,56371,55229,54839,55032,56369,59007,62646,67302,68857,69632,69990,68884,72034,73199,73403,73754,73058,72899,71231,68604,65844,62843,61484,58133,56423,55227,54858,55029,56208,58881,62991,68194,70021,70628,70807,69038,71333,72120,72391,72717,71751,71181,69593,67418,64913,62135,60779
275,53119,51054,49680,49067,49061,49783,50341,50064,49075,48068,48767,48548,48908,50788,52036,54043,56722,58883,60876,60737,59537,58004,56349,54539,51566,49784,48794,48423,48650,49985,51947,54870,59031,61606,63438,63618,61766,64461,66304,67959,69357,69067,69932,68996,67235,64843,62029,59867,56283,54477,53580,53017,53447,54844,57807,61746,66737,68882,69488,69012,67190,70271,72173,73712,75634,75698,75146,73376,70329,67171,63884,62217,58339,56565,55616,55042,55352,56603,59307,63208,68179,69696,69902,69365,67266,69995,71253,72263,73845,73199,72985,71417,68939,66236,63277,61649,58007,56371,55229,54839,55032,56369,59007,62646,67302,68857,69632,69990,68884,72034,73199,73403,73754,73058,72899,71231,68604,65844,62843,61484,58133,56423,55227,54858,55029,56208,58881,62991,68194,70021,70628,70807,69038,71333,72120,72391,72717,71751,71181,69593,67418,64913,62135,60779,57301,55285,54058,53373,53238,53726,54540,55056,56163,56559,57114,56792,55688,57645,59110,60217,61465,62127,63659,63130,62026,60237,58021,56369
276,51566,49784,48794,48423,48650,49985,51947,54870,59031,61606,63438,63618,61766,64461,66304,67959,69357,69067,69932,68996,67235,64843,62029,59867,56283,54477,53580,53017,53447,54844,57807,61746,66737,68882,69488,69012,67190,70271,72173,73712,75634,75698,75146,73376,70329,67171,63884,62217,58339,56565,55616,55042,55352,56603,59307,63208,68179,69696,69902,69365,67266,69995,71253,72263,73845,73199,72985,71417,68939,66236,63277,61649,58007,56371,55229,54839,55032,56369,59007,62646,67302,68857,69632,69990,68884,72034,73199,73403,73754,73058,72899,71231,68604,65844,62843,61484,58133,56423,55227,54858,55029,56208,58881,62991,68194,70021,70628,70807,69038,71333,72120,72391,72717,71751,71181,69593,67418,64913,62135,60779,57301,55285,54058,53373,53238,53726,54540,55056,56163,56559,57114,56792,55688,57645,59110,60217,61465,62127,63659,63130,62026,60237,58021,56369,53078,51154,49958,49161,49160,49738,50427,50413,50513,50551,51597,52245,53573,55321,55906,56671,58212,59570,61161,60610,59504,58049,56207,54440
277,56283,54477,53580,53017,53447,54844,57807,61746,66737,68882,69488,69012,67190,70271,72173,73712,75634,75698,75146,73376,70329,67171,63884,62217,58339,56565,55616,55042,55352,56603,59307,63208,68179,69696,69902,69365,67266,69995,71253,72263,73845,73199,72985,71417,68939,66236,63277,61649,58007,56371,55229,54839,55032,56369,59007,62646,67302,68857,69632,69990,68884,72034,73199,73403,73754,73058,72899,71231,68604,65844,62843,61484,58133,56423,55227,54858,55029,56208,58881,62991,68194,70021,70628,70807,69038,71333,72120,72391,72717,71751,71181,69593,67418,64913,62135,60779,57301,55285,54058,53373,53238,53726,54540,55056,56163,56559,57114,56792,55688,57645,59110,60217,61465,62127,63659,63130,62026,60237,58021,56369,53078,51154,49958,49161,49160,49738,50427,50413,50513,50551,51597,52245,53573,55321,55906,56671,58212,59570,61161,60610,59504,58049,56207,54440,51423,49686,48728,48263,48371,49568,51453,54649,59157,61256,62056,61923,60239,62441,63770,63953,64294,63821,64647,63912,62556,60694,58642,57115
278,58339,56565,55616,55042,55352,56603,59307,63208,68179,69696,69902,69365,67266,69995,71253,72263,73845,73199,72985,71417,68939,66236,63277,61649,58007,56371,55229,54839,55032,56369,59007,62646,67302,68857,69632,69990,68884,72034,73199,73403,73754,73058,72899,71231,68604,65844,62843,61484,58133,56423,55227,54858,55029,56208,58881,62991,68194,70021,70628,70807,69038,71333,72120,72391,72717,71751,71181,69593,67418,64913,62135,60779,57301,55285,54058,53373,53238,53726,54540,55056,56163,56559,57114,56792,55688,57645,59110,60217,61465,62127,63659,63130,62026,60237,58021,56369,53078,51154,49958,49161,49160,49738,50427,50413,50513,50551,51597,52245,53573,55321,55906,56671,58212,59570,61161,60610,59504,58049,56207,54440,51423,49686,48728,48263,48371,49568,51453,54649,59157,61256,62056,61923,60239,62441,63770,63953,64294,63821,64647,63912,62556,60694,58642,57115,54194,52566,51713,51439,51787,53393,56318,61186,67007,68988,68835,68285,65988,68499,69584,69781,70121,69621,70037,68497,66237,64024,61650,60509
279,58007,56371,55229,54839,55032,56369,59007,62646,67302,68857,69632,69990,68884,72034,73199,73403,73754,73058,72899,71231,68604,65844,62843,61484,58133,56423,55227,54858,55029,56208,58881,62991,68194,70021,70628,70807,69038,71333,72120,72391,72717,71751,71181,69593,67418,64913,62135,60779,57301,55285,54058,53373,53238,53726,54540,55056,56163,56559,57114,56792,55688,57645,59110,60217,61465,62127,63659,63130,62026,60237,58021,56369,53078,51154,49958,49161,49160,49738,50427,50413,50513,50551,51597,52245,53573,55321,55906,56671,58212,59570,61161,60610,59504,58049,56207,54440,51423,49686,48728,48263,48371,49568,51453,54649,59157,61256,62056,61923,60239,62441,63770,63953,64294,63821,64647,63912,62556,60694,58642,57115,54194,52566,51713,51439,51787,53393,56318,61186,67007,68988,68835,68285,65988,68499,69584,69781,70121,69621,70037,68497,66237,64024,61650,60509,57117,55237,54240,53873,54045,55356,58056,61512,65123,65442,64885,64454,62846,66125,68102,69425,70552,70381,70657,69239,67278,64811,62235,61049
280,58133,56423,55227,54858,55029,56208,58881,62991,68194,70021,70628,70807,69038,71333,72120,72391,72717,71751,71181,69593,67418,64913,62135,60779,57301,55285,54058,53373,53238,53726,54540,55056,56163,56559,57114,56792,55688,57645,59110,60217,61465,62127,63659,63130,62026,60237,58021,56369,53078,51154,49958,49161,49160,49738,50427,50413,50513,50551,51597,52245,53573,55321,55906,56671,58212,59570,61161,60610,59504,58049,56207,54440,51423,49686,48728,48263,48371,49568,51453,54649,59157,61256,62056,61923,60239,62441,63770,63953,64294,63821,64647,63912,62556,60694,58642,57115,54194,52566,51713,51439,51787,53393,56318,61186,67007,68988,68835,68285,65988,68499,69584,69781,70121,69621,70037,68497,66237,64024,61650,60509,57117,55237,54240,53873,54045,55356,58056,61512,65123,65442,64885,64454,62846,66125,68102,69425,70552,70381,70657,69239,67278,64811,62235,61049,57587,55786,54797,54364,54583,56028,58611,61650,65023,65423,65106,64242,61757,64550,66325,67811,70328,71080,71458,69781,67469,64912,62227,60966
281,57301,55285,54058,53373,53238,53726,54540,55056,56163,56559,57114,56792,55688,57645,59110,60217,61465,62127,63659,63130,62026,60237,58021,56369,53078,51154,49958,49161,49160,49738,50427,50413,50513,50551,51597,52245,53573,55321,55906,56671,58212,59570,61161,60610,59504,58049,56207,54440,51423,49686,48728,48263,48371,49568,51453,54649,59157,61256,62056,61923,60239,62441,63770,63953,64294,63821,64647,63912,62556,60694,58642,57115,54194,52566,51713,51439,51787,53393,56318,61186,67007,68988,68835,68285,65988,68499,69584,69781,70121,69621,70037,68497,66237,64024,61650,60509,57117,55237,54240,53873,54045,55356,58056,61512,65123,65442,64885,64454,62846,66125,68102,69425,70552,70381,70657,69239,67278,64811,62235,61049,57587,55786,54797,54364,54583,56028,58611,61650,65023,65423,65106,64242,61757,64550,66325,67811,70328,71080,71458,69781,67469,64912,62227,60966,57382,55560,54673,54132,54274,55662,58411,61852,65590,66838,67253,66724,64950,67663,69785,70482,70778,70008,69548,68112,66212,63864,61562,60618
282,53078,51154,49958,49161,49160,49738,50427,50413,50513,50551,51597,52245,53573,55321,55906,56671,58212,59570,61161,60610,59504,58049,56207,54440,51423,49686,48728,48263,48371,49568,51453,54649,59157,61256,62056,61923,60239,62441,63770,63953,64294,63821,64647,63912,62556,60694,58642,57115,54194,52566,51713,51439,51787,53393,56318,61186,67007,68988,68835,68285,65988,68499,69584,69781,70121,69621,70037,68497,66237,64024,61650,60509,57117,55237,54240,53873,54045,55356,58056,61512,65123,65442,64885,64454,62846,66125,68102,69425,70552,70381,70657,69239,67278,64811,62235,61049,57587,55786,54797,54364,54583,56028,58611,61650,65023,65423,65106,64242,61757,64550,66325,67811,70328,71080,71458,69781,67469,64912,62227,60966,57382,55560,54673,54132,54274,55662,58411,61852,65590,66838,67253,66724,64950,67663,69785,70482,70778,70008,69548,68112,66212,63864,61562,60618,57070,54804,53730,53142,53092,53832,54852,55901,57284,57350,57782,57291,55848,56844,57277,57304,57858,58471,60050,59574,58808,57709,56464,56295
283,51423,49686,48728,48263,48371,49568,51453,54649,59157,61256,62056,61923,60239,62441,63770,63953,64294,63821,64647,63912,62556,60694,58642,57115,54194,52566,51713,51439,51787,53393,56318,61186,67007,68988,68835,68285,65988,68499,69584,69781,70121,69621,70037,68497,66237,64024,61650,60509,57117,55237,54240,53873,54045,55356,58056,61512,65123,65442,64885,64454,62846,66125,68102,69425,70552,70381,70657,69239,67278,64811,62235,61049,57587,55786,54797,54364,54583,56028,58611,61650,65023,65423,65106,64242,61757,64550,66325,67811,70328,71080,71458,69781,67469,64912,62227,60966,57382,55560,54673,54132,54274,55662,58411,61852,65590,66838,67253,66724,64950,67663,69785,70482,70778,70008,69548,68112,66212,63864,61562,60618,57070,54804,53730,53142,53092,53832,54852,55901,57284,57350,57782,57291,55848,56844,57277,57304,57858,58471,60050,59574,58808,57709,56464,56295,53277,51217,50068,49497,49747,50576,51377,50597,47552,45086,45182,44045,43386,44060,45387,48114,52221,55979,58584,58640,58246,57410,56333,55190
284,54194,52566,51713,51439,51787,53393,56318,61186,67007,68988,68835,68285,65988,68499,69584,69781,70121,69621,70037,68497,66237,64024,61650,60509,57117,55237,54240,53873,54045,55356,58056,61512,65123,65442,64885,64454,62846,66125,68102,69425,70552,70381,70657,69239,67278,64811,62235,61049,57587,55786,54797,54364,54583,56028,58611,61650,65023,65423,65106,64242,61757,64550,66325,67811,70328,71080,71458,69781,67469,64912,62227,60966,57382,55560,54673,54132,54274,55662,58411,61852,65590,66838,67253,66724,64950,67663,69785,70482,70778,70008,69548,68112,66212,63864,61562,60618,57070,54804,53730,53142,53092,53832,54852,55901,57284,57350,57782,57291,55848,56844,57277,57304,57858,58471,60050,59574,58808,57709,56464,56295,53277,51217,50068,49497,49747,50576,51377,50597,47552,45086,45182,44045,43386,44060,45387,48114,52221,55979,58584,58640,58246,57410,56333,55190,52421,50475,49682,49361,50232,52224,55741,59553,62382,61976,61330,59508,56783,59522,61598,64373,67672,68824,69348,68029,66078,64134,62305,61514
285,57117,55237,54240,53873,54045,55356,58056,61512,65123,65442,64885,64454,62846,66125,68102,69425,70552,70381,70657,69239,67278,64811,62235,61049,57587,55786,54797,54364,54583,56028,58611,61650,65023,65423,65106,64242,61757,64550,66325,67811,70328,71080,71458,69781,67469,64912,62227,60966,57382,55560,54673,54132,54274,55662,58411,61852,65590,66838,67253,66724,64950,67663,69785,70482,70778,70008,69548,68112,66212,63864,61562,60618,57070,54804,53730,53142,53092,53832,54852,55901,57284,57350,57782,57291,55848,56844,57277,57304,57858,58471,60050,59574,58808,57709,56464,56295,53277,51217,50068,49497,49747,50576,51377,50597,47552,45086,45182,44045,43386,44060,45387,48114,52221,55979,58584,58640,58246,57410,56333,55190,52421,50475,49682,49361,50232,52224,55741,59553,62382,61976,61330,59508,56783,59522,61598,64373,67672,68824,69348,68029,66078,64134,62305,61514,57696,55752,54710,54217,54754,56399,59042,62775,66612,65856,63937,62758,60690,63420,64995,65919,67879,69252,69823,68669,66625,64470,62703,61903
286,57587,55786,54797,54364,54583,56028,58611,61650,65023,65423,65106,64242,61757,64550,66325,67811,70328,71080,71458,69781,67469,64912,62227,60966,57382,55560,54673,54132,54274,55662,58411,61852,65590,66838,67253,66724,64950,67663,69785,70482,70778,70008,69548,68112,66212,63864,61562,60618,57070,54804,53730,53142,53092,53832,54852,55901,57284,57350,57782,57291,55848,56844,57277,57304,57858,58471,60050,59574,58808,57709,56464,56295,53277,51217,50068,49497,49747,50576,51377,50597,47552,45086,45182,44045,43386,44060,45387,48114,52221,55979,58584,58640,58246,57410,56333,55190,52421,50475,49682,49361,50232,52224,55741,59553,62382,61976,61330,59508,56783,59522,61598,64373,67672,68824,69348,68029,66078,64134,62305,61514,57696,55752,54710,54217,54754,56399,59042,62775,66612,65856,63937,62758,60690,63420,64995,65919,67879,69252,69823,68669,66625,64470,62703,61903,58312,56277,55168,54828,55241,56853,59940,63414,66121,64815,63022,61095,58337,60910,62824,65087,67870,68911,69414,68306,66510,64584,62765,62051
287,57382,55560,54673,54132,54274,55662,58411,61852,65590,66838,67253,66724,64950,67663,69785,70482,70778,70008,69548,68112,66212,63864,61562,60618,57070,54804,53730,53142,53092,53832,54852,55901,57284,57350,57782,57291,55848,56844,57277,57304,57858,58471,60050,59574,58808,57709,56464,56295,53277,51217,50068,49497,49747,50576,51377,50597,47552,45086,45182,44045,43386,44060,45387,48114,52221,55979,58584,58640,58246,57410,56333,55190,52421,50475,49682,49361,50232,52224,55741,59553,62382,61976,61330,59508,56783,59522,61598,64373,67672,68824,69348,68029,66078,64134,62305,61514,57696,55752,54710,54217,54754,56399,59042,62775,66612,65856,63937,62758,60690,63420,64995,65919,67879,69252,69823,68669,66625,64470,62703,61903,58312,56277,55168,54828,55241,56853,59940,63414,66121,64815,63022,61095,58337,60910,62824,65087,67870,68911,69414,68306,66510,64584,62765,62051,58286,56254,55153,54819,55512,57093,59852,63450,66649,66038,64444,62551,59920,62296,63913,65339,68293,69458,70203,68752,66734,64816,63029,62282
288,57070,54804,53730,53142,53092,53832,54852,55901,57284,57350,57782,57291,55848,56844,57277,57304,57858,58471,60050,59574,58808,57709,56464,56295,53277,51217,50068,49497,49747,50576,51377,50597,47552,45086,45182,44045,43386,44060,45387,48114,52221,55979,58584,58640,58246,57410,56333,55190,52421,50475,49682,49361,50232,52224,55741,59553,62382,61976,61330,59508,56783,59522,61598,64373,67672,68824,69348,68029,66078,64134,62305,61514,57696,55752,54710,54217,54754,56399,59042,62775,66612,65856,63937,62758,60690,63420,64995,65919,67879,69252,69823,68669,66625,64470,62703,61903,58312,56277,55168,54828,55241,56853,59940,63414,66121,64815,63022,61095,58337,60910,62824,65087,67870,68911,69414,68306,66510,64584,62765,62051,58286,56254,55153,54819,55512,57093,59852,63450,66649,66038,64444,62551,59920,62296,63913,65339,68293,69458,70203,68752,66734,64816,63029,62282,58562,56515,55488,55101,55570,57234,59969,63086,65388,64294,62595,60463,57800,60798,62021,63732,66483,67651,67900,66419,64948,63448,61934,61382
289,53277,51217,50068,49497,49747,50576,51377,50597,47552,45086,45182,44045,43386,44060,45387,48114,52221,55979,58584,58640,58246,57410,56333,55190,52421,50475,49682,49361,50232,52224,55741,59553,62382,61976,61330,59508,56783,59522,61598,64373,67672,68824,69348,68029,66078,64134,62305,61514,57696,55752,54710,54217,54754,56399,59042,62775,66612,65856,63937,62758,60690,63420,64995,65919,67879,69252,69823,68669,66625,64470,62703,61903,58312,56277,55168,54828,55241,56853,59940,63414,66121,64815,63022,61095,58337,60910,62824,65087,67870,68911,69414,68306,66510,64584,62765,62051,58286,56254,55153,54819,55512,57093,59852,63450,66649,66038,64444,62551,59920,62296,63913,65339,68293,69458,70203,68752,66734,64816,63029,62282,58562,56515,55488,55101,55570,57234,59969,63086,65388,64294,62595,60463,57800,60798,62021,63732,66483,67651,67900,66419,64948,63448,61934,61382,57530,55321,54070,53576,53711,54660,55835,55992,54638,52342,51359,49592,47853,49143,50450,52592,55595,57570,59042,58616,58182,57275,56583,56489
290,52421,50475,49682,49361,50232,52224,55741,59553,62382,61976,61330,59508,56783,59522,61598,64373,67672,68824,69348,68029,66078,64134,62305,61514,57696,55752,54710,54217,54754,56399,59042,62775,66612,65856,63937,62758,60690,63420,64995,65919,67879,69252,69823,68669,66625,64470,62703,61903,58312,56277,55168,54828,55241,56853,59940,63414,66121,64815,63022,61095,58337,60910,62824,65087,67870,68911,69414,68306,66510,64584,62765,62051,58286,56254,55153,54819,55512,57093,59852,63450,66649,66038,64444,62551,59920,62296,63913,65339,68293,69458,70203,68752,66734,64816,63029,62282,58562,56515,55488,55101,55570,57234,59969,63086,65388,64294,62595,60463,57800,60798,62021,63732,66483,67651,67900,66419,64948,63448,61934,61382,57530,55321,54070,53576,53711,54660,55835,55992,54638,52342,51359,49592,47853,49143,50450,52592,55595,57570,59042,58616,58182,57275,56583,56489,53278,51003,49844,49335,49586,50438,51222,50805,48946,46627,46071,44787,44210,45160,46732,49364,52764,55630,57699,57508,57099,56535,55768,54869
291,57696,55752,54710,54217,54754,56399,59042,62775,66612,65856,63937,62758,60690,63420,64995,65919,67879,69252,69823,68669,66625,64470,62703,61903,58312,56277,55168,54828,55241,56853,59940,63414,66121,64815,63022,61095,58337,60910,62824,65087,67870,68911,69414,68306,66510,64584,62765,62051,58286,56254,55153,54819,55512,57093,59852,63450,66649,66038,64444,62551,59920,62296,63913,65339,68293,69458,70203,68752,66734,64816,63029,62282,58562,56515,55488,55101,55570,57234,59969,63086,65388,64294,62595,60463,57800,60798,62021,63732,66483,67651,67900,66419,64948,63448,61934,61382,57530,55321,54070,53576,53711,54660,55835,55992,54638,52342,51359,49592,47853,49143,50450,52592,55595,57570,59042,58616,58182,57275,56583,56489,53278,51003,49844,49335,49586,50438,51222,50805,48946,46627,46071,44787,44210,45160,46732,49364,52764,55630,57699,57508,57099,56535,55768,54869,51849,49844,48821,48750,49489,51696,55537,60054,63809,62872,61520,59576,56708,59554,61362,63805,67204,68825,69114,67501,65453,63802,62195,61793
292,58312,56277,55168,54828,55241,56853,59940,63414,66121,64815,63022,61095,58337,60910,62824,65087,67870,68911,69414,68306,66510,64584,62765,62051,58286,56254,55153,54819,55512,57093,59852,63450,66649,66038,64444,62551,59920,62296,63913,65339,68293,69458,70203,68752,66734,64816,63029,62282,58562,56515,55488,55101,55570,57234,59969,63086,65388,64294,62595,60463,57800,60798,62021,63732,66483,67651,67900,66419,64948,63448,61934,61382,57530,55321,54070,53576,53711,54660,55835,55992,54638,52342,51359,49592,47853,49143,50450,52592,55595,57570,59042,58616,58182,57275,56583,56489,53278,51003,49844,49335,49586,50438,51222,50805,48946,46627,46071,44787,44210,45160,46732,49364,52764,55630,57699,57508,57099,56535,55768,54869,51849,49844,48821,48750,49489,51696,55537,60054,63809,62872,61520,59576,56708,59554,61362,63805,67204,68825,69114,67501,65453,63802,62195,61793,58017,56045,54807,54502,55024,56749,59765,63132,65826,64733,63231,61230,58074,60789,62633,64791,67929,69256,69601,68163,66103,64365,62524,61757
293,58286,56254,55153,54819,55512,57093,59852,63450,66649,66038,64444,62551,59920,62296,63913,65339,68293,69458,70203,68752,66734,64816,63029,62282,58562,56515,55488,55101,55570,57234,59969,63086,65388,64294,62595,60463,57800,60798,62021,63732,66483,67651,67900,66419,64948,63448,61934,61382,57530,55321,54070,53576,53711,54660,55835,55992,54638,52342,51359,49592,47853,49143,50450,52592,55595,57570,59042,58616,58182,57275,56583,56489,53278,51003,49844,49335,49586,50438,51222,50805,48946,46627,46071,44787,44210,45160,46732,49364,52764,55630,57699,57508,57099,56535,55768,54869,51849,49844,48821,48750,49489,51696,55537,60054,63809,62872,61520,59576,56708,59554,61362,63805,67204,68825,69114,67501,65453,63802,62195,61793,58017,56045,54807,54502,55024,56749,59765,63132,65826,64733,63231,61230,58074,60789,62633,64791,67929,69256,69601,68163,66103,64365,62524,61757,58026,55949,54982,54521,55184,56846,59700,63259,66450,65814,63850,61511,58205,60675,62534,64536,67757,68937,68916,67465,65718,64218,62731,61992
294,58562,56515,55488,55101,55570,57234,59969,63086,65388,64294,62595,60463,57800,60798,62021,63732,66483,67651,67900,66419,64948,63448,61934,61382,57530,55321,54070,53576,53711,54660,55835,55992,54638,52342,51359,49592,47853,49143,50450,52592,55595,57570,59042,58616,58182,57275,56583,56489,53278,51003,49844,49335,49586,50438,51222,50805,48946,46627,46071,44787,44210,45160,46732,49364,52764,55630,57699,57508,57099,56535,55768,54869,51849,49844,48821,48750,49489,51696,55537,60054,63809,62872,61520,59576,56708,59554,61362,63805,67204,68825,69114,67501,65453,63802,62195,61793,58017,56045,54807,54502,55024,56749,59765,63132,65826,64733,63231,61230,58074,60789,62633,64791,67929,69256,69601,68163,66103,64365,62524,61757,58026,55949,54982,54521,55184,56846,59700,63259,66450,65814,63850,61511,58205,60675,62534,64536,67757,68937,68916,67465,65718,64218,62731,61992,58138,56277,55341,55035,55571,57322,60456,63617,65330,63898,62403,60113,57088,59845,61873,64362,67857,69149,69488,68068,66031,64296,62680,61825
295,57530,55321,54070,53576,53711,54660,55835,55992,54638,52342,51359,49592,47853,49143,50450,52592,55595,57570,59042,58616,58182,57275,56583,56489,53278,51003,49844,49335,49586,50438,51222,50805,48946,46627,46071,44787,44210,45160,46732,49364,52764,55630,57699,57508,57099,56535,55768,54869,51849,49844,48821,48750,49489,51696,55537,60054,63809,62872,61520,59576,56708,59554,61362,63805,67204,68825,69114,67501,65453,63802,62195,61793,58017,56045,54807,54502,55024,56749,59765,63132,65826,64733,63231,61230,58074,60789,62633,64791,67929,69256,69601,68163,66103,64365,62524,61757,58026,55949,54982,54521,55184,56846,59700,63259,66450,65814,63850,61511,58205,60675,62534,64536,67757,68937,68916,67465,65718,64218,62731,61992,58138,56277,55341,55035,55571,57322,60456,63617,65330,63898,62403,60113,57088,59845,61873,64362,67857,69149,69488,68068,66031,64296,62680,61825,57968,55981,54885,54616,55093,56692,59586,62877,64312,63286,62570,61035,58544,60882,62048,63880,66644,67682,67473,66043,64449,63069,61582,61076
296,53278,51003,49844,49335,49586,50438,51222,50805,48946,46627,46071,44787,44210,45160,46732,49364,52764,55630,57699,57508,57099,56535,55768,54869,51849,49844,48821,48750,49489,51696,55537,60054,63809,62872,61520,59576,56708,59554,61362,63805,67204,68825,69114,67501,65453,63802,62195,61793,58017,56045,54807,54502,55024,56749,59765,63132,65826,64733,63231,61230,58074,60789,62633,64791,67929,69256,69601,68163,66103,64365,62524,61757,58026,55949,54982,54521,55184,56846,59700,63259,66450,65814,63850,61511,58205,60675,62534,64536,67757,68937,68916,67465,65718,64218,62731,61992,58138,56277,55341,55035,55571,57322,60456,63617,65330,63898,62403,60113,57088,59845,61873,64362,67857,69149,69488,68068,66031,64296,62680,61825,57968,55981,54885,54616,55093,56692,59586,62877,64312,63286,62570,61035,58544,60882,62048,63880,66644,67682,67473,66043,64449,63069,61582,61076,57353,55211,53999,53494,53640,54670,55963,56688,57440,56815,56432,55804,54526,55898,56065,56071,56733,58290,59770,59472,58715,57864,57145,56918
297,51849,49844,48821,48750,49489,51696,55537,60054,63809,62872,61520,59576,56708,59554,61362,63805,67204,68825,69114,67501,65453,63802,62195,61793,58017,56045,54807,54502,55024,56749,59765,63132,65826,64733,63231,61230,58074,60789,62633,64791,67929,69256,69601,68163,66103,64365,62524,61757,58026,55949,54982,54521,55184,56846,59700,63259,66450,65814,63850,61511,58205,60675,62534,64536,67757,68937,68916,67465,65718,64218,62731,61992,58138,56277,55341,55035,55571,57322,60456,63617,65330,63898,62403,60113,57088,59845,61873,64362,67857,69149,69488,68068,66031,64296,62680,61825,57968,55981,54885,54616,55093,56692,59586,62877,64312,63286,62570,61035,58544,60882,62048,63880,66644,67682,67473,66043,64449,63069,61582,61076,57353,55211,53999,53494,53640,54670,55963,56688,57440,56815,56432,55804,54526,55898,56065,56071,56733,58290,59770,59472,58715,57864,57145,56918,53692,51498,50274,49699,50038,50829,51884,51576,49732,47807,47229,45969,45641,46801,48261,50518,53760,56441,58161,58039,57652,57062,56109,55157
298,58017,56045,54807,54502,55024,56749,59765,63132,65826,64733,63231,61230,58074,60789,62633,64791,67929,69256,69601,68163,66103,64365,62524,61757,58026,55949,54982,54521,55184,56846,59700,63259,66450,65814,63850,61511,58205,60675,62534,64536,67757,68937,68916,67465,65718,64218,62731,61992,58138,56277,55341,55035,55571,57322,60456,63617,65330,63898,62403,60113,57088,59845,61873,64362,67857,69149,69488,68068,66031,64296,62680,61825,57968,55981,54885,54616,55093,56692,59586,62877,64312,63286,62570,61035,58544,60882,62048,63880,66644,67682,67473,66043,64449,63069,61582,61076,57353,55211,53999,53494,53640,54670,55963,56688,57440,56815,56432,55804,54526,55898,56065,56071,56733,58290,59770,59472,58715,57864,57145,56918,53692,51498,50274,49699,50038,50829,51884,51576,49732,47807,47229,45969,45641,46801,48261,50518,53760,56441,58161,58039,57652,57062,56109,55157,52098,50090,49207,49020,49717,51901,55682,60508,65137,64737,63729,62302,59635,62888,64998,66714,69259,68814,68762,67374,65834,64297,62398,61915
299,58026,55949,54982,54521,55184,56846,59700,63259,66450,65814,63850,61511,58205,60675,62534,64536,67757,68937,68916,67465,65718,64218,62731,61992,58138,56277,55341,55035,55571,57322,60456,63617,65330,63898,62403,60113,57088,59845,61873,64362,67857,69149,69488,68068,66031,64296,62680,61825,57968,55981,54885,54616,55093,56692,59586,62877,64312,63286,62570,61035,58544,60882,62048,63880,66644,67682,67473,66043,64449,63069,61582,61076,57353,55211,53999,53494,53640,54670,55963,56688,57440,56815,56432,55804,54526,55898,56065,56071,56733,58290,59770,59472,58715,57864,57145,56918,53692,51498,50274,49699,50038,50829,51884,51576,49732,47807,47229,45969,45641,46801,48261,50518,53760,56441,58161,58039,57652,57062,56109,55157,52098,50090,49207,49020,49717,51901,55682,60508,65137,64737,63729,62302,59635,62888,64998,66714,69259,68814,68762,67374,65834,64297,62398,61915,58129,56088,55150,54804,55390,57160,60153,63816,66518,65463,64213,62397,59529,62879,65125,67281,69463,69329,69554,68062,66473,64568,62628,62228
300,58138,56277,55341,55035,55571,57322,60456,63617,65330,63898,62403,60113,57088,59845,61873,64362,67857,69149,69488,68068,66031,64296,62680,61825,57968,55981,54885,54616,55093,56692,59586,62877,64312,63286,62570,61035,58544,60882,62048,63880,66644,67682,67473,66043,64449,63069,61582,61076,57353,55211,53999,53494,53640,54670,55963,56688,57440,56815,56432,55804,54526,55898,56065,56071,56733,58290,59770,59472,58715,57864,57145,56918,53692,51498,50274,49699,50038,50829,51884,51576,49732,47807,47229,45969,45641,46801,48261,50518,53760,56441,58161,58039,57652,57062,56109,55157,52098,50090,49207,49020,49717,51901,55682,60508,65137,64737,63729,62302,59635,62888,64998,66714,69259,68814,68762,67374,65834,64297,62398,61915,58129,56088,55150,54804,55390,57160,60153,63816,66518,65463,64213,62397,59529,62879,65125,67281,69463,69329,69554,68062,66473,64568,62628,62228,58511,56529,55350,55024,55580,57160,60120,63958,66823,65338,63738,61812,58867,62407,64443,67048,69599,69039,68823,67395,66154,64428,62681,62505
301,57968,55981,54885,54616,55093,56692,59586,62877,64312,63286,62570,61035,58544,60882,62048,63880,66644,67682,67473,66043,64449,63069,61582,61076,57353,55211,53999,53494,53640,54670,55963,56688,57440,56815,56432,55804,54526,55898,56065,56071,56733,58290,59770,59472,58715,57864,57145,56918,53692,51498,50274,49699,50038,50829,51884,51576,49732,47807,47229,45969,45641,46801,48261,50518,53760,56441,58161,58039,57652,57062,56109,55157,52098,50090,49207,49020,49717,51901,55682,60508,65137,64737,63729,62302,59635,62888,64998,66714,69259,68814,68762,67374,65834,64297,62398,61915,58129,56088,55150,54804,55390,57160,60153,63816,66518,65463,64213,62397,59529,62879,65125,67281,69463,69329,69554,68062,66473,64568,62628,62228,58511,56529,55350,55024,55580,57160,60120,63958,66823,65338,63738,61812,58867,62407,64443,67048,69599,69039,68823,67395,66154,64428,62681,62505,58794,56678,55699,55291,55717,57493,60572,64283,67170,65581,64195,62193,59538,63321,65740,67663,70149,69859,69745,68274,66622,64915,63216,62796
302,57353,55211,53999,53494,53640,54670,55963,56688,57440,56815,56432,55804,54526,55898,56065,56071,56733,58290,59770,59472,58715,57864,57145,56918,53692,51498,50274,49699,50038,50829,51884,51576,49732,47807,47229,45969,45641,46801,48261,50518,53760,56441,58161,58039,57652,57062,56109,55157,52098,50090,49207,49020,49717,51901,55682,60508,65137,64737,63729,62302,59635,62888,64998,66714,69259,68814,68762,67374,65834,64297,62398,61915,58129,56088,55150,54804,55390,57160,60153,63816,66518,65463,64213,62397,59529,62879,65125,67281,69463,69329,69554,68062,66473,64568,62628,62228,58511,56529,55350,55024,55580,57160,60120,63958,66823,65338,63738,61812,58867,62407,64443,67048,69599,69039,68823,67395,66154,64428,62681,62505,58794,56678,55699,55291,55717,57493,60572,64283,67170,65581,64195,62193,59538,63321,65740,67663,70149,69859,69745,68274,66622,64915,63216,62796,59005,56764,55760,55418,55940,57614,60575,64179,67542,66282,64751,62721,59936,63479,65797,67411,68742,68091,67691,66420,65200,63552,62159,62176
303,53692,51498,50274,49699,50038,50829,51884,51576,49732,47807,47229,45969,45641,46801,48261,50518,53760,56441,58161,58039,57652,57062,56109,55157,52098,50090,49207,49020,49717,51901,55682,60508,65137,64737,63729,62302,59635,62888,64998,66714,69259,68814,68762,67374,65834,64297,62398,61915,58129,56088,55150,54804,55390,57160,60153,63816,66518,65463,64213,62397,59529,62879,65125,67281,69463,69329,69554,68062,66473,64568,62628,62228,58511,56529,55350,55024,55580,57160,60120,63958,66823,65338,63738,61812,58867,62407,64443,67048,69599,69039,68823,67395,66154,64428,62681,62505,58794,56678,55699,55291,55717,57493,60572,64283,67170,65581,64195,62193,59538,63321,65740,67663,70149,69859,69745,68274,66622,64915,63216,62796,59005,56764,55760,55418,55940,57614,60575,64179,67542,66282,64751,62721,59936,63479,65797,67411,68742,68091,67691,66420,65200,63552,62159,62176,58423,56190,54948,54440,54675,55590,56962,57345,56465,54147,53147,51611,50068,51495,52910,54664,57069,58507,59455,59053,58715,58106,57425,57399
304,52098,50090,49207,49020,49717,51901,55682,60508,65137,64737,63729,62302,59635,62888,64998,66714,69259,68814,68762,67374,65834,64297,62398,61915,58129,56088,55150,54804,55390,57160,60153,63816,66518,65463,64213,62397,59529,62879,65125,67281,69463,69329,69554,68062,66473,64568,62628,62228,58511,56529,55350,55024,55580,57160,60120,63958,66823,65338,63738,61812,58867,62407,64443,67048,69599,69039,68823,67395,66154,64428,62681,62505,58794,56678,55699,55291,55717,57493,60572,64283,67170,65581,64195,62193,59538,63321,65740,67663,70149,69859,69745,68274,66622,64915,63216,62796,59005,56764,55760,55418,55940,57614,60575,64179,67542,66282,64751,62721,59936,63479,65797,67411,68742,68091,67691,66420,65200,63552,62159,62176,58423,56190,54948,54440,54675,55590,56962,57345,56465,54147,53147,51611,50068,51495,52910,54664,57069,58507,59455,59053,58715,58106,57425,57399,54097,51842,50488,50175,50436,51316,52250,51933,49792,47613,47509,46301,46092,47173,49259,51897,54296,56862,58370,58102,57690,57150,56511,55490
305,58129,56088,55150,54804,55390,57160,60153,63816,66518,65463,64213,62397,59529,62879,65125,67281,69463,69329,69554,68062,66473,64568,62628,62228,58511,56529,55350,55024,55580,57160,60120,63958,66823,65338,63738,61812,58867,62407,64443,67048,69599,69039,68823,67395,66154,64428,62681,62505,58794,56678,55699,55291,55717,57493,60572,64283,67170,65581,64195,62193,59538,63321,65740,67663,70149,69859,69745,68274,66622,64915,63216,62796,59005,56764,55760,55418,55940,57614,60575,64179,67542,66282,64751,62721,59936,63479,65797,67411,68742,68091,67691,66420,65200,63552,62159,62176,58423,56190,54948,54440,54675,55590,56962,57345,56465,54147,53147,51611,50068,51495,52910,54664,57069,58507,59455,59053,58715,58106,57425,57399,54097,51842,50488,50175,50436,51316,52250,51933,49792,47613,47509,46301,46092,47173,49259,51897,54296,56862,58370,58102,57690,57150,56511,55490,52438,50604,49671,49532,50233,52270,55927,61342,68571,71772,72602,71927,68328,70099,70355,70491,71411,70505,70477,69035,67267,65198,63306,63378
306,58511,56529,55350,55024,55580,57160,60120,63958,66823,65338,63738,61812,58867,62407,64443,67048,69599,69039,68823,67395,66154,64428,62681,62505,58794,56678,55699,55291,55717,57493,60572,64283,67170,65581,64195,62193,59538,63321,65740,67663,70149,69859,69745,68274,66622,64915,63216,62796,59005,56764,55760,55418,55940,57614,60575,64179,67542,66282,64751,62721,59936,63479,65797,67411,68742,68091,67691,66420,65200,63552,62159,62176,58423,56190,54948,54440,54675,55590,56962,57345,56465,54147,53147,51611,50068,51495,52910,54664,57069,58507,59455,59053,58715,58106,57425,57399,54097,51842,50488,50175,50436,51316,52250,51933,49792,47613,47509,46301,46092,47173,49259,51897,54296,56862,58370,58102,57690,57150,56511,55490,52438,50604,49671,49532,50233,52270,55927,61342,68571,71772,72602,71927,68328,70099,70355,70491,71411,70505,70477,69035,67267,65198,63306,63378,59698,57462,56345,56071,56582,58349,61491,65980,71233,71902,71489,70678,68273,71208,71363,71686,72800,71983,71701,70008,68247,66063,64150,64699
307,58794,56678,55699,55291,55717,57493,60572,64283,67170,65581,64195,62193,59538,63321,65740,67663,70149,69859,69745,68274,66622,64915,63216,62796,59005,56764,55760,55418,55940,57614,60575,64179,67542,66282,64751,62721,59936,63479,65797,67411,68742,68091,67691,66420,65200,63552,62159,62176,58423,56190,54948,54440,54675,55590,56962,57345,56465,54147,53147,51611,50068,51495,52910,54664,57069,58507,59455,59053,58715,58106,57425,57399,54097,51842,50488,50175,50436,51316,52250,51933,49792,47613,47509,46301,46092,47173,49259,51897,54296,56862,58370,58102,57690,57150,56511,55490,52438,50604,49671,49532,50233,52270,55927,61342,68571,71772,72602,71927,68328,70099,70355,70491,71411,70505,70477,69035,67267,65198,63306,63378,59698,57462,56345,56071,56582,58349,61491,65980,71233,71902,71489,70678,68273,71208,71363,71686,72800,71983,71701,70008,68247,66063,64150,64699,60921,58808,57572,57069,57661,59407,62487,66958,72480,73197,72896,71892,69679,72714,72348,72320,73477,71941,71355,69855,68461,66471,64829,65161
308,59005,56764,55760,55418,55940,57614,60575,64179,67542,66282,64751,62721,59936,63479,65797,67411,68742,68091,67691,66420,65200,63552,62159,62176,58423,56190,54948,54440,54675,55590,56962,57345,56465,54147,53147,51611,50068,51495,52910,54664,57069,58507,59455,59053,58715,58106,57425,57399,54097,51842,50488,50175,50436,51316,52250,51933,49792,47613,47509,46301,46092,47173,49259,51897,54296,56862,58370,58102,57690,57150,56511,55490,52438,50604,49671,49532,50233,52270,55927,61342,68571,71772,72602,71927,68328,70099,70355,70491,71411,70505,70477,69035,67267,65198,63306,63378,59698,57462,56345,56071,56582,58349,61491,65980,71233,71902,71489,70678,68273,71208,71363,71686,72800,71983,71701,70008,68247,66063,64150,64699,60921,58808,57572,57069,57661,59407,62487,66958,72480,73197,72896,71892,69679,72714,72348,72320,73477,71941,71355,69855,68461,66471,64829,65161,61509,59282,58102,57751,58257,60062,63237,67445,70858,70382,70561,70552,68299,71936,72760,73497,74708,73880,72982,71230,69470,67506,65672,65757
309,58423,56190,54948,54440,54675,55590,56962,57345,56465,54147,53147,51611,50068,51495,52910,54664,57069,58507,59455,59053,58715,58106,57425,57399,54097,51842,50488,50175,50436,51316,52250,51933,49792,47613,47509,46301,46092,47173,49259,51897,54296,56862,58370,58102,57690,57150,56511,55490,52438,50604,49671,49532,50233,52270,55927,61342,68571,71772,72602,71927,68328,70099,70355,70491,71411,70505,70477,69035,67267,65198,63306,63378,59698,57462,56345,56071,56582,58349,61491,65980,71233,71902,71489,70678,68273,71208,71363,71686,72800,71983,71701,70008,68247,66063,64150,64699,60921,58808,57572,57069,57661,59407,62487,66958,72480,73197,72896,71892,69679,72714,72348,72320,73477,71941,71355,69855,68461,66471,64829,65161,61509,59282,58102,57751,58257,60062,63237,67445,70858,70382,70561,70552,68299,71936,72760,73497,74708,73880,72982,71230,69470,67506,65672,65757,62071,59899,58712,58282,58627,60272,63571,67666,71221,70185,69978,69413,67385,70420,71705,72491,73855,72681,71316,69704,68318,66549,65156,65554
310,54097,51842,50488,50175,50436,51316,52250,51933,49792,47613,47509,46301,46092,47173,49259,51897,54296,56862,58370,58102,57690,57150,56511,55490,52438,50604,49671,49532,50233,52270,55927,61342,68571,71772,72602,71927,68328,70099,70355,70491,71411,70505,70477,69035,67267,65198,63306,63378,59698,57462,56345,56071,56582,58349,61491,65980,71233,71902,71489,70678,68273,71208,71363,71686,72800,71983,71701,70008,68247,66063,64150,64699,60921,58808,57572,57069,57661,59407,62487,66958,72480,73197,72896,71892,69679,72714,72348,72320,73477,71941,71355,69855,68461,66471,64829,65161,61509,59282,58102,57751,58257,60062,63237,67445,70858,70382,70561,70552,68299,71936,72760,73497,74708,73880,72982,71230,69470,67506,65672,65757,62071,59899,58712,58282,58627,60272,63571,67666,71221,70185,69978,69413,67385,70420,71705,72491,73855,72681,71316,69704,68318,66549,65156,65554,61840,59353,57848,57297,57455,58438,59674,60344,59740,57203,56133,54250,52823,54312,55544,57007,59237,60781,61462,61066,60726,59831,59335,59577
311,52438,50604,49671,49532,50233,52270,55927,61342,68571,71772,72602,71927,68328,70099,70355,70491,71411,70505,70477,69035,67267,65198,63306,63378,59698,57462,56345,56071,56582,58349,61491,65980,71233,71902,71489,70678,68273,71208,71363,71686,72800,71983,71701,70008,68247,66063,64150,64699,60921,58808,57572,57069,57661,59407,62487,66958,72480,73197,72896,71892,69679,72714,72348,72320,73477,71941,71355,69855,68461,66471,64829,65161,61509,59282,58102,57751,58257,60062,63237,67445,70858,70382,70561,70552,68299,71936,72760,73497,74708,73880,72982,71230,69470,67506,65672,65757,62071,59899,58712,58282,58627,60272,63571,67666,71221,70185,69978,69413,67385,70420,71705,72491,73855,72681,71316,69704,68318,66549,65156,65554,61840,59353,57848,57297,57455,58438,59674,60344,59740,57203,56133,54250,52823,54312,55544,57007,59237,60781,61462,61066,60726,59831,59335,59577,56246,53822,52599,52138,52358,53277,54245,54098,52579,50407,49839,48733,48388,49326,50681,52904,55713,58572,59863,59729,59547,58804,58161,57537
312,59698,57462,56345,56071,56582,58349,61491,65980,71233,71902,71489,70678,68273,71208,71363,71686,72800,71983,71701,70008,68247,66063,64150,64699,60921,58808,57572,57069,57661,59407,62487,66958,72480,73197,72896,71892,69679,72714,72348,72320,73477,71941,71355,69855,68461,66471,64829,65161,61509,59282,58102,57751,58257,60062,63237,67445,70858,70382,70561,70552,68299,71936,72760,73497,74708,73880,72982,71230,69470,67506,65672,65757,62071,59899,58712,58282,58627,60272,63571,67666,71221,70185,69978,69413,67385,70420,71705,72491,73855,72681,71316,69704,68318,66549,65156,65554,61840,59353,57848,57297,57455,58438,59674,60344,59740,57203,56133,54250,52823,54312,55544,57007,59237,60781,61462,61066,60726,59831,59335,59577,56246,53822,52599,52138,52358,53277,54245,54098,52579,50407,49839,48733,48388,49326,50681,52904,55713,58572,59863,59729,59547,58804,58161,57537,54583,52427,51390,51224,52195,54451,58418,63844,69495,68811,66905,64315,61914,65854,68024,69389,71603,71539,71004,69303,67957,66222,64449,64338
313,60921,58808,57572,57069,57661,59407,62487,66958,72480,73197,72896,71892,69679,72714,72348,72320,73477,71941,71355,69855,68461,66471,64829,65161,61509,59282,58102,57751,58257,60062,63237,67445,70858,70382,70561,70552,68299,71936,72760,73497,74708,73880,72982,71230,69470,67506,65672,65757,62071,59899,58712,58282,58627,60272,63571,67666,71221,70185,69978,69413,67385,70420,71705,72491,73855,72681,71316,69704,68318,66549,65156,65554,61840,59353,57848,57297,57455,58438,59674,60344,59740,57203,56133,54250,52823,54312,55544,57007,59237,60781,61462,61066,60726,59831,59335,59577,56246,53822,52599,52138,52358,53277,54245,54098,52579,50407,49839,48733,48388,49326,50681,52904,55713,58572,59863,59729,59547,58804,58161,57537,54583,52427,51390,51224,52195,54451,58418,63844,69495,68811,66905,64315,61914,65854,68024,69389,71603,71539,71004,69303,67957,66222,64449,64338,60190,58195,57163,56947,57819,59684,63017,67538,71880,70474,68120,65478,62124,65352,67365,69354,72200,72310,71759,70305,68742,66929,65153,65459
314,61509,59282,58102,57751,58257,60062,63237,67445,70858,70382,70561,70552,68299,71936,72760,73497,74708,73880,72982,71230,69470,67506,65672,65757,62071,59899,58712,58282,58627,60272,63571,67666,71221,70185,69978,69413,67385,70420,71705,72491,73855,72681,71316,69704,68318,66549,65156,65554,61840,59353,57848,57297,57455,58438,59674,60344,59740,57203,56133,54250,52823,54312,55544,57007,59237,60781,61462,61066,60726,59831,59335,59577,56246,53822,52599,52138,52358,53277,54245,54098,52579,50407,49839,48733,48388,49326,50681,52904,55713,58572,59863,59729,59547,58804,58161,57537,54583,52427,51390,51224,52195,54451,58418,63844,69495,68811,66905,64315,61914,65854,68024,69389,71603,71539,71004,69303,67957,66222,64449,64338,60190,58195,57163,56947,57819,59684,63017,67538,71880,70474,68120,65478,62124,65352,67365,69354,72200,72310,71759,70305,68742,66929,65153,65459,61688,59566,58387,57986,58684,60430,63941,68058,71862,69829,67783,65206,61660,65117,67408,69885,73028,72394,71347,69860,68539,66826,65017,65192
315,62071,59899,58712,58282,58627,60272,63571,67666,71221,70185,69978,69413,67385,70420,71705,72491,73855,72681,71316,69704,68318,66549,65156,65554,61840,59353,57848,57297,57455,58438,59674,60344,59740,57203,56133,54250,52823,54312,55544,57007,59237,60781,61462,61066,60726,59831,59335,59577,56246,53822,52599,52138,52358,53277,54245,54098,52579,50407,49839,48733,48388,49326,50681,52904,55713,58572,59863,59729,59547,58804,58161,57537,54583,52427,51390,51224,52195,54451,58418,63844,69495,68811,66905,64315,61914,65854,68024,69389,71603,71539,71004,69303,67957,66222,64449,64338,60190,58195,57163,56947,57819,59684,63017,67538,71880,70474,68120,65478,62124,65352,67365,69354,72200,72310,71759,70305,68742,66929,65153,65459,61688,59566,58387,57986,58684,60430,63941,68058,71862,69829,67783,65206,61660,65117,67408,69885,73028,72394,71347,69860,68539,66826,65017,65192,61200,59121,58000,57568,58247,60035,63386,66942,71050,70238,68797,66494,63657,66831,68714,70250,72485,72225,71289,69724,68209,66345,64833,64807
316,61840,59353,57848,57297,57455,58438,59674,60344,59740,57203,56133,54250,52823,54312,55544,57007,59237,60781,61462,61066,60726,59831,59335,59577,56246,53822,52599,52138,52358,53277,54245,54098,52579,50407,49839,48733,48388,49326,50681,52904,55713,58572,59863,59729,59547,58804,58161,57537,54583,52427,51390,51224,52195,54451,58418,63844,69495,68811,66905,64315,61914,65854,68024,69389,71603,71539,71004,69303,67957,66222,64449,64338,60190,58195,57163,56947,57819,59684,63017,67538,71880,70474,68120,65478,62124,65352,67365,69354,72200,72310,71759,70305,68742,66929,65153,65459,61688,59566,58387,57986,58684,60430,63941,68058,71862,69829,67783,65206,61660,65117,67408,69885,73028,72394,71347,69860,68539,66826,65017,65192,61200,59121,58000,57568,58247,60035,63386,66942,71050,70238,68797,66494,63657,66831,68714,70250,72485,72225,71289,69724,68209,66345,64833,64807,61053,58639,57531,57052,57671,59456,62438,66492,70926,70059,68341,66134,63141,65942,67516,68711,70830,70412,69340,67859,66892,65494,64085,64274
317,56246,53822,52599,52138,52358,53277,54245,54098,52579,50407,49839,48733,48388,49326,50681,52904,55713,58572,59863,59729,59547,58804,58161,57537,54583,52427,51390,51224,52195,54451,58418,63844,69495,68811,66905,64315,61914,65854,68024,69389,71603,71539,71004,69303,67957,66222,64449,64338,60190,58195,57163,56947,57819,59684,63017,67538,71880,70474,68120,65478,62124,65352,67365,69354,72200,72310,71759,70305,68742,66929,65153,65459,61688,59566,58387,57986,58684,60430,63941,68058,71862,69829,67783,65206,61660,65117,67408,69885,73028,72394,71347,69860,68539,66826,65017,65192,61200,59121,58000,57568,58247,60035,63386,66942,71050,70238,68797,66494,63657,66831,68714,70250,72485,72225,71289,69724,68209,66345,64833,64807,61053,58639,57531,57052,57671,59456,62438,66492,70926,70059,68341,66134,63141,65942,67516,68711,70830,70412,69340,67859,66892,65494,64085,64274,60393,58010,56735,56053,56290,57322,58766,59449,60548,59636,58767,56797,53527,54403,55503,57090,59225,60672,61390,61041,60697,59992,59407,59696
318,54583,52427,51390,51224,52195,54451,58418,63844,69495,68811,66905,64315,61914,65854,68024,69389,71603,71539,71004,69303,67957,66222,64449,64338,60190,58195,57163,56947,57819,59684,63017,67538,71880,70474,68120,65478,62124,65352,67365,69354,72200,72310,71759,70305,68742,66929,65153,65459,61688,59566,58387,57986,58684,60430,63941,68058,71862,69829,67783,65206,61660,65117,67408,69885,73028,72394,71347,69860,68539,66826,65017,65192,61200,59121,58000,57568,58247,60035,63386,66942,71050,70238,68797,66494,63657,66831,68714,70250,72485,72225,71289,69724,68209,66345,64833,64807,61053,58639,57531,57052,57671,59456,62438,66492,70926,70059,68341,66134,63141,65942,67516,68711,70830,70412,69340,67859,66892,65494,64085,64274,60393,58010,56735,56053,56290,57322,58766,59449,60548,59636,58767,56797,53527,54403,55503,57090,59225,60672,61390,61041,60697,59992,59407,59696,56448,53889,52574,51947,52202,53236,54370,54290,54340,53833,53834,54002,53499,54283,55089,55740,57040,59107,60516,60078,59423,58573,58266,57764
319,60190,58195,57163,56947,57819,59684,63017,67538,71880,70474,68120,65478,62124,65352,67365,69354,72200,72310,71759,70305,68742,66929,65153,65459,61688,59566,58387,57986,58684,60430,63941,68058,71862,69829,67783,65206,61660,65117,67408,69885,73028,72394,71347,69860,68539,66826,65017,65192,61200,59121,58000,57568,58247,60035,63386,66942,71050,70238,68797,66494,63657,66831,68714,70250,72485,72225,71289,69724,68209,66345,64833,64807,61053,58639,57531,57052,57671,59456,62438,66492,70926,70059,68341,66134,63141,65942,67516,68711,70830,70412,69340,67859,66892,65494,64085,64274,60393,58010,56735,56053,56290,57322,58766,59449,60548,59636,58767,56797,53527,54403,55503,57090,59225,60672,61390,61041,60697,59992,59407,59696,56448,53889,52574,51947,52202,53236,54370,54290,54340,53833,53834,54002,53499,54283,55089,55740,57040,59107,60516,60078,59423,58573,58266,57764,54658,52590,51633,51372,52170,54372,58620,64577,72066,73090,72736,71878,69193,71997,73817,74985,76847,76219,74764,72782,70719,68543,66954,67306
320,61688,59566,58387,57986,58684,60430,63941,68058,71862,69829,67783,65206,61660,65117,67408,69885,73028,72394,71347,69860,68539,66826,65017,65192,61200,59121,58000,57568,58247,60035,63386,66942,71050,70238,68797,66494,63657,66831,68714,70250,72485,72225,71289,69724,68209,66345,64833,64807,61053,58639,57531,57052,57671,59456,62438,66492,70926,70059,68341,66134,63141,65942,67516,68711,70830,70412,69340,67859,66892,65494,64085,64274,60393,58010,56735,56053,56290,57322,58766,59449,60548,59636,58767,56797,53527,54403,55503,57090,59225,60672,61390,61041,60697,59992,59407,59696,56448,53889,52574,51947,52202,53236,54370,54290,54340,53833,53834,54002,53499,54283,55089,55740,57040,59107,60516,60078,59423,58573,58266,57764,54658,52590,51633,51372,52170,54372,58620,64577,72066,73090,72736,71878,69193,71997,73817,74985,76847,76219,74764,72782,70719,68543,66954,67306,63646,61210,59900,59533,59900,61666,65276,70614,76365,76653,76488,75834,72978,75990,77524,78434,79838,78476,76347,74056,71662,69330,67837,67787
321,61200,59121,58000,57568,58247,60035,63386,66942,71050,70238,68797,66494,63657,66831,68714,70250,72485,72225,71289,69724,68209,66345,64833,64807,61053,58639,57531,57052,57671,59456,62438,66492,70926,70059,68341,66134,63141,65942,67516,68711,70830,70412,69340,67859,66892,65494,64085,64274,60393,58010,56735,56053,56290,57322,58766,59449,60548,59636,58767,56797,53527,54403,55503,57090,59225,60672,61390,61041,60697,59992,59407,59696,56448,53889,52574,51947,52202,53236,54370,54290,54340,53833,53834,54002,53499,54283,55089,55740,57040,59107,60516,60078,59423,58573,58266,57764,54658,52590,51633,51372,52170,54372,58620,64577,72066,73090,72736,71878,69193,71997,73817,74985,76847,76219,74764,72782,70719,68543,66954,67306,63646,61210,59900,59533,59900,61666,65276,70614,76365,76653,76488,75834,72978,75990,77524,78434,79838,78476,76347,74056,71662,69330,67837,67787,64058,61796,60403,59948,60370,61960,65356,70388,76095,76210,74682,72336,69098,72086,73243,74129,75772,75224,73945,72009,70510,68295,66552,66849
322,61053,58639,57531,57052,57671,59456,62438,66492,70926,70059,68341,66134,63141,65942,67516,68711,70830,70412,69340,67859,66892,65494,64085,64274,60393,58010,56735,56053,56290,57322,58766,59449,60548,59636,58767,56797,53527,54403,55503,57090,59225,60672,61390,61041,60697,59992,59407,59696,56448,53889,52574,51947,52202,53236,54370,54290,54340,53833,53834,54002,53499,54283,55089,55740,57040,59107,60516,60078,59423,58573,58266,57764,54658,52590,51633,51372,52170,54372,58620,64577,72066,73090,72736,71878,69193,71997,73817,74985,76847,76219,74764,72782,70719,68543,66954,67306,63646,61210,59900,59533,59900,61666,65276,70614,76365,76653,76488,75834,72978,75990,77524,78434,79838,78476,76347,74056,71662,69330,67837,67787,64058,61796,60403,59948,60370,61960,65356,70388,76095,76210,74682,72336,69098,72086,73243,74129,75772,75224,73945,72009,70510,68295,66552,66849,63018,60763,59601,59113,59597,61065,64367,69078,74444,73335,71182,68607,64718,67385,69116,71223,74172,74510,73382,71561,70024,68113,66439,66711
323,60393,58010,56735,56053,56290,57322,58766,59449,60548,59636,58767,56797,53527,54403,55503,57090,59225,60672,61390,61041,60697,59992,59407,59696,56448,53889,52574,51947,52202,53236,54370,54290,54340,53833,53834,54002,53499,54283,55089,55740,57040,59107,60516,60078,59423,58573,58266,57764,54658,52590,51633,51372,52170,54372,58620,64577,72066,73090,72736,71878,69193,71997,73817,74985,76847,76219,74764,72782,70719,68543,66954,67306,63646,61210,59900,59533,59900,61666,65276,70614,76365,76653,76488,75834,72978,75990,77524,78434,79838,78476,76347,74056,71662,69330,67837,67787,64058,61796,60403,59948,60370,61960,65356,70388,76095,76210,74682,72336,69098,72086,73243,74129,75772,75224,73945,72009,70510,68295,66552,66849,63018,60763,59601,59113,59597,61065,64367,69078,74444,73335,71182,68607,64718,67385,69116,71223,74172,74510,73382,71561,70024,68113,66439,66711,63081,60689,59418,59099,59813,61812,65041,69955,74295,71983,70064,67463,64104,67545,69966,72423,75223,74226,72279,70569,69170,67517,66209,66745
324,56448,53889,52574,51947,52202,53236,54370,54290,54340,53833,53834,54002,53499,54283,55089,55740,57040,59107,60516,60078,59423,58573,58266,57764,54658,52590,51633,51372,52170,54372,58620,64577,72066,73090,72736,71878,69193,71997,73817,74985,76847,76219,74764,72782,70719,68543,66954,67306,63646,61210,59900,59533,59900,61666,65276,70614,76365,76653,76488,75834,72978,75990,77524,78434,79838,78476,76347,74056,71662,69330,67837,67787,64058,61796,60403,59948,60370,61960,65356,70388,76095,76210,74682,72336,69098,72086,73243,74129,75772,75224,73945,72009,70510,68295,66552,66849,63018,60763,59601,59113,59597,61065,64367,69078,74444,73335,71182,68607,64718,67385,69116,71223,74172,74510,73382,71561,70024,68113,66439,66711,63081,60689,59418,59099,59813,61812,65041,69955,74295,71983,70064,67463,64104,67545,69966,72423,75223,74226,72279,70569,69170,67517,66209,66745,63116,60579,59137,58532,58740,59558,61263,62339,62053,58842,57755,55732,53145,54224,55408,58083,61293,63321,63937,63454,62810,62144,61735,62377
325,54658,52590,51633,51372,52170,54372,58620,64577,72066,73090,72736,71878,69193,71997,73817,74985,76847,76219,74764,72782,70719,68543,66954,67306,63646,61210,59900,59533,59900,61666,65276,70614,76365,76653,76488,75834,72978,75990,77524,78434,79838,78476,76347,74056,71662,69330,67837,67787,64058,61796,60403,59948,60370,61960,65356,70388,76095,76210,74682,72336,69098,72086,73243,74129,75772,75224,73945,72009,70510,68295,66552,66849,63018,60763,59601,59113,59597,61065,64367,69078,74444,73335,71182,68607,64718,67385,69116,71223,74172,74510,73382,71561,70024,68113,66439,66711,63081,60689,59418,59099,59813,61812,65041,69955,74295,71983,70064,67463,64104,67545,69966,72423,75223,74226,72279,70569,69170,67517,66209,66745,63116,60579,59137,58532,58740,59558,61263,62339,62053,58842,57755,55732,53145,54224,55408,58083,61293,63321,63937,63454,62810,62144,61735,62377,59269,56838,55446,54948,55141,56165,57191,57264,55515,52037,51235,49687,48788,49902,52004,54806,57854,60833,62027,61831,61326,60751,60436,59975
326,63646,61210,59900,59533,59900,61666,65276,70614,76365,76653,76488,75834,72978,75990,77524,78434,79838,78476,76347,74056,71662,69330,67837,67787,64058,61796,60403,59948,60370,61960,65356,70388,76095,76210,74682,72336,69098,72086,73243,74129,75772,75224,73945,72009,70510,68295,66552,66849,63018,60763,59601,59113,59597,61065,64367,69078,74444,73335,71182,68607,64718,67385,69116,71223,74172,74510,73382,71561,70024,68113,66439,66711,63081,60689,59418,59099,59813,61812,65041,69955,74295,71983,70064,67463,64104,67545,69966,72423,75223,74226,72279,70569,69170,67517,66209,66745,63116,60579,59137,58532,58740,59558,61263,62339,62053,58842,57755,55732,53145,54224,55408,58083,61293,63321,63937,63454,62810,62144,61735,62377,59269,56838,55446,54948,55141,56165,57191,57264,55515,52037,51235,49687,48788,49902,52004,54806,57854,60833,62027,61831,61326,60751,60436,59975,57112,54969,53859,53860,54861,57062,61176,67365,74153,74464,72989,70470,66235,68960,71112,72832,75340,75099,73707,71674,69839,67836,65989,66296
327,64058,61796,60403,59948,60370,61960,65356,70388,76095,76210,74682,72336,69098,72086,73243,74129,75772,75224,73945,72009,70510,68295,66552,66849,63018,60763,59601,59113,59597,61065,64367,69078,74444,73335,71182,68607,64718,67385,69116,71223,74172,74510,73382,71561,70024,68113,66439,66711,63081,60689,59418,59099,59813,61812,65041,69955,74295,71983,70064,67463,64104,67545,69966,72423,75223,74226,72279,70569,69170,67517,66209,66745,63116,60579,59137,58532,58740,59558,61263,62339,62053,58842,57755,55732,53145,54224,55408,58083,61293,63321,63937,63454,62810,62144,61735,62377,59269,56838,55446,54948,55141,56165,57191,57264,55515,52037,51235,49687,48788,49902,52004,54806,57854,60833,62027,61831,61326,60751,60436,59975,57112,54969,53859,53860,54861,57062,61176,67365,74153,74464,72989,70470,66235,68960,71112,72832,75340,75099,73707,71674,69839,67836,65989,66296,62375,60081,58992,58476,58993,60774,63927,68931,76863,79890,80362,79851,76757,79020,79260,79070,79365,78031,75880,73662,71459,69255,67679,68181
328,63018,60763,59601,59113,59597,61065,64367,69078,74444,73335,71182,68607,64718,67385,69116,71223,74172,74510,73382,71561,70024,68113,66439,66711,63081,60689,59418,59099,59813,61812,65041,69955,74295,71983,70064,67463,64104,67545,69966,72423,75223,74226,72279,70569,69170,67517,66209,66745,63116,60579,59137,58532,58740,59558,61263,62339,62053,58842,57755,55732,53145,54224,55408,58083,61293,63321,63937,63454,62810,62144,61735,62377,59269,56838,55446,54948,55141,56165,57191,57264,55515,52037,51235,49687,48788,49902,52004,54806,57854,60833,62027,61831,61326,60751,60436,59975,57112,54969,53859,53860,54861,57062,61176,67365,74153,74464,72989,70470,66235,68960,71112,72832,75340,75099,73707,71674,69839,67836,65989,66296,62375,60081,58992,58476,58993,60774,63927,68931,76863,79890,80362,79851,76757,79020,79260,79070,79365,78031,75880,73662,71459,69255,67679,68181,64608,62262,60871,60416,61052,62728,66473,71791,78135,78581,77364,75696,72085,75114,76800,78791,81177,80436,78158,75997,73666,71347,69563,69866
329,63081,60689,59418,59099,59813,61812,65041,69955,74295,71983,70064,67463,64104,67545,69966,72423,75223,74226,72279,70569,69170,67517,66209,66745,63116,60579,59137,58532,58740,59558,61263,62339,62053,58842,57755,55732,53145,54224,55408,58083,61293,63321,63937,63454,62810,62144,61735,62377,59269,56838,55446,54948,55141,56165,57191,57264,55515,52037,51235,49687,48788,49902,52004,54806,57854,60833,62027,61831,61326,60751,60436,59975,57112,54969,53859,53860,54861,57062,61176,67365,74153,74464,72989,70470,66235,68960,71112,72832,75340,75099,73707,71674,69839,67836,65989,66296,62375,60081,58992,58476,58993,60774,63927,68931,76863,79890,80362,79851,76757,79020,79260,79070,79365,78031,75880,73662,71459,69255,67679,68181,64608,62262,60871,60416,61052,62728,66473,71791,78135,78581,77364,75696,72085,75114,76800,78791,81177,80436,78158,75997,73666,71347,69563,69866,66186,63711,62354,61797,62319,64042,67411,72893,79441,78624,76236,73957,70334,73963,76609,78366,80145,79111,77157,74922,72284,69825,68120,68565
330,63116,60579,59137,58532,58740,59558,61263,62339,62053,58842,57755,55732,53145,54224,55408,58083,61293,63321,63937,63454,62810,62144,61735,62377,59269,56838,55446,54948,55141,56165,57191,57264,55515,52037,51235,49687,48788,49902,52004,54806,57854,60833,62027,61831,61326,60751,60436,59975,57112,54969,53859,53860,54861,57062,61176,67365,74153,74464,72989,70470,66235,68960,71112,72832,75340,75099,73707,71674,69839,67836,65989,66296,62375,60081,58992,58476,58993,60774,63927,68931,76863,79890,80362,79851,76757,79020,79260,79070,79365,78031,75880,73662,71459,69255,67679,68181,64608,62262,60871,60416,61052,62728,66473,71791,78135,78581,77364,75696,72085,75114,76800,78791,81177,80436,78158,75997,73666,71347,69563,69866,66186,63711,62354,61797,62319,64042,67411,72893,79441,78624,76236,73957,70334,73963,76609,78366,80145,79111,77157,74922,72284,69825,68120,68565,64942,62465,61165,60454,60957,62541,65856,71108,77353,76953,75382,73464,70034,73379,74744,76222,78696,77946,75725,73623,71729,69815,68416,68976
331,59269,56838,55446,54948,55141,56165,57191,57264,55515,52037,51235,49687,48788,49902,52004,54806,57854,60833,62027,61831,61326,60751,60436,59975,57112,54969,53859,53860,54861,57062,61176,67365,74153,74464,72989,70470,66235,68960,71112,72832,75340,75099,73707,71674,69839,67836,65989,66296,62375,60081,58992,58476,58993,60774,63927,68931,76863,79890,80362,79851,76757,79020,79260,79070,79365,78031,75880,73662,71459,69255,67679,68181,64608,62262,60871,60416,61052,62728,66473,71791,78135,78581,77364,75696,72085,75114,76800,78791,81177,80436,78158,75997,73666,71347,69563,69866,66186,63711,62354,61797,62319,64042,67411,72893,79441,78624,76236,73957,70334,73963,76609,78366,80145,79111,77157,74922,72284,69825,68120,68565,64942,62465,61165,60454,60957,62541,65856,71108,77353,76953,75382,73464,70034,73379,74744,76222,78696,77946,75725,73623,71729,69815,68416,68976,65149,62545,61117,60399,60657,61505,62965,64124,64807,63002,63225,62316,60202,61134,61314,62231,64255,65643,65770,65126,64536,63611,63213,64009
332,57112,54969,53859,53860,54861,57062,61176,67365,74153,74464,72989,70470,66235,68960,71112,72832,75340,75099,73707,71674,69839,67836,65989,66296,62375,60081,58992,58476,58993,60774,63927,68931,76863,79890,80362,79851,76757,79020,79260,79070,79365,78031,75880,73662,71459,69255,67679,68181,64608,62262,60871,60416,61052,62728,66473,71791,78135,78581,77364,75696,72085,75114,76800,78791,81177,80436,78158,75997,73666,71347,69563,69866,66186,63711,62354,61797,62319,64042,67411,72893,79441,78624,76236,73957,70334,73963,76609,78366,80145,79111,77157,74922,72284,69825,68120,68565,64942,62465,61165,60454,60957,62541,65856,71108,77353,76953,75382,73464,70034,73379,74744,76222,78696,77946,75725,73623,71729,69815,68416,68976,65149,62545,61117,60399,60657,61505,62965,64124,64807,63002,63225,62316,60202,61134,61314,62231,64255,65643,65770,65126,64536,63611,63213,64009,60931,58692,57150,56537,56672,57490,58362,58770,57358,54261,53627,51811,50618,51312,52716,55719,59713,62884,64032,63622,62992,62240,62093,61931
333,62375,60081,58992,58476,58993,60774,63927,68931,76863,79890,80362,79851,76757,79020,79260,79070,79365,78031,75880,73662,71459,69255,67679,68181,64608,62262,60871,60416,61052,62728,66473,71791,78135,78581,77364,75696,72085,75114,76800,78791,81177,80436,78158,75997,73666,71347,69563,69866,66186,63711,62354,61797,62319,64042,67411,72893,79441,78624,76236,73957,70334,73963,76609,78366,80145,79111,77157,74922,72284,69825,68120,68565,64942,62465,61165,60454,60957,62541,65856,71108,77353,76953,75382,73464,70034,73379,74744,76222,78696,77946,75725,73623,71729,69815,68416,68976,65149,62545,61117,60399,60657,61505,62965,64124,64807,63002,63225,62316,60202,61134,61314,62231,64255,65643,65770,65126,64536,63611,63213,64009,60931,58692,57150,56537,56672,57490,58362,58770,57358,54261,53627,51811,50618,51312,52716,55719,59713,62884,64032,63622,62992,62240,62093,61931,59207,57019,55929,55578,56364,58610,62887,69677,77463,77379,75736,72915,68883,71933,73779,75553,78083,77879,76015,73810,71761,69663,67903,68330
334,64608,62262,60871,60416,61052,62728,66473,71791,78135,78581,77364,75696,72085,75114,76800,78791,81177,80436,78158,75997,73666,71347,69563,69866,66186,63711,62354,61797,62319,64042,67411,72893,79441,78624,76236,73957,70334,73963,76609,78366,80145,79111,77157,74922,72284,69825,68120,68565,64942,62465,61165,60454,60957,62541,65856,71108,77353,76953,75382,73464,70034,73379,74744,76222,78696,77946,75725,73623,71729,69815,68416,68976,65149,62545,61117,60399,60657,61505,62965,64124,64807,63002,63225,62316,60202,61134,61314,62231,64255,65643,65770,65126,64536,63611,63213,64009,60931,58692,57150,56537,56672,57490,58362,58770,57358,54261,53627,51811,50618,51312,52716,55719,59713,62884,64032,63622,62992,62240,62093,61931,59207,57019,55929,55578,56364,58610,62887,69677,77463,77379,75736,72915,68883,71933,73779,75553,78083,77879,76015,73810,71761,69663,67903,68330,64524,62293,61003,60657,61408,63196,66608,71944,78079,77463,75342,72149,67689,70654,71661,73034,75545,75490,75461,73830,71915,70018,68307,68784
335,66186,63711,62354,61797,62319,64042,67411,72893,79441,78624,76236,73957,70334,73963,76609,78366,80145,79111,77157,74922,72284,69825,68120,68565,64942,62465,61165,60454,60957,62541,65856,71108,77353,76953,75382,73464,70034,73379,74744,76222,78696,77946,75725,73623,71729,69815,68416,68976,65149,62545,61117,60399,60657,61505,62965,64124,64807,63002,63225,62316,60202,61134,61314,62231,64255,65643,65770,65126,64536,63611,63213,64009,60931,58692,57150,56537,56672,57490,58362,58770,57358,54261,53627,51811,50618,51312,52716,55719,59713,62884,64032,63622,62992,62240,62093,61931,59207,57019,55929,55578,56364,58610,62887,69677,77463,77379,75736,72915,68883,71933,73779,75553,78083,77879,76015,73810,71761,69663,67903,68330,64524,62293,61003,60657,61408,63196,66608,71944,78079,77463,75342,72149,67689,70654,71661,73034,75545,75490,75461,73830,71915,70018,68307,68784,65044,62777,61473,61028,61709,63588,67256,72413,78310,76954,74465,71226,66839,69330,71203,73582,76725,76214,75068,73328,71888,70051,68499,68932
336,64942,62465,61165,60454,60957,62541,65856,71108,77353,76953,75382,73464,70034,73379,74744,76222,78696,77946,75725,73623,71729,69815,68416,68976,65149,62545,61117,60399,60657,61505,62965,64124,64807,63002,63225,62316,60202,61134,61314,62231,64255,65643,65770,65126,64536,63611,63213,64009,60931,58692,57150,56537,56672,57490,58362,58770,57358,54261,53627,51811,50618,51312,52716,55719,59713,62884,64032,63622,62992,62240,62093,61931,59207,57019,55929,55578,56364,58610,62887,69677,77463,77379,75736,72915,68883,71933,73779,75553,78083,77879,76015,73810,71761,69663,67903,68330,64524,62293,61003,60657,61408,63196,66608,71944,78079,77463,75342,72149,67689,70654,71661,73034,75545,75490,75461,73830,71915,70018,68307,68784,65044,62777,61473,61028,61709,63588,67256,72413,78310,76954,74465,71226,66839,69330,71203,73582,76725,76214,75068,73328,71888,70051,68499,68932,64888,62794,61652,61214,61772,63445,66898,72043,77938,78012,76751,75267,72025,75752,76991,77214,78182,77134,75583,73656,71616,69407,67636,68386
337,65149,62545,61117,60399,60657,61505,62965,64124,64807,63002,63225,62316,60202,61134,61314,62231,64255,65643,65770,65126,64536,63611,63213,64009,60931,58692,57150,56537,56672,57490,58362,58770,57358,54261,53627,51811,50618,51312,52716,55719,59713,62884,64032,63622,62992,62240,62093,61931,59207,57019,55929,55578,56364,58610,62887,69677,77463,77379,75736,72915,68883,71933,73779,75553,78083,77879,76015,73810,71761,69663,67903,68330,64524,62293,61003,60657,61408,63196,66608,71944,78079,77463,75342,72149,67689,70654,71661,73034,75545,75490,75461,73830,71915,70018,68307,68784,65044,62777,61473,61028,61709,63588,67256,72413,78310,76954,74465,71226,66839,69330,71203,73582,76725,76214,75068,73328,71888,70051,68499,68932,64888,62794,61652,61214,61772,63445,66898,72043,77938,78012,76751,75267,72025,75752,76991,77214,78182,77134,75583,73656,71616,69407,67636,68386,64705,62295,60964,60530,61012,62539,65735,70732,77016,77936,77392,76049,72754,74927,75330,75730,76566,75191,73246,71138,69762,68049,66693,67377
338,60931,58692,57150,56537,56672,57490,58362,58770,57358,54261,53627,51811,50618,51312,52716,55719,59713,62884,64032,63622,62992,62240,62093,61931,59207,57019,55929,55578,56364,58610,62887,69677,77463,77379,75736,72915,68883,71933,73779,75553,78083,77879,76015,73810,71761,69663,67903,68330,64524,62293,61003,60657,61408,63196,66608,71944,78079,77463,75342,72149,67689,70654,71661,73034,75545,75490,75461,73830,71915,70018,68307,68784,65044,62777,61473,61028,61709,63588,67256,72413,78310,76954,74465,71226,66839,69330,71203,73582,76725,76214,75068,73328,71888,70051,68499,68932,64888,62794,61652,61214,61772,63445,66898,72043,77938,78012,76751,75267,72025,75752,76991,77214,78182,77134,75583,73656,71616,69407,67636,68386,64705,62295,60964,60530,61012,62539,65735,70732,77016,77936,77392,76049,72754,74927,75330,75730,76566,75191,73246,71138,69762,68049,66693,67377,63669,61098,59679,59068,59367,60100,61542,62653,64230,63401,62848,61084,58527,58950,60219,61536,63224,64357,64834,64186,63118,62230,61796,62551
339,59207,57019,55929,55578,56364,58610,62887,69677,77463,77379,75736,72915,68883,71933,73779,75553,78083,77879,76015,73810,71761,69663,67903,68330,64524,62293,61003,60657,61408,63196,66608,71944,78079,77463,75342,72149,67689,70654,71661,73034,75545,75490,75461,73830,71915,70018,68307,68784,65044,62777,61473,61028,61709,63588,67256,72413,78310,76954,74465,71226,66839,69330,71203,73582,76725,76214,75068,73328,71888,70051,68499,68932,64888,62794,61652,61214,61772,63445,66898,72043,77938,78012,76751,75267,72025,75752,76991,77214,78182,77134,75583,73656,71616,69407,67636,68386,64705,62295,60964,60530,61012,62539,65735,70732,77016,77936,77392,76049,72754,74927,75330,75730,76566,75191,73246,71138,69762,68049,66693,67377,63669,61098,59679,59068,59367,60100,61542,62653,64230,63401,62848,61084,58527,58950,60219,61536,63224,64357,64834,64186,63118,62230,61796,62551,59266,56623,55217,54521,54781,55728,56739,57131,57179,56366,56318,54911,54016,53927,55119,57534,60771,64088,65441,65336,64719,63734,63598,63767
340,64524,62293,61003,60657,61408,63196,66608,71944,78079,77463,75342,72149,67689,70654,71661,73034,75545,75490,75461,73830,71915,70018,68307,68784,65044,62777,61473,61028,61709,63588,67256,72413,78310,76954,74465,71226,66839,69330,71203,73582,76725,76214,75068,73328,71888,70051,68499,68932,64888,62794,61652,61214,61772,63445,66898,72043,77938,78012,76751,75267,72025,75752,76991,77214,78182,77134,75583,73656,71616,69407,67636,68386,64705,62295,60964,60530,61012,62539,65735,70732,77016,77936,77392,76049,72754,74927,75330,75730,76566,75191,73246,71138,69762,68049,66693,67377,63669,61098,59679,59068,59367,60100,61542,62653,64230,63401,62848,61084,58527,58950,60219,61536,63224,64357,64834,64186,63118,62230,61796,62551,59266,56623,55217,54521,54781,55728,56739,57131,57179,56366,56318,54911,54016,53927,55119,57534,60771,64088,65441,65336,64719,63734,63598,63767,60840,58652,57560,57346,58313,60530,64952,72134,80338,80285,77976,75458,71225,74034,76040,78811,82173,81946,79883,77435,74826,72402,70622,71090
341,65044,62777,61473,61028,61709,63588,67256,72413,78310,76954,74465,71226,66839,69330,71203,73582,76725,76214,75068,73328,71888,70051,68499,68932,64888,62794,61652,61214,61772,63445,66898,72043,77938,78012,76751,75267,72025,75752,76991,77214,78182,77134,75583,73656,71616,69407,67636,68386,64705,62295,60964,60530,61012,62539,65735,70732,77016,77936,77392,76049,72754,74927,75330,75730,76566,75191,73246,71138,69762,68049,66693,67377,63669,61098,59679,59068,59367,60100,61542,62653,64230,63401,62848,61084,58527,58950,60219,61536,63224,64357,64834,64186,63118,62230,61796,62551,59266,56623,55217,54521,54781,55728,56739,57131,57179,56366,56318,54911,54016,53927,55119,57534,60771,64088,65441,65336,64719,63734,63598,63767,60840,58652,57560,57346,58313,60530,64952,72134,80338,80285,77976,75458,71225,74034,76040,78811,82173,81946,79883,77435,74826,72402,70622,71090,67265,65034,63585,62878,63444,64801,68414,74093,81524,82571,80956,78379,73637,75102,77233,79482,81584,80332,78120,75676,73512,71073,69251,69641
342,64888,62794,61652,61214,61772,63445,66898,72043,77938,78012,76751,75267,72025,75752,76991,77214,78182,77134,75583,73656,71616,69407,67636,68386,64705,62295,60964,60530,61012,62539,65735,70732,77016,77936,77392,76049,72754,74927,75330,75730,76566,75191,73246,71138,69762,68049,66693,67377,63669,61098,59679,59068,59367,60100,61542,62653,64230,63401,62848,61084,58527,58950,60219,61536,63224,64357,64834,64186,63118,62230,61796,62551,59266,56623,55217,54521,54781,55728,56739,57131,57179,56366,56318,54911,54016,53927,55119,57534,60771,64088,65441,65336,64719,63734,63598,63767,60840,58652,57560,57346,58313,60530,64952,72134,80338,80285,77976,75458,71225,74034,76040,78811,82173,81946,79883,77435,74826,72402,70622,71090,67265,65034,63585,62878,63444,64801,68414,74093,81524,82571,80956,78379,73637,75102,77233,79482,81584,80332,78120,75676,73512,71073,69251,69641,65742,63251,61866,61474,62085,63468,66790,72076,78941,79839,78405,76068,72237,74559,75351,75993,77748,76931,75298,73747,72188,70237,68684,69036
343,64705,62295,60964,60530,61012,62539,65735,70732,77016,77936,77392,76049,72754,74927,75330,75730,76566,75191,73246,71138,69762,68049,66693,67377,63669,61098,59679,59068,59367,60100,61542,62653,64230,63401,62848,61084,58527,58950,60219,61536,63224,64357,64834,64186,63118,62230,61796,62551,59266,56623,55217,54521,54781,55728,56739,57131,57179,56366,56318,54911,54016,53927,55119,57534,60771,64088,65441,65336,64719,63734,63598,63767,60840,58652,57560,57346,58313,60530,64952,72134,80338,80285,77976,75458,71225,74034,76040,78811,82173,81946,79883,77435,74826,72402,70622,71090,67265,65034,63585,62878,63444,64801,68414,74093,81524,82571,80956,78379,73637,75102,77233,79482,81584,80332,78120,75676,73512,71073,69251,69641,65742,63251,61866,61474,62085,63468,66790,72076,78941,79839,78405,76068,72237,74559,75351,75993,77748,76931,75298,73747,72188,70237,68684,69036,65406,63002,61502,60912,61368,62982,66501,71806,79336,81399,81266,79024,73236,75280,77051,77403,78543,77771,76482,74528,72376,70126,68770,69344
344,63669,61098,59679,59068,59367,60100,61542,62653,64230,63401,62848,61084,58527,58950,60219,61536,63224,64357,64834,64186,63118,62230,61796,62551,59266,56623,55217,54521,54781,55728,56739,57131,57179,56366,56318,54911,54016,53927,55119,57534,60771,64088,65441,65336,64719,63734,63598,63767,60840,58652,57560,57346,58313,60530,64952,72134,80338,80285,77976,75458,71225,74034,76040,78811,82173,81946,79883,77435,74826,72402,70622,71090,67265,65034,63585,62878,63444,64801,68414,74093,81524,82571,80956,78379,73637,75102,77233,79482,81584,80332,78120,75676,73512,71073,69251,69641,65742,63251,61866,61474,62085,63468,66790,72076,78941,79839,78405,76068,72237,74559,75351,75993,77748,76931,75298,73747,72188,70237,68684,69036,65406,63002,61502,60912,61368,62982,66501,71806,79336,81399,81266,79024,73236,75280,77051,77403,78543,77771,76482,74528,72376,70126,68770,69344,65942,63664,62173,61789,62555,64446,68013,73841,81118,81732,80698,79694,76605,79862,82018,83912,85699,83976,81417,78790,76739,74358,72730,73712
345,59266,56623,55217,54521,54781,55728,56739,57131,57179,56366,56318,54911,54016,53927,55119,57534,60771,64088,65441,65336,64719,63734,63598,63767,60840,58652,57560,57346,58313,60530,64952,72134,80338,80285,77976,75458,71225,74034,76040,78811,82173,81946,79883,77435,74826,72402,70622,71090,67265,65034,63585,62878,63444,64801,68414,74093,81524,82571,80956,78379,73637,75102,77233,79482,81584,80332,78120,75676,73512,71073,69251,69641,65742,63251,61866,61474,62085,63468,66790,72076,78941,79839,78405,76068,72237,74559,75351,75993,77748,76931,75298,73747,72188,70237,68684,69036,65406,63002,61502,60912,61368,62982,66501,71806,79336,81399,81266,79024,73236,75280,77051,77403,78543,77771,76482,74528,72376,70126,68770,69344,65942,63664,62173,61789,62555,64446,68013,73841,81118,81732,80698,79694,76605,79862,82018,83912,85699,83976,81417,78790,76739,74358,72730,73712,69913,67703,66154,65387,65525,66105,67498,69261,70883,69397,68183,66182,63683,64719,66302,68429,70283,70751,70765,69787,68083,66148,65540,66782
346,60840,58652,57560,57346,58313,60530,64952,72134,80338,80285,77976,75458,71225,74034,76040,78811,82173,81946,79883,77435,74826,72402,70622,71090,67265,65034,63585,62878,63444,64801,68414,74093,81524,82571,80956,78379,73637,75102,77233,79482,81584,80332,78120,75676,73512,71073,69251,69641,65742,63251,61866,61474,62085,63468,66790,72076,78941,79839,78405,76068,72237,74559,75351,75993,77748,76931,75298,73747,72188,70237,68684,69036,65406,63002,61502,60912,61368,62982,66501,71806,79336,81399,81266,79024,73236,75280,77051,77403,78543,77771,76482,74528,72376,70126,68770,69344,65942,63664,62173,61789,62555,64446,68013,73841,81118,81732,80698,79694,76605,79862,82018,83912,85699,83976,81417,78790,76739,74358,72730,73712,69913,67703,66154,65387,65525,66105,67498,69261,70883,69397,68183,66182,63683,64719,66302,68429,70283,70751,70765,69787,68083,66148,65540,66782,64019,61803,60214,59507,59532,60304,61215,61692,62102,60617,59882,57729,56150,56113,57035,59800,63417,66324,67544,67251,66428,65044,64697,64602
347,67265,65034,63585,62878,63444,64801,68414,74093,81524,82571,80956,78379,73637,75102,77233,79482,81584,80332,78120,75676,73512,71073,69251,69641,65742,63251,61866,61474,62085,63468,66790,72076,78941,79839,78405,76068,72237,74559,75351,75993,77748,76931,75298,73747,72188,70237,68684,69036,65406,63002,61502,60912,61368,62982,66501,71806,79336,81399,81266,79024,73236,75280,77051,77403,78543,77771,76482,74528,72376,70126,68770,69344,65942,63664,62173,61789,62555,64446,68013,73841,81118,81732,80698,79694,76605,79862,82018,83912,85699,83976,81417,78790,76739,74358,72730,73712,69913,67703,66154,65387,65525,66105,67498,69261,70883,69397,68183,66182,63683,64719,66302,68429,70283,70751,70765,69787,68083,66148,65540,66782,64019,61803,60214,59507,59532,60304,61215,61692,62102,60617,59882,57729,56150,56113,57035,59800,63417,66324,67544,67251,66428,65044,64697,64602,61870,59667,58491,58106,58906,60923,64720,71772,80755,81754,80042,77822,74191,77079,78455,79168,80599,79415,77379,75090,73016,70232,68390,69251
348,65742,63251,61866,61474,62085,63468,66790,72076,78941,79839,78405,76068,72237,74559,75351,75993,77748,76931,75298,73747,72188,70237,68684,69036,65406,63002,61502,60912,61368,62982,66501,71806,79336,81399,81266,79024,73236,75280,77051,77403,78543,77771,76482,74528,72376,70126,68770,69344,65942,63664,62173,61789,62555,64446,68013,73841,81118,81732,80698,79694,76605,79862,82018,83912,85699,83976,81417,78790,76739,74358,72730,73712,69913,67703,66154,65387,65525,66105,67498,69261,70883,69397,68183,66182,63683,64719,66302,68429,70283,70751,70765,69787,68083,66148,65540,66782,64019,61803,60214,59507,59532,60304,61215,61692,62102,60617,59882,57729,56150,56113,57035,59800,63417,66324,67544,67251,66428,65044,64697,64602,61870,59667,58491,58106,58906,60923,64720,71772,80755,81754,80042,77822,74191,77079,78455,79168,80599,79415,77379,75090,73016,70232,68390,69251,65878,63608,62264,61731,62498,64125,67528,73142,80294,80288,78318,75395,70640,73043,74482,76124,78407,78683,77315,75509,73635,70960,69164,69738
349,65406,63002,61502,60912,61368,62982,66501,71806,79336,81399,81266,79024,73236,75280,77051,77403,78543,77771,76482,74528,72376,70126,68770,69344,65942,63664,62173,61789,62555,64446,68013,73841,81118,81732,80698,79694,76605,79862,82018,83912,85699,83976,81417,78790,76739,74358,72730,73712,69913,67703,66154,65387,65525,66105,67498,69261,70883,69397,68183,66182,63683,64719,66302,68429,70283,70751,70765,69787,68083,66148,65540,66782,64019,61803,60214,59507,59532,60304,61215,61692,62102,60617,59882,57729,56150,56113,57035,59800,63417,66324,67544,67251,66428,65044,64697,64602,61870,59667,58491,58106,58906,60923,64720,71772,80755,81754,80042,77822,74191,77079,78455,79168,80599,79415,77379,75090,73016,70232,68390,69251,65878,63608,62264,61731,62498,64125,67528,73142,80294,80288,78318,75395,70640,73043,74482,76124,78407,78683,77315,75509,73635,70960,69164,69738,66448,64376,63129,62738,63568,65372,68972,74774,81451,80314,77553,74025,69425,71947,73636,75787,78893,78543,77046,75272,73562,70913,69471,70151
350,65942,63664,62173,61789,62555,64446,68013,73841,81118,81732,80698,79694,76605,79862,82018,83912,85699,83976,81417,78790,76739,74358,72730,73712,69913,67703,66154,65387,65525,66105,67498,69261,70883,69397,68183,66182,63683,64719,66302,68429,70283,70751,70765,69787,68083,66148,65540,66782,64019,61803,60214,59507,59532,60304,61215,61692,62102,60617,59882,57729,56150,56113,57035,59800,63417,66324,67544,67251,66428,65044,64697,64602,61870,59667,58491,58106,58906,60923,64720,71772,80755,81754,80042,77822,74191,77079,78455,79168,80599,79415,77379,75090,73016,70232,68390,69251,65878,63608,62264,61731,62498,64125,67528,73142,80294,80288,78318,75395,70640,73043,74482,76124,78407,78683,77315,75509,73635,70960,69164,69738,66448,64376,63129,62738,63568,65372,68972,74774,81451,80314,77553,74025,69425,71947,73636,75787,78893,78543,77046,75272,73562,70913,69471,70151,66522,64485,63288,62892,63663,65498,69069,74749,81874,81417,78809,75397,70848,73206,74744,76748,79447,79189,77820,75959,73681,71002,69484,70447
351,69913,67703,66154,65387,65525,66105,67498,69261,70883,69397,68183,66182,63683,64719,66302,68429,70283,70751,70765,69787,68083,66148,65540,66782,64019,61803,60214,59507,59532,60304,61215,61692,62102,60617,59882,57729,56150,56113,57035,59800,63417,66324,67544,67251,66428,65044,64697,64602,61870,59667,58491,58106,58906,60923,64720,71772,80755,81754,80042,77822,74191,77079,78455,79168,80599,79415,77379,75090,73016,70232,68390,69251,65878,63608,62264,61731,62498,64125,67528,73142,80294,80288,78318,75395,70640,73043,74482,76124,78407,78683,77315,75509,73635,70960,69164,69738,66448,64376,63129,62738,63568,65372,68972,74774,81451,80314,77553,74025,69425,71947,73636,75787,78893,78543,77046,75272,73562,70913,69471,70151,66522,64485,63288,62892,63663,65498,69069,74749,81874,81417,78809,75397,70848,73206,74744,76748,79447,79189,77820,75959,73681,71002,69484,70447,67061,64661,63177,62805,63285,64970,68158,73459,80227,81185,80555,79234,75833,78810,80322,80385,80410,78537,76330,74678,72999,70748,69837,71421
352,64019,61803,60214,59507,59532,60304,61215,61692,62102,60617,59882,57729,56150,56113,57035,59800,63417,66324,67544,67251,66428,65044,64697,64602,61870,59667,58491,58106,58906,60923,64720,71772,80755,81754,80042,77822,74191,77079,78455,79168,80599,79415,77379,75090,73016,70232,68390,69251,65878,63608,62264,61731,62498,64125,67528,73142,80294,80288,78318,75395,70640,73043,74482,76124,78407,78683,77315,75509,73635,70960,69164,69738,66448,64376,63129,62738,63568,65372,68972,74774,81451,80314,77553,74025,69425,71947,73636,75787,78893,78543,77046,75272,73562,70913,69471,70151,66522,64485,63288,62892,63663,65498,69069,74749,81874,81417,78809,75397,70848,73206,74744,76748,79447,79189,77820,75959,73681,71002,69484,70447,67061,64661,63177,62805,63285,64970,68158,73459,80227,81185,80555,79234,75833,78810,80322,80385,80410,78537,76330,74678,72999,70748,69837,71421,68309,66053,64677,63885,64114,64792,66053,67095,67845,66420,65420,63675,61571,62348,63366,65783,69566,72005,72815,71920,70669,68967,68924,69466
353,61870,59667,58491,58106,58906,60923,64720,71772,80755,81754,80042,77822,74191,77079,78455,79168,80599,79415,77379,75090,73016,70232,68390,69251,65878,63608,62264,61731,62498,64125,67528,73142,80294,80288,78318,75395,70640,73043,74482,76124,78407,78683,77315,75509,73635,70960,69164,69738,66448,64376,63129,62738,63568,65372,68972,74774,81451,80314,77553,74025,69425,71947,73636,75787,78893,78543,77046,75272,73562,70913,69471,70151,66522,64485,63288,62892,63663,65498,69069,74749,81874,81417,78809,75397,70848,73206,74744,76748,79447,79189,77820,75959,73681,71002,69484,70447,67061,64661,63177,62805,63285,64970,68158,73459,80227,81185,80555,79234,75833,78810,80322,80385,80410,78537,76330,74678,72999,70748,69837,71421,68309,66053,64677,63885,64114,64792,66053,67095,67845,66420,65420,63675,61571,62348,63366,65783,69566,72005,72815,71920,70669,68967,68924,69466,66596,64524,62941,62164,62249,62904,63895,64503,64348,62491,61703,60151,58835,58920,60238,63261,67338,70914,71719,71110,69940,68479,68301,68738
354,65878,63608,62264,61731,62498,64125,67528,73142,80294,80288,78318,75395,70640,73043,74482,76124,78407,78683,77315,75509,73635,70960,69164,69738,66448,64376,63129,62738,63568,65372,68972,74774,81451,80314,77553,74025,69425,71947,73636,75787,78893,78543,77046,75272,73562,70913,69471,70151,66522,64485,63288,62892,63663,65498,69069,74749,81874,81417,78809,75397,70848,73206,74744,76748,79447,79189,77820,75959,73681,71002,69484,70447,67061,64661,63177,62805,63285,64970,68158,73459,80227,81185,80555,79234,75833,78810,80322,80385,80410,78537,76330,74678,72999,70748,69837,71421,68309,66053,64677,63885,64114,64792,66053,67095,67845,66420,65420,63675,61571,62348,63366,65783,69566,72005,72815,71920,70669,68967,68924,69466,66596,64524,62941,62164,62249,62904,63895,64503,64348,62491,61703,60151,58835,58920,60238,63261,67338,70914,71719,71110,69940,68479,68301,68738,66465,64473,63140,62540,63122,65025,69117,76487,86054,87590,86103,84363,81635,85670,88435,89654,90708,88653,85067,81527,78245,74696,73048,74217
355,66448,64376,63129,62738,63568,65372,68972,74774,81451,80314,77553,74025,69425,71947,73636,75787,78893,78543,77046,75272,73562,70913,69471,70151,66522,64485,63288,62892,63663,65498,69069,74749,81874,81417,78809,75397,70848,73206,74744,76748,79447,79189,77820,75959,73681,71002,69484,70447,67061,64661,63177,62805,63285,64970,68158,73459,80227,81185,80555,79234,75833,78810,80322,80385,80410,78537,76330,74678,72999,70748,69837,71421,68309,66053,64677,63885,64114,64792,66053,67095,67845,66420,65420,63675,61571,62348,63366,65783,69566,72005,72815,71920,70669,68967,68924,69466,66596,64524,62941,62164,62249,62904,63895,64503,64348,62491,61703,60151,58835,58920,60238,63261,67338,70914,71719,71110,69940,68479,68301,68738,66465,64473,63140,62540,63122,65025,69117,76487,86054,87590,86103,84363,81635,85670,88435,89654,90708,88653,85067,81527,78245,74696,73048,74217,71059,68940,67701,67076,67184,68598,72033,78270,86809,88717,87587,85746,82410,85691,87226,87627,88077,85978,83052,80011,77035,73589,71856,72875
356,66522,64485,63288,62892,63663,65498,69069,74749,81874,81417,78809,75397,70848,73206,74744,76748,79447,79189,77820,75959,73681,71002,69484,70447,67061,64661,63177,62805,63285,64970,68158,73459,80227,81185,80555,79234,75833,78810,80322,80385,80410,78537,76330,74678,72999,70748,69837,71421,68309,66053,64677,63885,64114,64792,66053,67095,67845,66420,65420,63675,61571,62348,63366,65783,69566,72005,72815,71920,70669,68967,68924,69466,66596,64524,62941,62164,62249,62904,63895,64503,64348,62491,61703,60151,58835,58920,60238,63261,67338,70914,71719,71110,69940,68479,68301,68738,66465,64473,63140,62540,63122,65025,69117,76487,86054,87590,86103,84363,81635,85670,88435,89654,90708,88653,85067,81527,78245,74696,73048,74217,71059,68940,67701,67076,67184,68598,72033,78270,86809,88717,87587,85746,82410,85691,87226,87627,88077,85978,83052,80011,77035,73589,71856,72875,69651,67276,65941,65136,65534,66910,70309,75972,84106,85966,85065,82961,79348,82153,82446,82500,83608,82009,79711,77646,75511,72342,70829,71882
357,67061,64661,63177,62805,63285,64970,68158,73459,80227,81185,80555,79234,75833,78810,80322,80385,80410,78537,76330,74678,72999,70748,69837,71421,68309,66053,64677,63885,64114,64792,66053,67095,67845,66420,65420,63675,61571,62348,63366,65783,69566,72005,72815,71920,70669,68967,68924,69466,66596,64524,62941,62164,62249,62904,63895,64503,64348,62491,61703,60151,58835,58920,60238,63261,67338,70914,71719,71110,69940,68479,68301,68738,66465,64473,63140,62540,63122,65025,69117,76487,86054,87590,86103,84363,81635,85670,88435,89654,90708,88653,85067,81527,78245,74696,73048,74217,71059,68940,67701,67076,67184,68598,72033,78270,86809,88717,87587,85746,82410,85691,87226,87627,88077,85978,83052,80011,77035,73589,71856,72875,69651,67276,65941,65136,65534,66910,70309,75972,84106,85966,85065,82961,79348,82153,82446,82500,83608,82009,79711,77646,75511,72342,70829,71882,68581,66406,65155,64639,65121,66804,70225,75906,83494,83012,80587,77991,75134,79852,81928,83044,84564,82901,80604,78216,76176,73142,71610,72472
358,68309,66053,64677,63885,64114,64792,66053,67095,67845,66420,65420,63675,61571,62348,63366,65783,69566,72005,72815,71920,70669,68967,68924,69466,66596,64524,62941,62164,62249,62904,63895,64503,64348,62491,61703,60151,58835,58920,60238,63261,67338,70914,71719,71110,69940,68479,68301,68738,66465,64473,63140,62540,63122,65025,69117,76487,86054,87590,86103,84363,81635,85670,88435,89654,90708,88653,85067,81527,78245,74696,73048,74217,71059,68940,67701,67076,67184,68598,72033,78270,86809,88717,87587,85746,82410,85691,87226,87627,88077,85978,83052,80011,77035,73589,71856,72875,69651,67276,65941,65136,65534,66910,70309,75972,84106,85966,85065,82961,79348,82153,82446,82500,83608,82009,79711,77646,75511,72342,70829,71882,68581,66406,65155,64639,65121,66804,70225,75906,83494,83012,80587,77991,75134,79852,81928,83044,84564,82901,80604,78216,76176,73142,71610,72472,69373,67187,65955,65431,65798,67226,70163,75036,81748,81729,79936,76772,72530,73346,73706,74401,75972,75798,74578,72976,71602,69383,68874,70123
359,66596,64524,62941,62164,62249,62904,63895,64503,64348,62491,61703,60151,58835,58920,60238,63261,67338,70914,71719,71110,69940,68479,68301,68738,66465,64473,63140,62540,63122,65025,69117,76487,86054,87590,86103,84363,81635,85670,88435,89654,90708,88653,85067,81527,78245,74696,73048,74217,71059,68940,67701,67076,67184,68598,72033,78270,86809,88717,87587,85746,82410,85691,87226,87627,88077,85978,83052,80011,77035,73589,71856,72875,69651,67276,65941,65136,65534,66910,70309,75972,84106,85966,85065,82961,79348,82153,82446,82500,83608,82009,79711,77646,75511,72342,70829,71882,68581,66406,65155,64639,65121,66804,70225,75906,83494,83012,80587,77991,75134,79852,81928,83044,84564,82901,80604,78216,76176,73142,71610,72472,69373,67187,65955,65431,65798,67226,70163,75036,81748,81729,79936,76772,72530,73346,73706,74401,75972,75798,74578,72976,71602,69383,68874,70123,67369,64791,63116,62005,61781,62099,62874,63072,61866,58177,57002,55157,53602,53782,55109,57982,61805,65250,66718,66255,65531,64572,64727,65287
360,66465,64473,63140,62540,63122,65025,69117,76487,86054,87590,86103,84363,81635,85670,88435,89654,90708,88653,85067,81527,78245,74696,73048,74217,71059,68940,67701,67076,67184,68598,72033,78270,86809,88717,87587,85746,82410,85691,87226,87627,88077,85978,83052,80011,77035,73589,71856,72875,69651,67276,65941,65136,65534,66910,70309,75972,84106,85966,85065,82961,79348,82153,82446,82500,83608,82009,79711,77646,75511,72342,70829,71882,68581,66406,65155,64639,65121,66804,70225,75906,83494,83012,80587,77991,75134,79852,81928,83044,84564,82901,80604,78216,76176,73142,71610,72472,69373,67187,65955,65431,65798,67226,70163,75036,81748,81729,79936,76772,72530,73346,73706,74401,75972,75798,74578,72976,71602,69383,68874,70123,67369,64791,63116,62005,61781,62099,62874,63072,61866,58177,57002,55157,53602,53782,55109,57982,61805,65250,66718,66255,65531,64572,64727,65287,62823,60652,59148,58322,58387,59084,60067,60850,61244,60194,60530,59260,57185,56112,56737,58930,62695,66544,68173,67980,67053,65748,65835,66325
361,71059,68940,67701,67076,67184,68598,72033,78270,86809,88717,87587,85746,82410,85691,87226,87627,88077,85978,83052,80011,77035,73589,71856,72875,69651,67276,65941,65136,65534,66910,70309,75972,84106,85966,85065,82961,79348,82153,82446,82500,83608,82009,79711,77646,75511,72342,70829,71882,68581,66406,65155,64639,65121,66804,70225,75906,83494,83012,80587,77991,75134,79852,81928,83044,84564,82901,80604,78216,76176,73142,71610,72472,69373,67187,65955,65431,65798,67226,70163,75036,81748,81729,79936,76772,72530,73346,73706,74401,75972,75798,74578,72976,71602,69383,68874,70123,67369,64791,63116,62005,61781,62099,62874,63072,61866,58177,57002,55157,53602,53782,55109,57982,61805,65250,66718,66255,65531,64572,64727,65287,62823,60652,59148,58322,58387,59084,60067,60850,61244,60194,60530,59260,57185,56112,56737,58930,62695,66544,68173,67980,67053,65748,65835,66325,63902,61885,60851,60537,61346,63721,67966,75103,83877,84909,83022,80335,75978,78440,79968,82170,85196,84436,81811,78883,76496,73304,71804,72760
362,69651,67276,65941,65136,65534,66910,70309,75972,84106,85966,85065,82961,79348,82153,82446,82500,83608,82009,79711,77646,75511,72342,70829,71882,68581,66406,65155,64639,65121,66804,70225,75906,83494,83012,80587,77991,75134,79852,81928,83044,84564,82901,80604,78216,76176,73142,71610,72472,69373,67187,65955,65431,65798,67226,70163,75036,81748,81729,79936,76772,72530,73346,73706,74401,75972,75798,74578,72976,71602,69383,68874,70123,67369,64791,63116,62005,61781,62099,62874,63072,61866,58177,57002,55157,53602,53782,55109,57982,61805,65250,66718,66255,65531,64572,64727,65287,62823,60652,59148,58322,58387,59084,60067,60850,61244,60194,60530,59260,57185,56112,56737,58930,62695,66544,68173,67980,67053,65748,65835,66325,63902,61885,60851,60537,61346,63721,67966,75103,83877,84909,83022,80335,75978,78440,79968,82170,85196,84436,81811,78883,76496,73304,71804,72760,69568,67227,65792,65504,66040,67806,71370,77225,85161,85043,82677,79267,74546,77144,78434,80878,84781,84925,83033,80521,77956,74694,72899,73776
363,68581,66406,65155,64639,65121,66804,70225,75906,83494,83012,80587,77991,75134,79852,81928,83044,84564,82901,80604,78216,76176,73142,71610,72472,69373,67187,65955,65431,65798,67226,70163,75036,81748,81729,79936,76772,72530,73346,73706,74401,75972,75798,74578,72976,71602,69383,68874,70123,67369,64791,63116,62005,61781,62099,62874,63072,61866,58177,57002,55157,53602,53782,55109,57982,61805,65250,66718,66255,65531,64572,64727,65287,62823,60652,59148,58322,58387,59084,60067,60850,61244,60194,60530,59260,57185,56112,56737,58930,62695,66544,68173,67980,67053,65748,65835,66325,63902,61885,60851,60537,61346,63721,67966,75103,83877,84909,83022,80335,75978,78440,79968,82170,85196,84436,81811,78883,76496,73304,71804,72760,69568,67227,65792,65504,66040,67806,71370,77225,85161,85043,82677,79267,74546,77144,78434,80878,84781,84925,83033,80521,77956,74694,72899,73776,70462,68272,66980,66721,67107,68763,72298,78159,86744,89397,88785,86954,82598,85248,86536,86807,87522,85040,82405,79518,77025,73633,71823,72842
364,69373,67187,65955,65431,65798,67226,70163,75036,81748,81729,79936,76772,72530,73346,73706,74401,75972,75798,74578,72976,71602,69383,68874,70123,67369,64791,63116,62005,61781,62099,62874,63072,61866,58177,57002,55157,53602,53782,55109,57982,61805,65250,66718,66255,65531,64572,64727,65287,62823,60652,59148,58322,58387,59084,60067,60850,61244,60194,60530,59260,57185,56112,56737,58930,62695,66544,68173,67980,67053,65748,65835,66325,63902,61885,60851,60537,61346,63721,67966,75103,83877,84909,83022,80335,75978,78440,79968,82170,85196,84436,81811,78883,76496,73304,71804,72760,69568,67227,65792,65504,66040,67806,71370,77225,85161,85043,82677,79267,74546,77144,78434,80878,84781,84925,83033,80521,77956,74694,72899,73776,70462,68272,66980,66721,67107,68763,72298,78159,86744,89397,88785,86954,82598,85248,86536,86807,87522,85040,82405,79518,77025,73633,71823,72842,69852,67823,66582,66051,66650,68273,71667,77498,84761,83898,81135,77692,73094,75557,77035,79427,83183,83463,82065,79817,77339,74208,72761,73764
365,67369,64791,63116,62005,61781,62099,62874,63072,61866,58177,57002,55157,53602,53782,55109,57982,61805,65250,66718,66255,65531,64572,64727,65287,62823,60652,59148,58322,58387,59084,60067,60850,61244,60194,60530,59260,57185,56112,56737,58930,62695,66544,68173,67980,67053,65748,65835,66325,63902,61885,60851,60537,61346,63721,67966,75103,83877,84909,83022,80335,75978,78440,79968,82170,85196,84436,81811,78883,76496,73304,71804,72760,69568,67227,65792,65504,66040,67806,71370,77225,85161,85043,82677,79267,74546,77144,78434,80878,84781,84925,83033,80521,77956,74694,72899,73776,70462,68272,66980,66721,67107,68763,72298,78159,86744,89397,88785,86954,82598,85248,86536,86807,87522,85040,82405,79518,77025,73633,71823,72842,69852,67823,66582,66051,66650,68273,71667,77498,84761,83898,81135,77692,73094,75557,77035,79427,83183,83463,82065,79817,77339,74208,72761,73764,70521,68345,67177,66647,67183,68711,72132,78156,85425,84529,81673,78100,73217,75457,76653,78652,82024,81763,80045,77746,75799,73040,71678,72767
366,62823,60652,59148,58322,58387,59084,60067,60850,61244,60194,60530,59260,57185,56112,56737,58930,62695,66544,68173,67980,67053,65748,65835,66325,63902,61885,60851,60537,61346,63721,67966,75103,83877,84909,83022,80335,75978,78440,79968,82170,85196,84436,81811,78883,76496,73304,71804,72760,69568,67227,65792,65504,66040,67806,71370,77225,85161,85043,82677,79267,74546,77144,78434,80878,84781,84925,83033,80521,77956,74694,72899,73776,70462,68272,66980,66721,67107,68763,72298,78159,86744,89397,88785,86954,82598,85248,86536,86807,87522,85040,82405,79518,77025,73633,71823,72842,69852,67823,66582,66051,66650,68273,71667,77498,84761,83898,81135,77692,73094,75557,77035,79427,83183,83463,82065,79817,77339,74208,72761,73764,70521,68345,67177,66647,67183,68711,72132,78156,85425,84529,81673,78100,73217,75457,76653,78652,82024,81763,80045,77746,75799,73040,71678,72767,69617,67374,66024,65304,65273,66050,67539,69148,70793,68532,67129,65078,62400,63252,64356,66314,68581,69384,69822,68952,67901,66258,65807,66879
367,63902,61885,60851,60537,61346,63721,67966,75103,83877,84909,83022,80335,75978,78440,79968,82170,85196,84436,81811,78883,76496,73304,71804,72760,69568,67227,65792,65504,66040,67806,71370,77225,85161,85043,82677,79267,74546,77144,78434,80878,84781,84925,83033,80521,77956,74694,72899,73776,70462,68272,66980,66721,67107,68763,72298,78159,86744,89397,88785,86954,82598,85248,86536,86807,87522,85040,82405,79518,77025,73633,71823,72842,69852,67823,66582,66051,66650,68273,71667,77498,84761,83898,81135,77692,73094,75557,77035,79427,83183,83463,82065,79817,77339,74208,72761,73764,70521,68345,67177,66647,67183,68711,72132,78156,85425,84529,81673,78100,73217,75457,76653,78652,82024,81763,80045,77746,75799,73040,71678,72767,69617,67374,66024,65304,65273,66050,67539,69148,70793,68532,67129,65078,62400,63252,64356,66314,68581,69384,69822,68952,67901,66258,65807,66879,63896,61436,59902,59353,59475,60179,61084,61705,62222,61227,60624,59203,58094,58384,58818,60252,63097,66252,67889,67721,66990,65846,65884,66079
368,69568,67227,65792,65504,66040,67806,71370,77225,85161,85043,82677,79267,74546,77144,78434,80878,84781,84925,83033,80521,77956,74694,72899,73776,70462,68272,66980,66721,67107,68763,72298,78159,86744,89397,88785,86954,82598,85248,86536,86807,87522,85040,82405,79518,77025,73633,71823,72842,69852,67823,66582,66051,66650,68273,71667,77498,84761,83898,81135,77692,73094,75557,77035,79427,83183,83463,82065,79817,77339,74208,72761,73764,70521,68345,67177,66647,67183,68711,72132,78156,85425,84529,81673,78100,73217,75457,76653,78652,82024,81763,80045,77746,75799,73040,71678,72767,69617,67374,66024,65304,65273,66050,67539,69148,70793,68532,67129,65078,62400,63252,64356,66314,68581,69384,69822,68952,67901,66258,65807,66879,63896,61436,59902,59353,59475,60179,61084,61705,62222,61227,60624,59203,58094,58384,58818,60252,63097,66252,67889,67721,66990,65846,65884,66079,63493,61435,60310,60149,60973,63199,67382,74341,83533,85301,82947,79816,75121,78253,79903,81458,83904,82937,80812,78078,75549,72621,71005,71966
369,70462,68272,66980,66721,67107,68763,72298,78159,86744,89397,88785,86954,82598,85248,86536,86807,87522,85040,82405,79518,77025,73633,71823,72842,69852,67823,66582,66051,66650,68273,71667,77498,84761,83898,81135,77692,73094,75557,77035,79427,83183,83463,82065,79817,77339,74208,72761,73764,70521,68345,67177,66647,67183,68711,72132,78156,85425,84529,81673,78100,73217,75457,76653,78652,82024,81763,80045,77746,75799,73040,71678,72767,69617,67374,66024,65304,65273,66050,67539,69148,70793,68532,67129,65078,62400,63252,64356,66314,68581,69384,69822,68952,67901,66258,65807,66879,63896,61436,59902,59353,59475,60179,61084,61705,62222,61227,60624,59203,58094,58384,58818,60252,63097,66252,67889,67721,66990,65846,65884,66079,63493,61435,60310,60149,60973,63199,67382,74341,83533,85301,82947,79816,75121,78253,79903,81458,83904,82937,80812,78078,75549,72621,71005,71966,68787,66583,65508,65245,65971,67959,71582,77462,86085,88000,86258,83093,78471,81055,82697,84614,88103,88027,86026,83329,80346,76672,74743,75784
370,69852,67823,66582,66051,66650,68273,71667,77498,84761,83898,81135,77692,73094,75557,77035,79427,83183,83463,82065,79817,77339,74208,72761,73764,70521,68345,67177,66647,67183,68711,72132,78156,85425,84529,81673,78100,73217,75457,76653,78652,82024,81763,80045,77746,75799,73040,71678,72767,69617,67374,66024,65304,65273,66050,67539,69148,70793,68532,67129,65078,62400,63252,64356,66314,68581,69384,69822,68952,67901,66258,65807,66879,63896,61436,59902,59353,59475,60179,61084,61705,62222,61227,60624,59203,58094,58384,58818,60252,63097,66252,67889,67721,66990,65846,65884,66079,63493,61435,60310,60149,60973,63199,67382,74341,83533,85301,82947,79816,75121,78253,79903,81458,83904,82937,80812,78078,75549,72621,71005,71966,68787,66583,65508,65245,65971,67959,71582,77462,86085,88000,86258,83093,78471,81055,82697,84614,88103,88027,86026,83329,80346,76672,74743,75784,72491,70447,69339,68855,69320,70935,74575,80364,88267,88365,85792,82797,78721,81333,82634,84375,87652,87119,84964,82412,79870,76070,74319,75443
371,70521,68345,67177,66647,67183,68711,72132,78156,85425,84529,81673,78100,73217,75457,76653,78652,82024,81763,80045,77746,75799,73040,71678,72767,69617,67374,66024,65304,65273,66050,67539,69148,70793,68532,67129,65078,62400,63252,64356,66314,68581,69384,69822,68952,67901,66258,65807,66879,63896,61436,59902,59353,59475,60179,61084,61705,62222,61227,60624,59203,58094,58384,58818,60252,63097,66252,67889,67721,66990,65846,65884,66079,63493,61435,60310,60149,60973,63199,67382,74341,83533,85301,82947,79816,75121,78253,79903,81458,83904,82937,80812,78078,75549,72621,71005,71966,68787,66583,65508,65245,65971,67959,71582,77462,86085,88000,86258,83093,78471,81055,82697,84614,88103,88027,86026,83329,80346,76672,74743,75784,72491,70447,69339,68855,69320,70935,74575,80364,88267,88365,85792,82797,78721,81333,82634,84375,87652,87119,84964,82412,79870,76070,74319,75443,72285,70102,68768,68289,68828,70260,73447,79165,87577,88821,86837,84368,80021,82490,83978,85740,89115,88739,86695,83658,80743,76867,75140,76141
372,69617,67374,66024,65304,65273,66050,67539,69148,70793,68532,67129,65078,62400,63252,64356,66314,68581,69384,69822,68952,67901,66258,65807,66879,63896,61436,59902,59353,59475,60179,61084,61705,62222,61227,60624,59203,58094,58384,58818,60252,63097,66252,67889,67721,66990,65846,65884,66079,63493,61435,60310,60149,60973,63199,67382,74341,83533,85301,82947,79816,75121,78253,79903,81458,83904,82937,80812,78078,75549,72621,71005,71966,68787,66583,65508,65245,65971,67959,71582,77462,86085,88000,86258,83093,78471,81055,82697,84614,88103,88027,86026,83329,80346,76672,74743,75784,72491,70447,69339,68855,69320,70935,74575,80364,88267,88365,85792,82797,78721,81333,82634,84375,87652,87119,84964,82412,79870,76070,74319,75443,72285,70102,68768,68289,68828,70260,73447,79165,87577,88821,86837,84368,80021,82490,83978,85740,89115,88739,86695,83658,80743,76867,75140,76141,73008,70813,69564,68972,69421,70763,74037,79813,87278,86731,84296,80848,76055,77863,78916,81170,84675,84183,82397,79968,77740,74466,72977,73885
373,63896,61436,59902,59353,59475,60179,61084,61705,62222,61227,60624,59203,58094,58384,58818,60252,63097,66252,67889,67721,66990,65846,65884,66079,63493,61435,60310,60149,60973,63199,67382,74341,83533,85301,82947,79816,75121,78253,79903,81458,83904,82937,80812,78078,75549,72621,71005,71966,68787,66583,65508,65245,65971,67959,71582,77462,86085,88000,86258,83093,78471,81055,82697,84614,88103,88027,86026,83329,80346,76672,74743,75784,72491,70447,69339,68855,69320,70935,74575,80364,88267,88365,85792,82797,78721,81333,82634,84375,87652,87119,84964,82412,79870,76070,74319,75443,72285,70102,68768,68289,68828,70260,73447,79165,87577,88821,86837,84368,80021,82490,83978,85740,89115,88739,86695,83658,80743,76867,75140,76141,73008,70813,69564,68972,69421,70763,74037,79813,87278,86731,84296,80848,76055,77863,78916,81170,84675,84183,82397,79968,77740,74466,72977,73885,70649,68249,66719,66042,65859,66541,67930,69569,71585,70496,70109,67706,65197,66162,67212,68035,69465,70026,70703,69632,68360,66820,66497,67707
374,63493,61435,60310,60149,60973,63199,67382,74341,83533,85301,82947,79816,75121,78253,79903,81458,83904,82937,80812,78078,75549,72621,71005,71966,68787,66583,65508,65245,65971,67959,71582,77462,86085,88000,86258,83093,78471,81055,82697,84614,88103,88027,86026,83329,80346,76672,74743,75784,72491,70447,69339,68855,69320,70935,74575,80364,88267,88365,85792,82797,78721,81333,82634,84375,87652,87119,84964,82412,79870,76070,74319,75443,72285,70102,68768,68289,68828,70260,73447,79165,87577,88821,86837,84368,80021,82490,83978,85740,89115,88739,86695,83658,80743,76867,75140,76141,73008,70813,69564,68972,69421,70763,74037,79813,87278,86731,84296,80848,76055,77863,78916,81170,84675,84183,82397,79968,77740,74466,72977,73885,70649,68249,66719,66042,65859,66541,67930,69569,71585,70496,70109,67706,65197,66162,67212,68035,69465,70026,70703,69632,68360,66820,66497,67707,64844,62426,60950,60214,60263,60949,61725,62306,62843,61780,60530,58539,56611,56720,57938,60448,64468,68146,70090,69652,68806,67515,67341,67809
375,68787,66583,65508,65245,65971,67959,71582,77462,86085,88000,86258,83093,78471,81055,82697,84614,88103,88027,86026,83329,80346,76672,74743,75784,72491,70447,69339,68855,69320,70935,74575,80364,88267,88365,85792,82797,78721,81333,82634,84375,87652,87119,84964,82412,79870,76070,74319,75443,72285,70102,68768,68289,68828,70260,73447,79165,87577,88821,86837,84368,80021,82490,83978,85740,89115,88739,86695,83658,80743,76867,75140,76141,73008,70813,69564,68972,69421,70763,74037,79813,87278,86731,84296,80848,76055,77863,78916,81170,84675,84183,82397,79968,77740,74466,72977,73885,70649,68249,66719,66042,65859,66541,67930,69569,71585,70496,70109,67706,65197,66162,67212,68035,69465,70026,70703,69632,68360,66820,66497,67707,64844,62426,60950,60214,60263,60949,61725,62306,62843,61780,60530,58539,56611,56720,57938,60448,64468,68146,70090,69652,68806,67515,67341,67809,65229,63079,61886,61731,62583,64586,68725,76147,85448,87148,85105,82332,78752,82782,85332,86308,87967,86528,84291,81766,78815,75340,73669,74574
376,72491,70447,69339,68855,69320,70935,74575,80364,88267,88365,85792,82797,78721,81333,82634,84375,87652,87119,84964,82412,79870,76070,74319,75443,72285,70102,68768,68289,68828,70260,73447,79165,87577,88821,86837,84368,80021,82490,83978,85740,89115,88739,86695,83658,80743,76867,75140,76141,73008,70813,69564,68972,69421,70763,74037,79813,87278,86731,84296,80848,76055,77863,78916,81170,84675,84183,82397,79968,77740,74466,72977,73885,70649,68249,66719,66042,65859,66541,67930,69569,71585,70496,70109,67706,65197,66162,67212,68035,69465,70026,70703,69632,68360,66820,66497,67707,64844,62426,60950,60214,60263,60949,61725,62306,62843,61780,60530,58539,56611,56720,57938,60448,64468,68146,70090,69652,68806,67515,67341,67809,65229,63079,61886,61731,62583,64586,68725,76147,85448,87148,85105,82332,78752,82782,85332,86308,87967,86528,84291,81766,78815,75340,73669,74574,71643,69542,68262,67907,68326,70033,73689,79692,87579,87313,84823,81467,76578,78714,79818,81714,85930,86289,84852,82169,79500,76024,74437,75535
377,72285,70102,68768,68289,68828,70260,73447,79165,87577,88821,86837,84368,80021,82490,83978,85740,89115,88739,86695,83658,80743,76867,75140,76141,73008,70813,69564,68972,69421,70763,74037,79813,87278,86731,84296,80848,76055,77863,78916,81170,84675,84183,82397,79968,77740,74466,72977,73885,70649,68249,66719,66042,65859,66541,67930,69569,71585,70496,70109,67706,65197,66162,67212,68035,69465,70026,70703,69632,68360,66820,66497,67707,64844,62426,60950,60214,60263,60949,61725,62306,62843,61780,60530,58539,56611,56720,57938,60448,64468,68146,70090,69652,68806,67515,67341,67809,65229,63079,61886,61731,62583,64586,68725,76147,85448,87148,85105,82332,78752,82782,85332,86308,87967,86528,84291,81766,78815,75340,73669,74574,71643,69542,68262,67907,68326,70033,73689,79692,87579,87313,84823,81467,76578,78714,79818,81714,85930,86289,84852,82169,79500,76024,74437,75535,72236,70174,68669,68307,68632,70155,73495,79267,86911,87603,86573,84455,80358,83728,85814,86645,88076,85825,83780,81218,78800,75513,73907,74890
378,73008,70813,69564,68972,69421,70763,74037,79813,87278,86731,84296,80848,76055,77863,78916,81170,84675,84183,82397,79968,77740,74466,72977,73885,70649,68249,66719,66042,65859,66541,67930,69569,71585,70496,70109,67706,65197,66162,67212,68035,69465,70026,70703,69632,68360,66820,66497,67707,64844,62426,60950,60214,60263,60949,61725,62306,62843,61780,60530,58539,56611,56720,57938,60448,64468,68146,70090,69652,68806,67515,67341,67809,65229,63079,61886,61731,62583,64586,68725,76147,85448,87148,85105,82332,78752,82782,85332,86308,87967,86528,84291,81766,78815,75340,73669,74574,71643,69542,68262,67907,68326,70033,73689,79692,87579,87313,84823,81467,76578,78714,79818,81714,85930,86289,84852,82169,79500,76024,74437,75535,72236,70174,68669,68307,68632,70155,73495,79267,86911,87603,86573,84455,80358,83728,85814,86645,88076,85825,83780,81218,78800,75513,73907,74890,71843,69998,68928,68381,68812,70398,73834,79506,87239,87886,85665,82000,76650,78390,79301,81052,84787,85103,84301,82147,79539,76039,74440,75274
379,70649,68249,66719,66042,65859,66541,67930,69569,71585,70496,70109,67706,65197,66162,67212,68035,69465,70026,70703,69632,68360,66820,66497,67707,64844,62426,60950,60214,60263,60949,61725,62306,62843,61780,60530,58539,56611,56720,57938,60448,64468,68146,70090,69652,68806,67515,67341,67809,65229,63079,61886,61731,62583,64586,68725,76147,85448,87148,85105,82332,78752,82782,85332,86308,87967,86528,84291,81766,78815,75340,73669,74574,71643,69542,68262,67907,68326,70033,73689,79692,87579,87313,84823,81467,76578,78714,79818,81714,85930,86289,84852,82169,79500,76024,74437,75535,72236,70174,68669,68307,68632,70155,73495,79267,86911,87603,86573,84455,80358,83728,85814,86645,88076,85825,83780,81218,78800,75513,73907,74890,71843,69998,68928,68381,68812,70398,73834,79506,87239,87886,85665,82000,76650,78390,79301,81052,84787,85103,84301,82147,79539,76039,74440,75274,72094,70035,68777,68327,68636,70283,73820,79560,86522,85638,83449,79990,75051,77069,78275,79776,82780,82205,81065,78875,76991,74093,72774,73671
380,64844,62426,60950,60214,60263,60949,61725,62306,62843,61780,60530,58539,56611,56720,57938,60448,64468,68146,70090,69652,68806,67515,67341,67809,65229,63079,61886,61731,62583,64586,68725,76147,85448,87148,85105,82332,78752,82782,85332,86308,87967,86528,84291,81766,78815,75340,73669,74574,71643,69542,68262,67907,68326,70033,73689,79692,87579,87313,84823,81467,76578,78714,79818,81714,85930,86289,84852,82169,79500,76024,74437,75535,72236,70174,68669,68307,68632,70155,73495,79267,86911,87603,86573,84455,80358,83728,85814,86645,88076,85825,83780,81218,78800,75513,73907,74890,71843,69998,68928,68381,68812,70398,73834,79506,87239,87886,85665,82000,76650,78390,79301,81052,84787,85103,84301,82147,79539,76039,74440,75274,72094,70035,68777,68327,68636,70283,73820,79560,86522,85638,83449,79990,75051,77069,78275,79776,82780,82205,81065,78875,76991,74093,72774,73671,70388,68074,66593,65751,65697,66393,67881,69474,72105,71880,71131,69310,66381,66584,67040,67663,68765,69377,70146,69645,68516,66693,66504,67494
381,65229,63079,61886,61731,62583,64586,68725,76147,85448,87148,85105,82332,78752,82782,85332,86308,87967,86528,84291,81766,78815,75340,73669,74574,71643,69542,68262,67907,68326,70033,73689,79692,87579,87313,84823,81467,76578,78714,79818,81714,85930,86289,84852,82169,79500,76024,74437,75535,72236,70174,68669,68307,68632,70155,73495,79267,86911,87603,86573,84455,80358,83728,85814,86645,88076,85825,83780,81218,78800,75513,73907,74890,71843,69998,68928,68381,68812,70398,73834,79506,87239,87886,85665,82000,76650,78390,79301,81052,84787,85103,84301,82147,79539,76039,74440,75274,72094,70035,68777,68327,68636,70283,73820,79560,86522,85638,83449,79990,75051,77069,78275,79776,82780,82205,81065,78875,76991,74093,72774,73671,70388,68074,66593,65751,65697,66393,67881,69474,72105,71880,71131,69310,66381,66584,67040,67663,68765,69377,70146,69645,68516,66693,66504,67494,64528,62103,60483,59865,59885,60517,61399,61977,62603,61850,62010,60266,58746,59246,59541,60918,62986,65470,67726,67538,66712,65511,65351,65531
382,71643,69542,68262,67907,68326,70033,73689,79692,87579,87313,84823,81467,76578,78714,79818,81714,85930,86289,84852,82169,79500,76024,74437,75535,72236,70174,68669,68307,68632,70155,73495,79267,86911,87603,86573,84455,80358,83728,85814,86645,88076,85825,83780,81218,78800,75513,73907,74890,71843,69998,68928,68381,68812,70398,73834,79506,87239,87886,85665,82000,76650,78390,79301,81052,84787,85103,84301,82147,79539,76039,74440,75274,72094,70035,68777,68327,68636,70283,73820,79560,86522,85638,83449,79990,75051,77069,78275,79776,82780,82205,81065,78875,76991,74093,72774,73671,70388,68074,66593,65751,65697,66393,67881,69474,72105,71880,71131,69310,66381,66584,67040,67663,68765,69377,70146,69645,68516,66693,66504,67494,64528,62103,60483,59865,59885,60517,61399,61977,62603,61850,62010,60266,58746,59246,59541,60918,62986,65470,67726,67538,66712,65511,65351,65531,62910,60698,59552,59387,60105,62170,66328,73139,81916,83089,82014,80115,76943,80252,81881,82089,82953,81415,80005,77720,75122,72113,70379,70926
383,72236,70174,68669,68307,68632,70155,73495,79267,86911,87603,86573,84455,80358,83728,85814,86645,88076,85825,83780,81218,78800,75513,73907,74890,71843,69998,68928,68381,68812,70398,73834,79506,87239,87886,85665,82000,76650,78390,79301,81052,84787,85103,84301,82147,79539,76039,74440,75274,72094,70035,68777,68327,68636,70283,73820,79560,86522,85638,83449,79990,75051,77069,78275,79776,82780,82205,81065,78875,76991,74093,72774,73671,70388,68074,66593,65751,65697,66393,67881,69474,72105,71880,71131,69310,66381,66584,67040,67663,68765,69377,70146,69645,68516,66693,66504,67494,64528,62103,60483,59865,59885,60517,61399,61977,62603,61850,62010,60266,58746,59246,59541,60918,62986,65470,67726,67538,66712,65511,65351,65531,62910,60698,59552,59387,60105,62170,66328,73139,81916,83089,82014,80115,76943,80252,81881,82089,82953,81415,80005,77720,75122,72113,70379,70926,67304,64873,63700,63385,63858,65573,69104,74242,82512,85955,86241,85356,82227,84643,84792,84191,84203,82135,80685,78126,75607,72171,70759,71423
384,71843,69998,68928,68381,68812,70398,73834,79506,87239,87886,85665,82000,76650,78390,79301,81052,84787,85103,84301,82147,79539,76039,74440,75274,72094,70035,68777,68327,68636,70283,73820,79560,86522,85638,83449,79990,75051,77069,78275,79776,82780,82205,81065,78875,76991,74093,72774,73671,70388,68074,66593,65751,65697,66393,67881,69474,72105,71880,71131,69310,66381,66584,67040,67663,68765,69377,70146,69645,68516,66693,66504,67494,64528,62103,60483,59865,59885,60517,61399,61977,62603,61850,62010,60266,58746,59246,59541,60918,62986,65470,67726,67538,66712,65511,65351,65531,62910,60698,59552,59387,60105,62170,66328,73139,81916,83089,82014,80115,76943,80252,81881,82089,82953,81415,80005,77720,75122,72113,70379,70926,67304,64873,63700,63385,63858,65573,69104,74242,82512,85955,86241,85356,82227,84643,84792,84191,84203,82135,80685,78126,75607,72171,70759,71423,67984,65675,64470,63940,64781,66545,70285,75741,82737,82984,81005,77798,73081,75040,76128,77142,79809,79782,79204,77494,75632,72636,71127,71833
385,72094,70035,68777,68327,68636,70283,73820,79560,86522,85638,83449,79990,75051,77069,78275,79776,82780,82205,81065,78875,76991,74093,72774,73671,70388,68074,66593,65751,65697,66393,67881,69474,72105,71880,71131,69310,66381,66584,67040,67663,68765,69377,70146,69645,68516,66693,66504,67494,64528,62103,60483,59865,59885,60517,61399,61977,62603,61850,62010,60266,58746,59246,59541,60918,62986,65470,67726,67538,66712,65511,65351,65531,62910,60698,59552,59387,60105,62170,66328,73139,81916,83089,82014,80115,76943,80252,81881,82089,82953,81415,80005,77720,75122,72113,70379,70926,67304,64873,63700,63385,63858,65573,69104,74242,82512,85955,86241,85356,82227,84643,84792,84191,84203,82135,80685,78126,75607,72171,70759,71423,67984,65675,64470,63940,64781,66545,70285,75741,82737,82984,81005,77798,73081,75040,76128,77142,79809,79782,79204,77494,75632,72636,71127,71833,68422,66173,64873,64406,65074,66954,70504,76294,82938,82071,79443,75923,71259,73803,74681,75782,79744,80353,80063,78202,75963,73084,71711,72448
386,70388,68074,66593,65751,65697,66393,67881,69474,72105,71880,71131,69310,66381,66584,67040,67663,68765,69377,70146,69645,68516,66693,66504,67494,64528,62103,60483,59865,59885,60517,61399,61977,62603,61850,62010,60266,58746,59246,59541,60918,62986,65470,67726,67538,66712,65511,65351,65531,62910,60698,59552,59387,60105,62170,66328,73139,81916,83089,82014,80115,76943,80252,81881,82089,82953,81415,80005,77720,75122,72113,70379,70926,67304,64873,63700,63385,63858,65573,69104,74242,82512,85955,86241,85356,82227,84643,84792,84191,84203,82135,80685,78126,75607,72171,70759,71423,67984,65675,64470,63940,64781,66545,70285,75741,82737,82984,81005,77798,73081,75040,76128,77142,79809,79782,79204,77494,75632,72636,71127,71833,68422,66173,64873,64406,65074,66954,70504,76294,82938,82071,79443,75923,71259,73803,74681,75782,79744,80353,80063,78202,75963,73084,71711,72448,69048,66681,65302,64987,65504,66989,70451,75951,82283,80789,77579,74221,69561,70940,71043,71798,74878,75248,75419,73960,72687,70375,69366,70287
387,64528,62103,60483,59865,59885,60517,61399,61977,62603,61850,62010,60266,58746,59246,59541,60918,62986,65470,67726,67538,66712,65511,65351,65531,62910,60698,59552,59387,60105,62170,66328,73139,81916,83089,82014,80115,76943,80252,81881,82089,82953,81415,80005,77720,75122,72113,70379,70926,67304,64873,63700,63385,63858,65573,69104,74242,82512,85955,86241,85356,82227,84643,84792,84191,84203,82135,80685,78126,75607,72171,70759,71423,67984,65675,64470,63940,64781,66545,70285,75741,82737,82984,81005,77798,73081,75040,76128,77142,79809,79782,79204,77494,75632,72636,71127,71833,68422,66173,64873,64406,65074,66954,70504,76294,82938,82071,79443,75923,71259,73803,74681,75782,79744,80353,80063,78202,75963,73084,71711,72448,69048,66681,65302,64987,65504,66989,70451,75951,82283,80789,77579,74221,69561,70940,71043,71798,74878,75248,75419,73960,72687,70375,69366,70287,67085,64642,63236,62583,62606,63327,64548,65787,66802,63908,61884,59714,56657,56064,56445,58286,62254,65685,68009,67666,66529,64954,64911,66200
388,62910,60698,59552,59387,60105,62170,66328,73139,81916,83089,82014,80115,76943,80252,81881,82089,82953,81415,80005,77720,75122,72113,70379,70926,67304,64873,63700,63385,63858,65573,69104,74242,82512,85955,86241,85356,82227,84643,84792,84191,84203,82135,80685,78126,75607,72171,70759,71423,67984,65675,64470,63940,64781,66545,70285,75741,82737,82984,81005,77798,73081,75040,76128,77142,79809,79782,79204,77494,75632,72636,71127,71833,68422,66173,64873,64406,65074,66954,70504,76294,82938,82071,79443,75923,71259,73803,74681,75782,79744,80353,80063,78202,75963,73084,71711,72448,69048,66681,65302,64987,65504,66989,70451,75951,82283,80789,77579,74221,69561,70940,71043,71798,74878,75248,75419,73960,72687,70375,69366,70287,67085,64642,63236,62583,62606,63327,64548,65787,66802,63908,61884,59714,56657,56064,56445,58286,62254,65685,68009,67666,66529,64954,64911,66200,63498,61003,59666,58954,59118,59776,60780,61401,60170,56379,55559,53639,51519,51124,51648,54143,58488,62530,65026,64822,64171,63281,63628,63911
389,67304,64873,63700,63385,63858,65573,69104,74242,82512,85955,86241,85356,82227,84643,84792,84191,84203,82135,80685,78126,75607,72171,70759,71423,67984,65675,64470,63940,64781,66545,70285,75741,82737,82984,81005,77798,73081,75040,76128,77142,79809,79782,79204,77494,75632,72636,71127,71833,68422,66173,64873,64406,65074,66954,70504,76294,82938,82071,79443,75923,71259,73803,74681,75782,79744,80353,80063,78202,75963,73084,71711,72448,69048,66681,65302,64987,65504,66989,70451,75951,82283,80789,77579,74221,69561,70940,71043,71798,74878,75248,75419,73960,72687,70375,69366,70287,67085,64642,63236,62583,62606,63327,64548,65787,66802,63908,61884,59714,56657,56064,56445,58286,62254,65685,68009,67666,66529,64954,64911,66200,63498,61003,59666,58954,59118,59776,60780,61401,60170,56379,55559,53639,51519,51124,51648,54143,58488,62530,65026,64822,64171,63281,63628,63911,61339,59035,57568,56897,56823,57455,58056,58434,56576,51819,50235,48268,47116,47012,47771,50175,54496,58198,60474,60452,59826,59373,59935,60395
390,67984,65675,64470,63940,64781,66545,70285,75741,82737,82984,81005,77798,73081,75040,76128,77142,79809,79782,79204,77494,75632,72636,71127,71833,68422,66173,64873,64406,65074,66954,70504,76294,82938,82071,79443,75923,71259,73803,74681,75782,79744,80353,80063,78202,75963,73084,71711,72448,69048,66681,65302,64987,65504,66989,70451,75951,82283,80789,77579,74221,69561,70940,71043,71798,74878,75248,75419,73960,72687,70375,69366,70287,67085,64642,63236,62583,62606,63327,64548,65787,66802,63908,61884,59714,56657,56064,56445,58286,62254,65685,68009,67666,66529,64954,64911,66200,63498,61003,59666,58954,59118,59776,60780,61401,60170,56379,55559,53639,51519,51124,51648,54143,58488,62530,65026,64822,64171,63281,63628,63911,61339,59035,57568,56897,56823,57455,58056,58434,56576,51819,50235,48268,47116,47012,47771,50175,54496,58198,60474,60452,59826,59373,59935,60395,57695,55469,54013,53355,53391,54069,55008,55646,54708,51310,49977,48697,48147,48309,48950,50432,52820,55561,58112,58326,58415,58112,58795,59840
391,68422,66173,64873,64406,65074,66954,70504,76294,82938,82071,79443,75923,71259,73803,74681,75782,79744,80353,80063,78202,75963,73084,71711,72448,69048,66681,65302,64987,65504,66989,70451,75951,82283,80789,77579,74221,69561,70940,71043,71798,74878,75248,75419,73960,72687,70375,69366,70287,67085,64642,63236,62583,62606,63327,64548,65787,66802,63908,61884,59714,56657,56064,56445,58286,62254,65685,68009,67666,66529,64954,64911,66200,63498,61003,59666,58954,59118,59776,60780,61401,60170,56379,55559,53639,51519,51124,51648,54143,58488,62530,65026,64822,64171,63281,63628,63911,61339,59035,57568,56897,56823,57455,58056,58434,56576,51819,50235,48268,47116,47012,47771,50175,54496,58198,60474,60452,59826,59373,59935,60395,57695,55469,54013,53355,53391,54069,55008,55646,54708,51310,49977,48697,48147,48309,48950,50432,52820,55561,58112,58326,58415,58112,58795,59840,57484,55481,54219,53509,53465,54200,55050,55703,55868,54367,54075,51913,50015,49611,49835,51614,56111,60644,63799,63781,63184,61910,61755,61903
392,69048,66681,65302,64987,65504,66989,70451,75951,82283,80789,77579,74221,69561,70940,71043,71798,74878,75248,75419,73960,72687,70375,69366,70287,67085,64642,63236,62583,62606,63327,64548,65787,66802,63908,61884,59714,56657,56064,56445,58286,62254,65685,68009,67666,66529,64954,64911,66200,63498,61003,59666,58954,59118,59776,60780,61401,60170,56379,55559,53639,51519,51124,51648,54143,58488,62530,65026,64822,64171,63281,63628,63911,61339,59035,57568,56897,56823,57455,58056,58434,56576,51819,50235,48268,47116,47012,47771,50175,54496,58198,60474,60452,59826,59373,59935,60395,57695,55469,54013,53355,53391,54069,55008,55646,54708,51310,49977,48697,48147,48309,48950,50432,52820,55561,58112,58326,58415,58112,58795,59840,57484,55481,54219,53509,53465,54200,55050,55703,55868,54367,54075,51913,50015,49611,49835,51614,56111,60644,63799,63781,63184,61910,61755,61903,59424,57341,56122,55786,56551,58406,62341,68977,76890,77161,75961,73420,69075,70736,71870,73836,77767,78841,78233,76062,73486,70156,68868,69555
393,67085,64642,63236,62583,62606,63327,64548,65787,66802,63908,61884,59714,56657,56064,56445,58286,62254,65685,68009,67666,66529,64954,64911,66200,63498,61003,59666,58954,59118,59776,60780,61401,60170,56379,55559,53639,51519,51124,51648,54143,58488,62530,65026,64822,64171,63281,63628,63911,61339,59035,57568,56897,56823,57455,58056,58434,56576,51819,50235,48268,47116,47012,47771,50175,54496,58198,60474,60452,59826,59373,59935,60395,57695,55469,54013,53355,53391,54069,55008,55646,54708,51310,49977,48697,48147,48309,48950,50432,52820,55561,58112,58326,58415,58112,58795,59840,57484,55481,54219,53509,53465,54200,55050,55703,55868,54367,54075,51913,50015,49611,49835,51614,56111,60644,63799,63781,63184,61910,61755,61903,59424,57341,56122,55786,56551,58406,62341,68977,76890,77161,75961,73420,69075,70736,71870,73836,77767,78841,78233,76062,73486,70156,68868,69555,66481,64336,63165,62809,63371,65098,68637,74443,81795,81851,79902,78032,74139,75954,77186,79351,82614,82366,81068,78681,76463,73122,71706,72612
394,63498,61003,59666,58954,59118,59776,60780,61401,60170,56379,55559,53639,51519,51124,51648,54143,58488,62530,65026,64822,64171,63281,63628,63911,61339,59035,57568,56897,56823,57455,58056,58434,56576,51819,50235,48268,47116,47012,47771,50175,54496,58198,60474,60452,59826,59373,59935,60395,57695,55469,54013,53355,53391,54069,55008,55646,54708,51310,49977,48697,48147,48309,48950,50432,52820,55561,58112,58326,58415,58112,58795,59840,57484,55481,54219,53509,53465,54200,55050,55703,55868,54367,54075,51913,50015,49611,49835,51614,56111,60644,63799,63781,63184,61910,61755,61903,59424,57341,56122,55786,56551,58406,62341,68977,76890,77161,75961,73420,69075,70736,71870,73836,77767,78841,78233,76062,73486,70156,68868,69555,66481,64336,63165,62809,63371,65098,68637,74443,81795,81851,79902,78032,74139,75954,77186,79351,82614,82366,81068,78681,76463,73122,71706,72612,69739,67555,66136,65382,65389,66112,67674,69514,71619,70359,69143,66713,63719,64626,66056,67870,70126,71446,73089,72370,70817,68657,68298,69546
395,61339,59035,57568,56897,56823,57455,58056,58434,56576,51819,50235,48268,47116,47012,47771,50175,54496,58198,60474,60452,59826,59373,59935,60395,57695,55469,54013,53355,53391,54069,55008,55646,54708,51310,49977,48697,48147,48309,48950,50432,52820,55561,58112,58326,58415,58112,58795,59840,57484,55481,54219,53509,53465,54200,55050,55703,55868,54367,54075,51913,50015,49611,49835,51614,56111,60644,63799,63781,63184,61910,61755,61903,59424,57341,56122,55786,56551,58406,62341,68977,76890,77161,75961,73420,69075,70736,71870,73836,77767,78841,78233,76062,73486,70156,68868,69555,66481,64336,63165,62809,63371,65098,68637,74443,81795,81851,79902,78032,74139,75954,77186,79351,82614,82366,81068,78681,76463,73122,71706,72612,69739,67555,66136,65382,65389,66112,67674,69514,71619,70359,69143,66713,63719,64626,66056,67870,70126,71446,73089,72370,70817,68657,68298,69546,66824,64596,63050,62331,62307,62925,63877,64384,63575,60797,59955,58679,57458,58161,58855,60211,63466,67055,69720,69371,68326,67000,66799,67180
396,57695,55469,54013,53355,53391,54069,55008,55646,54708,51310,49977,48697,48147,48309,48950,50432,52820,55561,58112,58326,58415,58112,58795,59840,57484,55481,54219,53509,53465,54200,55050,55703,55868,54367,54075,51913,50015,49611,49835,51614,56111,60644,63799,63781,63184,61910,61755,61903,59424,57341,56122,55786,56551,58406,62341,68977,76890,77161,75961,73420,69075,70736,71870,73836,77767,78841,78233,76062,73486,70156,68868,69555,66481,64336,63165,62809,63371,65098,68637,74443,81795,81851,79902,78032,74139,75954,77186,79351,82614,82366,81068,78681,76463,73122,71706,72612,69739,67555,66136,65382,65389,66112,67674,69514,71619,70359,69143,66713,63719,64626,66056,67870,70126,71446,73089,72370,70817,68657,68298,69546,66824,64596,63050,62331,62307,62925,63877,64384,63575,60797,59955,58679,57458,58161,58855,60211,63466,67055,69720,69371,68326,67000,66799,67180,64526,62643,61626,61096,61857,63989,68325,75482,83823,85655,86887,85216,80082,82866,85055,85694,87351,85329,83575,80486,77326,73625,71942,72892
397,57484,55481,54219,53509,53465,54200,55050,55703,55868,54367,54075,51913,50015,49611,49835,51614,56111,60644,63799,63781,63184,61910,61755,61903,59424,57341,56122,55786,56551,58406,62341,68977,76890,77161,75961,73420,69075,70736,71870,73836,77767,78841,78233,76062,73486,70156,68868,69555,66481,64336,63165,62809,63371,65098,68637,74443,81795,81851,79902,78032,74139,75954,77186,79351,82614,82366,81068,78681,76463,73122,71706,72612,69739,67555,66136,65382,65389,66112,67674,69514,71619,70359,69143,66713,63719,64626,66056,67870,70126,71446,73089,72370,70817,68657,68298,69546,66824,64596,63050,62331,62307,62925,63877,64384,63575,60797,59955,58679,57458,58161,58855,60211,63466,67055,69720,69371,68326,67000,66799,67180,64526,62643,61626,61096,61857,63989,68325,75482,83823,85655,86887,85216,80082,82866,85055,85694,87351,85329,83575,80486,77326,73625,71942,72892,69866,67728,66604,65928,66466,68201,71754,77490,84610,85352,83296,78937,73484,75569,76254,77220,80402,81422,81736,79585,77032,73841,72161,72907
398,59424,57341,56122,55786,56551,58406,62341,68977,76890,77161,75961,73420,69075,70736,71870,73836,77767,78841,78233,76062,73486,70156,68868,69555,66481,64336,63165,62809,63371,65098,68637,74443,81795,81851,79902,78032,74139,75954,77186,79351,82614,82366,81068,78681,76463,73122,71706,72612,69739,67555,66136,65382,65389,66112,67674,69514,71619,70359,69143,66713,63719,64626,66056,67870,70126,71446,73089,72370,70817,68657,68298,69546,66824,64596,63050,62331,62307,62925,63877,64384,63575,60797,59955,58679,57458,58161,58855,60211,63466,67055,69720,69371,68326,67000,66799,67180,64526,62643,61626,61096,61857,63989,68325,75482,83823,85655,86887,85216,80082,82866,85055,85694,87351,85329,83575,80486,77326,73625,71942,72892,69866,67728,66604,65928,66466,68201,71754,77490,84610,85352,83296,78937,73484,75569,76254,77220,80402,81422,81736,79585,77032,73841,72161,72907,69734,67671,66595,66125,66744,68420,72034,77646,83819,82889,80827,77380,72934,75226,76966,78276,80563,79892,79583,77622,75584,72667,71066,71815
399,66481,64336,63165,62809,63371,65098,68637,74443,81795,81851,79902,78032,74139,75954,77186,79351,82614,82366,81068,78681,76463,73122,71706,72612,69739,67555,66136,65382,65389,66112,67674,69514,71619,70359,69143,66713,63719,64626,66056,67870,70126,71446,73089,72370,70817,68657,68298,69546,66824,64596,63050,62331,62307,62925,63877,64384,63575,60797,59955,58679,57458,58161,58855,60211,63466,67055,69720,69371,68326,67000,66799,67180,64526,62643,61626,61096,61857,63989,68325,75482,83823,85655,86887,85216,80082,82866,85055,85694,87351,85329,83575,80486,77326,73625,71942,72892,69866,67728,66604,65928,66466,68201,71754,77490,84610,85352,83296,78937,73484,75569,76254,77220,80402,81422,81736,79585,77032,73841,72161,72907,69734,67671,66595,66125,66744,68420,72034,77646,83819,82889,80827,77380,72934,75226,76966,78276,80563,79892,79583,77622,75584,72667,71066,71815,68290,65930,64742,64292,64856,66432,69846,75401,81626,80141,77536,73930,69181,71497,72387,74001,77638,78767,79132,77511,75223,72550,70964,71849
400,69739,67555,66136,65382,65389,66112,67674,69514,71619,70359,69143,66713,63719,64626,66056,67870,70126,71446,73089,72370,70817,68657,68298,69546,66824,64596,63050,62331,62307,62925,63877,64384,63575,60797,59955,58679,57458,58161,58855,60211,63466,67055,69720,69371,68326,67000,66799,67180,64526,62643,61626,61096,61857,63989,68325,75482,83823,85655,86887,85216,80082,82866,85055,85694,87351,85329,83575,80486,77326,73625,71942,72892,69866,67728,66604,65928,66466,68201,71754,77490,84610,85352,83296,78937,73484,75569,76254,77220,80402,81422,81736,79585,77032,73841,72161,72907,69734,67671,66595,66125,66744,68420,72034,77646,83819,82889,80827,77380,72934,75226,76966,78276,80563,79892,79583,77622,75584,72667,71066,71815,68290,65930,64742,64292,64856,66432,69846,75401,81626,80141,77536,73930,69181,71497,72387,74001,77638,78767,79132,77511,75223,72550,70964,71849,68510,66415,65186,64918,65628,67419,70814,76170,81928,80398,77780,74104,69321,70904,71591,73273,76517,76849,76831,75343,73766,71239,69887,70724
401,66824,64596,63050,62331,62307,62925,63877,64384,63575,60797,59955,58679,57458,58161,58855,60211,63466,67055,69720,69371,68326,67000,66799,67180,64526,62643,61626,61096,61857,63989,68325,75482,83823,85655,86887,85216,80082,82866,85055,85694,87351,85329,83575,80486,77326,73625,71942,72892,69866,67728,66604,65928,66466,68201,71754,77490,84610,85352,83296,78937,73484,75569,76254,77220,80402,81422,81736,79585,77032,73841,72161,72907,69734,67671,66595,66125,66744,68420,72034,77646,83819,82889,80827,77380,72934,75226,76966,78276,80563,79892,79583,77622,75584,72667,71066,71815,68290,65930,64742,64292,64856,66432,69846,75401,81626,80141,77536,73930,69181,71497,72387,74001,77638,78767,79132,77511,75223,72550,70964,71849,68510,66415,65186,64918,65628,67419,70814,76170,81928,80398,77780,74104,69321,70904,71591,73273,76517,76849,76831,75343,73766,71239,69887,70724,67383,65020,63580,62888,63209,64050,65487,66783,67542,64534,62657,59562,56260,56642,57190,58924,62014,64435,66658,66643,65992,64868,64648,65461
402,64526,62643,61626,61096,61857,63989,68325,75482,83823,85655,86887,85216,80082,82866,85055,85694,87351,85329,83575,80486,77326,73625,71942,72892,69866,67728,66604,65928,66466,68201,71754,77490,84610,85352,83296,78937,73484,75569,76254,77220,80402,81422,81736,79585,77032,73841,72161,72907,69734,67671,66595,66125,66744,68420,72034,77646,83819,82889,80827,77380,72934,75226,76966,78276,80563,79892,79583,77622,75584,72667,71066,71815,68290,65930,64742,64292,64856,66432,69846,75401,81626,80141,77536,73930,69181,71497,72387,74001,77638,78767,79132,77511,75223,72550,70964,71849,68510,66415,65186,64918,65628,67419,70814,76170,81928,80398,77780,74104,69321,70904,71591,73273,76517,76849,76831,75343,73766,71239,69887,70724,67383,65020,63580,62888,63209,64050,65487,66783,67542,64534,62657,59562,56260,56642,57190,58924,62014,64435,66658,66643,65992,64868,64648,65461,62250,59791,58345,57959,58183,59060,59875,60076,59623,56699,56157,54981,54402,55826,57263,58405,59892,62250,65156,65396,64819,63818,63554,63638
403,69866,67728,66604,65928,66466,68201,71754,77490,84610,85352,83296,78937,73484,75569,76254,77220,80402,81422,81736,79585,77032,73841,72161,72907,69734,67671,66595,66125,66744,68420,72034,77646,83819,82889,80827,77380,72934,75226,76966,78276,80563,79892,79583,77622,75584,72667,71066,71815,68290,65930,64742,64292,64856,66432,69846,75401,81626,80141,77536,73930,69181,71497,72387,74001,77638,78767,79132,77511,75223,72550,70964,71849,68510,66415,65186,64918,65628,67419,70814,76170,81928,80398,77780,74104,69321,70904,71591,73273,76517,76849,76831,75343,73766,71239,69887,70724,67383,65020,63580,62888,63209,64050,65487,66783,67542,64534,62657,59562,56260,56642,57190,58924,62014,64435,66658,66643,65992,64868,64648,65461,62250,59791,58345,57959,58183,59060,59875,60076,59623,56699,56157,54981,54402,55826,57263,58405,59892,62250,65156,65396,64819,63818,63554,63638,60888,58796,57633,57444,58201,60506,64826,71371,78914,79229,77419,74955,71299,74204,75470,76572,79159,78815,78050,76062,74049,71358,69900,70742
404,69734,67671,66595,66125,66744,68420,72034,77646,83819,82889,80827,77380,72934,75226,76966,78276,80563,79892,79583,77622,75584,72667,71066,71815,68290,65930,64742,64292,64856,66432,69846,75401,81626,80141,77536,73930,69181,71497,72387,74001,77638,78767,79132,77511,75223,72550,70964,71849,68510,66415,65186,64918,65628,67419,70814,76170,81928,80398,77780,74104,69321,70904,71591,73273,76517,76849,76831,75343,73766,71239,69887,70724,67383,65020,63580,62888,63209,64050,65487,66783,67542,64534,62657,59562,56260,56642,57190,58924,62014,64435,66658,66643,65992,64868,64648,65461,62250,59791,58345,57959,58183,59060,59875,60076,59623,56699,56157,54981,54402,55826,57263,58405,59892,62250,65156,65396,64819,63818,63554,63638,60888,58796,57633,57444,58201,60506,64826,71371,78914,79229,77419,74955,71299,74204,75470,76572,79159,78815,78050,76062,74049,71358,69900,70742,67249,64999,63841,63575,64179,66145,69897,75552,82761,83893,82358,79817,75852,78383,79556,80639,82983,83164,82931,80752,78241,74748,72915,73971
405,68290,65930,64742,64292,64856,66432,69846,75401,81626,80141,77536,73930,69181,71497,72387,74001,77638,78767,79132,77511,75223,72550,70964,71849,68510,66415,65186,64918,65628,67419,70814,76170,81928,80398,77780,74104,69321,70904,71591,73273,76517,76849,76831,75343,73766,71239,69887,70724,67383,65020,63580,62888,63209,64050,65487,66783,67542,64534,62657,59562,56260,56642,57190,58924,62014,64435,66658,66643,65992,64868,64648,65461,62250,59791,58345,57959,58183,59060,59875,60076,59623,56699,56157,54981,54402,55826,57263,58405,59892,62250,65156,65396,64819,63818,63554,63638,60888,58796,57633,57444,58201,60506,64826,71371,78914,79229,77419,74955,71299,74204,75470,76572,79159,78815,78050,76062,74049,71358,69900,70742,67249,64999,63841,63575,64179,66145,69897,75552,82761,83893,82358,79817,75852,78383,79556,80639,82983,83164,82931,80752,78241,74748,72915,73971,70645,68629,67411,66769,67160,68841,72438,77845,85017,86687,85694,83124,78676,80696,81655,82636,85266,85062,84536,82424,79945,76231,74814,75844
406,68510,66415,65186,64918,65628,67419,70814,76170,81928,80398,77780,74104,69321,70904,71591,73273,76517,76849,76831,75343,73766,71239,69887,70724,67383,65020,63580,62888,63209,64050,65487,66783,67542,64534,62657,59562,56260,56642,57190,58924,62014,64435,66658,66643,65992,64868,64648,65461,62250,59791,58345,57959,58183,59060,59875,60076,59623,56699,56157,54981,54402,55826,57263,58405,59892,62250,65156,65396,64819,63818,63554,63638,60888,58796,57633,57444,58201,60506,64826,71371,78914,79229,77419,74955,71299,74204,75470,76572,79159,78815,78050,76062,74049,71358,69900,70742,67249,64999,63841,63575,64179,66145,69897,75552,82761,83893,82358,79817,75852,78383,79556,80639,82983,83164,82931,80752,78241,74748,72915,73971,70645,68629,67411,66769,67160,68841,72438,77845,85017,86687,85694,83124,78676,80696,81655,82636,85266,85062,84536,82424,79945,76231,74814,75844,72553,70409,69074,68257,68625,70105,73544,79240,85941,86434,84431,81081,76354,78199,79225,80070,83203,84035,84330,82220,79352,75827,74134,75319
407,67383,65020,63580,62888,63209,64050,65487,66783,67542,64534,62657,59562,56260,56642,57190,58924,62014,64435,66658,66643,65992,64868,64648,65461,62250,59791,58345,57959,58183,59060,59875,60076,59623,56699,56157,54981,54402,55826,57263,58405,59892,62250,65156,65396,64819,63818,63554,63638,60888,58796,57633,57444,58201,60506,64826,71371,78914,79229,77419,74955,71299,74204,75470,76572,79159,78815,78050,76062,74049,71358,69900,70742,67249,64999,63841,63575,64179,66145,69897,75552,82761,83893,82358,79817,75852,78383,79556,80639,82983,83164,82931,80752,78241,74748,72915,73971,70645,68629,67411,66769,67160,68841,72438,77845,85017,86687,85694,83124,78676,80696,81655,82636,85266,85062,84536,82424,79945,76231,74814,75844,72553,70409,69074,68257,68625,70105,73544,79240,85941,86434,84431,81081,76354,78199,79225,80070,83203,84035,84330,82220,79352,75827,74134,75319,72138,69989,68729,68231,68580,70087,73482,78733,84166,82801,80624,77130,72084,73703,74704,76342,79380,79208,78887,77334,75383,72461,70773,71929
408,62250,59791,58345,57959,58183,59060,59875,60076,59623,56699,56157,54981,54402,55826,57263,58405,59892,62250,65156,65396,64819,63818,63554,63638,60888,58796,57633,57444,58201,60506,64826,71371,78914,79229,77419,74955,71299,74204,75470,76572,79159,78815,78050,76062,74049,71358,69900,70742,67249,64999,63841,63575,64179,66145,69897,75552,82761,83893,82358,79817,75852,78383,79556,80639,82983,83164,82931,80752,78241,74748,72915,73971,70645,68629,67411,66769,67160,68841,72438,77845,85017,86687,85694,83124,78676,80696,81655,82636,85266,85062,84536,82424,79945,76231,74814,75844,72553,70409,69074,68257,68625,70105,73544,79240,85941,86434,84431,81081,76354,78199,79225,80070,83203,84035,84330,82220,79352,75827,74134,75319,72138,69989,68729,68231,68580,70087,73482,78733,84166,82801,80624,77130,72084,73703,74704,76342,79380,79208,78887,77334,75383,72461,70773,71929,68450,66063,64683,63828,63728,64582,65999,67437,69262,69967,70632,68724,64895,64404,64336,64825,66418,67986,69926,69874,69127,67866,67173,68412
409,60888,58796,57633,57444,58201,60506,64826,71371,78914,79229,77419,74955,71299,74204,75470,76572,79159,78815,78050,76062,74049,71358,69900,70742,67249,64999,63841,63575,64179,66145,69897,75552,82761,83893,82358,79817,75852,78383,79556,80639,82983,83164,82931,80752,78241,74748,72915,73971,70645,68629,67411,66769,67160,68841,72438,77845,85017,86687,85694,83124,78676,80696,81655,82636,85266,85062,84536,82424,79945,76231,74814,75844,72553,70409,69074,68257,68625,70105,73544,79240,85941,86434,84431,81081,76354,78199,79225,80070,83203,84035,84330,82220,79352,75827,74134,75319,72138,69989,68729,68231,68580,70087,73482,78733,84166,82801,80624,77130,72084,73703,74704,76342,79380,79208,78887,77334,75383,72461,70773,71929,68450,66063,64683,63828,63728,64582,65999,67437,69262,69967,70632,68724,64895,64404,64336,64825,66418,67986,69926,69874,69127,67866,67173,68412,65597,63398,61985,61583,61646,62315,63245,63596,62100,58910,58037,55842,54156,54017,54790,57167,61255,65926,69270,69629,68866,67716,67448,67326
410,67249,64999,63841,63575,64179,66145,69897,75552,82761,83893,82358,79817,75852,78383,79556,80639,82983,83164,82931,80752,78241,74748,72915,73971,70645,68629,67411,66769,67160,68841,72438,77845,85017,86687,85694,83124,78676,80696,81655,82636,85266,85062,84536,82424,79945,76231,74814,75844,72553,70409,69074,68257,68625,70105,73544,79240,85941,86434,84431,81081,76354,78199,79225,80070,83203,84035,84330,82220,79352,75827,74134,75319,72138,69989,68729,68231,68580,70087,73482,78733,84166,82801,80624,77130,72084,73703,74704,76342,79380,79208,78887,77334,75383,72461,70773,71929,68450,66063,64683,63828,63728,64582,65999,67437,69262,69967,70632,68724,64895,64404,64336,64825,66418,67986,69926,69874,69127,67866,67173,68412,65597,63398,61985,61583,61646,62315,63245,63596,62100,58910,58037,55842,54156,54017,54790,57167,61255,65926,69270,69629,68866,67716,67448,67326,64732,62620,61586,61242,62022,64165,68407,74982,82049,82120,80681,78451,75733,79004,80041,81005,82900,82143,81902,79876,77541,74958,72781,73767
411,70645,68629,67411,66769,67160,68841,72438,77845,85017,86687,85694,83124,78676,80696,81655,82636,85266,85062,84536,82424,79945,76231,74814,75844,72553,70409,69074,68257,68625,70105,73544,79240,85941,86434,84431,81081,76354,78199,79225,80070,83203,84035,84330,82220,79352,75827,74134,75319,72138,69989,68729,68231,68580,70087,73482,78733,84166,82801,80624,77130,72084,73703,74704,76342,79380,79208,78887,77334,75383,72461,70773,71929,68450,66063,64683,63828,63728,64582,65999,67437,69262,69967,70632,68724,64895,64404,64336,64825,66418,67986,69926,69874,69127,67866,67173,68412,65597,63398,61985,61583,61646,62315,63245,63596,62100,58910,58037,55842,54156,54017,54790,57167,61255,65926,69270,69629,68866,67716,67448,67326,64732,62620,61586,61242,62022,64165,68407,74982,82049,82120,80681,78451,75733,79004,80041,81005,82900,82143,81902,79876,77541,74958,72781,73767,70642,68446,67244,66656,67298,69081,72682,78094,83076,81934,80483,77597,73560,76596,78444,79637,82696,83234,83250,81282,78754,75926,73596,74496
412,72553,70409,69074,68257,68625,70105,73544,79240,85941,86434,84431,81081,76354,78199,79225,80070,83203,84035,84330,82220,79352,75827,74134,75319,72138,69989,68729,68231,68580,70087,73482,78733,84166,82801,80624,77130,72084,73703,74704,76342,79380,79208,78887,77334,75383,72461,70773,71929,68450,66063,64683,63828,63728,64582,65999,67437,69262,69967,70632,68724,64895,64404,64336,64825,66418,67986,69926,69874,69127,67866,67173,68412,65597,63398,61985,61583,61646,62315,63245,63596,62100,58910,58037,55842,54156,54017,54790,57167,61255,65926,69270,69629,68866,67716,67448,67326,64732,62620,61586,61242,62022,64165,68407,74982,82049,82120,80681,78451,75733,79004,80041,81005,82900,82143,81902,79876,77541,74958,72781,73767,70642,68446,67244,66656,67298,69081,72682,78094,83076,81934,80483,77597,73560,76596,78444,79637,82696,83234,83250,81282,78754,75926,73596,74496,71199,69090,67908,67403,67941,69506,73110,78474,85209,85491,83778,80780,75093,76577,77122,78457,81719,82689,82755,81152,78773,76016,73838,74807
413,72138,69989,68729,68231,68580,70087,73482,78733,84166,82801,80624,77130,72084,73703,74704,76342,79380,79208,78887,77334,75383,72461,70773,71929,68450,66063,64683,63828,63728,64582,65999,67437,69262,69967,70632,68724,64895,64404,64336,64825,66418,67986,69926,69874,69127,67866,67173,68412,65597,63398,61985,61583,61646,62315,63245,63596,62100,58910,58037,55842,54156,54017,54790,57167,61255,65926,69270,69629,68866,67716,67448,67326,64732,62620,61586,61242,62022,64165,68407,74982,82049,82120,80681,78451,75733,79004,80041,81005,82900,82143,81902,79876,77541,74958,72781,73767,70642,68446,67244,66656,67298,69081,72682,78094,83076,81934,80483,77597,73560,76596,78444,79637,82696,83234,83250,81282,78754,75926,73596,74496,71199,69090,67908,67403,67941,69506,73110,78474,85209,85491,83778,80780,75093,76577,77122,78457,81719,82689,82755,81152,78773,76016,73838,74807,71539,69356,68150,67793,68405,69914,73316,78348,83455,81953,80135,76982,72467,74721,75236,76287,79541,80699,81268,79798,77471,74796,72499,73419
414,68450,66063,64683,63828,63728,64582,65999,67437,69262,69967,70632,68724,64895,64404,64336,64825,66418,67986,69926,69874,69127,67866,67173,68412,65597,63398,61985,61583,61646,62315,63245,63596,62100,58910,58037,55842,54156,54017,54790,57167,61255,65926,69270,69629,68866,67716,67448,67326,64732,62620,61586,61242,62022,64165,68407,74982,82049,82120,80681,78451,75733,79004,80041,81005,82900,82143,81902,79876,77541,74958,72781,73767,70642,68446,67244,66656,67298,69081,72682,78094,83076,81934,80483,77597,73560,76596,78444,79637,82696,83234,83250,81282,78754,75926,73596,74496,71199,69090,67908,67403,67941,69506,73110,78474,85209,85491,83778,80780,75093,76577,77122,78457,81719,82689,82755,81152,78773,76016,73838,74807,71539,69356,68150,67793,68405,69914,73316,78348,83455,81953,80135,76982,72467,74721,75236,76287,79541,80699,81268,79798,77471,74796,72499,73419,70022,67771,66422,66044,66528,68013,71449,76163,80824,79707,77735,74336,70017,72468,73425,74626,77096,76504,76480,75304,73715,71672,70048,70873
415,65597,63398,61985,61583,61646,62315,63245,63596,62100,58910,58037,55842,54156,54017,54790,57167,61255,65926,69270,69629,68866,67716,67448,67326,64732,62620,61586,61242,62022,64165,68407,74982,82049,82120,80681,78451,75733,79004,80041,81005,82900,82143,81902,79876,77541,74958,72781,73767,70642,68446,67244,66656,67298,69081,72682,78094,83076,81934,80483,77597,73560,76596,78444,79637,82696,83234,83250,81282,78754,75926,73596,74496,71199,69090,67908,67403,67941,69506,73110,78474,85209,85491,83778,80780,75093,76577,77122,78457,81719,82689,82755,81152,78773,76016,73838,74807,71539,69356,68150,67793,68405,69914,73316,78348,83455,81953,80135,76982,72467,74721,75236,76287,79541,80699,81268,79798,77471,74796,72499,73419,70022,67771,66422,66044,66528,68013,71449,76163,80824,79707,77735,74336,70017,72468,73425,74626,77096,76504,76480,75304,73715,71672,70048,70873,67374,64904,63524,62796,62979,63791,65089,65964,66340,63476,62169,59887,57385,58244,59196,60763,63050,64491,66533,66353,65416,64365,64061,65266
416,64732,62620,61586,61242,62022,64165,68407,74982,82049,82120,80681,78451,75733,79004,80041,81005,82900,82143,81902,79876,77541,74958,72781,73767,70642,68446,67244,66656,67298,69081,72682,78094,83076,81934,80483,77597,73560,76596,78444,79637,82696,83234,83250,81282,78754,75926,73596,74496,71199,69090,67908,67403,67941,69506,73110,78474,85209,85491,83778,80780,75093,76577,77122,78457,81719,82689,82755,81152,78773,76016,73838,74807,71539,69356,68150,67793,68405,69914,73316,78348,83455,81953,80135,76982,72467,74721,75236,76287,79541,80699,81268,79798,77471,74796,72499,73419,70022,67771,66422,66044,66528,68013,71449,76163,80824,79707,77735,74336,70017,72468,73425,74626,77096,76504,76480,75304,73715,71672,70048,70873,67374,64904,63524,62796,62979,63791,65089,65964,66340,63476,62169,59887,57385,58244,59196,60763,63050,64491,66533,66353,65416,64365,64061,65266,62244,59842,58452,58010,58478,59274,60208,60187,56627,52772,52156,49994,48613,48403,49220,51608,55472,60428,64194,64965,64467,63784,63511,63461
417,70642,68446,67244,66656,67298,69081,72682,78094,83076,81934,80483,77597,73560,76596,78444,79637,82696,83234,83250,81282,78754,75926,73596,74496,71199,69090,67908,67403,67941,69506,73110,78474,85209,85491,83778,80780,75093,76577,77122,78457,81719,82689,82755,81152,78773,76016,73838,74807,71539,69356,68150,67793,68405,69914,73316,78348,83455,81953,80135,76982,72467,74721,75236,76287,79541,80699,81268,79798,77471,74796,72499,73419,70022,67771,66422,66044,66528,68013,71449,76163,80824,79707,77735,74336,70017,72468,73425,74626,77096,76504,76480,75304,73715,71672,70048,70873,67374,64904,63524,62796,62979,63791,65089,65964,66340,63476,62169,59887,57385,58244,59196,60763,63050,64491,66533,66353,65416,64365,64061,65266,62244,59842,58452,58010,58478,59274,60208,60187,56627,52772,52156,49994,48613,48403,49220,51608,55472,60428,64194,64965,64467,63784,63511,63461,60633,58469,57285,57036,58137,60194,63932,69023,73959,73310,72098,69727,66017,68747,71958,72270,72716,71946,72509,71394,69813,68102,66681,67445
418,71199,69090,67908,67403,67941,69506,73110,78474,85209,85491,83778,80780,75093,76577,77122,78457,81719,82689,82755,81152,78773,76016,73838,74807,71539,69356,68150,67793,68405,69914,73316,78348,83455,81953,80135,76982,72467,74721,75236,76287,79541,80699,81268,79798,77471,74796,72499,73419,70022,67771,66422,66044,66528,68013,71449,76163,80824,79707,77735,74336,70017,72468,73425,74626,77096,76504,76480,75304,73715,71672,70048,70873,67374,64904,63524,62796,62979,63791,65089,65964,66340,63476,62169,59887,57385,58244,59196,60763,63050,64491,66533,66353,65416,64365,64061,65266,62244,59842,58452,58010,58478,59274,60208,60187,56627,52772,52156,49994,48613,48403,49220,51608,55472,60428,64194,64965,64467,63784,63511,63461,60633,58469,57285,57036,58137,60194,63932,69023,73959,73310,72098,69727,66017,68747,71958,72270,72716,71946,72509,71394,69813,68102,66681,67445,63903,61338,59853,59490,59873,61009,62441,64376,67236,68015,67735,66098,63469,64156,63927,63975,64991,66516,69364,69920,69114,67883,67023,66831
419,71539,69356,68150,67793,68405,69914,73316,78348,83455,81953,80135,76982,72467,74721,75236,76287,79541,80699,81268,79798,77471,74796,72499,73419,70022,67771,66422,66044,66528,68013,71449,76163,80824,79707,77735,74336,70017,72468,73425,74626,77096,76504,76480,75304,73715,71672,70048,70873,67374,64904,63524,62796,62979,63791,65089,65964,66340,63476,62169,59887,57385,58244,59196,60763,63050,64491,66533,66353,65416,64365,64061,65266,62244,59842,58452,58010,58478,59274,60208,60187,56627,52772,52156,49994,48613,48403,49220,51608,55472,60428,64194,64965,64467,63784,63511,63461,60633,58469,57285,57036,58137,60194,63932,69023,73959,73310,72098,69727,66017,68747,71958,72270,72716,71946,72509,71394,69813,68102,66681,67445,63903,61338,59853,59490,59873,61009,62441,64376,67236,68015,67735,66098,63469,64156,63927,63975,64991,66516,69364,69920,69114,67883,67023,66831,63736,61728,60575,60461,61403,63472,67321,73078,77502,76252,73711,70590,66110,66977,67606,69471,72694,75203,76709,75742,73495,71335,69891,69652
420,70022,67771,66422,66044,66528,68013,71449,76163,80824,79707,77735,74336,70017,72468,73425,74626,77096,76504,76480,75304,73715,71672,70048,70873,67374,64904,63524,62796,62979,63791,65089,65964,66340,63476,62169,59887,57385,58244,59196,60763,63050,64491,66533,66353,65416,64365,64061,65266,62244,59842,58452,58010,58478,59274,60208,60187,56627,52772,52156,49994,48613,48403,49220,51608,55472,60428,64194,64965,64467,63784,63511,63461,60633,58469,57285,57036,58137,60194,63932,69023,73959,73310,72098,69727,66017,68747,71958,72270,72716,71946,72509,71394,69813,68102,66681,67445,63903,61338,59853,59490,59873,61009,62441,64376,67236,68015,67735,66098,63469,64156,63927,63975,64991,66516,69364,69920,69114,67883,67023,66831,63736,61728,60575,60461,61403,63472,67321,73078,77502,76252,73711,70590,66110,66977,67606,69471,72694,75203,76709,75742,73495,71335,69891,69652,65883,63582,62385,62046,62761,64582,68215,73259,77182,75410,72270,68812,64353,65504,66318,68163,71575,74008,75584,74959,72723,70589,69188,68866
421,67374,64904,63524,62796,62979,63791,65089,65964,66340,63476,62169,59887,57385,58244,59196,60763,63050,64491,66533,66353,65416,64365,64061,65266,62244,59842,58452,58010,58478,59274,60208,60187,56627,52772,52156,49994,48613,48403,49220,51608,55472,60428,64194,64965,64467,63784,63511,63461,60633,58469,57285,57036,58137,60194,63932,69023,73959,73310,72098,69727,66017,68747,71958,72270,72716,71946,72509,71394,69813,68102,66681,67445,63903,61338,59853,59490,59873,61009,62441,64376,67236,68015,67735,66098,63469,64156,63927,63975,64991,66516,69364,69920,69114,67883,67023,66831,63736,61728,60575,60461,61403,63472,67321,73078,77502,76252,73711,70590,66110,66977,67606,69471,72694,75203,76709,75742,73495,71335,69891,69652,65883,63582,62385,62046,62761,64582,68215,73259,77182,75410,72270,68812,64353,65504,66318,68163,71575,74008,75584,74959,72723,70589,69188,68866,65178,63046,61964,61739,62399,64236,67752,72567,78189,78177,74557,69725,64688,66031,68138,70706,72966,73660,73740,72617,70666,68685,67260,67052
422,62244,59842,58452,58010,58478,59274,60208,60187,56627,52772,52156,49994,48613,48403,49220,51608,55472,60428,64194,64965,64467,63784,63511,63461,60633,58469,57285,57036,58137,60194,63932,69023,73959,73310,72098,69727,66017,68747,71958,72270,72716,71946,72509,71394,69813,68102,66681,67445,63903,61338,59853,59490,59873,61009,62441,64376,67236,68015,67735,66098,63469,64156,63927,63975,64991,66516,69364,69920,69114,67883,67023,66831,63736,61728,60575,60461,61403,63472,67321,73078,77502,76252,73711,70590,66110,66977,67606,69471,72694,75203,76709,75742,73495,71335,69891,69652,65883,63582,62385,62046,62761,64582,68215,73259,77182,75410,72270,68812,64353,65504,66318,68163,71575,74008,75584,74959,72723,70589,69188,68866,65178,63046,61964,61739,62399,64236,67752,72567,78189,78177,74557,69725,64688,66031,68138,70706,72966,73660,73740,72617,70666,68685,67260,67052,63501,61079,59748,59217,59662,60800,62331,63175,61935,58666,57580,55331,52630,53014,53820,55522,58771,62301,65855,66379,65705,64822,64645,64925
423,60633,58469,57285,57036,58137,60194,63932,69023,73959,73310,72098,69727,66017,68747,71958,72270,72716,71946,72509,71394,69813,68102,66681,67445,63903,61338,59853,59490,59873,61009,62441,64376,67236,68015,67735,66098,63469,64156,63927,63975,64991,66516,69364,69920,69114,67883,67023,66831,63736,61728,60575,60461,61403,63472,67321,73078,77502,76252,73711,70590,66110,66977,67606,69471,72694,75203,76709,75742,73495,71335,69891,69652,65883,63582,62385,62046,62761,64582,68215,73259,77182,75410,72270,68812,64353,65504,66318,68163,71575,74008,75584,74959,72723,70589,69188,68866,65178,63046,61964,61739,62399,64236,67752,72567,78189,78177,74557,69725,64688,66031,68138,70706,72966,73660,73740,72617,70666,68685,67260,67052,63501,61079,59748,59217,59662,60800,62331,63175,61935,58666,57580,55331,52630,53014,53820,55522,58771,62301,65855,66379,65705,64822,64645,64925,61643,59075,57569,57075,57512,58438,59193,58516,54584,51040,50546,48812,47557,47414,48368,50707,54688,59589,63576,64709,64139,63469,63404,63033
424,63903,61338,59853,59490,59873,61009,62441,64376,67236,68015,67735,66098,63469,64156,63927,63975,64991,66516,69364,69920,69114,67883,67023,66831,63736,61728,60575,60461,61403,63472,67321,73078,77502,76252,73711,70590,66110,66977,67606,69471,72694,75203,76709,75742,73495,71335,69891,69652,65883,63582,62385,62046,62761,64582,68215,73259,77182,75410,72270,68812,64353,65504,66318,68163,71575,74008,75584,74959,72723,70589,69188,68866,65178,63046,61964,61739,62399,64236,67752,72567,78189,78177,74557,69725,64688,66031,68138,70706,72966,73660,73740,72617,70666,68685,67260,67052,63501,61079,59748,59217,59662,60800,62331,63175,61935,58666,57580,55331,52630,53014,53820,55522,58771,62301,65855,66379,65705,64822,64645,64925,61643,59075,57569,57075,57512,58438,59193,58516,54584,51040,50546,48812,47557,47414,48368,50707,54688,59589,63576,64709,64139,63469,63404,63033,59959,57758,56726,56541,57519,59914,64094,70581,77080,77345,75235,72269,67895,68914,69589,71231,74373,76130,76939,75639,72987,70886,69605,69256
425,63736,61728,60575,60461,61403,63472,67321,73078,77502,76252,73711,70590,66110,66977,67606,69471,72694,75203,76709,75742,73495,71335,69891,69652,65883,63582,62385,62046,62761,64582,68215,73259,77182,75410,72270,68812,64353,65504,66318,68163,71575,74008,75584,74959,72723,70589,69188,68866,65178,63046,61964,61739,62399,64236,67752,72567,78189,78177,74557,69725,64688,66031,68138,70706,72966,73660,73740,72617,70666,68685,67260,67052,63501,61079,59748,59217,59662,60800,62331,63175,61935,58666,57580,55331,52630,53014,53820,55522,58771,62301,65855,66379,65705,64822,64645,64925,61643,59075,57569,57075,57512,58438,59193,58516,54584,51040,50546,48812,47557,47414,48368,50707,54688,59589,63576,64709,64139,63469,63404,63033,59959,57758,56726,56541,57519,59914,64094,70581,77080,77345,75235,72269,67895,68914,69589,71231,74373,76130,76939,75639,72987,70886,69605,69256,65551,63475,62367,62102,62741,64612,68045,72530,76762,75515,72571,69070,64627,65734,66688,68457,71616,73487,74849,74010,71661,69954,68959,68640
426,65883,63582,62385,62046,62761,64582,68215,73259,77182,75410,72270,68812,64353,65504,66318,68163,71575,74008,75584,74959,72723,70589,69188,68866,65178,63046,61964,61739,62399,64236,67752,72567,78189,78177,74557,69725,64688,66031,68138,70706,72966,73660,73740,72617,70666,68685,67260,67052,63501,61079,59748,59217,59662,60800,62331,63175,61935,58666,57580,55331,52630,53014,53820,55522,58771,62301,65855,66379,65705,64822,64645,64925,61643,59075,57569,57075,57512,58438,59193,58516,54584,51040,50546,48812,47557,47414,48368,50707,54688,59589,63576,64709,64139,63469,63404,63033,59959,57758,56726,56541,57519,59914,64094,70581,77080,77345,75235,72269,67895,68914,69589,71231,74373,76130,76939,75639,72987,70886,69605,69256,65551,63475,62367,62102,62741,64612,68045,72530,76762,75515,72571,69070,64627,65734,66688,68457,71616,73487,74849,74010,71661,69954,68959,68640,64674,62504,61146,60763,61344,62508,63807,64378,63378,60856,59499,56886,54014,54777,55459,57418,60403,63655,66840,67781,66981,66070,65819,65270
427,65178,63046,61964,61739,62399,64236,67752,72567,78189,78177,74557,69725,64688,66031,68138,70706,72966,73660,73740,72617,70666,68685,67260,67052,63501,61079,59748,59217,59662,60800,62331,63175,61935,58666,57580,55331,52630,53014,53820,55522,58771,62301,65855,66379,65705,64822,64645,64925,61643,59075,57569,57075,57512,58438,59193,58516,54584,51040,50546,48812,47557,47414,48368,50707,54688,59589,63576,64709,64139,63469,63404,63033,59959,57758,56726,56541,57519,59914,64094,70581,77080,77345,75235,72269,67895,68914,69589,71231,74373,76130,76939,75639,72987,70886,69605,69256,65551,63475,62367,62102,62741,64612,68045,72530,76762,75515,72571,69070,64627,65734,66688,68457,71616,73487,74849,74010,71661,69954,68959,68640,64674,62504,61146,60763,61344,62508,63807,64378,63378,60856,59499,56886,54014,54777,55459,57418,60403,63655,66840,67781,66981,66070,65819,65270,62048,59970,58840,58653,59198,60843,64256,69088,73845,73237,70814,68433,64579,65879,66393,67660,70181,71589,72838,72443,70136,68437,67070,66271
428,63501,61079,59748,59217,59662,60800,62331,63175,61935,58666,57580,55331,52630,53014,53820,55522,58771,62301,65855,66379,65705,64822,64645,64925,61643,59075,57569,57075,57512,58438,59193,58516,54584,51040,50546,48812,47557,47414,48368,50707,54688,59589,63576,64709,64139,63469,63404,63033,59959,57758,56726,56541,57519,59914,64094,70581,77080,77345,75235,72269,67895,68914,69589,71231,74373,76130,76939,75639,72987,70886,69605,69256,65551,63475,62367,62102,62741,64612,68045,72530,76762,75515,72571,69070,64627,65734,66688,68457,71616,73487,74849,74010,71661,69954,68959,68640,64674,62504,61146,60763,61344,62508,63807,64378,63378,60856,59499,56886,54014,54777,55459,57418,60403,63655,66840,67781,66981,66070,65819,65270,62048,59970,58840,58653,59198,60843,64256,69088,73845,73237,70814,68433,64579,65879,66393,67660,70181,71589,72838,72443,70136,68437,67070,66271,62613,60678,59685,59300,59990,61711,64943,69475,74279,74509,73088,70187,66486,67928,68498,68500,70077,70308,70906,70407,68656,67059,65652,65171
429,61643,59075,57569,57075,57512,58438,59193,58516,54584,51040,50546,48812,47557,47414,48368,50707,54688,59589,63576,64709,64139,63469,63404,63033,59959,57758,56726,56541,57519,59914,64094,70581,77080,77345,75235,72269,67895,68914,69589,71231,74373,76130,76939,75639,72987,70886,69605,69256,65551,63475,62367,62102,62741,64612,68045,72530,76762,75515,72571,69070,64627,65734,66688,68457,71616,73487,74849,74010,71661,69954,68959,68640,64674,62504,61146,60763,61344,62508,63807,64378,63378,60856,59499,56886,54014,54777,55459,57418,60403,63655,66840,67781,66981,66070,65819,65270,62048,59970,58840,58653,59198,60843,64256,69088,73845,73237,70814,68433,64579,65879,66393,67660,70181,71589,72838,72443,70136,68437,67070,66271,62613,60678,59685,59300,59990,61711,64943,69475,74279,74509,73088,70187,66486,67928,68498,68500,70077,70308,70906,70407,68656,67059,65652,65171,61261,58974,57697,57226,57631,58605,59631,60291,61007,59756,58213,55802,53342,54451,55747,56965,57953,59415,61586,62118,61312,60665,60118,60007
430,59959,57758,56726,56541,57519,59914,64094,70581,77080,77345,75235,72269,67895,68914,69589,71231,74373,76130,76939,75639,72987,70886,69605,69256,65551,63475,62367,62102,62741,64612,68045,72530,76762,75515,72571,69070,64627,65734,66688,68457,71616,73487,74849,74010,71661,69954,68959,68640,64674,62504,61146,60763,61344,62508,63807,64378,63378,60856,59499,56886,54014,54777,55459,57418,60403,63655,66840,67781,66981,66070,65819,65270,62048,59970,58840,58653,59198,60843,64256,69088,73845,73237,70814,68433,64579,65879,66393,67660,70181,71589,72838,72443,70136,68437,67070,66271,62613,60678,59685,59300,59990,61711,64943,69475,74279,74509,73088,70187,66486,67928,68498,68500,70077,70308,70906,70407,68656,67059,65652,65171,61261,58974,57697,57226,57631,58605,59631,60291,61007,59756,58213,55802,53342,54451,55747,56965,57953,59415,61586,62118,61312,60665,60118,60007,56445,54045,52706,52254,52594,53482,53977,54791,55997,57389,58900,58988,58813,58721,58247,57776,58225,59497,61094,61436,60582,59735,59208,58539
431,65551,63475,62367,62102,62741,64612,68045,72530,76762,75515,72571,69070,64627,65734,66688,68457,71616,73487,74849,74010,71661,69954,68959,68640,64674,62504,61146,60763,61344,62508,63807,64378,63378,60856,59499,56886,54014,54777,55459,57418,60403,63655,66840,67781,66981,66070,65819,65270,62048,59970,58840,58653,59198,60843,64256,69088,73845,73237,70814,68433,64579,65879,66393,67660,70181,71589,72838,72443,70136,68437,67070,66271,62613,60678,59685,59300,59990,61711,64943,69475,74279,74509,73088,70187,66486,67928,68498,68500,70077,70308,70906,70407,68656,67059,65652,65171,61261,58974,57697,57226,57631,58605,59631,60291,61007,59756,58213,55802,53342,54451,55747,56965,57953,59415,61586,62118,61312,60665,60118,60007,56445,54045,52706,52254,52594,53482,53977,54791,55997,57389,58900,58988,58813,58721,58247,57776,58225,59497,61094,61436,60582,59735,59208,58539,55327,53241,52339,52200,53132,55477,59407,65161,72452,75162,74708,74182,73059,76144,76789,76355,76400,75155,74114,72589,69986,67837,66347,65988
432,64674,62504,61146,60763,61344,62508,63807,64378,63378,60856,59499,56886,54014,54777,55459,57418,60403,63655,66840,67781,66981,66070,65819,65270,62048,59970,58840,58653,59198,60843,64256,69088,73845,73237,70814,68433,64579,65879,66393,67660,70181,71589,72838,72443,70136,68437,67070,66271,62613,60678,59685,59300,59990,61711,64943,69475,74279,74509,73088,70187,66486,67928,68498,68500,70077,70308,70906,70407,68656,67059,65652,65171,61261,58974,57697,57226,57631,58605,59631,60291,61007,59756,58213,55802,53342,54451,55747,56965,57953,59415,61586,62118,61312,60665,60118,60007,56445,54045,52706,52254,52594,53482,53977,54791,55997,57389,58900,58988,58813,58721,58247,57776,58225,59497,61094,61436,60582,59735,59208,58539,55327,53241,52339,52200,53132,55477,59407,65161,72452,75162,74708,74182,73059,76144,76789,76355,76400,75155,74114,72589,69986,67837,66347,65988,62370,60041,58923,58732,59526,61351,64614,68601,71607,69916,67556,64534,60552,62021,63020,64713,68385,70588,71988,71724,69578,67637,66436,65766
433,62048,59970,58840,58653,59198,60843,64256,69088,73845,73237,70814,68433,64579,65879,66393,67660,70181,71589,72838,72443,70136,68437,67070,66271,62613,60678,59685,59300,59990,61711,64943,69475,74279,74509,73088,70187,66486,67928,68498,68500,70077,70308,70906,70407,68656,67059,65652,65171,61261,58974,57697,57226,57631,58605,59631,60291,61007,59756,58213,55802,53342,54451,55747,56965,57953,59415,61586,62118,61312,60665,60118,60007,56445,54045,52706,52254,52594,53482,53977,54791,55997,57389,58900,58988,58813,58721,58247,57776,58225,59497,61094,61436,60582,59735,59208,58539,55327,53241,52339,52200,53132,55477,59407,65161,72452,75162,74708,74182,73059,76144,76789,76355,76400,75155,74114,72589,69986,67837,66347,65988,62370,60041,58923,58732,59526,61351,64614,68601,71607,69916,67556,64534,60552,62021,63020,64713,68385,70588,71988,71724,69578,67637,66436,65766,61843,59708,58841,58596,59293,61213,64594,68092,70966,69167,66726,63695,59723,61216,62442,64972,68509,69629,70725,70570,68909,67295,65861,65004
434,62613,60678,59685,59300,59990,61711,64943,69475,74279,74509,73088,70187,66486,67928,68498,68500,70077,70308,70906,70407,68656,67059,65652,65171,61261,58974,57697,57226,57631,58605,59631,60291,61007,59756,58213,55802,53342,54451,55747,56965,57953,59415,61586,62118,61312,60665,60118,60007,56445,54045,52706,52254,52594,53482,53977,54791,55997,57389,58900,58988,58813,58721,58247,57776,58225,59497,61094,61436,60582,59735,59208,58539,55327,53241,52339,52200,53132,55477,59407,65161,72452,75162,74708,74182,73059,76144,76789,76355,76400,75155,74114,72589,69986,67837,66347,65988,62370,60041,58923,58732,59526,61351,64614,68601,71607,69916,67556,64534,60552,62021,63020,64713,68385,70588,71988,71724,69578,67637,66436,65766,61843,59708,58841,58596,59293,61213,64594,68092,70966,69167,66726,63695,59723,61216,62442,64972,68509,69629,70725,70570,68909,67295,65861,65004,60990,58764,57535,57369,58025,59595,62608,67413,73709,75575,75015,73811,71005,73215,73850,74131,74478,74054,73798,72645,70179,67904,66556,65979
435,61261,58974,57697,57226,57631,58605,59631,60291,61007,59756,58213,55802,53342,54451,55747,56965,57953,59415,61586,62118,61312,60665,60118,60007,56445,54045,52706,52254,52594,53482,53977,54791,55997,57389,58900,58988,58813,58721,58247,57776,58225,59497,61094,61436,60582,59735,59208,58539,55327,53241,52339,52200,53132,55477,59407,65161,72452,75162,74708,74182,73059,76144,76789,76355,76400,75155,74114,72589,69986,67837,66347,65988,62370,60041,58923,58732,59526,61351,64614,68601,71607,69916,67556,64534,60552,62021,63020,64713,68385,70588,71988,71724,69578,67637,66436,65766,61843,59708,58841,58596,59293,61213,64594,68092,70966,69167,66726,63695,59723,61216,62442,64972,68509,69629,70725,70570,68909,67295,65861,65004,60990,58764,57535,57369,58025,59595,62608,67413,73709,75575,75015,73811,71005,73215,73850,74131,74478,74054,73798,72645,70179,67904,66556,65979,62204,59885,58638,58320,59024,60801,63810,68998,75224,76980,75891,74230,71437,74687,75020,75042,75222,73686,72952,71934,69551,67633,66362,65864
436,56445,54045,52706,52254,52594,53482,53977,54791,55997,57389,58900,58988,58813,58721,58247,57776,58225,59497,61094,61436,60582,59735,59208,58539,55327,53241,52339,52200,53132,55477,59407,65161,72452,75162,74708,74182,73059,76144,76789,76355,76400,75155,74114,72589,69986,67837,66347,65988,62370,60041,58923,58732,59526,61351,64614,68601,71607,69916,67556,64534,60552,62021,63020,64713,68385,70588,71988,71724,69578,67637,66436,65766,61843,59708,58841,58596,59293,61213,64594,68092,70966,69167,66726,63695,59723,61216,62442,64972,68509,69629,70725,70570,68909,67295,65861,65004,60990,58764,57535,57369,58025,59595,62608,67413,73709,75575,75015,73811,71005,73215,73850,74131,74478,74054,73798,72645,70179,67904,66556,65979,62204,59885,58638,58320,59024,60801,63810,68998,75224,76980,75891,74230,71437,74687,75020,75042,75222,73686,72952,71934,69551,67633,66362,65864,62236,59714,58352,57955,58414,59273,60300,61978,65060,66374,66838,65405,62585,62890,62753,62841,62796,62914,64257,64752,63738,62758,62333,62506
437,55327,53241,52339,52200,53132,55477,59407,65161,72452,75162,74708,74182,73059,76144,76789,76355,76400,75155,74114,72589,69986,67837,66347,65988,62370,60041,58923,58732,59526,61351,64614,68601,71607,69916,67556,64534,60552,62021,63020,64713,68385,70588,71988,71724,69578,67637,66436,65766,61843,59708,58841,58596,59293,61213,64594,68092,70966,69167,66726,63695,59723,61216,62442,64972,68509,69629,70725,70570,68909,67295,65861,65004,60990,58764,57535,57369,58025,59595,62608,67413,73709,75575,75015,73811,71005,73215,73850,74131,74478,74054,73798,72645,70179,67904,66556,65979,62204,59885,58638,58320,59024,60801,63810,68998,75224,76980,75891,74230,71437,74687,75020,75042,75222,73686,72952,71934,69551,67633,66362,65864,62236,59714,58352,57955,58414,59273,60300,61978,65060,66374,66838,65405,62585,62890,62753,62841,62796,62914,64257,64752,63738,62758,62333,62506,59299,56806,55375,54792,55050,55909,56404,56292,55609,54824,55202,54600,53317,52360,51732,53088,55095,58090,61476,62882,62484,61597,61261,60786
438,62370,60041,58923,58732,59526,61351,64614,68601,71607,69916,67556,64534,60552,62021,63020,64713,68385,70588,71988,71724,69578,67637,66436,65766,61843,59708,58841,58596,59293,61213,64594,68092,70966,69167,66726,63695,59723,61216,62442,64972,68509,69629,70725,70570,68909,67295,65861,65004,60990,58764,57535,57369,58025,59595,62608,67413,73709,75575,75015,73811,71005,73215,73850,74131,74478,74054,73798,72645,70179,67904,66556,65979,62204,59885,58638,58320,59024,60801,63810,68998,75224,76980,75891,74230,71437,74687,75020,75042,75222,73686,72952,71934,69551,67633,66362,65864,62236,59714,58352,57955,58414,59273,60300,61978,65060,66374,66838,65405,62585,62890,62753,62841,62796,62914,64257,64752,63738,62758,62333,62506,59299,56806,55375,54792,55050,55909,56404,56292,55609,54824,55202,54600,53317,52360,51732,53088,55095,58090,61476,62882,62484,61597,61261,60786,57697,55407,54467,54342,55209,57388,61392,66323,70620,70216,69092,68016,64742,67530,69524,72203,74381,74115,74219,73350,70876,68660,67219,66563
439,61843,59708,58841,58596,59293,61213,64594,68092,70966,69167,66726,63695,59723,61216,62442,64972,68509,69629,70725,70570,68909,67295,65861,65004,60990,58764,57535,57369,58025,59595,62608,67413,73709,75575,75015,73811,71005,73215,73850,74131,74478,74054,73798,72645,70179,67904,66556,65979,62204,59885,58638,58320,59024,60801,63810,68998,75224,76980,75891,74230,71437,74687,75020,75042,75222,73686,72952,71934,69551,67633,66362,65864,62236,59714,58352,57955,58414,59273,60300,61978,65060,66374,66838,65405,62585,62890,62753,62841,62796,62914,64257,64752,63738,62758,62333,62506,59299,56806,55375,54792,55050,55909,56404,56292,55609,54824,55202,54600,53317,52360,51732,53088,55095,58090,61476,62882,62484,61597,61261,60786,57697,55407,54467,54342,55209,57388,61392,66323,70620,70216,69092,68016,64742,67530,69524,72203,74381,74115,74219,73350,70876,68660,67219,66563,62741,60755,59617,59230,60058,62043,65165,68849,72349,70943,68089,65204,61367,63041,64326,66835,69964,71257,72979,73197,71008,68961,67541,67050
440,60990,58764,57535,57369,58025,59595,62608,67413,73709,75575,75015,73811,71005,73215,73850,74131,74478,74054,73798,72645,70179,67904,66556,65979,62204,59885,58638,58320,59024,60801,63810,68998,75224,76980,75891,74230,71437,74687,75020,75042,75222,73686,72952,71934,69551,67633,66362,65864,62236,59714,58352,57955,58414,59273,60300,61978,65060,66374,66838,65405,62585,62890,62753,62841,62796,62914,64257,64752,63738,62758,62333,62506,59299,56806,55375,54792,55050,55909,56404,56292,55609,54824,55202,54600,53317,52360,51732,53088,55095,58090,61476,62882,62484,61597,61261,60786,57697,55407,54467,54342,55209,57388,61392,66323,70620,70216,69092,68016,64742,67530,69524,72203,74381,74115,74219,73350,70876,68660,67219,66563,62741,60755,59617,59230,60058,62043,65165,68849,72349,70943,68089,65204,61367,63041,64326,66835,69964,71257,72979,73197,71008,68961,67541,67050,63175,60830,59654,59228,59948,61525,64579,69812,76601,78217,76463,73903,69433,70688,72021,72403,72662,72479,73350,72999,71070,69144,67970,67413
441,62204,59885,58638,58320,59024,60801,63810,68998,75224,76980,75891,74230,71437,74687,75020,75042,75222,73686,72952,71934,69551,67633,66362,65864,62236,59714,58352,57955,58414,59273,60300,61978,65060,66374,66838,65405,62585,62890,62753,62841,62796,62914,64257,64752,63738,62758,62333,62506,59299,56806,55375,54792,55050,55909,56404,56292,55609,54824,55202,54600,53317,52360,51732,53088,55095,58090,61476,62882,62484,61597,61261,60786,57697,55407,54467,54342,55209,57388,61392,66323,70620,70216,69092,68016,64742,67530,69524,72203,74381,74115,74219,73350,70876,68660,67219,66563,62741,60755,59617,59230,60058,62043,65165,68849,72349,70943,68089,65204,61367,63041,64326,66835,69964,71257,72979,73197,71008,68961,67541,67050,63175,60830,59654,59228,59948,61525,64579,69812,76601,78217,76463,73903,69433,70688,72021,72403,72662,72479,73350,72999,71070,69144,67970,67413,63626,61409,60217,59756,60516,62185,64873,68667,73156,72611,71086,68793,65205,65926,65997,66952,69177,70436,71591,71898,70076,68121,66857,66186
442,62236,59714,58352,57955,58414,59273,60300,61978,65060,66374,66838,65405,62585,62890,62753,62841,62796,62914,64257,64752,63738,62758,62333,62506,59299,56806,55375,54792,55050,55909,56404,56292,55609,54824,55202,54600,53317,52360,51732,53088,55095,58090,61476,62882,62484,61597,61261,60786,57697,55407,54467,54342,55209,57388,61392,66323,70620,70216,69092,68016,64742,67530,69524,72203,74381,74115,74219,73350,70876,68660,67219,66563,62741,60755,59617,59230,60058,62043,65165,68849,72349,70943,68089,65204,61367,63041,64326,66835,69964,71257,72979,73197,71008,68961,67541,67050,63175,60830,59654,59228,59948,61525,64579,69812,76601,78217,76463,73903,69433,70688,72021,72403,72662,72479,73350,72999,71070,69144,67970,67413,63626,61409,60217,59756,60516,62185,64873,68667,73156,72611,71086,68793,65205,65926,65997,66952,69177,70436,71591,71898,70076,68121,66857,66186,62378,60112,58820,58527,59209,60944,63894,67526,71135,70550,68793,67478,65469,68423,69256,70284,70821,69880,69818,69466,67785,66272,65093,64921
443,59299,56806,55375,54792,55050,55909,56404,56292,55609,54824,55202,54600,53317,52360,51732,53088,55095,58090,61476,62882,62484,61597,61261,60786,57697,55407,54467,54342,55209,57388,61392,66323,70620,70216,69092,68016,64742,67530,69524,72203,74381,74115,74219,73350,70876,68660,67219,66563,62741,60755,59617,59230,60058,62043,65165,68849,72349,70943,68089,65204,61367,63041,64326,66835,69964,71257,72979,73197,71008,68961,67541,67050,63175,60830,59654,59228,59948,61525,64579,69812,76601,78217,76463,73903,69433,70688,72021,72403,72662,72479,73350,72999,71070,69144,67970,67413,63626,61409,60217,59756,60516,62185,64873,68667,73156,72611,71086,68793,65205,65926,65997,66952,69177,70436,71591,71898,70076,68121,66857,66186,62378,60112,58820,58527,59209,60944,63894,67526,71135,70550,68793,67478,65469,68423,69256,70284,70821,69880,69818,69466,67785,66272,65093,64921,61025,58529,57183,56486,56679,57381,58225,59337,61519,62291,62100,61212,59517,59244,58112,57567,58041,59239,61168,62015,61335,60574,60156,60106
444,57697,55407,54467,54342,55209,57388,61392,66323,70620,70216,69092,68016,64742,67530,69524,72203,74381,74115,74219,73350,70876,68660,67219,66563,62741,60755,59617,59230,60058,62043,65165,68849,72349,70943,68089,65204,61367,63041,64326,66835,69964,71257,72979,73197,71008,68961,67541,67050,63175,60830,59654,59228,59948,61525,64579,69812,76601,78217,76463,73903,69433,70688,72021,72403,72662,72479,73350,72999,71070,69144,67970,67413,63626,61409,60217,59756,60516,62185,64873,68667,73156,72611,71086,68793,65205,65926,65997,66952,69177,70436,71591,71898,70076,68121,66857,66186,62378,60112,58820,58527,59209,60944,63894,67526,71135,70550,68793,67478,65469,68423,69256,70284,70821,69880,69818,69466,67785,66272,65093,64921,61025,58529,57183,56486,56679,57381,58225,59337,61519,62291,62100,61212,59517,59244,58112,57567,58041,59239,61168,62015,61335,60574,60156,60106,56846,54455,53172,52580,52972,53968,54227,52669,49525,46645,46371,45114,44272,44927,45508,47547,50592,54676,58541,60623,60132,59412,59291,58498
445,62741,60755,59617,59230,60058,62043,65165,68849,72349,70943,68089,65204,61367,63041,64326,66835,69964,71257,72979,73197,71008,68961,67541,67050,63175,60830,59654,59228,59948,61525,64579,69812,76601,78217,76463,73903,69433,70688,72021,72403,72662,72479,73350,72999,71070,69144,67970,67413,63626,61409,60217,59756,60516,62185,64873,68667,73156,72611,71086,68793,65205,65926,65997,66952,69177,70436,71591,71898,70076,68121,66857,66186,62378,60112,58820,58527,59209,60944,63894,67526,71135,70550,68793,67478,65469,68423,69256,70284,70821,69880,69818,69466,67785,66272,65093,64921,61025,58529,57183,56486,56679,57381,58225,59337,61519,62291,62100,61212,59517,59244,58112,57567,58041,59239,61168,62015,61335,60574,60156,60106,56846,54455,53172,52580,52972,53968,54227,52669,49525,46645,46371,45114,44272,44927,45508,47547,50592,54676,58541,60623,60132,59412,59291,58498,55367,53412,52396,52430,53335,55667,59419,63662,67504,66968,66016,64288,59989,60837,61416,63020,66245,68747,70390,70765,68920,67140,65976,65202
446,63175,60830,59654,59228,59948,61525,64579,69812,76601,78217,76463,73903,69433,70688,72021,72403,72662,72479,73350,72999,71070,69144,67970,67413,63626,61409,60217,59756,60516,62185,64873,68667,73156,72611,71086,68793,65205,65926,65997,66952,69177,70436,71591,71898,70076,68121,66857,66186,62378,60112,58820,58527,59209,60944,63894,67526,71135,70550,68793,67478,65469,68423,69256,70284,70821,69880,69818,69466,67785,66272,65093,64921,61025,58529,57183,56486,56679,57381,58225,59337,61519,62291,62100,61212,59517,59244,58112,57567,58041,59239,61168,62015,61335,60574,60156,60106,56846,54455,53172,52580,52972,53968,54227,52669,49525,46645,46371,45114,44272,44927,45508,47547,50592,54676,58541,60623,60132,59412,59291,58498,55367,53412,52396,52430,53335,55667,59419,63662,67504,66968,66016,64288,59989,60837,61416,63020,66245,68747,70390,70765,68920,67140,65976,65202,61384,59372,58236,57999,58651,60661,63442,66124,68251,66465,64531,61997,58401,59957,61079,62890,65823,68153,69816,70311,68456,66783,65567,64789
447,63626,61409,60217,59756,60516,62185,64873,68667,73156,72611,71086,68793,65205,65926,65997,66952,69177,70436,71591,71898,70076,68121,66857,66186,62378,60112,58820,58527,59209,60944,63894,67526,71135,70550,68793,67478,65469,68423,69256,70284,70821,69880,69818,69466,67785,66272,65093,64921,61025,58529,57183,56486,56679,57381,58225,59337,61519,62291,62100,61212,59517,59244,58112,57567,58041,59239,61168,62015,61335,60574,60156,60106,56846,54455,53172,52580,52972,53968,54227,52669,49525,46645,46371,45114,44272,44927,45508,47547,50592,54676,58541,60623,60132,59412,59291,58498,55367,53412,52396,52430,53335,55667,59419,63662,67504,66968,66016,64288,59989,60837,61416,63020,66245,68747,70390,70765,68920,67140,65976,65202,61384,59372,58236,57999,58651,60661,63442,66124,68251,66465,64531,61997,58401,59957,61079,62890,65823,68153,69816,70311,68456,66783,65567,64789,60692,58539,57472,57108,57731,59518,62402,65758,69552,69621,68868,67196,63872,66795,68982,70020,71112,70361,70035,69728,68022,66516,64737,63880
448,62378,60112,58820,58527,59209,60944,63894,67526,71135,70550,68793,67478,65469,68423,69256,70284,70821,69880,69818,69466,67785,66272,65093,64921,61025,58529,57183,56486,56679,57381,58225,59337,61519,62291,62100,61212,59517,59244,58112,57567,58041,59239,61168,62015,61335,60574,60156,60106,56846,54455,53172,52580,52972,53968,54227,52669,49525,46645,46371,45114,44272,44927,45508,47547,50592,54676,58541,60623,60132,59412,59291,58498,55367,53412,52396,52430,53335,55667,59419,63662,67504,66968,66016,64288,59989,60837,61416,63020,66245,68747,70390,70765,68920,67140,65976,65202,61384,59372,58236,57999,58651,60661,63442,66124,68251,66465,64531,61997,58401,59957,61079,62890,65823,68153,69816,70311,68456,66783,65567,64789,60692,58539,57472,57108,57731,59518,62402,65758,69552,69621,68868,67196,63872,66795,68982,70020,71112,70361,70035,69728,68022,66516,64737,63880,59791,57771,56738,56297,56990,58652,61594,65651,70138,69713,68963,67791,65150,67577,68550,68430,69451,69759,70463,70618,68767,66964,65552,64630
449,61025,58529,57183,56486,56679,57381,58225,59337,61519,62291,62100,61212,59517,59244,58112,57567,58041,59239,61168,62015,61335,60574,60156,60106,56846,54455,53172,52580,52972,53968,54227,52669,49525,46645,46371,45114,44272,44927,45508,47547,50592,54676,58541,60623,60132,59412,59291,58498,55367,53412,52396,52430,53335,55667,59419,63662,67504,66968,66016,64288,59989,60837,61416,63020,66245,68747,70390,70765,68920,67140,65976,65202,61384,59372,58236,57999,58651,60661,63442,66124,68251,66465,64531,61997,58401,59957,61079,62890,65823,68153,69816,70311,68456,66783,65567,64789,60692,58539,57472,57108,57731,59518,62402,65758,69552,69621,68868,67196,63872,66795,68982,70020,71112,70361,70035,69728,68022,66516,64737,63880,59791,57771,56738,56297,56990,58652,61594,65651,70138,69713,68963,67791,65150,67577,68550,68430,69451,69759,70463,70618,68767,66964,65552,64630,60904,58817,57613,57356,58043,59745,62560,65298,67353,65717,64025,62089,59095,62061,63240,64279,65915,66974,68152,68838,67650,66350,65279,64535
450,56846,54455,53172,52580,52972,53968,54227,52669,49525,46645,46371,45114,44272,44927,45508,47547,50592,54676,58541,60623,60132,59412,59291,58498,55367,53412,52396,52430,53335,55667,59419,63662,67504,66968,66016,64288,59989,60837,61416,63020,66245,68747,70390,70765,68920,67140,65976,65202,61384,59372,58236,57999,58651,60661,63442,66124,68251,66465,64531,61997,58401,59957,61079,62890,65823,68153,69816,70311,68456,66783,65567,64789,60692,58539,57472,57108,57731,59518,62402,65758,69552,69621,68868,67196,63872,66795,68982,70020,71112,70361,70035,69728,68022,66516,64737,63880,59791,57771,56738,56297,56990,58652,61594,65651,70138,69713,68963,67791,65150,67577,68550,68430,69451,69759,70463,70618,68767,66964,65552,64630,60904,58817,57613,57356,58043,59745,62560,65298,67353,65717,64025,62089,59095,62061,63240,64279,65915,66974,68152,68838,67650,66350,65279,64535,60773,58376,57215,56720,57010,58065,58869,57553,55056,52601,51540,49734,47736,48136,49026,50752,53910,56982,59989,61732,61447,60741,60448,60362
451,55367,53412,52396,52430,53335,55667,59419,63662,67504,66968,66016,64288,59989,60837,61416,63020,66245,68747,70390,70765,68920,67140,65976,65202,61384,59372,58236,57999,58651,60661,63442,66124,68251,66465,64531,61997,58401,59957,61079,62890,65823,68153,69816,70311,68456,66783,65567,64789,60692,58539,57472,57108,57731,59518,62402,65758,69552,69621,68868,67196,63872,66795,68982,70020,71112,70361,70035,69728,68022,66516,64737,63880,59791,57771,56738,56297,56990,58652,61594,65651,70138,69713,68963,67791,65150,67577,68550,68430,69451,69759,70463,70618,68767,66964,65552,64630,60904,58817,57613,57356,58043,59745,62560,65298,67353,65717,64025,62089,59095,62061,63240,64279,65915,66974,68152,68838,67650,66350,65279,64535,60773,58376,57215,56720,57010,58065,58869,57553,55056,52601,51540,49734,47736,48136,49026,50752,53910,56982,59989,61732,61447,60741,60448,60362,57010,54631,53537,53042,53350,54349,54772,52634,48954,46344,45982,44366,43441,43588,44719,46916,50478,54458,58100,60275,60331,59797,59303,58449
452,61384,59372,58236,57999,58651,60661,63442,66124,68251,66465,64531,61997,58401,59957,61079,62890,65823,68153,69816,70311,68456,66783,65567,64789,60692,58539,57472,57108,57731,59518,62402,65758,69552,69621,68868,67196,63872,66795,68982,70020,71112,70361,70035,69728,68022,66516,64737,63880,59791,57771,56738,56297,56990,58652,61594,65651,70138,69713,68963,67791,65150,67577,68550,68430,69451,69759,70463,70618,68767,66964,65552,64630,60904,58817,57613,57356,58043,59745,62560,65298,67353,65717,64025,62089,59095,62061,63240,64279,65915,66974,68152,68838,67650,66350,65279,64535,60773,58376,57215,56720,57010,58065,58869,57553,55056,52601,51540,49734,47736,48136,49026,50752,53910,56982,59989,61732,61447,60741,60448,60362,57010,54631,53537,53042,53350,54349,54772,52634,48954,46344,45982,44366,43441,43588,44719,46916,50478,54458,58100,60275,60331,59797,59303,58449,55380,53366,52375,52310,53201,55271,58883,62299,65162,64461,62671,60118,56739,58475,59864,61950,65137,67549,69408,69891,68212,66648,65330,64465
453,60692,58539,57472,57108,57731,59518,62402,65758,69552,69621,68868,67196,63872,66795,68982,70020,71112,70361,70035,69728,68022,66516,64737,63880,59791,57771,56738,56297,56990,58652,61594,65651,70138,69713,68963,67791,65150,67577,68550,68430,69451,69759,70463,70618,68767,66964,65552,64630,60904,58817,57613,57356,58043,59745,62560,65298,67353,65717,64025,62089,59095,62061,63240,64279,65915,66974,68152,68838,67650,66350,65279,64535,60773,58376,57215,56720,57010,58065,58869,57553,55056,52601,51540,49734,47736,48136,49026,50752,53910,56982,59989,61732,61447,60741,60448,60362,57010,54631,53537,53042,53350,54349,54772,52634,48954,46344,45982,44366,43441,43588,44719,46916,50478,54458,58100,60275,60331,59797,59303,58449,55380,53366,52375,52310,53201,55271,58883,62299,65162,64461,62671,60118,56739,58475,59864,61950,65137,67549,69408,69891,68212,66648,65330,64465,60716,58719,57775,57383,58089,59939,62529,64985,67600,66485,64907,63064,60051,62030,62979,64851,67686,68651,69851,70446,68512,66716,65356,64749
454,59791,57771,56738,56297,56990,58652,61594,65651,70138,69713,68963,67791,65150,67577,68550,68430,69451,69759,70463,70618,68767,66964,65552,64630,60904,58817,57613,57356,58043,59745,62560,65298,67353,65717,64025,62089,59095,62061,63240,64279,65915,66974,68152,68838,67650,66350,65279,64535,60773,58376,57215,56720,57010,58065,58869,57553,55056,52601,51540,49734,47736,48136,49026,50752,53910,56982,59989,61732,61447,60741,60448,60362,57010,54631,53537,53042,53350,54349,54772,52634,48954,46344,45982,44366,43441,43588,44719,46916,50478,54458,58100,60275,60331,59797,59303,58449,55380,53366,52375,52310,53201,55271,58883,62299,65162,64461,62671,60118,56739,58475,59864,61950,65137,67549,69408,69891,68212,66648,65330,64465,60716,58719,57775,57383,58089,59939,62529,64985,67600,66485,64907,63064,60051,62030,62979,64851,67686,68651,69851,70446,68512,66716,65356,64749,60694,58620,57415,57023,57766,59538,62209,64637,67055,65501,63279,60751,57489,59441,60833,62824,65529,67110,68414,69222,67952,66355,64986,63726
455,60904,58817,57613,57356,58043,59745,62560,65298,67353,65717,64025,62089,59095,62061,63240,64279,65915,66974,68152,68838,67650,66350,65279,64535,60773,58376,57215,56720,57010,58065,58869,57553,55056,52601,51540,49734,47736,48136,49026,50752,53910,56982,59989,61732,61447,60741,60448,60362,57010,54631,53537,53042,53350,54349,54772,52634,48954,46344,45982,44366,43441,43588,44719,46916,50478,54458,58100,60275,60331,59797,59303,58449,55380,53366,52375,52310,53201,55271,58883,62299,65162,64461,62671,60118,56739,58475,59864,61950,65137,67549,69408,69891,68212,66648,65330,64465,60716,58719,57775,57383,58089,59939,62529,64985,67600,66485,64907,63064,60051,62030,62979,64851,67686,68651,69851,70446,68512,66716,65356,64749,60694,58620,57415,57023,57766,59538,62209,64637,67055,65501,63279,60751,57489,59441,60833,62824,65529,67110,68414,69222,67952,66355,64986,63726,59585,57486,56461,56286,56839,58424,61245,65118,68741,67560,63681,60369,56872,58731,59977,62145,65383,67475,69176,69860,68193,66416,65136,64025
456,60773,58376,57215,56720,57010,58065,58869,57553,55056,52601,51540,49734,47736,48136,49026,50752,53910,56982,59989,61732,61447,60741,60448,60362,57010,54631,53537,53042,53350,54349,54772,52634,48954,46344,45982,44366,43441,43588,44719,46916,50478,54458,58100,60275,60331,59797,59303,58449,55380,53366,52375,52310,53201,55271,58883,62299,65162,64461,62671,60118,56739,58475,59864,61950,65137,67549,69408,69891,68212,66648,65330,64465,60716,58719,57775,57383,58089,59939,62529,64985,67600,66485,64907,63064,60051,62030,62979,64851,67686,68651,69851,70446,68512,66716,65356,64749,60694,58620,57415,57023,57766,59538,62209,64637,67055,65501,63279,60751,57489,59441,60833,62824,65529,67110,68414,69222,67952,66355,64986,63726,59585,57486,56461,56286,56839,58424,61245,65118,68741,67560,63681,60369,56872,58731,59977,62145,65383,67475,69176,69860,68193,66416,65136,64025,59934,57741,56911,56584,57292,58893,61375,62912,64382,62931,61367,59121,55849,57498,58686,60816,63588,65329,66432,67293,66044,64765,63444,62711
457,57010,54631,53537,53042,53350,54349,54772,52634,48954,46344,45982,44366,43441,43588,44719,46916,50478,54458,58100,60275,60331,59797,59303,58449,55380,53366,52375,52310,53201,55271,58883,62299,65162,64461,62671,60118,56739,58475,59864,61950,65137,67549,69408,69891,68212,66648,65330,64465,60716,58719,57775,57383,58089,59939,62529,64985,67600,66485,64907,63064,60051,62030,62979,64851,67686,68651,69851,70446,68512,66716,65356,64749,60694,58620,57415,57023,57766,59538,62209,64637,67055,65501,63279,60751,57489,59441,60833,62824,65529,67110,68414,69222,67952,66355,64986,63726,59585,57486,56461,56286,56839,58424,61245,65118,68741,67560,63681,60369,56872,58731,59977,62145,65383,67475,69176,69860,68193,66416,65136,64025,59934,57741,56911,56584,57292,58893,61375,62912,64382,62931,61367,59121,55849,57498,58686,60816,63588,65329,66432,67293,66044,64765,63444,62711,58837,56623,55447,54824,55138,55865,56534,55422,54609,52609,51505,49512,47777,48644,49487,51188,53872,56129,58380,60137,59793,59026,58429,57716
458,55380,53366,52375,52310,53201,55271,58883,62299,65162,64461,62671,60118,56739,58475,59864,61950,65137,67549,69408,69891,68212,66648,65330,64465,60716,58719,57775,57383,58089,59939,62529,64985,67600,66485,64907,63064,60051,62030,62979,64851,67686,68651,69851,70446,68512,66716,65356,64749,60694,58620,57415,57023,57766,59538,62209,64637,67055,65501,63279,60751,57489,59441,60833,62824,65529,67110,68414,69222,67952,66355,64986,63726,59585,57486,56461,56286,56839,58424,61245,65118,68741,67560,63681,60369,56872,58731,59977,62145,65383,67475,69176,69860,68193,66416,65136,64025,59934,57741,56911,56584,57292,58893,61375,62912,64382,62931,61367,59121,55849,57498,58686,60816,63588,65329,66432,67293,66044,64765,63444,62711,58837,56623,55447,54824,55138,55865,56534,55422,54609,52609,51505,49512,47777,48644,49487,51188,53872,56129,58380,60137,59793,59026,58429,57716,54190,51920,50639,50108,50386,51112,51437,49650,46986,45183,44889,43736,43256,44271,45783,48046,50937,53712,56574,58490,58439,57650,56688,55346
459,60716,58719,57775,57383,58089,59939,62529,64985,67600,66485,64907,63064,60051,62030,62979,64851,67686,68651,69851,70446,68512,66716,65356,64749,60694,58620,57415,57023,57766,59538,62209,64637,67055,65501,63279,60751,57489,59441,60833,62824,65529,67110,68414,69222,67952,66355,64986,63726,59585,57486,56461,56286,56839,58424,61245,65118,68741,67560,63681,60369,56872,58731,59977,62145,65383,67475,69176,69860,68193,66416,65136,64025,59934,57741,56911,56584,57292,58893,61375,62912,64382,62931,61367,59121,55849,57498,58686,60816,63588,65329,66432,67293,66044,64765,63444,62711,58837,56623,55447,54824,55138,55865,56534,55422,54609,52609,51505,49512,47777,48644,49487,51188,53872,56129,58380,60137,59793,59026,58429,57716,54190,51920,50639,50108,50386,51112,51437,49650,46986,45183,44889,43736,43256,44271,45783,48046,50937,53712,56574,58490,58439,57650,56688,55346,52223,50415,49395,49245,49931,51866,55098,58474,61732,61726,61126,59931,57299,59752,61548,63500,66112,67608,68418,68823,67043,65122,63261,61671
460,60694,58620,57415,57023,57766,59538,62209,64637,67055,65501,63279,60751,57489,59441,60833,62824,65529,67110,68414,69222,67952,66355,64986,63726,59585,57486,56461,56286,56839,58424,61245,65118,68741,67560,63681,60369,56872,58731,59977,62145,65383,67475,69176,69860,68193,66416,65136,64025,59934,57741,56911,56584,57292,58893,61375,62912,64382,62931,61367,59121,55849,57498,58686,60816,63588,65329,66432,67293,66044,64765,63444,62711,58837,56623,55447,54824,55138,55865,56534,55422,54609,52609,51505,49512,47777,48644,49487,51188,53872,56129,58380,60137,59793,59026,58429,57716,54190,51920,50639,50108,50386,51112,51437,49650,46986,45183,44889,43736,43256,44271,45783,48046,50937,53712,56574,58490,58439,57650,56688,55346,52223,50415,49395,49245,49931,51866,55098,58474,61732,61726,61126,59931,57299,59752,61548,63500,66112,67608,68418,68823,67043,65122,63261,61671,57651,55682,54795,54435,54979,56518,58975,62000,64573,63827,62407,60945,58233,60791,62512,64707,67691,69116,69958,69824,67820,65739,63686,61977
461,59585,57486,56461,56286,56839,58424,61245,65118,68741,67560,63681,60369,56872,58731,59977,62145,65383,67475,69176,69860,68193,66416,65136,64025,59934,57741,56911,56584,57292,58893,61375,62912,64382,62931,61367,59121,55849,57498,58686,60816,63588,65329,66432,67293,66044,64765,63444,62711,58837,56623,55447,54824,55138,55865,56534,55422,54609,52609,51505,49512,47777,48644,49487,51188,53872,56129,58380,60137,59793,59026,58429,57716,54190,51920,50639,50108,50386,51112,51437,49650,46986,45183,44889,43736,43256,44271,45783,48046,50937,53712,56574,58490,58439,57650,56688,55346,52223,50415,49395,49245,49931,51866,55098,58474,61732,61726,61126,59931,57299,59752,61548,63500,66112,67608,68418,68823,67043,65122,63261,61671,57651,55682,54795,54435,54979,56518,58975,62000,64573,63827,62407,60945,58233,60791,62512,64707,67691,69116,69958,69824,67820,65739,63686,61977,57898,55929,55001,54636,55070,56360,59354,63739,69042,70665,70697,70500,68473,70813,71497,71564,71881,70632,69883,69309,67498,65497,63905,62726
462,59934,57741,56911,56584,57292,58893,61375,62912,64382,62931,61367,59121,55849,57498,58686,60816,63588,65329,66432,67293,66044,64765,63444,62711,58837,56623,55447,54824,55138,55865,56534,55422,54609,52609,51505,49512,47777,48644,49487,51188,53872,56129,58380,60137,59793,59026,58429,57716,54190,51920,50639,50108,50386,51112,51437,49650,46986,45183,44889,43736,43256,44271,45783,48046,50937,53712,56574,58490,58439,57650,56688,55346,52223,50415,49395,49245,49931,51866,55098,58474,61732,61726,61126,59931,57299,59752,61548,63500,66112,67608,68418,68823,67043,65122,63261,61671,57651,55682,54795,54435,54979,56518,58975,62000,64573,63827,62407,60945,58233,60791,62512,64707,67691,69116,69958,69824,67820,65739,63686,61977,57898,55929,55001,54636,55070,56360,59354,63739,69042,70665,70697,70500,68473,70813,71497,71564,71881,70632,69883,69309,67498,65497,63905,62726,59025,56915,55930,55617,56130,57485,60487,65046,70325,71338,70656,69186,65633,66077,66027,66632,68615,69394,69862,69721,68149,66128,64411,63169
463,58837,56623,55447,54824,55138,55865,56534,55422,54609,52609,51505,49512,47777,48644,49487,51188,53872,56129,58380,60137,59793,59026,58429,57716,54190,51920,50639,50108,50386,51112,51437,49650,46986,45183,44889,43736,43256,44271,45783,48046,50937,53712,56574,58490,58439,57650,56688,55346,52223,50415,49395,49245,49931,51866,55098,58474,61732,61726,61126,59931,57299,59752,61548,63500,66112,67608,68418,68823,67043,65122,63261,61671,57651,55682,54795,54435,54979,56518,58975,62000,64573,63827,62407,60945,58233,60791,62512,64707,67691,69116,69958,69824,67820,65739,63686,61977,57898,55929,55001,54636,55070,56360,59354,63739,69042,70665,70697,70500,68473,70813,71497,71564,71881,70632,69883,69309,67498,65497,63905,62726,59025,56915,55930,55617,56130,57485,60487,65046,70325,71338,70656,69186,65633,66077,66027,66632,68615,69394,69862,69721,68149,66128,64411,63169,59106,56964,55874,55361,56105,57630,60109,62388,64100,62599,60857,58532,55411,57593,59670,61836,64269,65459,66554,67136,65995,64753,63625,62686
464,54190,51920,50639,50108,50386,51112,51437,49650,46986,45183,44889,43736,43256,44271,45783,48046,50937,53712,56574,58490,58439,57650,56688,55346,52223,50415,49395,49245,49931,51866,55098,58474,61732,61726,61126,59931,57299,59752,61548,63500,66112,67608,68418,68823,67043,65122,63261,61671,57651,55682,54795,54435,54979,56518,58975,62000,64573,63827,62407,60945,58233,60791,62512,64707,67691,69116,69958,69824,67820,65739,63686,61977,57898,55929,55001,54636,55070,56360,59354,63739,69042,70665,70697,70500,68473,70813,71497,71564,71881,70632,69883,69309,67498,65497,63905,62726,59025,56915,55930,55617,56130,57485,60487,65046,70325,71338,70656,69186,65633,66077,66027,66632,68615,69394,69862,69721,68149,66128,64411,63169,59106,56964,55874,55361,56105,57630,60109,62388,64100,62599,60857,58532,55411,57593,59670,61836,64269,65459,66554,67136,65995,64753,63625,62686,58680,56614,55412,54704,54996,55773,56102,54716,52979,50966,50464,49019,47013,47734,48232,50111,52785,55319,57948,59946,59901,59183,58606,57961
465,52223,50415,49395,49245,49931,51866,55098,58474,61732,61726,61126,59931,57299,59752,61548,63500,66112,67608,68418,68823,67043,65122,63261,61671,57651,55682,54795,54435,54979,56518,58975,62000,64573,63827,62407,60945,58233,60791,62512,64707,67691,69116,69958,69824,67820,65739,63686,61977,57898,55929,55001,54636,55070,56360,59354,63739,69042,70665,70697,70500,68473,70813,71497,71564,71881,70632,69883,69309,67498,65497,63905,62726,59025,56915,55930,55617,56130,57485,60487,65046,70325,71338,70656,69186,65633,66077,66027,66632,68615,69394,69862,69721,68149,66128,64411,63169,59106,56964,55874,55361,56105,57630,60109,62388,64100,62599,60857,58532,55411,57593,59670,61836,64269,65459,66554,67136,65995,64753,63625,62686,58680,56614,55412,54704,54996,55773,56102,54716,52979,50966,50464,49019,47013,47734,48232,50111,52785,55319,57948,59946,59901,59183,58606,57961,54550,52256,51117,50600,51211,52178,52060,49542,46591,44421,44226,43136,42448,42844,44007,46185,49723,53510,56479,58733,58751,58020,57123,55894
466,57651,55682,54795,54435,54979,56518,58975,62000,64573,63827,62407,60945,58233,60791,62512,64707,67691,69116,69958,69824,67820,65739,63686,61977,57898,55929,55001,54636,55070,56360,59354,63739,69042,70665,70697,70500,68473,70813,71497,71564,71881,70632,69883,69309,67498,65497,63905,62726,59025,56915,55930,55617,56130,57485,60487,65046,70325,71338,70656,69186,65633,66077,66027,66632,68615,69394,69862,69721,68149,66128,64411,63169,59106,56964,55874,55361,56105,57630,60109,62388,64100,62599,60857,58532,55411,57593,59670,61836,64269,65459,66554,67136,65995,64753,63625,62686,58680,56614,55412,54704,54996,55773,56102,54716,52979,50966,50464,49019,47013,47734,48232,50111,52785,55319,57948,59946,59901,59183,58606,57961,54550,52256,51117,50600,51211,52178,52060,49542,46591,44421,44226,43136,42448,42844,44007,46185,49723,53510,56479,58733,58751,58020,57123,55894,52671,50576,49765,49620,50448,52243,55488,59402,64044,64638,63153,61314,57906,59521,60293,61705,64461,66089,67299,67906,66557,64933,63381,62179
467,57898,55929,55001,54636,55070,56360,59354,63739,69042,70665,70697,70500,68473,70813,71497,71564,71881,70632,69883,69309,67498,65497,63905,62726,59025,56915,55930,55617,56130,57485,60487,65046,70325,71338,70656,69186,65633,66077,66027,66632,68615,69394,69862,69721,68149,66128,64411,63169,59106,56964,55874,55361,56105,57630,60109,62388,64100,62599,60857,58532,55411,57593,59670,61836,64269,65459,66554,67136,65995,64753,63625,62686,58680,56614,55412,54704,54996,55773,56102,54716,52979,50966,50464,49019,47013,47734,48232,50111,52785,55319,57948,59946,59901,59183,58606,57961,54550,52256,51117,50600,51211,52178,52060,49542,46591,44421,44226,43136,42448,42844,44007,46185,49723,53510,56479,58733,58751,58020,57123,55894,52671,50576,49765,49620,50448,52243,55488,59402,64044,64638,63153,61314,57906,59521,60293,61705,64461,66089,67299,67906,66557,64933,63381,62179,58276,56329,55470,55172,55881,57364,59553,61381,63118,61969,60350,58458,55685,58246,59921,62056,64947,66751,67954,68498,67018,65343,63570,62407
468,59025,56915,55930,55617,56130,57485,60487,65046,70325,71338,70656,69186,65633,66077,66027,66632,68615,69394,69862,69721,68149,66128,64411,63169,59106,56964,55874,55361,56105,57630,60109,62388,64100,62599,60857,58532,55411,57593,59670,61836,64269,65459,66554,67136,65995,64753,63625,62686,58680,56614,55412,54704,54996,55773,56102,54716,52979,50966,50464,49019,47013,47734,48232,50111,52785,55319,57948,59946,59901,59183,58606,57961,54550,52256,51117,50600,51211,52178,52060,49542,46591,44421,44226,43136,42448,42844,44007,46185,49723,53510,56479,58733,58751,58020,57123,55894,52671,50576,49765,49620,50448,52243,55488,59402,64044,64638,63153,61314,57906,59521,60293,61705,64461,66089,67299,67906,66557,64933,63381,62179,58276,56329,55470,55172,55881,57364,59553,61381,63118,61969,60350,58458,55685,58246,59921,62056,64947,66751,67954,68498,67018,65343,63570,62407,58458,56472,55551,55315,55959,57368,59561,60629,62023,61148,59858,57976,55287,57752,59474,61561,64525,65908,66976,67702,66647,64964,63281,62094
469,59106,56964,55874,55361,56105,57630,60109,62388,64100,62599,60857,58532,55411,57593,59670,61836,64269,65459,66554,67136,65995,64753,63625,62686,58680,56614,55412,54704,54996,55773,56102,54716,52979,50966,50464,49019,47013,47734,48232,50111,52785,55319,57948,59946,59901,59183,58606,57961,54550,52256,51117,50600,51211,52178,52060,49542,46591,44421,44226,43136,42448,42844,44007,46185,49723,53510,56479,58733,58751,58020,57123,55894,52671,50576,49765,49620,50448,52243,55488,59402,64044,64638,63153,61314,57906,59521,60293,61705,64461,66089,67299,67906,66557,64933,63381,62179,58276,56329,55470,55172,55881,57364,59553,61381,63118,61969,60350,58458,55685,58246,59921,62056,64947,66751,67954,68498,67018,65343,63570,62407,58458,56472,55551,55315,55959,57368,59561,60629,62023,61148,59858,57976,55287,57752,59474,61561,64525,65908,66976,67702,66647,64964,63281,62094,58093,56296,55274,54976,55482,56748,59136,62237,65878,66435,65925,65582,63325,64234,64013,64111,65267,66714,67676,68549,67152,65302,63562,62115
470,58680,56614,55412,54704,54996,55773,56102,54716,52979,50966,50464,49019,47013,47734,48232,50111,52785,55319,57948,59946,59901,59183,58606,57961,54550,52256,51117,50600,51211,52178,52060,49542,46591,44421,44226,43136,42448,42844,44007,46185,49723,53510,56479,58733,58751,58020,57123,55894,52671,50576,49765,49620,50448,52243,55488,59402,64044,64638,63153,61314,57906,59521,60293,61705,64461,66089,67299,67906,66557,64933,63381,62179,58276,56329,55470,55172,55881,57364,59553,61381,63118,61969,60350,58458,55685,58246,59921,62056,64947,66751,67954,68498,67018,65343,63570,62407,58458,56472,55551,55315,55959,57368,59561,60629,62023,61148,59858,57976,55287,57752,59474,61561,64525,65908,66976,67702,66647,64964,63281,62094,58093,56296,55274,54976,55482,56748,59136,62237,65878,66435,65925,65582,63325,64234,64013,64111,65267,66714,67676,68549,67152,65302,63562,62115,58126,56218,55184,54793,55302,56587,58720,60889,63404,63118,62399,61339,59221,62013,63303,64358,66134,66574,66619,67015,65671,64085,62620,61497
471,54550,52256,51117,50600,51211,52178,52060,49542,46591,44421,44226,43136,42448,42844,44007,46185,49723,53510,56479,58733,58751,58020,57123,55894,52671,50576,49765,49620,50448,52243,55488,59402,64044,64638,63153,61314,57906,59521,60293,61705,64461,66089,67299,67906,66557,64933,63381,62179,58276,56329,55470,55172,55881,57364,59553,61381,63118,61969,60350,58458,55685,58246,59921,62056,64947,66751,67954,68498,67018,65343,63570,62407,58458,56472,55551,55315,55959,57368,59561,60629,62023,61148,59858,57976,55287,57752,59474,61561,64525,65908,66976,67702,66647,64964,63281,62094,58093,56296,55274,54976,55482,56748,59136,62237,65878,66435,65925,65582,63325,64234,64013,64111,65267,66714,67676,68549,67152,65302,63562,62115,58126,56218,55184,54793,55302,56587,58720,60889,63404,63118,62399,61339,59221,62013,63303,64358,66134,66574,66619,67015,65671,64085,62620,61497,57649,55361,54146,53552,53665,54196,54777,54398,54429,53275,52636,51255,49363,50670,51550,52951,54666,55807,57407,58909,58789,58076,57293,56375
472,52671,50576,49765,49620,50448,52243,55488,59402,64044,64638,63153,61314,57906,59521,60293,61705,64461,66089,67299,67906,66557,64933,63381,62179,58276,56329,55470,55172,55881,57364,59553,61381,63118,61969,60350,58458,55685,58246,59921,62056,64947,66751,67954,68498,67018,65343,63570,62407,58458,56472,55551,55315,55959,57368,59561,60629,62023,61148,59858,57976,55287,57752,59474,61561,64525,65908,66976,67702,66647,64964,63281,62094,58093,56296,55274,54976,55482,56748,59136,62237,65878,66435,65925,65582,63325,64234,64013,64111,65267,66714,67676,68549,67152,65302,63562,62115,58126,56218,55184,54793,55302,56587,58720,60889,63404,63118,62399,61339,59221,62013,63303,64358,66134,66574,66619,67015,65671,64085,62620,61497,57649,55361,54146,53552,53665,54196,54777,54398,54429,53275,52636,51255,49363,50670,51550,52951,54666,55807,57407,58909,58789,58076,57293,56375,52802,50783,49687,49194,49268,49799,50299,49217,47390,45526,45363,43916,43377,44233,45324,47569,50784,54032,56499,58501,58487,57454,56327,54804
473,58276,56329,55470,55172,55881,57364,59553,61381,63118,61969,60350,58458,55685,58246,59921,62056,64947,66751,67954,68498,67018,65343,63570,62407,58458,56472,55551,55315,55959,57368,59561,60629,62023,61148,59858,57976,55287,57752,59474,61561,64525,65908,66976,67702,66647,64964,63281,62094,58093,56296,55274,54976,55482,56748,59136,62237,65878,66435,65925,65582,63325,64234,64013,64111,65267,66714,67676,68549,67152,65302,63562,62115,58126,56218,55184,54793,55302,56587,58720,60889,63404,63118,62399,61339,59221,62013,63303,64358,66134,66574,66619,67015,65671,64085,62620,61497,57649,55361,54146,53552,53665,54196,54777,54398,54429,53275,52636,51255,49363,50670,51550,52951,54666,55807,57407,58909,58789,58076,57293,56375,52802,50783,49687,49194,49268,49799,50299,49217,47390,45526,45363,43916,43377,44233,45324,47569,50784,54032,56499,58501,58487,57454,56327,54804,51681,49969,49085,48851,49526,51272,54281,58030,62504,62712,62147,61589,60323,64687,67250,68391,69646,69176,68826,68777,67060,65032,62974,61796
474,58458,56472,55551,55315,55959,57368,59561,60629,62023,61148,59858,57976,55287,57752,59474,61561,64525,65908,66976,67702,66647,64964,63281,62094,58093,56296,55274,54976,55482,56748,59136,62237,65878,66435,65925,65582,63325,64234,64013,64111,65267,66714,67676,68549,67152,65302,63562,62115,58126,56218,55184,54793,55302,56587,58720,60889,63404,63118,62399,61339,59221,62013,63303,64358,66134,66574,66619,67015,65671,64085,62620,61497,57649,55361,54146,53552,53665,54196,54777,54398,54429,53275,52636,51255,49363,50670,51550,52951,54666,55807,57407,58909,58789,58076,57293,56375,52802,50783,49687,49194,49268,49799,50299,49217,47390,45526,45363,43916,43377,44233,45324,47569,50784,54032,56499,58501,58487,57454,56327,54804,51681,49969,49085,48851,49526,51272,54281,58030,62504,62712,62147,61589,60323,64687,67250,68391,69646,69176,68826,68777,67060,65032,62974,61796,57915,56390,55265,54778,55019,56130,59006,62949,67549,68602,68000,67267,65028,67103,68230,69048,69997,69301,69104,69408,67694,65576,63242,61801
475,58093,56296,55274,54976,55482,56748,59136,62237,65878,66435,65925,65582,63325,64234,64013,64111,65267,66714,67676,68549,67152,65302,63562,62115,58126,56218,55184,54793,55302,56587,58720,60889,63404,63118,62399,61339,59221,62013,63303,64358,66134,66574,66619,67015,65671,64085,62620,61497,57649,55361,54146,53552,53665,54196,54777,54398,54429,53275,52636,51255,49363,50670,51550,52951,54666,55807,57407,58909,58789,58076,57293,56375,52802,50783,49687,49194,49268,49799,50299,49217,47390,45526,45363,43916,43377,44233,45324,47569,50784,54032,56499,58501,58487,57454,56327,54804,51681,49969,49085,48851,49526,51272,54281,58030,62504,62712,62147,61589,60323,64687,67250,68391,69646,69176,68826,68777,67060,65032,62974,61796,57915,56390,55265,54778,55019,56130,59006,62949,67549,68602,68000,67267,65028,67103,68230,69048,69997,69301,69104,69408,67694,65576,63242,61801,57966,55776,54973,54536,54997,56090,58043,59791,61717,61199,60438,58697,56213,59131,60950,63055,65561,66416,66681,67404,66432,64636,62820,61664
476,58126,56218,55184,54793,55302,56587,58720,60889,63404,63118,62399,61339,59221,62013,63303,64358,66134,66574,66619,67015,65671,64085,62620,61497,57649,55361,54146,53552,53665,54196,54777,54398,54429,53275,52636,51255,49363,50670,51550,52951,54666,55807,57407,58909,58789,58076,57293,56375,52802,50783,49687,49194,49268,49799,50299,49217,47390,45526,45363,43916,43377,44233,45324,47569,50784,54032,56499,58501,58487,57454,56327,54804,51681,49969,49085,48851,49526,51272,54281,58030,62504,62712,62147,61589,60323,64687,67250,68391,69646,69176,68826,68777,67060,65032,62974,61796,57915,56390,55265,54778,55019,56130,59006,62949,67549,68602,68000,67267,65028,67103,68230,69048,69997,69301,69104,69408,67694,65576,63242,61801,57966,55776,54973,54536,54997,56090,58043,59791,61717,61199,60438,58697,56213,59131,60950,63055,65561,66416,66681,67404,66432,64636,62820,61664,57796,56176,55194,54761,55094,56090,58009,59938,62037,61439,60563,59417,57570,61031,64087,65403,67093,67436,67765,68086,66568,64623,62611,61264
477,57649,55361,54146,53552,53665,54196,54777,54398,54429,53275,52636,51255,49363,50670,51550,52951,54666,55807,57407,58909,58789,58076,57293,56375,52802,50783,49687,49194,49268,49799,50299,49217,47390,45526,45363,43916,43377,44233,45324,47569,50784,54032,56499,58501,58487,57454,56327,54804,51681,49969,49085,48851,49526,51272,54281,58030,62504,62712,62147,61589,60323,64687,67250,68391,69646,69176,68826,68777,67060,65032,62974,61796,57915,56390,55265,54778,55019,56130,59006,62949,67549,68602,68000,67267,65028,67103,68230,69048,69997,69301,69104,69408,67694,65576,63242,61801,57966,55776,54973,54536,54997,56090,58043,59791,61717,61199,60438,58697,56213,59131,60950,63055,65561,66416,66681,67404,66432,64636,62820,61664,57796,56176,55194,54761,55094,56090,58009,59938,62037,61439,60563,59417,57570,61031,64087,65403,67093,67436,67765,68086,66568,64623,62611,61264,57465,55599,54682,54365,54869,55904,59150,63673,67684,67249,64187,61751,60025,63000,64266,65292,66719,66462,66284,66488,65339,63902,62297,61355
478,52802,50783,49687,49194,49268,49799,50299,49217,47390,45526,45363,43916,43377,44233,45324,47569,50784,54032,56499,58501,58487,57454,56327,54804,51681,49969,49085,48851,49526,51272,54281,58030,62504,62712,62147,61589,60323,64687,67250,68391,69646,69176,68826,68777,67060,65032,62974,61796,57915,56390,55265,54778,55019,56130,59006,62949,67549,68602,68000,67267,65028,67103,68230,69048,69997,69301,69104,69408,67694,65576,63242,61801,57966,55776,54973,54536,54997,56090,58043,59791,61717,61199,60438,58697,56213,59131,60950,63055,65561,66416,66681,67404,66432,64636,62820,61664,57796,56176,55194,54761,55094,56090,58009,59938,62037,61439,60563,59417,57570,61031,64087,65403,67093,67436,67765,68086,66568,64623,62611,61264,57465,55599,54682,54365,54869,55904,59150,63673,67684,67249,64187,61751,60025,63000,64266,65292,66719,66462,66284,66488,65339,63902,62297,61355,57594,55486,54209,53596,53605,53969,54447,54392,54694,54247,53749,53261,51968,52791,52698,53489,54523,55472,57204,58749,58925,58133,57192,56508
479,51681,49969,49085,48851,49526,51272,54281,58030,62504,62712,62147,61589,60323,64687,67250,68391,69646,69176,68826,68777,67060,65032,62974,61796,57915,56390,55265,54778,55019,56130,59006,62949,67549,68602,68000,67267,65028,67103,68230,69048,69997,69301,69104,69408,67694,65576,63242,61801,57966,55776,54973,54536,54997,56090,58043,59791,61717,61199,60438,58697,56213,59131,60950,63055,65561,66416,66681,67404,66432,64636,62820,61664,57796,56176,55194,54761,55094,56090,58009,59938,62037,61439,60563,59417,57570,61031,64087,65403,67093,67436,67765,68086,66568,64623,62611,61264,57465,55599,54682,54365,54869,55904,59150,63673,67684,67249,64187,61751,60025,63000,64266,65292,66719,66462,66284,66488,65339,63902,62297,61355,57594,55486,54209,53596,53605,53969,54447,54392,54694,54247,53749,53261,51968,52791,52698,53489,54523,55472,57204,58749,58925,58133,57192,56508,53319,51229,50043,49507,49595,50016,49919,47587,44627,42789,42815,41617,41410,41927,43430,45394,48451,52086,55119,57283,57628,56964,56013,54844
480,57915,56390,55265,54778,55019,56130,59006,62949,67549,68602,68000,67267,65028,67103,68230,69048,69997,69301,69104,69408,67694,65576,63242,61801,57966,55776,54973,54536,54997,56090,58043,59791,61717,61199,60438,58697,56213,59131,60950,63055,65561,66416,66681,67404,66432,64636,62820,61664,57796,56176,55194,54761,55094,56090,58009,59938,62037,61439,60563,59417,57570,61031,64087,65403,67093,67436,67765,68086,66568,64623,62611,61264,57465,55599,54682,54365,54869,55904,59150,63673,67684,67249,64187,61751,60025,63000,64266,65292,66719,66462,66284,66488,65339,63902,62297,61355,57594,55486,54209,53596,53605,53969,54447,54392,54694,54247,53749,53261,51968,52791,52698,53489,54523,55472,57204,58749,58925,58133,57192,56508,53319,51229,50043,49507,49595,50016,49919,47587,44627,42789,42815,41617,41410,41927,43430,45394,48451,52086,55119,57283,57628,56964,56013,54844,51736,49806,48870,48617,49254,51035,53792,56466,59242,59311,58689,58205,56083,58606,60126,61614,64233,65553,66645,67357,66457,64676,63059,61769
481,57966,55776,54973,54536,54997,56090,58043,59791,61717,61199,60438,58697,56213,59131,60950,63055,65561,66416,66681,67404,66432,64636,62820,61664,57796,56176,55194,54761,55094,56090,58009,59938,62037,61439,60563,59417,57570,61031,64087,65403,67093,67436,67765,68086,66568,64623,62611,61264,57465,55599,54682,54365,54869,55904,59150,63673,67684,67249,64187,61751,60025,63000,64266,65292,66719,66462,66284,66488,65339,63902,62297,61355,57594,55486,54209,53596,53605,53969,54447,54392,54694,54247,53749,53261,51968,52791,52698,53489,54523,55472,57204,58749,58925,58133,57192,56508,53319,51229,50043,49507,49595,50016,49919,47587,44627,42789,42815,41617,41410,41927,43430,45394,48451,52086,55119,57283,57628,56964,56013,54844,51736,49806,48870,48617,49254,51035,53792,56466,59242,59311,58689,58205,56083,58606,60126,61614,64233,65553,66645,67357,66457,64676,63059,61769,57998,56164,55234,54966,55350,56509,58315,59643,61212,60499,59361,57402,54825,57528,59215,61091,64101,66017,67381,68221,67132,65422,63630,62324
482,57796,56176,55194,54761,55094,56090,58009,59938,62037,61439,60563,59417,57570,61031,64087,65403,67093,67436,67765,68086,66568,64623,62611,61264,57465,55599,54682,54365,54869,55904,59150,63673,67684,67249,64187,61751,60025,63000,64266,65292,66719,66462,66284,66488,65339,63902,62297,61355,57594,55486,54209,53596,53605,53969,54447,54392,54694,54247,53749,53261,51968,52791,52698,53489,54523,55472,57204,58749,58925,58133,57192,56508,53319,51229,50043,49507,49595,50016,49919,47587,44627,42789,42815,41617,41410,41927,43430,45394,48451,52086,55119,57283,57628,56964,56013,54844,51736,49806,48870,48617,49254,51035,53792,56466,59242,59311,58689,58205,56083,58606,60126,61614,64233,65553,66645,67357,66457,64676,63059,61769,57998,56164,55234,54966,55350,56509,58315,59643,61212,60499,59361,57402,54825,57528,59215,61091,64101,66017,67381,68221,67132,65422,63630,62324,58553,56651,55785,55449,55755,56608,58288,59576,61332,60716,59716,58316,55846,58423,60144,61967,64475,65740,66086,66896,66049,64653,62957,61865
483,57465,55599,54682,54365,54869,55904,59150,63673,67684,67249,64187,61751,60025,63000,64266,65292,66719,66462,66284,66488,65339,63902,62297,61355,57594,55486,54209,53596,53605,53969,54447,54392,54694,54247,53749,53261,51968,52791,52698,53489,54523,55472,57204,58749,58925,58133,57192,56508,53319,51229,50043,49507,49595,50016,49919,47587,44627,42789,42815,41617,41410,41927,43430,45394,48451,52086,55119,57283,57628,56964,56013,54844,51736,49806,48870,48617,49254,51035,53792,56466,59242,59311,58689,58205,56083,58606,60126,61614,64233,65553,66645,67357,66457,64676,63059,61769,57998,56164,55234,54966,55350,56509,58315,59643,61212,60499,59361,57402,54825,57528,59215,61091,64101,66017,67381,68221,67132,65422,63630,62324,58553,56651,55785,55449,55755,56608,58288,59576,61332,60716,59716,58316,55846,58423,60144,61967,64475,65740,66086,66896,66049,64653,62957,61865,58085,55940,54772,54151,54347,54830,55063,53742,52852,51888,51934,50805,49051,50617,52084,54037,56575,58588,60638,62175,62398,61385,60187,58641
484,57594,55486,54209,53596,53605,53969,54447,54392,54694,54247,53749,53261,51968,52791,52698,53489,54523,55472,57204,58749,58925,58133,57192,56508,53319,51229,50043,49507,49595,50016,49919,47587,44627,42789,42815,41617,41410,41927,43430,45394,48451,52086,55119,57283,57628,56964,56013,54844,51736,49806,48870,48617,49254,51035,53792,56466,59242,59311,58689,58205,56083,58606,60126,61614,64233,65553,66645,67357,66457,64676,63059,61769,57998,56164,55234,54966,55350,56509,58315,59643,61212,60499,59361,57402,54825,57528,59215,61091,64101,66017,67381,68221,67132,65422,63630,62324,58553,56651,55785,55449,55755,56608,58288,59576,61332,60716,59716,58316,55846,58423,60144,61967,64475,65740,66086,66896,66049,64653,62957,61865,58085,55940,54772,54151,54347,54830,55063,53742,52852,51888,51934,50805,49051,50617,52084,54037,56575,58588,60638,62175,62398,61385,60187,58641,55359,53480,52448,52065,52351,53340,54613,55702,57691,57639,57592,56971,55309,57500,59007,60522,62645,64313,64718,65275,64369,62645,60875,59914
485,53319,51229,50043,49507,49595,50016,49919,47587,44627,42789,42815,41617,41410,41927,43430,45394,48451,52086,55119,57283,57628,56964,56013,54844,51736,49806,48870,48617,49254,51035,53792,56466,59242,59311,58689,58205,56083,58606,60126,61614,64233,65553,66645,67357,66457,64676,63059,61769,57998,56164,55234,54966,55350,56509,58315,59643,61212,60499,59361,57402,54825,57528,59215,61091,64101,66017,67381,68221,67132,65422,63630,62324,58553,56651,55785,55449,55755,56608,58288,59576,61332,60716,59716,58316,55846,58423,60144,61967,64475,65740,66086,66896,66049,64653,62957,61865,58085,55940,54772,54151,54347,54830,55063,53742,52852,51888,51934,50805,49051,50617,52084,54037,56575,58588,60638,62175,62398,61385,60187,58641,55359,53480,52448,52065,52351,53340,54613,55702,57691,57639,57592,56971,55309,57500,59007,60522,62645,64313,64718,65275,64369,62645,60875,59914,56519,54445,53252,52674,52674,52874,53473,53484,54000,53365,52918,51028,49000,49272,49772,51045,52824,54942,56726,58188,58240,57344,56530,55851
486,51736,49806,48870,48617,49254,51035,53792,56466,59242,59311,58689,58205,56083,58606,60126,61614,64233,65553,66645,67357,66457,64676,63059,61769,57998,56164,55234,54966,55350,56509,58315,59643,61212,60499,59361,57402,54825,57528,59215,61091,64101,66017,67381,68221,67132,65422,63630,62324,58553,56651,55785,55449,55755,56608,58288,59576,61332,60716,59716,58316,55846,58423,60144,61967,64475,65740,66086,66896,66049,64653,62957,61865,58085,55940,54772,54151,54347,54830,55063,53742,52852,51888,51934,50805,49051,50617,52084,54037,56575,58588,60638,62175,62398,61385,60187,58641,55359,53480,52448,52065,52351,53340,54613,55702,57691,57639,57592,56971,55309,57500,59007,60522,62645,64313,64718,65275,64369,62645,60875,59914,56519,54445,53252,52674,52674,52874,53473,53484,54000,53365,52918,51028,49000,49272,49772,51045,52824,54942,56726,58188,58240,57344,56530,55851,52664,50707,49558,48835,49050,49265,49409,48574,47045,45965,46547,45477,45198,46362,47749,49435,51517,53963,55855,57290,57573,56862,55807,54475
487,57998,56164,55234,54966,55350,56509,58315,59643,61212,60499,59361,57402,54825,57528,59215,61091,64101,66017,67381,68221,67132,65422,63630,62324,58553,56651,55785,55449,55755,56608,58288,59576,61332,60716,59716,58316,55846,58423,60144,61967,64475,65740,66086,66896,66049,64653,62957,61865,58085,55940,54772,54151,54347,54830,55063,53742,52852,51888,51934,50805,49051,50617,52084,54037,56575,58588,60638,62175,62398,61385,60187,58641,55359,53480,52448,52065,52351,53340,54613,55702,57691,57639,57592,56971,55309,57500,59007,60522,62645,64313,64718,65275,64369,62645,60875,59914,56519,54445,53252,52674,52674,52874,53473,53484,54000,53365,52918,51028,49000,49272,49772,51045,52824,54942,56726,58188,58240,57344,56530,55851,52664,50707,49558,48835,49050,49265,49409,48574,47045,45965,46547,45477,45198,46362,47749,49435,51517,53963,55855,57290,57573,56862,55807,54475,51608,49881,48888,48647,49332,50858,54016,57925,61877,61223,60114,59182,57055,59816,61944,63832,65921,67120,67830,68295,67221,65394,63263,61949
488,58553,56651,55785,55449,55755,56608,58288,59576,61332,60716,59716,58316,55846,58423,60144,61967,64475,65740,66086,66896,66049,64653,62957,61865,58085,55940,54772,54151,54347,54830,55063,53742,52852,51888,51934,50805,49051,50617,52084,54037,56575,58588,60638,62175,62398,61385,60187,58641,55359,53480,52448,52065,52351,53340,54613,55702,57691,57639,57592,56971,55309,57500,59007,60522,62645,64313,64718,65275,64369,62645,60875,59914,56519,54445,53252,52674,52674,52874,53473,53484,54000,53365,52918,51028,49000,49272,49772,51045,52824,54942,56726,58188,58240,57344,56530,55851,52664,50707,49558,48835,49050,49265,49409,48574,47045,45965,46547,45477,45198,46362,47749,49435,51517,53963,55855,57290,57573,56862,55807,54475,51608,49881,48888,48647,49332,50858,54016,57925,61877,61223,60114,59182,57055,59816,61944,63832,65921,67120,67830,68295,67221,65394,63263,61949,58113,56235,55346,54864,55193,56107,58489,61089,63677,62667,61099,59320,56609,59260,61457,64058,67030,67837,68154,68449,67214,65286,63217,61757
489,58085,55940,54772,54151,54347,54830,55063,53742,52852,51888,51934,50805,49051,50617,52084,54037,56575,58588,60638,62175,62398,61385,60187,58641,55359,53480,52448,52065,52351,53340,54613,55702,57691,57639,57592,56971,55309,57500,59007,60522,62645,64313,64718,65275,64369,62645,60875,59914,56519,54445,53252,52674,52674,52874,53473,53484,54000,53365,52918,51028,49000,49272,49772,51045,52824,54942,56726,58188,58240,57344,56530,55851,52664,50707,49558,48835,49050,49265,49409,48574,47045,45965,46547,45477,45198,46362,47749,49435,51517,53963,55855,57290,57573,56862,55807,54475,51608,49881,48888,48647,49332,50858,54016,57925,61877,61223,60114,59182,57055,59816,61944,63832,65921,67120,67830,68295,67221,65394,63263,61949,58113,56235,55346,54864,55193,56107,58489,61089,63677,62667,61099,59320,56609,59260,61457,64058,67030,67837,68154,68449,67214,65286,63217,61757,57773,55694,54643,54500,54627,55187,57479,59833,62845,63006,62642,61999,60412,63859,65465,67101,69165,69284,68826,69133,68042,66115,63984,61968
490,55359,53480,52448,52065,52351,53340,54613,55702,57691,57639,57592,56971,55309,57500,59007,60522,62645,64313,64718,65275,64369,62645,60875,59914,56519,54445,53252,52674,52674,52874,53473,53484,54000,53365,52918,51028,49000,49272,49772,51045,52824,54942,56726,58188,58240,57344,56530,55851,52664,50707,49558,48835,49050,49265,49409,48574,47045,45965,46547,45477,45198,46362,47749,49435,51517,53963,55855,57290,57573,56862,55807,54475,51608,49881,48888,48647,49332,50858,54016,57925,61877,61223,60114,59182,57055,59816,61944,63832,65921,67120,67830,68295,67221,65394,63263,61949,58113,56235,55346,54864,55193,56107,58489,61089,63677,62667,61099,59320,56609,59260,61457,64058,67030,67837,68154,68449,67214,65286,63217,61757,57773,55694,54643,54500,54627,55187,57479,59833,62845,63006,62642,61999,60412,63859,65465,67101,69165,69284,68826,69133,68042,66115,63984,61968,57880,56196,55245,54928,55083,55852,58131,61099,64306,65098,65163,64246,61792,63888,65832,67774,69495,68983,69218,69519,67948,65748,63517,61774
491,56519,54445,53252,52674,52674,52874,53473,53484,54000,53365,52918,51028,49000,49272,49772,51045,52824,54942,56726,58188,58240,57344,56530,55851,52664,50707,49558,48835,49050,49265,49409,48574,47045,45965,46547,45477,45198,46362,47749,49435,51517,53963,55855,57290,57573,56862,55807,54475,51608,49881,48888,48647,49332,50858,54016,57925,61877,61223,60114,59182,57055,59816,61944,63832,65921,67120,67830,68295,67221,65394,63263,61949,58113,56235,55346,54864,55193,56107,58489,61089,63677,62667,61099,59320,56609,59260,61457,64058,67030,67837,68154,68449,67214,65286,63217,61757,57773,55694,54643,54500,54627,55187,57479,59833,62845,63006,62642,61999,60412,63859,65465,67101,69165,69284,68826,69133,68042,66115,63984,61968,57880,56196,55245,54928,55083,55852,58131,61099,64306,65098,65163,64246,61792,63888,65832,67774,69495,68983,69218,69519,67948,65748,63517,61774,58013,56165,55203,54842,55218,56166,58611,62024,66321,67870,68089,67843,66122,69142,70217,69626,69050,68102,67308,67650,66745,64808,62578,61391
492,52664,50707,49558,48835,49050,49265,49409,48574,47045,45965,46547,45477,45198,46362,47749,49435,51517,53963,55855,57290,57573,56862,55807,54475,51608,49881,48888,48647,49332,50858,54016,57925,61877,61223,60114,59182,57055,59816,61944,63832,65921,67120,67830,68295,67221,65394,63263,61949,58113,56235,55346,54864,55193,56107,58489,61089,63677,62667,61099,59320,56609,59260,61457,64058,67030,67837,68154,68449,67214,65286,63217,61757,57773,55694,54643,54500,54627,55187,57479,59833,62845,63006,62642,61999,60412,63859,65465,67101,69165,69284,68826,69133,68042,66115,63984,61968,57880,56196,55245,54928,55083,55852,58131,61099,64306,65098,65163,64246,61792,63888,65832,67774,69495,68983,69218,69519,67948,65748,63517,61774,58013,56165,55203,54842,55218,56166,58611,62024,66321,67870,68089,67843,66122,69142,70217,69626,69050,68102,67308,67650,66745,64808,62578,61391,57650,55894,54702,53965,53937,54145,54240,52748,51863,50557,50688,49547,47796,49085,50647,52017,54151,55945,57726,59256,59523,58566,57402,56564
493,51608,49881,48888,48647,49332,50858,54016,57925,61877,61223,60114,59182,57055,59816,61944,63832,65921,67120,67830,68295,67221,65394,63263,61949,58113,56235,55346,54864,55193,56107,58489,61089,63677,62667,61099,59320,56609,59260,61457,64058,67030,67837,68154,68449,67214,65286,63217,61757,57773,55694,54643,54500,54627,55187,57479,59833,62845,63006,62642,61999,60412,63859,65465,67101,69165,69284,68826,69133,68042,66115,63984,61968,57880,56196,55245,54928,55083,55852,58131,61099,64306,65098,65163,64246,61792,63888,65832,67774,69495,68983,69218,69519,67948,65748,63517,61774,58013,56165,55203,54842,55218,56166,58611,62024,66321,67870,68089,67843,66122,69142,70217,69626,69050,68102,67308,67650,66745,64808,62578,61391,57650,55894,54702,53965,53937,54145,54240,52748,51863,50557,50688,49547,47796,49085,50647,52017,54151,55945,57726,59256,59523,58566,57402,56564,53324,51335,50232,49641,49764,49878,49629,47874,45897,44242,44193,42968,42720,43359,44457,46498,49608,53097,55783,57685,58322,57433,56202,54728
494,58113,56235,55346,54864,55193,56107,58489,61089,63677,62667,61099,59320,56609,59260,61457,64058,67030,67837,68154,68449,67214,65286,63217,61757,57773,55694,54643,54500,54627,55187,57479,59833,62845,63006,62642,61999,60412,63859,65465,67101,69165,69284,68826,69133,68042,66115,63984,61968,57880,56196,55245,54928,55083,55852,58131,61099,64306,65098,65163,64246,61792,63888,65832,67774,69495,68983,69218,69519,67948,65748,63517,61774,58013,56165,55203,54842,55218,56166,58611,62024,66321,67870,68089,67843,66122,69142,70217,69626,69050,68102,67308,67650,66745,64808,62578,61391,57650,55894,54702,53965,53937,54145,54240,52748,51863,50557,50688,49547,47796,49085,50647,52017,54151,55945,57726,59256,59523,58566,57402,56564,53324,51335,50232,49641,49764,49878,49629,47874,45897,44242,44193,42968,42720,43359,44457,46498,49608,53097,55783,57685,58322,57433,56202,54728,51720,49888,49095,48850,49518,50970,53496,56261,59568,59968,59578,58276,55934,58912,61119,63352,65837,67253,67863,68158,67325,65178,63073,61495
495,57773,55694,54643,54500,54627,55187,57479,59833,62845,63006,62642,61999,60412,63859,65465,67101,69165,69284,68826,69133,68042,66115,63984,61968,57880,56196,55245,54928,55083,55852,58131,61099,64306,65098,65163,64246,61792,63888,65832,67774,69495,68983,69218,69519,67948,65748,63517,61774,58013,56165,55203,54842,55218,56166,58611,62024,66321,67870,68089,67843,66122,69142,70217,69626,69050,68102,67308,67650,66745,64808,62578,61391,57650,55894,54702,53965,53937,54145,54240,52748,51863,50557,50688,49547,47796,49085,50647,52017,54151,55945,57726,59256,59523,58566,57402,56564,53324,51335,50232,49641,49764,49878,49629,47874,45897,44242,44193,42968,42720,43359,44457,46498,49608,53097,55783,57685,58322,57433,56202,54728,51720,49888,49095,48850,49518,50970,53496,56261,59568,59968,59578,58276,55934,58912,61119,63352,65837,67253,67863,68158,67325,65178,63073,61495,57892,56121,55351,54971,55244,56101,57915,59638,61972,62012,61296,60129,58093,61775,64093,66299,68507,69125,69574,69600,68334,66411,64095,62602
496,57880,56196,55245,54928,55083,55852,58131,61099,64306,65098,65163,64246,61792,63888,65832,67774,69495,68983,69218,69519,67948,65748,63517,61774,58013,56165,55203,54842,55218,56166,58611,62024,66321,67870,68089,67843,66122,69142,70217,69626,69050,68102,67308,67650,66745,64808,62578,61391,57650,55894,54702,53965,53937,54145,54240,52748,51863,50557,50688,49547,47796,49085,50647,52017,54151,55945,57726,59256,59523,58566,57402,56564,53324,51335,50232,49641,49764,49878,49629,47874,45897,44242,44193,42968,42720,43359,44457,46498,49608,53097,55783,57685,58322,57433,56202,54728,51720,49888,49095,48850,49518,50970,53496,56261,59568,59968,59578,58276,55934,58912,61119,63352,65837,67253,67863,68158,67325,65178,63073,61495,57892,56121,55351,54971,55244,56101,57915,59638,61972,62012,61296,60129,58093,61775,64093,66299,68507,69125,69574,69600,68334,66411,64095,62602,58881,57048,56184,55628,55786,56508,58458,60594,63851,64861,64641,62769,60191,62747,64099,65674,67914,68562,69002,68978,67954,66165,63972,62577
497,58013,56165,55203,54842,55218,56166,58611,62024,66321,67870,68089,67843,66122,69142,70217,69626,69050,68102,67308,67650,66745,64808,62578,61391,57650,55894,54702,53965,53937,54145,54240,52748,51863,50557,50688,49547,47796,49085,50647,52017,54151,55945,57726,59256,59523,58566,57402,56564,53324,51335,50232,49641,49764,49878,49629,47874,45897,44242,44193,42968,42720,43359,44457,46498,49608,53097,55783,57685,58322,57433,56202,54728,51720,49888,49095,48850,49518,50970,53496,56261,59568,59968,59578,58276,55934,58912,61119,63352,65837,67253,67863,68158,67325,65178,63073,61495,57892,56121,55351,54971,55244,56101,57915,59638,61972,62012,61296,60129,58093,61775,64093,66299,68507,69125,69574,69600,68334,66411,64095,62602,58881,57048,56184,55628,55786,56508,58458,60594,63851,64861,64641,62769,60191,62747,64099,65674,67914,68562,69002,68978,67954,66165,63972,62577,58806,57024,56001,55417,55482,56089,57924,60816,64534,65566,65570,64731,62263,64598,66047,66646,68118,68633,68747,68981,68162,65895,63579,61865
498,57650,55894,54702,53965,53937,54145,54240,52748,51863,50557,50688,49547,47796,49085,50647,52017,54151,55945,57726,59256,59523,58566,57402,56564,53324,51335,50232,49641,49764,49878,49629,47874,45897,44242,44193,42968,42720,43359,44457,46498,49608,53097,55783,57685,58322,57433,56202,54728,51720,49888,49095,48850,49518,50970,53496,56261,59568,59968,59578,58276,55934,58912,61119,63352,65837,67253,67863,68158,67325,65178,63073,61495,57892,56121,55351,54971,55244,56101,57915,59638,61972,62012,61296,60129,58093,61775,64093,66299,68507,69125,69574,69600,68334,66411,64095,62602,58881,57048,56184,55628,55786,56508,58458,60594,63851,64861,64641,62769,60191,62747,64099,65674,67914,68562,69002,68978,67954,66165,63972,62577,58806,57024,56001,55417,55482,56089,57924,60816,64534,65566,65570,64731,62263,64598,66047,66646,68118,68633,68747,68981,68162,65895,63579,61865,58165,56246,55273,54739,54957,55796,57776,60723,64587,65132,64572,63017,60739,63195,64530,65868,67401,67700,67693,68021,67340,65508,63126,61829
499,53324,51335,50232,49641,49764,49878,49629,47874,45897,44242,44193,42968,42720,43359,44457,46498,49608,53097,55783,57685,58322,57433,56202,54728,51720,49888,49095,48850,49518,50970,53496,56261,59568,59968,59578,58276,55934,58912,61119,63352,65837,67253,67863,68158,67325,65178,63073,61495,57892,56121,55351,54971,55244,56101,57915,59638,61972,62012,61296,60129,58093,61775,64093,66299,68507,69125,69574,69600,68334,66411,64095,62602,58881,57048,56184,55628,55786,56508,58458,60594,63851,64861,64641,62769,60191,62747,64099,65674,67914,68562,69002,68978,67954,66165,63972,62577,58806,57024,56001,55417,55482,56089,57924,60816,64534,65566,65570,64731,62263,64598,66047,66646,68118,68633,68747,68981,68162,65895,63579,61865,58165,56246,55273,54739,54957,55796,57776,60723,64587,65132,64572,63017,60739,63195,64530,65868,67401,67700,67693,68021,67340,65508,63126,61829,58127,56226,54978,54183,53977,53994,54247,53567,53604,53092,53189,52203,50967,52426,53255,54483,56280,57905,59764,60819,60962,59703,58214,57044
500,51720,49888,49095,48850,49518,50970,53496,56261,59568,59968,59578,58276,55934,58912,61119,63352,65837,67253,67863,68158,67325,65178,63073,61495,57892,56121,55351,54971,55244,56101,57915,59638,61972,62012,61296,60129,58093,61775,64093,66299,68507,69125,69574,69600,68334,66411,64095,62602,58881,57048,56184,55628,55786,56508,58458,60594,63851,64861,64641,62769,60191,62747,64099,65674,67914,68562,69002,68978,67954,66165,63972,62577,58806,57024,56001,55417,55482,56089,57924,60816,64534,65566,65570,64731,62263,64598,66047,66646,68118,68633,68747,68981,68162,65895,63579,61865,58165,56246,55273,54739,54957,55796,57776,60723,64587,65132,64572,63017,60739,63195,64530,65868,67401,67700,67693,68021,67340,65508,63126,61829,58127,56226,54978,54183,53977,53994,54247,53567,53604,53092,53189,52203,50967,52426,53255,54483,56280,57905,59764,60819,60962,59703,58214,57044,53523,51442,50189,49526,49424,49652,49746,48511,47283,46569,46946,46223,46310,47242,48510,50527,53381,56337,58628,59976,60232,58786,57226,55336
501,57892,56121,55351,54971,55244,56101,57915,59638,61972,62012,61296,60129,58093,61775,64093,66299,68507,69125,69574,69600,68334,66411,64095,62602,58881,57048,56184,55628,55786,56508,58458,60594,63851,64861,64641,62769,60191,62747,64099,65674,67914,68562,69002,68978,67954,66165,63972,62577,58806,57024,56001,55417,55482,56089,57924,60816,64534,65566,65570,64731,62263,64598,66047,66646,68118,68633,68747,68981,68162,65895,63579,61865,58165,56246,55273,54739,54957,55796,57776,60723,64587,65132,64572,63017,60739,63195,64530,65868,67401,67700,67693,68021,67340,65508,63126,61829,58127,56226,54978,54183,53977,53994,54247,53567,53604,53092,53189,52203,50967,52426,53255,54483,56280,57905,59764,60819,60962,59703,58214,57044,53523,51442,50189,49526,49424,49652,49746,48511,47283,46569,46946,46223,46310,47242,48510,50527,53381,56337,58628,59976,60232,58786,57226,55336,52570,50789,49934,49437,49832,51160,53954,57754,62499,63937,64141,63745,62267,66311,68675,70415,72122,71842,71440,71060,69413,66855,64477,62611
502,58881,57048,56184,55628,55786,56508,58458,60594,63851,64861,64641,62769,60191,62747,64099,65674,67914,68562,69002,68978,67954,66165,63972,62577,58806,57024,56001,55417,55482,56089,57924,60816,64534,65566,65570,64731,62263,64598,66047,66646,68118,68633,68747,68981,68162,65895,63579,61865,58165,56246,55273,54739,54957,55796,57776,60723,64587,65132,64572,63017,60739,63195,64530,65868,67401,67700,67693,68021,67340,65508,63126,61829,58127,56226,54978,54183,53977,53994,54247,53567,53604,53092,53189,52203,50967,52426,53255,54483,56280,57905,59764,60819,60962,59703,58214,57044,53523,51442,50189,49526,49424,49652,49746,48511,47283,46569,46946,46223,46310,47242,48510,50527,53381,56337,58628,59976,60232,58786,57226,55336,52570,50789,49934,49437,49832,51160,53954,57754,62499,63937,64141,63745,62267,66311,68675,70415,72122,71842,71440,71060,69413,66855,64477,62611,58619,56844,55846,55263,55394,56233,58177,60291,63656,64823,64924,64124,62124,65387,67628,69749,72169,72576,72254,71677,70204,67552,64689,62820
503,58806,57024,56001,55417,55482,56089,57924,60816,64534,65566,65570,64731,62263,64598,66047,66646,68118,68633,68747,68981,68162,65895,63579,61865,58165,56246,55273,54739,54957,55796,57776,60723,64587,65132,64572,63017,60739,63195,64530,65868,67401,67700,67693,68021,67340,65508,63126,61829,58127,56226,54978,54183,53977,53994,54247,53567,53604,53092,53189,52203,50967,52426,53255,54483,56280,57905,59764,60819,60962,59703,58214,57044,53523,51442,50189,49526,49424,49652,49746,48511,47283,46569,46946,46223,46310,47242,48510,50527,53381,56337,58628,59976,60232,58786,57226,55336,52570,50789,49934,49437,49832,51160,53954,57754,62499,63937,64141,63745,62267,66311,68675,70415,72122,71842,71440,71060,69413,66855,64477,62611,58619,56844,55846,55263,55394,56233,58177,60291,63656,64823,64924,64124,62124,65387,67628,69749,72169,72576,72254,71677,70204,67552,64689,62820,58906,56974,56014,55454,55603,56373,58392,60846,64629,65919,66145,65691,63921,67621,69206,70500,72543,71945,71199,70755,69399,67138,64502,62571
504,58165,56246,55273,54739,54957,55796,57776,60723,64587,65132,64572,63017,60739,63195,64530,65868,67401,67700,67693,68021,67340,65508,63126,61829,58127,56226,54978,54183,53977,53994,54247,53567,53604,53092,53189,52203,50967,52426,53255,54483,56280,57905,59764,60819,60962,59703,58214,57044,53523,51442,50189,49526,49424,49652,49746,48511,47283,46569,46946,46223,46310,47242,48510,50527,53381,56337,58628,59976,60232,58786,57226,55336,52570,50789,49934,49437,49832,51160,53954,57754,62499,63937,64141,63745,62267,66311,68675,70415,72122,71842,71440,71060,69413,66855,64477,62611,58619,56844,55846,55263,55394,56233,58177,60291,63656,64823,64924,64124,62124,65387,67628,69749,72169,72576,72254,71677,70204,67552,64689,62820,58906,56974,56014,55454,55603,56373,58392,60846,64629,65919,66145,65691,63921,67621,69206,70500,72543,71945,71199,70755,69399,67138,64502,62571,58785,56853,55855,55225,55162,56086,57723,60065,63590,63837,63208,61835,59401,62254,64070,65769,68154,69085,69479,69456,68335,66124,63761,61908
505,58127,56226,54978,54183,53977,53994,54247,53567,53604,53092,53189,52203,50967,52426,53255,54483,56280,57905,59764,60819,60962,59703,58214,57044,53523,51442,50189,49526,49424,49652,49746,48511,47283,46569,46946,46223,46310,47242,48510,50527,53381,56337,58628,59976,60232,58786,57226,55336,52570,50789,49934,49437,49832,51160,53954,57754,62499,63937,64141,63745,62267,66311,68675,70415,72122,71842,71440,71060,69413,66855,64477,62611,58619,56844,55846,55263,55394,56233,58177,60291,63656,64823,64924,64124,62124,65387,67628,69749,72169,72576,72254,71677,70204,67552,64689,62820,58906,56974,56014,55454,55603,56373,58392,60846,64629,65919,66145,65691,63921,67621,69206,70500,72543,71945,71199,70755,69399,67138,64502,62571,58785,56853,55855,55225,55162,56086,57723,60065,63590,63837,63208,61835,59401,62254,64070,65769,68154,69085,69479,69456,68335,66124,63761,61908,58036,56277,55331,54702,54921,55707,57815,60090,63307,63428,63535,62478,60534,63216,64593,66329,68166,68818,68965,68664,67914,65951,63576,61910
506,53523,51442,50189,49526,49424,49652,49746,48511,47283,46569,46946,46223,46310,47242,48510,50527,53381,56337,58628,59976,60232,58786,57226,55336,52570,50789,49934,49437,49832,51160,53954,57754,62499,63937,64141,63745,62267,66311,68675,70415,72122,71842,71440,71060,69413,66855,64477,62611,58619,56844,55846,55263,55394,56233,58177,60291,63656,64823,64924,64124,62124,65387,67628,69749,72169,72576,72254,71677,70204,67552,64689,62820,58906,56974,56014,55454,55603,56373,58392,60846,64629,65919,66145,65691,63921,67621,69206,70500,72543,71945,71199,70755,69399,67138,64502,62571,58785,56853,55855,55225,55162,56086,57723,60065,63590,63837,63208,61835,59401,62254,64070,65769,68154,69085,69479,69456,68335,66124,63761,61908,58036,56277,55331,54702,54921,55707,57815,60090,63307,63428,63535,62478,60534,63216,64593,66329,68166,68818,68965,68664,67914,65951,63576,61910,58321,56237,54920,54036,53891,53859,53882,53529,54302,54206,54892,54627,53498,54878,55448,56173,57910,59360,60818,61710,61737,60286,58434,57113
507,52570,50789,49934,49437,49832,51160,53954,57754,62499,63937,64141,63745,62267,66311,68675,70415,72122,71842,71440,71060,69413,66855,64477,62611,58619,56844,55846,55263,55394,56233,58177,60291,63656,64823,64924,64124,62124,65387,67628,69749,72169,72576,72254,71677,70204,67552,64689,62820,58906,56974,56014,55454,55603,56373,58392,60846,64629,65919,66145,65691,63921,67621,69206,70500,72543,71945,71199,70755,69399,67138,64502,62571,58785,56853,55855,55225,55162,56086,57723,60065,63590,63837,63208,61835,59401,62254,64070,65769,68154,69085,69479,69456,68335,66124,63761,61908,58036,56277,55331,54702,54921,55707,57815,60090,63307,63428,63535,62478,60534,63216,64593,66329,68166,68818,68965,68664,67914,65951,63576,61910,58321,56237,54920,54036,53891,53859,53882,53529,54302,54206,54892,54627,53498,54878,55448,56173,57910,59360,60818,61710,61737,60286,58434,57113,53793,51773,50491,49789,49718,49824,49887,48704,47661,47081,48309,48114,48310,49689,50659,52385,54788,57551,59674,60752,60954,59750,57787,55763
508,58619,56844,55846,55263,55394,56233,58177,60291,63656,64823,64924,64124,62124,65387,67628,69749,72169,72576,72254,71677,70204,67552,64689,62820,58906,56974,56014,55454,55603,56373,58392,60846,64629,65919,66145,65691,63921,67621,69206,70500,72543,71945,71199,70755,69399,67138,64502,62571,58785,56853,55855,55225,55162,56086,57723,60065,63590,63837,63208,61835,59401,62254,64070,65769,68154,69085,69479,69456,68335,66124,63761,61908,58036,56277,55331,54702,54921,55707,57815,60090,63307,63428,63535,62478,60534,63216,64593,66329,68166,68818,68965,68664,67914,65951,63576,61910,58321,56237,54920,54036,53891,53859,53882,53529,54302,54206,54892,54627,53498,54878,55448,56173,57910,59360,60818,61710,61737,60286,58434,57113,53793,51773,50491,49789,49718,49824,49887,48704,47661,47081,48309,48114,48310,49689,50659,52385,54788,57551,59674,60752,60954,59750,57787,55763,52918,51165,50185,49685,49976,51201,54662,59938,66616,69144,69655,69781,67411,70619,72081,72561,73136,72113,71339,70641,69005,66415,63611,61814
509,58906,56974,56014,55454,55603,56373,58392,60846,64629,65919,66145,65691,63921,67621,69206,70500,72543,71945,71199,70755,69399,67138,64502,62571,58785,56853,55855,55225,55162,56086,57723,60065,63590,63837,63208,61835,59401,62254,64070,65769,68154,69085,69479,69456,68335,66124,63761,61908,58036,56277,55331,54702,54921,55707,57815,60090,63307,63428,63535,62478,60534,63216,64593,66329,68166,68818,68965,68664,67914,65951,63576,61910,58321,56237,54920,54036,53891,53859,53882,53529,54302,54206,54892,54627,53498,54878,55448,56173,57910,59360,60818,61710,61737,60286,58434,57113,53793,51773,50491,49789,49718,49824,49887,48704,47661,47081,48309,48114,48310,49689,50659,52385,54788,57551,59674,60752,60954,59750,57787,55763,52918,51165,50185,49685,49976,51201,54662,59938,66616,69144,69655,69781,67411,70619,72081,72561,73136,72113,71339,70641,69005,66415,63611,61814,58209,56169,55198,54699,54659,55379,57328,59120,62622,63703,63823,62641,60559,63350,65263,66986,69184,69890,69654,69177,68063,65823,63512,62000
510,58785,56853,55855,55225,55162,56086,57723,60065,63590,63837,63208,61835,59401,62254,64070,65769,68154,69085,69479,69456,68335,66124,63761,61908,58036,56277,55331,54702,54921,55707,57815,60090,63307,63428,63535,62478,60534,63216,64593,66329,68166,68818,68965,68664,67914,65951,63576,61910,58321,56237,54920,54036,53891,53859,53882,53529,54302,54206,54892,54627,53498,54878,55448,56173,57910,59360,60818,61710,61737,60286,58434,57113,53793,51773,50491,49789,49718,49824,49887,48704,47661,47081,48309,48114,48310,49689,50659,52385,54788,57551,59674,60752,60954,59750,57787,55763,52918,51165,50185,49685,49976,51201,54662,59938,66616,69144,69655,69781,67411,70619,72081,72561,73136,72113,71339,70641,69005,66415,63611,61814,58209,56169,55198,54699,54659,55379,57328,59120,62622,63703,63823,62641,60559,63350,65263,66986,69184,69890,69654,69177,68063,65823,63512,62000,57833,56123,55032,54125,54047,54111,54493,54398,54966,55315,56276,55427,54094,55840,56987,58521,60579,62300,64087,64810,64742,63332,61345,59132
511,58036,56277,55331,54702,54921,55707,57815,60090,63307,63428,63535,62478,60534,63216,64593,66329,68166,68818,68965,68664,67914,65951,63576,61910,58321,56237,54920,54036,53891,53859,53882,53529,54302,54206,54892,54627,53498,54878,55448,56173,57910,59360,60818,61710,61737,60286,58434,57113,53793,51773,50491,49789,49718,49824,49887,48704,47661,47081,48309,48114,48310,49689,50659,52385,54788,57551,59674,60752,60954,59750,57787,55763,52918,51165,50185,49685,49976,51201,54662,59938,66616,69144,69655,69781,67411,70619,72081,72561,73136,72113,71339,70641,69005,66415,63611,61814,58209,56169,55198,54699,54659,55379,57328,59120,62622,63703,63823,62641,60559,63350,65263,66986,69184,69890,69654,69177,68063,65823,63512,62000,57833,56123,55032,54125,54047,54111,54493,54398,54966,55315,56276,55427,54094,55840,56987,58521,60579,62300,64087,64810,64742,63332,61345,59132,55920,54241,53068,52582,52871,53854,55846,58602,62530,63793,64008,63332,61324,64593,66497,68210,70970,71717,71545,70918,69374,66743,64216,62871
512,58321,56237,54920,54036,53891,53859,53882,53529,54302,54206,54892,54627,53498,54878,55448,56173,57910,59360,60818,61710,61737,60286,58434,57113,53793,51773,50491,49789,49718,49824,49887,48704,47661,47081,48309,48114,48310,49689,50659,52385,54788,57551,59674,60752,60954,59750,57787,55763,52918,51165,50185,49685,49976,51201,54662,59938,66616,69144,69655,69781,67411,70619,72081,72561,73136,72113,71339,70641,69005,66415,63611,61814,58209,56169,55198,54699,54659,55379,57328,59120,62622,63703,63823,62641,60559,63350,65263,66986,69184,69890,69654,69177,68063,65823,63512,62000,57833,56123,55032,54125,54047,54111,54493,54398,54966,55315,56276,55427,54094,55840,56987,58521,60579,62300,64087,64810,64742,63332,61345,59132,55920,54241,53068,52582,52871,53854,55846,58602,62530,63793,64008,63332,61324,64593,66497,68210,70970,71717,71545,70918,69374,66743,64216,62871,58872,56977,55752,55096,55182,55831,57981,60796,64491,65047,65294,64659,62838,66243,67985,69691,72128,71880,70846,70230,68949,66443,63794,62667
513,53793,51773,50491,49789,49718,49824,49887,48704,47661,47081,48309,48114,48310,49689,50659,52385,54788,57551,59674,60752,60954,59750,57787,55763,52918,51165,50185,49685,49976,51201,54662,59938,66616,69144,69655,69781,67411,70619,72081,72561,73136,72113,71339,70641,69005,66415,63611,61814,58209,56169,55198,54699,54659,55379,57328,59120,62622,63703,63823,62641,60559,63350,65263,66986,69184,69890,69654,69177,68063,65823,63512,62000,57833,56123,55032,54125,54047,54111,54493,54398,54966,55315,56276,55427,54094,55840,56987,58521,60579,62300,64087,64810,64742,63332,61345,59132,55920,54241,53068,52582,52871,53854,55846,58602,62530,63793,64008,63332,61324,64593,66497,68210,70970,71717,71545,70918,69374,66743,64216,62871,58872,56977,55752,55096,55182,55831,57981,60796,64491,65047,65294,64659,62838,66243,67985,69691,72128,71880,70846,70230,68949,66443,63794,62667,59009,56740,55335,54437,54103,53952,54016,53730,53974,53636,54771,54927,54926,56380,57806,58538,59730,59938,61168,62216,62412,60687,58683,57496
514,52918,51165,50185,49685,49976,51201,54662,59938,66616,69144,69655,69781,67411,70619,72081,72561,73136,72113,71339,70641,69005,66415,63611,61814,58209,56169,55198,54699,54659,55379,57328,59120,62622,63703,63823,62641,60559,63350,65263,66986,69184,69890,69654,69177,68063,65823,63512,62000,57833,56123,55032,54125,54047,54111,54493,54398,54966,55315,56276,55427,54094,55840,56987,58521,60579,62300,64087,64810,64742,63332,61345,59132,55920,54241,53068,52582,52871,53854,55846,58602,62530,63793,64008,63332,61324,64593,66497,68210,70970,71717,71545,70918,69374,66743,64216,62871,58872,56977,55752,55096,55182,55831,57981,60796,64491,65047,65294,64659,62838,66243,67985,69691,72128,71880,70846,70230,68949,66443,63794,62667,59009,56740,55335,54437,54103,53952,54016,53730,53974,53636,54771,54927,54926,56380,57806,58538,59730,59938,61168,62216,62412,60687,58683,57496,54521,52342,51029,50182,49828,49993,50825,51365,52134,52776,54091,55010,55566,56307,56351,56460,56876,57284,58122,58600,58583,57468,56117,54562
515,58209,56169,55198,54699,54659,55379,57328,59120,62622,63703,63823,62641,60559,63350,65263,66986,69184,69890,69654,69177,68063,65823,63512,62000,57833,56123,55032,54125,54047,54111,54493,54398,54966,55315,56276,55427,54094,55840,56987,58521,60579,62300,64087,64810,64742,63332,61345,59132,55920,54241,53068,52582,52871,53854,55846,58602,62530,63793,64008,63332,61324,64593,66497,68210,70970,71717,71545,70918,69374,66743,64216,62871,58872,56977,55752,55096,55182,55831,57981,60796,64491,65047,65294,64659,62838,66243,67985,69691,72128,71880,70846,70230,68949,66443,63794,62667,59009,56740,55335,54437,54103,53952,54016,53730,53974,53636,54771,54927,54926,56380,57806,58538,59730,59938,61168,62216,62412,60687,58683,57496,54521,52342,51029,50182,49828,49993,50825,51365,52134,52776,54091,55010,55566,56307,56351,56460,56876,57284,58122,58600,58583,57468,56117,54562,51651,49972,48927,48414,48464,48990,50290,51988,54854,56615,58061,57351,54612,54701,55479,56057,57243,58494,60403,61514,61814,60456,58604,56486
516,57833,56123,55032,54125,54047,54111,54493,54398,54966,55315,56276,55427,54094,55840,56987,58521,60579,62300,64087,64810,64742,63332,61345,59132,55920,54241,53068,52582,52871,53854,55846,58602,62530,63793,64008,63332,61324,64593,66497,68210,70970,71717,71545,70918,69374,66743,64216,62871,58872,56977,55752,55096,55182,55831,57981,60796,64491,65047,65294,64659,62838,66243,67985,69691,72128,71880,70846,70230,68949,66443,63794,62667,59009,56740,55335,54437,54103,53952,54016,53730,53974,53636,54771,54927,54926,56380,57806,58538,59730,59938,61168,62216,62412,60687,58683,57496,54521,52342,51029,50182,49828,49993,50825,51365,52134,52776,54091,55010,55566,56307,56351,56460,56876,57284,58122,58600,58583,57468,56117,54562,51651,49972,48927,48414,48464,48990,50290,51988,54854,56615,58061,57351,54612,54701,55479,56057,57243,58494,60403,61514,61814,60456,58604,56486,53025,51316,50415,49867,50105,51320,53730,57398,62269,64426,65592,66369,64902,67764,69310,69708,70528,69802,69144,68547,67143,64734,62317,61142
517,55920,54241,53068,52582,52871,53854,55846,58602,62530,63793,64008,63332,61324,64593,66497,68210,70970,71717,71545,70918,69374,66743,64216,62871,58872,56977,55752,55096,55182,55831,57981,60796,64491,65047,65294,64659,62838,66243,67985,69691,72128,71880,70846,70230,68949,66443,63794,62667,59009,56740,55335,54437,54103,53952,54016,53730,53974,53636,54771,54927,54926,56380,57806,58538,59730,59938,61168,62216,62412,60687,58683,57496,54521,52342,51029,50182,49828,49993,50825,51365,52134,52776,54091,55010,55566,56307,56351,56460,56876,57284,58122,58600,58583,57468,56117,54562,51651,49972,48927,48414,48464,48990,50290,51988,54854,56615,58061,57351,54612,54701,55479,56057,57243,58494,60403,61514,61814,60456,58604,56486,53025,51316,50415,49867,50105,51320,53730,57398,62269,64426,65592,66369,64902,67764,69310,69708,70528,69802,69144,68547,67143,64734,62317,61142,57574,55866,54825,54203,54306,55057,57245,60443,64794,65860,65477,64949,62685,65536,65759,65824,66640,67213,68151,68480,67783,65681,63157,61821
518,58872,56977,55752,55096,55182,55831,57981,60796,64491,65047,65294,64659,62838,66243,67985,69691,72128,71880,70846,70230,68949,66443,63794,62667,59009,56740,55335,54437,54103,53952,54016,53730,53974,53636,54771,54927,54926,56380,57806,58538,59730,59938,61168,62216,62412,60687,58683,57496,54521,52342,51029,50182,49828,49993,50825,51365,52134,52776,54091,55010,55566,56307,56351,56460,56876,57284,58122,58600,58583,57468,56117,54562,51651,49972,48927,48414,48464,48990,50290,51988,54854,56615,58061,57351,54612,54701,55479,56057,57243,58494,60403,61514,61814,60456,58604,56486,53025,51316,50415,49867,50105,51320,53730,57398,62269,64426,65592,66369,64902,67764,69310,69708,70528,69802,69144,68547,67143,64734,62317,61142,57574,55866,54825,54203,54306,55057,57245,60443,64794,65860,65477,64949,62685,65536,65759,65824,66640,67213,68151,68480,67783,65681,63157,61821,58150,56115,55216,54699,54918,55831,57799,60830,64592,65060,64548,63646,62134,65724,67827,68798,69895,69993,69669,69523,68653,66324,63717,62104
519,59009,56740,55335,54437,54103,53952,54016,53730,53974,53636,54771,54927,54926,56380,57806,58538,59730,59938,61168,62216,62412,60687,58683,57496,54521,52342,51029,50182,49828,49993,50825,51365,52134,52776,54091,55010,55566,56307,56351,56460,56876,57284,58122,58600,58583,57468,56117,54562,51651,49972,48927,48414,48464,48990,50290,51988,54854,56615,58061,57351,54612,54701,55479,56057,57243,58494,60403,61514,61814,60456,58604,56486,53025,51316,50415,49867,50105,51320,53730,57398,62269,64426,65592,66369,64902,67764,69310,69708,70528,69802,69144,68547,67143,64734,62317,61142,57574,55866,54825,54203,54306,55057,57245,60443,64794,65860,65477,64949,62685,65536,65759,65824,66640,67213,68151,68480,67783,65681,63157,61821,58150,56115,55216,54699,54918,55831,57799,60830,64592,65060,64548,63646,62134,65724,67827,68798,69895,69993,69669,69523,68653,66324,63717,62104,58634,56524,55482,54885,54931,55664,57608,60339,64013,64865,65381,65766,64536,68184,69681,70619,71317,69990,68853,68325,67701,65488,62768,61797
520,54521,52342,51029,50182,49828,49993,50825,51365,52134,52776,54091,55010,55566,56307,56351,56460,56876,57284,58122,58600,58583,57468,56117,54562,51651,49972,48927,48414,48464,48990,50290,51988,54854,56615,58061,57351,54612,54701,55479,56057,57243,58494,60403,61514,61814,60456,58604,56486,53025,51316,50415,49867,50105,51320,53730,57398,62269,64426,65592,66369,64902,67764,69310,69708,70528,69802,69144,68547,67143,64734,62317,61142,57574,55866,54825,54203,54306,55057,57245,60443,64794,65860,65477,64949,62685,65536,65759,65824,66640,67213,68151,68480,67783,65681,63157,61821,58150,56115,55216,54699,54918,55831,57799,60830,64592,65060,64548,63646,62134,65724,67827,68798,69895,69993,69669,69523,68653,66324,63717,62104,58634,56524,55482,54885,54931,55664,57608,60339,64013,64865,65381,65766,64536,68184,69681,70619,71317,69990,68853,68325,67701,65488,62768,61797,58379,56238,54761,53925,53613,53626,54088,54407,54876,54426,55015,54161,53321,55088,56078,57695,59512,59900,60855,61678,62034,60434,58371,57468
521,51651,49972,48927,48414,48464,48990,50290,51988,54854,56615,58061,57351,54612,54701,55479,56057,57243,58494,60403,61514,61814,60456,58604,56486,53025,51316,50415,49867,50105,51320,53730,57398,62269,64426,65592,66369,64902,67764,69310,69708,70528,69802,69144,68547,67143,64734,62317,61142,57574,55866,54825,54203,54306,55057,57245,60443,64794,65860,65477,64949,62685,65536,65759,65824,66640,67213,68151,68480,67783,65681,63157,61821,58150,56115,55216,54699,54918,55831,57799,60830,64592,65060,64548,63646,62134,65724,67827,68798,69895,69993,69669,69523,68653,66324,63717,62104,58634,56524,55482,54885,54931,55664,57608,60339,64013,64865,65381,65766,64536,68184,69681,70619,71317,69990,68853,68325,67701,65488,62768,61797,58379,56238,54761,53925,53613,53626,54088,54407,54876,54426,55015,54161,53321,55088,56078,57695,59512,59900,60855,61678,62034,60434,58371,57468,54107,52061,50618,49803,49653,49731,49679,48563,47649,47537,48966,49599,50721,52042,52846,54516,56512,58378,59902,61027,61303,59855,57707,55921
522,53025,51316,50415,49867,50105,51320,53730,57398,62269,64426,65592,66369,64902,67764,69310,69708,70528,69802,69144,68547,67143,64734,62317,61142,57574,55866,54825,54203,54306,55057,57245,60443,64794,65860,65477,64949,62685,65536,65759,65824,66640,67213,68151,68480,67783,65681,63157,61821,58150,56115,55216,54699,54918,55831,57799,60830,64592,65060,64548,63646,62134,65724,67827,68798,69895,69993,69669,69523,68653,66324,63717,62104,58634,56524,55482,54885,54931,55664,57608,60339,64013,64865,65381,65766,64536,68184,69681,70619,71317,69990,68853,68325,67701,65488,62768,61797,58379,56238,54761,53925,53613,53626,54088,54407,54876,54426,55015,54161,53321,55088,56078,57695,59512,59900,60855,61678,62034,60434,58371,57468,54107,52061,50618,49803,49653,49731,49679,48563,47649,47537,48966,49599,50721,52042,52846,54516,56512,58378,59902,61027,61303,59855,57707,55921,52979,51127,50106,49735,49977,51147,54278,59170,65448,68014,68077,67799,65429,68669,69374,69723,71209,71248,70498,69963,68661,66045,63330,61602
523,57574,55866,54825,54203,54306,55057,57245,60443,64794,65860,65477,64949,62685,65536,65759,65824,66640,67213,68151,68480,67783,65681,63157,61821,58150,56115,55216,54699,54918,55831,57799,60830,64592,65060,64548,63646,62134,65724,67827,68798,69895,69993,69669,69523,68653,66324,63717,62104,58634,56524,55482,54885,54931,55664,57608,60339,64013,64865,65381,65766,64536,68184,69681,70619,71317,69990,68853,68325,67701,65488,62768,61797,58379,56238,54761,53925,53613,53626,54088,54407,54876,54426,55015,54161,53321,55088,56078,57695,59512,59900,60855,61678,62034,60434,58371,57468,54107,52061,50618,49803,49653,49731,49679,48563,47649,47537,48966,49599,50721,52042,52846,54516,56512,58378,59902,61027,61303,59855,57707,55921,52979,51127,50106,49735,49977,51147,54278,59170,65448,68014,68077,67799,65429,68669,69374,69723,71209,71248,70498,69963,68661,66045,63330,61602,57944,56187,55026,54387,54602,55437,57942,62101,67245,69468,69564,69331,67628,70463,71478,71108,71477,70693,69545,69097,67774,65308,62705,61320
524,58150,56115,55216,54699,54918,55831,57799,60830,64592,65060,64548,63646,62134,65724,67827,68798,69895,69993,69669,69523,68653,66324,63717,62104,58634,56524,55482,54885,54931,55664,57608,60339,64013,64865,65381,65766,64536,68184,69681,70619,71317,69990,68853,68325,67701,65488,62768,61797,58379,56238,54761,53925,53613,53626,54088,54407,54876,54426,55015,54161,53321,55088,56078,57695,59512,59900,60855,61678,62034,60434,58371,57468,54107,52061,50618,49803,49653,49731,49679,48563,47649,47537,48966,49599,50721,52042,52846,54516,56512,58378,59902,61027,61303,59855,57707,55921,52979,51127,50106,49735,49977,51147,54278,59170,65448,68014,68077,67799,65429,68669,69374,69723,71209,71248,70498,69963,68661,66045,63330,61602,57944,56187,55026,54387,54602,55437,57942,62101,67245,69468,69564,69331,67628,70463,71478,71108,71477,70693,69545,69097,67774,65308,62705,61320,57935,56001,55096,54477,54501,55160,57777,61778,66934,68861,68167,66915,64081,65949,67004,67807,69305,69291,68997,68943,68159,66151,63711,62130
525,58634,56524,55482,54885,54931,55664,57608,60339,64013,64865,65381,65766,64536,68184,69681,70619,71317,69990,68853,68325,67701,65488,62768,61797,58379,56238,54761,53925,53613,53626,54088,54407,54876,54426,55015,54161,53321,55088,56078,57695,59512,59900,60855,61678,62034,60434,58371,57468,54107,52061,50618,49803,49653,49731,49679,48563,47649,47537,48966,49599,50721,52042,52846,54516,56512,58378,59902,61027,61303,59855,57707,55921,52979,51127,50106,49735,49977,51147,54278,59170,65448,68014,68077,67799,65429,68669,69374,69723,71209,71248,70498,69963,68661,66045,63330,61602,57944,56187,55026,54387,54602,55437,57942,62101,67245,69468,69564,69331,67628,70463,71478,71108,71477,70693,69545,69097,67774,65308,62705,61320,57935,56001,55096,54477,54501,55160,57777,61778,66934,68861,68167,66915,64081,65949,67004,67807,69305,69291,68997,68943,68159,66151,63711,62130,58347,56715,55534,54932,55111,55945,58458,61667,65643,66260,65975,65354,62488,64942,66785,68011,70139,70645,70925,70576,69542,67237,64430,62904
526,58379,56238,54761,53925,53613,53626,54088,54407,54876,54426,55015,54161,53321,55088,56078,57695,59512,59900,60855,61678,62034,60434,58371,57468,54107,52061,50618,49803,49653,49731,49679,48563,47649,47537,48966,49599,50721,52042,52846,54516,56512,58378,59902,61027,61303,59855,57707,55921,52979,51127,50106,49735,49977,51147,54278,59170,65448,68014,68077,67799,65429,68669,69374,69723,71209,71248,70498,69963,68661,66045,63330,61602,57944,56187,55026,54387,54602,55437,57942,62101,67245,69468,69564,69331,67628,70463,71478,71108,71477,70693,69545,69097,67774,65308,62705,61320,57935,56001,55096,54477,54501,55160,57777,61778,66934,68861,68167,66915,64081,65949,67004,67807,69305,69291,68997,68943,68159,66151,63711,62130,58347,56715,55534,54932,55111,55945,58458,61667,65643,66260,65975,65354,62488,64942,66785,68011,70139,70645,70925,70576,69542,67237,64430,62904,59145,57103,55992,55437,55482,56123,58196,61595,66356,68344,68543,67763,65323,68488,70527,72157,73461,72574,72038,71513,70573,68156,65182,63762
527,54107,52061,50618,49803,49653,49731,49679,48563,47649,47537,48966,49599,50721,52042,52846,54516,56512,58378,59902,61027,61303,59855,57707,55921,52979,51127,50106,49735,49977,51147,54278,59170,65448,68014,68077,67799,65429,68669,69374,69723,71209,71248,70498,69963,68661,66045,63330,61602,57944,56187,55026,54387,54602,55437,57942,62101,67245,69468,69564,69331,67628,70463,71478,71108,71477,70693,69545,69097,67774,65308,62705,61320,57935,56001,55096,54477,54501,55160,57777,61778,66934,68861,68167,66915,64081,65949,67004,67807,69305,69291,68997,68943,68159,66151,63711,62130,58347,56715,55534,54932,55111,55945,58458,61667,65643,66260,65975,65354,62488,64942,66785,68011,70139,70645,70925,70576,69542,67237,64430,62904,59145,57103,55992,55437,55482,56123,58196,61595,66356,68344,68543,67763,65323,68488,70527,72157,73461,72574,72038,71513,70573,68156,65182,63762,59923,57738,56229,55520,55156,54967,55557,55892,57349,58535,59404,58882,57890,59602,60177,59860,61074,62077,63632,64277,64150,62454,60426,59027
528,52979,51127,50106,49735,49977,51147,54278,59170,65448,68014,68077,67799,65429,68669,69374,69723,71209,71248,70498,69963,68661,66045,63330,61602,57944,56187,55026,54387,54602,55437,57942,62101,67245,69468,69564,69331,67628,70463,71478,71108,71477,70693,69545,69097,67774,65308,62705,61320,57935,56001,55096,54477,54501,55160,57777,61778,66934,68861,68167,66915,64081,65949,67004,67807,69305,69291,68997,68943,68159,66151,63711,62130,58347,56715,55534,54932,55111,55945,58458,61667,65643,66260,65975,65354,62488,64942,66785,68011,70139,70645,70925,70576,69542,67237,64430,62904,59145,57103,55992,55437,55482,56123,58196,61595,66356,68344,68543,67763,65323,68488,70527,72157,73461,72574,72038,71513,70573,68156,65182,63762,59923,57738,56229,55520,55156,54967,55557,55892,57349,58535,59404,58882,57890,59602,60177,59860,61074,62077,63632,64277,64150,62454,60426,59027,55671,53578,52098,51352,51048,51054,51645,51624,51847,52880,53997,54332,54236,54640,55115,55907,57991,60673,62816,63966,64298,62857,60397,58038
529,57944,56187,55026,54387,54602,55437,57942,62101,67245,69468,69564,69331,67628,70463,71478,71108,71477,70693,69545,69097,67774,65308,62705,61320,57935,56001,55096,54477,54501,55160,57777,61778,66934,68861,68167,66915,64081,65949,67004,67807,69305,69291,68997,68943,68159,66151,63711,62130,58347,56715,55534,54932,55111,55945,58458,61667,65643,66260,65975,65354,62488,64942,66785,68011,70139,70645,70925,70576,69542,67237,64430,62904,59145,57103,55992,55437,55482,56123,58196,61595,66356,68344,68543,67763,65323,68488,70527,72157,73461,72574,72038,71513,70573,68156,65182,63762,59923,57738,56229,55520,55156,54967,55557,55892,57349,58535,59404,58882,57890,59602,60177,59860,61074,62077,63632,64277,64150,62454,60426,59027,55671,53578,52098,51352,51048,51054,51645,51624,51847,52880,53997,54332,54236,54640,55115,55907,57991,60673,62816,63966,64298,62857,60397,58038,54845,52918,51768,51460,51515,52763,55847,60694,67486,71076,71809,71390,69338,72613,74234,75342,77379,77816,77000,76019,74153,71044,67690,65642
530,57935,56001,55096,54477,54501,55160,57777,61778,66934,68861,68167,66915,64081,65949,67004,67807,69305,69291,68997,68943,68159,66151,63711,62130,58347,56715,55534,54932,55111,55945,58458,61667,65643,66260,65975,65354,62488,64942,66785,68011,70139,70645,70925,70576,69542,67237,64430,62904,59145,57103,55992,55437,55482,56123,58196,61595,66356,68344,68543,67763,65323,68488,70527,72157,73461,72574,72038,71513,70573,68156,65182,63762,59923,57738,56229,55520,55156,54967,55557,55892,57349,58535,59404,58882,57890,59602,60177,59860,61074,62077,63632,64277,64150,62454,60426,59027,55671,53578,52098,51352,51048,51054,51645,51624,51847,52880,53997,54332,54236,54640,55115,55907,57991,60673,62816,63966,64298,62857,60397,58038,54845,52918,51768,51460,51515,52763,55847,60694,67486,71076,71809,71390,69338,72613,74234,75342,77379,77816,77000,76019,74153,71044,67690,65642,61470,59177,57921,57185,57171,57834,60240,64245,69900,72679,73504,73611,71707,75187,77294,78727,81164,81151,79777,78478,76601,73102,69225,67094
531,58347,56715,55534,54932,55111,55945,58458,61667,65643,66260,65975,65354,62488,64942,66785,68011,70139,70645,70925,70576,69542,67237,64430,62904,59145,57103,55992,55437,55482,56123,58196,61595,66356,68344,68543,67763,65323,68488,70527,72157,73461,72574,72038,71513,70573,68156,65182,63762,59923,57738,56229,55520,55156,54967,55557,55892,57349,58535,59404,58882,57890,59602,60177,59860,61074,62077,63632,64277,64150,62454,60426,59027,55671,53578,52098,51352,51048,51054,51645,51624,51847,52880,53997,54332,54236,54640,55115,55907,57991,60673,62816,63966,64298,62857,60397,58038,54845,52918,51768,51460,51515,52763,55847,60694,67486,71076,71809,71390,69338,72613,74234,75342,77379,77816,77000,76019,74153,71044,67690,65642,61470,59177,57921,57185,57171,57834,60240,64245,69900,72679,73504,73611,71707,75187,77294,78727,81164,81151,79777,78478,76601,73102,69225,67094,62703,60424,58952,58057,58103,58646,61136,65231,70750,72998,73827,73521,71887,75694,77186,78929,80943,80334,79211,78692,76992,73730,69943,67585
532,59145,57103,55992,55437,55482,56123,58196,61595,66356,68344,68543,67763,65323,68488,70527,72157,73461,72574,72038,71513,70573,68156,65182,63762,59923,57738,56229,55520,55156,54967,55557,55892,57349,58535,59404,58882,57890,59602,60177,59860,61074,62077,63632,64277,64150,62454,60426,59027,55671,53578,52098,51352,51048,51054,51645,51624,51847,52880,53997,54332,54236,54640,55115,55907,57991,60673,62816,63966,64298,62857,60397,58038,54845,52918,51768,51460,51515,52763,55847,60694,67486,71076,71809,71390,69338,72613,74234,75342,77379,77816,77000,76019,74153,71044,67690,65642,61470,59177,57921,57185,57171,57834,60240,64245,69900,72679,73504,73611,71707,75187,77294,78727,81164,81151,79777,78478,76601,73102,69225,67094,62703,60424,58952,58057,58103,58646,61136,65231,70750,72998,73827,73521,71887,75694,77186,78929,80943,80334,79211,78692,76992,73730,69943,67585,63261,61068,59365,58518,58315,58986,61630,66418,73636,78509,80733,81123,79140,81867,83449,83066,83188,81620,79926,78618,76454,73212,69593,67490
533,59923,57738,56229,55520,55156,54967,55557,55892,57349,58535,59404,58882,57890,59602,60177,59860,61074,62077,63632,64277,64150,62454,60426,59027,55671,53578,52098,51352,51048,51054,51645,51624,51847,52880,53997,54332,54236,54640,55115,55907,57991,60673,62816,63966,64298,62857,60397,58038,54845,52918,51768,51460,51515,52763,55847,60694,67486,71076,71809,71390,69338,72613,74234,75342,77379,77816,77000,76019,74153,71044,67690,65642,61470,59177,57921,57185,57171,57834,60240,64245,69900,72679,73504,73611,71707,75187,77294,78727,81164,81151,79777,78478,76601,73102,69225,67094,62703,60424,58952,58057,58103,58646,61136,65231,70750,72998,73827,73521,71887,75694,77186,78929,80943,80334,79211,78692,76992,73730,69943,67585,63261,61068,59365,58518,58315,58986,61630,66418,73636,78509,80733,81123,79140,81867,83449,83066,83188,81620,79926,78618,76454,73212,69593,67490,63252,61162,59541,58597,58439,59037,62054,66890,73400,75947,75887,75605,73756,75196,75069,75251,76122,76057,75216,74696,73663,71042,67604,65589
534,55671,53578,52098,51352,51048,51054,51645,51624,51847,52880,53997,54332,54236,54640,55115,55907,57991,60673,62816,63966,64298,62857,60397,58038,54845,52918,51768,51460,51515,52763,55847,60694,67486,71076,71809,71390,69338,72613,74234,75342,77379,77816,77000,76019,74153,71044,67690,65642,61470,59177,57921,57185,57171,57834,60240,64245,69900,72679,73504,73611,71707,75187,77294,78727,81164,81151,79777,78478,76601,73102,69225,67094,62703,60424,58952,58057,58103,58646,61136,65231,70750,72998,73827,73521,71887,75694,77186,78929,80943,80334,79211,78692,76992,73730,69943,67585,63261,61068,59365,58518,58315,58986,61630,66418,73636,78509,80733,81123,79140,81867,83449,83066,83188,81620,79926,78618,76454,73212,69593,67490,63252,61162,59541,58597,58439,59037,62054,66890,73400,75947,75887,75605,73756,75196,75069,75251,76122,76057,75216,74696,73663,71042,67604,65589,61539,59326,57620,56567,56236,56107,56937,58040,60140,61516,63630,63791,62883,64533,65794,66346,67370,68268,69074,69554,69044,66974,64477,62528
535,54845,52918,51768,51460,51515,52763,55847,60694,67486,71076,71809,71390,69338,72613,74234,75342,77379,77816,77000,76019,74153,71044,67690,65642,61470,59177,57921,57185,57171,57834,60240,64245,69900,72679,73504,73611,71707,75187,77294,78727,81164,81151,79777,78478,76601,73102,69225,67094,62703,60424,58952,58057,58103,58646,61136,65231,70750,72998,73827,73521,71887,75694,77186,78929,80943,80334,79211,78692,76992,73730,69943,67585,63261,61068,59365,58518,58315,58986,61630,66418,73636,78509,80733,81123,79140,81867,83449,83066,83188,81620,79926,78618,76454,73212,69593,67490,63252,61162,59541,58597,58439,59037,62054,66890,73400,75947,75887,75605,73756,75196,75069,75251,76122,76057,75216,74696,73663,71042,67604,65589,61539,59326,57620,56567,56236,56107,56937,58040,60140,61516,63630,63791,62883,64533,65794,66346,67370,68268,69074,69554,69044,66974,64477,62528,58620,56151,54332,53335,52999,52967,53708,54872,56539,58530,60544,61496,61613,61929,61836,62492,63175,65315,67879,68768,68906,66786,63843,61155
536,61470,59177,57921,57185,57171,57834,60240,64245,69900,72679,73504,73611,71707,75187,77294,78727,81164,81151,79777,78478,76601,73102,69225,67094,62703,60424,58952,58057,58103,58646,61136,65231,70750,72998,73827,73521,71887,75694,77186,78929,80943,80334,79211,78692,76992,73730,69943,67585,63261,61068,59365,58518,58315,58986,61630,66418,73636,78509,80733,81123,79140,81867,83449,83066,83188,81620,79926,78618,76454,73212,69593,67490,63252,61162,59541,58597,58439,59037,62054,66890,73400,75947,75887,75605,73756,75196,75069,75251,76122,76057,75216,74696,73663,71042,67604,65589,61539,59326,57620,56567,56236,56107,56937,58040,60140,61516,63630,63791,62883,64533,65794,66346,67370,68268,69074,69554,69044,66974,64477,62528,58620,56151,54332,53335,52999,52967,53708,54872,56539,58530,60544,61496,61613,61929,61836,62492,63175,65315,67879,68768,68906,66786,63843,61155,57801,55511,54164,53646,54043,55549,59690,66584,75430,80360,82552,82830,80158,83452,84201,84395,84742,83016,81668,80672,78900,75276,71420,69076
537,62703,60424,58952,58057,58103,58646,61136,65231,70750,72998,73827,73521,71887,75694,77186,78929,80943,80334,79211,78692,76992,73730,69943,67585,63261,61068,59365,58518,58315,58986,61630,66418,73636,78509,80733,81123,79140,81867,83449,83066,83188,81620,79926,78618,76454,73212,69593,67490,63252,61162,59541,58597,58439,59037,62054,66890,73400,75947,75887,75605,73756,75196,75069,75251,76122,76057,75216,74696,73663,71042,67604,65589,61539,59326,57620,56567,56236,56107,56937,58040,60140,61516,63630,63791,62883,64533,65794,66346,67370,68268,69074,69554,69044,66974,64477,62528,58620,56151,54332,53335,52999,52967,53708,54872,56539,58530,60544,61496,61613,61929,61836,62492,63175,65315,67879,68768,68906,66786,63843,61155,57801,55511,54164,53646,54043,55549,59690,66584,75430,80360,82552,82830,80158,83452,84201,84395,84742,83016,81668,80672,78900,75276,71420,69076,64691,62319,60675,59815,59811,60606,64060,69457,76818,81246,82060,81757,79758,82271,82882,83033,84057,83517,82437,81828,80006,76619,72777,69745
538,63261,61068,59365,58518,58315,58986,61630,66418,73636,78509,80733,81123,79140,81867,83449,83066,83188,81620,79926,78618,76454,73212,69593,67490,63252,61162,59541,58597,58439,59037,62054,66890,73400,75947,75887,75605,73756,75196,75069,75251,76122,76057,75216,74696,73663,71042,67604,65589,61539,59326,57620,56567,56236,56107,56937,58040,60140,61516,63630,63791,62883,64533,65794,66346,67370,68268,69074,69554,69044,66974,64477,62528,58620,56151,54332,53335,52999,52967,53708,54872,56539,58530,60544,61496,61613,61929,61836,62492,63175,65315,67879,68768,68906,66786,63843,61155,57801,55511,54164,53646,54043,55549,59690,66584,75430,80360,82552,82830,80158,83452,84201,84395,84742,83016,81668,80672,78900,75276,71420,69076,64691,62319,60675,59815,59811,60606,64060,69457,76818,81246,82060,81757,79758,82271,82882,83033,84057,83517,82437,81828,80006,76619,72777,69745,65199,62669,61249,60201,60321,61076,64605,70208,77780,81909,82476,82471,80225,82976,83759,84062,84492,83299,82020,81210,79432,76133,72335,69543
539,63252,61162,59541,58597,58439,59037,62054,66890,73400,75947,75887,75605,73756,75196,75069,75251,76122,76057,75216,74696,73663,71042,67604,65589,61539,59326,57620,56567,56236,56107,56937,58040,60140,61516,63630,63791,62883,64533,65794,66346,67370,68268,69074,69554,69044,66974,64477,62528,58620,56151,54332,53335,52999,52967,53708,54872,56539,58530,60544,61496,61613,61929,61836,62492,63175,65315,67879,68768,68906,66786,63843,61155,57801,55511,54164,53646,54043,55549,59690,66584,75430,80360,82552,82830,80158,83452,84201,84395,84742,83016,81668,80672,78900,75276,71420,69076,64691,62319,60675,59815,59811,60606,64060,69457,76818,81246,82060,81757,79758,82271,82882,83033,84057,83517,82437,81828,80006,76619,72777,69745,65199,62669,61249,60201,60321,61076,64605,70208,77780,81909,82476,82471,80225,82976,83759,84062,84492,83299,82020,81210,79432,76133,72335,69543,65034,62749,61081,60101,59898,60766,63937,68918,75912,79517,80282,80016,77913,80411,81490,81916,82731,81841,80598,79831,78294,75317,71590,68865
540,61539,59326,57620,56567,56236,56107,56937,58040,60140,61516,63630,63791,62883,64533,65794,66346,67370,68268,69074,69554,69044,66974,64477,62528,58620,56151,54332,53335,52999,52967,53708,54872,56539,58530,60544,61496,61613,61929,61836,62492,63175,65315,67879,68768,68906,66786,63843,61155,57801,55511,54164,53646,54043,55549,59690,66584,75430,80360,82552,82830,80158,83452,84201,84395,84742,83016,81668,80672,78900,75276,71420,69076,64691,62319,60675,59815,59811,60606,64060,69457,76818,81246,82060,81757,79758,82271,82882,83033,84057,83517,82437,81828,80006,76619,72777,69745,65199,62669,61249,60201,60321,61076,64605,70208,77780,81909,82476,82471,80225,82976,83759,84062,84492,83299,82020,81210,79432,76133,72335,69543,65034,62749,61081,60101,59898,60766,63937,68918,75912,79517,80282,80016,77913,80411,81490,81916,82731,81841,80598,79831,78294,75317,71590,68865,64090,61589,60197,59388,59254,60033,62830,67014,72924,76107,77412,77465,76018,79024,80629,81348,83213,83309,82397,81375,79892,76593,72875,70273
541,58620,56151,54332,53335,52999,52967,53708,54872,56539,58530,60544,61496,61613,61929,61836,62492,63175,65315,67879,68768,68906,66786,63843,61155,57801,55511,54164,53646,54043,55549,59690,66584,75430,80360,82552,82830,80158,83452,84201,84395,84742,83016,81668,80672,78900,75276,71420,69076,64691,62319,60675,59815,59811,60606,64060,69457,76818,81246,82060,81757,79758,82271,82882,83033,84057,83517,82437,81828,80006,76619,72777,69745,65199,62669,61249,60201,60321,61076,64605,70208,77780,81909,82476,82471,80225,82976,83759,84062,84492,83299,82020,81210,79432,76133,72335,69543,65034,62749,61081,60101,59898,60766,63937,68918,75912,79517,80282,80016,77913,80411,81490,81916,82731,81841,80598,79831,78294,75317,71590,68865,64090,61589,60197,59388,59254,60033,62830,67014,72924,76107,77412,77465,76018,79024,80629,81348,83213,83309,82397,81375,79892,76593,72875,70273,65568,62647,60586,59363,58699,58409,59242,60080,61807,63661,66177,66921,66544,67888,68684,69761,71484,73028,74528,74981,74558,71798,68469,66060
542,57801,55511,54164,53646,54043,55549,59690,66584,75430,80360,82552,82830,80158,83452,84201,84395,84742,83016,81668,80672,78900,75276,71420,69076,64691,62319,60675,59815,59811,60606,64060,69457,76818,81246,82060,81757,79758,82271,82882,83033,84057,83517,82437,81828,80006,76619,72777,69745,65199,62669,61249,60201,60321,61076,64605,70208,77780,81909,82476,82471,80225,82976,83759,84062,84492,83299,82020,81210,79432,76133,72335,69543,65034,62749,61081,60101,59898,60766,63937,68918,75912,79517,80282,80016,77913,80411,81490,81916,82731,81841,80598,79831,78294,75317,71590,68865,64090,61589,60197,59388,59254,60033,62830,67014,72924,76107,77412,77465,76018,79024,80629,81348,83213,83309,82397,81375,79892,76593,72875,70273,65568,62647,60586,59363,58699,58409,59242,60080,61807,63661,66177,66921,66544,67888,68684,69761,71484,73028,74528,74981,74558,71798,68469,66060,61594,58711,56849,55509,55027,54687,55094,55213,56157,58225,61255,62229,62906,64550,65850,67530,69686,72019,74007,74468,74142,71709,68104,64620
543,64691,62319,60675,59815,59811,60606,64060,69457,76818,81246,82060,81757,79758,82271,82882,83033,84057,83517,82437,81828,80006,76619,72777,69745,65199,62669,61249,60201,60321,61076,64605,70208,77780,81909,82476,82471,80225,82976,83759,84062,84492,83299,82020,81210,79432,76133,72335,69543,65034,62749,61081,60101,59898,60766,63937,68918,75912,79517,80282,80016,77913,80411,81490,81916,82731,81841,80598,79831,78294,75317,71590,68865,64090,61589,60197,59388,59254,60033,62830,67014,72924,76107,77412,77465,76018,79024,80629,81348,83213,83309,82397,81375,79892,76593,72875,70273,65568,62647,60586,59363,58699,58409,59242,60080,61807,63661,66177,66921,66544,67888,68684,69761,71484,73028,74528,74981,74558,71798,68469,66060,61594,58711,56849,55509,55027,54687,55094,55213,56157,58225,61255,62229,62906,64550,65850,67530,69686,72019,74007,74468,74142,71709,68104,64620,60425,57960,56511,55679,55839,57239,60948,67596,76132,81169,83617,84352,82865,86142,87381,87800,89337,88911,87641,86667,84425,80561,75931,72626
544,65199,62669,61249,60201,60321,61076,64605,70208,77780,81909,82476,82471,80225,82976,83759,84062,84492,83299,82020,81210,79432,76133,72335,69543,65034,62749,61081,60101,59898,60766,63937,68918,75912,79517,80282,80016,77913,80411,81490,81916,82731,81841,80598,79831,78294,75317,71590,68865,64090,61589,60197,59388,59254,60033,62830,67014,72924,76107,77412,77465,76018,79024,80629,81348,83213,83309,82397,81375,79892,76593,72875,70273,65568,62647,60586,59363,58699,58409,59242,60080,61807,63661,66177,66921,66544,67888,68684,69761,71484,73028,74528,74981,74558,71798,68469,66060,61594,58711,56849,55509,55027,54687,55094,55213,56157,58225,61255,62229,62906,64550,65850,67530,69686,72019,74007,74468,74142,71709,68104,64620,60425,57960,56511,55679,55839,57239,60948,67596,76132,81169,83617,84352,82865,86142,87381,87800,89337,88911,87641,86667,84425,80561,75931,72626,67710,64843,63247,62125,61980,62764,65923,71649,79429,83135,84590,84976,83449,87568,88966,89645,90855,90153,88626,87877,85527,81577,76900,73149
545,65034,62749,61081,60101,59898,60766,63937,68918,75912,79517,80282,80016,77913,80411,81490,81916,82731,81841,80598,79831,78294,75317,71590,68865,64090,61589,60197,59388,59254,60033,62830,67014,72924,76107,77412,77465,76018,79024,80629,81348,83213,83309,82397,81375,79892,76593,72875,70273,65568,62647,60586,59363,58699,58409,59242,60080,61807,63661,66177,66921,66544,67888,68684,69761,71484,73028,74528,74981,74558,71798,68469,66060,61594,58711,56849,55509,55027,54687,55094,55213,56157,58225,61255,62229,62906,64550,65850,67530,69686,72019,74007,74468,74142,71709,68104,64620,60425,57960,56511,55679,55839,57239,60948,67596,76132,81169,83617,84352,82865,86142,87381,87800,89337,88911,87641,86667,84425,80561,75931,72626,67710,64843,63247,62125,61980,62764,65923,71649,79429,83135,84590,84976,83449,87568,88966,89645,90855,90153,88626,87877,85527,81577,76900,73149,68120,65403,63694,62589,62560,63232,66577,72133,80140,84443,86032,85984,83825,86940,88676,89683,91454,91938,91173,90451,88353,84350,78788,74966
546,64090,61589,60197,59388,59254,60033,62830,67014,72924,76107,77412,77465,76018,79024,80629,81348,83213,83309,82397,81375,79892,76593,72875,70273,65568,62647,60586,59363,58699,58409,59242,60080,61807,63661,66177,66921,66544,67888,68684,69761,71484,73028,74528,74981,74558,71798,68469,66060,61594,58711,56849,55509,55027,54687,55094,55213,56157,58225,61255,62229,62906,64550,65850,67530,69686,72019,74007,74468,74142,71709,68104,64620,60425,57960,56511,55679,55839,57239,60948,67596,76132,81169,83617,84352,82865,86142,87381,87800,89337,88911,87641,86667,84425,80561,75931,72626,67710,64843,63247,62125,61980,62764,65923,71649,79429,83135,84590,84976,83449,87568,88966,89645,90855,90153,88626,87877,85527,81577,76900,73149,68120,65403,63694,62589,62560,63232,66577,72133,80140,84443,86032,85984,83825,86940,88676,89683,91454,91938,91173,90451,88353,84350,78788,74966,69707,66676,64821,63829,63427,64108,67462,73048,80998,85394,86640,87177,86084,90253,91518,91953,92990,91930,90383,89226,86839,82710,77931,74499
547,65568,62647,60586,59363,58699,58409,59242,60080,61807,63661,66177,66921,66544,67888,68684,69761,71484,73028,74528,74981,74558,71798,68469,66060,61594,58711,56849,55509,55027,54687,55094,55213,56157,58225,61255,62229,62906,64550,65850,67530,69686,72019,74007,74468,74142,71709,68104,64620,60425,57960,56511,55679,55839,57239,60948,67596,76132,81169,83617,84352,82865,86142,87381,87800,89337,88911,87641,86667,84425,80561,75931,72626,67710,64843,63247,62125,61980,62764,65923,71649,79429,83135,84590,84976,83449,87568,88966,89645,90855,90153,88626,87877,85527,81577,76900,73149,68120,65403,63694,62589,62560,63232,66577,72133,80140,84443,86032,85984,83825,86940,88676,89683,91454,91938,91173,90451,88353,84350,78788,74966,69707,66676,64821,63829,63427,64108,67462,73048,80998,85394,86640,87177,86084,90253,91518,91953,92990,91930,90383,89226,86839,82710,77931,74499,69535,66589,64683,63303,63033,63876,67374,73701,81707,85454,85754,85599,83087,85244,85904,85777,86475,85860,84478,83725,82211,78619,74497,71634
548,61594,58711,56849,55509,55027,54687,55094,55213,56157,58225,61255,62229,62906,64550,65850,67530,69686,72019,74007,74468,74142,71709,68104,64620,60425,57960,56511,55679,55839,57239,60948,67596,76132,81169,83617,84352,82865,86142,87381,87800,89337,88911,87641,86667,84425,80561,75931,72626,67710,64843,63247,62125,61980,62764,65923,71649,79429,83135,84590,84976,83449,87568,88966,89645,90855,90153,88626,87877,85527,81577,76900,73149,68120,65403,63694,62589,62560,63232,66577,72133,80140,84443,86032,85984,83825,86940,88676,89683,91454,91938,91173,90451,88353,84350,78788,74966,69707,66676,64821,63829,63427,64108,67462,73048,80998,85394,86640,87177,86084,90253,91518,91953,92990,91930,90383,89226,86839,82710,77931,74499,69535,66589,64683,63303,63033,63876,67374,73701,81707,85454,85754,85599,83087,85244,85904,85777,86475,85860,84478,83725,82211,78619,74497,71634,66919,64101,62164,60836,60227,60041,61175,62296,64756,66934,69139,69805,69096,70283,70810,71288,72222,73244,74660,75216,75055,72538,69356,67048
549,60425,57960,56511,55679,55839,57239,60948,67596,76132,81169,83617,84352,82865,86142,87381,87800,89337,88911,87641,86667,84425,80561,75931,72626,67710,64843,63247,62125,61980,62764,65923,71649,79429,83135,84590,84976,83449,87568,88966,89645,90855,90153,88626,87877,85527,81577,76900,73149,68120,65403,63694,62589,62560,63232,66577,72133,80140,84443,86032,85984,83825,86940,88676,89683,91454,91938,91173,90451,88353,84350,78788,74966,69707,66676,64821,63829,63427,64108,67462,73048,80998,85394,86640,87177,86084,90253,91518,91953,92990,91930,90383,89226,86839,82710,77931,74499,69535,66589,64683,63303,63033,63876,67374,73701,81707,85454,85754,85599,83087,85244,85904,85777,86475,85860,84478,83725,82211,78619,74497,71634,66919,64101,62164,60836,60227,60041,61175,62296,64756,66934,69139,69805,69096,70283,70810,71288,72222,73244,74660,75216,75055,72538,69356,67048,62676,59850,57920,56630,56101,55917,56150,56753,58148,59863,62843,63448,64200,65499,66790,68872,70977,73374,74987,75168,74634,71781,68241,64822
550,67710,64843,63247,62125,61980,62764,65923,71649,79429,83135,84590,84976,83449,87568,88966,89645,90855,90153,88626,87877,85527,81577,76900,73149,68120,65403,63694,62589,62560,63232,66577,72133,80140,84443,86032,85984,83825,86940,88676,89683,91454,91938,91173,90451,88353,84350,78788,74966,69707,66676,64821,63829,63427,64108,67462,73048,80998,85394,86640,87177,86084,90253,91518,91953,92990,91930,90383,89226,86839,82710,77931,74499,69535,66589,64683,63303,63033,63876,67374,73701,81707,85454,85754,85599,83087,85244,85904,85777,86475,85860,84478,83725,82211,78619,74497,71634,66919,64101,62164,60836,60227,60041,61175,62296,64756,66934,69139,69805,69096,70283,70810,71288,72222,73244,74660,75216,75055,72538,69356,67048,62676,59850,57920,56630,56101,55917,56150,56753,58148,59863,62843,63448,64200,65499,66790,68872,70977,73374,74987,75168,74634,71781,68241,64822,60731,58179,56721,55930,55973,57407,61875,69169,78612,83444,84314,83621,80560,83109,84714,85939,86943,86388,85141,84222,82141,78509,74015,70925
551,68120,65403,63694,62589,62560,63232,66577,72133,80140,84443,86032,85984,83825,86940,88676,89683,91454,91938,91173,90451,88353,84350,78788,74966,69707,66676,64821,63829,63427,64108,67462,73048,80998,85394,86640,87177,86084,90253,91518,91953,92990,91930,90383,89226,86839,82710,77931,74499,69535,66589,64683,63303,63033,63876,67374,73701,81707,85454,85754,85599,83087,85244,85904,85777,86475,85860,84478,83725,82211,78619,74497,71634,66919,64101,62164,60836,60227,60041,61175,62296,64756,66934,69139,69805,69096,70283,70810,71288,72222,73244,74660,75216,75055,72538,69356,67048,62676,59850,57920,56630,56101,55917,56150,56753,58148,59863,62843,63448,64200,65499,66790,68872,70977,73374,74987,75168,74634,71781,68241,64822,60731,58179,56721,55930,55973,57407,61875,69169,78612,83444,84314,83621,80560,83109,84714,85939,86943,86388,85141,84222,82141,78509,74015,70925,66273,63608,62036,60854,60808,61576,64568,69565,77162,81685,82939,82860,80848,83902,85502,86133,87250,86560,85322,84545,82455,78676,74201,71107
552,69707,66676,64821,63829,63427,64108,67462,73048,80998,85394,86640,87177,86084,90253,91518,91953,92990,91930,90383,89226,86839,82710,77931,74499,69535,66589,64683,63303,63033,63876,67374,73701,81707,85454,85754,85599,83087,85244,85904,85777,86475,85860,84478,83725,82211,78619,74497,71634,66919,64101,62164,60836,60227,60041,61175,62296,64756,66934,69139,69805,69096,70283,70810,71288,72222,73244,74660,75216,75055,72538,69356,67048,62676,59850,57920,56630,56101,55917,56150,56753,58148,59863,62843,63448,64200,65499,66790,68872,70977,73374,74987,75168,74634,71781,68241,64822,60731,58179,56721,55930,55973,57407,61875,69169,78612,83444,84314,83621,80560,83109,84714,85939,86943,86388,85141,84222,82141,78509,74015,70925,66273,63608,62036,60854,60808,61576,64568,69565,77162,81685,82939,82860,80848,83902,85502,86133,87250,86560,85322,84545,82455,78676,74201,71107,66588,64067,62577,61621,61528,62284,65738,71175,78923,83279,84474,83884,81309,84403,85034,84114,83791,82448,81058,80588,78925,75702,72201,70066
553,69535,66589,64683,63303,63033,63876,67374,73701,81707,85454,85754,85599,83087,85244,85904,85777,86475,85860,84478,83725,82211,78619,74497,71634,66919,64101,62164,60836,60227,60041,61175,62296,64756,66934,69139,69805,69096,70283,70810,71288,72222,73244,74660,75216,75055,72538,69356,67048,62676,59850,57920,56630,56101,55917,56150,56753,58148,59863,62843,63448,64200,65499,66790,68872,70977,73374,74987,75168,74634,71781,68241,64822,60731,58179,56721,55930,55973,57407,61875,69169,78612,83444,84314,83621,80560,83109,84714,85939,86943,86388,85141,84222,82141,78509,74015,70925,66273,63608,62036,60854,60808,61576,64568,69565,77162,81685,82939,82860,80848,83902,85502,86133,87250,86560,85322,84545,82455,78676,74201,71107,66588,64067,62577,61621,61528,62284,65738,71175,78923,83279,84474,83884,81309,84403,85034,84114,83791,82448,81058,80588,78925,75702,72201,70066,65754,63546,62023,61065,60868,61784,65113,70515,78184,81699,82492,81652,79367,82161,83489,83837,85355,85530,84447,83311,81029,77486,73152,70118
554,66919,64101,62164,60836,60227,60041,61175,62296,64756,66934,69139,69805,69096,70283,70810,71288,72222,73244,74660,75216,75055,72538,69356,67048,62676,59850,57920,56630,56101,55917,56150,56753,58148,59863,62843,63448,64200,65499,66790,68872,70977,73374,74987,75168,74634,71781,68241,64822,60731,58179,56721,55930,55973,57407,61875,69169,78612,83444,84314,83621,80560,83109,84714,85939,86943,86388,85141,84222,82141,78509,74015,70925,66273,63608,62036,60854,60808,61576,64568,69565,77162,81685,82939,82860,80848,83902,85502,86133,87250,86560,85322,84545,82455,78676,74201,71107,66588,64067,62577,61621,61528,62284,65738,71175,78923,83279,84474,83884,81309,84403,85034,84114,83791,82448,81058,80588,78925,75702,72201,70066,65754,63546,62023,61065,60868,61784,65113,70515,78184,81699,82492,81652,79367,82161,83489,83837,85355,85530,84447,83311,81029,77486,73152,70118,65377,62979,61363,60346,60320,60910,63696,68282,74868,77492,77974,77462,76026,79580,80901,81489,83276,83221,81957,80918,79316,76142,72296,69595
555,62676,59850,57920,56630,56101,55917,56150,56753,58148,59863,62843,63448,64200,65499,66790,68872,70977,73374,74987,75168,74634,71781,68241,64822,60731,58179,56721,55930,55973,57407,61875,69169,78612,83444,84314,83621,80560,83109,84714,85939,86943,86388,85141,84222,82141,78509,74015,70925,66273,63608,62036,60854,60808,61576,64568,69565,77162,81685,82939,82860,80848,83902,85502,86133,87250,86560,85322,84545,82455,78676,74201,71107,66588,64067,62577,61621,61528,62284,65738,71175,78923,83279,84474,83884,81309,84403,85034,84114,83791,82448,81058,80588,78925,75702,72201,70066,65754,63546,62023,61065,60868,61784,65113,70515,78184,81699,82492,81652,79367,82161,83489,83837,85355,85530,84447,83311,81029,77486,73152,70118,65377,62979,61363,60346,60320,60910,63696,68282,74868,77492,77974,77462,76026,79580,80901,81489,83276,83221,81957,80918,79316,76142,72296,69595,65168,62416,60664,59410,58942,58754,59479,60366,62704,64409,66181,67152,66099,67099,67600,68499,69014,69722,70791,71327,71223,68787,65767,63796
556,60731,58179,56721,55930,55973,57407,61875,69169,78612,83444,84314,83621,80560,83109,84714,85939,86943,86388,85141,84222,82141,78509,74015,70925,66273,63608,62036,60854,60808,61576,64568,69565,77162,81685,82939,82860,80848,83902,85502,86133,87250,86560,85322,84545,82455,78676,74201,71107,66588,64067,62577,61621,61528,62284,65738,71175,78923,83279,84474,83884,81309,84403,85034,84114,83791,82448,81058,80588,78925,75702,72201,70066,65754,63546,62023,61065,60868,61784,65113,70515,78184,81699,82492,81652,79367,82161,83489,83837,85355,85530,84447,83311,81029,77486,73152,70118,65377,62979,61363,60346,60320,60910,63696,68282,74868,77492,77974,77462,76026,79580,80901,81489,83276,83221,81957,80918,79316,76142,72296,69595,65168,62416,60664,59410,58942,58754,59479,60366,62704,64409,66181,67152,66099,67099,67600,68499,69014,69722,70791,71327,71223,68787,65767,63796,59875,57456,55846,54880,54477,54511,54978,55459,56435,58164,59920,60329,60161,62395,63968,64858,65907,67783,69527,70361,70362,68236,65213,62617
557,66273,63608,62036,60854,60808,61576,64568,69565,77162,81685,82939,82860,80848,83902,85502,86133,87250,86560,85322,84545,82455,78676,74201,71107,66588,64067,62577,61621,61528,62284,65738,71175,78923,83279,84474,83884,81309,84403,85034,84114,83791,82448,81058,80588,78925,75702,72201,70066,65754,63546,62023,61065,60868,61784,65113,70515,78184,81699,82492,81652,79367,82161,83489,83837,85355,85530,84447,83311,81029,77486,73152,70118,65377,62979,61363,60346,60320,60910,63696,68282,74868,77492,77974,77462,76026,79580,80901,81489,83276,83221,81957,80918,79316,76142,72296,69595,65168,62416,60664,59410,58942,58754,59479,60366,62704,64409,66181,67152,66099,67099,67600,68499,69014,69722,70791,71327,71223,68787,65767,63796,59875,57456,55846,54880,54477,54511,54978,55459,56435,58164,59920,60329,60161,62395,63968,64858,65907,67783,69527,70361,70362,68236,65213,62617,58985,56748,55530,54823,55056,56456,60803,67809,76824,81650,82792,82848,80379,82990,83578,83020,83098,82843,81211,80244,78069,74623,70880,68426
558,66588,64067,62577,61621,61528,62284,65738,71175,78923,83279,84474,83884,81309,84403,85034,84114,83791,82448,81058,80588,78925,75702,72201,70066,65754,63546,62023,61065,60868,61784,65113,70515,78184,81699,82492,81652,79367,82161,83489,83837,85355,85530,84447,83311,81029,77486,73152,70118,65377,62979,61363,60346,60320,60910,63696,68282,74868,77492,77974,77462,76026,79580,80901,81489,83276,83221,81957,80918,79316,76142,72296,69595,65168,62416,60664,59410,58942,58754,59479,60366,62704,64409,66181,67152,66099,67099,67600,68499,69014,69722,70791,71327,71223,68787,65767,63796,59875,57456,55846,54880,54477,54511,54978,55459,56435,58164,59920,60329,60161,62395,63968,64858,65907,67783,69527,70361,70362,68236,65213,62617,58985,56748,55530,54823,55056,56456,60803,67809,76824,81650,82792,82848,80379,82990,83578,83020,83098,82843,81211,80244,78069,74623,70880,68426,64222,61817,60404,59630,59547,60460,63559,68436,75957,79131,79257,79094,76641,79666,81430,82198,84433,84634,83517,82462,80322,76494,72250,69669
559,65754,63546,62023,61065,60868,61784,65113,70515,78184,81699,82492,81652,79367,82161,83489,83837,85355,85530,84447,83311,81029,77486,73152,70118,65377,62979,61363,60346,60320,60910,63696,68282,74868,77492,77974,77462,76026,79580,80901,81489,83276,83221,81957,80918,79316,76142,72296,69595,65168,62416,60664,59410,58942,58754,59479,60366,62704,64409,66181,67152,66099,67099,67600,68499,69014,69722,70791,71327,71223,68787,65767,63796,59875,57456,55846,54880,54477,54511,54978,55459,56435,58164,59920,60329,60161,62395,63968,64858,65907,67783,69527,70361,70362,68236,65213,62617,58985,56748,55530,54823,55056,56456,60803,67809,76824,81650,82792,82848,80379,82990,83578,83020,83098,82843,81211,80244,78069,74623,70880,68426,64222,61817,60404,59630,59547,60460,63559,68436,75957,79131,79257,79094,76641,79666,81430,82198,84433,84634,83517,82462,80322,76494,72250,69669,65410,63101,61478,60614,60338,61195,64027,68902,75802,78773,79069,78998,77090,80380,82178,83384,85479,85756,84272,83683,81598,77662,73387,70558
560,65377,62979,61363,60346,60320,60910,63696,68282,74868,77492,77974,77462,76026,79580,80901,81489,83276,83221,81957,80918,79316,76142,72296,69595,65168,62416,60664,59410,58942,58754,59479,60366,62704,64409,66181,67152,66099,67099,67600,68499,69014,69722,70791,71327,71223,68787,65767,63796,59875,57456,55846,54880,54477,54511,54978,55459,56435,58164,59920,60329,60161,62395,63968,64858,65907,67783,69527,70361,70362,68236,65213,62617,58985,56748,55530,54823,55056,56456,60803,67809,76824,81650,82792,82848,80379,82990,83578,83020,83098,82843,81211,80244,78069,74623,70880,68426,64222,61817,60404,59630,59547,60460,63559,68436,75957,79131,79257,79094,76641,79666,81430,82198,84433,84634,83517,82462,80322,76494,72250,69669,65410,63101,61478,60614,60338,61195,64027,68902,75802,78773,79069,78998,77090,80380,82178,83384,85479,85756,84272,83683,81598,77662,73387,70558,65922,63253,61630,60573,60277,60910,64041,69276,76295,79899,80984,81138,78891,81415,82156,81743,81869,81231,80016,79337,77103,73884,70201,68144
561,65168,62416,60664,59410,58942,58754,59479,60366,62704,64409,66181,67152,66099,67099,67600,68499,69014,69722,70791,71327,71223,68787,65767,63796,59875,57456,55846,54880,54477,54511,54978,55459,56435,58164,59920,60329,60161,62395,63968,64858,65907,67783,69527,70361,70362,68236,65213,62617,58985,56748,55530,54823,55056,56456,60803,67809,76824,81650,82792,82848,80379,82990,83578,83020,83098,82843,81211,80244,78069,74623,70880,68426,64222,61817,60404,59630,59547,60460,63559,68436,75957,79131,79257,79094,76641,79666,81430,82198,84433,84634,83517,82462,80322,76494,72250,69669,65410,63101,61478,60614,60338,61195,64027,68902,75802,78773,79069,78998,77090,80380,82178,83384,85479,85756,84272,83683,81598,77662,73387,70558,65922,63253,61630,60573,60277,60910,64041,69276,76295,79899,80984,81138,78891,81415,82156,81743,81869,81231,80016,79337,77103,73884,70201,68144,63921,61608,60354,59356,59412,60240,62998,67590,73853,77041,77507,77010,74693,77137,78677,79322,80509,80076,78984,78383,76893,73712,69977,68000
562,59875,57456,55846,54880,54477,54511,54978,55459,56435,58164,59920,60329,60161,62395,63968,64858,65907,67783,69527,70361,70362,68236,65213,62617,58985,56748,55530,54823,55056,56456,60803,67809,76824,81650,82792,82848,80379,82990,83578,83020,83098,82843,81211,80244,78069,74623,70880,68426,64222,61817,60404,59630,59547,60460,63559,68436,75957,79131,79257,79094,76641,79666,81430,82198,84433,84634,83517,82462,80322,76494,72250,69669,65410,63101,61478,60614,60338,61195,64027,68902,75802,78773,79069,78998,77090,80380,82178,83384,85479,85756,84272,83683,81598,77662,73387,70558,65922,63253,61630,60573,60277,60910,64041,69276,76295,79899,80984,81138,78891,81415,82156,81743,81869,81231,80016,79337,77103,73884,70201,68144,63921,61608,60354,59356,59412,60240,62998,67590,73853,77041,77507,77010,74693,77137,78677,79322,80509,80076,78984,78383,76893,73712,69977,68000,63831,61330,59695,58607,58293,58283,59090,60180,62689,64746,66540,67036,66581,68356,69410,69762,69117,69231,69755,70266,69509,67058,64280,62650
563,58985,56748,55530,54823,55056,56456,60803,67809,76824,81650,82792,82848,80379,82990,83578,83020,83098,82843,81211,80244,78069,74623,70880,68426,64222,61817,60404,59630,59547,60460,63559,68436,75957,79131,79257,79094,76641,79666,81430,82198,84433,84634,83517,82462,80322,76494,72250,69669,65410,63101,61478,60614,60338,61195,64027,68902,75802,78773,79069,78998,77090,80380,82178,83384,85479,85756,84272,83683,81598,77662,73387,70558,65922,63253,61630,60573,60277,60910,64041,69276,76295,79899,80984,81138,78891,81415,82156,81743,81869,81231,80016,79337,77103,73884,70201,68144,63921,61608,60354,59356,59412,60240,62998,67590,73853,77041,77507,77010,74693,77137,78677,79322,80509,80076,78984,78383,76893,73712,69977,68000,63831,61330,59695,58607,58293,58283,59090,60180,62689,64746,66540,67036,66581,68356,69410,69762,69117,69231,69755,70266,69509,67058,64280,62650,59144,56804,55259,54314,53951,54029,54963,56029,57711,59620,61184,61865,61955,63080,63923,64286,65228,67314,68975,69817,69521,67162,64455,61861
564,64222,61817,60404,59630,59547,60460,63559,68436,75957,79131,79257,79094,76641,79666,81430,82198,84433,84634,83517,82462,80322,76494,72250,69669,65410,63101,61478,60614,60338,61195,64027,68902,75802,78773,79069,78998,77090,80380,82178,83384,85479,85756,84272,83683,81598,77662,73387,70558,65922,63253,61630,60573,60277,60910,64041,69276,76295,79899,80984,81138,78891,81415,82156,81743,81869,81231,80016,79337,77103,73884,70201,68144,63921,61608,60354,59356,59412,60240,62998,67590,73853,77041,77507,77010,74693,77137,78677,79322,80509,80076,78984,78383,76893,73712,69977,68000,63831,61330,59695,58607,58293,58283,59090,60180,62689,64746,66540,67036,66581,68356,69410,69762,69117,69231,69755,70266,69509,67058,64280,62650,59144,56804,55259,54314,53951,54029,54963,56029,57711,59620,61184,61865,61955,63080,63923,64286,65228,67314,68975,69817,69521,67162,64455,61861,58392,56191,54905,54247,54429,55829,59399,64935,73262,77732,78211,77603,75545,78362,80086,81156,83333,84338,83907,82809,80692,76605,72243,69567
565,65410,63101,61478,60614,60338,61195,64027,68902,75802,78773,79069,78998,77090,80380,82178,83384,85479,85756,84272,83683,81598,77662,73387,70558,65922,63253,61630,60573,60277,60910,64041,69276,76295,79899,80984,81138,78891,81415,82156,81743,81869,81231,80016,79337,77103,73884,70201,68144,63921,61608,60354,59356,59412,60240,62998,67590,73853,77041,77507,77010,74693,77137,78677,79322,80509,80076,78984,78383,76893,73712,69977,68000,63831,61330,59695,58607,58293,58283,59090,60180,62689,64746,66540,67036,66581,68356,69410,69762,69117,69231,69755,70266,69509,67058,64280,62650,59144,56804,55259,54314,53951,54029,54963,56029,57711,59620,61184,61865,61955,63080,63923,64286,65228,67314,68975,69817,69521,67162,64455,61861,58392,56191,54905,54247,54429,55829,59399,64935,73262,77732,78211,77603,75545,78362,80086,81156,83333,84338,83907,82809,80692,76605,72243,69567,65123,62327,60697,59801,59916,60586,63508,68381,75644,79406,80503,80765,78828,81899,83321,84396,86650,87347,86646,85560,83212,79100,74510,71568
566,65922,63253,61630,60573,60277,60910,64041,69276,76295,79899,80984,81138,78891,81415,82156,81743,81869,81231,80016,79337,77103,73884,70201,68144,63921,61608,60354,59356,59412,60240,62998,67590,73853,77041,77507,77010,74693,77137,78677,79322,80509,80076,78984,78383,76893,73712,69977,68000,63831,61330,59695,58607,58293,58283,59090,60180,62689,64746,66540,67036,66581,68356,69410,69762,69117,69231,69755,70266,69509,67058,64280,62650,59144,56804,55259,54314,53951,54029,54963,56029,57711,59620,61184,61865,61955,63080,63923,64286,65228,67314,68975,69817,69521,67162,64455,61861,58392,56191,54905,54247,54429,55829,59399,64935,73262,77732,78211,77603,75545,78362,80086,81156,83333,84338,83907,82809,80692,76605,72243,69567,65123,62327,60697,59801,59916,60586,63508,68381,75644,79406,80503,80765,78828,81899,83321,84396,86650,87347,86646,85560,83212,79100,74510,71568,66871,63994,62235,61314,61018,61673,64280,68862,75588,78823,79936,79664,77612,80431,82134,83379,85217,85507,84938,84314,82163,78095,73701,71065
567,63921,61608,60354,59356,59412,60240,62998,67590,73853,77041,77507,77010,74693,77137,78677,79322,80509,80076,78984,78383,76893,73712,69977,68000,63831,61330,59695,58607,58293,58283,59090,60180,62689,64746,66540,67036,66581,68356,69410,69762,69117,69231,69755,70266,69509,67058,64280,62650,59144,56804,55259,54314,53951,54029,54963,56029,57711,59620,61184,61865,61955,63080,63923,64286,65228,67314,68975,69817,69521,67162,64455,61861,58392,56191,54905,54247,54429,55829,59399,64935,73262,77732,78211,77603,75545,78362,80086,81156,83333,84338,83907,82809,80692,76605,72243,69567,65123,62327,60697,59801,59916,60586,63508,68381,75644,79406,80503,80765,78828,81899,83321,84396,86650,87347,86646,85560,83212,79100,74510,71568,66871,63994,62235,61314,61018,61673,64280,68862,75588,78823,79936,79664,77612,80431,82134,83379,85217,85507,84938,84314,82163,78095,73701,71065,66281,63694,62045,60846,60634,61348,64232,68802,75234,78787,80139,80812,79282,82411,84360,85744,87071,87405,87009,86442,84216,80199,75572,72587
568,63831,61330,59695,58607,58293,58283,59090,60180,62689,64746,66540,67036,66581,68356,69410,69762,69117,69231,69755,70266,69509,67058,64280,62650,59144,56804,55259,54314,53951,54029,54963,56029,57711,59620,61184,61865,61955,63080,63923,64286,65228,67314,68975,69817,69521,67162,64455,61861,58392,56191,54905,54247,54429,55829,59399,64935,73262,77732,78211,77603,75545,78362,80086,81156,83333,84338,83907,82809,80692,76605,72243,69567,65123,62327,60697,59801,59916,60586,63508,68381,75644,79406,80503,80765,78828,81899,83321,84396,86650,87347,86646,85560,83212,79100,74510,71568,66871,63994,62235,61314,61018,61673,64280,68862,75588,78823,79936,79664,77612,80431,82134,83379,85217,85507,84938,84314,82163,78095,73701,71065,66281,63694,62045,60846,60634,61348,64232,68802,75234,78787,80139,80812,79282,82411,84360,85744,87071,87405,87009,86442,84216,80199,75572,72587,67837,64998,63025,61953,61841,62672,65514,69929,76573,80635,82540,83386,82060,84407,85614,86305,87605,87488,86675,86236,84695,80925,76200,73062
569,59144,56804,55259,54314,53951,54029,54963,56029,57711,59620,61184,61865,61955,63080,63923,64286,65228,67314,68975,69817,69521,67162,64455,61861,58392,56191,54905,54247,54429,55829,59399,64935,73262,77732,78211,77603,75545,78362,80086,81156,83333,84338,83907,82809,80692,76605,72243,69567,65123,62327,60697,59801,59916,60586,63508,68381,75644,79406,80503,80765,78828,81899,83321,84396,86650,87347,86646,85560,83212,79100,74510,71568,66871,63994,62235,61314,61018,61673,64280,68862,75588,78823,79936,79664,77612,80431,82134,83379,85217,85507,84938,84314,82163,78095,73701,71065,66281,63694,62045,60846,60634,61348,64232,68802,75234,78787,80139,80812,79282,82411,84360,85744,87071,87405,87009,86442,84216,80199,75572,72587,67837,64998,63025,61953,61841,62672,65514,69929,76573,80635,82540,83386,82060,84407,85614,86305,87605,87488,86675,86236,84695,80925,76200,73062,68156,64937,62744,61103,60196,59900,60937,62251,64962,67995,71429,73372,73898,75069,75703,75810,75100,75434,75920,76651,76055,73226,69913,67589
570,58392,56191,54905,54247,54429,55829,59399,64935,73262,77732,78211,77603,75545,78362,80086,81156,83333,84338,83907,82809,80692,76605,72243,69567,65123,62327,60697,59801,59916,60586,63508,68381,75644,79406,80503,80765,78828,81899,83321,84396,86650,87347,86646,85560,83212,79100,74510,71568,66871,63994,62235,61314,61018,61673,64280,68862,75588,78823,79936,79664,77612,80431,82134,83379,85217,85507,84938,84314,82163,78095,73701,71065,66281,63694,62045,60846,60634,61348,64232,68802,75234,78787,80139,80812,79282,82411,84360,85744,87071,87405,87009,86442,84216,80199,75572,72587,67837,64998,63025,61953,61841,62672,65514,69929,76573,80635,82540,83386,82060,84407,85614,86305,87605,87488,86675,86236,84695,80925,76200,73062,68156,64937,62744,61103,60196,59900,60937,62251,64962,67995,71429,73372,73898,75069,75703,75810,75100,75434,75920,76651,76055,73226,69913,67589,63171,60323,58321,56950,56325,56290,57093,58731,61276,64303,66504,68245,69068,69359,68504,68199,68421,70026,71470,72224,71663,69298,66226,63510
571,65123,62327,60697,59801,59916,60586,63508,68381,75644,79406,80503,80765,78828,81899,83321,84396,86650,87347,86646,85560,83212,79100,74510,71568,66871,63994,62235,61314,61018,61673,64280,68862,75588,78823,79936,79664,77612,80431,82134,83379,85217,85507,84938,84314,82163,78095,73701,71065,66281,63694,62045,60846,60634,61348,64232,68802,75234,78787,80139,80812,79282,82411,84360,85744,87071,87405,87009,86442,84216,80199,75572,72587,67837,64998,63025,61953,61841,62672,65514,69929,76573,80635,82540,83386,82060,84407,85614,86305,87605,87488,86675,86236,84695,80925,76200,73062,68156,64937,62744,61103,60196,59900,60937,62251,64962,67995,71429,73372,73898,75069,75703,75810,75100,75434,75920,76651,76055,73226,69913,67589,63171,60323,58321,56950,56325,56290,57093,58731,61276,64303,66504,68245,69068,69359,68504,68199,68421,70026,71470,72224,71663,69298,66226,63510,59730,57266,55729,54760,54730,55713,58694,63280,69009,72358,74011,75031,75713,77565,78673,79080,79497,80055,79181,78903,77266,73890,69858,66751
572,66871,63994,62235,61314,61018,61673,64280,68862,75588,78823,79936,79664,77612,80431,82134,83379,85217,85507,84938,84314,82163,78095,73701,71065,66281,63694,62045,60846,60634,61348,64232,68802,75234,78787,80139,80812,79282,82411,84360,85744,87071,87405,87009,86442,84216,80199,75572,72587,67837,64998,63025,61953,61841,62672,65514,69929,76573,80635,82540,83386,82060,84407,85614,86305,87605,87488,86675,86236,84695,80925,76200,73062,68156,64937,62744,61103,60196,59900,60937,62251,64962,67995,71429,73372,73898,75069,75703,75810,75100,75434,75920,76651,76055,73226,69913,67589,63171,60323,58321,56950,56325,56290,57093,58731,61276,64303,66504,68245,69068,69359,68504,68199,68421,70026,71470,72224,71663,69298,66226,63510,59730,57266,55729,54760,54730,55713,58694,63280,69009,72358,74011,75031,75713,77565,78673,79080,79497,80055,79181,78903,77266,73890,69858,66751,62710,59847,58125,57292,57100,57913,60752,65155,70718,73926,74990,75515,75036,75372,75709,75687,76863,77800,77645,77981,76299,72891,68881,66418
573,66281,63694,62045,60846,60634,61348,64232,68802,75234,78787,80139,80812,79282,82411,84360,85744,87071,87405,87009,86442,84216,80199,75572,72587,67837,64998,63025,61953,61841,62672,65514,69929,76573,80635,82540,83386,82060,84407,85614,86305,87605,87488,86675,86236,84695,80925,76200,73062,68156,64937,62744,61103,60196,59900,60937,62251,64962,67995,71429,73372,73898,75069,75703,75810,75100,75434,75920,76651,76055,73226,69913,67589,63171,60323,58321,56950,56325,56290,57093,58731,61276,64303,66504,68245,69068,69359,68504,68199,68421,70026,71470,72224,71663,69298,66226,63510,59730,57266,55729,54760,54730,55713,58694,63280,69009,72358,74011,75031,75713,77565,78673,79080,79497,80055,79181,78903,77266,73890,69858,66751,62710,59847,58125,57292,57100,57913,60752,65155,70718,73926,74990,75515,75036,75372,75709,75687,76863,77800,77645,77981,76299,72891,68881,66418,62523,59884,58168,57228,57162,57903,60567,64543,70101,73666,74756,75277,75047,76611,77823,78532,79851,81174,81004,81013,79266,75361,71215,68323
574,67837,64998,63025,61953,61841,62672,65514,69929,76573,80635,82540,83386,82060,84407,85614,86305,87605,87488,86675,86236,84695,80925,76200,73062,68156,64937,62744,61103,60196,59900,60937,62251,64962,67995,71429,73372,73898,75069,75703,75810,75100,75434,75920,76651,76055,73226,69913,67589,63171,60323,58321,56950,56325,56290,57093,58731,61276,64303,66504,68245,69068,69359,68504,68199,68421,70026,71470,72224,71663,69298,66226,63510,59730,57266,55729,54760,54730,55713,58694,63280,69009,72358,74011,75031,75713,77565,78673,79080,79497,80055,79181,78903,77266,73890,69858,66751,62710,59847,58125,57292,57100,57913,60752,65155,70718,73926,74990,75515,75036,75372,75709,75687,76863,77800,77645,77981,76299,72891,68881,66418,62523,59884,58168,57228,57162,57903,60567,64543,70101,73666,74756,75277,75047,76611,77823,78532,79851,81174,81004,81013,79266,75361,71215,68323,63955,61069,59329,58195,58022,58822,61815,66395,73184,77285,78725,78962,77815,79952,81594,82924,84790,85866,85582,85132,82676,78471,73663,70720
575,68156,64937,62744,61103,60196,59900,60937,62251,64962,67995,71429,73372,73898,75069,75703,75810,75100,75434,75920,76651,76055,73226,69913,67589,63171,60323,58321,56950,56325,56290,57093,58731,61276,64303,66504,68245,69068,69359,68504,68199,68421,70026,71470,72224,71663,69298,66226,63510,59730,57266,55729,54760,54730,55713,58694,63280,69009,72358,74011,75031,75713,77565,78673,79080,79497,80055,79181,78903,77266,73890,69858,66751,62710,59847,58125,57292,57100,57913,60752,65155,70718,73926,74990,75515,75036,75372,75709,75687,76863,77800,77645,77981,76299,72891,68881,66418,62523,59884,58168,57228,57162,57903,60567,64543,70101,73666,74756,75277,75047,76611,77823,78532,79851,81174,81004,81013,79266,75361,71215,68323,63955,61069,59329,58195,58022,58822,61815,66395,73184,77285,78725,78962,77815,79952,81594,82924,84790,85866,85582,85132,82676,78471,73663,70720,66162,63175,61422,60194,60017,60717,63510,68481,75644,79781,80839,81496,80194,82159,83182,83838,85793,86550,85559,85370,83191,79113,74692,71965
576,63171,60323,58321,56950,56325,56290,57093,58731,61276,64303,66504,68245,69068,69359,68504,68199,68421,70026,71470,72224,71663,69298,66226,63510,59730,57266,55729,54760,54730,55713,58694,63280,69009,72358,74011,75031,75713,77565,78673,79080,79497,80055,79181,78903,77266,73890,69858,66751,62710,59847,58125,57292,57100,57913,60752,65155,70718,73926,74990,75515,75036,75372,75709,75687,76863,77800,77645,77981,76299,72891,68881,66418,62523,59884,58168,57228,57162,57903,60567,64543,70101,73666,74756,75277,75047,76611,77823,78532,79851,81174,81004,81013,79266,75361,71215,68323,63955,61069,59329,58195,58022,58822,61815,66395,73184,77285,78725,78962,77815,79952,81594,82924,84790,85866,85582,85132,82676,78471,73663,70720,66162,63175,61422,60194,60017,60717,63510,68481,75644,79781,80839,81496,80194,82159,83182,83838,85793,86550,85559,85370,83191,79113,74692,71965,67577,64493,62563,61124,60408,60556,61742,63696,67325,70085,72240,72570,71629,72729,73618,74610,76273,78099,79575,80391,79413,76236,72320,69613
577,59730,57266,55729,54760,54730,55713,58694,63280,69009,72358,74011,75031,75713,77565,78673,79080,79497,80055,79181,78903,77266,73890,69858,66751,62710,59847,58125,57292,57100,57913,60752,65155,70718,73926,74990,75515,75036,75372,75709,75687,76863,77800,77645,77981,76299,72891,68881,66418,62523,59884,58168,57228,57162,57903,60567,64543,70101,73666,74756,75277,75047,76611,77823,78532,79851,81174,81004,81013,79266,75361,71215,68323,63955,61069,59329,58195,58022,58822,61815,66395,73184,77285,78725,78962,77815,79952,81594,82924,84790,85866,85582,85132,82676,78471,73663,70720,66162,63175,61422,60194,60017,60717,63510,68481,75644,79781,80839,81496,80194,82159,83182,83838,85793,86550,85559,85370,83191,79113,74692,71965,67577,64493,62563,61124,60408,60556,61742,63696,67325,70085,72240,72570,71629,72729,73618,74610,76273,78099,79575,80391,79413,76236,72320,69613,65158,62048,60106,58732,58180,58120,58995,60389,62454,65174,67871,68405,69195,70846,72272,73631,74636,76442,77765,78998,78396,75451,71579,68305
578,62710,59847,58125,57292,57100,57913,60752,65155,70718,73926,74990,75515,75036,75372,75709,75687,76863,77800,77645,77981,76299,72891,68881,66418,62523,59884,58168,57228,57162,57903,60567,64543,70101,73666,74756,75277,75047,76611,77823,78532,79851,81174,81004,81013,79266,75361,71215,68323,63955,61069,59329,58195,58022,58822,61815,66395,73184,77285,78725,78962,77815,79952,81594,82924,84790,85866,85582,85132,82676,78471,73663,70720,66162,63175,61422,60194,60017,60717,63510,68481,75644,79781,80839,81496,80194,82159,83182,83838,85793,86550,85559,85370,83191,79113,74692,71965,67577,64493,62563,61124,60408,60556,61742,63696,67325,70085,72240,72570,71629,72729,73618,74610,76273,78099,79575,80391,79413,76236,72320,69613,65158,62048,60106,58732,58180,58120,58995,60389,62454,65174,67871,68405,69195,70846,72272,73631,74636,76442,77765,78998,78396,75451,71579,68305,64065,61413,59844,58825,58971,60312,64308,71168,80986,86101,87550,87929,85945,88088,88988,89052,89263,88682,87654,86920,84404,80414,75948,73129
579,62523,59884,58168,57228,57162,57903,60567,64543,70101,73666,74756,75277,75047,76611,77823,78532,79851,81174,81004,81013,79266,75361,71215,68323,63955,61069,59329,58195,58022,58822,61815,66395,73184,77285,78725,78962,77815,79952,81594,82924,84790,85866,85582,85132,82676,78471,73663,70720,66162,63175,61422,60194,60017,60717,63510,68481,75644,79781,80839,81496,80194,82159,83182,83838,85793,86550,85559,85370,83191,79113,74692,71965,67577,64493,62563,61124,60408,60556,61742,63696,67325,70085,72240,72570,71629,72729,73618,74610,76273,78099,79575,80391,79413,76236,72320,69613,65158,62048,60106,58732,58180,58120,58995,60389,62454,65174,67871,68405,69195,70846,72272,73631,74636,76442,77765,78998,78396,75451,71579,68305,64065,61413,59844,58825,58971,60312,64308,71168,80986,86101,87550,87929,85945,88088,88988,89052,89263,88682,87654,86920,84404,80414,75948,73129,68613,66023,64255,63187,63145,63892,67202,72663,80500,84633,85576,85914,84446,86969,88054,87811,87915,88479,87358,86199,83406,79344,75063,72026
580,63955,61069,59329,58195,58022,58822,61815,66395,73184,77285,78725,78962,77815,79952,81594,82924,84790,85866,85582,85132,82676,78471,73663,70720,66162,63175,61422,60194,60017,60717,63510,68481,75644,79781,80839,81496,80194,82159,83182,83838,85793,86550,85559,85370,83191,79113,74692,71965,67577,64493,62563,61124,60408,60556,61742,63696,67325,70085,72240,72570,71629,72729,73618,74610,76273,78099,79575,80391,79413,76236,72320,69613,65158,62048,60106,58732,58180,58120,58995,60389,62454,65174,67871,68405,69195,70846,72272,73631,74636,76442,77765,78998,78396,75451,71579,68305,64065,61413,59844,58825,58971,60312,64308,71168,80986,86101,87550,87929,85945,88088,88988,89052,89263,88682,87654,86920,84404,80414,75948,73129,68613,66023,64255,63187,63145,63892,67202,72663,80500,84633,85576,85914,84446,86969,88054,87811,87915,88479,87358,86199,83406,79344,75063,72026,67389,64688,63007,61992,61748,62374,65471,70551,78336,82858,83832,84123,82125,84555,85666,85364,85237,84484,83140,82764,80387,76970,73153,70684
581,66162,63175,61422,60194,60017,60717,63510,68481,75644,79781,80839,81496,80194,82159,83182,83838,85793,86550,85559,85370,83191,79113,74692,71965,67577,64493,62563,61124,60408,60556,61742,63696,67325,70085,72240,72570,71629,72729,73618,74610,76273,78099,79575,80391,79413,76236,72320,69613,65158,62048,60106,58732,58180,58120,58995,60389,62454,65174,67871,68405,69195,70846,72272,73631,74636,76442,77765,78998,78396,75451,71579,68305,64065,61413,59844,58825,58971,60312,64308,71168,80986,86101,87550,87929,85945,88088,88988,89052,89263,88682,87654,86920,84404,80414,75948,73129,68613,66023,64255,63187,63145,63892,67202,72663,80500,84633,85576,85914,84446,86969,88054,87811,87915,88479,87358,86199,83406,79344,75063,72026,67389,64688,63007,61992,61748,62374,65471,70551,78336,82858,83832,84123,82125,84555,85666,85364,85237,84484,83140,82764,80387,76970,73153,70684,66370,63880,62308,61344,61099,61961,65169,71150,79045,84194,85492,85333,82887,84878,85242,85078,85376,84673,83125,82462,79784,76214,72485,70245
582,67577,64493,62563,61124,60408,60556,61742,63696,67325,70085,72240,72570,71629,72729,73618,74610,76273,78099,79575,80391,79413,76236,72320,69613,65158,62048,60106,58732,58180,58120,58995,60389,62454,65174,67871,68405,69195,70846,72272,73631,74636,76442,77765,78998,78396,75451,71579,68305,64065,61413,59844,58825,58971,60312,64308,71168,80986,86101,87550,87929,85945,88088,88988,89052,89263,88682,87654,86920,84404,80414,75948,73129,68613,66023,64255,63187,63145,63892,67202,72663,80500,84633,85576,85914,84446,86969,88054,87811,87915,88479,87358,86199,83406,79344,75063,72026,67389,64688,63007,61992,61748,62374,65471,70551,78336,82858,83832,84123,82125,84555,85666,85364,85237,84484,83140,82764,80387,76970,73153,70684,66370,63880,62308,61344,61099,61961,65169,71150,79045,84194,85492,85333,82887,84878,85242,85078,85376,84673,83125,82462,79784,76214,72485,70245,65846,63365,61781,60723,60540,61463,64392,68864,75458,78980,79685,79945,78061,80252,81584,83106,85146,85622,84462,83810,81428,77336,73145,70509
583,65158,62048,60106,58732,58180,58120,58995,60389,62454,65174,67871,68405,69195,70846,72272,73631,74636,76442,77765,78998,78396,75451,71579,68305,64065,61413,59844,58825,58971,60312,64308,71168,80986,86101,87550,87929,85945,88088,88988,89052,89263,88682,87654,86920,84404,80414,75948,73129,68613,66023,64255,63187,63145,63892,67202,72663,80500,84633,85576,85914,84446,86969,88054,87811,87915,88479,87358,86199,83406,79344,75063,72026,67389,64688,63007,61992,61748,62374,65471,70551,78336,82858,83832,84123,82125,84555,85666,85364,85237,84484,83140,82764,80387,76970,73153,70684,66370,63880,62308,61344,61099,61961,65169,71150,79045,84194,85492,85333,82887,84878,85242,85078,85376,84673,83125,82462,79784,76214,72485,70245,65846,63365,61781,60723,60540,61463,64392,68864,75458,78980,79685,79945,78061,80252,81584,83106,85146,85622,84462,83810,81428,77336,73145,70509,65937,63019,61164,59883,59209,59522,60335,62033,64962,67613,70579,72240,71387,73275,73734,73026,71921,71908,73062,73973,73240,70801,67851,65857
584,64065,61413,59844,58825,58971,60312,64308,71168,80986,86101,87550,87929,85945,88088,88988,89052,89263,88682,87654,86920,84404,80414,75948,73129,68613,66023,64255,63187,63145,63892,67202,72663,80500,84633,85576,85914,84446,86969,88054,87811,87915,88479,87358,86199,83406,79344,75063,72026,67389,64688,63007,61992,61748,62374,65471,70551,78336,82858,83832,84123,82125,84555,85666,85364,85237,84484,83140,82764,80387,76970,73153,70684,66370,63880,62308,61344,61099,61961,65169,71150,79045,84194,85492,85333,82887,84878,85242,85078,85376,84673,83125,82462,79784,76214,72485,70245,65846,63365,61781,60723,60540,61463,64392,68864,75458,78980,79685,79945,78061,80252,81584,83106,85146,85622,84462,83810,81428,77336,73145,70509,65937,63019,61164,59883,59209,59522,60335,62033,64962,67613,70579,72240,71387,73275,73734,73026,71921,71908,73062,73973,73240,70801,67851,65857,62119,59613,57999,56807,56402,56571,57056,57959,59653,61813,63842,64770,65861,67407,68128,68655,69959,72024,73177,74228,73460,71011,67871,65167
585,68613,66023,64255,63187,63145,63892,67202,72663,80500,84633,85576,85914,84446,86969,88054,87811,87915,88479,87358,86199,83406,79344,75063,72026,67389,64688,63007,61992,61748,62374,65471,70551,78336,82858,83832,84123,82125,84555,85666,85364,85237,84484,83140,82764,80387,76970,73153,70684,66370,63880,62308,61344,61099,61961,65169,71150,79045,84194,85492,85333,82887,84878,85242,85078,85376,84673,83125,82462,79784,76214,72485,70245,65846,63365,61781,60723,60540,61463,64392,68864,75458,78980,79685,79945,78061,80252,81584,83106,85146,85622,84462,83810,81428,77336,73145,70509,65937,63019,61164,59883,59209,59522,60335,62033,64962,67613,70579,72240,71387,73275,73734,73026,71921,71908,73062,73973,73240,70801,67851,65857,62119,59613,57999,56807,56402,56571,57056,57959,59653,61813,63842,64770,65861,67407,68128,68655,69959,72024,73177,74228,73460,71011,67871,65167,61360,58973,57250,56174,56136,56765,58399,61366,65724,68728,71174,72274,72245,74246,75333,76748,77680,78207,79179,80123,78906,75816,71974,68521
586,67389,64688,63007,61992,61748,62374,65471,70551,78336,82858,83832,84123,82125,84555,85666,85364,85237,84484,83140,82764,80387,76970,73153,70684,66370,63880,62308,61344,61099,61961,65169,71150,79045,84194,85492,85333,82887,84878,85242,85078,85376,84673,83125,82462,79784,76214,72485,70245,65846,63365,61781,60723,60540,61463,64392,68864,75458,78980,79685,79945,78061,80252,81584,83106,85146,85622,84462,83810,81428,77336,73145,70509,65937,63019,61164,59883,59209,59522,60335,62033,64962,67613,70579,72240,71387,73275,73734,73026,71921,71908,73062,73973,73240,70801,67851,65857,62119,59613,57999,56807,56402,56571,57056,57959,59653,61813,63842,64770,65861,67407,68128,68655,69959,72024,73177,74228,73460,71011,67871,65167,61360,58973,57250,56174,56136,56765,58399,61366,65724,68728,71174,72274,72245,74246,75333,76748,77680,78207,79179,80123,78906,75816,71974,68521,64202,61554,59904,59142,59244,60308,63737,70297,78986,83244,83697,83488,81571,84151,85124,85473,86440,86350,84969,84039,81116,77002,72718,70091
587,66370,63880,62308,61344,61099,61961,65169,71150,79045,84194,85492,85333,82887,84878,85242,85078,85376,84673,83125,82462,79784,76214,72485,70245,65846,63365,61781,60723,60540,61463,64392,68864,75458,78980,79685,79945,78061,80252,81584,83106,85146,85622,84462,83810,81428,77336,73145,70509,65937,63019,61164,59883,59209,59522,60335,62033,64962,67613,70579,72240,71387,73275,73734,73026,71921,71908,73062,73973,73240,70801,67851,65857,62119,59613,57999,56807,56402,56571,57056,57959,59653,61813,63842,64770,65861,67407,68128,68655,69959,72024,73177,74228,73460,71011,67871,65167,61360,58973,57250,56174,56136,56765,58399,61366,65724,68728,71174,72274,72245,74246,75333,76748,77680,78207,79179,80123,78906,75816,71974,68521,64202,61554,59904,59142,59244,60308,63737,70297,78986,83244,83697,83488,81571,84151,85124,85473,86440,86350,84969,84039,81116,77002,72718,70091,65722,62994,61547,60633,60470,61457,64564,70138,77892,82131,82945,82471,80292,82057,82677,82667,84120,84521,83239,82303,79563,75503,71293,69044
588,65846,63365,61781,60723,60540,61463,64392,68864,75458,78980,79685,79945,78061,80252,81584,83106,85146,85622,84462,83810,81428,77336,73145,70509,65937,63019,61164,59883,59209,59522,60335,62033,64962,67613,70579,72240,71387,73275,73734,73026,71921,71908,73062,73973,73240,70801,67851,65857,62119,59613,57999,56807,56402,56571,57056,57959,59653,61813,63842,64770,65861,67407,68128,68655,69959,72024,73177,74228,73460,71011,67871,65167,61360,58973,57250,56174,56136,56765,58399,61366,65724,68728,71174,72274,72245,74246,75333,76748,77680,78207,79179,80123,78906,75816,71974,68521,64202,61554,59904,59142,59244,60308,63737,70297,78986,83244,83697,83488,81571,84151,85124,85473,86440,86350,84969,84039,81116,77002,72718,70091,65722,62994,61547,60633,60470,61457,64564,70138,77892,82131,82945,82471,80292,82057,82677,82667,84120,84521,83239,82303,79563,75503,71293,69044,64951,62383,61022,60001,59928,60870,63484,67829,73736,76368,76744,76865,74958,77700,80214,81421,83331,83585,82744,82225,79667,75585,71518,69221
589,65937,63019,61164,59883,59209,59522,60335,62033,64962,67613,70579,72240,71387,73275,73734,73026,71921,71908,73062,73973,73240,70801,67851,65857,62119,59613,57999,56807,56402,56571,57056,57959,59653,61813,63842,64770,65861,67407,68128,68655,69959,72024,73177,74228,73460,71011,67871,65167,61360,58973,57250,56174,56136,56765,58399,61366,65724,68728,71174,72274,72245,74246,75333,76748,77680,78207,79179,80123,78906,75816,71974,68521,64202,61554,59904,59142,59244,60308,63737,70297,78986,83244,83697,83488,81571,84151,85124,85473,86440,86350,84969,84039,81116,77002,72718,70091,65722,62994,61547,60633,60470,61457,64564,70138,77892,82131,82945,82471,80292,82057,82677,82667,84120,84521,83239,82303,79563,75503,71293,69044,64951,62383,61022,60001,59928,60870,63484,67829,73736,76368,76744,76865,74958,77700,80214,81421,83331,83585,82744,82225,79667,75585,71518,69221,64997,62618,61132,60228,59970,60943,63708,68340,75302,78582,79820,80901,80011,83222,85078,85880,86684,86259,85172,84984,82393,78785,74691,72287
590,62119,59613,57999,56807,56402,56571,57056,57959,59653,61813,63842,64770,65861,67407,68128,68655,69959,72024,73177,74228,73460,71011,67871,65167,61360,58973,57250,56174,56136,56765,58399,61366,65724,68728,71174,72274,72245,74246,75333,76748,77680,78207,79179,80123,78906,75816,71974,68521,64202,61554,59904,59142,59244,60308,63737,70297,78986,83244,83697,83488,81571,84151,85124,85473,86440,86350,84969,84039,81116,77002,72718,70091,65722,62994,61547,60633,60470,61457,64564,70138,77892,82131,82945,82471,80292,82057,82677,82667,84120,84521,83239,82303,79563,75503,71293,69044,64951,62383,61022,60001,59928,60870,63484,67829,73736,76368,76744,76865,74958,77700,80214,81421,83331,83585,82744,82225,79667,75585,71518,69221,64997,62618,61132,60228,59970,60943,63708,68340,75302,78582,79820,80901,80011,83222,85078,85880,86684,86259,85172,84984,82393,78785,74691,72287,67758,64896,63028,61856,61329,61561,62931,65521,69534,72518,74776,75127,73649,74152,73831,73724,73850,74343,75778,76241,74901,71828,68428,66249
591,61360,58973,57250,56174,56136,56765,58399,61366,65724,68728,71174,72274,72245,74246,75333,76748,77680,78207,79179,80123,78906,75816,71974,68521,64202,61554,59904,59142,59244,60308,63737,70297,78986,83244,83697,83488,81571,84151,85124,85473,86440,86350,84969,84039,81116,77002,72718,70091,65722,62994,61547,60633,60470,61457,64564,70138,77892,82131,82945,82471,80292,82057,82677,82667,84120,84521,83239,82303,79563,75503,71293,69044,64951,62383,61022,60001,59928,60870,63484,67829,73736,76368,76744,76865,74958,77700,80214,81421,83331,83585,82744,82225,79667,75585,71518,69221,64997,62618,61132,60228,59970,60943,63708,68340,75302,78582,79820,80901,80011,83222,85078,85880,86684,86259,85172,84984,82393,78785,74691,72287,67758,64896,63028,61856,61329,61561,62931,65521,69534,72518,74776,75127,73649,74152,73831,73724,73850,74343,75778,76241,74901,71828,68428,66249,62060,59191,57252,56147,55705,55916,56322,56542,56834,58113,60504,61258,61751,63129,64052,65492,68199,71186,73177,73895,72683,69965,66663,63561
592,64202,61554,59904,59142,59244,60308,63737,70297,78986,83244,83697,83488,81571,84151,85124,85473,86440,86350,84969,84039,81116,77002,72718,70091,65722,62994,61547,60633,60470,61457,64564,70138,77892,82131,82945,82471,80292,82057,82677,82667,84120,84521,83239,82303,79563,75503,71293,69044,64951,62383,61022,60001,59928,60870,63484,67829,73736,76368,76744,76865,74958,77700,80214,81421,83331,83585,82744,82225,79667,75585,71518,69221,64997,62618,61132,60228,59970,60943,63708,68340,75302,78582,79820,80901,80011,83222,85078,85880,86684,86259,85172,84984,82393,78785,74691,72287,67758,64896,63028,61856,61329,61561,62931,65521,69534,72518,74776,75127,73649,74152,73831,73724,73850,74343,75778,76241,74901,71828,68428,66249,62060,59191,57252,56147,55705,55916,56322,56542,56834,58113,60504,61258,61751,63129,64052,65492,68199,71186,73177,73895,72683,69965,66663,63561,59843,57476,56031,55243,55341,56930,60681,66804,74380,78062,79390,79730,78311,81842,84106,85057,86844,86110,85019,84366,81282,77295,72740,69834
593,65722,62994,61547,60633,60470,61457,64564,70138,77892,82131,82945,82471,80292,82057,82677,82667,84120,84521,83239,82303,79563,75503,71293,69044,64951,62383,61022,60001,59928,60870,63484,67829,73736,76368,76744,76865,74958,77700,80214,81421,83331,83585,82744,82225,79667,75585,71518,69221,64997,62618,61132,60228,59970,60943,63708,68340,75302,78582,79820,80901,80011,83222,85078,85880,86684,86259,85172,84984,82393,78785,74691,72287,67758,64896,63028,61856,61329,61561,62931,65521,69534,72518,74776,75127,73649,74152,73831,73724,73850,74343,75778,76241,74901,71828,68428,66249,62060,59191,57252,56147,55705,55916,56322,56542,56834,58113,60504,61258,61751,63129,64052,65492,68199,71186,73177,73895,72683,69965,66663,63561,59843,57476,56031,55243,55341,56930,60681,66804,74380,78062,79390,79730,78311,81842,84106,85057,86844,86110,85019,84366,81282,77295,72740,69834,65370,63015,61487,60704,60805,61648,64549,70780,79008,83323,84405,84524,82721,85870,86792,86459,86787,85960,84447,83041,79508,75304,71207,68617
594,64951,62383,61022,60001,59928,60870,63484,67829,73736,76368,76744,76865,74958,77700,80214,81421,83331,83585,82744,82225,79667,75585,71518,69221,64997,62618,61132,60228,59970,60943,63708,68340,75302,78582,79820,80901,80011,83222,85078,85880,86684,86259,85172,84984,82393,78785,74691,72287,67758,64896,63028,61856,61329,61561,62931,65521,69534,72518,74776,75127,73649,74152,73831,73724,73850,74343,75778,76241,74901,71828,68428,66249,62060,59191,57252,56147,55705,55916,56322,56542,56834,58113,60504,61258,61751,63129,64052,65492,68199,71186,73177,73895,72683,69965,66663,63561,59843,57476,56031,55243,55341,56930,60681,66804,74380,78062,79390,79730,78311,81842,84106,85057,86844,86110,85019,84366,81282,77295,72740,69834,65370,63015,61487,60704,60805,61648,64549,70780,79008,83323,84405,84524,82721,85870,86792,86459,86787,85960,84447,83041,79508,75304,71207,68617,64318,61960,60573,59693,59636,60751,64049,69130,75985,78964,79103,77822,75286,77783,78407,78112,78956,78558,77957,77582,75178,71949,68356,66310
595,64997,62618,61132,60228,59970,60943,63708,68340,75302,78582,79820,80901,80011,83222,85078,85880,86684,86259,85172,84984,82393,78785,74691,72287,67758,64896,63028,61856,61329,61561,62931,65521,69534,72518,74776,75127,73649,74152,73831,73724,73850,74343,75778,76241,74901,71828,68428,66249,62060,59191,57252,56147,55705,55916,56322,56542,56834,58113,60504,61258,61751,63129,64052,65492,68199,71186,73177,73895,72683,69965,66663,63561,59843,57476,56031,55243,55341,56930,60681,66804,74380,78062,79390,79730,78311,81842,84106,85057,86844,86110,85019,84366,81282,77295,72740,69834,65370,63015,61487,60704,60805,61648,64549,70780,79008,83323,84405,84524,82721,85870,86792,86459,86787,85960,84447,83041,79508,75304,71207,68617,64318,61960,60573,59693,59636,60751,64049,69130,75985,78964,79103,77822,75286,77783,78407,78112,78956,78558,77957,77582,75178,71949,68356,66310,62594,60652,59447,58607,58494,59638,62611,66962,72764,74724,75464,75162,72709,75445,77289,78093,79448,78679,77569,77129,74552,71339,68004,65932
596,67758,64896,63028,61856,61329,61561,62931,65521,69534,72518,74776,75127,73649,74152,73831,73724,73850,74343,75778,76241,74901,71828,68428,66249,62060,59191,57252,56147,55705,55916,56322,56542,56834,58113,60504,61258,61751,63129,64052,65492,68199,71186,73177,73895,72683,69965,66663,63561,59843,57476,56031,55243,55341,56930,60681,66804,74380,78062,79390,79730,78311,81842,84106,85057,86844,86110,85019,84366,81282,77295,72740,69834,65370,63015,61487,60704,60805,61648,64549,70780,79008,83323,84405,84524,82721,85870,86792,86459,86787,85960,84447,83041,79508,75304,71207,68617,64318,61960,60573,59693,59636,60751,64049,69130,75985,78964,79103,77822,75286,77783,78407,78112,78956,78558,77957,77582,75178,71949,68356,66310,62594,60652,59447,58607,58494,59638,62611,66962,72764,74724,75464,75162,72709,75445,77289,78093,79448,78679,77569,77129,74552,71339,68004,65932,62236,60257,59104,58240,58214,59312,61949,65364,70032,71627,72007,71307,69182,72360,74237,75785,77941,77328,76331,75964,73589,70487,67408,65784
597,62060,59191,57252,56147,55705,55916,56322,56542,56834,58113,60504,61258,61751,63129,64052,65492,68199,71186,73177,73895,72683,69965,66663,63561,59843,57476,56031,55243,55341,56930,60681,66804,74380,78062,79390,79730,78311,81842,84106,85057,86844,86110,85019,84366,81282,77295,72740,69834,65370,63015,61487,60704,60805,61648,64549,70780,79008,83323,84405,84524,82721,85870,86792,86459,86787,85960,84447,83041,79508,75304,71207,68617,64318,61960,60573,59693,59636,60751,64049,69130,75985,78964,79103,77822,75286,77783,78407,78112,78956,78558,77957,77582,75178,71949,68356,66310,62594,60652,59447,58607,58494,59638,62611,66962,72764,74724,75464,75162,72709,75445,77289,78093,79448,78679,77569,77129,74552,71339,68004,65932,62236,60257,59104,58240,58214,59312,61949,65364,70032,71627,72007,71307,69182,72360,74237,75785,77941,77328,76331,75964,73589,70487,67408,65784,62103,59890,58299,57268,56761,56945,57779,58661,59833,59359,59172,57102,54700,55924,56997,57997,60108,62153,63762,64721,63643,61895,59651,58822
598,59843,57476,56031,55243,55341,56930,60681,66804,74380,78062,79390,79730,78311,81842,84106,85057,86844,86110,85019,84366,81282,77295,72740,69834,65370,63015,61487,60704,60805,61648,64549,70780,79008,83323,84405,84524,82721,85870,86792,86459,86787,85960,84447,83041,79508,75304,71207,68617,64318,61960,60573,59693,59636,60751,64049,69130,75985,78964,79103,77822,75286,77783,78407,78112,78956,78558,77957,77582,75178,71949,68356,66310,62594,60652,59447,58607,58494,59638,62611,66962,72764,74724,75464,75162,72709,75445,77289,78093,79448,78679,77569,77129,74552,71339,68004,65932,62236,60257,59104,58240,58214,59312,61949,65364,70032,71627,72007,71307,69182,72360,74237,75785,77941,77328,76331,75964,73589,70487,67408,65784,62103,59890,58299,57268,56761,56945,57779,58661,59833,59359,59172,57102,54700,55924,56997,57997,60108,62153,63762,64721,63643,61895,59651,58822,55562,53414,52109,51206,51027,51470,51893,51290,50029,49428,50341,50317,50500,51542,52920,54780,58054,60939,62867,64159,63451,61835,59508,57691
599,65370,63015,61487,60704,60805,61648,64549,70780,79008,83323,84405,84524,82721,85870,86792,86459,86787,85960,84447,83041,79508,75304,71207,68617,64318,61960,60573,59693,59636,60751,64049,69130,75985,78964,79103,77822,75286,77783,78407,78112,78956,78558,77957,77582,75178,71949,68356,66310,62594,60652,59447,58607,58494,59638,62611,66962,72764,74724,75464,75162,72709,75445,77289,78093,79448,78679,77569,77129,74552,71339,68004,65932,62236,60257,59104,58240,58214,59312,61949,65364,70032,71627,72007,71307,69182,72360,74237,75785,77941,77328,76331,75964,73589,70487,67408,65784,62103,59890,58299,57268,56761,56945,57779,58661,59833,59359,59172,57102,54700,55924,56997,57997,60108,62153,63762,64721,63643,61895,59651,58822,55562,53414,52109,51206,51027,51470,51893,51290,50029,49428,50341,50317,50500,51542,52920,54780,58054,60939,62867,64159,63451,61835,59508,57691,54856,53153,52099,51660,51965,53469,56754,62386,69791,73282,74092,74183,71973,74476,75328,75180,74818,73870,73391,73347,71009,68109,65043,63622
600,64318,61960,60573,59693,59636,60751,64049,69130,75985,78964,79103,77822,75286,77783,78407,78112,78956,78558,77957,77582,75178,71949,68356,66310,62594,60652,59447,58607,58494,59638,62611,66962,72764,74724,75464,75162,72709,75445,77289,78093,79448,78679,77569,77129,74552,71339,68004,65932,62236,60257,59104,58240,58214,59312,61949,65364,70032,71627,72007,71307,69182,72360,74237,75785,77941,77328,76331,75964,73589,70487,67408,65784,62103,59890,58299,57268,56761,56945,57779,58661,59833,59359,59172,57102,54700,55924,56997,57997,60108,62153,63762,64721,63643,61895,59651,58822,55562,53414,52109,51206,51027,51470,51893,51290,50029,49428,50341,50317,50500,51542,52920,54780,58054,60939,62867,64159,63451,61835,59508,57691,54856,53153,52099,51660,51965,53469,56754,62386,69791,73282,74092,74183,71973,74476,75328,75180,74818,73870,73391,73347,71009,68109,65043,63622,60061,58380,57188,56612,56862,58095,61044,66094,72662,75030,75657,75538,73287,76149,77097,76842,77090,75864,74706,74031,71412,68522,65625,64360
601,62594,60652,59447,58607,58494,59638,62611,66962,72764,74724,75464,75162,72709,75445,77289,78093,79448,78679,77569,77129,74552,71339,68004,65932,62236,60257,59104,58240,58214,59312,61949,65364,70032,71627,72007,71307,69182,72360,74237,75785,77941,77328,76331,75964,73589,70487,67408,65784,62103,59890,58299,57268,56761,56945,57779,58661,59833,59359,59172,57102,54700,55924,56997,57997,60108,62153,63762,64721,63643,61895,59651,58822,55562,53414,52109,51206,51027,51470,51893,51290,50029,49428,50341,50317,50500,51542,52920,54780,58054,60939,62867,64159,63451,61835,59508,57691,54856,53153,52099,51660,51965,53469,56754,62386,69791,73282,74092,74183,71973,74476,75328,75180,74818,73870,73391,73347,71009,68109,65043,63622,60061,58380,57188,56612,56862,58095,61044,66094,72662,75030,75657,75538,73287,76149,77097,76842,77090,75864,74706,74031,71412,68522,65625,64360,60584,58697,57533,56986,56975,57865,60794,66194,72269,74564,74990,73958,71062,72925,73973,74256,74700,74131,73624,73582,71339,68648,65533,64108
602,62236,60257,59104,58240,58214,59312,61949,65364,70032,71627,72007,71307,69182,72360,74237,75785,77941,77328,76331,75964,73589,70487,67408,65784,62103,59890,58299,57268,56761,56945,57779,58661,59833,59359,59172,57102,54700,55924,56997,57997,60108,62153,63762,64721,63643,61895,59651,58822,55562,53414,52109,51206,51027,51470,51893,51290,50029,49428,50341,50317,50500,51542,52920,54780,58054,60939,62867,64159,63451,61835,59508,57691,54856,53153,52099,51660,51965,53469,56754,62386,69791,73282,74092,74183,71973,74476,75328,75180,74818,73870,73391,73347,71009,68109,65043,63622,60061,58380,57188,56612,56862,58095,61044,66094,72662,75030,75657,75538,73287,76149,77097,76842,77090,75864,74706,74031,71412,68522,65625,64360,60584,58697,57533,56986,56975,57865,60794,66194,72269,74564,74990,73958,71062,72925,73973,74256,74700,74131,73624,73582,71339,68648,65533,64108,60579,58697,57474,56682,56854,58034,60333,64555,70118,73012,73030,72308,70713,73959,75729,76637,78095,77310,76856,76347,73458,70213,66900,64903
603,62103,59890,58299,57268,56761,56945,57779,58661,59833,59359,59172,57102,54700,55924,56997,57997,60108,62153,63762,64721,63643,61895,59651,58822,55562,53414,52109,51206,51027,51470,51893,51290,50029,49428,50341,50317,50500,51542,52920,54780,58054,60939,62867,64159,63451,61835,59508,57691,54856,53153,52099,51660,51965,53469,56754,62386,69791,73282,74092,74183,71973,74476,75328,75180,74818,73870,73391,73347,71009,68109,65043,63622,60061,58380,57188,56612,56862,58095,61044,66094,72662,75030,75657,75538,73287,76149,77097,76842,77090,75864,74706,74031,71412,68522,65625,64360,60584,58697,57533,56986,56975,57865,60794,66194,72269,74564,74990,73958,71062,72925,73973,74256,74700,74131,73624,73582,71339,68648,65533,64108,60579,58697,57474,56682,56854,58034,60333,64555,70118,73012,73030,72308,70713,73959,75729,76637,78095,77310,76856,76347,73458,70213,66900,64903,61212,59215,57992,57289,57454,58436,61193,65471,70560,72291,72048,71914,70921,74199,75905,76482,77142,75970,74764,74203,72160,69268,66078,64585
604,55562,53414,52109,51206,51027,51470,51893,51290,50029,49428,50341,50317,50500,51542,52920,54780,58054,60939,62867,64159,63451,61835,59508,57691,54856,53153,52099,51660,51965,53469,56754,62386,69791,73282,74092,74183,71973,74476,75328,75180,74818,73870,73391,73347,71009,68109,65043,63622,60061,58380,57188,56612,56862,58095,61044,66094,72662,75030,75657,75538,73287,76149,77097,76842,77090,75864,74706,74031,71412,68522,65625,64360,60584,58697,57533,56986,56975,57865,60794,66194,72269,74564,74990,73958,71062,72925,73973,74256,74700,74131,73624,73582,71339,68648,65533,64108,60579,58697,57474,56682,56854,58034,60333,64555,70118,73012,73030,72308,70713,73959,75729,76637,78095,77310,76856,76347,73458,70213,66900,64903,61212,59215,57992,57289,57454,58436,61193,65471,70560,72291,72048,71914,70921,74199,75905,76482,77142,75970,74764,74203,72160,69268,66078,64585,60864,58755,57351,56509,56259,56639,57369,58314,59872,60980,62153,62186,60958,62688,63799,64902,65694,65714,66454,67164,65817,63615,61320,60060
605,54856,53153,52099,51660,51965,53469,56754,62386,69791,73282,74092,74183,71973,74476,75328,75180,74818,73870,73391,73347,71009,68109,65043,63622,60061,58380,57188,56612,56862,58095,61044,66094,72662,75030,75657,75538,73287,76149,77097,76842,77090,75864,74706,74031,71412,68522,65625,64360,60584,58697,57533,56986,56975,57865,60794,66194,72269,74564,74990,73958,71062,72925,73973,74256,74700,74131,73624,73582,71339,68648,65533,64108,60579,58697,57474,56682,56854,58034,60333,64555,70118,73012,73030,72308,70713,73959,75729,76637,78095,77310,76856,76347,73458,70213,66900,64903,61212,59215,57992,57289,57454,58436,61193,65471,70560,72291,72048,71914,70921,74199,75905,76482,77142,75970,74764,74203,72160,69268,66078,64585,60864,58755,57351,56509,56259,56639,57369,58314,59872,60980,62153,62186,60958,62688,63799,64902,65694,65714,66454,67164,65817,63615,61320,60060,56852,54671,53239,52521,52342,52798,53425,54322,55543,56609,57940,58160,58710,59764,60765,62133,63579,64995,66882,67904,66755,64367,61909,59548
606,60061,58380,57188,56612,56862,58095,61044,66094,72662,75030,75657,75538,73287,76149,77097,76842,77090,75864,74706,74031,71412,68522,65625,64360,60584,58697,57533,56986,56975,57865,60794,66194,72269,74564,74990,73958,71062,72925,73973,74256,74700,74131,73624,73582,71339,68648,65533,64108,60579,58697,57474,56682,56854,58034,60333,64555,70118,73012,73030,72308,70713,73959,75729,76637,78095,77310,76856,76347,73458,70213,66900,64903,61212,59215,57992,57289,57454,58436,61193,65471,70560,72291,72048,71914,70921,74199,75905,76482,77142,75970,74764,74203,72160,69268,66078,64585,60864,58755,57351,56509,56259,56639,57369,58314,59872,60980,62153,62186,60958,62688,63799,64902,65694,65714,66454,67164,65817,63615,61320,60060,56852,54671,53239,52521,52342,52798,53425,54322,55543,56609,57940,58160,58710,59764,60765,62133,63579,64995,66882,67904,66755,64367,61909,59548,56464,54608,53442,52813,53219,54811,58574,65565,73925,77942,78724,78719,76813,79313,79872,79450,79246,77224,75516,74161,71242,68078,65255,63535
607,60584,58697,57533,56986,56975,57865,60794,66194,72269,74564,74990,73958,71062,72925,73973,74256,74700,74131,73624,73582,71339,68648,65533,64108,60579,58697,57474,56682,56854,58034,60333,64555,70118,73012,73030,72308,70713,73959,75729,76637,78095,77310,76856,76347,73458,70213,66900,64903,61212,59215,57992,57289,57454,58436,61193,65471,70560,72291,72048,71914,70921,74199,75905,76482,77142,75970,74764,74203,72160,69268,66078,64585,60864,58755,57351,56509,56259,56639,57369,58314,59872,60980,62153,62186,60958,62688,63799,64902,65694,65714,66454,67164,65817,63615,61320,60060,56852,54671,53239,52521,52342,52798,53425,54322,55543,56609,57940,58160,58710,59764,60765,62133,63579,64995,66882,67904,66755,64367,61909,59548,56464,54608,53442,52813,53219,54811,58574,65565,73925,77942,78724,78719,76813,79313,79872,79450,79246,77224,75516,74161,71242,68078,65255,63535,59857,57838,56409,55347,55217,56111,58620,61981,66833,68415,67514,66247,64644,67390,68891,70154,72284,73602,73552,73136,70328,67488,64766,62997
608,60579,58697,57474,56682,56854,58034,60333,64555,70118,73012,73030,72308,70713,73959,75729,76637,78095,77310,76856,76347,73458,70213,66900,64903,61212,59215,57992,57289,57454,58436,61193,65471,70560,72291,72048,71914,70921,74199,75905,76482,77142,75970,74764,74203,72160,69268,66078,64585,60864,58755,57351,56509,56259,56639,57369,58314,59872,60980,62153,62186,60958,62688,63799,64902,65694,65714,66454,67164,65817,63615,61320,60060,56852,54671,53239,52521,52342,52798,53425,54322,55543,56609,57940,58160,58710,59764,60765,62133,63579,64995,66882,67904,66755,64367,61909,59548,56464,54608,53442,52813,53219,54811,58574,65565,73925,77942,78724,78719,76813,79313,79872,79450,79246,77224,75516,74161,71242,68078,65255,63535,59857,57838,56409,55347,55217,56111,58620,61981,66833,68415,67514,66247,64644,67390,68891,70154,72284,73602,73552,73136,70328,67488,64766,62997,59224,57165,56113,55523,55574,56671,59362,62434,66348,67282,66665,65421,63180,66231,68008,70335,73156,73807,73275,72648,70263,67695,64917,63208
609,61212,59215,57992,57289,57454,58436,61193,65471,70560,72291,72048,71914,70921,74199,75905,76482,77142,75970,74764,74203,72160,69268,66078,64585,60864,58755,57351,56509,56259,56639,57369,58314,59872,60980,62153,62186,60958,62688,63799,64902,65694,65714,66454,67164,65817,63615,61320,60060,56852,54671,53239,52521,52342,52798,53425,54322,55543,56609,57940,58160,58710,59764,60765,62133,63579,64995,66882,67904,66755,64367,61909,59548,56464,54608,53442,52813,53219,54811,58574,65565,73925,77942,78724,78719,76813,79313,79872,79450,79246,77224,75516,74161,71242,68078,65255,63535,59857,57838,56409,55347,55217,56111,58620,61981,66833,68415,67514,66247,64644,67390,68891,70154,72284,73602,73552,73136,70328,67488,64766,62997,59224,57165,56113,55523,55574,56671,59362,62434,66348,67282,66665,65421,63180,66231,68008,70335,73156,73807,73275,72648,70263,67695,64917,63208,59307,57265,56047,55487,55357,56463,58723,61212,64140,64593,64591,63805,61857,64449,65644,66354,67255,67438,67675,67684,65954,63795,61265,59603
610,60864,58755,57351,56509,56259,56639,57369,58314,59872,60980,62153,62186,60958,62688,63799,64902,65694,65714,66454,67164,65817,63615,61320,60060,56852,54671,53239,52521,52342,52798,53425,54322,55543,56609,57940,58160,58710,59764,60765,62133,63579,64995,66882,67904,66755,64367,61909,59548,56464,54608,53442,52813,53219,54811,58574,65565,73925,77942,78724,78719,76813,79313,79872,79450,79246,77224,75516,74161,71242,68078,65255,63535,59857,57838,56409,55347,55217,56111,58620,61981,66833,68415,67514,66247,64644,67390,68891,70154,72284,73602,73552,73136,70328,67488,64766,62997,59224,57165,56113,55523,55574,56671,59362,62434,66348,67282,66665,65421,63180,66231,68008,70335,73156,73807,73275,72648,70263,67695,64917,63208,59307,57265,56047,55487,55357,56463,58723,61212,64140,64593,64591,63805,61857,64449,65644,66354,67255,67438,67675,67684,65954,63795,61265,59603,55848,53474,51804,50630,49961,49784,49633,48568,46915,45384,45687,45078,45116,46007,47278,49698,52799,55187,56877,57299,56390,55011,53313,51472
611,56852,54671,53239,52521,52342,52798,53425,54322,55543,56609,57940,58160,58710,59764,60765,62133,63579,64995,66882,67904,66755,64367,61909,59548,56464,54608,53442,52813,53219,54811,58574,65565,73925,77942,78724,78719,76813,79313,79872,79450,79246,77224,75516,74161,71242,68078,65255,63535,59857,57838,56409,55347,55217,56111,58620,61981,66833,68415,67514,66247,64644,67390,68891,70154,72284,73602,73552,73136,70328,67488,64766,62997,59224,57165,56113,55523,55574,56671,59362,62434,66348,67282,66665,65421,63180,66231,68008,70335,73156,73807,73275,72648,70263,67695,64917,63208,59307,57265,56047,55487,55357,56463,58723,61212,64140,64593,64591,63805,61857,64449,65644,66354,67255,67438,67675,67684,65954,63795,61265,59603,55848,53474,51804,50630,49961,49784,49633,48568,46915,45384,45687,45078,45116,46007,47278,49698,52799,55187,56877,57299,56390,55011,53313,51472,48482,46522,45284,44480,44509,45115,45927,46135,45193,43726,43233,42205,42134,42978,44037,45184,47734,50785,52838,53936,53710,52895,51755,50493
612,56464,54608,53442,52813,53219,54811,58574,65565,73925,77942,78724,78719,76813,79313,79872,79450,79246,77224,75516,74161,71242,68078,65255,63535,59857,57838,56409,55347,55217,56111,58620,61981,66833,68415,67514,66247,64644,67390,68891,70154,72284,73602,73552,73136,70328,67488,64766,62997,59224,57165,56113,55523,55574,56671,59362,62434,66348,67282,66665,65421,63180,66231,68008,70335,73156,73807,73275,72648,70263,67695,64917,63208,59307,57265,56047,55487,55357,56463,58723,61212,64140,64593,64591,63805,61857,64449,65644,66354,67255,67438,67675,67684,65954,63795,61265,59603,55848,53474,51804,50630,49961,49784,49633,48568,46915,45384,45687,45078,45116,46007,47278,49698,52799,55187,56877,57299,56390,55011,53313,51472,48482,46522,45284,44480,44509,45115,45927,46135,45193,43726,43233,42205,42134,42978,44037,45184,47734,50785,52838,53936,53710,52895,51755,50493,47765,45959,44900,44365,44373,44857,45266,45398,44737,44129,44514,44754,45788,46797,48045,49647,52055,54468,56443,57250,56491,55315,53717,52136
613,59857,57838,56409,55347,55217,56111,58620,61981,66833,68415,67514,66247,64644,67390,68891,70154,72284,73602,73552,73136,70328,67488,64766,62997,59224,57165,56113,55523,55574,56671,59362,62434,66348,67282,66665,65421,63180,66231,68008,70335,73156,73807,73275,72648,70263,67695,64917,63208,59307,57265,56047,55487,55357,56463,58723,61212,64140,64593,64591,63805,61857,64449,65644,66354,67255,67438,67675,67684,65954,63795,61265,59603,55848,53474,51804,50630,49961,49784,49633,48568,46915,45384,45687,45078,45116,46007,47278,49698,52799,55187,56877,57299,56390,55011,53313,51472,48482,46522,45284,44480,44509,45115,45927,46135,45193,43726,43233,42205,42134,42978,44037,45184,47734,50785,52838,53936,53710,52895,51755,50493,47765,45959,44900,44365,44373,44857,45266,45398,44737,44129,44514,44754,45788,46797,48045,49647,52055,54468,56443,57250,56491,55315,53717,52136,49324,47412,46149,45469,45560,46308,47178,48277,49875,51169,52976,53847,54476,55807,56540,57145,58191,59478,61184,61792,60769,58824,56635,54717
614,59224,57165,56113,55523,55574,56671,59362,62434,66348,67282,66665,65421,63180,66231,68008,70335,73156,73807,73275,72648,70263,67695,64917,63208,59307,57265,56047,55487,55357,56463,58723,61212,64140,64593,64591,63805,61857,64449,65644,66354,67255,67438,67675,67684,65954,63795,61265,59603,55848,53474,51804,50630,49961,49784,49633,48568,46915,45384,45687,45078,45116,46007,47278,49698,52799,55187,56877,57299,56390,55011,53313,51472,48482,46522,45284,44480,44509,45115,45927,46135,45193,43726,43233,42205,42134,42978,44037,45184,47734,50785,52838,53936,53710,52895,51755,50493,47765,45959,44900,44365,44373,44857,45266,45398,44737,44129,44514,44754,45788,46797,48045,49647,52055,54468,56443,57250,56491,55315,53717,52136,49324,47412,46149,45469,45560,46308,47178,48277,49875,51169,52976,53847,54476,55807,56540,57145,58191,59478,61184,61792,60769,58824,56635,54717,51955,50200,49040,48284,48585,50350,53837,59546,66655,69863,71212,71743,70400,73925,75081,75206,75687,74871,74415,73490,70613,67515,64439,62709
615,59307,57265,56047,55487,55357,56463,58723,61212,64140,64593,64591,63805,61857,64449,65644,66354,67255,67438,67675,67684,65954,63795,61265,59603,55848,53474,51804,50630,49961,49784,49633,48568,46915,45384,45687,45078,45116,46007,47278,49698,52799,55187,56877,57299,56390,55011,53313,51472,48482,46522,45284,44480,44509,45115,45927,46135,45193,43726,43233,42205,42134,42978,44037,45184,47734,50785,52838,53936,53710,52895,51755,50493,47765,45959,44900,44365,44373,44857,45266,45398,44737,44129,44514,44754,45788,46797,48045,49647,52055,54468,56443,57250,56491,55315,53717,52136,49324,47412,46149,45469,45560,46308,47178,48277,49875,51169,52976,53847,54476,55807,56540,57145,58191,59478,61184,61792,60769,58824,56635,54717,51955,50200,49040,48284,48585,50350,53837,59546,66655,69863,71212,71743,70400,73925,75081,75206,75687,74871,74415,73490,70613,67515,64439,62709,59070,57192,55898,55195,55448,56527,59478,63897,69359,71489,72125,71899,70044,72740,74404,75361,76406,75765,75119,74299,71448,68618,65692,64018
616,55848,53474,51804,50630,49961,49784,49633,48568,46915,45384,45687,45078,45116,46007,47278,49698,52799,55187,56877,57299,56390,55011,53313,51472,48482,46522,45284,44480,44509,45115,45927,46135,45193,43726,43233,42205,42134,42978,44037,45184,47734,50785,52838,53936,53710,52895,51755,50493,47765,45959,44900,44365,44373,44857,45266,45398,44737,44129,44514,44754,45788,46797,48045,49647,52055,54468,56443,57250,56491,55315,53717,52136,49324,47412,46149,45469,45560,46308,47178,48277,49875,51169,52976,53847,54476,55807,56540,57145,58191,59478,61184,61792,60769,58824,56635,54717,51955,50200,49040,48284,48585,50350,53837,59546,66655,69863,71212,71743,70400,73925,75081,75206,75687,74871,74415,73490,70613,67515,64439,62709,59070,57192,55898,55195,55448,56527,59478,63897,69359,71489,72125,71899,70044,72740,74404,75361,76406,75765,75119,74299,71448,68618,65692,64018,60239,58330,57211,56514,56622,57931,60793,64604,69474,70949,71491,71169,69311,73518,75766,77787,79408,78831,77973,76923,73901,70743,67240,65581
617,48482,46522,45284,44480,44509,45115,45927,46135,45193,43726,43233,42205,42134,42978,44037,45184,47734,50785,52838,53936,53710,52895,51755,50493,47765,45959,44900,44365,44373,44857,45266,45398,44737,44129,44514,44754,45788,46797,48045,49647,52055,54468,56443,57250,56491,55315,53717,52136,49324,47412,46149,45469,45560,46308,47178,48277,49875,51169,52976,53847,54476,55807,56540,57145,58191,59478,61184,61792,60769,58824,56635,54717,51955,50200,49040,48284,48585,50350,53837,59546,66655,69863,71212,71743,70400,73925,75081,75206,75687,74871,74415,73490,70613,67515,64439,62709,59070,57192,55898,55195,55448,56527,59478,63897,69359,71489,72125,71899,70044,72740,74404,75361,76406,75765,75119,74299,71448,68618,65692,64018,60239,58330,57211,56514,56622,57931,60793,64604,69474,70949,71491,71169,69311,73518,75766,77787,79408,78831,77973,76923,73901,70743,67240,65581,61665,59573,58136,57408,57592,58781,61421,65755,71310,73811,74765,74929,73287,77823,80211,81380,82374,80672,79217,78474,75439,72591,69165,67439
618,47765,45959,44900,44365,44373,44857,45266,45398,44737,44129,44514,44754,45788,46797,48045,49647,52055,54468,56443,57250,56491,55315,53717,52136,49324,47412,46149,45469,45560,46308,47178,48277,49875,51169,52976,53847,54476,55807,56540,57145,58191,59478,61184,61792,60769,58824,56635,54717,51955,50200,49040,48284,48585,50350,53837,59546,66655,69863,71212,71743,70400,73925,75081,75206,75687,74871,74415,73490,70613,67515,64439,62709,59070,57192,55898,55195,55448,56527,59478,63897,69359,71489,72125,71899,70044,72740,74404,75361,76406,75765,75119,74299,71448,68618,65692,64018,60239,58330,57211,56514,56622,57931,60793,64604,69474,70949,71491,71169,69311,73518,75766,77787,79408,78831,77973,76923,73901,70743,67240,65581,61665,59573,58136,57408,57592,58781,61421,65755,71310,73811,74765,74929,73287,77823,80211,81380,82374,80672,79217,78474,75439,72591,69165,67439,63350,60908,59057,58070,57706,58318,59371,60472,62130,62403,63606,64136,63340,65746,67289,68261,69993,70334,71106,71108,69331,66901,64094,62491
619,49324,47412,46149,45469,45560,46308,47178,48277,49875,51169,52976,53847,54476,55807,56540,57145,58191,59478,61184,61792,60769,58824,56635,54717,51955,50200,49040,48284,48585,50350,53837,59546,66655,69863,71212,71743,70400,73925,75081,75206,75687,74871,74415,73490,70613,67515,64439,62709,59070,57192,55898,55195,55448,56527,59478,63897,69359,71489,72125,71899,70044,72740,74404,75361,76406,75765,75119,74299,71448,68618,65692,64018,60239,58330,57211,56514,56622,57931,60793,64604,69474,70949,71491,71169,69311,73518,75766,77787,79408,78831,77973,76923,73901,70743,67240,65581,61665,59573,58136,57408,57592,58781,61421,65755,71310,73811,74765,74929,73287,77823,80211,81380,82374,80672,79217,78474,75439,72591,69165,67439,63350,60908,59057,58070,57706,58318,59371,60472,62130,62403,63606,64136,63340,65746,67289,68261,69993,70334,71106,71108,69331,66901,64094,62491,59027,56666,55044,54253,53974,54134,54405,55116,56238,56978,57660,57912,58958,61164,62990,64131,66395,68433,70248,70720,68985,66490,63482,60707
620,51955,50200,49040,48284,48585,50350,53837,59546,66655,69863,71212,71743,70400,73925,75081,75206,75687,74871,74415,73490,70613,67515,64439,62709,59070,57192,55898,55195,55448,56527,59478,63897,69359,71489,72125,71899,70044,72740,74404,75361,76406,75765,75119,74299,71448,68618,65692,64018,60239,58330,57211,56514,56622,57931,60793,64604,69474,70949,71491,71169,69311,73518,75766,77787,79408,78831,77973,76923,73901,70743,67240,65581,61665,59573,58136,57408,57592,58781,61421,65755,71310,73811,74765,74929,73287,77823,80211,81380,82374,80672,79217,78474,75439,72591,69165,67439,63350,60908,59057,58070,57706,58318,59371,60472,62130,62403,63606,64136,63340,65746,67289,68261,69993,70334,71106,71108,69331,66901,64094,62491,59027,56666,55044,54253,53974,54134,54405,55116,56238,56978,57660,57912,58958,61164,62990,64131,66395,68433,70248,70720,68985,66490,63482,60707,57261,55081,53815,52920,53108,54880,58628,63921,71141,74697,75971,76189,72614,75128,76250,76920,78849,78439,77352,75430,71906,68660,65488,63391
621,59070,57192,55898,55195,55448,56527,59478,63897,69359,71489,72125,71899,70044,72740,74404,75361,76406,75765,75119,74299,71448,68618,65692,64018,60239,58330,57211,56514,56622,57931,60793,64604,69474,70949,71491,71169,69311,73518,75766,77787,79408,78831,77973,76923,73901,70743,67240,65581,61665,59573,58136,57408,57592,58781,61421,65755,71310,73811,74765,74929,73287,77823,80211,81380,82374,80672,79217,78474,75439,72591,69165,67439,63350,60908,59057,58070,57706,58318,59371,60472,62130,62403,63606,64136,63340,65746,67289,68261,69993,70334,71106,71108,69331,66901,64094,62491,59027,56666,55044,54253,53974,54134,54405,55116,56238,56978,57660,57912,58958,61164,62990,64131,66395,68433,70248,70720,68985,66490,63482,60707,57261,55081,53815,52920,53108,54880,58628,63921,71141,74697,75971,76189,72614,75128,76250,76920,78849,78439,77352,75430,71906,68660,65488,63391,59371,57512,56360,55670,55755,57017,59520,62611,66028,67020,67413,67161,65023,67890,70024,71615,73548,73298,73057,72079,69330,66705,63901,62078
622,60239,58330,57211,56514,56622,57931,60793,64604,69474,70949,71491,71169,69311,73518,75766,77787,79408,78831,77973,76923,73901,70743,67240,65581,61665,59573,58136,57408,57592,58781,61421,65755,71310,73811,74765,74929,73287,77823,80211,81380,82374,80672,79217,78474,75439,72591,69165,67439,63350,60908,59057,58070,57706,58318,59371,60472,62130,62403,63606,64136,63340,65746,67289,68261,69993,70334,71106,71108,69331,66901,64094,62491,59027,56666,55044,54253,53974,54134,54405,55116,56238,56978,57660,57912,58958,61164,62990,64131,66395,68433,70248,70720,68985,66490,63482,60707,57261,55081,53815,52920,53108,54880,58628,63921,71141,74697,75971,76189,72614,75128,76250,76920,78849,78439,77352,75430,71906,68660,65488,63391,59371,57512,56360,55670,55755,57017,59520,62611,66028,67020,67413,67161,65023,67890,70024,71615,73548,73298,73057,72079,69330,66705,63901,62078,58429,56672,55570,54990,55106,56256,58683,61511,64110,64590,64945,63659,61066,64357,66493,68634,71188,72071,71898,70769,68344,65880,63301,62013
623,61665,59573,58136,57408,57592,58781,61421,65755,71310,73811,74765,74929,73287,77823,80211,81380,82374,80672,79217,78474,75439,72591,69165,67439,63350,60908,59057,58070,57706,58318,59371,60472,62130,62403,63606,64136,63340,65746,67289,68261,69993,70334,71106,71108,69331,66901,64094,62491,59027,56666,55044,54253,53974,54134,54405,55116,56238,56978,57660,57912,58958,61164,62990,64131,66395,68433,70248,70720,68985,66490,63482,60707,57261,55081,53815,52920,53108,54880,58628,63921,71141,74697,75971,76189,72614,75128,76250,76920,78849,78439,77352,75430,71906,68660,65488,63391,59371,57512,56360,55670,55755,57017,59520,62611,66028,67020,67413,67161,65023,67890,70024,71615,73548,73298,73057,72079,69330,66705,63901,62078,58429,56672,55570,54990,55106,56256,58683,61511,64110,64590,64945,63659,61066,64357,66493,68634,71188,72071,71898,70769,68344,65880,63301,62013,58323,56306,55380,54729,54941,56134,58554,61425,64454,64512,64133,63293,61342,65600,67923,69944,71704,71956,72184,71271,68647,66193,63509,61961
624,63350,60908,59057,58070,57706,58318,59371,60472,62130,62403,63606,64136,63340,65746,67289,68261,69993,70334,71106,71108,69331,66901,64094,62491,59027,56666,55044,54253,53974,54134,54405,55116,56238,56978,57660,57912,58958,61164,62990,64131,66395,68433,70248,70720,68985,66490,63482,60707,57261,55081,53815,52920,53108,54880,58628,63921,71141,74697,75971,76189,72614,75128,76250,76920,78849,78439,77352,75430,71906,68660,65488,63391,59371,57512,56360,55670,55755,57017,59520,62611,66028,67020,67413,67161,65023,67890,70024,71615,73548,73298,73057,72079,69330,66705,63901,62078,58429,56672,55570,54990,55106,56256,58683,61511,64110,64590,64945,63659,61066,64357,66493,68634,71188,72071,71898,70769,68344,65880,63301,62013,58323,56306,55380,54729,54941,56134,58554,61425,64454,64512,64133,63293,61342,65600,67923,69944,71704,71956,72184,71271,68647,66193,63509,61961,58450,56566,55382,54822,54948,56235,58692,61539,64678,65369,65530,65589,63790,66317,67493,68106,70071,70036,69692,68875,66835,64775,62426,61091
625,59027,56666,55044,54253,53974,54134,54405,55116,56238,56978,57660,57912,58958,61164,62990,64131,66395,68433,70248,70720,68985,66490,63482,60707,57261,55081,53815,52920,53108,54880,58628,63921,71141,74697,75971,76189,72614,75128,76250,76920,78849,78439,77352,75430,71906,68660,65488,63391,59371,57512,56360,55670,55755,57017,59520,62611,66028,67020,67413,67161,65023,67890,70024,71615,73548,73298,73057,72079,69330,66705,63901,62078,58429,56672,55570,54990,55106,56256,58683,61511,64110,64590,64945,63659,61066,64357,66493,68634,71188,72071,71898,70769,68344,65880,63301,62013,58323,56306,55380,54729,54941,56134,58554,61425,64454,64512,64133,63293,61342,65600,67923,69944,71704,71956,72184,71271,68647,66193,63509,61961,58450,56566,55382,54822,54948,56235,58692,61539,64678,65369,65530,65589,63790,66317,67493,68106,70071,70036,69692,68875,66835,64775,62426,61091,57526,55438,54082,53331,53324,53908,54570,54111,53058,51605,51306,50188,48766,50620,52773,55426,58028,59289,60746,61036,60207,58905,57166,56265
626,57261,55081,53815,52920,53108,54880,58628,63921,71141,74697,75971,76189,72614,75128,76250,76920,78849,78439,77352,75430,71906,68660,65488,63391,59371,57512,56360,55670,55755,57017,59520,62611,66028,67020,67413,67161,65023,67890,70024,71615,73548,73298,73057,72079,69330,66705,63901,62078,58429,56672,55570,54990,55106,56256,58683,61511,64110,64590,64945,63659,61066,64357,66493,68634,71188,72071,71898,70769,68344,65880,63301,62013,58323,56306,55380,54729,54941,56134,58554,61425,64454,64512,64133,63293,61342,65600,67923,69944,71704,71956,72184,71271,68647,66193,63509,61961,58450,56566,55382,54822,54948,56235,58692,61539,64678,65369,65530,65589,63790,66317,67493,68106,70071,70036,69692,68875,66835,64775,62426,61091,57526,55438,54082,53331,53324,53908,54570,54111,53058,51605,51306,50188,48766,50620,52773,55426,58028,59289,60746,61036,60207,58905,57166,56265,53288,51296,49992,49442,49274,50005,50499,50570,50651,50529,50510,49874,49847,50616,51708,53190,55298,57231,59359,59920,59239,57761,56068,54531
627,59371,57512,56360,55670,55755,57017,59520,62611,66028,67020,67413,67161,65023,67890,70024,71615,73548,73298,73057,72079,69330,66705,63901,62078,58429,56672,55570,54990,55106,56256,58683,61511,64110,64590,64945,63659,61066,64357,66493,68634,71188,72071,71898,70769,68344,65880,63301,62013,58323,56306,55380,54729,54941,56134,58554,61425,64454,64512,64133,63293,61342,65600,67923,69944,71704,71956,72184,71271,68647,66193,63509,61961,58450,56566,55382,54822,54948,56235,58692,61539,64678,65369,65530,65589,63790,66317,67493,68106,70071,70036,69692,68875,66835,64775,62426,61091,57526,55438,54082,53331,53324,53908,54570,54111,53058,51605,51306,50188,48766,50620,52773,55426,58028,59289,60746,61036,60207,58905,57166,56265,53288,51296,49992,49442,49274,50005,50499,50570,50651,50529,50510,49874,49847,50616,51708,53190,55298,57231,59359,59920,59239,57761,56068,54531,51743,50053,49204,48917,49501,51397,54609,59954,66017,67593,67200,66398,63454,66215,68497,69909,71400,71304,71247,70394,67810,65205,62702,61177
628,58429,56672,55570,54990,55106,56256,58683,61511,64110,64590,64945,63659,61066,64357,66493,68634,71188,72071,71898,70769,68344,65880,63301,62013,58323,56306,55380,54729,54941,56134,58554,61425,64454,64512,64133,63293,61342,65600,67923,69944,71704,71956,72184,71271,68647,66193,63509,61961,58450,56566,55382,54822,54948,56235,58692,61539,64678,65369,65530,65589,63790,66317,67493,68106,70071,70036,69692,68875,66835,64775,62426,61091,57526,55438,54082,53331,53324,53908,54570,54111,53058,51605,51306,50188,48766,50620,52773,55426,58028,59289,60746,61036,60207,58905,57166,56265,53288,51296,49992,49442,49274,50005,50499,50570,50651,50529,50510,49874,49847,50616,51708,53190,55298,57231,59359,59920,59239,57761,56068,54531,51743,50053,49204,48917,49501,51397,54609,59954,66017,67593,67200,66398,63454,66215,68497,69909,71400,71304,71247,70394,67810,65205,62702,61177,57653,55957,54839,54304,54542,55847,58428,61780,64634,64460,63717,62572,60529,64160,66359,68761,72002,72987,73027,71701,68984,66454,63589,61940
629,58323,56306,55380,54729,54941,56134,58554,61425,64454,64512,64133,63293,61342,65600,67923,69944,71704,71956,72184,71271,68647,66193,63509,61961,58450,56566,55382,54822,54948,56235,58692,61539,64678,65369,65530,65589,63790,66317,67493,68106,70071,70036,69692,68875,66835,64775,62426,61091,57526,55438,54082,53331,53324,53908,54570,54111,53058,51605,51306,50188,48766,50620,52773,55426,58028,59289,60746,61036,60207,58905,57166,56265,53288,51296,49992,49442,49274,50005,50499,50570,50651,50529,50510,49874,49847,50616,51708,53190,55298,57231,59359,59920,59239,57761,56068,54531,51743,50053,49204,48917,49501,51397,54609,59954,66017,67593,67200,66398,63454,66215,68497,69909,71400,71304,71247,70394,67810,65205,62702,61177,57653,55957,54839,54304,54542,55847,58428,61780,64634,64460,63717,62572,60529,64160,66359,68761,72002,72987,73027,71701,68984,66454,63589,61940,58239,56389,55216,54569,54781,55955,58595,61852,65849,66663,67177,67230,65370,68847,70407,71302,72806,72366,72174,71209,68748,66241,63521,61866
630,58450,56566,55382,54822,54948,56235,58692,61539,64678,65369,65530,65589,63790,66317,67493,68106,70071,70036,69692,68875,66835,64775,62426,61091,57526,55438,54082,53331,53324,53908,54570,54111,53058,51605,51306,50188,48766,50620,52773,55426,58028,59289,60746,61036,60207,58905,57166,56265,53288,51296,49992,49442,49274,50005,50499,50570,50651,50529,50510,49874,49847,50616,51708,53190,55298,57231,59359,59920,59239,57761,56068,54531,51743,50053,49204,48917,49501,51397,54609,59954,66017,67593,67200,66398,63454,66215,68497,69909,71400,71304,71247,70394,67810,65205,62702,61177,57653,55957,54839,54304,54542,55847,58428,61780,64634,64460,63717,62572,60529,64160,66359,68761,72002,72987,73027,71701,68984,66454,63589,61940,58239,56389,55216,54569,54781,55955,58595,61852,65849,66663,67177,67230,65370,68847,70407,71302,72806,72366,72174,71209,68748,66241,63521,61866,58215,56252,55154,54585,54763,56052,58782,62413,66658,67142,65689,63225,60327,64230,66665,68799,71996,73018,72935,71644,69017,66410,63442,61854
631,57526,55438,54082,53331,53324,53908,54570,54111,53058,51605,51306,50188,48766,50620,52773,55426,58028,59289,60746,61036,60207,58905,57166,56265,53288,51296,49992,49442,49274,50005,50499,50570,50651,50529,50510,49874,49847,50616,51708,53190,55298,57231,59359,59920,59239,57761,56068,54531,51743,50053,49204,48917,49501,51397,54609,59954,66017,67593,67200,66398,63454,66215,68497,69909,71400,71304,71247,70394,67810,65205,62702,61177,57653,55957,54839,54304,54542,55847,58428,61780,64634,64460,63717,62572,60529,64160,66359,68761,72002,72987,73027,71701,68984,66454,63589,61940,58239,56389,55216,54569,54781,55955,58595,61852,65849,66663,67177,67230,65370,68847,70407,71302,72806,72366,72174,71209,68748,66241,63521,61866,58215,56252,55154,54585,54763,56052,58782,62413,66658,67142,65689,63225,60327,64230,66665,68799,71996,73018,72935,71644,69017,66410,63442,61854,58139,56384,55363,54799,55037,56291,58719,61774,64741,64603,63928,63003,61118,64678,66776,68969,71600,71844,71184,69861,67680,65329,62728,61633
632,53288,51296,49992,49442,49274,50005,50499,50570,50651,50529,50510,49874,49847,50616,51708,53190,55298,57231,59359,59920,59239,57761,56068,54531,51743,50053,49204,48917,49501,51397,54609,59954,66017,67593,67200,66398,63454,66215,68497,69909,71400,71304,71247,70394,67810,65205,62702,61177,57653,55957,54839,54304,54542,55847,58428,61780,64634,64460,63717,62572,60529,64160,66359,68761,72002,72987,73027,71701,68984,66454,63589,61940,58239,56389,55216,54569,54781,55955,58595,61852,65849,66663,67177,67230,65370,68847,70407,71302,72806,72366,72174,71209,68748,66241,63521,61866,58215,56252,55154,54585,54763,56052,58782,62413,66658,67142,65689,63225,60327,64230,66665,68799,71996,73018,72935,71644,69017,66410,63442,61854,58139,56384,55363,54799,55037,56291,58719,61774,64741,64603,63928,63003,61118,64678,66776,68969,71600,71844,71184,69861,67680,65329,62728,61633,57919,55804,54269,53576,53551,54064,54689,54600,53588,52141,52329,52158,51690,53711,55270,57030,59288,60388,61848,61538,60498,59090,57343,56290
633,51743,50053,49204,48917,49501,51397,54609,59954,66017,67593,67200,66398,63454,66215,68497,69909,71400,71304,71247,70394,67810,65205,62702,61177,57653,55957,54839,54304,54542,55847,58428,61780,64634,64460,63717,62572,60529,64160,66359,68761,72002,72987,73027,71701,68984,66454,63589,61940,58239,56389,55216,54569,54781,55955,58595,61852,65849,66663,67177,67230,65370,68847,70407,71302,72806,72366,72174,71209,68748,66241,63521,61866,58215,56252,55154,54585,54763,56052,58782,62413,66658,67142,65689,63225,60327,64230,66665,68799,71996,73018,72935,71644,69017,66410,63442,61854,58139,56384,55363,54799,55037,56291,58719,61774,64741,64603,63928,63003,61118,64678,66776,68969,71600,71844,71184,69861,67680,65329,62728,61633,57919,55804,54269,53576,53551,54064,54689,54600,53588,52141,52329,52158,51690,53711,55270,57030,59288,60388,61848,61538,60498,59090,57343,56290,53473,51559,50218,49547,49335,49883,50558,50395,49883,49031,49027,49023,49562,51552,53273,54557,55897,57844,59834,59708,58974,57718,56402,55056
634,57653,55957,54839,54304,54542,55847,58428,61780,64634,64460,63717,62572,60529,64160,66359,68761,72002,72987,73027,71701,68984,66454,63589,61940,58239,56389,55216,54569,54781,55955,58595,61852,65849,66663,67177,67230,65370,68847,70407,71302,72806,72366,72174,71209,68748,66241,63521,61866,58215,56252,55154,54585,54763,56052,58782,62413,66658,67142,65689,63225,60327,64230,66665,68799,71996,73018,72935,71644,69017,66410,63442,61854,58139,56384,55363,54799,55037,56291,58719,61774,64741,64603,63928,63003,61118,64678,66776,68969,71600,71844,71184,69861,67680,65329,62728,61633,57919,55804,54269,53576,53551,54064,54689,54600,53588,52141,52329,52158,51690,53711,55270,57030,59288,60388,61848,61538,60498,59090,57343,56290,53473,51559,50218,49547,49335,49883,50558,50395,49883,49031,49027,49023,49562,51552,53273,54557,55897,57844,59834,59708,58974,57718,56402,55056,52088,50429,49444,49004,49256,50378,51942,54409,58058,60165,61063,61544,61195,62551,63481,64431,65147,65567,66998,66649,65181,63176,61085,59409
635,58239,56389,55216,54569,54781,55955,58595,61852,65849,66663,67177,67230,65370,68847,70407,71302,72806,72366,72174,71209,68748,66241,63521,61866,58215,56252,55154,54585,54763,56052,58782,62413,66658,67142,65689,63225,60327,64230,66665,68799,71996,73018,72935,71644,69017,66410,63442,61854,58139,56384,55363,54799,55037,56291,58719,61774,64741,64603,63928,63003,61118,64678,66776,68969,71600,71844,71184,69861,67680,65329,62728,61633,57919,55804,54269,53576,53551,54064,54689,54600,53588,52141,52329,52158,51690,53711,55270,57030,59288,60388,61848,61538,60498,59090,57343,56290,53473,51559,50218,49547,49335,49883,50558,50395,49883,49031,49027,49023,49562,51552,53273,54557,55897,57844,59834,59708,58974,57718,56402,55056,52088,50429,49444,49004,49256,50378,51942,54409,58058,60165,61063,61544,61195,62551,63481,64431,65147,65567,66998,66649,65181,63176,61085,59409,55996,54186,53166,52534,52674,54344,57500,63099,70060,72544,71894,70432,67210,69766,70220,70843,72272,71815,71605,69933,67252,64645,62225,60880
636,58215,56252,55154,54585,54763,56052,58782,62413,66658,67142,65689,63225,60327,64230,66665,68799,71996,73018,72935,71644,69017,66410,63442,61854,58139,56384,55363,54799,55037,56291,58719,61774,64741,64603,63928,63003,61118,64678,66776,68969,71600,71844,71184,69861,67680,65329,62728,61633,57919,55804,54269,53576,53551,54064,54689,54600,53588,52141,52329,52158,51690,53711,55270,57030,59288,60388,61848,61538,60498,59090,57343,56290,53473,51559,50218,49547,49335,49883,50558,50395,49883,49031,49027,49023,49562,51552,53273,54557,55897,57844,59834,59708,58974,57718,56402,55056,52088,50429,49444,49004,49256,50378,51942,54409,58058,60165,61063,61544,61195,62551,63481,64431,65147,65567,66998,66649,65181,63176,61085,59409,55996,54186,53166,52534,52674,54344,57500,63099,70060,72544,71894,70432,67210,69766,70220,70843,72272,71815,71605,69933,67252,64645,62225,60880,57388,55602,54591,54034,54395,55729,58523,62262,65707,65594,64616,62861,59791,62328,63901,65588,68415,69859,70542,69208,67253,65254,62736,61333
637,58139,56384,55363,54799,55037,56291,58719,61774,64741,64603,63928,63003,61118,64678,66776,68969,71600,71844,71184,69861,67680,65329,62728,61633,57919,55804,54269,53576,53551,54064,54689,54600,53588,52141,52329,52158,51690,53711,55270,57030,59288,60388,61848,61538,60498,59090,57343,56290,53473,51559,50218,49547,49335,49883,50558,50395,49883,49031,49027,49023,49562,51552,53273,54557,55897,57844,59834,59708,58974,57718,56402,55056,52088,50429,49444,49004,49256,50378,51942,54409,58058,60165,61063,61544,61195,62551,63481,64431,65147,65567,66998,66649,65181,63176,61085,59409,55996,54186,53166,52534,52674,54344,57500,63099,70060,72544,71894,70432,67210,69766,70220,70843,72272,71815,71605,69933,67252,64645,62225,60880,57388,55602,54591,54034,54395,55729,58523,62262,65707,65594,64616,62861,59791,62328,63901,65588,68415,69859,70542,69208,67253,65254,62736,61333,57736,55845,54714,54145,54412,55821,58658,62557,66136,65938,64783,63181,60828,65057,67958,69033,70763,70655,70785,69387,67235,65138,62753,61471
638,57919,55804,54269,53576,53551,54064,54689,54600,53588,52141,52329,52158,51690,53711,55270,57030,59288,60388,61848,61538,60498,59090,57343,56290,53473,51559,50218,49547,49335,49883,50558,50395,49883,49031,49027,49023,49562,51552,53273,54557,55897,57844,59834,59708,58974,57718,56402,55056,52088,50429,49444,49004,49256,50378,51942,54409,58058,60165,61063,61544,61195,62551,63481,64431,65147,65567,66998,66649,65181,63176,61085,59409,55996,54186,53166,52534,52674,54344,57500,63099,70060,72544,71894,70432,67210,69766,70220,70843,72272,71815,71605,69933,67252,64645,62225,60880,57388,55602,54591,54034,54395,55729,58523,62262,65707,65594,64616,62861,59791,62328,63901,65588,68415,69859,70542,69208,67253,65254,62736,61333,57736,55845,54714,54145,54412,55821,58658,62557,66136,65938,64783,63181,60828,65057,67958,69033,70763,70655,70785,69387,67235,65138,62753,61471,57912,56072,54891,54387,54676,56075,58789,62634,65524,64482,63359,62201,59453,62062,63358,64832,67596,68654,68983,67729,66019,64386,62277,61152
639,53473,51559,50218,49547,49335,49883,50558,50395,49883,49031,49027,49023,49562,51552,53273,54557,55897,57844,59834,59708,58974,57718,56402,55056,52088,50429,49444,49004,49256,50378,51942,54409,58058,60165,61063,61544,61195,62551,63481,64431,65147,65567,66998,66649,65181,63176,61085,59409,55996,54186,53166,52534,52674,54344,57500,63099,70060,72544,71894,70432,67210,69766,70220,70843,72272,71815,71605,69933,67252,64645,62225,60880,57388,55602,54591,54034,54395,55729,58523,62262,65707,65594,64616,62861,59791,62328,63901,65588,68415,69859,70542,69208,67253,65254,62736,61333,57736,55845,54714,54145,54412,55821,58658,62557,66136,65938,64783,63181,60828,65057,67958,69033,70763,70655,70785,69387,67235,65138,62753,61471,57912,56072,54891,54387,54676,56075,58789,62634,65524,64482,63359,62201,59453,62062,63358,64832,67596,68654,68983,67729,66019,64386,62277,61152,57701,55532,54344,53595,53586,54351,55316,55019,53799,51634,51251,50270,49454,52059,53235,54505,56536,57919,59871,59852,59157,58047,56843,56294
640,52088,50429,49444,49004,49256,50378,51942,54409,58058,60165,61063,61544,61195,62551,63481,64431,65147,65567,66998,66649,65181,63176,61085,59409,55996,54186,53166,52534,52674,54344,57500,63099,70060,72544,71894,70432,67210,69766,70220,70843,72272,71815,71605,69933,67252,64645,62225,60880,57388,55602,54591,54034,54395,55729,58523,62262,65707,65594,64616,62861,59791,62328,63901,65588,68415,69859,70542,69208,67253,65254,62736,61333,57736,55845,54714,54145,54412,55821,58658,62557,66136,65938,64783,63181,60828,65057,67958,69033,70763,70655,70785,69387,67235,65138,62753,61471,57912,56072,54891,54387,54676,56075,58789,62634,65524,64482,63359,62201,59453,62062,63358,64832,67596,68654,68983,67729,66019,64386,62277,61152,57701,55532,54344,53595,53586,54351,55316,55019,53799,51634,51251,50270,49454,52059,53235,54505,56536,57919,59871,59852,59157,58047,56843,56294,53413,51315,50095,49461,49540,50230,50871,51460,52041,52267,52749,52564,52698,53526,53863,54616,55553,56530,58315,58013,57328,56300,55225,54561
641,55996,54186,53166,52534,52674,54344,57500,63099,70060,72544,71894,70432,67210,69766,70220,70843,72272,71815,71605,69933,67252,64645,62225,60880,57388,55602,54591,54034,54395,55729,58523,62262,65707,65594,64616,62861,59791,62328,63901,65588,68415,69859,70542,69208,67253,65254,62736,61333,57736,55845,54714,54145,54412,55821,58658,62557,66136,65938,64783,63181,60828,65057,67958,69033,70763,70655,70785,69387,67235,65138,62753,61471,57912,56072,54891,54387,54676,56075,58789,62634,65524,64482,63359,62201,59453,62062,63358,64832,67596,68654,68983,67729,66019,64386,62277,61152,57701,55532,54344,53595,53586,54351,55316,55019,53799,51634,51251,50270,49454,52059,53235,54505,56536,57919,59871,59852,59157,58047,56843,56294,53413,51315,50095,49461,49540,50230,50871,51460,52041,52267,52749,52564,52698,53526,53863,54616,55553,56530,58315,58013,57328,56300,55225,54561,51793,49776,48779,48234,48461,49716,51436,52867,54108,53741,53760,53477,52192,54296,56033,57838,60110,61157,62681,62700,61737,60530,59142,58043
642,57388,55602,54591,54034,54395,55729,58523,62262,65707,65594,64616,62861,59791,62328,63901,65588,68415,69859,70542,69208,67253,65254,62736,61333,57736,55845,54714,54145,54412,55821,58658,62557,66136,65938,64783,63181,60828,65057,67958,69033,70763,70655,70785,69387,67235,65138,62753,61471,57912,56072,54891,54387,54676,56075,58789,62634,65524,64482,63359,62201,59453,62062,63358,64832,67596,68654,68983,67729,66019,64386,62277,61152,57701,55532,54344,53595,53586,54351,55316,55019,53799,51634,51251,50270,49454,52059,53235,54505,56536,57919,59871,59852,59157,58047,56843,56294,53413,51315,50095,49461,49540,50230,50871,51460,52041,52267,52749,52564,52698,53526,53863,54616,55553,56530,58315,58013,57328,56300,55225,54561,51793,49776,48779,48234,48461,49716,51436,52867,54108,53741,53760,53477,52192,54296,56033,57838,60110,61157,62681,62700,61737,60530,59142,58043,54798,52816,51784,51548,52054,53797,56672,60453,63389,62313,60395,58302,55409,58274,60348,63072,67019,69272,70344,68969,67014,65229,63392,62347
643,57736,55845,54714,54145,54412,55821,58658,62557,66136,65938,64783,63181,60828,65057,67958,69033,70763,70655,70785,69387,67235,65138,62753,61471,57912,56072,54891,54387,54676,56075,58789,62634,65524,64482,63359,62201,59453,62062,63358,64832,67596,68654,68983,67729,66019,64386,62277,61152,57701,55532,54344,53595,53586,54351,55316,55019,53799,51634,51251,50270,49454,52059,53235,54505,56536,57919,59871,59852,59157,58047,56843,56294,53413,51315,50095,49461,49540,50230,50871,51460,52041,52267,52749,52564,52698,53526,53863,54616,55553,56530,58315,58013,57328,56300,55225,54561,51793,49776,48779,48234,48461,49716,51436,52867,54108,53741,53760,53477,52192,54296,56033,57838,60110,61157,62681,62700,61737,60530,59142,58043,54798,52816,51784,51548,52054,53797,56672,60453,63389,62313,60395,58302,55409,58274,60348,63072,67019,69272,70344,68969,67014,65229,63392,62347,58688,56703,55526,55125,55446,57077,59911,62855,64695,62789,60762,58533,55702,58986,61184,63907,67539,69190,69872,68817,67075,65384,63444,62502
644,57912,56072,54891,54387,54676,56075,58789,62634,65524,64482,63359,62201,59453,62062,63358,64832,67596,68654,68983,67729,66019,64386,62277,61152,57701,55532,54344,53595,53586,54351,55316,55019,53799,51634,51251,50270,49454,52059,53235,54505,56536,57919,59871,59852,59157,58047,56843,56294,53413,51315,50095,49461,49540,50230,50871,51460,52041,52267,52749,52564,52698,53526,53863,54616,55553,56530,58315,58013,57328,56300,55225,54561,51793,49776,48779,48234,48461,49716,51436,52867,54108,53741,53760,53477,52192,54296,56033,57838,60110,61157,62681,62700,61737,60530,59142,58043,54798,52816,51784,51548,52054,53797,56672,60453,63389,62313,60395,58302,55409,58274,60348,63072,67019,69272,70344,68969,67014,65229,63392,62347,58688,56703,55526,55125,55446,57077,59911,62855,64695,62789,60762,58533,55702,58986,61184,63907,67539,69190,69872,68817,67075,65384,63444,62502,58843,56670,55571,55059,55433,56856,59464,62176,64018,62452,61052,59182,56359,59275,61368,64136,68054,69540,70316,69012,66935,65123,63035,62173
645,57701,55532,54344,53595,53586,54351,55316,55019,53799,51634,51251,50270,49454,52059,53235,54505,56536,57919,59871,59852,59157,58047,56843,56294,53413,51315,50095,49461,49540,50230,50871,51460,52041,52267,52749,52564,52698,53526,53863,54616,55553,56530,58315,58013,57328,56300,55225,54561,51793,49776,48779,48234,48461,49716,51436,52867,54108,53741,53760,53477,52192,54296,56033,57838,60110,61157,62681,62700,61737,60530,59142,58043,54798,52816,51784,51548,52054,53797,56672,60453,63389,62313,60395,58302,55409,58274,60348,63072,67019,69272,70344,68969,67014,65229,63392,62347,58688,56703,55526,55125,55446,57077,59911,62855,64695,62789,60762,58533,55702,58986,61184,63907,67539,69190,69872,68817,67075,65384,63444,62502,58843,56670,55571,55059,55433,56856,59464,62176,64018,62452,61052,59182,56359,59275,61368,64136,68054,69540,70316,69012,66935,65123,63035,62173,58415,56394,55359,54788,55216,56741,59408,62815,65771,64606,62244,60306,57551,60382,62243,64470,67763,68624,69004,67630,65979,64337,62514,61804
646,53413,51315,50095,49461,49540,50230,50871,51460,52041,52267,52749,52564,52698,53526,53863,54616,55553,56530,58315,58013,57328,56300,55225,54561,51793,49776,48779,48234,48461,49716,51436,52867,54108,53741,53760,53477,52192,54296,56033,57838,60110,61157,62681,62700,61737,60530,59142,58043,54798,52816,51784,51548,52054,53797,56672,60453,63389,62313,60395,58302,55409,58274,60348,63072,67019,69272,70344,68969,67014,65229,63392,62347,58688,56703,55526,55125,55446,57077,59911,62855,64695,62789,60762,58533,55702,58986,61184,63907,67539,69190,69872,68817,67075,65384,63444,62502,58843,56670,55571,55059,55433,56856,59464,62176,64018,62452,61052,59182,56359,59275,61368,64136,68054,69540,70316,69012,66935,65123,63035,62173,58415,56394,55359,54788,55216,56741,59408,62815,65771,64606,62244,60306,57551,60382,62243,64470,67763,68624,69004,67630,65979,64337,62514,61804,58117,55779,54570,53764,53913,54730,55783,55672,54977,53030,51770,50084,48432,49996,51726,54805,57851,59108,60625,60141,59565,58481,57306,56634
647,51793,49776,48779,48234,48461,49716,51436,52867,54108,53741,53760,53477,52192,54296,56033,57838,60110,61157,62681,62700,61737,60530,59142,58043,54798,52816,51784,51548,52054,53797,56672,60453,63389,62313,60395,58302,55409,58274,60348,63072,67019,69272,70344,68969,67014,65229,63392,62347,58688,56703,55526,55125,55446,57077,59911,62855,64695,62789,60762,58533,55702,58986,61184,63907,67539,69190,69872,68817,67075,65384,63444,62502,58843,56670,55571,55059,55433,56856,59464,62176,64018,62452,61052,59182,56359,59275,61368,64136,68054,69540,70316,69012,66935,65123,63035,62173,58415,56394,55359,54788,55216,56741,59408,62815,65771,64606,62244,60306,57551,60382,62243,64470,67763,68624,69004,67630,65979,64337,62514,61804,58117,55779,54570,53764,53913,54730,55783,55672,54977,53030,51770,50084,48432,49996,51726,54805,57851,59108,60625,60141,59565,58481,57306,56634,53557,51537,50518,49893,50004,50731,51529,51390,50639,49442,48980,47863,47895,49462,50961,52463,54704,57069,59248,59138,58668,57586,56389,55209
648,54798,52816,51784,51548,52054,53797,56672,60453,63389,62313,60395,58302,55409,58274,60348,63072,67019,69272,70344,68969,67014,65229,63392,62347,58688,56703,55526,55125,55446,57077,59911,62855,64695,62789,60762,58533,55702,58986,61184,63907,67539,69190,69872,68817,67075,65384,63444,62502,58843,56670,55571,55059,55433,56856,59464,62176,64018,62452,61052,59182,56359,59275,61368,64136,68054,69540,70316,69012,66935,65123,63035,62173,58415,56394,55359,54788,55216,56741,59408,62815,65771,64606,62244,60306,57551,60382,62243,64470,67763,68624,69004,67630,65979,64337,62514,61804,58117,55779,54570,53764,53913,54730,55783,55672,54977,53030,51770,50084,48432,49996,51726,54805,57851,59108,60625,60141,59565,58481,57306,56634,53557,51537,50518,49893,50004,50731,51529,51390,50639,49442,48980,47863,47895,49462,50961,52463,54704,57069,59248,59138,58668,57586,56389,55209,52215,50428,49358,49035,49609,51695,55114,59468,63090,61650,59894,57821,55053,57860,59921,63045,67299,69248,70021,68636,66763,64812,62990,61975
649,58688,56703,55526,55125,55446,57077,59911,62855,64695,62789,60762,58533,55702,58986,61184,63907,67539,69190,69872,68817,67075,65384,63444,62502,58843,56670,55571,55059,55433,56856,59464,62176,64018,62452,61052,59182,56359,59275,61368,64136,68054,69540,70316,69012,66935,65123,63035,62173,58415,56394,55359,54788,55216,56741,59408,62815,65771,64606,62244,60306,57551,60382,62243,64470,67763,68624,69004,67630,65979,64337,62514,61804,58117,55779,54570,53764,53913,54730,55783,55672,54977,53030,51770,50084,48432,49996,51726,54805,57851,59108,60625,60141,59565,58481,57306,56634,53557,51537,50518,49893,50004,50731,51529,51390,50639,49442,48980,47863,47895,49462,50961,52463,54704,57069,59248,59138,58668,57586,56389,55209,52215,50428,49358,49035,49609,51695,55114,59468,63090,61650,59894,57821,55053,57860,59921,63045,67299,69248,70021,68636,66763,64812,62990,61975,58292,56266,55311,54865,55393,57004,59988,62924,63894,62099,60483,58201,55272,58239,60515,63378,67749,69981,70701,69232,67259,65593,63777,62816
650,58843,56670,55571,55059,55433,56856,59464,62176,64018,62452,61052,59182,56359,59275,61368,64136,68054,69540,70316,69012,66935,65123,63035,62173,58415,56394,55359,54788,55216,56741,59408,62815,65771,64606,62244,60306,57551,60382,62243,64470,67763,68624,69004,67630,65979,64337,62514,61804,58117,55779,54570,53764,53913,54730,55783,55672,54977,53030,51770,50084,48432,49996,51726,54805,57851,59108,60625,60141,59565,58481,57306,56634,53557,51537,50518,49893,50004,50731,51529,51390,50639,49442,48980,47863,47895,49462,50961,52463,54704,57069,59248,59138,58668,57586,56389,55209,52215,50428,49358,49035,49609,51695,55114,59468,63090,61650,59894,57821,55053,57860,59921,63045,67299,69248,70021,68636,66763,64812,62990,61975,58292,56266,55311,54865,55393,57004,59988,62924,63894,62099,60483,58201,55272,58239,60515,63378,67749,69981,70701,69232,67259,65593,63777,62816,59257,57160,56136,55663,56234,57898,60852,63673,64810,62976,61227,58947,56125,59149,61180,63883,67823,69517,70250,69081,67310,65663,63835,62934
651,58415,56394,55359,54788,55216,56741,59408,62815,65771,64606,62244,60306,57551,60382,62243,64470,67763,68624,69004,67630,65979,64337,62514,61804,58117,55779,54570,53764,53913,54730,55783,55672,54977,53030,51770,50084,48432,49996,51726,54805,57851,59108,60625,60141,59565,58481,57306,56634,53557,51537,50518,49893,50004,50731,51529,51390,50639,49442,48980,47863,47895,49462,50961,52463,54704,57069,59248,59138,58668,57586,56389,55209,52215,50428,49358,49035,49609,51695,55114,59468,63090,61650,59894,57821,55053,57860,59921,63045,67299,69248,70021,68636,66763,64812,62990,61975,58292,56266,55311,54865,55393,57004,59988,62924,63894,62099,60483,58201,55272,58239,60515,63378,67749,69981,70701,69232,67259,65593,63777,62816,59257,57160,56136,55663,56234,57898,60852,63673,64810,62976,61227,58947,56125,59149,61180,63883,67823,69517,70250,69081,67310,65663,63835,62934,59284,57145,56175,55705,56266,57876,60716,63838,65141,63526,61760,59585,56525,59400,61470,64386,68526,70333,70976,69609,67654,65733,63937,62899
652,58117,55779,54570,53764,53913,54730,55783,55672,54977,53030,51770,50084,48432,49996,51726,54805,57851,59108,60625,60141,59565,58481,57306,56634,53557,51537,50518,49893,50004,50731,51529,51390,50639,49442,48980,47863,47895,49462,50961,52463,54704,57069,59248,59138,58668,57586,56389,55209,52215,50428,49358,49035,49609,51695,55114,59468,63090,61650,59894,57821,55053,57860,59921,63045,67299,69248,70021,68636,66763,64812,62990,61975,58292,56266,55311,54865,55393,57004,59988,62924,63894,62099,60483,58201,55272,58239,60515,63378,67749,69981,70701,69232,67259,65593,63777,62816,59257,57160,56136,55663,56234,57898,60852,63673,64810,62976,61227,58947,56125,59149,61180,63883,67823,69517,70250,69081,67310,65663,63835,62934,59284,57145,56175,55705,56266,57876,60716,63838,65141,63526,61760,59585,56525,59400,61470,64386,68526,70333,70976,69609,67654,65733,63937,62899,58972,56834,55839,55373,55898,57524,60380,63480,65861,64752,64282,63863,61910,64984,66292,67408,69039,69210,69240,67911,66200,64538,63084,62093
653,53557,51537,50518,49893,50004,50731,51529,51390,50639,49442,48980,47863,47895,49462,50961,52463,54704,57069,59248,59138,58668,57586,56389,55209,52215,50428,49358,49035,49609,51695,55114,59468,63090,61650,59894,57821,55053,57860,59921,63045,67299,69248,70021,68636,66763,64812,62990,61975,58292,56266,55311,54865,55393,57004,59988,62924,63894,62099,60483,58201,55272,58239,60515,63378,67749,69981,70701,69232,67259,65593,63777,62816,59257,57160,56136,55663,56234,57898,60852,63673,64810,62976,61227,58947,56125,59149,61180,63883,67823,69517,70250,69081,67310,65663,63835,62934,59284,57145,56175,55705,56266,57876,60716,63838,65141,63526,61760,59585,56525,59400,61470,64386,68526,70333,70976,69609,67654,65733,63937,62899,58972,56834,55839,55373,55898,57524,60380,63480,65861,64752,64282,63863,61910,64984,66292,67408,69039,69210,69240,67911,66200,64538,63084,62093,58474,56244,54792,54063,54205,55104,56324,56760,56237,53758,52551,50391,48590,50277,51544,53839,56925,58905,60433,60089,59635,58934,58031,57257
654,52215,50428,49358,49035,49609,51695,55114,59468,63090,61650,59894,57821,55053,57860,59921,63045,67299,69248,70021,68636,66763,64812,62990,61975,58292,56266,55311,54865,55393,57004,59988,62924,63894,62099,60483,58201,55272,58239,60515,63378,67749,69981,70701,69232,67259,65593,63777,62816,59257,57160,56136,55663,56234,57898,60852,63673,64810,62976,61227,58947,56125,59149,61180,63883,67823,69517,70250,69081,67310,65663,63835,62934,59284,57145,56175,55705,56266,57876,60716,63838,65141,63526,61760,59585,56525,59400,61470,64386,68526,70333,70976,69609,67654,65733,63937,62899,58972,56834,55839,55373,55898,57524,60380,63480,65861,64752,64282,63863,61910,64984,66292,67408,69039,69210,69240,67911,66200,64538,63084,62093,58474,56244,54792,54063,54205,55104,56324,56760,56237,53758,52551,50391,48590,50277,51544,53839,56925,58905,60433,60089,59635,58934,58031,57257,53924,51670,50493,49854,49972,50838,51548,51293,49783,47689,46983,45575,44905,45633,46906,49435,53128,56343,58504,58411,58038,57165,56187,55023
655,58292,56266,55311,54865,55393,57004,59988,62924,63894,62099,60483,58201,55272,58239,60515,63378,67749,69981,70701,69232,67259,65593,63777,62816,59257,57160,56136,55663,56234,57898,60852,63673,64810,62976,61227,58947,56125,59149,61180,63883,67823,69517,70250,69081,67310,65663,63835,62934,59284,57145,56175,55705,56266,57876,60716,63838,65141,63526,61760,59585,56525,59400,61470,64386,68526,70333,70976,69609,67654,65733,63937,62899,58972,56834,55839,55373,55898,57524,60380,63480,65861,64752,64282,63863,61910,64984,66292,67408,69039,69210,69240,67911,66200,64538,63084,62093,58474,56244,54792,54063,54205,55104,56324,56760,56237,53758,52551,50391,48590,50277,51544,53839,56925,58905,60433,60089,59635,58934,58031,57257,53924,51670,50493,49854,49972,50838,51548,51293,49783,47689,46983,45575,44905,45633,46906,49435,53128,56343,58504,58411,58038,57165,56187,55023,51980,50027,49167,48899,49668,51777,55479,59903,63187,62347,61012,59463,56764,59775,61885,64218,67823,69599,70139,68574,66607,64827,63139,62227
656,59257,57160,56136,55663,56234,57898,60852,63673,64810,62976,61227,58947,56125,59149,61180,63883,67823,69517,70250,69081,67310,65663,63835,62934,59284,57145,56175,55705,56266,57876,60716,63838,65141,63526,61760,59585,56525,59400,61470,64386,68526,70333,70976,69609,67654,65733,63937,62899,58972,56834,55839,55373,55898,57524,60380,63480,65861,64752,64282,63863,61910,64984,66292,67408,69039,69210,69240,67911,66200,64538,63084,62093,58474,56244,54792,54063,54205,55104,56324,56760,56237,53758,52551,50391,48590,50277,51544,53839,56925,58905,60433,60089,59635,58934,58031,57257,53924,51670,50493,49854,49972,50838,51548,51293,49783,47689,46983,45575,44905,45633,46906,49435,53128,56343,58504,58411,58038,57165,56187,55023,51980,50027,49167,48899,49668,51777,55479,59903,63187,62347,61012,59463,56764,59775,61885,64218,67823,69599,70139,68574,66607,64827,63139,62227,58606,56408,55423,54940,55572,57274,60399,63477,65433,63960,62100,59857,56942,59786,62050,64568,68294,70067,70495,69059,67206,65404,63709,62733
657,59284,57145,56175,55705,56266,57876,60716,63838,65141,63526,61760,59585,56525,59400,61470,64386,68526,70333,70976,69609,67654,65733,63937,62899,58972,56834,55839,55373,55898,57524,60380,63480,65861,64752,64282,63863,61910,64984,66292,67408,69039,69210,69240,67911,66200,64538,63084,62093,58474,56244,54792,54063,54205,55104,56324,56760,56237,53758,52551,50391,48590,50277,51544,53839,56925,58905,60433,60089,59635,58934,58031,57257,53924,51670,50493,49854,49972,50838,51548,51293,49783,47689,46983,45575,44905,45633,46906,49435,53128,56343,58504,58411,58038,57165,56187,55023,51980,50027,49167,48899,49668,51777,55479,59903,63187,62347,61012,59463,56764,59775,61885,64218,67823,69599,70139,68574,66607,64827,63139,62227,58606,56408,55423,54940,55572,57274,60399,63477,65433,63960,62100,59857,56942,59786,62050,64568,68294,70067,70495,69059,67206,65404,63709,62733,58981,56828,55810,55325,55908,57746,60893,64198,66021,64028,61871,60056,57684,62116,65071,67165,69370,69936,70052,68603,66895,65219,63593,62668
658,58972,56834,55839,55373,55898,57524,60380,63480,65861,64752,64282,63863,61910,64984,66292,67408,69039,69210,69240,67911,66200,64538,63084,62093,58474,56244,54792,54063,54205,55104,56324,56760,56237,53758,52551,50391,48590,50277,51544,53839,56925,58905,60433,60089,59635,58934,58031,57257,53924,51670,50493,49854,49972,50838,51548,51293,49783,47689,46983,45575,44905,45633,46906,49435,53128,56343,58504,58411,58038,57165,56187,55023,51980,50027,49167,48899,49668,51777,55479,59903,63187,62347,61012,59463,56764,59775,61885,64218,67823,69599,70139,68574,66607,64827,63139,62227,58606,56408,55423,54940,55572,57274,60399,63477,65433,63960,62100,59857,56942,59786,62050,64568,68294,70067,70495,69059,67206,65404,63709,62733,58981,56828,55810,55325,55908,57746,60893,64198,66021,64028,61871,60056,57684,62116,65071,67165,69370,69936,70052,68603,66895,65219,63593,62668,58766,56610,55642,55221,55825,57410,60436,63918,65930,64265,62515,60291,57186,60257,62558,65439,69014,70384,70573,69002,67083,65300,63635,62402
659,58474,56244,54792,54063,54205,55104,56324,56760,56237,53758,52551,50391,48590,50277,51544,53839,56925,58905,60433,60089,59635,58934,58031,57257,53924,51670,50493,49854,49972,50838,51548,51293,49783,47689,46983,45575,44905,45633,46906,49435,53128,56343,58504,58411,58038,57165,56187,55023,51980,50027,49167,48899,49668,51777,55479,59903,63187,62347,61012,59463,56764,59775,61885,64218,67823,69599,70139,68574,66607,64827,63139,62227,58606,56408,55423,54940,55572,57274,60399,63477,65433,63960,62100,59857,56942,59786,62050,64568,68294,70067,70495,69059,67206,65404,63709,62733,58981,56828,55810,55325,55908,57746,60893,64198,66021,64028,61871,60056,57684,62116,65071,67165,69370,69936,70052,68603,66895,65219,63593,62668,58766,56610,55642,55221,55825,57410,60436,63918,65930,64265,62515,60291,57186,60257,62558,65439,69014,70384,70573,69002,67083,65300,63635,62402,58620,56555,55444,55081,55657,57281,60247,63966,66831,65539,63144,60615,57551,60479,62522,64775,67988,68956,68704,67196,65527,64226,62735,61981
660,53924,51670,50493,49854,49972,50838,51548,51293,49783,47689,46983,45575,44905,45633,46906,49435,53128,56343,58504,58411,58038,57165,56187,55023,51980,50027,49167,48899,49668,51777,55479,59903,63187,62347,61012,59463,56764,59775,61885,64218,67823,69599,70139,68574,66607,64827,63139,62227,58606,56408,55423,54940,55572,57274,60399,63477,65433,63960,62100,59857,56942,59786,62050,64568,68294,70067,70495,69059,67206,65404,63709,62733,58981,56828,55810,55325,55908,57746,60893,64198,66021,64028,61871,60056,57684,62116,65071,67165,69370,69936,70052,68603,66895,65219,63593,62668,58766,56610,55642,55221,55825,57410,60436,63918,65930,64265,62515,60291,57186,60257,62558,65439,69014,70384,70573,69002,67083,65300,63635,62402,58620,56555,55444,55081,55657,57281,60247,63966,66831,65539,63144,60615,57551,60479,62522,64775,67988,68956,68704,67196,65527,64226,62735,61981,58197,56032,54770,54081,54198,55109,56351,56619,55889,53286,52179,50824,49470,51578,52997,54859,57292,58734,59900,59541,59034,58320,57495,57232
661,51980,50027,49167,48899,49668,51777,55479,59903,63187,62347,61012,59463,56764,59775,61885,64218,67823,69599,70139,68574,66607,64827,63139,62227,58606,56408,55423,54940,55572,57274,60399,63477,65433,63960,62100,59857,56942,59786,62050,64568,68294,70067,70495,69059,67206,65404,63709,62733,58981,56828,55810,55325,55908,57746,60893,64198,66021,64028,61871,60056,57684,62116,65071,67165,69370,69936,70052,68603,66895,65219,63593,62668,58766,56610,55642,55221,55825,57410,60436,63918,65930,64265,62515,60291,57186,60257,62558,65439,69014,70384,70573,69002,67083,65300,63635,62402,58620,56555,55444,55081,55657,57281,60247,63966,66831,65539,63144,60615,57551,60479,62522,64775,67988,68956,68704,67196,65527,64226,62735,61981,58197,56032,54770,54081,54198,55109,56351,56619,55889,53286,52179,50824,49470,51578,52997,54859,57292,58734,59900,59541,59034,58320,57495,57232,53928,51792,50541,50057,50188,51149,52035,51763,49945,47326,46530,45435,45212,46553,48090,50646,53996,56760,58605,58406,57973,57277,56111,55081
662,58606,56408,55423,54940,55572,57274,60399,63477,65433,63960,62100,59857,56942,59786,62050,64568,68294,70067,70495,69059,67206,65404,63709,62733,58981,56828,55810,55325,55908,57746,60893,64198,66021,64028,61871,60056,57684,62116,65071,67165,69370,69936,70052,68603,66895,65219,63593,62668,58766,56610,55642,55221,55825,57410,60436,63918,65930,64265,62515,60291,57186,60257,62558,65439,69014,70384,70573,69002,67083,65300,63635,62402,58620,56555,55444,55081,55657,57281,60247,63966,66831,65539,63144,60615,57551,60479,62522,64775,67988,68956,68704,67196,65527,64226,62735,61981,58197,56032,54770,54081,54198,55109,56351,56619,55889,53286,52179,50824,49470,51578,52997,54859,57292,58734,59900,59541,59034,58320,57495,57232,53928,51792,50541,50057,50188,51149,52035,51763,49945,47326,46530,45435,45212,46553,48090,50646,53996,56760,58605,58406,57973,57277,56111,55081,52226,50196,49156,49038,49873,51973,55640,60182,63828,62882,61236,59552,57114,60702,63092,65313,68629,69698,69769,68145,66106,64498,62822,61602
663,58981,56828,55810,55325,55908,57746,60893,64198,66021,64028,61871,60056,57684,62116,65071,67165,69370,69936,70052,68603,66895,65219,63593,62668,58766,56610,55642,55221,55825,57410,60436,63918,65930,64265,62515,60291,57186,60257,62558,65439,69014,70384,70573,69002,67083,65300,63635,62402,58620,56555,55444,55081,55657,57281,60247,63966,66831,65539,63144,60615,57551,60479,62522,64775,67988,68956,68704,67196,65527,64226,62735,61981,58197,56032,54770,54081,54198,55109,56351,56619,55889,53286,52179,50824,49470,51578,52997,54859,57292,58734,59900,59541,59034,58320,57495,57232,53928,51792,50541,50057,50188,51149,52035,51763,49945,47326,46530,45435,45212,46553,48090,50646,53996,56760,58605,58406,57973,57277,56111,55081,52226,50196,49156,49038,49873,51973,55640,60182,63828,62882,61236,59552,57114,60702,63092,65313,68629,69698,69769,68145,66106,64498,62822,61602,57826,55967,54907,54558,54981,56771,59751,63449,66471,65117,63575,60926,57955,61754,64284,66405,69449,69671,69729,68139,66502,64746,62784,62304
664,58766,56610,55642,55221,55825,57410,60436,63918,65930,64265,62515,60291,57186,60257,62558,65439,69014,70384,70573,69002,67083,65300,63635,62402,58620,56555,55444,55081,55657,57281,60247,63966,66831,65539,63144,60615,57551,60479,62522,64775,67988,68956,68704,67196,65527,64226,62735,61981,58197,56032,54770,54081,54198,55109,56351,56619,55889,53286,52179,50824,49470,51578,52997,54859,57292,58734,59900,59541,59034,58320,57495,57232,53928,51792,50541,50057,50188,51149,52035,51763,49945,47326,46530,45435,45212,46553,48090,50646,53996,56760,58605,58406,57973,57277,56111,55081,52226,50196,49156,49038,49873,51973,55640,60182,63828,62882,61236,59552,57114,60702,63092,65313,68629,69698,69769,68145,66106,64498,62822,61602,57826,55967,54907,54558,54981,56771,59751,63449,66471,65117,63575,60926,57955,61754,64284,66405,69449,69671,69729,68139,66502,64746,62784,62304,58535,56524,55450,54993,55560,57305,60443,64150,67093,65570,62848,59867,56570,60089,62459,65310,69098,69282,69184,67755,66443,64905,63032,62514
665,58620,56555,55444,55081,55657,57281,60247,63966,66831,65539,63144,60615,57551,60479,62522,64775,67988,68956,68704,67196,65527,64226,62735,61981,58197,56032,54770,54081,54198,55109,56351,56619,55889,53286,52179,50824,49470,51578,52997,54859,57292,58734,59900,59541,59034,58320,57495,57232,53928,51792,50541,50057,50188,51149,52035,51763,49945,47326,46530,45435,45212,46553,48090,50646,53996,56760,58605,58406,57973,57277,56111,55081,52226,50196,49156,49038,49873,51973,55640,60182,63828,62882,61236,59552,57114,60702,63092,65313,68629,69698,69769,68145,66106,64498,62822,61602,57826,55967,54907,54558,54981,56771,59751,63449,66471,65117,63575,60926,57955,61754,64284,66405,69449,69671,69729,68139,66502,64746,62784,62304,58535,56524,55450,54993,55560,57305,60443,64150,67093,65570,62848,59867,56570,60089,62459,65310,69098,69282,69184,67755,66443,64905,63032,62514,58823,56695,55561,55108,55666,57497,60714,64491,67711,66969,66080,64049,60941,64873,67454,69179,71242,70836,70526,69102,67249,65306,63400,63164
666,58197,56032,54770,54081,54198,55109,56351,56619,55889,53286,52179,50824,49470,51578,52997,54859,57292,58734,59900,59541,59034,58320,57495,57232,53928,51792,50541,50057,50188,51149,52035,51763,49945,47326,46530,45435,45212,46553,48090,50646,53996,56760,58605,58406,57973,57277,56111,55081,52226,50196,49156,49038,49873,51973,55640,60182,63828,62882,61236,59552,57114,60702,63092,65313,68629,69698,69769,68145,66106,64498,62822,61602,57826,55967,54907,54558,54981,56771,59751,63449,66471,65117,63575,60926,57955,61754,64284,66405,69449,69671,69729,68139,66502,64746,62784,62304,58535,56524,55450,54993,55560,57305,60443,64150,67093,65570,62848,59867,56570,60089,62459,65310,69098,69282,69184,67755,66443,64905,63032,62514,58823,56695,55561,55108,55666,57497,60714,64491,67711,66969,66080,64049,60941,64873,67454,69179,71242,70836,70526,69102,67249,65306,63400,63164,59505,57348,56279,55954,56618,58331,61643,65423,67495,65112,63578,61112,57877,61307,63582,66530,70450,70733,70147,68352,67075,65700,64059,64136
667,53928,51792,50541,50057,50188,51149,52035,51763,49945,47326,46530,45435,45212,46553,48090,50646,53996,56760,58605,58406,57973,57277,56111,55081,52226,50196,49156,49038,49873,51973,55640,60182,63828,62882,61236,59552,57114,60702,63092,65313,68629,69698,69769,68145,66106,64498,62822,61602,57826,55967,54907,54558,54981,56771,59751,63449,66471,65117,63575,60926,57955,61754,64284,66405,69449,69671,69729,68139,66502,64746,62784,62304,58535,56524,55450,54993,55560,57305,60443,64150,67093,65570,62848,59867,56570,60089,62459,65310,69098,69282,69184,67755,66443,64905,63032,62514,58823,56695,55561,55108,55666,57497,60714,64491,67711,66969,66080,64049,60941,64873,67454,69179,71242,70836,70526,69102,67249,65306,63400,63164,59505,57348,56279,55954,56618,58331,61643,65423,67495,65112,63578,61112,57877,61307,63582,66530,70450,70733,70147,68352,67075,65700,64059,64136,60554,58209,56846,56276,56532,57515,58988,59169,57196,53913,52697,50515,48319,49699,51169,53998,58080,60244,61328,60970,60600,59897,59219,59273
668,52226,50196,49156,49038,49873,51973,55640,60182,63828,62882,61236,59552,57114,60702,63092,65313,68629,69698,69769,68145,66106,64498,62822,61602,57826,55967,54907,54558,54981,56771,59751,63449,66471,65117,63575,60926,57955,61754,64284,66405,69449,69671,69729,68139,66502,64746,62784,62304,58535,56524,55450,54993,55560,57305,60443,64150,67093,65570,62848,59867,56570,60089,62459,65310,69098,69282,69184,67755,66443,64905,63032,62514,58823,56695,55561,55108,55666,57497,60714,64491,67711,66969,66080,64049,60941,64873,67454,69179,71242,70836,70526,69102,67249,65306,63400,63164,59505,57348,56279,55954,56618,58331,61643,65423,67495,65112,63578,61112,57877,61307,63582,66530,70450,70733,70147,68352,67075,65700,64059,64136,60554,58209,56846,56276,56532,57515,58988,59169,57196,53913,52697,50515,48319,49699,51169,53998,58080,60244,61328,60970,60600,59897,59219,59273,56159,53822,52578,52068,52244,53061,53965,53672,50784,47480,46517,45118,44931,45819,47579,50625,54647,57866,59724,59675,59249,58659,57891,57221
669,57826,55967,54907,54558,54981,56771,59751,63449,66471,65117,63575,60926,57955,61754,64284,66405,69449,69671,69729,68139,66502,64746,62784,62304,58535,56524,55450,54993,55560,57305,60443,64150,67093,65570,62848,59867,56570,60089,62459,65310,69098,69282,69184,67755,66443,64905,63032,62514,58823,56695,55561,55108,55666,57497,60714,64491,67711,66969,66080,64049,60941,64873,67454,69179,71242,70836,70526,69102,67249,65306,63400,63164,59505,57348,56279,55954,56618,58331,61643,65423,67495,65112,63578,61112,57877,61307,63582,66530,70450,70733,70147,68352,67075,65700,64059,64136,60554,58209,56846,56276,56532,57515,58988,59169,57196,53913,52697,50515,48319,49699,51169,53998,58080,60244,61328,60970,60600,59897,59219,59273,56159,53822,52578,52068,52244,53061,53965,53672,50784,47480,46517,45118,44931,45819,47579,50625,54647,57866,59724,59675,59249,58659,57891,57221,54257,52283,51289,51032,51894,54123,58042,63198,67829,66987,65930,63738,60141,63309,65404,67793,71020,70509,70300,68884,67441,65863,64041,63982
670,58535,56524,55450,54993,55560,57305,60443,64150,67093,65570,62848,59867,56570,60089,62459,65310,69098,69282,69184,67755,66443,64905,63032,62514,58823,56695,55561,55108,55666,57497,60714,64491,67711,66969,66080,64049,60941,64873,67454,69179,71242,70836,70526,69102,67249,65306,63400,63164,59505,57348,56279,55954,56618,58331,61643,65423,67495,65112,63578,61112,57877,61307,63582,66530,70450,70733,70147,68352,67075,65700,64059,64136,60554,58209,56846,56276,56532,57515,58988,59169,57196,53913,52697,50515,48319,49699,51169,53998,58080,60244,61328,60970,60600,59897,59219,59273,56159,53822,52578,52068,52244,53061,53965,53672,50784,47480,46517,45118,44931,45819,47579,50625,54647,57866,59724,59675,59249,58659,57891,57221,54257,52283,51289,51032,51894,54123,58042,63198,67829,66987,65930,63738,60141,63309,65404,67793,71020,70509,70300,68884,67441,65863,64041,63982,60187,58008,56785,56397,56802,58661,62039,66036,68950,67159,65071,62312,59039,62567,64569,66015,69383,69806,69750,69136,67724,66182,64332,64148
671,58823,56695,55561,55108,55666,57497,60714,64491,67711,66969,66080,64049,60941,64873,67454,69179,71242,70836,70526,69102,67249,65306,63400,63164,59505,57348,56279,55954,56618,58331,61643,65423,67495,65112,63578,61112,57877,61307,63582,66530,70450,70733,70147,68352,67075,65700,64059,64136,60554,58209,56846,56276,56532,57515,58988,59169,57196,53913,52697,50515,48319,49699,51169,53998,58080,60244,61328,60970,60600,59897,59219,59273,56159,53822,52578,52068,52244,53061,53965,53672,50784,47480,46517,45118,44931,45819,47579,50625,54647,57866,59724,59675,59249,58659,57891,57221,54257,52283,51289,51032,51894,54123,58042,63198,67829,66987,65930,63738,60141,63309,65404,67793,71020,70509,70300,68884,67441,65863,64041,63982,60187,58008,56785,56397,56802,58661,62039,66036,68950,67159,65071,62312,59039,62567,64569,66015,69383,69806,69750,69136,67724,66182,64332,64148,60429,58162,56901,56494,57020,58700,61924,66021,69824,68576,66261,63039,59688,63609,66118,67616,69966,69729,69293,68431,67340,65966,64369,64030
672,59505,57348,56279,55954,56618,58331,61643,65423,67495,65112,63578,61112,57877,61307,63582,66530,70450,70733,70147,68352,67075,65700,64059,64136,60554,58209,56846,56276,56532,57515,58988,59169,57196,53913,52697,50515,48319,49699,51169,53998,58080,60244,61328,60970,60600,59897,59219,59273,56159,53822,52578,52068,52244,53061,53965,53672,50784,47480,46517,45118,44931,45819,47579,50625,54647,57866,59724,59675,59249,58659,57891,57221,54257,52283,51289,51032,51894,54123,58042,63198,67829,66987,65930,63738,60141,63309,65404,67793,71020,70509,70300,68884,67441,65863,64041,63982,60187,58008,56785,56397,56802,58661,62039,66036,68950,67159,65071,62312,59039,62567,64569,66015,69383,69806,69750,69136,67724,66182,64332,64148,60429,58162,56901,56494,57020,58700,61924,66021,69824,68576,66261,63039,59688,63609,66118,67616,69966,69729,69293,68431,67340,65966,64369,64030,60158,57889,56721,56385,57016,58629,61900,66116,69764,67999,65700,62744,59194,62816,64951,66501,69274,69419,69129,68668,67523,66034,64160,63768
673,60554,58209,56846,56276,56532,57515,58988,59169,57196,53913,52697,50515,48319,49699,51169,53998,58080,60244,61328,60970,60600,59897,59219,59273,56159,53822,52578,52068,52244,53061,53965,53672,50784,47480,46517,45118,44931,45819,47579,50625,54647,57866,59724,59675,59249,58659,57891,57221,54257,52283,51289,51032,51894,54123,58042,63198,67829,66987,65930,63738,60141,63309,65404,67793,71020,70509,70300,68884,67441,65863,64041,63982,60187,58008,56785,56397,56802,58661,62039,66036,68950,67159,65071,62312,59039,62567,64569,66015,69383,69806,69750,69136,67724,66182,64332,64148,60429,58162,56901,56494,57020,58700,61924,66021,69824,68576,66261,63039,59688,63609,66118,67616,69966,69729,69293,68431,67340,65966,64369,64030,60158,57889,56721,56385,57016,58629,61900,66116,69764,67999,65700,62744,59194,62816,64951,66501,69274,69419,69129,68668,67523,66034,64160,63768,59940,57856,56508,55894,56605,58282,61544,65365,68670,67008,64736,62276,59410,62838,65127,67031,69415,68838,68318,67066,66211,64949,63155,63060
674,56159,53822,52578,52068,52244,53061,53965,53672,50784,47480,46517,45118,44931,45819,47579,50625,54647,57866,59724,59675,59249,58659,57891,57221,54257,52283,51289,51032,51894,54123,58042,63198,67829,66987,65930,63738,60141,63309,65404,67793,71020,70509,70300,68884,67441,65863,64041,63982,60187,58008,56785,56397,56802,58661,62039,66036,68950,67159,65071,62312,59039,62567,64569,66015,69383,69806,69750,69136,67724,66182,64332,64148,60429,58162,56901,56494,57020,58700,61924,66021,69824,68576,66261,63039,59688,63609,66118,67616,69966,69729,69293,68431,67340,65966,64369,64030,60158,57889,56721,56385,57016,58629,61900,66116,69764,67999,65700,62744,59194,62816,64951,66501,69274,69419,69129,68668,67523,66034,64160,63768,59940,57856,56508,55894,56605,58282,61544,65365,68670,67008,64736,62276,59410,62838,65127,67031,69415,68838,68318,67066,66211,64949,63155,63060,59155,56874,55532,54817,54858,55793,57095,57559,57982,56071,54485,53526,52511,54727,56991,58523,59523,60148,60675,60440,59839,58930,58152,57990
675,54257,52283,51289,51032,51894,54123,58042,63198,67829,66987,65930,63738,60141,63309,65404,67793,71020,70509,70300,68884,67441,65863,64041,63982,60187,58008,56785,56397,56802,58661,62039,66036,68950,67159,65071,62312,59039,62567,64569,66015,69383,69806,69750,69136,67724,66182,64332,64148,60429,58162,56901,56494,57020,58700,61924,66021,69824,68576,66261,63039,59688,63609,66118,67616,69966,69729,69293,68431,67340,65966,64369,64030,60158,57889,56721,56385,57016,58629,61900,66116,69764,67999,65700,62744,59194,62816,64951,66501,69274,69419,69129,68668,67523,66034,64160,63768,59940,57856,56508,55894,56605,58282,61544,65365,68670,67008,64736,62276,59410,62838,65127,67031,69415,68838,68318,67066,66211,64949,63155,63060,59155,56874,55532,54817,54858,55793,57095,57559,57982,56071,54485,53526,52511,54727,56991,58523,59523,60148,60675,60440,59839,58930,58152,57990,54729,52307,51034,50261,50480,51310,52416,52628,53207,53636,53792,53094,52845,53161,53654,54582,56538,59040,60054,59604,58999,58077,57380,56785
676,60187,58008,56785,56397,56802,58661,62039,66036,68950,67159,65071,62312,59039,62567,64569,66015,69383,69806,69750,69136,67724,66182,64332,64148,60429,58162,56901,56494,57020,58700,61924,66021,69824,68576,66261,63039,59688,63609,66118,67616,69966,69729,69293,68431,67340,65966,64369,64030,60158,57889,56721,56385,57016,58629,61900,66116,69764,67999,65700,62744,59194,62816,64951,66501,69274,69419,69129,68668,67523,66034,64160,63768,59940,57856,56508,55894,56605,58282,61544,65365,68670,67008,64736,62276,59410,62838,65127,67031,69415,68838,68318,67066,66211,64949,63155,63060,59155,56874,55532,54817,54858,55793,57095,57559,57982,56071,54485,53526,52511,54727,56991,58523,59523,60148,60675,60440,59839,58930,58152,57990,54729,52307,51034,50261,50480,51310,52416,52628,53207,53636,53792,53094,52845,53161,53654,54582,56538,59040,60054,59604,58999,58077,57380,56785,53704,51572,50518,50346,51035,53156,57118,62384,68561,69945,69236,66784,63256,66699,67356,68540,71165,71115,70487,68949,67593,65548,63832,63667
677,60429,58162,56901,56494,57020,58700,61924,66021,69824,68576,66261,63039,59688,63609,66118,67616,69966,69729,69293,68431,67340,65966,64369,64030,60158,57889,56721,56385,57016,58629,61900,66116,69764,67999,65700,62744,59194,62816,64951,66501,69274,69419,69129,68668,67523,66034,64160,63768,59940,57856,56508,55894,56605,58282,61544,65365,68670,67008,64736,62276,59410,62838,65127,67031,69415,68838,68318,67066,66211,64949,63155,63060,59155,56874,55532,54817,54858,55793,57095,57559,57982,56071,54485,53526,52511,54727,56991,58523,59523,60148,60675,60440,59839,58930,58152,57990,54729,52307,51034,50261,50480,51310,52416,52628,53207,53636,53792,53094,52845,53161,53654,54582,56538,59040,60054,59604,58999,58077,57380,56785,53704,51572,50518,50346,51035,53156,57118,62384,68561,69945,69236,66784,63256,66699,67356,68540,71165,71115,70487,68949,67593,65548,63832,63667,60179,57988,56874,56452,57055,58845,62385,66611,69882,68050,66265,64639,62194,66254,68312,69688,72431,72259,71384,69908,68379,66590,64620,64653
678,60158,57889,56721,56385,57016,58629,61900,66116,69764,67999,65700,62744,59194,62816,64951,66501,69274,69419,69129,68668,67523,66034,64160,63768,59940,57856,56508,55894,56605,58282,61544,65365,68670,67008,64736,62276,59410,62838,65127,67031,69415,68838,68318,67066,66211,64949,63155,63060,59155,56874,55532,54817,54858,55793,57095,57559,57982,56071,54485,53526,52511,54727,56991,58523,59523,60148,60675,60440,59839,58930,58152,57990,54729,52307,51034,50261,50480,51310,52416,52628,53207,53636,53792,53094,52845,53161,53654,54582,56538,59040,60054,59604,58999,58077,57380,56785,53704,51572,50518,50346,51035,53156,57118,62384,68561,69945,69236,66784,63256,66699,67356,68540,71165,71115,70487,68949,67593,65548,63832,63667,60179,57988,56874,56452,57055,58845,62385,66611,69882,68050,66265,64639,62194,66254,68312,69688,72431,72259,71384,69908,68379,66590,64620,64653,60951,58673,57493,57185,57675,59196,62282,66421,70495,68972,66855,64500,60914,63697,65677,68172,71687,71658,70853,69569,68406,66891,65210,65134
679,59940,57856,56508,55894,56605,58282,61544,65365,68670,67008,64736,62276,59410,62838,65127,67031,69415,68838,68318,67066,66211,64949,63155,63060,59155,56874,55532,54817,54858,55793,57095,57559,57982,56071,54485,53526,52511,54727,56991,58523,59523,60148,60675,60440,59839,58930,58152,57990,54729,52307,51034,50261,50480,51310,52416,52628,53207,53636,53792,53094,52845,53161,53654,54582,56538,59040,60054,59604,58999,58077,57380,56785,53704,51572,50518,50346,51035,53156,57118,62384,68561,69945,69236,66784,63256,66699,67356,68540,71165,71115,70487,68949,67593,65548,63832,63667,60179,57988,56874,56452,57055,58845,62385,66611,69882,68050,66265,64639,62194,66254,68312,69688,72431,72259,71384,69908,68379,66590,64620,64653,60951,58673,57493,57185,57675,59196,62282,66421,70495,68972,66855,64500,60914,63697,65677,68172,71687,71658,70853,69569,68406,66891,65210,65134,61313,59098,57822,57351,57947,59790,62872,66771,70478,68534,65978,63187,59621,63188,65678,68156,71619,71642,71343,69934,68589,66867,65088,65025
680,59155,56874,55532,54817,54858,55793,57095,57559,57982,56071,54485,53526,52511,54727,56991,58523,59523,60148,60675,60440,59839,58930,58152,57990,54729,52307,51034,50261,50480,51310,52416,52628,53207,53636,53792,53094,52845,53161,53654,54582,56538,59040,60054,59604,58999,58077,57380,56785,53704,51572,50518,50346,51035,53156,57118,62384,68561,69945,69236,66784,63256,66699,67356,68540,71165,71115,70487,68949,67593,65548,63832,63667,60179,57988,56874,56452,57055,58845,62385,66611,69882,68050,66265,64639,62194,66254,68312,69688,72431,72259,71384,69908,68379,66590,64620,64653,60951,58673,57493,57185,57675,59196,62282,66421,70495,68972,66855,64500,60914,63697,65677,68172,71687,71658,70853,69569,68406,66891,65210,65134,61313,59098,57822,57351,57947,59790,62872,66771,70478,68534,65978,63187,59621,63188,65678,68156,71619,71642,71343,69934,68589,66867,65088,65025,61350,59171,57960,57628,58201,59821,63025,67049,70186,67708,65143,62240,58905,62089,64350,67091,70458,70253,69509,67985,67014,65631,64114,64332
681,54729,52307,51034,50261,50480,51310,52416,52628,53207,53636,53792,53094,52845,53161,53654,54582,56538,59040,60054,59604,58999,58077,57380,56785,53704,51572,50518,50346,51035,53156,57118,62384,68561,69945,69236,66784,63256,66699,67356,68540,71165,71115,70487,68949,67593,65548,63832,63667,60179,57988,56874,56452,57055,58845,62385,66611,69882,68050,66265,64639,62194,66254,68312,69688,72431,72259,71384,69908,68379,66590,64620,64653,60951,58673,57493,57185,57675,59196,62282,66421,70495,68972,66855,64500,60914,63697,65677,68172,71687,71658,70853,69569,68406,66891,65210,65134,61313,59098,57822,57351,57947,59790,62872,66771,70478,68534,65978,63187,59621,63188,65678,68156,71619,71642,71343,69934,68589,66867,65088,65025,61350,59171,57960,57628,58201,59821,63025,67049,70186,67708,65143,62240,58905,62089,64350,67091,70458,70253,69509,67985,67014,65631,64114,64332,60674,58285,56918,56336,56513,57423,58870,59488,59187,56135,54894,52979,51189,52328,53522,55623,58587,60247,60856,60326,59982,59199,58657,58858
682,53704,51572,50518,50346,51035,53156,57118,62384,68561,69945,69236,66784,63256,66699,67356,68540,71165,71115,70487,68949,67593,65548,63832,63667,60179,57988,56874,56452,57055,58845,62385,66611,69882,68050,66265,64639,62194,66254,68312,69688,72431,72259,71384,69908,68379,66590,64620,64653,60951,58673,57493,57185,57675,59196,62282,66421,70495,68972,66855,64500,60914,63697,65677,68172,71687,71658,70853,69569,68406,66891,65210,65134,61313,59098,57822,57351,57947,59790,62872,66771,70478,68534,65978,63187,59621,63188,65678,68156,71619,71642,71343,69934,68589,66867,65088,65025,61350,59171,57960,57628,58201,59821,63025,67049,70186,67708,65143,62240,58905,62089,64350,67091,70458,70253,69509,67985,67014,65631,64114,64332,60674,58285,56918,56336,56513,57423,58870,59488,59187,56135,54894,52979,51189,52328,53522,55623,58587,60247,60856,60326,59982,59199,58657,58858,55668,53161,51801,51245,51535,52450,53557,53769,53162,51492,50805,50033,49713,51004,51954,53624,56048,58770,60057,59923,59585,58747,58126,57564
683,60179,57988,56874,56452,57055,58845,62385,66611,69882,68050,66265,64639,62194,66254,68312,69688,72431,72259,71384,69908,68379,66590,64620,64653,60951,58673,57493,57185,57675,59196,62282,66421,70495,68972,66855,64500,60914,63697,65677,68172,71687,71658,70853,69569,68406,66891,65210,65134,61313,59098,57822,57351,57947,59790,62872,66771,70478,68534,65978,63187,59621,63188,65678,68156,71619,71642,71343,69934,68589,66867,65088,65025,61350,59171,57960,57628,58201,59821,63025,67049,70186,67708,65143,62240,58905,62089,64350,67091,70458,70253,69509,67985,67014,65631,64114,64332,60674,58285,56918,56336,56513,57423,58870,59488,59187,56135,54894,52979,51189,52328,53522,55623,58587,60247,60856,60326,59982,59199,58657,58858,55668,53161,51801,51245,51535,52450,53557,53769,53162,51492,50805,50033,49713,51004,51954,53624,56048,58770,60057,59923,59585,58747,58126,57564,54635,52571,51441,51263,51976,54098,58119,63695,69011,68476,67097,65228,62464,66162,68450,69373,71811,71585,70900,69239,67741,65908,64115,64108
684,60951,58673,57493,57185,57675,59196,62282,66421,70495,68972,66855,64500,60914,63697,65677,68172,71687,71658,70853,69569,68406,66891,65210,65134,61313,59098,57822,57351,57947,59790,62872,66771,70478,68534,65978,63187,59621,63188,65678,68156,71619,71642,71343,69934,68589,66867,65088,65025,61350,59171,57960,57628,58201,59821,63025,67049,70186,67708,65143,62240,58905,62089,64350,67091,70458,70253,69509,67985,67014,65631,64114,64332,60674,58285,56918,56336,56513,57423,58870,59488,59187,56135,54894,52979,51189,52328,53522,55623,58587,60247,60856,60326,59982,59199,58657,58858,55668,53161,51801,51245,51535,52450,53557,53769,53162,51492,50805,50033,49713,51004,51954,53624,56048,58770,60057,59923,59585,58747,58126,57564,54635,52571,51441,51263,51976,54098,58119,63695,69011,68476,67097,65228,62464,66162,68450,69373,71811,71585,70900,69239,67741,65908,64115,64108,60423,58164,56918,56443,56908,58596,61984,66806,72212,72592,71719,71263,69240,72326,73327,73371,74117,73008,71874,70040,68451,66394,64518,64687
685,61313,59098,57822,57351,57947,59790,62872,66771,70478,68534,65978,63187,59621,63188,65678,68156,71619,71642,71343,69934,68589,66867,65088,65025,61350,59171,57960,57628,58201,59821,63025,67049,70186,67708,65143,62240,58905,62089,64350,67091,70458,70253,69509,67985,67014,65631,64114,64332,60674,58285,56918,56336,56513,57423,58870,59488,59187,56135,54894,52979,51189,52328,53522,55623,58587,60247,60856,60326,59982,59199,58657,58858,55668,53161,51801,51245,51535,52450,53557,53769,53162,51492,50805,50033,49713,51004,51954,53624,56048,58770,60057,59923,59585,58747,58126,57564,54635,52571,51441,51263,51976,54098,58119,63695,69011,68476,67097,65228,62464,66162,68450,69373,71811,71585,70900,69239,67741,65908,64115,64108,60423,58164,56918,56443,56908,58596,61984,66806,72212,72592,71719,71263,69240,72326,73327,73371,74117,73008,71874,70040,68451,66394,64518,64687,60823,58448,57235,56730,57252,59024,62366,66890,71774,70342,67382,64553,61731,64763,66482,68682,71710,71649,70801,69424,68463,66809,65142,65178
686,61350,59171,57960,57628,58201,59821,63025,67049,70186,67708,65143,62240,58905,62089,64350,67091,70458,70253,69509,67985,67014,65631,64114,64332,60674,58285,56918,56336,56513,57423,58870,59488,59187,56135,54894,52979,51189,52328,53522,55623,58587,60247,60856,60326,59982,59199,58657,58858,55668,53161,51801,51245,51535,52450,53557,53769,53162,51492,50805,50033,49713,51004,51954,53624,56048,58770,60057,59923,59585,58747,58126,57564,54635,52571,51441,51263,51976,54098,58119,63695,69011,68476,67097,65228,62464,66162,68450,69373,71811,71585,70900,69239,67741,65908,64115,64108,60423,58164,56918,56443,56908,58596,61984,66806,72212,72592,71719,71263,69240,72326,73327,73371,74117,73008,71874,70040,68451,66394,64518,64687,60823,58448,57235,56730,57252,59024,62366,66890,71774,70342,67382,64553,61731,64763,66482,68682,71710,71649,70801,69424,68463,66809,65142,65178,61344,59017,57722,57063,57598,59405,62755,67454,72420,71987,69944,66766,61651,63953,66027,68711,71979,71935,71234,69780,68486,67337,65612,65949
687,60674,58285,56918,56336,56513,57423,58870,59488,59187,56135,54894,52979,51189,52328,53522,55623,58587,60247,60856,60326,59982,59199,58657,58858,55668,53161,51801,51245,51535,52450,53557,53769,53162,51492,50805,50033,49713,51004,51954,53624,56048,58770,60057,59923,59585,58747,58126,57564,54635,52571,51441,51263,51976,54098,58119,63695,69011,68476,67097,65228,62464,66162,68450,69373,71811,71585,70900,69239,67741,65908,64115,64108,60423,58164,56918,56443,56908,58596,61984,66806,72212,72592,71719,71263,69240,72326,73327,73371,74117,73008,71874,70040,68451,66394,64518,64687,60823,58448,57235,56730,57252,59024,62366,66890,71774,70342,67382,64553,61731,64763,66482,68682,71710,71649,70801,69424,68463,66809,65142,65178,61344,59017,57722,57063,57598,59405,62755,67454,72420,71987,69944,66766,61651,63953,66027,68711,71979,71935,71234,69780,68486,67337,65612,65949,62320,59753,58373,57647,58200,60011,63083,67289,70886,69153,67049,64048,60500,64216,66306,68116,70409,70015,69166,67817,66965,65424,63830,64084
688,55668,53161,51801,51245,51535,52450,53557,53769,53162,51492,50805,50033,49713,51004,51954,53624,56048,58770,60057,59923,59585,58747,58126,57564,54635,52571,51441,51263,51976,54098,58119,63695,69011,68476,67097,65228,62464,66162,68450,69373,71811,71585,70900,69239,67741,65908,64115,64108,60423,58164,56918,56443,56908,58596,61984,66806,72212,72592,71719,71263,69240,72326,73327,73371,74117,73008,71874,70040,68451,66394,64518,64687,60823,58448,57235,56730,57252,59024,62366,66890,71774,70342,67382,64553,61731,64763,66482,68682,71710,71649,70801,69424,68463,66809,65142,65178,61344,59017,57722,57063,57598,59405,62755,67454,72420,71987,69944,66766,61651,63953,66027,68711,71979,71935,71234,69780,68486,67337,65612,65949,62320,59753,58373,57647,58200,60011,63083,67289,70886,69153,67049,64048,60500,64216,66306,68116,70409,70015,69166,67817,66965,65424,63830,64084,60395,57875,56507,55708,55978,57050,58571,59524,59177,55619,54009,51892,49860,51349,53179,56286,59623,61322,61907,61510,61208,60613,60162,60652
689,54635,52571,51441,51263,51976,54098,58119,63695,69011,68476,67097,65228,62464,66162,68450,69373,71811,71585,70900,69239,67741,65908,64115,64108,60423,58164,56918,56443,56908,58596,61984,66806,72212,72592,71719,71263,69240,72326,73327,73371,74117,73008,71874,70040,68451,66394,64518,64687,60823,58448,57235,56730,57252,59024,62366,66890,71774,70342,67382,64553,61731,64763,66482,68682,71710,71649,70801,69424,68463,66809,65142,65178,61344,59017,57722,57063,57598,59405,62755,67454,72420,71987,69944,66766,61651,63953,66027,68711,71979,71935,71234,69780,68486,67337,65612,65949,62320,59753,58373,57647,58200,60011,63083,67289,70886,69153,67049,64048,60500,64216,66306,68116,70409,70015,69166,67817,66965,65424,63830,64084,60395,57875,56507,55708,55978,57050,58571,59524,59177,55619,54009,51892,49860,51349,53179,56286,59623,61322,61907,61510,61208,60613,60162,60652,57500,55117,53726,53087,53412,54349,55529,55895,54099,50248,48938,46838,46154,48431,51821,54318,56834,59759,61147,60916,60395,59793,59282,58804
690,60423,58164,56918,56443,56908,58596,61984,66806,72212,72592,71719,71263,69240,72326,73327,73371,74117,73008,71874,70040,68451,66394,64518,64687,60823,58448,57235,56730,57252,59024,62366,66890,71774,70342,67382,64553,61731,64763,66482,68682,71710,71649,70801,69424,68463,66809,65142,65178,61344,59017,57722,57063,57598,59405,62755,67454,72420,71987,69944,66766,61651,63953,66027,68711,71979,71935,71234,69780,68486,67337,65612,65949,62320,59753,58373,57647,58200,60011,63083,67289,70886,69153,67049,64048,60500,64216,66306,68116,70409,70015,69166,67817,66965,65424,63830,64084,60395,57875,56507,55708,55978,57050,58571,59524,59177,55619,54009,51892,49860,51349,53179,56286,59623,61322,61907,61510,61208,60613,60162,60652,57500,55117,53726,53087,53412,54349,55529,55895,54099,50248,48938,46838,46154,48431,51821,54318,56834,59759,61147,60916,60395,59793,59282,58804,55772,53643,52507,52056,52936,54956,59100,64898,71271,72111,72075,72111,69961,73022,73841,73906,74855,73280,71553,69679,68003,66187,64520,65212
691,60823,58448,57235,56730,57252,59024,62366,66890,71774,70342,67382,64553,61731,64763,66482,68682,71710,71649,70801,69424,68463,66809,65142,65178,61344,59017,57722,57063,57598,59405,62755,67454,72420,71987,69944,66766,61651,63953,66027,68711,71979,71935,71234,69780,68486,67337,65612,65949,62320,59753,58373,57647,58200,60011,63083,67289,70886,69153,67049,64048,60500,64216,66306,68116,70409,70015,69166,67817,66965,65424,63830,64084,60395,57875,56507,55708,55978,57050,58571,59524,59177,55619,54009,51892,49860,51349,53179,56286,59623,61322,61907,61510,61208,60613,60162,60652,57500,55117,53726,53087,53412,54349,55529,55895,54099,50248,48938,46838,46154,48431,51821,54318,56834,59759,61147,60916,60395,59793,59282,58804,55772,53643,52507,52056,52936,54956,59100,64898,71271,72111,72075,72111,69961,73022,73841,73906,74855,73280,71553,69679,68003,66187,64520,65212,61716,58830,57262,56592,57001,58480,61481,66042,72282,74024,74160,72464,69236,71942,72835,74257,75720,75237,73886,72038,70188,68205,66618,67214
692,61344,59017,57722,57063,57598,59405,62755,67454,72420,71987,69944,66766,61651,63953,66027,68711,71979,71935,71234,69780,68486,67337,65612,65949,62320,59753,58373,57647,58200,60011,63083,67289,70886,69153,67049,64048,60500,64216,66306,68116,70409,70015,69166,67817,66965,65424,63830,64084,60395,57875,56507,55708,55978,57050,58571,59524,59177,55619,54009,51892,49860,51349,53179,56286,59623,61322,61907,61510,61208,60613,60162,60652,57500,55117,53726,53087,53412,54349,55529,55895,54099,50248,48938,46838,46154,48431,51821,54318,56834,59759,61147,60916,60395,59793,59282,58804,55772,53643,52507,52056,52936,54956,59100,64898,71271,72111,72075,72111,69961,73022,73841,73906,74855,73280,71553,69679,68003,66187,64520,65212,61716,58830,57262,56592,57001,58480,61481,66042,72282,74024,74160,72464,69236,71942,72835,74257,75720,75237,73886,72038,70188,68205,66618,67214,63728,61603,60394,60206,60978,62835,66551,72423,79039,78960,77306,75104,71567,75541,78128,79523,82117,81382,79112,76840,74931,72652,70847,71207
693,62320,59753,58373,57647,58200,60011,63083,67289,70886,69153,67049,64048,60500,64216,66306,68116,70409,70015,69166,67817,66965,65424,63830,64084,60395,57875,56507,55708,55978,57050,58571,59524,59177,55619,54009,51892,49860,51349,53179,56286,59623,61322,61907,61510,61208,60613,60162,60652,57500,55117,53726,53087,53412,54349,55529,55895,54099,50248,48938,46838,46154,48431,51821,54318,56834,59759,61147,60916,60395,59793,59282,58804,55772,53643,52507,52056,52936,54956,59100,64898,71271,72111,72075,72111,69961,73022,73841,73906,74855,73280,71553,69679,68003,66187,64520,65212,61716,58830,57262,56592,57001,58480,61481,66042,72282,74024,74160,72464,69236,71942,72835,74257,75720,75237,73886,72038,70188,68205,66618,67214,63728,61603,60394,60206,60978,62835,66551,72423,79039,78960,77306,75104,71567,75541,78128,79523,82117,81382,79112,76840,74931,72652,70847,71207,67600,65168,63772,63109,63592,65169,68718,74643,81412,81434,77989,74433,71057,75178,77887,80294,83052,82861,80393,78031,75676,73276,71310,71854
694,60395,57875,56507,55708,55978,57050,58571,59524,59177,55619,54009,51892,49860,51349,53179,56286,59623,61322,61907,61510,61208,60613,60162,60652,57500,55117,53726,53087,53412,54349,55529,55895,54099,50248,48938,46838,46154,48431,51821,54318,56834,59759,61147,60916,60395,59793,59282,58804,55772,53643,52507,52056,52936,54956,59100,64898,71271,72111,72075,72111,69961,73022,73841,73906,74855,73280,71553,69679,68003,66187,64520,65212,61716,58830,57262,56592,57001,58480,61481,66042,72282,74024,74160,72464,69236,71942,72835,74257,75720,75237,73886,72038,70188,68205,66618,67214,63728,61603,60394,60206,60978,62835,66551,72423,79039,78960,77306,75104,71567,75541,78128,79523,82117,81382,79112,76840,74931,72652,70847,71207,67600,65168,63772,63109,63592,65169,68718,74643,81412,81434,77989,74433,71057,75178,77887,80294,83052,82861,80393,78031,75676,73276,71310,71854,68356,65990,64683,64008,64276,65896,69339,75014,80829,79596,77252,74037,69617,72654,74212,75615,78880,78352,77160,75521,74069,71983,70331,71222
695,57500,55117,53726,53087,53412,54349,55529,55895,54099,50248,48938,46838,46154,48431,51821,54318,56834,59759,61147,60916,60395,59793,59282,58804,55772,53643,52507,52056,52936,54956,59100,64898,71271,72111,72075,72111,69961,73022,73841,73906,74855,73280,71553,69679,68003,66187,64520,65212,61716,58830,57262,56592,57001,58480,61481,66042,72282,74024,74160,72464,69236,71942,72835,74257,75720,75237,73886,72038,70188,68205,66618,67214,63728,61603,60394,60206,60978,62835,66551,72423,79039,78960,77306,75104,71567,75541,78128,79523,82117,81382,79112,76840,74931,72652,70847,71207,67600,65168,63772,63109,63592,65169,68718,74643,81412,81434,77989,74433,71057,75178,77887,80294,83052,82861,80393,78031,75676,73276,71310,71854,68356,65990,64683,64008,64276,65896,69339,75014,80829,79596,77252,74037,69617,72654,74212,75615,78880,78352,77160,75521,74069,71983,70331,71222,67989,65708,63886,62190,61719,62223,63436,64647,66149,66390,67442,66393,63674,64214,64392,64679,65815,66941,67325,66354,65387,64423,64053,64919
696,55772,53643,52507,52056,52936,54956,59100,64898,71271,72111,72075,72111,69961,73022,73841,73906,74855,73280,71553,69679,68003,66187,64520,65212,61716,58830,57262,56592,57001,58480,61481,66042,72282,74024,74160,72464,69236,71942,72835,74257,75720,75237,73886,72038,70188,68205,66618,67214,63728,61603,60394,60206,60978,62835,66551,72423,79039,78960,77306,75104,71567,75541,78128,79523,82117,81382,79112,76840,74931,72652,70847,71207,67600,65168,63772,63109,63592,65169,68718,74643,81412,81434,77989,74433,71057,75178,77887,80294,83052,82861,80393,78031,75676,73276,71310,71854,68356,65990,64683,64008,64276,65896,69339,75014,80829,79596,77252,74037,69617,72654,74212,75615,78880,78352,77160,75521,74069,71983,70331,71222,67989,65708,63886,62190,61719,62223,63436,64647,66149,66390,67442,66393,63674,64214,64392,64679,65815,66941,67325,66354,65387,64423,64053,64919,62018,59600,58130,57354,57575,58401,59512,60008,59282,57759,58454,57829,57388,58499,60084,61784,64258,67058,67707,67343,66613,65514,64950,65208
697,61716,58830,57262,56592,57001,58480,61481,66042,72282,74024,74160,72464,69236,71942,72835,74257,75720,75237,73886,72038,70188,68205,66618,67214,63728,61603,60394,60206,60978,62835,66551,72423,79039,78960,77306,75104,71567,75541,78128,79523,82117,81382,79112,76840,74931,72652,70847,71207,67600,65168,63772,63109,63592,65169,68718,74643,81412,81434,77989,74433,71057,75178,77887,80294,83052,82861,80393,78031,75676,73276,71310,71854,68356,65990,64683,64008,64276,65896,69339,75014,80829,79596,77252,74037,69617,72654,74212,75615,78880,78352,77160,75521,74069,71983,70331,71222,67989,65708,63886,62190,61719,62223,63436,64647,66149,66390,67442,66393,63674,64214,64392,64679,65815,66941,67325,66354,65387,64423,64053,64919,62018,59600,58130,57354,57575,58401,59512,60008,59282,57759,58454,57829,57388,58499,60084,61784,64258,67058,67707,67343,66613,65514,64950,65208,62511,60322,58807,58234,58930,61027,65451,72800,82120,83990,82244,78786,74056,76318,77466,80038,83918,83521,80957,78310,76016,73467,71397,72085
698,63728,61603,60394,60206,60978,62835,66551,72423,79039,78960,77306,75104,71567,75541,78128,79523,82117,81382,79112,76840,74931,72652,70847,71207,67600,65168,63772,63109,63592,65169,68718,74643,81412,81434,77989,74433,71057,75178,77887,80294,83052,82861,80393,78031,75676,73276,71310,71854,68356,65990,64683,64008,64276,65896,69339,75014,80829,79596,77252,74037,69617,72654,74212,75615,78880,78352,77160,75521,74069,71983,70331,71222,67989,65708,63886,62190,61719,62223,63436,64647,66149,66390,67442,66393,63674,64214,64392,64679,65815,66941,67325,66354,65387,64423,64053,64919,62018,59600,58130,57354,57575,58401,59512,60008,59282,57759,58454,57829,57388,58499,60084,61784,64258,67058,67707,67343,66613,65514,64950,65208,62511,60322,58807,58234,58930,61027,65451,72800,82120,83990,82244,78786,74056,76318,77466,80038,83918,83521,80957,78310,76016,73467,71397,72085,68959,66606,65439,64863,65489,66792,70016,75672,83328,84058,82664,80235,76006,78522,79766,81086,83318,82394,80005,77522,75355,72962,70840,71132
699,67600,65168,63772,63109,63592,65169,68718,74643,81412,81434,77989,74433,71057,75178,77887,80294,83052,82861,80393,78031,75676,73276,71310,71854,68356,65990,64683,64008,64276,65896,69339,75014,80829,79596,77252,74037,69617,72654,74212,75615,78880,78352,77160,75521,74069,71983,70331,71222,67989,65708,63886,62190,61719,62223,63436,64647,66149,66390,67442,66393,63674,64214,64392,64679,65815,66941,67325,66354,65387,64423,64053,64919,62018,59600,58130,57354,57575,58401,59512,60008,59282,57759,58454,57829,57388,58499,60084,61784,64258,67058,67707,67343,66613,65514,64950,65208,62511,60322,58807,58234,58930,61027,65451,72800,82120,83990,82244,78786,74056,76318,77466,80038,83918,83521,80957,78310,76016,73467,71397,72085,68959,66606,65439,64863,65489,66792,70016,75672,83328,84058,82664,80235,76006,78522,79766,81086,83318,82394,80005,77522,75355,72962,70840,71132,67842,65378,63940,63180,63583,65204,68702,74864,82135,81604,78953,75875,72020,75235,77297,78637,81153,80146,78027,75977,74135,71988,70307,71139
700,68356,65990,64683,64008,64276,65896,69339,75014,80829,79596,77252,74037,69617,72654,74212,75615,78880,78352,77160,75521,74069,71983,70331,71222,67989,65708,63886,62190,61719,62223,63436,64647,66149,66390,67442,66393,63674,64214,64392,64679,65815,66941,67325,66354,65387,64423,64053,64919,62018,59600,58130,57354,57575,58401,59512,60008,59282,57759,58454,57829,57388,58499,60084,61784,64258,67058,67707,67343,66613,65514,64950,65208,62511,60322,58807,58234,58930,61027,65451,72800,82120,83990,82244,78786,74056,76318,77466,80038,83918,83521,80957,78310,76016,73467,71397,72085,68959,66606,65439,64863,65489,66792,70016,75672,83328,84058,82664,80235,76006,78522,79766,81086,83318,82394,80005,77522,75355,72962,70840,71132,67842,65378,63940,63180,63583,65204,68702,74864,82135,81604,78953,75875,72020,75235,77297,78637,81153,80146,78027,75977,74135,71988,70307,71139,67713,65375,63961,63418,63984,65621,69377,75081,81462,80101,77291,73915,69273,72127,74298,77351,80340,79986,78254,76181,74247,72275,70414,71135
701,67989,65708,63886,62190,61719,62223,63436,64647,66149,66390,67442,66393,63674,64214,64392,64679,65815,66941,67325,66354,65387,64423,64053,64919,62018,59600,58130,57354,57575,58401,59512,60008,59282,57759,58454,57829,57388,58499,60084,61784,64258,67058,67707,67343,66613,65514,64950,65208,62511,60322,58807,58234,58930,61027,65451,72800,82120,83990,82244,78786,74056,76318,77466,80038,83918,83521,80957,78310,76016,73467,71397,72085,68959,66606,65439,64863,65489,66792,70016,75672,83328,84058,82664,80235,76006,78522,79766,81086,83318,82394,80005,77522,75355,72962,70840,71132,67842,65378,63940,63180,63583,65204,68702,74864,82135,81604,78953,75875,72020,75235,77297,78637,81153,80146,78027,75977,74135,71988,70307,71139,67713,65375,63961,63418,63984,65621,69377,75081,81462,80101,77291,73915,69273,72127,74298,77351,80340,79986,78254,76181,74247,72275,70414,71135,67532,64993,63522,62871,63402,65055,68388,73836,81231,82223,80608,77585,72478,74673,75822,76640,78243,77585,75866,73952,72589,70712,69284,70268
702,62018,59600,58130,57354,57575,58401,59512,60008,59282,57759,58454,57829,57388,58499,60084,61784,64258,67058,67707,67343,66613,65514,64950,65208,62511,60322,58807,58234,58930,61027,65451,72800,82120,83990,82244,78786,74056,76318,77466,80038,83918,83521,80957,78310,76016,73467,71397,72085,68959,66606,65439,64863,65489,66792,70016,75672,83328,84058,82664,80235,76006,78522,79766,81086,83318,82394,80005,77522,75355,72962,70840,71132,67842,65378,63940,63180,63583,65204,68702,74864,82135,81604,78953,75875,72020,75235,77297,78637,81153,80146,78027,75977,74135,71988,70307,71139,67713,65375,63961,63418,63984,65621,69377,75081,81462,80101,77291,73915,69273,72127,74298,77351,80340,79986,78254,76181,74247,72275,70414,71135,67532,64993,63522,62871,63402,65055,68388,73836,81231,82223,80608,77585,72478,74673,75822,76640,78243,77585,75866,73952,72589,70712,69284,70268,67035,64512,62932,61970,62068,62873,64184,65678,66850,65745,65248,64486,63385,65131,66070,66276,66837,67446,67391,66577,65883,64727,64433,65426
703,62511,60322,58807,58234,58930,61027,65451,72800,82120,83990,82244,78786,74056,76318,77466,80038,83918,83521,80957,78310,76016,73467,71397,72085,68959,66606,65439,64863,65489,66792,70016,75672,83328,84058,82664,80235,76006,78522,79766,81086,83318,82394,80005,77522,75355,72962,70840,71132,67842,65378,63940,63180,63583,65204,68702,74864,82135,81604,78953,75875,72020,75235,77297,78637,81153,80146,78027,75977,74135,71988,70307,71139,67713,65375,63961,63418,63984,65621,69377,75081,81462,80101,77291,73915,69273,72127,74298,77351,80340,79986,78254,76181,74247,72275,70414,71135,67532,64993,63522,62871,63402,65055,68388,73836,81231,82223,80608,77585,72478,74673,75822,76640,78243,77585,75866,73952,72589,70712,69284,70268,67035,64512,62932,61970,62068,62873,64184,65678,66850,65745,65248,64486,63385,65131,66070,66276,66837,67446,67391,66577,65883,64727,64433,65426,62666,60224,58721,57868,58064,58817,59729,60274,59419,56161,54478,52424,51343,52146,53830,57210,61227,64732,65907,65850,65403,64778,64400,64592
704,68959,66606,65439,64863,65489,66792,70016,75672,83328,84058,82664,80235,76006,78522,79766,81086,83318,82394,80005,77522,75355,72962,70840,71132,67842,65378,63940,63180,63583,65204,68702,74864,82135,81604,78953,75875,72020,75235,77297,78637,81153,80146,78027,75977,74135,71988,70307,71139,67713,65375,63961,63418,63984,65621,69377,75081,81462,80101,77291,73915,69273,72127,74298,77351,80340,79986,78254,76181,74247,72275,70414,71135,67532,64993,63522,62871,63402,65055,68388,73836,81231,82223,80608,77585,72478,74673,75822,76640,78243,77585,75866,73952,72589,70712,69284,70268,67035,64512,62932,61970,62068,62873,64184,65678,66850,65745,65248,64486,63385,65131,66070,66276,66837,67446,67391,66577,65883,64727,64433,65426,62666,60224,58721,57868,58064,58817,59729,60274,59419,56161,54478,52424,51343,52146,53830,57210,61227,64732,65907,65850,65403,64778,64400,64592,61686,59480,58192,57877,58726,60901,65269,72134,80706,81118,80063,78866,76949,80527,81874,82681,83311,81346,78773,76546,74075,71702,69840,70563
705,67842,65378,63940,63180,63583,65204,68702,74864,82135,81604,78953,75875,72020,75235,77297,78637,81153,80146,78027,75977,74135,71988,70307,71139,67713,65375,63961,63418,63984,65621,69377,75081,81462,80101,77291,73915,69273,72127,74298,77351,80340,79986,78254,76181,74247,72275,70414,71135,67532,64993,63522,62871,63402,65055,68388,73836,81231,82223,80608,77585,72478,74673,75822,76640,78243,77585,75866,73952,72589,70712,69284,70268,67035,64512,62932,61970,62068,62873,64184,65678,66850,65745,65248,64486,63385,65131,66070,66276,66837,67446,67391,66577,65883,64727,64433,65426,62666,60224,58721,57868,58064,58817,59729,60274,59419,56161,54478,52424,51343,52146,53830,57210,61227,64732,65907,65850,65403,64778,64400,64592,61686,59480,58192,57877,58726,60901,65269,72134,80706,81118,80063,78866,76949,80527,81874,82681,83311,81346,78773,76546,74075,71702,69840,70563,67048,64584,63148,62561,62956,64671,68508,74239,81841,82477,81127,79636,76690,80958,83337,84109,85195,83335,80890,78541,76415,74256,72573,73586
706,67713,65375,63961,63418,63984,65621,69377,75081,81462,80101,77291,73915,69273,72127,74298,77351,80340,79986,78254,76181,74247,72275,70414,71135,67532,64993,63522,62871,63402,65055,68388,73836,81231,82223,80608,77585,72478,74673,75822,76640,78243,77585,75866,73952,72589,70712,69284,70268,67035,64512,62932,61970,62068,62873,64184,65678,66850,65745,65248,64486,63385,65131,66070,66276,66837,67446,67391,66577,65883,64727,64433,65426,62666,60224,58721,57868,58064,58817,59729,60274,59419,56161,54478,52424,51343,52146,53830,57210,61227,64732,65907,65850,65403,64778,64400,64592,61686,59480,58192,57877,58726,60901,65269,72134,80706,81118,80063,78866,76949,80527,81874,82681,83311,81346,78773,76546,74075,71702,69840,70563,67048,64584,63148,62561,62956,64671,68508,74239,81841,82477,81127,79636,76690,80958,83337,84109,85195,83335,80890,78541,76415,74256,72573,73586,70430,68070,66822,66237,66790,68669,72642,79181,87915,90128,89490,86924,81968,84470,85738,87016,89023,87769,84744,82145,79794,77231,75142,75723
707,67532,64993,63522,62871,63402,65055,68388,73836,81231,82223,80608,77585,72478,74673,75822,76640,78243,77585,75866,73952,72589,70712,69284,70268,67035,64512,62932,61970,62068,62873,64184,65678,66850,65745,65248,64486,63385,65131,66070,66276,66837,67446,67391,66577,65883,64727,64433,65426,62666,60224,58721,57868,58064,58817,59729,60274,59419,56161,54478,52424,51343,52146,53830,57210,61227,64732,65907,65850,65403,64778,64400,64592,61686,59480,58192,57877,58726,60901,65269,72134,80706,81118,80063,78866,76949,80527,81874,82681,83311,81346,78773,76546,74075,71702,69840,70563,67048,64584,63148,62561,62956,64671,68508,74239,81841,82477,81127,79636,76690,80958,83337,84109,85195,83335,80890,78541,76415,74256,72573,73586,70430,68070,66822,66237,66790,68669,72642,79181,87915,90128,89490,86924,81968,84470,85738,87016,89023,87769,84744,82145,79794,77231,75142,75723,72440,69845,68441,67866,68125,69576,73095,79294,87664,88874,87746,85332,81025,83684,85139,86728,88043,86155,83293,80762,78461,75712,73745,74674
708,67035,64512,62932,61970,62068,62873,64184,65678,66850,65745,65248,64486,63385,65131,66070,66276,66837,67446,67391,66577,65883,64727,64433,65426,62666,60224,58721,57868,58064,58817,59729,60274,59419,56161,54478,52424,51343,52146,53830,57210,61227,64732,65907,65850,65403,64778,64400,64592,61686,59480,58192,57877,58726,60901,65269,72134,80706,81118,80063,78866,76949,80527,81874,82681,83311,81346,78773,76546,74075,71702,69840,70563,67048,64584,63148,62561,62956,64671,68508,74239,81841,82477,81127,79636,76690,80958,83337,84109,85195,83335,80890,78541,76415,74256,72573,73586,70430,68070,66822,66237,66790,68669,72642,79181,87915,90128,89490,86924,81968,84470,85738,87016,89023,87769,84744,82145,79794,77231,75142,75723,72440,69845,68441,67866,68125,69576,73095,79294,87664,88874,87746,85332,81025,83684,85139,86728,88043,86155,83293,80762,78461,75712,73745,74674,71270,68945,67558,67034,67421,68977,72730,79238,87540,89583,88698,86532,81693,84176,85550,86415,87605,85804,82636,80114,78390,75802,73919,74831
709,62666,60224,58721,57868,58064,58817,59729,60274,59419,56161,54478,52424,51343,52146,53830,57210,61227,64732,65907,65850,65403,64778,64400,64592,61686,59480,58192,57877,58726,60901,65269,72134,80706,81118,80063,78866,76949,80527,81874,82681,83311,81346,78773,76546,74075,71702,69840,70563,67048,64584,63148,62561,62956,64671,68508,74239,81841,82477,81127,79636,76690,80958,83337,84109,85195,83335,80890,78541,76415,74256,72573,73586,70430,68070,66822,66237,66790,68669,72642,79181,87915,90128,89490,86924,81968,84470,85738,87016,89023,87769,84744,82145,79794,77231,75142,75723,72440,69845,68441,67866,68125,69576,73095,79294,87664,88874,87746,85332,81025,83684,85139,86728,88043,86155,83293,80762,78461,75712,73745,74674,71270,68945,67558,67034,67421,68977,72730,79238,87540,89583,88698,86532,81693,84176,85550,86415,87605,85804,82636,80114,78390,75802,73919,74831,71489,68995,67432,66336,66373,67012,68484,70002,72860,73495,73761,72514,69938,70551,70697,71656,73149,74303,74287,73409,72304,70932,70655,71979
710,61686,59480,58192,57877,58726,60901,65269,72134,80706,81118,80063,78866,76949,80527,81874,82681,83311,81346,78773,76546,74075,71702,69840,70563,67048,64584,63148,62561,62956,64671,68508,74239,81841,82477,81127,79636,76690,80958,83337,84109,85195,83335,80890,78541,76415,74256,72573,73586,70430,68070,66822,66237,66790,68669,72642,79181,87915,90128,89490,86924,81968,84470,85738,87016,89023,87769,84744,82145,79794,77231,75142,75723,72440,69845,68441,67866,68125,69576,73095,79294,87664,88874,87746,85332,81025,83684,85139,86728,88043,86155,83293,80762,78461,75712,73745,74674,71270,68945,67558,67034,67421,68977,72730,79238,87540,89583,88698,86532,81693,84176,85550,86415,87605,85804,82636,80114,78390,75802,73919,74831,71489,68995,67432,66336,66373,67012,68484,70002,72860,73495,73761,72514,69938,70551,70697,71656,73149,74303,74287,73409,72304,70932,70655,71979,69388,66943,65238,64151,64047,64655,65513,66260,66608,65667,65831,64801,63850,64008,64663,66506,69581,72827,73852,73320,72172,70755,70334,70793
711,67048,64584,63148,62561,62956,64671,68508,74239,81841,82477,81127,79636,76690,80958,83337,84109,85195,83335,80890,78541,76415,74256,72573,73586,70430,68070,66822,66237,66790,68669,72642,79181,87915,90128,89490,86924,81968,84470,85738,87016,89023,87769,84744,82145,79794,77231,75142,75723,72440,69845,68441,67866,68125,69576,73095,79294,87664,88874,87746,85332,81025,83684,85139,86728,88043,86155,83293,80762,78461,75712,73745,74674,71270,68945,67558,67034,67421,68977,72730,79238,87540,89583,88698,86532,81693,84176,85550,86415,87605,85804,82636,80114,78390,75802,73919,74831,71489,68995,67432,66336,66373,67012,68484,70002,72860,73495,73761,72514,69938,70551,70697,71656,73149,74303,74287,73409,72304,70932,70655,71979,69388,66943,65238,64151,64047,64655,65513,66260,66608,65667,65831,64801,63850,64008,64663,66506,69581,72827,73852,73320,72172,70755,70334,70793,68440,66394,65052,64314,64433,66404,70757,78559,88555,91287,90738,88817,84367,86698,88118,89694,91710,90178,86735,83536,80684,77867,75701,76514
712,70430,68070,66822,66237,66790,68669,72642,79181,87915,90128,89490,86924,81968,84470,85738,87016,89023,87769,84744,82145,79794,77231,75142,75723,72440,69845,68441,67866,68125,69576,73095,79294,87664,88874,87746,85332,81025,83684,85139,86728,88043,86155,83293,80762,78461,75712,73745,74674,71270,68945,67558,67034,67421,68977,72730,79238,87540,89583,88698,86532,81693,84176,85550,86415,87605,85804,82636,80114,78390,75802,73919,74831,71489,68995,67432,66336,66373,67012,68484,70002,72860,73495,73761,72514,69938,70551,70697,71656,73149,74303,74287,73409,72304,70932,70655,71979,69388,66943,65238,64151,64047,64655,65513,66260,66608,65667,65831,64801,63850,64008,64663,66506,69581,72827,73852,73320,72172,70755,70334,70793,68440,66394,65052,64314,64433,66404,70757,78559,88555,91287,90738,88817,84367,86698,88118,89694,91710,90178,86735,83536,80684,77867,75701,76514,73211,71054,69589,68877,69326,70917,74682,81411,89640,90571,88447,84994,79984,82066,83715,85731,88470,87745,85111,82239,79841,77122,75068,75533
713,72440,69845,68441,67866,68125,69576,73095,79294,87664,88874,87746,85332,81025,83684,85139,86728,88043,86155,83293,80762,78461,75712,73745,74674,71270,68945,67558,67034,67421,68977,72730,79238,87540,89583,88698,86532,81693,84176,85550,86415,87605,85804,82636,80114,78390,75802,73919,74831,71489,68995,67432,66336,66373,67012,68484,70002,72860,73495,73761,72514,69938,70551,70697,71656,73149,74303,74287,73409,72304,70932,70655,71979,69388,66943,65238,64151,64047,64655,65513,66260,66608,65667,65831,64801,63850,64008,64663,66506,69581,72827,73852,73320,72172,70755,70334,70793,68440,66394,65052,64314,64433,66404,70757,78559,88555,91287,90738,88817,84367,86698,88118,89694,91710,90178,86735,83536,80684,77867,75701,76514,73211,71054,69589,68877,69326,70917,74682,81411,89640,90571,88447,84994,79984,82066,83715,85731,88470,87745,85111,82239,79841,77122,75068,75533,71796,69246,67584,66823,67085,68743,72271,78208,87281,91688,92698,91846,88084,90009,89653,88806,88582,86035,83409,80666,78503,76153,74355,75061
714,71270,68945,67558,67034,67421,68977,72730,79238,87540,89583,88698,86532,81693,84176,85550,86415,87605,85804,82636,80114,78390,75802,73919,74831,71489,68995,67432,66336,66373,67012,68484,70002,72860,73495,73761,72514,69938,70551,70697,71656,73149,74303,74287,73409,72304,70932,70655,71979,69388,66943,65238,64151,64047,64655,65513,66260,66608,65667,65831,64801,63850,64008,64663,66506,69581,72827,73852,73320,72172,70755,70334,70793,68440,66394,65052,64314,64433,66404,70757,78559,88555,91287,90738,88817,84367,86698,88118,89694,91710,90178,86735,83536,80684,77867,75701,76514,73211,71054,69589,68877,69326,70917,74682,81411,89640,90571,88447,84994,79984,82066,83715,85731,88470,87745,85111,82239,79841,77122,75068,75533,71796,69246,67584,66823,67085,68743,72271,78208,87281,91688,92698,91846,88084,90009,89653,88806,88582,86035,83409,80666,78503,76153,74355,75061,71784,69389,67937,67272,67751,69557,73479,79959,89092,92057,92221,90886,87060,89773,90824,91793,92999,90947,87878,84810,82204,79503,77331,78285
715,71489,68995,67432,66336,66373,67012,68484,70002,72860,73495,73761,72514,69938,70551,70697,71656,73149,74303,74287,73409,72304,70932,70655,71979,69388,66943,65238,64151,64047,64655,65513,66260,66608,65667,65831,64801,63850,64008,64663,66506,69581,72827,73852,73320,72172,70755,70334,70793,68440,66394,65052,64314,64433,66404,70757,78559,88555,91287,90738,88817,84367,86698,88118,89694,91710,90178,86735,83536,80684,77867,75701,76514,73211,71054,69589,68877,69326,70917,74682,81411,89640,90571,88447,84994,79984,82066,83715,85731,88470,87745,85111,82239,79841,77122,75068,75533,71796,69246,67584,66823,67085,68743,72271,78208,87281,91688,92698,91846,88084,90009,89653,88806,88582,86035,83409,80666,78503,76153,74355,75061,71784,69389,67937,67272,67751,69557,73479,79959,89092,92057,92221,90886,87060,89773,90824,91793,92999,90947,87878,84810,82204,79503,77331,78285,75118,72515,71093,70139,70321,71835,75399,81507,90692,94230,94509,93058,89498,91672,92380,92451,92712,89877,86250,83350,81088,78457,76590,77525
716,69388,66943,65238,64151,64047,64655,65513,66260,66608,65667,65831,64801,63850,64008,64663,66506,69581,72827,73852,73320,72172,70755,70334,70793,68440,66394,65052,64314,64433,66404,70757,78559,88555,91287,90738,88817,84367,86698,88118,89694,91710,90178,86735,83536,80684,77867,75701,76514,73211,71054,69589,68877,69326,70917,74682,81411,89640,90571,88447,84994,79984,82066,83715,85731,88470,87745,85111,82239,79841,77122,75068,75533,71796,69246,67584,66823,67085,68743,72271,78208,87281,91688,92698,91846,88084,90009,89653,88806,88582,86035,83409,80666,78503,76153,74355,75061,71784,69389,67937,67272,67751,69557,73479,79959,89092,92057,92221,90886,87060,89773,90824,91793,92999,90947,87878,84810,82204,79503,77331,78285,75118,72515,71093,70139,70321,71835,75399,81507,90692,94230,94509,93058,89498,91672,92380,92451,92712,89877,86250,83350,81088,78457,76590,77525,74434,71959,70139,69150,68867,69411,70620,72168,74523,74780,75010,73484,70720,70062,69708,70540,72598,74331,74672,73648,72564,71316,71125,72569
717,68440,66394,65052,64314,64433,66404,70757,78559,88555,91287,90738,88817,84367,86698,88118,89694,91710,90178,86735,83536,80684,77867,75701,76514,73211,71054,69589,68877,69326,70917,74682,81411,89640,90571,88447,84994,79984,82066,83715,85731,88470,87745,85111,82239,79841,77122,75068,75533,71796,69246,67584,66823,67085,68743,72271,78208,87281,91688,92698,91846,88084,90009,89653,88806,88582,86035,83409,80666,78503,76153,74355,75061,71784,69389,67937,67272,67751,69557,73479,79959,89092,92057,92221,90886,87060,89773,90824,91793,92999,90947,87878,84810,82204,79503,77331,78285,75118,72515,71093,70139,70321,71835,75399,81507,90692,94230,94509,93058,89498,91672,92380,92451,92712,89877,86250,83350,81088,78457,76590,77525,74434,71959,70139,69150,68867,69411,70620,72168,74523,74780,75010,73484,70720,70062,69708,70540,72598,74331,74672,73648,72564,71316,71125,72569,69937,67459,65681,64622,64425,64901,65451,66074,66038,64261,63460,61701,60365,59826,60120,62543,66316,69844,71213,70947,70326,69611,69388,69820
718,73211,71054,69589,68877,69326,70917,74682,81411,89640,90571,88447,84994,79984,82066,83715,85731,88470,87745,85111,82239,79841,77122,75068,75533,71796,69246,67584,66823,67085,68743,72271,78208,87281,91688,92698,91846,88084,90009,89653,88806,88582,86035,83409,80666,78503,76153,74355,75061,71784,69389,67937,67272,67751,69557,73479,79959,89092,92057,92221,90886,87060,89773,90824,91793,92999,90947,87878,84810,82204,79503,77331,78285,75118,72515,71093,70139,70321,71835,75399,81507,90692,94230,94509,93058,89498,91672,92380,92451,92712,89877,86250,83350,81088,78457,76590,77525,74434,71959,70139,69150,68867,69411,70620,72168,74523,74780,75010,73484,70720,70062,69708,70540,72598,74331,74672,73648,72564,71316,71125,72569,69937,67459,65681,64622,64425,64901,65451,66074,66038,64261,63460,61701,60365,59826,60120,62543,66316,69844,71213,70947,70326,69611,69388,69820,67335,65111,63624,62943,63585,65437,69907,77625,87439,89935,89643,87950,84199,86117,86615,86946,88564,87635,84886,82297,79944,77346,75119,76132
719,71796,69246,67584,66823,67085,68743,72271,78208,87281,91688,92698,91846,88084,90009,89653,88806,88582,86035,83409,80666,78503,76153,74355,75061,71784,69389,67937,67272,67751,69557,73479,79959,89092,92057,92221,90886,87060,89773,90824,91793,92999,90947,87878,84810,82204,79503,77331,78285,75118,72515,71093,70139,70321,71835,75399,81507,90692,94230,94509,93058,89498,91672,92380,92451,92712,89877,86250,83350,81088,78457,76590,77525,74434,71959,70139,69150,68867,69411,70620,72168,74523,74780,75010,73484,70720,70062,69708,70540,72598,74331,74672,73648,72564,71316,71125,72569,69937,67459,65681,64622,64425,64901,65451,66074,66038,64261,63460,61701,60365,59826,60120,62543,66316,69844,71213,70947,70326,69611,69388,69820,67335,65111,63624,62943,63585,65437,69907,77625,87439,89935,89643,87950,84199,86117,86615,86946,88564,87635,84886,82297,79944,77346,75119,76132,72877,70447,69109,68404,68595,70221,74068,80656,88939,89282,86916,83461,78310,80527,81912,83841,86932,86293,83992,81383,78954,76707,74789,75690
720,71784,69389,67937,67272,67751,69557,73479,79959,89092,92057,92221,90886,87060,89773,90824,91793,92999,90947,87878,84810,82204,79503,77331,78285,75118,72515,71093,70139,70321,71835,75399,81507,90692,94230,94509,93058,89498,91672,92380,92451,92712,89877,86250,83350,81088,78457,76590,77525,74434,71959,70139,69150,68867,69411,70620,72168,74523,74780,75010,73484,70720,70062,69708,70540,72598,74331,74672,73648,72564,71316,71125,72569,69937,67459,65681,64622,64425,64901,65451,66074,66038,64261,63460,61701,60365,59826,60120,62543,66316,69844,71213,70947,70326,69611,69388,69820,67335,65111,63624,62943,63585,65437,69907,77625,87439,89935,89643,87950,84199,86117,86615,86946,88564,87635,84886,82297,79944,77346,75119,76132,72877,70447,69109,68404,68595,70221,74068,80656,88939,89282,86916,83461,78310,80527,81912,83841,86932,86293,83992,81383,78954,76707,74789,75690,72194,69662,68202,67248,67314,68857,72366,78593,87231,88939,86711,82911,78282,80761,82178,83821,86597,85708,83230,80764,78771,76532,74738,75514
721,75118,72515,71093,70139,70321,71835,75399,81507,90692,94230,94509,93058,89498,91672,92380,92451,92712,89877,86250,83350,81088,78457,76590,77525,74434,71959,70139,69150,68867,69411,70620,72168,74523,74780,75010,73484,70720,70062,69708,70540,72598,74331,74672,73648,72564,71316,71125,72569,69937,67459,65681,64622,64425,64901,65451,66074,66038,64261,63460,61701,60365,59826,60120,62543,66316,69844,71213,70947,70326,69611,69388,69820,67335,65111,63624,62943,63585,65437,69907,77625,87439,89935,89643,87950,84199,86117,86615,86946,88564,87635,84886,82297,79944,77346,75119,76132,72877,70447,69109,68404,68595,70221,74068,80656,88939,89282,86916,83461,78310,80527,81912,83841,86932,86293,83992,81383,78954,76707,74789,75690,72194,69662,68202,67248,67314,68857,72366,78593,87231,88939,86711,82911,78282,80761,82178,83821,86597,85708,83230,80764,78771,76532,74738,75514,72264,69832,68351,67589,67860,69475,72950,79207,86768,86596,84063,80984,76569,78931,80329,82381,85033,84280,81977,79555,77532,75247,73453,74209
722,74434,71959,70139,69150,68867,69411,70620,72168,74523,74780,75010,73484,70720,70062,69708,70540,72598,74331,74672,73648,72564,71316,71125,72569,69937,67459,65681,64622,64425,64901,65451,66074,66038,64261,63460,61701,60365,59826,60120,62543,66316,69844,71213,70947,70326,69611,69388,69820,67335,65111,63624,62943,63585,65437,69907,77625,87439,89935,89643,87950,84199,86117,86615,86946,88564,87635,84886,82297,79944,77346,75119,76132,72877,70447,69109,68404,68595,70221,74068,80656,88939,89282,86916,83461,78310,80527,81912,83841,86932,86293,83992,81383,78954,76707,74789,75690,72194,69662,68202,67248,67314,68857,72366,78593,87231,88939,86711,82911,78282,80761,82178,83821,86597,85708,83230,80764,78771,76532,74738,75514,72264,69832,68351,67589,67860,69475,72950,79207,86768,86596,84063,80984,76569,78931,80329,82381,85033,84280,81977,79555,77532,75247,73453,74209,71147,68454,66821,65939,66138,67425,70656,75861,83057,83307,80779,77706,73794,75095,75449,76046,77368,76969,75675,74092,73147,71419,70038,71345
