,0,1,2,3,4,5,6,7,8,9,10,11,12,13,14,15,16,17,18,19,20,21,22,23,24,25,26,27,28,29,30,31,32,33,34,35,36,37,38,39,40,41,42,43,44,45,46,47,48,49,50,51,52,53,54,55,56,57,58,59,60,61,62,63,64,65,66,67,68,69,70,71,72,73,74,75,76,77,78,79,80,81,82,83,84,85,86,87,88,89,90,91,92,93,94,95,96,97,98,99,100,101,102,103,104,105,106,107,108,109,110,111,112,113,114,115,116,117,118,119
0,-8.3,-8.7,-9.1,-9.3,-9.3,-9.7,-9.7,-9.3,-9.3,-8.6,-6.1,-3.2,-1.1,-0.2,1.4,1.2,-0.2,-0.7,-1.4,-1.5,-1.6,-1.6,-1.8,-2.6,-3.4,-4.1,-5.0,-5.8,-6.3,-6.6,-6.6,-7.4,-8.3,-7.6,-6.0,-5.3,-3.2,-2.3,-1.5,-2.3,-1.7,-2.3,-3.2,-3.8,-4.2,-5.0,-5.5,-6.1,-6.6,-7.3,-7.7,-8.0,-8.3,-8.8,-9.0,-8.7,-8.7,-7.6,-5.7,-4.2,-3.1,-2.4,-2.3,-2.4,-2.3,-2.6,-3.6,-4.4,-4.9,-5.3,-5.9,-5.3,-6.2,-6.5,-7.0,-7.1,-7.4,-8.1,-8.1,-8.3,-8.1,-7.6,-5.6,-3.0,-1.5,-0.6,-0.4,0.0,0.2,-0.3,-0.9,-0.9,-0.7,-0.5,-0.6,-1.3,-2.1,-2.5,-2.5,-2.5,-2.7,-3.9,-4.2,-4.8,-5.6,-5.8,-5.2,-4.6,-4.6,-4.1,-4.2,-3.8,-3.6,-4.5,-5.7,-6.5,-7.1,-7.6,-8.5,-9.5
1,-3.4,-4.1,-5.0,-5.8,-6.3,-6.6,-6.6,-7.4,-8.3,-7.6,-6.0,-5.3,-3.2,-2.3,-1.5,-2.3,-1.7,-2.3,-3.2,-3.8,-4.2,-5.0,-5.5,-6.1,-6.6,-7.3,-7.7,-8.0,-8.3,-8.8,-9.0,-8.7,-8.7,-7.6,-5.7,-4.2,-3.1,-2.4,-2.3,-2.4,-2.3,-2.6,-3.6,-4.4,-4.9,-5.3,-5.9,-5.3,-6.2,-6.5,-7.0,-7.1,-7.4,-8.1,-8.1,-8.3,-8.1,-7.6,-5.6,-3.0,-1.5,-0.6,-0.4,0.0,0.2,-0.3,-0.9,-0.9,-0.7,-0.5,-0.6,-1.3,-2.1,-2.5,-2.5,-2.5,-2.7,-3.9,-4.2,-4.8,-5.6,-5.8,-5.2,-4.6,-4.6,-4.1,-4.2,-3.8,-3.6,-4.5,-5.7,-6.5,-7.1,-7.6,-8.5,-9.5,-9.9,-10.3,-10.6,-11.1,-11.2,-11.6,-11.7,-11.9,-11.7,-10.7,-8.2,-7.0,-6.0,-4.6,-3.6,-2.3,-2.2,-3.2,-3.7,-4.2,-5.5,-5.1,-4.7,-5.6
2,-6.6,-7.3,-7.7,-8.0,-8.3,-8.8,-9.0,-8.7,-8.7,-7.6,-5.7,-4.2,-3.1,-2.4,-2.3,-2.4,-2.3,-2.6,-3.6,-4.4,-4.9,-5.3,-5.9,-5.3,-6.2,-6.5,-7.0,-7.1,-7.4,-8.1,-8.1,-8.3,-8.1,-7.6,-5.6,-3.0,-1.5,-0.6,-0.4,0.0,0.2,-0.3,-0.9,-0.9,-0.7,-0.5,-0.6,-1.3,-2.1,-2.5,-2.5,-2.5,-2.7,-3.9,-4.2,-4.8,-5.6,-5.8,-5.2,-4.6,-4.6,-4.1,-4.2,-3.8,-3.6,-4.5,-5.7,-6.5,-7.1,-7.6,-8.5,-9.5,-9.9,-10.3,-10.6,-11.1,-11.2,-11.6,-11.7,-11.9,-11.7,-10.7,-8.2,-7.0,-6.0,-4.6,-3.6,-2.3,-2.2,-3.2,-3.7,-4.2,-5.5,-5.1,-4.7,-5.6,-8.3,-9.6,-11.6,-13.2,-14.3,-15.0,-15.6,-16.1,-16.4,-16.2,-15.3,-14.8,-13.8,-13.1,-12.4,-12.4,-12.3,-13.0,-13.7,-14.2,-14.6,-14.9,-15.3,-15.5
3,-6.2,-6.5,-7.0,-7.1,-7.4,-8.1,-8.1,-8.3,-8.1,-7.6,-5.6,-3.0,-1.5,-0.6,-0.4,0.0,0.2,-0.3,-0.9,-0.9,-0.7,-0.5,-0.6,-1.3,-2.1,-2.5,-2.5,-2.5,-2.7,-3.9,-4.2,-4.8,-5.6,-5.8,-5.2,-4.6,-4.6,-4.1,-4.2,-3.8,-3.6,-4.5,-5.7,-6.5,-7.1,-7.6,-8.5,-9.5,-9.9,-10.3,-10.6,-11.1,-11.2,-11.6,-11.7,-11.9,-11.7,-10.7,-8.2,-7.0,-6.0,-4.6,-3.6,-2.3,-2.2,-3.2,-3.7,-4.2,-5.5,-5.1,-4.7,-5.6,-8.3,-9.6,-11.6,-13.2,-14.3,-15.0,-15.6,-16.1,-16.4,-16.2,-15.3,-14.8,-13.8,-13.1,-12.4,-12.4,-12.3,-13.0,-13.7,-14.2,-14.6,-14.9,-15.3,-15.5,-15.9,-16.5,-16.9,-17.2,-17.5,-17.8,-17.8,-18.2,-18.5,-17.9,-15.6,-14.5,-13.4,-12.2,-11.6,-11.2,-11.3,-11.7,-12.6,-13.1,-13.5,-14.1,-14.5,-15.2
4,-2.1,-2.5,-2.5,-2.5,-2.7,-3.9,-4.2,-4.8,-5.6,-5.8,-5.2,-4.6,-4.6,-4.1,-4.2,-3.8,-3.6,-4.5,-5.7,-6.5,-7.1,-7.6,-8.5,-9.5,-9.9,-10.3,-10.6,-11.1,-11.2,-11.6,-11.7,-11.9,-11.7,-10.7,-8.2,-7.0,-6.0,-4.6,-3.6,-2.3,-2.2,-3.2,-3.7,-4.2,-5.5,-5.1,-4.7,-5.6,-8.3,-9.6,-11.6,-13.2,-14.3,-15.0,-15.6,-16.1,-16.4,-16.2,-15.3,-14.8,-13.8,-13.1,-12.4,-12.4,-12.3,-13.0,-13.7,-14.2,-14.6,-14.9,-15.3,-15.5,-15.9,-16.5,-16.9,-17.2,-17.5,-17.8,-17.8,-18.2,-18.5,-17.9,-15.6,-14.5,-13.4,-12.2,-11.6,-11.2,-11.3,-11.7,-12.6,-13.1,-13.5,-14.1,-14.5,-15.2,-15.4,-15.3,-15.1,-14.8,-15.7,-16.0,-16.4,-16.3,-16.2,-15.2,-12.5,-11.0,-10.1,-9.3,-8.7,-8.2,-7.7,-8.9,-9.7,-10.2,-10.7,-10.9,-11.2,-11.7
5,-9.9,-10.3,-10.6,-11.1,-11.2,-11.6,-11.7,-11.9,-11.7,-10.7,-8.2,-7.0,-6.0,-4.6,-3.6,-2.3,-2.2,-3.2,-3.7,-4.2,-5.5,-5.1,-4.7,-5.6,-8.3,-9.6,-11.6,-13.2,-14.3,-15.0,-15.6,-16.1,-16.4,-16.2,-15.3,-14.8,-13.8,-13.1,-12.4,-12.4,-12.3,-13.0,-13.7,-14.2,-14.6,-14.9,-15.3,-15.5,-15.9,-16.5,-16.9,-17.2,-17.5,-17.8,-17.8,-18.2,-18.5,-17.9,-15.6,-14.5,-13.4,-12.2,-11.6,-11.2,-11.3,-11.7,-12.6,-13.1,-13.5,-14.1,-14.5,-15.2,-15.4,-15.3,-15.1,-14.8,-15.7,-16.0,-16.4,-16.3,-16.2,-15.2,-12.5,-11.0,-10.1,-9.3,-8.7,-8.2,-7.7,-8.9,-9.7,-10.2,-10.7,-10.9,-11.2,-11.7,-12.2,-12.4,-12.3,-12.2,-12.5,-12.5,-12.6,-12.7,-12.6,-12.2,-9.7,-7.3,-6.0,-3.8,-2.8,-3.2,-3.3,-3.6,-4.2,-4.4,-4.6,-4.8,-5.4,-6.3
6,-8.3,-9.6,-11.6,-13.2,-14.3,-15.0,-15.6,-16.1,-16.4,-16.2,-15.3,-14.8,-13.8,-13.1,-12.4,-12.4,-12.3,-13.0,-13.7,-14.2,-14.6,-14.9,-15.3,-15.5,-15.9,-16.5,-16.9,-17.2,-17.5,-17.8,-17.8,-18.2,-18.5,-17.9,-15.6,-14.5,-13.4,-12.2,-11.6,-11.2,-11.3,-11.7,-12.6,-13.1,-13.5,-14.1,-14.5,-15.2,-15.4,-15.3,-15.1,-14.8,-15.7,-16.0,-16.4,-16.3,-16.2,-15.2,-12.5,-11.0,-10.1,-9.3,-8.7,-8.2,-7.7,-8.9,-9.7,-10.2,-10.7,-10.9,-11.2,-11.7,-12.2,-12.4,-12.3,-12.2,-12.5,-12.5,-12.6,-12.7,-12.6,-12.2,-9.7,-7.3,-6.0,-3.8,-2.8,-3.2,-3.3,-3.6,-4.2,-4.4,-4.6,-4.8,-5.4,-6.3,-6.6,-7.1,-7.9,-8.5,-9.1,-9.5,-9.5,-9.1,-8.8,-8.4,-7.7,-6.7,-6.1,-5.0,-4.3,-4.1,-4.1,-4.2,-5.1,-5.4,-5.7,-5.9,-6.6,-6.7
7,-15.9,-16.5,-16.9,-17.2,-17.5,-17.8,-17.8,-18.2,-18.5,-17.9,-15.6,-14.5,-13.4,-12.2,-11.6,-11.2,-11.3,-11.7,-12.6,-13.1,-13.5,-14.1,-14.5,-15.2,-15.4,-15.3,-15.1,-14.8,-15.7,-16.0,-16.4,-16.3,-16.2,-15.2,-12.5,-11.0,-10.1,-9.3,-8.7,-8.2,-7.7,-8.9,-9.7,-10.2,-10.7,-10.9,-11.2,-11.7,-12.2,-12.4,-12.3,-12.2,-12.5,-12.5,-12.6,-12.7,-12.6,-12.2,-9.7,-7.3,-6.0,-3.8,-2.8,-3.2,-3.3,-3.6,-4.2,-4.4,-4.6,-4.8,-5.4,-6.3,-6.6,-7.1,-7.9,-8.5,-9.1,-9.5,-9.5,-9.1,-8.8,-8.4,-7.7,-6.7,-6.1,-5.0,-4.3,-4.1,-4.1,-4.2,-5.1,-5.4,-5.7,-5.9,-6.6,-6.7,-6.1,-6.3,-7.5,-8.2,-8.6,-8.9,-9.1,-9.3,-9.1,-7.7,-5.6,-3.9,-1.9,-1.0,-0.7,-0.8,-1.5,-1.1,-0.8,-1.3,-1.2,-0.9,-1.5,-1.8
8,-15.4,-15.3,-15.1,-14.8,-15.7,-16.0,-16.4,-16.3,-16.2,-15.2,-12.5,-11.0,-10.1,-9.3,-8.7,-8.2,-7.7,-8.9,-9.7,-10.2,-10.7,-10.9,-11.2,-11.7,-12.2,-12.4,-12.3,-12.2,-12.5,-12.5,-12.6,-12.7,-12.6,-12.2,-9.7,-7.3,-6.0,-3.8,-2.8,-3.2,-3.3,-3.6,-4.2,-4.4,-4.6,-4.8,-5.4,-6.3,-6.6,-7.1,-7.9,-8.5,-9.1,-9.5,-9.5,-9.1,-8.8,-8.4,-7.7,-6.7,-6.1,-5.0,-4.3,-4.1,-4.1,-4.2,-5.1,-5.4,-5.7,-5.9,-6.6,-6.7,-6.1,-6.3,-7.5,-8.2,-8.6,-8.9,-9.1,-9.3,-9.1,-7.7,-5.6,-3.9,-1.9,-1.0,-0.7,-0.8,-1.5,-1.1,-0.8,-1.3,-1.2,-0.9,-1.5,-1.8,-2.0,-2.1,-2.1,-2.4,-2.8,-2.9,-2.7,-3.0,-2.9,-2.1,-0.6,1.4,2.9,4.4,7.3,8.2,8.0,7.3,6.9,5.8,5.1,3.9,2.8,1.9
9,-12.2,-12.4,-12.3,-12.2,-12.5,-12.5,-12.6,-12.7,-12.6,-12.2,-9.7,-7.3,-6.0,-3.8,-2.8,-3.2,-3.3,-3.6,-4.2,-4.4,-4.6,-4.8,-5.4,-6.3,-6.6,-7.1,-7.9,-8.5,-9.1,-9.5,-9.5,-9.1,-8.8,-8.4,-7.7,-6.7,-6.1,-5.0,-4.3,-4.1,-4.1,-4.2,-5.1,-5.4,-5.7,-5.9,-6.6,-6.7,-6.1,-6.3,-7.5,-8.2,-8.6,-8.9,-9.1,-9.3,-9.1,-7.7,-5.6,-3.9,-1.9,-1.0,-0.7,-0.8,-1.5,-1.1,-0.8,-1.3,-1.2,-0.9,-1.5,-1.8,-2.0,-2.1,-2.1,-2.4,-2.8,-2.9,-2.7,-3.0,-2.9,-2.1,-0.6,1.4,2.9,4.4,7.3,8.2,8.0,7.3,6.9,5.8,5.1,3.9,2.8,1.9,0.9,0.3,-0.6,-1.2,-2.1,-2.4,-2.8,-3.1,-3.4,-3.0,-0.6,1.4,3.3,4.7,5.9,6.8,6.8,5.9,4.5,3.9,3.8,3.5,3.3,2.8
10,-6.6,-7.1,-7.9,-8.5,-9.1,-9.5,-9.5,-9.1,-8.8,-8.4,-7.7,-6.7,-6.1,-5.0,-4.3,-4.1,-4.1,-4.2,-5.1,-5.4,-5.7,-5.9,-6.6,-6.7,-6.1,-6.3,-7.5,-8.2,-8.6,-8.9,-9.1,-9.3,-9.1,-7.7,-5.6,-3.9,-1.9,-1.0,-0.7,-0.8,-1.5,-1.1,-0.8,-1.3,-1.2,-0.9,-1.5,-1.8,-2.0,-2.1,-2.1,-2.4,-2.8,-2.9,-2.7,-3.0,-2.9,-2.1,-0.6,1.4,2.9,4.4,7.3,8.2,8.0,7.3,6.9,5.8,5.1,3.9,2.8,1.9,0.9,0.3,-0.6,-1.2,-2.1,-2.4,-2.8,-3.1,-3.4,-3.0,-0.6,1.4,3.3,4.7,5.9,6.8,6.8,5.9,4.5,3.9,3.8,3.5,3.3,2.8,2.1,2.2,2.6,3.2,3.2,3.5,3.7,3.8,4.2,4.8,5.5,6.3,8.8,9.8,9.8,9.2,7.7,6.7,5.3,4.0,3.1,1.5,0.8,0.2
11,-6.1,-6.3,-7.5,-8.2,-8.6,-8.9,-9.1,-9.3,-9.1,-7.7,-5.6,-3.9,-1.9,-1.0,-0.7,-0.8,-1.5,-1.1,-0.8,-1.3,-1.2,-0.9,-1.5,-1.8,-2.0,-2.1,-2.1,-2.4,-2.8,-2.9,-2.7,-3.0,-2.9,-2.1,-0.6,1.4,2.9,4.4,7.3,8.2,8.0,7.3,6.9,5.8,5.1,3.9,2.8,1.9,0.9,0.3,-0.6,-1.2,-2.1,-2.4,-2.8,-3.1,-3.4,-3.0,-0.6,1.4,3.3,4.7,5.9,6.8,6.8,5.9,4.5,3.9,3.8,3.5,3.3,2.8,2.1,2.2,2.6,3.2,3.2,3.5,3.7,3.8,4.2,4.8,5.5,6.3,8.8,9.8,9.8,9.2,7.7,6.7,5.3,4.0,3.1,1.5,0.8,0.2,-0.7,-1.7,-2.4,-3.1,-4.0,-4.7,-5.4,-6.0,-6.6,-6.5,-5.8,-4.9,-3.6,-2.3,-1.8,-1.7,-2.9,-3.3,-4.1,-4.7,-5.6,-6.4,-7.4,-8.2
12,-2.0,-2.1,-2.1,-2.4,-2.8,-2.9,-2.7,-3.0,-2.9,-2.1,-0.6,1.4,2.9,4.4,7.3,8.2,8.0,7.3,6.9,5.8,5.1,3.9,2.8,1.9,0.9,0.3,-0.6,-1.2,-2.1,-2.4,-2.8,-3.1,-3.4,-3.0,-0.6,1.4,3.3,4.7,5.9,6.8,6.8,5.9,4.5,3.9,3.8,3.5,3.3,2.8,2.1,2.2,2.6,3.2,3.2,3.5,3.7,3.8,4.2,4.8,5.5,6.3,8.8,9.8,9.8,9.2,7.7,6.7,5.3,4.0,3.1,1.5,0.8,0.2,-0.7,-1.7,-2.4,-3.1,-4.0,-4.7,-5.4,-6.0,-6.6,-6.5,-5.8,-4.9,-3.6,-2.3,-1.8,-1.7,-2.9,-3.3,-4.1,-4.7,-5.6,-6.4,-7.4,-8.2,-8.7,-9.3,-9.4,-9.5,-9.8,-9.8,-10.3,-10.5,-10.8,-9.9,-8.1,-6.1,-4.4,-3.1,-2.2,-1.6,-1.8,-2.2,-2.6,-2.8,-2.8,-2.8,-3.0,-3.0
13,0.9,0.3,-0.6,-1.2,-2.1,-2.4,-2.8,-3.1,-3.4,-3.0,-0.6,1.4,3.3,4.7,5.9,6.8,6.8,5.9,4.5,3.9,3.8,3.5,3.3,2.8,2.1,2.2,2.6,3.2,3.2,3.5,3.7,3.8,4.2,4.8,5.5,6.3,8.8,9.8,9.8,9.2,7.7,6.7,5.3,4.0,3.1,1.5,0.8,0.2,-0.7,-1.7,-2.4,-3.1,-4.0,-4.7,-5.4,-6.0,-6.6,-6.5,-5.8,-4.9,-3.6,-2.3,-1.8,-1.7,-2.9,-3.3,-4.1,-4.7,-5.6,-6.4,-7.4,-8.2,-8.7,-9.3,-9.4,-9.5,-9.8,-9.8,-10.3,-10.5,-10.8,-9.9,-8.1,-6.1,-4.4,-3.1,-2.2,-1.6,-1.8,-2.2,-2.6,-2.8,-2.8,-2.8,-3.0,-3.0,-3.0,-3.6,-3.3,-3.4,-3.2,-3.5,-3.7,-4.0,-3.9,-3.1,-2.3,-1.5,-0.6,-0.2,-0.3,-0.4,-0.4,-2.0,-3.9,-4.9,-5.5,-6.1,-7.1,-8.4
14,2.1,2.2,2.6,3.2,3.2,3.5,3.7,3.8,4.2,4.8,5.5,6.3,8.8,9.8,9.8,9.2,7.7,6.7,5.3,4.0,3.1,1.5,0.8,0.2,-0.7,-1.7,-2.4,-3.1,-4.0,-4.7,-5.4,-6.0,-6.6,-6.5,-5.8,-4.9,-3.6,-2.3,-1.8,-1.7,-2.9,-3.3,-4.1,-4.7,-5.6,-6.4,-7.4,-8.2,-8.7,-9.3,-9.4,-9.5,-9.8,-9.8,-10.3,-10.5,-10.8,-9.9,-8.1,-6.1,-4.4,-3.1,-2.2,-1.6,-1.8,-2.2,-2.6,-2.8,-2.8,-2.8,-3.0,-3.0,-3.0,-3.6,-3.3,-3.4,-3.2,-3.5,-3.7,-4.0,-3.9,-3.1,-2.3,-1.5,-0.6,-0.2,-0.3,-0.4,-0.4,-2.0,-3.9,-4.9,-5.5,-6.1,-7.1,-8.4,-9.1,-9.6,-10.1,-10.4,-10.6,-11.0,-11.4,-11.4,-11.6,-10.8,-8.6,-6.2,-4.1,-2.3,-1.5,-0.6,-0.4,-1.3,-2.7,-3.6,-4.4,-4.9,-5.1,-5.5
15,-0.7,-1.7,-2.4,-3.1,-4.0,-4.7,-5.4,-6.0,-6.6,-6.5,-5.8,-4.9,-3.6,-2.3,-1.8,-1.7,-2.9,-3.3,-4.1,-4.7,-5.6,-6.4,-7.4,-8.2,-8.7,-9.3,-9.4,-9.5,-9.8,-9.8,-10.3,-10.5,-10.8,-9.9,-8.1,-6.1,-4.4,-3.1,-2.2,-1.6,-1.8,-2.2,-2.6,-2.8,-2.8,-2.8,-3.0,-3.0,-3.0,-3.6,-3.3,-3.4,-3.2,-3.5,-3.7,-4.0,-3.9,-3.1,-2.3,-1.5,-0.6,-0.2,-0.3,-0.4,-0.4,-2.0,-3.9,-4.9,-5.5,-6.1,-7.1,-8.4,-9.1,-9.6,-10.1,-10.4,-10.6,-11.0,-11.4,-11.4,-11.6,-10.8,-8.6,-6.2,-4.1,-2.3,-1.5,-0.6,-0.4,-1.3,-2.7,-3.6,-4.4,-4.9,-5.1,-5.5,-5.6,-5.8,-5.6,-5.5,-6.1,-6.4,-6.3,-6.4,-5.9,-4.7,-2.3,0.1,1.5,3.4,5.0,6.3,7.1,5.9,4.1,3.1,2.4,1.6,1.5,2.0
16,-8.7,-9.3,-9.4,-9.5,-9.8,-9.8,-10.3,-10.5,-10.8,-9.9,-8.1,-6.1,-4.4,-3.1,-2.2,-1.6,-1.8,-2.2,-2.6,-2.8,-2.8,-2.8,-3.0,-3.0,-3.0,-3.6,-3.3,-3.4,-3.2,-3.5,-3.7,-4.0,-3.9,-3.1,-2.3,-1.5,-0.6,-0.2,-0.3,-0.4,-0.4,-2.0,-3.9,-4.9,-5.5,-6.1,-7.1,-8.4,-9.1,-9.6,-10.1,-10.4,-10.6,-11.0,-11.4,-11.4,-11.6,-10.8,-8.6,-6.2,-4.1,-2.3,-1.5,-0.6,-0.4,-1.3,-2.7,-3.6,-4.4,-4.9,-5.1,-5.5,-5.6,-5.8,-5.6,-5.5,-6.1,-6.4,-6.3,-6.4,-5.9,-4.7,-2.3,0.1,1.5,3.4,5.0,6.3,7.1,5.9,4.1,3.1,2.4,1.6,1.5,2.0,2.5,2.7,2.9,2.9,3.0,3.0,3.1,3.2,3.2,3.7,4.5,5.0,5.8,6.8,6.9,6.1,5.3,4.8,4.6,4.6,4.6,4.8,4.9,4.8
17,-3.0,-3.6,-3.3,-3.4,-3.2,-3.5,-3.7,-4.0,-3.9,-3.1,-2.3,-1.5,-0.6,-0.2,-0.3,-0.4,-0.4,-2.0,-3.9,-4.9,-5.5,-6.1,-7.1,-8.4,-9.1,-9.6,-10.1,-10.4,-10.6,-11.0,-11.4,-11.4,-11.6,-10.8,-8.6,-6.2,-4.1,-2.3,-1.5,-0.6,-0.4,-1.3,-2.7,-3.6,-4.4,-4.9,-5.1,-5.5,-5.6,-5.8,-5.6,-5.5,-6.1,-6.4,-6.3,-6.4,-5.9,-4.7,-2.3,0.1,1.5,3.4,5.0,6.3,7.1,5.9,4.1,3.1,2.4,1.6,1.5,2.0,2.5,2.7,2.9,2.9,3.0,3.0,3.1,3.2,3.2,3.7,4.5,5.0,5.8,6.8,6.9,6.1,5.3,4.8,4.6,4.6,4.6,4.8,4.9,4.8,4.9,5.0,5.0,5.0,4.9,5.1,5.0,5.0,4.9,5.0,5.4,5.8,6.0,6.4,6.6,6.5,6.4,6.3,5.9,5.6,5.5,5.5,5.2,5.1
18,-9.1,-9.6,-10.1,-10.4,-10.6,-11.0,-11.4,-11.4,-11.6,-10.8,-8.6,-6.2,-4.1,-2.3,-1.5,-0.6,-0.4,-1.3,-2.7,-3.6,-4.4,-4.9,-5.1,-5.5,-5.6,-5.8,-5.6,-5.5,-6.1,-6.4,-6.3,-6.4,-5.9,-4.7,-2.3,0.1,1.5,3.4,5.0,6.3,7.1,5.9,4.1,3.1,2.4,1.6,1.5,2.0,2.5,2.7,2.9,2.9,3.0,3.0,3.1,3.2,3.2,3.7,4.5,5.0,5.8,6.8,6.9,6.1,5.3,4.8,4.6,4.6,4.6,4.8,4.9,4.8,4.9,5.0,5.0,5.0,4.9,5.1,5.0,5.0,4.9,5.0,5.4,5.8,6.0,6.4,6.6,6.5,6.4,6.3,5.9,5.6,5.5,5.5,5.2,5.1,4.9,5.3,5.6,5.4,5.2,5.3,5.2,5.4,5.3,5.9,7.5,9.3,9.8,10.4,10.9,11.9,11.5,10.5,9.4,8.4,7.6,7.1,6.6,6.3
19,-5.6,-5.8,-5.6,-5.5,-6.1,-6.4,-6.3,-6.4,-5.9,-4.7,-2.3,0.1,1.5,3.4,5.0,6.3,7.1,5.9,4.1,3.1,2.4,1.6,1.5,2.0,2.5,2.7,2.9,2.9,3.0,3.0,3.1,3.2,3.2,3.7,4.5,5.0,5.8,6.8,6.9,6.1,5.3,4.8,4.6,4.6,4.6,4.8,4.9,4.8,4.9,5.0,5.0,5.0,4.9,5.1,5.0,5.0,4.9,5.0,5.4,5.8,6.0,6.4,6.6,6.5,6.4,6.3,5.9,5.6,5.5,5.5,5.2,5.1,4.9,5.3,5.6,5.4,5.2,5.3,5.2,5.4,5.3,5.9,7.5,9.3,9.8,10.4,10.9,11.9,11.5,10.5,9.4,8.4,7.6,7.1,6.6,6.3,6.1,5.8,5.5,4.7,4.2,3.8,3.1,2.7,2.4,3.7,6.3,8.5,10.1,11.6,12.9,13.8,13.4,11.6,10.3,9.0,8.0,7.0,7.0,6.3
20,2.5,2.7,2.9,2.9,3.0,3.0,3.1,3.2,3.2,3.7,4.5,5.0,5.8,6.8,6.9,6.1,5.3,4.8,4.6,4.6,4.6,4.8,4.9,4.8,4.9,5.0,5.0,5.0,4.9,5.1,5.0,5.0,4.9,5.0,5.4,5.8,6.0,6.4,6.6,6.5,6.4,6.3,5.9,5.6,5.5,5.5,5.2,5.1,4.9,5.3,5.6,5.4,5.2,5.3,5.2,5.4,5.3,5.9,7.5,9.3,9.8,10.4,10.9,11.9,11.5,10.5,9.4,8.4,7.6,7.1,6.6,6.3,6.1,5.8,5.5,4.7,4.2,3.8,3.1,2.7,2.4,3.7,6.3,8.5,10.1,11.6,12.9,13.8,13.4,11.6,10.3,9.0,8.0,7.0,7.0,6.3,5.7,5.3,4.7,4.1,3.8,3.6,3.0,3.1,3.4,4.4,6.4,8.4,9.8,11.2,12.5,13.3,13.7,13.1,11.7,10.9,9.9,9.3,8.5,8.0
21,4.9,5.0,5.0,5.0,4.9,5.1,5.0,5.0,4.9,5.0,5.4,5.8,6.0,6.4,6.6,6.5,6.4,6.3,5.9,5.6,5.5,5.5,5.2,5.1,4.9,5.3,5.6,5.4,5.2,5.3,5.2,5.4,5.3,5.9,7.5,9.3,9.8,10.4,10.9,11.9,11.5,10.5,9.4,8.4,7.6,7.1,6.6,6.3,6.1,5.8,5.5,4.7,4.2,3.8,3.1,2.7,2.4,3.7,6.3,8.5,10.1,11.6,12.9,13.8,13.4,11.6,10.3,9.0,8.0,7.0,7.0,6.3,5.7,5.3,4.7,4.1,3.8,3.6,3.0,3.1,3.4,4.4,6.4,8.4,9.8,11.2,12.5,13.3,13.7,13.1,11.7,10.9,9.9,9.3,8.5,8.0,7.4,7.1,7.0,6.6,6.5,6.1,5.9,6.2,5.8,5.9,5.9,6.0,6.1,6.5,7.0,6.9,6.4,5.4,5.2,4.7,4.3,3.8,3.3,2.4
22,4.9,5.3,5.6,5.4,5.2,5.3,5.2,5.4,5.3,5.9,7.5,9.3,9.8,10.4,10.9,11.9,11.5,10.5,9.4,8.4,7.6,7.1,6.6,6.3,6.1,5.8,5.5,4.7,4.2,3.8,3.1,2.7,2.4,3.7,6.3,8.5,10.1,11.6,12.9,13.8,13.4,11.6,10.3,9.0,8.0,7.0,7.0,6.3,5.7,5.3,4.7,4.1,3.8,3.6,3.0,3.1,3.4,4.4,6.4,8.4,9.8,11.2,12.5,13.3,13.7,13.1,11.7,10.9,9.9,9.3,8.5,8.0,7.4,7.1,7.0,6.6,6.5,6.1,5.9,6.2,5.8,5.9,5.9,6.0,6.1,6.5,7.0,6.9,6.4,5.4,5.2,4.7,4.3,3.8,3.3,2.4,1.7,1.4,1.0,0.6,0.1,-0.4,-1.0,-1.4,-1.8,-1.2,0.9,2.6,3.9,5.6,6.5,6.0,5.6,4.8,3.6,2.6,1.5,1.1,0.8,0.5
23,6.1,5.8,5.5,4.7,4.2,3.8,3.1,2.7,2.4,3.7,6.3,8.5,10.1,11.6,12.9,13.8,13.4,11.6,10.3,9.0,8.0,7.0,7.0,6.3,5.7,5.3,4.7,4.1,3.8,3.6,3.0,3.1,3.4,4.4,6.4,8.4,9.8,11.2,12.5,13.3,13.7,13.1,11.7,10.9,9.9,9.3,8.5,8.0,7.4,7.1,7.0,6.6,6.5,6.1,5.9,6.2,5.8,5.9,5.9,6.0,6.1,6.5,7.0,6.9,6.4,5.4,5.2,4.7,4.3,3.8,3.3,2.4,1.7,1.4,1.0,0.6,0.1,-0.4,-1.0,-1.4,-1.8,-1.2,0.9,2.6,3.9,5.6,6.5,6.0,5.6,4.8,3.6,2.6,1.5,1.1,0.8,0.5,0.7,0.3,0.2,0.1,0.1,-0.4,-0.1,-0.2,-0.3,0.7,0.5,0.3,0.8,0.3,0.9,0.0,-1.3,-3.3,-4.6,-5.6,-6.8,-7.7,-8.4,-8.9
24,5.7,5.3,4.7,4.1,3.8,3.6,3.0,3.1,3.4,4.4,6.4,8.4,9.8,11.2,12.5,13.3,13.7,13.1,11.7,10.9,9.9,9.3,8.5,8.0,7.4,7.1,7.0,6.6,6.5,6.1,5.9,6.2,5.8,5.9,5.9,6.0,6.1,6.5,7.0,6.9,6.4,5.4,5.2,4.7,4.3,3.8,3.3,2.4,1.7,1.4,1.0,0.6,0.1,-0.4,-1.0,-1.4,-1.8,-1.2,0.9,2.6,3.9,5.6,6.5,6.0,5.6,4.8,3.6,2.6,1.5,1.1,0.8,0.5,0.7,0.3,0.2,0.1,0.1,-0.4,-0.1,-0.2,-0.3,0.7,0.5,0.3,0.8,0.3,0.9,0.0,-1.3,-3.3,-4.6,-5.6,-6.8,-7.7,-8.4,-8.9,-9.7,-10.1,-10.6,-10.9,-11.2,-11.3,-11.6,-11.5,-11.5,-11.0,-9.9,-8.6,-8.3,-7.3,-6.3,-5.8,-5.0,-5.5,-6.6,-7.1,-7.6,-8.0,-8.1,-8.0
25,7.4,7.1,7.0,6.6,6.5,6.1,5.9,6.2,5.8,5.9,5.9,6.0,6.1,6.5,7.0,6.9,6.4,5.4,5.2,4.7,4.3,3.8,3.3,2.4,1.7,1.4,1.0,0.6,0.1,-0.4,-1.0,-1.4,-1.8,-1.2,0.9,2.6,3.9,5.6,6.5,6.0,5.6,4.8,3.6,2.6,1.5,1.1,0.8,0.5,0.7,0.3,0.2,0.1,0.1,-0.4,-0.1,-0.2,-0.3,0.7,0.5,0.3,0.8,0.3,0.9,0.0,-1.3,-3.3,-4.6,-5.6,-6.8,-7.7,-8.4,-8.9,-9.7,-10.1,-10.6,-10.9,-11.2,-11.3,-11.6,-11.5,-11.5,-11.0,-9.9,-8.6,-8.3,-7.3,-6.3,-5.8,-5.0,-5.5,-6.6,-7.1,-7.6,-8.0,-8.1,-8.0,-8.2,-6.9,-6.4,-6.4,-6.1,-5.9,-5.7,-5.5,-5.4,-5.6,-4.7,-3.4,-0.8,2.9,3.7,4.4,4.9,4.3,2.7,1.6,0.8,0.1,-0.7,-1.3
26,1.7,1.4,1.0,0.6,0.1,-0.4,-1.0,-1.4,-1.8,-1.2,0.9,2.6,3.9,5.6,6.5,6.0,5.6,4.8,3.6,2.6,1.5,1.1,0.8,0.5,0.7,0.3,0.2,0.1,0.1,-0.4,-0.1,-0.2,-0.3,0.7,0.5,0.3,0.8,0.3,0.9,0.0,-1.3,-3.3,-4.6,-5.6,-6.8,-7.7,-8.4,-8.9,-9.7,-10.1,-10.6,-10.9,-11.2,-11.3,-11.6,-11.5,-11.5,-11.0,-9.9,-8.6,-8.3,-7.3,-6.3,-5.8,-5.0,-5.5,-6.6,-7.1,-7.6,-8.0,-8.1,-8.0,-8.2,-6.9,-6.4,-6.4,-6.1,-5.9,-5.7,-5.5,-5.4,-5.6,-4.7,-3.4,-0.8,2.9,3.7,4.4,4.9,4.3,2.7,1.6,0.8,0.1,-0.7,-1.3,-1.5,-2.1,-2.5,-2.9,-3.2,-3.4,-3.6,-3.2,-3.1,-1.8,0.8,2.6,4.8,6.4,7.7,8.4,8.6,8.3,7.9,7.4,6.8,6.5,6.3,5.8
27,0.7,0.3,0.2,0.1,0.1,-0.4,-0.1,-0.2,-0.3,0.7,0.5,0.3,0.8,0.3,0.9,0.0,-1.3,-3.3,-4.6,-5.6,-6.8,-7.7,-8.4,-8.9,-9.7,-10.1,-10.6,-10.9,-11.2,-11.3,-11.6,-11.5,-11.5,-11.0,-9.9,-8.6,-8.3,-7.3,-6.3,-5.8,-5.0,-5.5,-6.6,-7.1,-7.6,-8.0,-8.1,-8.0,-8.2,-6.9,-6.4,-6.4,-6.1,-5.9,-5.7,-5.5,-5.4,-5.6,-4.7,-3.4,-0.8,2.9,3.7,4.4,4.9,4.3,2.7,1.6,0.8,0.1,-0.7,-1.3,-1.5,-2.1,-2.5,-2.9,-3.2,-3.4,-3.6,-3.2,-3.1,-1.8,0.8,2.6,4.8,6.4,7.7,8.4,8.6,8.3,7.9,7.4,6.8,6.5,6.3,5.8,6.1,6.3,6.2,5.7,5.7,5.6,5.7,5.8,5.8,6.7,7.1,7.6,8.5,9.2,9.2,7.7,6.9,6.7,5.8,5.2,3.8,2.4,1.2,0.1
28,-9.7,-10.1,-10.6,-10.9,-11.2,-11.3,-11.6,-11.5,-11.5,-11.0,-9.9,-8.6,-8.3,-7.3,-6.3,-5.8,-5.0,-5.5,-6.6,-7.1,-7.6,-8.0,-8.1,-8.0,-8.2,-6.9,-6.4,-6.4,-6.1,-5.9,-5.7,-5.5,-5.4,-5.6,-4.7,-3.4,-0.8,2.9,3.7,4.4,4.9,4.3,2.7,1.6,0.8,0.1,-0.7,-1.3,-1.5,-2.1,-2.5,-2.9,-3.2,-3.4,-3.6,-3.2,-3.1,-1.8,0.8,2.6,4.8,6.4,7.7,8.4,8.6,8.3,7.9,7.4,6.8,6.5,6.3,5.8,6.1,6.3,6.2,5.7,5.7,5.6,5.7,5.8,5.8,6.7,7.1,7.6,8.5,9.2,9.2,7.7,6.9,6.7,5.8,5.2,3.8,2.4,1.2,0.1,-2.3,-3.2,-3.8,-4.4,-5.3,-6.2,-7.2,-7.9,-8.2,-7.8,-6.8,-5.7,-4.9,-4.6,-4.1,-3.1,-2.5,-3.3,-4.1,-4.4,-4.5,-5.3,-6.0,-6.9
29,-8.2,-6.9,-6.4,-6.4,-6.1,-5.9,-5.7,-5.5,-5.4,-5.6,-4.7,-3.4,-0.8,2.9,3.7,4.4,4.9,4.3,2.7,1.6,0.8,0.1,-0.7,-1.3,-1.5,-2.1,-2.5,-2.9,-3.2,-3.4,-3.6,-3.2,-3.1,-1.8,0.8,2.6,4.8,6.4,7.7,8.4,8.6,8.3,7.9,7.4,6.8,6.5,6.3,5.8,6.1,6.3,6.2,5.7,5.7,5.6,5.7,5.8,5.8,6.7,7.1,7.6,8.5,9.2,9.2,7.7,6.9,6.7,5.8,5.2,3.8,2.4,1.2,0.1,-2.3,-3.2,-3.8,-4.4,-5.3,-6.2,-7.2,-7.9,-8.2,-7.8,-6.8,-5.7,-4.9,-4.6,-4.1,-3.1,-2.5,-3.3,-4.1,-4.4,-4.5,-5.3,-6.0,-6.9,-7.7,-8.4,-9.0,-9.2,-9.3,-9.0,-8.7,-9.0,-8.9,-7.7,-4.8,-2.5,-0.8,0.4,1.2,0.2,0.3,0.7,0.3,-0.1,0.2,0.2,-0.5,-0.5
30,-1.5,-2.1,-2.5,-2.9,-3.2,-3.4,-3.6,-3.2,-3.1,-1.8,0.8,2.6,4.8,6.4,7.7,8.4,8.6,8.3,7.9,7.4,6.8,6.5,6.3,5.8,6.1,6.3,6.2,5.7,5.7,5.6,5.7,5.8,5.8,6.7,7.1,7.6,8.5,9.2,9.2,7.7,6.9,6.7,5.8,5.2,3.8,2.4,1.2,0.1,-2.3,-3.2,-3.8,-4.4,-5.3,-6.2,-7.2,-7.9,-8.2,-7.8,-6.8,-5.7,-4.9,-4.6,-4.1,-3.1,-2.5,-3.3,-4.1,-4.4,-4.5,-5.3,-6.0,-6.9,-7.7,-8.4,-9.0,-9.2,-9.3,-9.0,-8.7,-9.0,-8.9,-7.7,-4.8,-2.5,-0.8,0.4,1.2,0.2,0.3,0.7,0.3,-0.1,0.2,0.2,-0.5,-0.5,0.0,0.3,-1.0,-2.8,-4.2,-5.5,-6.5,-7.1,-7.3,-6.8,-5.7,-3.8,-2.9,-2.3,-1.3,-0.3,0.5,0.1,-1.2,-2.3,-3.0,-3.6,-4.0,-4.1
31,6.1,6.3,6.2,5.7,5.7,5.6,5.7,5.8,5.8,6.7,7.1,7.6,8.5,9.2,9.2,7.7,6.9,6.7,5.8,5.2,3.8,2.4,1.2,0.1,-2.3,-3.2,-3.8,-4.4,-5.3,-6.2,-7.2,-7.9,-8.2,-7.8,-6.8,-5.7,-4.9,-4.6,-4.1,-3.1,-2.5,-3.3,-4.1,-4.4,-4.5,-5.3,-6.0,-6.9,-7.7,-8.4,-9.0,-9.2,-9.3,-9.0,-8.7,-9.0,-8.9,-7.7,-4.8,-2.5,-0.8,0.4,1.2,0.2,0.3,0.7,0.3,-0.1,0.2,0.2,-0.5,-0.5,0.0,0.3,-1.0,-2.8,-4.2,-5.5,-6.5,-7.1,-7.3,-6.8,-5.7,-3.8,-2.9,-2.3,-1.3,-0.3,0.5,0.1,-1.2,-2.3,-3.0,-3.6,-4.0,-4.1,-4.4,-4.3,-4.2,-3.7,-3.5,-4.0,-3.9,-3.9,-3.7,-2.6,-0.9,0.7,1.8,3.6,5.5,6.1,6.1,5.7,4.9,4.5,4.2,4.1,4.1,4.1
32,-2.3,-3.2,-3.8,-4.4,-5.3,-6.2,-7.2,-7.9,-8.2,-7.8,-6.8,-5.7,-4.9,-4.6,-4.1,-3.1,-2.5,-3.3,-4.1,-4.4,-4.5,-5.3,-6.0,-6.9,-7.7,-8.4,-9.0,-9.2,-9.3,-9.0,-8.7,-9.0,-8.9,-7.7,-4.8,-2.5,-0.8,0.4,1.2,0.2,0.3,0.7,0.3,-0.1,0.2,0.2,-0.5,-0.5,0.0,0.3,-1.0,-2.8,-4.2,-5.5,-6.5,-7.1,-7.3,-6.8,-5.7,-3.8,-2.9,-2.3,-1.3,-0.3,0.5,0.1,-1.2,-2.3,-3.0,-3.6,-4.0,-4.1,-4.4,-4.3,-4.2,-3.7,-3.5,-4.0,-3.9,-3.9,-3.7,-2.6,-0.9,0.7,1.8,3.6,5.5,6.1,6.1,5.7,4.9,4.5,4.2,4.1,4.1,4.1,4.3,4.5,4.5,4.7,4.8,4.9,4.8,4.5,4.5,4.8,5.4,6.7,7.7,8.5,9.4,9.4,8.9,8.5,7.8,7.7,7.8,7.8,7.7,7.6
33,-7.7,-8.4,-9.0,-9.2,-9.3,-9.0,-8.7,-9.0,-8.9,-7.7,-4.8,-2.5,-0.8,0.4,1.2,0.2,0.3,0.7,0.3,-0.1,0.2,0.2,-0.5,-0.5,0.0,0.3,-1.0,-2.8,-4.2,-5.5,-6.5,-7.1,-7.3,-6.8,-5.7,-3.8,-2.9,-2.3,-1.3,-0.3,0.5,0.1,-1.2,-2.3,-3.0,-3.6,-4.0,-4.1,-4.4,-4.3,-4.2,-3.7,-3.5,-4.0,-3.9,-3.9,-3.7,-2.6,-0.9,0.7,1.8,3.6,5.5,6.1,6.1,5.7,4.9,4.5,4.2,4.1,4.1,4.1,4.3,4.5,4.5,4.7,4.8,4.9,4.8,4.5,4.5,4.8,5.4,6.7,7.7,8.5,9.4,9.4,8.9,8.5,7.8,7.7,7.8,7.8,7.7,7.6,7.3,7.1,6.3,5.9,5.6,5.1,4.6,4.5,3.6,3.5,3.8,4.6,5.2,5.5,6.8,7.4,7.3,6.4,4.4,2.8,1.6,0.0,-1.2,-2.0
34,0.0,0.3,-1.0,-2.8,-4.2,-5.5,-6.5,-7.1,-7.3,-6.8,-5.7,-3.8,-2.9,-2.3,-1.3,-0.3,0.5,0.1,-1.2,-2.3,-3.0,-3.6,-4.0,-4.1,-4.4,-4.3,-4.2,-3.7,-3.5,-4.0,-3.9,-3.9,-3.7,-2.6,-0.9,0.7,1.8,3.6,5.5,6.1,6.1,5.7,4.9,4.5,4.2,4.1,4.1,4.1,4.3,4.5,4.5,4.7,4.8,4.9,4.8,4.5,4.5,4.8,5.4,6.7,7.7,8.5,9.4,9.4,8.9,8.5,7.8,7.7,7.8,7.8,7.7,7.6,7.3,7.1,6.3,5.9,5.6,5.1,4.6,4.5,3.6,3.5,3.8,4.6,5.2,5.5,6.8,7.4,7.3,6.4,4.4,2.8,1.6,0.0,-1.2,-2.0,-2.6,-3.0,-3.1,-3.5,-3.9,-4.4,-4.8,-5.2,-5.3,-4.7,-3.8,-3.1,-2.1,-1.0,-0.6,-0.3,-0.1,-0.2,-1.5,-2.2,-2.8,-3.3,-3.9,-4.2
35,-4.4,-4.3,-4.2,-3.7,-3.5,-4.0,-3.9,-3.9,-3.7,-2.6,-0.9,0.7,1.8,3.6,5.5,6.1,6.1,5.7,4.9,4.5,4.2,4.1,4.1,4.1,4.3,4.5,4.5,4.7,4.8,4.9,4.8,4.5,4.5,4.8,5.4,6.7,7.7,8.5,9.4,9.4,8.9,8.5,7.8,7.7,7.8,7.8,7.7,7.6,7.3,7.1,6.3,5.9,5.6,5.1,4.6,4.5,3.6,3.5,3.8,4.6,5.2,5.5,6.8,7.4,7.3,6.4,4.4,2.8,1.6,0.0,-1.2,-2.0,-2.6,-3.0,-3.1,-3.5,-3.9,-4.4,-4.8,-5.2,-5.3,-4.7,-3.8,-3.1,-2.1,-1.0,-0.6,-0.3,-0.1,-0.2,-1.5,-2.2,-2.8,-3.3,-3.9,-4.2,-4.7,-5.0,-5.3,-5.7,-5.9,-5.9,-5.6,-5.6,-5.6,-4.3,-1.8,-0.3,1.4,2.7,4.4,4.1,4.3,3.8,2.3,1.5,1.0,0.5,0.0,-0.2
36,4.3,4.5,4.5,4.7,4.8,4.9,4.8,4.5,4.5,4.8,5.4,6.7,7.7,8.5,9.4,9.4,8.9,8.5,7.8,7.7,7.8,7.8,7.7,7.6,7.3,7.1,6.3,5.9,5.6,5.1,4.6,4.5,3.6,3.5,3.8,4.6,5.2,5.5,6.8,7.4,7.3,6.4,4.4,2.8,1.6,0.0,-1.2,-2.0,-2.6,-3.0,-3.1,-3.5,-3.9,-4.4,-4.8,-5.2,-5.3,-4.7,-3.8,-3.1,-2.1,-1.0,-0.6,-0.3,-0.1,-0.2,-1.5,-2.2,-2.8,-3.3,-3.9,-4.2,-4.7,-5.0,-5.3,-5.7,-5.9,-5.9,-5.6,-5.6,-5.6,-4.3,-1.8,-0.3,1.4,2.7,4.4,4.1,4.3,3.8,2.3,1.5,1.0,0.5,0.0,-0.2,-0.3,-0.4,-0.8,-1.0,-1.4,-0.7,-0.3,-0.5,-0.3,0.6,2.0,4.0,5.1,5.9,6.5,7.0,6.9,6.7,6.2,5.5,5.1,4.7,4.6,4.7
37,7.3,7.1,6.3,5.9,5.6,5.1,4.6,4.5,3.6,3.5,3.8,4.6,5.2,5.5,6.8,7.4,7.3,6.4,4.4,2.8,1.6,0.0,-1.2,-2.0,-2.6,-3.0,-3.1,-3.5,-3.9,-4.4,-4.8,-5.2,-5.3,-4.7,-3.8,-3.1,-2.1,-1.0,-0.6,-0.3,-0.1,-0.2,-1.5,-2.2,-2.8,-3.3,-3.9,-4.2,-4.7,-5.0,-5.3,-5.7,-5.9,-5.9,-5.6,-5.6,-5.6,-4.3,-1.8,-0.3,1.4,2.7,4.4,4.1,4.3,3.8,2.3,1.5,1.0,0.5,0.0,-0.2,-0.3,-0.4,-0.8,-1.0,-1.4,-0.7,-0.3,-0.5,-0.3,0.6,2.0,4.0,5.1,5.9,6.5,7.0,6.9,6.7,6.2,5.5,5.1,4.7,4.6,4.7,4.5,4.5,4.4,3.4,2.4,2.0,1.5,1.8,2.4,3.0,3.9,5.8,7.3,8.7,10.0,10.3,10.8,10.3,8.9,7.5,6.5,5.7,5.0,4.4
38,-2.6,-3.0,-3.1,-3.5,-3.9,-4.4,-4.8,-5.2,-5.3,-4.7,-3.8,-3.1,-2.1,-1.0,-0.6,-0.3,-0.1,-0.2,-1.5,-2.2,-2.8,-3.3,-3.9,-4.2,-4.7,-5.0,-5.3,-5.7,-5.9,-5.9,-5.6,-5.6,-5.6,-4.3,-1.8,-0.3,1.4,2.7,4.4,4.1,4.3,3.8,2.3,1.5,1.0,0.5,0.0,-0.2,-0.3,-0.4,-0.8,-1.0,-1.4,-0.7,-0.3,-0.5,-0.3,0.6,2.0,4.0,5.1,5.9,6.5,7.0,6.9,6.7,6.2,5.5,5.1,4.7,4.6,4.7,4.5,4.5,4.4,3.4,2.4,2.0,1.5,1.8,2.4,3.0,3.9,5.8,7.3,8.7,10.0,10.3,10.8,10.3,8.9,7.5,6.5,5.7,5.0,4.4,3.8,3.1,2.9,2.5,2.0,1.7,1.3,0.7,0.6,1.7,4.5,7.4,10.1,12.4,12.9,13.7,13.5,12.6,11.0,9.2,8.0,7.3,6.3,5.5
39,-4.7,-5.0,-5.3,-5.7,-5.9,-5.9,-5.6,-5.6,-5.6,-4.3,-1.8,-0.3,1.4,2.7,4.4,4.1,4.3,3.8,2.3,1.5,1.0,0.5,0.0,-0.2,-0.3,-0.4,-0.8,-1.0,-1.4,-0.7,-0.3,-0.5,-0.3,0.6,2.0,4.0,5.1,5.9,6.5,7.0,6.9,6.7,6.2,5.5,5.1,4.7,4.6,4.7,4.5,4.5,4.4,3.4,2.4,2.0,1.5,1.8,2.4,3.0,3.9,5.8,7.3,8.7,10.0,10.3,10.8,10.3,8.9,7.5,6.5,5.7,5.0,4.4,3.8,3.1,2.9,2.5,2.0,1.7,1.3,0.7,0.6,1.7,4.5,7.4,10.1,12.4,12.9,13.7,13.5,12.6,11.0,9.2,8.0,7.3,6.3,5.5,4.5,4.1,3.6,3.1,2.8,2.2,1.9,1.5,1.0,2.1,5.3,8.3,11.0,12.8,14.9,15.0,14.1,13.3,12.1,10.6,9.5,8.4,7.7,6.9
40,-0.3,-0.4,-0.8,-1.0,-1.4,-0.7,-0.3,-0.5,-0.3,0.6,2.0,4.0,5.1,5.9,6.5,7.0,6.9,6.7,6.2,5.5,5.1,4.7,4.6,4.7,4.5,4.5,4.4,3.4,2.4,2.0,1.5,1.8,2.4,3.0,3.9,5.8,7.3,8.7,10.0,10.3,10.8,10.3,8.9,7.5,6.5,5.7,5.0,4.4,3.8,3.1,2.9,2.5,2.0,1.7,1.3,0.7,0.6,1.7,4.5,7.4,10.1,12.4,12.9,13.7,13.5,12.6,11.0,9.2,8.0,7.3,6.3,5.5,4.5,4.1,3.6,3.1,2.8,2.2,1.9,1.5,1.0,2.1,5.3,8.3,11.0,12.8,14.9,15.0,14.1,13.3,12.1,10.6,9.5,8.4,7.7,6.9,7.0,6.7,6.6,6.7,6.6,6.6,6.7,6.5,6.5,7.7,9.4,11.6,13.0,13.7,13.6,13.4,13.4,12.7,11.4,10.3,9.6,8.6,7.6,8.5
41,4.5,4.5,4.4,3.4,2.4,2.0,1.5,1.8,2.4,3.0,3.9,5.8,7.3,8.7,10.0,10.3,10.8,10.3,8.9,7.5,6.5,5.7,5.0,4.4,3.8,3.1,2.9,2.5,2.0,1.7,1.3,0.7,0.6,1.7,4.5,7.4,10.1,12.4,12.9,13.7,13.5,12.6,11.0,9.2,8.0,7.3,6.3,5.5,4.5,4.1,3.6,3.1,2.8,2.2,1.9,1.5,1.0,2.1,5.3,8.3,11.0,12.8,14.9,15.0,14.1,13.3,12.1,10.6,9.5,8.4,7.7,6.9,7.0,6.7,6.6,6.7,6.6,6.6,6.7,6.5,6.5,7.7,9.4,11.6,13.0,13.7,13.6,13.4,13.4,12.7,11.4,10.3,9.6,8.6,7.6,8.5,8.2,7.7,7.4,7.0,6.3,5.3,5.3,5.3,4.9,3.4,2.2,1.2,1.8,2.3,2.0,1.8,2.1,0.9,-1.0,-2.5,-3.4,-3.9,-4.5,-4.9
42,3.8,3.1,2.9,2.5,2.0,1.7,1.3,0.7,0.6,1.7,4.5,7.4,10.1,12.4,12.9,13.7,13.5,12.6,11.0,9.2,8.0,7.3,6.3,5.5,4.5,4.1,3.6,3.1,2.8,2.2,1.9,1.5,1.0,2.1,5.3,8.3,11.0,12.8,14.9,15.0,14.1,13.3,12.1,10.6,9.5,8.4,7.7,6.9,7.0,6.7,6.6,6.7,6.6,6.6,6.7,6.5,6.5,7.7,9.4,11.6,13.0,13.7,13.6,13.4,13.4,12.7,11.4,10.3,9.6,8.6,7.6,8.5,8.2,7.7,7.4,7.0,6.3,5.3,5.3,5.3,4.9,3.4,2.2,1.2,1.8,2.3,2.0,1.8,2.1,0.9,-1.0,-2.5,-3.4,-3.9,-4.5,-4.9,-5.2,-5.3,-5.4,-5.7,-6.0,-6.4,-6.5,-5.9,-5.7,-5.2,-5.3,-5.2,-5.0,-4.7,-4.3,-3.2,-2.0,-1.5,-2.9,-4.1,-4.9,-5.7,-6.0,-6.3
43,4.5,4.1,3.6,3.1,2.8,2.2,1.9,1.5,1.0,2.1,5.3,8.3,11.0,12.8,14.9,15.0,14.1,13.3,12.1,10.6,9.5,8.4,7.7,6.9,7.0,6.7,6.6,6.7,6.6,6.6,6.7,6.5,6.5,7.7,9.4,11.6,13.0,13.7,13.6,13.4,13.4,12.7,11.4,10.3,9.6,8.6,7.6,8.5,8.2,7.7,7.4,7.0,6.3,5.3,5.3,5.3,4.9,3.4,2.2,1.2,1.8,2.3,2.0,1.8,2.1,0.9,-1.0,-2.5,-3.4,-3.9,-4.5,-4.9,-5.2,-5.3,-5.4,-5.7,-6.0,-6.4,-6.5,-5.9,-5.7,-5.2,-5.3,-5.2,-5.0,-4.7,-4.3,-3.2,-2.0,-1.5,-2.9,-4.1,-4.9,-5.7,-6.0,-6.3,-7.0,-7.7,-8.1,-8.6,-9.3,-9.8,-10.1,-10.2,-10.3,-9.9,-8.9,-8.4,-7.5,-6.4,-5.8,-5.5,-5.4,-5.9,-6.8,-8.2,-8.7,-9.1,-9.1,-9.1
44,7.0,6.7,6.6,6.7,6.6,6.6,6.7,6.5,6.5,7.7,9.4,11.6,13.0,13.7,13.6,13.4,13.4,12.7,11.4,10.3,9.6,8.6,7.6,8.5,8.2,7.7,7.4,7.0,6.3,5.3,5.3,5.3,4.9,3.4,2.2,1.2,1.8,2.3,2.0,1.8,2.1,0.9,-1.0,-2.5,-3.4,-3.9,-4.5,-4.9,-5.2,-5.3,-5.4,-5.7,-6.0,-6.4,-6.5,-5.9,-5.7,-5.2,-5.3,-5.2,-5.0,-4.7,-4.3,-3.2,-2.0,-1.5,-2.9,-4.1,-4.9,-5.7,-6.0,-6.3,-7.0,-7.7,-8.1,-8.6,-9.3,-9.8,-10.1,-10.2,-10.3,-9.9,-8.9,-8.4,-7.5,-6.4,-5.8,-5.5,-5.4,-5.9,-6.8,-8.2,-8.7,-9.1,-9.1,-9.1,-9.2,-9.5,-9.6,-10.0,-10.3,-10.4,-10.5,-10.5,-10.0,-8.7,-7.6,-5.7,-4.4,-3.1,-2.6,-1.7,-0.9,-0.7,-1.9,-2.6,-3.0,-3.6,-4.1,-4.7
45,8.2,7.7,7.4,7.0,6.3,5.3,5.3,5.3,4.9,3.4,2.2,1.2,1.8,2.3,2.0,1.8,2.1,0.9,-1.0,-2.5,-3.4,-3.9,-4.5,-4.9,-5.2,-5.3,-5.4,-5.7,-6.0,-6.4,-6.5,-5.9,-5.7,-5.2,-5.3,-5.2,-5.0,-4.7,-4.3,-3.2,-2.0,-1.5,-2.9,-4.1,-4.9,-5.7,-6.0,-6.3,-7.0,-7.7,-8.1,-8.6,-9.3,-9.8,-10.1,-10.2,-10.3,-9.9,-8.9,-8.4,-7.5,-6.4,-5.8,-5.5,-5.4,-5.9,-6.8,-8.2,-8.7,-9.1,-9.1,-9.1,-9.2,-9.5,-9.6,-10.0,-10.3,-10.4,-10.5,-10.5,-10.0,-8.7,-7.6,-5.7,-4.4,-3.1,-2.6,-1.7,-0.9,-0.7,-1.9,-2.6,-3.0,-3.6,-4.1,-4.7,-5.3,-5.9,-6.1,-6.4,-6.6,-6.7,-7.0,-6.9,-6.4,-4.1,-1.4,1.0,3.4,5.9,6.9,8.4,8.8,8.6,7.2,6.4,6.0,5.9,6.0,5.7
46,-5.2,-5.3,-5.4,-5.7,-6.0,-6.4,-6.5,-5.9,-5.7,-5.2,-5.3,-5.2,-5.0,-4.7,-4.3,-3.2,-2.0,-1.5,-2.9,-4.1,-4.9,-5.7,-6.0,-6.3,-7.0,-7.7,-8.1,-8.6,-9.3,-9.8,-10.1,-10.2,-10.3,-9.9,-8.9,-8.4,-7.5,-6.4,-5.8,-5.5,-5.4,-5.9,-6.8,-8.2,-8.7,-9.1,-9.1,-9.1,-9.2,-9.5,-9.6,-10.0,-10.3,-10.4,-10.5,-10.5,-10.0,-8.7,-7.6,-5.7,-4.4,-3.1,-2.6,-1.7,-0.9,-0.7,-1.9,-2.6,-3.0,-3.6,-4.1,-4.7,-5.3,-5.9,-6.1,-6.4,-6.6,-6.7,-7.0,-6.9,-6.4,-4.1,-1.4,1.0,3.4,5.9,6.9,8.4,8.8,8.6,7.2,6.4,6.0,5.9,6.0,5.7,5.5,5.6,5.6,5.6,5.8,6.0,6.1,6.1,6.0,6.3,7.1,8.9,10.7,11.4,13.2,14.6,14.8,13.7,11.8,10.0,9.1,8.1,7.1,7.1
47,-7.0,-7.7,-8.1,-8.6,-9.3,-9.8,-10.1,-10.2,-10.3,-9.9,-8.9,-8.4,-7.5,-6.4,-5.8,-5.5,-5.4,-5.9,-6.8,-8.2,-8.7,-9.1,-9.1,-9.1,-9.2,-9.5,-9.6,-10.0,-10.3,-10.4,-10.5,-10.5,-10.0,-8.7,-7.6,-5.7,-4.4,-3.1,-2.6,-1.7,-0.9,-0.7,-1.9,-2.6,-3.0,-3.6,-4.1,-4.7,-5.3,-5.9,-6.1,-6.4,-6.6,-6.7,-7.0,-6.9,-6.4,-4.1,-1.4,1.0,3.4,5.9,6.9,8.4,8.8,8.6,7.2,6.4,6.0,5.9,6.0,5.7,5.5,5.6,5.6,5.6,5.8,6.0,6.1,6.1,6.0,6.3,7.1,8.9,10.7,11.4,13.2,14.6,14.8,13.7,11.8,10.0,9.1,8.1,7.1,7.1,7.1,7.4,6.9,5.9,5.1,5.0,5.1,5.0,4.7,6.4,9.7,12.1,15.3,16.7,17.2,17.0,17.2,16.2,15.1,13.9,12.9,11.8,11.0,10.4
48,-9.2,-9.5,-9.6,-10.0,-10.3,-10.4,-10.5,-10.5,-10.0,-8.7,-7.6,-5.7,-4.4,-3.1,-2.6,-1.7,-0.9,-0.7,-1.9,-2.6,-3.0,-3.6,-4.1,-4.7,-5.3,-5.9,-6.1,-6.4,-6.6,-6.7,-7.0,-6.9,-6.4,-4.1,-1.4,1.0,3.4,5.9,6.9,8.4,8.8,8.6,7.2,6.4,6.0,5.9,6.0,5.7,5.5,5.6,5.6,5.6,5.8,6.0,6.1,6.1,6.0,6.3,7.1,8.9,10.7,11.4,13.2,14.6,14.8,13.7,11.8,10.0,9.1,8.1,7.1,7.1,7.1,7.4,6.9,5.9,5.1,5.0,5.1,5.0,4.7,6.4,9.7,12.1,15.3,16.7,17.2,17.0,17.2,16.2,15.1,13.9,12.9,11.8,11.0,10.4,10.1,9.6,9.0,8.7,8.4,8.2,7.7,7.5,7.5,8.9,9.5,10.2,11.9,12.0,12.0,12.3,12.0,11.7,9.4,6.6,4.5,2.7,1.8,1.1
49,-5.3,-5.9,-6.1,-6.4,-6.6,-6.7,-7.0,-6.9,-6.4,-4.1,-1.4,1.0,3.4,5.9,6.9,8.4,8.8,8.6,7.2,6.4,6.0,5.9,6.0,5.7,5.5,5.6,5.6,5.6,5.8,6.0,6.1,6.1,6.0,6.3,7.1,8.9,10.7,11.4,13.2,14.6,14.8,13.7,11.8,10.0,9.1,8.1,7.1,7.1,7.1,7.4,6.9,5.9,5.1,5.0,5.1,5.0,4.7,6.4,9.7,12.1,15.3,16.7,17.2,17.0,17.2,16.2,15.1,13.9,12.9,11.8,11.0,10.4,10.1,9.6,9.0,8.7,8.4,8.2,7.7,7.5,7.5,8.9,9.5,10.2,11.9,12.0,12.0,12.3,12.0,11.7,9.4,6.6,4.5,2.7,1.8,1.1,0.4,-0.2,-0.7,-1.4,-1.9,-2.1,-2.8,-2.8,-3.1,-2.0,-1.0,0.4,1.1,2.5,3.1,3.9,3.9,3.7,2.6,1.6,0.7,0.0,-0.5,-0.8
50,5.5,5.6,5.6,5.6,5.8,6.0,6.1,6.1,6.0,6.3,7.1,8.9,10.7,11.4,13.2,14.6,14.8,13.7,11.8,10.0,9.1,8.1,7.1,7.1,7.1,7.4,6.9,5.9,5.1,5.0,5.1,5.0,4.7,6.4,9.7,12.1,15.3,16.7,17.2,17.0,17.2,16.2,15.1,13.9,12.9,11.8,11.0,10.4,10.1,9.6,9.0,8.7,8.4,8.2,7.7,7.5,7.5,8.9,9.5,10.2,11.9,12.0,12.0,12.3,12.0,11.7,9.4,6.6,4.5,2.7,1.8,1.1,0.4,-0.2,-0.7,-1.4,-1.9,-2.1,-2.8,-2.8,-3.1,-2.0,-1.0,0.4,1.1,2.5,3.1,3.9,3.9,3.7,2.6,1.6,0.7,0.0,-0.5,-0.8,-1.4,-1.5,-1.7,-1.9,-2.2,-2.4,-2.4,-2.8,-2.8,-1.0,1.6,3.4,5.6,6.9,8.5,9.2,9.5,9.4,7.5,5.9,4.8,4.1,3.1,2.6
51,7.1,7.4,6.9,5.9,5.1,5.0,5.1,5.0,4.7,6.4,9.7,12.1,15.3,16.7,17.2,17.0,17.2,16.2,15.1,13.9,12.9,11.8,11.0,10.4,10.1,9.6,9.0,8.7,8.4,8.2,7.7,7.5,7.5,8.9,9.5,10.2,11.9,12.0,12.0,12.3,12.0,11.7,9.4,6.6,4.5,2.7,1.8,1.1,0.4,-0.2,-0.7,-1.4,-1.9,-2.1,-2.8,-2.8,-3.1,-2.0,-1.0,0.4,1.1,2.5,3.1,3.9,3.9,3.7,2.6,1.6,0.7,0.0,-0.5,-0.8,-1.4,-1.5,-1.7,-1.9,-2.2,-2.4,-2.4,-2.8,-2.8,-1.0,1.6,3.4,5.6,6.9,8.5,9.2,9.5,9.4,7.5,5.9,4.8,4.1,3.1,2.6,2.2,1.3,1.3,1.0,0.8,0.9,1.2,0.9,1.1,2.0,3.3,4.6,6.0,6.7,7.9,8.0,8.0,7.9,7.4,6.6,5.6,4.5,4.0,3.5
52,10.1,9.6,9.0,8.7,8.4,8.2,7.7,7.5,7.5,8.9,9.5,10.2,11.9,12.0,12.0,12.3,12.0,11.7,9.4,6.6,4.5,2.7,1.8,1.1,0.4,-0.2,-0.7,-1.4,-1.9,-2.1,-2.8,-2.8,-3.1,-2.0,-1.0,0.4,1.1,2.5,3.1,3.9,3.9,3.7,2.6,1.6,0.7,0.0,-0.5,-0.8,-1.4,-1.5,-1.7,-1.9,-2.2,-2.4,-2.4,-2.8,-2.8,-1.0,1.6,3.4,5.6,6.9,8.5,9.2,9.5,9.4,7.5,5.9,4.8,4.1,3.1,2.6,2.2,1.3,1.3,1.0,0.8,0.9,1.2,0.9,1.1,2.0,3.3,4.6,6.0,6.7,7.9,8.0,8.0,7.9,7.4,6.6,5.6,4.5,4.0,3.5,3.1,2.9,2.4,2.0,1.8,1.1,0.9,0.7,0.8,3.9,8.1,10.6,12.9,14.2,14.9,15.5,15.5,14.9,13.5,12.0,10.7,9.7,8.8,8.1
53,0.4,-0.2,-0.7,-1.4,-1.9,-2.1,-2.8,-2.8,-3.1,-2.0,-1.0,0.4,1.1,2.5,3.1,3.9,3.9,3.7,2.6,1.6,0.7,0.0,-0.5,-0.8,-1.4,-1.5,-1.7,-1.9,-2.2,-2.4,-2.4,-2.8,-2.8,-1.0,1.6,3.4,5.6,6.9,8.5,9.2,9.5,9.4,7.5,5.9,4.8,4.1,3.1,2.6,2.2,1.3,1.3,1.0,0.8,0.9,1.2,0.9,1.1,2.0,3.3,4.6,6.0,6.7,7.9,8.0,8.0,7.9,7.4,6.6,5.6,4.5,4.0,3.5,3.1,2.9,2.4,2.0,1.8,1.1,0.9,0.7,0.8,3.9,8.1,10.6,12.9,14.2,14.9,15.5,15.5,14.9,13.5,12.0,10.7,9.7,8.8,8.1,7.2,6.2,5.8,5.5,4.8,4.5,4.4,4.3,4.6,6.6,8.9,10.9,12.4,13.5,14.5,15.3,16.1,15.3,13.9,12.4,11.3,10.3,9.4,8.6
54,-1.4,-1.5,-1.7,-1.9,-2.2,-2.4,-2.4,-2.8,-2.8,-1.0,1.6,3.4,5.6,6.9,8.5,9.2,9.5,9.4,7.5,5.9,4.8,4.1,3.1,2.6,2.2,1.3,1.3,1.0,0.8,0.9,1.2,0.9,1.1,2.0,3.3,4.6,6.0,6.7,7.9,8.0,8.0,7.9,7.4,6.6,5.6,4.5,4.0,3.5,3.1,2.9,2.4,2.0,1.8,1.1,0.9,0.7,0.8,3.9,8.1,10.6,12.9,14.2,14.9,15.5,15.5,14.9,13.5,12.0,10.7,9.7,8.8,8.1,7.2,6.2,5.8,5.5,4.8,4.5,4.4,4.3,4.6,6.6,8.9,10.9,12.4,13.5,14.5,15.3,16.1,15.3,13.9,12.4,11.3,10.3,9.4,8.6,7.6,6.8,6.1,5.7,4.8,4.1,3.7,3.3,3.5,5.9,8.1,8.4,9.0,9.5,9.5,9.8,10.7,10.5,10.2,9.8,9.3,9.1,9.1,9.0
55,2.2,1.3,1.3,1.0,0.8,0.9,1.2,0.9,1.1,2.0,3.3,4.6,6.0,6.7,7.9,8.0,8.0,7.9,7.4,6.6,5.6,4.5,4.0,3.5,3.1,2.9,2.4,2.0,1.8,1.1,0.9,0.7,0.8,3.9,8.1,10.6,12.9,14.2,14.9,15.5,15.5,14.9,13.5,12.0,10.7,9.7,8.8,8.1,7.2,6.2,5.8,5.5,4.8,4.5,4.4,4.3,4.6,6.6,8.9,10.9,12.4,13.5,14.5,15.3,16.1,15.3,13.9,12.4,11.3,10.3,9.4,8.6,7.6,6.8,6.1,5.7,4.8,4.1,3.7,3.3,3.5,5.9,8.1,8.4,9.0,9.5,9.5,9.8,10.7,10.5,10.2,9.8,9.3,9.1,9.1,9.0,9.0,8.7,8.7,8.6,7.2,5.8,5.6,5.2,5.4,5.7,6.0,6.4,6.4,6.7,6.8,6.8,5.7,4.5,3.1,1.5,1.2,1.0,0.8,0.6
56,3.1,2.9,2.4,2.0,1.8,1.1,0.9,0.7,0.8,3.9,8.1,10.6,12.9,14.2,14.9,15.5,15.5,14.9,13.5,12.0,10.7,9.7,8.8,8.1,7.2,6.2,5.8,5.5,4.8,4.5,4.4,4.3,4.6,6.6,8.9,10.9,12.4,13.5,14.5,15.3,16.1,15.3,13.9,12.4,11.3,10.3,9.4,8.6,7.6,6.8,6.1,5.7,4.8,4.1,3.7,3.3,3.5,5.9,8.1,8.4,9.0,9.5,9.5,9.8,10.7,10.5,10.2,9.8,9.3,9.1,9.1,9.0,9.0,8.7,8.7,8.6,7.2,5.8,5.6,5.2,5.4,5.7,6.0,6.4,6.4,6.7,6.8,6.8,5.7,4.5,3.1,1.5,1.2,1.0,0.8,0.6,0.5,0.6,0.5,0.3,0.2,0.2,0.3,0.2,0.3,0.7,1.5,2.4,3.5,4.0,4.8,6.1,6.2,6.4,4.9,3.8,2.9,2.1,1.5,1.2
57,7.2,6.2,5.8,5.5,4.8,4.5,4.4,4.3,4.6,6.6,8.9,10.9,12.4,13.5,14.5,15.3,16.1,15.3,13.9,12.4,11.3,10.3,9.4,8.6,7.6,6.8,6.1,5.7,4.8,4.1,3.7,3.3,3.5,5.9,8.1,8.4,9.0,9.5,9.5,9.8,10.7,10.5,10.2,9.8,9.3,9.1,9.1,9.0,9.0,8.7,8.7,8.6,7.2,5.8,5.6,5.2,5.4,5.7,6.0,6.4,6.4,6.7,6.8,6.8,5.7,4.5,3.1,1.5,1.2,1.0,0.8,0.6,0.5,0.6,0.5,0.3,0.2,0.2,0.3,0.2,0.3,0.7,1.5,2.4,3.5,4.0,4.8,6.1,6.2,6.4,4.9,3.8,2.9,2.1,1.5,1.2,0.8,0.8,0.5,0.3,-0.4,-0.8,-1.0,-1.2,-0.6,1.3,3.8,6.0,7.7,8.7,9.3,9.5,9.6,9.6,8.4,6.9,5.6,4.8,4.2,4.2
58,7.6,6.8,6.1,5.7,4.8,4.1,3.7,3.3,3.5,5.9,8.1,8.4,9.0,9.5,9.5,9.8,10.7,10.5,10.2,9.8,9.3,9.1,9.1,9.0,9.0,8.7,8.7,8.6,7.2,5.8,5.6,5.2,5.4,5.7,6.0,6.4,6.4,6.7,6.8,6.8,5.7,4.5,3.1,1.5,1.2,1.0,0.8,0.6,0.5,0.6,0.5,0.3,0.2,0.2,0.3,0.2,0.3,0.7,1.5,2.4,3.5,4.0,4.8,6.1,6.2,6.4,4.9,3.8,2.9,2.1,1.5,1.2,0.8,0.8,0.5,0.3,-0.4,-0.8,-1.0,-1.2,-0.6,1.3,3.8,6.0,7.7,8.7,9.3,9.5,9.6,9.6,8.4,6.9,5.6,4.8,4.2,4.2,3.9,3.5,2.9,2.6,2.7,3.1,3.6,3.7,4.0,4.9,6.1,7.0,8.5,10.4,11.2,12.1,13.0,12.0,11.5,10.2,9.1,8.1,7.3,6.7
59,9.0,8.7,8.7,8.6,7.2,5.8,5.6,5.2,5.4,5.7,6.0,6.4,6.4,6.7,6.8,6.8,5.7,4.5,3.1,1.5,1.2,1.0,0.8,0.6,0.5,0.6,0.5,0.3,0.2,0.2,0.3,0.2,0.3,0.7,1.5,2.4,3.5,4.0,4.8,6.1,6.2,6.4,4.9,3.8,2.9,2.1,1.5,1.2,0.8,0.8,0.5,0.3,-0.4,-0.8,-1.0,-1.2,-0.6,1.3,3.8,6.0,7.7,8.7,9.3,9.5,9.6,9.6,8.4,6.9,5.6,4.8,4.2,4.2,3.9,3.5,2.9,2.6,2.7,3.1,3.6,3.7,4.0,4.9,6.1,7.0,8.5,10.4,11.2,12.1,13.0,12.0,11.5,10.2,9.1,8.1,7.3,6.7,6.1,5.7,5.3,4.6,4.4,3.7,3.4,3.3,3.3,5.4,8.5,11.0,13.3,15.4,14.9,14.9,15.6,15.0,13.0,11.3,10.2,9.4,8.7,8.1
60,0.5,0.6,0.5,0.3,0.2,0.2,0.3,0.2,0.3,0.7,1.5,2.4,3.5,4.0,4.8,6.1,6.2,6.4,4.9,3.8,2.9,2.1,1.5,1.2,0.8,0.8,0.5,0.3,-0.4,-0.8,-1.0,-1.2,-0.6,1.3,3.8,6.0,7.7,8.7,9.3,9.5,9.6,9.6,8.4,6.9,5.6,4.8,4.2,4.2,3.9,3.5,2.9,2.6,2.7,3.1,3.6,3.7,4.0,4.9,6.1,7.0,8.5,10.4,11.2,12.1,13.0,12.0,11.5,10.2,9.1,8.1,7.3,6.7,6.1,5.7,5.3,4.6,4.4,3.7,3.4,3.3,3.3,5.4,8.5,11.0,13.3,15.4,14.9,14.9,15.6,15.0,13.0,11.3,10.2,9.4,8.7,8.1,7.6,7.0,6.4,6.0,5.9,5.8,5.4,5.1,5.2,6.7,8.6,10.3,11.4,11.0,10.0,9.2,8.5,7.5,6.5,5.4,4.5,4.0,3.9,3.6
61,0.8,0.8,0.5,0.3,-0.4,-0.8,-1.0,-1.2,-0.6,1.3,3.8,6.0,7.7,8.7,9.3,9.5,9.6,9.6,8.4,6.9,5.6,4.8,4.2,4.2,3.9,3.5,2.9,2.6,2.7,3.1,3.6,3.7,4.0,4.9,6.1,7.0,8.5,10.4,11.2,12.1,13.0,12.0,11.5,10.2,9.1,8.1,7.3,6.7,6.1,5.7,5.3,4.6,4.4,3.7,3.4,3.3,3.3,5.4,8.5,11.0,13.3,15.4,14.9,14.9,15.6,15.0,13.0,11.3,10.2,9.4,8.7,8.1,7.6,7.0,6.4,6.0,5.9,5.8,5.4,5.1,5.2,6.7,8.6,10.3,11.4,11.0,10.0,9.2,8.5,7.5,6.5,5.4,4.5,4.0,3.9,3.6,3.2,2.7,2.4,2.4,2.4,2.3,2.2,2.1,2.5,4.3,5.9,7.9,9.1,10.6,11.5,12.1,11.5,11.0,9.3,7.9,7.0,6.0,5.5,4.9
62,3.9,3.5,2.9,2.6,2.7,3.1,3.6,3.7,4.0,4.9,6.1,7.0,8.5,10.4,11.2,12.1,13.0,12.0,11.5,10.2,9.1,8.1,7.3,6.7,6.1,5.7,5.3,4.6,4.4,3.7,3.4,3.3,3.3,5.4,8.5,11.0,13.3,15.4,14.9,14.9,15.6,15.0,13.0,11.3,10.2,9.4,8.7,8.1,7.6,7.0,6.4,6.0,5.9,5.8,5.4,5.1,5.2,6.7,8.6,10.3,11.4,11.0,10.0,9.2,8.5,7.5,6.5,5.4,4.5,4.0,3.9,3.6,3.2,2.7,2.4,2.4,2.4,2.3,2.2,2.1,2.5,4.3,5.9,7.9,9.1,10.6,11.5,12.1,11.5,11.0,9.3,7.9,7.0,6.0,5.5,4.9,4.5,4.2,3.4,3.0,2.6,2.3,1.9,1.6,2.0,4.1,7.0,8.8,11.0,11.8,12.9,13.3,13.5,11.8,10.5,9.3,8.3,7.4,6.5,5.5
63,6.1,5.7,5.3,4.6,4.4,3.7,3.4,3.3,3.3,5.4,8.5,11.0,13.3,15.4,14.9,14.9,15.6,15.0,13.0,11.3,10.2,9.4,8.7,8.1,7.6,7.0,6.4,6.0,5.9,5.8,5.4,5.1,5.2,6.7,8.6,10.3,11.4,11.0,10.0,9.2,8.5,7.5,6.5,5.4,4.5,4.0,3.9,3.6,3.2,2.7,2.4,2.4,2.4,2.3,2.2,2.1,2.5,4.3,5.9,7.9,9.1,10.6,11.5,12.1,11.5,11.0,9.3,7.9,7.0,6.0,5.5,4.9,4.5,4.2,3.4,3.0,2.6,2.3,1.9,1.6,2.0,4.1,7.0,8.8,11.0,11.8,12.9,13.3,13.5,11.8,10.5,9.3,8.3,7.4,6.5,5.5,4.8,4.7,4.1,3.7,2.8,2.4,2.5,2.4,2.9,4.8,7.4,9.0,9.7,11.4,11.8,11.7,12.0,11.3,9.1,7.3,6.5,6.0,5.7,5.2
64,7.6,7.0,6.4,6.0,5.9,5.8,5.4,5.1,5.2,6.7,8.6,10.3,11.4,11.0,10.0,9.2,8.5,7.5,6.5,5.4,4.5,4.0,3.9,3.6,3.2,2.7,2.4,2.4,2.4,2.3,2.2,2.1,2.5,4.3,5.9,7.9,9.1,10.6,11.5,12.1,11.5,11.0,9.3,7.9,7.0,6.0,5.5,4.9,4.5,4.2,3.4,3.0,2.6,2.3,1.9,1.6,2.0,4.1,7.0,8.8,11.0,11.8,12.9,13.3,13.5,11.8,10.5,9.3,8.3,7.4,6.5,5.5,4.8,4.7,4.1,3.7,2.8,2.4,2.5,2.4,2.9,4.8,7.4,9.0,9.7,11.4,11.8,11.7,12.0,11.3,9.1,7.3,6.5,6.0,5.7,5.2,4.9,4.3,3.9,3.6,3.2,2.9,2.1,1.8,2.2,4.8,7.6,10.0,12.3,13.9,15.1,16.4,17.0,16.3,14.1,11.7,10.7,9.9,9.0,8.1
65,3.2,2.7,2.4,2.4,2.4,2.3,2.2,2.1,2.5,4.3,5.9,7.9,9.1,10.6,11.5,12.1,11.5,11.0,9.3,7.9,7.0,6.0,5.5,4.9,4.5,4.2,3.4,3.0,2.6,2.3,1.9,1.6,2.0,4.1,7.0,8.8,11.0,11.8,12.9,13.3,13.5,11.8,10.5,9.3,8.3,7.4,6.5,5.5,4.8,4.7,4.1,3.7,2.8,2.4,2.5,2.4,2.9,4.8,7.4,9.0,9.7,11.4,11.8,11.7,12.0,11.3,9.1,7.3,6.5,6.0,5.7,5.2,4.9,4.3,3.9,3.6,3.2,2.9,2.1,1.8,2.2,4.8,7.6,10.0,12.3,13.9,15.1,16.4,17.0,16.3,14.1,11.7,10.7,9.9,9.0,8.1,7.1,6.5,6.2,5.9,5.7,5.2,4.8,4.8,5.0,6.7,9.5,11.7,13.7,15.2,16.1,16.9,16.5,14.2,12.9,12.0,11.6,11.0,10.5,10.1
66,4.5,4.2,3.4,3.0,2.6,2.3,1.9,1.6,2.0,4.1,7.0,8.8,11.0,11.8,12.9,13.3,13.5,11.8,10.5,9.3,8.3,7.4,6.5,5.5,4.8,4.7,4.1,3.7,2.8,2.4,2.5,2.4,2.9,4.8,7.4,9.0,9.7,11.4,11.8,11.7,12.0,11.3,9.1,7.3,6.5,6.0,5.7,5.2,4.9,4.3,3.9,3.6,3.2,2.9,2.1,1.8,2.2,4.8,7.6,10.0,12.3,13.9,15.1,16.4,17.0,16.3,14.1,11.7,10.7,9.9,9.0,8.1,7.1,6.5,6.2,5.9,5.7,5.2,4.8,4.8,5.0,6.7,9.5,11.7,13.7,15.2,16.1,16.9,16.5,14.2,12.9,12.0,11.6,11.0,10.5,10.1,9.9,9.5,9.6,9.6,9.4,9.5,9.2,9.0,8.9,9.8,10.7,12.3,13.8,14.8,12.9,12.4,12.5,12.8,12.4,11.3,10.3,9.4,8.4,7.7
67,4.8,4.7,4.1,3.7,2.8,2.4,2.5,2.4,2.9,4.8,7.4,9.0,9.7,11.4,11.8,11.7,12.0,11.3,9.1,7.3,6.5,6.0,5.7,5.2,4.9,4.3,3.9,3.6,3.2,2.9,2.1,1.8,2.2,4.8,7.6,10.0,12.3,13.9,15.1,16.4,17.0,16.3,14.1,11.7,10.7,9.9,9.0,8.1,7.1,6.5,6.2,5.9,5.7,5.2,4.8,4.8,5.0,6.7,9.5,11.7,13.7,15.2,16.1,16.9,16.5,14.2,12.9,12.0,11.6,11.0,10.5,10.1,9.9,9.5,9.6,9.6,9.4,9.5,9.2,9.0,8.9,9.8,10.7,12.3,13.8,14.8,12.9,12.4,12.5,12.8,12.4,11.3,10.3,9.4,8.4,7.7,7.2,6.8,6.4,6.0,5.4,5.2,5.0,4.6,5.6,7.5,9.4,11.1,12.1,13.4,14.0,13.7,13.8,13.1,11.5,10.3,9.9,9.6,9.2,8.4
68,4.9,4.3,3.9,3.6,3.2,2.9,2.1,1.8,2.2,4.8,7.6,10.0,12.3,13.9,15.1,16.4,17.0,16.3,14.1,11.7,10.7,9.9,9.0,8.1,7.1,6.5,6.2,5.9,5.7,5.2,4.8,4.8,5.0,6.7,9.5,11.7,13.7,15.2,16.1,16.9,16.5,14.2,12.9,12.0,11.6,11.0,10.5,10.1,9.9,9.5,9.6,9.6,9.4,9.5,9.2,9.0,8.9,9.8,10.7,12.3,13.8,14.8,12.9,12.4,12.5,12.8,12.4,11.3,10.3,9.4,8.4,7.7,7.2,6.8,6.4,6.0,5.4,5.2,5.0,4.6,5.6,7.5,9.4,11.1,12.1,13.4,14.0,13.7,13.8,13.1,11.5,10.3,9.9,9.6,9.2,8.4,7.8,7.3,6.9,6.3,6.0,5.5,5.4,5.0,5.2,6.6,8.5,10.4,11.9,12.9,13.7,14.4,14.6,13.8,11.9,10.4,9.5,9.0,8.7,8.5
69,7.1,6.5,6.2,5.9,5.7,5.2,4.8,4.8,5.0,6.7,9.5,11.7,13.7,15.2,16.1,16.9,16.5,14.2,12.9,12.0,11.6,11.0,10.5,10.1,9.9,9.5,9.6,9.6,9.4,9.5,9.2,9.0,8.9,9.8,10.7,12.3,13.8,14.8,12.9,12.4,12.5,12.8,12.4,11.3,10.3,9.4,8.4,7.7,7.2,6.8,6.4,6.0,5.4,5.2,5.0,4.6,5.6,7.5,9.4,11.1,12.1,13.4,14.0,13.7,13.8,13.1,11.5,10.3,9.9,9.6,9.2,8.4,7.8,7.3,6.9,6.3,6.0,5.5,5.4,5.0,5.2,6.6,8.5,10.4,11.9,12.9,13.7,14.4,14.6,13.8,11.9,10.4,9.5,9.0,8.7,8.5,7.6,7.0,6.7,6.4,5.9,5.6,5.2,5.1,6.0,7.6,9.5,12.0,13.3,14.4,14.8,15.6,15.4,14.9,13.7,12.9,12.7,12.6,12.3,11.5
70,9.9,9.5,9.6,9.6,9.4,9.5,9.2,9.0,8.9,9.8,10.7,12.3,13.8,14.8,12.9,12.4,12.5,12.8,12.4,11.3,10.3,9.4,8.4,7.7,7.2,6.8,6.4,6.0,5.4,5.2,5.0,4.6,5.6,7.5,9.4,11.1,12.1,13.4,14.0,13.7,13.8,13.1,11.5,10.3,9.9,9.6,9.2,8.4,7.8,7.3,6.9,6.3,6.0,5.5,5.4,5.0,5.2,6.6,8.5,10.4,11.9,12.9,13.7,14.4,14.6,13.8,11.9,10.4,9.5,9.0,8.7,8.5,7.6,7.0,6.7,6.4,5.9,5.6,5.2,5.1,6.0,7.6,9.5,12.0,13.3,14.4,14.8,15.6,15.4,14.9,13.7,12.9,12.7,12.6,12.3,11.5,10.7,9.8,9.3,9.2,8.9,7.8,6.6,5.6,5.4,6.2,7.6,8.5,10.2,11.5,12.6,12.6,12.4,12.0,10.5,9.1,7.9,6.6,6.0,5.7
71,7.2,6.8,6.4,6.0,5.4,5.2,5.0,4.6,5.6,7.5,9.4,11.1,12.1,13.4,14.0,13.7,13.8,13.1,11.5,10.3,9.9,9.6,9.2,8.4,7.8,7.3,6.9,6.3,6.0,5.5,5.4,5.0,5.2,6.6,8.5,10.4,11.9,12.9,13.7,14.4,14.6,13.8,11.9,10.4,9.5,9.0,8.7,8.5,7.6,7.0,6.7,6.4,5.9,5.6,5.2,5.1,6.0,7.6,9.5,12.0,13.3,14.4,14.8,15.6,15.4,14.9,13.7,12.9,12.7,12.6,12.3,11.5,10.7,9.8,9.3,9.2,8.9,7.8,6.6,5.6,5.4,6.2,7.6,8.5,10.2,11.5,12.6,12.6,12.4,12.0,10.5,9.1,7.9,6.6,6.0,5.7,4.9,4.5,4.1,3.6,3.2,2.7,2.2,1.9,2.8,5.8,8.5,10.6,12.7,14.2,15.5,16.7,17.4,16.4,13.7,11.0,9.5,8.6,8.8,7.9
72,7.8,7.3,6.9,6.3,6.0,5.5,5.4,5.0,5.2,6.6,8.5,10.4,11.9,12.9,13.7,14.4,14.6,13.8,11.9,10.4,9.5,9.0,8.7,8.5,7.6,7.0,6.7,6.4,5.9,5.6,5.2,5.1,6.0,7.6,9.5,12.0,13.3,14.4,14.8,15.6,15.4,14.9,13.7,12.9,12.7,12.6,12.3,11.5,10.7,9.8,9.3,9.2,8.9,7.8,6.6,5.6,5.4,6.2,7.6,8.5,10.2,11.5,12.6,12.6,12.4,12.0,10.5,9.1,7.9,6.6,6.0,5.7,4.9,4.5,4.1,3.6,3.2,2.7,2.2,1.9,2.8,5.8,8.5,10.6,12.7,14.2,15.5,16.7,17.4,16.4,13.7,11.0,9.5,8.6,8.8,7.9,7.2,6.9,6.2,5.9,5.5,5.4,5.1,5.1,6.1,8.8,11.5,13.6,15.2,16.6,16.3,17.8,18.1,16.9,15.3,14.2,13.6,13.3,12.9,12.7
73,7.6,7.0,6.7,6.4,5.9,5.6,5.2,5.1,6.0,7.6,9.5,12.0,13.3,14.4,14.8,15.6,15.4,14.9,13.7,12.9,12.7,12.6,12.3,11.5,10.7,9.8,9.3,9.2,8.9,7.8,6.6,5.6,5.4,6.2,7.6,8.5,10.2,11.5,12.6,12.6,12.4,12.0,10.5,9.1,7.9,6.6,6.0,5.7,4.9,4.5,4.1,3.6,3.2,2.7,2.2,1.9,2.8,5.8,8.5,10.6,12.7,14.2,15.5,16.7,17.4,16.4,13.7,11.0,9.5,8.6,8.8,7.9,7.2,6.9,6.2,5.9,5.5,5.4,5.1,5.1,6.1,8.8,11.5,13.6,15.2,16.6,16.3,17.8,18.1,16.9,15.3,14.2,13.6,13.3,12.9,12.7,12.5,12.4,12.5,12.4,12.2,12.0,11.6,11.6,11.6,12.9,14.4,15.6,17.4,18.4,19.2,19.8,20.2,19.9,18.0,16.1,15.5,15.2,14.8,14.8
74,10.7,9.8,9.3,9.2,8.9,7.8,6.6,5.6,5.4,6.2,7.6,8.5,10.2,11.5,12.6,12.6,12.4,12.0,10.5,9.1,7.9,6.6,6.0,5.7,4.9,4.5,4.1,3.6,3.2,2.7,2.2,1.9,2.8,5.8,8.5,10.6,12.7,14.2,15.5,16.7,17.4,16.4,13.7,11.0,9.5,8.6,8.8,7.9,7.2,6.9,6.2,5.9,5.5,5.4,5.1,5.1,6.1,8.8,11.5,13.6,15.2,16.6,16.3,17.8,18.1,16.9,15.3,14.2,13.6,13.3,12.9,12.7,12.5,12.4,12.5,12.4,12.2,12.0,11.6,11.6,11.6,12.9,14.4,15.6,17.4,18.4,19.2,19.8,20.2,19.9,18.0,16.1,15.5,15.2,14.8,14.8,14.7,14.2,13.7,13.3,12.7,12.2,12.0,11.8,11.4,10.6,9.1,8.8,8.8,8.8,9.0,9.2,9.5,9.5,9.4,8.9,8.6,8.3,7.9,7.7
75,4.9,4.5,4.1,3.6,3.2,2.7,2.2,1.9,2.8,5.8,8.5,10.6,12.7,14.2,15.5,16.7,17.4,16.4,13.7,11.0,9.5,8.6,8.8,7.9,7.2,6.9,6.2,5.9,5.5,5.4,5.1,5.1,6.1,8.8,11.5,13.6,15.2,16.6,16.3,17.8,18.1,16.9,15.3,14.2,13.6,13.3,12.9,12.7,12.5,12.4,12.5,12.4,12.2,12.0,11.6,11.6,11.6,12.9,14.4,15.6,17.4,18.4,19.2,19.8,20.2,19.9,18.0,16.1,15.5,15.2,14.8,14.8,14.7,14.2,13.7,13.3,12.7,12.2,12.0,11.8,11.4,10.6,9.1,8.8,8.8,8.8,9.0,9.2,9.5,9.5,9.4,8.9,8.6,8.3,7.9,7.7,7.4,7.1,6.7,6.2,5.5,5.1,4.7,4.7,4.9,5.5,5.9,6.7,8.0,6.7,7.9,8.0,7.8,7.2,6.1,5.3,5.2,4.6,3.9,3.5
76,7.2,6.9,6.2,5.9,5.5,5.4,5.1,5.1,6.1,8.8,11.5,13.6,15.2,16.6,16.3,17.8,18.1,16.9,15.3,14.2,13.6,13.3,12.9,12.7,12.5,12.4,12.5,12.4,12.2,12.0,11.6,11.6,11.6,12.9,14.4,15.6,17.4,18.4,19.2,19.8,20.2,19.9,18.0,16.1,15.5,15.2,14.8,14.8,14.7,14.2,13.7,13.3,12.7,12.2,12.0,11.8,11.4,10.6,9.1,8.8,8.8,8.8,9.0,9.2,9.5,9.5,9.4,8.9,8.6,8.3,7.9,7.7,7.4,7.1,6.7,6.2,5.5,5.1,4.7,4.7,4.9,5.5,5.9,6.7,8.0,6.7,7.9,8.0,7.8,7.2,6.1,5.3,5.2,4.6,3.9,3.5,3.2,2.8,2.5,2.2,1.9,1.7,1.5,1.1,2.3,4.8,6.7,8.2,9.9,10.2,10.6,10.6,10.6,10.8,9.3,8.1,7.1,6.4,5.8,5.4
77,12.5,12.4,12.5,12.4,12.2,12.0,11.6,11.6,11.6,12.9,14.4,15.6,17.4,18.4,19.2,19.8,20.2,19.9,18.0,16.1,15.5,15.2,14.8,14.8,14.7,14.2,13.7,13.3,12.7,12.2,12.0,11.8,11.4,10.6,9.1,8.8,8.8,8.8,9.0,9.2,9.5,9.5,9.4,8.9,8.6,8.3,7.9,7.7,7.4,7.1,6.7,6.2,5.5,5.1,4.7,4.7,4.9,5.5,5.9,6.7,8.0,6.7,7.9,8.0,7.8,7.2,6.1,5.3,5.2,4.6,3.9,3.5,3.2,2.8,2.5,2.2,1.9,1.7,1.5,1.1,2.3,4.8,6.7,8.2,9.9,10.2,10.6,10.6,10.6,10.8,9.3,8.1,7.1,6.4,5.8,5.4,5.1,4.8,4.3,3.8,3.3,2.7,2.9,2.8,3.9,6.3,8.5,10.8,12.8,14.6,15.5,16.0,15.3,14.8,12.7,11.2,10.2,9.5,9.2,8.7
78,14.7,14.2,13.7,13.3,12.7,12.2,12.0,11.8,11.4,10.6,9.1,8.8,8.8,8.8,9.0,9.2,9.5,9.5,9.4,8.9,8.6,8.3,7.9,7.7,7.4,7.1,6.7,6.2,5.5,5.1,4.7,4.7,4.9,5.5,5.9,6.7,8.0,6.7,7.9,8.0,7.8,7.2,6.1,5.3,5.2,4.6,3.9,3.5,3.2,2.8,2.5,2.2,1.9,1.7,1.5,1.1,2.3,4.8,6.7,8.2,9.9,10.2,10.6,10.6,10.6,10.8,9.3,8.1,7.1,6.4,5.8,5.4,5.1,4.8,4.3,3.8,3.3,2.7,2.9,2.8,3.9,6.3,8.5,10.8,12.8,14.6,15.5,16.0,15.3,14.8,12.7,11.2,10.2,9.5,9.2,8.7,8.5,8.3,7.8,7.7,7.3,6.6,5.9,5.9,6.6,8.6,10.1,12.0,13.8,15.0,15.8,16.6,16.7,15.4,14.1,11.9,10.8,10.5,10.0,9.3
79,7.4,7.1,6.7,6.2,5.5,5.1,4.7,4.7,4.9,5.5,5.9,6.7,8.0,6.7,7.9,8.0,7.8,7.2,6.1,5.3,5.2,4.6,3.9,3.5,3.2,2.8,2.5,2.2,1.9,1.7,1.5,1.1,2.3,4.8,6.7,8.2,9.9,10.2,10.6,10.6,10.6,10.8,9.3,8.1,7.1,6.4,5.8,5.4,5.1,4.8,4.3,3.8,3.3,2.7,2.9,2.8,3.9,6.3,8.5,10.8,12.8,14.6,15.5,16.0,15.3,14.8,12.7,11.2,10.2,9.5,9.2,8.7,8.5,8.3,7.8,7.7,7.3,6.6,5.9,5.9,6.6,8.6,10.1,12.0,13.8,15.0,15.8,16.6,16.7,15.4,14.1,11.9,10.8,10.5,10.0,9.3,9.1,8.9,8.9,9.0,9.0,9.0,9.1,8.5,8.8,10.1,12.7,14.6,15.8,17.1,18.8,18.5,18.1,17.5,15.5,13.1,11.9,10.0,8.6,7.5
80,3.2,2.8,2.5,2.2,1.9,1.7,1.5,1.1,2.3,4.8,6.7,8.2,9.9,10.2,10.6,10.6,10.6,10.8,9.3,8.1,7.1,6.4,5.8,5.4,5.1,4.8,4.3,3.8,3.3,2.7,2.9,2.8,3.9,6.3,8.5,10.8,12.8,14.6,15.5,16.0,15.3,14.8,12.7,11.2,10.2,9.5,9.2,8.7,8.5,8.3,7.8,7.7,7.3,6.6,5.9,5.9,6.6,8.6,10.1,12.0,13.8,15.0,15.8,16.6,16.7,15.4,14.1,11.9,10.8,10.5,10.0,9.3,9.1,8.9,8.9,9.0,9.0,9.0,9.1,8.5,8.8,10.1,12.7,14.6,15.8,17.1,18.8,18.5,18.1,17.5,15.5,13.1,11.9,10.0,8.6,7.5,6.8,6.1,5.8,5.7,5.4,5.2,5.0,4.9,5.8,8.4,10.8,13.7,15.4,17.3,18.9,19.8,20.6,19.4,18.9,16.9,15.8,14.9,13.7,13.1
81,5.1,4.8,4.3,3.8,3.3,2.7,2.9,2.8,3.9,6.3,8.5,10.8,12.8,14.6,15.5,16.0,15.3,14.8,12.7,11.2,10.2,9.5,9.2,8.7,8.5,8.3,7.8,7.7,7.3,6.6,5.9,5.9,6.6,8.6,10.1,12.0,13.8,15.0,15.8,16.6,16.7,15.4,14.1,11.9,10.8,10.5,10.0,9.3,9.1,8.9,8.9,9.0,9.0,9.0,9.1,8.5,8.8,10.1,12.7,14.6,15.8,17.1,18.8,18.5,18.1,17.5,15.5,13.1,11.9,10.0,8.6,7.5,6.8,6.1,5.8,5.7,5.4,5.2,5.0,4.9,5.8,8.4,10.8,13.7,15.4,17.3,18.9,19.8,20.6,19.4,18.9,16.9,15.8,14.9,13.7,13.1,12.6,12.3,12.1,11.9,11.6,11.1,10.4,10.3,11.5,12.6,13.1,13.6,14.9,13.1,12.1,11.4,11.2,11.1,11.1,11.2,11.5,11.7,12.0,12.2
82,8.5,8.3,7.8,7.7,7.3,6.6,5.9,5.9,6.6,8.6,10.1,12.0,13.8,15.0,15.8,16.6,16.7,15.4,14.1,11.9,10.8,10.5,10.0,9.3,9.1,8.9,8.9,9.0,9.0,9.0,9.1,8.5,8.8,10.1,12.7,14.6,15.8,17.1,18.8,18.5,18.1,17.5,15.5,13.1,11.9,10.0,8.6,7.5,6.8,6.1,5.8,5.7,5.4,5.2,5.0,4.9,5.8,8.4,10.8,13.7,15.4,17.3,18.9,19.8,20.6,19.4,18.9,16.9,15.8,14.9,13.7,13.1,12.6,12.3,12.1,11.9,11.6,11.1,10.4,10.3,11.5,12.6,13.1,13.6,14.9,13.1,12.1,11.4,11.2,11.1,11.1,11.2,11.5,11.7,12.0,12.2,12.4,12.5,12.8,11.9,10.6,9.2,8.3,7.7,7.8,7.8,7.9,8.2,8.4,8.9,8.9,8.8,9.0,8.9,8.8,8.9,9.0,9.3,9.4,8.9
83,9.1,8.9,8.9,9.0,9.0,9.0,9.1,8.5,8.8,10.1,12.7,14.6,15.8,17.1,18.8,18.5,18.1,17.5,15.5,13.1,11.9,10.0,8.6,7.5,6.8,6.1,5.8,5.7,5.4,5.2,5.0,4.9,5.8,8.4,10.8,13.7,15.4,17.3,18.9,19.8,20.6,19.4,18.9,16.9,15.8,14.9,13.7,13.1,12.6,12.3,12.1,11.9,11.6,11.1,10.4,10.3,11.5,12.6,13.1,13.6,14.9,13.1,12.1,11.4,11.2,11.1,11.1,11.2,11.5,11.7,12.0,12.2,12.4,12.5,12.8,11.9,10.6,9.2,8.3,7.7,7.8,7.8,7.9,8.2,8.4,8.9,8.9,8.8,9.0,8.9,8.8,8.9,9.0,9.3,9.4,8.9,8.8,9.0,8.9,8.6,8.2,8.2,8.3,8.4,8.7,9.4,10.9,12.4,13.5,13.9,14.2,13.0,13.6,12.6,11.9,10.7,10.0,9.3,8.8,8.0
84,6.8,6.1,5.8,5.7,5.4,5.2,5.0,4.9,5.8,8.4,10.8,13.7,15.4,17.3,18.9,19.8,20.6,19.4,18.9,16.9,15.8,14.9,13.7,13.1,12.6,12.3,12.1,11.9,11.6,11.1,10.4,10.3,11.5,12.6,13.1,13.6,14.9,13.1,12.1,11.4,11.2,11.1,11.1,11.2,11.5,11.7,12.0,12.2,12.4,12.5,12.8,11.9,10.6,9.2,8.3,7.7,7.8,7.8,7.9,8.2,8.4,8.9,8.9,8.8,9.0,8.9,8.8,8.9,9.0,9.3,9.4,8.9,8.8,9.0,8.9,8.6,8.2,8.2,8.3,8.4,8.7,9.4,10.9,12.4,13.5,13.9,14.2,13.0,13.6,12.6,11.9,10.7,10.0,9.3,8.8,8.0,7.3,6.5,5.7,5.2,4.9,4.4,4.2,4.5,5.8,8.2,11.0,13.2,14.4,16.0,17.2,17.8,18.2,17.7,16.2,13.4,11.7,11.1,10.3,9.7
85,12.6,12.3,12.1,11.9,11.6,11.1,10.4,10.3,11.5,12.6,13.1,13.6,14.9,13.1,12.1,11.4,11.2,11.1,11.1,11.2,11.5,11.7,12.0,12.2,12.4,12.5,12.8,11.9,10.6,9.2,8.3,7.7,7.8,7.8,7.9,8.2,8.4,8.9,8.9,8.8,9.0,8.9,8.8,8.9,9.0,9.3,9.4,8.9,8.8,9.0,8.9,8.6,8.2,8.2,8.3,8.4,8.7,9.4,10.9,12.4,13.5,13.9,14.2,13.0,13.6,12.6,11.9,10.7,10.0,9.3,8.8,8.0,7.3,6.5,5.7,5.2,4.9,4.4,4.2,4.5,5.8,8.2,11.0,13.2,14.4,16.0,17.2,17.8,18.2,17.7,16.2,13.4,11.7,11.1,10.3,9.7,9.0,8.4,8.1,7.6,7.3,6.6,6.2,6.0,7.8,10.9,14.0,15.5,17.7,19.8,21.4,22.3,22.2,22.1,21.1,18.9,17.5,16.8,16.1,14.7
86,12.4,12.5,12.8,11.9,10.6,9.2,8.3,7.7,7.8,7.8,7.9,8.2,8.4,8.9,8.9,8.8,9.0,8.9,8.8,8.9,9.0,9.3,9.4,8.9,8.8,9.0,8.9,8.6,8.2,8.2,8.3,8.4,8.7,9.4,10.9,12.4,13.5,13.9,14.2,13.0,13.6,12.6,11.9,10.7,10.0,9.3,8.8,8.0,7.3,6.5,5.7,5.2,4.9,4.4,4.2,4.5,5.8,8.2,11.0,13.2,14.4,16.0,17.2,17.8,18.2,17.7,16.2,13.4,11.7,11.1,10.3,9.7,9.0,8.4,8.1,7.6,7.3,6.6,6.2,6.0,7.8,10.9,14.0,15.5,17.7,19.8,21.4,22.3,22.2,22.1,21.1,18.9,17.5,16.8,16.1,14.7,13.5,13.1,12.4,13.1,13.0,13.0,12.6,12.0,14.0,16.2,18.2,20.2,21.7,22.6,23.6,23.2,23.5,23.0,22.3,20.6,19.2,18.1,16.5,15.4
87,8.8,9.0,8.9,8.6,8.2,8.2,8.3,8.4,8.7,9.4,10.9,12.4,13.5,13.9,14.2,13.0,13.6,12.6,11.9,10.7,10.0,9.3,8.8,8.0,7.3,6.5,5.7,5.2,4.9,4.4,4.2,4.5,5.8,8.2,11.0,13.2,14.4,16.0,17.2,17.8,18.2,17.7,16.2,13.4,11.7,11.1,10.3,9.7,9.0,8.4,8.1,7.6,7.3,6.6,6.2,6.0,7.8,10.9,14.0,15.5,17.7,19.8,21.4,22.3,22.2,22.1,21.1,18.9,17.5,16.8,16.1,14.7,13.5,13.1,12.4,13.1,13.0,13.0,12.6,12.0,14.0,16.2,18.2,20.2,21.7,22.6,23.6,23.2,23.5,23.0,22.3,20.6,19.2,18.1,16.5,15.4,14.6,14.2,13.7,12.9,12.6,12.8,12.7,12.9,13.6,15.4,17.4,18.9,20.7,21.6,22.0,22.9,22.3,21.7,21.0,19.9,19.4,19.0,18.8,18.4
88,7.3,6.5,5.7,5.2,4.9,4.4,4.2,4.5,5.8,8.2,11.0,13.2,14.4,16.0,17.2,17.8,18.2,17.7,16.2,13.4,11.7,11.1,10.3,9.7,9.0,8.4,8.1,7.6,7.3,6.6,6.2,6.0,7.8,10.9,14.0,15.5,17.7,19.8,21.4,22.3,22.2,22.1,21.1,18.9,17.5,16.8,16.1,14.7,13.5,13.1,12.4,13.1,13.0,13.0,12.6,12.0,14.0,16.2,18.2,20.2,21.7,22.6,23.6,23.2,23.5,23.0,22.3,20.6,19.2,18.1,16.5,15.4,14.6,14.2,13.7,12.9,12.6,12.8,12.7,12.9,13.6,15.4,17.4,18.9,20.7,21.6,22.0,22.9,22.3,21.7,21.0,19.9,19.4,19.0,18.8,18.4,18.0,17.7,17.6,17.7,17.6,17.6,17.4,17.3,17.3,17.5,16.8,15.8,14.9,14.8,14.5,14.4,14.4,14.3,14.2,14.0,13.5,12.5,11.7,11.4
89,9.0,8.4,8.1,7.6,7.3,6.6,6.2,6.0,7.8,10.9,14.0,15.5,17.7,19.8,21.4,22.3,22.2,22.1,21.1,18.9,17.5,16.8,16.1,14.7,13.5,13.1,12.4,13.1,13.0,13.0,12.6,12.0,14.0,16.2,18.2,20.2,21.7,22.6,23.6,23.2,23.5,23.0,22.3,20.6,19.2,18.1,16.5,15.4,14.6,14.2,13.7,12.9,12.6,12.8,12.7,12.9,13.6,15.4,17.4,18.9,20.7,21.6,22.0,22.9,22.3,21.7,21.0,19.9,19.4,19.0,18.8,18.4,18.0,17.7,17.6,17.7,17.6,17.6,17.4,17.3,17.3,17.5,16.8,15.8,14.9,14.8,14.5,14.4,14.4,14.3,14.2,14.0,13.5,12.5,11.7,11.4,10.9,10.5,10.3,10.4,10.2,9.7,9.5,9.6,10.0,10.7,11.6,12.8,14.7,15.5,15.4,15.4,15.0,14.8,14.3,13.6,12.3,11.4,10.3,9.6
90,13.5,13.1,12.4,13.1,13.0,13.0,12.6,12.0,14.0,16.2,18.2,20.2,21.7,22.6,23.6,23.2,23.5,23.0,22.3,20.6,19.2,18.1,16.5,15.4,14.6,14.2,13.7,12.9,12.6,12.8,12.7,12.9,13.6,15.4,17.4,18.9,20.7,21.6,22.0,22.9,22.3,21.7,21.0,19.9,19.4,19.0,18.8,18.4,18.0,17.7,17.6,17.7,17.6,17.6,17.4,17.3,17.3,17.5,16.8,15.8,14.9,14.8,14.5,14.4,14.4,14.3,14.2,14.0,13.5,12.5,11.7,11.4,10.9,10.5,10.3,10.4,10.2,9.7,9.5,9.6,10.0,10.7,11.6,12.8,14.7,15.5,15.4,15.4,15.0,14.8,14.3,13.6,12.3,11.4,10.3,9.6,9.0,8.1,7.4,6.8,6.5,6.1,5.5,5.4,7.9,10.4,12.5,14.2,15.4,16.6,17.9,18.4,19.0,17.4,15.9,14.4,13.3,12.3,11.4,10.6
91,14.6,14.2,13.7,12.9,12.6,12.8,12.7,12.9,13.6,15.4,17.4,18.9,20.7,21.6,22.0,22.9,22.3,21.7,21.0,19.9,19.4,19.0,18.8,18.4,18.0,17.7,17.6,17.7,17.6,17.6,17.4,17.3,17.3,17.5,16.8,15.8,14.9,14.8,14.5,14.4,14.4,14.3,14.2,14.0,13.5,12.5,11.7,11.4,10.9,10.5,10.3,10.4,10.2,9.7,9.5,9.6,10.0,10.7,11.6,12.8,14.7,15.5,15.4,15.4,15.0,14.8,14.3,13.6,12.3,11.4,10.3,9.6,9.0,8.1,7.4,6.8,6.5,6.1,5.5,5.4,7.9,10.4,12.5,14.2,15.4,16.6,17.9,18.4,19.0,17.4,15.9,14.4,13.3,12.3,11.4,10.6,10.8,10.9,10.8,10.3,10.0,9.5,9.4,9.4,10.5,12.5,14.2,16.1,17.0,18.2,18.9,18.8,18.6,18.2,17.4,16.0,15.1,14.2,12.9,12.1
92,18.0,17.7,17.6,17.7,17.6,17.6,17.4,17.3,17.3,17.5,16.8,15.8,14.9,14.8,14.5,14.4,14.4,14.3,14.2,14.0,13.5,12.5,11.7,11.4,10.9,10.5,10.3,10.4,10.2,9.7,9.5,9.6,10.0,10.7,11.6,12.8,14.7,15.5,15.4,15.4,15.0,14.8,14.3,13.6,12.3,11.4,10.3,9.6,9.0,8.1,7.4,6.8,6.5,6.1,5.5,5.4,7.9,10.4,12.5,14.2,15.4,16.6,17.9,18.4,19.0,17.4,15.9,14.4,13.3,12.3,11.4,10.6,10.8,10.9,10.8,10.3,10.0,9.5,9.4,9.4,10.5,12.5,14.2,16.1,17.0,18.2,18.9,18.8,18.6,18.2,17.4,16.0,15.1,14.2,12.9,12.1,11.4,10.6,10.0,9.4,9.0,8.7,8.2,8.3,10.0,12.6,14.9,16.7,18.9,19.3,20.2,20.4,19.7,18.8,17.5,15.8,14.8,13.8,13.0,12.5
93,10.9,10.5,10.3,10.4,10.2,9.7,9.5,9.6,10.0,10.7,11.6,12.8,14.7,15.5,15.4,15.4,15.0,14.8,14.3,13.6,12.3,11.4,10.3,9.6,9.0,8.1,7.4,6.8,6.5,6.1,5.5,5.4,7.9,10.4,12.5,14.2,15.4,16.6,17.9,18.4,19.0,17.4,15.9,14.4,13.3,12.3,11.4,10.6,10.8,10.9,10.8,10.3,10.0,9.5,9.4,9.4,10.5,12.5,14.2,16.1,17.0,18.2,18.9,18.8,18.6,18.2,17.4,16.0,15.1,14.2,12.9,12.1,11.4,10.6,10.0,9.4,9.0,8.7,8.2,8.3,10.0,12.6,14.9,16.7,18.9,19.3,20.2,20.4,19.7,18.8,17.5,15.8,14.8,13.8,13.0,12.5,12.0,11.3,10.6,10.1,8.9,8.1,7.6,7.2,10.1,12.6,13.9,16.2,15.8,16.5,17.7,17.5,17.8,17.4,16.8,15.1,13.9,13.0,12.0,11.2
94,9.0,8.1,7.4,6.8,6.5,6.1,5.5,5.4,7.9,10.4,12.5,14.2,15.4,16.6,17.9,18.4,19.0,17.4,15.9,14.4,13.3,12.3,11.4,10.6,10.8,10.9,10.8,10.3,10.0,9.5,9.4,9.4,10.5,12.5,14.2,16.1,17.0,18.2,18.9,18.8,18.6,18.2,17.4,16.0,15.1,14.2,12.9,12.1,11.4,10.6,10.0,9.4,9.0,8.7,8.2,8.3,10.0,12.6,14.9,16.7,18.9,19.3,20.2,20.4,19.7,18.8,17.5,15.8,14.8,13.8,13.0,12.5,12.0,11.3,10.6,10.1,8.9,8.1,7.6,7.2,10.1,12.6,13.9,16.2,15.8,16.5,17.7,17.5,17.8,17.4,16.8,15.1,13.9,13.0,12.0,11.2,10.4,10.1,9.5,8.6,7.8,7.7,7.7,8.8,10.6,12.4,14.2,15.8,17.0,17.2,18.8,19.3,19.5,18.5,18.0,16.2,15.1,14.5,13.5,12.4
95,10.8,10.9,10.8,10.3,10.0,9.5,9.4,9.4,10.5,12.5,14.2,16.1,17.0,18.2,18.9,18.8,18.6,18.2,17.4,16.0,15.1,14.2,12.9,12.1,11.4,10.6,10.0,9.4,9.0,8.7,8.2,8.3,10.0,12.6,14.9,16.7,18.9,19.3,20.2,20.4,19.7,18.8,17.5,15.8,14.8,13.8,13.0,12.5,12.0,11.3,10.6,10.1,8.9,8.1,7.6,7.2,10.1,12.6,13.9,16.2,15.8,16.5,17.7,17.5,17.8,17.4,16.8,15.1,13.9,13.0,12.0,11.2,10.4,10.1,9.5,8.6,7.8,7.7,7.7,8.8,10.6,12.4,14.2,15.8,17.0,17.2,18.8,19.3,19.5,18.5,18.0,16.2,15.1,14.5,13.5,12.4,11.4,10.4,9.8,9.1,8.7,8.2,7.8,8.0,9.5,11.7,13.5,15.2,16.1,17.5,18.3,18.8,17.7,17.0,15.8,13.8,12.7,11.8,11.2,10.5
96,11.4,10.6,10.0,9.4,9.0,8.7,8.2,8.3,10.0,12.6,14.9,16.7,18.9,19.3,20.2,20.4,19.7,18.8,17.5,15.8,14.8,13.8,13.0,12.5,12.0,11.3,10.6,10.1,8.9,8.1,7.6,7.2,10.1,12.6,13.9,16.2,15.8,16.5,17.7,17.5,17.8,17.4,16.8,15.1,13.9,13.0,12.0,11.2,10.4,10.1,9.5,8.6,7.8,7.7,7.7,8.8,10.6,12.4,14.2,15.8,17.0,17.2,18.8,19.3,19.5,18.5,18.0,16.2,15.1,14.5,13.5,12.4,11.4,10.4,9.8,9.1,8.7,8.2,7.8,8.0,9.5,11.7,13.5,15.2,16.1,17.5,18.3,18.8,17.7,17.0,15.8,13.8,12.7,11.8,11.2,10.5,9.7,9.5,8.9,8.6,8.4,8.2,7.8,7.6,9.5,12.2,14.8,17.1,18.8,19.9,20.8,21.2,21.5,20.8,19.5,18.1,17.1,16.5,16.1,15.5
97,12.0,11.3,10.6,10.1,8.9,8.1,7.6,7.2,10.1,12.6,13.9,16.2,15.8,16.5,17.7,17.5,17.8,17.4,16.8,15.1,13.9,13.0,12.0,11.2,10.4,10.1,9.5,8.6,7.8,7.7,7.7,8.8,10.6,12.4,14.2,15.8,17.0,17.2,18.8,19.3,19.5,18.5,18.0,16.2,15.1,14.5,13.5,12.4,11.4,10.4,9.8,9.1,8.7,8.2,7.8,8.0,9.5,11.7,13.5,15.2,16.1,17.5,18.3,18.8,17.7,17.0,15.8,13.8,12.7,11.8,11.2,10.5,9.7,9.5,8.9,8.6,8.4,8.2,7.8,7.6,9.5,12.2,14.8,17.1,18.8,19.9,20.8,21.2,21.5,20.8,19.5,18.1,17.1,16.5,16.1,15.5,15.0,14.7,14.4,14.2,13.7,13.5,13.5,13.9,14.6,15.5,16.1,16.9,17.6,16.6,14.3,12.9,12.2,12.0,12.0,12.0,12.1,12.2,12.4,12.5
98,10.4,10.1,9.5,8.6,7.8,7.7,7.7,8.8,10.6,12.4,14.2,15.8,17.0,17.2,18.8,19.3,19.5,18.5,18.0,16.2,15.1,14.5,13.5,12.4,11.4,10.4,9.8,9.1,8.7,8.2,7.8,8.0,9.5,11.7,13.5,15.2,16.1,17.5,18.3,18.8,17.7,17.0,15.8,13.8,12.7,11.8,11.2,10.5,9.7,9.5,8.9,8.6,8.4,8.2,7.8,7.6,9.5,12.2,14.8,17.1,18.8,19.9,20.8,21.2,21.5,20.8,19.5,18.1,17.1,16.5,16.1,15.5,15.0,14.7,14.4,14.2,13.7,13.5,13.5,13.9,14.6,15.5,16.1,16.9,17.6,16.6,14.3,12.9,12.2,12.0,12.0,12.0,12.1,12.2,12.4,12.5,12.6,12.6,11.7,11.2,10.9,10.7,11.0,11.2,11.1,11.9,13.1,12.5,12.6,12.9,12.7,12.4,11.5,11.1,10.2,9.5,8.7,8.0,7.2,6.5
99,11.4,10.4,9.8,9.1,8.7,8.2,7.8,8.0,9.5,11.7,13.5,15.2,16.1,17.5,18.3,18.8,17.7,17.0,15.8,13.8,12.7,11.8,11.2,10.5,9.7,9.5,8.9,8.6,8.4,8.2,7.8,7.6,9.5,12.2,14.8,17.1,18.8,19.9,20.8,21.2,21.5,20.8,19.5,18.1,17.1,16.5,16.1,15.5,15.0,14.7,14.4,14.2,13.7,13.5,13.5,13.9,14.6,15.5,16.1,16.9,17.6,16.6,14.3,12.9,12.2,12.0,12.0,12.0,12.1,12.2,12.4,12.5,12.6,12.6,11.7,11.2,10.9,10.7,11.0,11.2,11.1,11.9,13.1,12.5,12.6,12.9,12.7,12.4,11.5,11.1,10.2,9.5,8.7,8.0,7.2,6.5,5.7,5.4,5.0,4.6,3.9,3.4,3.4,3.1,5.0,6.8,8.3,10.8,12.6,12.7,12.6,13.0,12.4,12.0,11.1,9.4,8.7,8.4,8.1,7.6
100,9.7,9.5,8.9,8.6,8.4,8.2,7.8,7.6,9.5,12.2,14.8,17.1,18.8,19.9,20.8,21.2,21.5,20.8,19.5,18.1,17.1,16.5,16.1,15.5,15.0,14.7,14.4,14.2,13.7,13.5,13.5,13.9,14.6,15.5,16.1,16.9,17.6,16.6,14.3,12.9,12.2,12.0,12.0,12.0,12.1,12.2,12.4,12.5,12.6,12.6,11.7,11.2,10.9,10.7,11.0,11.2,11.1,11.9,13.1,12.5,12.6,12.9,12.7,12.4,11.5,11.1,10.2,9.5,8.7,8.0,7.2,6.5,5.7,5.4,5.0,4.6,3.9,3.4,3.4,3.1,5.0,6.8,8.3,10.8,12.6,12.7,12.6,13.0,12.4,12.0,11.1,9.4,8.7,8.4,8.1,7.6,7.1,7.1,6.6,6.4,6.7,6.9,6.9,7.0,7.8,9.4,11.2,12.6,14.8,16.0,17.0,17.8,17.7,16.9,15.9,14.0,12.7,11.9,10.9,10.3
101,15.0,14.7,14.4,14.2,13.7,13.5,13.5,13.9,14.6,15.5,16.1,16.9,17.6,16.6,14.3,12.9,12.2,12.0,12.0,12.0,12.1,12.2,12.4,12.5,12.6,12.6,11.7,11.2,10.9,10.7,11.0,11.2,11.1,11.9,13.1,12.5,12.6,12.9,12.7,12.4,11.5,11.1,10.2,9.5,8.7,8.0,7.2,6.5,5.7,5.4,5.0,4.6,3.9,3.4,3.4,3.1,5.0,6.8,8.3,10.8,12.6,12.7,12.6,13.0,12.4,12.0,11.1,9.4,8.7,8.4,8.1,7.6,7.1,7.1,6.6,6.4,6.7,6.9,6.9,7.0,7.8,9.4,11.2,12.6,14.8,16.0,17.0,17.8,17.7,16.9,15.9,14.0,12.7,11.9,10.9,10.3,10.0,9.8,10.6,10.6,11.0,11.1,11.0,11.2,11.8,12.1,12.1,11.1,10.9,11.0,11.6,13.9,14.7,14.6,13.8,12.2,11.1,10.2,9.4,8.7
102,12.6,12.6,11.7,11.2,10.9,10.7,11.0,11.2,11.1,11.9,13.1,12.5,12.6,12.9,12.7,12.4,11.5,11.1,10.2,9.5,8.7,8.0,7.2,6.5,5.7,5.4,5.0,4.6,3.9,3.4,3.4,3.1,5.0,6.8,8.3,10.8,12.6,12.7,12.6,13.0,12.4,12.0,11.1,9.4,8.7,8.4,8.1,7.6,7.1,7.1,6.6,6.4,6.7,6.9,6.9,7.0,7.8,9.4,11.2,12.6,14.8,16.0,17.0,17.8,17.7,16.9,15.9,14.0,12.7,11.9,10.9,10.3,10.0,9.8,10.6,10.6,11.0,11.1,11.0,11.2,11.8,12.1,12.1,11.1,10.9,11.0,11.6,13.9,14.7,14.6,13.8,12.2,11.1,10.2,9.4,8.7,8.1,7.8,7.6,7.3,6.7,6.2,6.2,6.7,8.1,10.2,11.2,11.2,11.6,10.7,13.2,13.9,13.2,10.6,10.7,10.8,9.7,9.0,8.4,8.1
103,5.7,5.4,5.0,4.6,3.9,3.4,3.4,3.1,5.0,6.8,8.3,10.8,12.6,12.7,12.6,13.0,12.4,12.0,11.1,9.4,8.7,8.4,8.1,7.6,7.1,7.1,6.6,6.4,6.7,6.9,6.9,7.0,7.8,9.4,11.2,12.6,14.8,16.0,17.0,17.8,17.7,16.9,15.9,14.0,12.7,11.9,10.9,10.3,10.0,9.8,10.6,10.6,11.0,11.1,11.0,11.2,11.8,12.1,12.1,11.1,10.9,11.0,11.6,13.9,14.7,14.6,13.8,12.2,11.1,10.2,9.4,8.7,8.1,7.8,7.6,7.3,6.7,6.2,6.2,6.7,8.1,10.2,11.2,11.2,11.6,10.7,13.2,13.9,13.2,10.6,10.7,10.8,9.7,9.0,8.4,8.1,7.6,7.2,6.8,6.5,6.2,5.8,5.7,5.6,7.2,8.5,10.1,11.2,12.8,13.7,14.1,14.6,15.2,14.8,13.6,11.9,10.6,9.9,9.2,8.6
104,7.1,7.1,6.6,6.4,6.7,6.9,6.9,7.0,7.8,9.4,11.2,12.6,14.8,16.0,17.0,17.8,17.7,16.9,15.9,14.0,12.7,11.9,10.9,10.3,10.0,9.8,10.6,10.6,11.0,11.1,11.0,11.2,11.8,12.1,12.1,11.1,10.9,11.0,11.6,13.9,14.7,14.6,13.8,12.2,11.1,10.2,9.4,8.7,8.1,7.8,7.6,7.3,6.7,6.2,6.2,6.7,8.1,10.2,11.2,11.2,11.6,10.7,13.2,13.9,13.2,10.6,10.7,10.8,9.7,9.0,8.4,8.1,7.6,7.2,6.8,6.5,6.2,5.8,5.7,5.6,7.2,8.5,10.1,11.2,12.8,13.7,14.1,14.6,15.2,14.8,13.6,11.9,10.6,9.9,9.2,8.6,7.9,7.3,6.8,6.7,6.6,6.3,5.8,6.1,8.2,10.6,13.2,14.9,16.3,17.6,18.6,19.0,18.4,17.4,16.4,14.6,13.2,12.2,11.6,11.0
105,10.0,9.8,10.6,10.6,11.0,11.1,11.0,11.2,11.8,12.1,12.1,11.1,10.9,11.0,11.6,13.9,14.7,14.6,13.8,12.2,11.1,10.2,9.4,8.7,8.1,7.8,7.6,7.3,6.7,6.2,6.2,6.7,8.1,10.2,11.2,11.2,11.6,10.7,13.2,13.9,13.2,10.6,10.7,10.8,9.7,9.0,8.4,8.1,7.6,7.2,6.8,6.5,6.2,5.8,5.7,5.6,7.2,8.5,10.1,11.2,12.8,13.7,14.1,14.6,15.2,14.8,13.6,11.9,10.6,9.9,9.2,8.6,7.9,7.3,6.8,6.7,6.6,6.3,5.8,6.1,8.2,10.6,13.2,14.9,16.3,17.6,18.6,19.0,18.4,17.4,16.4,14.6,13.2,12.2,11.6,11.0,10.5,10.2,9.8,9.5,8.9,8.6,8.3,8.4,10.5,13.3,15.6,17.7,19.4,20.6,21.5,21.6,21.8,20.3,18.3,16.4,15.5,14.7,14.0,13.3
106,8.1,7.8,7.6,7.3,6.7,6.2,6.2,6.7,8.1,10.2,11.2,11.2,11.6,10.7,13.2,13.9,13.2,10.6,10.7,10.8,9.7,9.0,8.4,8.1,7.6,7.2,6.8,6.5,6.2,5.8,5.7,5.6,7.2,8.5,10.1,11.2,12.8,13.7,14.1,14.6,15.2,14.8,13.6,11.9,10.6,9.9,9.2,8.6,7.9,7.3,6.8,6.7,6.6,6.3,5.8,6.1,8.2,10.6,13.2,14.9,16.3,17.6,18.6,19.0,18.4,17.4,16.4,14.6,13.2,12.2,11.6,11.0,10.5,10.2,9.8,9.5,8.9,8.6,8.3,8.4,10.5,13.3,15.6,17.7,19.4,20.6,21.5,21.6,21.8,20.3,18.3,16.4,15.5,14.7,14.0,13.3,12.9,12.4,11.9,11.7,11.1,10.9,10.4,10.4,12.7,15.6,18.8,21.1,23.1,24.7,26.4,27.6,28.1,27.8,26.1,24.1,22.7,21.1,19.8,18.7
107,7.6,7.2,6.8,6.5,6.2,5.8,5.7,5.6,7.2,8.5,10.1,11.2,12.8,13.7,14.1,14.6,15.2,14.8,13.6,11.9,10.6,9.9,9.2,8.6,7.9,7.3,6.8,6.7,6.6,6.3,5.8,6.1,8.2,10.6,13.2,14.9,16.3,17.6,18.6,19.0,18.4,17.4,16.4,14.6,13.2,12.2,11.6,11.0,10.5,10.2,9.8,9.5,8.9,8.6,8.3,8.4,10.5,13.3,15.6,17.7,19.4,20.6,21.5,21.6,21.8,20.3,18.3,16.4,15.5,14.7,14.0,13.3,12.9,12.4,11.9,11.7,11.1,10.9,10.4,10.4,12.7,15.6,18.8,21.1,23.1,24.7,26.4,27.6,28.1,27.8,26.1,24.1,22.7,21.1,19.8,18.7,17.3,16.8,16.5,16.1,16.7,16.9,16.4,16.3,17.3,19.0,20.6,22.7,24.7,26.2,27.5,27.4,26.4,25.4,23.7,22.8,22.0,21.2,20.3,18.8
108,7.9,7.3,6.8,6.7,6.6,6.3,5.8,6.1,8.2,10.6,13.2,14.9,16.3,17.6,18.6,19.0,18.4,17.4,16.4,14.6,13.2,12.2,11.6,11.0,10.5,10.2,9.8,9.5,8.9,8.6,8.3,8.4,10.5,13.3,15.6,17.7,19.4,20.6,21.5,21.6,21.8,20.3,18.3,16.4,15.5,14.7,14.0,13.3,12.9,12.4,11.9,11.7,11.1,10.9,10.4,10.4,12.7,15.6,18.8,21.1,23.1,24.7,26.4,27.6,28.1,27.8,26.1,24.1,22.7,21.1,19.8,18.7,17.3,16.8,16.5,16.1,16.7,16.9,16.4,16.3,17.3,19.0,20.6,22.7,24.7,26.2,27.5,27.4,26.4,25.4,23.7,22.8,22.0,21.2,20.3,18.8,18.4,18.0,18.3,17.9,17.8,17.2,17.4,17.1,17.6,17.7,18.2,20.5,20.6,20.6,21.7,21.5,21.2,21.1,20.5,19.9,19.2,18.7,18.4,17.9
109,10.5,10.2,9.8,9.5,8.9,8.6,8.3,8.4,10.5,13.3,15.6,17.7,19.4,20.6,21.5,21.6,21.8,20.3,18.3,16.4,15.5,14.7,14.0,13.3,12.9,12.4,11.9,11.7,11.1,10.9,10.4,10.4,12.7,15.6,18.8,21.1,23.1,24.7,26.4,27.6,28.1,27.8,26.1,24.1,22.7,21.1,19.8,18.7,17.3,16.8,16.5,16.1,16.7,16.9,16.4,16.3,17.3,19.0,20.6,22.7,24.7,26.2,27.5,27.4,26.4,25.4,23.7,22.8,22.0,21.2,20.3,18.8,18.4,18.0,18.3,17.9,17.8,17.2,17.4,17.1,17.6,17.7,18.2,20.5,20.6,20.6,21.7,21.5,21.2,21.1,20.5,19.9,19.2,18.7,18.4,17.9,17.6,17.2,16.7,16.4,15.9,15.7,15.5,15.5,15.9,17.2,18.6,20.1,21.0,20.8,20.6,21.7,22.0,20.9,21.1,19.9,18.8,17.8,16.7,15.7
110,12.9,12.4,11.9,11.7,11.1,10.9,10.4,10.4,12.7,15.6,18.8,21.1,23.1,24.7,26.4,27.6,28.1,27.8,26.1,24.1,22.7,21.1,19.8,18.7,17.3,16.8,16.5,16.1,16.7,16.9,16.4,16.3,17.3,19.0,20.6,22.7,24.7,26.2,27.5,27.4,26.4,25.4,23.7,22.8,22.0,21.2,20.3,18.8,18.4,18.0,18.3,17.9,17.8,17.2,17.4,17.1,17.6,17.7,18.2,20.5,20.6,20.6,21.7,21.5,21.2,21.1,20.5,19.9,19.2,18.7,18.4,17.9,17.6,17.2,16.7,16.4,15.9,15.7,15.5,15.5,15.9,17.2,18.6,20.1,21.0,20.8,20.6,21.7,22.0,20.9,21.1,19.9,18.8,17.8,16.7,15.7,15.3,14.6,14.1,13.8,13.3,12.6,13.0,13.8,15.4,17.1,18.6,19.6,20.7,21.6,22.5,23.1,23.5,23.9,23.1,21.6,19.9,18.8,17.5,16.5
111,17.3,16.8,16.5,16.1,16.7,16.9,16.4,16.3,17.3,19.0,20.6,22.7,24.7,26.2,27.5,27.4,26.4,25.4,23.7,22.8,22.0,21.2,20.3,18.8,18.4,18.0,18.3,17.9,17.8,17.2,17.4,17.1,17.6,17.7,18.2,20.5,20.6,20.6,21.7,21.5,21.2,21.1,20.5,19.9,19.2,18.7,18.4,17.9,17.6,17.2,16.7,16.4,15.9,15.7,15.5,15.5,15.9,17.2,18.6,20.1,21.0,20.8,20.6,21.7,22.0,20.9,21.1,19.9,18.8,17.8,16.7,15.7,15.3,14.6,14.1,13.8,13.3,12.6,13.0,13.8,15.4,17.1,18.6,19.6,20.7,21.6,22.5,23.1,23.5,23.9,23.1,21.6,19.9,18.8,17.5,16.5,15.6,15.1,15.1,14.5,13.6,12.9,12.4,12.6,14.4,16.0,17.4,17.7,18.3,19.8,20.2,20.0,19.8,18.9,18.7,17.5,16.6,16.2,15.3,14.4
112,18.4,18.0,18.3,17.9,17.8,17.2,17.4,17.1,17.6,17.7,18.2,20.5,20.6,20.6,21.7,21.5,21.2,21.1,20.5,19.9,19.2,18.7,18.4,17.9,17.6,17.2,16.7,16.4,15.9,15.7,15.5,15.5,15.9,17.2,18.6,20.1,21.0,20.8,20.6,21.7,22.0,20.9,21.1,19.9,18.8,17.8,16.7,15.7,15.3,14.6,14.1,13.8,13.3,12.6,13.0,13.8,15.4,17.1,18.6,19.6,20.7,21.6,22.5,23.1,23.5,23.9,23.1,21.6,19.9,18.8,17.5,16.5,15.6,15.1,15.1,14.5,13.6,12.9,12.4,12.6,14.4,16.0,17.4,17.7,18.3,19.8,20.2,20.0,19.8,18.9,18.7,17.5,16.6,16.2,15.3,14.4,13.8,13.2,13.0,13.0,12.6,12.6,12.6,13.1,13.7,14.3,15.6,16.6,17.1,18.4,19.2,19.6,18.2,17.2,16.5,15.8,15.5,15.4,15.3,15.0
113,17.6,17.2,16.7,16.4,15.9,15.7,15.5,15.5,15.9,17.2,18.6,20.1,21.0,20.8,20.6,21.7,22.0,20.9,21.1,19.9,18.8,17.8,16.7,15.7,15.3,14.6,14.1,13.8,13.3,12.6,13.0,13.8,15.4,17.1,18.6,19.6,20.7,21.6,22.5,23.1,23.5,23.9,23.1,21.6,19.9,18.8,17.5,16.5,15.6,15.1,15.1,14.5,13.6,12.9,12.4,12.6,14.4,16.0,17.4,17.7,18.3,19.8,20.2,20.0,19.8,18.9,18.7,17.5,16.6,16.2,15.3,14.4,13.8,13.2,13.0,13.0,12.6,12.6,12.6,13.1,13.7,14.3,15.6,16.6,17.1,18.4,19.2,19.6,18.2,17.2,16.5,15.8,15.5,15.4,15.3,15.0,14.4,13.7,13.4,12.9,12.3,11.8,11.3,11.4,11.9,12.9,13.7,14.9,16.6,17.3,17.9,17.8,17.7,17.1,17.2,16.1,14.8,14.2,13.9,14.0
114,15.3,14.6,14.1,13.8,13.3,12.6,13.0,13.8,15.4,17.1,18.6,19.6,20.7,21.6,22.5,23.1,23.5,23.9,23.1,21.6,19.9,18.8,17.5,16.5,15.6,15.1,15.1,14.5,13.6,12.9,12.4,12.6,14.4,16.0,17.4,17.7,18.3,19.8,20.2,20.0,19.8,18.9,18.7,17.5,16.6,16.2,15.3,14.4,13.8,13.2,13.0,13.0,12.6,12.6,12.6,13.1,13.7,14.3,15.6,16.6,17.1,18.4,19.2,19.6,18.2,17.2,16.5,15.8,15.5,15.4,15.3,15.0,14.4,13.7,13.4,12.9,12.3,11.8,11.3,11.4,11.9,12.9,13.7,14.9,16.6,17.3,17.9,17.8,17.7,17.1,17.2,16.1,14.8,14.2,13.9,14.0,13.4,12.6,11.9,11.7,11.4,11.2,11.0,11.6,13.0,13.1,14.7,14.9,16.1,16.9,18.7,19.2,19.7,19.6,18.7,17.6,16.5,15.7,15.5,12.6
115,15.6,15.1,15.1,14.5,13.6,12.9,12.4,12.6,14.4,16.0,17.4,17.7,18.3,19.8,20.2,20.0,19.8,18.9,18.7,17.5,16.6,16.2,15.3,14.4,13.8,13.2,13.0,13.0,12.6,12.6,12.6,13.1,13.7,14.3,15.6,16.6,17.1,18.4,19.2,19.6,18.2,17.2,16.5,15.8,15.5,15.4,15.3,15.0,14.4,13.7,13.4,12.9,12.3,11.8,11.3,11.4,11.9,12.9,13.7,14.9,16.6,17.3,17.9,17.8,17.7,17.1,17.2,16.1,14.8,14.2,13.9,14.0,13.4,12.6,11.9,11.7,11.4,11.2,11.0,11.6,13.0,13.1,14.7,14.9,16.1,16.9,18.7,19.2,19.7,19.6,18.7,17.6,16.5,15.7,15.5,12.6,11.5,11.2,10.4,9.4,8.7,8.8,8.9,8.9,9.1,9.9,11.2,12.7,14.1,13.6,13.8,12.6,13.2,13.2,12.7,12.3,11.9,11.7,11.3,11.0
116,13.8,13.2,13.0,13.0,12.6,12.6,12.6,13.1,13.7,14.3,15.6,16.6,17.1,18.4,19.2,19.6,18.2,17.2,16.5,15.8,15.5,15.4,15.3,15.0,14.4,13.7,13.4,12.9,12.3,11.8,11.3,11.4,11.9,12.9,13.7,14.9,16.6,17.3,17.9,17.8,17.7,17.1,17.2,16.1,14.8,14.2,13.9,14.0,13.4,12.6,11.9,11.7,11.4,11.2,11.0,11.6,13.0,13.1,14.7,14.9,16.1,16.9,18.7,19.2,19.7,19.6,18.7,17.6,16.5,15.7,15.5,12.6,11.5,11.2,10.4,9.4,8.7,8.8,8.9,8.9,9.1,9.9,11.2,12.7,14.1,13.6,13.8,12.6,13.2,13.2,12.7,12.3,11.9,11.7,11.3,11.0,10.8,10.8,10.5,10.2,10.2,9.9,9.6,9.8,10.4,11.2,11.1,12.0,13.5,15.2,11.7,9.3,10.0,10.4,9.9,9.8,9.7,9.2,8.8,8.6
117,14.4,13.7,13.4,12.9,12.3,11.8,11.3,11.4,11.9,12.9,13.7,14.9,16.6,17.3,17.9,17.8,17.7,17.1,17.2,16.1,14.8,14.2,13.9,14.0,13.4,12.6,11.9,11.7,11.4,11.2,11.0,11.6,13.0,13.1,14.7,14.9,16.1,16.9,18.7,19.2,19.7,19.6,18.7,17.6,16.5,15.7,15.5,12.6,11.5,11.2,10.4,9.4,8.7,8.8,8.9,8.9,9.1,9.9,11.2,12.7,14.1,13.6,13.8,12.6,13.2,13.2,12.7,12.3,11.9,11.7,11.3,11.0,10.8,10.8,10.5,10.2,10.2,9.9,9.6,9.8,10.4,11.2,11.1,12.0,13.5,15.2,11.7,9.3,10.0,10.4,9.9,9.8,9.7,9.2,8.8,8.6,8.5,7.8,7.8,7.8,7.9,7.6,7.4,7.6,8.6,10.5,12.3,14.0,15.6,17.0,17.9,18.5,18.4,17.8,16.1,14.8,13.4,12.6,11.9,11.3
118,13.4,12.6,11.9,11.7,11.4,11.2,11.0,11.6,13.0,13.1,14.7,14.9,16.1,16.9,18.7,19.2,19.7,19.6,18.7,17.6,16.5,15.7,15.5,12.6,11.5,11.2,10.4,9.4,8.7,8.8,8.9,8.9,9.1,9.9,11.2,12.7,14.1,13.6,13.8,12.6,13.2,13.2,12.7,12.3,11.9,11.7,11.3,11.0,10.8,10.8,10.5,10.2,10.2,9.9,9.6,9.8,10.4,11.2,11.1,12.0,13.5,15.2,11.7,9.3,10.0,10.4,9.9,9.8,9.7,9.2,8.8,8.6,8.5,7.8,7.8,7.8,7.9,7.6,7.4,7.6,8.6,10.5,12.3,14.0,15.6,17.0,17.9,18.5,18.4,17.8,16.1,14.8,13.4,12.6,11.9,11.3,10.8,10.2,9.5,9.0,8.9,8.8,8.4,8.8,10.9,12.8,14.5,16.2,17.9,18.8,19.4,19.8,19.8,19.5,17.9,16.6,15.2,14.2,13.5,12.9
119,11.5,11.2,10.4,9.4,8.7,8.8,8.9,8.9,9.1,9.9,11.2,12.7,14.1,13.6,13.8,12.6,13.2,13.2,12.7,12.3,11.9,11.7,11.3,11.0,10.8,10.8,10.5,10.2,10.2,9.9,9.6,9.8,10.4,11.2,11.1,12.0,13.5,15.2,11.7,9.3,10.0,10.4,9.9,9.8,9.7,9.2,8.8,8.6,8.5,7.8,7.8,7.8,7.9,7.6,7.4,7.6,8.6,10.5,12.3,14.0,15.6,17.0,17.9,18.5,18.4,17.8,16.1,14.8,13.4,12.6,11.9,11.3,10.8,10.2,9.5,9.0,8.9,8.8,8.4,8.8,10.9,12.8,14.5,16.2,17.9,18.8,19.4,19.8,19.8,19.5,17.9,16.6,15.2,14.2,13.5,12.9,12.5,12.2,12.0,11.4,11.5,11.8,12.4,12.6,12.5,12.7,12.1,12.7,13.8,15.2,15.3,14.8,14.6,15.3,15.5,15.7,15.8,15.8,14.7,14.3
120,10.8,10.8,10.5,10.2,10.2,9.9,9.6,9.8,10.4,11.2,11.1,12.0,13.5,15.2,11.7,9.3,10.0,10.4,9.9,9.8,9.7,9.2,8.8,8.6,8.5,7.8,7.8,7.8,7.9,7.6,7.4,7.6,8.6,10.5,12.3,14.0,15.6,17.0,17.9,18.5,18.4,17.8,16.1,14.8,13.4,12.6,11.9,11.3,10.8,10.2,9.5,9.0,8.9,8.8,8.4,8.8,10.9,12.8,14.5,16.2,17.9,18.8,19.4,19.8,19.8,19.5,17.9,16.6,15.2,14.2,13.5,12.9,12.5,12.2,12.0,11.4,11.5,11.8,12.4,12.6,12.5,12.7,12.1,12.7,13.8,15.2,15.3,14.8,14.6,15.3,15.5,15.7,15.8,15.8,14.7,14.3,13.9,13.6,13.5,12.5,11.8,10.9,10.5,10.8,12.0,12.7,13.8,15.0,17.0,17.4,17.9,18.0,18.2,17.7,16.7,14.9,13.7,12.8,12.3,11.4
121,8.5,7.8,7.8,7.8,7.9,7.6,7.4,7.6,8.6,10.5,12.3,14.0,15.6,17.0,17.9,18.5,18.4,17.8,16.1,14.8,13.4,12.6,11.9,11.3,10.8,10.2,9.5,9.0,8.9,8.8,8.4,8.8,10.9,12.8,14.5,16.2,17.9,18.8,19.4,19.8,19.8,19.5,17.9,16.6,15.2,14.2,13.5,12.9,12.5,12.2,12.0,11.4,11.5,11.8,12.4,12.6,12.5,12.7,12.1,12.7,13.8,15.2,15.3,14.8,14.6,15.3,15.5,15.7,15.8,15.8,14.7,14.3,13.9,13.6,13.5,12.5,11.8,10.9,10.5,10.8,12.0,12.7,13.8,15.0,17.0,17.4,17.9,18.0,18.2,17.7,16.7,14.9,13.7,12.8,12.3,11.4,10.7,10.2,9.7,9.3,8.8,8.3,7.9,9.0,11.7,14.4,16.6,18.4,20.4,22.1,22.7,22.2,21.6,20.2,19.8,19.0,18.0,17.1,16.2,14.9
122,10.8,10.2,9.5,9.0,8.9,8.8,8.4,8.8,10.9,12.8,14.5,16.2,17.9,18.8,19.4,19.8,19.8,19.5,17.9,16.6,15.2,14.2,13.5,12.9,12.5,12.2,12.0,11.4,11.5,11.8,12.4,12.6,12.5,12.7,12.1,12.7,13.8,15.2,15.3,14.8,14.6,15.3,15.5,15.7,15.8,15.8,14.7,14.3,13.9,13.6,13.5,12.5,11.8,10.9,10.5,10.8,12.0,12.7,13.8,15.0,17.0,17.4,17.9,18.0,18.2,17.7,16.7,14.9,13.7,12.8,12.3,11.4,10.7,10.2,9.7,9.3,8.8,8.3,7.9,9.0,11.7,14.4,16.6,18.4,20.4,22.1,22.7,22.2,21.6,20.2,19.8,19.0,18.0,17.1,16.2,14.9,14.7,14.3,13.6,13.4,13.8,14.5,15.0,15.6,16.2,16.5,15.0,14.1,15.2,16.5,16.6,16.9,16.8,16.3,15.4,13.7,12.8,12.3,11.7,11.2
123,12.5,12.2,12.0,11.4,11.5,11.8,12.4,12.6,12.5,12.7,12.1,12.7,13.8,15.2,15.3,14.8,14.6,15.3,15.5,15.7,15.8,15.8,14.7,14.3,13.9,13.6,13.5,12.5,11.8,10.9,10.5,10.8,12.0,12.7,13.8,15.0,17.0,17.4,17.9,18.0,18.2,17.7,16.7,14.9,13.7,12.8,12.3,11.4,10.7,10.2,9.7,9.3,8.8,8.3,7.9,9.0,11.7,14.4,16.6,18.4,20.4,22.1,22.7,22.2,21.6,20.2,19.8,19.0,18.0,17.1,16.2,14.9,14.7,14.3,13.6,13.4,13.8,14.5,15.0,15.6,16.2,16.5,15.0,14.1,15.2,16.5,16.6,16.9,16.8,16.3,15.4,13.7,12.8,12.3,11.7,11.2,10.7,10.5,10.2,10.0,9.4,9.2,8.9,9.8,11.7,13.8,15.6,17.3,18.7,19.6,20.4,20.5,19.6,18.0,16.4,15.1,14.1,13.4,13.2,13.0
124,13.9,13.6,13.5,12.5,11.8,10.9,10.5,10.8,12.0,12.7,13.8,15.0,17.0,17.4,17.9,18.0,18.2,17.7,16.7,14.9,13.7,12.8,12.3,11.4,10.7,10.2,9.7,9.3,8.8,8.3,7.9,9.0,11.7,14.4,16.6,18.4,20.4,22.1,22.7,22.2,21.6,20.2,19.8,19.0,18.0,17.1,16.2,14.9,14.7,14.3,13.6,13.4,13.8,14.5,15.0,15.6,16.2,16.5,15.0,14.1,15.2,16.5,16.6,16.9,16.8,16.3,15.4,13.7,12.8,12.3,11.7,11.2,10.7,10.5,10.2,10.0,9.4,9.2,8.9,9.8,11.7,13.8,15.6,17.3,18.7,19.6,20.4,20.5,19.6,18.0,16.4,15.1,14.1,13.4,13.2,13.0,12.7,12.0,11.5,11.2,10.8,10.2,10.1,10.9,13.1,15.5,17.9,19.0,20.1,20.6,20.9,21.0,21.6,21.1,19.8,17.6,16.3,15.1,14.2,13.4
125,10.7,10.2,9.7,9.3,8.8,8.3,7.9,9.0,11.7,14.4,16.6,18.4,20.4,22.1,22.7,22.2,21.6,20.2,19.8,19.0,18.0,17.1,16.2,14.9,14.7,14.3,13.6,13.4,13.8,14.5,15.0,15.6,16.2,16.5,15.0,14.1,15.2,16.5,16.6,16.9,16.8,16.3,15.4,13.7,12.8,12.3,11.7,11.2,10.7,10.5,10.2,10.0,9.4,9.2,8.9,9.8,11.7,13.8,15.6,17.3,18.7,19.6,20.4,20.5,19.6,18.0,16.4,15.1,14.1,13.4,13.2,13.0,12.7,12.0,11.5,11.2,10.8,10.2,10.1,10.9,13.1,15.5,17.9,19.0,20.1,20.6,20.9,21.0,21.6,21.1,19.8,17.6,16.3,15.1,14.2,13.4,12.8,12.2,12.0,11.8,12.3,12.5,12.7,12.8,12.9,13.2,13.8,14.2,14.1,14.1,14.1,14.1,14.3,14.5,14.4,14.1,13.8,13.8,13.2,12.2
126,14.7,14.3,13.6,13.4,13.8,14.5,15.0,15.6,16.2,16.5,15.0,14.1,15.2,16.5,16.6,16.9,16.8,16.3,15.4,13.7,12.8,12.3,11.7,11.2,10.7,10.5,10.2,10.0,9.4,9.2,8.9,9.8,11.7,13.8,15.6,17.3,18.7,19.6,20.4,20.5,19.6,18.0,16.4,15.1,14.1,13.4,13.2,13.0,12.7,12.0,11.5,11.2,10.8,10.2,10.1,10.9,13.1,15.5,17.9,19.0,20.1,20.6,20.9,21.0,21.6,21.1,19.8,17.6,16.3,15.1,14.2,13.4,12.8,12.2,12.0,11.8,12.3,12.5,12.7,12.8,12.9,13.2,13.8,14.2,14.1,14.1,14.1,14.1,14.3,14.5,14.4,14.1,13.8,13.8,13.2,12.2,11.8,11.2,10.5,9.8,9.6,9.6,10.1,11.3,14.2,16.8,19.3,21.4,23.2,24.3,25.0,25.5,25.3,25.0,24.3,23.0,21.6,20.6,19.9,19.1
127,10.7,10.5,10.2,10.0,9.4,9.2,8.9,9.8,11.7,13.8,15.6,17.3,18.7,19.6,20.4,20.5,19.6,18.0,16.4,15.1,14.1,13.4,13.2,13.0,12.7,12.0,11.5,11.2,10.8,10.2,10.1,10.9,13.1,15.5,17.9,19.0,20.1,20.6,20.9,21.0,21.6,21.1,19.8,17.6,16.3,15.1,14.2,13.4,12.8,12.2,12.0,11.8,12.3,12.5,12.7,12.8,12.9,13.2,13.8,14.2,14.1,14.1,14.1,14.1,14.3,14.5,14.4,14.1,13.8,13.8,13.2,12.2,11.8,11.2,10.5,9.8,9.6,9.6,10.1,11.3,14.2,16.8,19.3,21.4,23.2,24.3,25.0,25.5,25.3,25.0,24.3,23.0,21.6,20.6,19.9,19.1,18.0,17.4,17.7,17.7,17.3,17.1,16.9,17.1,18.4,20.1,21.6,22.3,24.6,25.2,26.6,27.0,27.4,27.4,27.0,26.2,23.7,22.8,21.8,20.7
128,12.7,12.0,11.5,11.2,10.8,10.2,10.1,10.9,13.1,15.5,17.9,19.0,20.1,20.6,20.9,21.0,21.6,21.1,19.8,17.6,16.3,15.1,14.2,13.4,12.8,12.2,12.0,11.8,12.3,12.5,12.7,12.8,12.9,13.2,13.8,14.2,14.1,14.1,14.1,14.1,14.3,14.5,14.4,14.1,13.8,13.8,13.2,12.2,11.8,11.2,10.5,9.8,9.6,9.6,10.1,11.3,14.2,16.8,19.3,21.4,23.2,24.3,25.0,25.5,25.3,25.0,24.3,23.0,21.6,20.6,19.9,19.1,18.0,17.4,17.7,17.7,17.3,17.1,16.9,17.1,18.4,20.1,21.6,22.3,24.6,25.2,26.6,27.0,27.4,27.4,27.0,26.2,23.7,22.8,21.8,20.7,19.9,18.9,18.4,18.1,17.4,16.8,16.6,17.2,19.6,21.9,23.8,25.7,27.2,27.9,28.9,29.5,29.0,28.0,27.2,25.5,24.0,22.5,21.5,20.9
129,12.8,12.2,12.0,11.8,12.3,12.5,12.7,12.8,12.9,13.2,13.8,14.2,14.1,14.1,14.1,14.1,14.3,14.5,14.4,14.1,13.8,13.8,13.2,12.2,11.8,11.2,10.5,9.8,9.6,9.6,10.1,11.3,14.2,16.8,19.3,21.4,23.2,24.3,25.0,25.5,25.3,25.0,24.3,23.0,21.6,20.6,19.9,19.1,18.0,17.4,17.7,17.7,17.3,17.1,16.9,17.1,18.4,20.1,21.6,22.3,24.6,25.2,26.6,27.0,27.4,27.4,27.0,26.2,23.7,22.8,21.8,20.7,19.9,18.9,18.4,18.1,17.4,16.8,16.6,17.2,19.6,21.9,23.8,25.7,27.2,27.9,28.9,29.5,29.0,28.0,27.2,25.5,24.0,22.5,21.5,20.9,20.4,19.9,19.4,19.0,18.7,18.3,18.0,18.6,20.4,22.2,24.2,26.1,27.2,28.7,29.9,30.3,30.6,30.2,29.4,26.6,25.4,24.8,23.6,22.8
130,11.8,11.2,10.5,9.8,9.6,9.6,10.1,11.3,14.2,16.8,19.3,21.4,23.2,24.3,25.0,25.5,25.3,25.0,24.3,23.0,21.6,20.6,19.9,19.1,18.0,17.4,17.7,17.7,17.3,17.1,16.9,17.1,18.4,20.1,21.6,22.3,24.6,25.2,26.6,27.0,27.4,27.4,27.0,26.2,23.7,22.8,21.8,20.7,19.9,18.9,18.4,18.1,17.4,16.8,16.6,17.2,19.6,21.9,23.8,25.7,27.2,27.9,28.9,29.5,29.0,28.0,27.2,25.5,24.0,22.5,21.5,20.9,20.4,19.9,19.4,19.0,18.7,18.3,18.0,18.6,20.4,22.2,24.2,26.1,27.2,28.7,29.9,30.3,30.6,30.2,29.4,26.6,25.4,24.8,23.6,22.8,22.2,22.1,21.7,21.2,21.0,20.9,20.9,21.1,22.3,23.8,24.3,24.9,26.0,25.0,22.1,22.0,21.8,21.1,20.9,20.9,20.9,20.8,20.8,20.8
131,18.0,17.4,17.7,17.7,17.3,17.1,16.9,17.1,18.4,20.1,21.6,22.3,24.6,25.2,26.6,27.0,27.4,27.4,27.0,26.2,23.7,22.8,21.8,20.7,19.9,18.9,18.4,18.1,17.4,16.8,16.6,17.2,19.6,21.9,23.8,25.7,27.2,27.9,28.9,29.5,29.0,28.0,27.2,25.5,24.0,22.5,21.5,20.9,20.4,19.9,19.4,19.0,18.7,18.3,18.0,18.6,20.4,22.2,24.2,26.1,27.2,28.7,29.9,30.3,30.6,30.2,29.4,26.6,25.4,24.8,23.6,22.8,22.2,22.1,21.7,21.2,21.0,20.9,20.9,21.1,22.3,23.8,24.3,24.9,26.0,25.0,22.1,22.0,21.8,21.1,20.9,20.9,20.9,20.8,20.8,20.8,20.8,20.7,20.6,20.5,20.5,20.5,20.6,20.7,20.4,19.7,19.5,19.7,20.0,19.4,19.1,18.5,17.7,17.4,17.0,16.5,16.1,15.9,15.5,15.2
132,19.9,18.9,18.4,18.1,17.4,16.8,16.6,17.2,19.6,21.9,23.8,25.7,27.2,27.9,28.9,29.5,29.0,28.0,27.2,25.5,24.0,22.5,21.5,20.9,20.4,19.9,19.4,19.0,18.7,18.3,18.0,18.6,20.4,22.2,24.2,26.1,27.2,28.7,29.9,30.3,30.6,30.2,29.4,26.6,25.4,24.8,23.6,22.8,22.2,22.1,21.7,21.2,21.0,20.9,20.9,21.1,22.3,23.8,24.3,24.9,26.0,25.0,22.1,22.0,21.8,21.1,20.9,20.9,20.9,20.8,20.8,20.8,20.8,20.7,20.6,20.5,20.5,20.5,20.6,20.7,20.4,19.7,19.5,19.7,20.0,19.4,19.1,18.5,17.7,17.4,17.0,16.5,16.1,15.9,15.5,15.2,14.8,14.6,14.5,14.5,14.4,14.2,14.3,14.3,14.4,14.9,15.4,15.8,16.0,16.2,15.9,15.9,15.9,15.9,16.5,16.5,16.2,15.6,15.3,14.8
133,20.4,19.9,19.4,19.0,18.7,18.3,18.0,18.6,20.4,22.2,24.2,26.1,27.2,28.7,29.9,30.3,30.6,30.2,29.4,26.6,25.4,24.8,23.6,22.8,22.2,22.1,21.7,21.2,21.0,20.9,20.9,21.1,22.3,23.8,24.3,24.9,26.0,25.0,22.1,22.0,21.8,21.1,20.9,20.9,20.9,20.8,20.8,20.8,20.8,20.7,20.6,20.5,20.5,20.5,20.6,20.7,20.4,19.7,19.5,19.7,20.0,19.4,19.1,18.5,17.7,17.4,17.0,16.5,16.1,15.9,15.5,15.2,14.8,14.6,14.5,14.5,14.4,14.2,14.3,14.3,14.4,14.9,15.4,15.8,16.0,16.2,15.9,15.9,15.9,15.9,16.5,16.5,16.2,15.6,15.3,14.8,14.5,14.3,14.3,14.0,13.7,13.7,13.8,14.3,15.1,16.0,16.7,18.5,20.5,22.2,23.1,24.0,24.2,23.6,22.6,21.1,18.8,17.3,16.2,15.3
134,22.2,22.1,21.7,21.2,21.0,20.9,20.9,21.1,22.3,23.8,24.3,24.9,26.0,25.0,22.1,22.0,21.8,21.1,20.9,20.9,20.9,20.8,20.8,20.8,20.8,20.7,20.6,20.5,20.5,20.5,20.6,20.7,20.4,19.7,19.5,19.7,20.0,19.4,19.1,18.5,17.7,17.4,17.0,16.5,16.1,15.9,15.5,15.2,14.8,14.6,14.5,14.5,14.4,14.2,14.3,14.3,14.4,14.9,15.4,15.8,16.0,16.2,15.9,15.9,15.9,15.9,16.5,16.5,16.2,15.6,15.3,14.8,14.5,14.3,14.3,14.0,13.7,13.7,13.8,14.3,15.1,16.0,16.7,18.5,20.5,22.2,23.1,24.0,24.2,23.6,22.6,21.1,18.8,17.3,16.2,15.3,14.7,14.2,13.8,13.6,13.2,12.6,12.5,13.2,16.0,18.2,20.2,22.3,23.7,25.0,25.7,26.4,26.2,25.9,25.3,24.1,22.1,20.8,19.8,19.2
135,20.8,20.7,20.6,20.5,20.5,20.5,20.6,20.7,20.4,19.7,19.5,19.7,20.0,19.4,19.1,18.5,17.7,17.4,17.0,16.5,16.1,15.9,15.5,15.2,14.8,14.6,14.5,14.5,14.4,14.2,14.3,14.3,14.4,14.9,15.4,15.8,16.0,16.2,15.9,15.9,15.9,15.9,16.5,16.5,16.2,15.6,15.3,14.8,14.5,14.3,14.3,14.0,13.7,13.7,13.8,14.3,15.1,16.0,16.7,18.5,20.5,22.2,23.1,24.0,24.2,23.6,22.6,21.1,18.8,17.3,16.2,15.3,14.7,14.2,13.8,13.6,13.2,12.6,12.5,13.2,16.0,18.2,20.2,22.3,23.7,25.0,25.7,26.4,26.2,25.9,25.3,24.1,22.1,20.8,19.8,19.2,18.7,18.3,17.6,16.9,16.8,16.6,16.4,16.7,17.2,18.3,19.8,21.1,22.3,22.9,22.7,22.7,22.4,20.4,19.9,20.0,19.1,17.3,16.9,16.1
136,14.8,14.6,14.5,14.5,14.4,14.2,14.3,14.3,14.4,14.9,15.4,15.8,16.0,16.2,15.9,15.9,15.9,15.9,16.5,16.5,16.2,15.6,15.3,14.8,14.5,14.3,14.3,14.0,13.7,13.7,13.8,14.3,15.1,16.0,16.7,18.5,20.5,22.2,23.1,24.0,24.2,23.6,22.6,21.1,18.8,17.3,16.2,15.3,14.7,14.2,13.8,13.6,13.2,12.6,12.5,13.2,16.0,18.2,20.2,22.3,23.7,25.0,25.7,26.4,26.2,25.9,25.3,24.1,22.1,20.8,19.8,19.2,18.7,18.3,17.6,16.9,16.8,16.6,16.4,16.7,17.2,18.3,19.8,21.1,22.3,22.9,22.7,22.7,22.4,20.4,19.9,20.0,19.1,17.3,16.9,16.1,15.6,15.2,14.8,14.7,14.7,14.6,14.5,14.3,14.6,14.9,15.3,15.7,16.3,16.9,17.7,16.9,17.2,17.5,17.7,17.9,16.9,16.7,16.5,16.1
137,14.5,14.3,14.3,14.0,13.7,13.7,13.8,14.3,15.1,16.0,16.7,18.5,20.5,22.2,23.1,24.0,24.2,23.6,22.6,21.1,18.8,17.3,16.2,15.3,14.7,14.2,13.8,13.6,13.2,12.6,12.5,13.2,16.0,18.2,20.2,22.3,23.7,25.0,25.7,26.4,26.2,25.9,25.3,24.1,22.1,20.8,19.8,19.2,18.7,18.3,17.6,16.9,16.8,16.6,16.4,16.7,17.2,18.3,19.8,21.1,22.3,22.9,22.7,22.7,22.4,20.4,19.9,20.0,19.1,17.3,16.9,16.1,15.6,15.2,14.8,14.7,14.7,14.6,14.5,14.3,14.6,14.9,15.3,15.7,16.3,16.9,17.7,16.9,17.2,17.5,17.7,17.9,16.9,16.7,16.5,16.1,16.0,15.9,15.5,14.9,14.5,14.0,13.8,14.1,15.6,17.5,19.3,21.2,22.0,23.4,23.7,23.5,23.0,23.3,22.2,20.5,18.8,18.3,17.6,17.4
138,14.7,14.2,13.8,13.6,13.2,12.6,12.5,13.2,16.0,18.2,20.2,22.3,23.7,25.0,25.7,26.4,26.2,25.9,25.3,24.1,22.1,20.8,19.8,19.2,18.7,18.3,17.6,16.9,16.8,16.6,16.4,16.7,17.2,18.3,19.8,21.1,22.3,22.9,22.7,22.7,22.4,20.4,19.9,20.0,19.1,17.3,16.9,16.1,15.6,15.2,14.8,14.7,14.7,14.6,14.5,14.3,14.6,14.9,15.3,15.7,16.3,16.9,17.7,16.9,17.2,17.5,17.7,17.9,16.9,16.7,16.5,16.1,16.0,15.9,15.5,14.9,14.5,14.0,13.8,14.1,15.6,17.5,19.3,21.2,22.0,23.4,23.7,23.5,23.0,23.3,22.2,20.5,18.8,18.3,17.6,17.4,16.9,16.4,15.9,15.3,14.8,14.5,14.4,15.4,17.0,19.0,21.0,22.5,23.5,24.7,24.8,24.5,23.7,23.1,22.4,21.3,20.4,19.2,18.8,18.3
139,18.7,18.3,17.6,16.9,16.8,16.6,16.4,16.7,17.2,18.3,19.8,21.1,22.3,22.9,22.7,22.7,22.4,20.4,19.9,20.0,19.1,17.3,16.9,16.1,15.6,15.2,14.8,14.7,14.7,14.6,14.5,14.3,14.6,14.9,15.3,15.7,16.3,16.9,17.7,16.9,17.2,17.5,17.7,17.9,16.9,16.7,16.5,16.1,16.0,15.9,15.5,14.9,14.5,14.0,13.8,14.1,15.6,17.5,19.3,21.2,22.0,23.4,23.7,23.5,23.0,23.3,22.2,20.5,18.8,18.3,17.6,17.4,16.9,16.4,15.9,15.3,14.8,14.5,14.4,15.4,17.0,19.0,21.0,22.5,23.5,24.7,24.8,24.5,23.7,23.1,22.4,21.3,20.4,19.2,18.8,18.3,18.0,17.9,17.7,17.3,16.7,16.5,16.4,16.6,16.9,18.1,19.7,21.1,22.2,23.3,23.8,24.3,24.1,23.4,21.8,20.5,19.4,18.4,17.7,17.1
140,15.6,15.2,14.8,14.7,14.7,14.6,14.5,14.3,14.6,14.9,15.3,15.7,16.3,16.9,17.7,16.9,17.2,17.5,17.7,17.9,16.9,16.7,16.5,16.1,16.0,15.9,15.5,14.9,14.5,14.0,13.8,14.1,15.6,17.5,19.3,21.2,22.0,23.4,23.7,23.5,23.0,23.3,22.2,20.5,18.8,18.3,17.6,17.4,16.9,16.4,15.9,15.3,14.8,14.5,14.4,15.4,17.0,19.0,21.0,22.5,23.5,24.7,24.8,24.5,23.7,23.1,22.4,21.3,20.4,19.2,18.8,18.3,18.0,17.9,17.7,17.3,16.7,16.5,16.4,16.6,16.9,18.1,19.7,21.1,22.2,23.3,23.8,24.3,24.1,23.4,21.8,20.5,19.4,18.4,17.7,17.1,16.4,15.6,15.2,14.9,15.0,15.1,14.5,13.0,12.6,11.9,13.4,15.0,16.3,16.9,17.2,17.5,18.8,19.1,18.4,17.8,16.5,15.5,14.7,14.0
141,16.0,15.9,15.5,14.9,14.5,14.0,13.8,14.1,15.6,17.5,19.3,21.2,22.0,23.4,23.7,23.5,23.0,23.3,22.2,20.5,18.8,18.3,17.6,17.4,16.9,16.4,15.9,15.3,14.8,14.5,14.4,15.4,17.0,19.0,21.0,22.5,23.5,24.7,24.8,24.5,23.7,23.1,22.4,21.3,20.4,19.2,18.8,18.3,18.0,17.9,17.7,17.3,16.7,16.5,16.4,16.6,16.9,18.1,19.7,21.1,22.2,23.3,23.8,24.3,24.1,23.4,21.8,20.5,19.4,18.4,17.7,17.1,16.4,15.6,15.2,14.9,15.0,15.1,14.5,13.0,12.6,11.9,13.4,15.0,16.3,16.9,17.2,17.5,18.8,19.1,18.4,17.8,16.5,15.5,14.7,14.0,13.4,13.3,13.0,12.3,11.9,11.6,11.7,12.7,14.5,16.8,18.7,20.5,21.4,22.1,22.7,22.9,22.8,21.6,20.7,20.6,20.1,19.6,19.4,19.1
142,16.9,16.4,15.9,15.3,14.8,14.5,14.4,15.4,17.0,19.0,21.0,22.5,23.5,24.7,24.8,24.5,23.7,23.1,22.4,21.3,20.4,19.2,18.8,18.3,18.0,17.9,17.7,17.3,16.7,16.5,16.4,16.6,16.9,18.1,19.7,21.1,22.2,23.3,23.8,24.3,24.1,23.4,21.8,20.5,19.4,18.4,17.7,17.1,16.4,15.6,15.2,14.9,15.0,15.1,14.5,13.0,12.6,11.9,13.4,15.0,16.3,16.9,17.2,17.5,18.8,19.1,18.4,17.8,16.5,15.5,14.7,14.0,13.4,13.3,13.0,12.3,11.9,11.6,11.7,12.7,14.5,16.8,18.7,20.5,21.4,22.1,22.7,22.9,22.8,21.6,20.7,20.6,20.1,19.6,19.4,19.1,18.5,17.5,17.0,16.7,16.7,16.5,16.4,15.3,14.7,14.5,15.0,15.3,15.5,15.6,15.9,16.8,18.4,17.9,17.7,16.6,15.8,15.1,14.3,14.0
143,18.0,17.9,17.7,17.3,16.7,16.5,16.4,16.6,16.9,18.1,19.7,21.1,22.2,23.3,23.8,24.3,24.1,23.4,21.8,20.5,19.4,18.4,17.7,17.1,16.4,15.6,15.2,14.9,15.0,15.1,14.5,13.0,12.6,11.9,13.4,15.0,16.3,16.9,17.2,17.5,18.8,19.1,18.4,17.8,16.5,15.5,14.7,14.0,13.4,13.3,13.0,12.3,11.9,11.6,11.7,12.7,14.5,16.8,18.7,20.5,21.4,22.1,22.7,22.9,22.8,21.6,20.7,20.6,20.1,19.6,19.4,19.1,18.5,17.5,17.0,16.7,16.7,16.5,16.4,15.3,14.7,14.5,15.0,15.3,15.5,15.6,15.9,16.8,18.4,17.9,17.7,16.6,15.8,15.1,14.3,14.0,13.9,13.2,13.0,13.2,13.5,13.3,13.1,12.8,12.7,12.5,12.6,12.8,14.5,15.8,17.3,19.0,19.7,19.2,18.2,17.3,16.4,16.1,15.9,15.9
144,16.4,15.6,15.2,14.9,15.0,15.1,14.5,13.0,12.6,11.9,13.4,15.0,16.3,16.9,17.2,17.5,18.8,19.1,18.4,17.8,16.5,15.5,14.7,14.0,13.4,13.3,13.0,12.3,11.9,11.6,11.7,12.7,14.5,16.8,18.7,20.5,21.4,22.1,22.7,22.9,22.8,21.6,20.7,20.6,20.1,19.6,19.4,19.1,18.5,17.5,17.0,16.7,16.7,16.5,16.4,15.3,14.7,14.5,15.0,15.3,15.5,15.6,15.9,16.8,18.4,17.9,17.7,16.6,15.8,15.1,14.3,14.0,13.9,13.2,13.0,13.2,13.5,13.3,13.1,12.8,12.7,12.5,12.6,12.8,14.5,15.8,17.3,19.0,19.7,19.2,18.2,17.3,16.4,16.1,15.9,15.9,15.8,15.3,14.7,14.4,14.1,13.7,13.3,14.1,15.9,17.7,18.9,18.9,18.4,18.3,17.6,16.7,16.0,15.8,15.3,14.8,14.6,14.4,13.7,13.3
145,13.4,13.3,13.0,12.3,11.9,11.6,11.7,12.7,14.5,16.8,18.7,20.5,21.4,22.1,22.7,22.9,22.8,21.6,20.7,20.6,20.1,19.6,19.4,19.1,18.5,17.5,17.0,16.7,16.7,16.5,16.4,15.3,14.7,14.5,15.0,15.3,15.5,15.6,15.9,16.8,18.4,17.9,17.7,16.6,15.8,15.1,14.3,14.0,13.9,13.2,13.0,13.2,13.5,13.3,13.1,12.8,12.7,12.5,12.6,12.8,14.5,15.8,17.3,19.0,19.7,19.2,18.2,17.3,16.4,16.1,15.9,15.9,15.8,15.3,14.7,14.4,14.1,13.7,13.3,14.1,15.9,17.7,18.9,18.9,18.4,18.3,17.6,16.7,16.0,15.8,15.3,14.8,14.6,14.4,13.7,13.3,12.8,12.3,11.8,11.4,11.2,10.9,10.9,11.9,13.8,15.8,18.3,20.3,22.0,23.2,24.1,25.5,26.2,26.1,25.4,24.6,19.0,18.7,18.7,17.8
146,18.5,17.5,17.0,16.7,16.7,16.5,16.4,15.3,14.7,14.5,15.0,15.3,15.5,15.6,15.9,16.8,18.4,17.9,17.7,16.6,15.8,15.1,14.3,14.0,13.9,13.2,13.0,13.2,13.5,13.3,13.1,12.8,12.7,12.5,12.6,12.8,14.5,15.8,17.3,19.0,19.7,19.2,18.2,17.3,16.4,16.1,15.9,15.9,15.8,15.3,14.7,14.4,14.1,13.7,13.3,14.1,15.9,17.7,18.9,18.9,18.4,18.3,17.6,16.7,16.0,15.8,15.3,14.8,14.6,14.4,13.7,13.3,12.8,12.3,11.8,11.4,11.2,10.9,10.9,11.9,13.8,15.8,18.3,20.3,22.0,23.2,24.1,25.5,26.2,26.1,25.4,24.6,19.0,18.7,18.7,17.8,17.5,17.5,17.2,16.8,16.6,16.6,16.8,17.0,17.3,17.4,18.1,19.2,20.1,21.4,22.1,22.8,23.3,23.5,23.5,22.6,21.9,21.7,21.1,20.5
147,13.9,13.2,13.0,13.2,13.5,13.3,13.1,12.8,12.7,12.5,12.6,12.8,14.5,15.8,17.3,19.0,19.7,19.2,18.2,17.3,16.4,16.1,15.9,15.9,15.8,15.3,14.7,14.4,14.1,13.7,13.3,14.1,15.9,17.7,18.9,18.9,18.4,18.3,17.6,16.7,16.0,15.8,15.3,14.8,14.6,14.4,13.7,13.3,12.8,12.3,11.8,11.4,11.2,10.9,10.9,11.9,13.8,15.8,18.3,20.3,22.0,23.2,24.1,25.5,26.2,26.1,25.4,24.6,19.0,18.7,18.7,17.8,17.5,17.5,17.2,16.8,16.6,16.6,16.8,17.0,17.3,17.4,18.1,19.2,20.1,21.4,22.1,22.8,23.3,23.5,23.5,22.6,21.9,21.7,21.1,20.5,19.8,19.1,18.8,18.8,18.9,19.0,17.7,16.8,16.1,16.7,18.7,20.8,22.6,23.7,23.6,23.2,22.5,22.9,22.8,22.4,21.4,20.9,20.2,19.8
148,15.8,15.3,14.7,14.4,14.1,13.7,13.3,14.1,15.9,17.7,18.9,18.9,18.4,18.3,17.6,16.7,16.0,15.8,15.3,14.8,14.6,14.4,13.7,13.3,12.8,12.3,11.8,11.4,11.2,10.9,10.9,11.9,13.8,15.8,18.3,20.3,22.0,23.2,24.1,25.5,26.2,26.1,25.4,24.6,19.0,18.7,18.7,17.8,17.5,17.5,17.2,16.8,16.6,16.6,16.8,17.0,17.3,17.4,18.1,19.2,20.1,21.4,22.1,22.8,23.3,23.5,23.5,22.6,21.9,21.7,21.1,20.5,19.8,19.1,18.8,18.8,18.9,19.0,17.7,16.8,16.1,16.7,18.7,20.8,22.6,23.7,23.6,23.2,22.5,22.9,22.8,22.4,21.4,20.9,20.2,19.8,19.2,18.7,18.1,17.6,17.0,16.6,16.7,17.9,20.1,22.2,24.3,25.7,26.8,28.0,28.8,29.5,29.5,28.7,28.0,26.5,24.7,23.3,22.5,21.9
149,12.8,12.3,11.8,11.4,11.2,10.9,10.9,11.9,13.8,15.8,18.3,20.3,22.0,23.2,24.1,25.5,26.2,26.1,25.4,24.6,19.0,18.7,18.7,17.8,17.5,17.5,17.2,16.8,16.6,16.6,16.8,17.0,17.3,17.4,18.1,19.2,20.1,21.4,22.1,22.8,23.3,23.5,23.5,22.6,21.9,21.7,21.1,20.5,19.8,19.1,18.8,18.8,18.9,19.0,17.7,16.8,16.1,16.7,18.7,20.8,22.6,23.7,23.6,23.2,22.5,22.9,22.8,22.4,21.4,20.9,20.2,19.8,19.2,18.7,18.1,17.6,17.0,16.6,16.7,17.9,20.1,22.2,24.3,25.7,26.8,28.0,28.8,29.5,29.5,28.7,28.0,26.5,24.7,23.3,22.5,21.9,21.4,20.8,20.3,20.3,20.3,19.8,19.5,20.1,21.3,22.1,22.5,22.5,22.6,21.3,20.1,19.7,18.8,18.7,18.6,18.6,18.4,15.5,14.9,14.9
150,17.5,17.5,17.2,16.8,16.6,16.6,16.8,17.0,17.3,17.4,18.1,19.2,20.1,21.4,22.1,22.8,23.3,23.5,23.5,22.6,21.9,21.7,21.1,20.5,19.8,19.1,18.8,18.8,18.9,19.0,17.7,16.8,16.1,16.7,18.7,20.8,22.6,23.7,23.6,23.2,22.5,22.9,22.8,22.4,21.4,20.9,20.2,19.8,19.2,18.7,18.1,17.6,17.0,16.6,16.7,17.9,20.1,22.2,24.3,25.7,26.8,28.0,28.8,29.5,29.5,28.7,28.0,26.5,24.7,23.3,22.5,21.9,21.4,20.8,20.3,20.3,20.3,19.8,19.5,20.1,21.3,22.1,22.5,22.5,22.6,21.3,20.1,19.7,18.8,18.7,18.6,18.6,18.4,15.5,14.9,14.9,14.7,14.4,13.9,13.6,13.4,13.5,13.8,14.4,15.5,17.0,18.3,19.5,20.6,21.3,22.4,23.0,23.1,22.8,22.5,21.1,20.1,19.5,18.7,18.0
151,19.8,19.1,18.8,18.8,18.9,19.0,17.7,16.8,16.1,16.7,18.7,20.8,22.6,23.7,23.6,23.2,22.5,22.9,22.8,22.4,21.4,20.9,20.2,19.8,19.2,18.7,18.1,17.6,17.0,16.6,16.7,17.9,20.1,22.2,24.3,25.7,26.8,28.0,28.8,29.5,29.5,28.7,28.0,26.5,24.7,23.3,22.5,21.9,21.4,20.8,20.3,20.3,20.3,19.8,19.5,20.1,21.3,22.1,22.5,22.5,22.6,21.3,20.1,19.7,18.8,18.7,18.6,18.6,18.4,15.5,14.9,14.9,14.7,14.4,13.9,13.6,13.4,13.5,13.8,14.4,15.5,17.0,18.3,19.5,20.6,21.3,22.4,23.0,23.1,22.8,22.5,21.1,20.1,19.5,18.7,18.0,17.6,17.5,17.4,17.5,17.1,17.4,17.7,17.8,18.0,18.4,19.6,21.8,22.9,24.1,24.9,25.3,25.4,25.2,24.1,23.3,22.0,21.1,20.4,19.7
152,19.2,18.7,18.1,17.6,17.0,16.6,16.7,17.9,20.1,22.2,24.3,25.7,26.8,28.0,28.8,29.5,29.5,28.7,28.0,26.5,24.7,23.3,22.5,21.9,21.4,20.8,20.3,20.3,20.3,19.8,19.5,20.1,21.3,22.1,22.5,22.5,22.6,21.3,20.1,19.7,18.8,18.7,18.6,18.6,18.4,15.5,14.9,14.9,14.7,14.4,13.9,13.6,13.4,13.5,13.8,14.4,15.5,17.0,18.3,19.5,20.6,21.3,22.4,23.0,23.1,22.8,22.5,21.1,20.1,19.5,18.7,18.0,17.6,17.5,17.4,17.5,17.1,17.4,17.7,17.8,18.0,18.4,19.6,21.8,22.9,24.1,24.9,25.3,25.4,25.2,24.1,23.3,22.0,21.1,20.4,19.7,19.1,18.7,18.6,18.9,19.0,19.0,19.1,19.4,20.1,21.1,21.9,23.3,25.1,26.3,27.3,27.7,27.9,27.7,27.2,26.2,24.6,23.5,22.6,21.6
153,21.4,20.8,20.3,20.3,20.3,19.8,19.5,20.1,21.3,22.1,22.5,22.5,22.6,21.3,20.1,19.7,18.8,18.7,18.6,18.6,18.4,15.5,14.9,14.9,14.7,14.4,13.9,13.6,13.4,13.5,13.8,14.4,15.5,17.0,18.3,19.5,20.6,21.3,22.4,23.0,23.1,22.8,22.5,21.1,20.1,19.5,18.7,18.0,17.6,17.5,17.4,17.5,17.1,17.4,17.7,17.8,18.0,18.4,19.6,21.8,22.9,24.1,24.9,25.3,25.4,25.2,24.1,23.3,22.0,21.1,20.4,19.7,19.1,18.7,18.6,18.9,19.0,19.0,19.1,19.4,20.1,21.1,21.9,23.3,25.1,26.3,27.3,27.7,27.9,27.7,27.2,26.2,24.6,23.5,22.6,21.6,21.0,20.4,20.0,19.6,19.5,19.7,19.8,20.2,20.7,21.0,21.1,21.6,21.7,21.4,21.3,22.1,22.8,23.6,23.6,22.7,21.7,20.9,20.6,20.3
154,14.7,14.4,13.9,13.6,13.4,13.5,13.8,14.4,15.5,17.0,18.3,19.5,20.6,21.3,22.4,23.0,23.1,22.8,22.5,21.1,20.1,19.5,18.7,18.0,17.6,17.5,17.4,17.5,17.1,17.4,17.7,17.8,18.0,18.4,19.6,21.8,22.9,24.1,24.9,25.3,25.4,25.2,24.1,23.3,22.0,21.1,20.4,19.7,19.1,18.7,18.6,18.9,19.0,19.0,19.1,19.4,20.1,21.1,21.9,23.3,25.1,26.3,27.3,27.7,27.9,27.7,27.2,26.2,24.6,23.5,22.6,21.6,21.0,20.4,20.0,19.6,19.5,19.7,19.8,20.2,20.7,21.0,21.1,21.6,21.7,21.4,21.3,22.1,22.8,23.6,23.6,22.7,21.7,20.9,20.6,20.3,20.4,19.6,19.4,19.2,19.1,19.0,18.8,19.6,20.6,22.8,24.2,25.7,26.8,27.6,28.6,29.3,29.4,26.4,26.2,25.6,24.6,24.0,23.1,22.3
155,17.6,17.5,17.4,17.5,17.1,17.4,17.7,17.8,18.0,18.4,19.6,21.8,22.9,24.1,24.9,25.3,25.4,25.2,24.1,23.3,22.0,21.1,20.4,19.7,19.1,18.7,18.6,18.9,19.0,19.0,19.1,19.4,20.1,21.1,21.9,23.3,25.1,26.3,27.3,27.7,27.9,27.7,27.2,26.2,24.6,23.5,22.6,21.6,21.0,20.4,20.0,19.6,19.5,19.7,19.8,20.2,20.7,21.0,21.1,21.6,21.7,21.4,21.3,22.1,22.8,23.6,23.6,22.7,21.7,20.9,20.6,20.3,20.4,19.6,19.4,19.2,19.1,19.0,18.8,19.6,20.6,22.8,24.2,25.7,26.8,27.6,28.6,29.3,29.4,26.4,26.2,25.6,24.6,24.0,23.1,22.3,21.8,21.2,20.6,20.2,19.9,19.6,19.6,19.9,21.9,23.5,26.0,27.3,28.9,30.2,31.0,31.3,31.3,31.4,30.9,29.8,28.3,27.2,26.3,25.6
156,19.1,18.7,18.6,18.9,19.0,19.0,19.1,19.4,20.1,21.1,21.9,23.3,25.1,26.3,27.3,27.7,27.9,27.7,27.2,26.2,24.6,23.5,22.6,21.6,21.0,20.4,20.0,19.6,19.5,19.7,19.8,20.2,20.7,21.0,21.1,21.6,21.7,21.4,21.3,22.1,22.8,23.6,23.6,22.7,21.7,20.9,20.6,20.3,20.4,19.6,19.4,19.2,19.1,19.0,18.8,19.6,20.6,22.8,24.2,25.7,26.8,27.6,28.6,29.3,29.4,26.4,26.2,25.6,24.6,24.0,23.1,22.3,21.8,21.2,20.6,20.2,19.9,19.6,19.6,19.9,21.9,23.5,26.0,27.3,28.9,30.2,31.0,31.3,31.3,31.4,30.9,29.8,28.3,27.2,26.3,25.6,24.7,24.2,23.9,23.5,23.0,22.4,22.3,22.7,23.5,24.7,26.1,27.9,28.4,29.3,29.4,29.5,28.9,27.9,26.7,25.1,24.0,23.7,23.1,22.2
157,21.0,20.4,20.0,19.6,19.5,19.7,19.8,20.2,20.7,21.0,21.1,21.6,21.7,21.4,21.3,22.1,22.8,23.6,23.6,22.7,21.7,20.9,20.6,20.3,20.4,19.6,19.4,19.2,19.1,19.0,18.8,19.6,20.6,22.8,24.2,25.7,26.8,27.6,28.6,29.3,29.4,26.4,26.2,25.6,24.6,24.0,23.1,22.3,21.8,21.2,20.6,20.2,19.9,19.6,19.6,19.9,21.9,23.5,26.0,27.3,28.9,30.2,31.0,31.3,31.3,31.4,30.9,29.8,28.3,27.2,26.3,25.6,24.7,24.2,23.9,23.5,23.0,22.4,22.3,22.7,23.5,24.7,26.1,27.9,28.4,29.3,29.4,29.5,28.9,27.9,26.7,25.1,24.0,23.7,23.1,22.2,20.5,20.0,20.3,20.1,20.2,20.6,20.5,20.6,20.5,20.2,21.0,21.7,22.0,22.0,22.4,23.7,23.8,24.1,24.3,23.6,22.3,21.4,20.7,20.3
158,20.4,19.6,19.4,19.2,19.1,19.0,18.8,19.6,20.6,22.8,24.2,25.7,26.8,27.6,28.6,29.3,29.4,26.4,26.2,25.6,24.6,24.0,23.1,22.3,21.8,21.2,20.6,20.2,19.9,19.6,19.6,19.9,21.9,23.5,26.0,27.3,28.9,30.2,31.0,31.3,31.3,31.4,30.9,29.8,28.3,27.2,26.3,25.6,24.7,24.2,23.9,23.5,23.0,22.4,22.3,22.7,23.5,24.7,26.1,27.9,28.4,29.3,29.4,29.5,28.9,27.9,26.7,25.1,24.0,23.7,23.1,22.2,20.5,20.0,20.3,20.1,20.2,20.6,20.5,20.6,20.5,20.2,21.0,21.7,22.0,22.0,22.4,23.7,23.8,24.1,24.3,23.6,22.3,21.4,20.7,20.3,20.0,19.6,19.2,18.9,18.5,18.2,18.6,18.8,19.5,21.6,23.8,25.4,27.0,28.3,28.7,29.9,30.0,29.6,28.4,27.8,26.7,25.8,24.7,24.1
159,21.8,21.2,20.6,20.2,19.9,19.6,19.6,19.9,21.9,23.5,26.0,27.3,28.9,30.2,31.0,31.3,31.3,31.4,30.9,29.8,28.3,27.2,26.3,25.6,24.7,24.2,23.9,23.5,23.0,22.4,22.3,22.7,23.5,24.7,26.1,27.9,28.4,29.3,29.4,29.5,28.9,27.9,26.7,25.1,24.0,23.7,23.1,22.2,20.5,20.0,20.3,20.1,20.2,20.6,20.5,20.6,20.5,20.2,21.0,21.7,22.0,22.0,22.4,23.7,23.8,24.1,24.3,23.6,22.3,21.4,20.7,20.3,20.0,19.6,19.2,18.9,18.5,18.2,18.6,18.8,19.5,21.6,23.8,25.4,27.0,28.3,28.7,29.9,30.0,29.6,28.4,27.8,26.7,25.8,24.7,24.1,23.3,22.8,22.3,21.8,21.5,21.1,21.0,21.4,22.6,24.4,25.8,27.0,28.2,29.1,29.1,29.2,29.3,29.2,27.9,25.9,24.9,24.1,23.5,22.6
160,24.7,24.2,23.9,23.5,23.0,22.4,22.3,22.7,23.5,24.7,26.1,27.9,28.4,29.3,29.4,29.5,28.9,27.9,26.7,25.1,24.0,23.7,23.1,22.2,20.5,20.0,20.3,20.1,20.2,20.6,20.5,20.6,20.5,20.2,21.0,21.7,22.0,22.0,22.4,23.7,23.8,24.1,24.3,23.6,22.3,21.4,20.7,20.3,20.0,19.6,19.2,18.9,18.5,18.2,18.6,18.8,19.5,21.6,23.8,25.4,27.0,28.3,28.7,29.9,30.0,29.6,28.4,27.8,26.7,25.8,24.7,24.1,23.3,22.8,22.3,21.8,21.5,21.1,21.0,21.4,22.6,24.4,25.8,27.0,28.2,29.1,29.1,29.2,29.3,29.2,27.9,25.9,24.9,24.1,23.5,22.6,22.0,21.5,21.0,20.5,20.0,19.6,19.0,19.5,21.5,23.8,25.4,27.4,28.6,29.4,29.6,30.1,29.6,29.4,28.5,26.9,25.8,24.7,23.9,23.4
161,20.5,20.0,20.3,20.1,20.2,20.6,20.5,20.6,20.5,20.2,21.0,21.7,22.0,22.0,22.4,23.7,23.8,24.1,24.3,23.6,22.3,21.4,20.7,20.3,20.0,19.6,19.2,18.9,18.5,18.2,18.6,18.8,19.5,21.6,23.8,25.4,27.0,28.3,28.7,29.9,30.0,29.6,28.4,27.8,26.7,25.8,24.7,24.1,23.3,22.8,22.3,21.8,21.5,21.1,21.0,21.4,22.6,24.4,25.8,27.0,28.2,29.1,29.1,29.2,29.3,29.2,27.9,25.9,24.9,24.1,23.5,22.6,22.0,21.5,21.0,20.5,20.0,19.6,19.0,19.5,21.5,23.8,25.4,27.4,28.6,29.4,29.6,30.1,29.6,29.4,28.5,26.9,25.8,24.7,23.9,23.4,23.0,22.7,22.7,22.5,21.9,21.7,21.5,21.6,21.9,22.0,22.0,21.8,21.5,22.0,22.5,23.0,23.9,24.5,25.2,24.5,23.5,22.8,22.4,22.0
162,20.0,19.6,19.2,18.9,18.5,18.2,18.6,18.8,19.5,21.6,23.8,25.4,27.0,28.3,28.7,29.9,30.0,29.6,28.4,27.8,26.7,25.8,24.7,24.1,23.3,22.8,22.3,21.8,21.5,21.1,21.0,21.4,22.6,24.4,25.8,27.0,28.2,29.1,29.1,29.2,29.3,29.2,27.9,25.9,24.9,24.1,23.5,22.6,22.0,21.5,21.0,20.5,20.0,19.6,19.0,19.5,21.5,23.8,25.4,27.4,28.6,29.4,29.6,30.1,29.6,29.4,28.5,26.9,25.8,24.7,23.9,23.4,23.0,22.7,22.7,22.5,21.9,21.7,21.5,21.6,21.9,22.0,22.0,21.8,21.5,22.0,22.5,23.0,23.9,24.5,25.2,24.5,23.5,22.8,22.4,22.0,21.5,21.1,20.9,20.6,20.3,20.5,20.4,21.7,23.6,25.4,26.1,26.3,27.3,28.3,28.2,28.6,28.7,28.6,27.7,26.5,24.6,23.4,22.6,22.0
163,23.3,22.8,22.3,21.8,21.5,21.1,21.0,21.4,22.6,24.4,25.8,27.0,28.2,29.1,29.1,29.2,29.3,29.2,27.9,25.9,24.9,24.1,23.5,22.6,22.0,21.5,21.0,20.5,20.0,19.6,19.0,19.5,21.5,23.8,25.4,27.4,28.6,29.4,29.6,30.1,29.6,29.4,28.5,26.9,25.8,24.7,23.9,23.4,23.0,22.7,22.7,22.5,21.9,21.7,21.5,21.6,21.9,22.0,22.0,21.8,21.5,22.0,22.5,23.0,23.9,24.5,25.2,24.5,23.5,22.8,22.4,22.0,21.5,21.1,20.9,20.6,20.3,20.5,20.4,21.7,23.6,25.4,26.1,26.3,27.3,28.3,28.2,28.6,28.7,28.6,27.7,26.5,24.6,23.4,22.6,22.0,21.3,21.0,20.6,20.2,19.8,19.6,19.6,19.8,20.4,20.9,21.4,22.8,24.1,24.8,24.1,24.5,24.0,23.4,23.0,22.8,22.4,21.9,21.5,21.2
164,22.0,21.5,21.0,20.5,20.0,19.6,19.0,19.5,21.5,23.8,25.4,27.4,28.6,29.4,29.6,30.1,29.6,29.4,28.5,26.9,25.8,24.7,23.9,23.4,23.0,22.7,22.7,22.5,21.9,21.7,21.5,21.6,21.9,22.0,22.0,21.8,21.5,22.0,22.5,23.0,23.9,24.5,25.2,24.5,23.5,22.8,22.4,22.0,21.5,21.1,20.9,20.6,20.3,20.5,20.4,21.7,23.6,25.4,26.1,26.3,27.3,28.3,28.2,28.6,28.7,28.6,27.7,26.5,24.6,23.4,22.6,22.0,21.3,21.0,20.6,20.2,19.8,19.6,19.6,19.8,20.4,20.9,21.4,22.8,24.1,24.8,24.1,24.5,24.0,23.4,23.0,22.8,22.4,21.9,21.5,21.2,21.0,20.6,20.3,19.8,19.6,19.3,19.1,19.0,19.1,19.4,19.7,20.0,20.3,20.0,20.4,20.7,20.9,21.3,21.2,20.9,20.5,20.0,19.9,19.7
165,23.0,22.7,22.7,22.5,21.9,21.7,21.5,21.6,21.9,22.0,22.0,21.8,21.5,22.0,22.5,23.0,23.9,24.5,25.2,24.5,23.5,22.8,22.4,22.0,21.5,21.1,20.9,20.6,20.3,20.5,20.4,21.7,23.6,25.4,26.1,26.3,27.3,28.3,28.2,28.6,28.7,28.6,27.7,26.5,24.6,23.4,22.6,22.0,21.3,21.0,20.6,20.2,19.8,19.6,19.6,19.8,20.4,20.9,21.4,22.8,24.1,24.8,24.1,24.5,24.0,23.4,23.0,22.8,22.4,21.9,21.5,21.2,21.0,20.6,20.3,19.8,19.6,19.3,19.1,19.0,19.1,19.4,19.7,20.0,20.3,20.0,20.4,20.7,20.9,21.3,21.2,20.9,20.5,20.0,19.9,19.7,19.2,19.2,19.2,19.1,18.5,17.7,17.5,18.0,19.3,20.3,22.2,24.0,25.1,25.7,26.7,27.2,27.1,27.2,26.5,25.5,23.9,22.6,21.7,20.9
166,21.5,21.1,20.9,20.6,20.3,20.5,20.4,21.7,23.6,25.4,26.1,26.3,27.3,28.3,28.2,28.6,28.7,28.6,27.7,26.5,24.6,23.4,22.6,22.0,21.3,21.0,20.6,20.2,19.8,19.6,19.6,19.8,20.4,20.9,21.4,22.8,24.1,24.8,24.1,24.5,24.0,23.4,23.0,22.8,22.4,21.9,21.5,21.2,21.0,20.6,20.3,19.8,19.6,19.3,19.1,19.0,19.1,19.4,19.7,20.0,20.3,20.0,20.4,20.7,20.9,21.3,21.2,20.9,20.5,20.0,19.9,19.7,19.2,19.2,19.2,19.1,18.5,17.7,17.5,18.0,19.3,20.3,22.2,24.0,25.1,25.7,26.7,27.2,27.1,27.2,26.5,25.5,23.9,22.6,21.7,20.9,20.3,19.8,19.3,18.8,18.2,17.7,17.7,18.9,21.1,23.3,25.0,27.0,27.5,28.8,27.9,27.7,27.2,26.2,24.9,23.9,23.1,22.3,21.6,21.2
167,21.3,21.0,20.6,20.2,19.8,19.6,19.6,19.8,20.4,20.9,21.4,22.8,24.1,24.8,24.1,24.5,24.0,23.4,23.0,22.8,22.4,21.9,21.5,21.2,21.0,20.6,20.3,19.8,19.6,19.3,19.1,19.0,19.1,19.4,19.7,20.0,20.3,20.0,20.4,20.7,20.9,21.3,21.2,20.9,20.5,20.0,19.9,19.7,19.2,19.2,19.2,19.1,18.5,17.7,17.5,18.0,19.3,20.3,22.2,24.0,25.1,25.7,26.7,27.2,27.1,27.2,26.5,25.5,23.9,22.6,21.7,20.9,20.3,19.8,19.3,18.8,18.2,17.7,17.7,18.9,21.1,23.3,25.0,27.0,27.5,28.8,27.9,27.7,27.2,26.2,24.9,23.9,23.1,22.3,21.6,21.2,20.9,20.7,20.3,20.0,19.6,19.3,19.3,19.8,20.8,22.2,24.0,25.4,26.5,27.1,27.3,28.3,27.8,28.4,27.4,26.1,24.4,23.2,22.7,22.0
168,21.0,20.6,20.3,19.8,19.6,19.3,19.1,19.0,19.1,19.4,19.7,20.0,20.3,20.0,20.4,20.7,20.9,21.3,21.2,20.9,20.5,20.0,19.9,19.7,19.2,19.2,19.2,19.1,18.5,17.7,17.5,18.0,19.3,20.3,22.2,24.0,25.1,25.7,26.7,27.2,27.1,27.2,26.5,25.5,23.9,22.6,21.7,20.9,20.3,19.8,19.3,18.8,18.2,17.7,17.7,18.9,21.1,23.3,25.0,27.0,27.5,28.8,27.9,27.7,27.2,26.2,24.9,23.9,23.1,22.3,21.6,21.2,20.9,20.7,20.3,20.0,19.6,19.3,19.3,19.8,20.8,22.2,24.0,25.4,26.5,27.1,27.3,28.3,27.8,28.4,27.4,26.1,24.4,23.2,22.7,22.0,21.6,21.0,20.7,20.9,20.5,20.0,19.7,20.6,22.2,23.5,24.0,25.7,26.7,27.9,28.1,23.2,26.5,26.6,25.8,24.1,22.5,22.1,21.3,20.9
169,19.2,19.2,19.2,19.1,18.5,17.7,17.5,18.0,19.3,20.3,22.2,24.0,25.1,25.7,26.7,27.2,27.1,27.2,26.5,25.5,23.9,22.6,21.7,20.9,20.3,19.8,19.3,18.8,18.2,17.7,17.7,18.9,21.1,23.3,25.0,27.0,27.5,28.8,27.9,27.7,27.2,26.2,24.9,23.9,23.1,22.3,21.6,21.2,20.9,20.7,20.3,20.0,19.6,19.3,19.3,19.8,20.8,22.2,24.0,25.4,26.5,27.1,27.3,28.3,27.8,28.4,27.4,26.1,24.4,23.2,22.7,22.0,21.6,21.0,20.7,20.9,20.5,20.0,19.7,20.6,22.2,23.5,24.0,25.7,26.7,27.9,28.1,23.2,26.5,26.6,25.8,24.1,22.5,22.1,21.3,20.9,20.5,20.3,19.9,19.6,19.4,19.0,18.8,19.6,20.3,22.0,23.6,25.0,25.8,26.6,26.7,27.8,22.7,22.6,23.3,23.4,22.2,21.7,21.2,20.7
170,20.3,19.8,19.3,18.8,18.2,17.7,17.7,18.9,21.1,23.3,25.0,27.0,27.5,28.8,27.9,27.7,27.2,26.2,24.9,23.9,23.1,22.3,21.6,21.2,20.9,20.7,20.3,20.0,19.6,19.3,19.3,19.8,20.8,22.2,24.0,25.4,26.5,27.1,27.3,28.3,27.8,28.4,27.4,26.1,24.4,23.2,22.7,22.0,21.6,21.0,20.7,20.9,20.5,20.0,19.7,20.6,22.2,23.5,24.0,25.7,26.7,27.9,28.1,23.2,26.5,26.6,25.8,24.1,22.5,22.1,21.3,20.9,20.5,20.3,19.9,19.6,19.4,19.0,18.8,19.6,20.3,22.0,23.6,25.0,25.8,26.6,26.7,27.8,22.7,22.6,23.3,23.4,22.2,21.7,21.2,20.7,20.2,19.8,19.5,19.0,18.8,18.5,18.5,19.6,21.2,22.9,23.5,25.2,26.0,26.0,26.5,27.4,27.9,26.5,26.1,25.1,23.8,22.8,22.1,21.8
171,20.9,20.7,20.3,20.0,19.6,19.3,19.3,19.8,20.8,22.2,24.0,25.4,26.5,27.1,27.3,28.3,27.8,28.4,27.4,26.1,24.4,23.2,22.7,22.0,21.6,21.0,20.7,20.9,20.5,20.0,19.7,20.6,22.2,23.5,24.0,25.7,26.7,27.9,28.1,23.2,26.5,26.6,25.8,24.1,22.5,22.1,21.3,20.9,20.5,20.3,19.9,19.6,19.4,19.0,18.8,19.6,20.3,22.0,23.6,25.0,25.8,26.6,26.7,27.8,22.7,22.6,23.3,23.4,22.2,21.7,21.2,20.7,20.2,19.8,19.5,19.0,18.8,18.5,18.5,19.6,21.2,22.9,23.5,25.2,26.0,26.0,26.5,27.4,27.9,26.5,26.1,25.1,23.8,22.8,22.1,21.8,21.2,20.9,20.5,20.1,20.0,19.8,19.5,20.4,22.0,24.0,25.4,26.7,27.2,27.6,28.9,29.1,28.9,28.7,27.1,25.2,24.1,23.6,23.1,22.7
172,21.6,21.0,20.7,20.9,20.5,20.0,19.7,20.6,22.2,23.5,24.0,25.7,26.7,27.9,28.1,23.2,26.5,26.6,25.8,24.1,22.5,22.1,21.3,20.9,20.5,20.3,19.9,19.6,19.4,19.0,18.8,19.6,20.3,22.0,23.6,25.0,25.8,26.6,26.7,27.8,22.7,22.6,23.3,23.4,22.2,21.7,21.2,20.7,20.2,19.8,19.5,19.0,18.8,18.5,18.5,19.6,21.2,22.9,23.5,25.2,26.0,26.0,26.5,27.4,27.9,26.5,26.1,25.1,23.8,22.8,22.1,21.8,21.2,20.9,20.5,20.1,20.0,19.8,19.5,20.4,22.0,24.0,25.4,26.7,27.2,27.6,28.9,29.1,28.9,28.7,27.1,25.2,24.1,23.6,23.1,22.7,22.5,22.3,22.2,22.1,21.5,20.5,20.0,19.9,20.4,21.2,21.9,22.6,23.2,23.8,24.9,25.9,26.5,26.0,26.1,24.9,23.6,22.7,22.3,21.9
173,20.5,20.3,19.9,19.6,19.4,19.0,18.8,19.6,20.3,22.0,23.6,25.0,25.8,26.6,26.7,27.8,22.7,22.6,23.3,23.4,22.2,21.7,21.2,20.7,20.2,19.8,19.5,19.0,18.8,18.5,18.5,19.6,21.2,22.9,23.5,25.2,26.0,26.0,26.5,27.4,27.9,26.5,26.1,25.1,23.8,22.8,22.1,21.8,21.2,20.9,20.5,20.1,20.0,19.8,19.5,20.4,22.0,24.0,25.4,26.7,27.2,27.6,28.9,29.1,28.9,28.7,27.1,25.2,24.1,23.6,23.1,22.7,22.5,22.3,22.2,22.1,21.5,20.5,20.0,19.9,20.4,21.2,21.9,22.6,23.2,23.8,24.9,25.9,26.5,26.0,26.1,24.9,23.6,22.7,22.3,21.9,21.4,21.0,20.6,20.3,20.1,19.8,19.9,21.1,22.3,24.2,25.7,26.4,27.4,28.8,29.3,30.4,30.5,30.6,29.4,22.3,22.2,22.4,22.2,22.0
174,20.2,19.8,19.5,19.0,18.8,18.5,18.5,19.6,21.2,22.9,23.5,25.2,26.0,26.0,26.5,27.4,27.9,26.5,26.1,25.1,23.8,22.8,22.1,21.8,21.2,20.9,20.5,20.1,20.0,19.8,19.5,20.4,22.0,24.0,25.4,26.7,27.2,27.6,28.9,29.1,28.9,28.7,27.1,25.2,24.1,23.6,23.1,22.7,22.5,22.3,22.2,22.1,21.5,20.5,20.0,19.9,20.4,21.2,21.9,22.6,23.2,23.8,24.9,25.9,26.5,26.0,26.1,24.9,23.6,22.7,22.3,21.9,21.4,21.0,20.6,20.3,20.1,19.8,19.9,21.1,22.3,24.2,25.7,26.4,27.4,28.8,29.3,30.4,30.5,30.6,29.4,22.3,22.2,22.4,22.2,22.0,22.1,22.0,21.9,21.8,21.7,21.4,21.2,21.0,21.4,21.9,22.9,23.7,25.2,26.5,27.7,28.2,26.0,25.3,25.2,25.0,24.4,23.7,23.3,22.7
175,21.2,20.9,20.5,20.1,20.0,19.8,19.5,20.4,22.0,24.0,25.4,26.7,27.2,27.6,28.9,29.1,28.9,28.7,27.1,25.2,24.1,23.6,23.1,22.7,22.5,22.3,22.2,22.1,21.5,20.5,20.0,19.9,20.4,21.2,21.9,22.6,23.2,23.8,24.9,25.9,26.5,26.0,26.1,24.9,23.6,22.7,22.3,21.9,21.4,21.0,20.6,20.3,20.1,19.8,19.9,21.1,22.3,24.2,25.7,26.4,27.4,28.8,29.3,30.4,30.5,30.6,29.4,22.3,22.2,22.4,22.2,22.0,22.1,22.0,21.9,21.8,21.7,21.4,21.2,21.0,21.4,21.9,22.9,23.7,25.2,26.5,27.7,28.2,26.0,25.3,25.2,25.0,24.4,23.7,23.3,22.7,22.1,22.0,22.0,21.8,21.6,21.3,21.3,22.0,23.6,24.7,25.6,25.9,26.6,26.0,25.7,27.7,27.9,24.1,24.0,24.2,23.6,23.1,22.6,22.2
176,22.5,22.3,22.2,22.1,21.5,20.5,20.0,19.9,20.4,21.2,21.9,22.6,23.2,23.8,24.9,25.9,26.5,26.0,26.1,24.9,23.6,22.7,22.3,21.9,21.4,21.0,20.6,20.3,20.1,19.8,19.9,21.1,22.3,24.2,25.7,26.4,27.4,28.8,29.3,30.4,30.5,30.6,29.4,22.3,22.2,22.4,22.2,22.0,22.1,22.0,21.9,21.8,21.7,21.4,21.2,21.0,21.4,21.9,22.9,23.7,25.2,26.5,27.7,28.2,26.0,25.3,25.2,25.0,24.4,23.7,23.3,22.7,22.1,22.0,22.0,21.8,21.6,21.3,21.3,22.0,23.6,24.7,25.6,25.9,26.6,26.0,25.7,27.7,27.9,24.1,24.0,24.2,23.6,23.1,22.6,22.2,22.0,21.8,21.4,21.3,21.1,21.1,21.1,21.6,22.3,23.0,24.2,25.5,24.7,22.7,25.4,26.9,28.0,28.6,28.3,27.1,26.1,25.6,24.9,24.4
177,21.4,21.0,20.6,20.3,20.1,19.8,19.9,21.1,22.3,24.2,25.7,26.4,27.4,28.8,29.3,30.4,30.5,30.6,29.4,22.3,22.2,22.4,22.2,22.0,22.1,22.0,21.9,21.8,21.7,21.4,21.2,21.0,21.4,21.9,22.9,23.7,25.2,26.5,27.7,28.2,26.0,25.3,25.2,25.0,24.4,23.7,23.3,22.7,22.1,22.0,22.0,21.8,21.6,21.3,21.3,22.0,23.6,24.7,25.6,25.9,26.6,26.0,25.7,27.7,27.9,24.1,24.0,24.2,23.6,23.1,22.6,22.2,22.0,21.8,21.4,21.3,21.1,21.1,21.1,21.6,22.3,23.0,24.2,25.5,24.7,22.7,25.4,26.9,28.0,28.6,28.3,27.1,26.1,25.6,24.9,24.4,23.7,23.1,22.6,22.0,21.7,21.5,21.4,22.4,23.7,25.6,27.0,27.7,28.7,29.8,30.4,30.5,30.6,30.0,29.9,29.0,27.8,27.0,26.4,25.7
178,22.1,22.0,21.9,21.8,21.7,21.4,21.2,21.0,21.4,21.9,22.9,23.7,25.2,26.5,27.7,28.2,26.0,25.3,25.2,25.0,24.4,23.7,23.3,22.7,22.1,22.0,22.0,21.8,21.6,21.3,21.3,22.0,23.6,24.7,25.6,25.9,26.6,26.0,25.7,27.7,27.9,24.1,24.0,24.2,23.6,23.1,22.6,22.2,22.0,21.8,21.4,21.3,21.1,21.1,21.1,21.6,22.3,23.0,24.2,25.5,24.7,22.7,25.4,26.9,28.0,28.6,28.3,27.1,26.1,25.6,24.9,24.4,23.7,23.1,22.6,22.0,21.7,21.5,21.4,22.4,23.7,25.6,27.0,27.7,28.7,29.8,30.4,30.5,30.6,30.0,29.9,29.0,27.8,27.0,26.4,25.7,25.2,24.7,24.5,24.3,24.0,23.8,23.6,23.9,24.4,24.7,25.6,26.8,28.6,29.9,30.8,31.3,31.7,31.2,30.6,30.2,28.9,27.9,27.1,26.3
179,22.1,22.0,22.0,21.8,21.6,21.3,21.3,22.0,23.6,24.7,25.6,25.9,26.6,26.0,25.7,27.7,27.9,24.1,24.0,24.2,23.6,23.1,22.6,22.2,22.0,21.8,21.4,21.3,21.1,21.1,21.1,21.6,22.3,23.0,24.2,25.5,24.7,22.7,25.4,26.9,28.0,28.6,28.3,27.1,26.1,25.6,24.9,24.4,23.7,23.1,22.6,22.0,21.7,21.5,21.4,22.4,23.7,25.6,27.0,27.7,28.7,29.8,30.4,30.5,30.6,30.0,29.9,29.0,27.8,27.0,26.4,25.7,25.2,24.7,24.5,24.3,24.0,23.8,23.6,23.9,24.4,24.7,25.6,26.8,28.6,29.9,30.8,31.3,31.7,31.2,30.6,30.2,28.9,27.9,27.1,26.3,25.7,24.9,24.3,23.7,23.2,22.8,22.4,22.4,22.6,24.0,25.2,25.1,25.2,25.1,25.4,25.2,23.3,22.3,20.9,20.5,20.2,19.8,19.7,19.6
180,22.0,21.8,21.4,21.3,21.1,21.1,21.1,21.6,22.3,23.0,24.2,25.5,24.7,22.7,25.4,26.9,28.0,28.6,28.3,27.1,26.1,25.6,24.9,24.4,23.7,23.1,22.6,22.0,21.7,21.5,21.4,22.4,23.7,25.6,27.0,27.7,28.7,29.8,30.4,30.5,30.6,30.0,29.9,29.0,27.8,27.0,26.4,25.7,25.2,24.7,24.5,24.3,24.0,23.8,23.6,23.9,24.4,24.7,25.6,26.8,28.6,29.9,30.8,31.3,31.7,31.2,30.6,30.2,28.9,27.9,27.1,26.3,25.7,24.9,24.3,23.7,23.2,22.8,22.4,22.4,22.6,24.0,25.2,25.1,25.2,25.1,25.4,25.2,23.3,22.3,20.9,20.5,20.2,19.8,19.7,19.6,19.8,20.1,20.2,20.4,20.6,20.8,21.0,21.2,21.7,22.0,22.1,22.3,22.5,22.7,22.7,23.1,22.5,21.5,21.1,20.9,20.6,20.4,20.3,20.3
181,23.7,23.1,22.6,22.0,21.7,21.5,21.4,22.4,23.7,25.6,27.0,27.7,28.7,29.8,30.4,30.5,30.6,30.0,29.9,29.0,27.8,27.0,26.4,25.7,25.2,24.7,24.5,24.3,24.0,23.8,23.6,23.9,24.4,24.7,25.6,26.8,28.6,29.9,30.8,31.3,31.7,31.2,30.6,30.2,28.9,27.9,27.1,26.3,25.7,24.9,24.3,23.7,23.2,22.8,22.4,22.4,22.6,24.0,25.2,25.1,25.2,25.1,25.4,25.2,23.3,22.3,20.9,20.5,20.2,19.8,19.7,19.6,19.8,20.1,20.2,20.4,20.6,20.8,21.0,21.2,21.7,22.0,22.1,22.3,22.5,22.7,22.7,23.1,22.5,21.5,21.1,20.9,20.6,20.4,20.3,20.3,20.3,20.3,20.2,20.2,20.2,20.1,20.1,20.4,21.1,21.7,22.1,23.1,24.5,25.4,26.1,26.6,26.7,26.4,25.9,25.3,24.9,24.5,23.9,23.5
182,25.2,24.7,24.5,24.3,24.0,23.8,23.6,23.9,24.4,24.7,25.6,26.8,28.6,29.9,30.8,31.3,31.7,31.2,30.6,30.2,28.9,27.9,27.1,26.3,25.7,24.9,24.3,23.7,23.2,22.8,22.4,22.4,22.6,24.0,25.2,25.1,25.2,25.1,25.4,25.2,23.3,22.3,20.9,20.5,20.2,19.8,19.7,19.6,19.8,20.1,20.2,20.4,20.6,20.8,21.0,21.2,21.7,22.0,22.1,22.3,22.5,22.7,22.7,23.1,22.5,21.5,21.1,20.9,20.6,20.4,20.3,20.3,20.3,20.3,20.2,20.2,20.2,20.1,20.1,20.4,21.1,21.7,22.1,23.1,24.5,25.4,26.1,26.6,26.7,26.4,25.9,25.3,24.9,24.5,23.9,23.5,23.0,22.5,22.1,21.8,21.4,21.0,21.1,21.5,22.6,24.2,25.9,26.7,27.8,28.7,29.5,29.7,28.9,28.1,27.6,27.2,26.3,25.8,25.2,24.7
183,25.7,24.9,24.3,23.7,23.2,22.8,22.4,22.4,22.6,24.0,25.2,25.1,25.2,25.1,25.4,25.2,23.3,22.3,20.9,20.5,20.2,19.8,19.7,19.6,19.8,20.1,20.2,20.4,20.6,20.8,21.0,21.2,21.7,22.0,22.1,22.3,22.5,22.7,22.7,23.1,22.5,21.5,21.1,20.9,20.6,20.4,20.3,20.3,20.3,20.3,20.2,20.2,20.2,20.1,20.1,20.4,21.1,21.7,22.1,23.1,24.5,25.4,26.1,26.6,26.7,26.4,25.9,25.3,24.9,24.5,23.9,23.5,23.0,22.5,22.1,21.8,21.4,21.0,21.1,21.5,22.6,24.2,25.9,26.7,27.8,28.7,29.5,29.7,28.9,28.1,27.6,27.2,26.3,25.8,25.2,24.7,24.3,24.0,24.0,24.1,24.0,23.9,23.9,24.3,25.2,26.0,26.7,28.1,28.5,28.6,28.6,29.0,28.9,28.7,28.4,27.8,27.3,25.9,25.5,25.5
184,19.8,20.1,20.2,20.4,20.6,20.8,21.0,21.2,21.7,22.0,22.1,22.3,22.5,22.7,22.7,23.1,22.5,21.5,21.1,20.9,20.6,20.4,20.3,20.3,20.3,20.3,20.2,20.2,20.2,20.1,20.1,20.4,21.1,21.7,22.1,23.1,24.5,25.4,26.1,26.6,26.7,26.4,25.9,25.3,24.9,24.5,23.9,23.5,23.0,22.5,22.1,21.8,21.4,21.0,21.1,21.5,22.6,24.2,25.9,26.7,27.8,28.7,29.5,29.7,28.9,28.1,27.6,27.2,26.3,25.8,25.2,24.7,24.3,24.0,24.0,24.1,24.0,23.9,23.9,24.3,25.2,26.0,26.7,28.1,28.5,28.6,28.6,29.0,28.9,28.7,28.4,27.8,27.3,25.9,25.5,25.5,25.1,24.5,24.3,24.3,24.2,24.0,23.9,24.1,24.3,24.9,25.4,27.4,28.5,29.0,29.1,29.8,29.3,28.6,28.1,26.3,25.2,24.5,24.2,24.0
185,20.3,20.3,20.2,20.2,20.2,20.1,20.1,20.4,21.1,21.7,22.1,23.1,24.5,25.4,26.1,26.6,26.7,26.4,25.9,25.3,24.9,24.5,23.9,23.5,23.0,22.5,22.1,21.8,21.4,21.0,21.1,21.5,22.6,24.2,25.9,26.7,27.8,28.7,29.5,29.7,28.9,28.1,27.6,27.2,26.3,25.8,25.2,24.7,24.3,24.0,24.0,24.1,24.0,23.9,23.9,24.3,25.2,26.0,26.7,28.1,28.5,28.6,28.6,29.0,28.9,28.7,28.4,27.8,27.3,25.9,25.5,25.5,25.1,24.5,24.3,24.3,24.2,24.0,23.9,24.1,24.3,24.9,25.4,27.4,28.5,29.0,29.1,29.8,29.3,28.6,28.1,26.3,25.2,24.5,24.2,24.0,23.8,23.8,23.7,23.7,23.6,23.6,23.6,23.8,24.5,25.0,25.2,25.6,26.3,27.2,27.9,28.6,28.9,28.5,28.0,26.8,25.2,24.4,24.2,23.9
186,23.0,22.5,22.1,21.8,21.4,21.0,21.1,21.5,22.6,24.2,25.9,26.7,27.8,28.7,29.5,29.7,28.9,28.1,27.6,27.2,26.3,25.8,25.2,24.7,24.3,24.0,24.0,24.1,24.0,23.9,23.9,24.3,25.2,26.0,26.7,28.1,28.5,28.6,28.6,29.0,28.9,28.7,28.4,27.8,27.3,25.9,25.5,25.5,25.1,24.5,24.3,24.3,24.2,24.0,23.9,24.1,24.3,24.9,25.4,27.4,28.5,29.0,29.1,29.8,29.3,28.6,28.1,26.3,25.2,24.5,24.2,24.0,23.8,23.8,23.7,23.7,23.6,23.6,23.6,23.8,24.5,25.0,25.2,25.6,26.3,27.2,27.9,28.6,28.9,28.5,28.0,26.8,25.2,24.4,24.2,23.9,24.0,24.1,24.0,23.9,23.8,23.8,23.4,23.2,23.7,24.3,25.1,26.3,27.8,28.9,28.9,28.3,28.3,28.6,27.4,27.1,26.4,26.2,26.1,25.8
187,24.3,24.0,24.0,24.1,24.0,23.9,23.9,24.3,25.2,26.0,26.7,28.1,28.5,28.6,28.6,29.0,28.9,28.7,28.4,27.8,27.3,25.9,25.5,25.5,25.1,24.5,24.3,24.3,24.2,24.0,23.9,24.1,24.3,24.9,25.4,27.4,28.5,29.0,29.1,29.8,29.3,28.6,28.1,26.3,25.2,24.5,24.2,24.0,23.8,23.8,23.7,23.7,23.6,23.6,23.6,23.8,24.5,25.0,25.2,25.6,26.3,27.2,27.9,28.6,28.9,28.5,28.0,26.8,25.2,24.4,24.2,23.9,24.0,24.1,24.0,23.9,23.8,23.8,23.4,23.2,23.7,24.3,25.1,26.3,27.8,28.9,28.9,28.3,28.3,28.6,27.4,27.1,26.4,26.2,26.1,25.8,25.5,25.4,25.1,24.9,24.8,24.7,24.5,24.1,24.3,24.6,25.0,25.4,25.9,26.4,27.0,27.0,27.3,27.5,27.3,27.0,26.7,26.4,26.0,25.2
188,25.1,24.5,24.3,24.3,24.2,24.0,23.9,24.1,24.3,24.9,25.4,27.4,28.5,29.0,29.1,29.8,29.3,28.6,28.1,26.3,25.2,24.5,24.2,24.0,23.8,23.8,23.7,23.7,23.6,23.6,23.6,23.8,24.5,25.0,25.2,25.6,26.3,27.2,27.9,28.6,28.9,28.5,28.0,26.8,25.2,24.4,24.2,23.9,24.0,24.1,24.0,23.9,23.8,23.8,23.4,23.2,23.7,24.3,25.1,26.3,27.8,28.9,28.9,28.3,28.3,28.6,27.4,27.1,26.4,26.2,26.1,25.8,25.5,25.4,25.1,24.9,24.8,24.7,24.5,24.1,24.3,24.6,25.0,25.4,25.9,26.4,27.0,27.0,27.3,27.5,27.3,27.0,26.7,26.4,26.0,25.2,24.8,24.5,24.4,24.3,24.3,24.1,23.8,24.1,25.5,26.3,27.1,28.4,29.2,30.8,31.5,32.2,32.3,32.0,31.6,30.9,30.2,29.6,29.1,28.3
189,23.8,23.8,23.7,23.7,23.6,23.6,23.6,23.8,24.5,25.0,25.2,25.6,26.3,27.2,27.9,28.6,28.9,28.5,28.0,26.8,25.2,24.4,24.2,23.9,24.0,24.1,24.0,23.9,23.8,23.8,23.4,23.2,23.7,24.3,25.1,26.3,27.8,28.9,28.9,28.3,28.3,28.6,27.4,27.1,26.4,26.2,26.1,25.8,25.5,25.4,25.1,24.9,24.8,24.7,24.5,24.1,24.3,24.6,25.0,25.4,25.9,26.4,27.0,27.0,27.3,27.5,27.3,27.0,26.7,26.4,26.0,25.2,24.8,24.5,24.4,24.3,24.3,24.1,23.8,24.1,25.5,26.3,27.1,28.4,29.2,30.8,31.5,32.2,32.3,32.0,31.6,30.9,30.2,29.6,29.1,28.3,27.8,27.3,26.8,26.6,26.4,26.3,26.3,27.1,27.7,28.3,29.1,29.4,30.6,30.3,30.7,31.2,30.8,30.4,30.3,30.0,29.6,28.9,28.4,28.3
190,24.0,24.1,24.0,23.9,23.8,23.8,23.4,23.2,23.7,24.3,25.1,26.3,27.8,28.9,28.9,28.3,28.3,28.6,27.4,27.1,26.4,26.2,26.1,25.8,25.5,25.4,25.1,24.9,24.8,24.7,24.5,24.1,24.3,24.6,25.0,25.4,25.9,26.4,27.0,27.0,27.3,27.5,27.3,27.0,26.7,26.4,26.0,25.2,24.8,24.5,24.4,24.3,24.3,24.1,23.8,24.1,25.5,26.3,27.1,28.4,29.2,30.8,31.5,32.2,32.3,32.0,31.6,30.9,30.2,29.6,29.1,28.3,27.8,27.3,26.8,26.6,26.4,26.3,26.3,27.1,27.7,28.3,29.1,29.4,30.6,30.3,30.7,31.2,30.8,30.4,30.3,30.0,29.6,28.9,28.4,28.3,28.1,27.4,26.9,26.6,26.3,26.1,26.2,27.3,28.5,29.2,30.3,30.8,31.4,32.6,32.6,33.1,32.5,32.5,32.4,31.7,30.9,30.1,29.5,29.1
191,25.5,25.4,25.1,24.9,24.8,24.7,24.5,24.1,24.3,24.6,25.0,25.4,25.9,26.4,27.0,27.0,27.3,27.5,27.3,27.0,26.7,26.4,26.0,25.2,24.8,24.5,24.4,24.3,24.3,24.1,23.8,24.1,25.5,26.3,27.1,28.4,29.2,30.8,31.5,32.2,32.3,32.0,31.6,30.9,30.2,29.6,29.1,28.3,27.8,27.3,26.8,26.6,26.4,26.3,26.3,27.1,27.7,28.3,29.1,29.4,30.6,30.3,30.7,31.2,30.8,30.4,30.3,30.0,29.6,28.9,28.4,28.3,28.1,27.4,26.9,26.6,26.3,26.1,26.2,27.3,28.5,29.2,30.3,30.8,31.4,32.6,32.6,33.1,32.5,32.5,32.4,31.7,30.9,30.1,29.5,29.1,28.4,28.1,27.8,27.3,26.9,26.3,26.2,26.9,28.9,30.2,30.9,32.3,32.5,33.9,33.8,33.1,32.7,32.2,30.4,28.0,27.5,27.3,26.4,26.1
192,24.8,24.5,24.4,24.3,24.3,24.1,23.8,24.1,25.5,26.3,27.1,28.4,29.2,30.8,31.5,32.2,32.3,32.0,31.6,30.9,30.2,29.6,29.1,28.3,27.8,27.3,26.8,26.6,26.4,26.3,26.3,27.1,27.7,28.3,29.1,29.4,30.6,30.3,30.7,31.2,30.8,30.4,30.3,30.0,29.6,28.9,28.4,28.3,28.1,27.4,26.9,26.6,26.3,26.1,26.2,27.3,28.5,29.2,30.3,30.8,31.4,32.6,32.6,33.1,32.5,32.5,32.4,31.7,30.9,30.1,29.5,29.1,28.4,28.1,27.8,27.3,26.9,26.3,26.2,26.9,28.9,30.2,30.9,32.3,32.5,33.9,33.8,33.1,32.7,32.2,30.4,28.0,27.5,27.3,26.4,26.1,25.9,25.6,25.3,24.9,24.6,24.3,24.2,24.7,26.6,28.3,29.8,31.4,32.3,33.2,33.3,34.2,35.0,35.0,33.2,30.3,26.4,26.5,26.6,26.9
193,27.8,27.3,26.8,26.6,26.4,26.3,26.3,27.1,27.7,28.3,29.1,29.4,30.6,30.3,30.7,31.2,30.8,30.4,30.3,30.0,29.6,28.9,28.4,28.3,28.1,27.4,26.9,26.6,26.3,26.1,26.2,27.3,28.5,29.2,30.3,30.8,31.4,32.6,32.6,33.1,32.5,32.5,32.4,31.7,30.9,30.1,29.5,29.1,28.4,28.1,27.8,27.3,26.9,26.3,26.2,26.9,28.9,30.2,30.9,32.3,32.5,33.9,33.8,33.1,32.7,32.2,30.4,28.0,27.5,27.3,26.4,26.1,25.9,25.6,25.3,24.9,24.6,24.3,24.2,24.7,26.6,28.3,29.8,31.4,32.3,33.2,33.3,34.2,35.0,35.0,33.2,30.3,26.4,26.5,26.6,26.9,26.4,25.8,25.5,25.2,25.1,24.8,24.7,25.4,27.1,28.5,29.8,30.3,31.4,31.6,32.4,32.5,32.8,31.6,32.4,30.4,30.1,29.6,29.2,28.7
194,28.1,27.4,26.9,26.6,26.3,26.1,26.2,27.3,28.5,29.2,30.3,30.8,31.4,32.6,32.6,33.1,32.5,32.5,32.4,31.7,30.9,30.1,29.5,29.1,28.4,28.1,27.8,27.3,26.9,26.3,26.2,26.9,28.9,30.2,30.9,32.3,32.5,33.9,33.8,33.1,32.7,32.2,30.4,28.0,27.5,27.3,26.4,26.1,25.9,25.6,25.3,24.9,24.6,24.3,24.2,24.7,26.6,28.3,29.8,31.4,32.3,33.2,33.3,34.2,35.0,35.0,33.2,30.3,26.4,26.5,26.6,26.9,26.4,25.8,25.5,25.2,25.1,24.8,24.7,25.4,27.1,28.5,29.8,30.3,31.4,31.6,32.4,32.5,32.8,31.6,32.4,30.4,30.1,29.6,29.2,28.7,28.1,27.7,27.1,27.1,26.7,26.2,25.7,26.3,27.7,28.8,30.3,30.5,31.6,31.5,32.5,33.1,34.0,33.7,32.5,31.9,30.9,29.9,29.4,27.8
195,28.4,28.1,27.8,27.3,26.9,26.3,26.2,26.9,28.9,30.2,30.9,32.3,32.5,33.9,33.8,33.1,32.7,32.2,30.4,28.0,27.5,27.3,26.4,26.1,25.9,25.6,25.3,24.9,24.6,24.3,24.2,24.7,26.6,28.3,29.8,31.4,32.3,33.2,33.3,34.2,35.0,35.0,33.2,30.3,26.4,26.5,26.6,26.9,26.4,25.8,25.5,25.2,25.1,24.8,24.7,25.4,27.1,28.5,29.8,30.3,31.4,31.6,32.4,32.5,32.8,31.6,32.4,30.4,30.1,29.6,29.2,28.7,28.1,27.7,27.1,27.1,26.7,26.2,25.7,26.3,27.7,28.8,30.3,30.5,31.6,31.5,32.5,33.1,34.0,33.7,32.5,31.9,30.9,29.9,29.4,27.8,27.7,27.5,27.1,26.8,26.4,26.1,25.7,26.2,27.3,29.0,29.7,30.1,30.2,30.1,29.4,24.1,24.3,24.4,24.8,25.7,25.8,25.4,25.3,25.0
196,25.9,25.6,25.3,24.9,24.6,24.3,24.2,24.7,26.6,28.3,29.8,31.4,32.3,33.2,33.3,34.2,35.0,35.0,33.2,30.3,26.4,26.5,26.6,26.9,26.4,25.8,25.5,25.2,25.1,24.8,24.7,25.4,27.1,28.5,29.8,30.3,31.4,31.6,32.4,32.5,32.8,31.6,32.4,30.4,30.1,29.6,29.2,28.7,28.1,27.7,27.1,27.1,26.7,26.2,25.7,26.3,27.7,28.8,30.3,30.5,31.6,31.5,32.5,33.1,34.0,33.7,32.5,31.9,30.9,29.9,29.4,27.8,27.7,27.5,27.1,26.8,26.4,26.1,25.7,26.2,27.3,29.0,29.7,30.1,30.2,30.1,29.4,24.1,24.3,24.4,24.8,25.7,25.8,25.4,25.3,25.0,24.8,24.6,24.4,24.1,23.9,23.7,23.8,24.4,25.6,27.6,29.3,30.3,31.7,31.3,31.2,31.6,31.3,29.2,29.0,28.9,28.6,28.1,27.9,27.6
197,26.4,25.8,25.5,25.2,25.1,24.8,24.7,25.4,27.1,28.5,29.8,30.3,31.4,31.6,32.4,32.5,32.8,31.6,32.4,30.4,30.1,29.6,29.2,28.7,28.1,27.7,27.1,27.1,26.7,26.2,25.7,26.3,27.7,28.8,30.3,30.5,31.6,31.5,32.5,33.1,34.0,33.7,32.5,31.9,30.9,29.9,29.4,27.8,27.7,27.5,27.1,26.8,26.4,26.1,25.7,26.2,27.3,29.0,29.7,30.1,30.2,30.1,29.4,24.1,24.3,24.4,24.8,25.7,25.8,25.4,25.3,25.0,24.8,24.6,24.4,24.1,23.9,23.7,23.8,24.4,25.6,27.6,29.3,30.3,31.7,31.3,31.2,31.6,31.3,29.2,29.0,28.9,28.6,28.1,27.9,27.6,27.4,27.0,26.7,26.4,26.0,25.6,25.3,26.1,27.8,29.5,30.9,32.2,32.6,33.2,33.6,34.3,34.8,35.1,34.7,33.8,32.6,31.7,30.7,29.8
198,28.1,27.7,27.1,27.1,26.7,26.2,25.7,26.3,27.7,28.8,30.3,30.5,31.6,31.5,32.5,33.1,34.0,33.7,32.5,31.9,30.9,29.9,29.4,27.8,27.7,27.5,27.1,26.8,26.4,26.1,25.7,26.2,27.3,29.0,29.7,30.1,30.2,30.1,29.4,24.1,24.3,24.4,24.8,25.7,25.8,25.4,25.3,25.0,24.8,24.6,24.4,24.1,23.9,23.7,23.8,24.4,25.6,27.6,29.3,30.3,31.7,31.3,31.2,31.6,31.3,29.2,29.0,28.9,28.6,28.1,27.9,27.6,27.4,27.0,26.7,26.4,26.0,25.6,25.3,26.1,27.8,29.5,30.9,32.2,32.6,33.2,33.6,34.3,34.8,35.1,34.7,33.8,32.6,31.7,30.7,29.8,29.1,28.5,28.1,27.7,27.4,27.0,26.6,26.6,28.2,29.6,31.0,32.4,33.4,34.4,35.1,35.2,35.7,35.7,34.9,33.9,32.6,31.8,31.4,31.1
199,27.7,27.5,27.1,26.8,26.4,26.1,25.7,26.2,27.3,29.0,29.7,30.1,30.2,30.1,29.4,24.1,24.3,24.4,24.8,25.7,25.8,25.4,25.3,25.0,24.8,24.6,24.4,24.1,23.9,23.7,23.8,24.4,25.6,27.6,29.3,30.3,31.7,31.3,31.2,31.6,31.3,29.2,29.0,28.9,28.6,28.1,27.9,27.6,27.4,27.0,26.7,26.4,26.0,25.6,25.3,26.1,27.8,29.5,30.9,32.2,32.6,33.2,33.6,34.3,34.8,35.1,34.7,33.8,32.6,31.7,30.7,29.8,29.1,28.5,28.1,27.7,27.4,27.0,26.6,26.6,28.2,29.6,31.0,32.4,33.4,34.4,35.1,35.2,35.7,35.7,34.9,33.9,32.6,31.8,31.4,31.1,30.5,29.6,28.9,28.4,27.9,27.3,27.2,27.3,28.7,30.1,31.3,32.2,33.4,33.8,35.0,35.4,35.7,35.3,34.8,33.9,32.5,30.9,30.5,30.0
200,24.8,24.6,24.4,24.1,23.9,23.7,23.8,24.4,25.6,27.6,29.3,30.3,31.7,31.3,31.2,31.6,31.3,29.2,29.0,28.9,28.6,28.1,27.9,27.6,27.4,27.0,26.7,26.4,26.0,25.6,25.3,26.1,27.8,29.5,30.9,32.2,32.6,33.2,33.6,34.3,34.8,35.1,34.7,33.8,32.6,31.7,30.7,29.8,29.1,28.5,28.1,27.7,27.4,27.0,26.6,26.6,28.2,29.6,31.0,32.4,33.4,34.4,35.1,35.2,35.7,35.7,34.9,33.9,32.6,31.8,31.4,31.1,30.5,29.6,28.9,28.4,27.9,27.3,27.2,27.3,28.7,30.1,31.3,32.2,33.4,33.8,35.0,35.4,35.7,35.3,34.8,33.9,32.5,30.9,30.5,30.0,29.6,29.0,28.4,28.1,27.7,27.3,26.9,27.3,29.2,30.6,32.2,33.0,34.3,35.1,35.6,36.3,36.0,36.1,35.4,34.4,32.5,31.6,31.1,30.7
201,27.4,27.0,26.7,26.4,26.0,25.6,25.3,26.1,27.8,29.5,30.9,32.2,32.6,33.2,33.6,34.3,34.8,35.1,34.7,33.8,32.6,31.7,30.7,29.8,29.1,28.5,28.1,27.7,27.4,27.0,26.6,26.6,28.2,29.6,31.0,32.4,33.4,34.4,35.1,35.2,35.7,35.7,34.9,33.9,32.6,31.8,31.4,31.1,30.5,29.6,28.9,28.4,27.9,27.3,27.2,27.3,28.7,30.1,31.3,32.2,33.4,33.8,35.0,35.4,35.7,35.3,34.8,33.9,32.5,30.9,30.5,30.0,29.6,29.0,28.4,28.1,27.7,27.3,26.9,27.3,29.2,30.6,32.2,33.0,34.3,35.1,35.6,36.3,36.0,36.1,35.4,34.4,32.5,31.6,31.1,30.7,30.2,29.4,28.7,28.3,27.9,27.5,27.2,27.4,29.1,30.5,31.8,32.9,33.7,34.7,35.1,35.3,35.7,35.3,34.9,34.0,32.9,31.7,30.9,30.9
202,29.1,28.5,28.1,27.7,27.4,27.0,26.6,26.6,28.2,29.6,31.0,32.4,33.4,34.4,35.1,35.2,35.7,35.7,34.9,33.9,32.6,31.8,31.4,31.1,30.5,29.6,28.9,28.4,27.9,27.3,27.2,27.3,28.7,30.1,31.3,32.2,33.4,33.8,35.0,35.4,35.7,35.3,34.8,33.9,32.5,30.9,30.5,30.0,29.6,29.0,28.4,28.1,27.7,27.3,26.9,27.3,29.2,30.6,32.2,33.0,34.3,35.1,35.6,36.3,36.0,36.1,35.4,34.4,32.5,31.6,31.1,30.7,30.2,29.4,28.7,28.3,27.9,27.5,27.2,27.4,29.1,30.5,31.8,32.9,33.7,34.7,35.1,35.3,35.7,35.3,34.9,34.0,32.9,31.7,30.9,30.9,30.4,29.9,29.5,28.9,28.3,27.9,27.5,27.7,29.2,30.3,31.3,32.7,33.0,33.8,34.5,35.2,35.4,35.0,34.9,34.0,31.5,30.6,30.0,29.6
203,30.5,29.6,28.9,28.4,27.9,27.3,27.2,27.3,28.7,30.1,31.3,32.2,33.4,33.8,35.0,35.4,35.7,35.3,34.8,33.9,32.5,30.9,30.5,30.0,29.6,29.0,28.4,28.1,27.7,27.3,26.9,27.3,29.2,30.6,32.2,33.0,34.3,35.1,35.6,36.3,36.0,36.1,35.4,34.4,32.5,31.6,31.1,30.7,30.2,29.4,28.7,28.3,27.9,27.5,27.2,27.4,29.1,30.5,31.8,32.9,33.7,34.7,35.1,35.3,35.7,35.3,34.9,34.0,32.9,31.7,30.9,30.9,30.4,29.9,29.5,28.9,28.3,27.9,27.5,27.7,29.2,30.3,31.3,32.7,33.0,33.8,34.5,35.2,35.4,35.0,34.9,34.0,31.5,30.6,30.0,29.6,29.2,29.1,29.0,28.5,28.3,28.0,27.9,28.0,29.8,31.3,32.2,32.1,33.4,34.2,34.0,34.5,35.2,34.3,33.3,31.5,30.7,30.1,29.6,29.7
204,29.6,29.0,28.4,28.1,27.7,27.3,26.9,27.3,29.2,30.6,32.2,33.0,34.3,35.1,35.6,36.3,36.0,36.1,35.4,34.4,32.5,31.6,31.1,30.7,30.2,29.4,28.7,28.3,27.9,27.5,27.2,27.4,29.1,30.5,31.8,32.9,33.7,34.7,35.1,35.3,35.7,35.3,34.9,34.0,32.9,31.7,30.9,30.9,30.4,29.9,29.5,28.9,28.3,27.9,27.5,27.7,29.2,30.3,31.3,32.7,33.0,33.8,34.5,35.2,35.4,35.0,34.9,34.0,31.5,30.6,30.0,29.6,29.2,29.1,29.0,28.5,28.3,28.0,27.9,28.0,29.8,31.3,32.2,32.1,33.4,34.2,34.0,34.5,35.2,34.3,33.3,31.5,30.7,30.1,29.6,29.7,29.8,29.5,28.9,28.4,27.9,27.5,27.1,27.5,29.0,30.1,31.1,32.9,33.8,33.9,33.0,34.5,32.5,30.2,30.3,30.3,30.1,30.0,29.7,29.3
205,30.2,29.4,28.7,28.3,27.9,27.5,27.2,27.4,29.1,30.5,31.8,32.9,33.7,34.7,35.1,35.3,35.7,35.3,34.9,34.0,32.9,31.7,30.9,30.9,30.4,29.9,29.5,28.9,28.3,27.9,27.5,27.7,29.2,30.3,31.3,32.7,33.0,33.8,34.5,35.2,35.4,35.0,34.9,34.0,31.5,30.6,30.0,29.6,29.2,29.1,29.0,28.5,28.3,28.0,27.9,28.0,29.8,31.3,32.2,32.1,33.4,34.2,34.0,34.5,35.2,34.3,33.3,31.5,30.7,30.1,29.6,29.7,29.8,29.5,28.9,28.4,27.9,27.5,27.1,27.5,29.0,30.1,31.1,32.9,33.8,33.9,33.0,34.5,32.5,30.2,30.3,30.3,30.1,30.0,29.7,29.3,28.8,28.4,28.1,27.9,27.6,27.3,27.1,27.5,28.1,28.9,30.1,30.5,31.7,33.2,32.9,33.0,32.9,32.1,31.5,31.0,30.1,28.9,28.4,27.8
206,30.4,29.9,29.5,28.9,28.3,27.9,27.5,27.7,29.2,30.3,31.3,32.7,33.0,33.8,34.5,35.2,35.4,35.0,34.9,34.0,31.5,30.6,30.0,29.6,29.2,29.1,29.0,28.5,28.3,28.0,27.9,28.0,29.8,31.3,32.2,32.1,33.4,34.2,34.0,34.5,35.2,34.3,33.3,31.5,30.7,30.1,29.6,29.7,29.8,29.5,28.9,28.4,27.9,27.5,27.1,27.5,29.0,30.1,31.1,32.9,33.8,33.9,33.0,34.5,32.5,30.2,30.3,30.3,30.1,30.0,29.7,29.3,28.8,28.4,28.1,27.9,27.6,27.3,27.1,27.5,28.1,28.9,30.1,30.5,31.7,33.2,32.9,33.0,32.9,32.1,31.5,31.0,30.1,28.9,28.4,27.8,27.4,27.1,26.8,26.4,26.2,26.1,25.8,26.1,27.9,29.5,30.8,32.2,33.2,34.3,35.2,34.8,34.7,34.4,33.4,32.0,31.4,31.1,30.6,30.1
207,29.2,29.1,29.0,28.5,28.3,28.0,27.9,28.0,29.8,31.3,32.2,32.1,33.4,34.2,34.0,34.5,35.2,34.3,33.3,31.5,30.7,30.1,29.6,29.7,29.8,29.5,28.9,28.4,27.9,27.5,27.1,27.5,29.0,30.1,31.1,32.9,33.8,33.9,33.0,34.5,32.5,30.2,30.3,30.3,30.1,30.0,29.7,29.3,28.8,28.4,28.1,27.9,27.6,27.3,27.1,27.5,28.1,28.9,30.1,30.5,31.7,33.2,32.9,33.0,32.9,32.1,31.5,31.0,30.1,28.9,28.4,27.8,27.4,27.1,26.8,26.4,26.2,26.1,25.8,26.1,27.9,29.5,30.8,32.2,33.2,34.3,35.2,34.8,34.7,34.4,33.4,32.0,31.4,31.1,30.6,30.1,29.5,29.1,27.9,27.2,27.1,27.0,26.8,26.9,27.9,28.7,29.4,30.2,32.0,32.7,33.7,34.2,34.1,33.0,32.6,30.9,29.1,28.7,28.3,28.1
208,29.8,29.5,28.9,28.4,27.9,27.5,27.1,27.5,29.0,30.1,31.1,32.9,33.8,33.9,33.0,34.5,32.5,30.2,30.3,30.3,30.1,30.0,29.7,29.3,28.8,28.4,28.1,27.9,27.6,27.3,27.1,27.5,28.1,28.9,30.1,30.5,31.7,33.2,32.9,33.0,32.9,32.1,31.5,31.0,30.1,28.9,28.4,27.8,27.4,27.1,26.8,26.4,26.2,26.1,25.8,26.1,27.9,29.5,30.8,32.2,33.2,34.3,35.2,34.8,34.7,34.4,33.4,32.0,31.4,31.1,30.6,30.1,29.5,29.1,27.9,27.2,27.1,27.0,26.8,26.9,27.9,28.7,29.4,30.2,32.0,32.7,33.7,34.2,34.1,33.0,32.6,30.9,29.1,28.7,28.3,28.1,28.0,27.6,27.4,27.3,27.1,27.0,26.9,26.9,27.4,27.5,26.3,26.8,28.1,28.7,27.7,28.0,28.6,28.6,28.5,28.4,26.2,25.7,25.5,25.3
209,28.8,28.4,28.1,27.9,27.6,27.3,27.1,27.5,28.1,28.9,30.1,30.5,31.7,33.2,32.9,33.0,32.9,32.1,31.5,31.0,30.1,28.9,28.4,27.8,27.4,27.1,26.8,26.4,26.2,26.1,25.8,26.1,27.9,29.5,30.8,32.2,33.2,34.3,35.2,34.8,34.7,34.4,33.4,32.0,31.4,31.1,30.6,30.1,29.5,29.1,27.9,27.2,27.1,27.0,26.8,26.9,27.9,28.7,29.4,30.2,32.0,32.7,33.7,34.2,34.1,33.0,32.6,30.9,29.1,28.7,28.3,28.1,28.0,27.6,27.4,27.3,27.1,27.0,26.9,26.9,27.4,27.5,26.3,26.8,28.1,28.7,27.7,28.0,28.6,28.6,28.5,28.4,26.2,25.7,25.5,25.3,25.1,25.2,25.3,25.2,25.2,25.3,25.3,25.3,25.5,25.6,25.8,26.2,26.8,26.5,27.4,27.9,28.1,28.5,28.3,28.3,27.7,27.1,26.7,26.1
210,27.4,27.1,26.8,26.4,26.2,26.1,25.8,26.1,27.9,29.5,30.8,32.2,33.2,34.3,35.2,34.8,34.7,34.4,33.4,32.0,31.4,31.1,30.6,30.1,29.5,29.1,27.9,27.2,27.1,27.0,26.8,26.9,27.9,28.7,29.4,30.2,32.0,32.7,33.7,34.2,34.1,33.0,32.6,30.9,29.1,28.7,28.3,28.1,28.0,27.6,27.4,27.3,27.1,27.0,26.9,26.9,27.4,27.5,26.3,26.8,28.1,28.7,27.7,28.0,28.6,28.6,28.5,28.4,26.2,25.7,25.5,25.3,25.1,25.2,25.3,25.2,25.2,25.3,25.3,25.3,25.5,25.6,25.8,26.2,26.8,26.5,27.4,27.9,28.1,28.5,28.3,28.3,27.7,27.1,26.7,26.1,25.9,25.6,25.1,24.8,24.4,24.3,24.2,24.6,26.1,27.3,28.0,28.5,29.9,30.1,29.9,31.3,30.0,31.0,30.7,30.0,28.9,28.4,28.0,27.7
211,29.5,29.1,27.9,27.2,27.1,27.0,26.8,26.9,27.9,28.7,29.4,30.2,32.0,32.7,33.7,34.2,34.1,33.0,32.6,30.9,29.1,28.7,28.3,28.1,28.0,27.6,27.4,27.3,27.1,27.0,26.9,26.9,27.4,27.5,26.3,26.8,28.1,28.7,27.7,28.0,28.6,28.6,28.5,28.4,26.2,25.7,25.5,25.3,25.1,25.2,25.3,25.2,25.2,25.3,25.3,25.3,25.5,25.6,25.8,26.2,26.8,26.5,27.4,27.9,28.1,28.5,28.3,28.3,27.7,27.1,26.7,26.1,25.9,25.6,25.1,24.8,24.4,24.3,24.2,24.6,26.1,27.3,28.0,28.5,29.9,30.1,29.9,31.3,30.0,31.0,30.7,30.0,28.9,28.4,28.0,27.7,27.5,27.3,27.2,26.9,26.7,26.5,26.4,26.6,27.4,28.6,29.9,30.9,31.4,31.8,32.6,32.3,32.8,31.3,31.0,30.0,28.9,28.0,27.5,27.0
212,28.0,27.6,27.4,27.3,27.1,27.0,26.9,26.9,27.4,27.5,26.3,26.8,28.1,28.7,27.7,28.0,28.6,28.6,28.5,28.4,26.2,25.7,25.5,25.3,25.1,25.2,25.3,25.2,25.2,25.3,25.3,25.3,25.5,25.6,25.8,26.2,26.8,26.5,27.4,27.9,28.1,28.5,28.3,28.3,27.7,27.1,26.7,26.1,25.9,25.6,25.1,24.8,24.4,24.3,24.2,24.6,26.1,27.3,28.0,28.5,29.9,30.1,29.9,31.3,30.0,31.0,30.7,30.0,28.9,28.4,28.0,27.7,27.5,27.3,27.2,26.9,26.7,26.5,26.4,26.6,27.4,28.6,29.9,30.9,31.4,31.8,32.6,32.3,32.8,31.3,31.0,30.0,28.9,28.0,27.5,27.0,26.5,26.3,26.0,25.8,25.7,25.6,25.6,25.9,27.5,29.2,30.4,31.0,31.8,32.6,32.8,33.5,32.8,32.8,32.4,31.4,29.9,29.2,28.4,27.9
213,25.1,25.2,25.3,25.2,25.2,25.3,25.3,25.3,25.5,25.6,25.8,26.2,26.8,26.5,27.4,27.9,28.1,28.5,28.3,28.3,27.7,27.1,26.7,26.1,25.9,25.6,25.1,24.8,24.4,24.3,24.2,24.6,26.1,27.3,28.0,28.5,29.9,30.1,29.9,31.3,30.0,31.0,30.7,30.0,28.9,28.4,28.0,27.7,27.5,27.3,27.2,26.9,26.7,26.5,26.4,26.6,27.4,28.6,29.9,30.9,31.4,31.8,32.6,32.3,32.8,31.3,31.0,30.0,28.9,28.0,27.5,27.0,26.5,26.3,26.0,25.8,25.7,25.6,25.6,25.9,27.5,29.2,30.4,31.0,31.8,32.6,32.8,33.5,32.8,32.8,32.4,31.4,29.9,29.2,28.4,27.9,27.5,27.2,27.0,26.7,26.6,26.3,26.2,26.5,27.7,29.2,30.3,31.0,31.7,31.9,28.3,28.0,28.6,29.3,29.3,28.8,28.3,27.4,26.3,26.2
214,25.9,25.6,25.1,24.8,24.4,24.3,24.2,24.6,26.1,27.3,28.0,28.5,29.9,30.1,29.9,31.3,30.0,31.0,30.7,30.0,28.9,28.4,28.0,27.7,27.5,27.3,27.2,26.9,26.7,26.5,26.4,26.6,27.4,28.6,29.9,30.9,31.4,31.8,32.6,32.3,32.8,31.3,31.0,30.0,28.9,28.0,27.5,27.0,26.5,26.3,26.0,25.8,25.7,25.6,25.6,25.9,27.5,29.2,30.4,31.0,31.8,32.6,32.8,33.5,32.8,32.8,32.4,31.4,29.9,29.2,28.4,27.9,27.5,27.2,27.0,26.7,26.6,26.3,26.2,26.5,27.7,29.2,30.3,31.0,31.7,31.9,28.3,28.0,28.6,29.3,29.3,28.8,28.3,27.4,26.3,26.2,26.0,25.7,25.0,24.4,24.1,23.6,23.4,23.7,25.1,26.5,28.0,29.5,30.3,30.6,30.9,32.0,32.0,32.0,31.7,30.3,29.2,28.6,28.3,27.6
215,27.5,27.3,27.2,26.9,26.7,26.5,26.4,26.6,27.4,28.6,29.9,30.9,31.4,31.8,32.6,32.3,32.8,31.3,31.0,30.0,28.9,28.0,27.5,27.0,26.5,26.3,26.0,25.8,25.7,25.6,25.6,25.9,27.5,29.2,30.4,31.0,31.8,32.6,32.8,33.5,32.8,32.8,32.4,31.4,29.9,29.2,28.4,27.9,27.5,27.2,27.0,26.7,26.6,26.3,26.2,26.5,27.7,29.2,30.3,31.0,31.7,31.9,28.3,28.0,28.6,29.3,29.3,28.8,28.3,27.4,26.3,26.2,26.0,25.7,25.0,24.4,24.1,23.6,23.4,23.7,25.1,26.5,28.0,29.5,30.3,30.6,30.9,32.0,32.0,32.0,31.7,30.3,29.2,28.6,28.3,27.6,26.8,26.3,25.8,25.3,25.1,24.8,24.5,24.7,25.6,26.7,28.5,30.2,31.0,31.8,32.0,31.5,26.8,25.3,25.4,25.1,25.1,25.1,24.9,25.0
216,26.5,26.3,26.0,25.8,25.7,25.6,25.6,25.9,27.5,29.2,30.4,31.0,31.8,32.6,32.8,33.5,32.8,32.8,32.4,31.4,29.9,29.2,28.4,27.9,27.5,27.2,27.0,26.7,26.6,26.3,26.2,26.5,27.7,29.2,30.3,31.0,31.7,31.9,28.3,28.0,28.6,29.3,29.3,28.8,28.3,27.4,26.3,26.2,26.0,25.7,25.0,24.4,24.1,23.6,23.4,23.7,25.1,26.5,28.0,29.5,30.3,30.6,30.9,32.0,32.0,32.0,31.7,30.3,29.2,28.6,28.3,27.6,26.8,26.3,25.8,25.3,25.1,24.8,24.5,24.7,25.6,26.7,28.5,30.2,31.0,31.8,32.0,31.5,26.8,25.3,25.4,25.1,25.1,25.1,24.9,25.0,24.7,24.3,23.7,23.5,23.4,23.3,23.5,23.9,25.3,28.0,28.5,30.6,31.1,32.2,32.9,33.3,33.6,33.2,32.0,31.0,29.5,28.6,27.8,27.2
217,27.5,27.2,27.0,26.7,26.6,26.3,26.2,26.5,27.7,29.2,30.3,31.0,31.7,31.9,28.3,28.0,28.6,29.3,29.3,28.8,28.3,27.4,26.3,26.2,26.0,25.7,25.0,24.4,24.1,23.6,23.4,23.7,25.1,26.5,28.0,29.5,30.3,30.6,30.9,32.0,32.0,32.0,31.7,30.3,29.2,28.6,28.3,27.6,26.8,26.3,25.8,25.3,25.1,24.8,24.5,24.7,25.6,26.7,28.5,30.2,31.0,31.8,32.0,31.5,26.8,25.3,25.4,25.1,25.1,25.1,24.9,25.0,24.7,24.3,23.7,23.5,23.4,23.3,23.5,23.9,25.3,28.0,28.5,30.6,31.1,32.2,32.9,33.3,33.6,33.2,32.0,31.0,29.5,28.6,27.8,27.2,26.6,26.1,25.7,25.2,24.9,24.5,24.3,24.5,26.0,27.5,28.6,30.0,30.1,30.5,31.6,31.7,31.7,31.1,30.3,28.8,27.6,26.7,26.1,25.9
218,26.0,25.7,25.0,24.4,24.1,23.6,23.4,23.7,25.1,26.5,28.0,29.5,30.3,30.6,30.9,32.0,32.0,32.0,31.7,30.3,29.2,28.6,28.3,27.6,26.8,26.3,25.8,25.3,25.1,24.8,24.5,24.7,25.6,26.7,28.5,30.2,31.0,31.8,32.0,31.5,26.8,25.3,25.4,25.1,25.1,25.1,24.9,25.0,24.7,24.3,23.7,23.5,23.4,23.3,23.5,23.9,25.3,28.0,28.5,30.6,31.1,32.2,32.9,33.3,33.6,33.2,32.0,31.0,29.5,28.6,27.8,27.2,26.6,26.1,25.7,25.2,24.9,24.5,24.3,24.5,26.0,27.5,28.6,30.0,30.1,30.5,31.6,31.7,31.7,31.1,30.3,28.8,27.6,26.7,26.1,25.9,25.6,25.2,24.8,24.7,24.4,24.4,24.3,24.2,24.4,25.3,26.6,28.3,29.5,30.0,30.0,31.4,31.4,31.2,30.6,29.7,28.5,27.6,27.1,26.7
219,26.8,26.3,25.8,25.3,25.1,24.8,24.5,24.7,25.6,26.7,28.5,30.2,31.0,31.8,32.0,31.5,26.8,25.3,25.4,25.1,25.1,25.1,24.9,25.0,24.7,24.3,23.7,23.5,23.4,23.3,23.5,23.9,25.3,28.0,28.5,30.6,31.1,32.2,32.9,33.3,33.6,33.2,32.0,31.0,29.5,28.6,27.8,27.2,26.6,26.1,25.7,25.2,24.9,24.5,24.3,24.5,26.0,27.5,28.6,30.0,30.1,30.5,31.6,31.7,31.7,31.1,30.3,28.8,27.6,26.7,26.1,25.9,25.6,25.2,24.8,24.7,24.4,24.4,24.3,24.2,24.4,25.3,26.6,28.3,29.5,30.0,30.0,31.4,31.4,31.2,30.6,29.7,28.5,27.6,27.1,26.7,26.1,25.6,25.2,24.9,24.5,24.4,24.1,24.3,25.4,27.0,28.2,29.8,30.9,30.7,31.0,31.1,30.7,30.8,27.5,26.2,25.2,24.6,24.2,24.1
220,24.7,24.3,23.7,23.5,23.4,23.3,23.5,23.9,25.3,28.0,28.5,30.6,31.1,32.2,32.9,33.3,33.6,33.2,32.0,31.0,29.5,28.6,27.8,27.2,26.6,26.1,25.7,25.2,24.9,24.5,24.3,24.5,26.0,27.5,28.6,30.0,30.1,30.5,31.6,31.7,31.7,31.1,30.3,28.8,27.6,26.7,26.1,25.9,25.6,25.2,24.8,24.7,24.4,24.4,24.3,24.2,24.4,25.3,26.6,28.3,29.5,30.0,30.0,31.4,31.4,31.2,30.6,29.7,28.5,27.6,27.1,26.7,26.1,25.6,25.2,24.9,24.5,24.4,24.1,24.3,25.4,27.0,28.2,29.8,30.9,30.7,31.0,31.1,30.7,30.8,27.5,26.2,25.2,24.6,24.2,24.1,24.1,23.8,23.5,23.4,23.5,23.5,23.6,24.2,24.9,26.0,26.3,27.1,27.7,28.4,28.8,29.6,30.0,29.8,29.3,28.5,27.6,27.1,26.7,26.4
221,26.6,26.1,25.7,25.2,24.9,24.5,24.3,24.5,26.0,27.5,28.6,30.0,30.1,30.5,31.6,31.7,31.7,31.1,30.3,28.8,27.6,26.7,26.1,25.9,25.6,25.2,24.8,24.7,24.4,24.4,24.3,24.2,24.4,25.3,26.6,28.3,29.5,30.0,30.0,31.4,31.4,31.2,30.6,29.7,28.5,27.6,27.1,26.7,26.1,25.6,25.2,24.9,24.5,24.4,24.1,24.3,25.4,27.0,28.2,29.8,30.9,30.7,31.0,31.1,30.7,30.8,27.5,26.2,25.2,24.6,24.2,24.1,24.1,23.8,23.5,23.4,23.5,23.5,23.6,24.2,24.9,26.0,26.3,27.1,27.7,28.4,28.8,29.6,30.0,29.8,29.3,28.5,27.6,27.1,26.7,26.4,26.0,25.5,25.0,24.4,24.1,23.8,23.5,23.7,24.5,25.2,25.7,26.6,27.8,28.8,29.8,30.2,29.8,29.8,28.7,27.3,26.0,25.2,24.7,24.2
222,25.6,25.2,24.8,24.7,24.4,24.4,24.3,24.2,24.4,25.3,26.6,28.3,29.5,30.0,30.0,31.4,31.4,31.2,30.6,29.7,28.5,27.6,27.1,26.7,26.1,25.6,25.2,24.9,24.5,24.4,24.1,24.3,25.4,27.0,28.2,29.8,30.9,30.7,31.0,31.1,30.7,30.8,27.5,26.2,25.2,24.6,24.2,24.1,24.1,23.8,23.5,23.4,23.5,23.5,23.6,24.2,24.9,26.0,26.3,27.1,27.7,28.4,28.8,29.6,30.0,29.8,29.3,28.5,27.6,27.1,26.7,26.4,26.0,25.5,25.0,24.4,24.1,23.8,23.5,23.7,24.5,25.2,25.7,26.6,27.8,28.8,29.8,30.2,29.8,29.8,28.7,27.3,26.0,25.2,24.7,24.2,23.8,23.6,22.9,22.3,21.9,21.7,21.7,22.0,23.8,25.6,27.3,28.7,29.7,30.6,31.8,30.9,31.8,32.1,31.1,29.9,28.8,28.1,27.1,26.4
223,26.1,25.6,25.2,24.9,24.5,24.4,24.1,24.3,25.4,27.0,28.2,29.8,30.9,30.7,31.0,31.1,30.7,30.8,27.5,26.2,25.2,24.6,24.2,24.1,24.1,23.8,23.5,23.4,23.5,23.5,23.6,24.2,24.9,26.0,26.3,27.1,27.7,28.4,28.8,29.6,30.0,29.8,29.3,28.5,27.6,27.1,26.7,26.4,26.0,25.5,25.0,24.4,24.1,23.8,23.5,23.7,24.5,25.2,25.7,26.6,27.8,28.8,29.8,30.2,29.8,29.8,28.7,27.3,26.0,25.2,24.7,24.2,23.8,23.6,22.9,22.3,21.9,21.7,21.7,22.0,23.8,25.6,27.3,28.7,29.7,30.6,31.8,30.9,31.8,32.1,31.1,29.9,28.8,28.1,27.1,26.4,25.7,25.1,24.5,23.9,23.4,23.0,22.6,22.8,24.2,25.9,27.4,28.9,30.0,31.3,31.8,32.2,32.7,32.0,31.1,29.8,27.5,26.2,26.2,26.5
224,24.1,23.8,23.5,23.4,23.5,23.5,23.6,24.2,24.9,26.0,26.3,27.1,27.7,28.4,28.8,29.6,30.0,29.8,29.3,28.5,27.6,27.1,26.7,26.4,26.0,25.5,25.0,24.4,24.1,23.8,23.5,23.7,24.5,25.2,25.7,26.6,27.8,28.8,29.8,30.2,29.8,29.8,28.7,27.3,26.0,25.2,24.7,24.2,23.8,23.6,22.9,22.3,21.9,21.7,21.7,22.0,23.8,25.6,27.3,28.7,29.7,30.6,31.8,30.9,31.8,32.1,31.1,29.9,28.8,28.1,27.1,26.4,25.7,25.1,24.5,23.9,23.4,23.0,22.6,22.8,24.2,25.9,27.4,28.9,30.0,31.3,31.8,32.2,32.7,32.0,31.1,29.8,27.5,26.2,26.2,26.5,26.5,25.8,24.8,24.1,23.6,23.2,23.1,23.1,24.3,25.9,27.6,29.0,30.2,30.4,31.0,30.2,30.1,30.5,28.1,25.5,24.2,23.5,22.7,22.2
225,26.0,25.5,25.0,24.4,24.1,23.8,23.5,23.7,24.5,25.2,25.7,26.6,27.8,28.8,29.8,30.2,29.8,29.8,28.7,27.3,26.0,25.2,24.7,24.2,23.8,23.6,22.9,22.3,21.9,21.7,21.7,22.0,23.8,25.6,27.3,28.7,29.7,30.6,31.8,30.9,31.8,32.1,31.1,29.9,28.8,28.1,27.1,26.4,25.7,25.1,24.5,23.9,23.4,23.0,22.6,22.8,24.2,25.9,27.4,28.9,30.0,31.3,31.8,32.2,32.7,32.0,31.1,29.8,27.5,26.2,26.2,26.5,26.5,25.8,24.8,24.1,23.6,23.2,23.1,23.1,24.3,25.9,27.6,29.0,30.2,30.4,31.0,30.2,30.1,30.5,28.1,25.5,24.2,23.5,22.7,22.2,21.9,21.6,21.5,21.3,21.2,21.0,20.7,21.1,20.7,20.8,21.6,23.5,25.4,27.8,28.8,29.8,30.3,30.1,28.6,26.8,25.6,24.7,24.1,23.5
226,23.8,23.6,22.9,22.3,21.9,21.7,21.7,22.0,23.8,25.6,27.3,28.7,29.7,30.6,31.8,30.9,31.8,32.1,31.1,29.9,28.8,28.1,27.1,26.4,25.7,25.1,24.5,23.9,23.4,23.0,22.6,22.8,24.2,25.9,27.4,28.9,30.0,31.3,31.8,32.2,32.7,32.0,31.1,29.8,27.5,26.2,26.2,26.5,26.5,25.8,24.8,24.1,23.6,23.2,23.1,23.1,24.3,25.9,27.6,29.0,30.2,30.4,31.0,30.2,30.1,30.5,28.1,25.5,24.2,23.5,22.7,22.2,21.9,21.6,21.5,21.3,21.2,21.0,20.7,21.1,20.7,20.8,21.6,23.5,25.4,27.8,28.8,29.8,30.3,30.1,28.6,26.8,25.6,24.7,24.1,23.5,23.1,22.6,21.8,21.6,21.1,21.0,21.0,21.2,22.9,24.5,26.6,26.7,28.7,29.7,29.6,31.0,30.8,30.7,29.6,28.7,27.4,26.6,25.9,25.4
227,25.7,25.1,24.5,23.9,23.4,23.0,22.6,22.8,24.2,25.9,27.4,28.9,30.0,31.3,31.8,32.2,32.7,32.0,31.1,29.8,27.5,26.2,26.2,26.5,26.5,25.8,24.8,24.1,23.6,23.2,23.1,23.1,24.3,25.9,27.6,29.0,30.2,30.4,31.0,30.2,30.1,30.5,28.1,25.5,24.2,23.5,22.7,22.2,21.9,21.6,21.5,21.3,21.2,21.0,20.7,21.1,20.7,20.8,21.6,23.5,25.4,27.8,28.8,29.8,30.3,30.1,28.6,26.8,25.6,24.7,24.1,23.5,23.1,22.6,21.8,21.6,21.1,21.0,21.0,21.2,22.9,24.5,26.6,26.7,28.7,29.7,29.6,31.0,30.8,30.7,29.6,28.7,27.4,26.6,25.9,25.4,25.0,24.5,24.2,24.0,23.6,23.0,22.7,22.7,24.3,25.8,27.8,28.9,29.5,29.6,29.5,29.0,30.3,30.2,29.1,28.5,28.0,27.7,27.1,26.7
228,26.5,25.8,24.8,24.1,23.6,23.2,23.1,23.1,24.3,25.9,27.6,29.0,30.2,30.4,31.0,30.2,30.1,30.5,28.1,25.5,24.2,23.5,22.7,22.2,21.9,21.6,21.5,21.3,21.2,21.0,20.7,21.1,20.7,20.8,21.6,23.5,25.4,27.8,28.8,29.8,30.3,30.1,28.6,26.8,25.6,24.7,24.1,23.5,23.1,22.6,21.8,21.6,21.1,21.0,21.0,21.2,22.9,24.5,26.6,26.7,28.7,29.7,29.6,31.0,30.8,30.7,29.6,28.7,27.4,26.6,25.9,25.4,25.0,24.5,24.2,24.0,23.6,23.0,22.7,22.7,24.3,25.8,27.8,28.9,29.5,29.6,29.5,29.0,30.3,30.2,29.1,28.5,28.0,27.7,27.1,26.7,24.8,24.5,24.0,24.1,24.1,24.1,24.4,24.3,24.2,23.9,23.0,22.7,22.0,21.4,23.4,25.0,25.5,24.8,23.9,23.6,23.2,23.3,23.3,23.4
229,21.9,21.6,21.5,21.3,21.2,21.0,20.7,21.1,20.7,20.8,21.6,23.5,25.4,27.8,28.8,29.8,30.3,30.1,28.6,26.8,25.6,24.7,24.1,23.5,23.1,22.6,21.8,21.6,21.1,21.0,21.0,21.2,22.9,24.5,26.6,26.7,28.7,29.7,29.6,31.0,30.8,30.7,29.6,28.7,27.4,26.6,25.9,25.4,25.0,24.5,24.2,24.0,23.6,23.0,22.7,22.7,24.3,25.8,27.8,28.9,29.5,29.6,29.5,29.0,30.3,30.2,29.1,28.5,28.0,27.7,27.1,26.7,24.8,24.5,24.0,24.1,24.1,24.1,24.4,24.3,24.2,23.9,23.0,22.7,22.0,21.4,23.4,25.0,25.5,24.8,23.9,23.6,23.2,23.3,23.3,23.4,23.4,23.3,23.2,23.1,22.9,22.6,22.5,23.0,23.6,24.2,24.9,25.0,26.0,26.6,26.6,26.3,26.0,26.1,25.5,25.2,24.8,24.3,24.0,23.5
230,23.1,22.6,21.8,21.6,21.1,21.0,21.0,21.2,22.9,24.5,26.6,26.7,28.7,29.7,29.6,31.0,30.8,30.7,29.6,28.7,27.4,26.6,25.9,25.4,25.0,24.5,24.2,24.0,23.6,23.0,22.7,22.7,24.3,25.8,27.8,28.9,29.5,29.6,29.5,29.0,30.3,30.2,29.1,28.5,28.0,27.7,27.1,26.7,24.8,24.5,24.0,24.1,24.1,24.1,24.4,24.3,24.2,23.9,23.0,22.7,22.0,21.4,23.4,25.0,25.5,24.8,23.9,23.6,23.2,23.3,23.3,23.4,23.4,23.3,23.2,23.1,22.9,22.6,22.5,23.0,23.6,24.2,24.9,25.0,26.0,26.6,26.6,26.3,26.0,26.1,25.5,25.2,24.8,24.3,24.0,23.5,23.1,22.8,22.3,22.0,21.9,21.9,21.9,22.0,22.5,22.9,23.4,23.9,24.0,23.9,23.7,23.6,23.2,23.2,22.9,22.1,21.3,21.1,21.0,21.1
231,25.0,24.5,24.2,24.0,23.6,23.0,22.7,22.7,24.3,25.8,27.8,28.9,29.5,29.6,29.5,29.0,30.3,30.2,29.1,28.5,28.0,27.7,27.1,26.7,24.8,24.5,24.0,24.1,24.1,24.1,24.4,24.3,24.2,23.9,23.0,22.7,22.0,21.4,23.4,25.0,25.5,24.8,23.9,23.6,23.2,23.3,23.3,23.4,23.4,23.3,23.2,23.1,22.9,22.6,22.5,23.0,23.6,24.2,24.9,25.0,26.0,26.6,26.6,26.3,26.0,26.1,25.5,25.2,24.8,24.3,24.0,23.5,23.1,22.8,22.3,22.0,21.9,21.9,21.9,22.0,22.5,22.9,23.4,23.9,24.0,23.9,23.7,23.6,23.2,23.2,22.9,22.1,21.3,21.1,21.0,21.1,21.1,21.3,21.4,21.6,21.4,21.1,21.2,21.5,21.8,22.2,22.5,23.7,24.1,24.2,24.5,25.9,26.4,25.8,24.8,24.1,23.4,23.6,23.8,23.8
232,24.8,24.5,24.0,24.1,24.1,24.1,24.4,24.3,24.2,23.9,23.0,22.7,22.0,21.4,23.4,25.0,25.5,24.8,23.9,23.6,23.2,23.3,23.3,23.4,23.4,23.3,23.2,23.1,22.9,22.6,22.5,23.0,23.6,24.2,24.9,25.0,26.0,26.6,26.6,26.3,26.0,26.1,25.5,25.2,24.8,24.3,24.0,23.5,23.1,22.8,22.3,22.0,21.9,21.9,21.9,22.0,22.5,22.9,23.4,23.9,24.0,23.9,23.7,23.6,23.2,23.2,22.9,22.1,21.3,21.1,21.0,21.1,21.1,21.3,21.4,21.6,21.4,21.1,21.2,21.5,21.8,22.2,22.5,23.7,24.1,24.2,24.5,25.9,26.4,25.8,24.8,24.1,23.4,23.6,23.8,23.8,23.9,23.9,23.8,23.8,23.7,23.7,23.6,23.6,23.8,24.5,24.9,25.6,25.7,25.5,26.0,27.2,26.9,26.8,26.3,25.6,25.1,24.8,24.4,24.0
233,23.4,23.3,23.2,23.1,22.9,22.6,22.5,23.0,23.6,24.2,24.9,25.0,26.0,26.6,26.6,26.3,26.0,26.1,25.5,25.2,24.8,24.3,24.0,23.5,23.1,22.8,22.3,22.0,21.9,21.9,21.9,22.0,22.5,22.9,23.4,23.9,24.0,23.9,23.7,23.6,23.2,23.2,22.9,22.1,21.3,21.1,21.0,21.1,21.1,21.3,21.4,21.6,21.4,21.1,21.2,21.5,21.8,22.2,22.5,23.7,24.1,24.2,24.5,25.9,26.4,25.8,24.8,24.1,23.4,23.6,23.8,23.8,23.9,23.9,23.8,23.8,23.7,23.7,23.6,23.6,23.8,24.5,24.9,25.6,25.7,25.5,26.0,27.2,26.9,26.8,26.3,25.6,25.1,24.8,24.4,24.0,23.8,23.9,23.9,23.7,23.3,23.1,22.9,23.1,23.8,24.7,25.1,25.6,25.9,25.9,27.0,27.7,27.3,27.6,27.3,26.8,26.4,26.3,26.0,25.8
234,23.1,22.8,22.3,22.0,21.9,21.9,21.9,22.0,22.5,22.9,23.4,23.9,24.0,23.9,23.7,23.6,23.2,23.2,22.9,22.1,21.3,21.1,21.0,21.1,21.1,21.3,21.4,21.6,21.4,21.1,21.2,21.5,21.8,22.2,22.5,23.7,24.1,24.2,24.5,25.9,26.4,25.8,24.8,24.1,23.4,23.6,23.8,23.8,23.9,23.9,23.8,23.8,23.7,23.7,23.6,23.6,23.8,24.5,24.9,25.6,25.7,25.5,26.0,27.2,26.9,26.8,26.3,25.6,25.1,24.8,24.4,24.0,23.8,23.9,23.9,23.7,23.3,23.1,22.9,23.1,23.8,24.7,25.1,25.6,25.9,25.9,27.0,27.7,27.3,27.6,27.3,26.8,26.4,26.3,26.0,25.8,25.5,25.2,25.0,24.8,24.6,24.3,23.9,23.6,23.5,22.7,22.7,22.8,22.6,22.9,22.9,21.9,22.0,21.8,21.7,21.6,21.4,21.2,20.8,20.5
235,21.1,21.3,21.4,21.6,21.4,21.1,21.2,21.5,21.8,22.2,22.5,23.7,24.1,24.2,24.5,25.9,26.4,25.8,24.8,24.1,23.4,23.6,23.8,23.8,23.9,23.9,23.8,23.8,23.7,23.7,23.6,23.6,23.8,24.5,24.9,25.6,25.7,25.5,26.0,27.2,26.9,26.8,26.3,25.6,25.1,24.8,24.4,24.0,23.8,23.9,23.9,23.7,23.3,23.1,22.9,23.1,23.8,24.7,25.1,25.6,25.9,25.9,27.0,27.7,27.3,27.6,27.3,26.8,26.4,26.3,26.0,25.8,25.5,25.2,25.0,24.8,24.6,24.3,23.9,23.6,23.5,22.7,22.7,22.8,22.6,22.9,22.9,21.9,22.0,21.8,21.7,21.6,21.4,21.2,20.8,20.5,20.4,20.3,20.3,20.4,20.2,20.1,19.8,20.0,20.7,21.4,22.6,24.1,25.8,26.5,27.5,27.9,27.5,26.5,26.0,25.0,24.2,23.9,23.9,23.7
236,23.9,23.9,23.8,23.8,23.7,23.7,23.6,23.6,23.8,24.5,24.9,25.6,25.7,25.5,26.0,27.2,26.9,26.8,26.3,25.6,25.1,24.8,24.4,24.0,23.8,23.9,23.9,23.7,23.3,23.1,22.9,23.1,23.8,24.7,25.1,25.6,25.9,25.9,27.0,27.7,27.3,27.6,27.3,26.8,26.4,26.3,26.0,25.8,25.5,25.2,25.0,24.8,24.6,24.3,23.9,23.6,23.5,22.7,22.7,22.8,22.6,22.9,22.9,21.9,22.0,21.8,21.7,21.6,21.4,21.2,20.8,20.5,20.4,20.3,20.3,20.4,20.2,20.1,19.8,20.0,20.7,21.4,22.6,24.1,25.8,26.5,27.5,27.9,27.5,26.5,26.0,25.0,24.2,23.9,23.9,23.7,23.5,23.4,23.2,23.1,23.1,22.9,22.6,22.3,22.0,22.1,22.9,23.7,24.9,24.9,25.0,25.1,25.6,26.1,25.4,24.6,24.0,23.7,23.4,22.9
237,23.8,23.9,23.9,23.7,23.3,23.1,22.9,23.1,23.8,24.7,25.1,25.6,25.9,25.9,27.0,27.7,27.3,27.6,27.3,26.8,26.4,26.3,26.0,25.8,25.5,25.2,25.0,24.8,24.6,24.3,23.9,23.6,23.5,22.7,22.7,22.8,22.6,22.9,22.9,21.9,22.0,21.8,21.7,21.6,21.4,21.2,20.8,20.5,20.4,20.3,20.3,20.4,20.2,20.1,19.8,20.0,20.7,21.4,22.6,24.1,25.8,26.5,27.5,27.9,27.5,26.5,26.0,25.0,24.2,23.9,23.9,23.7,23.5,23.4,23.2,23.1,23.1,22.9,22.6,22.3,22.0,22.1,22.9,23.7,24.9,24.9,25.0,25.1,25.6,26.1,25.4,24.6,24.0,23.7,23.4,22.9,22.5,22.2,22.1,22.0,21.8,21.5,21.3,21.4,22.0,22.9,24.2,25.1,25.4,26.2,26.9,27.4,27.4,27.6,26.8,26.2,25.4,24.6,24.1,23.6
238,25.5,25.2,25.0,24.8,24.6,24.3,23.9,23.6,23.5,22.7,22.7,22.8,22.6,22.9,22.9,21.9,22.0,21.8,21.7,21.6,21.4,21.2,20.8,20.5,20.4,20.3,20.3,20.4,20.2,20.1,19.8,20.0,20.7,21.4,22.6,24.1,25.8,26.5,27.5,27.9,27.5,26.5,26.0,25.0,24.2,23.9,23.9,23.7,23.5,23.4,23.2,23.1,23.1,22.9,22.6,22.3,22.0,22.1,22.9,23.7,24.9,24.9,25.0,25.1,25.6,26.1,25.4,24.6,24.0,23.7,23.4,22.9,22.5,22.2,22.1,22.0,21.8,21.5,21.3,21.4,22.0,22.9,24.2,25.1,25.4,26.2,26.9,27.4,27.4,27.6,26.8,26.2,25.4,24.6,24.1,23.6,23.1,22.4,22.2,21.9,21.8,21.7,21.6,21.6,21.9,22.3,22.7,22.8,23.0,20.6,20.3,19.9,19.2,18.5,18.2,18.1,18.1,18.1,18.3,18.5
239,20.4,20.3,20.3,20.4,20.2,20.1,19.8,20.0,20.7,21.4,22.6,24.1,25.8,26.5,27.5,27.9,27.5,26.5,26.0,25.0,24.2,23.9,23.9,23.7,23.5,23.4,23.2,23.1,23.1,22.9,22.6,22.3,22.0,22.1,22.9,23.7,24.9,24.9,25.0,25.1,25.6,26.1,25.4,24.6,24.0,23.7,23.4,22.9,22.5,22.2,22.1,22.0,21.8,21.5,21.3,21.4,22.0,22.9,24.2,25.1,25.4,26.2,26.9,27.4,27.4,27.6,26.8,26.2,25.4,24.6,24.1,23.6,23.1,22.4,22.2,21.9,21.8,21.7,21.6,21.6,21.9,22.3,22.7,22.8,23.0,20.6,20.3,19.9,19.2,18.5,18.2,18.1,18.1,18.1,18.3,18.5,18.7,18.6,18.5,18.7,18.8,18.9,19.1,19.3,19.6,20.1,20.5,21.1,21.7,22.2,23.2,23.4,23.7,23.5,23.4,23.2,23.0,22.9,22.7,22.3
240,23.5,23.4,23.2,23.1,23.1,22.9,22.6,22.3,22.0,22.1,22.9,23.7,24.9,24.9,25.0,25.1,25.6,26.1,25.4,24.6,24.0,23.7,23.4,22.9,22.5,22.2,22.1,22.0,21.8,21.5,21.3,21.4,22.0,22.9,24.2,25.1,25.4,26.2,26.9,27.4,27.4,27.6,26.8,26.2,25.4,24.6,24.1,23.6,23.1,22.4,22.2,21.9,21.8,21.7,21.6,21.6,21.9,22.3,22.7,22.8,23.0,20.6,20.3,19.9,19.2,18.5,18.2,18.1,18.1,18.1,18.3,18.5,18.7,18.6,18.5,18.7,18.8,18.9,19.1,19.3,19.6,20.1,20.5,21.1,21.7,22.2,23.2,23.4,23.7,23.5,23.4,23.2,23.0,22.9,22.7,22.3,21.6,21.5,21.2,21.0,20.8,20.9,20.7,20.8,21.4,22.7,23.5,23.5,25.3,25.8,26.7,26.2,25.7,25.8,25.4,24.9,24.1,23.8,23.4,23.0
241,22.5,22.2,22.1,22.0,21.8,21.5,21.3,21.4,22.0,22.9,24.2,25.1,25.4,26.2,26.9,27.4,27.4,27.6,26.8,26.2,25.4,24.6,24.1,23.6,23.1,22.4,22.2,21.9,21.8,21.7,21.6,21.6,21.9,22.3,22.7,22.8,23.0,20.6,20.3,19.9,19.2,18.5,18.2,18.1,18.1,18.1,18.3,18.5,18.7,18.6,18.5,18.7,18.8,18.9,19.1,19.3,19.6,20.1,20.5,21.1,21.7,22.2,23.2,23.4,23.7,23.5,23.4,23.2,23.0,22.9,22.7,22.3,21.6,21.5,21.2,21.0,20.8,20.9,20.7,20.8,21.4,22.7,23.5,23.5,25.3,25.8,26.7,26.2,25.7,25.8,25.4,24.9,24.1,23.8,23.4,23.0,22.7,22.5,22.3,21.6,21.1,20.6,20.7,21.0,22.5,23.7,25.1,26.2,26.7,27.8,28.6,28.8,29.0,28.7,28.0,26.3,25.0,24.0,23.1,22.2
242,23.1,22.4,22.2,21.9,21.8,21.7,21.6,21.6,21.9,22.3,22.7,22.8,23.0,20.6,20.3,19.9,19.2,18.5,18.2,18.1,18.1,18.1,18.3,18.5,18.7,18.6,18.5,18.7,18.8,18.9,19.1,19.3,19.6,20.1,20.5,21.1,21.7,22.2,23.2,23.4,23.7,23.5,23.4,23.2,23.0,22.9,22.7,22.3,21.6,21.5,21.2,21.0,20.8,20.9,20.7,20.8,21.4,22.7,23.5,23.5,25.3,25.8,26.7,26.2,25.7,25.8,25.4,24.9,24.1,23.8,23.4,23.0,22.7,22.5,22.3,21.6,21.1,20.6,20.7,21.0,22.5,23.7,25.1,26.2,26.7,27.8,28.6,28.8,29.0,28.7,28.0,26.3,25.0,24.0,23.1,22.2,21.2,20.4,19.8,19.4,18.9,18.7,18.6,18.9,20.6,22.4,23.9,24.9,26.0,27.1,27.7,28.5,27.4,27.0,26.3,25.2,24.3,23.3,22.5,21.9
243,18.7,18.6,18.5,18.7,18.8,18.9,19.1,19.3,19.6,20.1,20.5,21.1,21.7,22.2,23.2,23.4,23.7,23.5,23.4,23.2,23.0,22.9,22.7,22.3,21.6,21.5,21.2,21.0,20.8,20.9,20.7,20.8,21.4,22.7,23.5,23.5,25.3,25.8,26.7,26.2,25.7,25.8,25.4,24.9,24.1,23.8,23.4,23.0,22.7,22.5,22.3,21.6,21.1,20.6,20.7,21.0,22.5,23.7,25.1,26.2,26.7,27.8,28.6,28.8,29.0,28.7,28.0,26.3,25.0,24.0,23.1,22.2,21.2,20.4,19.8,19.4,18.9,18.7,18.6,18.9,20.6,22.4,23.9,24.9,26.0,27.1,27.7,28.5,27.4,27.0,26.3,25.2,24.3,23.3,22.5,21.9,21.1,20.6,20.1,19.8,19.7,19.4,19.5,19.7,20.8,22.4,22.9,24.7,25.7,26.8,26.9,26.9,26.3,26.0,25.4,24.4,23.7,23.1,22.6,22.5
244,21.6,21.5,21.2,21.0,20.8,20.9,20.7,20.8,21.4,22.7,23.5,23.5,25.3,25.8,26.7,26.2,25.7,25.8,25.4,24.9,24.1,23.8,23.4,23.0,22.7,22.5,22.3,21.6,21.1,20.6,20.7,21.0,22.5,23.7,25.1,26.2,26.7,27.8,28.6,28.8,29.0,28.7,28.0,26.3,25.0,24.0,23.1,22.2,21.2,20.4,19.8,19.4,18.9,18.7,18.6,18.9,20.6,22.4,23.9,24.9,26.0,27.1,27.7,28.5,27.4,27.0,26.3,25.2,24.3,23.3,22.5,21.9,21.1,20.6,20.1,19.8,19.7,19.4,19.5,19.7,20.8,22.4,22.9,24.7,25.7,26.8,26.9,26.9,26.3,26.0,25.4,24.4,23.7,23.1,22.6,22.5,22.0,21.6,21.1,21.0,20.8,20.7,20.8,20.9,21.5,23.2,23.6,24.6,26.0,26.3,26.3,25.9,25.2,24.6,23.8,23.0,21.1,19.7,19.1,18.5
245,22.7,22.5,22.3,21.6,21.1,20.6,20.7,21.0,22.5,23.7,25.1,26.2,26.7,27.8,28.6,28.8,29.0,28.7,28.0,26.3,25.0,24.0,23.1,22.2,21.2,20.4,19.8,19.4,18.9,18.7,18.6,18.9,20.6,22.4,23.9,24.9,26.0,27.1,27.7,28.5,27.4,27.0,26.3,25.2,24.3,23.3,22.5,21.9,21.1,20.6,20.1,19.8,19.7,19.4,19.5,19.7,20.8,22.4,22.9,24.7,25.7,26.8,26.9,26.9,26.3,26.0,25.4,24.4,23.7,23.1,22.6,22.5,22.0,21.6,21.1,21.0,20.8,20.7,20.8,20.9,21.5,23.2,23.6,24.6,26.0,26.3,26.3,25.9,25.2,24.6,23.8,23.0,21.1,19.7,19.1,18.5,18.0,17.7,17.7,17.6,17.6,17.7,17.9,18.2,18.5,19.0,19.2,19.6,19.9,20.5,20.7,20.8,20.8,20.9,20.9,20.8,20.7,20.4,20.3,20.2
246,21.2,20.4,19.8,19.4,18.9,18.7,18.6,18.9,20.6,22.4,23.9,24.9,26.0,27.1,27.7,28.5,27.4,27.0,26.3,25.2,24.3,23.3,22.5,21.9,21.1,20.6,20.1,19.8,19.7,19.4,19.5,19.7,20.8,22.4,22.9,24.7,25.7,26.8,26.9,26.9,26.3,26.0,25.4,24.4,23.7,23.1,22.6,22.5,22.0,21.6,21.1,21.0,20.8,20.7,20.8,20.9,21.5,23.2,23.6,24.6,26.0,26.3,26.3,25.9,25.2,24.6,23.8,23.0,21.1,19.7,19.1,18.5,18.0,17.7,17.7,17.6,17.6,17.7,17.9,18.2,18.5,19.0,19.2,19.6,19.9,20.5,20.7,20.8,20.8,20.9,20.9,20.8,20.7,20.4,20.3,20.2,20.0,20.0,19.7,19.5,19.3,19.2,19.0,19.1,19.5,20.5,22.5,23.3,24.3,25.5,26.1,26.0,26.7,26.6,25.5,23.8,22.7,22.1,21.6,21.0
247,21.1,20.6,20.1,19.8,19.7,19.4,19.5,19.7,20.8,22.4,22.9,24.7,25.7,26.8,26.9,26.9,26.3,26.0,25.4,24.4,23.7,23.1,22.6,22.5,22.0,21.6,21.1,21.0,20.8,20.7,20.8,20.9,21.5,23.2,23.6,24.6,26.0,26.3,26.3,25.9,25.2,24.6,23.8,23.0,21.1,19.7,19.1,18.5,18.0,17.7,17.7,17.6,17.6,17.7,17.9,18.2,18.5,19.0,19.2,19.6,19.9,20.5,20.7,20.8,20.8,20.9,20.9,20.8,20.7,20.4,20.3,20.2,20.0,20.0,19.7,19.5,19.3,19.2,19.0,19.1,19.5,20.5,22.5,23.3,24.3,25.5,26.1,26.0,26.7,26.6,25.5,23.8,22.7,22.1,21.6,21.0,20.6,20.2,20.0,19.7,19.3,19.2,19.4,19.6,20.4,22.0,23.5,24.6,25.2,26.5,28.0,28.4,29.0,28.7,27.2,25.8,24.8,24.1,23.3,22.6
248,22.0,21.6,21.1,21.0,20.8,20.7,20.8,20.9,21.5,23.2,23.6,24.6,26.0,26.3,26.3,25.9,25.2,24.6,23.8,23.0,21.1,19.7,19.1,18.5,18.0,17.7,17.7,17.6,17.6,17.7,17.9,18.2,18.5,19.0,19.2,19.6,19.9,20.5,20.7,20.8,20.8,20.9,20.9,20.8,20.7,20.4,20.3,20.2,20.0,20.0,19.7,19.5,19.3,19.2,19.0,19.1,19.5,20.5,22.5,23.3,24.3,25.5,26.1,26.0,26.7,26.6,25.5,23.8,22.7,22.1,21.6,21.0,20.6,20.2,20.0,19.7,19.3,19.2,19.4,19.6,20.4,22.0,23.5,24.6,25.2,26.5,28.0,28.4,29.0,28.7,27.2,25.8,24.8,24.1,23.3,22.6,22.2,21.8,21.4,20.9,20.3,20.0,19.6,19.5,20.6,22.0,23.4,24.3,25.8,27.5,28.2,28.8,28.6,27.6,26.5,25.0,24.0,23.2,22.8,22.4
249,18.0,17.7,17.7,17.6,17.6,17.7,17.9,18.2,18.5,19.0,19.2,19.6,19.9,20.5,20.7,20.8,20.8,20.9,20.9,20.8,20.7,20.4,20.3,20.2,20.0,20.0,19.7,19.5,19.3,19.2,19.0,19.1,19.5,20.5,22.5,23.3,24.3,25.5,26.1,26.0,26.7,26.6,25.5,23.8,22.7,22.1,21.6,21.0,20.6,20.2,20.0,19.7,19.3,19.2,19.4,19.6,20.4,22.0,23.5,24.6,25.2,26.5,28.0,28.4,29.0,28.7,27.2,25.8,24.8,24.1,23.3,22.6,22.2,21.8,21.4,20.9,20.3,20.0,19.6,19.5,20.6,22.0,23.4,24.3,25.8,27.5,28.2,28.8,28.6,27.6,26.5,25.0,24.0,23.2,22.8,22.4,22.0,21.5,21.1,20.9,20.7,20.4,20.1,20.0,21.2,22.5,23.4,25.4,25.9,27.7,28.8,29.3,29.0,28.0,27.1,25.2,24.5,23.9,23.1,22.5
250,20.0,20.0,19.7,19.5,19.3,19.2,19.0,19.1,19.5,20.5,22.5,23.3,24.3,25.5,26.1,26.0,26.7,26.6,25.5,23.8,22.7,22.1,21.6,21.0,20.6,20.2,20.0,19.7,19.3,19.2,19.4,19.6,20.4,22.0,23.5,24.6,25.2,26.5,28.0,28.4,29.0,28.7,27.2,25.8,24.8,24.1,23.3,22.6,22.2,21.8,21.4,20.9,20.3,20.0,19.6,19.5,20.6,22.0,23.4,24.3,25.8,27.5,28.2,28.8,28.6,27.6,26.5,25.0,24.0,23.2,22.8,22.4,22.0,21.5,21.1,20.9,20.7,20.4,20.1,20.0,21.2,22.5,23.4,25.4,25.9,27.7,28.8,29.3,29.0,28.0,27.1,25.2,24.5,23.9,23.1,22.5,22.0,21.6,21.3,20.7,20.2,19.7,19.4,19.4,20.5,22.1,24.0,25.9,27.2,28.5,29.0,29.5,29.8,29.5,28.2,26.7,25.3,24.6,23.8,23.0
251,20.6,20.2,20.0,19.7,19.3,19.2,19.4,19.6,20.4,22.0,23.5,24.6,25.2,26.5,28.0,28.4,29.0,28.7,27.2,25.8,24.8,24.1,23.3,22.6,22.2,21.8,21.4,20.9,20.3,20.0,19.6,19.5,20.6,22.0,23.4,24.3,25.8,27.5,28.2,28.8,28.6,27.6,26.5,25.0,24.0,23.2,22.8,22.4,22.0,21.5,21.1,20.9,20.7,20.4,20.1,20.0,21.2,22.5,23.4,25.4,25.9,27.7,28.8,29.3,29.0,28.0,27.1,25.2,24.5,23.9,23.1,22.5,22.0,21.6,21.3,20.7,20.2,19.7,19.4,19.4,20.5,22.1,24.0,25.9,27.2,28.5,29.0,29.5,29.8,29.5,28.2,26.7,25.3,24.6,23.8,23.0,22.2,21.2,21.0,21.0,21.1,21.1,20.9,21.0,22.3,23.1,23.4,24.6,26.6,28.2,29.4,30.2,29.1,29.1,28.2,27.1,26.0,25.2,24.6,24.1
252,22.2,21.8,21.4,20.9,20.3,20.0,19.6,19.5,20.6,22.0,23.4,24.3,25.8,27.5,28.2,28.8,28.6,27.6,26.5,25.0,24.0,23.2,22.8,22.4,22.0,21.5,21.1,20.9,20.7,20.4,20.1,20.0,21.2,22.5,23.4,25.4,25.9,27.7,28.8,29.3,29.0,28.0,27.1,25.2,24.5,23.9,23.1,22.5,22.0,21.6,21.3,20.7,20.2,19.7,19.4,19.4,20.5,22.1,24.0,25.9,27.2,28.5,29.0,29.5,29.8,29.5,28.2,26.7,25.3,24.6,23.8,23.0,22.2,21.2,21.0,21.0,21.1,21.1,20.9,21.0,22.3,23.1,23.4,24.6,26.6,28.2,29.4,30.2,29.1,29.1,28.2,27.1,26.0,25.2,24.6,24.1,23.5,23.0,22.4,21.7,21.2,20.8,20.2,20.0,20.9,22.7,24.7,25.8,27.1,28.1,28.8,29.3,29.3,29.4,28.4,26.9,25.6,24.9,24.0,23.1
253,22.0,21.5,21.1,20.9,20.7,20.4,20.1,20.0,21.2,22.5,23.4,25.4,25.9,27.7,28.8,29.3,29.0,28.0,27.1,25.2,24.5,23.9,23.1,22.5,22.0,21.6,21.3,20.7,20.2,19.7,19.4,19.4,20.5,22.1,24.0,25.9,27.2,28.5,29.0,29.5,29.8,29.5,28.2,26.7,25.3,24.6,23.8,23.0,22.2,21.2,21.0,21.0,21.1,21.1,20.9,21.0,22.3,23.1,23.4,24.6,26.6,28.2,29.4,30.2,29.1,29.1,28.2,27.1,26.0,25.2,24.6,24.1,23.5,23.0,22.4,21.7,21.2,20.8,20.2,20.0,20.9,22.7,24.7,25.8,27.1,28.1,28.8,29.3,29.3,29.4,28.4,26.9,25.6,24.9,24.0,23.1,22.2,21.5,21.1,20.9,20.5,20.2,19.7,19.7,21.9,23.8,25.2,26.4,27.4,28.0,28.8,28.1,28.0,27.3,25.9,24.1,22.9,22.2,21.7,21.1
254,22.0,21.6,21.3,20.7,20.2,19.7,19.4,19.4,20.5,22.1,24.0,25.9,27.2,28.5,29.0,29.5,29.8,29.5,28.2,26.7,25.3,24.6,23.8,23.0,22.2,21.2,21.0,21.0,21.1,21.1,20.9,21.0,22.3,23.1,23.4,24.6,26.6,28.2,29.4,30.2,29.1,29.1,28.2,27.1,26.0,25.2,24.6,24.1,23.5,23.0,22.4,21.7,21.2,20.8,20.2,20.0,20.9,22.7,24.7,25.8,27.1,28.1,28.8,29.3,29.3,29.4,28.4,26.9,25.6,24.9,24.0,23.1,22.2,21.5,21.1,20.9,20.5,20.2,19.7,19.7,21.9,23.8,25.2,26.4,27.4,28.0,28.8,28.1,28.0,27.3,25.9,24.1,22.9,22.2,21.7,21.1,20.8,20.2,19.7,19.4,19.0,18.5,18.1,18.5,20.3,22.1,23.9,25.0,26.0,26.7,27.0,27.1,26.7,26.2,25.4,24.4,23.7,23.0,22.6,22.3
255,22.2,21.2,21.0,21.0,21.1,21.1,20.9,21.0,22.3,23.1,23.4,24.6,26.6,28.2,29.4,30.2,29.1,29.1,28.2,27.1,26.0,25.2,24.6,24.1,23.5,23.0,22.4,21.7,21.2,20.8,20.2,20.0,20.9,22.7,24.7,25.8,27.1,28.1,28.8,29.3,29.3,29.4,28.4,26.9,25.6,24.9,24.0,23.1,22.2,21.5,21.1,20.9,20.5,20.2,19.7,19.7,21.9,23.8,25.2,26.4,27.4,28.0,28.8,28.1,28.0,27.3,25.9,24.1,22.9,22.2,21.7,21.1,20.8,20.2,19.7,19.4,19.0,18.5,18.1,18.5,20.3,22.1,23.9,25.0,26.0,26.7,27.0,27.1,26.7,26.2,25.4,24.4,23.7,23.0,22.6,22.3,21.7,21.5,21.0,21.0,21.0,20.8,20.7,20.6,21.0,21.7,22.9,23.6,26.1,26.9,27.6,27.9,27.8,27.6,26.3,24.9,23.9,23.2,22.6,22.0
256,23.5,23.0,22.4,21.7,21.2,20.8,20.2,20.0,20.9,22.7,24.7,25.8,27.1,28.1,28.8,29.3,29.3,29.4,28.4,26.9,25.6,24.9,24.0,23.1,22.2,21.5,21.1,20.9,20.5,20.2,19.7,19.7,21.9,23.8,25.2,26.4,27.4,28.0,28.8,28.1,28.0,27.3,25.9,24.1,22.9,22.2,21.7,21.1,20.8,20.2,19.7,19.4,19.0,18.5,18.1,18.5,20.3,22.1,23.9,25.0,26.0,26.7,27.0,27.1,26.7,26.2,25.4,24.4,23.7,23.0,22.6,22.3,21.7,21.5,21.0,21.0,21.0,20.8,20.7,20.6,21.0,21.7,22.9,23.6,26.1,26.9,27.6,27.9,27.8,27.6,26.3,24.9,23.9,23.2,22.6,22.0,21.3,20.5,19.9,19.4,19.2,19.1,19.0,19.0,21.0,22.8,24.9,26.1,26.7,28.0,28.1,29.3,29.2,27.6,27.1,25.7,24.9,24.1,23.5,23.0
257,22.2,21.5,21.1,20.9,20.5,20.2,19.7,19.7,21.9,23.8,25.2,26.4,27.4,28.0,28.8,28.1,28.0,27.3,25.9,24.1,22.9,22.2,21.7,21.1,20.8,20.2,19.7,19.4,19.0,18.5,18.1,18.5,20.3,22.1,23.9,25.0,26.0,26.7,27.0,27.1,26.7,26.2,25.4,24.4,23.7,23.0,22.6,22.3,21.7,21.5,21.0,21.0,21.0,20.8,20.7,20.6,21.0,21.7,22.9,23.6,26.1,26.9,27.6,27.9,27.8,27.6,26.3,24.9,23.9,23.2,22.6,22.0,21.3,20.5,19.9,19.4,19.2,19.1,19.0,19.0,21.0,22.8,24.9,26.1,26.7,28.0,28.1,29.3,29.2,27.6,27.1,25.7,24.9,24.1,23.5,23.0,22.5,22.0,21.6,21.5,21.5,21.4,21.3,21.2,22.0,23.2,24.8,26.2,26.9,26.6,26.8,27.5,27.3,26.7,25.7,24.7,23.5,22.7,22.2,21.4
258,20.8,20.2,19.7,19.4,19.0,18.5,18.1,18.5,20.3,22.1,23.9,25.0,26.0,26.7,27.0,27.1,26.7,26.2,25.4,24.4,23.7,23.0,22.6,22.3,21.7,21.5,21.0,21.0,21.0,20.8,20.7,20.6,21.0,21.7,22.9,23.6,26.1,26.9,27.6,27.9,27.8,27.6,26.3,24.9,23.9,23.2,22.6,22.0,21.3,20.5,19.9,19.4,19.2,19.1,19.0,19.0,21.0,22.8,24.9,26.1,26.7,28.0,28.1,29.3,29.2,27.6,27.1,25.7,24.9,24.1,23.5,23.0,22.5,22.0,21.6,21.5,21.5,21.4,21.3,21.2,22.0,23.2,24.8,26.2,26.9,26.6,26.8,27.5,27.3,26.7,25.7,24.7,23.5,22.7,22.2,21.4,20.8,20.3,20.1,19.9,19.5,19.2,19.1,19.2,20.9,23.1,24.4,24.8,26.0,26.8,27.5,28.0,27.5,27.2,25.8,25.1,24.9,24.5,24.2,23.8
259,21.7,21.5,21.0,21.0,21.0,20.8,20.7,20.6,21.0,21.7,22.9,23.6,26.1,26.9,27.6,27.9,27.8,27.6,26.3,24.9,23.9,23.2,22.6,22.0,21.3,20.5,19.9,19.4,19.2,19.1,19.0,19.0,21.0,22.8,24.9,26.1,26.7,28.0,28.1,29.3,29.2,27.6,27.1,25.7,24.9,24.1,23.5,23.0,22.5,22.0,21.6,21.5,21.5,21.4,21.3,21.2,22.0,23.2,24.8,26.2,26.9,26.6,26.8,27.5,27.3,26.7,25.7,24.7,23.5,22.7,22.2,21.4,20.8,20.3,20.1,19.9,19.5,19.2,19.1,19.2,20.9,23.1,24.4,24.8,26.0,26.8,27.5,28.0,27.5,27.2,25.8,25.1,24.9,24.5,24.2,23.8,23.5,21.9,20.9,20.8,20.6,20.7,20.7,20.8,21.1,21.2,21.2,21.4,22.9,24.2,25.2,26.1,25.5,25.4,24.3,23.3,23.1,22.8,21.3,19.5
260,21.3,20.5,19.9,19.4,19.2,19.1,19.0,19.0,21.0,22.8,24.9,26.1,26.7,28.0,28.1,29.3,29.2,27.6,27.1,25.7,24.9,24.1,23.5,23.0,22.5,22.0,21.6,21.5,21.5,21.4,21.3,21.2,22.0,23.2,24.8,26.2,26.9,26.6,26.8,27.5,27.3,26.7,25.7,24.7,23.5,22.7,22.2,21.4,20.8,20.3,20.1,19.9,19.5,19.2,19.1,19.2,20.9,23.1,24.4,24.8,26.0,26.8,27.5,28.0,27.5,27.2,25.8,25.1,24.9,24.5,24.2,23.8,23.5,21.9,20.9,20.8,20.6,20.7,20.7,20.8,21.1,21.2,21.2,21.4,22.9,24.2,25.2,26.1,25.5,25.4,24.3,23.3,23.1,22.8,21.3,19.5,17.4,17.6,17.4,17.1,17.0,16.8,17.0,17.5,18.1,19.7,21.2,22.5,23.1,22.9,23.8,23.7,24.1,23.8,22.4,21.3,20.7,20.5,19.7,18.8
261,22.5,22.0,21.6,21.5,21.5,21.4,21.3,21.2,22.0,23.2,24.8,26.2,26.9,26.6,26.8,27.5,27.3,26.7,25.7,24.7,23.5,22.7,22.2,21.4,20.8,20.3,20.1,19.9,19.5,19.2,19.1,19.2,20.9,23.1,24.4,24.8,26.0,26.8,27.5,28.0,27.5,27.2,25.8,25.1,24.9,24.5,24.2,23.8,23.5,21.9,20.9,20.8,20.6,20.7,20.7,20.8,21.1,21.2,21.2,21.4,22.9,24.2,25.2,26.1,25.5,25.4,24.3,23.3,23.1,22.8,21.3,19.5,17.4,17.6,17.4,17.1,17.0,16.8,17.0,17.5,18.1,19.7,21.2,22.5,23.1,22.9,23.8,23.7,24.1,23.8,22.4,21.3,20.7,20.5,19.7,18.8,18.1,17.5,17.2,16.9,17.2,17.4,18.3,17.9,18.4,19.9,21.2,22.2,22.9,23.6,24.2,24.8,25.6,24.5,23.8,22.7,22.0,21.1,20.4,19.8
262,20.8,20.3,20.1,19.9,19.5,19.2,19.1,19.2,20.9,23.1,24.4,24.8,26.0,26.8,27.5,28.0,27.5,27.2,25.8,25.1,24.9,24.5,24.2,23.8,23.5,21.9,20.9,20.8,20.6,20.7,20.7,20.8,21.1,21.2,21.2,21.4,22.9,24.2,25.2,26.1,25.5,25.4,24.3,23.3,23.1,22.8,21.3,19.5,17.4,17.6,17.4,17.1,17.0,16.8,17.0,17.5,18.1,19.7,21.2,22.5,23.1,22.9,23.8,23.7,24.1,23.8,22.4,21.3,20.7,20.5,19.7,18.8,18.1,17.5,17.2,16.9,17.2,17.4,18.3,17.9,18.4,19.9,21.2,22.2,22.9,23.6,24.2,24.8,25.6,24.5,23.8,22.7,22.0,21.1,20.4,19.8,19.2,18.6,17.9,17.4,17.1,17.1,16.8,17.1,18.6,20.7,22.5,24.1,25.0,25.6,26.8,26.5,26.2,26.0,25.4,24.2,23.3,22.4,21.6,20.9
263,23.5,21.9,20.9,20.8,20.6,20.7,20.7,20.8,21.1,21.2,21.2,21.4,22.9,24.2,25.2,26.1,25.5,25.4,24.3,23.3,23.1,22.8,21.3,19.5,17.4,17.6,17.4,17.1,17.0,16.8,17.0,17.5,18.1,19.7,21.2,22.5,23.1,22.9,23.8,23.7,24.1,23.8,22.4,21.3,20.7,20.5,19.7,18.8,18.1,17.5,17.2,16.9,17.2,17.4,18.3,17.9,18.4,19.9,21.2,22.2,22.9,23.6,24.2,24.8,25.6,24.5,23.8,22.7,22.0,21.1,20.4,19.8,19.2,18.6,17.9,17.4,17.1,17.1,16.8,17.1,18.6,20.7,22.5,24.1,25.0,25.6,26.8,26.5,26.2,26.0,25.4,24.2,23.3,22.4,21.6,20.9,20.4,20.1,19.6,19.1,18.8,18.7,18.9,18.9,19.4,20.6,21.4,22.1,22.7,22.6,22.8,23.0,23.0,23.0,22.8,22.0,21.7,21.5,21.3,21.1
264,17.4,17.6,17.4,17.1,17.0,16.8,17.0,17.5,18.1,19.7,21.2,22.5,23.1,22.9,23.8,23.7,24.1,23.8,22.4,21.3,20.7,20.5,19.7,18.8,18.1,17.5,17.2,16.9,17.2,17.4,18.3,17.9,18.4,19.9,21.2,22.2,22.9,23.6,24.2,24.8,25.6,24.5,23.8,22.7,22.0,21.1,20.4,19.8,19.2,18.6,17.9,17.4,17.1,17.1,16.8,17.1,18.6,20.7,22.5,24.1,25.0,25.6,26.8,26.5,26.2,26.0,25.4,24.2,23.3,22.4,21.6,20.9,20.4,20.1,19.6,19.1,18.8,18.7,18.9,18.9,19.4,20.6,21.4,22.1,22.7,22.6,22.8,23.0,23.0,23.0,22.8,22.0,21.7,21.5,21.3,21.1,20.9,20.6,20.2,20.1,19.8,19.3,18.9,18.5,19.4,21.2,22.9,24.0,24.7,26.0,26.5,26.6,27.2,26.1,24.9,24.1,23.6,23.1,22.4,21.4
265,18.1,17.5,17.2,16.9,17.2,17.4,18.3,17.9,18.4,19.9,21.2,22.2,22.9,23.6,24.2,24.8,25.6,24.5,23.8,22.7,22.0,21.1,20.4,19.8,19.2,18.6,17.9,17.4,17.1,17.1,16.8,17.1,18.6,20.7,22.5,24.1,25.0,25.6,26.8,26.5,26.2,26.0,25.4,24.2,23.3,22.4,21.6,20.9,20.4,20.1,19.6,19.1,18.8,18.7,18.9,18.9,19.4,20.6,21.4,22.1,22.7,22.6,22.8,23.0,23.0,23.0,22.8,22.0,21.7,21.5,21.3,21.1,20.9,20.6,20.2,20.1,19.8,19.3,18.9,18.5,19.4,21.2,22.9,24.0,24.7,26.0,26.5,26.6,27.2,26.1,24.9,24.1,23.6,23.1,22.4,21.4,20.9,20.4,20.0,19.4,19.0,18.9,18.7,18.8,19.3,20.4,21.3,22.9,24.6,24.2,24.6,24.1,23.6,23.2,22.8,22.4,22.0,21.7,21.4,21.2
266,19.2,18.6,17.9,17.4,17.1,17.1,16.8,17.1,18.6,20.7,22.5,24.1,25.0,25.6,26.8,26.5,26.2,26.0,25.4,24.2,23.3,22.4,21.6,20.9,20.4,20.1,19.6,19.1,18.8,18.7,18.9,18.9,19.4,20.6,21.4,22.1,22.7,22.6,22.8,23.0,23.0,23.0,22.8,22.0,21.7,21.5,21.3,21.1,20.9,20.6,20.2,20.1,19.8,19.3,18.9,18.5,19.4,21.2,22.9,24.0,24.7,26.0,26.5,26.6,27.2,26.1,24.9,24.1,23.6,23.1,22.4,21.4,20.9,20.4,20.0,19.4,19.0,18.9,18.7,18.8,19.3,20.4,21.3,22.9,24.6,24.2,24.6,24.1,23.6,23.2,22.8,22.4,22.0,21.7,21.4,21.2,20.8,20.6,20.3,19.9,19.7,19.6,19.6,19.6,19.9,20.6,20.8,22.9,24.0,24.3,23.8,24.0,23.7,23.4,22.9,21.8,21.5,20.8,20.4,20.1
267,20.4,20.1,19.6,19.1,18.8,18.7,18.9,18.9,19.4,20.6,21.4,22.1,22.7,22.6,22.8,23.0,23.0,23.0,22.8,22.0,21.7,21.5,21.3,21.1,20.9,20.6,20.2,20.1,19.8,19.3,18.9,18.5,19.4,21.2,22.9,24.0,24.7,26.0,26.5,26.6,27.2,26.1,24.9,24.1,23.6,23.1,22.4,21.4,20.9,20.4,20.0,19.4,19.0,18.9,18.7,18.8,19.3,20.4,21.3,22.9,24.6,24.2,24.6,24.1,23.6,23.2,22.8,22.4,22.0,21.7,21.4,21.2,20.8,20.6,20.3,19.9,19.7,19.6,19.6,19.6,19.9,20.6,20.8,22.9,24.0,24.3,23.8,24.0,23.7,23.4,22.9,21.8,21.5,20.8,20.4,20.1,20.1,20.2,20.3,20.4,20.5,20.5,20.4,20.5,20.9,21.1,20.9,21.1,21.2,20.5,20.6,20.8,20.9,20.5,20.2,19.8,19.6,19.3,18.8,18.3
268,20.9,20.6,20.2,20.1,19.8,19.3,18.9,18.5,19.4,21.2,22.9,24.0,24.7,26.0,26.5,26.6,27.2,26.1,24.9,24.1,23.6,23.1,22.4,21.4,20.9,20.4,20.0,19.4,19.0,18.9,18.7,18.8,19.3,20.4,21.3,22.9,24.6,24.2,24.6,24.1,23.6,23.2,22.8,22.4,22.0,21.7,21.4,21.2,20.8,20.6,20.3,19.9,19.7,19.6,19.6,19.6,19.9,20.6,20.8,22.9,24.0,24.3,23.8,24.0,23.7,23.4,22.9,21.8,21.5,20.8,20.4,20.1,20.1,20.2,20.3,20.4,20.5,20.5,20.4,20.5,20.9,21.1,20.9,21.1,21.2,20.5,20.6,20.8,20.9,20.5,20.2,19.8,19.6,19.3,18.8,18.3,17.8,17.5,17.2,17.0,16.8,16.4,16.1,16.4,16.9,17.4,18.3,20.3,22.1,24.0,25.4,25.8,25.7,25.6,24.2,22.7,21.7,20.9,20.4,19.7
269,20.9,20.4,20.0,19.4,19.0,18.9,18.7,18.8,19.3,20.4,21.3,22.9,24.6,24.2,24.6,24.1,23.6,23.2,22.8,22.4,22.0,21.7,21.4,21.2,20.8,20.6,20.3,19.9,19.7,19.6,19.6,19.6,19.9,20.6,20.8,22.9,24.0,24.3,23.8,24.0,23.7,23.4,22.9,21.8,21.5,20.8,20.4,20.1,20.1,20.2,20.3,20.4,20.5,20.5,20.4,20.5,20.9,21.1,20.9,21.1,21.2,20.5,20.6,20.8,20.9,20.5,20.2,19.8,19.6,19.3,18.8,18.3,17.8,17.5,17.2,17.0,16.8,16.4,16.1,16.4,16.9,17.4,18.3,20.3,22.1,24.0,25.4,25.8,25.7,25.6,24.2,22.7,21.7,20.9,20.4,19.7,19.2,18.7,18.3,17.7,17.4,17.2,17.0,17.0,17.5,19.8,21.4,23.0,24.6,26.0,27.2,27.2,26.9,25.7,23.9,22.5,21.8,21.5,21.4,17.2
270,20.8,20.6,20.3,19.9,19.7,19.6,19.6,19.6,19.9,20.6,20.8,22.9,24.0,24.3,23.8,24.0,23.7,23.4,22.9,21.8,21.5,20.8,20.4,20.1,20.1,20.2,20.3,20.4,20.5,20.5,20.4,20.5,20.9,21.1,20.9,21.1,21.2,20.5,20.6,20.8,20.9,20.5,20.2,19.8,19.6,19.3,18.8,18.3,17.8,17.5,17.2,17.0,16.8,16.4,16.1,16.4,16.9,17.4,18.3,20.3,22.1,24.0,25.4,25.8,25.7,25.6,24.2,22.7,21.7,20.9,20.4,19.7,19.2,18.7,18.3,17.7,17.4,17.2,17.0,17.0,17.5,19.8,21.4,23.0,24.6,26.0,27.2,27.2,26.9,25.7,23.9,22.5,21.8,21.5,21.4,17.2,17.0,16.6,16.8,16.6,16.7,16.5,16.6,16.9,17.5,18.8,20.9,21.7,23.5,24.2,25.7,26.2,26.1,25.2,23.7,22.5,21.1,20.8,20.3,19.9
271,20.1,20.2,20.3,20.4,20.5,20.5,20.4,20.5,20.9,21.1,20.9,21.1,21.2,20.5,20.6,20.8,20.9,20.5,20.2,19.8,19.6,19.3,18.8,18.3,17.8,17.5,17.2,17.0,16.8,16.4,16.1,16.4,16.9,17.4,18.3,20.3,22.1,24.0,25.4,25.8,25.7,25.6,24.2,22.7,21.7,20.9,20.4,19.7,19.2,18.7,18.3,17.7,17.4,17.2,17.0,17.0,17.5,19.8,21.4,23.0,24.6,26.0,27.2,27.2,26.9,25.7,23.9,22.5,21.8,21.5,21.4,17.2,17.0,16.6,16.8,16.6,16.7,16.5,16.6,16.9,17.5,18.8,20.9,21.7,23.5,24.2,25.7,26.2,26.1,25.2,23.7,22.5,21.1,20.8,20.3,19.9,19.5,19.1,18.7,18.1,17.7,17.4,17.1,17.2,18.0,19.9,21.8,23.8,26.0,27.5,28.6,28.7,27.9,26.8,25.8,24.7,23.6,22.4,21.6,20.7
272,17.8,17.5,17.2,17.0,16.8,16.4,16.1,16.4,16.9,17.4,18.3,20.3,22.1,24.0,25.4,25.8,25.7,25.6,24.2,22.7,21.7,20.9,20.4,19.7,19.2,18.7,18.3,17.7,17.4,17.2,17.0,17.0,17.5,19.8,21.4,23.0,24.6,26.0,27.2,27.2,26.9,25.7,23.9,22.5,21.8,21.5,21.4,17.2,17.0,16.6,16.8,16.6,16.7,16.5,16.6,16.9,17.5,18.8,20.9,21.7,23.5,24.2,25.7,26.2,26.1,25.2,23.7,22.5,21.1,20.8,20.3,19.9,19.5,19.1,18.7,18.1,17.7,17.4,17.1,17.2,18.0,19.9,21.8,23.8,26.0,27.5,28.6,28.7,27.9,26.8,25.8,24.7,23.6,22.4,21.6,20.7,20.2,19.5,19.3,19.4,19.6,19.9,20.2,20.3,20.7,21.3,22.1,23.4,24.3,24.5,25.4,25.5,25.4,25.3,24.1,24.0,23.9,24.0,24.1,24.1
273,19.2,18.7,18.3,17.7,17.4,17.2,17.0,17.0,17.5,19.8,21.4,23.0,24.6,26.0,27.2,27.2,26.9,25.7,23.9,22.5,21.8,21.5,21.4,17.2,17.0,16.6,16.8,16.6,16.7,16.5,16.6,16.9,17.5,18.8,20.9,21.7,23.5,24.2,25.7,26.2,26.1,25.2,23.7,22.5,21.1,20.8,20.3,19.9,19.5,19.1,18.7,18.1,17.7,17.4,17.1,17.2,18.0,19.9,21.8,23.8,26.0,27.5,28.6,28.7,27.9,26.8,25.8,24.7,23.6,22.4,21.6,20.7,20.2,19.5,19.3,19.4,19.6,19.9,20.2,20.3,20.7,21.3,22.1,23.4,24.3,24.5,25.4,25.5,25.4,25.3,24.1,24.0,23.9,24.0,24.1,24.1,24.1,23.9,23.7,23.5,23.3,23.2,23.2,22.9,23.3,23.6,24.0,24.4,25.4,25.7,26.4,25.5,25.4,24.8,23.5,23.2,22.7,22.5,22.1,22.1
274,17.0,16.6,16.8,16.6,16.7,16.5,16.6,16.9,17.5,18.8,20.9,21.7,23.5,24.2,25.7,26.2,26.1,25.2,23.7,22.5,21.1,20.8,20.3,19.9,19.5,19.1,18.7,18.1,17.7,17.4,17.1,17.2,18.0,19.9,21.8,23.8,26.0,27.5,28.6,28.7,27.9,26.8,25.8,24.7,23.6,22.4,21.6,20.7,20.2,19.5,19.3,19.4,19.6,19.9,20.2,20.3,20.7,21.3,22.1,23.4,24.3,24.5,25.4,25.5,25.4,25.3,24.1,24.0,23.9,24.0,24.1,24.1,24.1,23.9,23.7,23.5,23.3,23.2,23.2,22.9,23.3,23.6,24.0,24.4,25.4,25.7,26.4,25.5,25.4,24.8,23.5,23.2,22.7,22.5,22.1,22.1,21.7,21.5,21.2,20.3,19.3,18.9,18.5,18.2,18.1,18.0,18.0,18.0,18.2,18.4,18.4,18.6,19.3,19.9,19.2,18.6,18.4,18.7,18.7,18.7
275,19.5,19.1,18.7,18.1,17.7,17.4,17.1,17.2,18.0,19.9,21.8,23.8,26.0,27.5,28.6,28.7,27.9,26.8,25.8,24.7,23.6,22.4,21.6,20.7,20.2,19.5,19.3,19.4,19.6,19.9,20.2,20.3,20.7,21.3,22.1,23.4,24.3,24.5,25.4,25.5,25.4,25.3,24.1,24.0,23.9,24.0,24.1,24.1,24.1,23.9,23.7,23.5,23.3,23.2,23.2,22.9,23.3,23.6,24.0,24.4,25.4,25.7,26.4,25.5,25.4,24.8,23.5,23.2,22.7,22.5,22.1,22.1,21.7,21.5,21.2,20.3,19.3,18.9,18.5,18.2,18.1,18.0,18.0,18.0,18.2,18.4,18.4,18.6,19.3,19.9,19.2,18.6,18.4,18.7,18.7,18.7,18.8,18.8,18.8,18.8,18.9,18.8,18.4,18.4,18.6,19.0,19.7,20.0,20.6,21.3,21.8,21.4,21.1,20.9,20.1,19.5,19.2,19.0,18.6,18.2
276,20.2,19.5,19.3,19.4,19.6,19.9,20.2,20.3,20.7,21.3,22.1,23.4,24.3,24.5,25.4,25.5,25.4,25.3,24.1,24.0,23.9,24.0,24.1,24.1,24.1,23.9,23.7,23.5,23.3,23.2,23.2,22.9,23.3,23.6,24.0,24.4,25.4,25.7,26.4,25.5,25.4,24.8,23.5,23.2,22.7,22.5,22.1,22.1,21.7,21.5,21.2,20.3,19.3,18.9,18.5,18.2,18.1,18.0,18.0,18.0,18.2,18.4,18.4,18.6,19.3,19.9,19.2,18.6,18.4,18.7,18.7,18.7,18.8,18.8,18.8,18.8,18.9,18.8,18.4,18.4,18.6,19.0,19.7,20.0,20.6,21.3,21.8,21.4,21.1,20.9,20.1,19.5,19.2,19.0,18.6,18.2,17.9,17.7,17.7,17.7,17.6,17.5,17.5,17.5,17.9,18.6,19.2,19.3,19.6,19.8,20.0,19.8,19.7,19.6,19.3,19.1,18.8,18.7,18.7,18.8
277,24.1,23.9,23.7,23.5,23.3,23.2,23.2,22.9,23.3,23.6,24.0,24.4,25.4,25.7,26.4,25.5,25.4,24.8,23.5,23.2,22.7,22.5,22.1,22.1,21.7,21.5,21.2,20.3,19.3,18.9,18.5,18.2,18.1,18.0,18.0,18.0,18.2,18.4,18.4,18.6,19.3,19.9,19.2,18.6,18.4,18.7,18.7,18.7,18.8,18.8,18.8,18.8,18.9,18.8,18.4,18.4,18.6,19.0,19.7,20.0,20.6,21.3,21.8,21.4,21.1,20.9,20.1,19.5,19.2,19.0,18.6,18.2,17.9,17.7,17.7,17.7,17.6,17.5,17.5,17.5,17.9,18.6,19.2,19.3,19.6,19.8,20.0,19.8,19.7,19.6,19.3,19.1,18.8,18.7,18.7,18.8,18.9,19.0,18.9,18.8,18.6,18.6,18.8,18.8,18.8,19.2,20.7,21.3,22.1,22.3,22.9,23.1,23.4,24.0,23.1,22.2,21.7,21.3,21.1,20.8
278,21.7,21.5,21.2,20.3,19.3,18.9,18.5,18.2,18.1,18.0,18.0,18.0,18.2,18.4,18.4,18.6,19.3,19.9,19.2,18.6,18.4,18.7,18.7,18.7,18.8,18.8,18.8,18.8,18.9,18.8,18.4,18.4,18.6,19.0,19.7,20.0,20.6,21.3,21.8,21.4,21.1,20.9,20.1,19.5,19.2,19.0,18.6,18.2,17.9,17.7,17.7,17.7,17.6,17.5,17.5,17.5,17.9,18.6,19.2,19.3,19.6,19.8,20.0,19.8,19.7,19.6,19.3,19.1,18.8,18.7,18.7,18.8,18.9,19.0,18.9,18.8,18.6,18.6,18.8,18.8,18.8,19.2,20.7,21.3,22.1,22.3,22.9,23.1,23.4,24.0,23.1,22.2,21.7,21.3,21.1,20.8,20.4,20.3,20.4,20.5,20.6,20.6,20.7,20.8,21.5,22.5,23.6,23.7,24.1,21.9,21.2,20.5,20.2,19.7,19.1,18.2,17.6,16.6,15.6,15.1
279,18.8,18.8,18.8,18.8,18.9,18.8,18.4,18.4,18.6,19.0,19.7,20.0,20.6,21.3,21.8,21.4,21.1,20.9,20.1,19.5,19.2,19.0,18.6,18.2,17.9,17.7,17.7,17.7,17.6,17.5,17.5,17.5,17.9,18.6,19.2,19.3,19.6,19.8,20.0,19.8,19.7,19.6,19.3,19.1,18.8,18.7,18.7,18.8,18.9,19.0,18.9,18.8,18.6,18.6,18.8,18.8,18.8,19.2,20.7,21.3,22.1,22.3,22.9,23.1,23.4,24.0,23.1,22.2,21.7,21.3,21.1,20.8,20.4,20.3,20.4,20.5,20.6,20.6,20.7,20.8,21.5,22.5,23.6,23.7,24.1,21.9,21.2,20.5,20.2,19.7,19.1,18.2,17.6,16.6,15.6,15.1,14.9,14.1,13.5,13.4,13.1,12.9,12.8,12.6,12.8,13.5,15.0,15.3,16.2,16.5,16.6,17.0,17.5,17.2,16.7,16.1,15.6,16.1,16.2,16.3
280,17.9,17.7,17.7,17.7,17.6,17.5,17.5,17.5,17.9,18.6,19.2,19.3,19.6,19.8,20.0,19.8,19.7,19.6,19.3,19.1,18.8,18.7,18.7,18.8,18.9,19.0,18.9,18.8,18.6,18.6,18.8,18.8,18.8,19.2,20.7,21.3,22.1,22.3,22.9,23.1,23.4,24.0,23.1,22.2,21.7,21.3,21.1,20.8,20.4,20.3,20.4,20.5,20.6,20.6,20.7,20.8,21.5,22.5,23.6,23.7,24.1,21.9,21.2,20.5,20.2,19.7,19.1,18.2,17.6,16.6,15.6,15.1,14.9,14.1,13.5,13.4,13.1,12.9,12.8,12.6,12.8,13.5,15.0,15.3,16.2,16.5,16.6,17.0,17.5,17.2,16.7,16.1,15.6,16.1,16.2,16.3,16.2,16.1,15.8,15.9,15.9,16.0,16.0,16.0,16.4,17.4,19.7,19.7,19.4,19.7,20.7,20.7,21.3,20.0,19.3,18.5,18.0,17.6,17.2,16.9
281,18.9,19.0,18.9,18.8,18.6,18.6,18.8,18.8,18.8,19.2,20.7,21.3,22.1,22.3,22.9,23.1,23.4,24.0,23.1,22.2,21.7,21.3,21.1,20.8,20.4,20.3,20.4,20.5,20.6,20.6,20.7,20.8,21.5,22.5,23.6,23.7,24.1,21.9,21.2,20.5,20.2,19.7,19.1,18.2,17.6,16.6,15.6,15.1,14.9,14.1,13.5,13.4,13.1,12.9,12.8,12.6,12.8,13.5,15.0,15.3,16.2,16.5,16.6,17.0,17.5,17.2,16.7,16.1,15.6,16.1,16.2,16.3,16.2,16.1,15.8,15.9,15.9,16.0,16.0,16.0,16.4,17.4,19.7,19.7,19.4,19.7,20.7,20.7,21.3,20.0,19.3,18.5,18.0,17.6,17.2,16.9,16.7,16.2,15.9,15.5,15.1,15.0,15.1,14.9,15.5,18.0,19.6,21.5,22.1,23.3,24.0,24.2,25.0,24.0,22.4,21.4,20.7,20.5,20.3,19.8
282,20.4,20.3,20.4,20.5,20.6,20.6,20.7,20.8,21.5,22.5,23.6,23.7,24.1,21.9,21.2,20.5,20.2,19.7,19.1,18.2,17.6,16.6,15.6,15.1,14.9,14.1,13.5,13.4,13.1,12.9,12.8,12.6,12.8,13.5,15.0,15.3,16.2,16.5,16.6,17.0,17.5,17.2,16.7,16.1,15.6,16.1,16.2,16.3,16.2,16.1,15.8,15.9,15.9,16.0,16.0,16.0,16.4,17.4,19.7,19.7,19.4,19.7,20.7,20.7,21.3,20.0,19.3,18.5,18.0,17.6,17.2,16.9,16.7,16.2,15.9,15.5,15.1,15.0,15.1,14.9,15.5,18.0,19.6,21.5,22.1,23.3,24.0,24.2,25.0,24.0,22.4,21.4,20.7,20.5,20.3,19.8,19.3,18.3,18.1,18.0,18.0,17.9,17.7,17.4,17.8,18.5,20.0,21.0,21.7,22.5,23.4,23.8,23.6,22.5,20.6,19.8,19.1,18.9,18.6,18.7
283,14.9,14.1,13.5,13.4,13.1,12.9,12.8,12.6,12.8,13.5,15.0,15.3,16.2,16.5,16.6,17.0,17.5,17.2,16.7,16.1,15.6,16.1,16.2,16.3,16.2,16.1,15.8,15.9,15.9,16.0,16.0,16.0,16.4,17.4,19.7,19.7,19.4,19.7,20.7,20.7,21.3,20.0,19.3,18.5,18.0,17.6,17.2,16.9,16.7,16.2,15.9,15.5,15.1,15.0,15.1,14.9,15.5,18.0,19.6,21.5,22.1,23.3,24.0,24.2,25.0,24.0,22.4,21.4,20.7,20.5,20.3,19.8,19.3,18.3,18.1,18.0,18.0,17.9,17.7,17.4,17.8,18.5,20.0,21.0,21.7,22.5,23.4,23.8,23.6,22.5,20.6,19.8,19.1,18.9,18.6,18.7,18.5,18.5,18.3,18.1,17.6,17.3,17.1,17.0,17.2,17.7,18.3,18.8,19.6,20.9,21.4,21.2,20.9,20.6,20.2,20.0,19.9,19.8,19.3,18.8
284,16.2,16.1,15.8,15.9,15.9,16.0,16.0,16.0,16.4,17.4,19.7,19.7,19.4,19.7,20.7,20.7,21.3,20.0,19.3,18.5,18.0,17.6,17.2,16.9,16.7,16.2,15.9,15.5,15.1,15.0,15.1,14.9,15.5,18.0,19.6,21.5,22.1,23.3,24.0,24.2,25.0,24.0,22.4,21.4,20.7,20.5,20.3,19.8,19.3,18.3,18.1,18.0,18.0,17.9,17.7,17.4,17.8,18.5,20.0,21.0,21.7,22.5,23.4,23.8,23.6,22.5,20.6,19.8,19.1,18.9,18.6,18.7,18.5,18.5,18.3,18.1,17.6,17.3,17.1,17.0,17.2,17.7,18.3,18.8,19.6,20.9,21.4,21.2,20.9,20.6,20.2,20.0,19.9,19.8,19.3,18.8,18.1,17.5,17.0,16.4,15.7,15.3,14.6,13.4,13.1,13.8,12.8,12.8,12.6,11.6,11.0,10.2,9.3,8.7,7.9,7.0,6.3,5.5,5.0,4.4
285,16.7,16.2,15.9,15.5,15.1,15.0,15.1,14.9,15.5,18.0,19.6,21.5,22.1,23.3,24.0,24.2,25.0,24.0,22.4,21.4,20.7,20.5,20.3,19.8,19.3,18.3,18.1,18.0,18.0,17.9,17.7,17.4,17.8,18.5,20.0,21.0,21.7,22.5,23.4,23.8,23.6,22.5,20.6,19.8,19.1,18.9,18.6,18.7,18.5,18.5,18.3,18.1,17.6,17.3,17.1,17.0,17.2,17.7,18.3,18.8,19.6,20.9,21.4,21.2,20.9,20.6,20.2,20.0,19.9,19.8,19.3,18.8,18.1,17.5,17.0,16.4,15.7,15.3,14.6,13.4,13.1,13.8,12.8,12.8,12.6,11.6,11.0,10.2,9.3,8.7,7.9,7.0,6.3,5.5,5.0,4.4,4.2,3.6,3.2,2.5,2.4,2.1,1.6,1.3,1.6,2.9,5.0,6.1,7.9,9.1,9.8,10.6,10.5,10.3,8.5,7.6,6.8,5.8,5.5,5.0
286,19.3,18.3,18.1,18.0,18.0,17.9,17.7,17.4,17.8,18.5,20.0,21.0,21.7,22.5,23.4,23.8,23.6,22.5,20.6,19.8,19.1,18.9,18.6,18.7,18.5,18.5,18.3,18.1,17.6,17.3,17.1,17.0,17.2,17.7,18.3,18.8,19.6,20.9,21.4,21.2,20.9,20.6,20.2,20.0,19.9,19.8,19.3,18.8,18.1,17.5,17.0,16.4,15.7,15.3,14.6,13.4,13.1,13.8,12.8,12.8,12.6,11.6,11.0,10.2,9.3,8.7,7.9,7.0,6.3,5.5,5.0,4.4,4.2,3.6,3.2,2.5,2.4,2.1,1.6,1.3,1.6,2.9,5.0,6.1,7.9,9.1,9.8,10.6,10.5,10.3,8.5,7.6,6.8,5.8,5.5,5.0,4.8,4.2,3.5,3.2,3.1,2.9,3.2,3.0,4.3,6.8,8.0,11.0,12.7,15.5,15.7,15.2,14.4,14.3,14.0,13.8,12.3,11.5,10.7,10.4
287,18.5,18.5,18.3,18.1,17.6,17.3,17.1,17.0,17.2,17.7,18.3,18.8,19.6,20.9,21.4,21.2,20.9,20.6,20.2,20.0,19.9,19.8,19.3,18.8,18.1,17.5,17.0,16.4,15.7,15.3,14.6,13.4,13.1,13.8,12.8,12.8,12.6,11.6,11.0,10.2,9.3,8.7,7.9,7.0,6.3,5.5,5.0,4.4,4.2,3.6,3.2,2.5,2.4,2.1,1.6,1.3,1.6,2.9,5.0,6.1,7.9,9.1,9.8,10.6,10.5,10.3,8.5,7.6,6.8,5.8,5.5,5.0,4.8,4.2,3.5,3.2,3.1,2.9,3.2,3.0,4.3,6.8,8.0,11.0,12.7,15.5,15.7,15.2,14.4,14.3,14.0,13.8,12.3,11.5,10.7,10.4,10.4,10.4,10.5,10.6,10.4,10.5,10.5,10.3,10.7,11.4,11.7,12.1,13.4,14.5,14.4,14.1,14.0,12.8,11.3,10.4,9.5,8.9,8.6,7.7
288,18.1,17.5,17.0,16.4,15.7,15.3,14.6,13.4,13.1,13.8,12.8,12.8,12.6,11.6,11.0,10.2,9.3,8.7,7.9,7.0,6.3,5.5,5.0,4.4,4.2,3.6,3.2,2.5,2.4,2.1,1.6,1.3,1.6,2.9,5.0,6.1,7.9,9.1,9.8,10.6,10.5,10.3,8.5,7.6,6.8,5.8,5.5,5.0,4.8,4.2,3.5,3.2,3.1,2.9,3.2,3.0,4.3,6.8,8.0,11.0,12.7,15.5,15.7,15.2,14.4,14.3,14.0,13.8,12.3,11.5,10.7,10.4,10.4,10.4,10.5,10.6,10.4,10.5,10.5,10.3,10.7,11.4,11.7,12.1,13.4,14.5,14.4,14.1,14.0,12.8,11.3,10.4,9.5,8.9,8.6,7.7,7.1,6.6,6.2,5.8,5.4,5.1,4.8,4.8,5.2,8.0,10.1,12.1,13.6,15.0,15.2,15.5,15.0,14.0,12.3,10.9,10.1,9.2,8.4,7.8
289,4.2,3.6,3.2,2.5,2.4,2.1,1.6,1.3,1.6,2.9,5.0,6.1,7.9,9.1,9.8,10.6,10.5,10.3,8.5,7.6,6.8,5.8,5.5,5.0,4.8,4.2,3.5,3.2,3.1,2.9,3.2,3.0,4.3,6.8,8.0,11.0,12.7,15.5,15.7,15.2,14.4,14.3,14.0,13.8,12.3,11.5,10.7,10.4,10.4,10.4,10.5,10.6,10.4,10.5,10.5,10.3,10.7,11.4,11.7,12.1,13.4,14.5,14.4,14.1,14.0,12.8,11.3,10.4,9.5,8.9,8.6,7.7,7.1,6.6,6.2,5.8,5.4,5.1,4.8,4.8,5.2,8.0,10.1,12.1,13.6,15.0,15.2,15.5,15.0,14.0,12.3,10.9,10.1,9.2,8.4,7.8,7.0,6.7,6.4,6.0,5.7,5.6,5.4,5.0,5.3,8.0,9.6,11.2,13.3,14.8,15.8,15.7,15.6,13.9,12.3,11.4,10.6,9.7,9.2,8.5
290,4.8,4.2,3.5,3.2,3.1,2.9,3.2,3.0,4.3,6.8,8.0,11.0,12.7,15.5,15.7,15.2,14.4,14.3,14.0,13.8,12.3,11.5,10.7,10.4,10.4,10.4,10.5,10.6,10.4,10.5,10.5,10.3,10.7,11.4,11.7,12.1,13.4,14.5,14.4,14.1,14.0,12.8,11.3,10.4,9.5,8.9,8.6,7.7,7.1,6.6,6.2,5.8,5.4,5.1,4.8,4.8,5.2,8.0,10.1,12.1,13.6,15.0,15.2,15.5,15.0,14.0,12.3,10.9,10.1,9.2,8.4,7.8,7.0,6.7,6.4,6.0,5.7,5.6,5.4,5.0,5.3,8.0,9.6,11.2,13.3,14.8,15.8,15.7,15.6,13.9,12.3,11.4,10.6,9.7,9.2,8.5,8.0,7.3,6.8,6.6,6.3,6.0,5.5,5.2,5.7,7.9,10.7,12.9,14.7,15.9,16.5,16.6,17.2,16.2,14.3,13.3,12.9,11.9,10.6,9.7
291,10.4,10.4,10.5,10.6,10.4,10.5,10.5,10.3,10.7,11.4,11.7,12.1,13.4,14.5,14.4,14.1,14.0,12.8,11.3,10.4,9.5,8.9,8.6,7.7,7.1,6.6,6.2,5.8,5.4,5.1,4.8,4.8,5.2,8.0,10.1,12.1,13.6,15.0,15.2,15.5,15.0,14.0,12.3,10.9,10.1,9.2,8.4,7.8,7.0,6.7,6.4,6.0,5.7,5.6,5.4,5.0,5.3,8.0,9.6,11.2,13.3,14.8,15.8,15.7,15.6,13.9,12.3,11.4,10.6,9.7,9.2,8.5,8.0,7.3,6.8,6.6,6.3,6.0,5.5,5.2,5.7,7.9,10.7,12.9,14.7,15.9,16.5,16.6,17.2,16.2,14.3,13.3,12.9,11.9,10.6,9.7,9.2,8.6,8.2,7.6,7.1,6.9,6.2,5.9,6.4,9.2,11.9,14.0,16.3,17.5,18.0,18.3,17.5,16.0,14.0,12.9,11.5,10.7,9.9,9.5
292,7.1,6.6,6.2,5.8,5.4,5.1,4.8,4.8,5.2,8.0,10.1,12.1,13.6,15.0,15.2,15.5,15.0,14.0,12.3,10.9,10.1,9.2,8.4,7.8,7.0,6.7,6.4,6.0,5.7,5.6,5.4,5.0,5.3,8.0,9.6,11.2,13.3,14.8,15.8,15.7,15.6,13.9,12.3,11.4,10.6,9.7,9.2,8.5,8.0,7.3,6.8,6.6,6.3,6.0,5.5,5.2,5.7,7.9,10.7,12.9,14.7,15.9,16.5,16.6,17.2,16.2,14.3,13.3,12.9,11.9,10.6,9.7,9.2,8.6,8.2,7.6,7.1,6.9,6.2,5.9,6.4,9.2,11.9,14.0,16.3,17.5,18.0,18.3,17.5,16.0,14.0,12.9,11.5,10.7,9.9,9.5,9.1,8.4,7.8,7.3,6.9,6.7,6.6,6.1,6.5,9.1,11.7,13.7,15.8,16.2,16.7,17.6,17.5,16.4,14.2,13.0,11.8,10.8,10.3,9.8
293,7.0,6.7,6.4,6.0,5.7,5.6,5.4,5.0,5.3,8.0,9.6,11.2,13.3,14.8,15.8,15.7,15.6,13.9,12.3,11.4,10.6,9.7,9.2,8.5,8.0,7.3,6.8,6.6,6.3,6.0,5.5,5.2,5.7,7.9,10.7,12.9,14.7,15.9,16.5,16.6,17.2,16.2,14.3,13.3,12.9,11.9,10.6,9.7,9.2,8.6,8.2,7.6,7.1,6.9,6.2,5.9,6.4,9.2,11.9,14.0,16.3,17.5,18.0,18.3,17.5,16.0,14.0,12.9,11.5,10.7,9.9,9.5,9.1,8.4,7.8,7.3,6.9,6.7,6.6,6.1,6.5,9.1,11.7,13.7,15.8,16.2,16.7,17.6,17.5,16.4,14.2,13.0,11.8,10.8,10.3,9.8,9.4,8.9,8.4,8.0,7.6,7.0,6.7,6.4,6.7,9.5,12.2,15.1,16.0,16.5,17.0,17.2,17.3,16.3,14.3,12.9,11.8,11.4,11.1,11.0
294,8.0,7.3,6.8,6.6,6.3,6.0,5.5,5.2,5.7,7.9,10.7,12.9,14.7,15.9,16.5,16.6,17.2,16.2,14.3,13.3,12.9,11.9,10.6,9.7,9.2,8.6,8.2,7.6,7.1,6.9,6.2,5.9,6.4,9.2,11.9,14.0,16.3,17.5,18.0,18.3,17.5,16.0,14.0,12.9,11.5,10.7,9.9,9.5,9.1,8.4,7.8,7.3,6.9,6.7,6.6,6.1,6.5,9.1,11.7,13.7,15.8,16.2,16.7,17.6,17.5,16.4,14.2,13.0,11.8,10.8,10.3,9.8,9.4,8.9,8.4,8.0,7.6,7.0,6.7,6.4,6.7,9.5,12.2,15.1,16.0,16.5,17.0,17.2,17.3,16.3,14.3,12.9,11.8,11.4,11.1,11.0,10.4,9.9,9.2,8.8,8.5,8.1,7.9,7.7,7.9,9.9,12.3,14.7,17.1,17.6,18.0,18.7,18.0,17.0,15.6,14.9,14.3,13.6,13.0,12.5
295,9.2,8.6,8.2,7.6,7.1,6.9,6.2,5.9,6.4,9.2,11.9,14.0,16.3,17.5,18.0,18.3,17.5,16.0,14.0,12.9,11.5,10.7,9.9,9.5,9.1,8.4,7.8,7.3,6.9,6.7,6.6,6.1,6.5,9.1,11.7,13.7,15.8,16.2,16.7,17.6,17.5,16.4,14.2,13.0,11.8,10.8,10.3,9.8,9.4,8.9,8.4,8.0,7.6,7.0,6.7,6.4,6.7,9.5,12.2,15.1,16.0,16.5,17.0,17.2,17.3,16.3,14.3,12.9,11.8,11.4,11.1,11.0,10.4,9.9,9.2,8.8,8.5,8.1,7.9,7.7,7.9,9.9,12.3,14.7,17.1,17.6,18.0,18.7,18.0,17.0,15.6,14.9,14.3,13.6,13.0,12.5,12.4,12.2,12.0,11.9,11.9,11.8,12.4,12.6,12.2,12.4,13.4,14.6,15.5,16.3,17.3,17.8,18.0,16.6,14.8,13.8,13.2,12.6,11.3,10.3
296,9.1,8.4,7.8,7.3,6.9,6.7,6.6,6.1,6.5,9.1,11.7,13.7,15.8,16.2,16.7,17.6,17.5,16.4,14.2,13.0,11.8,10.8,10.3,9.8,9.4,8.9,8.4,8.0,7.6,7.0,6.7,6.4,6.7,9.5,12.2,15.1,16.0,16.5,17.0,17.2,17.3,16.3,14.3,12.9,11.8,11.4,11.1,11.0,10.4,9.9,9.2,8.8,8.5,8.1,7.9,7.7,7.9,9.9,12.3,14.7,17.1,17.6,18.0,18.7,18.0,17.0,15.6,14.9,14.3,13.6,13.0,12.5,12.4,12.2,12.0,11.9,11.9,11.8,12.4,12.6,12.2,12.4,13.4,14.6,15.5,16.3,17.3,17.8,18.0,16.6,14.8,13.8,13.2,12.6,11.3,10.3,9.9,9.7,8.9,8.2,7.8,7.5,7.4,7.2,7.5,10.2,13.1,15.0,16.3,17.8,18.9,19.1,19.4,18.3,15.9,14.6,13.5,12.5,11.9,12.0
297,9.4,8.9,8.4,8.0,7.6,7.0,6.7,6.4,6.7,9.5,12.2,15.1,16.0,16.5,17.0,17.2,17.3,16.3,14.3,12.9,11.8,11.4,11.1,11.0,10.4,9.9,9.2,8.8,8.5,8.1,7.9,7.7,7.9,9.9,12.3,14.7,17.1,17.6,18.0,18.7,18.0,17.0,15.6,14.9,14.3,13.6,13.0,12.5,12.4,12.2,12.0,11.9,11.9,11.8,12.4,12.6,12.2,12.4,13.4,14.6,15.5,16.3,17.3,17.8,18.0,16.6,14.8,13.8,13.2,12.6,11.3,10.3,9.9,9.7,8.9,8.2,7.8,7.5,7.4,7.2,7.5,10.2,13.1,15.0,16.3,17.8,18.9,19.1,19.4,18.3,15.9,14.6,13.5,12.5,11.9,12.0,11.8,11.8,11.6,11.1,10.8,10.6,10.6,10.7,11.2,13.2,14.9,16.5,18.2,18.9,20.0,20.5,20.3,18.6,16.8,15.5,14.6,13.9,13.3,12.6
298,10.4,9.9,9.2,8.8,8.5,8.1,7.9,7.7,7.9,9.9,12.3,14.7,17.1,17.6,18.0,18.7,18.0,17.0,15.6,14.9,14.3,13.6,13.0,12.5,12.4,12.2,12.0,11.9,11.9,11.8,12.4,12.6,12.2,12.4,13.4,14.6,15.5,16.3,17.3,17.8,18.0,16.6,14.8,13.8,13.2,12.6,11.3,10.3,9.9,9.7,8.9,8.2,7.8,7.5,7.4,7.2,7.5,10.2,13.1,15.0,16.3,17.8,18.9,19.1,19.4,18.3,15.9,14.6,13.5,12.5,11.9,12.0,11.8,11.8,11.6,11.1,10.8,10.6,10.6,10.7,11.2,13.2,14.9,16.5,18.2,18.9,20.0,20.5,20.3,18.6,16.8,15.5,14.6,13.9,13.3,12.6,12.4,12.0,11.6,11.5,11.5,11.2,11.1,11.1,11.6,12.5,13.6,14.7,16.2,16.4,16.7,17.6,17.6,17.4,16.2,15.3,14.3,13.5,13.0,12.5
299,12.4,12.2,12.0,11.9,11.9,11.8,12.4,12.6,12.2,12.4,13.4,14.6,15.5,16.3,17.3,17.8,18.0,16.6,14.8,13.8,13.2,12.6,11.3,10.3,9.9,9.7,8.9,8.2,7.8,7.5,7.4,7.2,7.5,10.2,13.1,15.0,16.3,17.8,18.9,19.1,19.4,18.3,15.9,14.6,13.5,12.5,11.9,12.0,11.8,11.8,11.6,11.1,10.8,10.6,10.6,10.7,11.2,13.2,14.9,16.5,18.2,18.9,20.0,20.5,20.3,18.6,16.8,15.5,14.6,13.9,13.3,12.6,12.4,12.0,11.6,11.5,11.5,11.2,11.1,11.1,11.6,12.5,13.6,14.7,16.2,16.4,16.7,17.6,17.6,17.4,16.2,15.3,14.3,13.5,13.0,12.5,11.8,11.3,11.0,10.6,10.1,9.9,9.6,9.2,9.9,11.8,14.0,16.1,18.0,18.8,19.9,19.8,19.5,17.6,16.4,15.7,15.3,14.3,13.5,12.9
300,9.9,9.7,8.9,8.2,7.8,7.5,7.4,7.2,7.5,10.2,13.1,15.0,16.3,17.8,18.9,19.1,19.4,18.3,15.9,14.6,13.5,12.5,11.9,12.0,11.8,11.8,11.6,11.1,10.8,10.6,10.6,10.7,11.2,13.2,14.9,16.5,18.2,18.9,20.0,20.5,20.3,18.6,16.8,15.5,14.6,13.9,13.3,12.6,12.4,12.0,11.6,11.5,11.5,11.2,11.1,11.1,11.6,12.5,13.6,14.7,16.2,16.4,16.7,17.6,17.6,17.4,16.2,15.3,14.3,13.5,13.0,12.5,11.8,11.3,11.0,10.6,10.1,9.9,9.6,9.2,9.9,11.8,14.0,16.1,18.0,18.8,19.9,19.8,19.5,17.6,16.4,15.7,15.3,14.3,13.5,12.9,12.6,12.3,12.6,12.0,11.5,11.0,10.8,10.5,10.4,11.6,13.3,14.0,15.5,16.4,16.2,16.8,16.6,14.8,14.0,13.3,12.5,11.6,11.2,10.7
301,11.8,11.8,11.6,11.1,10.8,10.6,10.6,10.7,11.2,13.2,14.9,16.5,18.2,18.9,20.0,20.5,20.3,18.6,16.8,15.5,14.6,13.9,13.3,12.6,12.4,12.0,11.6,11.5,11.5,11.2,11.1,11.1,11.6,12.5,13.6,14.7,16.2,16.4,16.7,17.6,17.6,17.4,16.2,15.3,14.3,13.5,13.0,12.5,11.8,11.3,11.0,10.6,10.1,9.9,9.6,9.2,9.9,11.8,14.0,16.1,18.0,18.8,19.9,19.8,19.5,17.6,16.4,15.7,15.3,14.3,13.5,12.9,12.6,12.3,12.6,12.0,11.5,11.0,10.8,10.5,10.4,11.6,13.3,14.0,15.5,16.4,16.2,16.8,16.6,14.8,14.0,13.3,12.5,11.6,11.2,10.7,10.5,9.9,9.4,9.0,8.6,8.0,8.1,8.0,8.4,9.7,11.8,13.2,14.1,14.9,16.0,16.7,15.8,14.5,13.3,12.5,12.0,11.4,10.9,10.5
302,12.4,12.0,11.6,11.5,11.5,11.2,11.1,11.1,11.6,12.5,13.6,14.7,16.2,16.4,16.7,17.6,17.6,17.4,16.2,15.3,14.3,13.5,13.0,12.5,11.8,11.3,11.0,10.6,10.1,9.9,9.6,9.2,9.9,11.8,14.0,16.1,18.0,18.8,19.9,19.8,19.5,17.6,16.4,15.7,15.3,14.3,13.5,12.9,12.6,12.3,12.6,12.0,11.5,11.0,10.8,10.5,10.4,11.6,13.3,14.0,15.5,16.4,16.2,16.8,16.6,14.8,14.0,13.3,12.5,11.6,11.2,10.7,10.5,9.9,9.4,9.0,8.6,8.0,8.1,8.0,8.4,9.7,11.8,13.2,14.1,14.9,16.0,16.7,15.8,14.5,13.3,12.5,12.0,11.4,10.9,10.5,10.0,9.6,9.3,9.0,8.9,8.4,8.0,7.7,7.8,9.4,12.4,13.7,15.3,15.9,16.6,17.0,16.1,15.2,14.0,13.3,12.5,11.8,11.7,12.1
303,11.8,11.3,11.0,10.6,10.1,9.9,9.6,9.2,9.9,11.8,14.0,16.1,18.0,18.8,19.9,19.8,19.5,17.6,16.4,15.7,15.3,14.3,13.5,12.9,12.6,12.3,12.6,12.0,11.5,11.0,10.8,10.5,10.4,11.6,13.3,14.0,15.5,16.4,16.2,16.8,16.6,14.8,14.0,13.3,12.5,11.6,11.2,10.7,10.5,9.9,9.4,9.0,8.6,8.0,8.1,8.0,8.4,9.7,11.8,13.2,14.1,14.9,16.0,16.7,15.8,14.5,13.3,12.5,12.0,11.4,10.9,10.5,10.0,9.6,9.3,9.0,8.9,8.4,8.0,7.7,7.8,9.4,12.4,13.7,15.3,15.9,16.6,17.0,16.1,15.2,14.0,13.3,12.5,11.8,11.7,12.1,12.0,12.0,11.2,10.5,9.8,9.3,8.9,8.6,8.6,10.5,12.1,14.1,15.0,15.3,15.3,15.7,16.0,15.5,14.2,13.2,12.3,11.7,11.3,10.8
304,12.6,12.3,12.6,12.0,11.5,11.0,10.8,10.5,10.4,11.6,13.3,14.0,15.5,16.4,16.2,16.8,16.6,14.8,14.0,13.3,12.5,11.6,11.2,10.7,10.5,9.9,9.4,9.0,8.6,8.0,8.1,8.0,8.4,9.7,11.8,13.2,14.1,14.9,16.0,16.7,15.8,14.5,13.3,12.5,12.0,11.4,10.9,10.5,10.0,9.6,9.3,9.0,8.9,8.4,8.0,7.7,7.8,9.4,12.4,13.7,15.3,15.9,16.6,17.0,16.1,15.2,14.0,13.3,12.5,11.8,11.7,12.1,12.0,12.0,11.2,10.5,9.8,9.3,8.9,8.6,8.6,10.5,12.1,14.1,15.0,15.3,15.3,15.7,16.0,15.5,14.2,13.2,12.3,11.7,11.3,10.8,10.2,9.8,9.4,9.1,8.8,8.4,8.0,7.9,8.0,9.7,12.4,14.1,15.6,17.6,19.7,20.2,19.7,18.3,16.2,15.1,14.0,13.4,12.7,11.9
305,10.5,9.9,9.4,9.0,8.6,8.0,8.1,8.0,8.4,9.7,11.8,13.2,14.1,14.9,16.0,16.7,15.8,14.5,13.3,12.5,12.0,11.4,10.9,10.5,10.0,9.6,9.3,9.0,8.9,8.4,8.0,7.7,7.8,9.4,12.4,13.7,15.3,15.9,16.6,17.0,16.1,15.2,14.0,13.3,12.5,11.8,11.7,12.1,12.0,12.0,11.2,10.5,9.8,9.3,8.9,8.6,8.6,10.5,12.1,14.1,15.0,15.3,15.3,15.7,16.0,15.5,14.2,13.2,12.3,11.7,11.3,10.8,10.2,9.8,9.4,9.1,8.8,8.4,8.0,7.9,8.0,9.7,12.4,14.1,15.6,17.6,19.7,20.2,19.7,18.3,16.2,15.1,14.0,13.4,12.7,11.9,11.5,10.9,10.4,9.9,9.4,9.3,9.0,8.9,9.1,10.8,13.5,16.2,18.2,19.3,20.7,21.1,20.8,19.0,17.4,15.9,14.8,14.2,13.7,13.2
306,10.0,9.6,9.3,9.0,8.9,8.4,8.0,7.7,7.8,9.4,12.4,13.7,15.3,15.9,16.6,17.0,16.1,15.2,14.0,13.3,12.5,11.8,11.7,12.1,12.0,12.0,11.2,10.5,9.8,9.3,8.9,8.6,8.6,10.5,12.1,14.1,15.0,15.3,15.3,15.7,16.0,15.5,14.2,13.2,12.3,11.7,11.3,10.8,10.2,9.8,9.4,9.1,8.8,8.4,8.0,7.9,8.0,9.7,12.4,14.1,15.6,17.6,19.7,20.2,19.7,18.3,16.2,15.1,14.0,13.4,12.7,11.9,11.5,10.9,10.4,9.9,9.4,9.3,9.0,8.9,9.1,10.8,13.5,16.2,18.2,19.3,20.7,21.1,20.8,19.0,17.4,15.9,14.8,14.2,13.7,13.2,12.3,11.5,11.2,11.1,10.4,10.3,10.0,9.8,9.7,12.0,15.2,17.4,19.1,20.4,20.9,20.2,19.7,19.0,18.0,17.0,16.6,16.7,16.1,15.7
307,12.0,12.0,11.2,10.5,9.8,9.3,8.9,8.6,8.6,10.5,12.1,14.1,15.0,15.3,15.3,15.7,16.0,15.5,14.2,13.2,12.3,11.7,11.3,10.8,10.2,9.8,9.4,9.1,8.8,8.4,8.0,7.9,8.0,9.7,12.4,14.1,15.6,17.6,19.7,20.2,19.7,18.3,16.2,15.1,14.0,13.4,12.7,11.9,11.5,10.9,10.4,9.9,9.4,9.3,9.0,8.9,9.1,10.8,13.5,16.2,18.2,19.3,20.7,21.1,20.8,19.0,17.4,15.9,14.8,14.2,13.7,13.2,12.3,11.5,11.2,11.1,10.4,10.3,10.0,9.8,9.7,12.0,15.2,17.4,19.1,20.4,20.9,20.2,19.7,19.0,18.0,17.0,16.6,16.7,16.1,15.7,15.5,15.4,15.1,15.0,14.9,15.1,15.2,14.0,13.6,10.5,8.3,6.6,6.5,6.7,6.8,6.7,6.5,5.7,5.4,5.0,5.0,4.7,4.8,4.7
308,10.2,9.8,9.4,9.1,8.8,8.4,8.0,7.9,8.0,9.7,12.4,14.1,15.6,17.6,19.7,20.2,19.7,18.3,16.2,15.1,14.0,13.4,12.7,11.9,11.5,10.9,10.4,9.9,9.4,9.3,9.0,8.9,9.1,10.8,13.5,16.2,18.2,19.3,20.7,21.1,20.8,19.0,17.4,15.9,14.8,14.2,13.7,13.2,12.3,11.5,11.2,11.1,10.4,10.3,10.0,9.8,9.7,12.0,15.2,17.4,19.1,20.4,20.9,20.2,19.7,19.0,18.0,17.0,16.6,16.7,16.1,15.7,15.5,15.4,15.1,15.0,14.9,15.1,15.2,14.0,13.6,10.5,8.3,6.6,6.5,6.7,6.8,6.7,6.5,5.7,5.4,5.0,5.0,4.7,4.8,4.7,4.5,4.5,3.9,3.5,3.1,3.4,3.8,3.9,3.7,4.1,4.8,5.6,6.0,5.8,5.9,5.8,6.2,6.4,6.3,6.2,6.2,5.8,5.6,4.7
309,11.5,10.9,10.4,9.9,9.4,9.3,9.0,8.9,9.1,10.8,13.5,16.2,18.2,19.3,20.7,21.1,20.8,19.0,17.4,15.9,14.8,14.2,13.7,13.2,12.3,11.5,11.2,11.1,10.4,10.3,10.0,9.8,9.7,12.0,15.2,17.4,19.1,20.4,20.9,20.2,19.7,19.0,18.0,17.0,16.6,16.7,16.1,15.7,15.5,15.4,15.1,15.0,14.9,15.1,15.2,14.0,13.6,10.5,8.3,6.6,6.5,6.7,6.8,6.7,6.5,5.7,5.4,5.0,5.0,4.7,4.8,4.7,4.5,4.5,3.9,3.5,3.1,3.4,3.8,3.9,3.7,4.1,4.8,5.6,6.0,5.8,5.9,5.8,6.2,6.4,6.3,6.2,6.2,5.8,5.6,4.7,3.5,2.5,1.9,1.4,1.2,0.7,1.2,1.2,1.3,2.1,3.8,5.1,6.5,6.2,5.9,7.1,7.1,6.2,5.9,5.6,5.5,5.4,5.1,4.5
310,12.3,11.5,11.2,11.1,10.4,10.3,10.0,9.8,9.7,12.0,15.2,17.4,19.1,20.4,20.9,20.2,19.7,19.0,18.0,17.0,16.6,16.7,16.1,15.7,15.5,15.4,15.1,15.0,14.9,15.1,15.2,14.0,13.6,10.5,8.3,6.6,6.5,6.7,6.8,6.7,6.5,5.7,5.4,5.0,5.0,4.7,4.8,4.7,4.5,4.5,3.9,3.5,3.1,3.4,3.8,3.9,3.7,4.1,4.8,5.6,6.0,5.8,5.9,5.8,6.2,6.4,6.3,6.2,6.2,5.8,5.6,4.7,3.5,2.5,1.9,1.4,1.2,0.7,1.2,1.2,1.3,2.1,3.8,5.1,6.5,6.2,5.9,7.1,7.1,6.2,5.9,5.6,5.5,5.4,5.1,4.5,4.2,4.0,3.9,3.7,3.3,2.4,2.3,2.4,2.6,4.2,6.8,8.4,9.0,9.1,8.3,8.8,8.1,7.4,6.5,5.8,5.2,4.6,4.2,3.8
311,15.5,15.4,15.1,15.0,14.9,15.1,15.2,14.0,13.6,10.5,8.3,6.6,6.5,6.7,6.8,6.7,6.5,5.7,5.4,5.0,5.0,4.7,4.8,4.7,4.5,4.5,3.9,3.5,3.1,3.4,3.8,3.9,3.7,4.1,4.8,5.6,6.0,5.8,5.9,5.8,6.2,6.4,6.3,6.2,6.2,5.8,5.6,4.7,3.5,2.5,1.9,1.4,1.2,0.7,1.2,1.2,1.3,2.1,3.8,5.1,6.5,6.2,5.9,7.1,7.1,6.2,5.9,5.6,5.5,5.4,5.1,4.5,4.2,4.0,3.9,3.7,3.3,2.4,2.3,2.4,2.6,4.2,6.8,8.4,9.0,9.1,8.3,8.8,8.1,7.4,6.5,5.8,5.2,4.6,4.2,3.8,3.2,3.0,3.0,2.9,2.7,2.4,2.1,1.5,1.6,2.8,4.6,6.2,7.0,7.7,8.0,8.2,7.6,6.8,5.9,5.4,4.9,4.5,3.6,3.1
312,4.5,4.5,3.9,3.5,3.1,3.4,3.8,3.9,3.7,4.1,4.8,5.6,6.0,5.8,5.9,5.8,6.2,6.4,6.3,6.2,6.2,5.8,5.6,4.7,3.5,2.5,1.9,1.4,1.2,0.7,1.2,1.2,1.3,2.1,3.8,5.1,6.5,6.2,5.9,7.1,7.1,6.2,5.9,5.6,5.5,5.4,5.1,4.5,4.2,4.0,3.9,3.7,3.3,2.4,2.3,2.4,2.6,4.2,6.8,8.4,9.0,9.1,8.3,8.8,8.1,7.4,6.5,5.8,5.2,4.6,4.2,3.8,3.2,3.0,3.0,2.9,2.7,2.4,2.1,1.5,1.6,2.8,4.6,6.2,7.0,7.7,8.0,8.2,7.6,6.8,5.9,5.4,4.9,4.5,3.6,3.1,2.8,2.3,2.0,1.8,1.8,1.3,0.9,0.6,0.8,2.9,5.7,8.2,9.8,11.2,12.9,12.7,12.7,12.3,11.3,10.4,9.7,9.4,9.3,9.2
313,3.5,2.5,1.9,1.4,1.2,0.7,1.2,1.2,1.3,2.1,3.8,5.1,6.5,6.2,5.9,7.1,7.1,6.2,5.9,5.6,5.5,5.4,5.1,4.5,4.2,4.0,3.9,3.7,3.3,2.4,2.3,2.4,2.6,4.2,6.8,8.4,9.0,9.1,8.3,8.8,8.1,7.4,6.5,5.8,5.2,4.6,4.2,3.8,3.2,3.0,3.0,2.9,2.7,2.4,2.1,1.5,1.6,2.8,4.6,6.2,7.0,7.7,8.0,8.2,7.6,6.8,5.9,5.4,4.9,4.5,3.6,3.1,2.8,2.3,2.0,1.8,1.8,1.3,0.9,0.6,0.8,2.9,5.7,8.2,9.8,11.2,12.9,12.7,12.7,12.3,11.3,10.4,9.7,9.4,9.3,9.2,9.3,9.0,8.8,8.7,8.5,7.9,7.9,8.0,7.9,8.8,10.3,13.1,15.5,16.1,16.2,15.9,15.5,14.3,13.3,12.3,11.7,10.9,10.2,9.7
314,4.2,4.0,3.9,3.7,3.3,2.4,2.3,2.4,2.6,4.2,6.8,8.4,9.0,9.1,8.3,8.8,8.1,7.4,6.5,5.8,5.2,4.6,4.2,3.8,3.2,3.0,3.0,2.9,2.7,2.4,2.1,1.5,1.6,2.8,4.6,6.2,7.0,7.7,8.0,8.2,7.6,6.8,5.9,5.4,4.9,4.5,3.6,3.1,2.8,2.3,2.0,1.8,1.8,1.3,0.9,0.6,0.8,2.9,5.7,8.2,9.8,11.2,12.9,12.7,12.7,12.3,11.3,10.4,9.7,9.4,9.3,9.2,9.3,9.0,8.8,8.7,8.5,7.9,7.9,8.0,7.9,8.8,10.3,13.1,15.5,16.1,16.2,15.9,15.5,14.3,13.3,12.3,11.7,10.9,10.2,9.7,9.3,8.7,8.1,7.5,7.6,6.7,6.4,6.0,5.9,7.2,9.8,12.0,14.3,14.7,14.7,15.7,15.0,13.3,12.3,11.4,10.4,9.4,9.0,8.8
315,3.2,3.0,3.0,2.9,2.7,2.4,2.1,1.5,1.6,2.8,4.6,6.2,7.0,7.7,8.0,8.2,7.6,6.8,5.9,5.4,4.9,4.5,3.6,3.1,2.8,2.3,2.0,1.8,1.8,1.3,0.9,0.6,0.8,2.9,5.7,8.2,9.8,11.2,12.9,12.7,12.7,12.3,11.3,10.4,9.7,9.4,9.3,9.2,9.3,9.0,8.8,8.7,8.5,7.9,7.9,8.0,7.9,8.8,10.3,13.1,15.5,16.1,16.2,15.9,15.5,14.3,13.3,12.3,11.7,10.9,10.2,9.7,9.3,8.7,8.1,7.5,7.6,6.7,6.4,6.0,5.9,7.2,9.8,12.0,14.3,14.7,14.7,15.7,15.0,13.3,12.3,11.4,10.4,9.4,9.0,8.8,8.2,7.9,7.7,7.0,6.4,6.0,5.0,4.6,4.6,5.7,8.3,10.8,11.7,12.5,13.3,13.3,13.0,11.4,10.0,9.3,8.6,8.0,7.8,7.4
316,2.8,2.3,2.0,1.8,1.8,1.3,0.9,0.6,0.8,2.9,5.7,8.2,9.8,11.2,12.9,12.7,12.7,12.3,11.3,10.4,9.7,9.4,9.3,9.2,9.3,9.0,8.8,8.7,8.5,7.9,7.9,8.0,7.9,8.8,10.3,13.1,15.5,16.1,16.2,15.9,15.5,14.3,13.3,12.3,11.7,10.9,10.2,9.7,9.3,8.7,8.1,7.5,7.6,6.7,6.4,6.0,5.9,7.2,9.8,12.0,14.3,14.7,14.7,15.7,15.0,13.3,12.3,11.4,10.4,9.4,9.0,8.8,8.2,7.9,7.7,7.0,6.4,6.0,5.0,4.6,4.6,5.7,8.3,10.8,11.7,12.5,13.3,13.3,13.0,11.4,10.0,9.3,8.6,8.0,7.8,7.4,7.0,6.1,5.5,4.9,4.6,4.1,3.6,2.7,2.7,4.1,6.9,9.6,10.5,12.0,12.2,11.9,11.1,10.1,9.2,8.5,7.9,7.5,7.3,7.5
317,9.3,9.0,8.8,8.7,8.5,7.9,7.9,8.0,7.9,8.8,10.3,13.1,15.5,16.1,16.2,15.9,15.5,14.3,13.3,12.3,11.7,10.9,10.2,9.7,9.3,8.7,8.1,7.5,7.6,6.7,6.4,6.0,5.9,7.2,9.8,12.0,14.3,14.7,14.7,15.7,15.0,13.3,12.3,11.4,10.4,9.4,9.0,8.8,8.2,7.9,7.7,7.0,6.4,6.0,5.0,4.6,4.6,5.7,8.3,10.8,11.7,12.5,13.3,13.3,13.0,11.4,10.0,9.3,8.6,8.0,7.8,7.4,7.0,6.1,5.5,4.9,4.6,4.1,3.6,2.7,2.7,4.1,6.9,9.6,10.5,12.0,12.2,11.9,11.1,10.1,9.2,8.5,7.9,7.5,7.3,7.5,7.9,7.8,7.9,8.2,8.2,8.3,8.2,8.3,8.5,9.1,9.9,10.8,13.1,14.3,15.8,15.7,15.1,14.9,14.4,14.0,13.9,13.7,13.2,12.9
318,9.3,8.7,8.1,7.5,7.6,6.7,6.4,6.0,5.9,7.2,9.8,12.0,14.3,14.7,14.7,15.7,15.0,13.3,12.3,11.4,10.4,9.4,9.0,8.8,8.2,7.9,7.7,7.0,6.4,6.0,5.0,4.6,4.6,5.7,8.3,10.8,11.7,12.5,13.3,13.3,13.0,11.4,10.0,9.3,8.6,8.0,7.8,7.4,7.0,6.1,5.5,4.9,4.6,4.1,3.6,2.7,2.7,4.1,6.9,9.6,10.5,12.0,12.2,11.9,11.1,10.1,9.2,8.5,7.9,7.5,7.3,7.5,7.9,7.8,7.9,8.2,8.2,8.3,8.2,8.3,8.5,9.1,9.9,10.8,13.1,14.3,15.8,15.7,15.1,14.9,14.4,14.0,13.9,13.7,13.2,12.9,12.7,12.2,12.0,11.7,11.6,11.5,11.4,11.4,11.8,12.4,13.3,14.4,15.2,15.4,16.2,16.4,16.0,15.1,14.0,13.1,12.6,11.9,11.4,10.8
319,8.2,7.9,7.7,7.0,6.4,6.0,5.0,4.6,4.6,5.7,8.3,10.8,11.7,12.5,13.3,13.3,13.0,11.4,10.0,9.3,8.6,8.0,7.8,7.4,7.0,6.1,5.5,4.9,4.6,4.1,3.6,2.7,2.7,4.1,6.9,9.6,10.5,12.0,12.2,11.9,11.1,10.1,9.2,8.5,7.9,7.5,7.3,7.5,7.9,7.8,7.9,8.2,8.2,8.3,8.2,8.3,8.5,9.1,9.9,10.8,13.1,14.3,15.8,15.7,15.1,14.9,14.4,14.0,13.9,13.7,13.2,12.9,12.7,12.2,12.0,11.7,11.6,11.5,11.4,11.4,11.8,12.4,13.3,14.4,15.2,15.4,16.2,16.4,16.0,15.1,14.0,13.1,12.6,11.9,11.4,10.8,10.2,9.7,9.1,8.7,8.0,7.9,7.4,7.0,7.0,8.0,9.5,11.0,12.9,14.4,15.0,15.5,15.0,13.3,12.0,10.8,10.3,9.8,9.2,9.2
320,7.0,6.1,5.5,4.9,4.6,4.1,3.6,2.7,2.7,4.1,6.9,9.6,10.5,12.0,12.2,11.9,11.1,10.1,9.2,8.5,7.9,7.5,7.3,7.5,7.9,7.8,7.9,8.2,8.2,8.3,8.2,8.3,8.5,9.1,9.9,10.8,13.1,14.3,15.8,15.7,15.1,14.9,14.4,14.0,13.9,13.7,13.2,12.9,12.7,12.2,12.0,11.7,11.6,11.5,11.4,11.4,11.8,12.4,13.3,14.4,15.2,15.4,16.2,16.4,16.0,15.1,14.0,13.1,12.6,11.9,11.4,10.8,10.2,9.7,9.1,8.7,8.0,7.9,7.4,7.0,7.0,8.0,9.5,11.0,12.9,14.4,15.0,15.5,15.0,13.3,12.0,10.8,10.3,9.8,9.2,9.2,9.2,9.1,9.2,9.1,8.9,8.8,8.6,8.7,8.9,9.4,9.8,10.7,11.4,12.7,13.1,12.9,12.8,12.7,11.7,11.7,11.6,12.2,11.8,10.5
321,7.9,7.8,7.9,8.2,8.2,8.3,8.2,8.3,8.5,9.1,9.9,10.8,13.1,14.3,15.8,15.7,15.1,14.9,14.4,14.0,13.9,13.7,13.2,12.9,12.7,12.2,12.0,11.7,11.6,11.5,11.4,11.4,11.8,12.4,13.3,14.4,15.2,15.4,16.2,16.4,16.0,15.1,14.0,13.1,12.6,11.9,11.4,10.8,10.2,9.7,9.1,8.7,8.0,7.9,7.4,7.0,7.0,8.0,9.5,11.0,12.9,14.4,15.0,15.5,15.0,13.3,12.0,10.8,10.3,9.8,9.2,9.2,9.2,9.1,9.2,9.1,8.9,8.8,8.6,8.7,8.9,9.4,9.8,10.7,11.4,12.7,13.1,12.9,12.8,12.7,11.7,11.7,11.6,12.2,11.8,10.5,7.6,6.8,6.3,6.5,5.6,4.5,4.0,3.0,2.8,3.1,4.0,4.3,4.0,3.9,3.0,3.0,3.2,2.1,1.6,1.1,0.7,0.3,-0.1,-0.4
322,12.7,12.2,12.0,11.7,11.6,11.5,11.4,11.4,11.8,12.4,13.3,14.4,15.2,15.4,16.2,16.4,16.0,15.1,14.0,13.1,12.6,11.9,11.4,10.8,10.2,9.7,9.1,8.7,8.0,7.9,7.4,7.0,7.0,8.0,9.5,11.0,12.9,14.4,15.0,15.5,15.0,13.3,12.0,10.8,10.3,9.8,9.2,9.2,9.2,9.1,9.2,9.1,8.9,8.8,8.6,8.7,8.9,9.4,9.8,10.7,11.4,12.7,13.1,12.9,12.8,12.7,11.7,11.7,11.6,12.2,11.8,10.5,7.6,6.8,6.3,6.5,5.6,4.5,4.0,3.0,2.8,3.1,4.0,4.3,4.0,3.9,3.0,3.0,3.2,2.1,1.6,1.1,0.7,0.3,-0.1,-0.4,-0.6,-0.9,-1.2,-1.8,-2.4,-2.7,-3.2,-3.5,-3.5,-2.2,-1.0,0.0,1.0,1.9,1.6,2.0,1.8,1.6,1.1,0.6,0.3,-0.4,-0.7,-1.1
323,10.2,9.7,9.1,8.7,8.0,7.9,7.4,7.0,7.0,8.0,9.5,11.0,12.9,14.4,15.0,15.5,15.0,13.3,12.0,10.8,10.3,9.8,9.2,9.2,9.2,9.1,9.2,9.1,8.9,8.8,8.6,8.7,8.9,9.4,9.8,10.7,11.4,12.7,13.1,12.9,12.8,12.7,11.7,11.7,11.6,12.2,11.8,10.5,7.6,6.8,6.3,6.5,5.6,4.5,4.0,3.0,2.8,3.1,4.0,4.3,4.0,3.9,3.0,3.0,3.2,2.1,1.6,1.1,0.7,0.3,-0.1,-0.4,-0.6,-0.9,-1.2,-1.8,-2.4,-2.7,-3.2,-3.5,-3.5,-2.2,-1.0,0.0,1.0,1.9,1.6,2.0,1.8,1.6,1.1,0.6,0.3,-0.4,-0.7,-1.1,-1.6,-2.0,-2.3,-2.5,-1.8,-1.1,-1.0,-1.0,-1.1,0.1,2.9,6.0,8.3,8.3,8.3,8.5,8.9,8.4,7.8,7.2,6.9,6.4,6.1,5.2
324,9.2,9.1,9.2,9.1,8.9,8.8,8.6,8.7,8.9,9.4,9.8,10.7,11.4,12.7,13.1,12.9,12.8,12.7,11.7,11.7,11.6,12.2,11.8,10.5,7.6,6.8,6.3,6.5,5.6,4.5,4.0,3.0,2.8,3.1,4.0,4.3,4.0,3.9,3.0,3.0,3.2,2.1,1.6,1.1,0.7,0.3,-0.1,-0.4,-0.6,-0.9,-1.2,-1.8,-2.4,-2.7,-3.2,-3.5,-3.5,-2.2,-1.0,0.0,1.0,1.9,1.6,2.0,1.8,1.6,1.1,0.6,0.3,-0.4,-0.7,-1.1,-1.6,-2.0,-2.3,-2.5,-1.8,-1.1,-1.0,-1.0,-1.1,0.1,2.9,6.0,8.3,8.3,8.3,8.5,8.9,8.4,7.8,7.2,6.9,6.4,6.1,5.2,4.9,4.7,4.6,5.1,4.8,5.4,4.5,4.0,3.7,4.4,6.5,7.5,8.0,9.0,9.8,9.5,9.4,7.9,6.8,5.9,5.1,4.6,3.7,3.1
325,7.6,6.8,6.3,6.5,5.6,4.5,4.0,3.0,2.8,3.1,4.0,4.3,4.0,3.9,3.0,3.0,3.2,2.1,1.6,1.1,0.7,0.3,-0.1,-0.4,-0.6,-0.9,-1.2,-1.8,-2.4,-2.7,-3.2,-3.5,-3.5,-2.2,-1.0,0.0,1.0,1.9,1.6,2.0,1.8,1.6,1.1,0.6,0.3,-0.4,-0.7,-1.1,-1.6,-2.0,-2.3,-2.5,-1.8,-1.1,-1.0,-1.0,-1.1,0.1,2.9,6.0,8.3,8.3,8.3,8.5,8.9,8.4,7.8,7.2,6.9,6.4,6.1,5.2,4.9,4.7,4.6,5.1,4.8,5.4,4.5,4.0,3.7,4.4,6.5,7.5,8.0,9.0,9.8,9.5,9.4,7.9,6.8,5.9,5.1,4.6,3.7,3.1,2.6,1.6,1.1,0.6,0.0,0.2,-0.4,-0.4,-0.1,1.4,4.0,6.0,7.1,6.6,6.2,5.3,4.8,4.7,4.1,3.8,3.6,3.0,2.3,1.9
326,-0.6,-0.9,-1.2,-1.8,-2.4,-2.7,-3.2,-3.5,-3.5,-2.2,-1.0,0.0,1.0,1.9,1.6,2.0,1.8,1.6,1.1,0.6,0.3,-0.4,-0.7,-1.1,-1.6,-2.0,-2.3,-2.5,-1.8,-1.1,-1.0,-1.0,-1.1,0.1,2.9,6.0,8.3,8.3,8.3,8.5,8.9,8.4,7.8,7.2,6.9,6.4,6.1,5.2,4.9,4.7,4.6,5.1,4.8,5.4,4.5,4.0,3.7,4.4,6.5,7.5,8.0,9.0,9.8,9.5,9.4,7.9,6.8,5.9,5.1,4.6,3.7,3.1,2.6,1.6,1.1,0.6,0.0,0.2,-0.4,-0.4,-0.1,1.4,4.0,6.0,7.1,6.6,6.2,5.3,4.8,4.7,4.1,3.8,3.6,3.0,2.3,1.9,1.8,1.3,1.0,0.7,0.0,-0.3,-0.6,-1.2,-1.3,0.0,2.8,4.5,6.3,7.1,8.6,9.9,9.2,7.3,5.7,4.6,3.8,3.1,2.6,2.2
327,-1.6,-2.0,-2.3,-2.5,-1.8,-1.1,-1.0,-1.0,-1.1,0.1,2.9,6.0,8.3,8.3,8.3,8.5,8.9,8.4,7.8,7.2,6.9,6.4,6.1,5.2,4.9,4.7,4.6,5.1,4.8,5.4,4.5,4.0,3.7,4.4,6.5,7.5,8.0,9.0,9.8,9.5,9.4,7.9,6.8,5.9,5.1,4.6,3.7,3.1,2.6,1.6,1.1,0.6,0.0,0.2,-0.4,-0.4,-0.1,1.4,4.0,6.0,7.1,6.6,6.2,5.3,4.8,4.7,4.1,3.8,3.6,3.0,2.3,1.9,1.8,1.3,1.0,0.7,0.0,-0.3,-0.6,-1.2,-1.3,0.0,2.8,4.5,6.3,7.1,8.6,9.9,9.2,7.3,5.7,4.6,3.8,3.1,2.6,2.2,1.9,1.2,0.6,0.3,0.1,-0.3,-0.8,-0.9,-1.3,1.1,3.8,6.5,8.8,11.3,12.0,12.0,11.1,9.8,8.5,7.0,6.2,5.6,5.6,5.2
328,4.9,4.7,4.6,5.1,4.8,5.4,4.5,4.0,3.7,4.4,6.5,7.5,8.0,9.0,9.8,9.5,9.4,7.9,6.8,5.9,5.1,4.6,3.7,3.1,2.6,1.6,1.1,0.6,0.0,0.2,-0.4,-0.4,-0.1,1.4,4.0,6.0,7.1,6.6,6.2,5.3,4.8,4.7,4.1,3.8,3.6,3.0,2.3,1.9,1.8,1.3,1.0,0.7,0.0,-0.3,-0.6,-1.2,-1.3,0.0,2.8,4.5,6.3,7.1,8.6,9.9,9.2,7.3,5.7,4.6,3.8,3.1,2.6,2.2,1.9,1.2,0.6,0.3,0.1,-0.3,-0.8,-0.9,-1.3,1.1,3.8,6.5,8.8,11.3,12.0,12.0,11.1,9.8,8.5,7.0,6.2,5.6,5.6,5.2,4.9,4.4,4.1,3.8,3.2,2.6,2.6,2.9,3.7,4.5,6.3,8.2,9.7,10.9,12.6,13.1,13.3,11.6,11.1,10.3,9.3,8.4,8.6,8.2
329,2.6,1.6,1.1,0.6,0.0,0.2,-0.4,-0.4,-0.1,1.4,4.0,6.0,7.1,6.6,6.2,5.3,4.8,4.7,4.1,3.8,3.6,3.0,2.3,1.9,1.8,1.3,1.0,0.7,0.0,-0.3,-0.6,-1.2,-1.3,0.0,2.8,4.5,6.3,7.1,8.6,9.9,9.2,7.3,5.7,4.6,3.8,3.1,2.6,2.2,1.9,1.2,0.6,0.3,0.1,-0.3,-0.8,-0.9,-1.3,1.1,3.8,6.5,8.8,11.3,12.0,12.0,11.1,9.8,8.5,7.0,6.2,5.6,5.6,5.2,4.9,4.4,4.1,3.8,3.2,2.6,2.6,2.9,3.7,4.5,6.3,8.2,9.7,10.9,12.6,13.1,13.3,11.6,11.1,10.3,9.3,8.4,8.6,8.2,7.9,7.7,7.5,8.0,8.3,7.5,6.9,6.8,7.0,7.2,7.3,7.5,7.7,8.1,8.6,8.0,6.8,5.5,4.6,3.8,3.1,2.4,1.6,1.1
330,1.8,1.3,1.0,0.7,0.0,-0.3,-0.6,-1.2,-1.3,0.0,2.8,4.5,6.3,7.1,8.6,9.9,9.2,7.3,5.7,4.6,3.8,3.1,2.6,2.2,1.9,1.2,0.6,0.3,0.1,-0.3,-0.8,-0.9,-1.3,1.1,3.8,6.5,8.8,11.3,12.0,12.0,11.1,9.8,8.5,7.0,6.2,5.6,5.6,5.2,4.9,4.4,4.1,3.8,3.2,2.6,2.6,2.9,3.7,4.5,6.3,8.2,9.7,10.9,12.6,13.1,13.3,11.6,11.1,10.3,9.3,8.4,8.6,8.2,7.9,7.7,7.5,8.0,8.3,7.5,6.9,6.8,7.0,7.2,7.3,7.5,7.7,8.1,8.6,8.0,6.8,5.5,4.6,3.8,3.1,2.4,1.6,1.1,0.7,0.0,-0.6,-0.9,-1.3,-1.7,-2.1,-2.5,-2.7,-2.2,-1.5,-0.8,-0.5,0.1,0.6,1.1,1.4,0.0,-0.8,-1.2,-1.7,-2.1,-2.4,-2.8
331,1.9,1.2,0.6,0.3,0.1,-0.3,-0.8,-0.9,-1.3,1.1,3.8,6.5,8.8,11.3,12.0,12.0,11.1,9.8,8.5,7.0,6.2,5.6,5.6,5.2,4.9,4.4,4.1,3.8,3.2,2.6,2.6,2.9,3.7,4.5,6.3,8.2,9.7,10.9,12.6,13.1,13.3,11.6,11.1,10.3,9.3,8.4,8.6,8.2,7.9,7.7,7.5,8.0,8.3,7.5,6.9,6.8,7.0,7.2,7.3,7.5,7.7,8.1,8.6,8.0,6.8,5.5,4.6,3.8,3.1,2.4,1.6,1.1,0.7,0.0,-0.6,-0.9,-1.3,-1.7,-2.1,-2.5,-2.7,-2.2,-1.5,-0.8,-0.5,0.1,0.6,1.1,1.4,0.0,-0.8,-1.2,-1.7,-2.1,-2.4,-2.8,-2.9,-2.9,-3.1,-3.4,-3.5,-3.7,-4.3,-4.2,-4.6,-3.1,-0.2,1.9,4.0,3.4,3.9,4.1,4.5,4.7,4.8,4.7,4.8,4.8,4.4,4.1
332,4.9,4.4,4.1,3.8,3.2,2.6,2.6,2.9,3.7,4.5,6.3,8.2,9.7,10.9,12.6,13.1,13.3,11.6,11.1,10.3,9.3,8.4,8.6,8.2,7.9,7.7,7.5,8.0,8.3,7.5,6.9,6.8,7.0,7.2,7.3,7.5,7.7,8.1,8.6,8.0,6.8,5.5,4.6,3.8,3.1,2.4,1.6,1.1,0.7,0.0,-0.6,-0.9,-1.3,-1.7,-2.1,-2.5,-2.7,-2.2,-1.5,-0.8,-0.5,0.1,0.6,1.1,1.4,0.0,-0.8,-1.2,-1.7,-2.1,-2.4,-2.8,-2.9,-2.9,-3.1,-3.4,-3.5,-3.7,-4.3,-4.2,-4.6,-3.1,-0.2,1.9,4.0,3.4,3.9,4.1,4.5,4.7,4.8,4.7,4.8,4.8,4.4,4.1,3.5,2.9,3.2,4.4,4.3,3.6,2.7,2.0,1.5,2.1,2.8,3.2,3.2,3.4,3.6,4.0,3.3,2.0,1.0,0.5,0.2,-0.5,-0.8,-1.4
333,7.9,7.7,7.5,8.0,8.3,7.5,6.9,6.8,7.0,7.2,7.3,7.5,7.7,8.1,8.6,8.0,6.8,5.5,4.6,3.8,3.1,2.4,1.6,1.1,0.7,0.0,-0.6,-0.9,-1.3,-1.7,-2.1,-2.5,-2.7,-2.2,-1.5,-0.8,-0.5,0.1,0.6,1.1,1.4,0.0,-0.8,-1.2,-1.7,-2.1,-2.4,-2.8,-2.9,-2.9,-3.1,-3.4,-3.5,-3.7,-4.3,-4.2,-4.6,-3.1,-0.2,1.9,4.0,3.4,3.9,4.1,4.5,4.7,4.8,4.7,4.8,4.8,4.4,4.1,3.5,2.9,3.2,4.4,4.3,3.6,2.7,2.0,1.5,2.1,2.8,3.2,3.2,3.4,3.6,4.0,3.3,2.0,1.0,0.5,0.2,-0.5,-0.8,-1.4,-1.8,-2.1,-1.8,-2.0,-2.5,-2.5,-2.6,-2.5,-2.3,-1.2,0.1,3.7,5.5,5.7,6.2,6.8,6.1,4.9,3.8,3.2,2.3,1.6,0.9,0.1
334,0.7,0.0,-0.6,-0.9,-1.3,-1.7,-2.1,-2.5,-2.7,-2.2,-1.5,-0.8,-0.5,0.1,0.6,1.1,1.4,0.0,-0.8,-1.2,-1.7,-2.1,-2.4,-2.8,-2.9,-2.9,-3.1,-3.4,-3.5,-3.7,-4.3,-4.2,-4.6,-3.1,-0.2,1.9,4.0,3.4,3.9,4.1,4.5,4.7,4.8,4.7,4.8,4.8,4.4,4.1,3.5,2.9,3.2,4.4,4.3,3.6,2.7,2.0,1.5,2.1,2.8,3.2,3.2,3.4,3.6,4.0,3.3,2.0,1.0,0.5,0.2,-0.5,-0.8,-1.4,-1.8,-2.1,-1.8,-2.0,-2.5,-2.5,-2.6,-2.5,-2.3,-1.2,0.1,3.7,5.5,5.7,6.2,6.8,6.1,4.9,3.8,3.2,2.3,1.6,0.9,0.1,-0.4,-0.6,-1.2,-1.6,-1.8,-1.8,-1.9,-2.0,-2.2,-1.0,2.2,4.3,6.3,7.5,9.1,9.1,9.2,8.0,6.3,5.3,4.6,3.7,3.3,2.9
335,-2.9,-2.9,-3.1,-3.4,-3.5,-3.7,-4.3,-4.2,-4.6,-3.1,-0.2,1.9,4.0,3.4,3.9,4.1,4.5,4.7,4.8,4.7,4.8,4.8,4.4,4.1,3.5,2.9,3.2,4.4,4.3,3.6,2.7,2.0,1.5,2.1,2.8,3.2,3.2,3.4,3.6,4.0,3.3,2.0,1.0,0.5,0.2,-0.5,-0.8,-1.4,-1.8,-2.1,-1.8,-2.0,-2.5,-2.5,-2.6,-2.5,-2.3,-1.2,0.1,3.7,5.5,5.7,6.2,6.8,6.1,4.9,3.8,3.2,2.3,1.6,0.9,0.1,-0.4,-0.6,-1.2,-1.6,-1.8,-1.8,-1.9,-2.0,-2.2,-1.0,2.2,4.3,6.3,7.5,9.1,9.1,9.2,8.0,6.3,5.3,4.6,3.7,3.3,2.9,1.9,1.5,1.0,0.8,0.6,0.1,-0.4,-0.7,-0.7,0.9,4.1,6.3,8.4,11.0,11.9,11.5,11.0,10.0,8.9,8.0,7.4,7.0,6.8,6.2
336,3.5,2.9,3.2,4.4,4.3,3.6,2.7,2.0,1.5,2.1,2.8,3.2,3.2,3.4,3.6,4.0,3.3,2.0,1.0,0.5,0.2,-0.5,-0.8,-1.4,-1.8,-2.1,-1.8,-2.0,-2.5,-2.5,-2.6,-2.5,-2.3,-1.2,0.1,3.7,5.5,5.7,6.2,6.8,6.1,4.9,3.8,3.2,2.3,1.6,0.9,0.1,-0.4,-0.6,-1.2,-1.6,-1.8,-1.8,-1.9,-2.0,-2.2,-1.0,2.2,4.3,6.3,7.5,9.1,9.1,9.2,8.0,6.3,5.3,4.6,3.7,3.3,2.9,1.9,1.5,1.0,0.8,0.6,0.1,-0.4,-0.7,-0.7,0.9,4.1,6.3,8.4,11.0,11.9,11.5,11.0,10.0,8.9,8.0,7.4,7.0,6.8,6.2,6.0,5.7,5.0,4.5,3.9,3.6,3.2,2.8,2.6,3.2,5.3,8.4,9.0,11.0,12.6,13.0,12.5,10.8,9.3,8.5,7.7,6.9,6.3,5.7
337,-1.8,-2.1,-1.8,-2.0,-2.5,-2.5,-2.6,-2.5,-2.3,-1.2,0.1,3.7,5.5,5.7,6.2,6.8,6.1,4.9,3.8,3.2,2.3,1.6,0.9,0.1,-0.4,-0.6,-1.2,-1.6,-1.8,-1.8,-1.9,-2.0,-2.2,-1.0,2.2,4.3,6.3,7.5,9.1,9.1,9.2,8.0,6.3,5.3,4.6,3.7,3.3,2.9,1.9,1.5,1.0,0.8,0.6,0.1,-0.4,-0.7,-0.7,0.9,4.1,6.3,8.4,11.0,11.9,11.5,11.0,10.0,8.9,8.0,7.4,7.0,6.8,6.2,6.0,5.7,5.0,4.5,3.9,3.6,3.2,2.8,2.6,3.2,5.3,8.4,9.0,11.0,12.6,13.0,12.5,10.8,9.3,8.5,7.7,6.9,6.3,5.7,5.3,4.9,4.7,4.0,3.3,3.0,2.7,2.2,2.1,2.7,5.6,7.8,10.1,11.6,12.7,13.2,12.8,10.9,9.1,8.1,7.2,6.5,6.1,5.7
338,-0.4,-0.6,-1.2,-1.6,-1.8,-1.8,-1.9,-2.0,-2.2,-1.0,2.2,4.3,6.3,7.5,9.1,9.1,9.2,8.0,6.3,5.3,4.6,3.7,3.3,2.9,1.9,1.5,1.0,0.8,0.6,0.1,-0.4,-0.7,-0.7,0.9,4.1,6.3,8.4,11.0,11.9,11.5,11.0,10.0,8.9,8.0,7.4,7.0,6.8,6.2,6.0,5.7,5.0,4.5,3.9,3.6,3.2,2.8,2.6,3.2,5.3,8.4,9.0,11.0,12.6,13.0,12.5,10.8,9.3,8.5,7.7,6.9,6.3,5.7,5.3,4.9,4.7,4.0,3.3,3.0,2.7,2.2,2.1,2.7,5.6,7.8,10.1,11.6,12.7,13.2,12.8,10.9,9.1,8.1,7.2,6.5,6.1,5.7,5.5,5.0,4.5,3.9,3.4,3.0,2.8,2.8,3.1,4.2,5.1,6.9,8.3,9.0,9.3,9.6,9.4,8.9,8.3,7.5,7.4,7.3,7.1,7.2
339,1.9,1.5,1.0,0.8,0.6,0.1,-0.4,-0.7,-0.7,0.9,4.1,6.3,8.4,11.0,11.9,11.5,11.0,10.0,8.9,8.0,7.4,7.0,6.8,6.2,6.0,5.7,5.0,4.5,3.9,3.6,3.2,2.8,2.6,3.2,5.3,8.4,9.0,11.0,12.6,13.0,12.5,10.8,9.3,8.5,7.7,6.9,6.3,5.7,5.3,4.9,4.7,4.0,3.3,3.0,2.7,2.2,2.1,2.7,5.6,7.8,10.1,11.6,12.7,13.2,12.8,10.9,9.1,8.1,7.2,6.5,6.1,5.7,5.5,5.0,4.5,3.9,3.4,3.0,2.8,2.8,3.1,4.2,5.1,6.9,8.3,9.0,9.3,9.6,9.4,8.9,8.3,7.5,7.4,7.3,7.1,7.2,7.3,7.2,7.0,6.7,6.8,7.0,7.1,7.1,7.2,7.4,7.4,7.2,7.3,7.8,8.1,8.2,7.9,8.0,7.6,7.2,6.8,6.1,5.9,6.0
340,6.0,5.7,5.0,4.5,3.9,3.6,3.2,2.8,2.6,3.2,5.3,8.4,9.0,11.0,12.6,13.0,12.5,10.8,9.3,8.5,7.7,6.9,6.3,5.7,5.3,4.9,4.7,4.0,3.3,3.0,2.7,2.2,2.1,2.7,5.6,7.8,10.1,11.6,12.7,13.2,12.8,10.9,9.1,8.1,7.2,6.5,6.1,5.7,5.5,5.0,4.5,3.9,3.4,3.0,2.8,2.8,3.1,4.2,5.1,6.9,8.3,9.0,9.3,9.6,9.4,8.9,8.3,7.5,7.4,7.3,7.1,7.2,7.3,7.2,7.0,6.7,6.8,7.0,7.1,7.1,7.2,7.4,7.4,7.2,7.3,7.8,8.1,8.2,7.9,8.0,7.6,7.2,6.8,6.1,5.9,6.0,5.9,5.4,5.1,5.0,4.8,4.8,4.7,4.7,4.5,4.7,5.9,6.9,8.5,8.7,9.3,8.5,7.9,7.1,6.5,5.9,5.2,5.0,4.6,4.6
341,5.3,4.9,4.7,4.0,3.3,3.0,2.7,2.2,2.1,2.7,5.6,7.8,10.1,11.6,12.7,13.2,12.8,10.9,9.1,8.1,7.2,6.5,6.1,5.7,5.5,5.0,4.5,3.9,3.4,3.0,2.8,2.8,3.1,4.2,5.1,6.9,8.3,9.0,9.3,9.6,9.4,8.9,8.3,7.5,7.4,7.3,7.1,7.2,7.3,7.2,7.0,6.7,6.8,7.0,7.1,7.1,7.2,7.4,7.4,7.2,7.3,7.8,8.1,8.2,7.9,8.0,7.6,7.2,6.8,6.1,5.9,6.0,5.9,5.4,5.1,5.0,4.8,4.8,4.7,4.7,4.5,4.7,5.9,6.9,8.5,8.7,9.3,8.5,7.9,7.1,6.5,5.9,5.2,5.0,4.6,4.6,5.0,4.7,4.8,4.3,3.7,3.1,2.9,2.7,2.0,1.9,2.4,3.2,4.0,4.1,3.8,3.5,2.4,0.7,-0.7,-1.8,-2.5,-2.9,-3.2,-3.5
342,5.5,5.0,4.5,3.9,3.4,3.0,2.8,2.8,3.1,4.2,5.1,6.9,8.3,9.0,9.3,9.6,9.4,8.9,8.3,7.5,7.4,7.3,7.1,7.2,7.3,7.2,7.0,6.7,6.8,7.0,7.1,7.1,7.2,7.4,7.4,7.2,7.3,7.8,8.1,8.2,7.9,8.0,7.6,7.2,6.8,6.1,5.9,6.0,5.9,5.4,5.1,5.0,4.8,4.8,4.7,4.7,4.5,4.7,5.9,6.9,8.5,8.7,9.3,8.5,7.9,7.1,6.5,5.9,5.2,5.0,4.6,4.6,5.0,4.7,4.8,4.3,3.7,3.1,2.9,2.7,2.0,1.9,2.4,3.2,4.0,4.1,3.8,3.5,2.4,0.7,-0.7,-1.8,-2.5,-2.9,-3.2,-3.5,-3.8,-3.9,-4.1,-4.8,-5.0,-5.2,-5.6,-5.8,-5.7,-5.1,-3.5,-2.4,-0.7,-0.1,0.5,1.4,1.7,0.6,-0.4,-0.8,-1.6,-1.5,-1.0,-0.8
343,7.3,7.2,7.0,6.7,6.8,7.0,7.1,7.1,7.2,7.4,7.4,7.2,7.3,7.8,8.1,8.2,7.9,8.0,7.6,7.2,6.8,6.1,5.9,6.0,5.9,5.4,5.1,5.0,4.8,4.8,4.7,4.7,4.5,4.7,5.9,6.9,8.5,8.7,9.3,8.5,7.9,7.1,6.5,5.9,5.2,5.0,4.6,4.6,5.0,4.7,4.8,4.3,3.7,3.1,2.9,2.7,2.0,1.9,2.4,3.2,4.0,4.1,3.8,3.5,2.4,0.7,-0.7,-1.8,-2.5,-2.9,-3.2,-3.5,-3.8,-3.9,-4.1,-4.8,-5.0,-5.2,-5.6,-5.8,-5.7,-5.1,-3.5,-2.4,-0.7,-0.1,0.5,1.4,1.7,0.6,-0.4,-0.8,-1.6,-1.5,-1.0,-0.8,-0.7,-0.3,0.0,-0.1,0.0,0.0,0.0,0.1,0.1,0.5,1.1,2.9,4.7,6.2,8.1,7.1,6.9,6.5,6.0,5.7,5.5,5.6,5.7,5.8
344,5.9,5.4,5.1,5.0,4.8,4.8,4.7,4.7,4.5,4.7,5.9,6.9,8.5,8.7,9.3,8.5,7.9,7.1,6.5,5.9,5.2,5.0,4.6,4.6,5.0,4.7,4.8,4.3,3.7,3.1,2.9,2.7,2.0,1.9,2.4,3.2,4.0,4.1,3.8,3.5,2.4,0.7,-0.7,-1.8,-2.5,-2.9,-3.2,-3.5,-3.8,-3.9,-4.1,-4.8,-5.0,-5.2,-5.6,-5.8,-5.7,-5.1,-3.5,-2.4,-0.7,-0.1,0.5,1.4,1.7,0.6,-0.4,-0.8,-1.6,-1.5,-1.0,-0.8,-0.7,-0.3,0.0,-0.1,0.0,0.0,0.0,0.1,0.1,0.5,1.1,2.9,4.7,6.2,8.1,7.1,6.9,6.5,6.0,5.7,5.5,5.6,5.7,5.8,5.8,5.7,5.8,5.5,5.5,6.1,6.2,6.4,6.5,6.7,6.9,8.0,9.5,9.6,9.3,9.6,9.4,8.7,8.1,7.7,6.9,6.8,6.5,6.2
345,5.0,4.7,4.8,4.3,3.7,3.1,2.9,2.7,2.0,1.9,2.4,3.2,4.0,4.1,3.8,3.5,2.4,0.7,-0.7,-1.8,-2.5,-2.9,-3.2,-3.5,-3.8,-3.9,-4.1,-4.8,-5.0,-5.2,-5.6,-5.8,-5.7,-5.1,-3.5,-2.4,-0.7,-0.1,0.5,1.4,1.7,0.6,-0.4,-0.8,-1.6,-1.5,-1.0,-0.8,-0.7,-0.3,0.0,-0.1,0.0,0.0,0.0,0.1,0.1,0.5,1.1,2.9,4.7,6.2,8.1,7.1,6.9,6.5,6.0,5.7,5.5,5.6,5.7,5.8,5.8,5.7,5.8,5.5,5.5,6.1,6.2,6.4,6.5,6.7,6.9,8.0,9.5,9.6,9.3,9.6,9.4,8.7,8.1,7.7,6.9,6.8,6.5,6.2,5.4,5.2,5.3,5.3,5.2,4.9,4.7,4.4,4.2,4.5,5.1,6.1,8.6,9.5,9.4,9.7,9.3,8.2,7.4,7.1,7.3,7.3,6.4,4.3
346,-3.8,-3.9,-4.1,-4.8,-5.0,-5.2,-5.6,-5.8,-5.7,-5.1,-3.5,-2.4,-0.7,-0.1,0.5,1.4,1.7,0.6,-0.4,-0.8,-1.6,-1.5,-1.0,-0.8,-0.7,-0.3,0.0,-0.1,0.0,0.0,0.0,0.1,0.1,0.5,1.1,2.9,4.7,6.2,8.1,7.1,6.9,6.5,6.0,5.7,5.5,5.6,5.7,5.8,5.8,5.7,5.8,5.5,5.5,6.1,6.2,6.4,6.5,6.7,6.9,8.0,9.5,9.6,9.3,9.6,9.4,8.7,8.1,7.7,6.9,6.8,6.5,6.2,5.4,5.2,5.3,5.3,5.2,4.9,4.7,4.4,4.2,4.5,5.1,6.1,8.6,9.5,9.4,9.7,9.3,8.2,7.4,7.1,7.3,7.3,6.4,4.3,3.3,2.6,1.9,0.3,-1.1,-2.1,-3.1,-3.9,-4.6,-4.8,-4.5,-4.3,-4.3,-4.1,-4.5,-4.9,-6.1,-7.7,-8.5,-8.8,-9.2,-9.6,-9.6,-9.9
347,-0.7,-0.3,0.0,-0.1,0.0,0.0,0.0,0.1,0.1,0.5,1.1,2.9,4.7,6.2,8.1,7.1,6.9,6.5,6.0,5.7,5.5,5.6,5.7,5.8,5.8,5.7,5.8,5.5,5.5,6.1,6.2,6.4,6.5,6.7,6.9,8.0,9.5,9.6,9.3,9.6,9.4,8.7,8.1,7.7,6.9,6.8,6.5,6.2,5.4,5.2,5.3,5.3,5.2,4.9,4.7,4.4,4.2,4.5,5.1,6.1,8.6,9.5,9.4,9.7,9.3,8.2,7.4,7.1,7.3,7.3,6.4,4.3,3.3,2.6,1.9,0.3,-1.1,-2.1,-3.1,-3.9,-4.6,-4.8,-4.5,-4.3,-4.3,-4.1,-4.5,-4.9,-6.1,-7.7,-8.5,-8.8,-9.2,-9.6,-9.6,-9.9,-10.1,-9.9,-9.9,-10.2,-10.6,-10.8,-10.7,-10.9,-11.1,-9.6,-7.0,-4.4,-3.0,-2.3,-1.9,-1.9,-3.0,-2.8,-3.4,-3.8,-4.3,-4.5,-4.0,-3.2
348,5.8,5.7,5.8,5.5,5.5,6.1,6.2,6.4,6.5,6.7,6.9,8.0,9.5,9.6,9.3,9.6,9.4,8.7,8.1,7.7,6.9,6.8,6.5,6.2,5.4,5.2,5.3,5.3,5.2,4.9,4.7,4.4,4.2,4.5,5.1,6.1,8.6,9.5,9.4,9.7,9.3,8.2,7.4,7.1,7.3,7.3,6.4,4.3,3.3,2.6,1.9,0.3,-1.1,-2.1,-3.1,-3.9,-4.6,-4.8,-4.5,-4.3,-4.3,-4.1,-4.5,-4.9,-6.1,-7.7,-8.5,-8.8,-9.2,-9.6,-9.6,-9.9,-10.1,-9.9,-9.9,-10.2,-10.6,-10.8,-10.7,-10.9,-11.1,-9.6,-7.0,-4.4,-3.0,-2.3,-1.9,-1.9,-3.0,-2.8,-3.4,-3.8,-4.3,-4.5,-4.0,-3.2,-2.5,-0.5,-1.9,-2.6,-3.0,-3.5,-4.4,-5.2,-5.7,-4.9,-2.8,-1.2,0.6,1.5,3.0,3.6,4.0,3.0,2.0,1.0,0.3,-0.2,-0.6,-0.7
349,5.4,5.2,5.3,5.3,5.2,4.9,4.7,4.4,4.2,4.5,5.1,6.1,8.6,9.5,9.4,9.7,9.3,8.2,7.4,7.1,7.3,7.3,6.4,4.3,3.3,2.6,1.9,0.3,-1.1,-2.1,-3.1,-3.9,-4.6,-4.8,-4.5,-4.3,-4.3,-4.1,-4.5,-4.9,-6.1,-7.7,-8.5,-8.8,-9.2,-9.6,-9.6,-9.9,-10.1,-9.9,-9.9,-10.2,-10.6,-10.8,-10.7,-10.9,-11.1,-9.6,-7.0,-4.4,-3.0,-2.3,-1.9,-1.9,-3.0,-2.8,-3.4,-3.8,-4.3,-4.5,-4.0,-3.2,-2.5,-0.5,-1.9,-2.6,-3.0,-3.5,-4.4,-5.2,-5.7,-4.9,-2.8,-1.2,0.6,1.5,3.0,3.6,4.0,3.0,2.0,1.0,0.3,-0.2,-0.6,-0.7,-0.9,-0.5,-0.6,-0.3,-0.1,-0.5,0.2,0.5,0.2,0.7,3.0,5.2,8.8,10.2,11.0,10.5,10.2,9.6,8.8,8.2,7.6,6.8,6.6,6.6
350,3.3,2.6,1.9,0.3,-1.1,-2.1,-3.1,-3.9,-4.6,-4.8,-4.5,-4.3,-4.3,-4.1,-4.5,-4.9,-6.1,-7.7,-8.5,-8.8,-9.2,-9.6,-9.6,-9.9,-10.1,-9.9,-9.9,-10.2,-10.6,-10.8,-10.7,-10.9,-11.1,-9.6,-7.0,-4.4,-3.0,-2.3,-1.9,-1.9,-3.0,-2.8,-3.4,-3.8,-4.3,-4.5,-4.0,-3.2,-2.5,-0.5,-1.9,-2.6,-3.0,-3.5,-4.4,-5.2,-5.7,-4.9,-2.8,-1.2,0.6,1.5,3.0,3.6,4.0,3.0,2.0,1.0,0.3,-0.2,-0.6,-0.7,-0.9,-0.5,-0.6,-0.3,-0.1,-0.5,0.2,0.5,0.2,0.7,3.0,5.2,8.8,10.2,11.0,10.5,10.2,9.6,8.8,8.2,7.6,6.8,6.6,6.6,5.9,5.4,5.6,5.6,5.6,5.8,5.4,5.2,5.7,6.0,7.1,7.3,7.4,7.7,8.1,8.5,8.2,6.9,5.5,4.4,3.5,2.6,1.6,1.5
351,-10.1,-9.9,-9.9,-10.2,-10.6,-10.8,-10.7,-10.9,-11.1,-9.6,-7.0,-4.4,-3.0,-2.3,-1.9,-1.9,-3.0,-2.8,-3.4,-3.8,-4.3,-4.5,-4.0,-3.2,-2.5,-0.5,-1.9,-2.6,-3.0,-3.5,-4.4,-5.2,-5.7,-4.9,-2.8,-1.2,0.6,1.5,3.0,3.6,4.0,3.0,2.0,1.0,0.3,-0.2,-0.6,-0.7,-0.9,-0.5,-0.6,-0.3,-0.1,-0.5,0.2,0.5,0.2,0.7,3.0,5.2,8.8,10.2,11.0,10.5,10.2,9.6,8.8,8.2,7.6,6.8,6.6,6.6,5.9,5.4,5.6,5.6,5.6,5.8,5.4,5.2,5.7,6.0,7.1,7.3,7.4,7.7,8.1,8.5,8.2,6.9,5.5,4.4,3.5,2.6,1.6,1.5,0.8,0.1,-0.3,-1.0,-1.7,-2.1,-2.1,-2.3,-2.4,-1.3,1.1,3.6,5.9,7.0,7.8,8.0,7.4,6.2,4.7,3.7,3.0,2.5,1.7,1.1
352,-2.5,-0.5,-1.9,-2.6,-3.0,-3.5,-4.4,-5.2,-5.7,-4.9,-2.8,-1.2,0.6,1.5,3.0,3.6,4.0,3.0,2.0,1.0,0.3,-0.2,-0.6,-0.7,-0.9,-0.5,-0.6,-0.3,-0.1,-0.5,0.2,0.5,0.2,0.7,3.0,5.2,8.8,10.2,11.0,10.5,10.2,9.6,8.8,8.2,7.6,6.8,6.6,6.6,5.9,5.4,5.6,5.6,5.6,5.8,5.4,5.2,5.7,6.0,7.1,7.3,7.4,7.7,8.1,8.5,8.2,6.9,5.5,4.4,3.5,2.6,1.6,1.5,0.8,0.1,-0.3,-1.0,-1.7,-2.1,-2.1,-2.3,-2.4,-1.3,1.1,3.6,5.9,7.0,7.8,8.0,7.4,6.2,4.7,3.7,3.0,2.5,1.7,1.1,0.8,0.2,-0.2,-0.5,-1.0,-1.3,-1.2,-1.1,-1.4,-1.0,0.8,2.7,5.4,7.7,8.2,8.0,7.6,6.5,5.0,3.9,3.7,3.5,2.8,2.6
353,-0.9,-0.5,-0.6,-0.3,-0.1,-0.5,0.2,0.5,0.2,0.7,3.0,5.2,8.8,10.2,11.0,10.5,10.2,9.6,8.8,8.2,7.6,6.8,6.6,6.6,5.9,5.4,5.6,5.6,5.6,5.8,5.4,5.2,5.7,6.0,7.1,7.3,7.4,7.7,8.1,8.5,8.2,6.9,5.5,4.4,3.5,2.6,1.6,1.5,0.8,0.1,-0.3,-1.0,-1.7,-2.1,-2.1,-2.3,-2.4,-1.3,1.1,3.6,5.9,7.0,7.8,8.0,7.4,6.2,4.7,3.7,3.0,2.5,1.7,1.1,0.8,0.2,-0.2,-0.5,-1.0,-1.3,-1.2,-1.1,-1.4,-1.0,0.8,2.7,5.4,7.7,8.2,8.0,7.6,6.5,5.0,3.9,3.7,3.5,2.8,2.6,2.0,1.9,2.0,1.7,2.0,1.5,1.8,2.2,2.5,2.7,2.7,2.8,3.2,2.5,2.6,2.1,1.6,0.5,-1.4,-2.8,-3.7,-5.2,-6.0,-6.6
354,5.9,5.4,5.6,5.6,5.6,5.8,5.4,5.2,5.7,6.0,7.1,7.3,7.4,7.7,8.1,8.5,8.2,6.9,5.5,4.4,3.5,2.6,1.6,1.5,0.8,0.1,-0.3,-1.0,-1.7,-2.1,-2.1,-2.3,-2.4,-1.3,1.1,3.6,5.9,7.0,7.8,8.0,7.4,6.2,4.7,3.7,3.0,2.5,1.7,1.1,0.8,0.2,-0.2,-0.5,-1.0,-1.3,-1.2,-1.1,-1.4,-1.0,0.8,2.7,5.4,7.7,8.2,8.0,7.6,6.5,5.0,3.9,3.7,3.5,2.8,2.6,2.0,1.9,2.0,1.7,2.0,1.5,1.8,2.2,2.5,2.7,2.7,2.8,3.2,2.5,2.6,2.1,1.6,0.5,-1.4,-2.8,-3.7,-5.2,-6.0,-6.6,-7.3,-8.3,-9.4,-10.1,-10.8,-11.4,-12.3,-13.0,-13.3,-13.1,-12.2,-11.5,-10.8,-10.3,-9.1,-8.4,-8.9,-9.9,-10.9,-12.1,-13.2,-13.7,-14.1,-14.4
355,0.8,0.1,-0.3,-1.0,-1.7,-2.1,-2.1,-2.3,-2.4,-1.3,1.1,3.6,5.9,7.0,7.8,8.0,7.4,6.2,4.7,3.7,3.0,2.5,1.7,1.1,0.8,0.2,-0.2,-0.5,-1.0,-1.3,-1.2,-1.1,-1.4,-1.0,0.8,2.7,5.4,7.7,8.2,8.0,7.6,6.5,5.0,3.9,3.7,3.5,2.8,2.6,2.0,1.9,2.0,1.7,2.0,1.5,1.8,2.2,2.5,2.7,2.7,2.8,3.2,2.5,2.6,2.1,1.6,0.5,-1.4,-2.8,-3.7,-5.2,-6.0,-6.6,-7.3,-8.3,-9.4,-10.1,-10.8,-11.4,-12.3,-13.0,-13.3,-13.1,-12.2,-11.5,-10.8,-10.3,-9.1,-8.4,-8.9,-9.9,-10.9,-12.1,-13.2,-13.7,-14.1,-14.4,-14.4,-14.4,-14.6,-14.7,-14.9,-15.1,-15.2,-15.3,-15.4,-15.0,-13.7,-12.7,-11.5,-9.5,-8.9,-8.1,-7.6,-8.4,-9.4,-10.1,-10.5,-11.0,-11.6,-11.8
356,0.8,0.2,-0.2,-0.5,-1.0,-1.3,-1.2,-1.1,-1.4,-1.0,0.8,2.7,5.4,7.7,8.2,8.0,7.6,6.5,5.0,3.9,3.7,3.5,2.8,2.6,2.0,1.9,2.0,1.7,2.0,1.5,1.8,2.2,2.5,2.7,2.7,2.8,3.2,2.5,2.6,2.1,1.6,0.5,-1.4,-2.8,-3.7,-5.2,-6.0,-6.6,-7.3,-8.3,-9.4,-10.1,-10.8,-11.4,-12.3,-13.0,-13.3,-13.1,-12.2,-11.5,-10.8,-10.3,-9.1,-8.4,-8.9,-9.9,-10.9,-12.1,-13.2,-13.7,-14.1,-14.4,-14.4,-14.4,-14.6,-14.7,-14.9,-15.1,-15.2,-15.3,-15.4,-15.0,-13.7,-12.7,-11.5,-9.5,-8.9,-8.1,-7.6,-8.4,-9.4,-10.1,-10.5,-11.0,-11.6,-11.8,-12.1,-12.4,-12.8,-12.1,-12.2,-12.4,-12.5,-12.4,-12.6,-11.5,-8.5,-5.9,-4.8,-4.4,-4.2,-4.2,-4.1,-4.0,-4.1,-4.0,-4.5,-5.2,-5.7,-6.0
357,2.0,1.9,2.0,1.7,2.0,1.5,1.8,2.2,2.5,2.7,2.7,2.8,3.2,2.5,2.6,2.1,1.6,0.5,-1.4,-2.8,-3.7,-5.2,-6.0,-6.6,-7.3,-8.3,-9.4,-10.1,-10.8,-11.4,-12.3,-13.0,-13.3,-13.1,-12.2,-11.5,-10.8,-10.3,-9.1,-8.4,-8.9,-9.9,-10.9,-12.1,-13.2,-13.7,-14.1,-14.4,-14.4,-14.4,-14.6,-14.7,-14.9,-15.1,-15.2,-15.3,-15.4,-15.0,-13.7,-12.7,-11.5,-9.5,-8.9,-8.1,-7.6,-8.4,-9.4,-10.1,-10.5,-11.0,-11.6,-11.8,-12.1,-12.4,-12.8,-12.1,-12.2,-12.4,-12.5,-12.4,-12.6,-11.5,-8.5,-5.9,-4.8,-4.4,-4.2,-4.2,-4.1,-4.0,-4.1,-4.0,-4.5,-5.2,-5.7,-6.0,-6.3,-6.8,-7.2,-7.5,-7.7,-7.9,-8.1,-8.4,-8.1,-7.3,-5.7,-4.0,-2.5,-2.0,-1.5,-1.2,-0.9,-0.9,-1.0,-1.0,-1.1,-1.8,-2.5,-3.0
358,-7.3,-8.3,-9.4,-10.1,-10.8,-11.4,-12.3,-13.0,-13.3,-13.1,-12.2,-11.5,-10.8,-10.3,-9.1,-8.4,-8.9,-9.9,-10.9,-12.1,-13.2,-13.7,-14.1,-14.4,-14.4,-14.4,-14.6,-14.7,-14.9,-15.1,-15.2,-15.3,-15.4,-15.0,-13.7,-12.7,-11.5,-9.5,-8.9,-8.1,-7.6,-8.4,-9.4,-10.1,-10.5,-11.0,-11.6,-11.8,-12.1,-12.4,-12.8,-12.1,-12.2,-12.4,-12.5,-12.4,-12.6,-11.5,-8.5,-5.9,-4.8,-4.4,-4.2,-4.2,-4.1,-4.0,-4.1,-4.0,-4.5,-5.2,-5.7,-6.0,-6.3,-6.8,-7.2,-7.5,-7.7,-7.9,-8.1,-8.4,-8.1,-7.3,-5.7,-4.0,-2.5,-2.0,-1.5,-1.2,-0.9,-0.9,-1.0,-1.0,-1.1,-1.8,-2.5,-3.0,-3.2,-3.5,-3.8,-3.0,-2.5,-2.2,-1.9,-1.7,-1.4,-1.0,0.2,1.5,2.3,4.9,5.1,5.5,5.4,4.9,3.8,2.3,1.1,-0.1,-1.1,-1.8
359,-14.4,-14.4,-14.6,-14.7,-14.9,-15.1,-15.2,-15.3,-15.4,-15.0,-13.7,-12.7,-11.5,-9.5,-8.9,-8.1,-7.6,-8.4,-9.4,-10.1,-10.5,-11.0,-11.6,-11.8,-12.1,-12.4,-12.8,-12.1,-12.2,-12.4,-12.5,-12.4,-12.6,-11.5,-8.5,-5.9,-4.8,-4.4,-4.2,-4.2,-4.1,-4.0,-4.1,-4.0,-4.5,-5.2,-5.7,-6.0,-6.3,-6.8,-7.2,-7.5,-7.7,-7.9,-8.1,-8.4,-8.1,-7.3,-5.7,-4.0,-2.5,-2.0,-1.5,-1.2,-0.9,-0.9,-1.0,-1.0,-1.1,-1.8,-2.5,-3.0,-3.2,-3.5,-3.8,-3.0,-2.5,-2.2,-1.9,-1.7,-1.4,-1.0,0.2,1.5,2.3,4.9,5.1,5.5,5.4,4.9,3.8,2.3,1.1,-0.1,-1.1,-1.8,-2.3,-3.1,-3.9,-4.7,-5.3,-5.7,-6.2,-6.6,-6.7,-6.3,-4.1,-2.4,-1.7,-1.3,-1.2,-0.2,0.2,-1.3,-2.0,-2.5,-3.8,-4.5,-4.9,-5.2
360,-12.1,-12.4,-12.8,-12.1,-12.2,-12.4,-12.5,-12.4,-12.6,-11.5,-8.5,-5.9,-4.8,-4.4,-4.2,-4.2,-4.1,-4.0,-4.1,-4.0,-4.5,-5.2,-5.7,-6.0,-6.3,-6.8,-7.2,-7.5,-7.7,-7.9,-8.1,-8.4,-8.1,-7.3,-5.7,-4.0,-2.5,-2.0,-1.5,-1.2,-0.9,-0.9,-1.0,-1.0,-1.1,-1.8,-2.5,-3.0,-3.2,-3.5,-3.8,-3.0,-2.5,-2.2,-1.9,-1.7,-1.4,-1.0,0.2,1.5,2.3,4.9,5.1,5.5,5.4,4.9,3.8,2.3,1.1,-0.1,-1.1,-1.8,-2.3,-3.1,-3.9,-4.7,-5.3,-5.7,-6.2,-6.6,-6.7,-6.3,-4.1,-2.4,-1.7,-1.3,-1.2,-0.2,0.2,-1.3,-2.0,-2.5,-3.8,-4.5,-4.9,-5.2,-5.5,-5.8,-6.3,-6.7,-7.2,-7.7,-8.0,-8.6,-8.8,-8.4,-7.5,-6.6,-5.7,-4.9,-4.3,-4.1,-4.0,-5.0,-5.9,-6.4,-6.3,-6.7,-7.5,-7.7
361,-6.3,-6.8,-7.2,-7.5,-7.7,-7.9,-8.1,-8.4,-8.1,-7.3,-5.7,-4.0,-2.5,-2.0,-1.5,-1.2,-0.9,-0.9,-1.0,-1.0,-1.1,-1.8,-2.5,-3.0,-3.2,-3.5,-3.8,-3.0,-2.5,-2.2,-1.9,-1.7,-1.4,-1.0,0.2,1.5,2.3,4.9,5.1,5.5,5.4,4.9,3.8,2.3,1.1,-0.1,-1.1,-1.8,-2.3,-3.1,-3.9,-4.7,-5.3,-5.7,-6.2,-6.6,-6.7,-6.3,-4.1,-2.4,-1.7,-1.3,-1.2,-0.2,0.2,-1.3,-2.0,-2.5,-3.8,-4.5,-4.9,-5.2,-5.5,-5.8,-6.3,-6.7,-7.2,-7.7,-8.0,-8.6,-8.8,-8.4,-7.5,-6.6,-5.7,-4.9,-4.3,-4.1,-4.0,-5.0,-5.9,-6.4,-6.3,-6.7,-7.5,-7.7,-8.5,-9.2,-9.5,-9.3,-9.6,-9.7,-9.8,-10.1,-10.2,-9.1,-6.8,-4.3,-2.3,-0.1,1.3,1.9,1.8,0.5,-0.9,-1.2,-1.6,-2.4,-2.5,-2.6
362,-3.2,-3.5,-3.8,-3.0,-2.5,-2.2,-1.9,-1.7,-1.4,-1.0,0.2,1.5,2.3,4.9,5.1,5.5,5.4,4.9,3.8,2.3,1.1,-0.1,-1.1,-1.8,-2.3,-3.1,-3.9,-4.7,-5.3,-5.7,-6.2,-6.6,-6.7,-6.3,-4.1,-2.4,-1.7,-1.3,-1.2,-0.2,0.2,-1.3,-2.0,-2.5,-3.8,-4.5,-4.9,-5.2,-5.5,-5.8,-6.3,-6.7,-7.2,-7.7,-8.0,-8.6,-8.8,-8.4,-7.5,-6.6,-5.7,-4.9,-4.3,-4.1,-4.0,-5.0,-5.9,-6.4,-6.3,-6.7,-7.5,-7.7,-8.5,-9.2,-9.5,-9.3,-9.6,-9.7,-9.8,-10.1,-10.2,-9.1,-6.8,-4.3,-2.3,-0.1,1.3,1.9,1.8,0.5,-0.9,-1.2,-1.6,-2.4,-2.5,-2.6,-2.8,-2.9,-2.6,-2.1,-1.9,-1.9,-1.9,-2.2,-2.2,-1.9,-0.8,0.0,1.4,1.4,2.4,2.5,2.5,1.2,-0.5,-1.6,-2.6,-2.9,-3.8,-4.4
363,-2.3,-3.1,-3.9,-4.7,-5.3,-5.7,-6.2,-6.6,-6.7,-6.3,-4.1,-2.4,-1.7,-1.3,-1.2,-0.2,0.2,-1.3,-2.0,-2.5,-3.8,-4.5,-4.9,-5.2,-5.5,-5.8,-6.3,-6.7,-7.2,-7.7,-8.0,-8.6,-8.8,-8.4,-7.5,-6.6,-5.7,-4.9,-4.3,-4.1,-4.0,-5.0,-5.9,-6.4,-6.3,-6.7,-7.5,-7.7,-8.5,-9.2,-9.5,-9.3,-9.6,-9.7,-9.8,-10.1,-10.2,-9.1,-6.8,-4.3,-2.3,-0.1,1.3,1.9,1.8,0.5,-0.9,-1.2,-1.6,-2.4,-2.5,-2.6,-2.8,-2.9,-2.6,-2.1,-1.9,-1.9,-1.9,-2.2,-2.2,-1.9,-0.8,0.0,1.4,1.4,2.4,2.5,2.5,1.2,-0.5,-1.6,-2.6,-2.9,-3.8,-4.4,-5.2,-5.8,-6.4,-7.0,-7.2,-7.4,-7.8,-7.7,-7.6,-6.9,-4.0,-1.4,0.9,1.7,2.0,2.2,2.3,1.6,1.3,1.3,1.2,1.1,0.9,0.6
364,-5.5,-5.8,-6.3,-6.7,-7.2,-7.7,-8.0,-8.6,-8.8,-8.4,-7.5,-6.6,-5.7,-4.9,-4.3,-4.1,-4.0,-5.0,-5.9,-6.4,-6.3,-6.7,-7.5,-7.7,-8.5,-9.2,-9.5,-9.3,-9.6,-9.7,-9.8,-10.1,-10.2,-9.1,-6.8,-4.3,-2.3,-0.1,1.3,1.9,1.8,0.5,-0.9,-1.2,-1.6,-2.4,-2.5,-2.6,-2.8,-2.9,-2.6,-2.1,-1.9,-1.9,-1.9,-2.2,-2.2,-1.9,-0.8,0.0,1.4,1.4,2.4,2.5,2.5,1.2,-0.5,-1.6,-2.6,-2.9,-3.8,-4.4,-5.2,-5.8,-6.4,-7.0,-7.2,-7.4,-7.8,-7.7,-7.6,-6.9,-4.0,-1.4,0.9,1.7,2.0,2.2,2.3,1.6,1.3,1.3,1.2,1.1,0.9,0.6,0.7,0.7,-0.4,-1.6,-2.2,-2.9,-3.6,-4.0,-4.6,-4.3,-3.5,-1.9,-0.6,-0.5,0.0,0.9,0.7,-0.4,-1.7,-2.6,-2.5,-3.5,-4.4,-5.1
365,-8.5,-9.2,-9.5,-9.3,-9.6,-9.7,-9.8,-10.1,-10.2,-9.1,-6.8,-4.3,-2.3,-0.1,1.3,1.9,1.8,0.5,-0.9,-1.2,-1.6,-2.4,-2.5,-2.6,-2.8,-2.9,-2.6,-2.1,-1.9,-1.9,-1.9,-2.2,-2.2,-1.9,-0.8,0.0,1.4,1.4,2.4,2.5,2.5,1.2,-0.5,-1.6,-2.6,-2.9,-3.8,-4.4,-5.2,-5.8,-6.4,-7.0,-7.2,-7.4,-7.8,-7.7,-7.6,-6.9,-4.0,-1.4,0.9,1.7,2.0,2.2,2.3,1.6,1.3,1.3,1.2,1.1,0.9,0.6,0.7,0.7,-0.4,-1.6,-2.2,-2.9,-3.6,-4.0,-4.6,-4.3,-3.5,-1.9,-0.6,-0.5,0.0,0.9,0.7,-0.4,-1.7,-2.6,-2.5,-3.5,-4.4,-5.1,-5.6,-6.0,-6.6,-7.0,-7.2,-7.3,-7.6,-7.7,-7.5,-6.4,-4.4,-2.4,-0.6,0.5,1.3,1.7,1.8,1.4,0.7,0.1,-0.6,-1.0,-1.3,-1.9
366,-2.8,-2.9,-2.6,-2.1,-1.9,-1.9,-1.9,-2.2,-2.2,-1.9,-0.8,0.0,1.4,1.4,2.4,2.5,2.5,1.2,-0.5,-1.6,-2.6,-2.9,-3.8,-4.4,-5.2,-5.8,-6.4,-7.0,-7.2,-7.4,-7.8,-7.7,-7.6,-6.9,-4.0,-1.4,0.9,1.7,2.0,2.2,2.3,1.6,1.3,1.3,1.2,1.1,0.9,0.6,0.7,0.7,-0.4,-1.6,-2.2,-2.9,-3.6,-4.0,-4.6,-4.3,-3.5,-1.9,-0.6,-0.5,0.0,0.9,0.7,-0.4,-1.7,-2.6,-2.5,-3.5,-4.4,-5.1,-5.6,-6.0,-6.6,-7.0,-7.2,-7.3,-7.6,-7.7,-7.5,-6.4,-4.4,-2.4,-0.6,0.5,1.3,1.7,1.8,1.4,0.7,0.1,-0.6,-1.0,-1.3,-1.9,-2.5,-3.1,-3.7,-4.5,-4.8,-4.6,-5.4,-5.5,-5.9,-5.1,-3.0,-1.1,0.3,1.7,2.8,2.8,3.1,2.0,0.7,0.0,-1.2,-1.9,-2.7,-3.4
367,-5.2,-5.8,-6.4,-7.0,-7.2,-7.4,-7.8,-7.7,-7.6,-6.9,-4.0,-1.4,0.9,1.7,2.0,2.2,2.3,1.6,1.3,1.3,1.2,1.1,0.9,0.6,0.7,0.7,-0.4,-1.6,-2.2,-2.9,-3.6,-4.0,-4.6,-4.3,-3.5,-1.9,-0.6,-0.5,0.0,0.9,0.7,-0.4,-1.7,-2.6,-2.5,-3.5,-4.4,-5.1,-5.6,-6.0,-6.6,-7.0,-7.2,-7.3,-7.6,-7.7,-7.5,-6.4,-4.4,-2.4,-0.6,0.5,1.3,1.7,1.8,1.4,0.7,0.1,-0.6,-1.0,-1.3,-1.9,-2.5,-3.1,-3.7,-4.5,-4.8,-4.6,-5.4,-5.5,-5.9,-5.1,-3.0,-1.1,0.3,1.7,2.8,2.8,3.1,2.0,0.7,0.0,-1.2,-1.9,-2.7,-3.4,-4.2,-4.5,-4.8,-5.0,-5.3,-5.4,-5.7,-5.8,-5.8,-5.3,-3.0,0.3,1.9,2.5,3.7,4.2,4.4,2.8,1.4,0.3,-0.5,-1.3,-1.9,-2.2
368,0.7,0.7,-0.4,-1.6,-2.2,-2.9,-3.6,-4.0,-4.6,-4.3,-3.5,-1.9,-0.6,-0.5,0.0,0.9,0.7,-0.4,-1.7,-2.6,-2.5,-3.5,-4.4,-5.1,-5.6,-6.0,-6.6,-7.0,-7.2,-7.3,-7.6,-7.7,-7.5,-6.4,-4.4,-2.4,-0.6,0.5,1.3,1.7,1.8,1.4,0.7,0.1,-0.6,-1.0,-1.3,-1.9,-2.5,-3.1,-3.7,-4.5,-4.8,-4.6,-5.4,-5.5,-5.9,-5.1,-3.0,-1.1,0.3,1.7,2.8,2.8,3.1,2.0,0.7,0.0,-1.2,-1.9,-2.7,-3.4,-4.2,-4.5,-4.8,-5.0,-5.3,-5.4,-5.7,-5.8,-5.8,-5.3,-3.0,0.3,1.9,2.5,3.7,4.2,4.4,2.8,1.4,0.3,-0.5,-1.3,-1.9,-2.2,-2.8,-3.1,-3.3,-3.6,-3.9,-4.3,-4.7,-4.9,-4.9,-4.0,-2.4,-0.8,0.6,2.3,3.1,3.2,3.5,3.7,3.6,3.6,3.3,3.4,3.4,3.5
369,-5.6,-6.0,-6.6,-7.0,-7.2,-7.3,-7.6,-7.7,-7.5,-6.4,-4.4,-2.4,-0.6,0.5,1.3,1.7,1.8,1.4,0.7,0.1,-0.6,-1.0,-1.3,-1.9,-2.5,-3.1,-3.7,-4.5,-4.8,-4.6,-5.4,-5.5,-5.9,-5.1,-3.0,-1.1,0.3,1.7,2.8,2.8,3.1,2.0,0.7,0.0,-1.2,-1.9,-2.7,-3.4,-4.2,-4.5,-4.8,-5.0,-5.3,-5.4,-5.7,-5.8,-5.8,-5.3,-3.0,0.3,1.9,2.5,3.7,4.2,4.4,2.8,1.4,0.3,-0.5,-1.3,-1.9,-2.2,-2.8,-3.1,-3.3,-3.6,-3.9,-4.3,-4.7,-4.9,-4.9,-4.0,-2.4,-0.8,0.6,2.3,3.1,3.2,3.5,3.7,3.6,3.6,3.3,3.4,3.4,3.5,3.7,3.7,3.3,2.5,1.4,0.5,-0.1,-0.9,-0.6,-0.6,-0.3,1.0,2.2,3.3,4.9,5.4,5.3,3.8,2.2,1.4,0.8,0.1,-0.3,-0.8
370,-2.5,-3.1,-3.7,-4.5,-4.8,-4.6,-5.4,-5.5,-5.9,-5.1,-3.0,-1.1,0.3,1.7,2.8,2.8,3.1,2.0,0.7,0.0,-1.2,-1.9,-2.7,-3.4,-4.2,-4.5,-4.8,-5.0,-5.3,-5.4,-5.7,-5.8,-5.8,-5.3,-3.0,0.3,1.9,2.5,3.7,4.2,4.4,2.8,1.4,0.3,-0.5,-1.3,-1.9,-2.2,-2.8,-3.1,-3.3,-3.6,-3.9,-4.3,-4.7,-4.9,-4.9,-4.0,-2.4,-0.8,0.6,2.3,3.1,3.2,3.5,3.7,3.6,3.6,3.3,3.4,3.4,3.5,3.7,3.7,3.3,2.5,1.4,0.5,-0.1,-0.9,-0.6,-0.6,-0.3,1.0,2.2,3.3,4.9,5.4,5.3,3.8,2.2,1.4,0.8,0.1,-0.3,-0.8,-1.2,-1.6,-1.8,-1.9,-2.1,-2.7,-3.1,-3.3,-3.3,-3.0,-1.0,1.5,3.7,4.2,4.4,4.0,3.5,3.0,2.4,2.0,1.8,1.4,1.0,0.3
371,-4.2,-4.5,-4.8,-5.0,-5.3,-5.4,-5.7,-5.8,-5.8,-5.3,-3.0,0.3,1.9,2.5,3.7,4.2,4.4,2.8,1.4,0.3,-0.5,-1.3,-1.9,-2.2,-2.8,-3.1,-3.3,-3.6,-3.9,-4.3,-4.7,-4.9,-4.9,-4.0,-2.4,-0.8,0.6,2.3,3.1,3.2,3.5,3.7,3.6,3.6,3.3,3.4,3.4,3.5,3.7,3.7,3.3,2.5,1.4,0.5,-0.1,-0.9,-0.6,-0.6,-0.3,1.0,2.2,3.3,4.9,5.4,5.3,3.8,2.2,1.4,0.8,0.1,-0.3,-0.8,-1.2,-1.6,-1.8,-1.9,-2.1,-2.7,-3.1,-3.3,-3.3,-3.0,-1.0,1.5,3.7,4.2,4.4,4.0,3.5,3.0,2.4,2.0,1.8,1.4,1.0,0.3,0.3,-1.2,-2.7,-4.3,-5.9,-7.1,-7.9,-8.7,-9.3,-9.3,-8.5,-7.6,-7.0,-5.9,-5.4,-4.9,-4.8,-5.5,-6.7,-7.5,-8.3,-9.0,-9.6,-10.0
372,-2.8,-3.1,-3.3,-3.6,-3.9,-4.3,-4.7,-4.9,-4.9,-4.0,-2.4,-0.8,0.6,2.3,3.1,3.2,3.5,3.7,3.6,3.6,3.3,3.4,3.4,3.5,3.7,3.7,3.3,2.5,1.4,0.5,-0.1,-0.9,-0.6,-0.6,-0.3,1.0,2.2,3.3,4.9,5.4,5.3,3.8,2.2,1.4,0.8,0.1,-0.3,-0.8,-1.2,-1.6,-1.8,-1.9,-2.1,-2.7,-3.1,-3.3,-3.3,-3.0,-1.0,1.5,3.7,4.2,4.4,4.0,3.5,3.0,2.4,2.0,1.8,1.4,1.0,0.3,0.3,-1.2,-2.7,-4.3,-5.9,-7.1,-7.9,-8.7,-9.3,-9.3,-8.5,-7.6,-7.0,-5.9,-5.4,-4.9,-4.8,-5.5,-6.7,-7.5,-8.3,-9.0,-9.6,-10.0,-10.2,-10.7,-11.0,-11.3,-11.3,-11.1,-11.0,-11.2,-11.2,-10.2,-8.8,-7.3,-6.6,-5.5,-3.9,-4.1,-4.0,-4.6,-5.1,-5.5,-5.8,-5.9,-6.1,-6.5
373,3.7,3.7,3.3,2.5,1.4,0.5,-0.1,-0.9,-0.6,-0.6,-0.3,1.0,2.2,3.3,4.9,5.4,5.3,3.8,2.2,1.4,0.8,0.1,-0.3,-0.8,-1.2,-1.6,-1.8,-1.9,-2.1,-2.7,-3.1,-3.3,-3.3,-3.0,-1.0,1.5,3.7,4.2,4.4,4.0,3.5,3.0,2.4,2.0,1.8,1.4,1.0,0.3,0.3,-1.2,-2.7,-4.3,-5.9,-7.1,-7.9,-8.7,-9.3,-9.3,-8.5,-7.6,-7.0,-5.9,-5.4,-4.9,-4.8,-5.5,-6.7,-7.5,-8.3,-9.0,-9.6,-10.0,-10.2,-10.7,-11.0,-11.3,-11.3,-11.1,-11.0,-11.2,-11.2,-10.2,-8.8,-7.3,-6.6,-5.5,-3.9,-4.1,-4.0,-4.6,-5.1,-5.5,-5.8,-5.9,-6.1,-6.5,-7.1,-7.2,-7.3,-7.0,-7.2,-7.4,-7.2,-6.9,-7.2,-6.9,-5.8,-5.0,-4.4,-4.1,-3.8,-3.3,-3.8,-4.9,-6.1,-6.8,-7.4,-7.7,-8.1,-8.5
374,-1.2,-1.6,-1.8,-1.9,-2.1,-2.7,-3.1,-3.3,-3.3,-3.0,-1.0,1.5,3.7,4.2,4.4,4.0,3.5,3.0,2.4,2.0,1.8,1.4,1.0,0.3,0.3,-1.2,-2.7,-4.3,-5.9,-7.1,-7.9,-8.7,-9.3,-9.3,-8.5,-7.6,-7.0,-5.9,-5.4,-4.9,-4.8,-5.5,-6.7,-7.5,-8.3,-9.0,-9.6,-10.0,-10.2,-10.7,-11.0,-11.3,-11.3,-11.1,-11.0,-11.2,-11.2,-10.2,-8.8,-7.3,-6.6,-5.5,-3.9,-4.1,-4.0,-4.6,-5.1,-5.5,-5.8,-5.9,-6.1,-6.5,-7.1,-7.2,-7.3,-7.0,-7.2,-7.4,-7.2,-6.9,-7.2,-6.9,-5.8,-5.0,-4.4,-4.1,-3.8,-3.3,-3.8,-4.9,-6.1,-6.8,-7.4,-7.7,-8.1,-8.5,-8.9,-9.5,-9.5,-9.7,-9.7,-9.4,-9.5,-9.7,-10.0,-9.1,-7.2,-4.1,-2.3,-0.1,0.3,0.5,1.2,0.1,-1.5,-2.7,-3.1,-3.1,-3.5,-3.9
375,0.3,-1.2,-2.7,-4.3,-5.9,-7.1,-7.9,-8.7,-9.3,-9.3,-8.5,-7.6,-7.0,-5.9,-5.4,-4.9,-4.8,-5.5,-6.7,-7.5,-8.3,-9.0,-9.6,-10.0,-10.2,-10.7,-11.0,-11.3,-11.3,-11.1,-11.0,-11.2,-11.2,-10.2,-8.8,-7.3,-6.6,-5.5,-3.9,-4.1,-4.0,-4.6,-5.1,-5.5,-5.8,-5.9,-6.1,-6.5,-7.1,-7.2,-7.3,-7.0,-7.2,-7.4,-7.2,-6.9,-7.2,-6.9,-5.8,-5.0,-4.4,-4.1,-3.8,-3.3,-3.8,-4.9,-6.1,-6.8,-7.4,-7.7,-8.1,-8.5,-8.9,-9.5,-9.5,-9.7,-9.7,-9.4,-9.5,-9.7,-10.0,-9.1,-7.2,-4.1,-2.3,-0.1,0.3,0.5,1.2,0.1,-1.5,-2.7,-3.1,-3.1,-3.5,-3.9,-3.9,-4.2,-4.5,-4.8,-5.2,-5.2,-5.0,-4.6,-4.4,-3.8,-2.3,-0.7,0.4,0.7,0.9,1.3,1.8,1.6,1.4,1.3,1.3,1.3,1.4,1.3
376,-10.2,-10.7,-11.0,-11.3,-11.3,-11.1,-11.0,-11.2,-11.2,-10.2,-8.8,-7.3,-6.6,-5.5,-3.9,-4.1,-4.0,-4.6,-5.1,-5.5,-5.8,-5.9,-6.1,-6.5,-7.1,-7.2,-7.3,-7.0,-7.2,-7.4,-7.2,-6.9,-7.2,-6.9,-5.8,-5.0,-4.4,-4.1,-3.8,-3.3,-3.8,-4.9,-6.1,-6.8,-7.4,-7.7,-8.1,-8.5,-8.9,-9.5,-9.5,-9.7,-9.7,-9.4,-9.5,-9.7,-10.0,-9.1,-7.2,-4.1,-2.3,-0.1,0.3,0.5,1.2,0.1,-1.5,-2.7,-3.1,-3.1,-3.5,-3.9,-3.9,-4.2,-4.5,-4.8,-5.2,-5.2,-5.0,-4.6,-4.4,-3.8,-2.3,-0.7,0.4,0.7,0.9,1.3,1.8,1.6,1.4,1.3,1.3,1.3,1.4,1.3,1.3,1.5,2.3,2.4,2.4,1.5,0.1,-1.0,-2.5,-3.4,-3.1,-3.1,-1.5,-0.4,0.1,0.5,-0.1,-1.1,-2.4,-3.1,-3.9,-4.4,-5.3,-6.4
377,-7.1,-7.2,-7.3,-7.0,-7.2,-7.4,-7.2,-6.9,-7.2,-6.9,-5.8,-5.0,-4.4,-4.1,-3.8,-3.3,-3.8,-4.9,-6.1,-6.8,-7.4,-7.7,-8.1,-8.5,-8.9,-9.5,-9.5,-9.7,-9.7,-9.4,-9.5,-9.7,-10.0,-9.1,-7.2,-4.1,-2.3,-0.1,0.3,0.5,1.2,0.1,-1.5,-2.7,-3.1,-3.1,-3.5,-3.9,-3.9,-4.2,-4.5,-4.8,-5.2,-5.2,-5.0,-4.6,-4.4,-3.8,-2.3,-0.7,0.4,0.7,0.9,1.3,1.8,1.6,1.4,1.3,1.3,1.3,1.4,1.3,1.3,1.5,2.3,2.4,2.4,1.5,0.1,-1.0,-2.5,-3.4,-3.1,-3.1,-1.5,-0.4,0.1,0.5,-0.1,-1.1,-2.4,-3.1,-3.9,-4.4,-5.3,-6.4,-7.2,-7.9,-8.6,-8.5,-8.9,-9.1,-9.1,-9.2,-8.6,-7.9,-5.4,-3.3,-1.7,-0.2,-1.0,-2.2,-2.2,-2.5,-3.3,-4.1,-5.2,-5.8,-6.5,-7.2
378,-8.9,-9.5,-9.5,-9.7,-9.7,-9.4,-9.5,-9.7,-10.0,-9.1,-7.2,-4.1,-2.3,-0.1,0.3,0.5,1.2,0.1,-1.5,-2.7,-3.1,-3.1,-3.5,-3.9,-3.9,-4.2,-4.5,-4.8,-5.2,-5.2,-5.0,-4.6,-4.4,-3.8,-2.3,-0.7,0.4,0.7,0.9,1.3,1.8,1.6,1.4,1.3,1.3,1.3,1.4,1.3,1.3,1.5,2.3,2.4,2.4,1.5,0.1,-1.0,-2.5,-3.4,-3.1,-3.1,-1.5,-0.4,0.1,0.5,-0.1,-1.1,-2.4,-3.1,-3.9,-4.4,-5.3,-6.4,-7.2,-7.9,-8.6,-8.5,-8.9,-9.1,-9.1,-9.2,-8.6,-7.9,-5.4,-3.3,-1.7,-0.2,-1.0,-2.2,-2.2,-2.5,-3.3,-4.1,-5.2,-5.8,-6.5,-7.2,-7.7,-7.6,-7.9,-8.4,-8.9,-9.1,-9.6,-9.4,-9.6,-8.8,-7.5,-5.6,-3.7,-3.0,-1.8,-1.0,-0.9,-1.9,-3.0,-3.6,-4.0,-4.7,-5.2,-5.5
379,-3.9,-4.2,-4.5,-4.8,-5.2,-5.2,-5.0,-4.6,-4.4,-3.8,-2.3,-0.7,0.4,0.7,0.9,1.3,1.8,1.6,1.4,1.3,1.3,1.3,1.4,1.3,1.3,1.5,2.3,2.4,2.4,1.5,0.1,-1.0,-2.5,-3.4,-3.1,-3.1,-1.5,-0.4,0.1,0.5,-0.1,-1.1,-2.4,-3.1,-3.9,-4.4,-5.3,-6.4,-7.2,-7.9,-8.6,-8.5,-8.9,-9.1,-9.1,-9.2,-8.6,-7.9,-5.4,-3.3,-1.7,-0.2,-1.0,-2.2,-2.2,-2.5,-3.3,-4.1,-5.2,-5.8,-6.5,-7.2,-7.7,-7.6,-7.9,-8.4,-8.9,-9.1,-9.6,-9.4,-9.6,-8.8,-7.5,-5.6,-3.7,-3.0,-1.8,-1.0,-0.9,-1.9,-3.0,-3.6,-4.0,-4.7,-5.2,-5.5,-5.6,-6.0,-6.2,-6.4,-6.5,-6.7,-6.6,-6.7,-5.9,-4.8,-4.3,-4.2,-3.4,-3.4,-3.1,-3.2,-2.7,-3.1,-3.5,-4.9,-5.7,-6.5,-7.0,-7.3
380,1.3,1.5,2.3,2.4,2.4,1.5,0.1,-1.0,-2.5,-3.4,-3.1,-3.1,-1.5,-0.4,0.1,0.5,-0.1,-1.1,-2.4,-3.1,-3.9,-4.4,-5.3,-6.4,-7.2,-7.9,-8.6,-8.5,-8.9,-9.1,-9.1,-9.2,-8.6,-7.9,-5.4,-3.3,-1.7,-0.2,-1.0,-2.2,-2.2,-2.5,-3.3,-4.1,-5.2,-5.8,-6.5,-7.2,-7.7,-7.6,-7.9,-8.4,-8.9,-9.1,-9.6,-9.4,-9.6,-8.8,-7.5,-5.6,-3.7,-3.0,-1.8,-1.0,-0.9,-1.9,-3.0,-3.6,-4.0,-4.7,-5.2,-5.5,-5.6,-6.0,-6.2,-6.4,-6.5,-6.7,-6.6,-6.7,-5.9,-4.8,-4.3,-4.2,-3.4,-3.4,-3.1,-3.2,-2.7,-3.1,-3.5,-4.9,-5.7,-6.5,-7.0,-7.3,-7.7,-8.3,-8.8,-9.2,-9.5,-9.4,-9.7,-9.8,-9.3,-8.5,-6.0,-3.3,-1.6,0.1,-0.3,0.0,0.8,-0.2,-1.5,-2.2,-2.8,-3.7,-4.5,-5.0
381,-7.2,-7.9,-8.6,-8.5,-8.9,-9.1,-9.1,-9.2,-8.6,-7.9,-5.4,-3.3,-1.7,-0.2,-1.0,-2.2,-2.2,-2.5,-3.3,-4.1,-5.2,-5.8,-6.5,-7.2,-7.7,-7.6,-7.9,-8.4,-8.9,-9.1,-9.6,-9.4,-9.6,-8.8,-7.5,-5.6,-3.7,-3.0,-1.8,-1.0,-0.9,-1.9,-3.0,-3.6,-4.0,-4.7,-5.2,-5.5,-5.6,-6.0,-6.2,-6.4,-6.5,-6.7,-6.6,-6.7,-5.9,-4.8,-4.3,-4.2,-3.4,-3.4,-3.1,-3.2,-2.7,-3.1,-3.5,-4.9,-5.7,-6.5,-7.0,-7.3,-7.7,-8.3,-8.8,-9.2,-9.5,-9.4,-9.7,-9.8,-9.3,-8.5,-6.0,-3.3,-1.6,0.1,-0.3,0.0,0.8,-0.2,-1.5,-2.2,-2.8,-3.7,-4.5,-5.0,-5.5,-5.9,-6.4,-7.0,-7.2,-7.8,-8.1,-8.3,-8.6,-7.2,-3.8,-1.4,-0.1,1.6,3.4,4.1,4.1,3.5,1.7,0.2,-0.8,-1.8,-2.1,-2.7
382,-7.7,-7.6,-7.9,-8.4,-8.9,-9.1,-9.6,-9.4,-9.6,-8.8,-7.5,-5.6,-3.7,-3.0,-1.8,-1.0,-0.9,-1.9,-3.0,-3.6,-4.0,-4.7,-5.2,-5.5,-5.6,-6.0,-6.2,-6.4,-6.5,-6.7,-6.6,-6.7,-5.9,-4.8,-4.3,-4.2,-3.4,-3.4,-3.1,-3.2,-2.7,-3.1,-3.5,-4.9,-5.7,-6.5,-7.0,-7.3,-7.7,-8.3,-8.8,-9.2,-9.5,-9.4,-9.7,-9.8,-9.3,-8.5,-6.0,-3.3,-1.6,0.1,-0.3,0.0,0.8,-0.2,-1.5,-2.2,-2.8,-3.7,-4.5,-5.0,-5.5,-5.9,-6.4,-7.0,-7.2,-7.8,-8.1,-8.3,-8.6,-7.2,-3.8,-1.4,-0.1,1.6,3.4,4.1,4.1,3.5,1.7,0.2,-0.8,-1.8,-2.1,-2.7,-3.1,-3.5,-3.7,-3.7,-4.2,-4.5,-4.6,-4.7,-5.0,-4.0,-2.2,0.0,2.6,5.3,5.0,6.7,6.7,5.2,3.6,2.9,2.3,1.2,0.7,0.2
383,-5.6,-6.0,-6.2,-6.4,-6.5,-6.7,-6.6,-6.7,-5.9,-4.8,-4.3,-4.2,-3.4,-3.4,-3.1,-3.2,-2.7,-3.1,-3.5,-4.9,-5.7,-6.5,-7.0,-7.3,-7.7,-8.3,-8.8,-9.2,-9.5,-9.4,-9.7,-9.8,-9.3,-8.5,-6.0,-3.3,-1.6,0.1,-0.3,0.0,0.8,-0.2,-1.5,-2.2,-2.8,-3.7,-4.5,-5.0,-5.5,-5.9,-6.4,-7.0,-7.2,-7.8,-8.1,-8.3,-8.6,-7.2,-3.8,-1.4,-0.1,1.6,3.4,4.1,4.1,3.5,1.7,0.2,-0.8,-1.8,-2.1,-2.7,-3.1,-3.5,-3.7,-3.7,-4.2,-4.5,-4.6,-4.7,-5.0,-4.0,-2.2,0.0,2.6,5.3,5.0,6.7,6.7,5.2,3.6,2.9,2.3,1.2,0.7,0.2,0.5,0.8,0.6,0.6,0.5,-0.1,-0.5,-0.5,-0.3,0.3,1.0,2.3,2.9,4.2,6.2,6.1,6.1,5.6,3.8,3.0,2.3,1.3,0.8,1.1
384,-7.7,-8.3,-8.8,-9.2,-9.5,-9.4,-9.7,-9.8,-9.3,-8.5,-6.0,-3.3,-1.6,0.1,-0.3,0.0,0.8,-0.2,-1.5,-2.2,-2.8,-3.7,-4.5,-5.0,-5.5,-5.9,-6.4,-7.0,-7.2,-7.8,-8.1,-8.3,-8.6,-7.2,-3.8,-1.4,-0.1,1.6,3.4,4.1,4.1,3.5,1.7,0.2,-0.8,-1.8,-2.1,-2.7,-3.1,-3.5,-3.7,-3.7,-4.2,-4.5,-4.6,-4.7,-5.0,-4.0,-2.2,0.0,2.6,5.3,5.0,6.7,6.7,5.2,3.6,2.9,2.3,1.2,0.7,0.2,0.5,0.8,0.6,0.6,0.5,-0.1,-0.5,-0.5,-0.3,0.3,1.0,2.3,2.9,4.2,6.2,6.1,6.1,5.6,3.8,3.0,2.3,1.3,0.8,1.1,1.2,1.6,1.7,1.7,1.8,1.8,1.8,1.9,1.9,2.7,4.6,6.4,6.7,8.1,8.2,7.8,7.5,7.0,6.2,5.5,5.2,5.0,4.8,4.8
385,-5.5,-5.9,-6.4,-7.0,-7.2,-7.8,-8.1,-8.3,-8.6,-7.2,-3.8,-1.4,-0.1,1.6,3.4,4.1,4.1,3.5,1.7,0.2,-0.8,-1.8,-2.1,-2.7,-3.1,-3.5,-3.7,-3.7,-4.2,-4.5,-4.6,-4.7,-5.0,-4.0,-2.2,0.0,2.6,5.3,5.0,6.7,6.7,5.2,3.6,2.9,2.3,1.2,0.7,0.2,0.5,0.8,0.6,0.6,0.5,-0.1,-0.5,-0.5,-0.3,0.3,1.0,2.3,2.9,4.2,6.2,6.1,6.1,5.6,3.8,3.0,2.3,1.3,0.8,1.1,1.2,1.6,1.7,1.7,1.8,1.8,1.8,1.9,1.9,2.7,4.6,6.4,6.7,8.1,8.2,7.8,7.5,7.0,6.2,5.5,5.2,5.0,4.8,4.8,4.5,4.3,4.0,4.1,2.9,2.3,2.1,2.1,2.0,1.9,1.9,2.2,2.3,2.5,3.4,3.9,4.1,4.5,3.8,3.5,3.2,2.6,2.6,2.3
386,-3.1,-3.5,-3.7,-3.7,-4.2,-4.5,-4.6,-4.7,-5.0,-4.0,-2.2,0.0,2.6,5.3,5.0,6.7,6.7,5.2,3.6,2.9,2.3,1.2,0.7,0.2,0.5,0.8,0.6,0.6,0.5,-0.1,-0.5,-0.5,-0.3,0.3,1.0,2.3,2.9,4.2,6.2,6.1,6.1,5.6,3.8,3.0,2.3,1.3,0.8,1.1,1.2,1.6,1.7,1.7,1.8,1.8,1.8,1.9,1.9,2.7,4.6,6.4,6.7,8.1,8.2,7.8,7.5,7.0,6.2,5.5,5.2,5.0,4.8,4.8,4.5,4.3,4.0,4.1,2.9,2.3,2.1,2.1,2.0,1.9,1.9,2.2,2.3,2.5,3.4,3.9,4.1,4.5,3.8,3.5,3.2,2.6,2.6,2.3,2.0,1.3,0.4,-0.2,-0.5,-1.1,-1.3,-1.8,-1.8,-1.2,0.7,2.2,3.8,4.8,5.9,6.5,5.9,4.8,3.2,2.2,1.4,0.7,0.2,-0.6
387,0.5,0.8,0.6,0.6,0.5,-0.1,-0.5,-0.5,-0.3,0.3,1.0,2.3,2.9,4.2,6.2,6.1,6.1,5.6,3.8,3.0,2.3,1.3,0.8,1.1,1.2,1.6,1.7,1.7,1.8,1.8,1.8,1.9,1.9,2.7,4.6,6.4,6.7,8.1,8.2,7.8,7.5,7.0,6.2,5.5,5.2,5.0,4.8,4.8,4.5,4.3,4.0,4.1,2.9,2.3,2.1,2.1,2.0,1.9,1.9,2.2,2.3,2.5,3.4,3.9,4.1,4.5,3.8,3.5,3.2,2.6,2.6,2.3,2.0,1.3,0.4,-0.2,-0.5,-1.1,-1.3,-1.8,-1.8,-1.2,0.7,2.2,3.8,4.8,5.9,6.5,5.9,4.8,3.2,2.2,1.4,0.7,0.2,-0.6,-1.2,-1.6,-2.0,-2.5,-2.7,-3.6,-4.3,-4.5,-4.6,-3.9,-1.5,1.1,1.5,1.9,2.8,3.4,3.8,3.0,1.5,0.5,-0.2,-1.0,-2.1,-2.8
388,1.2,1.6,1.7,1.7,1.8,1.8,1.8,1.9,1.9,2.7,4.6,6.4,6.7,8.1,8.2,7.8,7.5,7.0,6.2,5.5,5.2,5.0,4.8,4.8,4.5,4.3,4.0,4.1,2.9,2.3,2.1,2.1,2.0,1.9,1.9,2.2,2.3,2.5,3.4,3.9,4.1,4.5,3.8,3.5,3.2,2.6,2.6,2.3,2.0,1.3,0.4,-0.2,-0.5,-1.1,-1.3,-1.8,-1.8,-1.2,0.7,2.2,3.8,4.8,5.9,6.5,5.9,4.8,3.2,2.2,1.4,0.7,0.2,-0.6,-1.2,-1.6,-2.0,-2.5,-2.7,-3.6,-4.3,-4.5,-4.6,-3.9,-1.5,1.1,1.5,1.9,2.8,3.4,3.8,3.0,1.5,0.5,-0.2,-1.0,-2.1,-2.8,-3.4,-4.0,-4.3,-5.1,-4.7,-5.2,-5.2,-5.6,-5.8,-5.2,-3.4,-1.8,-0.5,0.2,1.9,1.7,1.5,0.9,-0.6,-1.3,-1.7,-2.1,-3.0,-3.6
389,4.5,4.3,4.0,4.1,2.9,2.3,2.1,2.1,2.0,1.9,1.9,2.2,2.3,2.5,3.4,3.9,4.1,4.5,3.8,3.5,3.2,2.6,2.6,2.3,2.0,1.3,0.4,-0.2,-0.5,-1.1,-1.3,-1.8,-1.8,-1.2,0.7,2.2,3.8,4.8,5.9,6.5,5.9,4.8,3.2,2.2,1.4,0.7,0.2,-0.6,-1.2,-1.6,-2.0,-2.5,-2.7,-3.6,-4.3,-4.5,-4.6,-3.9,-1.5,1.1,1.5,1.9,2.8,3.4,3.8,3.0,1.5,0.5,-0.2,-1.0,-2.1,-2.8,-3.4,-4.0,-4.3,-5.1,-4.7,-5.2,-5.2,-5.6,-5.8,-5.2,-3.4,-1.8,-0.5,0.2,1.9,1.7,1.5,0.9,-0.6,-1.3,-1.7,-2.1,-3.0,-3.6,-4.7,-5.1,-5.7,-6.0,-6.6,-6.8,-6.9,-7.0,-7.0,-6.1,-4.5,-3.6,-1.9,-0.6,-0.3,0.1,0.2,0.5,-0.9,-1.6,-2.3,-2.7,-3.4,-4.1
390,2.0,1.3,0.4,-0.2,-0.5,-1.1,-1.3,-1.8,-1.8,-1.2,0.7,2.2,3.8,4.8,5.9,6.5,5.9,4.8,3.2,2.2,1.4,0.7,0.2,-0.6,-1.2,-1.6,-2.0,-2.5,-2.7,-3.6,-4.3,-4.5,-4.6,-3.9,-1.5,1.1,1.5,1.9,2.8,3.4,3.8,3.0,1.5,0.5,-0.2,-1.0,-2.1,-2.8,-3.4,-4.0,-4.3,-5.1,-4.7,-5.2,-5.2,-5.6,-5.8,-5.2,-3.4,-1.8,-0.5,0.2,1.9,1.7,1.5,0.9,-0.6,-1.3,-1.7,-2.1,-3.0,-3.6,-4.7,-5.1,-5.7,-6.0,-6.6,-6.8,-6.9,-7.0,-7.0,-6.1,-4.5,-3.6,-1.9,-0.6,-0.3,0.1,0.2,0.5,-0.9,-1.6,-2.3,-2.7,-3.4,-4.1,-4.6,-5.1,-6.2,-6.6,-6.9,-7.4,-7.7,-7.8,-7.9,-6.8,-3.8,-2.6,0.8,0.5,1.0,2.2,2.0,2.2,0.8,0.1,-0.9,-1.2,-2.1,-2.8
391,-1.2,-1.6,-2.0,-2.5,-2.7,-3.6,-4.3,-4.5,-4.6,-3.9,-1.5,1.1,1.5,1.9,2.8,3.4,3.8,3.0,1.5,0.5,-0.2,-1.0,-2.1,-2.8,-3.4,-4.0,-4.3,-5.1,-4.7,-5.2,-5.2,-5.6,-5.8,-5.2,-3.4,-1.8,-0.5,0.2,1.9,1.7,1.5,0.9,-0.6,-1.3,-1.7,-2.1,-3.0,-3.6,-4.7,-5.1,-5.7,-6.0,-6.6,-6.8,-6.9,-7.0,-7.0,-6.1,-4.5,-3.6,-1.9,-0.6,-0.3,0.1,0.2,0.5,-0.9,-1.6,-2.3,-2.7,-3.4,-4.1,-4.6,-5.1,-6.2,-6.6,-6.9,-7.4,-7.7,-7.8,-7.9,-6.8,-3.8,-2.6,0.8,0.5,1.0,2.2,2.0,2.2,0.8,0.1,-0.9,-1.2,-2.1,-2.8,-3.8,-4.6,-5.0,-5.3,-5.8,-6.1,-6.5,-6.7,-6.7,-5.4,-2.4,0.3,2.8,3.7,4.5,4.5,3.7,3.3,2.3,1.7,1.4,1.9,0.8,0.5
392,-3.4,-4.0,-4.3,-5.1,-4.7,-5.2,-5.2,-5.6,-5.8,-5.2,-3.4,-1.8,-0.5,0.2,1.9,1.7,1.5,0.9,-0.6,-1.3,-1.7,-2.1,-3.0,-3.6,-4.7,-5.1,-5.7,-6.0,-6.6,-6.8,-6.9,-7.0,-7.0,-6.1,-4.5,-3.6,-1.9,-0.6,-0.3,0.1,0.2,0.5,-0.9,-1.6,-2.3,-2.7,-3.4,-4.1,-4.6,-5.1,-6.2,-6.6,-6.9,-7.4,-7.7,-7.8,-7.9,-6.8,-3.8,-2.6,0.8,0.5,1.0,2.2,2.0,2.2,0.8,0.1,-0.9,-1.2,-2.1,-2.8,-3.8,-4.6,-5.0,-5.3,-5.8,-6.1,-6.5,-6.7,-6.7,-5.4,-2.4,0.3,2.8,3.7,4.5,4.5,3.7,3.3,2.3,1.7,1.4,1.9,0.8,0.5,0.4,-0.2,-0.9,-0.9,-1.7,-2.1,-1.9,-2.1,-2.6,-2.1,-1.2,-0.9,-0.4,-0.4,0.2,0.2,0.8,0.3,-0.7,-1.4,-1.3,-1.7,-2.1,-2.3
393,-4.7,-5.1,-5.7,-6.0,-6.6,-6.8,-6.9,-7.0,-7.0,-6.1,-4.5,-3.6,-1.9,-0.6,-0.3,0.1,0.2,0.5,-0.9,-1.6,-2.3,-2.7,-3.4,-4.1,-4.6,-5.1,-6.2,-6.6,-6.9,-7.4,-7.7,-7.8,-7.9,-6.8,-3.8,-2.6,0.8,0.5,1.0,2.2,2.0,2.2,0.8,0.1,-0.9,-1.2,-2.1,-2.8,-3.8,-4.6,-5.0,-5.3,-5.8,-6.1,-6.5,-6.7,-6.7,-5.4,-2.4,0.3,2.8,3.7,4.5,4.5,3.7,3.3,2.3,1.7,1.4,1.9,0.8,0.5,0.4,-0.2,-0.9,-0.9,-1.7,-2.1,-1.9,-2.1,-2.6,-2.1,-1.2,-0.9,-0.4,-0.4,0.2,0.2,0.8,0.3,-0.7,-1.4,-1.3,-1.7,-2.1,-2.3,-2.7,-3.1,-3.7,-4.5,-5.4,-5.5,-5.8,-5.8,-5.4,-4.9,-4.3,-3.8,-2.4,-1.6,-0.7,-0.8,-0.2,-0.8,-2.2,-3.0,-3.3,-3.7,-3.3,-2.8
394,-4.6,-5.1,-6.2,-6.6,-6.9,-7.4,-7.7,-7.8,-7.9,-6.8,-3.8,-2.6,0.8,0.5,1.0,2.2,2.0,2.2,0.8,0.1,-0.9,-1.2,-2.1,-2.8,-3.8,-4.6,-5.0,-5.3,-5.8,-6.1,-6.5,-6.7,-6.7,-5.4,-2.4,0.3,2.8,3.7,4.5,4.5,3.7,3.3,2.3,1.7,1.4,1.9,0.8,0.5,0.4,-0.2,-0.9,-0.9,-1.7,-2.1,-1.9,-2.1,-2.6,-2.1,-1.2,-0.9,-0.4,-0.4,0.2,0.2,0.8,0.3,-0.7,-1.4,-1.3,-1.7,-2.1,-2.3,-2.7,-3.1,-3.7,-4.5,-5.4,-5.5,-5.8,-5.8,-5.4,-4.9,-4.3,-3.8,-2.4,-1.6,-0.7,-0.8,-0.2,-0.8,-2.2,-3.0,-3.3,-3.7,-3.3,-2.8,-3.3,-3.2,-3.1,-3.7,-4.6,-5.5,-5.9,-6.5,-6.9,-5.6,-3.9,-2.9,-1.9,-1.0,-0.3,0.2,-0.2,-0.6,-2.0,-2.8,-3.2,-3.5,-4.2,-4.5
395,-3.8,-4.6,-5.0,-5.3,-5.8,-6.1,-6.5,-6.7,-6.7,-5.4,-2.4,0.3,2.8,3.7,4.5,4.5,3.7,3.3,2.3,1.7,1.4,1.9,0.8,0.5,0.4,-0.2,-0.9,-0.9,-1.7,-2.1,-1.9,-2.1,-2.6,-2.1,-1.2,-0.9,-0.4,-0.4,0.2,0.2,0.8,0.3,-0.7,-1.4,-1.3,-1.7,-2.1,-2.3,-2.7,-3.1,-3.7,-4.5,-5.4,-5.5,-5.8,-5.8,-5.4,-4.9,-4.3,-3.8,-2.4,-1.6,-0.7,-0.8,-0.2,-0.8,-2.2,-3.0,-3.3,-3.7,-3.3,-2.8,-3.3,-3.2,-3.1,-3.7,-4.6,-5.5,-5.9,-6.5,-6.9,-5.6,-3.9,-2.9,-1.9,-1.0,-0.3,0.2,-0.2,-0.6,-2.0,-2.8,-3.2,-3.5,-4.2,-4.5,-5.0,-5.5,-5.7,-5.5,-6.5,-6.7,-6.7,-7.2,-7.1,-5.9,-4.5,-3.6,-2.6,-1.5,-1.0,-2.0,-2.6,-3.0,-3.4,-4.3,-5.2,-7.0,-7.7,-8.1
396,0.4,-0.2,-0.9,-0.9,-1.7,-2.1,-1.9,-2.1,-2.6,-2.1,-1.2,-0.9,-0.4,-0.4,0.2,0.2,0.8,0.3,-0.7,-1.4,-1.3,-1.7,-2.1,-2.3,-2.7,-3.1,-3.7,-4.5,-5.4,-5.5,-5.8,-5.8,-5.4,-4.9,-4.3,-3.8,-2.4,-1.6,-0.7,-0.8,-0.2,-0.8,-2.2,-3.0,-3.3,-3.7,-3.3,-2.8,-3.3,-3.2,-3.1,-3.7,-4.6,-5.5,-5.9,-6.5,-6.9,-5.6,-3.9,-2.9,-1.9,-1.0,-0.3,0.2,-0.2,-0.6,-2.0,-2.8,-3.2,-3.5,-4.2,-4.5,-5.0,-5.5,-5.7,-5.5,-6.5,-6.7,-6.7,-7.2,-7.1,-5.9,-4.5,-3.6,-2.6,-1.5,-1.0,-2.0,-2.6,-3.0,-3.4,-4.3,-5.2,-7.0,-7.7,-8.1,-8.2,-8.4,-8.3,-8.4,-8.7,-8.9,-9.1,-9.5,-9.7,-8.8,-7.0,-5.4,-3.8,-2.7,-2.7,-2.5,-2.7,-3.6,-5.1,-5.9,-6.4,-7.0,-7.5,-8.0
397,-2.7,-3.1,-3.7,-4.5,-5.4,-5.5,-5.8,-5.8,-5.4,-4.9,-4.3,-3.8,-2.4,-1.6,-0.7,-0.8,-0.2,-0.8,-2.2,-3.0,-3.3,-3.7,-3.3,-2.8,-3.3,-3.2,-3.1,-3.7,-4.6,-5.5,-5.9,-6.5,-6.9,-5.6,-3.9,-2.9,-1.9,-1.0,-0.3,0.2,-0.2,-0.6,-2.0,-2.8,-3.2,-3.5,-4.2,-4.5,-5.0,-5.5,-5.7,-5.5,-6.5,-6.7,-6.7,-7.2,-7.1,-5.9,-4.5,-3.6,-2.6,-1.5,-1.0,-2.0,-2.6,-3.0,-3.4,-4.3,-5.2,-7.0,-7.7,-8.1,-8.2,-8.4,-8.3,-8.4,-8.7,-8.9,-9.1,-9.5,-9.7,-8.8,-7.0,-5.4,-3.8,-2.7,-2.7,-2.5,-2.7,-3.6,-5.1,-5.9,-6.4,-7.0,-7.5,-8.0,-8.0,-7.9,-7.4,-7.6,-7.8,-8.4,-8.1,-8.1,-7.8,-6.5,-3.1,-1.4,-0.5,0.3,0.8,1.2,1.0,0.6,-0.9,-1.9,-2.4,-3.2,-3.9,-4.6
398,-3.3,-3.2,-3.1,-3.7,-4.6,-5.5,-5.9,-6.5,-6.9,-5.6,-3.9,-2.9,-1.9,-1.0,-0.3,0.2,-0.2,-0.6,-2.0,-2.8,-3.2,-3.5,-4.2,-4.5,-5.0,-5.5,-5.7,-5.5,-6.5,-6.7,-6.7,-7.2,-7.1,-5.9,-4.5,-3.6,-2.6,-1.5,-1.0,-2.0,-2.6,-3.0,-3.4,-4.3,-5.2,-7.0,-7.7,-8.1,-8.2,-8.4,-8.3,-8.4,-8.7,-8.9,-9.1,-9.5,-9.7,-8.8,-7.0,-5.4,-3.8,-2.7,-2.7,-2.5,-2.7,-3.6,-5.1,-5.9,-6.4,-7.0,-7.5,-8.0,-8.0,-7.9,-7.4,-7.6,-7.8,-8.4,-8.1,-8.1,-7.8,-6.5,-3.1,-1.4,-0.5,0.3,0.8,1.2,1.0,0.6,-0.9,-1.9,-2.4,-3.2,-3.9,-4.6,-5.3,-5.9,-6.2,-6.6,-6.7,-7.1,-7.0,-6.8,-6.4,-5.5,-3.3,-1.3,0.2,1.9,1.5,1.6,1.2,0.6,0.1,-0.4,-0.8,-1.0,-1.2,-1.4
399,-5.0,-5.5,-5.7,-5.5,-6.5,-6.7,-6.7,-7.2,-7.1,-5.9,-4.5,-3.6,-2.6,-1.5,-1.0,-2.0,-2.6,-3.0,-3.4,-4.3,-5.2,-7.0,-7.7,-8.1,-8.2,-8.4,-8.3,-8.4,-8.7,-8.9,-9.1,-9.5,-9.7,-8.8,-7.0,-5.4,-3.8,-2.7,-2.7,-2.5,-2.7,-3.6,-5.1,-5.9,-6.4,-7.0,-7.5,-8.0,-8.0,-7.9,-7.4,-7.6,-7.8,-8.4,-8.1,-8.1,-7.8,-6.5,-3.1,-1.4,-0.5,0.3,0.8,1.2,1.0,0.6,-0.9,-1.9,-2.4,-3.2,-3.9,-4.6,-5.3,-5.9,-6.2,-6.6,-6.7,-7.1,-7.0,-6.8,-6.4,-5.5,-3.3,-1.3,0.2,1.9,1.5,1.6,1.2,0.6,0.1,-0.4,-0.8,-1.0,-1.2,-1.4,-2.0,-2.5,-3.0,-3.1,-3.4,-3.7,-3.9,-4.0,-4.0,-3.0,-1.2,0.9,2.4,3.6,4.5,5.0,5.3,5.0,3.1,1.7,0.4,0.0,-0.3,-1.2
400,-8.2,-8.4,-8.3,-8.4,-8.7,-8.9,-9.1,-9.5,-9.7,-8.8,-7.0,-5.4,-3.8,-2.7,-2.7,-2.5,-2.7,-3.6,-5.1,-5.9,-6.4,-7.0,-7.5,-8.0,-8.0,-7.9,-7.4,-7.6,-7.8,-8.4,-8.1,-8.1,-7.8,-6.5,-3.1,-1.4,-0.5,0.3,0.8,1.2,1.0,0.6,-0.9,-1.9,-2.4,-3.2,-3.9,-4.6,-5.3,-5.9,-6.2,-6.6,-6.7,-7.1,-7.0,-6.8,-6.4,-5.5,-3.3,-1.3,0.2,1.9,1.5,1.6,1.2,0.6,0.1,-0.4,-0.8,-1.0,-1.2,-1.4,-2.0,-2.5,-3.0,-3.1,-3.4,-3.7,-3.9,-4.0,-4.0,-3.0,-1.2,0.9,2.4,3.6,4.5,5.0,5.3,5.0,3.1,1.7,0.4,0.0,-0.3,-1.2,-1.5,-1.9,-2.7,-2.8,-3.1,-3.6,-3.9,-4.1,-4.3,-3.1,0.1,2.0,4.0,5.1,7.2,6.8,6.1,5.8,4.5,3.4,2.7,2.3,1.6,0.9
401,-8.0,-7.9,-7.4,-7.6,-7.8,-8.4,-8.1,-8.1,-7.8,-6.5,-3.1,-1.4,-0.5,0.3,0.8,1.2,1.0,0.6,-0.9,-1.9,-2.4,-3.2,-3.9,-4.6,-5.3,-5.9,-6.2,-6.6,-6.7,-7.1,-7.0,-6.8,-6.4,-5.5,-3.3,-1.3,0.2,1.9,1.5,1.6,1.2,0.6,0.1,-0.4,-0.8,-1.0,-1.2,-1.4,-2.0,-2.5,-3.0,-3.1,-3.4,-3.7,-3.9,-4.0,-4.0,-3.0,-1.2,0.9,2.4,3.6,4.5,5.0,5.3,5.0,3.1,1.7,0.4,0.0,-0.3,-1.2,-1.5,-1.9,-2.7,-2.8,-3.1,-3.6,-3.9,-4.1,-4.3,-3.1,0.1,2.0,4.0,5.1,7.2,6.8,6.1,5.8,4.5,3.4,2.7,2.3,1.6,0.9,0.3,-0.1,-0.8,-1.3,-1.7,-2.5,-2.6,-3.1,-3.2,-2.0,1.7,3.1,4.0,6.1,6.1,6.4,6.4,6.4,4.7,3.5,2.6,2.0,1.5,0.8
402,-5.3,-5.9,-6.2,-6.6,-6.7,-7.1,-7.0,-6.8,-6.4,-5.5,-3.3,-1.3,0.2,1.9,1.5,1.6,1.2,0.6,0.1,-0.4,-0.8,-1.0,-1.2,-1.4,-2.0,-2.5,-3.0,-3.1,-3.4,-3.7,-3.9,-4.0,-4.0,-3.0,-1.2,0.9,2.4,3.6,4.5,5.0,5.3,5.0,3.1,1.7,0.4,0.0,-0.3,-1.2,-1.5,-1.9,-2.7,-2.8,-3.1,-3.6,-3.9,-4.1,-4.3,-3.1,0.1,2.0,4.0,5.1,7.2,6.8,6.1,5.8,4.5,3.4,2.7,2.3,1.6,0.9,0.3,-0.1,-0.8,-1.3,-1.7,-2.5,-2.6,-3.1,-3.2,-2.0,1.7,3.1,4.0,6.1,6.1,6.4,6.4,6.4,4.7,3.5,2.6,2.0,1.5,0.8,0.2,-0.4,-0.5,-1.2,-1.3,-1.7,-1.9,-2.3,-2.5,-1.6,0.9,4.3,6.5,7.7,7.5,8.5,8.3,7.7,6.3,5.4,4.6,3.9,3.8,3.5
403,-2.0,-2.5,-3.0,-3.1,-3.4,-3.7,-3.9,-4.0,-4.0,-3.0,-1.2,0.9,2.4,3.6,4.5,5.0,5.3,5.0,3.1,1.7,0.4,0.0,-0.3,-1.2,-1.5,-1.9,-2.7,-2.8,-3.1,-3.6,-3.9,-4.1,-4.3,-3.1,0.1,2.0,4.0,5.1,7.2,6.8,6.1,5.8,4.5,3.4,2.7,2.3,1.6,0.9,0.3,-0.1,-0.8,-1.3,-1.7,-2.5,-2.6,-3.1,-3.2,-2.0,1.7,3.1,4.0,6.1,6.1,6.4,6.4,6.4,4.7,3.5,2.6,2.0,1.5,0.8,0.2,-0.4,-0.5,-1.2,-1.3,-1.7,-1.9,-2.3,-2.5,-1.6,0.9,4.3,6.5,7.7,7.5,8.5,8.3,7.7,6.3,5.4,4.6,3.9,3.8,3.5,3.0,2.7,2.6,2.3,1.9,1.5,0.8,0.3,-0.1,0.7,3.4,6.3,8.2,9.0,9.6,9.8,10.2,9.8,8.4,6.8,5.4,4.9,4.4,3.9
404,-1.5,-1.9,-2.7,-2.8,-3.1,-3.6,-3.9,-4.1,-4.3,-3.1,0.1,2.0,4.0,5.1,7.2,6.8,6.1,5.8,4.5,3.4,2.7,2.3,1.6,0.9,0.3,-0.1,-0.8,-1.3,-1.7,-2.5,-2.6,-3.1,-3.2,-2.0,1.7,3.1,4.0,6.1,6.1,6.4,6.4,6.4,4.7,3.5,2.6,2.0,1.5,0.8,0.2,-0.4,-0.5,-1.2,-1.3,-1.7,-1.9,-2.3,-2.5,-1.6,0.9,4.3,6.5,7.7,7.5,8.5,8.3,7.7,6.3,5.4,4.6,3.9,3.8,3.5,3.0,2.7,2.6,2.3,1.9,1.5,0.8,0.3,-0.1,0.7,3.4,6.3,8.2,9.0,9.6,9.8,10.2,9.8,8.4,6.8,5.4,4.9,4.4,3.9,3.3,3.0,2.8,2.3,1.6,1.7,1.9,1.8,1.7,2.9,5.5,7.4,8.3,8.9,9.1,8.5,9.2,9.2,7.5,6.2,5.1,4.5,3.7,2.9
405,0.3,-0.1,-0.8,-1.3,-1.7,-2.5,-2.6,-3.1,-3.2,-2.0,1.7,3.1,4.0,6.1,6.1,6.4,6.4,6.4,4.7,3.5,2.6,2.0,1.5,0.8,0.2,-0.4,-0.5,-1.2,-1.3,-1.7,-1.9,-2.3,-2.5,-1.6,0.9,4.3,6.5,7.7,7.5,8.5,8.3,7.7,6.3,5.4,4.6,3.9,3.8,3.5,3.0,2.7,2.6,2.3,1.9,1.5,0.8,0.3,-0.1,0.7,3.4,6.3,8.2,9.0,9.6,9.8,10.2,9.8,8.4,6.8,5.4,4.9,4.4,3.9,3.3,3.0,2.8,2.3,1.6,1.7,1.9,1.8,1.7,2.9,5.5,7.4,8.3,8.9,9.1,8.5,9.2,9.2,7.5,6.2,5.1,4.5,3.7,2.9,2.4,1.8,1.4,1.0,0.9,1.1,0.8,0.3,0.7,2.2,3.6,5.0,6.9,8.0,7.9,7.4,4.2,3.4,2.7,2.1,0.8,0.4,0.1,-0.6
406,0.2,-0.4,-0.5,-1.2,-1.3,-1.7,-1.9,-2.3,-2.5,-1.6,0.9,4.3,6.5,7.7,7.5,8.5,8.3,7.7,6.3,5.4,4.6,3.9,3.8,3.5,3.0,2.7,2.6,2.3,1.9,1.5,0.8,0.3,-0.1,0.7,3.4,6.3,8.2,9.0,9.6,9.8,10.2,9.8,8.4,6.8,5.4,4.9,4.4,3.9,3.3,3.0,2.8,2.3,1.6,1.7,1.9,1.8,1.7,2.9,5.5,7.4,8.3,8.9,9.1,8.5,9.2,9.2,7.5,6.2,5.1,4.5,3.7,2.9,2.4,1.8,1.4,1.0,0.9,1.1,0.8,0.3,0.7,2.2,3.6,5.0,6.9,8.0,7.9,7.4,4.2,3.4,2.7,2.1,0.8,0.4,0.1,-0.6,-1.3,-1.7,-2.0,-2.5,-3.1,-4.0,-4.8,-5.7,-6.1,-6.0,-5.7,-4.2,-3.0,-3.3,-2.7,-3.3,-3.2,-3.2,-3.8,-4.8,-5.7,-6.5,-7.0,-7.6
407,3.0,2.7,2.6,2.3,1.9,1.5,0.8,0.3,-0.1,0.7,3.4,6.3,8.2,9.0,9.6,9.8,10.2,9.8,8.4,6.8,5.4,4.9,4.4,3.9,3.3,3.0,2.8,2.3,1.6,1.7,1.9,1.8,1.7,2.9,5.5,7.4,8.3,8.9,9.1,8.5,9.2,9.2,7.5,6.2,5.1,4.5,3.7,2.9,2.4,1.8,1.4,1.0,0.9,1.1,0.8,0.3,0.7,2.2,3.6,5.0,6.9,8.0,7.9,7.4,4.2,3.4,2.7,2.1,0.8,0.4,0.1,-0.6,-1.3,-1.7,-2.0,-2.5,-3.1,-4.0,-4.8,-5.7,-6.1,-6.0,-5.7,-4.2,-3.0,-3.3,-2.7,-3.3,-3.2,-3.2,-3.8,-4.8,-5.7,-6.5,-7.0,-7.6,-7.7,-8.0,-8.1,-8.2,-8.2,-8.2,-8.4,-8.6,-8.9,-8.4,-7.6,-6.8,-5.7,-5.2,-5.2,-4.5,-4.8,-5.0,-5.8,-6.4,-7.2,-8.1,-8.9,-9.4
408,3.3,3.0,2.8,2.3,1.6,1.7,1.9,1.8,1.7,2.9,5.5,7.4,8.3,8.9,9.1,8.5,9.2,9.2,7.5,6.2,5.1,4.5,3.7,2.9,2.4,1.8,1.4,1.0,0.9,1.1,0.8,0.3,0.7,2.2,3.6,5.0,6.9,8.0,7.9,7.4,4.2,3.4,2.7,2.1,0.8,0.4,0.1,-0.6,-1.3,-1.7,-2.0,-2.5,-3.1,-4.0,-4.8,-5.7,-6.1,-6.0,-5.7,-4.2,-3.0,-3.3,-2.7,-3.3,-3.2,-3.2,-3.8,-4.8,-5.7,-6.5,-7.0,-7.6,-7.7,-8.0,-8.1,-8.2,-8.2,-8.2,-8.4,-8.6,-8.9,-8.4,-7.6,-6.8,-5.7,-5.2,-5.2,-4.5,-4.8,-5.0,-5.8,-6.4,-7.2,-8.1,-8.9,-9.4,-9.6,-9.3,-9.0,-9.2,-9.6,-9.9,-10.1,-10.3,-10.7,-9.6,-8.4,-6.4,-5.5,-4.3,-2.4,-2.0,-0.9,-1.1,-2.8,-3.8,-4.7,-4.7,-5.3,-6.0
409,2.4,1.8,1.4,1.0,0.9,1.1,0.8,0.3,0.7,2.2,3.6,5.0,6.9,8.0,7.9,7.4,4.2,3.4,2.7,2.1,0.8,0.4,0.1,-0.6,-1.3,-1.7,-2.0,-2.5,-3.1,-4.0,-4.8,-5.7,-6.1,-6.0,-5.7,-4.2,-3.0,-3.3,-2.7,-3.3,-3.2,-3.2,-3.8,-4.8,-5.7,-6.5,-7.0,-7.6,-7.7,-8.0,-8.1,-8.2,-8.2,-8.2,-8.4,-8.6,-8.9,-8.4,-7.6,-6.8,-5.7,-5.2,-5.2,-4.5,-4.8,-5.0,-5.8,-6.4,-7.2,-8.1,-8.9,-9.4,-9.6,-9.3,-9.0,-9.2,-9.6,-9.9,-10.1,-10.3,-10.7,-9.6,-8.4,-6.4,-5.5,-4.3,-2.4,-2.0,-0.9,-1.1,-2.8,-3.8,-4.7,-4.7,-5.3,-6.0,-6.1,-6.5,-6.5,-7.1,-7.4,-7.4,-7.0,-7.8,-7.9,-5.1,-2.2,0.1,1.7,3.0,5.1,5.2,5.4,4.6,2.9,1.6,0.8,0.2,-0.2,-0.3
410,-1.3,-1.7,-2.0,-2.5,-3.1,-4.0,-4.8,-5.7,-6.1,-6.0,-5.7,-4.2,-3.0,-3.3,-2.7,-3.3,-3.2,-3.2,-3.8,-4.8,-5.7,-6.5,-7.0,-7.6,-7.7,-8.0,-8.1,-8.2,-8.2,-8.2,-8.4,-8.6,-8.9,-8.4,-7.6,-6.8,-5.7,-5.2,-5.2,-4.5,-4.8,-5.0,-5.8,-6.4,-7.2,-8.1,-8.9,-9.4,-9.6,-9.3,-9.0,-9.2,-9.6,-9.9,-10.1,-10.3,-10.7,-9.6,-8.4,-6.4,-5.5,-4.3,-2.4,-2.0,-0.9,-1.1,-2.8,-3.8,-4.7,-4.7,-5.3,-6.0,-6.1,-6.5,-6.5,-7.1,-7.4,-7.4,-7.0,-7.8,-7.9,-5.1,-2.2,0.1,1.7,3.0,5.1,5.2,5.4,4.6,2.9,1.6,0.8,0.2,-0.2,-0.3,-0.5,-0.7,-1.2,-1.5,-1.5,-2.1,-2.5,-2.2,-2.4,-1.6,-0.9,-0.3,0.9,2.9,3.4,2.4,2.0,0.3,-1.1,-1.5,-2.8,-4.1,-5.3,-5.9
411,-7.7,-8.0,-8.1,-8.2,-8.2,-8.2,-8.4,-8.6,-8.9,-8.4,-7.6,-6.8,-5.7,-5.2,-5.2,-4.5,-4.8,-5.0,-5.8,-6.4,-7.2,-8.1,-8.9,-9.4,-9.6,-9.3,-9.0,-9.2,-9.6,-9.9,-10.1,-10.3,-10.7,-9.6,-8.4,-6.4,-5.5,-4.3,-2.4,-2.0,-0.9,-1.1,-2.8,-3.8,-4.7,-4.7,-5.3,-6.0,-6.1,-6.5,-6.5,-7.1,-7.4,-7.4,-7.0,-7.8,-7.9,-5.1,-2.2,0.1,1.7,3.0,5.1,5.2,5.4,4.6,2.9,1.6,0.8,0.2,-0.2,-0.3,-0.5,-0.7,-1.2,-1.5,-1.5,-2.1,-2.5,-2.2,-2.4,-1.6,-0.9,-0.3,0.9,2.9,3.4,2.4,2.0,0.3,-1.1,-1.5,-2.8,-4.1,-5.3,-5.9,-6.2,-6.2,-6.2,-6.7,-7.2,-7.6,-8.0,-8.3,-8.4,-7.4,-6.5,-4.6,-3.7,-3.2,-2.0,-1.3,-0.6,-1.1,-2.2,-2.9,-3.4,-3.9,-4.4,-4.8
412,-9.6,-9.3,-9.0,-9.2,-9.6,-9.9,-10.1,-10.3,-10.7,-9.6,-8.4,-6.4,-5.5,-4.3,-2.4,-2.0,-0.9,-1.1,-2.8,-3.8,-4.7,-4.7,-5.3,-6.0,-6.1,-6.5,-6.5,-7.1,-7.4,-7.4,-7.0,-7.8,-7.9,-5.1,-2.2,0.1,1.7,3.0,5.1,5.2,5.4,4.6,2.9,1.6,0.8,0.2,-0.2,-0.3,-0.5,-0.7,-1.2,-1.5,-1.5,-2.1,-2.5,-2.2,-2.4,-1.6,-0.9,-0.3,0.9,2.9,3.4,2.4,2.0,0.3,-1.1,-1.5,-2.8,-4.1,-5.3,-5.9,-6.2,-6.2,-6.2,-6.7,-7.2,-7.6,-8.0,-8.3,-8.4,-7.4,-6.5,-4.6,-3.7,-3.2,-2.0,-1.3,-0.6,-1.1,-2.2,-2.9,-3.4,-3.9,-4.4,-4.8,-5.3,-6.0,-6.7,-7.2,-7.3,-7.6,-7.7,-7.9,-7.5,-5.0,-2.0,0.1,-0.2,1.1,3.4,3.1,2.3,2.0,0.5,-0.9,-1.8,-2.7,-3.5,-4.3
413,-6.1,-6.5,-6.5,-7.1,-7.4,-7.4,-7.0,-7.8,-7.9,-5.1,-2.2,0.1,1.7,3.0,5.1,5.2,5.4,4.6,2.9,1.6,0.8,0.2,-0.2,-0.3,-0.5,-0.7,-1.2,-1.5,-1.5,-2.1,-2.5,-2.2,-2.4,-1.6,-0.9,-0.3,0.9,2.9,3.4,2.4,2.0,0.3,-1.1,-1.5,-2.8,-4.1,-5.3,-5.9,-6.2,-6.2,-6.2,-6.7,-7.2,-7.6,-8.0,-8.3,-8.4,-7.4,-6.5,-4.6,-3.7,-3.2,-2.0,-1.3,-0.6,-1.1,-2.2,-2.9,-3.4,-3.9,-4.4,-4.8,-5.3,-6.0,-6.7,-7.2,-7.3,-7.6,-7.7,-7.9,-7.5,-5.0,-2.0,0.1,-0.2,1.1,3.4,3.1,2.3,2.0,0.5,-0.9,-1.8,-2.7,-3.5,-4.3,-4.8,-5.1,-5.2,-5.4,-5.9,-6.6,-6.8,-7.1,-7.3,-5.8,-4.6,-3.0,-1.5,-0.6,-0.3,-0.2,-1.2,-1.7,-2.2,-3.3,-4.9,-6.1,-6.9,-7.5
414,-0.5,-0.7,-1.2,-1.5,-1.5,-2.1,-2.5,-2.2,-2.4,-1.6,-0.9,-0.3,0.9,2.9,3.4,2.4,2.0,0.3,-1.1,-1.5,-2.8,-4.1,-5.3,-5.9,-6.2,-6.2,-6.2,-6.7,-7.2,-7.6,-8.0,-8.3,-8.4,-7.4,-6.5,-4.6,-3.7,-3.2,-2.0,-1.3,-0.6,-1.1,-2.2,-2.9,-3.4,-3.9,-4.4,-4.8,-5.3,-6.0,-6.7,-7.2,-7.3,-7.6,-7.7,-7.9,-7.5,-5.0,-2.0,0.1,-0.2,1.1,3.4,3.1,2.3,2.0,0.5,-0.9,-1.8,-2.7,-3.5,-4.3,-4.8,-5.1,-5.2,-5.4,-5.9,-6.6,-6.8,-7.1,-7.3,-5.8,-4.6,-3.0,-1.5,-0.6,-0.3,-0.2,-1.2,-1.7,-2.2,-3.3,-4.9,-6.1,-6.9,-7.5,-8.0,-8.4,-8.5,-9.0,-9.1,-9.3,-9.5,-9.8,-9.6,-8.0,-6.5,-4.9,-3.6,-2.5,-2.5,-2.0,-0.8,-0.9,-2.3,-3.3,-4.0,-4.5,-5.2,-5.6
415,-6.2,-6.2,-6.2,-6.7,-7.2,-7.6,-8.0,-8.3,-8.4,-7.4,-6.5,-4.6,-3.7,-3.2,-2.0,-1.3,-0.6,-1.1,-2.2,-2.9,-3.4,-3.9,-4.4,-4.8,-5.3,-6.0,-6.7,-7.2,-7.3,-7.6,-7.7,-7.9,-7.5,-5.0,-2.0,0.1,-0.2,1.1,3.4,3.1,2.3,2.0,0.5,-0.9,-1.8,-2.7,-3.5,-4.3,-4.8,-5.1,-5.2,-5.4,-5.9,-6.6,-6.8,-7.1,-7.3,-5.8,-4.6,-3.0,-1.5,-0.6,-0.3,-0.2,-1.2,-1.7,-2.2,-3.3,-4.9,-6.1,-6.9,-7.5,-8.0,-8.4,-8.5,-9.0,-9.1,-9.3,-9.5,-9.8,-9.6,-8.0,-6.5,-4.9,-3.6,-2.5,-2.5,-2.0,-0.8,-0.9,-2.3,-3.3,-4.0,-4.5,-5.2,-5.6,-6.3,-6.9,-7.3,-7.7,-8.0,-8.3,-8.2,-8.2,-8.0,-5.4,-2.8,-1.5,0.3,2.0,2.7,3.4,3.3,2.4,1.3,0.3,-0.4,-0.8,-1.5,-1.8
416,-5.3,-6.0,-6.7,-7.2,-7.3,-7.6,-7.7,-7.9,-7.5,-5.0,-2.0,0.1,-0.2,1.1,3.4,3.1,2.3,2.0,0.5,-0.9,-1.8,-2.7,-3.5,-4.3,-4.8,-5.1,-5.2,-5.4,-5.9,-6.6,-6.8,-7.1,-7.3,-5.8,-4.6,-3.0,-1.5,-0.6,-0.3,-0.2,-1.2,-1.7,-2.2,-3.3,-4.9,-6.1,-6.9,-7.5,-8.0,-8.4,-8.5,-9.0,-9.1,-9.3,-9.5,-9.8,-9.6,-8.0,-6.5,-4.9,-3.6,-2.5,-2.5,-2.0,-0.8,-0.9,-2.3,-3.3,-4.0,-4.5,-5.2,-5.6,-6.3,-6.9,-7.3,-7.7,-8.0,-8.3,-8.2,-8.2,-8.0,-5.4,-2.8,-1.5,0.3,2.0,2.7,3.4,3.3,2.4,1.3,0.3,-0.4,-0.8,-1.5,-1.8,-2.2,-2.3,-2.6,-2.6,-2.8,-3.0,-3.0,-3.5,-3.3,-1.6,0.9,3.3,6.2,7.2,7.1,8.0,8.1,7.3,6.5,6.2,5.8,5.6,5.5,5.4
417,-4.8,-5.1,-5.2,-5.4,-5.9,-6.6,-6.8,-7.1,-7.3,-5.8,-4.6,-3.0,-1.5,-0.6,-0.3,-0.2,-1.2,-1.7,-2.2,-3.3,-4.9,-6.1,-6.9,-7.5,-8.0,-8.4,-8.5,-9.0,-9.1,-9.3,-9.5,-9.8,-9.6,-8.0,-6.5,-4.9,-3.6,-2.5,-2.5,-2.0,-0.8,-0.9,-2.3,-3.3,-4.0,-4.5,-5.2,-5.6,-6.3,-6.9,-7.3,-7.7,-8.0,-8.3,-8.2,-8.2,-8.0,-5.4,-2.8,-1.5,0.3,2.0,2.7,3.4,3.3,2.4,1.3,0.3,-0.4,-0.8,-1.5,-1.8,-2.2,-2.3,-2.6,-2.6,-2.8,-3.0,-3.0,-3.5,-3.3,-1.6,0.9,3.3,6.2,7.2,7.1,8.0,8.1,7.3,6.5,6.2,5.8,5.6,5.5,5.4,5.2,5.1,4.9,4.8,4.6,4.4,4.4,4.1,4.3,4.6,5.7,6.8,8.1,9.2,9.0,8.3,8.2,8.0,7.6,6.7,5.6,4.6,2.7,1.8
418,-8.0,-8.4,-8.5,-9.0,-9.1,-9.3,-9.5,-9.8,-9.6,-8.0,-6.5,-4.9,-3.6,-2.5,-2.5,-2.0,-0.8,-0.9,-2.3,-3.3,-4.0,-4.5,-5.2,-5.6,-6.3,-6.9,-7.3,-7.7,-8.0,-8.3,-8.2,-8.2,-8.0,-5.4,-2.8,-1.5,0.3,2.0,2.7,3.4,3.3,2.4,1.3,0.3,-0.4,-0.8,-1.5,-1.8,-2.2,-2.3,-2.6,-2.6,-2.8,-3.0,-3.0,-3.5,-3.3,-1.6,0.9,3.3,6.2,7.2,7.1,8.0,8.1,7.3,6.5,6.2,5.8,5.6,5.5,5.4,5.2,5.1,4.9,4.8,4.6,4.4,4.4,4.1,4.3,4.6,5.7,6.8,8.1,9.2,9.0,8.3,8.2,8.0,7.6,6.7,5.6,4.6,2.7,1.8,1.0,0.6,0.2,-0.1,-0.8,-0.6,-0.7,-1.2,-1.4,1.1,3.7,5.6,6.9,7.7,8.5,8.8,8.5,8.1,6.7,5.7,5.0,4.1,3.6,3.3
419,-6.3,-6.9,-7.3,-7.7,-8.0,-8.3,-8.2,-8.2,-8.0,-5.4,-2.8,-1.5,0.3,2.0,2.7,3.4,3.3,2.4,1.3,0.3,-0.4,-0.8,-1.5,-1.8,-2.2,-2.3,-2.6,-2.6,-2.8,-3.0,-3.0,-3.5,-3.3,-1.6,0.9,3.3,6.2,7.2,7.1,8.0,8.1,7.3,6.5,6.2,5.8,5.6,5.5,5.4,5.2,5.1,4.9,4.8,4.6,4.4,4.4,4.1,4.3,4.6,5.7,6.8,8.1,9.2,9.0,8.3,8.2,8.0,7.6,6.7,5.6,4.6,2.7,1.8,1.0,0.6,0.2,-0.1,-0.8,-0.6,-0.7,-1.2,-1.4,1.1,3.7,5.6,6.9,7.7,8.5,8.8,8.5,8.1,6.7,5.7,5.0,4.1,3.6,3.3,3.0,2.8,3.3,3.5,3.6,3.7,3.7,3.8,4.0,4.7,5.7,7.1,7.9,9.3,10.1,10.1,11.2,11.2,10.0,9.0,8.0,7.2,6.5,7.3
420,-2.2,-2.3,-2.6,-2.6,-2.8,-3.0,-3.0,-3.5,-3.3,-1.6,0.9,3.3,6.2,7.2,7.1,8.0,8.1,7.3,6.5,6.2,5.8,5.6,5.5,5.4,5.2,5.1,4.9,4.8,4.6,4.4,4.4,4.1,4.3,4.6,5.7,6.8,8.1,9.2,9.0,8.3,8.2,8.0,7.6,6.7,5.6,4.6,2.7,1.8,1.0,0.6,0.2,-0.1,-0.8,-0.6,-0.7,-1.2,-1.4,1.1,3.7,5.6,6.9,7.7,8.5,8.8,8.5,8.1,6.7,5.7,5.0,4.1,3.6,3.3,3.0,2.8,3.3,3.5,3.6,3.7,3.7,3.8,4.0,4.7,5.7,7.1,7.9,9.3,10.1,10.1,11.2,11.2,10.0,9.0,8.0,7.2,6.5,7.3,7.2,7.0,7.2,7.2,6.5,6.0,5.8,5.6,5.7,6.0,6.5,6.7,7.2,6.9,7.6,8.7,9.1,8.6,7.3,6.1,4.8,3.6,1.9,0.9
421,5.2,5.1,4.9,4.8,4.6,4.4,4.4,4.1,4.3,4.6,5.7,6.8,8.1,9.2,9.0,8.3,8.2,8.0,7.6,6.7,5.6,4.6,2.7,1.8,1.0,0.6,0.2,-0.1,-0.8,-0.6,-0.7,-1.2,-1.4,1.1,3.7,5.6,6.9,7.7,8.5,8.8,8.5,8.1,6.7,5.7,5.0,4.1,3.6,3.3,3.0,2.8,3.3,3.5,3.6,3.7,3.7,3.8,4.0,4.7,5.7,7.1,7.9,9.3,10.1,10.1,11.2,11.2,10.0,9.0,8.0,7.2,6.5,7.3,7.2,7.0,7.2,7.2,6.5,6.0,5.8,5.6,5.7,6.0,6.5,6.7,7.2,6.9,7.6,8.7,9.1,8.6,7.3,6.1,4.8,3.6,1.9,0.9,0.3,-0.4,-0.9,-0.8,-1.3,-1.8,-2.2,-1.9,-1.3,1.4,3.3,4.8,7.2,8.5,8.1,8.4,8.1,7.3,6.0,5.0,4.5,4.2,3.9,3.5
422,1.0,0.6,0.2,-0.1,-0.8,-0.6,-0.7,-1.2,-1.4,1.1,3.7,5.6,6.9,7.7,8.5,8.8,8.5,8.1,6.7,5.7,5.0,4.1,3.6,3.3,3.0,2.8,3.3,3.5,3.6,3.7,3.7,3.8,4.0,4.7,5.7,7.1,7.9,9.3,10.1,10.1,11.2,11.2,10.0,9.0,8.0,7.2,6.5,7.3,7.2,7.0,7.2,7.2,6.5,6.0,5.8,5.6,5.7,6.0,6.5,6.7,7.2,6.9,7.6,8.7,9.1,8.6,7.3,6.1,4.8,3.6,1.9,0.9,0.3,-0.4,-0.9,-0.8,-1.3,-1.8,-2.2,-1.9,-1.3,1.4,3.3,4.8,7.2,8.5,8.1,8.4,8.1,7.3,6.0,5.0,4.5,4.2,3.9,3.5,3.4,3.9,3.5,2.9,2.6,1.8,1.4,1.2,1.1,3.1,5.1,7.2,9.1,10.5,12.0,11.9,11.0,10.6,9.1,7.5,6.4,5.4,4.6,4.0
423,3.0,2.8,3.3,3.5,3.6,3.7,3.7,3.8,4.0,4.7,5.7,7.1,7.9,9.3,10.1,10.1,11.2,11.2,10.0,9.0,8.0,7.2,6.5,7.3,7.2,7.0,7.2,7.2,6.5,6.0,5.8,5.6,5.7,6.0,6.5,6.7,7.2,6.9,7.6,8.7,9.1,8.6,7.3,6.1,4.8,3.6,1.9,0.9,0.3,-0.4,-0.9,-0.8,-1.3,-1.8,-2.2,-1.9,-1.3,1.4,3.3,4.8,7.2,8.5,8.1,8.4,8.1,7.3,6.0,5.0,4.5,4.2,3.9,3.5,3.4,3.9,3.5,2.9,2.6,1.8,1.4,1.2,1.1,3.1,5.1,7.2,9.1,10.5,12.0,11.9,11.0,10.6,9.1,7.5,6.4,5.4,4.6,4.0,3.7,3.2,2.8,2.1,1.7,1.2,1.0,0.6,1.5,3.9,6.2,8.9,10.8,13.6,14.3,12.8,12.5,11.9,11.0,9.9,9.2,8.1,7.1,6.1
424,7.2,7.0,7.2,7.2,6.5,6.0,5.8,5.6,5.7,6.0,6.5,6.7,7.2,6.9,7.6,8.7,9.1,8.6,7.3,6.1,4.8,3.6,1.9,0.9,0.3,-0.4,-0.9,-0.8,-1.3,-1.8,-2.2,-1.9,-1.3,1.4,3.3,4.8,7.2,8.5,8.1,8.4,8.1,7.3,6.0,5.0,4.5,4.2,3.9,3.5,3.4,3.9,3.5,2.9,2.6,1.8,1.4,1.2,1.1,3.1,5.1,7.2,9.1,10.5,12.0,11.9,11.0,10.6,9.1,7.5,6.4,5.4,4.6,4.0,3.7,3.2,2.8,2.1,1.7,1.2,1.0,0.6,1.5,3.9,6.2,8.9,10.8,13.6,14.3,12.8,12.5,11.9,11.0,9.9,9.2,8.1,7.1,6.1,5.3,4.6,3.7,2.7,2.1,1.4,0.6,0.0,0.0,1.2,2.3,3.6,3.7,5.3,6.0,6.1,6.7,5.5,4.1,2.6,1.5,0.7,0.0,-0.3
425,0.3,-0.4,-0.9,-0.8,-1.3,-1.8,-2.2,-1.9,-1.3,1.4,3.3,4.8,7.2,8.5,8.1,8.4,8.1,7.3,6.0,5.0,4.5,4.2,3.9,3.5,3.4,3.9,3.5,2.9,2.6,1.8,1.4,1.2,1.1,3.1,5.1,7.2,9.1,10.5,12.0,11.9,11.0,10.6,9.1,7.5,6.4,5.4,4.6,4.0,3.7,3.2,2.8,2.1,1.7,1.2,1.0,0.6,1.5,3.9,6.2,8.9,10.8,13.6,14.3,12.8,12.5,11.9,11.0,9.9,9.2,8.1,7.1,6.1,5.3,4.6,3.7,2.7,2.1,1.4,0.6,0.0,0.0,1.2,2.3,3.6,3.7,5.3,6.0,6.1,6.7,5.5,4.1,2.6,1.5,0.7,0.0,-0.3,-0.6,-0.8,-1.2,-1.4,-1.5,-2.1,-2.5,-2.9,-1.9,0.1,1.6,2.4,3.6,4.3,5.8,5.6,6.7,6.1,4.4,2.6,2.1,1.6,1.0,0.1
426,3.4,3.9,3.5,2.9,2.6,1.8,1.4,1.2,1.1,3.1,5.1,7.2,9.1,10.5,12.0,11.9,11.0,10.6,9.1,7.5,6.4,5.4,4.6,4.0,3.7,3.2,2.8,2.1,1.7,1.2,1.0,0.6,1.5,3.9,6.2,8.9,10.8,13.6,14.3,12.8,12.5,11.9,11.0,9.9,9.2,8.1,7.1,6.1,5.3,4.6,3.7,2.7,2.1,1.4,0.6,0.0,0.0,1.2,2.3,3.6,3.7,5.3,6.0,6.1,6.7,5.5,4.1,2.6,1.5,0.7,0.0,-0.3,-0.6,-0.8,-1.2,-1.4,-1.5,-2.1,-2.5,-2.9,-1.9,0.1,1.6,2.4,3.6,4.3,5.8,5.6,6.7,6.1,4.4,2.6,2.1,1.6,1.0,0.1,-0.4,-0.9,-1.4,-1.9,-2.0,-2.3,-2.5,-2.6,-2.2,0.4,3.0,5.0,6.7,7.8,8.1,8.4,7.3,6.8,6.1,4.8,3.7,2.9,2.5,2.4
427,3.7,3.2,2.8,2.1,1.7,1.2,1.0,0.6,1.5,3.9,6.2,8.9,10.8,13.6,14.3,12.8,12.5,11.9,11.0,9.9,9.2,8.1,7.1,6.1,5.3,4.6,3.7,2.7,2.1,1.4,0.6,0.0,0.0,1.2,2.3,3.6,3.7,5.3,6.0,6.1,6.7,5.5,4.1,2.6,1.5,0.7,0.0,-0.3,-0.6,-0.8,-1.2,-1.4,-1.5,-2.1,-2.5,-2.9,-1.9,0.1,1.6,2.4,3.6,4.3,5.8,5.6,6.7,6.1,4.4,2.6,2.1,1.6,1.0,0.1,-0.4,-0.9,-1.4,-1.9,-2.0,-2.3,-2.5,-2.6,-2.2,0.4,3.0,5.0,6.7,7.8,8.1,8.4,7.3,6.8,6.1,4.8,3.7,2.9,2.5,2.4,2.1,2.1,1.6,1.2,1.7,2.1,2.2,2.4,2.9,4.0,6.3,8.0,10.1,10.8,11.3,12.2,11.2,10.7,9.2,7.5,6.5,5.7,4.9,4.2
428,5.3,4.6,3.7,2.7,2.1,1.4,0.6,0.0,0.0,1.2,2.3,3.6,3.7,5.3,6.0,6.1,6.7,5.5,4.1,2.6,1.5,0.7,0.0,-0.3,-0.6,-0.8,-1.2,-1.4,-1.5,-2.1,-2.5,-2.9,-1.9,0.1,1.6,2.4,3.6,4.3,5.8,5.6,6.7,6.1,4.4,2.6,2.1,1.6,1.0,0.1,-0.4,-0.9,-1.4,-1.9,-2.0,-2.3,-2.5,-2.6,-2.2,0.4,3.0,5.0,6.7,7.8,8.1,8.4,7.3,6.8,6.1,4.8,3.7,2.9,2.5,2.4,2.1,2.1,1.6,1.2,1.7,2.1,2.2,2.4,2.9,4.0,6.3,8.0,10.1,10.8,11.3,12.2,11.2,10.7,9.2,7.5,6.5,5.7,4.9,4.2,3.5,3.6,3.4,3.0,2.6,2.2,1.9,1.8,2.0,3.3,5.6,8.9,10.4,12.3,13.5,14.2,14.0,13.8,11.4,9.7,8.6,7.4,6.5,5.8
429,-0.6,-0.8,-1.2,-1.4,-1.5,-2.1,-2.5,-2.9,-1.9,0.1,1.6,2.4,3.6,4.3,5.8,5.6,6.7,6.1,4.4,2.6,2.1,1.6,1.0,0.1,-0.4,-0.9,-1.4,-1.9,-2.0,-2.3,-2.5,-2.6,-2.2,0.4,3.0,5.0,6.7,7.8,8.1,8.4,7.3,6.8,6.1,4.8,3.7,2.9,2.5,2.4,2.1,2.1,1.6,1.2,1.7,2.1,2.2,2.4,2.9,4.0,6.3,8.0,10.1,10.8,11.3,12.2,11.2,10.7,9.2,7.5,6.5,5.7,4.9,4.2,3.5,3.6,3.4,3.0,2.6,2.2,1.9,1.8,2.0,3.3,5.6,8.9,10.4,12.3,13.5,14.2,14.0,13.8,11.4,9.7,8.6,7.4,6.5,5.8,5.5,4.9,4.8,4.5,4.7,4.8,4.6,4.2,4.5,6.7,9.7,12.0,14.1,15.2,15.3,15.2,15.3,14.1,12.8,11.1,10.0,8.9,8.2,7.6
430,-0.4,-0.9,-1.4,-1.9,-2.0,-2.3,-2.5,-2.6,-2.2,0.4,3.0,5.0,6.7,7.8,8.1,8.4,7.3,6.8,6.1,4.8,3.7,2.9,2.5,2.4,2.1,2.1,1.6,1.2,1.7,2.1,2.2,2.4,2.9,4.0,6.3,8.0,10.1,10.8,11.3,12.2,11.2,10.7,9.2,7.5,6.5,5.7,4.9,4.2,3.5,3.6,3.4,3.0,2.6,2.2,1.9,1.8,2.0,3.3,5.6,8.9,10.4,12.3,13.5,14.2,14.0,13.8,11.4,9.7,8.6,7.4,6.5,5.8,5.5,4.9,4.8,4.5,4.7,4.8,4.6,4.2,4.5,6.7,9.7,12.0,14.1,15.2,15.3,15.2,15.3,14.1,12.8,11.1,10.0,8.9,8.2,7.6,7.2,6.6,6.1,5.8,5.5,5.9,5.4,5.1,6.0,7.4,8.9,11.6,14.4,16.8,16.9,18.0,18.2,17.3,15.8,14.3,13.1,12.6,11.7,10.9
431,2.1,2.1,1.6,1.2,1.7,2.1,2.2,2.4,2.9,4.0,6.3,8.0,10.1,10.8,11.3,12.2,11.2,10.7,9.2,7.5,6.5,5.7,4.9,4.2,3.5,3.6,3.4,3.0,2.6,2.2,1.9,1.8,2.0,3.3,5.6,8.9,10.4,12.3,13.5,14.2,14.0,13.8,11.4,9.7,8.6,7.4,6.5,5.8,5.5,4.9,4.8,4.5,4.7,4.8,4.6,4.2,4.5,6.7,9.7,12.0,14.1,15.2,15.3,15.2,15.3,14.1,12.8,11.1,10.0,8.9,8.2,7.6,7.2,6.6,6.1,5.8,5.5,5.9,5.4,5.1,6.0,7.4,8.9,11.6,14.4,16.8,16.9,18.0,18.2,17.3,15.8,14.3,13.1,12.6,11.7,10.9,10.1,9.2,8.6,7.8,7.3,6.7,6.7,6.6,7.7,9.7,11.3,13.5,16.1,18.0,19.3,19.4,18.8,17.5,16.6,15.6,14.3,13.7,14.0,14.2
432,3.5,3.6,3.4,3.0,2.6,2.2,1.9,1.8,2.0,3.3,5.6,8.9,10.4,12.3,13.5,14.2,14.0,13.8,11.4,9.7,8.6,7.4,6.5,5.8,5.5,4.9,4.8,4.5,4.7,4.8,4.6,4.2,4.5,6.7,9.7,12.0,14.1,15.2,15.3,15.2,15.3,14.1,12.8,11.1,10.0,8.9,8.2,7.6,7.2,6.6,6.1,5.8,5.5,5.9,5.4,5.1,6.0,7.4,8.9,11.6,14.4,16.8,16.9,18.0,18.2,17.3,15.8,14.3,13.1,12.6,11.7,10.9,10.1,9.2,8.6,7.8,7.3,6.7,6.7,6.6,7.7,9.7,11.3,13.5,16.1,18.0,19.3,19.4,18.8,17.5,16.6,15.6,14.3,13.7,14.0,14.2,12.7,10.8,11.0,11.2,12.0,12.0,12.1,12.1,11.8,11.6,11.3,11.4,11.4,11.6,11.8,11.9,12.0,12.2,12.3,12.3,12.0,11.9,11.5,11.0
433,5.5,4.9,4.8,4.5,4.7,4.8,4.6,4.2,4.5,6.7,9.7,12.0,14.1,15.2,15.3,15.2,15.3,14.1,12.8,11.1,10.0,8.9,8.2,7.6,7.2,6.6,6.1,5.8,5.5,5.9,5.4,5.1,6.0,7.4,8.9,11.6,14.4,16.8,16.9,18.0,18.2,17.3,15.8,14.3,13.1,12.6,11.7,10.9,10.1,9.2,8.6,7.8,7.3,6.7,6.7,6.6,7.7,9.7,11.3,13.5,16.1,18.0,19.3,19.4,18.8,17.5,16.6,15.6,14.3,13.7,14.0,14.2,12.7,10.8,11.0,11.2,12.0,12.0,12.1,12.1,11.8,11.6,11.3,11.4,11.4,11.6,11.8,11.9,12.0,12.2,12.3,12.3,12.0,11.9,11.5,11.0,10.8,10.6,9.8,9.3,9.3,8.7,8.3,8.7,9.0,9.6,10.2,11.4,12.9,10.1,8.4,7.6,7.5,7.2,6.9,7.0,6.8,6.1,5.9,5.5
434,7.2,6.6,6.1,5.8,5.5,5.9,5.4,5.1,6.0,7.4,8.9,11.6,14.4,16.8,16.9,18.0,18.2,17.3,15.8,14.3,13.1,12.6,11.7,10.9,10.1,9.2,8.6,7.8,7.3,6.7,6.7,6.6,7.7,9.7,11.3,13.5,16.1,18.0,19.3,19.4,18.8,17.5,16.6,15.6,14.3,13.7,14.0,14.2,12.7,10.8,11.0,11.2,12.0,12.0,12.1,12.1,11.8,11.6,11.3,11.4,11.4,11.6,11.8,11.9,12.0,12.2,12.3,12.3,12.0,11.9,11.5,11.0,10.8,10.6,9.8,9.3,9.3,8.7,8.3,8.7,9.0,9.6,10.2,11.4,12.9,10.1,8.4,7.6,7.5,7.2,6.9,7.0,6.8,6.1,5.9,5.5,4.9,4.6,4.2,3.4,3.1,2.9,2.6,2.4,2.5,4.3,6.1,7.2,9.7,10.4,11.6,12.1,13.1,12.6,12.1,10.9,9.5,8.1,6.9,6.1
435,10.1,9.2,8.6,7.8,7.3,6.7,6.7,6.6,7.7,9.7,11.3,13.5,16.1,18.0,19.3,19.4,18.8,17.5,16.6,15.6,14.3,13.7,14.0,14.2,12.7,10.8,11.0,11.2,12.0,12.0,12.1,12.1,11.8,11.6,11.3,11.4,11.4,11.6,11.8,11.9,12.0,12.2,12.3,12.3,12.0,11.9,11.5,11.0,10.8,10.6,9.8,9.3,9.3,8.7,8.3,8.7,9.0,9.6,10.2,11.4,12.9,10.1,8.4,7.6,7.5,7.2,6.9,7.0,6.8,6.1,5.9,5.5,4.9,4.6,4.2,3.4,3.1,2.9,2.6,2.4,2.5,4.3,6.1,7.2,9.7,10.4,11.6,12.1,13.1,12.6,12.1,10.9,9.5,8.1,6.9,6.1,5.4,5.1,4.8,4.7,4.4,4.2,4.0,3.7,4.3,6.2,8.2,11.1,13.5,14.1,15.5,16.5,16.3,15.6,14.6,13.7,13.0,12.4,12.0,11.4
436,12.7,10.8,11.0,11.2,12.0,12.0,12.1,12.1,11.8,11.6,11.3,11.4,11.4,11.6,11.8,11.9,12.0,12.2,12.3,12.3,12.0,11.9,11.5,11.0,10.8,10.6,9.8,9.3,9.3,8.7,8.3,8.7,9.0,9.6,10.2,11.4,12.9,10.1,8.4,7.6,7.5,7.2,6.9,7.0,6.8,6.1,5.9,5.5,4.9,4.6,4.2,3.4,3.1,2.9,2.6,2.4,2.5,4.3,6.1,7.2,9.7,10.4,11.6,12.1,13.1,12.6,12.1,10.9,9.5,8.1,6.9,6.1,5.4,5.1,4.8,4.7,4.4,4.2,4.0,3.7,4.3,6.2,8.2,11.1,13.5,14.1,15.5,16.5,16.3,15.6,14.6,13.7,13.0,12.4,12.0,11.4,10.7,10.0,9.4,8.9,8.6,8.4,8.2,7.9,8.1,8.8,9.9,11.5,13.7,14.7,14.8,14.7,14.7,14.4,14.0,13.1,10.5,9.5,8.8,7.9
437,10.8,10.6,9.8,9.3,9.3,8.7,8.3,8.7,9.0,9.6,10.2,11.4,12.9,10.1,8.4,7.6,7.5,7.2,6.9,7.0,6.8,6.1,5.9,5.5,4.9,4.6,4.2,3.4,3.1,2.9,2.6,2.4,2.5,4.3,6.1,7.2,9.7,10.4,11.6,12.1,13.1,12.6,12.1,10.9,9.5,8.1,6.9,6.1,5.4,5.1,4.8,4.7,4.4,4.2,4.0,3.7,4.3,6.2,8.2,11.1,13.5,14.1,15.5,16.5,16.3,15.6,14.6,13.7,13.0,12.4,12.0,11.4,10.7,10.0,9.4,8.9,8.6,8.4,8.2,7.9,8.1,8.8,9.9,11.5,13.7,14.7,14.8,14.7,14.7,14.4,14.0,13.1,10.5,9.5,8.8,7.9,7.8,7.2,7.1,7.1,7.1,7.2,7.2,6.8,6.8,7.3,8.4,8.8,9.3,9.4,9.3,9.3,9.0,8.7,8.0,7.1,6.6,6.0,5.8,5.7
438,4.9,4.6,4.2,3.4,3.1,2.9,2.6,2.4,2.5,4.3,6.1,7.2,9.7,10.4,11.6,12.1,13.1,12.6,12.1,10.9,9.5,8.1,6.9,6.1,5.4,5.1,4.8,4.7,4.4,4.2,4.0,3.7,4.3,6.2,8.2,11.1,13.5,14.1,15.5,16.5,16.3,15.6,14.6,13.7,13.0,12.4,12.0,11.4,10.7,10.0,9.4,8.9,8.6,8.4,8.2,7.9,8.1,8.8,9.9,11.5,13.7,14.7,14.8,14.7,14.7,14.4,14.0,13.1,10.5,9.5,8.8,7.9,7.8,7.2,7.1,7.1,7.1,7.2,7.2,6.8,6.8,7.3,8.4,8.8,9.3,9.4,9.3,9.3,9.0,8.7,8.0,7.1,6.6,6.0,5.8,5.7,5.5,5.3,5.2,4.5,3.1,2.4,1.4,1.1,1.1,1.1,1.2,1.5,2.0,3.3,4.8,5.2,6.0,6.0,6.0,5.6,5.3,4.5,3.6,2.9
439,5.4,5.1,4.8,4.7,4.4,4.2,4.0,3.7,4.3,6.2,8.2,11.1,13.5,14.1,15.5,16.5,16.3,15.6,14.6,13.7,13.0,12.4,12.0,11.4,10.7,10.0,9.4,8.9,8.6,8.4,8.2,7.9,8.1,8.8,9.9,11.5,13.7,14.7,14.8,14.7,14.7,14.4,14.0,13.1,10.5,9.5,8.8,7.9,7.8,7.2,7.1,7.1,7.1,7.2,7.2,6.8,6.8,7.3,8.4,8.8,9.3,9.4,9.3,9.3,9.0,8.7,8.0,7.1,6.6,6.0,5.8,5.7,5.5,5.3,5.2,4.5,3.1,2.4,1.4,1.1,1.1,1.1,1.2,1.5,2.0,3.3,4.8,5.2,6.0,6.0,6.0,5.6,5.3,4.5,3.6,2.9,2.8,3.1,3.6,3.9,4.0,4.0,4.0,4.1,4.2,5.0,5.6,6.6,7.9,7.6,8.9,9.0,9.1,8.4,7.2,5.5,4.7,3.9,3.4,2.8
440,10.7,10.0,9.4,8.9,8.6,8.4,8.2,7.9,8.1,8.8,9.9,11.5,13.7,14.7,14.8,14.7,14.7,14.4,14.0,13.1,10.5,9.5,8.8,7.9,7.8,7.2,7.1,7.1,7.1,7.2,7.2,6.8,6.8,7.3,8.4,8.8,9.3,9.4,9.3,9.3,9.0,8.7,8.0,7.1,6.6,6.0,5.8,5.7,5.5,5.3,5.2,4.5,3.1,2.4,1.4,1.1,1.1,1.1,1.2,1.5,2.0,3.3,4.8,5.2,6.0,6.0,6.0,5.6,5.3,4.5,3.6,2.9,2.8,3.1,3.6,3.9,4.0,4.0,4.0,4.1,4.2,5.0,5.6,6.6,7.9,7.6,8.9,9.0,9.1,8.4,7.2,5.5,4.7,3.9,3.4,2.8,2.2,1.2,0.8,0.7,0.3,0.1,-0.1,-0.3,0.3,3.3,5.3,7.3,8.7,9.8,10.7,9.8,8.8,7.8,7.1,6.4,6.2,5.7,5.4,5.1
441,7.8,7.2,7.1,7.1,7.1,7.2,7.2,6.8,6.8,7.3,8.4,8.8,9.3,9.4,9.3,9.3,9.0,8.7,8.0,7.1,6.6,6.0,5.8,5.7,5.5,5.3,5.2,4.5,3.1,2.4,1.4,1.1,1.1,1.1,1.2,1.5,2.0,3.3,4.8,5.2,6.0,6.0,6.0,5.6,5.3,4.5,3.6,2.9,2.8,3.1,3.6,3.9,4.0,4.0,4.0,4.1,4.2,5.0,5.6,6.6,7.9,7.6,8.9,9.0,9.1,8.4,7.2,5.5,4.7,3.9,3.4,2.8,2.2,1.2,0.8,0.7,0.3,0.1,-0.1,-0.3,0.3,3.3,5.3,7.3,8.7,9.8,10.7,9.8,8.8,7.8,7.1,6.4,6.2,5.7,5.4,5.1,4.6,4.1,3.7,2.8,2.2,1.9,1.4,1.2,2.2,4.4,6.4,8.8,10.2,11.4,12.6,12.9,13.2,12.6,11.8,9.4,8.1,7.2,6.4,6.5
442,5.5,5.3,5.2,4.5,3.1,2.4,1.4,1.1,1.1,1.1,1.2,1.5,2.0,3.3,4.8,5.2,6.0,6.0,6.0,5.6,5.3,4.5,3.6,2.9,2.8,3.1,3.6,3.9,4.0,4.0,4.0,4.1,4.2,5.0,5.6,6.6,7.9,7.6,8.9,9.0,9.1,8.4,7.2,5.5,4.7,3.9,3.4,2.8,2.2,1.2,0.8,0.7,0.3,0.1,-0.1,-0.3,0.3,3.3,5.3,7.3,8.7,9.8,10.7,9.8,8.8,7.8,7.1,6.4,6.2,5.7,5.4,5.1,4.6,4.1,3.7,2.8,2.2,1.9,1.4,1.2,2.2,4.4,6.4,8.8,10.2,11.4,12.6,12.9,13.2,12.6,11.8,9.4,8.1,7.2,6.4,6.5,6.0,5.4,5.3,5.5,5.4,5.0,5.0,5.0,5.2,5.6,6.5,7.1,7.1,6.9,7.3,7.5,7.8,7.4,6.7,6.3,6.3,6.2,6.1,6.1
443,2.8,3.1,3.6,3.9,4.0,4.0,4.0,4.1,4.2,5.0,5.6,6.6,7.9,7.6,8.9,9.0,9.1,8.4,7.2,5.5,4.7,3.9,3.4,2.8,2.2,1.2,0.8,0.7,0.3,0.1,-0.1,-0.3,0.3,3.3,5.3,7.3,8.7,9.8,10.7,9.8,8.8,7.8,7.1,6.4,6.2,5.7,5.4,5.1,4.6,4.1,3.7,2.8,2.2,1.9,1.4,1.2,2.2,4.4,6.4,8.8,10.2,11.4,12.6,12.9,13.2,12.6,11.8,9.4,8.1,7.2,6.4,6.5,6.0,5.4,5.3,5.5,5.4,5.0,5.0,5.0,5.2,5.6,6.5,7.1,7.1,6.9,7.3,7.5,7.8,7.4,6.7,6.3,6.3,6.2,6.1,6.1,6.0,6.0,5.5,4.8,4.4,3.9,4.4,5.0,5.5,6.1,6.6,7.3,7.8,8.6,10.0,12.4,12.2,12.3,12.1,11.1,10.1,9.4,9.1,8.9
444,2.2,1.2,0.8,0.7,0.3,0.1,-0.1,-0.3,0.3,3.3,5.3,7.3,8.7,9.8,10.7,9.8,8.8,7.8,7.1,6.4,6.2,5.7,5.4,5.1,4.6,4.1,3.7,2.8,2.2,1.9,1.4,1.2,2.2,4.4,6.4,8.8,10.2,11.4,12.6,12.9,13.2,12.6,11.8,9.4,8.1,7.2,6.4,6.5,6.0,5.4,5.3,5.5,5.4,5.0,5.0,5.0,5.2,5.6,6.5,7.1,7.1,6.9,7.3,7.5,7.8,7.4,6.7,6.3,6.3,6.2,6.1,6.1,6.0,6.0,5.5,4.8,4.4,3.9,4.4,5.0,5.5,6.1,6.6,7.3,7.8,8.6,10.0,12.4,12.2,12.3,12.1,11.1,10.1,9.4,9.1,8.9,8.6,8.2,7.6,7.1,6.7,6.5,6.3,6.6,7.8,9.6,11.8,12.7,13.9,15.4,16.3,17.0,17.2,17.2,17.1,16.4,15.4,13.0,11.7,11.4
445,4.6,4.1,3.7,2.8,2.2,1.9,1.4,1.2,2.2,4.4,6.4,8.8,10.2,11.4,12.6,12.9,13.2,12.6,11.8,9.4,8.1,7.2,6.4,6.5,6.0,5.4,5.3,5.5,5.4,5.0,5.0,5.0,5.2,5.6,6.5,7.1,7.1,6.9,7.3,7.5,7.8,7.4,6.7,6.3,6.3,6.2,6.1,6.1,6.0,6.0,5.5,4.8,4.4,3.9,4.4,5.0,5.5,6.1,6.6,7.3,7.8,8.6,10.0,12.4,12.2,12.3,12.1,11.1,10.1,9.4,9.1,8.9,8.6,8.2,7.6,7.1,6.7,6.5,6.3,6.6,7.8,9.6,11.8,12.7,13.9,15.4,16.3,17.0,17.2,17.2,17.1,16.4,15.4,13.0,11.7,11.4,11.6,11.9,12.1,12.4,12.5,12.5,12.7,12.6,10.6,9.7,9.5,10.1,10.7,10.6,11.4,12.9,13.7,14.5,14.4,12.9,12.1,11.6,10.5,10.1
446,6.0,5.4,5.3,5.5,5.4,5.0,5.0,5.0,5.2,5.6,6.5,7.1,7.1,6.9,7.3,7.5,7.8,7.4,6.7,6.3,6.3,6.2,6.1,6.1,6.0,6.0,5.5,4.8,4.4,3.9,4.4,5.0,5.5,6.1,6.6,7.3,7.8,8.6,10.0,12.4,12.2,12.3,12.1,11.1,10.1,9.4,9.1,8.9,8.6,8.2,7.6,7.1,6.7,6.5,6.3,6.6,7.8,9.6,11.8,12.7,13.9,15.4,16.3,17.0,17.2,17.2,17.1,16.4,15.4,13.0,11.7,11.4,11.6,11.9,12.1,12.4,12.5,12.5,12.7,12.6,10.6,9.7,9.5,10.1,10.7,10.6,11.4,12.9,13.7,14.5,14.4,12.9,12.1,11.6,10.5,10.1,9.6,8.7,7.9,7.1,6.4,5.9,5.8,5.4,6.0,7.8,9.5,10.5,11.0,11.7,12.0,12.1,11.7,9.7,9.0,7.7,7.0,6.5,5.7,5.4
447,6.0,6.0,5.5,4.8,4.4,3.9,4.4,5.0,5.5,6.1,6.6,7.3,7.8,8.6,10.0,12.4,12.2,12.3,12.1,11.1,10.1,9.4,9.1,8.9,8.6,8.2,7.6,7.1,6.7,6.5,6.3,6.6,7.8,9.6,11.8,12.7,13.9,15.4,16.3,17.0,17.2,17.2,17.1,16.4,15.4,13.0,11.7,11.4,11.6,11.9,12.1,12.4,12.5,12.5,12.7,12.6,10.6,9.7,9.5,10.1,10.7,10.6,11.4,12.9,13.7,14.5,14.4,12.9,12.1,11.6,10.5,10.1,9.6,8.7,7.9,7.1,6.4,5.9,5.8,5.4,6.0,7.8,9.5,10.5,11.0,11.7,12.0,12.1,11.7,9.7,9.0,7.7,7.0,6.5,5.7,5.4,5.1,5.0,4.4,3.9,3.0,2.3,1.7,1.6,3.4,6.5,9.0,11.3,12.1,13.3,14.0,14.7,15.1,13.9,12.7,10.8,9.3,8.2,7.5,6.9
448,8.6,8.2,7.6,7.1,6.7,6.5,6.3,6.6,7.8,9.6,11.8,12.7,13.9,15.4,16.3,17.0,17.2,17.2,17.1,16.4,15.4,13.0,11.7,11.4,11.6,11.9,12.1,12.4,12.5,12.5,12.7,12.6,10.6,9.7,9.5,10.1,10.7,10.6,11.4,12.9,13.7,14.5,14.4,12.9,12.1,11.6,10.5,10.1,9.6,8.7,7.9,7.1,6.4,5.9,5.8,5.4,6.0,7.8,9.5,10.5,11.0,11.7,12.0,12.1,11.7,9.7,9.0,7.7,7.0,6.5,5.7,5.4,5.1,5.0,4.4,3.9,3.0,2.3,1.7,1.6,3.4,6.5,9.0,11.3,12.1,13.3,14.0,14.7,15.1,13.9,12.7,10.8,9.3,8.2,7.5,6.9,5.7,5.2,4.5,4.3,3.8,3.5,3.3,3.5,5.1,8.0,10.8,12.5,13.9,14.4,15.2,14.8,15.3,14.9,13.9,12.4,11.1,10.5,10.0,9.4
449,11.6,11.9,12.1,12.4,12.5,12.5,12.7,12.6,10.6,9.7,9.5,10.1,10.7,10.6,11.4,12.9,13.7,14.5,14.4,12.9,12.1,11.6,10.5,10.1,9.6,8.7,7.9,7.1,6.4,5.9,5.8,5.4,6.0,7.8,9.5,10.5,11.0,11.7,12.0,12.1,11.7,9.7,9.0,7.7,7.0,6.5,5.7,5.4,5.1,5.0,4.4,3.9,3.0,2.3,1.7,1.6,3.4,6.5,9.0,11.3,12.1,13.3,14.0,14.7,15.1,13.9,12.7,10.8,9.3,8.2,7.5,6.9,5.7,5.2,4.5,4.3,3.8,3.5,3.3,3.5,5.1,8.0,10.8,12.5,13.9,14.4,15.2,14.8,15.3,14.9,13.9,12.4,11.1,10.5,10.0,9.4,8.9,8.5,7.9,7.4,7.0,6.5,6.0,6.1,8.2,9.7,12.1,13.8,15.5,15.1,13.4,12.9,12.7,12.7,12.4,12.4,11.9,11.6,11.3,11.1
450,9.6,8.7,7.9,7.1,6.4,5.9,5.8,5.4,6.0,7.8,9.5,10.5,11.0,11.7,12.0,12.1,11.7,9.7,9.0,7.7,7.0,6.5,5.7,5.4,5.1,5.0,4.4,3.9,3.0,2.3,1.7,1.6,3.4,6.5,9.0,11.3,12.1,13.3,14.0,14.7,15.1,13.9,12.7,10.8,9.3,8.2,7.5,6.9,5.7,5.2,4.5,4.3,3.8,3.5,3.3,3.5,5.1,8.0,10.8,12.5,13.9,14.4,15.2,14.8,15.3,14.9,13.9,12.4,11.1,10.5,10.0,9.4,8.9,8.5,7.9,7.4,7.0,6.5,6.0,6.1,8.2,9.7,12.1,13.8,15.5,15.1,13.4,12.9,12.7,12.7,12.4,12.4,11.9,11.6,11.3,11.1,10.6,10.2,10.1,9.7,9.3,9.0,8.8,8.5,9.0,9.9,10.9,12.3,13.1,13.6,14.1,14.4,14.4,13.9,13.2,12.3,11.6,10.5,9.3,8.4
451,5.1,5.0,4.4,3.9,3.0,2.3,1.7,1.6,3.4,6.5,9.0,11.3,12.1,13.3,14.0,14.7,15.1,13.9,12.7,10.8,9.3,8.2,7.5,6.9,5.7,5.2,4.5,4.3,3.8,3.5,3.3,3.5,5.1,8.0,10.8,12.5,13.9,14.4,15.2,14.8,15.3,14.9,13.9,12.4,11.1,10.5,10.0,9.4,8.9,8.5,7.9,7.4,7.0,6.5,6.0,6.1,8.2,9.7,12.1,13.8,15.5,15.1,13.4,12.9,12.7,12.7,12.4,12.4,11.9,11.6,11.3,11.1,10.6,10.2,10.1,9.7,9.3,9.0,8.8,8.5,9.0,9.9,10.9,12.3,13.1,13.6,14.1,14.4,14.4,13.9,13.2,12.3,11.6,10.5,9.3,8.4,7.6,7.1,6.4,5.9,5.5,5.0,4.7,4.7,6.5,8.5,10.7,11.9,13.2,13.2,14.7,14.6,14.2,13.9,12.4,9.9,8.7,8.1,7.5,7.3
452,5.7,5.2,4.5,4.3,3.8,3.5,3.3,3.5,5.1,8.0,10.8,12.5,13.9,14.4,15.2,14.8,15.3,14.9,13.9,12.4,11.1,10.5,10.0,9.4,8.9,8.5,7.9,7.4,7.0,6.5,6.0,6.1,8.2,9.7,12.1,13.8,15.5,15.1,13.4,12.9,12.7,12.7,12.4,12.4,11.9,11.6,11.3,11.1,10.6,10.2,10.1,9.7,9.3,9.0,8.8,8.5,9.0,9.9,10.9,12.3,13.1,13.6,14.1,14.4,14.4,13.9,13.2,12.3,11.6,10.5,9.3,8.4,7.6,7.1,6.4,5.9,5.5,5.0,4.7,4.7,6.5,8.5,10.7,11.9,13.2,13.2,14.7,14.6,14.2,13.9,12.4,9.9,8.7,8.1,7.5,7.3,6.2,5.7,4.9,4.4,4.2,4.1,4.0,4.0,5.3,7.2,9.5,11.0,12.5,13.2,14.0,13.7,12.9,12.1,11.0,9.1,8.1,7.3,6.8,6.3
453,8.9,8.5,7.9,7.4,7.0,6.5,6.0,6.1,8.2,9.7,12.1,13.8,15.5,15.1,13.4,12.9,12.7,12.7,12.4,12.4,11.9,11.6,11.3,11.1,10.6,10.2,10.1,9.7,9.3,9.0,8.8,8.5,9.0,9.9,10.9,12.3,13.1,13.6,14.1,14.4,14.4,13.9,13.2,12.3,11.6,10.5,9.3,8.4,7.6,7.1,6.4,5.9,5.5,5.0,4.7,4.7,6.5,8.5,10.7,11.9,13.2,13.2,14.7,14.6,14.2,13.9,12.4,9.9,8.7,8.1,7.5,7.3,6.2,5.7,4.9,4.4,4.2,4.1,4.0,4.0,5.3,7.2,9.5,11.0,12.5,13.2,14.0,13.7,12.9,12.1,11.0,9.1,8.1,7.3,6.8,6.3,5.7,5.3,4.7,4.7,4.5,4.0,3.8,3.6,5.1,7.4,10.0,12.4,13.5,15.4,16.0,16.3,16.8,16.0,14.5,11.7,10.0,9.1,8.4,7.8
454,10.6,10.2,10.1,9.7,9.3,9.0,8.8,8.5,9.0,9.9,10.9,12.3,13.1,13.6,14.1,14.4,14.4,13.9,13.2,12.3,11.6,10.5,9.3,8.4,7.6,7.1,6.4,5.9,5.5,5.0,4.7,4.7,6.5,8.5,10.7,11.9,13.2,13.2,14.7,14.6,14.2,13.9,12.4,9.9,8.7,8.1,7.5,7.3,6.2,5.7,4.9,4.4,4.2,4.1,4.0,4.0,5.3,7.2,9.5,11.0,12.5,13.2,14.0,13.7,12.9,12.1,11.0,9.1,8.1,7.3,6.8,6.3,5.7,5.3,4.7,4.7,4.5,4.0,3.8,3.6,5.1,7.4,10.0,12.4,13.5,15.4,16.0,16.3,16.8,16.0,14.5,11.7,10.0,9.1,8.4,7.8,7.3,7.0,6.4,6.0,5.7,5.5,5.4,5.2,7.0,9.6,11.9,13.8,15.2,16.3,16.2,16.2,15.7,15.0,13.5,11.5,10.2,9.4,8.3,7.3
455,7.6,7.1,6.4,5.9,5.5,5.0,4.7,4.7,6.5,8.5,10.7,11.9,13.2,13.2,14.7,14.6,14.2,13.9,12.4,9.9,8.7,8.1,7.5,7.3,6.2,5.7,4.9,4.4,4.2,4.1,4.0,4.0,5.3,7.2,9.5,11.0,12.5,13.2,14.0,13.7,12.9,12.1,11.0,9.1,8.1,7.3,6.8,6.3,5.7,5.3,4.7,4.7,4.5,4.0,3.8,3.6,5.1,7.4,10.0,12.4,13.5,15.4,16.0,16.3,16.8,16.0,14.5,11.7,10.0,9.1,8.4,7.8,7.3,7.0,6.4,6.0,5.7,5.5,5.4,5.2,7.0,9.6,11.9,13.8,15.2,16.3,16.2,16.2,15.7,15.0,13.5,11.5,10.2,9.4,8.3,7.3,7.1,6.5,6.2,5.6,5.6,5.4,5.0,5.3,6.4,8.8,11.1,13.1,14.1,15.2,15.5,15.2,15.2,14.6,13.3,11.7,11.4,10.7,9.8,9.5
456,6.2,5.7,4.9,4.4,4.2,4.1,4.0,4.0,5.3,7.2,9.5,11.0,12.5,13.2,14.0,13.7,12.9,12.1,11.0,9.1,8.1,7.3,6.8,6.3,5.7,5.3,4.7,4.7,4.5,4.0,3.8,3.6,5.1,7.4,10.0,12.4,13.5,15.4,16.0,16.3,16.8,16.0,14.5,11.7,10.0,9.1,8.4,7.8,7.3,7.0,6.4,6.0,5.7,5.5,5.4,5.2,7.0,9.6,11.9,13.8,15.2,16.3,16.2,16.2,15.7,15.0,13.5,11.5,10.2,9.4,8.3,7.3,7.1,6.5,6.2,5.6,5.6,5.4,5.0,5.3,6.4,8.8,11.1,13.1,14.1,15.2,15.5,15.2,15.2,14.6,13.3,11.7,11.4,10.7,9.8,9.5,9.4,9.1,8.9,8.9,8.8,8.6,8.0,8.2,8.8,9.5,11.7,13.6,14.4,15.8,16.2,16.5,16.8,16.1,14.8,13.0,11.9,11.3,10.7,10.2
457,5.7,5.3,4.7,4.7,4.5,4.0,3.8,3.6,5.1,7.4,10.0,12.4,13.5,15.4,16.0,16.3,16.8,16.0,14.5,11.7,10.0,9.1,8.4,7.8,7.3,7.0,6.4,6.0,5.7,5.5,5.4,5.2,7.0,9.6,11.9,13.8,15.2,16.3,16.2,16.2,15.7,15.0,13.5,11.5,10.2,9.4,8.3,7.3,7.1,6.5,6.2,5.6,5.6,5.4,5.0,5.3,6.4,8.8,11.1,13.1,14.1,15.2,15.5,15.2,15.2,14.6,13.3,11.7,11.4,10.7,9.8,9.5,9.4,9.1,8.9,8.9,8.8,8.6,8.0,8.2,8.8,9.5,11.7,13.6,14.4,15.8,16.2,16.5,16.8,16.1,14.8,13.0,11.9,11.3,10.7,10.2,10.3,10.8,10.4,10.0,9.6,9.3,9.0,8.8,9.1,10.2,12.3,13.9,14.8,15.1,14.8,14.8,14.2,13.0,12.2,10.5,9.4,8.8,8.3,7.8
458,7.3,7.0,6.4,6.0,5.7,5.5,5.4,5.2,7.0,9.6,11.9,13.8,15.2,16.3,16.2,16.2,15.7,15.0,13.5,11.5,10.2,9.4,8.3,7.3,7.1,6.5,6.2,5.6,5.6,5.4,5.0,5.3,6.4,8.8,11.1,13.1,14.1,15.2,15.5,15.2,15.2,14.6,13.3,11.7,11.4,10.7,9.8,9.5,9.4,9.1,8.9,8.9,8.8,8.6,8.0,8.2,8.8,9.5,11.7,13.6,14.4,15.8,16.2,16.5,16.8,16.1,14.8,13.0,11.9,11.3,10.7,10.2,10.3,10.8,10.4,10.0,9.6,9.3,9.0,8.8,9.1,10.2,12.3,13.9,14.8,15.1,14.8,14.8,14.2,13.0,12.2,10.5,9.4,8.8,8.3,7.8,7.4,7.2,6.6,6.3,5.9,5.6,5.3,5.4,7.7,10.2,12.4,14.6,16.4,17.9,19.2,19.6,19.5,19.4,18.4,16.9,15.4,14.2,13.5,13.5
459,7.1,6.5,6.2,5.6,5.6,5.4,5.0,5.3,6.4,8.8,11.1,13.1,14.1,15.2,15.5,15.2,15.2,14.6,13.3,11.7,11.4,10.7,9.8,9.5,9.4,9.1,8.9,8.9,8.8,8.6,8.0,8.2,8.8,9.5,11.7,13.6,14.4,15.8,16.2,16.5,16.8,16.1,14.8,13.0,11.9,11.3,10.7,10.2,10.3,10.8,10.4,10.0,9.6,9.3,9.0,8.8,9.1,10.2,12.3,13.9,14.8,15.1,14.8,14.8,14.2,13.0,12.2,10.5,9.4,8.8,8.3,7.8,7.4,7.2,6.6,6.3,5.9,5.6,5.3,5.4,7.7,10.2,12.4,14.6,16.4,17.9,19.2,19.6,19.5,19.4,18.4,16.9,15.4,14.2,13.5,13.5,12.9,12.9,12.8,13.2,13.4,14.0,13.8,13.2,12.5,14.1,17.0,19.1,21.3,22.6,23.8,24.1,23.8,22.5,21.4,19.5,18.5,18.1,17.7,17.1
460,9.4,9.1,8.9,8.9,8.8,8.6,8.0,8.2,8.8,9.5,11.7,13.6,14.4,15.8,16.2,16.5,16.8,16.1,14.8,13.0,11.9,11.3,10.7,10.2,10.3,10.8,10.4,10.0,9.6,9.3,9.0,8.8,9.1,10.2,12.3,13.9,14.8,15.1,14.8,14.8,14.2,13.0,12.2,10.5,9.4,8.8,8.3,7.8,7.4,7.2,6.6,6.3,5.9,5.6,5.3,5.4,7.7,10.2,12.4,14.6,16.4,17.9,19.2,19.6,19.5,19.4,18.4,16.9,15.4,14.2,13.5,13.5,12.9,12.9,12.8,13.2,13.4,14.0,13.8,13.2,12.5,14.1,17.0,19.1,21.3,22.6,23.8,24.1,23.8,22.5,21.4,19.5,18.5,18.1,17.7,17.1,16.2,15.2,14.8,14.5,13.8,13.3,12.9,13.0,14.8,17.2,19.4,21.3,22.6,23.3,24.1,25.0,24.2,23.2,21.6,18.8,17.7,16.7,15.9,15.5
461,10.3,10.8,10.4,10.0,9.6,9.3,9.0,8.8,9.1,10.2,12.3,13.9,14.8,15.1,14.8,14.8,14.2,13.0,12.2,10.5,9.4,8.8,8.3,7.8,7.4,7.2,6.6,6.3,5.9,5.6,5.3,5.4,7.7,10.2,12.4,14.6,16.4,17.9,19.2,19.6,19.5,19.4,18.4,16.9,15.4,14.2,13.5,13.5,12.9,12.9,12.8,13.2,13.4,14.0,13.8,13.2,12.5,14.1,17.0,19.1,21.3,22.6,23.8,24.1,23.8,22.5,21.4,19.5,18.5,18.1,17.7,17.1,16.2,15.2,14.8,14.5,13.8,13.3,12.9,13.0,14.8,17.2,19.4,21.3,22.6,23.3,24.1,25.0,24.2,23.2,21.6,18.8,17.7,16.7,15.9,15.5,15.1,14.6,14.3,13.9,13.9,13.7,13.5,14.1,15.1,18.1,20.6,22.4,23.7,25.0,25.8,26.4,26.2,25.4,24.4,22.2,20.6,19.4,18.6,18.2
462,7.4,7.2,6.6,6.3,5.9,5.6,5.3,5.4,7.7,10.2,12.4,14.6,16.4,17.9,19.2,19.6,19.5,19.4,18.4,16.9,15.4,14.2,13.5,13.5,12.9,12.9,12.8,13.2,13.4,14.0,13.8,13.2,12.5,14.1,17.0,19.1,21.3,22.6,23.8,24.1,23.8,22.5,21.4,19.5,18.5,18.1,17.7,17.1,16.2,15.2,14.8,14.5,13.8,13.3,12.9,13.0,14.8,17.2,19.4,21.3,22.6,23.3,24.1,25.0,24.2,23.2,21.6,18.8,17.7,16.7,15.9,15.5,15.1,14.6,14.3,13.9,13.9,13.7,13.5,14.1,15.1,18.1,20.6,22.4,23.7,25.0,25.8,26.4,26.2,25.4,24.4,22.2,20.6,19.4,18.6,18.2,17.7,18.0,17.8,17.6,17.4,17.3,17.6,17.8,17.9,18.7,19.6,22.0,23.1,24.5,25.9,26.1,25.9,22.8,17.9,16.7,17.0,17.2,17.3,16.5
463,12.9,12.9,12.8,13.2,13.4,14.0,13.8,13.2,12.5,14.1,17.0,19.1,21.3,22.6,23.8,24.1,23.8,22.5,21.4,19.5,18.5,18.1,17.7,17.1,16.2,15.2,14.8,14.5,13.8,13.3,12.9,13.0,14.8,17.2,19.4,21.3,22.6,23.3,24.1,25.0,24.2,23.2,21.6,18.8,17.7,16.7,15.9,15.5,15.1,14.6,14.3,13.9,13.9,13.7,13.5,14.1,15.1,18.1,20.6,22.4,23.7,25.0,25.8,26.4,26.2,25.4,24.4,22.2,20.6,19.4,18.6,18.2,17.7,18.0,17.8,17.6,17.4,17.3,17.6,17.8,17.9,18.7,19.6,22.0,23.1,24.5,25.9,26.1,25.9,22.8,17.9,16.7,17.0,17.2,17.3,16.5,15.9,15.7,15.7,15.5,15.3,15.1,13.9,13.6,13.3,13.5,13.4,13.4,13.3,13.1,12.3,12.2,12.3,12.2,12.3,12.3,12.2,12.2,12.0,12.0
464,16.2,15.2,14.8,14.5,13.8,13.3,12.9,13.0,14.8,17.2,19.4,21.3,22.6,23.3,24.1,25.0,24.2,23.2,21.6,18.8,17.7,16.7,15.9,15.5,15.1,14.6,14.3,13.9,13.9,13.7,13.5,14.1,15.1,18.1,20.6,22.4,23.7,25.0,25.8,26.4,26.2,25.4,24.4,22.2,20.6,19.4,18.6,18.2,17.7,18.0,17.8,17.6,17.4,17.3,17.6,17.8,17.9,18.7,19.6,22.0,23.1,24.5,25.9,26.1,25.9,22.8,17.9,16.7,17.0,17.2,17.3,16.5,15.9,15.7,15.7,15.5,15.3,15.1,13.9,13.6,13.3,13.5,13.4,13.4,13.3,13.1,12.3,12.2,12.3,12.2,12.3,12.3,12.2,12.2,12.0,12.0,12.1,12.2,12.2,12.2,12.2,12.1,11.9,11.9,12.1,12.2,12.2,13.2,14.3,14.8,15.1,15.1,15.0,15.1,15.0,14.1,13.4,13.1,12.6,11.9
465,15.1,14.6,14.3,13.9,13.9,13.7,13.5,14.1,15.1,18.1,20.6,22.4,23.7,25.0,25.8,26.4,26.2,25.4,24.4,22.2,20.6,19.4,18.6,18.2,17.7,18.0,17.8,17.6,17.4,17.3,17.6,17.8,17.9,18.7,19.6,22.0,23.1,24.5,25.9,26.1,25.9,22.8,17.9,16.7,17.0,17.2,17.3,16.5,15.9,15.7,15.7,15.5,15.3,15.1,13.9,13.6,13.3,13.5,13.4,13.4,13.3,13.1,12.3,12.2,12.3,12.2,12.3,12.3,12.2,12.2,12.0,12.0,12.1,12.2,12.2,12.2,12.2,12.1,11.9,11.9,12.1,12.2,12.2,13.2,14.3,14.8,15.1,15.1,15.0,15.1,15.0,14.1,13.4,13.1,12.6,11.9,11.4,10.8,10.2,9.6,9.0,8.2,7.7,7.9,10.1,12.7,14.2,15.7,16.4,17.5,18.3,18.9,19.2,17.9,16.2,14.8,14.0,13.8,12.6,12.0
466,17.7,18.0,17.8,17.6,17.4,17.3,17.6,17.8,17.9,18.7,19.6,22.0,23.1,24.5,25.9,26.1,25.9,22.8,17.9,16.7,17.0,17.2,17.3,16.5,15.9,15.7,15.7,15.5,15.3,15.1,13.9,13.6,13.3,13.5,13.4,13.4,13.3,13.1,12.3,12.2,12.3,12.2,12.3,12.3,12.2,12.2,12.0,12.0,12.1,12.2,12.2,12.2,12.2,12.1,11.9,11.9,12.1,12.2,12.2,13.2,14.3,14.8,15.1,15.1,15.0,15.1,15.0,14.1,13.4,13.1,12.6,11.9,11.4,10.8,10.2,9.6,9.0,8.2,7.7,7.9,10.1,12.7,14.2,15.7,16.4,17.5,18.3,18.9,19.2,17.9,16.2,14.8,14.0,13.8,12.6,12.0,11.3,10.3,9.5,8.7,8.3,7.4,7.2,7.7,9.8,12.7,14.7,16.2,17.3,18.1,19.2,20.0,19.6,18.7,17.2,15.3,13.8,12.7,11.5,10.7
467,15.9,15.7,15.7,15.5,15.3,15.1,13.9,13.6,13.3,13.5,13.4,13.4,13.3,13.1,12.3,12.2,12.3,12.2,12.3,12.3,12.2,12.2,12.0,12.0,12.1,12.2,12.2,12.2,12.2,12.1,11.9,11.9,12.1,12.2,12.2,13.2,14.3,14.8,15.1,15.1,15.0,15.1,15.0,14.1,13.4,13.1,12.6,11.9,11.4,10.8,10.2,9.6,9.0,8.2,7.7,7.9,10.1,12.7,14.2,15.7,16.4,17.5,18.3,18.9,19.2,17.9,16.2,14.8,14.0,13.8,12.6,12.0,11.3,10.3,9.5,8.7,8.3,7.4,7.2,7.7,9.8,12.7,14.7,16.2,17.3,18.1,19.2,20.0,19.6,18.7,17.2,15.3,13.8,12.7,11.5,10.7,10.1,9.4,8.9,8.4,7.8,7.6,7.2,7.5,9.6,11.8,14.0,16.0,18.2,19.4,21.3,21.2,21.0,19.7,18.9,17.1,15.5,14.4,13.4,12.7
468,12.1,12.2,12.2,12.2,12.2,12.1,11.9,11.9,12.1,12.2,12.2,13.2,14.3,14.8,15.1,15.1,15.0,15.1,15.0,14.1,13.4,13.1,12.6,11.9,11.4,10.8,10.2,9.6,9.0,8.2,7.7,7.9,10.1,12.7,14.2,15.7,16.4,17.5,18.3,18.9,19.2,17.9,16.2,14.8,14.0,13.8,12.6,12.0,11.3,10.3,9.5,8.7,8.3,7.4,7.2,7.7,9.8,12.7,14.7,16.2,17.3,18.1,19.2,20.0,19.6,18.7,17.2,15.3,13.8,12.7,11.5,10.7,10.1,9.4,8.9,8.4,7.8,7.6,7.2,7.5,9.6,11.8,14.0,16.0,18.2,19.4,21.3,21.2,21.0,19.7,18.9,17.1,15.5,14.4,13.4,12.7,12.2,12.0,11.9,11.5,11.4,11.5,11.6,11.6,12.5,13.7,15.2,16.8,18.3,19.9,21.4,20.8,20.1,19.7,19.1,17.5,15.4,14.2,13.2,12.5
469,11.4,10.8,10.2,9.6,9.0,8.2,7.7,7.9,10.1,12.7,14.2,15.7,16.4,17.5,18.3,18.9,19.2,17.9,16.2,14.8,14.0,13.8,12.6,12.0,11.3,10.3,9.5,8.7,8.3,7.4,7.2,7.7,9.8,12.7,14.7,16.2,17.3,18.1,19.2,20.0,19.6,18.7,17.2,15.3,13.8,12.7,11.5,10.7,10.1,9.4,8.9,8.4,7.8,7.6,7.2,7.5,9.6,11.8,14.0,16.0,18.2,19.4,21.3,21.2,21.0,19.7,18.9,17.1,15.5,14.4,13.4,12.7,12.2,12.0,11.9,11.5,11.4,11.5,11.6,11.6,12.5,13.7,15.2,16.8,18.3,19.9,21.4,20.8,20.1,19.7,19.1,17.5,15.4,14.2,13.2,12.5,12.1,11.4,11.0,10.4,10.1,9.7,9.1,9.1,11.3,14.1,16.6,18.3,20.2,21.7,22.0,21.8,20.9,20.1,18.9,17.2,15.7,14.7,13.8,13.0
470,11.3,10.3,9.5,8.7,8.3,7.4,7.2,7.7,9.8,12.7,14.7,16.2,17.3,18.1,19.2,20.0,19.6,18.7,17.2,15.3,13.8,12.7,11.5,10.7,10.1,9.4,8.9,8.4,7.8,7.6,7.2,7.5,9.6,11.8,14.0,16.0,18.2,19.4,21.3,21.2,21.0,19.7,18.9,17.1,15.5,14.4,13.4,12.7,12.2,12.0,11.9,11.5,11.4,11.5,11.6,11.6,12.5,13.7,15.2,16.8,18.3,19.9,21.4,20.8,20.1,19.7,19.1,17.5,15.4,14.2,13.2,12.5,12.1,11.4,11.0,10.4,10.1,9.7,9.1,9.1,11.3,14.1,16.6,18.3,20.2,21.7,22.0,21.8,20.9,20.1,18.9,17.2,15.7,14.7,13.8,13.0,12.3,11.7,11.1,10.7,10.5,10.1,9.8,9.9,12.2,14.8,16.9,18.9,20.8,21.7,21.9,21.4,22.0,21.3,20.2,18.2,16.5,15.0,14.2,13.5
471,10.1,9.4,8.9,8.4,7.8,7.6,7.2,7.5,9.6,11.8,14.0,16.0,18.2,19.4,21.3,21.2,21.0,19.7,18.9,17.1,15.5,14.4,13.4,12.7,12.2,12.0,11.9,11.5,11.4,11.5,11.6,11.6,12.5,13.7,15.2,16.8,18.3,19.9,21.4,20.8,20.1,19.7,19.1,17.5,15.4,14.2,13.2,12.5,12.1,11.4,11.0,10.4,10.1,9.7,9.1,9.1,11.3,14.1,16.6,18.3,20.2,21.7,22.0,21.8,20.9,20.1,18.9,17.2,15.7,14.7,13.8,13.0,12.3,11.7,11.1,10.7,10.5,10.1,9.8,9.9,12.2,14.8,16.9,18.9,20.8,21.7,21.9,21.4,22.0,21.3,20.2,18.2,16.5,15.0,14.2,13.5,12.9,12.2,11.8,11.4,10.7,10.2,9.7,10.2,12.8,15.2,17.4,20.0,21.3,21.1,22.5,21.9,21.4,20.2,18.8,17.8,17.0,16.8,16.3,15.9
472,12.2,12.0,11.9,11.5,11.4,11.5,11.6,11.6,12.5,13.7,15.2,16.8,18.3,19.9,21.4,20.8,20.1,19.7,19.1,17.5,15.4,14.2,13.2,12.5,12.1,11.4,11.0,10.4,10.1,9.7,9.1,9.1,11.3,14.1,16.6,18.3,20.2,21.7,22.0,21.8,20.9,20.1,18.9,17.2,15.7,14.7,13.8,13.0,12.3,11.7,11.1,10.7,10.5,10.1,9.8,9.9,12.2,14.8,16.9,18.9,20.8,21.7,21.9,21.4,22.0,21.3,20.2,18.2,16.5,15.0,14.2,13.5,12.9,12.2,11.8,11.4,10.7,10.2,9.7,10.2,12.8,15.2,17.4,20.0,21.3,21.1,22.5,21.9,21.4,20.2,18.8,17.8,17.0,16.8,16.3,15.9,15.3,15.1,14.9,14.5,14.2,14.3,14.6,14.8,15.4,16.3,16.8,16.6,16.8,16.3,15.7,15.8,15.4,15.1,14.9,14.5,14.2,14.2,13.9,13.6
473,12.1,11.4,11.0,10.4,10.1,9.7,9.1,9.1,11.3,14.1,16.6,18.3,20.2,21.7,22.0,21.8,20.9,20.1,18.9,17.2,15.7,14.7,13.8,13.0,12.3,11.7,11.1,10.7,10.5,10.1,9.8,9.9,12.2,14.8,16.9,18.9,20.8,21.7,21.9,21.4,22.0,21.3,20.2,18.2,16.5,15.0,14.2,13.5,12.9,12.2,11.8,11.4,10.7,10.2,9.7,10.2,12.8,15.2,17.4,20.0,21.3,21.1,22.5,21.9,21.4,20.2,18.8,17.8,17.0,16.8,16.3,15.9,15.3,15.1,14.9,14.5,14.2,14.3,14.6,14.8,15.4,16.3,16.8,16.6,16.8,16.3,15.7,15.8,15.4,15.1,14.9,14.5,14.2,14.2,13.9,13.6,13.2,12.8,12.6,12.0,11.2,10.8,10.5,10.7,12.2,14.3,16.7,18.6,19.8,21.7,23.4,24.7,25.1,24.7,24.3,22.8,20.8,19.3,18.0,17.1
474,12.3,11.7,11.1,10.7,10.5,10.1,9.8,9.9,12.2,14.8,16.9,18.9,20.8,21.7,21.9,21.4,22.0,21.3,20.2,18.2,16.5,15.0,14.2,13.5,12.9,12.2,11.8,11.4,10.7,10.2,9.7,10.2,12.8,15.2,17.4,20.0,21.3,21.1,22.5,21.9,21.4,20.2,18.8,17.8,17.0,16.8,16.3,15.9,15.3,15.1,14.9,14.5,14.2,14.3,14.6,14.8,15.4,16.3,16.8,16.6,16.8,16.3,15.7,15.8,15.4,15.1,14.9,14.5,14.2,14.2,13.9,13.6,13.2,12.8,12.6,12.0,11.2,10.8,10.5,10.7,12.2,14.3,16.7,18.6,19.8,21.7,23.4,24.7,25.1,24.7,24.3,22.8,20.8,19.3,18.0,17.1,16.8,17.1,17.0,16.3,16.0,15.5,15.1,15.1,15.5,16.1,17.7,19.7,21.0,22.8,24.1,24.1,24.3,23.8,21.6,19.2,17.6,16.9,17.2,17.0
475,12.9,12.2,11.8,11.4,10.7,10.2,9.7,10.2,12.8,15.2,17.4,20.0,21.3,21.1,22.5,21.9,21.4,20.2,18.8,17.8,17.0,16.8,16.3,15.9,15.3,15.1,14.9,14.5,14.2,14.3,14.6,14.8,15.4,16.3,16.8,16.6,16.8,16.3,15.7,15.8,15.4,15.1,14.9,14.5,14.2,14.2,13.9,13.6,13.2,12.8,12.6,12.0,11.2,10.8,10.5,10.7,12.2,14.3,16.7,18.6,19.8,21.7,23.4,24.7,25.1,24.7,24.3,22.8,20.8,19.3,18.0,17.1,16.8,17.1,17.0,16.3,16.0,15.5,15.1,15.1,15.5,16.1,17.7,19.7,21.0,22.8,24.1,24.1,24.3,23.8,21.6,19.2,17.6,16.9,17.2,17.0,17.0,17.1,17.2,17.1,17.1,17.1,17.2,17.2,17.5,18.0,18.5,19.4,20.5,21.8,23.2,23.4,23.5,23.2,22.8,22.0,21.4,21.1,20.6,20.4
476,15.3,15.1,14.9,14.5,14.2,14.3,14.6,14.8,15.4,16.3,16.8,16.6,16.8,16.3,15.7,15.8,15.4,15.1,14.9,14.5,14.2,14.2,13.9,13.6,13.2,12.8,12.6,12.0,11.2,10.8,10.5,10.7,12.2,14.3,16.7,18.6,19.8,21.7,23.4,24.7,25.1,24.7,24.3,22.8,20.8,19.3,18.0,17.1,16.8,17.1,17.0,16.3,16.0,15.5,15.1,15.1,15.5,16.1,17.7,19.7,21.0,22.8,24.1,24.1,24.3,23.8,21.6,19.2,17.6,16.9,17.2,17.0,17.0,17.1,17.2,17.1,17.1,17.1,17.2,17.2,17.5,18.0,18.5,19.4,20.5,21.8,23.2,23.4,23.5,23.2,22.8,22.0,21.4,21.1,20.6,20.4,20.2,19.7,19.1,18.1,17.3,17.0,17.0,17.0,18.4,20.4,22.3,24.2,26.1,27.5,28.2,28.4,28.4,27.5,25.6,23.9,22.7,21.9,19.9,18.3
477,13.2,12.8,12.6,12.0,11.2,10.8,10.5,10.7,12.2,14.3,16.7,18.6,19.8,21.7,23.4,24.7,25.1,24.7,24.3,22.8,20.8,19.3,18.0,17.1,16.8,17.1,17.0,16.3,16.0,15.5,15.1,15.1,15.5,16.1,17.7,19.7,21.0,22.8,24.1,24.1,24.3,23.8,21.6,19.2,17.6,16.9,17.2,17.0,17.0,17.1,17.2,17.1,17.1,17.1,17.2,17.2,17.5,18.0,18.5,19.4,20.5,21.8,23.2,23.4,23.5,23.2,22.8,22.0,21.4,21.1,20.6,20.4,20.2,19.7,19.1,18.1,17.3,17.0,17.0,17.0,18.4,20.4,22.3,24.2,26.1,27.5,28.2,28.4,28.4,27.5,25.6,23.9,22.7,21.9,19.9,18.3,17.5,16.4,15.5,14.6,13.6,13.0,13.1,13.4,14.5,16.4,18.1,19.8,21.0,22.4,23.0,23.5,23.4,22.8,21.3,19.6,18.0,17.1,16.4,15.6
478,16.8,17.1,17.0,16.3,16.0,15.5,15.1,15.1,15.5,16.1,17.7,19.7,21.0,22.8,24.1,24.1,24.3,23.8,21.6,19.2,17.6,16.9,17.2,17.0,17.0,17.1,17.2,17.1,17.1,17.1,17.2,17.2,17.5,18.0,18.5,19.4,20.5,21.8,23.2,23.4,23.5,23.2,22.8,22.0,21.4,21.1,20.6,20.4,20.2,19.7,19.1,18.1,17.3,17.0,17.0,17.0,18.4,20.4,22.3,24.2,26.1,27.5,28.2,28.4,28.4,27.5,25.6,23.9,22.7,21.9,19.9,18.3,17.5,16.4,15.5,14.6,13.6,13.0,13.1,13.4,14.5,16.4,18.1,19.8,21.0,22.4,23.0,23.5,23.4,22.8,21.3,19.6,18.0,17.1,16.4,15.6,14.8,14.2,13.4,13.2,13.1,12.4,11.7,12.1,14.8,17.2,19.3,21.3,22.9,24.2,25.4,25.6,22.6,21.3,20.2,19.1,19.0,18.6,17.7,16.9
479,17.0,17.1,17.2,17.1,17.1,17.1,17.2,17.2,17.5,18.0,18.5,19.4,20.5,21.8,23.2,23.4,23.5,23.2,22.8,22.0,21.4,21.1,20.6,20.4,20.2,19.7,19.1,18.1,17.3,17.0,17.0,17.0,18.4,20.4,22.3,24.2,26.1,27.5,28.2,28.4,28.4,27.5,25.6,23.9,22.7,21.9,19.9,18.3,17.5,16.4,15.5,14.6,13.6,13.0,13.1,13.4,14.5,16.4,18.1,19.8,21.0,22.4,23.0,23.5,23.4,22.8,21.3,19.6,18.0,17.1,16.4,15.6,14.8,14.2,13.4,13.2,13.1,12.4,11.7,12.1,14.8,17.2,19.3,21.3,22.9,24.2,25.4,25.6,22.6,21.3,20.2,19.1,19.0,18.6,17.7,16.9,16.3,14.8,13.7,12.9,11.9,11.2,10.8,10.7,11.0,11.6,12.4,14.6,15.7,16.1,15.5,15.7,15.9,15.4,15.0,14.7,14.4,13.9,13.0,12.3
480,20.2,19.7,19.1,18.1,17.3,17.0,17.0,17.0,18.4,20.4,22.3,24.2,26.1,27.5,28.2,28.4,28.4,27.5,25.6,23.9,22.7,21.9,19.9,18.3,17.5,16.4,15.5,14.6,13.6,13.0,13.1,13.4,14.5,16.4,18.1,19.8,21.0,22.4,23.0,23.5,23.4,22.8,21.3,19.6,18.0,17.1,16.4,15.6,14.8,14.2,13.4,13.2,13.1,12.4,11.7,12.1,14.8,17.2,19.3,21.3,22.9,24.2,25.4,25.6,22.6,21.3,20.2,19.1,19.0,18.6,17.7,16.9,16.3,14.8,13.7,12.9,11.9,11.2,10.8,10.7,11.0,11.6,12.4,14.6,15.7,16.1,15.5,15.7,15.9,15.4,15.0,14.7,14.4,13.9,13.0,12.3,11.6,11.1,10.5,10.8,11.0,10.9,10.9,11.4,12.2,13.3,14.9,16.3,16.6,16.8,16.9,15.8,14.8,14.8,13.6,12.6,12.0,11.7,11.4,11.3
481,17.5,16.4,15.5,14.6,13.6,13.0,13.1,13.4,14.5,16.4,18.1,19.8,21.0,22.4,23.0,23.5,23.4,22.8,21.3,19.6,18.0,17.1,16.4,15.6,14.8,14.2,13.4,13.2,13.1,12.4,11.7,12.1,14.8,17.2,19.3,21.3,22.9,24.2,25.4,25.6,22.6,21.3,20.2,19.1,19.0,18.6,17.7,16.9,16.3,14.8,13.7,12.9,11.9,11.2,10.8,10.7,11.0,11.6,12.4,14.6,15.7,16.1,15.5,15.7,15.9,15.4,15.0,14.7,14.4,13.9,13.0,12.3,11.6,11.1,10.5,10.8,11.0,10.9,10.9,11.4,12.2,13.3,14.9,16.3,16.6,16.8,16.9,15.8,14.8,14.8,13.6,12.6,12.0,11.7,11.4,11.3,10.9,10.3,9.8,9.5,8.6,8.1,7.9,8.5,11.0,13.2,15.3,17.2,17.6,18.6,18.5,18.8,18.9,16.9,15.9,14.6,13.9,13.1,12.5,12.0
482,14.8,14.2,13.4,13.2,13.1,12.4,11.7,12.1,14.8,17.2,19.3,21.3,22.9,24.2,25.4,25.6,22.6,21.3,20.2,19.1,19.0,18.6,17.7,16.9,16.3,14.8,13.7,12.9,11.9,11.2,10.8,10.7,11.0,11.6,12.4,14.6,15.7,16.1,15.5,15.7,15.9,15.4,15.0,14.7,14.4,13.9,13.0,12.3,11.6,11.1,10.5,10.8,11.0,10.9,10.9,11.4,12.2,13.3,14.9,16.3,16.6,16.8,16.9,15.8,14.8,14.8,13.6,12.6,12.0,11.7,11.4,11.3,10.9,10.3,9.8,9.5,8.6,8.1,7.9,8.5,11.0,13.2,15.3,17.2,17.6,18.6,18.5,18.8,18.9,16.9,15.9,14.6,13.9,13.1,12.5,12.0,11.5,10.8,10.4,9.9,9.7,9.3,9.3,10.3,11.3,13.3,15.1,16.5,17.4,18.2,18.2,19.0,18.5,18.6,17.7,16.3,14.9,14.4,13.9,13.4
483,16.3,14.8,13.7,12.9,11.9,11.2,10.8,10.7,11.0,11.6,12.4,14.6,15.7,16.1,15.5,15.7,15.9,15.4,15.0,14.7,14.4,13.9,13.0,12.3,11.6,11.1,10.5,10.8,11.0,10.9,10.9,11.4,12.2,13.3,14.9,16.3,16.6,16.8,16.9,15.8,14.8,14.8,13.6,12.6,12.0,11.7,11.4,11.3,10.9,10.3,9.8,9.5,8.6,8.1,7.9,8.5,11.0,13.2,15.3,17.2,17.6,18.6,18.5,18.8,18.9,16.9,15.9,14.6,13.9,13.1,12.5,12.0,11.5,10.8,10.4,9.9,9.7,9.3,9.3,10.3,11.3,13.3,15.1,16.5,17.4,18.2,18.2,19.0,18.5,18.6,17.7,16.3,14.9,14.4,13.9,13.4,12.4,11.5,10.7,10.1,9.8,9.5,9.2,9.7,12.1,14.1,16.3,17.8,19.1,19.4,20.2,20.5,20.7,19.8,18.8,16.8,15.1,14.2,13.8,13.4
484,11.6,11.1,10.5,10.8,11.0,10.9,10.9,11.4,12.2,13.3,14.9,16.3,16.6,16.8,16.9,15.8,14.8,14.8,13.6,12.6,12.0,11.7,11.4,11.3,10.9,10.3,9.8,9.5,8.6,8.1,7.9,8.5,11.0,13.2,15.3,17.2,17.6,18.6,18.5,18.8,18.9,16.9,15.9,14.6,13.9,13.1,12.5,12.0,11.5,10.8,10.4,9.9,9.7,9.3,9.3,10.3,11.3,13.3,15.1,16.5,17.4,18.2,18.2,19.0,18.5,18.6,17.7,16.3,14.9,14.4,13.9,13.4,12.4,11.5,10.7,10.1,9.8,9.5,9.2,9.7,12.1,14.1,16.3,17.8,19.1,19.4,20.2,20.5,20.7,19.8,18.8,16.8,15.1,14.2,13.8,13.4,12.7,12.1,11.6,11.0,10.7,10.3,10.1,10.7,14.0,16.6,18.9,21.2,22.8,24.3,25.1,24.8,24.3,23.7,22.3,20.9,19.8,18.8,17.9,16.8
485,10.9,10.3,9.8,9.5,8.6,8.1,7.9,8.5,11.0,13.2,15.3,17.2,17.6,18.6,18.5,18.8,18.9,16.9,15.9,14.6,13.9,13.1,12.5,12.0,11.5,10.8,10.4,9.9,9.7,9.3,9.3,10.3,11.3,13.3,15.1,16.5,17.4,18.2,18.2,19.0,18.5,18.6,17.7,16.3,14.9,14.4,13.9,13.4,12.4,11.5,10.7,10.1,9.8,9.5,9.2,9.7,12.1,14.1,16.3,17.8,19.1,19.4,20.2,20.5,20.7,19.8,18.8,16.8,15.1,14.2,13.8,13.4,12.7,12.1,11.6,11.0,10.7,10.3,10.1,10.7,14.0,16.6,18.9,21.2,22.8,24.3,25.1,24.8,24.3,23.7,22.3,20.9,19.8,18.8,17.9,16.8,16.0,15.2,14.9,14.2,13.7,12.8,12.5,12.9,15.9,18.4,20.3,21.9,22.8,23.9,24.8,25.7,25.2,24.7,23.1,20.5,19.2,18.4,17.5,16.8
486,11.5,10.8,10.4,9.9,9.7,9.3,9.3,10.3,11.3,13.3,15.1,16.5,17.4,18.2,18.2,19.0,18.5,18.6,17.7,16.3,14.9,14.4,13.9,13.4,12.4,11.5,10.7,10.1,9.8,9.5,9.2,9.7,12.1,14.1,16.3,17.8,19.1,19.4,20.2,20.5,20.7,19.8,18.8,16.8,15.1,14.2,13.8,13.4,12.7,12.1,11.6,11.0,10.7,10.3,10.1,10.7,14.0,16.6,18.9,21.2,22.8,24.3,25.1,24.8,24.3,23.7,22.3,20.9,19.8,18.8,17.9,16.8,16.0,15.2,14.9,14.2,13.7,12.8,12.5,12.9,15.9,18.4,20.3,21.9,22.8,23.9,24.8,25.7,25.2,24.7,23.1,20.5,19.2,18.4,17.5,16.8,16.2,15.8,15.5,14.8,14.3,13.9,13.8,14.6,17.4,19.9,21.7,22.7,23.7,25.2,24.6,24.9,25.1,24.6,22.9,21.2,19.6,18.8,18.1,17.9
487,12.4,11.5,10.7,10.1,9.8,9.5,9.2,9.7,12.1,14.1,16.3,17.8,19.1,19.4,20.2,20.5,20.7,19.8,18.8,16.8,15.1,14.2,13.8,13.4,12.7,12.1,11.6,11.0,10.7,10.3,10.1,10.7,14.0,16.6,18.9,21.2,22.8,24.3,25.1,24.8,24.3,23.7,22.3,20.9,19.8,18.8,17.9,16.8,16.0,15.2,14.9,14.2,13.7,12.8,12.5,12.9,15.9,18.4,20.3,21.9,22.8,23.9,24.8,25.7,25.2,24.7,23.1,20.5,19.2,18.4,17.5,16.8,16.2,15.8,15.5,14.8,14.3,13.9,13.8,14.6,17.4,19.9,21.7,22.7,23.7,25.2,24.6,24.9,25.1,24.6,22.9,21.2,19.6,18.8,18.1,17.9,17.8,17.8,17.3,16.7,16.5,16.1,16.2,15.6,15.3,15.7,17.1,19.1,21.2,22.7,22.6,22.7,22.4,21.9,20.7,19.6,18.8,18.3,17.4,16.6
488,12.7,12.1,11.6,11.0,10.7,10.3,10.1,10.7,14.0,16.6,18.9,21.2,22.8,24.3,25.1,24.8,24.3,23.7,22.3,20.9,19.8,18.8,17.9,16.8,16.0,15.2,14.9,14.2,13.7,12.8,12.5,12.9,15.9,18.4,20.3,21.9,22.8,23.9,24.8,25.7,25.2,24.7,23.1,20.5,19.2,18.4,17.5,16.8,16.2,15.8,15.5,14.8,14.3,13.9,13.8,14.6,17.4,19.9,21.7,22.7,23.7,25.2,24.6,24.9,25.1,24.6,22.9,21.2,19.6,18.8,18.1,17.9,17.8,17.8,17.3,16.7,16.5,16.1,16.2,15.6,15.3,15.7,17.1,19.1,21.2,22.7,22.6,22.7,22.4,21.9,20.7,19.6,18.8,18.3,17.4,16.6,15.8,16.3,16.2,15.8,15.5,15.1,15.0,15.0,15.4,15.8,16.8,17.3,17.8,18.2,17.8,17.6,17.7,17.2,16.6,15.3,13.4,12.3,11.9,11.8
489,16.0,15.2,14.9,14.2,13.7,12.8,12.5,12.9,15.9,18.4,20.3,21.9,22.8,23.9,24.8,25.7,25.2,24.7,23.1,20.5,19.2,18.4,17.5,16.8,16.2,15.8,15.5,14.8,14.3,13.9,13.8,14.6,17.4,19.9,21.7,22.7,23.7,25.2,24.6,24.9,25.1,24.6,22.9,21.2,19.6,18.8,18.1,17.9,17.8,17.8,17.3,16.7,16.5,16.1,16.2,15.6,15.3,15.7,17.1,19.1,21.2,22.7,22.6,22.7,22.4,21.9,20.7,19.6,18.8,18.3,17.4,16.6,15.8,16.3,16.2,15.8,15.5,15.1,15.0,15.0,15.4,15.8,16.8,17.3,17.8,18.2,17.8,17.6,17.7,17.2,16.6,15.3,13.4,12.3,11.9,11.8,11.7,11.6,11.5,11.5,11.4,11.4,11.1,11.6,13.9,15.8,17.9,19.3,21.1,22.7,23.8,24.2,25.0,24.9,23.9,22.8,20.8,18.8,18.0,17.3
490,16.2,15.8,15.5,14.8,14.3,13.9,13.8,14.6,17.4,19.9,21.7,22.7,23.7,25.2,24.6,24.9,25.1,24.6,22.9,21.2,19.6,18.8,18.1,17.9,17.8,17.8,17.3,16.7,16.5,16.1,16.2,15.6,15.3,15.7,17.1,19.1,21.2,22.7,22.6,22.7,22.4,21.9,20.7,19.6,18.8,18.3,17.4,16.6,15.8,16.3,16.2,15.8,15.5,15.1,15.0,15.0,15.4,15.8,16.8,17.3,17.8,18.2,17.8,17.6,17.7,17.2,16.6,15.3,13.4,12.3,11.9,11.8,11.7,11.6,11.5,11.5,11.4,11.4,11.1,11.6,13.9,15.8,17.9,19.3,21.1,22.7,23.8,24.2,25.0,24.9,23.9,22.8,20.8,18.8,18.0,17.3,16.8,16.0,15.4,14.9,14.5,14.0,13.6,14.2,15.5,18.7,20.9,22.0,23.9,24.8,25.3,25.8,26.1,25.2,24.2,22.1,20.6,20.1,19.5,19.0
491,17.8,17.8,17.3,16.7,16.5,16.1,16.2,15.6,15.3,15.7,17.1,19.1,21.2,22.7,22.6,22.7,22.4,21.9,20.7,19.6,18.8,18.3,17.4,16.6,15.8,16.3,16.2,15.8,15.5,15.1,15.0,15.0,15.4,15.8,16.8,17.3,17.8,18.2,17.8,17.6,17.7,17.2,16.6,15.3,13.4,12.3,11.9,11.8,11.7,11.6,11.5,11.5,11.4,11.4,11.1,11.6,13.9,15.8,17.9,19.3,21.1,22.7,23.8,24.2,25.0,24.9,23.9,22.8,20.8,18.8,18.0,17.3,16.8,16.0,15.4,14.9,14.5,14.0,13.6,14.2,15.5,18.7,20.9,22.0,23.9,24.8,25.3,25.8,26.1,25.2,24.2,22.1,20.6,20.1,19.5,19.0,18.3,17.7,17.4,17.1,17.0,16.8,17.0,17.1,18.1,19.6,21.3,22.3,23.0,23.8,24.4,24.9,24.3,22.9,21.2,19.8,18.6,17.8,17.0,16.7
492,15.8,16.3,16.2,15.8,15.5,15.1,15.0,15.0,15.4,15.8,16.8,17.3,17.8,18.2,17.8,17.6,17.7,17.2,16.6,15.3,13.4,12.3,11.9,11.8,11.7,11.6,11.5,11.5,11.4,11.4,11.1,11.6,13.9,15.8,17.9,19.3,21.1,22.7,23.8,24.2,25.0,24.9,23.9,22.8,20.8,18.8,18.0,17.3,16.8,16.0,15.4,14.9,14.5,14.0,13.6,14.2,15.5,18.7,20.9,22.0,23.9,24.8,25.3,25.8,26.1,25.2,24.2,22.1,20.6,20.1,19.5,19.0,18.3,17.7,17.4,17.1,17.0,16.8,17.0,17.1,18.1,19.6,21.3,22.3,23.0,23.8,24.4,24.9,24.3,22.9,21.2,19.8,18.6,17.8,17.0,16.7,16.6,16.2,15.9,15.5,15.0,14.6,14.2,14.8,16.8,19.1,21.7,23.5,25.2,26.6,27.7,27.9,27.7,26.6,25.2,22.9,21.6,20.6,20.4,19.7
493,11.7,11.6,11.5,11.5,11.4,11.4,11.1,11.6,13.9,15.8,17.9,19.3,21.1,22.7,23.8,24.2,25.0,24.9,23.9,22.8,20.8,18.8,18.0,17.3,16.8,16.0,15.4,14.9,14.5,14.0,13.6,14.2,15.5,18.7,20.9,22.0,23.9,24.8,25.3,25.8,26.1,25.2,24.2,22.1,20.6,20.1,19.5,19.0,18.3,17.7,17.4,17.1,17.0,16.8,17.0,17.1,18.1,19.6,21.3,22.3,23.0,23.8,24.4,24.9,24.3,22.9,21.2,19.8,18.6,17.8,17.0,16.7,16.6,16.2,15.9,15.5,15.0,14.6,14.2,14.8,16.8,19.1,21.7,23.5,25.2,26.6,27.7,27.9,27.7,26.6,25.2,22.9,21.6,20.6,20.4,19.7,19.1,18.5,18.0,17.4,16.5,15.7,15.3,15.7,18.3,19.4,21.2,23.3,23.9,24.6,25.0,24.7,24.1,23.4,21.6,19.8,18.6,17.5,16.7,16.0
494,16.8,16.0,15.4,14.9,14.5,14.0,13.6,14.2,15.5,18.7,20.9,22.0,23.9,24.8,25.3,25.8,26.1,25.2,24.2,22.1,20.6,20.1,19.5,19.0,18.3,17.7,17.4,17.1,17.0,16.8,17.0,17.1,18.1,19.6,21.3,22.3,23.0,23.8,24.4,24.9,24.3,22.9,21.2,19.8,18.6,17.8,17.0,16.7,16.6,16.2,15.9,15.5,15.0,14.6,14.2,14.8,16.8,19.1,21.7,23.5,25.2,26.6,27.7,27.9,27.7,26.6,25.2,22.9,21.6,20.6,20.4,19.7,19.1,18.5,18.0,17.4,16.5,15.7,15.3,15.7,18.3,19.4,21.2,23.3,23.9,24.6,25.0,24.7,24.1,23.4,21.6,19.8,18.6,17.5,16.7,16.0,15.0,14.3,13.7,13.2,12.9,12.4,12.0,12.8,15.1,16.7,18.3,18.5,18.6,19.7,19.4,19.1,18.8,18.5,17.6,16.3,15.2,14.8,14.7,14.3
495,18.3,17.7,17.4,17.1,17.0,16.8,17.0,17.1,18.1,19.6,21.3,22.3,23.0,23.8,24.4,24.9,24.3,22.9,21.2,19.8,18.6,17.8,17.0,16.7,16.6,16.2,15.9,15.5,15.0,14.6,14.2,14.8,16.8,19.1,21.7,23.5,25.2,26.6,27.7,27.9,27.7,26.6,25.2,22.9,21.6,20.6,20.4,19.7,19.1,18.5,18.0,17.4,16.5,15.7,15.3,15.7,18.3,19.4,21.2,23.3,23.9,24.6,25.0,24.7,24.1,23.4,21.6,19.8,18.6,17.5,16.7,16.0,15.0,14.3,13.7,13.2,12.9,12.4,12.0,12.8,15.1,16.7,18.3,18.5,18.6,19.7,19.4,19.1,18.8,18.5,17.6,16.3,15.2,14.8,14.7,14.3,13.8,13.3,12.5,11.7,11.1,10.9,10.6,10.9,14.0,16.2,18.0,18.8,20.5,21.5,22.2,21.9,21.7,20.3,19.7,17.8,16.1,15.4,14.9,14.1
496,16.6,16.2,15.9,15.5,15.0,14.6,14.2,14.8,16.8,19.1,21.7,23.5,25.2,26.6,27.7,27.9,27.7,26.6,25.2,22.9,21.6,20.6,20.4,19.7,19.1,18.5,18.0,17.4,16.5,15.7,15.3,15.7,18.3,19.4,21.2,23.3,23.9,24.6,25.0,24.7,24.1,23.4,21.6,19.8,18.6,17.5,16.7,16.0,15.0,14.3,13.7,13.2,12.9,12.4,12.0,12.8,15.1,16.7,18.3,18.5,18.6,19.7,19.4,19.1,18.8,18.5,17.6,16.3,15.2,14.8,14.7,14.3,13.8,13.3,12.5,11.7,11.1,10.9,10.6,10.9,14.0,16.2,18.0,18.8,20.5,21.5,22.2,21.9,21.7,20.3,19.7,17.8,16.1,15.4,14.9,14.1,13.5,13.0,12.2,11.8,11.6,11.2,11.0,12.0,14.9,17.2,18.5,20.5,21.4,22.5,23.6,23.1,23.0,21.8,21.0,19.6,18.3,17.3,16.6,16.1
497,19.1,18.5,18.0,17.4,16.5,15.7,15.3,15.7,18.3,19.4,21.2,23.3,23.9,24.6,25.0,24.7,24.1,23.4,21.6,19.8,18.6,17.5,16.7,16.0,15.0,14.3,13.7,13.2,12.9,12.4,12.0,12.8,15.1,16.7,18.3,18.5,18.6,19.7,19.4,19.1,18.8,18.5,17.6,16.3,15.2,14.8,14.7,14.3,13.8,13.3,12.5,11.7,11.1,10.9,10.6,10.9,14.0,16.2,18.0,18.8,20.5,21.5,22.2,21.9,21.7,20.3,19.7,17.8,16.1,15.4,14.9,14.1,13.5,13.0,12.2,11.8,11.6,11.2,11.0,12.0,14.9,17.2,18.5,20.5,21.4,22.5,23.6,23.1,23.0,21.8,21.0,19.6,18.3,17.3,16.6,16.1,15.8,15.2,14.9,14.2,13.9,13.3,13.0,14.2,16.8,19.0,20.8,22.9,24.7,25.7,26.9,26.9,26.7,26.0,24.4,22.8,20.9,19.6,19.3,18.6
498,15.0,14.3,13.7,13.2,12.9,12.4,12.0,12.8,15.1,16.7,18.3,18.5,18.6,19.7,19.4,19.1,18.8,18.5,17.6,16.3,15.2,14.8,14.7,14.3,13.8,13.3,12.5,11.7,11.1,10.9,10.6,10.9,14.0,16.2,18.0,18.8,20.5,21.5,22.2,21.9,21.7,20.3,19.7,17.8,16.1,15.4,14.9,14.1,13.5,13.0,12.2,11.8,11.6,11.2,11.0,12.0,14.9,17.2,18.5,20.5,21.4,22.5,23.6,23.1,23.0,21.8,21.0,19.6,18.3,17.3,16.6,16.1,15.8,15.2,14.9,14.2,13.9,13.3,13.0,14.2,16.8,19.0,20.8,22.9,24.7,25.7,26.9,26.9,26.7,26.0,24.4,22.8,20.9,19.6,19.3,18.6,17.9,17.2,16.9,16.3,15.9,15.8,15.9,17.0,18.9,18.5,16.8,18.3,21.4,24.2,25.2,24.9,24.6,24.2,23.9,22.7,21.5,20.5,19.7,18.9
499,13.8,13.3,12.5,11.7,11.1,10.9,10.6,10.9,14.0,16.2,18.0,18.8,20.5,21.5,22.2,21.9,21.7,20.3,19.7,17.8,16.1,15.4,14.9,14.1,13.5,13.0,12.2,11.8,11.6,11.2,11.0,12.0,14.9,17.2,18.5,20.5,21.4,22.5,23.6,23.1,23.0,21.8,21.0,19.6,18.3,17.3,16.6,16.1,15.8,15.2,14.9,14.2,13.9,13.3,13.0,14.2,16.8,19.0,20.8,22.9,24.7,25.7,26.9,26.9,26.7,26.0,24.4,22.8,20.9,19.6,19.3,18.6,17.9,17.2,16.9,16.3,15.9,15.8,15.9,17.0,18.9,18.5,16.8,18.3,21.4,24.2,25.2,24.9,24.6,24.2,23.9,22.7,21.5,20.5,19.7,18.9,18.4,18.1,17.6,17.5,17.2,16.8,16.3,16.8,18.7,20.5,22.3,23.2,23.4,23.6,23.8,23.1,22.7,22.1,21.1,19.8,19.2,19.2,19.1,18.6
500,13.5,13.0,12.2,11.8,11.6,11.2,11.0,12.0,14.9,17.2,18.5,20.5,21.4,22.5,23.6,23.1,23.0,21.8,21.0,19.6,18.3,17.3,16.6,16.1,15.8,15.2,14.9,14.2,13.9,13.3,13.0,14.2,16.8,19.0,20.8,22.9,24.7,25.7,26.9,26.9,26.7,26.0,24.4,22.8,20.9,19.6,19.3,18.6,17.9,17.2,16.9,16.3,15.9,15.8,15.9,17.0,18.9,18.5,16.8,18.3,21.4,24.2,25.2,24.9,24.6,24.2,23.9,22.7,21.5,20.5,19.7,18.9,18.4,18.1,17.6,17.5,17.2,16.8,16.3,16.8,18.7,20.5,22.3,23.2,23.4,23.6,23.8,23.1,22.7,22.1,21.1,19.8,19.2,19.2,19.1,18.6,18.0,17.5,17.3,17.2,17.0,16.0,15.6,16.6,18.3,19.7,21.9,23.5,24.5,25.3,25.1,25.6,25.3,25.3,24.4,22.7,21.1,20.0,19.1,18.6
501,15.8,15.2,14.9,14.2,13.9,13.3,13.0,14.2,16.8,19.0,20.8,22.9,24.7,25.7,26.9,26.9,26.7,26.0,24.4,22.8,20.9,19.6,19.3,18.6,17.9,17.2,16.9,16.3,15.9,15.8,15.9,17.0,18.9,18.5,16.8,18.3,21.4,24.2,25.2,24.9,24.6,24.2,23.9,22.7,21.5,20.5,19.7,18.9,18.4,18.1,17.6,17.5,17.2,16.8,16.3,16.8,18.7,20.5,22.3,23.2,23.4,23.6,23.8,23.1,22.7,22.1,21.1,19.8,19.2,19.2,19.1,18.6,18.0,17.5,17.3,17.2,17.0,16.0,15.6,16.6,18.3,19.7,21.9,23.5,24.5,25.3,25.1,25.6,25.3,25.3,24.4,22.7,21.1,20.0,19.1,18.6,17.8,17.5,17.4,17.1,16.8,16.9,17.1,17.9,18.6,19.9,21.5,23.0,24.0,24.9,25.6,25.5,25.4,24.2,23.0,21.2,19.0,17.9,17.4,16.6
502,17.9,17.2,16.9,16.3,15.9,15.8,15.9,17.0,18.9,18.5,16.8,18.3,21.4,24.2,25.2,24.9,24.6,24.2,23.9,22.7,21.5,20.5,19.7,18.9,18.4,18.1,17.6,17.5,17.2,16.8,16.3,16.8,18.7,20.5,22.3,23.2,23.4,23.6,23.8,23.1,22.7,22.1,21.1,19.8,19.2,19.2,19.1,18.6,18.0,17.5,17.3,17.2,17.0,16.0,15.6,16.6,18.3,19.7,21.9,23.5,24.5,25.3,25.1,25.6,25.3,25.3,24.4,22.7,21.1,20.0,19.1,18.6,17.8,17.5,17.4,17.1,16.8,16.9,17.1,17.9,18.6,19.9,21.5,23.0,24.0,24.9,25.6,25.5,25.4,24.2,23.0,21.2,19.0,17.9,17.4,16.6,16.1,16.1,16.1,15.8,15.8,15.9,15.9,16.0,16.5,17.5,19.1,21.6,23.7,24.5,25.0,25.7,25.3,25.5,24.6,23.1,21.7,20.7,19.9,19.1
503,18.4,18.1,17.6,17.5,17.2,16.8,16.3,16.8,18.7,20.5,22.3,23.2,23.4,23.6,23.8,23.1,22.7,22.1,21.1,19.8,19.2,19.2,19.1,18.6,18.0,17.5,17.3,17.2,17.0,16.0,15.6,16.6,18.3,19.7,21.9,23.5,24.5,25.3,25.1,25.6,25.3,25.3,24.4,22.7,21.1,20.0,19.1,18.6,17.8,17.5,17.4,17.1,16.8,16.9,17.1,17.9,18.6,19.9,21.5,23.0,24.0,24.9,25.6,25.5,25.4,24.2,23.0,21.2,19.0,17.9,17.4,16.6,16.1,16.1,16.1,15.8,15.8,15.9,15.9,16.0,16.5,17.5,19.1,21.6,23.7,24.5,25.0,25.7,25.3,25.5,24.6,23.1,21.7,20.7,19.9,19.1,18.3,17.9,18.1,18.1,18.2,18.3,18.4,18.7,19.1,21.3,23.2,25.0,27.0,28.6,29.7,30.5,30.0,28.9,27.7,25.3,23.1,21.9,21.2,19.9
504,18.0,17.5,17.3,17.2,17.0,16.0,15.6,16.6,18.3,19.7,21.9,23.5,24.5,25.3,25.1,25.6,25.3,25.3,24.4,22.7,21.1,20.0,19.1,18.6,17.8,17.5,17.4,17.1,16.8,16.9,17.1,17.9,18.6,19.9,21.5,23.0,24.0,24.9,25.6,25.5,25.4,24.2,23.0,21.2,19.0,17.9,17.4,16.6,16.1,16.1,16.1,15.8,15.8,15.9,15.9,16.0,16.5,17.5,19.1,21.6,23.7,24.5,25.0,25.7,25.3,25.5,24.6,23.1,21.7,20.7,19.9,19.1,18.3,17.9,18.1,18.1,18.2,18.3,18.4,18.7,19.1,21.3,23.2,25.0,27.0,28.6,29.7,30.5,30.0,28.9,27.7,25.3,23.1,21.9,21.2,19.9,19.2,18.8,18.4,17.9,17.4,17.0,16.8,17.8,19.5,21.9,23.9,26.2,27.5,28.8,29.6,29.9,29.7,29.1,27.2,25.1,23.3,22.1,21.1,20.3
505,17.8,17.5,17.4,17.1,16.8,16.9,17.1,17.9,18.6,19.9,21.5,23.0,24.0,24.9,25.6,25.5,25.4,24.2,23.0,21.2,19.0,17.9,17.4,16.6,16.1,16.1,16.1,15.8,15.8,15.9,15.9,16.0,16.5,17.5,19.1,21.6,23.7,24.5,25.0,25.7,25.3,25.5,24.6,23.1,21.7,20.7,19.9,19.1,18.3,17.9,18.1,18.1,18.2,18.3,18.4,18.7,19.1,21.3,23.2,25.0,27.0,28.6,29.7,30.5,30.0,28.9,27.7,25.3,23.1,21.9,21.2,19.9,19.2,18.8,18.4,17.9,17.4,17.0,16.8,17.8,19.5,21.9,23.9,26.2,27.5,28.8,29.6,29.9,29.7,29.1,27.2,25.1,23.3,22.1,21.1,20.3,19.6,19.1,18.2,17.7,17.6,17.2,17.0,17.8,20.3,23.0,23.6,25.3,26.3,26.2,25.9,26.3,25.7,24.1,22.5,21.2,19.8,18.8,18.1,17.0
506,16.1,16.1,16.1,15.8,15.8,15.9,15.9,16.0,16.5,17.5,19.1,21.6,23.7,24.5,25.0,25.7,25.3,25.5,24.6,23.1,21.7,20.7,19.9,19.1,18.3,17.9,18.1,18.1,18.2,18.3,18.4,18.7,19.1,21.3,23.2,25.0,27.0,28.6,29.7,30.5,30.0,28.9,27.7,25.3,23.1,21.9,21.2,19.9,19.2,18.8,18.4,17.9,17.4,17.0,16.8,17.8,19.5,21.9,23.9,26.2,27.5,28.8,29.6,29.9,29.7,29.1,27.2,25.1,23.3,22.1,21.1,20.3,19.6,19.1,18.2,17.7,17.6,17.2,17.0,17.8,20.3,23.0,23.6,25.3,26.3,26.2,25.9,26.3,25.7,24.1,22.5,21.2,19.8,18.8,18.1,17.0,16.7,16.1,15.7,15.3,14.6,14.3,14.2,15.0,16.7,18.3,19.9,21.3,22.5,23.0,22.5,22.7,22.5,22.3,21.2,20.1,18.8,18.0,17.9,17.7
507,18.3,17.9,18.1,18.1,18.2,18.3,18.4,18.7,19.1,21.3,23.2,25.0,27.0,28.6,29.7,30.5,30.0,28.9,27.7,25.3,23.1,21.9,21.2,19.9,19.2,18.8,18.4,17.9,17.4,17.0,16.8,17.8,19.5,21.9,23.9,26.2,27.5,28.8,29.6,29.9,29.7,29.1,27.2,25.1,23.3,22.1,21.1,20.3,19.6,19.1,18.2,17.7,17.6,17.2,17.0,17.8,20.3,23.0,23.6,25.3,26.3,26.2,25.9,26.3,25.7,24.1,22.5,21.2,19.8,18.8,18.1,17.0,16.7,16.1,15.7,15.3,14.6,14.3,14.2,15.0,16.7,18.3,19.9,21.3,22.5,23.0,22.5,22.7,22.5,22.3,21.2,20.1,18.8,18.0,17.9,17.7,17.6,17.4,17.1,16.9,16.6,16.5,16.1,16.5,17.7,19.3,20.6,21.7,22.7,23.2,24.1,24.9,25.0,23.4,22.8,21.8,20.2,19.5,19.0,18.3
508,19.2,18.8,18.4,17.9,17.4,17.0,16.8,17.8,19.5,21.9,23.9,26.2,27.5,28.8,29.6,29.9,29.7,29.1,27.2,25.1,23.3,22.1,21.1,20.3,19.6,19.1,18.2,17.7,17.6,17.2,17.0,17.8,20.3,23.0,23.6,25.3,26.3,26.2,25.9,26.3,25.7,24.1,22.5,21.2,19.8,18.8,18.1,17.0,16.7,16.1,15.7,15.3,14.6,14.3,14.2,15.0,16.7,18.3,19.9,21.3,22.5,23.0,22.5,22.7,22.5,22.3,21.2,20.1,18.8,18.0,17.9,17.7,17.6,17.4,17.1,16.9,16.6,16.5,16.1,16.5,17.7,19.3,20.6,21.7,22.7,23.2,24.1,24.9,25.0,23.4,22.8,21.8,20.2,19.5,19.0,18.3,17.8,17.1,16.1,15.7,15.2,15.5,16.2,17.2,19.7,21.2,22.4,25.2,26.3,28.3,28.7,28.7,28.4,27.8,26.4,25.5,24.1,23.0,22.2,21.5
509,19.6,19.1,18.2,17.7,17.6,17.2,17.0,17.8,20.3,23.0,23.6,25.3,26.3,26.2,25.9,26.3,25.7,24.1,22.5,21.2,19.8,18.8,18.1,17.0,16.7,16.1,15.7,15.3,14.6,14.3,14.2,15.0,16.7,18.3,19.9,21.3,22.5,23.0,22.5,22.7,22.5,22.3,21.2,20.1,18.8,18.0,17.9,17.7,17.6,17.4,17.1,16.9,16.6,16.5,16.1,16.5,17.7,19.3,20.6,21.7,22.7,23.2,24.1,24.9,25.0,23.4,22.8,21.8,20.2,19.5,19.0,18.3,17.8,17.1,16.1,15.7,15.2,15.5,16.2,17.2,19.7,21.2,22.4,25.2,26.3,28.3,28.7,28.7,28.4,27.8,26.4,25.5,24.1,23.0,22.2,21.5,21.0,20.2,19.5,19.5,19.6,19.3,19.4,19.7,20.0,20.9,22.1,23.7,26.2,27.1,28.1,28.0,29.1,29.1,27.6,25.4,23.6,22.5,21.7,21.0
510,16.7,16.1,15.7,15.3,14.6,14.3,14.2,15.0,16.7,18.3,19.9,21.3,22.5,23.0,22.5,22.7,22.5,22.3,21.2,20.1,18.8,18.0,17.9,17.7,17.6,17.4,17.1,16.9,16.6,16.5,16.1,16.5,17.7,19.3,20.6,21.7,22.7,23.2,24.1,24.9,25.0,23.4,22.8,21.8,20.2,19.5,19.0,18.3,17.8,17.1,16.1,15.7,15.2,15.5,16.2,17.2,19.7,21.2,22.4,25.2,26.3,28.3,28.7,28.7,28.4,27.8,26.4,25.5,24.1,23.0,22.2,21.5,21.0,20.2,19.5,19.5,19.6,19.3,19.4,19.7,20.0,20.9,22.1,23.7,26.2,27.1,28.1,28.0,29.1,29.1,27.6,25.4,23.6,22.5,21.7,21.0,20.7,20.3,20.1,20.0,19.8,19.9,20.1,20.5,21.6,21.9,23.1,23.4,24.6,24.1,24.0,23.0,22.3,21.2,20.1,19.9,19.9,19.3,18.5,17.5
511,17.6,17.4,17.1,16.9,16.6,16.5,16.1,16.5,17.7,19.3,20.6,21.7,22.7,23.2,24.1,24.9,25.0,23.4,22.8,21.8,20.2,19.5,19.0,18.3,17.8,17.1,16.1,15.7,15.2,15.5,16.2,17.2,19.7,21.2,22.4,25.2,26.3,28.3,28.7,28.7,28.4,27.8,26.4,25.5,24.1,23.0,22.2,21.5,21.0,20.2,19.5,19.5,19.6,19.3,19.4,19.7,20.0,20.9,22.1,23.7,26.2,27.1,28.1,28.0,29.1,29.1,27.6,25.4,23.6,22.5,21.7,21.0,20.7,20.3,20.1,20.0,19.8,19.9,20.1,20.5,21.6,21.9,23.1,23.4,24.6,24.1,24.0,23.0,22.3,21.2,20.1,19.9,19.9,19.3,18.5,17.5,17.2,16.7,16.2,15.4,14.9,14.4,14.3,15.6,18.4,20.7,20.9,23.2,25.3,26.4,26.9,26.8,26.1,24.8,24.0,22.8,21.6,20.6,19.7,19.1
512,17.8,17.1,16.1,15.7,15.2,15.5,16.2,17.2,19.7,21.2,22.4,25.2,26.3,28.3,28.7,28.7,28.4,27.8,26.4,25.5,24.1,23.0,22.2,21.5,21.0,20.2,19.5,19.5,19.6,19.3,19.4,19.7,20.0,20.9,22.1,23.7,26.2,27.1,28.1,28.0,29.1,29.1,27.6,25.4,23.6,22.5,21.7,21.0,20.7,20.3,20.1,20.0,19.8,19.9,20.1,20.5,21.6,21.9,23.1,23.4,24.6,24.1,24.0,23.0,22.3,21.2,20.1,19.9,19.9,19.3,18.5,17.5,17.2,16.7,16.2,15.4,14.9,14.4,14.3,15.6,18.4,20.7,20.9,23.2,25.3,26.4,26.9,26.8,26.1,24.8,24.0,22.8,21.6,20.6,19.7,19.1,18.6,18.0,17.7,16.7,18.4,17.2,16.3,17.4,20.6,23.2,24.8,26.3,27.5,28.3,28.4,28.3,27.6,27.1,26.3,24.3,22.2,20.7,19.6,18.9
513,21.0,20.2,19.5,19.5,19.6,19.3,19.4,19.7,20.0,20.9,22.1,23.7,26.2,27.1,28.1,28.0,29.1,29.1,27.6,25.4,23.6,22.5,21.7,21.0,20.7,20.3,20.1,20.0,19.8,19.9,20.1,20.5,21.6,21.9,23.1,23.4,24.6,24.1,24.0,23.0,22.3,21.2,20.1,19.9,19.9,19.3,18.5,17.5,17.2,16.7,16.2,15.4,14.9,14.4,14.3,15.6,18.4,20.7,20.9,23.2,25.3,26.4,26.9,26.8,26.1,24.8,24.0,22.8,21.6,20.6,19.7,19.1,18.6,18.0,17.7,16.7,18.4,17.2,16.3,17.4,20.6,23.2,24.8,26.3,27.5,28.3,28.4,28.3,27.6,27.1,26.3,24.3,22.2,20.7,19.6,18.9,18.1,17.6,17.2,17.2,17.2,17.6,17.8,18.4,19.0,21.0,22.5,24.2,25.4,25.9,26.3,26.7,26.4,25.6,24.9,23.3,21.6,20.4,19.7,19.2
514,20.7,20.3,20.1,20.0,19.8,19.9,20.1,20.5,21.6,21.9,23.1,23.4,24.6,24.1,24.0,23.0,22.3,21.2,20.1,19.9,19.9,19.3,18.5,17.5,17.2,16.7,16.2,15.4,14.9,14.4,14.3,15.6,18.4,20.7,20.9,23.2,25.3,26.4,26.9,26.8,26.1,24.8,24.0,22.8,21.6,20.6,19.7,19.1,18.6,18.0,17.7,16.7,18.4,17.2,16.3,17.4,20.6,23.2,24.8,26.3,27.5,28.3,28.4,28.3,27.6,27.1,26.3,24.3,22.2,20.7,19.6,18.9,18.1,17.6,17.2,17.2,17.2,17.6,17.8,18.4,19.0,21.0,22.5,24.2,25.4,25.9,26.3,26.7,26.4,25.6,24.9,23.3,21.6,20.4,19.7,19.2,18.9,19.0,19.2,19.1,19.1,19.2,19.1,19.6,21.0,23.1,24.9,26.7,28.3,29.8,31.2,32.3,30.9,29.0,27.9,25.9,24.3,23.9,23.2,22.7
515,17.2,16.7,16.2,15.4,14.9,14.4,14.3,15.6,18.4,20.7,20.9,23.2,25.3,26.4,26.9,26.8,26.1,24.8,24.0,22.8,21.6,20.6,19.7,19.1,18.6,18.0,17.7,16.7,18.4,17.2,16.3,17.4,20.6,23.2,24.8,26.3,27.5,28.3,28.4,28.3,27.6,27.1,26.3,24.3,22.2,20.7,19.6,18.9,18.1,17.6,17.2,17.2,17.2,17.6,17.8,18.4,19.0,21.0,22.5,24.2,25.4,25.9,26.3,26.7,26.4,25.6,24.9,23.3,21.6,20.4,19.7,19.2,18.9,19.0,19.2,19.1,19.1,19.2,19.1,19.6,21.0,23.1,24.9,26.7,28.3,29.8,31.2,32.3,30.9,29.0,27.9,25.9,24.3,23.9,23.2,22.7,22.3,21.6,21.5,21.4,21.0,20.9,20.4,21.2,23.2,24.6,26.1,27.8,28.2,28.4,28.7,29.0,29.1,29.2,29.4,28.4,27.3,26.7,26.1,25.6
516,18.6,18.0,17.7,16.7,18.4,17.2,16.3,17.4,20.6,23.2,24.8,26.3,27.5,28.3,28.4,28.3,27.6,27.1,26.3,24.3,22.2,20.7,19.6,18.9,18.1,17.6,17.2,17.2,17.2,17.6,17.8,18.4,19.0,21.0,22.5,24.2,25.4,25.9,26.3,26.7,26.4,25.6,24.9,23.3,21.6,20.4,19.7,19.2,18.9,19.0,19.2,19.1,19.1,19.2,19.1,19.6,21.0,23.1,24.9,26.7,28.3,29.8,31.2,32.3,30.9,29.0,27.9,25.9,24.3,23.9,23.2,22.7,22.3,21.6,21.5,21.4,21.0,20.9,20.4,21.2,23.2,24.6,26.1,27.8,28.2,28.4,28.7,29.0,29.1,29.2,29.4,28.4,27.3,26.7,26.1,25.6,24.8,24.5,23.8,23.5,23.3,23.1,22.8,22.8,22.9,23.6,24.7,26.4,26.2,24.8,23.3,22.8,22.7,22.6,22.0,21.6,20.9,20.5,20.2,20.2
517,18.1,17.6,17.2,17.2,17.2,17.6,17.8,18.4,19.0,21.0,22.5,24.2,25.4,25.9,26.3,26.7,26.4,25.6,24.9,23.3,21.6,20.4,19.7,19.2,18.9,19.0,19.2,19.1,19.1,19.2,19.1,19.6,21.0,23.1,24.9,26.7,28.3,29.8,31.2,32.3,30.9,29.0,27.9,25.9,24.3,23.9,23.2,22.7,22.3,21.6,21.5,21.4,21.0,20.9,20.4,21.2,23.2,24.6,26.1,27.8,28.2,28.4,28.7,29.0,29.1,29.2,29.4,28.4,27.3,26.7,26.1,25.6,24.8,24.5,23.8,23.5,23.3,23.1,22.8,22.8,22.9,23.6,24.7,26.4,26.2,24.8,23.3,22.8,22.7,22.6,22.0,21.6,20.9,20.5,20.2,20.2,20.2,20.2,19.9,19.3,18.8,18.5,18.2,17.9,17.3,17.2,17.5,19.3,20.7,22.9,23.2,24.3,24.2,24.0,22.4,21.3,19.6,18.4,17.5,16.9
518,18.9,19.0,19.2,19.1,19.1,19.2,19.1,19.6,21.0,23.1,24.9,26.7,28.3,29.8,31.2,32.3,30.9,29.0,27.9,25.9,24.3,23.9,23.2,22.7,22.3,21.6,21.5,21.4,21.0,20.9,20.4,21.2,23.2,24.6,26.1,27.8,28.2,28.4,28.7,29.0,29.1,29.2,29.4,28.4,27.3,26.7,26.1,25.6,24.8,24.5,23.8,23.5,23.3,23.1,22.8,22.8,22.9,23.6,24.7,26.4,26.2,24.8,23.3,22.8,22.7,22.6,22.0,21.6,20.9,20.5,20.2,20.2,20.2,20.2,19.9,19.3,18.8,18.5,18.2,17.9,17.3,17.2,17.5,19.3,20.7,22.9,23.2,24.3,24.2,24.0,22.4,21.3,19.6,18.4,17.5,16.9,16.7,16.6,16.4,16.3,16.0,15.6,15.1,15.7,18.2,19.9,21.9,23.0,24.6,25.0,24.8,24.7,24.1,24.5,23.5,23.3,22.3,21.6,20.8,19.5
519,22.3,21.6,21.5,21.4,21.0,20.9,20.4,21.2,23.2,24.6,26.1,27.8,28.2,28.4,28.7,29.0,29.1,29.2,29.4,28.4,27.3,26.7,26.1,25.6,24.8,24.5,23.8,23.5,23.3,23.1,22.8,22.8,22.9,23.6,24.7,26.4,26.2,24.8,23.3,22.8,22.7,22.6,22.0,21.6,20.9,20.5,20.2,20.2,20.2,20.2,19.9,19.3,18.8,18.5,18.2,17.9,17.3,17.2,17.5,19.3,20.7,22.9,23.2,24.3,24.2,24.0,22.4,21.3,19.6,18.4,17.5,16.9,16.7,16.6,16.4,16.3,16.0,15.6,15.1,15.7,18.2,19.9,21.9,23.0,24.6,25.0,24.8,24.7,24.1,24.5,23.5,23.3,22.3,21.6,20.8,19.5,19.0,18.8,18.5,18.1,17.2,16.5,16.2,16.9,19.2,21.2,22.8,23.4,23.6,23.5,24.4,25.5,25.1,24.6,24.9,23.4,21.6,20.7,20.1,20.0
520,24.8,24.5,23.8,23.5,23.3,23.1,22.8,22.8,22.9,23.6,24.7,26.4,26.2,24.8,23.3,22.8,22.7,22.6,22.0,21.6,20.9,20.5,20.2,20.2,20.2,20.2,19.9,19.3,18.8,18.5,18.2,17.9,17.3,17.2,17.5,19.3,20.7,22.9,23.2,24.3,24.2,24.0,22.4,21.3,19.6,18.4,17.5,16.9,16.7,16.6,16.4,16.3,16.0,15.6,15.1,15.7,18.2,19.9,21.9,23.0,24.6,25.0,24.8,24.7,24.1,24.5,23.5,23.3,22.3,21.6,20.8,19.5,19.0,18.8,18.5,18.1,17.2,16.5,16.2,16.9,19.2,21.2,22.8,23.4,23.6,23.5,24.4,25.5,25.1,24.6,24.9,23.4,21.6,20.7,20.1,20.0,19.7,19.3,19.0,18.8,18.8,18.6,18.6,19.0,19.8,20.1,20.5,21.6,22.3,22.3,21.5,23.6,23.7,23.9,24.4,23.6,22.2,20.8,19.8,19.3
521,20.2,20.2,19.9,19.3,18.8,18.5,18.2,17.9,17.3,17.2,17.5,19.3,20.7,22.9,23.2,24.3,24.2,24.0,22.4,21.3,19.6,18.4,17.5,16.9,16.7,16.6,16.4,16.3,16.0,15.6,15.1,15.7,18.2,19.9,21.9,23.0,24.6,25.0,24.8,24.7,24.1,24.5,23.5,23.3,22.3,21.6,20.8,19.5,19.0,18.8,18.5,18.1,17.2,16.5,16.2,16.9,19.2,21.2,22.8,23.4,23.6,23.5,24.4,25.5,25.1,24.6,24.9,23.4,21.6,20.7,20.1,20.0,19.7,19.3,19.0,18.8,18.8,18.6,18.6,19.0,19.8,20.1,20.5,21.6,22.3,22.3,21.5,23.6,23.7,23.9,24.4,23.6,22.2,20.8,19.8,19.3,18.8,18.5,18.1,17.9,17.7,17.4,17.3,18.3,20.0,22.2,24.3,25.3,26.3,26.1,22.8,22.2,22.4,21.9,22.0,21.8,20.9,20.4,19.8,19.3
522,16.7,16.6,16.4,16.3,16.0,15.6,15.1,15.7,18.2,19.9,21.9,23.0,24.6,25.0,24.8,24.7,24.1,24.5,23.5,23.3,22.3,21.6,20.8,19.5,19.0,18.8,18.5,18.1,17.2,16.5,16.2,16.9,19.2,21.2,22.8,23.4,23.6,23.5,24.4,25.5,25.1,24.6,24.9,23.4,21.6,20.7,20.1,20.0,19.7,19.3,19.0,18.8,18.8,18.6,18.6,19.0,19.8,20.1,20.5,21.6,22.3,22.3,21.5,23.6,23.7,23.9,24.4,23.6,22.2,20.8,19.8,19.3,18.8,18.5,18.1,17.9,17.7,17.4,17.3,18.3,20.0,22.2,24.3,25.3,26.3,26.1,22.8,22.2,22.4,21.9,22.0,21.8,20.9,20.4,19.8,19.3,19.1,18.9,18.6,18.4,18.0,17.9,17.8,18.6,20.7,23.6,25.8,27.3,29.1,30.9,31.4,30.6,31.8,32.2,30.1,29.2,26.9,25.3,24.2,23.0
523,19.0,18.8,18.5,18.1,17.2,16.5,16.2,16.9,19.2,21.2,22.8,23.4,23.6,23.5,24.4,25.5,25.1,24.6,24.9,23.4,21.6,20.7,20.1,20.0,19.7,19.3,19.0,18.8,18.8,18.6,18.6,19.0,19.8,20.1,20.5,21.6,22.3,22.3,21.5,23.6,23.7,23.9,24.4,23.6,22.2,20.8,19.8,19.3,18.8,18.5,18.1,17.9,17.7,17.4,17.3,18.3,20.0,22.2,24.3,25.3,26.3,26.1,22.8,22.2,22.4,21.9,22.0,21.8,20.9,20.4,19.8,19.3,19.1,18.9,18.6,18.4,18.0,17.9,17.8,18.6,20.7,23.6,25.8,27.3,29.1,30.9,31.4,30.6,31.8,32.2,30.1,29.2,26.9,25.3,24.2,23.0,22.2,21.4,20.7,20.1,19.7,19.2,19.0,20.2,22.1,24.1,25.9,27.6,28.5,29.9,30.9,30.8,30.5,29.2,27.7,25.9,24.9,24.1,23.5,22.8
524,19.7,19.3,19.0,18.8,18.8,18.6,18.6,19.0,19.8,20.1,20.5,21.6,22.3,22.3,21.5,23.6,23.7,23.9,24.4,23.6,22.2,20.8,19.8,19.3,18.8,18.5,18.1,17.9,17.7,17.4,17.3,18.3,20.0,22.2,24.3,25.3,26.3,26.1,22.8,22.2,22.4,21.9,22.0,21.8,20.9,20.4,19.8,19.3,19.1,18.9,18.6,18.4,18.0,17.9,17.8,18.6,20.7,23.6,25.8,27.3,29.1,30.9,31.4,30.6,31.8,32.2,30.1,29.2,26.9,25.3,24.2,23.0,22.2,21.4,20.7,20.1,19.7,19.2,19.0,20.2,22.1,24.1,25.9,27.6,28.5,29.9,30.9,30.8,30.5,29.2,27.7,25.9,24.9,24.1,23.5,22.8,22.1,21.8,21.9,21.3,20.3,19.7,19.6,20.0,21.5,23.5,25.5,27.0,28.7,28.4,28.7,27.2,24.0,25.0,25.2,24.4,23.4,22.7,22.0,21.5
525,18.8,18.5,18.1,17.9,17.7,17.4,17.3,18.3,20.0,22.2,24.3,25.3,26.3,26.1,22.8,22.2,22.4,21.9,22.0,21.8,20.9,20.4,19.8,19.3,19.1,18.9,18.6,18.4,18.0,17.9,17.8,18.6,20.7,23.6,25.8,27.3,29.1,30.9,31.4,30.6,31.8,32.2,30.1,29.2,26.9,25.3,24.2,23.0,22.2,21.4,20.7,20.1,19.7,19.2,19.0,20.2,22.1,24.1,25.9,27.6,28.5,29.9,30.9,30.8,30.5,29.2,27.7,25.9,24.9,24.1,23.5,22.8,22.1,21.8,21.9,21.3,20.3,19.7,19.6,20.0,21.5,23.5,25.5,27.0,28.7,28.4,28.7,27.2,24.0,25.0,25.2,24.4,23.4,22.7,22.0,21.5,20.8,20.2,19.5,19.0,18.8,18.6,18.8,19.7,20.7,22.4,24.2,25.8,27.0,26.8,25.9,25.1,24.2,23.4,22.5,21.5,20.6,19.8,19.3,18.8
526,19.1,18.9,18.6,18.4,18.0,17.9,17.8,18.6,20.7,23.6,25.8,27.3,29.1,30.9,31.4,30.6,31.8,32.2,30.1,29.2,26.9,25.3,24.2,23.0,22.2,21.4,20.7,20.1,19.7,19.2,19.0,20.2,22.1,24.1,25.9,27.6,28.5,29.9,30.9,30.8,30.5,29.2,27.7,25.9,24.9,24.1,23.5,22.8,22.1,21.8,21.9,21.3,20.3,19.7,19.6,20.0,21.5,23.5,25.5,27.0,28.7,28.4,28.7,27.2,24.0,25.0,25.2,24.4,23.4,22.7,22.0,21.5,20.8,20.2,19.5,19.0,18.8,18.6,18.8,19.7,20.7,22.4,24.2,25.8,27.0,26.8,25.9,25.1,24.2,23.4,22.5,21.5,20.6,19.8,19.3,18.8,17.7,17.1,16.5,15.9,15.4,15.2,15.0,15.0,15.3,15.5,15.9,16.3,16.7,17.4,17.9,18.3,19.1,19.3,19.7,19.9,20.0,20.0,19.8,19.3
527,22.2,21.4,20.7,20.1,19.7,19.2,19.0,20.2,22.1,24.1,25.9,27.6,28.5,29.9,30.9,30.8,30.5,29.2,27.7,25.9,24.9,24.1,23.5,22.8,22.1,21.8,21.9,21.3,20.3,19.7,19.6,20.0,21.5,23.5,25.5,27.0,28.7,28.4,28.7,27.2,24.0,25.0,25.2,24.4,23.4,22.7,22.0,21.5,20.8,20.2,19.5,19.0,18.8,18.6,18.8,19.7,20.7,22.4,24.2,25.8,27.0,26.8,25.9,25.1,24.2,23.4,22.5,21.5,20.6,19.8,19.3,18.8,17.7,17.1,16.5,15.9,15.4,15.2,15.0,15.0,15.3,15.5,15.9,16.3,16.7,17.4,17.9,18.3,19.1,19.3,19.7,19.9,20.0,20.0,19.8,19.3,19.2,19.0,18.6,18.2,17.9,17.9,17.7,17.8,18.1,18.3,19.8,21.3,21.2,21.8,22.1,23.1,23.9,24.5,24.6,23.8,22.1,20.8,19.9,19.4
528,22.1,21.8,21.9,21.3,20.3,19.7,19.6,20.0,21.5,23.5,25.5,27.0,28.7,28.4,28.7,27.2,24.0,25.0,25.2,24.4,23.4,22.7,22.0,21.5,20.8,20.2,19.5,19.0,18.8,18.6,18.8,19.7,20.7,22.4,24.2,25.8,27.0,26.8,25.9,25.1,24.2,23.4,22.5,21.5,20.6,19.8,19.3,18.8,17.7,17.1,16.5,15.9,15.4,15.2,15.0,15.0,15.3,15.5,15.9,16.3,16.7,17.4,17.9,18.3,19.1,19.3,19.7,19.9,20.0,20.0,19.8,19.3,19.2,19.0,18.6,18.2,17.9,17.9,17.7,17.8,18.1,18.3,19.8,21.3,21.2,21.8,22.1,23.1,23.9,24.5,24.6,23.8,22.1,20.8,19.9,19.4,18.7,18.1,17.9,17.3,17.0,16.7,16.7,17.9,19.5,20.3,21.9,23.4,25.0,26.5,27.8,27.9,27.5,26.8,26.3,25.6,25.1,23.8,23.2,23.1
529,20.8,20.2,19.5,19.0,18.8,18.6,18.8,19.7,20.7,22.4,24.2,25.8,27.0,26.8,25.9,25.1,24.2,23.4,22.5,21.5,20.6,19.8,19.3,18.8,17.7,17.1,16.5,15.9,15.4,15.2,15.0,15.0,15.3,15.5,15.9,16.3,16.7,17.4,17.9,18.3,19.1,19.3,19.7,19.9,20.0,20.0,19.8,19.3,19.2,19.0,18.6,18.2,17.9,17.9,17.7,17.8,18.1,18.3,19.8,21.3,21.2,21.8,22.1,23.1,23.9,24.5,24.6,23.8,22.1,20.8,19.9,19.4,18.7,18.1,17.9,17.3,17.0,16.7,16.7,17.9,19.5,20.3,21.9,23.4,25.0,26.5,27.8,27.9,27.5,26.8,26.3,25.6,25.1,23.8,23.2,23.1,22.8,22.6,22.3,22.3,22.4,22.2,22.1,22.5,23.2,23.6,23.9,24.4,24.5,24.4,24.3,23.7,24.3,24.8,25.0,24.3,23.2,22.9,22.7,22.6
530,17.7,17.1,16.5,15.9,15.4,15.2,15.0,15.0,15.3,15.5,15.9,16.3,16.7,17.4,17.9,18.3,19.1,19.3,19.7,19.9,20.0,20.0,19.8,19.3,19.2,19.0,18.6,18.2,17.9,17.9,17.7,17.8,18.1,18.3,19.8,21.3,21.2,21.8,22.1,23.1,23.9,24.5,24.6,23.8,22.1,20.8,19.9,19.4,18.7,18.1,17.9,17.3,17.0,16.7,16.7,17.9,19.5,20.3,21.9,23.4,25.0,26.5,27.8,27.9,27.5,26.8,26.3,25.6,25.1,23.8,23.2,23.1,22.8,22.6,22.3,22.3,22.4,22.2,22.1,22.5,23.2,23.6,23.9,24.4,24.5,24.4,24.3,23.7,24.3,24.8,25.0,24.3,23.2,22.9,22.7,22.6,22.4,22.4,22.4,22.4,22.3,22.3,22.3,22.5,22.7,22.9,23.4,23.6,23.7,24.2,24.2,24.2,24.2,24.9,24.9,24.7,24.3,24.0,23.7,23.4
531,19.2,19.0,18.6,18.2,17.9,17.9,17.7,17.8,18.1,18.3,19.8,21.3,21.2,21.8,22.1,23.1,23.9,24.5,24.6,23.8,22.1,20.8,19.9,19.4,18.7,18.1,17.9,17.3,17.0,16.7,16.7,17.9,19.5,20.3,21.9,23.4,25.0,26.5,27.8,27.9,27.5,26.8,26.3,25.6,25.1,23.8,23.2,23.1,22.8,22.6,22.3,22.3,22.4,22.2,22.1,22.5,23.2,23.6,23.9,24.4,24.5,24.4,24.3,23.7,24.3,24.8,25.0,24.3,23.2,22.9,22.7,22.6,22.4,22.4,22.4,22.4,22.3,22.3,22.3,22.5,22.7,22.9,23.4,23.6,23.7,24.2,24.2,24.2,24.2,24.9,24.9,24.7,24.3,24.0,23.7,23.4,23.0,22.7,22.6,22.5,22.3,22.2,22.1,22.5,23.3,24.1,24.4,25.1,26.3,26.8,28.0,28.3,28.6,28.7,28.8,28.2,26.8,25.6,24.8,24.2
532,18.7,18.1,17.9,17.3,17.0,16.7,16.7,17.9,19.5,20.3,21.9,23.4,25.0,26.5,27.8,27.9,27.5,26.8,26.3,25.6,25.1,23.8,23.2,23.1,22.8,22.6,22.3,22.3,22.4,22.2,22.1,22.5,23.2,23.6,23.9,24.4,24.5,24.4,24.3,23.7,24.3,24.8,25.0,24.3,23.2,22.9,22.7,22.6,22.4,22.4,22.4,22.4,22.3,22.3,22.3,22.5,22.7,22.9,23.4,23.6,23.7,24.2,24.2,24.2,24.2,24.9,24.9,24.7,24.3,24.0,23.7,23.4,23.0,22.7,22.6,22.5,22.3,22.2,22.1,22.5,23.3,24.1,24.4,25.1,26.3,26.8,28.0,28.3,28.6,28.7,28.8,28.2,26.8,25.6,24.8,24.2,23.7,23.0,22.5,22.1,21.8,21.5,21.3,22.1,24.1,26.0,27.2,28.8,29.9,31.4,32.3,32.0,32.3,31.8,30.9,29.2,27.3,25.9,25.1,24.6
533,22.8,22.6,22.3,22.3,22.4,22.2,22.1,22.5,23.2,23.6,23.9,24.4,24.5,24.4,24.3,23.7,24.3,24.8,25.0,24.3,23.2,22.9,22.7,22.6,22.4,22.4,22.4,22.4,22.3,22.3,22.3,22.5,22.7,22.9,23.4,23.6,23.7,24.2,24.2,24.2,24.2,24.9,24.9,24.7,24.3,24.0,23.7,23.4,23.0,22.7,22.6,22.5,22.3,22.2,22.1,22.5,23.3,24.1,24.4,25.1,26.3,26.8,28.0,28.3,28.6,28.7,28.8,28.2,26.8,25.6,24.8,24.2,23.7,23.0,22.5,22.1,21.8,21.5,21.3,22.1,24.1,26.0,27.2,28.8,29.9,31.4,32.3,32.0,32.3,31.8,30.9,29.2,27.3,25.9,25.1,24.6,24.1,23.8,23.1,22.4,21.9,22.0,22.2,22.6,23.0,23.9,26.0,27.3,28.5,29.0,30.1,30.4,30.7,29.6,28.7,27.7,26.8,26.1,25.4,25.2
534,22.4,22.4,22.4,22.4,22.3,22.3,22.3,22.5,22.7,22.9,23.4,23.6,23.7,24.2,24.2,24.2,24.2,24.9,24.9,24.7,24.3,24.0,23.7,23.4,23.0,22.7,22.6,22.5,22.3,22.2,22.1,22.5,23.3,24.1,24.4,25.1,26.3,26.8,28.0,28.3,28.6,28.7,28.8,28.2,26.8,25.6,24.8,24.2,23.7,23.0,22.5,22.1,21.8,21.5,21.3,22.1,24.1,26.0,27.2,28.8,29.9,31.4,32.3,32.0,32.3,31.8,30.9,29.2,27.3,25.9,25.1,24.6,24.1,23.8,23.1,22.4,21.9,22.0,22.2,22.6,23.0,23.9,26.0,27.3,28.5,29.0,30.1,30.4,30.7,29.6,28.7,27.7,26.8,26.1,25.4,25.2,24.7,24.3,23.9,23.5,23.7,23.7,23.7,24.1,25.1,24.7,25.1,26.0,26.4,25.7,25.0,24.7,24.4,24.4,24.2,24.0,23.6,23.5,23.5,23.3
535,23.0,22.7,22.6,22.5,22.3,22.2,22.1,22.5,23.3,24.1,24.4,25.1,26.3,26.8,28.0,28.3,28.6,28.7,28.8,28.2,26.8,25.6,24.8,24.2,23.7,23.0,22.5,22.1,21.8,21.5,21.3,22.1,24.1,26.0,27.2,28.8,29.9,31.4,32.3,32.0,32.3,31.8,30.9,29.2,27.3,25.9,25.1,24.6,24.1,23.8,23.1,22.4,21.9,22.0,22.2,22.6,23.0,23.9,26.0,27.3,28.5,29.0,30.1,30.4,30.7,29.6,28.7,27.7,26.8,26.1,25.4,25.2,24.7,24.3,23.9,23.5,23.7,23.7,23.7,24.1,25.1,24.7,25.1,26.0,26.4,25.7,25.0,24.7,24.4,24.4,24.2,24.0,23.6,23.5,23.5,23.3,23.5,23.4,23.0,22.4,22.1,21.7,20.7,20.8,21.3,22.0,23.0,23.0,22.7,22.8,22.6,22.5,23.1,24.3,24.8,24.7,24.2,23.7,23.2,22.9
536,23.7,23.0,22.5,22.1,21.8,21.5,21.3,22.1,24.1,26.0,27.2,28.8,29.9,31.4,32.3,32.0,32.3,31.8,30.9,29.2,27.3,25.9,25.1,24.6,24.1,23.8,23.1,22.4,21.9,22.0,22.2,22.6,23.0,23.9,26.0,27.3,28.5,29.0,30.1,30.4,30.7,29.6,28.7,27.7,26.8,26.1,25.4,25.2,24.7,24.3,23.9,23.5,23.7,23.7,23.7,24.1,25.1,24.7,25.1,26.0,26.4,25.7,25.0,24.7,24.4,24.4,24.2,24.0,23.6,23.5,23.5,23.3,23.5,23.4,23.0,22.4,22.1,21.7,20.7,20.8,21.3,22.0,23.0,23.0,22.7,22.8,22.6,22.5,23.1,24.3,24.8,24.7,24.2,23.7,23.2,22.9,22.3,21.8,21.6,21.5,21.5,21.5,21.8,22.2,23.0,24.1,25.0,27.0,28.8,29.8,30.3,30.2,29.7,29.6,29.0,28.1,27.4,26.6,26.3,26.1
537,24.1,23.8,23.1,22.4,21.9,22.0,22.2,22.6,23.0,23.9,26.0,27.3,28.5,29.0,30.1,30.4,30.7,29.6,28.7,27.7,26.8,26.1,25.4,25.2,24.7,24.3,23.9,23.5,23.7,23.7,23.7,24.1,25.1,24.7,25.1,26.0,26.4,25.7,25.0,24.7,24.4,24.4,24.2,24.0,23.6,23.5,23.5,23.3,23.5,23.4,23.0,22.4,22.1,21.7,20.7,20.8,21.3,22.0,23.0,23.0,22.7,22.8,22.6,22.5,23.1,24.3,24.8,24.7,24.2,23.7,23.2,22.9,22.3,21.8,21.6,21.5,21.5,21.5,21.8,22.2,23.0,24.1,25.0,27.0,28.8,29.8,30.3,30.2,29.7,29.6,29.0,28.1,27.4,26.6,26.3,26.1,25.7,25.3,25.1,24.8,25.0,25.1,25.1,25.2,25.3,25.4,25.4,26.1,26.8,27.4,27.6,28.1,27.8,27.8,27.6,27.5,27.3,27.1,27.0,26.9
538,24.7,24.3,23.9,23.5,23.7,23.7,23.7,24.1,25.1,24.7,25.1,26.0,26.4,25.7,25.0,24.7,24.4,24.4,24.2,24.0,23.6,23.5,23.5,23.3,23.5,23.4,23.0,22.4,22.1,21.7,20.7,20.8,21.3,22.0,23.0,23.0,22.7,22.8,22.6,22.5,23.1,24.3,24.8,24.7,24.2,23.7,23.2,22.9,22.3,21.8,21.6,21.5,21.5,21.5,21.8,22.2,23.0,24.1,25.0,27.0,28.8,29.8,30.3,30.2,29.7,29.6,29.0,28.1,27.4,26.6,26.3,26.1,25.7,25.3,25.1,24.8,25.0,25.1,25.1,25.2,25.3,25.4,25.4,26.1,26.8,27.4,27.6,28.1,27.8,27.8,27.6,27.5,27.3,27.1,27.0,26.9,26.9,26.6,26.2,26.0,25.8,25.4,25.5,25.7,26.2,26.8,27.2,28.0,27.8,27.6,26.6,26.6,26.7,26.3,26.4,26.9,27.1,27.3,27.3,27.6
539,23.5,23.4,23.0,22.4,22.1,21.7,20.7,20.8,21.3,22.0,23.0,23.0,22.7,22.8,22.6,22.5,23.1,24.3,24.8,24.7,24.2,23.7,23.2,22.9,22.3,21.8,21.6,21.5,21.5,21.5,21.8,22.2,23.0,24.1,25.0,27.0,28.8,29.8,30.3,30.2,29.7,29.6,29.0,28.1,27.4,26.6,26.3,26.1,25.7,25.3,25.1,24.8,25.0,25.1,25.1,25.2,25.3,25.4,25.4,26.1,26.8,27.4,27.6,28.1,27.8,27.8,27.6,27.5,27.3,27.1,27.0,26.9,26.9,26.6,26.2,26.0,25.8,25.4,25.5,25.7,26.2,26.8,27.2,28.0,27.8,27.6,26.6,26.6,26.7,26.3,26.4,26.9,27.1,27.3,27.3,27.6,27.7,27.7,27.5,27.4,27.0,26.3,27.0,27.1,27.2,27.6,27.8,27.8,27.7,27.8,27.2,26.3,26.7,26.9,27.0,27.1,27.2,26.3,26.8,26.3
540,22.3,21.8,21.6,21.5,21.5,21.5,21.8,22.2,23.0,24.1,25.0,27.0,28.8,29.8,30.3,30.2,29.7,29.6,29.0,28.1,27.4,26.6,26.3,26.1,25.7,25.3,25.1,24.8,25.0,25.1,25.1,25.2,25.3,25.4,25.4,26.1,26.8,27.4,27.6,28.1,27.8,27.8,27.6,27.5,27.3,27.1,27.0,26.9,26.9,26.6,26.2,26.0,25.8,25.4,25.5,25.7,26.2,26.8,27.2,28.0,27.8,27.6,26.6,26.6,26.7,26.3,26.4,26.9,27.1,27.3,27.3,27.6,27.7,27.7,27.5,27.4,27.0,26.3,27.0,27.1,27.2,27.6,27.8,27.8,27.7,27.8,27.2,26.3,26.7,26.9,27.0,27.1,27.2,26.3,26.8,26.3,25.7,25.3,24.8,24.8,25.1,24.9,24.9,25.0,25.0,25.2,25.2,25.4,25.3,25.1,25.1,25.8,25.8,25.8,26.0,25.8,25.3,24.5,24.5,24.5
541,25.7,25.3,25.1,24.8,25.0,25.1,25.1,25.2,25.3,25.4,25.4,26.1,26.8,27.4,27.6,28.1,27.8,27.8,27.6,27.5,27.3,27.1,27.0,26.9,26.9,26.6,26.2,26.0,25.8,25.4,25.5,25.7,26.2,26.8,27.2,28.0,27.8,27.6,26.6,26.6,26.7,26.3,26.4,26.9,27.1,27.3,27.3,27.6,27.7,27.7,27.5,27.4,27.0,26.3,27.0,27.1,27.2,27.6,27.8,27.8,27.7,27.8,27.2,26.3,26.7,26.9,27.0,27.1,27.2,26.3,26.8,26.3,25.7,25.3,24.8,24.8,25.1,24.9,24.9,25.0,25.0,25.2,25.2,25.4,25.3,25.1,25.1,25.8,25.8,25.8,26.0,25.8,25.3,24.5,24.5,24.5,24.5,24.4,24.3,23.4,22.9,22.7,22.5,22.4,22.4,22.4,22.3,22.6,23.0,22.9,22.9,22.5,22.2,21.3,21.2,21.2,21.3,21.4,21.5,21.7
542,26.9,26.6,26.2,26.0,25.8,25.4,25.5,25.7,26.2,26.8,27.2,28.0,27.8,27.6,26.6,26.6,26.7,26.3,26.4,26.9,27.1,27.3,27.3,27.6,27.7,27.7,27.5,27.4,27.0,26.3,27.0,27.1,27.2,27.6,27.8,27.8,27.7,27.8,27.2,26.3,26.7,26.9,27.0,27.1,27.2,26.3,26.8,26.3,25.7,25.3,24.8,24.8,25.1,24.9,24.9,25.0,25.0,25.2,25.2,25.4,25.3,25.1,25.1,25.8,25.8,25.8,26.0,25.8,25.3,24.5,24.5,24.5,24.5,24.4,24.3,23.4,22.9,22.7,22.5,22.4,22.4,22.4,22.3,22.6,23.0,22.9,22.9,22.5,22.2,21.3,21.2,21.2,21.3,21.4,21.5,21.7,21.9,22.3,22.4,22.6,22.9,22.9,23.0,23.4,23.9,25.6,26.9,27.6,28.6,29.7,30.2,30.6,30.7,30.8,30.0,29.7,28.0,26.9,26.2,25.9
543,27.7,27.7,27.5,27.4,27.0,26.3,27.0,27.1,27.2,27.6,27.8,27.8,27.7,27.8,27.2,26.3,26.7,26.9,27.0,27.1,27.2,26.3,26.8,26.3,25.7,25.3,24.8,24.8,25.1,24.9,24.9,25.0,25.0,25.2,25.2,25.4,25.3,25.1,25.1,25.8,25.8,25.8,26.0,25.8,25.3,24.5,24.5,24.5,24.5,24.4,24.3,23.4,22.9,22.7,22.5,22.4,22.4,22.4,22.3,22.6,23.0,22.9,22.9,22.5,22.2,21.3,21.2,21.2,21.3,21.4,21.5,21.7,21.9,22.3,22.4,22.6,22.9,22.9,23.0,23.4,23.9,25.6,26.9,27.6,28.6,29.7,30.2,30.6,30.7,30.8,30.0,29.7,28.0,26.9,26.2,25.9,25.4,25.1,24.9,24.6,24.3,24.2,24.0,24.6,26.1,27.9,29.2,30.3,31.1,32.1,32.0,33.4,33.7,33.5,33.1,32.0,30.2,29.2,28.3,27.7
544,25.7,25.3,24.8,24.8,25.1,24.9,24.9,25.0,25.0,25.2,25.2,25.4,25.3,25.1,25.1,25.8,25.8,25.8,26.0,25.8,25.3,24.5,24.5,24.5,24.5,24.4,24.3,23.4,22.9,22.7,22.5,22.4,22.4,22.4,22.3,22.6,23.0,22.9,22.9,22.5,22.2,21.3,21.2,21.2,21.3,21.4,21.5,21.7,21.9,22.3,22.4,22.6,22.9,22.9,23.0,23.4,23.9,25.6,26.9,27.6,28.6,29.7,30.2,30.6,30.7,30.8,30.0,29.7,28.0,26.9,26.2,25.9,25.4,25.1,24.9,24.6,24.3,24.2,24.0,24.6,26.1,27.9,29.2,30.3,31.1,32.1,32.0,33.4,33.7,33.5,33.1,32.0,30.2,29.2,28.3,27.7,27.1,26.5,25.8,25.3,24.9,24.7,24.5,25.0,26.7,28.3,30.3,31.9,32.2,33.2,33.6,33.7,33.7,33.5,32.9,31.3,30.2,29.4,28.8,28.3
545,24.5,24.4,24.3,23.4,22.9,22.7,22.5,22.4,22.4,22.4,22.3,22.6,23.0,22.9,22.9,22.5,22.2,21.3,21.2,21.2,21.3,21.4,21.5,21.7,21.9,22.3,22.4,22.6,22.9,22.9,23.0,23.4,23.9,25.6,26.9,27.6,28.6,29.7,30.2,30.6,30.7,30.8,30.0,29.7,28.0,26.9,26.2,25.9,25.4,25.1,24.9,24.6,24.3,24.2,24.0,24.6,26.1,27.9,29.2,30.3,31.1,32.1,32.0,33.4,33.7,33.5,33.1,32.0,30.2,29.2,28.3,27.7,27.1,26.5,25.8,25.3,24.9,24.7,24.5,25.0,26.7,28.3,30.3,31.9,32.2,33.2,33.6,33.7,33.7,33.5,32.9,31.3,30.2,29.4,28.8,28.3,27.9,27.8,27.5,27.2,27.0,26.6,26.4,26.7,28.1,29.5,30.1,30.7,30.7,30.3,30.1,30.9,32.3,32.1,31.4,30.5,29.9,29.6,29.1,28.9
546,21.9,22.3,22.4,22.6,22.9,22.9,23.0,23.4,23.9,25.6,26.9,27.6,28.6,29.7,30.2,30.6,30.7,30.8,30.0,29.7,28.0,26.9,26.2,25.9,25.4,25.1,24.9,24.6,24.3,24.2,24.0,24.6,26.1,27.9,29.2,30.3,31.1,32.1,32.0,33.4,33.7,33.5,33.1,32.0,30.2,29.2,28.3,27.7,27.1,26.5,25.8,25.3,24.9,24.7,24.5,25.0,26.7,28.3,30.3,31.9,32.2,33.2,33.6,33.7,33.7,33.5,32.9,31.3,30.2,29.4,28.8,28.3,27.9,27.8,27.5,27.2,27.0,26.6,26.4,26.7,28.1,29.5,30.1,30.7,30.7,30.3,30.1,30.9,32.3,32.1,31.4,30.5,29.9,29.6,29.1,28.9,28.4,27.8,27.4,27.2,27.0,26.7,26.7,26.8,27.1,27.9,29.4,30.4,31.6,32.0,31.5,32.4,32.9,31.8,30.8,29.7,29.4,29.1,28.8,28.2
547,25.4,25.1,24.9,24.6,24.3,24.2,24.0,24.6,26.1,27.9,29.2,30.3,31.1,32.1,32.0,33.4,33.7,33.5,33.1,32.0,30.2,29.2,28.3,27.7,27.1,26.5,25.8,25.3,24.9,24.7,24.5,25.0,26.7,28.3,30.3,31.9,32.2,33.2,33.6,33.7,33.7,33.5,32.9,31.3,30.2,29.4,28.8,28.3,27.9,27.8,27.5,27.2,27.0,26.6,26.4,26.7,28.1,29.5,30.1,30.7,30.7,30.3,30.1,30.9,32.3,32.1,31.4,30.5,29.9,29.6,29.1,28.9,28.4,27.8,27.4,27.2,27.0,26.7,26.7,26.8,27.1,27.9,29.4,30.4,31.6,32.0,31.5,32.4,32.9,31.8,30.8,29.7,29.4,29.1,28.8,28.2,27.8,27.5,27.3,26.9,26.5,26.3,26.3,26.9,27.7,28.8,29.2,29.9,30.5,31.1,31.7,32.6,32.8,33.2,32.9,32.4,31.8,31.4,27.8,26.6
548,27.1,26.5,25.8,25.3,24.9,24.7,24.5,25.0,26.7,28.3,30.3,31.9,32.2,33.2,33.6,33.7,33.7,33.5,32.9,31.3,30.2,29.4,28.8,28.3,27.9,27.8,27.5,27.2,27.0,26.6,26.4,26.7,28.1,29.5,30.1,30.7,30.7,30.3,30.1,30.9,32.3,32.1,31.4,30.5,29.9,29.6,29.1,28.9,28.4,27.8,27.4,27.2,27.0,26.7,26.7,26.8,27.1,27.9,29.4,30.4,31.6,32.0,31.5,32.4,32.9,31.8,30.8,29.7,29.4,29.1,28.8,28.2,27.8,27.5,27.3,26.9,26.5,26.3,26.3,26.9,27.7,28.8,29.2,29.9,30.5,31.1,31.7,32.6,32.8,33.2,32.9,32.4,31.8,31.4,27.8,26.6,26.7,26.7,26.8,26.7,26.6,26.5,26.8,27.2,27.8,28.5,29.5,29.8,29.9,30.2,30.6,29.7,30.9,30.2,29.6,29.1,28.7,27.7,26.9,27.0
549,27.9,27.8,27.5,27.2,27.0,26.6,26.4,26.7,28.1,29.5,30.1,30.7,30.7,30.3,30.1,30.9,32.3,32.1,31.4,30.5,29.9,29.6,29.1,28.9,28.4,27.8,27.4,27.2,27.0,26.7,26.7,26.8,27.1,27.9,29.4,30.4,31.6,32.0,31.5,32.4,32.9,31.8,30.8,29.7,29.4,29.1,28.8,28.2,27.8,27.5,27.3,26.9,26.5,26.3,26.3,26.9,27.7,28.8,29.2,29.9,30.5,31.1,31.7,32.6,32.8,33.2,32.9,32.4,31.8,31.4,27.8,26.6,26.7,26.7,26.8,26.7,26.6,26.5,26.8,27.2,27.8,28.5,29.5,29.8,29.9,30.2,30.6,29.7,30.9,30.2,29.6,29.1,28.7,27.7,26.9,27.0,27.0,27.0,25.8,25.2,25.1,25.1,24.9,24.9,25.1,25.2,25.5,26.2,26.4,26.6,27.3,27.0,27.4,27.9,27.8,27.3,26.4,25.8,25.3,24.8
550,28.4,27.8,27.4,27.2,27.0,26.7,26.7,26.8,27.1,27.9,29.4,30.4,31.6,32.0,31.5,32.4,32.9,31.8,30.8,29.7,29.4,29.1,28.8,28.2,27.8,27.5,27.3,26.9,26.5,26.3,26.3,26.9,27.7,28.8,29.2,29.9,30.5,31.1,31.7,32.6,32.8,33.2,32.9,32.4,31.8,31.4,27.8,26.6,26.7,26.7,26.8,26.7,26.6,26.5,26.8,27.2,27.8,28.5,29.5,29.8,29.9,30.2,30.6,29.7,30.9,30.2,29.6,29.1,28.7,27.7,26.9,27.0,27.0,27.0,25.8,25.2,25.1,25.1,24.9,24.9,25.1,25.2,25.5,26.2,26.4,26.6,27.3,27.0,27.4,27.9,27.8,27.3,26.4,25.8,25.3,24.8,24.0,24.0,24.1,24.2,24.1,24.0,24.0,24.1,24.3,24.5,25.4,26.6,27.7,29.0,30.5,30.7,30.6,30.5,30.3,29.6,28.4,27.6,27.1,26.6
551,27.8,27.5,27.3,26.9,26.5,26.3,26.3,26.9,27.7,28.8,29.2,29.9,30.5,31.1,31.7,32.6,32.8,33.2,32.9,32.4,31.8,31.4,27.8,26.6,26.7,26.7,26.8,26.7,26.6,26.5,26.8,27.2,27.8,28.5,29.5,29.8,29.9,30.2,30.6,29.7,30.9,30.2,29.6,29.1,28.7,27.7,26.9,27.0,27.0,27.0,25.8,25.2,25.1,25.1,24.9,24.9,25.1,25.2,25.5,26.2,26.4,26.6,27.3,27.0,27.4,27.9,27.8,27.3,26.4,25.8,25.3,24.8,24.0,24.0,24.1,24.2,24.1,24.0,24.0,24.1,24.3,24.5,25.4,26.6,27.7,29.0,30.5,30.7,30.6,30.5,30.3,29.6,28.4,27.6,27.1,26.6,26.2,25.9,25.6,25.3,25.0,24.8,24.6,25.1,26.3,27.9,29.4,30.8,31.8,32.3,33.5,34.4,35.0,33.2,32.1,30.7,30.1,29.2,28.5,28.2
552,26.7,26.7,26.8,26.7,26.6,26.5,26.8,27.2,27.8,28.5,29.5,29.8,29.9,30.2,30.6,29.7,30.9,30.2,29.6,29.1,28.7,27.7,26.9,27.0,27.0,27.0,25.8,25.2,25.1,25.1,24.9,24.9,25.1,25.2,25.5,26.2,26.4,26.6,27.3,27.0,27.4,27.9,27.8,27.3,26.4,25.8,25.3,24.8,24.0,24.0,24.1,24.2,24.1,24.0,24.0,24.1,24.3,24.5,25.4,26.6,27.7,29.0,30.5,30.7,30.6,30.5,30.3,29.6,28.4,27.6,27.1,26.6,26.2,25.9,25.6,25.3,25.0,24.8,24.6,25.1,26.3,27.9,29.4,30.8,31.8,32.3,33.5,34.4,35.0,33.2,32.1,30.7,30.1,29.2,28.5,28.2,27.9,26.3,24.9,24.8,24.8,24.7,24.9,24.9,25.6,27.2,28.0,28.7,29.7,29.8,29.9,29.8,28.7,27.5,27.8,27.7,27.3,26.5,26.0,25.5
553,27.0,27.0,25.8,25.2,25.1,25.1,24.9,24.9,25.1,25.2,25.5,26.2,26.4,26.6,27.3,27.0,27.4,27.9,27.8,27.3,26.4,25.8,25.3,24.8,24.0,24.0,24.1,24.2,24.1,24.0,24.0,24.1,24.3,24.5,25.4,26.6,27.7,29.0,30.5,30.7,30.6,30.5,30.3,29.6,28.4,27.6,27.1,26.6,26.2,25.9,25.6,25.3,25.0,24.8,24.6,25.1,26.3,27.9,29.4,30.8,31.8,32.3,33.5,34.4,35.0,33.2,32.1,30.7,30.1,29.2,28.5,28.2,27.9,26.3,24.9,24.8,24.8,24.7,24.9,24.9,25.6,27.2,28.0,28.7,29.7,29.8,29.9,29.8,28.7,27.5,27.8,27.7,27.3,26.5,26.0,25.5,25.1,24.6,24.2,23.7,23.6,23.3,23.3,24.1,24.6,25.8,26.5,28.0,28.4,28.8,29.3,29.4,29.4,29.3,29.1,28.7,28.2,27.9,27.8,27.5
554,24.0,24.0,24.1,24.2,24.1,24.0,24.0,24.1,24.3,24.5,25.4,26.6,27.7,29.0,30.5,30.7,30.6,30.5,30.3,29.6,28.4,27.6,27.1,26.6,26.2,25.9,25.6,25.3,25.0,24.8,24.6,25.1,26.3,27.9,29.4,30.8,31.8,32.3,33.5,34.4,35.0,33.2,32.1,30.7,30.1,29.2,28.5,28.2,27.9,26.3,24.9,24.8,24.8,24.7,24.9,24.9,25.6,27.2,28.0,28.7,29.7,29.8,29.9,29.8,28.7,27.5,27.8,27.7,27.3,26.5,26.0,25.5,25.1,24.6,24.2,23.7,23.6,23.3,23.3,24.1,24.6,25.8,26.5,28.0,28.4,28.8,29.3,29.4,29.4,29.3,29.1,28.7,28.2,27.9,27.8,27.5,27.1,26.9,26.9,26.9,26.5,26.1,25.8,25.4,25.1,24.9,24.8,24.3,24.1,24.1,24.0,24.1,24.4,24.3,24.4,24.4,24.4,24.8,25.0,25.0
555,26.2,25.9,25.6,25.3,25.0,24.8,24.6,25.1,26.3,27.9,29.4,30.8,31.8,32.3,33.5,34.4,35.0,33.2,32.1,30.7,30.1,29.2,28.5,28.2,27.9,26.3,24.9,24.8,24.8,24.7,24.9,24.9,25.6,27.2,28.0,28.7,29.7,29.8,29.9,29.8,28.7,27.5,27.8,27.7,27.3,26.5,26.0,25.5,25.1,24.6,24.2,23.7,23.6,23.3,23.3,24.1,24.6,25.8,26.5,28.0,28.4,28.8,29.3,29.4,29.4,29.3,29.1,28.7,28.2,27.9,27.8,27.5,27.1,26.9,26.9,26.9,26.5,26.1,25.8,25.4,25.1,24.9,24.8,24.3,24.1,24.1,24.0,24.1,24.4,24.3,24.4,24.4,24.4,24.8,25.0,25.0,25.0,24.8,24.3,23.7,23.4,23.3,23.4,23.6,24.1,24.3,25.2,26.3,26.4,27.2,28.9,29.4,29.7,29.3,28.5,27.5,26.1,25.2,24.7,24.5
556,27.9,26.3,24.9,24.8,24.8,24.7,24.9,24.9,25.6,27.2,28.0,28.7,29.7,29.8,29.9,29.8,28.7,27.5,27.8,27.7,27.3,26.5,26.0,25.5,25.1,24.6,24.2,23.7,23.6,23.3,23.3,24.1,24.6,25.8,26.5,28.0,28.4,28.8,29.3,29.4,29.4,29.3,29.1,28.7,28.2,27.9,27.8,27.5,27.1,26.9,26.9,26.9,26.5,26.1,25.8,25.4,25.1,24.9,24.8,24.3,24.1,24.1,24.0,24.1,24.4,24.3,24.4,24.4,24.4,24.8,25.0,25.0,25.0,24.8,24.3,23.7,23.4,23.3,23.4,23.6,24.1,24.3,25.2,26.3,26.4,27.2,28.9,29.4,29.7,29.3,28.5,27.5,26.1,25.2,24.7,24.5,24.5,24.5,23.8,23.6,23.3,23.0,23.0,23.0,24.1,25.4,26.4,27.6,28.4,29.2,29.9,29.8,30.1,30.1,28.3,28.3,26.5,25.2,24.5,24.4
557,25.1,24.6,24.2,23.7,23.6,23.3,23.3,24.1,24.6,25.8,26.5,28.0,28.4,28.8,29.3,29.4,29.4,29.3,29.1,28.7,28.2,27.9,27.8,27.5,27.1,26.9,26.9,26.9,26.5,26.1,25.8,25.4,25.1,24.9,24.8,24.3,24.1,24.1,24.0,24.1,24.4,24.3,24.4,24.4,24.4,24.8,25.0,25.0,25.0,24.8,24.3,23.7,23.4,23.3,23.4,23.6,24.1,24.3,25.2,26.3,26.4,27.2,28.9,29.4,29.7,29.3,28.5,27.5,26.1,25.2,24.7,24.5,24.5,24.5,23.8,23.6,23.3,23.0,23.0,23.0,24.1,25.4,26.4,27.6,28.4,29.2,29.9,29.8,30.1,30.1,28.3,28.3,26.5,25.2,24.5,24.4,24.2,24.1,23.9,23.7,23.7,23.8,23.7,24.1,24.6,25.3,26.2,26.6,27.8,27.7,27.4,26.9,27.0,24.9,24.0,24.8,24.3,24.1,24.0,23.5
558,27.1,26.9,26.9,26.9,26.5,26.1,25.8,25.4,25.1,24.9,24.8,24.3,24.1,24.1,24.0,24.1,24.4,24.3,24.4,24.4,24.4,24.8,25.0,25.0,25.0,24.8,24.3,23.7,23.4,23.3,23.4,23.6,24.1,24.3,25.2,26.3,26.4,27.2,28.9,29.4,29.7,29.3,28.5,27.5,26.1,25.2,24.7,24.5,24.5,24.5,23.8,23.6,23.3,23.0,23.0,23.0,24.1,25.4,26.4,27.6,28.4,29.2,29.9,29.8,30.1,30.1,28.3,28.3,26.5,25.2,24.5,24.4,24.2,24.1,23.9,23.7,23.7,23.8,23.7,24.1,24.6,25.3,26.2,26.6,27.8,27.7,27.4,26.9,27.0,24.9,24.0,24.8,24.3,24.1,24.0,23.5,23.2,23.2,23.1,22.7,22.6,22.5,22.6,22.9,23.3,24.0,24.8,25.6,25.5,27.4,28.5,29.4,29.2,28.5,28.5,27.9,26.5,26.0,25.5,24.9
559,25.0,24.8,24.3,23.7,23.4,23.3,23.4,23.6,24.1,24.3,25.2,26.3,26.4,27.2,28.9,29.4,29.7,29.3,28.5,27.5,26.1,25.2,24.7,24.5,24.5,24.5,23.8,23.6,23.3,23.0,23.0,23.0,24.1,25.4,26.4,27.6,28.4,29.2,29.9,29.8,30.1,30.1,28.3,28.3,26.5,25.2,24.5,24.4,24.2,24.1,23.9,23.7,23.7,23.8,23.7,24.1,24.6,25.3,26.2,26.6,27.8,27.7,27.4,26.9,27.0,24.9,24.0,24.8,24.3,24.1,24.0,23.5,23.2,23.2,23.1,22.7,22.6,22.5,22.6,22.9,23.3,24.0,24.8,25.6,25.5,27.4,28.5,29.4,29.2,28.5,28.5,27.9,26.5,26.0,25.5,24.9,25.0,25.0,24.8,24.1,23.7,23.2,23.1,23.6,24.3,25.5,27.5,28.8,29.5,30.1,29.5,29.7,29.6,29.6,29.1,28.7,27.9,27.4,26.9,26.2
560,24.5,24.5,23.8,23.6,23.3,23.0,23.0,23.0,24.1,25.4,26.4,27.6,28.4,29.2,29.9,29.8,30.1,30.1,28.3,28.3,26.5,25.2,24.5,24.4,24.2,24.1,23.9,23.7,23.7,23.8,23.7,24.1,24.6,25.3,26.2,26.6,27.8,27.7,27.4,26.9,27.0,24.9,24.0,24.8,24.3,24.1,24.0,23.5,23.2,23.2,23.1,22.7,22.6,22.5,22.6,22.9,23.3,24.0,24.8,25.6,25.5,27.4,28.5,29.4,29.2,28.5,28.5,27.9,26.5,26.0,25.5,24.9,25.0,25.0,24.8,24.1,23.7,23.2,23.1,23.6,24.3,25.5,27.5,28.8,29.5,30.1,29.5,29.7,29.6,29.6,29.1,28.7,27.9,27.4,26.9,26.2,25.6,25.3,25.2,24.9,24.7,24.5,24.4,24.6,25.9,27.2,28.5,29.2,30.2,30.2,30.1,30.7,31.0,30.5,29.1,28.0,27.2,26.6,26.0,26.0
561,24.2,24.1,23.9,23.7,23.7,23.8,23.7,24.1,24.6,25.3,26.2,26.6,27.8,27.7,27.4,26.9,27.0,24.9,24.0,24.8,24.3,24.1,24.0,23.5,23.2,23.2,23.1,22.7,22.6,22.5,22.6,22.9,23.3,24.0,24.8,25.6,25.5,27.4,28.5,29.4,29.2,28.5,28.5,27.9,26.5,26.0,25.5,24.9,25.0,25.0,24.8,24.1,23.7,23.2,23.1,23.6,24.3,25.5,27.5,28.8,29.5,30.1,29.5,29.7,29.6,29.6,29.1,28.7,27.9,27.4,26.9,26.2,25.6,25.3,25.2,24.9,24.7,24.5,24.4,24.6,25.9,27.2,28.5,29.2,30.2,30.2,30.1,30.7,31.0,30.5,29.1,28.0,27.2,26.6,26.0,26.0,25.8,25.7,25.4,25.3,25.2,25.0,25.0,25.1,25.8,26.9,27.3,28.5,29.6,30.0,30.1,30.2,29.6,29.0,28.5,27.9,27.3,26.9,26.2,25.3
562,23.2,23.2,23.1,22.7,22.6,22.5,22.6,22.9,23.3,24.0,24.8,25.6,25.5,27.4,28.5,29.4,29.2,28.5,28.5,27.9,26.5,26.0,25.5,24.9,25.0,25.0,24.8,24.1,23.7,23.2,23.1,23.6,24.3,25.5,27.5,28.8,29.5,30.1,29.5,29.7,29.6,29.6,29.1,28.7,27.9,27.4,26.9,26.2,25.6,25.3,25.2,24.9,24.7,24.5,24.4,24.6,25.9,27.2,28.5,29.2,30.2,30.2,30.1,30.7,31.0,30.5,29.1,28.0,27.2,26.6,26.0,26.0,25.8,25.7,25.4,25.3,25.2,25.0,25.0,25.1,25.8,26.9,27.3,28.5,29.6,30.0,30.1,30.2,29.6,29.0,28.5,27.9,27.3,26.9,26.2,25.3,24.3,24.0,23.6,22.6,22.0,21.2,21.0,20.9,21.1,21.6,22.4,23.3,23.2,23.5,23.6,24.1,24.4,24.5,24.6,25.2,24.7,24.4,24.1,24.1
563,25.0,25.0,24.8,24.1,23.7,23.2,23.1,23.6,24.3,25.5,27.5,28.8,29.5,30.1,29.5,29.7,29.6,29.6,29.1,28.7,27.9,27.4,26.9,26.2,25.6,25.3,25.2,24.9,24.7,24.5,24.4,24.6,25.9,27.2,28.5,29.2,30.2,30.2,30.1,30.7,31.0,30.5,29.1,28.0,27.2,26.6,26.0,26.0,25.8,25.7,25.4,25.3,25.2,25.0,25.0,25.1,25.8,26.9,27.3,28.5,29.6,30.0,30.1,30.2,29.6,29.0,28.5,27.9,27.3,26.9,26.2,25.3,24.3,24.0,23.6,22.6,22.0,21.2,21.0,20.9,21.1,21.6,22.4,23.3,23.2,23.5,23.6,24.1,24.4,24.5,24.6,25.2,24.7,24.4,24.1,24.1,23.9,23.8,23.6,23.5,23.2,23.0,22.9,23.0,23.6,24.4,25.1,26.6,27.2,26.3,27.3,26.3,26.5,27.0,26.9,26.5,25.6,25.1,24.6,24.3
564,25.6,25.3,25.2,24.9,24.7,24.5,24.4,24.6,25.9,27.2,28.5,29.2,30.2,30.2,30.1,30.7,31.0,30.5,29.1,28.0,27.2,26.6,26.0,26.0,25.8,25.7,25.4,25.3,25.2,25.0,25.0,25.1,25.8,26.9,27.3,28.5,29.6,30.0,30.1,30.2,29.6,29.0,28.5,27.9,27.3,26.9,26.2,25.3,24.3,24.0,23.6,22.6,22.0,21.2,21.0,20.9,21.1,21.6,22.4,23.3,23.2,23.5,23.6,24.1,24.4,24.5,24.6,25.2,24.7,24.4,24.1,24.1,23.9,23.8,23.6,23.5,23.2,23.0,22.9,23.0,23.6,24.4,25.1,26.6,27.2,26.3,27.3,26.3,26.5,27.0,26.9,26.5,25.6,25.1,24.6,24.3,24.1,23.7,23.7,23.8,23.7,23.5,23.6,23.9,24.3,25.3,25.6,26.1,26.7,27.3,27.7,27.6,27.1,26.1,25.6,25.2,24.4,23.7,23.2,22.5
565,25.8,25.7,25.4,25.3,25.2,25.0,25.0,25.1,25.8,26.9,27.3,28.5,29.6,30.0,30.1,30.2,29.6,29.0,28.5,27.9,27.3,26.9,26.2,25.3,24.3,24.0,23.6,22.6,22.0,21.2,21.0,20.9,21.1,21.6,22.4,23.3,23.2,23.5,23.6,24.1,24.4,24.5,24.6,25.2,24.7,24.4,24.1,24.1,23.9,23.8,23.6,23.5,23.2,23.0,22.9,23.0,23.6,24.4,25.1,26.6,27.2,26.3,27.3,26.3,26.5,27.0,26.9,26.5,25.6,25.1,24.6,24.3,24.1,23.7,23.7,23.8,23.7,23.5,23.6,23.9,24.3,25.3,25.6,26.1,26.7,27.3,27.7,27.6,27.1,26.1,25.6,25.2,24.4,23.7,23.2,22.5,22.3,22.1,22.1,22.2,22.3,22.5,22.6,22.9,23.9,24.0,25.2,25.4,25.9,27.0,28.0,27.2,27.3,27.9,26.8,26.6,26.1,25.9,25.8,25.5
566,24.3,24.0,23.6,22.6,22.0,21.2,21.0,20.9,21.1,21.6,22.4,23.3,23.2,23.5,23.6,24.1,24.4,24.5,24.6,25.2,24.7,24.4,24.1,24.1,23.9,23.8,23.6,23.5,23.2,23.0,22.9,23.0,23.6,24.4,25.1,26.6,27.2,26.3,27.3,26.3,26.5,27.0,26.9,26.5,25.6,25.1,24.6,24.3,24.1,23.7,23.7,23.8,23.7,23.5,23.6,23.9,24.3,25.3,25.6,26.1,26.7,27.3,27.7,27.6,27.1,26.1,25.6,25.2,24.4,23.7,23.2,22.5,22.3,22.1,22.1,22.2,22.3,22.5,22.6,22.9,23.9,24.0,25.2,25.4,25.9,27.0,28.0,27.2,27.3,27.9,26.8,26.6,26.1,25.9,25.8,25.5,25.2,24.6,24.3,24.3,23.9,23.8,23.7,23.9,24.5,25.5,26.8,28.4,29.2,30.5,31.2,31.4,31.9,31.8,31.3,30.1,28.7,28.0,27.3,26.8
567,23.9,23.8,23.6,23.5,23.2,23.0,22.9,23.0,23.6,24.4,25.1,26.6,27.2,26.3,27.3,26.3,26.5,27.0,26.9,26.5,25.6,25.1,24.6,24.3,24.1,23.7,23.7,23.8,23.7,23.5,23.6,23.9,24.3,25.3,25.6,26.1,26.7,27.3,27.7,27.6,27.1,26.1,25.6,25.2,24.4,23.7,23.2,22.5,22.3,22.1,22.1,22.2,22.3,22.5,22.6,22.9,23.9,24.0,25.2,25.4,25.9,27.0,28.0,27.2,27.3,27.9,26.8,26.6,26.1,25.9,25.8,25.5,25.2,24.6,24.3,24.3,23.9,23.8,23.7,23.9,24.5,25.5,26.8,28.4,29.2,30.5,31.2,31.4,31.9,31.8,31.3,30.1,28.7,28.0,27.3,26.8,26.4,25.8,25.4,25.0,24.9,24.6,24.4,25.0,26.6,28.3,29.5,31.0,31.7,32.6,32.5,32.2,32.8,32.3,31.8,30.8,29.9,29.5,29.0,28.7
568,24.1,23.7,23.7,23.8,23.7,23.5,23.6,23.9,24.3,25.3,25.6,26.1,26.7,27.3,27.7,27.6,27.1,26.1,25.6,25.2,24.4,23.7,23.2,22.5,22.3,22.1,22.1,22.2,22.3,22.5,22.6,22.9,23.9,24.0,25.2,25.4,25.9,27.0,28.0,27.2,27.3,27.9,26.8,26.6,26.1,25.9,25.8,25.5,25.2,24.6,24.3,24.3,23.9,23.8,23.7,23.9,24.5,25.5,26.8,28.4,29.2,30.5,31.2,31.4,31.9,31.8,31.3,30.1,28.7,28.0,27.3,26.8,26.4,25.8,25.4,25.0,24.9,24.6,24.4,25.0,26.6,28.3,29.5,31.0,31.7,32.6,32.5,32.2,32.8,32.3,31.8,30.8,29.9,29.5,29.0,28.7,28.2,27.7,27.6,27.3,26.9,26.6,26.4,26.6,27.2,28.1,29.4,30.5,31.2,32.0,32.4,33.0,33.0,32.6,31.9,31.0,29.7,28.9,28.4,28.0
569,22.3,22.1,22.1,22.2,22.3,22.5,22.6,22.9,23.9,24.0,25.2,25.4,25.9,27.0,28.0,27.2,27.3,27.9,26.8,26.6,26.1,25.9,25.8,25.5,25.2,24.6,24.3,24.3,23.9,23.8,23.7,23.9,24.5,25.5,26.8,28.4,29.2,30.5,31.2,31.4,31.9,31.8,31.3,30.1,28.7,28.0,27.3,26.8,26.4,25.8,25.4,25.0,24.9,24.6,24.4,25.0,26.6,28.3,29.5,31.0,31.7,32.6,32.5,32.2,32.8,32.3,31.8,30.8,29.9,29.5,29.0,28.7,28.2,27.7,27.6,27.3,26.9,26.6,26.4,26.6,27.2,28.1,29.4,30.5,31.2,32.0,32.4,33.0,33.0,32.6,31.9,31.0,29.7,28.9,28.4,28.0,27.6,27.1,26.6,26.2,25.8,25.4,25.1,25.5,27.0,28.4,29.4,30.8,31.6,32.5,33.2,34.2,34.0,33.4,32.7,31.9,31.1,30.5,29.9,29.1
570,25.2,24.6,24.3,24.3,23.9,23.8,23.7,23.9,24.5,25.5,26.8,28.4,29.2,30.5,31.2,31.4,31.9,31.8,31.3,30.1,28.7,28.0,27.3,26.8,26.4,25.8,25.4,25.0,24.9,24.6,24.4,25.0,26.6,28.3,29.5,31.0,31.7,32.6,32.5,32.2,32.8,32.3,31.8,30.8,29.9,29.5,29.0,28.7,28.2,27.7,27.6,27.3,26.9,26.6,26.4,26.6,27.2,28.1,29.4,30.5,31.2,32.0,32.4,33.0,33.0,32.6,31.9,31.0,29.7,28.9,28.4,28.0,27.6,27.1,26.6,26.2,25.8,25.4,25.1,25.5,27.0,28.4,29.4,30.8,31.6,32.5,33.2,34.2,34.0,33.4,32.7,31.9,31.1,30.5,29.9,29.1,29.0,29.0,28.7,28.2,27.9,27.4,27.3,27.6,28.9,30.3,31.3,32.6,33.2,33.6,33.9,34.1,33.8,33.0,32.8,31.4,30.9,30.4,29.8,29.6
571,26.4,25.8,25.4,25.0,24.9,24.6,24.4,25.0,26.6,28.3,29.5,31.0,31.7,32.6,32.5,32.2,32.8,32.3,31.8,30.8,29.9,29.5,29.0,28.7,28.2,27.7,27.6,27.3,26.9,26.6,26.4,26.6,27.2,28.1,29.4,30.5,31.2,32.0,32.4,33.0,33.0,32.6,31.9,31.0,29.7,28.9,28.4,28.0,27.6,27.1,26.6,26.2,25.8,25.4,25.1,25.5,27.0,28.4,29.4,30.8,31.6,32.5,33.2,34.2,34.0,33.4,32.7,31.9,31.1,30.5,29.9,29.1,29.0,29.0,28.7,28.2,27.9,27.4,27.3,27.6,28.9,30.3,31.3,32.6,33.2,33.6,33.9,34.1,33.8,33.0,32.8,31.4,30.9,30.4,29.8,29.6,29.2,29.0,28.5,28.2,27.8,27.5,27.3,27.8,29.7,31.3,32.9,34.0,35.0,35.6,35.6,33.8,33.6,34.4,32.5,31.3,30.9,30.0,29.9,29.6
572,28.2,27.7,27.6,27.3,26.9,26.6,26.4,26.6,27.2,28.1,29.4,30.5,31.2,32.0,32.4,33.0,33.0,32.6,31.9,31.0,29.7,28.9,28.4,28.0,27.6,27.1,26.6,26.2,25.8,25.4,25.1,25.5,27.0,28.4,29.4,30.8,31.6,32.5,33.2,34.2,34.0,33.4,32.7,31.9,31.1,30.5,29.9,29.1,29.0,29.0,28.7,28.2,27.9,27.4,27.3,27.6,28.9,30.3,31.3,32.6,33.2,33.6,33.9,34.1,33.8,33.0,32.8,31.4,30.9,30.4,29.8,29.6,29.2,29.0,28.5,28.2,27.8,27.5,27.3,27.8,29.7,31.3,32.9,34.0,35.0,35.6,35.6,33.8,33.6,34.4,32.5,31.3,30.9,30.0,29.9,29.6,29.0,28.6,28.3,28.0,27.8,27.7,27.6,27.8,28.0,28.6,28.8,28.6,28.2,28.0,27.4,27.0,26.8,26.7,26.8,26.7,26.4,26.0,25.7,25.5
573,27.6,27.1,26.6,26.2,25.8,25.4,25.1,25.5,27.0,28.4,29.4,30.8,31.6,32.5,33.2,34.2,34.0,33.4,32.7,31.9,31.1,30.5,29.9,29.1,29.0,29.0,28.7,28.2,27.9,27.4,27.3,27.6,28.9,30.3,31.3,32.6,33.2,33.6,33.9,34.1,33.8,33.0,32.8,31.4,30.9,30.4,29.8,29.6,29.2,29.0,28.5,28.2,27.8,27.5,27.3,27.8,29.7,31.3,32.9,34.0,35.0,35.6,35.6,33.8,33.6,34.4,32.5,31.3,30.9,30.0,29.9,29.6,29.0,28.6,28.3,28.0,27.8,27.7,27.6,27.8,28.0,28.6,28.8,28.6,28.2,28.0,27.4,27.0,26.8,26.7,26.8,26.7,26.4,26.0,25.7,25.5,25.5,25.5,25.5,25.6,25.5,25.4,25.4,25.4,25.7,26.2,27.4,27.9,29.3,31.1,31.9,32.0,31.9,31.2,31.7,31.2,30.2,29.8,29.4,29.4
574,29.0,29.0,28.7,28.2,27.9,27.4,27.3,27.6,28.9,30.3,31.3,32.6,33.2,33.6,33.9,34.1,33.8,33.0,32.8,31.4,30.9,30.4,29.8,29.6,29.2,29.0,28.5,28.2,27.8,27.5,27.3,27.8,29.7,31.3,32.9,34.0,35.0,35.6,35.6,33.8,33.6,34.4,32.5,31.3,30.9,30.0,29.9,29.6,29.0,28.6,28.3,28.0,27.8,27.7,27.6,27.8,28.0,28.6,28.8,28.6,28.2,28.0,27.4,27.0,26.8,26.7,26.8,26.7,26.4,26.0,25.7,25.5,25.5,25.5,25.5,25.6,25.5,25.4,25.4,25.4,25.7,26.2,27.4,27.9,29.3,31.1,31.9,32.0,31.9,31.2,31.7,31.2,30.2,29.8,29.4,29.4,28.5,27.4,26.9,26.7,26.6,26.5,26.6,26.7,26.9,27.2,27.7,27.9,28.1,28.3,28.4,27.2,26.8,27.0,26.3,26.4,26.5,26.6,26.1,25.5
575,29.2,29.0,28.5,28.2,27.8,27.5,27.3,27.8,29.7,31.3,32.9,34.0,35.0,35.6,35.6,33.8,33.6,34.4,32.5,31.3,30.9,30.0,29.9,29.6,29.0,28.6,28.3,28.0,27.8,27.7,27.6,27.8,28.0,28.6,28.8,28.6,28.2,28.0,27.4,27.0,26.8,26.7,26.8,26.7,26.4,26.0,25.7,25.5,25.5,25.5,25.5,25.6,25.5,25.4,25.4,25.4,25.7,26.2,27.4,27.9,29.3,31.1,31.9,32.0,31.9,31.2,31.7,31.2,30.2,29.8,29.4,29.4,28.5,27.4,26.9,26.7,26.6,26.5,26.6,26.7,26.9,27.2,27.7,27.9,28.1,28.3,28.4,27.2,26.8,27.0,26.3,26.4,26.5,26.6,26.1,25.5,25.5,25.5,25.7,25.5,25.5,25.2,25.2,25.4,25.6,25.9,26.2,26.7,27.7,28.6,28.8,28.9,30.0,29.6,28.8,28.3,27.8,27.5,27.5,27.3
576,29.0,28.6,28.3,28.0,27.8,27.7,27.6,27.8,28.0,28.6,28.8,28.6,28.2,28.0,27.4,27.0,26.8,26.7,26.8,26.7,26.4,26.0,25.7,25.5,25.5,25.5,25.5,25.6,25.5,25.4,25.4,25.4,25.7,26.2,27.4,27.9,29.3,31.1,31.9,32.0,31.9,31.2,31.7,31.2,30.2,29.8,29.4,29.4,28.5,27.4,26.9,26.7,26.6,26.5,26.6,26.7,26.9,27.2,27.7,27.9,28.1,28.3,28.4,27.2,26.8,27.0,26.3,26.4,26.5,26.6,26.1,25.5,25.5,25.5,25.7,25.5,25.5,25.2,25.2,25.4,25.6,25.9,26.2,26.7,27.7,28.6,28.8,28.9,30.0,29.6,28.8,28.3,27.8,27.5,27.5,27.3,27.2,27.1,26.9,26.7,26.5,26.3,26.1,26.4,26.9,28.0,29.3,30.1,31.1,31.8,31.9,32.5,32.5,32.1,31.3,30.0,29.0,28.4,27.9,27.5
577,25.5,25.5,25.5,25.6,25.5,25.4,25.4,25.4,25.7,26.2,27.4,27.9,29.3,31.1,31.9,32.0,31.9,31.2,31.7,31.2,30.2,29.8,29.4,29.4,28.5,27.4,26.9,26.7,26.6,26.5,26.6,26.7,26.9,27.2,27.7,27.9,28.1,28.3,28.4,27.2,26.8,27.0,26.3,26.4,26.5,26.6,26.1,25.5,25.5,25.5,25.7,25.5,25.5,25.2,25.2,25.4,25.6,25.9,26.2,26.7,27.7,28.6,28.8,28.9,30.0,29.6,28.8,28.3,27.8,27.5,27.5,27.3,27.2,27.1,26.9,26.7,26.5,26.3,26.1,26.4,26.9,28.0,29.3,30.1,31.1,31.8,31.9,32.5,32.5,32.1,31.3,30.0,29.0,28.4,27.9,27.5,27.2,27.1,27.1,27.1,27.2,27.2,27.2,27.3,27.8,28.4,28.9,30.1,31.2,31.7,32.3,32.5,32.2,31.7,31.5,30.4,29.6,29.0,28.7,28.5
578,28.5,27.4,26.9,26.7,26.6,26.5,26.6,26.7,26.9,27.2,27.7,27.9,28.1,28.3,28.4,27.2,26.8,27.0,26.3,26.4,26.5,26.6,26.1,25.5,25.5,25.5,25.7,25.5,25.5,25.2,25.2,25.4,25.6,25.9,26.2,26.7,27.7,28.6,28.8,28.9,30.0,29.6,28.8,28.3,27.8,27.5,27.5,27.3,27.2,27.1,26.9,26.7,26.5,26.3,26.1,26.4,26.9,28.0,29.3,30.1,31.1,31.8,31.9,32.5,32.5,32.1,31.3,30.0,29.0,28.4,27.9,27.5,27.2,27.1,27.1,27.1,27.2,27.2,27.2,27.3,27.8,28.4,28.9,30.1,31.2,31.7,32.3,32.5,32.2,31.7,31.5,30.4,29.6,29.0,28.7,28.5,28.3,28.1,27.9,27.8,27.7,27.4,27.4,27.5,28.2,28.8,28.8,29.6,28.5,28.7,29.4,30.0,29.6,30.1,30.0,29.6,29.3,29.0,28.8,28.5
579,25.5,25.5,25.7,25.5,25.5,25.2,25.2,25.4,25.6,25.9,26.2,26.7,27.7,28.6,28.8,28.9,30.0,29.6,28.8,28.3,27.8,27.5,27.5,27.3,27.2,27.1,26.9,26.7,26.5,26.3,26.1,26.4,26.9,28.0,29.3,30.1,31.1,31.8,31.9,32.5,32.5,32.1,31.3,30.0,29.0,28.4,27.9,27.5,27.2,27.1,27.1,27.1,27.2,27.2,27.2,27.3,27.8,28.4,28.9,30.1,31.2,31.7,32.3,32.5,32.2,31.7,31.5,30.4,29.6,29.0,28.7,28.5,28.3,28.1,27.9,27.8,27.7,27.4,27.4,27.5,28.2,28.8,28.8,29.6,28.5,28.7,29.4,30.0,29.6,30.1,30.0,29.6,29.3,29.0,28.8,28.5,28.2,27.9,27.7,27.5,27.2,27.3,27.3,27.6,28.2,28.1,28.3,28.6,28.8,30.6,31.6,31.4,30.9,30.6,30.1,29.6,29.4,29.2,28.9,28.6
580,27.2,27.1,26.9,26.7,26.5,26.3,26.1,26.4,26.9,28.0,29.3,30.1,31.1,31.8,31.9,32.5,32.5,32.1,31.3,30.0,29.0,28.4,27.9,27.5,27.2,27.1,27.1,27.1,27.2,27.2,27.2,27.3,27.8,28.4,28.9,30.1,31.2,31.7,32.3,32.5,32.2,31.7,31.5,30.4,29.6,29.0,28.7,28.5,28.3,28.1,27.9,27.8,27.7,27.4,27.4,27.5,28.2,28.8,28.8,29.6,28.5,28.7,29.4,30.0,29.6,30.1,30.0,29.6,29.3,29.0,28.8,28.5,28.2,27.9,27.7,27.5,27.2,27.3,27.3,27.6,28.2,28.1,28.3,28.6,28.8,30.6,31.6,31.4,30.9,30.6,30.1,29.6,29.4,29.2,28.9,28.6,28.4,28.4,28.3,28.3,28.2,28.2,27.7,27.3,27.2,27.3,27.4,27.8,28.0,25.6,25.1,25.4,25.7,26.3,25.5,25.6,26.2,25.9,26.0,25.9
581,27.2,27.1,27.1,27.1,27.2,27.2,27.2,27.3,27.8,28.4,28.9,30.1,31.2,31.7,32.3,32.5,32.2,31.7,31.5,30.4,29.6,29.0,28.7,28.5,28.3,28.1,27.9,27.8,27.7,27.4,27.4,27.5,28.2,28.8,28.8,29.6,28.5,28.7,29.4,30.0,29.6,30.1,30.0,29.6,29.3,29.0,28.8,28.5,28.2,27.9,27.7,27.5,27.2,27.3,27.3,27.6,28.2,28.1,28.3,28.6,28.8,30.6,31.6,31.4,30.9,30.6,30.1,29.6,29.4,29.2,28.9,28.6,28.4,28.4,28.3,28.3,28.2,28.2,27.7,27.3,27.2,27.3,27.4,27.8,28.0,25.6,25.1,25.4,25.7,26.3,25.5,25.6,26.2,25.9,26.0,25.9,26.0,26.1,26.0,25.9,25.7,25.6,25.5,25.5,25.7,25.6,25.7,25.6,25.3,25.3,25.5,26.1,26.5,26.4,26.0,25.4,25.2,24.5,23.9,22.6
582,28.3,28.1,27.9,27.8,27.7,27.4,27.4,27.5,28.2,28.8,28.8,29.6,28.5,28.7,29.4,30.0,29.6,30.1,30.0,29.6,29.3,29.0,28.8,28.5,28.2,27.9,27.7,27.5,27.2,27.3,27.3,27.6,28.2,28.1,28.3,28.6,28.8,30.6,31.6,31.4,30.9,30.6,30.1,29.6,29.4,29.2,28.9,28.6,28.4,28.4,28.3,28.3,28.2,28.2,27.7,27.3,27.2,27.3,27.4,27.8,28.0,25.6,25.1,25.4,25.7,26.3,25.5,25.6,26.2,25.9,26.0,25.9,26.0,26.1,26.0,25.9,25.7,25.6,25.5,25.5,25.7,25.6,25.7,25.6,25.3,25.3,25.5,26.1,26.5,26.4,26.0,25.4,25.2,24.5,23.9,22.6,22.1,22.0,21.9,21.9,21.5,21.4,21.5,21.6,22.1,22.9,24.2,25.9,26.9,27.8,28.2,28.7,27.6,26.2,26.0,25.7,25.4,25.3,24.7,24.3
583,28.2,27.9,27.7,27.5,27.2,27.3,27.3,27.6,28.2,28.1,28.3,28.6,28.8,30.6,31.6,31.4,30.9,30.6,30.1,29.6,29.4,29.2,28.9,28.6,28.4,28.4,28.3,28.3,28.2,28.2,27.7,27.3,27.2,27.3,27.4,27.8,28.0,25.6,25.1,25.4,25.7,26.3,25.5,25.6,26.2,25.9,26.0,25.9,26.0,26.1,26.0,25.9,25.7,25.6,25.5,25.5,25.7,25.6,25.7,25.6,25.3,25.3,25.5,26.1,26.5,26.4,26.0,25.4,25.2,24.5,23.9,22.6,22.1,22.0,21.9,21.9,21.5,21.4,21.5,21.6,22.1,22.9,24.2,25.9,26.9,27.8,28.2,28.7,27.6,26.2,26.0,25.7,25.4,25.3,24.7,24.3,24.0,24.0,23.8,23.8,23.7,23.5,23.4,23.5,23.4,23.9,24.2,24.7,25.1,25.2,26.3,27.4,27.1,26.7,26.3,26.1,25.9,25.7,25.3,24.9
584,28.4,28.4,28.3,28.3,28.2,28.2,27.7,27.3,27.2,27.3,27.4,27.8,28.0,25.6,25.1,25.4,25.7,26.3,25.5,25.6,26.2,25.9,26.0,25.9,26.0,26.1,26.0,25.9,25.7,25.6,25.5,25.5,25.7,25.6,25.7,25.6,25.3,25.3,25.5,26.1,26.5,26.4,26.0,25.4,25.2,24.5,23.9,22.6,22.1,22.0,21.9,21.9,21.5,21.4,21.5,21.6,22.1,22.9,24.2,25.9,26.9,27.8,28.2,28.7,27.6,26.2,26.0,25.7,25.4,25.3,24.7,24.3,24.0,24.0,23.8,23.8,23.7,23.5,23.4,23.5,23.4,23.9,24.2,24.7,25.1,25.2,26.3,27.4,27.1,26.7,26.3,26.1,25.9,25.7,25.3,24.9,24.5,24.0,23.6,23.3,23.3,23.3,23.1,23.0,24.2,25.3,26.7,27.7,28.8,29.7,30.7,31.6,32.4,32.3,31.2,29.5,27.8,27.2,26.5,26.0
585,26.0,26.1,26.0,25.9,25.7,25.6,25.5,25.5,25.7,25.6,25.7,25.6,25.3,25.3,25.5,26.1,26.5,26.4,26.0,25.4,25.2,24.5,23.9,22.6,22.1,22.0,21.9,21.9,21.5,21.4,21.5,21.6,22.1,22.9,24.2,25.9,26.9,27.8,28.2,28.7,27.6,26.2,26.0,25.7,25.4,25.3,24.7,24.3,24.0,24.0,23.8,23.8,23.7,23.5,23.4,23.5,23.4,23.9,24.2,24.7,25.1,25.2,26.3,27.4,27.1,26.7,26.3,26.1,25.9,25.7,25.3,24.9,24.5,24.0,23.6,23.3,23.3,23.3,23.1,23.0,24.2,25.3,26.7,27.7,28.8,29.7,30.7,31.6,32.4,32.3,31.2,29.5,27.8,27.2,26.5,26.0,25.4,25.4,25.4,25.3,25.4,25.4,25.3,25.4,25.6,25.8,25.8,25.9,25.4,24.8,24.8,24.9,25.4,26.8,27.4,26.7,26.4,26.3,26.3,26.2
586,22.1,22.0,21.9,21.9,21.5,21.4,21.5,21.6,22.1,22.9,24.2,25.9,26.9,27.8,28.2,28.7,27.6,26.2,26.0,25.7,25.4,25.3,24.7,24.3,24.0,24.0,23.8,23.8,23.7,23.5,23.4,23.5,23.4,23.9,24.2,24.7,25.1,25.2,26.3,27.4,27.1,26.7,26.3,26.1,25.9,25.7,25.3,24.9,24.5,24.0,23.6,23.3,23.3,23.3,23.1,23.0,24.2,25.3,26.7,27.7,28.8,29.7,30.7,31.6,32.4,32.3,31.2,29.5,27.8,27.2,26.5,26.0,25.4,25.4,25.4,25.3,25.4,25.4,25.3,25.4,25.6,25.8,25.8,25.9,25.4,24.8,24.8,24.9,25.4,26.8,27.4,26.7,26.4,26.3,26.3,26.2,25.9,25.8,25.6,25.5,25.2,24.9,24.6,24.7,25.5,26.1,26.9,28.9,29.8,30.4,31.1,31.0,30.6,30.2,28.7,28.6,27.9,27.7,27.6,27.6
587,24.0,24.0,23.8,23.8,23.7,23.5,23.4,23.5,23.4,23.9,24.2,24.7,25.1,25.2,26.3,27.4,27.1,26.7,26.3,26.1,25.9,25.7,25.3,24.9,24.5,24.0,23.6,23.3,23.3,23.3,23.1,23.0,24.2,25.3,26.7,27.7,28.8,29.7,30.7,31.6,32.4,32.3,31.2,29.5,27.8,27.2,26.5,26.0,25.4,25.4,25.4,25.3,25.4,25.4,25.3,25.4,25.6,25.8,25.8,25.9,25.4,24.8,24.8,24.9,25.4,26.8,27.4,26.7,26.4,26.3,26.3,26.2,25.9,25.8,25.6,25.5,25.2,24.9,24.6,24.7,25.5,26.1,26.9,28.9,29.8,30.4,31.1,31.0,30.6,30.2,28.7,28.6,27.9,27.7,27.6,27.6,27.5,27.4,27.4,27.4,27.3,27.3,27.5,27.6,27.7,28.1,28.6,29.1,29.5,29.6,29.5,29.4,29.0,28.7,28.6,27.9,27.7,27.7,27.7,27.3
588,24.5,24.0,23.6,23.3,23.3,23.3,23.1,23.0,24.2,25.3,26.7,27.7,28.8,29.7,30.7,31.6,32.4,32.3,31.2,29.5,27.8,27.2,26.5,26.0,25.4,25.4,25.4,25.3,25.4,25.4,25.3,25.4,25.6,25.8,25.8,25.9,25.4,24.8,24.8,24.9,25.4,26.8,27.4,26.7,26.4,26.3,26.3,26.2,25.9,25.8,25.6,25.5,25.2,24.9,24.6,24.7,25.5,26.1,26.9,28.9,29.8,30.4,31.1,31.0,30.6,30.2,28.7,28.6,27.9,27.7,27.6,27.6,27.5,27.4,27.4,27.4,27.3,27.3,27.5,27.6,27.7,28.1,28.6,29.1,29.5,29.6,29.5,29.4,29.0,28.7,28.6,27.9,27.7,27.7,27.7,27.3,26.6,26.4,26.1,25.8,25.3,25.0,24.4,24.1,24.4,25.1,26.2,27.3,28.2,29.2,29.7,29.8,29.7,29.9,29.5,28.2,27.1,26.4,25.5,24.9
589,25.4,25.4,25.4,25.3,25.4,25.4,25.3,25.4,25.6,25.8,25.8,25.9,25.4,24.8,24.8,24.9,25.4,26.8,27.4,26.7,26.4,26.3,26.3,26.2,25.9,25.8,25.6,25.5,25.2,24.9,24.6,24.7,25.5,26.1,26.9,28.9,29.8,30.4,31.1,31.0,30.6,30.2,28.7,28.6,27.9,27.7,27.6,27.6,27.5,27.4,27.4,27.4,27.3,27.3,27.5,27.6,27.7,28.1,28.6,29.1,29.5,29.6,29.5,29.4,29.0,28.7,28.6,27.9,27.7,27.7,27.7,27.3,26.6,26.4,26.1,25.8,25.3,25.0,24.4,24.1,24.4,25.1,26.2,27.3,28.2,29.2,29.7,29.8,29.7,29.9,29.5,28.2,27.1,26.4,25.5,24.9,24.6,24.3,23.8,23.5,23.2,23.0,22.9,23.0,24.6,25.9,26.4,27.8,28.8,30.1,30.2,28.4,29.7,29.5,28.3,27.3,26.5,25.7,25.0,24.6
590,25.9,25.8,25.6,25.5,25.2,24.9,24.6,24.7,25.5,26.1,26.9,28.9,29.8,30.4,31.1,31.0,30.6,30.2,28.7,28.6,27.9,27.7,27.6,27.6,27.5,27.4,27.4,27.4,27.3,27.3,27.5,27.6,27.7,28.1,28.6,29.1,29.5,29.6,29.5,29.4,29.0,28.7,28.6,27.9,27.7,27.7,27.7,27.3,26.6,26.4,26.1,25.8,25.3,25.0,24.4,24.1,24.4,25.1,26.2,27.3,28.2,29.2,29.7,29.8,29.7,29.9,29.5,28.2,27.1,26.4,25.5,24.9,24.6,24.3,23.8,23.5,23.2,23.0,22.9,23.0,24.6,25.9,26.4,27.8,28.8,30.1,30.2,28.4,29.7,29.5,28.3,27.3,26.5,25.7,25.0,24.6,24.1,23.4,23.1,23.2,22.7,22.6,22.4,22.7,23.8,24.7,25.3,26.2,27.9,28.2,29.6,29.2,28.1,27.8,27.3,26.6,26.1,25.7,25.2,24.8
591,27.5,27.4,27.4,27.4,27.3,27.3,27.5,27.6,27.7,28.1,28.6,29.1,29.5,29.6,29.5,29.4,29.0,28.7,28.6,27.9,27.7,27.7,27.7,27.3,26.6,26.4,26.1,25.8,25.3,25.0,24.4,24.1,24.4,25.1,26.2,27.3,28.2,29.2,29.7,29.8,29.7,29.9,29.5,28.2,27.1,26.4,25.5,24.9,24.6,24.3,23.8,23.5,23.2,23.0,22.9,23.0,24.6,25.9,26.4,27.8,28.8,30.1,30.2,28.4,29.7,29.5,28.3,27.3,26.5,25.7,25.0,24.6,24.1,23.4,23.1,23.2,22.7,22.6,22.4,22.7,23.8,24.7,25.3,26.2,27.9,28.2,29.6,29.2,28.1,27.8,27.3,26.6,26.1,25.7,25.2,24.8,24.4,23.9,23.8,23.7,23.3,23.6,23.8,24.0,24.5,25.5,26.3,26.6,26.8,26.6,27.0,27.2,26.7,26.4,26.7,26.9,27.0,27.1,27.1,27.0
592,26.6,26.4,26.1,25.8,25.3,25.0,24.4,24.1,24.4,25.1,26.2,27.3,28.2,29.2,29.7,29.8,29.7,29.9,29.5,28.2,27.1,26.4,25.5,24.9,24.6,24.3,23.8,23.5,23.2,23.0,22.9,23.0,24.6,25.9,26.4,27.8,28.8,30.1,30.2,28.4,29.7,29.5,28.3,27.3,26.5,25.7,25.0,24.6,24.1,23.4,23.1,23.2,22.7,22.6,22.4,22.7,23.8,24.7,25.3,26.2,27.9,28.2,29.6,29.2,28.1,27.8,27.3,26.6,26.1,25.7,25.2,24.8,24.4,23.9,23.8,23.7,23.3,23.6,23.8,24.0,24.5,25.5,26.3,26.6,26.8,26.6,27.0,27.2,26.7,26.4,26.7,26.9,27.0,27.1,27.1,27.0,26.8,26.6,26.3,26.2,26.0,26.0,25.8,25.7,25.9,26.7,27.5,28.3,29.6,31.0,31.7,31.8,31.6,31.5,30.8,29.6,28.6,27.9,27.5,27.2
593,24.6,24.3,23.8,23.5,23.2,23.0,22.9,23.0,24.6,25.9,26.4,27.8,28.8,30.1,30.2,28.4,29.7,29.5,28.3,27.3,26.5,25.7,25.0,24.6,24.1,23.4,23.1,23.2,22.7,22.6,22.4,22.7,23.8,24.7,25.3,26.2,27.9,28.2,29.6,29.2,28.1,27.8,27.3,26.6,26.1,25.7,25.2,24.8,24.4,23.9,23.8,23.7,23.3,23.6,23.8,24.0,24.5,25.5,26.3,26.6,26.8,26.6,27.0,27.2,26.7,26.4,26.7,26.9,27.0,27.1,27.1,27.0,26.8,26.6,26.3,26.2,26.0,26.0,25.8,25.7,25.9,26.7,27.5,28.3,29.6,31.0,31.7,31.8,31.6,31.5,30.8,29.6,28.6,27.9,27.5,27.2,26.9,26.8,26.7,26.3,25.5,25.1,24.9,24.8,25.6,26.2,27.3,29.1,30.2,30.4,31.3,31.2,31.5,31.8,30.9,29.5,28.6,28.1,27.9,27.4
594,24.1,23.4,23.1,23.2,22.7,22.6,22.4,22.7,23.8,24.7,25.3,26.2,27.9,28.2,29.6,29.2,28.1,27.8,27.3,26.6,26.1,25.7,25.2,24.8,24.4,23.9,23.8,23.7,23.3,23.6,23.8,24.0,24.5,25.5,26.3,26.6,26.8,26.6,27.0,27.2,26.7,26.4,26.7,26.9,27.0,27.1,27.1,27.0,26.8,26.6,26.3,26.2,26.0,26.0,25.8,25.7,25.9,26.7,27.5,28.3,29.6,31.0,31.7,31.8,31.6,31.5,30.8,29.6,28.6,27.9,27.5,27.2,26.9,26.8,26.7,26.3,25.5,25.1,24.9,24.8,25.6,26.2,27.3,29.1,30.2,30.4,31.3,31.2,31.5,31.8,30.9,29.5,28.6,28.1,27.9,27.4,27.1,26.8,26.3,25.9,25.7,25.6,25.5,25.7,26.2,26.6,27.6,28.7,28.9,29.3,30.2,29.5,29.5,28.6,28.1,27.6,27.3,27.0,24.6,23.0
595,24.4,23.9,23.8,23.7,23.3,23.6,23.8,24.0,24.5,25.5,26.3,26.6,26.8,26.6,27.0,27.2,26.7,26.4,26.7,26.9,27.0,27.1,27.1,27.0,26.8,26.6,26.3,26.2,26.0,26.0,25.8,25.7,25.9,26.7,27.5,28.3,29.6,31.0,31.7,31.8,31.6,31.5,30.8,29.6,28.6,27.9,27.5,27.2,26.9,26.8,26.7,26.3,25.5,25.1,24.9,24.8,25.6,26.2,27.3,29.1,30.2,30.4,31.3,31.2,31.5,31.8,30.9,29.5,28.6,28.1,27.9,27.4,27.1,26.8,26.3,25.9,25.7,25.6,25.5,25.7,26.2,26.6,27.6,28.7,28.9,29.3,30.2,29.5,29.5,28.6,28.1,27.6,27.3,27.0,24.6,23.0,23.0,23.1,23.2,23.1,23.0,22.5,22.4,22.6,22.9,23.7,24.8,25.8,27.2,28.1,28.9,29.8,30.0,29.5,28.8,27.3,26.1,25.2,24.2,23.5
596,26.8,26.6,26.3,26.2,26.0,26.0,25.8,25.7,25.9,26.7,27.5,28.3,29.6,31.0,31.7,31.8,31.6,31.5,30.8,29.6,28.6,27.9,27.5,27.2,26.9,26.8,26.7,26.3,25.5,25.1,24.9,24.8,25.6,26.2,27.3,29.1,30.2,30.4,31.3,31.2,31.5,31.8,30.9,29.5,28.6,28.1,27.9,27.4,27.1,26.8,26.3,25.9,25.7,25.6,25.5,25.7,26.2,26.6,27.6,28.7,28.9,29.3,30.2,29.5,29.5,28.6,28.1,27.6,27.3,27.0,24.6,23.0,23.0,23.1,23.2,23.1,23.0,22.5,22.4,22.6,22.9,23.7,24.8,25.8,27.2,28.1,28.9,29.8,30.0,29.5,28.8,27.3,26.1,25.2,24.2,23.5,23.0,22.7,22.6,22.7,22.5,22.4,22.4,22.6,23.8,24.7,26.0,26.7,27.7,27.6,27.1,26.6,26.3,26.9,26.2,25.5,25.0,24.6,24.1,23.8
597,26.9,26.8,26.7,26.3,25.5,25.1,24.9,24.8,25.6,26.2,27.3,29.1,30.2,30.4,31.3,31.2,31.5,31.8,30.9,29.5,28.6,28.1,27.9,27.4,27.1,26.8,26.3,25.9,25.7,25.6,25.5,25.7,26.2,26.6,27.6,28.7,28.9,29.3,30.2,29.5,29.5,28.6,28.1,27.6,27.3,27.0,24.6,23.0,23.0,23.1,23.2,23.1,23.0,22.5,22.4,22.6,22.9,23.7,24.8,25.8,27.2,28.1,28.9,29.8,30.0,29.5,28.8,27.3,26.1,25.2,24.2,23.5,23.0,22.7,22.6,22.7,22.5,22.4,22.4,22.6,23.8,24.7,26.0,26.7,27.7,27.6,27.1,26.6,26.3,26.9,26.2,25.5,25.0,24.6,24.1,23.8,23.5,23.0,22.7,22.1,21.8,21.6,21.5,21.7,22.3,22.7,23.5,24.0,23.8,23.0,22.5,22.1,22.5,22.6,22.5,22.2,21.9,21.7,21.4,21.2
598,27.1,26.8,26.3,25.9,25.7,25.6,25.5,25.7,26.2,26.6,27.6,28.7,28.9,29.3,30.2,29.5,29.5,28.6,28.1,27.6,27.3,27.0,24.6,23.0,23.0,23.1,23.2,23.1,23.0,22.5,22.4,22.6,22.9,23.7,24.8,25.8,27.2,28.1,28.9,29.8,30.0,29.5,28.8,27.3,26.1,25.2,24.2,23.5,23.0,22.7,22.6,22.7,22.5,22.4,22.4,22.6,23.8,24.7,26.0,26.7,27.7,27.6,27.1,26.6,26.3,26.9,26.2,25.5,25.0,24.6,24.1,23.8,23.5,23.0,22.7,22.1,21.8,21.6,21.5,21.7,22.3,22.7,23.5,24.0,23.8,23.0,22.5,22.1,22.5,22.6,22.5,22.2,21.9,21.7,21.4,21.2,21.1,20.8,20.8,20.3,20.4,20.5,20.1,20.0,21.3,22.8,23.9,25.6,26.5,27.3,27.4,28.2,27.9,26.6,25.9,24.8,24.1,23.7,23.4,23.1
599,23.0,23.1,23.2,23.1,23.0,22.5,22.4,22.6,22.9,23.7,24.8,25.8,27.2,28.1,28.9,29.8,30.0,29.5,28.8,27.3,26.1,25.2,24.2,23.5,23.0,22.7,22.6,22.7,22.5,22.4,22.4,22.6,23.8,24.7,26.0,26.7,27.7,27.6,27.1,26.6,26.3,26.9,26.2,25.5,25.0,24.6,24.1,23.8,23.5,23.0,22.7,22.1,21.8,21.6,21.5,21.7,22.3,22.7,23.5,24.0,23.8,23.0,22.5,22.1,22.5,22.6,22.5,22.2,21.9,21.7,21.4,21.2,21.1,20.8,20.8,20.3,20.4,20.5,20.1,20.0,21.3,22.8,23.9,25.6,26.5,27.3,27.4,28.2,27.9,26.6,25.9,24.8,24.1,23.7,23.4,23.1,23.1,23.2,21.0,20.7,19.4,18.9,18.1,17.7,18.3,19.5,21.2,22.0,23.0,23.6,24.4,25.0,25.1,24.9,24.5,23.1,22.0,21.2,20.7,20.4
600,23.0,22.7,22.6,22.7,22.5,22.4,22.4,22.6,23.8,24.7,26.0,26.7,27.7,27.6,27.1,26.6,26.3,26.9,26.2,25.5,25.0,24.6,24.1,23.8,23.5,23.0,22.7,22.1,21.8,21.6,21.5,21.7,22.3,22.7,23.5,24.0,23.8,23.0,22.5,22.1,22.5,22.6,22.5,22.2,21.9,21.7,21.4,21.2,21.1,20.8,20.8,20.3,20.4,20.5,20.1,20.0,21.3,22.8,23.9,25.6,26.5,27.3,27.4,28.2,27.9,26.6,25.9,24.8,24.1,23.7,23.4,23.1,23.1,23.2,21.0,20.7,19.4,18.9,18.1,17.7,18.3,19.5,21.2,22.0,23.0,23.6,24.4,25.0,25.1,24.9,24.5,23.1,22.0,21.2,20.7,20.4,19.6,18.9,18.4,17.6,17.0,16.5,16.2,16.4,19.2,21.1,22.3,24.1,25.5,26.3,26.7,27.6,28.2,28.2,27.0,26.0,24.3,23.5,23.0,22.8
601,23.5,23.0,22.7,22.1,21.8,21.6,21.5,21.7,22.3,22.7,23.5,24.0,23.8,23.0,22.5,22.1,22.5,22.6,22.5,22.2,21.9,21.7,21.4,21.2,21.1,20.8,20.8,20.3,20.4,20.5,20.1,20.0,21.3,22.8,23.9,25.6,26.5,27.3,27.4,28.2,27.9,26.6,25.9,24.8,24.1,23.7,23.4,23.1,23.1,23.2,21.0,20.7,19.4,18.9,18.1,17.7,18.3,19.5,21.2,22.0,23.0,23.6,24.4,25.0,25.1,24.9,24.5,23.1,22.0,21.2,20.7,20.4,19.6,18.9,18.4,17.6,17.0,16.5,16.2,16.4,19.2,21.1,22.3,24.1,25.5,26.3,26.7,27.6,28.2,28.2,27.0,26.0,24.3,23.5,23.0,22.8,22.5,22.3,22.3,22.1,21.8,21.1,20.7,20.1,19.8,19.7,19.6,20.4,20.6,21.2,21.5,22.2,21.8,21.4,21.4,21.2,21.0,20.9,20.7,20.5
602,21.1,20.8,20.8,20.3,20.4,20.5,20.1,20.0,21.3,22.8,23.9,25.6,26.5,27.3,27.4,28.2,27.9,26.6,25.9,24.8,24.1,23.7,23.4,23.1,23.1,23.2,21.0,20.7,19.4,18.9,18.1,17.7,18.3,19.5,21.2,22.0,23.0,23.6,24.4,25.0,25.1,24.9,24.5,23.1,22.0,21.2,20.7,20.4,19.6,18.9,18.4,17.6,17.0,16.5,16.2,16.4,19.2,21.1,22.3,24.1,25.5,26.3,26.7,27.6,28.2,28.2,27.0,26.0,24.3,23.5,23.0,22.8,22.5,22.3,22.3,22.1,21.8,21.1,20.7,20.1,19.8,19.7,19.6,20.4,20.6,21.2,21.5,22.2,21.8,21.4,21.4,21.2,21.0,20.9,20.7,20.5,20.3,20.3,19.9,19.1,18.4,18.1,17.9,18.0,18.0,18.2,18.4,18.8,19.1,19.1,19.3,19.6,19.6,19.6,19.7,19.7,19.6,19.6,19.7,19.7
603,23.1,23.2,21.0,20.7,19.4,18.9,18.1,17.7,18.3,19.5,21.2,22.0,23.0,23.6,24.4,25.0,25.1,24.9,24.5,23.1,22.0,21.2,20.7,20.4,19.6,18.9,18.4,17.6,17.0,16.5,16.2,16.4,19.2,21.1,22.3,24.1,25.5,26.3,26.7,27.6,28.2,28.2,27.0,26.0,24.3,23.5,23.0,22.8,22.5,22.3,22.3,22.1,21.8,21.1,20.7,20.1,19.8,19.7,19.6,20.4,20.6,21.2,21.5,22.2,21.8,21.4,21.4,21.2,21.0,20.9,20.7,20.5,20.3,20.3,19.9,19.1,18.4,18.1,17.9,18.0,18.0,18.2,18.4,18.8,19.1,19.1,19.3,19.6,19.6,19.6,19.7,19.7,19.6,19.6,19.7,19.7,19.7,19.7,19.7,19.7,19.8,19.7,19.7,19.6,19.9,20.3,21.5,23.1,23.5,23.2,23.6,23.6,23.7,24.8,24.8,23.5,22.4,21.7,21.1,20.8
604,19.6,18.9,18.4,17.6,17.0,16.5,16.2,16.4,19.2,21.1,22.3,24.1,25.5,26.3,26.7,27.6,28.2,28.2,27.0,26.0,24.3,23.5,23.0,22.8,22.5,22.3,22.3,22.1,21.8,21.1,20.7,20.1,19.8,19.7,19.6,20.4,20.6,21.2,21.5,22.2,21.8,21.4,21.4,21.2,21.0,20.9,20.7,20.5,20.3,20.3,19.9,19.1,18.4,18.1,17.9,18.0,18.0,18.2,18.4,18.8,19.1,19.1,19.3,19.6,19.6,19.6,19.7,19.7,19.6,19.6,19.7,19.7,19.7,19.7,19.7,19.7,19.8,19.7,19.7,19.6,19.9,20.3,21.5,23.1,23.5,23.2,23.6,23.6,23.7,24.8,24.8,23.5,22.4,21.7,21.1,20.8,20.3,20.0,19.6,19.3,19.0,18.8,18.5,18.4,19.9,21.7,23.4,25.4,27.2,28.3,29.4,30.0,30.2,29.5,28.6,27.4,26.0,24.7,23.9,23.1
605,22.5,22.3,22.3,22.1,21.8,21.1,20.7,20.1,19.8,19.7,19.6,20.4,20.6,21.2,21.5,22.2,21.8,21.4,21.4,21.2,21.0,20.9,20.7,20.5,20.3,20.3,19.9,19.1,18.4,18.1,17.9,18.0,18.0,18.2,18.4,18.8,19.1,19.1,19.3,19.6,19.6,19.6,19.7,19.7,19.6,19.6,19.7,19.7,19.7,19.7,19.7,19.7,19.8,19.7,19.7,19.6,19.9,20.3,21.5,23.1,23.5,23.2,23.6,23.6,23.7,24.8,24.8,23.5,22.4,21.7,21.1,20.8,20.3,20.0,19.6,19.3,19.0,18.8,18.5,18.4,19.9,21.7,23.4,25.4,27.2,28.3,29.4,30.0,30.2,29.5,28.6,27.4,26.0,24.7,23.9,23.1,22.2,21.7,21.2,21.1,21.1,20.9,20.5,20.4,22.1,23.6,25.3,26.6,27.6,28.1,28.6,29.2,29.5,29.5,28.6,27.0,25.8,24.6,23.9,23.0
606,20.3,20.3,19.9,19.1,18.4,18.1,17.9,18.0,18.0,18.2,18.4,18.8,19.1,19.1,19.3,19.6,19.6,19.6,19.7,19.7,19.6,19.6,19.7,19.7,19.7,19.7,19.7,19.7,19.8,19.7,19.7,19.6,19.9,20.3,21.5,23.1,23.5,23.2,23.6,23.6,23.7,24.8,24.8,23.5,22.4,21.7,21.1,20.8,20.3,20.0,19.6,19.3,19.0,18.8,18.5,18.4,19.9,21.7,23.4,25.4,27.2,28.3,29.4,30.0,30.2,29.5,28.6,27.4,26.0,24.7,23.9,23.1,22.2,21.7,21.2,21.1,21.1,20.9,20.5,20.4,22.1,23.6,25.3,26.6,27.6,28.1,28.6,29.2,29.5,29.5,28.6,27.0,25.8,24.6,23.9,23.0,22.3,21.7,21.3,21.3,21.1,20.8,20.7,20.6,21.4,22.7,23.8,24.8,26.1,27.1,28.1,29.0,27.8,27.2,26.6,26.0,25.2,24.4,23.8,23.2
607,19.7,19.7,19.7,19.7,19.8,19.7,19.7,19.6,19.9,20.3,21.5,23.1,23.5,23.2,23.6,23.6,23.7,24.8,24.8,23.5,22.4,21.7,21.1,20.8,20.3,20.0,19.6,19.3,19.0,18.8,18.5,18.4,19.9,21.7,23.4,25.4,27.2,28.3,29.4,30.0,30.2,29.5,28.6,27.4,26.0,24.7,23.9,23.1,22.2,21.7,21.2,21.1,21.1,20.9,20.5,20.4,22.1,23.6,25.3,26.6,27.6,28.1,28.6,29.2,29.5,29.5,28.6,27.0,25.8,24.6,23.9,23.0,22.3,21.7,21.3,21.3,21.1,20.8,20.7,20.6,21.4,22.7,23.8,24.8,26.1,27.1,28.1,29.0,27.8,27.2,26.6,26.0,25.2,24.4,23.8,23.2,22.7,22.5,22.2,22.1,21.9,21.9,20.7,19.9,20.5,20.9,20.9,21.3,21.7,22.0,22.2,22.7,23.3,23.6,23.8,23.9,23.9,23.5,23.2,22.8
608,20.3,20.0,19.6,19.3,19.0,18.8,18.5,18.4,19.9,21.7,23.4,25.4,27.2,28.3,29.4,30.0,30.2,29.5,28.6,27.4,26.0,24.7,23.9,23.1,22.2,21.7,21.2,21.1,21.1,20.9,20.5,20.4,22.1,23.6,25.3,26.6,27.6,28.1,28.6,29.2,29.5,29.5,28.6,27.0,25.8,24.6,23.9,23.0,22.3,21.7,21.3,21.3,21.1,20.8,20.7,20.6,21.4,22.7,23.8,24.8,26.1,27.1,28.1,29.0,27.8,27.2,26.6,26.0,25.2,24.4,23.8,23.2,22.7,22.5,22.2,22.1,21.9,21.9,20.7,19.9,20.5,20.9,20.9,21.3,21.7,22.0,22.2,22.7,23.3,23.6,23.8,23.9,23.9,23.5,23.2,22.8,22.7,22.4,22.1,21.7,21.3,21.2,21.1,20.9,20.5,20.0,19.5,18.9,18.5,18.8,19.0,18.7,18.3,18.1,17.9,17.8,17.8,17.8,17.8,17.8
609,22.2,21.7,21.2,21.1,21.1,20.9,20.5,20.4,22.1,23.6,25.3,26.6,27.6,28.1,28.6,29.2,29.5,29.5,28.6,27.0,25.8,24.6,23.9,23.0,22.3,21.7,21.3,21.3,21.1,20.8,20.7,20.6,21.4,22.7,23.8,24.8,26.1,27.1,28.1,29.0,27.8,27.2,26.6,26.0,25.2,24.4,23.8,23.2,22.7,22.5,22.2,22.1,21.9,21.9,20.7,19.9,20.5,20.9,20.9,21.3,21.7,22.0,22.2,22.7,23.3,23.6,23.8,23.9,23.9,23.5,23.2,22.8,22.7,22.4,22.1,21.7,21.3,21.2,21.1,20.9,20.5,20.0,19.5,18.9,18.5,18.8,19.0,18.7,18.3,18.1,17.9,17.8,17.8,17.8,17.8,17.8,17.7,17.5,17.3,17.1,17.3,17.4,17.4,17.5,17.3,17.6,19.5,21.4,23.3,23.9,25.0,25.8,26.2,26.1,25.1,23.2,22.1,21.2,20.6,20.4
610,22.3,21.7,21.3,21.3,21.1,20.8,20.7,20.6,21.4,22.7,23.8,24.8,26.1,27.1,28.1,29.0,27.8,27.2,26.6,26.0,25.2,24.4,23.8,23.2,22.7,22.5,22.2,22.1,21.9,21.9,20.7,19.9,20.5,20.9,20.9,21.3,21.7,22.0,22.2,22.7,23.3,23.6,23.8,23.9,23.9,23.5,23.2,22.8,22.7,22.4,22.1,21.7,21.3,21.2,21.1,20.9,20.5,20.0,19.5,18.9,18.5,18.8,19.0,18.7,18.3,18.1,17.9,17.8,17.8,17.8,17.8,17.8,17.7,17.5,17.3,17.1,17.3,17.4,17.4,17.5,17.3,17.6,19.5,21.4,23.3,23.9,25.0,25.8,26.2,26.1,25.1,23.2,22.1,21.2,20.6,20.4,20.7,20.7,20.7,20.5,19.9,19.1,18.6,18.0,19.3,21.6,23.6,24.5,25.9,26.6,27.3,27.8,27.8,27.1,26.1,24.3,22.9,21.9,21.3,20.9
611,22.7,22.5,22.2,22.1,21.9,21.9,20.7,19.9,20.5,20.9,20.9,21.3,21.7,22.0,22.2,22.7,23.3,23.6,23.8,23.9,23.9,23.5,23.2,22.8,22.7,22.4,22.1,21.7,21.3,21.2,21.1,20.9,20.5,20.0,19.5,18.9,18.5,18.8,19.0,18.7,18.3,18.1,17.9,17.8,17.8,17.8,17.8,17.8,17.7,17.5,17.3,17.1,17.3,17.4,17.4,17.5,17.3,17.6,19.5,21.4,23.3,23.9,25.0,25.8,26.2,26.1,25.1,23.2,22.1,21.2,20.6,20.4,20.7,20.7,20.7,20.5,19.9,19.1,18.6,18.0,19.3,21.6,23.6,24.5,25.9,26.6,27.3,27.8,27.8,27.1,26.1,24.3,22.9,21.9,21.3,20.9,20.2,19.7,19.2,18.5,17.9,17.4,16.9,16.8,18.6,21.2,23.4,24.5,26.4,27.3,28.2,29.0,29.4,29.2,28.0,25.9,24.8,24.0,23.0,22.4
612,22.7,22.4,22.1,21.7,21.3,21.2,21.1,20.9,20.5,20.0,19.5,18.9,18.5,18.8,19.0,18.7,18.3,18.1,17.9,17.8,17.8,17.8,17.8,17.8,17.7,17.5,17.3,17.1,17.3,17.4,17.4,17.5,17.3,17.6,19.5,21.4,23.3,23.9,25.0,25.8,26.2,26.1,25.1,23.2,22.1,21.2,20.6,20.4,20.7,20.7,20.7,20.5,19.9,19.1,18.6,18.0,19.3,21.6,23.6,24.5,25.9,26.6,27.3,27.8,27.8,27.1,26.1,24.3,22.9,21.9,21.3,20.9,20.2,19.7,19.2,18.5,17.9,17.4,16.9,16.8,18.6,21.2,23.4,24.5,26.4,27.3,28.2,29.0,29.4,29.2,28.0,25.9,24.8,24.0,23.0,22.4,21.9,21.4,20.7,20.1,19.8,19.2,19.0,18.9,20.6,22.0,24.7,26.4,27.5,28.8,29.5,30.2,30.5,29.9,28.7,27.0,25.5,24.4,23.8,23.1
613,17.7,17.5,17.3,17.1,17.3,17.4,17.4,17.5,17.3,17.6,19.5,21.4,23.3,23.9,25.0,25.8,26.2,26.1,25.1,23.2,22.1,21.2,20.6,20.4,20.7,20.7,20.7,20.5,19.9,19.1,18.6,18.0,19.3,21.6,23.6,24.5,25.9,26.6,27.3,27.8,27.8,27.1,26.1,24.3,22.9,21.9,21.3,20.9,20.2,19.7,19.2,18.5,17.9,17.4,16.9,16.8,18.6,21.2,23.4,24.5,26.4,27.3,28.2,29.0,29.4,29.2,28.0,25.9,24.8,24.0,23.0,22.4,21.9,21.4,20.7,20.1,19.8,19.2,19.0,18.9,20.6,22.0,24.7,26.4,27.5,28.8,29.5,30.2,30.5,29.9,28.7,27.0,25.5,24.4,23.8,23.1,22.7,22.2,21.1,20.7,19.9,19.6,19.2,19.1,19.8,20.6,21.9,24.8,25.5,27.0,26.9,27.8,28.1,27.8,26.9,25.9,24.8,24.5,24.1,23.7
614,20.7,20.7,20.7,20.5,19.9,19.1,18.6,18.0,19.3,21.6,23.6,24.5,25.9,26.6,27.3,27.8,27.8,27.1,26.1,24.3,22.9,21.9,21.3,20.9,20.2,19.7,19.2,18.5,17.9,17.4,16.9,16.8,18.6,21.2,23.4,24.5,26.4,27.3,28.2,29.0,29.4,29.2,28.0,25.9,24.8,24.0,23.0,22.4,21.9,21.4,20.7,20.1,19.8,19.2,19.0,18.9,20.6,22.0,24.7,26.4,27.5,28.8,29.5,30.2,30.5,29.9,28.7,27.0,25.5,24.4,23.8,23.1,22.7,22.2,21.1,20.7,19.9,19.6,19.2,19.1,19.8,20.6,21.9,24.8,25.5,27.0,26.9,27.8,28.1,27.8,26.9,25.9,24.8,24.5,24.1,23.7,23.2,22.7,22.3,22.0,21.8,21.4,20.9,20.6,21.9,23.3,24.9,25.3,25.2,25.7,26.4,25.9,25.4,24.9,24.3,23.3,22.9,22.7,22.2,22.0
615,20.2,19.7,19.2,18.5,17.9,17.4,16.9,16.8,18.6,21.2,23.4,24.5,26.4,27.3,28.2,29.0,29.4,29.2,28.0,25.9,24.8,24.0,23.0,22.4,21.9,21.4,20.7,20.1,19.8,19.2,19.0,18.9,20.6,22.0,24.7,26.4,27.5,28.8,29.5,30.2,30.5,29.9,28.7,27.0,25.5,24.4,23.8,23.1,22.7,22.2,21.1,20.7,19.9,19.6,19.2,19.1,19.8,20.6,21.9,24.8,25.5,27.0,26.9,27.8,28.1,27.8,26.9,25.9,24.8,24.5,24.1,23.7,23.2,22.7,22.3,22.0,21.8,21.4,20.9,20.6,21.9,23.3,24.9,25.3,25.2,25.7,26.4,25.9,25.4,24.9,24.3,23.3,22.9,22.7,22.2,22.0,21.9,21.7,21.4,21.0,20.8,20.6,20.3,20.5,20.9,22.6,25.0,26.0,26.6,27.1,27.3,27.1,27.2,26.6,25.7,25.0,24.5,24.0,23.7,23.3
616,21.9,21.4,20.7,20.1,19.8,19.2,19.0,18.9,20.6,22.0,24.7,26.4,27.5,28.8,29.5,30.2,30.5,29.9,28.7,27.0,25.5,24.4,23.8,23.1,22.7,22.2,21.1,20.7,19.9,19.6,19.2,19.1,19.8,20.6,21.9,24.8,25.5,27.0,26.9,27.8,28.1,27.8,26.9,25.9,24.8,24.5,24.1,23.7,23.2,22.7,22.3,22.0,21.8,21.4,20.9,20.6,21.9,23.3,24.9,25.3,25.2,25.7,26.4,25.9,25.4,24.9,24.3,23.3,22.9,22.7,22.2,22.0,21.9,21.7,21.4,21.0,20.8,20.6,20.3,20.5,20.9,22.6,25.0,26.0,26.6,27.1,27.3,27.1,27.2,26.6,25.7,25.0,24.5,24.0,23.7,23.3,23.0,22.7,22.5,22.2,22.1,22.1,21.9,21.8,22.2,23.2,24.5,25.6,25.8,26.1,26.3,26.2,26.1,26.0,25.7,25.3,25.2,25.0,24.7,24.5
617,22.7,22.2,21.1,20.7,19.9,19.6,19.2,19.1,19.8,20.6,21.9,24.8,25.5,27.0,26.9,27.8,28.1,27.8,26.9,25.9,24.8,24.5,24.1,23.7,23.2,22.7,22.3,22.0,21.8,21.4,20.9,20.6,21.9,23.3,24.9,25.3,25.2,25.7,26.4,25.9,25.4,24.9,24.3,23.3,22.9,22.7,22.2,22.0,21.9,21.7,21.4,21.0,20.8,20.6,20.3,20.5,20.9,22.6,25.0,26.0,26.6,27.1,27.3,27.1,27.2,26.6,25.7,25.0,24.5,24.0,23.7,23.3,23.0,22.7,22.5,22.2,22.1,22.1,21.9,21.8,22.2,23.2,24.5,25.6,25.8,26.1,26.3,26.2,26.1,26.0,25.7,25.3,25.2,25.0,24.7,24.5,24.2,24.0,23.8,23.9,23.7,23.4,23.2,23.3,23.9,24.5,24.7,25.3,26.1,27.2,27.8,27.5,26.7,25.9,25.2,24.4,23.8,23.3,23.0,22.9
618,23.2,22.7,22.3,22.0,21.8,21.4,20.9,20.6,21.9,23.3,24.9,25.3,25.2,25.7,26.4,25.9,25.4,24.9,24.3,23.3,22.9,22.7,22.2,22.0,21.9,21.7,21.4,21.0,20.8,20.6,20.3,20.5,20.9,22.6,25.0,26.0,26.6,27.1,27.3,27.1,27.2,26.6,25.7,25.0,24.5,24.0,23.7,23.3,23.0,22.7,22.5,22.2,22.1,22.1,21.9,21.8,22.2,23.2,24.5,25.6,25.8,26.1,26.3,26.2,26.1,26.0,25.7,25.3,25.2,25.0,24.7,24.5,24.2,24.0,23.8,23.9,23.7,23.4,23.2,23.3,23.9,24.5,24.7,25.3,26.1,27.2,27.8,27.5,26.7,25.9,25.2,24.4,23.8,23.3,23.0,22.9,22.7,22.6,22.5,22.4,22.1,22.1,22.1,22.3,23.3,24.4,25.5,26.9,26.8,27.1,27.5,28.0,28.2,27.8,27.1,26.7,26.3,26.0,25.6,25.3
619,21.9,21.7,21.4,21.0,20.8,20.6,20.3,20.5,20.9,22.6,25.0,26.0,26.6,27.1,27.3,27.1,27.2,26.6,25.7,25.0,24.5,24.0,23.7,23.3,23.0,22.7,22.5,22.2,22.1,22.1,21.9,21.8,22.2,23.2,24.5,25.6,25.8,26.1,26.3,26.2,26.1,26.0,25.7,25.3,25.2,25.0,24.7,24.5,24.2,24.0,23.8,23.9,23.7,23.4,23.2,23.3,23.9,24.5,24.7,25.3,26.1,27.2,27.8,27.5,26.7,25.9,25.2,24.4,23.8,23.3,23.0,22.9,22.7,22.6,22.5,22.4,22.1,22.1,22.1,22.3,23.3,24.4,25.5,26.9,26.8,27.1,27.5,28.0,28.2,27.8,27.1,26.7,26.3,26.0,25.6,25.3,24.7,24.6,23.9,23.7,23.6,23.6,23.5,23.5,23.8,24.8,26.4,27.8,29.1,29.2,29.2,29.3,29.4,26.4,26.0,25.8,25.6,25.5,25.3,25.1
620,23.0,22.7,22.5,22.2,22.1,22.1,21.9,21.8,22.2,23.2,24.5,25.6,25.8,26.1,26.3,26.2,26.1,26.0,25.7,25.3,25.2,25.0,24.7,24.5,24.2,24.0,23.8,23.9,23.7,23.4,23.2,23.3,23.9,24.5,24.7,25.3,26.1,27.2,27.8,27.5,26.7,25.9,25.2,24.4,23.8,23.3,23.0,22.9,22.7,22.6,22.5,22.4,22.1,22.1,22.1,22.3,23.3,24.4,25.5,26.9,26.8,27.1,27.5,28.0,28.2,27.8,27.1,26.7,26.3,26.0,25.6,25.3,24.7,24.6,23.9,23.7,23.6,23.6,23.5,23.5,23.8,24.8,26.4,27.8,29.1,29.2,29.2,29.3,29.4,26.4,26.0,25.8,25.6,25.5,25.3,25.1,23.9,23.5,23.5,23.5,23.6,23.5,23.3,23.5,23.7,24.0,24.4,25.7,26.1,26.9,28.1,28.8,28.9,29.1,28.8,27.3,26.5,25.7,25.2,24.8
621,24.2,24.0,23.8,23.9,23.7,23.4,23.2,23.3,23.9,24.5,24.7,25.3,26.1,27.2,27.8,27.5,26.7,25.9,25.2,24.4,23.8,23.3,23.0,22.9,22.7,22.6,22.5,22.4,22.1,22.1,22.1,22.3,23.3,24.4,25.5,26.9,26.8,27.1,27.5,28.0,28.2,27.8,27.1,26.7,26.3,26.0,25.6,25.3,24.7,24.6,23.9,23.7,23.6,23.6,23.5,23.5,23.8,24.8,26.4,27.8,29.1,29.2,29.2,29.3,29.4,26.4,26.0,25.8,25.6,25.5,25.3,25.1,23.9,23.5,23.5,23.5,23.6,23.5,23.3,23.5,23.7,24.0,24.4,25.7,26.1,26.9,28.1,28.8,28.9,29.1,28.8,27.3,26.5,25.7,25.2,24.8,24.4,24.0,23.8,23.5,23.4,23.2,23.1,23.0,23.9,25.0,26.0,26.8,28.1,30.0,31.2,32.0,32.4,32.1,31.3,29.5,28.3,27.7,26.9,26.2
622,22.7,22.6,22.5,22.4,22.1,22.1,22.1,22.3,23.3,24.4,25.5,26.9,26.8,27.1,27.5,28.0,28.2,27.8,27.1,26.7,26.3,26.0,25.6,25.3,24.7,24.6,23.9,23.7,23.6,23.6,23.5,23.5,23.8,24.8,26.4,27.8,29.1,29.2,29.2,29.3,29.4,26.4,26.0,25.8,25.6,25.5,25.3,25.1,23.9,23.5,23.5,23.5,23.6,23.5,23.3,23.5,23.7,24.0,24.4,25.7,26.1,26.9,28.1,28.8,28.9,29.1,28.8,27.3,26.5,25.7,25.2,24.8,24.4,24.0,23.8,23.5,23.4,23.2,23.1,23.0,23.9,25.0,26.0,26.8,28.1,30.0,31.2,32.0,32.4,32.1,31.3,29.5,28.3,27.7,26.9,26.2,25.9,25.3,24.9,24.4,24.0,23.8,23.9,23.9,25.0,25.4,26.3,28.1,29.2,29.4,29.0,28.0,26.9,26.1,24.2,23.2,22.5,22.1,21.3,20.4
623,24.7,24.6,23.9,23.7,23.6,23.6,23.5,23.5,23.8,24.8,26.4,27.8,29.1,29.2,29.2,29.3,29.4,26.4,26.0,25.8,25.6,25.5,25.3,25.1,23.9,23.5,23.5,23.5,23.6,23.5,23.3,23.5,23.7,24.0,24.4,25.7,26.1,26.9,28.1,28.8,28.9,29.1,28.8,27.3,26.5,25.7,25.2,24.8,24.4,24.0,23.8,23.5,23.4,23.2,23.1,23.0,23.9,25.0,26.0,26.8,28.1,30.0,31.2,32.0,32.4,32.1,31.3,29.5,28.3,27.7,26.9,26.2,25.9,25.3,24.9,24.4,24.0,23.8,23.9,23.9,25.0,25.4,26.3,28.1,29.2,29.4,29.0,28.0,26.9,26.1,24.2,23.2,22.5,22.1,21.3,20.4,19.5,18.8,18.1,17.6,17.0,16.6,16.2,16.2,18.2,19.8,21.4,22.1,22.9,23.1,23.1,24.3,24.0,23.8,22.5,20.9,19.9,19.2,18.7,17.6
624,23.9,23.5,23.5,23.5,23.6,23.5,23.3,23.5,23.7,24.0,24.4,25.7,26.1,26.9,28.1,28.8,28.9,29.1,28.8,27.3,26.5,25.7,25.2,24.8,24.4,24.0,23.8,23.5,23.4,23.2,23.1,23.0,23.9,25.0,26.0,26.8,28.1,30.0,31.2,32.0,32.4,32.1,31.3,29.5,28.3,27.7,26.9,26.2,25.9,25.3,24.9,24.4,24.0,23.8,23.9,23.9,25.0,25.4,26.3,28.1,29.2,29.4,29.0,28.0,26.9,26.1,24.2,23.2,22.5,22.1,21.3,20.4,19.5,18.8,18.1,17.6,17.0,16.6,16.2,16.2,18.2,19.8,21.4,22.1,22.9,23.1,23.1,24.3,24.0,23.8,22.5,20.9,19.9,19.2,18.7,17.6,16.6,16.2,15.5,14.8,14.3,13.6,13.2,13.3,15.8,18.4,20.4,22.1,23.2,24.0,24.9,25.3,25.1,24.3,22.8,21.8,20.9,19.7,19.0,18.3
625,24.4,24.0,23.8,23.5,23.4,23.2,23.1,23.0,23.9,25.0,26.0,26.8,28.1,30.0,31.2,32.0,32.4,32.1,31.3,29.5,28.3,27.7,26.9,26.2,25.9,25.3,24.9,24.4,24.0,23.8,23.9,23.9,25.0,25.4,26.3,28.1,29.2,29.4,29.0,28.0,26.9,26.1,24.2,23.2,22.5,22.1,21.3,20.4,19.5,18.8,18.1,17.6,17.0,16.6,16.2,16.2,18.2,19.8,21.4,22.1,22.9,23.1,23.1,24.3,24.0,23.8,22.5,20.9,19.9,19.2,18.7,17.6,16.6,16.2,15.5,14.8,14.3,13.6,13.2,13.3,15.8,18.4,20.4,22.1,23.2,24.0,24.9,25.3,25.1,24.3,22.8,21.8,20.9,19.7,19.0,18.3,17.5,17.1,16.4,15.7,15.2,14.7,14.4,14.4,15.9,18.3,20.2,21.6,22.6,23.2,23.8,24.6,24.0,23.8,22.8,22.0,21.3,20.5,20.1,19.7
626,25.9,25.3,24.9,24.4,24.0,23.8,23.9,23.9,25.0,25.4,26.3,28.1,29.2,29.4,29.0,28.0,26.9,26.1,24.2,23.2,22.5,22.1,21.3,20.4,19.5,18.8,18.1,17.6,17.0,16.6,16.2,16.2,18.2,19.8,21.4,22.1,22.9,23.1,23.1,24.3,24.0,23.8,22.5,20.9,19.9,19.2,18.7,17.6,16.6,16.2,15.5,14.8,14.3,13.6,13.2,13.3,15.8,18.4,20.4,22.1,23.2,24.0,24.9,25.3,25.1,24.3,22.8,21.8,20.9,19.7,19.0,18.3,17.5,17.1,16.4,15.7,15.2,14.7,14.4,14.4,15.9,18.3,20.2,21.6,22.6,23.2,23.8,24.6,24.0,23.8,22.8,22.0,21.3,20.5,20.1,19.7,19.3,18.5,17.7,17.0,16.3,15.9,15.6,15.5,17.3,20.0,21.3,21.5,18.4,19.7,20.3,19.9,20.0,19.3,18.2,17.4,16.8,16.2,15.6,15.2
627,19.5,18.8,18.1,17.6,17.0,16.6,16.2,16.2,18.2,19.8,21.4,22.1,22.9,23.1,23.1,24.3,24.0,23.8,22.5,20.9,19.9,19.2,18.7,17.6,16.6,16.2,15.5,14.8,14.3,13.6,13.2,13.3,15.8,18.4,20.4,22.1,23.2,24.0,24.9,25.3,25.1,24.3,22.8,21.8,20.9,19.7,19.0,18.3,17.5,17.1,16.4,15.7,15.2,14.7,14.4,14.4,15.9,18.3,20.2,21.6,22.6,23.2,23.8,24.6,24.0,23.8,22.8,22.0,21.3,20.5,20.1,19.7,19.3,18.5,17.7,17.0,16.3,15.9,15.6,15.5,17.3,20.0,21.3,21.5,18.4,19.7,20.3,19.9,20.0,19.3,18.2,17.4,16.8,16.2,15.6,15.2,14.7,14.2,13.7,13.1,13.0,12.7,12.5,12.4,14.2,16.8,18.7,20.4,21.5,22.6,23.3,24.1,24.0,23.8,22.1,20.7,20.0,19.3,18.8,18.5
628,16.6,16.2,15.5,14.8,14.3,13.6,13.2,13.3,15.8,18.4,20.4,22.1,23.2,24.0,24.9,25.3,25.1,24.3,22.8,21.8,20.9,19.7,19.0,18.3,17.5,17.1,16.4,15.7,15.2,14.7,14.4,14.4,15.9,18.3,20.2,21.6,22.6,23.2,23.8,24.6,24.0,23.8,22.8,22.0,21.3,20.5,20.1,19.7,19.3,18.5,17.7,17.0,16.3,15.9,15.6,15.5,17.3,20.0,21.3,21.5,18.4,19.7,20.3,19.9,20.0,19.3,18.2,17.4,16.8,16.2,15.6,15.2,14.7,14.2,13.7,13.1,13.0,12.7,12.5,12.4,14.2,16.8,18.7,20.4,21.5,22.6,23.3,24.1,24.0,23.8,22.1,20.7,20.0,19.3,18.8,18.5,18.3,17.9,16.9,16.6,16.4,15.9,15.4,15.4,15.9,17.0,19.0,20.7,22.2,23.9,24.8,25.0,24.9,24.6,23.2,21.4,20.4,19.7,19.1,18.5
629,17.5,17.1,16.4,15.7,15.2,14.7,14.4,14.4,15.9,18.3,20.2,21.6,22.6,23.2,23.8,24.6,24.0,23.8,22.8,22.0,21.3,20.5,20.1,19.7,19.3,18.5,17.7,17.0,16.3,15.9,15.6,15.5,17.3,20.0,21.3,21.5,18.4,19.7,20.3,19.9,20.0,19.3,18.2,17.4,16.8,16.2,15.6,15.2,14.7,14.2,13.7,13.1,13.0,12.7,12.5,12.4,14.2,16.8,18.7,20.4,21.5,22.6,23.3,24.1,24.0,23.8,22.1,20.7,20.0,19.3,18.8,18.5,18.3,17.9,16.9,16.6,16.4,15.9,15.4,15.4,15.9,17.0,19.0,20.7,22.2,23.9,24.8,25.0,24.9,24.6,23.2,21.4,20.4,19.7,19.1,18.5,18.0,17.4,16.9,16.6,16.2,15.7,15.3,14.9,15.7,17.7,20.1,21.7,23.2,23.8,24.3,25.3,25.3,24.9,23.5,22.0,20.9,20.1,19.4,18.8
630,19.3,18.5,17.7,17.0,16.3,15.9,15.6,15.5,17.3,20.0,21.3,21.5,18.4,19.7,20.3,19.9,20.0,19.3,18.2,17.4,16.8,16.2,15.6,15.2,14.7,14.2,13.7,13.1,13.0,12.7,12.5,12.4,14.2,16.8,18.7,20.4,21.5,22.6,23.3,24.1,24.0,23.8,22.1,20.7,20.0,19.3,18.8,18.5,18.3,17.9,16.9,16.6,16.4,15.9,15.4,15.4,15.9,17.0,19.0,20.7,22.2,23.9,24.8,25.0,24.9,24.6,23.2,21.4,20.4,19.7,19.1,18.5,18.0,17.4,16.9,16.6,16.2,15.7,15.3,14.9,15.7,17.7,20.1,21.7,23.2,23.8,24.3,25.3,25.3,24.9,23.5,22.0,20.9,20.1,19.4,18.8,18.4,17.5,16.6,16.1,15.5,14.9,14.4,14.1,15.7,18.5,19.9,22.8,24.4,26.3,26.9,27.6,27.7,27.4,25.8,23.3,22.4,21.3,20.3,19.3
631,14.7,14.2,13.7,13.1,13.0,12.7,12.5,12.4,14.2,16.8,18.7,20.4,21.5,22.6,23.3,24.1,24.0,23.8,22.1,20.7,20.0,19.3,18.8,18.5,18.3,17.9,16.9,16.6,16.4,15.9,15.4,15.4,15.9,17.0,19.0,20.7,22.2,23.9,24.8,25.0,24.9,24.6,23.2,21.4,20.4,19.7,19.1,18.5,18.0,17.4,16.9,16.6,16.2,15.7,15.3,14.9,15.7,17.7,20.1,21.7,23.2,23.8,24.3,25.3,25.3,24.9,23.5,22.0,20.9,20.1,19.4,18.8,18.4,17.5,16.6,16.1,15.5,14.9,14.4,14.1,15.7,18.5,19.9,22.8,24.4,26.3,26.9,27.6,27.7,27.4,25.8,23.3,22.4,21.3,20.3,19.3,18.9,18.1,17.6,17.2,16.7,16.3,16.3,16.5,17.5,18.4,19.4,20.7,22.0,23.2,24.3,25.6,25.8,25.7,23.9,22.6,21.7,20.7,20.2,19.7
632,18.3,17.9,16.9,16.6,16.4,15.9,15.4,15.4,15.9,17.0,19.0,20.7,22.2,23.9,24.8,25.0,24.9,24.6,23.2,21.4,20.4,19.7,19.1,18.5,18.0,17.4,16.9,16.6,16.2,15.7,15.3,14.9,15.7,17.7,20.1,21.7,23.2,23.8,24.3,25.3,25.3,24.9,23.5,22.0,20.9,20.1,19.4,18.8,18.4,17.5,16.6,16.1,15.5,14.9,14.4,14.1,15.7,18.5,19.9,22.8,24.4,26.3,26.9,27.6,27.7,27.4,25.8,23.3,22.4,21.3,20.3,19.3,18.9,18.1,17.6,17.2,16.7,16.3,16.3,16.5,17.5,18.4,19.4,20.7,22.0,23.2,24.3,25.6,25.8,25.7,23.9,22.6,21.7,20.7,20.2,19.7,19.0,18.4,17.9,17.4,17.0,16.6,16.5,16.6,17.3,18.1,19.6,21.7,23.4,24.8,25.9,26.0,26.3,25.7,23.6,21.7,20.6,20.1,19.4,18.6
633,18.0,17.4,16.9,16.6,16.2,15.7,15.3,14.9,15.7,17.7,20.1,21.7,23.2,23.8,24.3,25.3,25.3,24.9,23.5,22.0,20.9,20.1,19.4,18.8,18.4,17.5,16.6,16.1,15.5,14.9,14.4,14.1,15.7,18.5,19.9,22.8,24.4,26.3,26.9,27.6,27.7,27.4,25.8,23.3,22.4,21.3,20.3,19.3,18.9,18.1,17.6,17.2,16.7,16.3,16.3,16.5,17.5,18.4,19.4,20.7,22.0,23.2,24.3,25.6,25.8,25.7,23.9,22.6,21.7,20.7,20.2,19.7,19.0,18.4,17.9,17.4,17.0,16.6,16.5,16.6,17.3,18.1,19.6,21.7,23.4,24.8,25.9,26.0,26.3,25.7,23.6,21.7,20.6,20.1,19.4,18.6,18.0,17.6,17.1,16.5,16.2,15.6,15.2,14.9,15.9,18.4,21.1,22.6,24.5,26.2,26.8,27.0,27.7,27.0,25.0,23.2,21.8,20.7,19.8,19.3
634,18.4,17.5,16.6,16.1,15.5,14.9,14.4,14.1,15.7,18.5,19.9,22.8,24.4,26.3,26.9,27.6,27.7,27.4,25.8,23.3,22.4,21.3,20.3,19.3,18.9,18.1,17.6,17.2,16.7,16.3,16.3,16.5,17.5,18.4,19.4,20.7,22.0,23.2,24.3,25.6,25.8,25.7,23.9,22.6,21.7,20.7,20.2,19.7,19.0,18.4,17.9,17.4,17.0,16.6,16.5,16.6,17.3,18.1,19.6,21.7,23.4,24.8,25.9,26.0,26.3,25.7,23.6,21.7,20.6,20.1,19.4,18.6,18.0,17.6,17.1,16.5,16.2,15.6,15.2,14.9,15.9,18.4,21.1,22.6,24.5,26.2,26.8,27.0,27.7,27.0,25.0,23.2,21.8,20.7,19.8,19.3,18.5,17.7,17.2,16.4,16.1,15.3,14.9,14.4,15.9,18.5,20.7,23.1,25.0,26.6,27.5,27.1,26.2,25.1,24.1,22.9,22.2,21.7,21.0,20.8
635,18.9,18.1,17.6,17.2,16.7,16.3,16.3,16.5,17.5,18.4,19.4,20.7,22.0,23.2,24.3,25.6,25.8,25.7,23.9,22.6,21.7,20.7,20.2,19.7,19.0,18.4,17.9,17.4,17.0,16.6,16.5,16.6,17.3,18.1,19.6,21.7,23.4,24.8,25.9,26.0,26.3,25.7,23.6,21.7,20.6,20.1,19.4,18.6,18.0,17.6,17.1,16.5,16.2,15.6,15.2,14.9,15.9,18.4,21.1,22.6,24.5,26.2,26.8,27.0,27.7,27.0,25.0,23.2,21.8,20.7,19.8,19.3,18.5,17.7,17.2,16.4,16.1,15.3,14.9,14.4,15.9,18.5,20.7,23.1,25.0,26.6,27.5,27.1,26.2,25.1,24.1,22.9,22.2,21.7,21.0,20.8,19.6,19.0,18.8,19.2,19.4,19.5,19.5,19.2,18.9,19.2,20.0,20.5,20.9,21.4,21.3,21.1,21.4,21.4,19.8,18.5,17.9,17.7,17.4,17.3
636,19.0,18.4,17.9,17.4,17.0,16.6,16.5,16.6,17.3,18.1,19.6,21.7,23.4,24.8,25.9,26.0,26.3,25.7,23.6,21.7,20.6,20.1,19.4,18.6,18.0,17.6,17.1,16.5,16.2,15.6,15.2,14.9,15.9,18.4,21.1,22.6,24.5,26.2,26.8,27.0,27.7,27.0,25.0,23.2,21.8,20.7,19.8,19.3,18.5,17.7,17.2,16.4,16.1,15.3,14.9,14.4,15.9,18.5,20.7,23.1,25.0,26.6,27.5,27.1,26.2,25.1,24.1,22.9,22.2,21.7,21.0,20.8,19.6,19.0,18.8,19.2,19.4,19.5,19.5,19.2,18.9,19.2,20.0,20.5,20.9,21.4,21.3,21.1,21.4,21.4,19.8,18.5,17.9,17.7,17.4,17.3,17.5,17.7,17.9,18.0,18.2,18.4,18.6,18.9,19.2,19.6,20.1,20.6,22.3,22.6,22.9,22.9,23.0,23.2,23.2,23.3,23.3,23.2,23.1,22.8
637,18.0,17.6,17.1,16.5,16.2,15.6,15.2,14.9,15.9,18.4,21.1,22.6,24.5,26.2,26.8,27.0,27.7,27.0,25.0,23.2,21.8,20.7,19.8,19.3,18.5,17.7,17.2,16.4,16.1,15.3,14.9,14.4,15.9,18.5,20.7,23.1,25.0,26.6,27.5,27.1,26.2,25.1,24.1,22.9,22.2,21.7,21.0,20.8,19.6,19.0,18.8,19.2,19.4,19.5,19.5,19.2,18.9,19.2,20.0,20.5,20.9,21.4,21.3,21.1,21.4,21.4,19.8,18.5,17.9,17.7,17.4,17.3,17.5,17.7,17.9,18.0,18.2,18.4,18.6,18.9,19.2,19.6,20.1,20.6,22.3,22.6,22.9,22.9,23.0,23.2,23.2,23.3,23.3,23.2,23.1,22.8,23.0,22.4,21.8,21.3,20.5,20.2,19.7,18.4,17.3,17.1,17.1,17.4,18.3,18.8,19.1,19.1,18.9,18.2,17.4,16.9,16.4,15.7,15.0,14.4
638,18.5,17.7,17.2,16.4,16.1,15.3,14.9,14.4,15.9,18.5,20.7,23.1,25.0,26.6,27.5,27.1,26.2,25.1,24.1,22.9,22.2,21.7,21.0,20.8,19.6,19.0,18.8,19.2,19.4,19.5,19.5,19.2,18.9,19.2,20.0,20.5,20.9,21.4,21.3,21.1,21.4,21.4,19.8,18.5,17.9,17.7,17.4,17.3,17.5,17.7,17.9,18.0,18.2,18.4,18.6,18.9,19.2,19.6,20.1,20.6,22.3,22.6,22.9,22.9,23.0,23.2,23.2,23.3,23.3,23.2,23.1,22.8,23.0,22.4,21.8,21.3,20.5,20.2,19.7,18.4,17.3,17.1,17.1,17.4,18.3,18.8,19.1,19.1,18.9,18.2,17.4,16.9,16.4,15.7,15.0,14.4,14.2,14.1,14.1,14.5,14.4,14.2,14.2,14.3,14.7,15.4,16.9,18.5,18.9,20.7,20.2,21.3,20.6,19.3,17.7,17.1,16.7,15.9,15.2,14.9
639,19.6,19.0,18.8,19.2,19.4,19.5,19.5,19.2,18.9,19.2,20.0,20.5,20.9,21.4,21.3,21.1,21.4,21.4,19.8,18.5,17.9,17.7,17.4,17.3,17.5,17.7,17.9,18.0,18.2,18.4,18.6,18.9,19.2,19.6,20.1,20.6,22.3,22.6,22.9,22.9,23.0,23.2,23.2,23.3,23.3,23.2,23.1,22.8,23.0,22.4,21.8,21.3,20.5,20.2,19.7,18.4,17.3,17.1,17.1,17.4,18.3,18.8,19.1,19.1,18.9,18.2,17.4,16.9,16.4,15.7,15.0,14.4,14.2,14.1,14.1,14.5,14.4,14.2,14.2,14.3,14.7,15.4,16.9,18.5,18.9,20.7,20.2,21.3,20.6,19.3,17.7,17.1,16.7,15.9,15.2,14.9,14.6,14.4,14.2,14.1,13.8,13.4,13.1,12.8,13.2,14.9,15.6,17.2,17.9,18.4,18.7,18.7,18.3,17.6,17.1,16.4,16.0,15.6,15.3,15.0
640,17.5,17.7,17.9,18.0,18.2,18.4,18.6,18.9,19.2,19.6,20.1,20.6,22.3,22.6,22.9,22.9,23.0,23.2,23.2,23.3,23.3,23.2,23.1,22.8,23.0,22.4,21.8,21.3,20.5,20.2,19.7,18.4,17.3,17.1,17.1,17.4,18.3,18.8,19.1,19.1,18.9,18.2,17.4,16.9,16.4,15.7,15.0,14.4,14.2,14.1,14.1,14.5,14.4,14.2,14.2,14.3,14.7,15.4,16.9,18.5,18.9,20.7,20.2,21.3,20.6,19.3,17.7,17.1,16.7,15.9,15.2,14.9,14.6,14.4,14.2,14.1,13.8,13.4,13.1,12.8,13.2,14.9,15.6,17.2,17.9,18.4,18.7,18.7,18.3,17.6,17.1,16.4,16.0,15.6,15.3,15.0,14.8,14.6,14.1,13.4,12.5,11.9,11.5,11.0,11.5,12.5,14.2,15.2,16.2,16.9,17.3,18.3,18.2,18.3,16.7,15.5,15.0,14.1,13.1,12.3
641,23.0,22.4,21.8,21.3,20.5,20.2,19.7,18.4,17.3,17.1,17.1,17.4,18.3,18.8,19.1,19.1,18.9,18.2,17.4,16.9,16.4,15.7,15.0,14.4,14.2,14.1,14.1,14.5,14.4,14.2,14.2,14.3,14.7,15.4,16.9,18.5,18.9,20.7,20.2,21.3,20.6,19.3,17.7,17.1,16.7,15.9,15.2,14.9,14.6,14.4,14.2,14.1,13.8,13.4,13.1,12.8,13.2,14.9,15.6,17.2,17.9,18.4,18.7,18.7,18.3,17.6,17.1,16.4,16.0,15.6,15.3,15.0,14.8,14.6,14.1,13.4,12.5,11.9,11.5,11.0,11.5,12.5,14.2,15.2,16.2,16.9,17.3,18.3,18.2,18.3,16.7,15.5,15.0,14.1,13.1,12.3,12.0,12.0,12.0,11.9,11.7,11.4,11.2,11.2,12.4,14.6,16.3,17.8,18.9,18.7,20.5,21.4,20.9,19.6,18.7,17.2,16.0,15.4,15.1,14.6
642,14.2,14.1,14.1,14.5,14.4,14.2,14.2,14.3,14.7,15.4,16.9,18.5,18.9,20.7,20.2,21.3,20.6,19.3,17.7,17.1,16.7,15.9,15.2,14.9,14.6,14.4,14.2,14.1,13.8,13.4,13.1,12.8,13.2,14.9,15.6,17.2,17.9,18.4,18.7,18.7,18.3,17.6,17.1,16.4,16.0,15.6,15.3,15.0,14.8,14.6,14.1,13.4,12.5,11.9,11.5,11.0,11.5,12.5,14.2,15.2,16.2,16.9,17.3,18.3,18.2,18.3,16.7,15.5,15.0,14.1,13.1,12.3,12.0,12.0,12.0,11.9,11.7,11.4,11.2,11.2,12.4,14.6,16.3,17.8,18.9,18.7,20.5,21.4,20.9,19.6,18.7,17.2,16.0,15.4,15.1,14.6,14.3,14.3,14.4,14.3,13.9,14.1,14.0,14.0,14.0,14.0,14.2,14.0,13.7,13.8,13.6,13.6,13.6,13.6,13.5,13.0,11.1,11.0,10.8,10.9
643,14.6,14.4,14.2,14.1,13.8,13.4,13.1,12.8,13.2,14.9,15.6,17.2,17.9,18.4,18.7,18.7,18.3,17.6,17.1,16.4,16.0,15.6,15.3,15.0,14.8,14.6,14.1,13.4,12.5,11.9,11.5,11.0,11.5,12.5,14.2,15.2,16.2,16.9,17.3,18.3,18.2,18.3,16.7,15.5,15.0,14.1,13.1,12.3,12.0,12.0,12.0,11.9,11.7,11.4,11.2,11.2,12.4,14.6,16.3,17.8,18.9,18.7,20.5,21.4,20.9,19.6,18.7,17.2,16.0,15.4,15.1,14.6,14.3,14.3,14.4,14.3,13.9,14.1,14.0,14.0,14.0,14.0,14.2,14.0,13.7,13.8,13.6,13.6,13.6,13.6,13.5,13.0,11.1,11.0,10.8,10.9,10.9,10.9,10.6,10.2,10.1,10.1,9.9,9.4,9.3,9.7,10.1,11.0,11.3,10.6,11.3,11.7,9.9,10.2,9.4,8.7,8.4,8.2,8.4,8.5
644,14.8,14.6,14.1,13.4,12.5,11.9,11.5,11.0,11.5,12.5,14.2,15.2,16.2,16.9,17.3,18.3,18.2,18.3,16.7,15.5,15.0,14.1,13.1,12.3,12.0,12.0,12.0,11.9,11.7,11.4,11.2,11.2,12.4,14.6,16.3,17.8,18.9,18.7,20.5,21.4,20.9,19.6,18.7,17.2,16.0,15.4,15.1,14.6,14.3,14.3,14.4,14.3,13.9,14.1,14.0,14.0,14.0,14.0,14.2,14.0,13.7,13.8,13.6,13.6,13.6,13.6,13.5,13.0,11.1,11.0,10.8,10.9,10.9,10.9,10.6,10.2,10.1,10.1,9.9,9.4,9.3,9.7,10.1,11.0,11.3,10.6,11.3,11.7,9.9,10.2,9.4,8.7,8.4,8.2,8.4,8.5,8.5,7.9,7.6,7.4,7.6,7.8,7.8,7.6,7.7,9.0,10.7,12.3,13.2,15.0,15.5,16.3,16.1,15.9,14.4,13.3,12.2,11.5,10.7,10.0
645,12.0,12.0,12.0,11.9,11.7,11.4,11.2,11.2,12.4,14.6,16.3,17.8,18.9,18.7,20.5,21.4,20.9,19.6,18.7,17.2,16.0,15.4,15.1,14.6,14.3,14.3,14.4,14.3,13.9,14.1,14.0,14.0,14.0,14.0,14.2,14.0,13.7,13.8,13.6,13.6,13.6,13.6,13.5,13.0,11.1,11.0,10.8,10.9,10.9,10.9,10.6,10.2,10.1,10.1,9.9,9.4,9.3,9.7,10.1,11.0,11.3,10.6,11.3,11.7,9.9,10.2,9.4,8.7,8.4,8.2,8.4,8.5,8.5,7.9,7.6,7.4,7.6,7.8,7.8,7.6,7.7,9.0,10.7,12.3,13.2,15.0,15.5,16.3,16.1,15.9,14.4,13.3,12.2,11.5,10.7,10.0,9.5,9.0,8.5,8.0,7.7,7.5,6.8,6.6,7.9,10.8,13.0,15.3,16.5,18.5,19.6,20.4,20.5,20.0,18.4,16.5,15.6,14.6,13.9,13.3
646,14.3,14.3,14.4,14.3,13.9,14.1,14.0,14.0,14.0,14.0,14.2,14.0,13.7,13.8,13.6,13.6,13.6,13.6,13.5,13.0,11.1,11.0,10.8,10.9,10.9,10.9,10.6,10.2,10.1,10.1,9.9,9.4,9.3,9.7,10.1,11.0,11.3,10.6,11.3,11.7,9.9,10.2,9.4,8.7,8.4,8.2,8.4,8.5,8.5,7.9,7.6,7.4,7.6,7.8,7.8,7.6,7.7,9.0,10.7,12.3,13.2,15.0,15.5,16.3,16.1,15.9,14.4,13.3,12.2,11.5,10.7,10.0,9.5,9.0,8.5,8.0,7.7,7.5,6.8,6.6,7.9,10.8,13.0,15.3,16.5,18.5,19.6,20.4,20.5,20.0,18.4,16.5,15.6,14.6,13.9,13.3,12.7,12.1,11.8,11.4,11.2,11.1,10.8,10.8,11.7,14.6,17.0,19.3,20.8,21.3,22.0,22.4,22.5,21.8,20.2,18.2,17.2,16.0,15.3,14.7
647,10.9,10.9,10.6,10.2,10.1,10.1,9.9,9.4,9.3,9.7,10.1,11.0,11.3,10.6,11.3,11.7,9.9,10.2,9.4,8.7,8.4,8.2,8.4,8.5,8.5,7.9,7.6,7.4,7.6,7.8,7.8,7.6,7.7,9.0,10.7,12.3,13.2,15.0,15.5,16.3,16.1,15.9,14.4,13.3,12.2,11.5,10.7,10.0,9.5,9.0,8.5,8.0,7.7,7.5,6.8,6.6,7.9,10.8,13.0,15.3,16.5,18.5,19.6,20.4,20.5,20.0,18.4,16.5,15.6,14.6,13.9,13.3,12.7,12.1,11.8,11.4,11.2,11.1,10.8,10.8,11.7,14.6,17.0,19.3,20.8,21.3,22.0,22.4,22.5,21.8,20.2,18.2,17.2,16.0,15.3,14.7,14.2,13.7,13.0,12.7,12.6,12.6,12.6,12.7,13.4,14.6,16.1,18.0,19.5,20.5,21.9,23.0,22.7,21.7,20.0,18.9,18.0,17.7,17.5,17.1
648,8.5,7.9,7.6,7.4,7.6,7.8,7.8,7.6,7.7,9.0,10.7,12.3,13.2,15.0,15.5,16.3,16.1,15.9,14.4,13.3,12.2,11.5,10.7,10.0,9.5,9.0,8.5,8.0,7.7,7.5,6.8,6.6,7.9,10.8,13.0,15.3,16.5,18.5,19.6,20.4,20.5,20.0,18.4,16.5,15.6,14.6,13.9,13.3,12.7,12.1,11.8,11.4,11.2,11.1,10.8,10.8,11.7,14.6,17.0,19.3,20.8,21.3,22.0,22.4,22.5,21.8,20.2,18.2,17.2,16.0,15.3,14.7,14.2,13.7,13.0,12.7,12.6,12.6,12.6,12.7,13.4,14.6,16.1,18.0,19.5,20.5,21.9,23.0,22.7,21.7,20.0,18.9,18.0,17.7,17.5,17.1,16.5,16.0,15.5,14.6,14.1,13.7,13.1,12.6,13.3,15.9,17.4,19.7,21.7,22.6,23.9,24.1,22.8,21.7,20.3,19.5,18.9,18.4,18.1,17.7
649,9.5,9.0,8.5,8.0,7.7,7.5,6.8,6.6,7.9,10.8,13.0,15.3,16.5,18.5,19.6,20.4,20.5,20.0,18.4,16.5,15.6,14.6,13.9,13.3,12.7,12.1,11.8,11.4,11.2,11.1,10.8,10.8,11.7,14.6,17.0,19.3,20.8,21.3,22.0,22.4,22.5,21.8,20.2,18.2,17.2,16.0,15.3,14.7,14.2,13.7,13.0,12.7,12.6,12.6,12.6,12.7,13.4,14.6,16.1,18.0,19.5,20.5,21.9,23.0,22.7,21.7,20.0,18.9,18.0,17.7,17.5,17.1,16.5,16.0,15.5,14.6,14.1,13.7,13.1,12.6,13.3,15.9,17.4,19.7,21.7,22.6,23.9,24.1,22.8,21.7,20.3,19.5,18.9,18.4,18.1,17.7,17.5,16.9,16.1,15.6,15.4,15.4,15.3,15.3,15.5,16.5,17.5,19.1,20.3,19.6,18.3,18.3,18.8,19.1,17.9,17.0,16.3,15.9,15.6,15.3
650,12.7,12.1,11.8,11.4,11.2,11.1,10.8,10.8,11.7,14.6,17.0,19.3,20.8,21.3,22.0,22.4,22.5,21.8,20.2,18.2,17.2,16.0,15.3,14.7,14.2,13.7,13.0,12.7,12.6,12.6,12.6,12.7,13.4,14.6,16.1,18.0,19.5,20.5,21.9,23.0,22.7,21.7,20.0,18.9,18.0,17.7,17.5,17.1,16.5,16.0,15.5,14.6,14.1,13.7,13.1,12.6,13.3,15.9,17.4,19.7,21.7,22.6,23.9,24.1,22.8,21.7,20.3,19.5,18.9,18.4,18.1,17.7,17.5,16.9,16.1,15.6,15.4,15.4,15.3,15.3,15.5,16.5,17.5,19.1,20.3,19.6,18.3,18.3,18.8,19.1,17.9,17.0,16.3,15.9,15.6,15.3,15.1,14.6,13.9,13.4,12.4,11.5,10.6,9.4,9.1,10.0,10.7,12.0,13.0,13.7,14.3,14.5,14.1,13.1,11.5,10.5,9.6,8.9,8.3,8.1
651,14.2,13.7,13.0,12.7,12.6,12.6,12.6,12.7,13.4,14.6,16.1,18.0,19.5,20.5,21.9,23.0,22.7,21.7,20.0,18.9,18.0,17.7,17.5,17.1,16.5,16.0,15.5,14.6,14.1,13.7,13.1,12.6,13.3,15.9,17.4,19.7,21.7,22.6,23.9,24.1,22.8,21.7,20.3,19.5,18.9,18.4,18.1,17.7,17.5,16.9,16.1,15.6,15.4,15.4,15.3,15.3,15.5,16.5,17.5,19.1,20.3,19.6,18.3,18.3,18.8,19.1,17.9,17.0,16.3,15.9,15.6,15.3,15.1,14.6,13.9,13.4,12.4,11.5,10.6,9.4,9.1,10.0,10.7,12.0,13.0,13.7,14.3,14.5,14.1,13.1,11.5,10.5,9.6,8.9,8.3,8.1,7.4,6.8,7.1,7.2,6.8,6.2,5.7,5.0,5.6,7.8,9.5,11.1,12.2,13.3,13.3,14.1,14.0,13.1,11.4,10.7,10.1,9.6,9.0,8.2
652,16.5,16.0,15.5,14.6,14.1,13.7,13.1,12.6,13.3,15.9,17.4,19.7,21.7,22.6,23.9,24.1,22.8,21.7,20.3,19.5,18.9,18.4,18.1,17.7,17.5,16.9,16.1,15.6,15.4,15.4,15.3,15.3,15.5,16.5,17.5,19.1,20.3,19.6,18.3,18.3,18.8,19.1,17.9,17.0,16.3,15.9,15.6,15.3,15.1,14.6,13.9,13.4,12.4,11.5,10.6,9.4,9.1,10.0,10.7,12.0,13.0,13.7,14.3,14.5,14.1,13.1,11.5,10.5,9.6,8.9,8.3,8.1,7.4,6.8,7.1,7.2,6.8,6.2,5.7,5.0,5.6,7.8,9.5,11.1,12.2,13.3,13.3,14.1,14.0,13.1,11.4,10.7,10.1,9.6,9.0,8.2,7.2,6.7,6.1,5.5,5.1,4.8,4.8,4.5,4.9,8.1,11.1,12.7,14.2,15.0,15.6,16.6,16.6,16.2,14.4,13.1,11.9,11.1,10.3,10.0
653,17.5,16.9,16.1,15.6,15.4,15.4,15.3,15.3,15.5,16.5,17.5,19.1,20.3,19.6,18.3,18.3,18.8,19.1,17.9,17.0,16.3,15.9,15.6,15.3,15.1,14.6,13.9,13.4,12.4,11.5,10.6,9.4,9.1,10.0,10.7,12.0,13.0,13.7,14.3,14.5,14.1,13.1,11.5,10.5,9.6,8.9,8.3,8.1,7.4,6.8,7.1,7.2,6.8,6.2,5.7,5.0,5.6,7.8,9.5,11.1,12.2,13.3,13.3,14.1,14.0,13.1,11.4,10.7,10.1,9.6,9.0,8.2,7.2,6.7,6.1,5.5,5.1,4.8,4.8,4.5,4.9,8.1,11.1,12.7,14.2,15.0,15.6,16.6,16.6,16.2,14.4,13.1,11.9,11.1,10.3,10.0,9.6,8.9,8.1,7.8,7.3,6.8,6.5,6.1,6.6,9.6,12.6,14.8,17.2,18.5,19.1,19.7,19.6,18.1,16.2,14.8,14.3,13.8,13.3,12.9
654,15.1,14.6,13.9,13.4,12.4,11.5,10.6,9.4,9.1,10.0,10.7,12.0,13.0,13.7,14.3,14.5,14.1,13.1,11.5,10.5,9.6,8.9,8.3,8.1,7.4,6.8,7.1,7.2,6.8,6.2,5.7,5.0,5.6,7.8,9.5,11.1,12.2,13.3,13.3,14.1,14.0,13.1,11.4,10.7,10.1,9.6,9.0,8.2,7.2,6.7,6.1,5.5,5.1,4.8,4.8,4.5,4.9,8.1,11.1,12.7,14.2,15.0,15.6,16.6,16.6,16.2,14.4,13.1,11.9,11.1,10.3,10.0,9.6,8.9,8.1,7.8,7.3,6.8,6.5,6.1,6.6,9.6,12.6,14.8,17.2,18.5,19.1,19.7,19.6,18.1,16.2,14.8,14.3,13.8,13.3,12.9,12.3,11.6,11.4,11.0,10.4,9.8,9.4,8.9,9.2,11.9,14.5,17.0,17.8,19.1,20.6,20.5,20.2,17.9,16.2,15.0,14.1,13.3,12.7,12.3
655,7.4,6.8,7.1,7.2,6.8,6.2,5.7,5.0,5.6,7.8,9.5,11.1,12.2,13.3,13.3,14.1,14.0,13.1,11.4,10.7,10.1,9.6,9.0,8.2,7.2,6.7,6.1,5.5,5.1,4.8,4.8,4.5,4.9,8.1,11.1,12.7,14.2,15.0,15.6,16.6,16.6,16.2,14.4,13.1,11.9,11.1,10.3,10.0,9.6,8.9,8.1,7.8,7.3,6.8,6.5,6.1,6.6,9.6,12.6,14.8,17.2,18.5,19.1,19.7,19.6,18.1,16.2,14.8,14.3,13.8,13.3,12.9,12.3,11.6,11.4,11.0,10.4,9.8,9.4,8.9,9.2,11.9,14.5,17.0,17.8,19.1,20.6,20.5,20.2,17.9,16.2,15.0,14.1,13.3,12.7,12.3,12.1,11.7,11.3,11.4,11.5,11.2,10.8,10.6,10.6,12.4,15.1,16.7,18.0,19.5,20.7,20.2,20.0,18.4,16.7,15.7,15.4,15.4,15.7,15.8
656,7.2,6.7,6.1,5.5,5.1,4.8,4.8,4.5,4.9,8.1,11.1,12.7,14.2,15.0,15.6,16.6,16.6,16.2,14.4,13.1,11.9,11.1,10.3,10.0,9.6,8.9,8.1,7.8,7.3,6.8,6.5,6.1,6.6,9.6,12.6,14.8,17.2,18.5,19.1,19.7,19.6,18.1,16.2,14.8,14.3,13.8,13.3,12.9,12.3,11.6,11.4,11.0,10.4,9.8,9.4,8.9,9.2,11.9,14.5,17.0,17.8,19.1,20.6,20.5,20.2,17.9,16.2,15.0,14.1,13.3,12.7,12.3,12.1,11.7,11.3,11.4,11.5,11.2,10.8,10.6,10.6,12.4,15.1,16.7,18.0,19.5,20.7,20.2,20.0,18.4,16.7,15.7,15.4,15.4,15.7,15.8,15.5,15.3,14.9,14.6,13.8,13.0,12.9,12.2,11.9,12.2,13.3,14.4,15.8,17.0,17.8,18.5,18.0,17.1,15.4,14.0,13.0,12.1,11.3,10.8
657,9.6,8.9,8.1,7.8,7.3,6.8,6.5,6.1,6.6,9.6,12.6,14.8,17.2,18.5,19.1,19.7,19.6,18.1,16.2,14.8,14.3,13.8,13.3,12.9,12.3,11.6,11.4,11.0,10.4,9.8,9.4,8.9,9.2,11.9,14.5,17.0,17.8,19.1,20.6,20.5,20.2,17.9,16.2,15.0,14.1,13.3,12.7,12.3,12.1,11.7,11.3,11.4,11.5,11.2,10.8,10.6,10.6,12.4,15.1,16.7,18.0,19.5,20.7,20.2,20.0,18.4,16.7,15.7,15.4,15.4,15.7,15.8,15.5,15.3,14.9,14.6,13.8,13.0,12.9,12.2,11.9,12.2,13.3,14.4,15.8,17.0,17.8,18.5,18.0,17.1,15.4,14.0,13.0,12.1,11.3,10.8,10.4,10.3,10.4,10.2,9.4,9.0,8.5,7.9,8.0,8.9,10.5,12.0,12.8,13.8,14.5,14.7,14.7,13.5,12.0,11.3,10.7,10.0,9.2,8.1
658,12.3,11.6,11.4,11.0,10.4,9.8,9.4,8.9,9.2,11.9,14.5,17.0,17.8,19.1,20.6,20.5,20.2,17.9,16.2,15.0,14.1,13.3,12.7,12.3,12.1,11.7,11.3,11.4,11.5,11.2,10.8,10.6,10.6,12.4,15.1,16.7,18.0,19.5,20.7,20.2,20.0,18.4,16.7,15.7,15.4,15.4,15.7,15.8,15.5,15.3,14.9,14.6,13.8,13.0,12.9,12.2,11.9,12.2,13.3,14.4,15.8,17.0,17.8,18.5,18.0,17.1,15.4,14.0,13.0,12.1,11.3,10.8,10.4,10.3,10.4,10.2,9.4,9.0,8.5,7.9,8.0,8.9,10.5,12.0,12.8,13.8,14.5,14.7,14.7,13.5,12.0,11.3,10.7,10.0,9.2,8.1,7.5,7.2,7.0,7.0,6.6,6.1,6.2,6.3,6.7,10.0,12.6,14.2,15.4,16.0,16.8,17.1,17.2,16.3,14.2,13.1,12.3,11.6,10.7,9.8
659,12.1,11.7,11.3,11.4,11.5,11.2,10.8,10.6,10.6,12.4,15.1,16.7,18.0,19.5,20.7,20.2,20.0,18.4,16.7,15.7,15.4,15.4,15.7,15.8,15.5,15.3,14.9,14.6,13.8,13.0,12.9,12.2,11.9,12.2,13.3,14.4,15.8,17.0,17.8,18.5,18.0,17.1,15.4,14.0,13.0,12.1,11.3,10.8,10.4,10.3,10.4,10.2,9.4,9.0,8.5,7.9,8.0,8.9,10.5,12.0,12.8,13.8,14.5,14.7,14.7,13.5,12.0,11.3,10.7,10.0,9.2,8.1,7.5,7.2,7.0,7.0,6.6,6.1,6.2,6.3,6.7,10.0,12.6,14.2,15.4,16.0,16.8,17.1,17.2,16.3,14.2,13.1,12.3,11.6,10.7,9.8,9.2,8.8,8.9,8.6,8.5,8.3,8.1,8.0,8.4,11.2,13.4,15.2,17.2,17.3,17.7,17.5,17.1,16.4,15.1,14.3,13.8,13.4,12.7,12.1
660,15.5,15.3,14.9,14.6,13.8,13.0,12.9,12.2,11.9,12.2,13.3,14.4,15.8,17.0,17.8,18.5,18.0,17.1,15.4,14.0,13.0,12.1,11.3,10.8,10.4,10.3,10.4,10.2,9.4,9.0,8.5,7.9,8.0,8.9,10.5,12.0,12.8,13.8,14.5,14.7,14.7,13.5,12.0,11.3,10.7,10.0,9.2,8.1,7.5,7.2,7.0,7.0,6.6,6.1,6.2,6.3,6.7,10.0,12.6,14.2,15.4,16.0,16.8,17.1,17.2,16.3,14.2,13.1,12.3,11.6,10.7,9.8,9.2,8.8,8.9,8.6,8.5,8.3,8.1,8.0,8.4,11.2,13.4,15.2,17.2,17.3,17.7,17.5,17.1,16.4,15.1,14.3,13.8,13.4,12.7,12.1,11.7,11.1,10.6,10.3,9.7,9.1,8.9,8.7,8.9,11.0,13.7,15.2,17.0,18.4,18.6,18.4,18.2,17.3,15.9,14.9,13.9,13.2,12.4,11.7
661,10.4,10.3,10.4,10.2,9.4,9.0,8.5,7.9,8.0,8.9,10.5,12.0,12.8,13.8,14.5,14.7,14.7,13.5,12.0,11.3,10.7,10.0,9.2,8.1,7.5,7.2,7.0,7.0,6.6,6.1,6.2,6.3,6.7,10.0,12.6,14.2,15.4,16.0,16.8,17.1,17.2,16.3,14.2,13.1,12.3,11.6,10.7,9.8,9.2,8.8,8.9,8.6,8.5,8.3,8.1,8.0,8.4,11.2,13.4,15.2,17.2,17.3,17.7,17.5,17.1,16.4,15.1,14.3,13.8,13.4,12.7,12.1,11.7,11.1,10.6,10.3,9.7,9.1,8.9,8.7,8.9,11.0,13.7,15.2,17.0,18.4,18.6,18.4,18.2,17.3,15.9,14.9,13.9,13.2,12.4,11.7,11.1,10.4,9.9,9.5,9.4,8.8,8.5,8.4,8.7,10.7,13.7,15.8,17.8,18.9,19.7,20.2,20.1,18.8,16.6,15.3,14.7,13.9,13.1,12.2
662,7.5,7.2,7.0,7.0,6.6,6.1,6.2,6.3,6.7,10.0,12.6,14.2,15.4,16.0,16.8,17.1,17.2,16.3,14.2,13.1,12.3,11.6,10.7,9.8,9.2,8.8,8.9,8.6,8.5,8.3,8.1,8.0,8.4,11.2,13.4,15.2,17.2,17.3,17.7,17.5,17.1,16.4,15.1,14.3,13.8,13.4,12.7,12.1,11.7,11.1,10.6,10.3,9.7,9.1,8.9,8.7,8.9,11.0,13.7,15.2,17.0,18.4,18.6,18.4,18.2,17.3,15.9,14.9,13.9,13.2,12.4,11.7,11.1,10.4,9.9,9.5,9.4,8.8,8.5,8.4,8.7,10.7,13.7,15.8,17.8,18.9,19.7,20.2,20.1,18.8,16.6,15.3,14.7,13.9,13.1,12.2,11.9,12.0,11.6,11.3,11.0,10.7,10.4,10.3,10.5,12.9,15.1,17.0,18.5,20.4,20.5,21.1,20.4,19.2,17.1,15.9,15.2,14.4,13.9,13.5
663,9.2,8.8,8.9,8.6,8.5,8.3,8.1,8.0,8.4,11.2,13.4,15.2,17.2,17.3,17.7,17.5,17.1,16.4,15.1,14.3,13.8,13.4,12.7,12.1,11.7,11.1,10.6,10.3,9.7,9.1,8.9,8.7,8.9,11.0,13.7,15.2,17.0,18.4,18.6,18.4,18.2,17.3,15.9,14.9,13.9,13.2,12.4,11.7,11.1,10.4,9.9,9.5,9.4,8.8,8.5,8.4,8.7,10.7,13.7,15.8,17.8,18.9,19.7,20.2,20.1,18.8,16.6,15.3,14.7,13.9,13.1,12.2,11.9,12.0,11.6,11.3,11.0,10.7,10.4,10.3,10.5,12.9,15.1,17.0,18.5,20.4,20.5,21.1,20.4,19.2,17.1,15.9,15.2,14.4,13.9,13.5,12.7,11.7,11.3,11.4,11.2,11.0,10.6,10.5,10.9,13.0,14.5,16.7,18.5,19.6,21.1,21.1,20.1,19.1,17.5,16.1,15.0,14.6,14.0,13.1
664,11.7,11.1,10.6,10.3,9.7,9.1,8.9,8.7,8.9,11.0,13.7,15.2,17.0,18.4,18.6,18.4,18.2,17.3,15.9,14.9,13.9,13.2,12.4,11.7,11.1,10.4,9.9,9.5,9.4,8.8,8.5,8.4,8.7,10.7,13.7,15.8,17.8,18.9,19.7,20.2,20.1,18.8,16.6,15.3,14.7,13.9,13.1,12.2,11.9,12.0,11.6,11.3,11.0,10.7,10.4,10.3,10.5,12.9,15.1,17.0,18.5,20.4,20.5,21.1,20.4,19.2,17.1,15.9,15.2,14.4,13.9,13.5,12.7,11.7,11.3,11.4,11.2,11.0,10.6,10.5,10.9,13.0,14.5,16.7,18.5,19.6,21.1,21.1,20.1,19.1,17.5,16.1,15.0,14.6,14.0,13.1,12.4,12.6,12.4,12.2,12.2,11.9,11.5,11.3,11.5,13.5,15.9,17.4,18.9,19.7,20.6,19.7,18.5,17.6,16.7,15.7,14.7,14.2,13.5,13.2
665,11.1,10.4,9.9,9.5,9.4,8.8,8.5,8.4,8.7,10.7,13.7,15.8,17.8,18.9,19.7,20.2,20.1,18.8,16.6,15.3,14.7,13.9,13.1,12.2,11.9,12.0,11.6,11.3,11.0,10.7,10.4,10.3,10.5,12.9,15.1,17.0,18.5,20.4,20.5,21.1,20.4,19.2,17.1,15.9,15.2,14.4,13.9,13.5,12.7,11.7,11.3,11.4,11.2,11.0,10.6,10.5,10.9,13.0,14.5,16.7,18.5,19.6,21.1,21.1,20.1,19.1,17.5,16.1,15.0,14.6,14.0,13.1,12.4,12.6,12.4,12.2,12.2,11.9,11.5,11.3,11.5,13.5,15.9,17.4,18.9,19.7,20.6,19.7,18.5,17.6,16.7,15.7,14.7,14.2,13.5,13.2,12.7,12.3,12.3,11.7,11.5,11.2,10.8,10.9,11.0,12.2,13.9,15.3,15.9,16.7,17.3,17.5,17.4,16.3,14.9,14.2,13.3,12.7,11.5,10.5
666,11.9,12.0,11.6,11.3,11.0,10.7,10.4,10.3,10.5,12.9,15.1,17.0,18.5,20.4,20.5,21.1,20.4,19.2,17.1,15.9,15.2,14.4,13.9,13.5,12.7,11.7,11.3,11.4,11.2,11.0,10.6,10.5,10.9,13.0,14.5,16.7,18.5,19.6,21.1,21.1,20.1,19.1,17.5,16.1,15.0,14.6,14.0,13.1,12.4,12.6,12.4,12.2,12.2,11.9,11.5,11.3,11.5,13.5,15.9,17.4,18.9,19.7,20.6,19.7,18.5,17.6,16.7,15.7,14.7,14.2,13.5,13.2,12.7,12.3,12.3,11.7,11.5,11.2,10.8,10.9,11.0,12.2,13.9,15.3,15.9,16.7,17.3,17.5,17.4,16.3,14.9,14.2,13.3,12.7,11.5,10.5,9.4,8.7,8.2,7.5,7.0,6.5,6.3,5.7,5.9,8.3,11.1,13.4,15.7,16.7,17.4,17.4,16.9,15.4,13.3,11.9,11.2,11.0,10.4,9.6
667,12.7,11.7,11.3,11.4,11.2,11.0,10.6,10.5,10.9,13.0,14.5,16.7,18.5,19.6,21.1,21.1,20.1,19.1,17.5,16.1,15.0,14.6,14.0,13.1,12.4,12.6,12.4,12.2,12.2,11.9,11.5,11.3,11.5,13.5,15.9,17.4,18.9,19.7,20.6,19.7,18.5,17.6,16.7,15.7,14.7,14.2,13.5,13.2,12.7,12.3,12.3,11.7,11.5,11.2,10.8,10.9,11.0,12.2,13.9,15.3,15.9,16.7,17.3,17.5,17.4,16.3,14.9,14.2,13.3,12.7,11.5,10.5,9.4,8.7,8.2,7.5,7.0,6.5,6.3,5.7,5.9,8.3,11.1,13.4,15.7,16.7,17.4,17.4,16.9,15.4,13.3,11.9,11.2,11.0,10.4,9.6,9.1,8.8,8.3,8.2,7.9,7.8,7.6,7.4,8.0,8.9,11.7,12.6,13.1,13.1,12.5,11.5,11.4,11.1,10.5,10.0,9.4,8.6,7.8,6.6
668,12.4,12.6,12.4,12.2,12.2,11.9,11.5,11.3,11.5,13.5,15.9,17.4,18.9,19.7,20.6,19.7,18.5,17.6,16.7,15.7,14.7,14.2,13.5,13.2,12.7,12.3,12.3,11.7,11.5,11.2,10.8,10.9,11.0,12.2,13.9,15.3,15.9,16.7,17.3,17.5,17.4,16.3,14.9,14.2,13.3,12.7,11.5,10.5,9.4,8.7,8.2,7.5,7.0,6.5,6.3,5.7,5.9,8.3,11.1,13.4,15.7,16.7,17.4,17.4,16.9,15.4,13.3,11.9,11.2,11.0,10.4,9.6,9.1,8.8,8.3,8.2,7.9,7.8,7.6,7.4,8.0,8.9,11.7,12.6,13.1,13.1,12.5,11.5,11.4,11.1,10.5,10.0,9.4,8.6,7.8,6.6,5.6,5.0,4.4,3.8,3.2,2.6,2.2,1.8,1.8,2.3,3.8,4.9,6.4,8.0,8.7,9.4,9.6,8.5,7.2,6.3,5.7,5.1,4.5,3.8
669,12.7,12.3,12.3,11.7,11.5,11.2,10.8,10.9,11.0,12.2,13.9,15.3,15.9,16.7,17.3,17.5,17.4,16.3,14.9,14.2,13.3,12.7,11.5,10.5,9.4,8.7,8.2,7.5,7.0,6.5,6.3,5.7,5.9,8.3,11.1,13.4,15.7,16.7,17.4,17.4,16.9,15.4,13.3,11.9,11.2,11.0,10.4,9.6,9.1,8.8,8.3,8.2,7.9,7.8,7.6,7.4,8.0,8.9,11.7,12.6,13.1,13.1,12.5,11.5,11.4,11.1,10.5,10.0,9.4,8.6,7.8,6.6,5.6,5.0,4.4,3.8,3.2,2.6,2.2,1.8,1.8,2.3,3.8,4.9,6.4,8.0,8.7,9.4,9.6,8.5,7.2,6.3,5.7,5.1,4.5,3.8,2.7,2.4,1.8,1.4,1.0,1.0,1.3,1.1,1.0,3.2,6.8,8.9,10.2,11.6,12.3,12.8,13.2,11.6,9.9,8.9,8.0,7.4,6.8,6.4
670,9.4,8.7,8.2,7.5,7.0,6.5,6.3,5.7,5.9,8.3,11.1,13.4,15.7,16.7,17.4,17.4,16.9,15.4,13.3,11.9,11.2,11.0,10.4,9.6,9.1,8.8,8.3,8.2,7.9,7.8,7.6,7.4,8.0,8.9,11.7,12.6,13.1,13.1,12.5,11.5,11.4,11.1,10.5,10.0,9.4,8.6,7.8,6.6,5.6,5.0,4.4,3.8,3.2,2.6,2.2,1.8,1.8,2.3,3.8,4.9,6.4,8.0,8.7,9.4,9.6,8.5,7.2,6.3,5.7,5.1,4.5,3.8,2.7,2.4,1.8,1.4,1.0,1.0,1.3,1.1,1.0,3.2,6.8,8.9,10.2,11.6,12.3,12.8,13.2,11.6,9.9,8.9,8.0,7.4,6.8,6.4,6.0,5.8,5.4,5.0,4.7,4.4,4.0,3.8,4.1,6.3,9.5,11.9,14.5,15.3,16.4,16.0,15.5,14.4,12.5,11.1,10.8,10.2,9.6,9.2
671,9.1,8.8,8.3,8.2,7.9,7.8,7.6,7.4,8.0,8.9,11.7,12.6,13.1,13.1,12.5,11.5,11.4,11.1,10.5,10.0,9.4,8.6,7.8,6.6,5.6,5.0,4.4,3.8,3.2,2.6,2.2,1.8,1.8,2.3,3.8,4.9,6.4,8.0,8.7,9.4,9.6,8.5,7.2,6.3,5.7,5.1,4.5,3.8,2.7,2.4,1.8,1.4,1.0,1.0,1.3,1.1,1.0,3.2,6.8,8.9,10.2,11.6,12.3,12.8,13.2,11.6,9.9,8.9,8.0,7.4,6.8,6.4,6.0,5.8,5.4,5.0,4.7,4.4,4.0,3.8,4.1,6.3,9.5,11.9,14.5,15.3,16.4,16.0,15.5,14.4,12.5,11.1,10.8,10.2,9.6,9.2,8.6,8.3,7.8,7.2,6.9,6.7,6.2,6.3,6.4,8.1,10.6,12.3,14.3,14.7,16.0,16.3,15.1,14.1,13.5,13.1,12.8,12.7,12.6,12.6
672,5.6,5.0,4.4,3.8,3.2,2.6,2.2,1.8,1.8,2.3,3.8,4.9,6.4,8.0,8.7,9.4,9.6,8.5,7.2,6.3,5.7,5.1,4.5,3.8,2.7,2.4,1.8,1.4,1.0,1.0,1.3,1.1,1.0,3.2,6.8,8.9,10.2,11.6,12.3,12.8,13.2,11.6,9.9,8.9,8.0,7.4,6.8,6.4,6.0,5.8,5.4,5.0,4.7,4.4,4.0,3.8,4.1,6.3,9.5,11.9,14.5,15.3,16.4,16.0,15.5,14.4,12.5,11.1,10.8,10.2,9.6,9.2,8.6,8.3,7.8,7.2,6.9,6.7,6.2,6.3,6.4,8.1,10.6,12.3,14.3,14.7,16.0,16.3,15.1,14.1,13.5,13.1,12.8,12.7,12.6,12.6,12.6,12.4,12.2,11.8,11.6,11.2,11.0,10.2,9.7,11.0,13.4,15.2,16.8,16.8,17.5,17.3,16.8,15.7,14.4,13.2,12.3,11.4,10.5,10.1
673,2.7,2.4,1.8,1.4,1.0,1.0,1.3,1.1,1.0,3.2,6.8,8.9,10.2,11.6,12.3,12.8,13.2,11.6,9.9,8.9,8.0,7.4,6.8,6.4,6.0,5.8,5.4,5.0,4.7,4.4,4.0,3.8,4.1,6.3,9.5,11.9,14.5,15.3,16.4,16.0,15.5,14.4,12.5,11.1,10.8,10.2,9.6,9.2,8.6,8.3,7.8,7.2,6.9,6.7,6.2,6.3,6.4,8.1,10.6,12.3,14.3,14.7,16.0,16.3,15.1,14.1,13.5,13.1,12.8,12.7,12.6,12.6,12.6,12.4,12.2,11.8,11.6,11.2,11.0,10.2,9.7,11.0,13.4,15.2,16.8,16.8,17.5,17.3,16.8,15.7,14.4,13.2,12.3,11.4,10.5,10.1,9.8,9.3,8.7,8.3,8.0,7.6,7.3,6.9,7.0,8.7,11.1,13.3,15.0,15.2,15.9,15.5,15.0,14.3,13.4,12.7,12.3,11.7,11.2,11.3
674,6.0,5.8,5.4,5.0,4.7,4.4,4.0,3.8,4.1,6.3,9.5,11.9,14.5,15.3,16.4,16.0,15.5,14.4,12.5,11.1,10.8,10.2,9.6,9.2,8.6,8.3,7.8,7.2,6.9,6.7,6.2,6.3,6.4,8.1,10.6,12.3,14.3,14.7,16.0,16.3,15.1,14.1,13.5,13.1,12.8,12.7,12.6,12.6,12.6,12.4,12.2,11.8,11.6,11.2,11.0,10.2,9.7,11.0,13.4,15.2,16.8,16.8,17.5,17.3,16.8,15.7,14.4,13.2,12.3,11.4,10.5,10.1,9.8,9.3,8.7,8.3,8.0,7.6,7.3,6.9,7.0,8.7,11.1,13.3,15.0,15.2,15.9,15.5,15.0,14.3,13.4,12.7,12.3,11.7,11.2,11.3,11.6,11.3,11.4,11.4,10.5,9.8,9.1,8.9,9.0,10.1,12.5,14.8,16.6,18.2,18.9,18.8,18.5,17.5,16.1,15.2,14.5,13.7,13.2,12.6
675,8.6,8.3,7.8,7.2,6.9,6.7,6.2,6.3,6.4,8.1,10.6,12.3,14.3,14.7,16.0,16.3,15.1,14.1,13.5,13.1,12.8,12.7,12.6,12.6,12.6,12.4,12.2,11.8,11.6,11.2,11.0,10.2,9.7,11.0,13.4,15.2,16.8,16.8,17.5,17.3,16.8,15.7,14.4,13.2,12.3,11.4,10.5,10.1,9.8,9.3,8.7,8.3,8.0,7.6,7.3,6.9,7.0,8.7,11.1,13.3,15.0,15.2,15.9,15.5,15.0,14.3,13.4,12.7,12.3,11.7,11.2,11.3,11.6,11.3,11.4,11.4,10.5,9.8,9.1,8.9,9.0,10.1,12.5,14.8,16.6,18.2,18.9,18.8,18.5,17.5,16.1,15.2,14.5,13.7,13.2,12.6,12.2,11.8,11.6,11.6,11.2,10.9,11.0,11.3,11.5,13.3,15.7,17.6,19.5,20.3,21.5,22.0,21.8,20.3,18.5,17.4,16.3,15.4,14.8,14.3
676,12.6,12.4,12.2,11.8,11.6,11.2,11.0,10.2,9.7,11.0,13.4,15.2,16.8,16.8,17.5,17.3,16.8,15.7,14.4,13.2,12.3,11.4,10.5,10.1,9.8,9.3,8.7,8.3,8.0,7.6,7.3,6.9,7.0,8.7,11.1,13.3,15.0,15.2,15.9,15.5,15.0,14.3,13.4,12.7,12.3,11.7,11.2,11.3,11.6,11.3,11.4,11.4,10.5,9.8,9.1,8.9,9.0,10.1,12.5,14.8,16.6,18.2,18.9,18.8,18.5,17.5,16.1,15.2,14.5,13.7,13.2,12.6,12.2,11.8,11.6,11.6,11.2,10.9,11.0,11.3,11.5,13.3,15.7,17.6,19.5,20.3,21.5,22.0,21.8,20.3,18.5,17.4,16.3,15.4,14.8,14.3,13.4,13.1,12.5,11.9,11.9,11.7,12.1,12.9,13.4,14.1,15.4,17.8,20.0,21.7,21.7,19.5,18.3,17.5,17.1,17.3,18.4,18.2,17.8,17.9
677,9.8,9.3,8.7,8.3,8.0,7.6,7.3,6.9,7.0,8.7,11.1,13.3,15.0,15.2,15.9,15.5,15.0,14.3,13.4,12.7,12.3,11.7,11.2,11.3,11.6,11.3,11.4,11.4,10.5,9.8,9.1,8.9,9.0,10.1,12.5,14.8,16.6,18.2,18.9,18.8,18.5,17.5,16.1,15.2,14.5,13.7,13.2,12.6,12.2,11.8,11.6,11.6,11.2,10.9,11.0,11.3,11.5,13.3,15.7,17.6,19.5,20.3,21.5,22.0,21.8,20.3,18.5,17.4,16.3,15.4,14.8,14.3,13.4,13.1,12.5,11.9,11.9,11.7,12.1,12.9,13.4,14.1,15.4,17.8,20.0,21.7,21.7,19.5,18.3,17.5,17.1,17.3,18.4,18.2,17.8,17.9,17.3,16.3,13.8,12.4,11.1,10.3,10.0,9.8,9.7,9.6,9.6,10.1,10.0,10.3,10.6,11.3,11.1,10.9,10.9,10.7,10.2,9.7,9.4,9.1
678,11.6,11.3,11.4,11.4,10.5,9.8,9.1,8.9,9.0,10.1,12.5,14.8,16.6,18.2,18.9,18.8,18.5,17.5,16.1,15.2,14.5,13.7,13.2,12.6,12.2,11.8,11.6,11.6,11.2,10.9,11.0,11.3,11.5,13.3,15.7,17.6,19.5,20.3,21.5,22.0,21.8,20.3,18.5,17.4,16.3,15.4,14.8,14.3,13.4,13.1,12.5,11.9,11.9,11.7,12.1,12.9,13.4,14.1,15.4,17.8,20.0,21.7,21.7,19.5,18.3,17.5,17.1,17.3,18.4,18.2,17.8,17.9,17.3,16.3,13.8,12.4,11.1,10.3,10.0,9.8,9.7,9.6,9.6,10.1,10.0,10.3,10.6,11.3,11.1,10.9,10.9,10.7,10.2,9.7,9.4,9.1,8.7,8.4,8.6,8.9,9.2,9.5,9.6,9.6,9.9,10.5,11.2,12.2,11.7,13.6,13.6,13.0,12.1,10.5,9.4,8.9,8.5,8.3,7.6,6.6
679,12.2,11.8,11.6,11.6,11.2,10.9,11.0,11.3,11.5,13.3,15.7,17.6,19.5,20.3,21.5,22.0,21.8,20.3,18.5,17.4,16.3,15.4,14.8,14.3,13.4,13.1,12.5,11.9,11.9,11.7,12.1,12.9,13.4,14.1,15.4,17.8,20.0,21.7,21.7,19.5,18.3,17.5,17.1,17.3,18.4,18.2,17.8,17.9,17.3,16.3,13.8,12.4,11.1,10.3,10.0,9.8,9.7,9.6,9.6,10.1,10.0,10.3,10.6,11.3,11.1,10.9,10.9,10.7,10.2,9.7,9.4,9.1,8.7,8.4,8.6,8.9,9.2,9.5,9.6,9.6,9.9,10.5,11.2,12.2,11.7,13.6,13.6,13.0,12.1,10.5,9.4,8.9,8.5,8.3,7.6,6.6,5.9,5.2,5.2,5.3,5.7,5.2,4.5,4.1,4.4,6.1,7.1,10.1,11.8,12.1,11.9,11.7,12.1,11.5,10.5,9.5,8.9,8.0,7.9,7.1
680,13.4,13.1,12.5,11.9,11.9,11.7,12.1,12.9,13.4,14.1,15.4,17.8,20.0,21.7,21.7,19.5,18.3,17.5,17.1,17.3,18.4,18.2,17.8,17.9,17.3,16.3,13.8,12.4,11.1,10.3,10.0,9.8,9.7,9.6,9.6,10.1,10.0,10.3,10.6,11.3,11.1,10.9,10.9,10.7,10.2,9.7,9.4,9.1,8.7,8.4,8.6,8.9,9.2,9.5,9.6,9.6,9.9,10.5,11.2,12.2,11.7,13.6,13.6,13.0,12.1,10.5,9.4,8.9,8.5,8.3,7.6,6.6,5.9,5.2,5.2,5.3,5.7,5.2,4.5,4.1,4.4,6.1,7.1,10.1,11.8,12.1,11.9,11.7,12.1,11.5,10.5,9.5,8.9,8.0,7.9,7.1,6.9,7.0,6.7,6.2,6.0,5.9,5.6,5.6,5.5,6.4,8.3,9.6,11.0,12.2,12.7,12.5,12.7,11.4,10.0,9.4,8.8,8.3,8.1,7.9
681,17.3,16.3,13.8,12.4,11.1,10.3,10.0,9.8,9.7,9.6,9.6,10.1,10.0,10.3,10.6,11.3,11.1,10.9,10.9,10.7,10.2,9.7,9.4,9.1,8.7,8.4,8.6,8.9,9.2,9.5,9.6,9.6,9.9,10.5,11.2,12.2,11.7,13.6,13.6,13.0,12.1,10.5,9.4,8.9,8.5,8.3,7.6,6.6,5.9,5.2,5.2,5.3,5.7,5.2,4.5,4.1,4.4,6.1,7.1,10.1,11.8,12.1,11.9,11.7,12.1,11.5,10.5,9.5,8.9,8.0,7.9,7.1,6.9,7.0,6.7,6.2,6.0,5.9,5.6,5.6,5.5,6.4,8.3,9.6,11.0,12.2,12.7,12.5,12.7,11.4,10.0,9.4,8.8,8.3,8.1,7.9,7.6,7.0,6.9,6.8,6.7,6.5,6.1,5.6,5.5,7.2,9.6,12.1,13.5,15.1,16.1,16.1,15.6,14.4,12.9,11.7,10.9,10.1,9.7,9.2
682,8.7,8.4,8.6,8.9,9.2,9.5,9.6,9.6,9.9,10.5,11.2,12.2,11.7,13.6,13.6,13.0,12.1,10.5,9.4,8.9,8.5,8.3,7.6,6.6,5.9,5.2,5.2,5.3,5.7,5.2,4.5,4.1,4.4,6.1,7.1,10.1,11.8,12.1,11.9,11.7,12.1,11.5,10.5,9.5,8.9,8.0,7.9,7.1,6.9,7.0,6.7,6.2,6.0,5.9,5.6,5.6,5.5,6.4,8.3,9.6,11.0,12.2,12.7,12.5,12.7,11.4,10.0,9.4,8.8,8.3,8.1,7.9,7.6,7.0,6.9,6.8,6.7,6.5,6.1,5.6,5.5,7.2,9.6,12.1,13.5,15.1,16.1,16.1,15.6,14.4,12.9,11.7,10.9,10.1,9.7,9.2,8.7,8.4,7.7,7.1,6.6,6.3,6.0,5.6,5.5,6.8,10.0,12.5,14.4,16.0,16.9,18.0,17.7,16.0,14.2,13.0,12.2,11.5,10.8,10.1
683,5.9,5.2,5.2,5.3,5.7,5.2,4.5,4.1,4.4,6.1,7.1,10.1,11.8,12.1,11.9,11.7,12.1,11.5,10.5,9.5,8.9,8.0,7.9,7.1,6.9,7.0,6.7,6.2,6.0,5.9,5.6,5.6,5.5,6.4,8.3,9.6,11.0,12.2,12.7,12.5,12.7,11.4,10.0,9.4,8.8,8.3,8.1,7.9,7.6,7.0,6.9,6.8,6.7,6.5,6.1,5.6,5.5,7.2,9.6,12.1,13.5,15.1,16.1,16.1,15.6,14.4,12.9,11.7,10.9,10.1,9.7,9.2,8.7,8.4,7.7,7.1,6.6,6.3,6.0,5.6,5.5,6.8,10.0,12.5,14.4,16.0,16.9,18.0,17.7,16.0,14.2,13.0,12.2,11.5,10.8,10.1,9.7,8.8,8.9,9.0,9.1,9.0,8.8,9.2,9.2,11.2,13.4,14.6,15.8,17.4,18.5,18.9,18.7,17.1,15.6,14.6,13.8,12.9,12.4,11.9
684,6.9,7.0,6.7,6.2,6.0,5.9,5.6,5.6,5.5,6.4,8.3,9.6,11.0,12.2,12.7,12.5,12.7,11.4,10.0,9.4,8.8,8.3,8.1,7.9,7.6,7.0,6.9,6.8,6.7,6.5,6.1,5.6,5.5,7.2,9.6,12.1,13.5,15.1,16.1,16.1,15.6,14.4,12.9,11.7,10.9,10.1,9.7,9.2,8.7,8.4,7.7,7.1,6.6,6.3,6.0,5.6,5.5,6.8,10.0,12.5,14.4,16.0,16.9,18.0,17.7,16.0,14.2,13.0,12.2,11.5,10.8,10.1,9.7,8.8,8.9,9.0,9.1,9.0,8.8,9.2,9.2,11.2,13.4,14.6,15.8,17.4,18.5,18.9,18.7,17.1,15.6,14.6,13.8,12.9,12.4,11.9,11.2,11.2,11.2,11.1,10.9,10.8,10.4,9.7,9.5,11.5,14.0,15.8,17.4,18.9,19.2,19.3,19.0,17.3,15.8,14.5,13.8,13.1,12.2,11.8
685,7.6,7.0,6.9,6.8,6.7,6.5,6.1,5.6,5.5,7.2,9.6,12.1,13.5,15.1,16.1,16.1,15.6,14.4,12.9,11.7,10.9,10.1,9.7,9.2,8.7,8.4,7.7,7.1,6.6,6.3,6.0,5.6,5.5,6.8,10.0,12.5,14.4,16.0,16.9,18.0,17.7,16.0,14.2,13.0,12.2,11.5,10.8,10.1,9.7,8.8,8.9,9.0,9.1,9.0,8.8,9.2,9.2,11.2,13.4,14.6,15.8,17.4,18.5,18.9,18.7,17.1,15.6,14.6,13.8,12.9,12.4,11.9,11.2,11.2,11.2,11.1,10.9,10.8,10.4,9.7,9.5,11.5,14.0,15.8,17.4,18.9,19.2,19.3,19.0,17.3,15.8,14.5,13.8,13.1,12.2,11.8,11.2,10.6,10.2,9.9,9.8,9.6,9.7,9.5,9.5,10.4,13.9,15.5,16.1,15.7,14.6,14.6,14.7,14.1,13.2,12.5,11.8,10.9,10.7,10.1
686,8.7,8.4,7.7,7.1,6.6,6.3,6.0,5.6,5.5,6.8,10.0,12.5,14.4,16.0,16.9,18.0,17.7,16.0,14.2,13.0,12.2,11.5,10.8,10.1,9.7,8.8,8.9,9.0,9.1,9.0,8.8,9.2,9.2,11.2,13.4,14.6,15.8,17.4,18.5,18.9,18.7,17.1,15.6,14.6,13.8,12.9,12.4,11.9,11.2,11.2,11.2,11.1,10.9,10.8,10.4,9.7,9.5,11.5,14.0,15.8,17.4,18.9,19.2,19.3,19.0,17.3,15.8,14.5,13.8,13.1,12.2,11.8,11.2,10.6,10.2,9.9,9.8,9.6,9.7,9.5,9.5,10.4,13.9,15.5,16.1,15.7,14.6,14.6,14.7,14.1,13.2,12.5,11.8,10.9,10.7,10.1,9.5,9.3,8.9,8.3,7.9,7.7,7.5,7.2,7.7,8.6,10.3,12.3,12.7,13.1,13.5,13.7,13.4,12.9,12.5,12.3,12.0,11.6,11.5,11.1
687,9.7,8.8,8.9,9.0,9.1,9.0,8.8,9.2,9.2,11.2,13.4,14.6,15.8,17.4,18.5,18.9,18.7,17.1,15.6,14.6,13.8,12.9,12.4,11.9,11.2,11.2,11.2,11.1,10.9,10.8,10.4,9.7,9.5,11.5,14.0,15.8,17.4,18.9,19.2,19.3,19.0,17.3,15.8,14.5,13.8,13.1,12.2,11.8,11.2,10.6,10.2,9.9,9.8,9.6,9.7,9.5,9.5,10.4,13.9,15.5,16.1,15.7,14.6,14.6,14.7,14.1,13.2,12.5,11.8,10.9,10.7,10.1,9.5,9.3,8.9,8.3,7.9,7.7,7.5,7.2,7.7,8.6,10.3,12.3,12.7,13.1,13.5,13.7,13.4,12.9,12.5,12.3,12.0,11.6,11.5,11.1,10.6,10.4,10.5,10.4,10.3,10.1,9.8,9.6,9.7,10.2,12.1,13.2,13.8,14.8,14.8,14.7,13.9,12.7,11.5,10.4,9.9,8.9,8.2,7.4
688,11.2,11.2,11.2,11.1,10.9,10.8,10.4,9.7,9.5,11.5,14.0,15.8,17.4,18.9,19.2,19.3,19.0,17.3,15.8,14.5,13.8,13.1,12.2,11.8,11.2,10.6,10.2,9.9,9.8,9.6,9.7,9.5,9.5,10.4,13.9,15.5,16.1,15.7,14.6,14.6,14.7,14.1,13.2,12.5,11.8,10.9,10.7,10.1,9.5,9.3,8.9,8.3,7.9,7.7,7.5,7.2,7.7,8.6,10.3,12.3,12.7,13.1,13.5,13.7,13.4,12.9,12.5,12.3,12.0,11.6,11.5,11.1,10.6,10.4,10.5,10.4,10.3,10.1,9.8,9.6,9.7,10.2,12.1,13.2,13.8,14.8,14.8,14.7,13.9,12.7,11.5,10.4,9.9,8.9,8.2,7.4,6.9,6.4,6.1,6.3,6.2,6.1,6.1,6.2,6.4,7.2,8.6,11.2,12.8,13.3,13.6,13.6,13.8,12.8,11.6,10.6,10.1,9.4,8.8,8.5
689,11.2,10.6,10.2,9.9,9.8,9.6,9.7,9.5,9.5,10.4,13.9,15.5,16.1,15.7,14.6,14.6,14.7,14.1,13.2,12.5,11.8,10.9,10.7,10.1,9.5,9.3,8.9,8.3,7.9,7.7,7.5,7.2,7.7,8.6,10.3,12.3,12.7,13.1,13.5,13.7,13.4,12.9,12.5,12.3,12.0,11.6,11.5,11.1,10.6,10.4,10.5,10.4,10.3,10.1,9.8,9.6,9.7,10.2,12.1,13.2,13.8,14.8,14.8,14.7,13.9,12.7,11.5,10.4,9.9,8.9,8.2,7.4,6.9,6.4,6.1,6.3,6.2,6.1,6.1,6.2,6.4,7.2,8.6,11.2,12.8,13.3,13.6,13.6,13.8,12.8,11.6,10.6,10.1,9.4,8.8,8.5,8.3,7.7,7.3,7.1,7.7,7.7,8.2,8.1,8.1,8.9,10.5,12.9,15.6,16.8,17.3,17.7,17.2,15.6,14.5,14.1,13.6,13.6,13.6,12.8
690,9.5,9.3,8.9,8.3,7.9,7.7,7.5,7.2,7.7,8.6,10.3,12.3,12.7,13.1,13.5,13.7,13.4,12.9,12.5,12.3,12.0,11.6,11.5,11.1,10.6,10.4,10.5,10.4,10.3,10.1,9.8,9.6,9.7,10.2,12.1,13.2,13.8,14.8,14.8,14.7,13.9,12.7,11.5,10.4,9.9,8.9,8.2,7.4,6.9,6.4,6.1,6.3,6.2,6.1,6.1,6.2,6.4,7.2,8.6,11.2,12.8,13.3,13.6,13.6,13.8,12.8,11.6,10.6,10.1,9.4,8.8,8.5,8.3,7.7,7.3,7.1,7.7,7.7,8.2,8.1,8.1,8.9,10.5,12.9,15.6,16.8,17.3,17.7,17.2,15.6,14.5,14.1,13.6,13.6,13.6,12.8,12.9,11.9,11.1,10.4,9.4,9.3,9.1,9.0,8.5,7.6,7.6,8.5,8.7,8.4,8.4,8.3,7.5,6.2,5.2,4.4,3.7,2.8,2.3,1.5
691,10.6,10.4,10.5,10.4,10.3,10.1,9.8,9.6,9.7,10.2,12.1,13.2,13.8,14.8,14.8,14.7,13.9,12.7,11.5,10.4,9.9,8.9,8.2,7.4,6.9,6.4,6.1,6.3,6.2,6.1,6.1,6.2,6.4,7.2,8.6,11.2,12.8,13.3,13.6,13.6,13.8,12.8,11.6,10.6,10.1,9.4,8.8,8.5,8.3,7.7,7.3,7.1,7.7,7.7,8.2,8.1,8.1,8.9,10.5,12.9,15.6,16.8,17.3,17.7,17.2,15.6,14.5,14.1,13.6,13.6,13.6,12.8,12.9,11.9,11.1,10.4,9.4,9.3,9.1,9.0,8.5,7.6,7.6,8.5,8.7,8.4,8.4,8.3,7.5,6.2,5.2,4.4,3.7,2.8,2.3,1.5,1.1,0.7,-0.1,-0.4,-0.8,-0.9,-0.9,-0.5,0.1,1.9,4.4,6.6,8.3,10.2,10.5,10.7,11.2,10.5,9.0,7.9,7.7,7.1,7.0,7.0
692,6.9,6.4,6.1,6.3,6.2,6.1,6.1,6.2,6.4,7.2,8.6,11.2,12.8,13.3,13.6,13.6,13.8,12.8,11.6,10.6,10.1,9.4,8.8,8.5,8.3,7.7,7.3,7.1,7.7,7.7,8.2,8.1,8.1,8.9,10.5,12.9,15.6,16.8,17.3,17.7,17.2,15.6,14.5,14.1,13.6,13.6,13.6,12.8,12.9,11.9,11.1,10.4,9.4,9.3,9.1,9.0,8.5,7.6,7.6,8.5,8.7,8.4,8.4,8.3,7.5,6.2,5.2,4.4,3.7,2.8,2.3,1.5,1.1,0.7,-0.1,-0.4,-0.8,-0.9,-0.9,-0.5,0.1,1.9,4.4,6.6,8.3,10.2,10.5,10.7,11.2,10.5,9.0,7.9,7.7,7.1,7.0,7.0,7.5,8.0,8.5,8.3,8.4,9.2,9.4,9.6,9.4,10.2,11.4,12.9,14.3,14.9,14.2,14.0,14.2,14.0,13.4,13.4,13.5,14.0,14.9,15.0
693,8.3,7.7,7.3,7.1,7.7,7.7,8.2,8.1,8.1,8.9,10.5,12.9,15.6,16.8,17.3,17.7,17.2,15.6,14.5,14.1,13.6,13.6,13.6,12.8,12.9,11.9,11.1,10.4,9.4,9.3,9.1,9.0,8.5,7.6,7.6,8.5,8.7,8.4,8.4,8.3,7.5,6.2,5.2,4.4,3.7,2.8,2.3,1.5,1.1,0.7,-0.1,-0.4,-0.8,-0.9,-0.9,-0.5,0.1,1.9,4.4,6.6,8.3,10.2,10.5,10.7,11.2,10.5,9.0,7.9,7.7,7.1,7.0,7.0,7.5,8.0,8.5,8.3,8.4,9.2,9.4,9.6,9.4,10.2,11.4,12.9,14.3,14.9,14.2,14.0,14.2,14.0,13.4,13.4,13.5,14.0,14.9,15.0,15.0,15.0,14.9,14.2,13.2,12.7,12.3,11.6,10.0,9.3,8.8,8.5,8.2,7.9,8.0,7.1,6.5,5.3,4.3,3.1,2.0,1.0,0.0,-0.8
694,12.9,11.9,11.1,10.4,9.4,9.3,9.1,9.0,8.5,7.6,7.6,8.5,8.7,8.4,8.4,8.3,7.5,6.2,5.2,4.4,3.7,2.8,2.3,1.5,1.1,0.7,-0.1,-0.4,-0.8,-0.9,-0.9,-0.5,0.1,1.9,4.4,6.6,8.3,10.2,10.5,10.7,11.2,10.5,9.0,7.9,7.7,7.1,7.0,7.0,7.5,8.0,8.5,8.3,8.4,9.2,9.4,9.6,9.4,10.2,11.4,12.9,14.3,14.9,14.2,14.0,14.2,14.0,13.4,13.4,13.5,14.0,14.9,15.0,15.0,15.0,14.9,14.2,13.2,12.7,12.3,11.6,10.0,9.3,8.8,8.5,8.2,7.9,8.0,7.1,6.5,5.3,4.3,3.1,2.0,1.0,0.0,-0.8,-1.6,-2.4,-3.2,-4.1,-4.7,-5.4,-6.0,-6.6,-6.8,-6.6,-5.8,-4.8,-4.7,-4.2,-3.4,-2.7,-2.8,-4.1,-4.8,-5.4,-5.8,-6.7,-7.4,-7.9
695,1.1,0.7,-0.1,-0.4,-0.8,-0.9,-0.9,-0.5,0.1,1.9,4.4,6.6,8.3,10.2,10.5,10.7,11.2,10.5,9.0,7.9,7.7,7.1,7.0,7.0,7.5,8.0,8.5,8.3,8.4,9.2,9.4,9.6,9.4,10.2,11.4,12.9,14.3,14.9,14.2,14.0,14.2,14.0,13.4,13.4,13.5,14.0,14.9,15.0,15.0,15.0,14.9,14.2,13.2,12.7,12.3,11.6,10.0,9.3,8.8,8.5,8.2,7.9,8.0,7.1,6.5,5.3,4.3,3.1,2.0,1.0,0.0,-0.8,-1.6,-2.4,-3.2,-4.1,-4.7,-5.4,-6.0,-6.6,-6.8,-6.6,-5.8,-4.8,-4.7,-4.2,-3.4,-2.7,-2.8,-4.1,-4.8,-5.4,-5.8,-6.7,-7.4,-7.9,-8.0,-7.7,-7.5,-7.7,-7.9,-8.1,-8.4,-8.9,-9.3,-7.9,-4.8,-4.1,-3.4,-2.7,-1.5,-1.6,-1.3,-2.6,-3.4,-3.8,-3.9,-4.6,-4.9,-5.3
696,7.5,8.0,8.5,8.3,8.4,9.2,9.4,9.6,9.4,10.2,11.4,12.9,14.3,14.9,14.2,14.0,14.2,14.0,13.4,13.4,13.5,14.0,14.9,15.0,15.0,15.0,14.9,14.2,13.2,12.7,12.3,11.6,10.0,9.3,8.8,8.5,8.2,7.9,8.0,7.1,6.5,5.3,4.3,3.1,2.0,1.0,0.0,-0.8,-1.6,-2.4,-3.2,-4.1,-4.7,-5.4,-6.0,-6.6,-6.8,-6.6,-5.8,-4.8,-4.7,-4.2,-3.4,-2.7,-2.8,-4.1,-4.8,-5.4,-5.8,-6.7,-7.4,-7.9,-8.0,-7.7,-7.5,-7.7,-7.9,-8.1,-8.4,-8.9,-9.3,-7.9,-4.8,-4.1,-3.4,-2.7,-1.5,-1.6,-1.3,-2.6,-3.4,-3.8,-3.9,-4.6,-4.9,-5.3,-6.0,-6.6,-6.8,-6.9,-6.8,-7.3,-7.3,-7.2,-7.6,-6.3,-4.1,-2.0,-0.2,0.8,2.2,2.7,2.8,1.2,0.4,-0.6,-1.5,-1.8,-1.2,-0.4
697,15.0,15.0,14.9,14.2,13.2,12.7,12.3,11.6,10.0,9.3,8.8,8.5,8.2,7.9,8.0,7.1,6.5,5.3,4.3,3.1,2.0,1.0,0.0,-0.8,-1.6,-2.4,-3.2,-4.1,-4.7,-5.4,-6.0,-6.6,-6.8,-6.6,-5.8,-4.8,-4.7,-4.2,-3.4,-2.7,-2.8,-4.1,-4.8,-5.4,-5.8,-6.7,-7.4,-7.9,-8.0,-7.7,-7.5,-7.7,-7.9,-8.1,-8.4,-8.9,-9.3,-7.9,-4.8,-4.1,-3.4,-2.7,-1.5,-1.6,-1.3,-2.6,-3.4,-3.8,-3.9,-4.6,-4.9,-5.3,-6.0,-6.6,-6.8,-6.9,-6.8,-7.3,-7.3,-7.2,-7.6,-6.3,-4.1,-2.0,-0.2,0.8,2.2,2.7,2.8,1.2,0.4,-0.6,-1.5,-1.8,-1.2,-0.4,-0.3,0.0,0.2,0.5,0.6,0.3,0.2,-0.2,-0.1,0.0,0.4,1.6,2.7,5.9,6.4,6.7,6.2,5.2,4.1,3.8,3.6,2.7,1.8,0.7
698,-1.6,-2.4,-3.2,-4.1,-4.7,-5.4,-6.0,-6.6,-6.8,-6.6,-5.8,-4.8,-4.7,-4.2,-3.4,-2.7,-2.8,-4.1,-4.8,-5.4,-5.8,-6.7,-7.4,-7.9,-8.0,-7.7,-7.5,-7.7,-7.9,-8.1,-8.4,-8.9,-9.3,-7.9,-4.8,-4.1,-3.4,-2.7,-1.5,-1.6,-1.3,-2.6,-3.4,-3.8,-3.9,-4.6,-4.9,-5.3,-6.0,-6.6,-6.8,-6.9,-6.8,-7.3,-7.3,-7.2,-7.6,-6.3,-4.1,-2.0,-0.2,0.8,2.2,2.7,2.8,1.2,0.4,-0.6,-1.5,-1.8,-1.2,-0.4,-0.3,0.0,0.2,0.5,0.6,0.3,0.2,-0.2,-0.1,0.0,0.4,1.6,2.7,5.9,6.4,6.7,6.2,5.2,4.1,3.8,3.6,2.7,1.8,0.7,-0.2,-1.3,-2.1,-2.6,-3.0,-3.5,-4.1,-4.5,-4.6,-4.4,-3.7,-3.2,-2.9,-2.0,-1.7,-1.7,-2.2,-2.7,-3.0,-3.3,-3.6,-4.0,-4.3,-4.8
699,-8.0,-7.7,-7.5,-7.7,-7.9,-8.1,-8.4,-8.9,-9.3,-7.9,-4.8,-4.1,-3.4,-2.7,-1.5,-1.6,-1.3,-2.6,-3.4,-3.8,-3.9,-4.6,-4.9,-5.3,-6.0,-6.6,-6.8,-6.9,-6.8,-7.3,-7.3,-7.2,-7.6,-6.3,-4.1,-2.0,-0.2,0.8,2.2,2.7,2.8,1.2,0.4,-0.6,-1.5,-1.8,-1.2,-0.4,-0.3,0.0,0.2,0.5,0.6,0.3,0.2,-0.2,-0.1,0.0,0.4,1.6,2.7,5.9,6.4,6.7,6.2,5.2,4.1,3.8,3.6,2.7,1.8,0.7,-0.2,-1.3,-2.1,-2.6,-3.0,-3.5,-4.1,-4.5,-4.6,-4.4,-3.7,-3.2,-2.9,-2.0,-1.7,-1.7,-2.2,-2.7,-3.0,-3.3,-3.6,-4.0,-4.3,-4.8,-5.2,-5.4,-5.6,-5.7,-5.6,-5.5,-5.7,-6.5,-7.0,-6.3,-4.1,-3.1,-2.5,-0.4,0.6,1.8,1.5,0.0,-1.0,-1.7,-2.2,-2.6,-2.9,-3.0
700,-6.0,-6.6,-6.8,-6.9,-6.8,-7.3,-7.3,-7.2,-7.6,-6.3,-4.1,-2.0,-0.2,0.8,2.2,2.7,2.8,1.2,0.4,-0.6,-1.5,-1.8,-1.2,-0.4,-0.3,0.0,0.2,0.5,0.6,0.3,0.2,-0.2,-0.1,0.0,0.4,1.6,2.7,5.9,6.4,6.7,6.2,5.2,4.1,3.8,3.6,2.7,1.8,0.7,-0.2,-1.3,-2.1,-2.6,-3.0,-3.5,-4.1,-4.5,-4.6,-4.4,-3.7,-3.2,-2.9,-2.0,-1.7,-1.7,-2.2,-2.7,-3.0,-3.3,-3.6,-4.0,-4.3,-4.8,-5.2,-5.4,-5.6,-5.7,-5.6,-5.5,-5.7,-6.5,-7.0,-6.3,-4.1,-3.1,-2.5,-0.4,0.6,1.8,1.5,0.0,-1.0,-1.7,-2.2,-2.6,-2.9,-3.0,-3.1,-3.4,-3.6,-3.8,-3.1,-2.5,-2.3,-2.1,-1.9,-1.6,-1.0,0.0,2.8,3.8,5.3,4.5,4.8,3.6,2.9,2.8,2.9,2.5,2.2,2.1
701,-0.3,0.0,0.2,0.5,0.6,0.3,0.2,-0.2,-0.1,0.0,0.4,1.6,2.7,5.9,6.4,6.7,6.2,5.2,4.1,3.8,3.6,2.7,1.8,0.7,-0.2,-1.3,-2.1,-2.6,-3.0,-3.5,-4.1,-4.5,-4.6,-4.4,-3.7,-3.2,-2.9,-2.0,-1.7,-1.7,-2.2,-2.7,-3.0,-3.3,-3.6,-4.0,-4.3,-4.8,-5.2,-5.4,-5.6,-5.7,-5.6,-5.5,-5.7,-6.5,-7.0,-6.3,-4.1,-3.1,-2.5,-0.4,0.6,1.8,1.5,0.0,-1.0,-1.7,-2.2,-2.6,-2.9,-3.0,-3.1,-3.4,-3.6,-3.8,-3.1,-2.5,-2.3,-2.1,-1.9,-1.6,-1.0,0.0,2.8,3.8,5.3,4.5,4.8,3.6,2.9,2.8,2.9,2.5,2.2,2.1,2.1,2.4,3.4,3.3,3.4,3.4,3.0,2.2,1.3,1.9,4.9,6.7,8.5,8.6,8.4,8.7,8.5,7.1,6.2,5.6,5.1,4.5,4.1,3.7
702,-0.2,-1.3,-2.1,-2.6,-3.0,-3.5,-4.1,-4.5,-4.6,-4.4,-3.7,-3.2,-2.9,-2.0,-1.7,-1.7,-2.2,-2.7,-3.0,-3.3,-3.6,-4.0,-4.3,-4.8,-5.2,-5.4,-5.6,-5.7,-5.6,-5.5,-5.7,-6.5,-7.0,-6.3,-4.1,-3.1,-2.5,-0.4,0.6,1.8,1.5,0.0,-1.0,-1.7,-2.2,-2.6,-2.9,-3.0,-3.1,-3.4,-3.6,-3.8,-3.1,-2.5,-2.3,-2.1,-1.9,-1.6,-1.0,0.0,2.8,3.8,5.3,4.5,4.8,3.6,2.9,2.8,2.9,2.5,2.2,2.1,2.1,2.4,3.4,3.3,3.4,3.4,3.0,2.2,1.3,1.9,4.9,6.7,8.5,8.6,8.4,8.7,8.5,7.1,6.2,5.6,5.1,4.5,4.1,3.7,2.9,2.3,1.6,1.4,1.3,1.0,1.1,0.6,0.3,0.8,3.1,6.0,7.3,8.8,8.7,8.1,8.1,7.0,5.6,4.8,4.0,3.5,3.2,2.5
703,-5.2,-5.4,-5.6,-5.7,-5.6,-5.5,-5.7,-6.5,-7.0,-6.3,-4.1,-3.1,-2.5,-0.4,0.6,1.8,1.5,0.0,-1.0,-1.7,-2.2,-2.6,-2.9,-3.0,-3.1,-3.4,-3.6,-3.8,-3.1,-2.5,-2.3,-2.1,-1.9,-1.6,-1.0,0.0,2.8,3.8,5.3,4.5,4.8,3.6,2.9,2.8,2.9,2.5,2.2,2.1,2.1,2.4,3.4,3.3,3.4,3.4,3.0,2.2,1.3,1.9,4.9,6.7,8.5,8.6,8.4,8.7,8.5,7.1,6.2,5.6,5.1,4.5,4.1,3.7,2.9,2.3,1.6,1.4,1.3,1.0,1.1,0.6,0.3,0.8,3.1,6.0,7.3,8.8,8.7,8.1,8.1,7.0,5.6,4.8,4.0,3.5,3.2,2.5,2.0,1.7,1.3,1.0,1.0,1.7,2.3,2.8,2.8,3.2,4.3,5.3,6.7,9.3,10.1,9.9,9.1,7.7,6.5,5.8,5.0,4.0,3.9,2.8
704,-3.1,-3.4,-3.6,-3.8,-3.1,-2.5,-2.3,-2.1,-1.9,-1.6,-1.0,0.0,2.8,3.8,5.3,4.5,4.8,3.6,2.9,2.8,2.9,2.5,2.2,2.1,2.1,2.4,3.4,3.3,3.4,3.4,3.0,2.2,1.3,1.9,4.9,6.7,8.5,8.6,8.4,8.7,8.5,7.1,6.2,5.6,5.1,4.5,4.1,3.7,2.9,2.3,1.6,1.4,1.3,1.0,1.1,0.6,0.3,0.8,3.1,6.0,7.3,8.8,8.7,8.1,8.1,7.0,5.6,4.8,4.0,3.5,3.2,2.5,2.0,1.7,1.3,1.0,1.0,1.7,2.3,2.8,2.8,3.2,4.3,5.3,6.7,9.3,10.1,9.9,9.1,7.7,6.5,5.8,5.0,4.0,3.9,2.8,2.1,1.7,1.1,0.6,0.4,0.3,-0.1,-0.3,-0.6,0.3,1.4,2.7,5.7,6.4,6.1,5.8,5.8,4.7,3.7,3.1,2.7,2.6,2.4,1.7
705,2.1,2.4,3.4,3.3,3.4,3.4,3.0,2.2,1.3,1.9,4.9,6.7,8.5,8.6,8.4,8.7,8.5,7.1,6.2,5.6,5.1,4.5,4.1,3.7,2.9,2.3,1.6,1.4,1.3,1.0,1.1,0.6,0.3,0.8,3.1,6.0,7.3,8.8,8.7,8.1,8.1,7.0,5.6,4.8,4.0,3.5,3.2,2.5,2.0,1.7,1.3,1.0,1.0,1.7,2.3,2.8,2.8,3.2,4.3,5.3,6.7,9.3,10.1,9.9,9.1,7.7,6.5,5.8,5.0,4.0,3.9,2.8,2.1,1.7,1.1,0.6,0.4,0.3,-0.1,-0.3,-0.6,0.3,1.4,2.7,5.7,6.4,6.1,5.8,5.8,4.7,3.7,3.1,2.7,2.6,2.4,1.7,2.0,0.9,0.2,-0.1,-0.6,-1.1,-1.3,-1.5,-1.5,-1.0,0.9,3.4,4.5,5.5,6.0,6.1,6.7,4.7,3.4,2.5,2.1,0.9,0.5,0.1
706,2.9,2.3,1.6,1.4,1.3,1.0,1.1,0.6,0.3,0.8,3.1,6.0,7.3,8.8,8.7,8.1,8.1,7.0,5.6,4.8,4.0,3.5,3.2,2.5,2.0,1.7,1.3,1.0,1.0,1.7,2.3,2.8,2.8,3.2,4.3,5.3,6.7,9.3,10.1,9.9,9.1,7.7,6.5,5.8,5.0,4.0,3.9,2.8,2.1,1.7,1.1,0.6,0.4,0.3,-0.1,-0.3,-0.6,0.3,1.4,2.7,5.7,6.4,6.1,5.8,5.8,4.7,3.7,3.1,2.7,2.6,2.4,1.7,2.0,0.9,0.2,-0.1,-0.6,-1.1,-1.3,-1.5,-1.5,-1.0,0.9,3.4,4.5,5.5,6.0,6.1,6.7,4.7,3.4,2.5,2.1,0.9,0.5,0.1,-0.1,-0.5,-0.9,-1.7,-2.0,-1.8,-1.5,-1.2,-0.9,-0.2,1.8,3.0,4.3,5.0,6.2,6.1,5.7,4.8,3.5,3.0,3.0,2.6,2.0,2.1
707,2.0,1.7,1.3,1.0,1.0,1.7,2.3,2.8,2.8,3.2,4.3,5.3,6.7,9.3,10.1,9.9,9.1,7.7,6.5,5.8,5.0,4.0,3.9,2.8,2.1,1.7,1.1,0.6,0.4,0.3,-0.1,-0.3,-0.6,0.3,1.4,2.7,5.7,6.4,6.1,5.8,5.8,4.7,3.7,3.1,2.7,2.6,2.4,1.7,2.0,0.9,0.2,-0.1,-0.6,-1.1,-1.3,-1.5,-1.5,-1.0,0.9,3.4,4.5,5.5,6.0,6.1,6.7,4.7,3.4,2.5,2.1,0.9,0.5,0.1,-0.1,-0.5,-0.9,-1.7,-2.0,-1.8,-1.5,-1.2,-0.9,-0.2,1.8,3.0,4.3,5.0,6.2,6.1,5.7,4.8,3.5,3.0,3.0,2.6,2.0,2.1,2.8,2.8,2.8,3.1,2.7,2.5,2.1,1.1,0.4,0.6,1.5,1.7,2.3,2.5,2.3,0.5,0.5,0.1,0.4,-0.3,-0.7,-2.4,-4.4,-5.4
708,2.1,1.7,1.1,0.6,0.4,0.3,-0.1,-0.3,-0.6,0.3,1.4,2.7,5.7,6.4,6.1,5.8,5.8,4.7,3.7,3.1,2.7,2.6,2.4,1.7,2.0,0.9,0.2,-0.1,-0.6,-1.1,-1.3,-1.5,-1.5,-1.0,0.9,3.4,4.5,5.5,6.0,6.1,6.7,4.7,3.4,2.5,2.1,0.9,0.5,0.1,-0.1,-0.5,-0.9,-1.7,-2.0,-1.8,-1.5,-1.2,-0.9,-0.2,1.8,3.0,4.3,5.0,6.2,6.1,5.7,4.8,3.5,3.0,3.0,2.6,2.0,2.1,2.8,2.8,2.8,3.1,2.7,2.5,2.1,1.1,0.4,0.6,1.5,1.7,2.3,2.5,2.3,0.5,0.5,0.1,0.4,-0.3,-0.7,-2.4,-4.4,-5.4,-6.4,-7.3,-8.1,-9.0,-9.6,-10.2,-10.3,-10.7,-11.0,-10.5,-9.5,-8.0,-7.7,-6.5,-5.5,-5.3,-5.5,-6.4,-7.3,-7.7,-8.0,-8.3,-8.4,-8.3
709,2.0,0.9,0.2,-0.1,-0.6,-1.1,-1.3,-1.5,-1.5,-1.0,0.9,3.4,4.5,5.5,6.0,6.1,6.7,4.7,3.4,2.5,2.1,0.9,0.5,0.1,-0.1,-0.5,-0.9,-1.7,-2.0,-1.8,-1.5,-1.2,-0.9,-0.2,1.8,3.0,4.3,5.0,6.2,6.1,5.7,4.8,3.5,3.0,3.0,2.6,2.0,2.1,2.8,2.8,2.8,3.1,2.7,2.5,2.1,1.1,0.4,0.6,1.5,1.7,2.3,2.5,2.3,0.5,0.5,0.1,0.4,-0.3,-0.7,-2.4,-4.4,-5.4,-6.4,-7.3,-8.1,-9.0,-9.6,-10.2,-10.3,-10.7,-11.0,-10.5,-9.5,-8.0,-7.7,-6.5,-5.5,-5.3,-5.5,-6.4,-7.3,-7.7,-8.0,-8.3,-8.4,-8.3,-8.5,-7.5,-7.0,-6.9,-7.3,-7.7,-7.3,-6.9,-6.1,-5.5,-4.6,-3.5,-2.7,-3.0,-2.8,-2.8,-2.4,-1.8,-1.3,-1.9,-2.8,-3.6,-4.2,-5.2
710,-0.1,-0.5,-0.9,-1.7,-2.0,-1.8,-1.5,-1.2,-0.9,-0.2,1.8,3.0,4.3,5.0,6.2,6.1,5.7,4.8,3.5,3.0,3.0,2.6,2.0,2.1,2.8,2.8,2.8,3.1,2.7,2.5,2.1,1.1,0.4,0.6,1.5,1.7,2.3,2.5,2.3,0.5,0.5,0.1,0.4,-0.3,-0.7,-2.4,-4.4,-5.4,-6.4,-7.3,-8.1,-9.0,-9.6,-10.2,-10.3,-10.7,-11.0,-10.5,-9.5,-8.0,-7.7,-6.5,-5.5,-5.3,-5.5,-6.4,-7.3,-7.7,-8.0,-8.3,-8.4,-8.3,-8.5,-7.5,-7.0,-6.9,-7.3,-7.7,-7.3,-6.9,-6.1,-5.5,-4.6,-3.5,-2.7,-3.0,-2.8,-2.8,-2.4,-1.8,-1.3,-1.9,-2.8,-3.6,-4.2,-5.2,-6.0,-6.7,-7.3,-7.9,-8.1,-8.4,-9.0,-9.6,-9.4,-8.8,-7.0,-5.1,-4.3,-2.4,-2.7,-2.3,-3.0,-4.2,-5.3,-5.7,-6.2,-6.3,-6.4,-6.7
711,2.8,2.8,2.8,3.1,2.7,2.5,2.1,1.1,0.4,0.6,1.5,1.7,2.3,2.5,2.3,0.5,0.5,0.1,0.4,-0.3,-0.7,-2.4,-4.4,-5.4,-6.4,-7.3,-8.1,-9.0,-9.6,-10.2,-10.3,-10.7,-11.0,-10.5,-9.5,-8.0,-7.7,-6.5,-5.5,-5.3,-5.5,-6.4,-7.3,-7.7,-8.0,-8.3,-8.4,-8.3,-8.5,-7.5,-7.0,-6.9,-7.3,-7.7,-7.3,-6.9,-6.1,-5.5,-4.6,-3.5,-2.7,-3.0,-2.8,-2.8,-2.4,-1.8,-1.3,-1.9,-2.8,-3.6,-4.2,-5.2,-6.0,-6.7,-7.3,-7.9,-8.1,-8.4,-9.0,-9.6,-9.4,-8.8,-7.0,-5.1,-4.3,-2.4,-2.7,-2.3,-3.0,-4.2,-5.3,-5.7,-6.2,-6.3,-6.4,-6.7,-6.9,-7.1,-7.8,-8.4,-8.3,-8.4,-7.9,-7.7,-7.5,-7.1,-5.7,-3.6,-3.6,-3.4,-3.5,-4.0,-4.6,-5.7,-6.6,-7.3,-8.1,-8.7,-9.1,-9.4
712,-6.4,-7.3,-8.1,-9.0,-9.6,-10.2,-10.3,-10.7,-11.0,-10.5,-9.5,-8.0,-7.7,-6.5,-5.5,-5.3,-5.5,-6.4,-7.3,-7.7,-8.0,-8.3,-8.4,-8.3,-8.5,-7.5,-7.0,-6.9,-7.3,-7.7,-7.3,-6.9,-6.1,-5.5,-4.6,-3.5,-2.7,-3.0,-2.8,-2.8,-2.4,-1.8,-1.3,-1.9,-2.8,-3.6,-4.2,-5.2,-6.0,-6.7,-7.3,-7.9,-8.1,-8.4,-9.0,-9.6,-9.4,-8.8,-7.0,-5.1,-4.3,-2.4,-2.7,-2.3,-3.0,-4.2,-5.3,-5.7,-6.2,-6.3,-6.4,-6.7,-6.9,-7.1,-7.8,-8.4,-8.3,-8.4,-7.9,-7.7,-7.5,-7.1,-5.7,-3.6,-3.6,-3.4,-3.5,-4.0,-4.6,-5.7,-6.6,-7.3,-8.1,-8.7,-9.1,-9.4,-9.8,-10.3,-10.6,-11.0,-11.3,-11.4,-11.6,-11.7,-12.3,-11.9,-9.5,-8.5,-7.1,-6.8,-6.0,-6.2,-6.1,-7.2,-7.8,-8.2,-8.9,-9.5,-10.0,-10.2
713,-8.5,-7.5,-7.0,-6.9,-7.3,-7.7,-7.3,-6.9,-6.1,-5.5,-4.6,-3.5,-2.7,-3.0,-2.8,-2.8,-2.4,-1.8,-1.3,-1.9,-2.8,-3.6,-4.2,-5.2,-6.0,-6.7,-7.3,-7.9,-8.1,-8.4,-9.0,-9.6,-9.4,-8.8,-7.0,-5.1,-4.3,-2.4,-2.7,-2.3,-3.0,-4.2,-5.3,-5.7,-6.2,-6.3,-6.4,-6.7,-6.9,-7.1,-7.8,-8.4,-8.3,-8.4,-7.9,-7.7,-7.5,-7.1,-5.7,-3.6,-3.6,-3.4,-3.5,-4.0,-4.6,-5.7,-6.6,-7.3,-8.1,-8.7,-9.1,-9.4,-9.8,-10.3,-10.6,-11.0,-11.3,-11.4,-11.6,-11.7,-12.3,-11.9,-9.5,-8.5,-7.1,-6.8,-6.0,-6.2,-6.1,-7.2,-7.8,-8.2,-8.9,-9.5,-10.0,-10.2,-10.7,-10.7,-11.2,-11.7,-12.0,-11.8,-11.3,-11.3,-11.5,-10.5,-8.4,-5.7,-4.3,-3.6,-3.0,-2.8,-3.2,-3.5,-3.8,-4.2,-4.7,-5.3,-5.5,-6.3
714,-6.0,-6.7,-7.3,-7.9,-8.1,-8.4,-9.0,-9.6,-9.4,-8.8,-7.0,-5.1,-4.3,-2.4,-2.7,-2.3,-3.0,-4.2,-5.3,-5.7,-6.2,-6.3,-6.4,-6.7,-6.9,-7.1,-7.8,-8.4,-8.3,-8.4,-7.9,-7.7,-7.5,-7.1,-5.7,-3.6,-3.6,-3.4,-3.5,-4.0,-4.6,-5.7,-6.6,-7.3,-8.1,-8.7,-9.1,-9.4,-9.8,-10.3,-10.6,-11.0,-11.3,-11.4,-11.6,-11.7,-12.3,-11.9,-9.5,-8.5,-7.1,-6.8,-6.0,-6.2,-6.1,-7.2,-7.8,-8.2,-8.9,-9.5,-10.0,-10.2,-10.7,-10.7,-11.2,-11.7,-12.0,-11.8,-11.3,-11.3,-11.5,-10.5,-8.4,-5.7,-4.3,-3.6,-3.0,-2.8,-3.2,-3.5,-3.8,-4.2,-4.7,-5.3,-5.5,-6.3,-6.7,-7.3,-7.1,-7.9,-8.5,-8.9,-9.3,-9.3,-9.3,-8.2,-5.1,-2.9,-1.3,0.3,1.5,2.4,1.7,0.8,-0.1,-0.3,-0.4,-0.6,-0.7,-0.8
715,-6.9,-7.1,-7.8,-8.4,-8.3,-8.4,-7.9,-7.7,-7.5,-7.1,-5.7,-3.6,-3.6,-3.4,-3.5,-4.0,-4.6,-5.7,-6.6,-7.3,-8.1,-8.7,-9.1,-9.4,-9.8,-10.3,-10.6,-11.0,-11.3,-11.4,-11.6,-11.7,-12.3,-11.9,-9.5,-8.5,-7.1,-6.8,-6.0,-6.2,-6.1,-7.2,-7.8,-8.2,-8.9,-9.5,-10.0,-10.2,-10.7,-10.7,-11.2,-11.7,-12.0,-11.8,-11.3,-11.3,-11.5,-10.5,-8.4,-5.7,-4.3,-3.6,-3.0,-2.8,-3.2,-3.5,-3.8,-4.2,-4.7,-5.3,-5.5,-6.3,-6.7,-7.3,-7.1,-7.9,-8.5,-8.9,-9.3,-9.3,-9.3,-8.2,-5.1,-2.9,-1.3,0.3,1.5,2.4,1.7,0.8,-0.1,-0.3,-0.4,-0.6,-0.7,-0.8,-0.6,-0.7,-0.8,-0.5,-0.2,-1.1,-1.3,-1.3,-1.3,-1.2,-0.8,0.0,0.6,0.8,1.5,2.2,2.6,2.3,1.7,1.7,1.4,0.1,-1.0,-1.9
716,-9.8,-10.3,-10.6,-11.0,-11.3,-11.4,-11.6,-11.7,-12.3,-11.9,-9.5,-8.5,-7.1,-6.8,-6.0,-6.2,-6.1,-7.2,-7.8,-8.2,-8.9,-9.5,-10.0,-10.2,-10.7,-10.7,-11.2,-11.7,-12.0,-11.8,-11.3,-11.3,-11.5,-10.5,-8.4,-5.7,-4.3,-3.6,-3.0,-2.8,-3.2,-3.5,-3.8,-4.2,-4.7,-5.3,-5.5,-6.3,-6.7,-7.3,-7.1,-7.9,-8.5,-8.9,-9.3,-9.3,-9.3,-8.2,-5.1,-2.9,-1.3,0.3,1.5,2.4,1.7,0.8,-0.1,-0.3,-0.4,-0.6,-0.7,-0.8,-0.6,-0.7,-0.8,-0.5,-0.2,-1.1,-1.3,-1.3,-1.3,-1.2,-0.8,0.0,0.6,0.8,1.5,2.2,2.6,2.3,1.7,1.7,1.4,0.1,-1.0,-1.9,-2.6,-3.4,-4.2,-4.9,-5.6,-6.4,-7.1,-7.5,-8.2,-8.0,-7.6,-7.3,-6.3,-6.5,-6.2,-6.5,-6.4,-7.6,-8.4,-9.0,-9.8,-10.1,-10.5,-10.9
717,-10.7,-10.7,-11.2,-11.7,-12.0,-11.8,-11.3,-11.3,-11.5,-10.5,-8.4,-5.7,-4.3,-3.6,-3.0,-2.8,-3.2,-3.5,-3.8,-4.2,-4.7,-5.3,-5.5,-6.3,-6.7,-7.3,-7.1,-7.9,-8.5,-8.9,-9.3,-9.3,-9.3,-8.2,-5.1,-2.9,-1.3,0.3,1.5,2.4,1.7,0.8,-0.1,-0.3,-0.4,-0.6,-0.7,-0.8,-0.6,-0.7,-0.8,-0.5,-0.2,-1.1,-1.3,-1.3,-1.3,-1.2,-0.8,0.0,0.6,0.8,1.5,2.2,2.6,2.3,1.7,1.7,1.4,0.1,-1.0,-1.9,-2.6,-3.4,-4.2,-4.9,-5.6,-6.4,-7.1,-7.5,-8.2,-8.0,-7.6,-7.3,-6.3,-6.5,-6.2,-6.5,-6.4,-7.6,-8.4,-9.0,-9.8,-10.1,-10.5,-10.9,-11.3,-11.7,-12.1,-12.8,-13.2,-13.4,-13.6,-13.7,-13.7,-13.3,-12.1,-11.4,-10.3,-9.6,-9.3,-9.2,-9.4,-10.5,-11.2,-11.7,-11.8,-11.6,-11.9,-12.2
718,-6.7,-7.3,-7.1,-7.9,-8.5,-8.9,-9.3,-9.3,-9.3,-8.2,-5.1,-2.9,-1.3,0.3,1.5,2.4,1.7,0.8,-0.1,-0.3,-0.4,-0.6,-0.7,-0.8,-0.6,-0.7,-0.8,-0.5,-0.2,-1.1,-1.3,-1.3,-1.3,-1.2,-0.8,0.0,0.6,0.8,1.5,2.2,2.6,2.3,1.7,1.7,1.4,0.1,-1.0,-1.9,-2.6,-3.4,-4.2,-4.9,-5.6,-6.4,-7.1,-7.5,-8.2,-8.0,-7.6,-7.3,-6.3,-6.5,-6.2,-6.5,-6.4,-7.6,-8.4,-9.0,-9.8,-10.1,-10.5,-10.9,-11.3,-11.7,-12.1,-12.8,-13.2,-13.4,-13.6,-13.7,-13.7,-13.3,-12.1,-11.4,-10.3,-9.6,-9.3,-9.2,-9.4,-10.5,-11.2,-11.7,-11.8,-11.6,-11.9,-12.2,-12.6,-12.7,-12.4,-12.1,-12.7,-13.2,-13.3,-13.3,-13.5,-12.2,-10.3,-8.2,-6.1,-4.5,-2.9,-2.6,-2.1,-3.5,-5.2,-6.1,-6.6,-7.0,-7.5,-8.0
719,-0.6,-0.7,-0.8,-0.5,-0.2,-1.1,-1.3,-1.3,-1.3,-1.2,-0.8,0.0,0.6,0.8,1.5,2.2,2.6,2.3,1.7,1.7,1.4,0.1,-1.0,-1.9,-2.6,-3.4,-4.2,-4.9,-5.6,-6.4,-7.1,-7.5,-8.2,-8.0,-7.6,-7.3,-6.3,-6.5,-6.2,-6.5,-6.4,-7.6,-8.4,-9.0,-9.8,-10.1,-10.5,-10.9,-11.3,-11.7,-12.1,-12.8,-13.2,-13.4,-13.6,-13.7,-13.7,-13.3,-12.1,-11.4,-10.3,-9.6,-9.3,-9.2,-9.4,-10.5,-11.2,-11.7,-11.8,-11.6,-11.9,-12.2,-12.6,-12.7,-12.4,-12.1,-12.7,-13.2,-13.3,-13.3,-13.5,-12.2,-10.3,-8.2,-6.1,-4.5,-2.9,-2.6,-2.1,-3.5,-5.2,-6.1,-6.6,-7.0,-7.5,-8.0,-8.5,-8.7,-9.0,-9.1,-9.1,-9.2,-9.4,-9.5,-9.3,-8.9,-6.6,-4.4,-3.1,-1.3,-1.1,-0.5,-0.2,-1.6,-2.5,-3.3,-4.0,-4.3,-4.9,-5.0
720,-2.6,-3.4,-4.2,-4.9,-5.6,-6.4,-7.1,-7.5,-8.2,-8.0,-7.6,-7.3,-6.3,-6.5,-6.2,-6.5,-6.4,-7.6,-8.4,-9.0,-9.8,-10.1,-10.5,-10.9,-11.3,-11.7,-12.1,-12.8,-13.2,-13.4,-13.6,-13.7,-13.7,-13.3,-12.1,-11.4,-10.3,-9.6,-9.3,-9.2,-9.4,-10.5,-11.2,-11.7,-11.8,-11.6,-11.9,-12.2,-12.6,-12.7,-12.4,-12.1,-12.7,-13.2,-13.3,-13.3,-13.5,-12.2,-10.3,-8.2,-6.1,-4.5,-2.9,-2.6,-2.1,-3.5,-5.2,-6.1,-6.6,-7.0,-7.5,-8.0,-8.5,-8.7,-9.0,-9.1,-9.1,-9.2,-9.4,-9.5,-9.3,-8.9,-6.6,-4.4,-3.1,-1.3,-1.1,-0.5,-0.2,-1.6,-2.5,-3.3,-4.0,-4.3,-4.9,-5.0,-5.4,-6.0,-6.4,-6.8,-7.0,-7.1,-7.1,-7.6,-7.9,-7.1,-5.0,-2.7,-2.1,-0.6,0.3,1.5,1.0,-0.2,-1.5,-2.3,-3.1,-3.7,-4.1,-4.6
721,-11.3,-11.7,-12.1,-12.8,-13.2,-13.4,-13.6,-13.7,-13.7,-13.3,-12.1,-11.4,-10.3,-9.6,-9.3,-9.2,-9.4,-10.5,-11.2,-11.7,-11.8,-11.6,-11.9,-12.2,-12.6,-12.7,-12.4,-12.1,-12.7,-13.2,-13.3,-13.3,-13.5,-12.2,-10.3,-8.2,-6.1,-4.5,-2.9,-2.6,-2.1,-3.5,-5.2,-6.1,-6.6,-7.0,-7.5,-8.0,-8.5,-8.7,-9.0,-9.1,-9.1,-9.2,-9.4,-9.5,-9.3,-8.9,-6.6,-4.4,-3.1,-1.3,-1.1,-0.5,-0.2,-1.6,-2.5,-3.3,-4.0,-4.3,-4.9,-5.0,-5.4,-6.0,-6.4,-6.8,-7.0,-7.1,-7.1,-7.6,-7.9,-7.1,-5.0,-2.7,-2.1,-0.6,0.3,1.5,1.0,-0.2,-1.5,-2.3,-3.1,-3.7,-4.1,-4.6,-4.8,-5.2,-5.4,-6.0,-6.3,-6.5,-6.8,-7.2,-7.3,-6.6,-4.1,-2.0,-0.4,2.3,2.7,3.0,2.6,1.5,0.5,-0.3,-0.6,-1.4,-2.3,-2.8
722,-12.6,-12.7,-12.4,-12.1,-12.7,-13.2,-13.3,-13.3,-13.5,-12.2,-10.3,-8.2,-6.1,-4.5,-2.9,-2.6,-2.1,-3.5,-5.2,-6.1,-6.6,-7.0,-7.5,-8.0,-8.5,-8.7,-9.0,-9.1,-9.1,-9.2,-9.4,-9.5,-9.3,-8.9,-6.6,-4.4,-3.1,-1.3,-1.1,-0.5,-0.2,-1.6,-2.5,-3.3,-4.0,-4.3,-4.9,-5.0,-5.4,-6.0,-6.4,-6.8,-7.0,-7.1,-7.1,-7.6,-7.9,-7.1,-5.0,-2.7,-2.1,-0.6,0.3,1.5,1.0,-0.2,-1.5,-2.3,-3.1,-3.7,-4.1,-4.6,-4.8,-5.2,-5.4,-6.0,-6.3,-6.5,-6.8,-7.2,-7.3,-6.6,-4.1,-2.0,-0.4,2.3,2.7,3.0,2.6,1.5,0.5,-0.3,-0.6,-1.4,-2.3,-2.8,-3.1,-3.3,-3.6,-3.3,-2.1,-1.5,-2.3,-3.5,-4.5,-4.8,-3.6,-2.0,-1.8,-1.2,-0.8,-0.3,-0.6,-2.0,-3.0,-3.5,-4.2,-4.6,-5.0,-5.4
723,-8.5,-8.7,-9.0,-9.1,-9.1,-9.2,-9.4,-9.5,-9.3,-8.9,-6.6,-4.4,-3.1,-1.3,-1.1,-0.5,-0.2,-1.6,-2.5,-3.3,-4.0,-4.3,-4.9,-5.0,-5.4,-6.0,-6.4,-6.8,-7.0,-7.1,-7.1,-7.6,-7.9,-7.1,-5.0,-2.7,-2.1,-0.6,0.3,1.5,1.0,-0.2,-1.5,-2.3,-3.1,-3.7,-4.1,-4.6,-4.8,-5.2,-5.4,-6.0,-6.3,-6.5,-6.8,-7.2,-7.3,-6.6,-4.1,-2.0,-0.4,2.3,2.7,3.0,2.6,1.5,0.5,-0.3,-0.6,-1.4,-2.3,-2.8,-3.1,-3.3,-3.6,-3.3,-2.1,-1.5,-2.3,-3.5,-4.5,-4.8,-3.6,-2.0,-1.8,-1.2,-0.8,-0.3,-0.6,-2.0,-3.0,-3.5,-4.2,-4.6,-5.0,-5.4,-6.0,-6.7,-7.2,-7.1,-6.9,-7.2,-7.4,-7.5,-7.8,-7.1,-4.8,-1.9,-1.1,-0.2,1.5,1.7,1.7,0.5,-0.6,-1.2,-1.0,-0.8,-1.0,-1.0
724,-5.4,-6.0,-6.4,-6.8,-7.0,-7.1,-7.1,-7.6,-7.9,-7.1,-5.0,-2.7,-2.1,-0.6,0.3,1.5,1.0,-0.2,-1.5,-2.3,-3.1,-3.7,-4.1,-4.6,-4.8,-5.2,-5.4,-6.0,-6.3,-6.5,-6.8,-7.2,-7.3,-6.6,-4.1,-2.0,-0.4,2.3,2.7,3.0,2.6,1.5,0.5,-0.3,-0.6,-1.4,-2.3,-2.8,-3.1,-3.3,-3.6,-3.3,-2.1,-1.5,-2.3,-3.5,-4.5,-4.8,-3.6,-2.0,-1.8,-1.2,-0.8,-0.3,-0.6,-2.0,-3.0,-3.5,-4.2,-4.6,-5.0,-5.4,-6.0,-6.7,-7.2,-7.1,-6.9,-7.2,-7.4,-7.5,-7.8,-7.1,-4.8,-1.9,-1.1,-0.2,1.5,1.7,1.7,0.5,-0.6,-1.2,-1.0,-0.8,-1.0,-1.0,-1.0,-1.2,-1.4,-2.3,-2.7,-2.4,-2.2,-2.8,-3.3,-3.5,-1.5,-0.6,0.6,1.7,2.1,2.0,1.4,0.1,-1.0,-1.6,-2.4,-3.4,-3.8,-4.0
