,MAE,MAPE,MASE,MSE,SMAPE
count,50.0,50.0,50.0,50.0,50.0
mean,25.435467,76.990632,27.175148,31.421193,60.446084
std,0.0,0.0,0.0,0.0,0.0
min,25.435467,76.990632,27.175148,31.421193,60.446084
25%,25.435467,76.990632,27.175148,31.421193,60.446084
50%,25.435467,76.990632,27.175148,31.421193,60.446084
75%,25.435467,76.990632,27.175148,31.421193,60.446084
max,25.435467,76.990632,27.175148,31.421193,60.446084
