,0,1,2,3,4,5,6,7,8,9,10,11,12,13,14,15,16,17,18,19,20,21,22,23,24,25,26,27,28,29,30,31,32,33,34,35,36,37,38,39,40,41,42,43,44,45,46,47,48,49,50,51,52,53,54,55,56,57,58,59,60,61,62,63,64,65,66,67,68,69,70,71,72,73,74,75,76,77,78,79,80,81,82,83,84,85,86,87,88,89,90,91,92,93,94,95,96,97,98,99,100,101,102,103,104,105,106,107,108,109,110,111,112,113,114,115,116,117,118,119,120,121,122,123,124,125,126,127,128,129,130,131,132,133,134,135,136,137,138,139,140,141,142,143,144,145,146,147,148,149,150,151,152,153,154,155,156,157,158,159,160,161,162,163,164,165,166,167
0,0.0,0.0,0.0,0.0,0.0,0.0,0.0,0.0,0.0,0.27,0.76,1.4,1.74,1.61,1.61,1.43,0.42,0.28,0.02,0.0,0.0,0.0,0.0,0.0,0.0,0.0,0.0,0.0,0.0,0.0,0.0,0.0,0.0,0.3,0.88,1.46,1.81,1.95,1.87,1.57,1.05,0.41,0.04,0.0,0.0,0.0,0.0,0.0,0.0,0.0,0.0,0.0,0.0,0.0,0.0,0.0,0.0,0.28,0.86,1.45,1.78,1.62,1.21,0.76,0.48,0.33,0.03,0.0,0.0,0.0,0.0,0.0,0.0,0.0,0.0,0.0,0.0,0.0,0.0,0.0,0.0,0.2,0.56,1.17,1.59,1.67,1.05,0.58,0.39,0.2,0.03,0.0,0.0,0.0,0.0,0.0,0.0,0.0,0.0,0.0,0.0,0.0,0.0,0.0,0.01,0.28,0.82,1.45,1.82,1.98,1.69,0.74,1.15,0.48,0.04,0.0,0.0,0.0,0.0,0.0,0.0,0.0,0.0,0.0,0.0,0.0,0.0,0.0,0.0,0.32,0.84,1.5,1.89,2.04,1.95,1.64,1.13,0.44,0.03,0.0,0.0,0.0,0.0,0.0,0.0,0.0,0.0,0.0,0.0,0.0,0.0,0.0,0.01,0.31,0.92,0.0,0.0,0.0,2.03,1.72,1.2,0.53,0.06,0.0,0.0,0.0,0.0,0.0
1,0.0,0.0,0.0,0.0,0.0,0.0,0.0,0.0,0.0,0.3,0.88,1.46,1.81,1.95,1.87,1.57,1.05,0.41,0.04,0.0,0.0,0.0,0.0,0.0,0.0,0.0,0.0,0.0,0.0,0.0,0.0,0.0,0.0,0.28,0.86,1.45,1.78,1.62,1.21,0.76,0.48,0.33,0.03,0.0,0.0,0.0,0.0,0.0,0.0,0.0,0.0,0.0,0.0,0.0,0.0,0.0,0.0,0.2,0.56,1.17,1.59,1.67,1.05,0.58,0.39,0.2,0.03,0.0,0.0,0.0,0.0,0.0,0.0,0.0,0.0,0.0,0.0,0.0,0.0,0.0,0.01,0.28,0.82,1.45,1.82,1.98,1.69,0.74,1.15,0.48,0.04,0.0,0.0,0.0,0.0,0.0,0.0,0.0,0.0,0.0,0.0,0.0,0.0,0.0,0.0,0.32,0.84,1.5,1.89,2.04,1.95,1.64,1.13,0.44,0.03,0.0,0.0,0.0,0.0,0.0,0.0,0.0,0.0,0.0,0.0,0.0,0.0,0.0,0.01,0.31,0.92,0.0,0.0,0.0,2.03,1.72,1.2,0.53,0.06,0.0,0.0,0.0,0.0,0.0,0.0,0.0,0.0,0.0,0.0,0.0,0.0,0.0,0.01,0.35,0.92,1.55,1.92,2.09,2.02,1.72,1.21,0.53,0.06,0.0,0.0,0.0,0.0,0.0
2,0.0,0.0,0.0,0.0,0.0,0.0,0.0,0.0,0.0,0.28,0.86,1.45,1.78,1.62,1.21,0.76,0.48,0.33,0.03,0.0,0.0,0.0,0.0,0.0,0.0,0.0,0.0,0.0,0.0,0.0,0.0,0.0,0.0,0.2,0.56,1.17,1.59,1.67,1.05,0.58,0.39,0.2,0.03,0.0,0.0,0.0,0.0,0.0,0.0,0.0,0.0,0.0,0.0,0.0,0.0,0.0,0.01,0.28,0.82,1.45,1.82,1.98,1.69,0.74,1.15,0.48,0.04,0.0,0.0,0.0,0.0,0.0,0.0,0.0,0.0,0.0,0.0,0.0,0.0,0.0,0.0,0.32,0.84,1.5,1.89,2.04,1.95,1.64,1.13,0.44,0.03,0.0,0.0,0.0,0.0,0.0,0.0,0.0,0.0,0.0,0.0,0.0,0.0,0.0,0.01,0.31,0.92,0.0,0.0,0.0,2.03,1.72,1.2,0.53,0.06,0.0,0.0,0.0,0.0,0.0,0.0,0.0,0.0,0.0,0.0,0.0,0.0,0.0,0.01,0.35,0.92,1.55,1.92,2.09,2.02,1.72,1.21,0.53,0.06,0.0,0.0,0.0,0.0,0.0,0.0,0.0,0.0,0.0,0.0,0.0,0.0,0.0,0.0,0.32,0.85,1.27,1.82,1.99,1.97,1.65,1.15,0.51,0.06,0.0,0.0,0.0,0.0,0.0
3,0.0,0.0,0.0,0.0,0.0,0.0,0.0,0.0,0.0,0.2,0.56,1.17,1.59,1.67,1.05,0.58,0.39,0.2,0.03,0.0,0.0,0.0,0.0,0.0,0.0,0.0,0.0,0.0,0.0,0.0,0.0,0.0,0.01,0.28,0.82,1.45,1.82,1.98,1.69,0.74,1.15,0.48,0.04,0.0,0.0,0.0,0.0,0.0,0.0,0.0,0.0,0.0,0.0,0.0,0.0,0.0,0.0,0.32,0.84,1.5,1.89,2.04,1.95,1.64,1.13,0.44,0.03,0.0,0.0,0.0,0.0,0.0,0.0,0.0,0.0,0.0,0.0,0.0,0.0,0.0,0.01,0.31,0.92,0.0,0.0,0.0,2.03,1.72,1.2,0.53,0.06,0.0,0.0,0.0,0.0,0.0,0.0,0.0,0.0,0.0,0.0,0.0,0.0,0.0,0.01,0.35,0.92,1.55,1.92,2.09,2.02,1.72,1.21,0.53,0.06,0.0,0.0,0.0,0.0,0.0,0.0,0.0,0.0,0.0,0.0,0.0,0.0,0.0,0.0,0.32,0.85,1.27,1.82,1.99,1.97,1.65,1.15,0.51,0.06,0.0,0.0,0.0,0.0,0.0,0.0,0.0,0.0,0.0,0.0,0.0,0.0,0.0,0.0,0.32,0.88,1.45,1.82,1.96,1.53,1.0,0.59,0.25,0.04,0.0,0.0,0.0,0.0,0.0
4,0.0,0.0,0.0,0.0,0.0,0.0,0.0,0.0,0.01,0.28,0.82,1.45,1.82,1.98,1.69,0.74,1.15,0.48,0.04,0.0,0.0,0.0,0.0,0.0,0.0,0.0,0.0,0.0,0.0,0.0,0.0,0.0,0.0,0.32,0.84,1.5,1.89,2.04,1.95,1.64,1.13,0.44,0.03,0.0,0.0,0.0,0.0,0.0,0.0,0.0,0.0,0.0,0.0,0.0,0.0,0.0,0.01,0.31,0.92,0.0,0.0,0.0,2.03,1.72,1.2,0.53,0.06,0.0,0.0,0.0,0.0,0.0,0.0,0.0,0.0,0.0,0.0,0.0,0.0,0.0,0.01,0.35,0.92,1.55,1.92,2.09,2.02,1.72,1.21,0.53,0.06,0.0,0.0,0.0,0.0,0.0,0.0,0.0,0.0,0.0,0.0,0.0,0.0,0.0,0.0,0.32,0.85,1.27,1.82,1.99,1.97,1.65,1.15,0.51,0.06,0.0,0.0,0.0,0.0,0.0,0.0,0.0,0.0,0.0,0.0,0.0,0.0,0.0,0.0,0.32,0.88,1.45,1.82,1.96,1.53,1.0,0.59,0.25,0.04,0.0,0.0,0.0,0.0,0.0,0.0,0.0,0.0,0.0,0.0,0.0,0.0,0.0,0.0,0.13,0.29,0.47,0.55,0.84,0.88,0.56,0.46,0.24,0.05,0.0,0.0,0.0,0.0,0.0
5,0.0,0.0,0.0,0.0,0.0,0.0,0.0,0.0,0.0,0.32,0.84,1.5,1.89,2.04,1.95,1.64,1.13,0.44,0.03,0.0,0.0,0.0,0.0,0.0,0.0,0.0,0.0,0.0,0.0,0.0,0.0,0.0,0.01,0.31,0.92,0.0,0.0,0.0,2.03,1.72,1.2,0.53,0.06,0.0,0.0,0.0,0.0,0.0,0.0,0.0,0.0,0.0,0.0,0.0,0.0,0.0,0.01,0.35,0.92,1.55,1.92,2.09,2.02,1.72,1.21,0.53,0.06,0.0,0.0,0.0,0.0,0.0,0.0,0.0,0.0,0.0,0.0,0.0,0.0,0.0,0.0,0.32,0.85,1.27,1.82,1.99,1.97,1.65,1.15,0.51,0.06,0.0,0.0,0.0,0.0,0.0,0.0,0.0,0.0,0.0,0.0,0.0,0.0,0.0,0.0,0.32,0.88,1.45,1.82,1.96,1.53,1.0,0.59,0.25,0.04,0.0,0.0,0.0,0.0,0.0,0.0,0.0,0.0,0.0,0.0,0.0,0.0,0.0,0.0,0.13,0.29,0.47,0.55,0.84,0.88,0.56,0.46,0.24,0.05,0.0,0.0,0.0,0.0,0.0,0.0,0.0,0.0,0.0,0.0,0.0,0.0,0.0,0.0,0.21,0.72,1.26,1.73,1.24,0.5,0.36,0.08,0.02,0.01,0.0,0.0,0.0,0.0,0.0
6,0.0,0.0,0.0,0.0,0.0,0.0,0.0,0.0,0.01,0.31,0.92,0.0,0.0,0.0,2.03,1.72,1.2,0.53,0.06,0.0,0.0,0.0,0.0,0.0,0.0,0.0,0.0,0.0,0.0,0.0,0.0,0.0,0.01,0.35,0.92,1.55,1.92,2.09,2.02,1.72,1.21,0.53,0.06,0.0,0.0,0.0,0.0,0.0,0.0,0.0,0.0,0.0,0.0,0.0,0.0,0.0,0.0,0.32,0.85,1.27,1.82,1.99,1.97,1.65,1.15,0.51,0.06,0.0,0.0,0.0,0.0,0.0,0.0,0.0,0.0,0.0,0.0,0.0,0.0,0.0,0.0,0.32,0.88,1.45,1.82,1.96,1.53,1.0,0.59,0.25,0.04,0.0,0.0,0.0,0.0,0.0,0.0,0.0,0.0,0.0,0.0,0.0,0.0,0.0,0.0,0.13,0.29,0.47,0.55,0.84,0.88,0.56,0.46,0.24,0.05,0.0,0.0,0.0,0.0,0.0,0.0,0.0,0.0,0.0,0.0,0.0,0.0,0.0,0.0,0.21,0.72,1.26,1.73,1.24,0.5,0.36,0.08,0.02,0.01,0.0,0.0,0.0,0.0,0.0,0.0,0.0,0.0,0.0,0.0,0.0,0.0,0.0,0.01,0.1,0.27,0.82,1.7,1.63,1.53,1.26,0.76,0.16,0.03,0.0,0.0,0.0,0.0,0.0
7,0.0,0.0,0.0,0.0,0.0,0.0,0.0,0.0,0.01,0.35,0.92,1.55,1.92,2.09,2.02,1.72,1.21,0.53,0.06,0.0,0.0,0.0,0.0,0.0,0.0,0.0,0.0,0.0,0.0,0.0,0.0,0.0,0.0,0.32,0.85,1.27,1.82,1.99,1.97,1.65,1.15,0.51,0.06,0.0,0.0,0.0,0.0,0.0,0.0,0.0,0.0,0.0,0.0,0.0,0.0,0.0,0.0,0.32,0.88,1.45,1.82,1.96,1.53,1.0,0.59,0.25,0.04,0.0,0.0,0.0,0.0,0.0,0.0,0.0,0.0,0.0,0.0,0.0,0.0,0.0,0.0,0.13,0.29,0.47,0.55,0.84,0.88,0.56,0.46,0.24,0.05,0.0,0.0,0.0,0.0,0.0,0.0,0.0,0.0,0.0,0.0,0.0,0.0,0.0,0.0,0.21,0.72,1.26,1.73,1.24,0.5,0.36,0.08,0.02,0.01,0.0,0.0,0.0,0.0,0.0,0.0,0.0,0.0,0.0,0.0,0.0,0.0,0.0,0.01,0.1,0.27,0.82,1.7,1.63,1.53,1.26,0.76,0.16,0.03,0.0,0.0,0.0,0.0,0.0,0.0,0.0,0.0,0.0,0.0,0.0,0.0,0.0,0.0,0.25,0.76,1.28,1.63,1.78,1.7,1.42,0.9,0.44,0.05,0.0,0.0,0.0,0.0,0.0
8,0.0,0.0,0.0,0.0,0.0,0.0,0.0,0.0,0.0,0.32,0.85,1.27,1.82,1.99,1.97,1.65,1.15,0.51,0.06,0.0,0.0,0.0,0.0,0.0,0.0,0.0,0.0,0.0,0.0,0.0,0.0,0.0,0.0,0.32,0.88,1.45,1.82,1.96,1.53,1.0,0.59,0.25,0.04,0.0,0.0,0.0,0.0,0.0,0.0,0.0,0.0,0.0,0.0,0.0,0.0,0.0,0.0,0.13,0.29,0.47,0.55,0.84,0.88,0.56,0.46,0.24,0.05,0.0,0.0,0.0,0.0,0.0,0.0,0.0,0.0,0.0,0.0,0.0,0.0,0.0,0.0,0.21,0.72,1.26,1.73,1.24,0.5,0.36,0.08,0.02,0.01,0.0,0.0,0.0,0.0,0.0,0.0,0.0,0.0,0.0,0.0,0.0,0.0,0.0,0.01,0.1,0.27,0.82,1.7,1.63,1.53,1.26,0.76,0.16,0.03,0.0,0.0,0.0,0.0,0.0,0.0,0.0,0.0,0.0,0.0,0.0,0.0,0.0,0.0,0.25,0.76,1.28,1.63,1.78,1.7,1.42,0.9,0.44,0.05,0.0,0.0,0.0,0.0,0.0,0.0,0.0,0.0,0.0,0.0,0.0,0.0,0.0,0.0,0.06,0.25,0.23,0.42,0.21,0.32,0.17,0.24,0.19,0.02,0.0,0.0,0.0,0.0,0.0
9,0.0,0.0,0.0,0.0,0.0,0.0,0.0,0.0,0.0,0.32,0.88,1.45,1.82,1.96,1.53,1.0,0.59,0.25,0.04,0.0,0.0,0.0,0.0,0.0,0.0,0.0,0.0,0.0,0.0,0.0,0.0,0.0,0.0,0.13,0.29,0.47,0.55,0.84,0.88,0.56,0.46,0.24,0.05,0.0,0.0,0.0,0.0,0.0,0.0,0.0,0.0,0.0,0.0,0.0,0.0,0.0,0.0,0.21,0.72,1.26,1.73,1.24,0.5,0.36,0.08,0.02,0.01,0.0,0.0,0.0,0.0,0.0,0.0,0.0,0.0,0.0,0.0,0.0,0.0,0.0,0.01,0.1,0.27,0.82,1.7,1.63,1.53,1.26,0.76,0.16,0.03,0.0,0.0,0.0,0.0,0.0,0.0,0.0,0.0,0.0,0.0,0.0,0.0,0.0,0.0,0.25,0.76,1.28,1.63,1.78,1.7,1.42,0.9,0.44,0.05,0.0,0.0,0.0,0.0,0.0,0.0,0.0,0.0,0.0,0.0,0.0,0.0,0.0,0.0,0.06,0.25,0.23,0.42,0.21,0.32,0.17,0.24,0.19,0.02,0.0,0.0,0.0,0.0,0.0,0.0,0.0,0.0,0.0,0.0,0.0,0.0,0.0,0.01,0.27,0.79,1.4,1.82,2.06,2.04,1.65,1.22,0.53,0.07,0.0,0.0,0.0,0.0,0.0
10,0.0,0.0,0.0,0.0,0.0,0.0,0.0,0.0,0.0,0.13,0.29,0.47,0.55,0.84,0.88,0.56,0.46,0.24,0.05,0.0,0.0,0.0,0.0,0.0,0.0,0.0,0.0,0.0,0.0,0.0,0.0,0.0,0.0,0.21,0.72,1.26,1.73,1.24,0.5,0.36,0.08,0.02,0.01,0.0,0.0,0.0,0.0,0.0,0.0,0.0,0.0,0.0,0.0,0.0,0.0,0.0,0.01,0.1,0.27,0.82,1.7,1.63,1.53,1.26,0.76,0.16,0.03,0.0,0.0,0.0,0.0,0.0,0.0,0.0,0.0,0.0,0.0,0.0,0.0,0.0,0.0,0.25,0.76,1.28,1.63,1.78,1.7,1.42,0.9,0.44,0.05,0.0,0.0,0.0,0.0,0.0,0.0,0.0,0.0,0.0,0.0,0.0,0.0,0.0,0.0,0.06,0.25,0.23,0.42,0.21,0.32,0.17,0.24,0.19,0.02,0.0,0.0,0.0,0.0,0.0,0.0,0.0,0.0,0.0,0.0,0.0,0.0,0.0,0.01,0.27,0.79,1.4,1.82,2.06,2.04,1.65,1.22,0.53,0.07,0.0,0.0,0.0,0.0,0.0,0.0,0.0,0.0,0.0,0.0,0.0,0.0,0.0,0.0,0.36,0.99,1.6,1.97,2.07,1.64,0.99,0.74,0.42,0.05,0.0,0.0,0.0,0.0,0.0
11,0.0,0.0,0.0,0.0,0.0,0.0,0.0,0.0,0.0,0.21,0.72,1.26,1.73,1.24,0.5,0.36,0.08,0.02,0.01,0.0,0.0,0.0,0.0,0.0,0.0,0.0,0.0,0.0,0.0,0.0,0.0,0.0,0.01,0.1,0.27,0.82,1.7,1.63,1.53,1.26,0.76,0.16,0.03,0.0,0.0,0.0,0.0,0.0,0.0,0.0,0.0,0.0,0.0,0.0,0.0,0.0,0.0,0.25,0.76,1.28,1.63,1.78,1.7,1.42,0.9,0.44,0.05,0.0,0.0,0.0,0.0,0.0,0.0,0.0,0.0,0.0,0.0,0.0,0.0,0.0,0.0,0.06,0.25,0.23,0.42,0.21,0.32,0.17,0.24,0.19,0.02,0.0,0.0,0.0,0.0,0.0,0.0,0.0,0.0,0.0,0.0,0.0,0.0,0.0,0.01,0.27,0.79,1.4,1.82,2.06,2.04,1.65,1.22,0.53,0.07,0.0,0.0,0.0,0.0,0.0,0.0,0.0,0.0,0.0,0.0,0.0,0.0,0.0,0.0,0.36,0.99,1.6,1.97,2.07,1.64,0.99,0.74,0.42,0.05,0.0,0.0,0.0,0.0,0.0,0.0,0.0,0.0,0.0,0.0,0.0,0.0,0.0,0.01,0.11,0.15,0.33,0.47,0.54,0.47,0.64,1.11,0.61,0.1,0.0,0.0,0.0,0.0,0.0
12,0.0,0.0,0.0,0.0,0.0,0.0,0.0,0.0,0.01,0.1,0.27,0.82,1.7,1.63,1.53,1.26,0.76,0.16,0.03,0.0,0.0,0.0,0.0,0.0,0.0,0.0,0.0,0.0,0.0,0.0,0.0,0.0,0.0,0.25,0.76,1.28,1.63,1.78,1.7,1.42,0.9,0.44,0.05,0.0,0.0,0.0,0.0,0.0,0.0,0.0,0.0,0.0,0.0,0.0,0.0,0.0,0.0,0.06,0.25,0.23,0.42,0.21,0.32,0.17,0.24,0.19,0.02,0.0,0.0,0.0,0.0,0.0,0.0,0.0,0.0,0.0,0.0,0.0,0.0,0.0,0.01,0.27,0.79,1.4,1.82,2.06,2.04,1.65,1.22,0.53,0.07,0.0,0.0,0.0,0.0,0.0,0.0,0.0,0.0,0.0,0.0,0.0,0.0,0.0,0.0,0.36,0.99,1.6,1.97,2.07,1.64,0.99,0.74,0.42,0.05,0.0,0.0,0.0,0.0,0.0,0.0,0.0,0.0,0.0,0.0,0.0,0.0,0.0,0.01,0.11,0.15,0.33,0.47,0.54,0.47,0.64,1.11,0.61,0.1,0.0,0.0,0.0,0.0,0.0,0.0,0.0,0.0,0.0,0.0,0.0,0.0,0.0,0.0,0.36,0.96,1.52,1.89,2.11,2.05,1.72,1.22,0.57,0.08,0.0,0.0,0.0,0.0,0.0
13,0.0,0.0,0.0,0.0,0.0,0.0,0.0,0.0,0.0,0.25,0.76,1.28,1.63,1.78,1.7,1.42,0.9,0.44,0.05,0.0,0.0,0.0,0.0,0.0,0.0,0.0,0.0,0.0,0.0,0.0,0.0,0.0,0.0,0.06,0.25,0.23,0.42,0.21,0.32,0.17,0.24,0.19,0.02,0.0,0.0,0.0,0.0,0.0,0.0,0.0,0.0,0.0,0.0,0.0,0.0,0.0,0.01,0.27,0.79,1.4,1.82,2.06,2.04,1.65,1.22,0.53,0.07,0.0,0.0,0.0,0.0,0.0,0.0,0.0,0.0,0.0,0.0,0.0,0.0,0.0,0.0,0.36,0.99,1.6,1.97,2.07,1.64,0.99,0.74,0.42,0.05,0.0,0.0,0.0,0.0,0.0,0.0,0.0,0.0,0.0,0.0,0.0,0.0,0.0,0.01,0.11,0.15,0.33,0.47,0.54,0.47,0.64,1.11,0.61,0.1,0.0,0.0,0.0,0.0,0.0,0.0,0.0,0.0,0.0,0.0,0.0,0.0,0.0,0.0,0.36,0.96,1.52,1.89,2.11,2.05,1.72,1.22,0.57,0.08,0.0,0.0,0.0,0.0,0.0,0.0,0.0,0.0,0.0,0.0,0.0,0.0,0.0,0.01,0.3,0.86,1.45,1.82,2.01,1.98,1.71,1.17,0.52,0.09,0.0,0.0,0.0,0.0,0.0
14,0.0,0.0,0.0,0.0,0.0,0.0,0.0,0.0,0.0,0.06,0.25,0.23,0.42,0.21,0.32,0.17,0.24,0.19,0.02,0.0,0.0,0.0,0.0,0.0,0.0,0.0,0.0,0.0,0.0,0.0,0.0,0.0,0.01,0.27,0.79,1.4,1.82,2.06,2.04,1.65,1.22,0.53,0.07,0.0,0.0,0.0,0.0,0.0,0.0,0.0,0.0,0.0,0.0,0.0,0.0,0.0,0.0,0.36,0.99,1.6,1.97,2.07,1.64,0.99,0.74,0.42,0.05,0.0,0.0,0.0,0.0,0.0,0.0,0.0,0.0,0.0,0.0,0.0,0.0,0.0,0.01,0.11,0.15,0.33,0.47,0.54,0.47,0.64,1.11,0.61,0.1,0.0,0.0,0.0,0.0,0.0,0.0,0.0,0.0,0.0,0.0,0.0,0.0,0.0,0.0,0.36,0.96,1.52,1.89,2.11,2.05,1.72,1.22,0.57,0.08,0.0,0.0,0.0,0.0,0.0,0.0,0.0,0.0,0.0,0.0,0.0,0.0,0.0,0.01,0.3,0.86,1.45,1.82,2.01,1.98,1.71,1.17,0.52,0.09,0.0,0.0,0.0,0.0,0.0,0.0,0.0,0.0,0.0,0.0,0.0,0.0,0.0,0.01,0.11,0.33,0.37,0.45,0.65,0.32,0.27,0.16,0.08,0.02,0.0,0.0,0.0,0.0,0.0
15,0.0,0.0,0.0,0.0,0.0,0.0,0.0,0.0,0.01,0.27,0.79,1.4,1.82,2.06,2.04,1.65,1.22,0.53,0.07,0.0,0.0,0.0,0.0,0.0,0.0,0.0,0.0,0.0,0.0,0.0,0.0,0.0,0.0,0.36,0.99,1.6,1.97,2.07,1.64,0.99,0.74,0.42,0.05,0.0,0.0,0.0,0.0,0.0,0.0,0.0,0.0,0.0,0.0,0.0,0.0,0.0,0.01,0.11,0.15,0.33,0.47,0.54,0.47,0.64,1.11,0.61,0.1,0.0,0.0,0.0,0.0,0.0,0.0,0.0,0.0,0.0,0.0,0.0,0.0,0.0,0.0,0.36,0.96,1.52,1.89,2.11,2.05,1.72,1.22,0.57,0.08,0.0,0.0,0.0,0.0,0.0,0.0,0.0,0.0,0.0,0.0,0.0,0.0,0.0,0.01,0.3,0.86,1.45,1.82,2.01,1.98,1.71,1.17,0.52,0.09,0.0,0.0,0.0,0.0,0.0,0.0,0.0,0.0,0.0,0.0,0.0,0.0,0.0,0.01,0.11,0.33,0.37,0.45,0.65,0.32,0.27,0.16,0.08,0.02,0.0,0.0,0.0,0.0,0.0,0.0,0.0,0.0,0.0,0.0,0.0,0.0,0.0,0.01,0.07,0.23,0.35,0.39,0.41,0.3,0.28,0.18,0.1,0.02,0.0,0.0,0.0,0.0,0.0
16,0.0,0.0,0.0,0.0,0.0,0.0,0.0,0.0,0.0,0.36,0.99,1.6,1.97,2.07,1.64,0.99,0.74,0.42,0.05,0.0,0.0,0.0,0.0,0.0,0.0,0.0,0.0,0.0,0.0,0.0,0.0,0.0,0.01,0.11,0.15,0.33,0.47,0.54,0.47,0.64,1.11,0.61,0.1,0.0,0.0,0.0,0.0,0.0,0.0,0.0,0.0,0.0,0.0,0.0,0.0,0.0,0.0,0.36,0.96,1.52,1.89,2.11,2.05,1.72,1.22,0.57,0.08,0.0,0.0,0.0,0.0,0.0,0.0,0.0,0.0,0.0,0.0,0.0,0.0,0.0,0.01,0.3,0.86,1.45,1.82,2.01,1.98,1.71,1.17,0.52,0.09,0.0,0.0,0.0,0.0,0.0,0.0,0.0,0.0,0.0,0.0,0.0,0.0,0.0,0.01,0.11,0.33,0.37,0.45,0.65,0.32,0.27,0.16,0.08,0.02,0.0,0.0,0.0,0.0,0.0,0.0,0.0,0.0,0.0,0.0,0.0,0.0,0.0,0.01,0.07,0.23,0.35,0.39,0.41,0.3,0.28,0.18,0.1,0.02,0.0,0.0,0.0,0.0,0.0,0.0,0.0,0.0,0.0,0.0,0.0,0.0,0.0,0.02,0.29,0.74,1.36,1.38,1.6,1.14,1.66,1.06,0.4,0.07,0.0,0.0,0.0,0.0,0.0
17,0.0,0.0,0.0,0.0,0.0,0.0,0.0,0.0,0.01,0.11,0.15,0.33,0.47,0.54,0.47,0.64,1.11,0.61,0.1,0.0,0.0,0.0,0.0,0.0,0.0,0.0,0.0,0.0,0.0,0.0,0.0,0.0,0.0,0.36,0.96,1.52,1.89,2.11,2.05,1.72,1.22,0.57,0.08,0.0,0.0,0.0,0.0,0.0,0.0,0.0,0.0,0.0,0.0,0.0,0.0,0.0,0.01,0.3,0.86,1.45,1.82,2.01,1.98,1.71,1.17,0.52,0.09,0.0,0.0,0.0,0.0,0.0,0.0,0.0,0.0,0.0,0.0,0.0,0.0,0.0,0.01,0.11,0.33,0.37,0.45,0.65,0.32,0.27,0.16,0.08,0.02,0.0,0.0,0.0,0.0,0.0,0.0,0.0,0.0,0.0,0.0,0.0,0.0,0.0,0.01,0.07,0.23,0.35,0.39,0.41,0.3,0.28,0.18,0.1,0.02,0.0,0.0,0.0,0.0,0.0,0.0,0.0,0.0,0.0,0.0,0.0,0.0,0.0,0.02,0.29,0.74,1.36,1.38,1.6,1.14,1.66,1.06,0.4,0.07,0.0,0.0,0.0,0.0,0.0,0.0,0.0,0.0,0.0,0.0,0.0,0.0,0.0,0.02,0.36,0.92,1.55,1.94,2.12,2.03,1.75,1.27,0.35,0.09,0.0,0.0,0.0,0.0,0.0
18,0.0,0.0,0.0,0.0,0.0,0.0,0.0,0.0,0.0,0.36,0.96,1.52,1.89,2.11,2.05,1.72,1.22,0.57,0.08,0.0,0.0,0.0,0.0,0.0,0.0,0.0,0.0,0.0,0.0,0.0,0.0,0.0,0.01,0.3,0.86,1.45,1.82,2.01,1.98,1.71,1.17,0.52,0.09,0.0,0.0,0.0,0.0,0.0,0.0,0.0,0.0,0.0,0.0,0.0,0.0,0.0,0.01,0.11,0.33,0.37,0.45,0.65,0.32,0.27,0.16,0.08,0.02,0.0,0.0,0.0,0.0,0.0,0.0,0.0,0.0,0.0,0.0,0.0,0.0,0.0,0.01,0.07,0.23,0.35,0.39,0.41,0.3,0.28,0.18,0.1,0.02,0.0,0.0,0.0,0.0,0.0,0.0,0.0,0.0,0.0,0.0,0.0,0.0,0.0,0.02,0.29,0.74,1.36,1.38,1.6,1.14,1.66,1.06,0.4,0.07,0.0,0.0,0.0,0.0,0.0,0.0,0.0,0.0,0.0,0.0,0.0,0.0,0.0,0.02,0.36,0.92,1.55,1.94,2.12,2.03,1.75,1.27,0.35,0.09,0.0,0.0,0.0,0.0,0.0,0.0,0.0,0.0,0.0,0.0,0.0,0.0,0.0,0.0,0.16,0.75,1.3,1.5,1.69,1.68,1.75,1.25,0.55,0.11,0.0,0.0,0.0,0.0,0.0
19,0.0,0.0,0.0,0.0,0.0,0.0,0.0,0.0,0.01,0.3,0.86,1.45,1.82,2.01,1.98,1.71,1.17,0.52,0.09,0.0,0.0,0.0,0.0,0.0,0.0,0.0,0.0,0.0,0.0,0.0,0.0,0.0,0.01,0.11,0.33,0.37,0.45,0.65,0.32,0.27,0.16,0.08,0.02,0.0,0.0,0.0,0.0,0.0,0.0,0.0,0.0,0.0,0.0,0.0,0.0,0.0,0.01,0.07,0.23,0.35,0.39,0.41,0.3,0.28,0.18,0.1,0.02,0.0,0.0,0.0,0.0,0.0,0.0,0.0,0.0,0.0,0.0,0.0,0.0,0.0,0.02,0.29,0.74,1.36,1.38,1.6,1.14,1.66,1.06,0.4,0.07,0.0,0.0,0.0,0.0,0.0,0.0,0.0,0.0,0.0,0.0,0.0,0.0,0.0,0.02,0.36,0.92,1.55,1.94,2.12,2.03,1.75,1.27,0.35,0.09,0.0,0.0,0.0,0.0,0.0,0.0,0.0,0.0,0.0,0.0,0.0,0.0,0.0,0.0,0.16,0.75,1.3,1.5,1.69,1.68,1.75,1.25,0.55,0.11,0.0,0.0,0.0,0.0,0.0,0.0,0.0,0.0,0.0,0.0,0.0,0.0,0.0,0.01,0.06,0.11,0.21,0.25,0.37,0.53,0.27,0.09,0.04,0.01,0.0,0.0,0.0,0.0,0.0
20,0.0,0.0,0.0,0.0,0.0,0.0,0.0,0.0,0.01,0.11,0.33,0.37,0.45,0.65,0.32,0.27,0.16,0.08,0.02,0.0,0.0,0.0,0.0,0.0,0.0,0.0,0.0,0.0,0.0,0.0,0.0,0.0,0.01,0.07,0.23,0.35,0.39,0.41,0.3,0.28,0.18,0.1,0.02,0.0,0.0,0.0,0.0,0.0,0.0,0.0,0.0,0.0,0.0,0.0,0.0,0.0,0.02,0.29,0.74,1.36,1.38,1.6,1.14,1.66,1.06,0.4,0.07,0.0,0.0,0.0,0.0,0.0,0.0,0.0,0.0,0.0,0.0,0.0,0.0,0.0,0.02,0.36,0.92,1.55,1.94,2.12,2.03,1.75,1.27,0.35,0.09,0.0,0.0,0.0,0.0,0.0,0.0,0.0,0.0,0.0,0.0,0.0,0.0,0.0,0.0,0.16,0.75,1.3,1.5,1.69,1.68,1.75,1.25,0.55,0.11,0.0,0.0,0.0,0.0,0.0,0.0,0.0,0.0,0.0,0.0,0.0,0.0,0.0,0.01,0.06,0.11,0.21,0.25,0.37,0.53,0.27,0.09,0.04,0.01,0.0,0.0,0.0,0.0,0.0,0.0,0.0,0.0,0.0,0.0,0.0,0.0,0.0,0.01,0.26,1.01,1.63,1.9,2.27,2.07,1.38,1.2,0.57,0.1,0.0,0.0,0.0,0.0,0.0
21,0.0,0.0,0.0,0.0,0.0,0.0,0.0,0.0,0.01,0.07,0.23,0.35,0.39,0.41,0.3,0.28,0.18,0.1,0.02,0.0,0.0,0.0,0.0,0.0,0.0,0.0,0.0,0.0,0.0,0.0,0.0,0.0,0.02,0.29,0.74,1.36,1.38,1.6,1.14,1.66,1.06,0.4,0.07,0.0,0.0,0.0,0.0,0.0,0.0,0.0,0.0,0.0,0.0,0.0,0.0,0.0,0.02,0.36,0.92,1.55,1.94,2.12,2.03,1.75,1.27,0.35,0.09,0.0,0.0,0.0,0.0,0.0,0.0,0.0,0.0,0.0,0.0,0.0,0.0,0.0,0.0,0.16,0.75,1.3,1.5,1.69,1.68,1.75,1.25,0.55,0.11,0.0,0.0,0.0,0.0,0.0,0.0,0.0,0.0,0.0,0.0,0.0,0.0,0.0,0.01,0.06,0.11,0.21,0.25,0.37,0.53,0.27,0.09,0.04,0.01,0.0,0.0,0.0,0.0,0.0,0.0,0.0,0.0,0.0,0.0,0.0,0.0,0.0,0.01,0.26,1.01,1.63,1.9,2.27,2.07,1.38,1.2,0.57,0.1,0.0,0.0,0.0,0.0,0.0,0.0,0.0,0.0,0.0,0.0,0.0,0.0,0.0,0.02,0.15,0.11,0.1,0.35,0.61,1.76,1.61,0.93,0.36,0.14,0.0,0.0,0.0,0.0,0.0
22,0.0,0.0,0.0,0.0,0.0,0.0,0.0,0.0,0.02,0.29,0.74,1.36,1.38,1.6,1.14,1.66,1.06,0.4,0.07,0.0,0.0,0.0,0.0,0.0,0.0,0.0,0.0,0.0,0.0,0.0,0.0,0.0,0.02,0.36,0.92,1.55,1.94,2.12,2.03,1.75,1.27,0.35,0.09,0.0,0.0,0.0,0.0,0.0,0.0,0.0,0.0,0.0,0.0,0.0,0.0,0.0,0.0,0.16,0.75,1.3,1.5,1.69,1.68,1.75,1.25,0.55,0.11,0.0,0.0,0.0,0.0,0.0,0.0,0.0,0.0,0.0,0.0,0.0,0.0,0.0,0.01,0.06,0.11,0.21,0.25,0.37,0.53,0.27,0.09,0.04,0.01,0.0,0.0,0.0,0.0,0.0,0.0,0.0,0.0,0.0,0.0,0.0,0.0,0.0,0.01,0.26,1.01,1.63,1.9,2.27,2.07,1.38,1.2,0.57,0.1,0.0,0.0,0.0,0.0,0.0,0.0,0.0,0.0,0.0,0.0,0.0,0.0,0.0,0.02,0.15,0.11,0.1,0.35,0.61,1.76,1.61,0.93,0.36,0.14,0.0,0.0,0.0,0.0,0.0,0.0,0.0,0.0,0.0,0.0,0.0,0.0,0.0,0.03,0.39,1.15,1.72,2.15,2.32,2.26,1.97,1.46,0.8,0.17,0.0,0.0,0.0,0.0,0.0
23,0.0,0.0,0.0,0.0,0.0,0.0,0.0,0.0,0.02,0.36,0.92,1.55,1.94,2.12,2.03,1.75,1.27,0.35,0.09,0.0,0.0,0.0,0.0,0.0,0.0,0.0,0.0,0.0,0.0,0.0,0.0,0.0,0.0,0.16,0.75,1.3,1.5,1.69,1.68,1.75,1.25,0.55,0.11,0.0,0.0,0.0,0.0,0.0,0.0,0.0,0.0,0.0,0.0,0.0,0.0,0.0,0.01,0.06,0.11,0.21,0.25,0.37,0.53,0.27,0.09,0.04,0.01,0.0,0.0,0.0,0.0,0.0,0.0,0.0,0.0,0.0,0.0,0.0,0.0,0.0,0.01,0.26,1.01,1.63,1.9,2.27,2.07,1.38,1.2,0.57,0.1,0.0,0.0,0.0,0.0,0.0,0.0,0.0,0.0,0.0,0.0,0.0,0.0,0.0,0.02,0.15,0.11,0.1,0.35,0.61,1.76,1.61,0.93,0.36,0.14,0.0,0.0,0.0,0.0,0.0,0.0,0.0,0.0,0.0,0.0,0.0,0.0,0.0,0.03,0.39,1.15,1.72,2.15,2.32,2.26,1.97,1.46,0.8,0.17,0.0,0.0,0.0,0.0,0.0,0.0,0.0,0.0,0.0,0.0,0.0,0.0,0.0,0.01,0.04,0.19,0.56,1.68,2.01,1.93,1.73,1.39,0.74,0.18,0.0,0.0,0.0,0.0,0.0
24,0.0,0.0,0.0,0.0,0.0,0.0,0.0,0.0,0.0,0.16,0.75,1.3,1.5,1.69,1.68,1.75,1.25,0.55,0.11,0.0,0.0,0.0,0.0,0.0,0.0,0.0,0.0,0.0,0.0,0.0,0.0,0.0,0.01,0.06,0.11,0.21,0.25,0.37,0.53,0.27,0.09,0.04,0.01,0.0,0.0,0.0,0.0,0.0,0.0,0.0,0.0,0.0,0.0,0.0,0.0,0.0,0.01,0.26,1.01,1.63,1.9,2.27,2.07,1.38,1.2,0.57,0.1,0.0,0.0,0.0,0.0,0.0,0.0,0.0,0.0,0.0,0.0,0.0,0.0,0.0,0.02,0.15,0.11,0.1,0.35,0.61,1.76,1.61,0.93,0.36,0.14,0.0,0.0,0.0,0.0,0.0,0.0,0.0,0.0,0.0,0.0,0.0,0.0,0.0,0.03,0.39,1.15,1.72,2.15,2.32,2.26,1.97,1.46,0.8,0.17,0.0,0.0,0.0,0.0,0.0,0.0,0.0,0.0,0.0,0.0,0.0,0.0,0.0,0.01,0.04,0.19,0.56,1.68,2.01,1.93,1.73,1.39,0.74,0.18,0.0,0.0,0.0,0.0,0.0,0.0,0.0,0.0,0.0,0.0,0.0,0.0,0.0,0.02,0.37,1.05,1.64,1.95,1.8,1.67,1.26,0.75,0.36,0.05,0.0,0.0,0.0,0.0,0.0
25,0.0,0.0,0.0,0.0,0.0,0.0,0.0,0.0,0.01,0.06,0.11,0.21,0.25,0.37,0.53,0.27,0.09,0.04,0.01,0.0,0.0,0.0,0.0,0.0,0.0,0.0,0.0,0.0,0.0,0.0,0.0,0.0,0.01,0.26,1.01,1.63,1.9,2.27,2.07,1.38,1.2,0.57,0.1,0.0,0.0,0.0,0.0,0.0,0.0,0.0,0.0,0.0,0.0,0.0,0.0,0.0,0.02,0.15,0.11,0.1,0.35,0.61,1.76,1.61,0.93,0.36,0.14,0.0,0.0,0.0,0.0,0.0,0.0,0.0,0.0,0.0,0.0,0.0,0.0,0.0,0.03,0.39,1.15,1.72,2.15,2.32,2.26,1.97,1.46,0.8,0.17,0.0,0.0,0.0,0.0,0.0,0.0,0.0,0.0,0.0,0.0,0.0,0.0,0.0,0.01,0.04,0.19,0.56,1.68,2.01,1.93,1.73,1.39,0.74,0.18,0.0,0.0,0.0,0.0,0.0,0.0,0.0,0.0,0.0,0.0,0.0,0.0,0.0,0.02,0.37,1.05,1.64,1.95,1.8,1.67,1.26,0.75,0.36,0.05,0.0,0.0,0.0,0.0,0.0,0.0,0.0,0.0,0.0,0.0,0.0,0.0,0.0,0.0,0.08,0.22,0.4,0.95,1.24,1.77,0.49,0.29,0.3,0.06,0.0,0.0,0.0,0.0,0.0
26,0.0,0.0,0.0,0.0,0.0,0.0,0.0,0.0,0.01,0.26,1.01,1.63,1.9,2.27,2.07,1.38,1.2,0.57,0.1,0.0,0.0,0.0,0.0,0.0,0.0,0.0,0.0,0.0,0.0,0.0,0.0,0.0,0.02,0.15,0.11,0.1,0.35,0.61,1.76,1.61,0.93,0.36,0.14,0.0,0.0,0.0,0.0,0.0,0.0,0.0,0.0,0.0,0.0,0.0,0.0,0.0,0.03,0.39,1.15,1.72,2.15,2.32,2.26,1.97,1.46,0.8,0.17,0.0,0.0,0.0,0.0,0.0,0.0,0.0,0.0,0.0,0.0,0.0,0.0,0.0,0.01,0.04,0.19,0.56,1.68,2.01,1.93,1.73,1.39,0.74,0.18,0.0,0.0,0.0,0.0,0.0,0.0,0.0,0.0,0.0,0.0,0.0,0.0,0.0,0.02,0.37,1.05,1.64,1.95,1.8,1.67,1.26,0.75,0.36,0.05,0.0,0.0,0.0,0.0,0.0,0.0,0.0,0.0,0.0,0.0,0.0,0.0,0.0,0.0,0.08,0.22,0.4,0.95,1.24,1.77,0.49,0.29,0.3,0.06,0.0,0.0,0.0,0.0,0.0,0.0,0.0,0.0,0.0,0.0,0.0,0.0,0.0,0.03,0.41,1.17,1.79,2.23,2.38,2.3,1.99,1.48,0.72,0.19,0.0,0.0,0.0,0.0,0.0
27,0.0,0.0,0.0,0.0,0.0,0.0,0.0,0.0,0.02,0.15,0.11,0.1,0.35,0.61,1.76,1.61,0.93,0.36,0.14,0.0,0.0,0.0,0.0,0.0,0.0,0.0,0.0,0.0,0.0,0.0,0.0,0.0,0.03,0.39,1.15,1.72,2.15,2.32,2.26,1.97,1.46,0.8,0.17,0.0,0.0,0.0,0.0,0.0,0.0,0.0,0.0,0.0,0.0,0.0,0.0,0.0,0.01,0.04,0.19,0.56,1.68,2.01,1.93,1.73,1.39,0.74,0.18,0.0,0.0,0.0,0.0,0.0,0.0,0.0,0.0,0.0,0.0,0.0,0.0,0.0,0.02,0.37,1.05,1.64,1.95,1.8,1.67,1.26,0.75,0.36,0.05,0.0,0.0,0.0,0.0,0.0,0.0,0.0,0.0,0.0,0.0,0.0,0.0,0.0,0.0,0.08,0.22,0.4,0.95,1.24,1.77,0.49,0.29,0.3,0.06,0.0,0.0,0.0,0.0,0.0,0.0,0.0,0.0,0.0,0.0,0.0,0.0,0.0,0.03,0.41,1.17,1.79,2.23,2.38,2.3,1.99,1.48,0.72,0.19,0.0,0.0,0.0,0.0,0.0,0.0,0.0,0.0,0.0,0.0,0.0,0.0,0.0,0.02,0.42,1.09,1.7,2.12,2.32,2.16,0.69,0.44,0.64,0.1,0.0,0.0,0.0,0.0,0.0
28,0.0,0.0,0.0,0.0,0.0,0.0,0.0,0.0,0.03,0.39,1.15,1.72,2.15,2.32,2.26,1.97,1.46,0.8,0.17,0.0,0.0,0.0,0.0,0.0,0.0,0.0,0.0,0.0,0.0,0.0,0.0,0.0,0.01,0.04,0.19,0.56,1.68,2.01,1.93,1.73,1.39,0.74,0.18,0.0,0.0,0.0,0.0,0.0,0.0,0.0,0.0,0.0,0.0,0.0,0.0,0.0,0.02,0.37,1.05,1.64,1.95,1.8,1.67,1.26,0.75,0.36,0.05,0.0,0.0,0.0,0.0,0.0,0.0,0.0,0.0,0.0,0.0,0.0,0.0,0.0,0.0,0.08,0.22,0.4,0.95,1.24,1.77,0.49,0.29,0.3,0.06,0.0,0.0,0.0,0.0,0.0,0.0,0.0,0.0,0.0,0.0,0.0,0.0,0.0,0.03,0.41,1.17,1.79,2.23,2.38,2.3,1.99,1.48,0.72,0.19,0.0,0.0,0.0,0.0,0.0,0.0,0.0,0.0,0.0,0.0,0.0,0.0,0.0,0.02,0.42,1.09,1.7,2.12,2.32,2.16,0.69,0.44,0.64,0.1,0.0,0.0,0.0,0.0,0.0,0.0,0.0,0.0,0.0,0.0,0.0,0.0,0.0,0.03,0.45,1.21,1.82,2.25,2.43,2.38,2.1,1.6,0.85,0.21,0.0,0.0,0.0,0.0,0.0
29,0.0,0.0,0.0,0.0,0.0,0.0,0.0,0.0,0.01,0.04,0.19,0.56,1.68,2.01,1.93,1.73,1.39,0.74,0.18,0.0,0.0,0.0,0.0,0.0,0.0,0.0,0.0,0.0,0.0,0.0,0.0,0.0,0.02,0.37,1.05,1.64,1.95,1.8,1.67,1.26,0.75,0.36,0.05,0.0,0.0,0.0,0.0,0.0,0.0,0.0,0.0,0.0,0.0,0.0,0.0,0.0,0.0,0.08,0.22,0.4,0.95,1.24,1.77,0.49,0.29,0.3,0.06,0.0,0.0,0.0,0.0,0.0,0.0,0.0,0.0,0.0,0.0,0.0,0.0,0.0,0.03,0.41,1.17,1.79,2.23,2.38,2.3,1.99,1.48,0.72,0.19,0.0,0.0,0.0,0.0,0.0,0.0,0.0,0.0,0.0,0.0,0.0,0.0,0.0,0.02,0.42,1.09,1.7,2.12,2.32,2.16,0.69,0.44,0.64,0.1,0.0,0.0,0.0,0.0,0.0,0.0,0.0,0.0,0.0,0.0,0.0,0.0,0.0,0.03,0.45,1.21,1.82,2.25,2.43,2.38,2.1,1.6,0.85,0.21,0.0,0.0,0.0,0.0,0.0,0.0,0.0,0.0,0.0,0.0,0.0,0.0,0.0,0.02,0.31,0.53,0.72,0.59,1.01,1.82,1.31,1.0,0.48,0.16,0.0,0.0,0.0,0.0,0.0
30,0.0,0.0,0.0,0.0,0.0,0.0,0.0,0.0,0.02,0.37,1.05,1.64,1.95,1.8,1.67,1.26,0.75,0.36,0.05,0.0,0.0,0.0,0.0,0.0,0.0,0.0,0.0,0.0,0.0,0.0,0.0,0.0,0.0,0.08,0.22,0.4,0.95,1.24,1.77,0.49,0.29,0.3,0.06,0.0,0.0,0.0,0.0,0.0,0.0,0.0,0.0,0.0,0.0,0.0,0.0,0.0,0.03,0.41,1.17,1.79,2.23,2.38,2.3,1.99,1.48,0.72,0.19,0.0,0.0,0.0,0.0,0.0,0.0,0.0,0.0,0.0,0.0,0.0,0.0,0.0,0.02,0.42,1.09,1.7,2.12,2.32,2.16,0.69,0.44,0.64,0.1,0.0,0.0,0.0,0.0,0.0,0.0,0.0,0.0,0.0,0.0,0.0,0.0,0.0,0.03,0.45,1.21,1.82,2.25,2.43,2.38,2.1,1.6,0.85,0.21,0.0,0.0,0.0,0.0,0.0,0.0,0.0,0.0,0.0,0.0,0.0,0.0,0.0,0.02,0.31,0.53,0.72,0.59,1.01,1.82,1.31,1.0,0.48,0.16,0.0,0.0,0.0,0.0,0.0,0.0,0.0,0.0,0.0,0.0,0.0,0.0,0.0,0.01,0.13,0.24,0.45,0.75,0.62,1.0,0.7,0.51,0.28,0.07,0.01,0.0,0.0,0.0,0.0
31,0.0,0.0,0.0,0.0,0.0,0.0,0.0,0.0,0.0,0.08,0.22,0.4,0.95,1.24,1.77,0.49,0.29,0.3,0.06,0.0,0.0,0.0,0.0,0.0,0.0,0.0,0.0,0.0,0.0,0.0,0.0,0.0,0.03,0.41,1.17,1.79,2.23,2.38,2.3,1.99,1.48,0.72,0.19,0.0,0.0,0.0,0.0,0.0,0.0,0.0,0.0,0.0,0.0,0.0,0.0,0.0,0.02,0.42,1.09,1.7,2.12,2.32,2.16,0.69,0.44,0.64,0.1,0.0,0.0,0.0,0.0,0.0,0.0,0.0,0.0,0.0,0.0,0.0,0.0,0.0,0.03,0.45,1.21,1.82,2.25,2.43,2.38,2.1,1.6,0.85,0.21,0.0,0.0,0.0,0.0,0.0,0.0,0.0,0.0,0.0,0.0,0.0,0.0,0.0,0.02,0.31,0.53,0.72,0.59,1.01,1.82,1.31,1.0,0.48,0.16,0.0,0.0,0.0,0.0,0.0,0.0,0.0,0.0,0.0,0.0,0.0,0.0,0.0,0.01,0.13,0.24,0.45,0.75,0.62,1.0,0.7,0.51,0.28,0.07,0.01,0.0,0.0,0.0,0.0,0.0,0.0,0.0,0.0,0.0,0.0,0.0,0.0,0.01,0.07,0.19,0.84,1.45,2.14,2.13,1.95,1.51,0.84,0.25,0.0,0.0,0.0,0.0,0.0
32,0.0,0.0,0.0,0.0,0.0,0.0,0.0,0.0,0.03,0.41,1.17,1.79,2.23,2.38,2.3,1.99,1.48,0.72,0.19,0.0,0.0,0.0,0.0,0.0,0.0,0.0,0.0,0.0,0.0,0.0,0.0,0.0,0.02,0.42,1.09,1.7,2.12,2.32,2.16,0.69,0.44,0.64,0.1,0.0,0.0,0.0,0.0,0.0,0.0,0.0,0.0,0.0,0.0,0.0,0.0,0.0,0.03,0.45,1.21,1.82,2.25,2.43,2.38,2.1,1.6,0.85,0.21,0.0,0.0,0.0,0.0,0.0,0.0,0.0,0.0,0.0,0.0,0.0,0.0,0.0,0.02,0.31,0.53,0.72,0.59,1.01,1.82,1.31,1.0,0.48,0.16,0.0,0.0,0.0,0.0,0.0,0.0,0.0,0.0,0.0,0.0,0.0,0.0,0.0,0.01,0.13,0.24,0.45,0.75,0.62,1.0,0.7,0.51,0.28,0.07,0.01,0.0,0.0,0.0,0.0,0.0,0.0,0.0,0.0,0.0,0.0,0.0,0.0,0.01,0.07,0.19,0.84,1.45,2.14,2.13,1.95,1.51,0.84,0.25,0.0,0.0,0.0,0.0,0.0,0.0,0.0,0.0,0.0,0.0,0.0,0.0,0.0,0.03,0.49,1.25,1.88,2.29,2.5,2.45,2.15,1.65,0.93,0.29,0.0,0.0,0.0,0.0,0.0
33,0.0,0.0,0.0,0.0,0.0,0.0,0.0,0.0,0.02,0.42,1.09,1.7,2.12,2.32,2.16,0.69,0.44,0.64,0.1,0.0,0.0,0.0,0.0,0.0,0.0,0.0,0.0,0.0,0.0,0.0,0.0,0.0,0.03,0.45,1.21,1.82,2.25,2.43,2.38,2.1,1.6,0.85,0.21,0.0,0.0,0.0,0.0,0.0,0.0,0.0,0.0,0.0,0.0,0.0,0.0,0.0,0.02,0.31,0.53,0.72,0.59,1.01,1.82,1.31,1.0,0.48,0.16,0.0,0.0,0.0,0.0,0.0,0.0,0.0,0.0,0.0,0.0,0.0,0.0,0.0,0.01,0.13,0.24,0.45,0.75,0.62,1.0,0.7,0.51,0.28,0.07,0.01,0.0,0.0,0.0,0.0,0.0,0.0,0.0,0.0,0.0,0.0,0.0,0.0,0.01,0.07,0.19,0.84,1.45,2.14,2.13,1.95,1.51,0.84,0.25,0.0,0.0,0.0,0.0,0.0,0.0,0.0,0.0,0.0,0.0,0.0,0.0,0.0,0.03,0.49,1.25,1.88,2.29,2.5,2.45,2.15,1.65,0.93,0.29,0.0,0.0,0.0,0.0,0.0,0.0,0.0,0.0,0.0,0.0,0.0,0.0,0.0,0.03,0.51,1.24,1.84,2.26,2.41,2.36,2.1,1.57,0.87,0.27,0.0,0.0,0.0,0.0,0.0
34,0.0,0.0,0.0,0.0,0.0,0.0,0.0,0.0,0.03,0.45,1.21,1.82,2.25,2.43,2.38,2.1,1.6,0.85,0.21,0.0,0.0,0.0,0.0,0.0,0.0,0.0,0.0,0.0,0.0,0.0,0.0,0.0,0.02,0.31,0.53,0.72,0.59,1.01,1.82,1.31,1.0,0.48,0.16,0.0,0.0,0.0,0.0,0.0,0.0,0.0,0.0,0.0,0.0,0.0,0.0,0.0,0.01,0.13,0.24,0.45,0.75,0.62,1.0,0.7,0.51,0.28,0.07,0.01,0.0,0.0,0.0,0.0,0.0,0.0,0.0,0.0,0.0,0.0,0.0,0.0,0.01,0.07,0.19,0.84,1.45,2.14,2.13,1.95,1.51,0.84,0.25,0.0,0.0,0.0,0.0,0.0,0.0,0.0,0.0,0.0,0.0,0.0,0.0,0.0,0.03,0.49,1.25,1.88,2.29,2.5,2.45,2.15,1.65,0.93,0.29,0.0,0.0,0.0,0.0,0.0,0.0,0.0,0.0,0.0,0.0,0.0,0.0,0.0,0.03,0.51,1.24,1.84,2.26,2.41,2.36,2.1,1.57,0.87,0.27,0.0,0.0,0.0,0.0,0.0,0.0,0.0,0.0,0.0,0.0,0.0,0.0,0.0,0.03,0.2,0.52,0.89,0.88,1.04,0.86,0.71,0.55,0.36,0.11,0.0,0.0,0.0,0.0,0.0
35,0.0,0.0,0.0,0.0,0.0,0.0,0.0,0.0,0.02,0.31,0.53,0.72,0.59,1.01,1.82,1.31,1.0,0.48,0.16,0.0,0.0,0.0,0.0,0.0,0.0,0.0,0.0,0.0,0.0,0.0,0.0,0.0,0.01,0.13,0.24,0.45,0.75,0.62,1.0,0.7,0.51,0.28,0.07,0.01,0.0,0.0,0.0,0.0,0.0,0.0,0.0,0.0,0.0,0.0,0.0,0.0,0.01,0.07,0.19,0.84,1.45,2.14,2.13,1.95,1.51,0.84,0.25,0.0,0.0,0.0,0.0,0.0,0.0,0.0,0.0,0.0,0.0,0.0,0.0,0.0,0.03,0.49,1.25,1.88,2.29,2.5,2.45,2.15,1.65,0.93,0.29,0.0,0.0,0.0,0.0,0.0,0.0,0.0,0.0,0.0,0.0,0.0,0.0,0.0,0.03,0.51,1.24,1.84,2.26,2.41,2.36,2.1,1.57,0.87,0.27,0.0,0.0,0.0,0.0,0.0,0.0,0.0,0.0,0.0,0.0,0.0,0.0,0.0,0.03,0.2,0.52,0.89,0.88,1.04,0.86,0.71,0.55,0.36,0.11,0.0,0.0,0.0,0.0,0.0,0.0,0.0,0.0,0.0,0.0,0.0,0.0,0.0,0.01,0.13,0.42,1.22,1.87,2.18,2.09,1.41,1.08,0.63,0.17,0.01,0.0,0.0,0.0,0.0
36,0.0,0.0,0.0,0.0,0.0,0.0,0.0,0.0,0.01,0.13,0.24,0.45,0.75,0.62,1.0,0.7,0.51,0.28,0.07,0.01,0.0,0.0,0.0,0.0,0.0,0.0,0.0,0.0,0.0,0.0,0.0,0.0,0.01,0.07,0.19,0.84,1.45,2.14,2.13,1.95,1.51,0.84,0.25,0.0,0.0,0.0,0.0,0.0,0.0,0.0,0.0,0.0,0.0,0.0,0.0,0.0,0.03,0.49,1.25,1.88,2.29,2.5,2.45,2.15,1.65,0.93,0.29,0.0,0.0,0.0,0.0,0.0,0.0,0.0,0.0,0.0,0.0,0.0,0.0,0.0,0.03,0.51,1.24,1.84,2.26,2.41,2.36,2.1,1.57,0.87,0.27,0.0,0.0,0.0,0.0,0.0,0.0,0.0,0.0,0.0,0.0,0.0,0.0,0.0,0.03,0.2,0.52,0.89,0.88,1.04,0.86,0.71,0.55,0.36,0.11,0.0,0.0,0.0,0.0,0.0,0.0,0.0,0.0,0.0,0.0,0.0,0.0,0.0,0.01,0.13,0.42,1.22,1.87,2.18,2.09,1.41,1.08,0.63,0.17,0.01,0.0,0.0,0.0,0.0,0.0,0.0,0.0,0.0,0.0,0.0,0.0,0.0,0.03,0.46,1.13,1.6,2.13,2.38,2.32,2.02,1.56,0.83,0.26,0.0,0.0,0.0,0.0,0.0
37,0.0,0.0,0.0,0.0,0.0,0.0,0.0,0.0,0.01,0.07,0.19,0.84,1.45,2.14,2.13,1.95,1.51,0.84,0.25,0.0,0.0,0.0,0.0,0.0,0.0,0.0,0.0,0.0,0.0,0.0,0.0,0.0,0.03,0.49,1.25,1.88,2.29,2.5,2.45,2.15,1.65,0.93,0.29,0.0,0.0,0.0,0.0,0.0,0.0,0.0,0.0,0.0,0.0,0.0,0.0,0.0,0.03,0.51,1.24,1.84,2.26,2.41,2.36,2.1,1.57,0.87,0.27,0.0,0.0,0.0,0.0,0.0,0.0,0.0,0.0,0.0,0.0,0.0,0.0,0.0,0.03,0.2,0.52,0.89,0.88,1.04,0.86,0.71,0.55,0.36,0.11,0.0,0.0,0.0,0.0,0.0,0.0,0.0,0.0,0.0,0.0,0.0,0.0,0.0,0.01,0.13,0.42,1.22,1.87,2.18,2.09,1.41,1.08,0.63,0.17,0.01,0.0,0.0,0.0,0.0,0.0,0.0,0.0,0.0,0.0,0.0,0.0,0.0,0.03,0.46,1.13,1.6,2.13,2.38,2.32,2.02,1.56,0.83,0.26,0.0,0.0,0.0,0.0,0.0,0.0,0.0,0.0,0.0,0.0,0.0,0.0,0.0,0.04,0.46,1.17,1.75,2.15,2.27,2.25,1.92,1.38,0.75,0.21,0.01,0.0,0.0,0.0,0.0
38,0.0,0.0,0.0,0.0,0.0,0.0,0.0,0.0,0.03,0.49,1.25,1.88,2.29,2.5,2.45,2.15,1.65,0.93,0.29,0.0,0.0,0.0,0.0,0.0,0.0,0.0,0.0,0.0,0.0,0.0,0.0,0.0,0.03,0.51,1.24,1.84,2.26,2.41,2.36,2.1,1.57,0.87,0.27,0.0,0.0,0.0,0.0,0.0,0.0,0.0,0.0,0.0,0.0,0.0,0.0,0.0,0.03,0.2,0.52,0.89,0.88,1.04,0.86,0.71,0.55,0.36,0.11,0.0,0.0,0.0,0.0,0.0,0.0,0.0,0.0,0.0,0.0,0.0,0.0,0.0,0.01,0.13,0.42,1.22,1.87,2.18,2.09,1.41,1.08,0.63,0.17,0.01,0.0,0.0,0.0,0.0,0.0,0.0,0.0,0.0,0.0,0.0,0.0,0.0,0.03,0.46,1.13,1.6,2.13,2.38,2.32,2.02,1.56,0.83,0.26,0.0,0.0,0.0,0.0,0.0,0.0,0.0,0.0,0.0,0.0,0.0,0.0,0.0,0.04,0.46,1.17,1.75,2.15,2.27,2.25,1.92,1.38,0.75,0.21,0.01,0.0,0.0,0.0,0.0,0.0,0.0,0.0,0.0,0.0,0.0,0.0,0.0,0.02,0.23,0.63,1.28,1.64,1.16,0.67,0.5,0.56,0.43,0.09,0.0,0.0,0.0,0.0,0.0
39,0.0,0.0,0.0,0.0,0.0,0.0,0.0,0.0,0.03,0.51,1.24,1.84,2.26,2.41,2.36,2.1,1.57,0.87,0.27,0.0,0.0,0.0,0.0,0.0,0.0,0.0,0.0,0.0,0.0,0.0,0.0,0.0,0.03,0.2,0.52,0.89,0.88,1.04,0.86,0.71,0.55,0.36,0.11,0.0,0.0,0.0,0.0,0.0,0.0,0.0,0.0,0.0,0.0,0.0,0.0,0.0,0.01,0.13,0.42,1.22,1.87,2.18,2.09,1.41,1.08,0.63,0.17,0.01,0.0,0.0,0.0,0.0,0.0,0.0,0.0,0.0,0.0,0.0,0.0,0.0,0.03,0.46,1.13,1.6,2.13,2.38,2.32,2.02,1.56,0.83,0.26,0.0,0.0,0.0,0.0,0.0,0.0,0.0,0.0,0.0,0.0,0.0,0.0,0.0,0.04,0.46,1.17,1.75,2.15,2.27,2.25,1.92,1.38,0.75,0.21,0.01,0.0,0.0,0.0,0.0,0.0,0.0,0.0,0.0,0.0,0.0,0.0,0.0,0.02,0.23,0.63,1.28,1.64,1.16,0.67,0.5,0.56,0.43,0.09,0.0,0.0,0.0,0.0,0.0,0.0,0.0,0.0,0.0,0.0,0.0,0.0,0.0,0.0,0.05,0.1,0.31,0.87,1.91,1.41,1.81,1.87,0.98,0.37,0.01,0.0,0.0,0.0,0.0
40,0.0,0.0,0.0,0.0,0.0,0.0,0.0,0.0,0.03,0.2,0.52,0.89,0.88,1.04,0.86,0.71,0.55,0.36,0.11,0.0,0.0,0.0,0.0,0.0,0.0,0.0,0.0,0.0,0.0,0.0,0.0,0.0,0.01,0.13,0.42,1.22,1.87,2.18,2.09,1.41,1.08,0.63,0.17,0.01,0.0,0.0,0.0,0.0,0.0,0.0,0.0,0.0,0.0,0.0,0.0,0.0,0.03,0.46,1.13,1.6,2.13,2.38,2.32,2.02,1.56,0.83,0.26,0.0,0.0,0.0,0.0,0.0,0.0,0.0,0.0,0.0,0.0,0.0,0.0,0.0,0.04,0.46,1.17,1.75,2.15,2.27,2.25,1.92,1.38,0.75,0.21,0.01,0.0,0.0,0.0,0.0,0.0,0.0,0.0,0.0,0.0,0.0,0.0,0.0,0.02,0.23,0.63,1.28,1.64,1.16,0.67,0.5,0.56,0.43,0.09,0.0,0.0,0.0,0.0,0.0,0.0,0.0,0.0,0.0,0.0,0.0,0.0,0.0,0.0,0.05,0.1,0.31,0.87,1.91,1.41,1.81,1.87,0.98,0.37,0.01,0.0,0.0,0.0,0.0,0.0,0.0,0.0,0.0,0.0,0.0,0.0,0.0,0.05,0.3,0.49,0.59,0.54,0.65,0.66,1.15,1.42,1.07,0.38,0.01,0.0,0.0,0.0,0.0
41,0.0,0.0,0.0,0.0,0.0,0.0,0.0,0.0,0.01,0.13,0.42,1.22,1.87,2.18,2.09,1.41,1.08,0.63,0.17,0.01,0.0,0.0,0.0,0.0,0.0,0.0,0.0,0.0,0.0,0.0,0.0,0.0,0.03,0.46,1.13,1.6,2.13,2.38,2.32,2.02,1.56,0.83,0.26,0.0,0.0,0.0,0.0,0.0,0.0,0.0,0.0,0.0,0.0,0.0,0.0,0.0,0.04,0.46,1.17,1.75,2.15,2.27,2.25,1.92,1.38,0.75,0.21,0.01,0.0,0.0,0.0,0.0,0.0,0.0,0.0,0.0,0.0,0.0,0.0,0.0,0.02,0.23,0.63,1.28,1.64,1.16,0.67,0.5,0.56,0.43,0.09,0.0,0.0,0.0,0.0,0.0,0.0,0.0,0.0,0.0,0.0,0.0,0.0,0.0,0.0,0.05,0.1,0.31,0.87,1.91,1.41,1.81,1.87,0.98,0.37,0.01,0.0,0.0,0.0,0.0,0.0,0.0,0.0,0.0,0.0,0.0,0.0,0.0,0.05,0.3,0.49,0.59,0.54,0.65,0.66,1.15,1.42,1.07,0.38,0.01,0.0,0.0,0.0,0.0,0.0,0.0,0.0,0.0,0.0,0.0,0.0,0.0,0.06,0.64,1.4,2.03,2.43,2.65,2.56,2.31,1.76,1.06,0.37,0.01,0.0,0.0,0.0,0.0
42,0.0,0.0,0.0,0.0,0.0,0.0,0.0,0.0,0.03,0.46,1.13,1.6,2.13,2.38,2.32,2.02,1.56,0.83,0.26,0.0,0.0,0.0,0.0,0.0,0.0,0.0,0.0,0.0,0.0,0.0,0.0,0.0,0.04,0.46,1.17,1.75,2.15,2.27,2.25,1.92,1.38,0.75,0.21,0.01,0.0,0.0,0.0,0.0,0.0,0.0,0.0,0.0,0.0,0.0,0.0,0.0,0.02,0.23,0.63,1.28,1.64,1.16,0.67,0.5,0.56,0.43,0.09,0.0,0.0,0.0,0.0,0.0,0.0,0.0,0.0,0.0,0.0,0.0,0.0,0.0,0.0,0.05,0.1,0.31,0.87,1.91,1.41,1.81,1.87,0.98,0.37,0.01,0.0,0.0,0.0,0.0,0.0,0.0,0.0,0.0,0.0,0.0,0.0,0.0,0.05,0.3,0.49,0.59,0.54,0.65,0.66,1.15,1.42,1.07,0.38,0.01,0.0,0.0,0.0,0.0,0.0,0.0,0.0,0.0,0.0,0.0,0.0,0.0,0.06,0.64,1.4,2.03,2.43,2.65,2.56,2.31,1.76,1.06,0.37,0.01,0.0,0.0,0.0,0.0,0.0,0.0,0.0,0.0,0.0,0.0,0.0,0.0,0.07,0.62,1.4,1.97,2.42,2.6,2.56,2.27,1.74,1.03,0.36,0.01,0.0,0.0,0.0,0.0
43,0.0,0.0,0.0,0.0,0.0,0.0,0.0,0.0,0.04,0.46,1.17,1.75,2.15,2.27,2.25,1.92,1.38,0.75,0.21,0.01,0.0,0.0,0.0,0.0,0.0,0.0,0.0,0.0,0.0,0.0,0.0,0.0,0.02,0.23,0.63,1.28,1.64,1.16,0.67,0.5,0.56,0.43,0.09,0.0,0.0,0.0,0.0,0.0,0.0,0.0,0.0,0.0,0.0,0.0,0.0,0.0,0.0,0.05,0.1,0.31,0.87,1.91,1.41,1.81,1.87,0.98,0.37,0.01,0.0,0.0,0.0,0.0,0.0,0.0,0.0,0.0,0.0,0.0,0.0,0.0,0.05,0.3,0.49,0.59,0.54,0.65,0.66,1.15,1.42,1.07,0.38,0.01,0.0,0.0,0.0,0.0,0.0,0.0,0.0,0.0,0.0,0.0,0.0,0.0,0.06,0.64,1.4,2.03,2.43,2.65,2.56,2.31,1.76,1.06,0.37,0.01,0.0,0.0,0.0,0.0,0.0,0.0,0.0,0.0,0.0,0.0,0.0,0.0,0.07,0.62,1.4,1.97,2.42,2.6,2.56,2.27,1.74,1.03,0.36,0.01,0.0,0.0,0.0,0.0,0.0,0.0,0.0,0.0,0.0,0.0,0.0,0.0,0.07,0.59,1.32,1.88,2.3,2.24,2.09,1.72,1.35,0.9,0.32,0.02,0.0,0.0,0.0,0.0
44,0.0,0.0,0.0,0.0,0.0,0.0,0.0,0.0,0.02,0.23,0.63,1.28,1.64,1.16,0.67,0.5,0.56,0.43,0.09,0.0,0.0,0.0,0.0,0.0,0.0,0.0,0.0,0.0,0.0,0.0,0.0,0.0,0.0,0.05,0.1,0.31,0.87,1.91,1.41,1.81,1.87,0.98,0.37,0.01,0.0,0.0,0.0,0.0,0.0,0.0,0.0,0.0,0.0,0.0,0.0,0.0,0.05,0.3,0.49,0.59,0.54,0.65,0.66,1.15,1.42,1.07,0.38,0.01,0.0,0.0,0.0,0.0,0.0,0.0,0.0,0.0,0.0,0.0,0.0,0.0,0.06,0.64,1.4,2.03,2.43,2.65,2.56,2.31,1.76,1.06,0.37,0.01,0.0,0.0,0.0,0.0,0.0,0.0,0.0,0.0,0.0,0.0,0.0,0.0,0.07,0.62,1.4,1.97,2.42,2.6,2.56,2.27,1.74,1.03,0.36,0.01,0.0,0.0,0.0,0.0,0.0,0.0,0.0,0.0,0.0,0.0,0.0,0.0,0.07,0.59,1.32,1.88,2.3,2.24,2.09,1.72,1.35,0.9,0.32,0.02,0.0,0.0,0.0,0.0,0.0,0.0,0.0,0.0,0.0,0.0,0.0,0.0,0.04,0.3,0.68,1.64,2.19,2.5,2.5,2.22,1.73,1.04,0.39,0.02,0.0,0.0,0.0,0.0
45,0.0,0.0,0.0,0.0,0.0,0.0,0.0,0.0,0.0,0.05,0.1,0.31,0.87,1.91,1.41,1.81,1.87,0.98,0.37,0.01,0.0,0.0,0.0,0.0,0.0,0.0,0.0,0.0,0.0,0.0,0.0,0.0,0.05,0.3,0.49,0.59,0.54,0.65,0.66,1.15,1.42,1.07,0.38,0.01,0.0,0.0,0.0,0.0,0.0,0.0,0.0,0.0,0.0,0.0,0.0,0.0,0.06,0.64,1.4,2.03,2.43,2.65,2.56,2.31,1.76,1.06,0.37,0.01,0.0,0.0,0.0,0.0,0.0,0.0,0.0,0.0,0.0,0.0,0.0,0.0,0.07,0.62,1.4,1.97,2.42,2.6,2.56,2.27,1.74,1.03,0.36,0.01,0.0,0.0,0.0,0.0,0.0,0.0,0.0,0.0,0.0,0.0,0.0,0.0,0.07,0.59,1.32,1.88,2.3,2.24,2.09,1.72,1.35,0.9,0.32,0.02,0.0,0.0,0.0,0.0,0.0,0.0,0.0,0.0,0.0,0.0,0.0,0.0,0.04,0.3,0.68,1.64,2.19,2.5,2.5,2.22,1.73,1.04,0.39,0.02,0.0,0.0,0.0,0.0,0.0,0.0,0.0,0.0,0.0,0.0,0.0,0.0,0.07,0.5,1.17,1.76,2.18,2.34,2.33,2.08,1.59,0.94,0.36,0.02,0.0,0.0,0.0,0.0
46,0.0,0.0,0.0,0.0,0.0,0.0,0.0,0.0,0.05,0.3,0.49,0.59,0.54,0.65,0.66,1.15,1.42,1.07,0.38,0.01,0.0,0.0,0.0,0.0,0.0,0.0,0.0,0.0,0.0,0.0,0.0,0.0,0.06,0.64,1.4,2.03,2.43,2.65,2.56,2.31,1.76,1.06,0.37,0.01,0.0,0.0,0.0,0.0,0.0,0.0,0.0,0.0,0.0,0.0,0.0,0.0,0.07,0.62,1.4,1.97,2.42,2.6,2.56,2.27,1.74,1.03,0.36,0.01,0.0,0.0,0.0,0.0,0.0,0.0,0.0,0.0,0.0,0.0,0.0,0.0,0.07,0.59,1.32,1.88,2.3,2.24,2.09,1.72,1.35,0.9,0.32,0.02,0.0,0.0,0.0,0.0,0.0,0.0,0.0,0.0,0.0,0.0,0.0,0.0,0.04,0.3,0.68,1.64,2.19,2.5,2.5,2.22,1.73,1.04,0.39,0.02,0.0,0.0,0.0,0.0,0.0,0.0,0.0,0.0,0.0,0.0,0.0,0.0,0.07,0.5,1.17,1.76,2.18,2.34,2.33,2.08,1.59,0.94,0.36,0.02,0.0,0.0,0.0,0.0,0.0,0.0,0.0,0.0,0.0,0.0,0.0,0.0,0.07,0.23,0.38,0.69,1.87,2.25,1.99,2.13,1.77,1.19,0.45,0.02,0.0,0.0,0.0,0.0
47,0.0,0.0,0.0,0.0,0.0,0.0,0.0,0.0,0.06,0.64,1.4,2.03,2.43,2.65,2.56,2.31,1.76,1.06,0.37,0.01,0.0,0.0,0.0,0.0,0.0,0.0,0.0,0.0,0.0,0.0,0.0,0.0,0.07,0.62,1.4,1.97,2.42,2.6,2.56,2.27,1.74,1.03,0.36,0.01,0.0,0.0,0.0,0.0,0.0,0.0,0.0,0.0,0.0,0.0,0.0,0.0,0.07,0.59,1.32,1.88,2.3,2.24,2.09,1.72,1.35,0.9,0.32,0.02,0.0,0.0,0.0,0.0,0.0,0.0,0.0,0.0,0.0,0.0,0.0,0.0,0.04,0.3,0.68,1.64,2.19,2.5,2.5,2.22,1.73,1.04,0.39,0.02,0.0,0.0,0.0,0.0,0.0,0.0,0.0,0.0,0.0,0.0,0.0,0.0,0.07,0.5,1.17,1.76,2.18,2.34,2.33,2.08,1.59,0.94,0.36,0.02,0.0,0.0,0.0,0.0,0.0,0.0,0.0,0.0,0.0,0.0,0.0,0.0,0.07,0.23,0.38,0.69,1.87,2.25,1.99,2.13,1.77,1.19,0.45,0.02,0.0,0.0,0.0,0.0,0.0,0.0,0.0,0.0,0.0,0.0,0.0,0.0,0.12,0.61,1.43,2.04,2.4,2.61,2.64,2.33,1.81,1.15,0.37,0.02,0.0,0.0,0.0,0.0
48,0.0,0.0,0.0,0.0,0.0,0.0,0.0,0.0,0.07,0.62,1.4,1.97,2.42,2.6,2.56,2.27,1.74,1.03,0.36,0.01,0.0,0.0,0.0,0.0,0.0,0.0,0.0,0.0,0.0,0.0,0.0,0.0,0.07,0.59,1.32,1.88,2.3,2.24,2.09,1.72,1.35,0.9,0.32,0.02,0.0,0.0,0.0,0.0,0.0,0.0,0.0,0.0,0.0,0.0,0.0,0.0,0.04,0.3,0.68,1.64,2.19,2.5,2.5,2.22,1.73,1.04,0.39,0.02,0.0,0.0,0.0,0.0,0.0,0.0,0.0,0.0,0.0,0.0,0.0,0.0,0.07,0.5,1.17,1.76,2.18,2.34,2.33,2.08,1.59,0.94,0.36,0.02,0.0,0.0,0.0,0.0,0.0,0.0,0.0,0.0,0.0,0.0,0.0,0.0,0.07,0.23,0.38,0.69,1.87,2.25,1.99,2.13,1.77,1.19,0.45,0.02,0.0,0.0,0.0,0.0,0.0,0.0,0.0,0.0,0.0,0.0,0.0,0.0,0.12,0.61,1.43,2.04,2.4,2.61,2.64,2.33,1.81,1.15,0.37,0.02,0.0,0.0,0.0,0.0,0.0,0.0,0.0,0.0,0.0,0.0,0.0,0.0,0.1,0.43,1.16,1.8,2.16,2.55,2.7,2.35,1.68,0.82,0.33,0.02,0.0,0.0,0.0,0.0
49,0.0,0.0,0.0,0.0,0.0,0.0,0.0,0.0,0.07,0.59,1.32,1.88,2.3,2.24,2.09,1.72,1.35,0.9,0.32,0.02,0.0,0.0,0.0,0.0,0.0,0.0,0.0,0.0,0.0,0.0,0.0,0.0,0.04,0.3,0.68,1.64,2.19,2.5,2.5,2.22,1.73,1.04,0.39,0.02,0.0,0.0,0.0,0.0,0.0,0.0,0.0,0.0,0.0,0.0,0.0,0.0,0.07,0.5,1.17,1.76,2.18,2.34,2.33,2.08,1.59,0.94,0.36,0.02,0.0,0.0,0.0,0.0,0.0,0.0,0.0,0.0,0.0,0.0,0.0,0.0,0.07,0.23,0.38,0.69,1.87,2.25,1.99,2.13,1.77,1.19,0.45,0.02,0.0,0.0,0.0,0.0,0.0,0.0,0.0,0.0,0.0,0.0,0.0,0.0,0.12,0.61,1.43,2.04,2.4,2.61,2.64,2.33,1.81,1.15,0.37,0.02,0.0,0.0,0.0,0.0,0.0,0.0,0.0,0.0,0.0,0.0,0.0,0.0,0.1,0.43,1.16,1.8,2.16,2.55,2.7,2.35,1.68,0.82,0.33,0.02,0.0,0.0,0.0,0.0,0.0,0.0,0.0,0.0,0.0,0.0,0.0,0.0,0.06,0.28,0.44,0.57,0.77,0.59,0.92,0.55,0.53,0.4,0.1,0.01,0.0,0.0,0.0,0.0
50,0.0,0.0,0.0,0.0,0.0,0.0,0.0,0.0,0.04,0.3,0.68,1.64,2.19,2.5,2.5,2.22,1.73,1.04,0.39,0.02,0.0,0.0,0.0,0.0,0.0,0.0,0.0,0.0,0.0,0.0,0.0,0.0,0.07,0.5,1.17,1.76,2.18,2.34,2.33,2.08,1.59,0.94,0.36,0.02,0.0,0.0,0.0,0.0,0.0,0.0,0.0,0.0,0.0,0.0,0.0,0.0,0.07,0.23,0.38,0.69,1.87,2.25,1.99,2.13,1.77,1.19,0.45,0.02,0.0,0.0,0.0,0.0,0.0,0.0,0.0,0.0,0.0,0.0,0.0,0.0,0.12,0.61,1.43,2.04,2.4,2.61,2.64,2.33,1.81,1.15,0.37,0.02,0.0,0.0,0.0,0.0,0.0,0.0,0.0,0.0,0.0,0.0,0.0,0.0,0.1,0.43,1.16,1.8,2.16,2.55,2.7,2.35,1.68,0.82,0.33,0.02,0.0,0.0,0.0,0.0,0.0,0.0,0.0,0.0,0.0,0.0,0.0,0.0,0.06,0.28,0.44,0.57,0.77,0.59,0.92,0.55,0.53,0.4,0.1,0.01,0.0,0.0,0.0,0.0,0.0,0.0,0.0,0.0,0.0,0.0,0.0,0.0,0.12,0.75,1.55,2.17,2.57,2.77,2.69,2.4,1.8,1.07,0.29,0.02,0.0,0.0,0.0,0.0
51,0.0,0.0,0.0,0.0,0.0,0.0,0.0,0.0,0.07,0.5,1.17,1.76,2.18,2.34,2.33,2.08,1.59,0.94,0.36,0.02,0.0,0.0,0.0,0.0,0.0,0.0,0.0,0.0,0.0,0.0,0.0,0.0,0.07,0.23,0.38,0.69,1.87,2.25,1.99,2.13,1.77,1.19,0.45,0.02,0.0,0.0,0.0,0.0,0.0,0.0,0.0,0.0,0.0,0.0,0.0,0.0,0.12,0.61,1.43,2.04,2.4,2.61,2.64,2.33,1.81,1.15,0.37,0.02,0.0,0.0,0.0,0.0,0.0,0.0,0.0,0.0,0.0,0.0,0.0,0.0,0.1,0.43,1.16,1.8,2.16,2.55,2.7,2.35,1.68,0.82,0.33,0.02,0.0,0.0,0.0,0.0,0.0,0.0,0.0,0.0,0.0,0.0,0.0,0.0,0.06,0.28,0.44,0.57,0.77,0.59,0.92,0.55,0.53,0.4,0.1,0.01,0.0,0.0,0.0,0.0,0.0,0.0,0.0,0.0,0.0,0.0,0.0,0.0,0.12,0.75,1.55,2.17,2.57,2.77,2.69,2.4,1.8,1.07,0.29,0.02,0.0,0.0,0.0,0.0,0.0,0.0,0.0,0.0,0.0,0.0,0.0,0.0,0.14,0.67,1.51,2.18,2.51,2.49,2.62,2.44,1.86,1.07,0.44,0.03,0.0,0.0,0.0,0.0
52,0.0,0.0,0.0,0.0,0.0,0.0,0.0,0.0,0.07,0.23,0.38,0.69,1.87,2.25,1.99,2.13,1.77,1.19,0.45,0.02,0.0,0.0,0.0,0.0,0.0,0.0,0.0,0.0,0.0,0.0,0.0,0.0,0.12,0.61,1.43,2.04,2.4,2.61,2.64,2.33,1.81,1.15,0.37,0.02,0.0,0.0,0.0,0.0,0.0,0.0,0.0,0.0,0.0,0.0,0.0,0.0,0.1,0.43,1.16,1.8,2.16,2.55,2.7,2.35,1.68,0.82,0.33,0.02,0.0,0.0,0.0,0.0,0.0,0.0,0.0,0.0,0.0,0.0,0.0,0.0,0.06,0.28,0.44,0.57,0.77,0.59,0.92,0.55,0.53,0.4,0.1,0.01,0.0,0.0,0.0,0.0,0.0,0.0,0.0,0.0,0.0,0.0,0.0,0.0,0.12,0.75,1.55,2.17,2.57,2.77,2.69,2.4,1.8,1.07,0.29,0.02,0.0,0.0,0.0,0.0,0.0,0.0,0.0,0.0,0.0,0.0,0.0,0.0,0.14,0.67,1.51,2.18,2.51,2.49,2.62,2.44,1.86,1.07,0.44,0.03,0.0,0.0,0.0,0.0,0.0,0.0,0.0,0.0,0.0,0.0,0.0,0.0,0.15,0.76,1.52,0.99,0.73,0.77,0.56,0.47,0.67,0.39,0.11,0.01,0.0,0.0,0.0,0.0
53,0.0,0.0,0.0,0.0,0.0,0.0,0.0,0.0,0.12,0.61,1.43,2.04,2.4,2.61,2.64,2.33,1.81,1.15,0.37,0.02,0.0,0.0,0.0,0.0,0.0,0.0,0.0,0.0,0.0,0.0,0.0,0.0,0.1,0.43,1.16,1.8,2.16,2.55,2.7,2.35,1.68,0.82,0.33,0.02,0.0,0.0,0.0,0.0,0.0,0.0,0.0,0.0,0.0,0.0,0.0,0.0,0.06,0.28,0.44,0.57,0.77,0.59,0.92,0.55,0.53,0.4,0.1,0.01,0.0,0.0,0.0,0.0,0.0,0.0,0.0,0.0,0.0,0.0,0.0,0.0,0.12,0.75,1.55,2.17,2.57,2.77,2.69,2.4,1.8,1.07,0.29,0.02,0.0,0.0,0.0,0.0,0.0,0.0,0.0,0.0,0.0,0.0,0.0,0.0,0.14,0.67,1.51,2.18,2.51,2.49,2.62,2.44,1.86,1.07,0.44,0.03,0.0,0.0,0.0,0.0,0.0,0.0,0.0,0.0,0.0,0.0,0.0,0.0,0.15,0.76,1.52,0.99,0.73,0.77,0.56,0.47,0.67,0.39,0.11,0.01,0.0,0.0,0.0,0.0,0.0,0.0,0.0,0.0,0.0,0.0,0.0,0.0,0.01,0.05,0.11,0.15,0.21,0.19,0.23,0.19,0.13,0.08,0.05,0.0,0.0,0.0,0.0,0.0
54,0.0,0.0,0.0,0.0,0.0,0.0,0.0,0.0,0.1,0.43,1.16,1.8,2.16,2.55,2.7,2.35,1.68,0.82,0.33,0.02,0.0,0.0,0.0,0.0,0.0,0.0,0.0,0.0,0.0,0.0,0.0,0.0,0.06,0.28,0.44,0.57,0.77,0.59,0.92,0.55,0.53,0.4,0.1,0.01,0.0,0.0,0.0,0.0,0.0,0.0,0.0,0.0,0.0,0.0,0.0,0.0,0.12,0.75,1.55,2.17,2.57,2.77,2.69,2.4,1.8,1.07,0.29,0.02,0.0,0.0,0.0,0.0,0.0,0.0,0.0,0.0,0.0,0.0,0.0,0.0,0.14,0.67,1.51,2.18,2.51,2.49,2.62,2.44,1.86,1.07,0.44,0.03,0.0,0.0,0.0,0.0,0.0,0.0,0.0,0.0,0.0,0.0,0.0,0.0,0.15,0.76,1.52,0.99,0.73,0.77,0.56,0.47,0.67,0.39,0.11,0.01,0.0,0.0,0.0,0.0,0.0,0.0,0.0,0.0,0.0,0.0,0.0,0.0,0.01,0.05,0.11,0.15,0.21,0.19,0.23,0.19,0.13,0.08,0.05,0.0,0.0,0.0,0.0,0.0,0.0,0.0,0.0,0.0,0.0,0.0,0.0,0.0,0.03,0.24,0.57,0.91,1.92,1.46,1.7,2.03,2.08,1.44,0.49,0.03,0.0,0.0,0.0,0.0
55,0.0,0.0,0.0,0.0,0.0,0.0,0.0,0.0,0.06,0.28,0.44,0.57,0.77,0.59,0.92,0.55,0.53,0.4,0.1,0.01,0.0,0.0,0.0,0.0,0.0,0.0,0.0,0.0,0.0,0.0,0.0,0.0,0.12,0.75,1.55,2.17,2.57,2.77,2.69,2.4,1.8,1.07,0.29,0.02,0.0,0.0,0.0,0.0,0.0,0.0,0.0,0.0,0.0,0.0,0.0,0.0,0.14,0.67,1.51,2.18,2.51,2.49,2.62,2.44,1.86,1.07,0.44,0.03,0.0,0.0,0.0,0.0,0.0,0.0,0.0,0.0,0.0,0.0,0.0,0.0,0.15,0.76,1.52,0.99,0.73,0.77,0.56,0.47,0.67,0.39,0.11,0.01,0.0,0.0,0.0,0.0,0.0,0.0,0.0,0.0,0.0,0.0,0.0,0.0,0.01,0.05,0.11,0.15,0.21,0.19,0.23,0.19,0.13,0.08,0.05,0.0,0.0,0.0,0.0,0.0,0.0,0.0,0.0,0.0,0.0,0.0,0.0,0.0,0.03,0.24,0.57,0.91,1.92,1.46,1.7,2.03,2.08,1.44,0.49,0.03,0.0,0.0,0.0,0.0,0.0,0.0,0.0,0.0,0.0,0.0,0.0,0.0,0.19,0.69,1.5,2.1,2.5,2.38,2.38,1.85,1.43,1.06,0.41,0.03,0.0,0.0,0.0,0.0
56,0.0,0.0,0.0,0.0,0.0,0.0,0.0,0.0,0.12,0.75,1.55,2.17,2.57,2.77,2.69,2.4,1.8,1.07,0.29,0.02,0.0,0.0,0.0,0.0,0.0,0.0,0.0,0.0,0.0,0.0,0.0,0.0,0.14,0.67,1.51,2.18,2.51,2.49,2.62,2.44,1.86,1.07,0.44,0.03,0.0,0.0,0.0,0.0,0.0,0.0,0.0,0.0,0.0,0.0,0.0,0.0,0.15,0.76,1.52,0.99,0.73,0.77,0.56,0.47,0.67,0.39,0.11,0.01,0.0,0.0,0.0,0.0,0.0,0.0,0.0,0.0,0.0,0.0,0.0,0.0,0.01,0.05,0.11,0.15,0.21,0.19,0.23,0.19,0.13,0.08,0.05,0.0,0.0,0.0,0.0,0.0,0.0,0.0,0.0,0.0,0.0,0.0,0.0,0.0,0.03,0.24,0.57,0.91,1.92,1.46,1.7,2.03,2.08,1.44,0.49,0.03,0.0,0.0,0.0,0.0,0.0,0.0,0.0,0.0,0.0,0.0,0.0,0.0,0.19,0.69,1.5,2.1,2.5,2.38,2.38,1.85,1.43,1.06,0.41,0.03,0.0,0.0,0.0,0.0,0.0,0.0,0.0,0.0,0.0,0.0,0.0,0.0,0.08,0.36,0.65,0.62,1.12,1.78,1.33,1.47,1.36,0.68,0.36,0.04,0.0,0.0,0.0,0.0
57,0.0,0.0,0.0,0.0,0.0,0.0,0.0,0.0,0.14,0.67,1.51,2.18,2.51,2.49,2.62,2.44,1.86,1.07,0.44,0.03,0.0,0.0,0.0,0.0,0.0,0.0,0.0,0.0,0.0,0.0,0.0,0.0,0.15,0.76,1.52,0.99,0.73,0.77,0.56,0.47,0.67,0.39,0.11,0.01,0.0,0.0,0.0,0.0,0.0,0.0,0.0,0.0,0.0,0.0,0.0,0.0,0.01,0.05,0.11,0.15,0.21,0.19,0.23,0.19,0.13,0.08,0.05,0.0,0.0,0.0,0.0,0.0,0.0,0.0,0.0,0.0,0.0,0.0,0.0,0.0,0.03,0.24,0.57,0.91,1.92,1.46,1.7,2.03,2.08,1.44,0.49,0.03,0.0,0.0,0.0,0.0,0.0,0.0,0.0,0.0,0.0,0.0,0.0,0.0,0.19,0.69,1.5,2.1,2.5,2.38,2.38,1.85,1.43,1.06,0.41,0.03,0.0,0.0,0.0,0.0,0.0,0.0,0.0,0.0,0.0,0.0,0.0,0.0,0.08,0.36,0.65,0.62,1.12,1.78,1.33,1.47,1.36,0.68,0.36,0.04,0.0,0.0,0.0,0.0,0.0,0.0,0.0,0.0,0.0,0.0,0.0,0.0,0.2,0.8,1.57,2.13,2.57,2.76,2.75,2.45,1.93,1.27,0.48,0.04,0.0,0.0,0.0,0.0
58,0.0,0.0,0.0,0.0,0.0,0.0,0.0,0.0,0.15,0.76,1.52,0.99,0.73,0.77,0.56,0.47,0.67,0.39,0.11,0.01,0.0,0.0,0.0,0.0,0.0,0.0,0.0,0.0,0.0,0.0,0.0,0.0,0.01,0.05,0.11,0.15,0.21,0.19,0.23,0.19,0.13,0.08,0.05,0.0,0.0,0.0,0.0,0.0,0.0,0.0,0.0,0.0,0.0,0.0,0.0,0.0,0.03,0.24,0.57,0.91,1.92,1.46,1.7,2.03,2.08,1.44,0.49,0.03,0.0,0.0,0.0,0.0,0.0,0.0,0.0,0.0,0.0,0.0,0.0,0.0,0.19,0.69,1.5,2.1,2.5,2.38,2.38,1.85,1.43,1.06,0.41,0.03,0.0,0.0,0.0,0.0,0.0,0.0,0.0,0.0,0.0,0.0,0.0,0.0,0.08,0.36,0.65,0.62,1.12,1.78,1.33,1.47,1.36,0.68,0.36,0.04,0.0,0.0,0.0,0.0,0.0,0.0,0.0,0.0,0.0,0.0,0.0,0.0,0.2,0.8,1.57,2.13,2.57,2.76,2.75,2.45,1.93,1.27,0.48,0.04,0.0,0.0,0.0,0.0,0.0,0.0,0.0,0.0,0.0,0.0,0.0,0.0,0.17,0.56,1.19,1.55,2.1,2.06,1.75,0.98,1.14,0.77,0.4,0.04,0.0,0.0,0.0,0.0
59,0.0,0.0,0.0,0.0,0.0,0.0,0.0,0.0,0.01,0.05,0.11,0.15,0.21,0.19,0.23,0.19,0.13,0.08,0.05,0.0,0.0,0.0,0.0,0.0,0.0,0.0,0.0,0.0,0.0,0.0,0.0,0.0,0.03,0.24,0.57,0.91,1.92,1.46,1.7,2.03,2.08,1.44,0.49,0.03,0.0,0.0,0.0,0.0,0.0,0.0,0.0,0.0,0.0,0.0,0.0,0.0,0.19,0.69,1.5,2.1,2.5,2.38,2.38,1.85,1.43,1.06,0.41,0.03,0.0,0.0,0.0,0.0,0.0,0.0,0.0,0.0,0.0,0.0,0.0,0.0,0.08,0.36,0.65,0.62,1.12,1.78,1.33,1.47,1.36,0.68,0.36,0.04,0.0,0.0,0.0,0.0,0.0,0.0,0.0,0.0,0.0,0.0,0.0,0.0,0.2,0.8,1.57,2.13,2.57,2.76,2.75,2.45,1.93,1.27,0.48,0.04,0.0,0.0,0.0,0.0,0.0,0.0,0.0,0.0,0.0,0.0,0.0,0.0,0.17,0.56,1.19,1.55,2.1,2.06,1.75,0.98,1.14,0.77,0.4,0.04,0.0,0.0,0.0,0.0,0.0,0.0,0.0,0.0,0.0,0.0,0.0,0.0,0.2,0.83,1.45,2.16,2.48,2.85,2.58,2.26,1.82,1.07,0.42,0.05,0.0,0.0,0.0,0.0
60,0.0,0.0,0.0,0.0,0.0,0.0,0.0,0.0,0.03,0.24,0.57,0.91,1.92,1.46,1.7,2.03,2.08,1.44,0.49,0.03,0.0,0.0,0.0,0.0,0.0,0.0,0.0,0.0,0.0,0.0,0.0,0.0,0.19,0.69,1.5,2.1,2.5,2.38,2.38,1.85,1.43,1.06,0.41,0.03,0.0,0.0,0.0,0.0,0.0,0.0,0.0,0.0,0.0,0.0,0.0,0.0,0.08,0.36,0.65,0.62,1.12,1.78,1.33,1.47,1.36,0.68,0.36,0.04,0.0,0.0,0.0,0.0,0.0,0.0,0.0,0.0,0.0,0.0,0.0,0.0,0.2,0.8,1.57,2.13,2.57,2.76,2.75,2.45,1.93,1.27,0.48,0.04,0.0,0.0,0.0,0.0,0.0,0.0,0.0,0.0,0.0,0.0,0.0,0.0,0.17,0.56,1.19,1.55,2.1,2.06,1.75,0.98,1.14,0.77,0.4,0.04,0.0,0.0,0.0,0.0,0.0,0.0,0.0,0.0,0.0,0.0,0.0,0.0,0.2,0.83,1.45,2.16,2.48,2.85,2.58,2.26,1.82,1.07,0.42,0.05,0.0,0.0,0.0,0.0,0.0,0.0,0.0,0.0,0.0,0.0,0.0,0.0,0.24,0.86,1.65,2.27,2.63,2.86,2.8,2.39,1.79,1.16,0.43,0.04,0.0,0.0,0.0,0.0
61,0.0,0.0,0.0,0.0,0.0,0.0,0.0,0.0,0.19,0.69,1.5,2.1,2.5,2.38,2.38,1.85,1.43,1.06,0.41,0.03,0.0,0.0,0.0,0.0,0.0,0.0,0.0,0.0,0.0,0.0,0.0,0.0,0.08,0.36,0.65,0.62,1.12,1.78,1.33,1.47,1.36,0.68,0.36,0.04,0.0,0.0,0.0,0.0,0.0,0.0,0.0,0.0,0.0,0.0,0.0,0.0,0.2,0.8,1.57,2.13,2.57,2.76,2.75,2.45,1.93,1.27,0.48,0.04,0.0,0.0,0.0,0.0,0.0,0.0,0.0,0.0,0.0,0.0,0.0,0.0,0.17,0.56,1.19,1.55,2.1,2.06,1.75,0.98,1.14,0.77,0.4,0.04,0.0,0.0,0.0,0.0,0.0,0.0,0.0,0.0,0.0,0.0,0.0,0.0,0.2,0.83,1.45,2.16,2.48,2.85,2.58,2.26,1.82,1.07,0.42,0.05,0.0,0.0,0.0,0.0,0.0,0.0,0.0,0.0,0.0,0.0,0.0,0.0,0.24,0.86,1.65,2.27,2.63,2.86,2.8,2.39,1.79,1.16,0.43,0.04,0.0,0.0,0.0,0.0,0.0,0.0,0.0,0.0,0.0,0.0,0.0,0.0,0.18,0.76,1.34,1.83,1.96,2.37,2.24,1.83,1.48,1.08,0.45,0.05,0.0,0.0,0.0,0.0
62,0.0,0.0,0.0,0.0,0.0,0.0,0.0,0.0,0.08,0.36,0.65,0.62,1.12,1.78,1.33,1.47,1.36,0.68,0.36,0.04,0.0,0.0,0.0,0.0,0.0,0.0,0.0,0.0,0.0,0.0,0.0,0.0,0.2,0.8,1.57,2.13,2.57,2.76,2.75,2.45,1.93,1.27,0.48,0.04,0.0,0.0,0.0,0.0,0.0,0.0,0.0,0.0,0.0,0.0,0.0,0.0,0.17,0.56,1.19,1.55,2.1,2.06,1.75,0.98,1.14,0.77,0.4,0.04,0.0,0.0,0.0,0.0,0.0,0.0,0.0,0.0,0.0,0.0,0.0,0.0,0.2,0.83,1.45,2.16,2.48,2.85,2.58,2.26,1.82,1.07,0.42,0.05,0.0,0.0,0.0,0.0,0.0,0.0,0.0,0.0,0.0,0.0,0.0,0.0,0.24,0.86,1.65,2.27,2.63,2.86,2.8,2.39,1.79,1.16,0.43,0.04,0.0,0.0,0.0,0.0,0.0,0.0,0.0,0.0,0.0,0.0,0.0,0.0,0.18,0.76,1.34,1.83,1.96,2.37,2.24,1.83,1.48,1.08,0.45,0.05,0.0,0.0,0.0,0.0,0.0,0.0,0.0,0.0,0.0,0.0,0.0,0.0,0.23,0.79,1.6,2.23,2.65,2.85,2.77,2.46,1.9,1.12,0.45,0.05,0.0,0.0,0.0,0.0
63,0.0,0.0,0.0,0.0,0.0,0.0,0.0,0.0,0.2,0.8,1.57,2.13,2.57,2.76,2.75,2.45,1.93,1.27,0.48,0.04,0.0,0.0,0.0,0.0,0.0,0.0,0.0,0.0,0.0,0.0,0.0,0.0,0.17,0.56,1.19,1.55,2.1,2.06,1.75,0.98,1.14,0.77,0.4,0.04,0.0,0.0,0.0,0.0,0.0,0.0,0.0,0.0,0.0,0.0,0.0,0.0,0.2,0.83,1.45,2.16,2.48,2.85,2.58,2.26,1.82,1.07,0.42,0.05,0.0,0.0,0.0,0.0,0.0,0.0,0.0,0.0,0.0,0.0,0.0,0.0,0.24,0.86,1.65,2.27,2.63,2.86,2.8,2.39,1.79,1.16,0.43,0.04,0.0,0.0,0.0,0.0,0.0,0.0,0.0,0.0,0.0,0.0,0.0,0.0,0.18,0.76,1.34,1.83,1.96,2.37,2.24,1.83,1.48,1.08,0.45,0.05,0.0,0.0,0.0,0.0,0.0,0.0,0.0,0.0,0.0,0.0,0.0,0.0,0.23,0.79,1.6,2.23,2.65,2.85,2.77,2.46,1.9,1.12,0.45,0.05,0.0,0.0,0.0,0.0,0.0,0.0,0.0,0.0,0.0,0.0,0.0,0.0,0.21,0.71,1.48,2.02,2.45,2.46,2.6,2.17,1.61,0.55,0.29,0.05,0.0,0.0,0.0,0.0
64,0.0,0.0,0.0,0.0,0.0,0.0,0.0,0.0,0.17,0.56,1.19,1.55,2.1,2.06,1.75,0.98,1.14,0.77,0.4,0.04,0.0,0.0,0.0,0.0,0.0,0.0,0.0,0.0,0.0,0.0,0.0,0.0,0.2,0.83,1.45,2.16,2.48,2.85,2.58,2.26,1.82,1.07,0.42,0.05,0.0,0.0,0.0,0.0,0.0,0.0,0.0,0.0,0.0,0.0,0.0,0.0,0.24,0.86,1.65,2.27,2.63,2.86,2.8,2.39,1.79,1.16,0.43,0.04,0.0,0.0,0.0,0.0,0.0,0.0,0.0,0.0,0.0,0.0,0.0,0.0,0.18,0.76,1.34,1.83,1.96,2.37,2.24,1.83,1.48,1.08,0.45,0.05,0.0,0.0,0.0,0.0,0.0,0.0,0.0,0.0,0.0,0.0,0.0,0.0,0.23,0.79,1.6,2.23,2.65,2.85,2.77,2.46,1.9,1.12,0.45,0.05,0.0,0.0,0.0,0.0,0.0,0.0,0.0,0.0,0.0,0.0,0.0,0.0,0.21,0.71,1.48,2.02,2.45,2.46,2.6,2.17,1.61,0.55,0.29,0.05,0.0,0.0,0.0,0.0,0.0,0.0,0.0,0.0,0.0,0.0,0.0,0.0,0.09,0.28,0.55,1.14,1.3,1.4,0.66,0.56,0.64,0.49,0.25,0.05,0.0,0.0,0.0,0.0
65,0.0,0.0,0.0,0.0,0.0,0.0,0.0,0.0,0.2,0.83,1.45,2.16,2.48,2.85,2.58,2.26,1.82,1.07,0.42,0.05,0.0,0.0,0.0,0.0,0.0,0.0,0.0,0.0,0.0,0.0,0.0,0.0,0.24,0.86,1.65,2.27,2.63,2.86,2.8,2.39,1.79,1.16,0.43,0.04,0.0,0.0,0.0,0.0,0.0,0.0,0.0,0.0,0.0,0.0,0.0,0.0,0.18,0.76,1.34,1.83,1.96,2.37,2.24,1.83,1.48,1.08,0.45,0.05,0.0,0.0,0.0,0.0,0.0,0.0,0.0,0.0,0.0,0.0,0.0,0.0,0.23,0.79,1.6,2.23,2.65,2.85,2.77,2.46,1.9,1.12,0.45,0.05,0.0,0.0,0.0,0.0,0.0,0.0,0.0,0.0,0.0,0.0,0.0,0.0,0.21,0.71,1.48,2.02,2.45,2.46,2.6,2.17,1.61,0.55,0.29,0.05,0.0,0.0,0.0,0.0,0.0,0.0,0.0,0.0,0.0,0.0,0.0,0.0,0.09,0.28,0.55,1.14,1.3,1.4,0.66,0.56,0.64,0.49,0.25,0.05,0.0,0.0,0.0,0.0,0.0,0.0,0.0,0.0,0.0,0.0,0.0,0.0,0.24,0.7,1.21,1.95,1.76,2.11,2.14,2.08,1.25,0.91,0.47,0.05,0.0,0.0,0.0,0.0
66,0.0,0.0,0.0,0.0,0.0,0.0,0.0,0.0,0.24,0.86,1.65,2.27,2.63,2.86,2.8,2.39,1.79,1.16,0.43,0.04,0.0,0.0,0.0,0.0,0.0,0.0,0.0,0.0,0.0,0.0,0.0,0.0,0.18,0.76,1.34,1.83,1.96,2.37,2.24,1.83,1.48,1.08,0.45,0.05,0.0,0.0,0.0,0.0,0.0,0.0,0.0,0.0,0.0,0.0,0.0,0.0,0.23,0.79,1.6,2.23,2.65,2.85,2.77,2.46,1.9,1.12,0.45,0.05,0.0,0.0,0.0,0.0,0.0,0.0,0.0,0.0,0.0,0.0,0.0,0.0,0.21,0.71,1.48,2.02,2.45,2.46,2.6,2.17,1.61,0.55,0.29,0.05,0.0,0.0,0.0,0.0,0.0,0.0,0.0,0.0,0.0,0.0,0.0,0.0,0.09,0.28,0.55,1.14,1.3,1.4,0.66,0.56,0.64,0.49,0.25,0.05,0.0,0.0,0.0,0.0,0.0,0.0,0.0,0.0,0.0,0.0,0.0,0.0,0.24,0.7,1.21,1.95,1.76,2.11,2.14,2.08,1.25,0.91,0.47,0.05,0.0,0.0,0.0,0.0,0.0,0.0,0.0,0.0,0.0,0.0,0.0,0.0,0.24,0.7,1.48,2.08,2.46,2.71,2.51,2.23,1.91,1.21,0.43,0.03,0.0,0.0,0.0,0.0
67,0.0,0.0,0.0,0.0,0.0,0.0,0.0,0.0,0.18,0.76,1.34,1.83,1.96,2.37,2.24,1.83,1.48,1.08,0.45,0.05,0.0,0.0,0.0,0.0,0.0,0.0,0.0,0.0,0.0,0.0,0.0,0.0,0.23,0.79,1.6,2.23,2.65,2.85,2.77,2.46,1.9,1.12,0.45,0.05,0.0,0.0,0.0,0.0,0.0,0.0,0.0,0.0,0.0,0.0,0.0,0.0,0.21,0.71,1.48,2.02,2.45,2.46,2.6,2.17,1.61,0.55,0.29,0.05,0.0,0.0,0.0,0.0,0.0,0.0,0.0,0.0,0.0,0.0,0.0,0.0,0.09,0.28,0.55,1.14,1.3,1.4,0.66,0.56,0.64,0.49,0.25,0.05,0.0,0.0,0.0,0.0,0.0,0.0,0.0,0.0,0.0,0.0,0.0,0.0,0.24,0.7,1.21,1.95,1.76,2.11,2.14,2.08,1.25,0.91,0.47,0.05,0.0,0.0,0.0,0.0,0.0,0.0,0.0,0.0,0.0,0.0,0.0,0.0,0.24,0.7,1.48,2.08,2.46,2.71,2.51,2.23,1.91,1.21,0.43,0.03,0.0,0.0,0.0,0.0,0.0,0.0,0.0,0.0,0.0,0.0,0.0,0.0,0.25,0.55,0.89,2.06,2.03,1.91,1.59,1.63,0.93,0.65,0.23,0.03,0.0,0.0,0.0,0.0
68,0.0,0.0,0.0,0.0,0.0,0.0,0.0,0.0,0.23,0.79,1.6,2.23,2.65,2.85,2.77,2.46,1.9,1.12,0.45,0.05,0.0,0.0,0.0,0.0,0.0,0.0,0.0,0.0,0.0,0.0,0.0,0.0,0.21,0.71,1.48,2.02,2.45,2.46,2.6,2.17,1.61,0.55,0.29,0.05,0.0,0.0,0.0,0.0,0.0,0.0,0.0,0.0,0.0,0.0,0.0,0.0,0.09,0.28,0.55,1.14,1.3,1.4,0.66,0.56,0.64,0.49,0.25,0.05,0.0,0.0,0.0,0.0,0.0,0.0,0.0,0.0,0.0,0.0,0.0,0.0,0.24,0.7,1.21,1.95,1.76,2.11,2.14,2.08,1.25,0.91,0.47,0.05,0.0,0.0,0.0,0.0,0.0,0.0,0.0,0.0,0.0,0.0,0.0,0.0,0.24,0.7,1.48,2.08,2.46,2.71,2.51,2.23,1.91,1.21,0.43,0.03,0.0,0.0,0.0,0.0,0.0,0.0,0.0,0.0,0.0,0.0,0.0,0.0,0.25,0.55,0.89,2.06,2.03,1.91,1.59,1.63,0.93,0.65,0.23,0.03,0.0,0.0,0.0,0.0,0.0,0.0,0.0,0.0,0.0,0.0,0.0,0.01,0.33,1.03,1.84,2.45,2.85,3.01,2.95,2.62,1.99,1.37,0.59,0.09,0.0,0.0,0.0,0.0
69,0.0,0.0,0.0,0.0,0.0,0.0,0.0,0.0,0.21,0.71,1.48,2.02,2.45,2.46,2.6,2.17,1.61,0.55,0.29,0.05,0.0,0.0,0.0,0.0,0.0,0.0,0.0,0.0,0.0,0.0,0.0,0.0,0.09,0.28,0.55,1.14,1.3,1.4,0.66,0.56,0.64,0.49,0.25,0.05,0.0,0.0,0.0,0.0,0.0,0.0,0.0,0.0,0.0,0.0,0.0,0.0,0.24,0.7,1.21,1.95,1.76,2.11,2.14,2.08,1.25,0.91,0.47,0.05,0.0,0.0,0.0,0.0,0.0,0.0,0.0,0.0,0.0,0.0,0.0,0.0,0.24,0.7,1.48,2.08,2.46,2.71,2.51,2.23,1.91,1.21,0.43,0.03,0.0,0.0,0.0,0.0,0.0,0.0,0.0,0.0,0.0,0.0,0.0,0.0,0.25,0.55,0.89,2.06,2.03,1.91,1.59,1.63,0.93,0.65,0.23,0.03,0.0,0.0,0.0,0.0,0.0,0.0,0.0,0.0,0.0,0.0,0.0,0.01,0.33,1.03,1.84,2.45,2.85,3.01,2.95,2.62,1.99,1.37,0.59,0.09,0.0,0.0,0.0,0.0,0.0,0.0,0.0,0.0,0.0,0.0,0.0,0.01,0.34,1.01,1.76,2.33,2.8,2.97,2.94,2.6,2.02,1.34,0.59,0.08,0.0,0.0,0.0,0.0
70,0.0,0.0,0.0,0.0,0.0,0.0,0.0,0.0,0.09,0.28,0.55,1.14,1.3,1.4,0.66,0.56,0.64,0.49,0.25,0.05,0.0,0.0,0.0,0.0,0.0,0.0,0.0,0.0,0.0,0.0,0.0,0.0,0.24,0.7,1.21,1.95,1.76,2.11,2.14,2.08,1.25,0.91,0.47,0.05,0.0,0.0,0.0,0.0,0.0,0.0,0.0,0.0,0.0,0.0,0.0,0.0,0.24,0.7,1.48,2.08,2.46,2.71,2.51,2.23,1.91,1.21,0.43,0.03,0.0,0.0,0.0,0.0,0.0,0.0,0.0,0.0,0.0,0.0,0.0,0.0,0.25,0.55,0.89,2.06,2.03,1.91,1.59,1.63,0.93,0.65,0.23,0.03,0.0,0.0,0.0,0.0,0.0,0.0,0.0,0.0,0.0,0.0,0.0,0.01,0.33,1.03,1.84,2.45,2.85,3.01,2.95,2.62,1.99,1.37,0.59,0.09,0.0,0.0,0.0,0.0,0.0,0.0,0.0,0.0,0.0,0.0,0.0,0.01,0.34,1.01,1.76,2.33,2.8,2.97,2.94,2.6,2.02,1.34,0.59,0.08,0.0,0.0,0.0,0.0,0.0,0.0,0.0,0.0,0.0,0.0,0.0,0.01,0.31,0.87,1.65,2.07,2.3,2.52,1.62,2.23,1.67,1.05,0.29,0.04,0.0,0.0,0.0,0.0
71,0.0,0.0,0.0,0.0,0.0,0.0,0.0,0.0,0.24,0.7,1.21,1.95,1.76,2.11,2.14,2.08,1.25,0.91,0.47,0.05,0.0,0.0,0.0,0.0,0.0,0.0,0.0,0.0,0.0,0.0,0.0,0.0,0.24,0.7,1.48,2.08,2.46,2.71,2.51,2.23,1.91,1.21,0.43,0.03,0.0,0.0,0.0,0.0,0.0,0.0,0.0,0.0,0.0,0.0,0.0,0.0,0.25,0.55,0.89,2.06,2.03,1.91,1.59,1.63,0.93,0.65,0.23,0.03,0.0,0.0,0.0,0.0,0.0,0.0,0.0,0.0,0.0,0.0,0.0,0.01,0.33,1.03,1.84,2.45,2.85,3.01,2.95,2.62,1.99,1.37,0.59,0.09,0.0,0.0,0.0,0.0,0.0,0.0,0.0,0.0,0.0,0.0,0.0,0.01,0.34,1.01,1.76,2.33,2.8,2.97,2.94,2.6,2.02,1.34,0.59,0.08,0.0,0.0,0.0,0.0,0.0,0.0,0.0,0.0,0.0,0.0,0.0,0.01,0.31,0.87,1.65,2.07,2.3,2.52,1.62,2.23,1.67,1.05,0.29,0.04,0.0,0.0,0.0,0.0,0.0,0.0,0.0,0.0,0.0,0.0,0.0,0.01,0.24,0.74,1.63,2.22,2.56,2.78,2.74,2.43,1.93,1.25,0.5,0.06,0.0,0.0,0.0,0.0
72,0.0,0.0,0.0,0.0,0.0,0.0,0.0,0.0,0.24,0.7,1.48,2.08,2.46,2.71,2.51,2.23,1.91,1.21,0.43,0.03,0.0,0.0,0.0,0.0,0.0,0.0,0.0,0.0,0.0,0.0,0.0,0.0,0.25,0.55,0.89,2.06,2.03,1.91,1.59,1.63,0.93,0.65,0.23,0.03,0.0,0.0,0.0,0.0,0.0,0.0,0.0,0.0,0.0,0.0,0.0,0.01,0.33,1.03,1.84,2.45,2.85,3.01,2.95,2.62,1.99,1.37,0.59,0.09,0.0,0.0,0.0,0.0,0.0,0.0,0.0,0.0,0.0,0.0,0.0,0.01,0.34,1.01,1.76,2.33,2.8,2.97,2.94,2.6,2.02,1.34,0.59,0.08,0.0,0.0,0.0,0.0,0.0,0.0,0.0,0.0,0.0,0.0,0.0,0.01,0.31,0.87,1.65,2.07,2.3,2.52,1.62,2.23,1.67,1.05,0.29,0.04,0.0,0.0,0.0,0.0,0.0,0.0,0.0,0.0,0.0,0.0,0.0,0.01,0.24,0.74,1.63,2.22,2.56,2.78,2.74,2.43,1.93,1.25,0.5,0.06,0.0,0.0,0.0,0.0,0.0,0.0,0.0,0.0,0.0,0.0,0.0,0.01,0.12,0.13,0.15,0.19,0.24,0.31,0.27,0.23,0.19,0.13,0.02,0.01,0.0,0.0,0.0,0.0
73,0.0,0.0,0.0,0.0,0.0,0.0,0.0,0.0,0.25,0.55,0.89,2.06,2.03,1.91,1.59,1.63,0.93,0.65,0.23,0.03,0.0,0.0,0.0,0.0,0.0,0.0,0.0,0.0,0.0,0.0,0.0,0.01,0.33,1.03,1.84,2.45,2.85,3.01,2.95,2.62,1.99,1.37,0.59,0.09,0.0,0.0,0.0,0.0,0.0,0.0,0.0,0.0,0.0,0.0,0.0,0.01,0.34,1.01,1.76,2.33,2.8,2.97,2.94,2.6,2.02,1.34,0.59,0.08,0.0,0.0,0.0,0.0,0.0,0.0,0.0,0.0,0.0,0.0,0.0,0.01,0.31,0.87,1.65,2.07,2.3,2.52,1.62,2.23,1.67,1.05,0.29,0.04,0.0,0.0,0.0,0.0,0.0,0.0,0.0,0.0,0.0,0.0,0.0,0.01,0.24,0.74,1.63,2.22,2.56,2.78,2.74,2.43,1.93,1.25,0.5,0.06,0.0,0.0,0.0,0.0,0.0,0.0,0.0,0.0,0.0,0.0,0.0,0.01,0.12,0.13,0.15,0.19,0.24,0.31,0.27,0.23,0.19,0.13,0.02,0.01,0.0,0.0,0.0,0.0,0.0,0.0,0.0,0.0,0.0,0.0,0.0,0.01,0.17,0.46,0.44,0.76,1.96,0.55,1.88,1.46,0.91,1.08,0.68,0.06,0.0,0.0,0.0,0.0
74,0.0,0.0,0.0,0.0,0.0,0.0,0.0,0.01,0.33,1.03,1.84,2.45,2.85,3.01,2.95,2.62,1.99,1.37,0.59,0.09,0.0,0.0,0.0,0.0,0.0,0.0,0.0,0.0,0.0,0.0,0.0,0.01,0.34,1.01,1.76,2.33,2.8,2.97,2.94,2.6,2.02,1.34,0.59,0.08,0.0,0.0,0.0,0.0,0.0,0.0,0.0,0.0,0.0,0.0,0.0,0.01,0.31,0.87,1.65,2.07,2.3,2.52,1.62,2.23,1.67,1.05,0.29,0.04,0.0,0.0,0.0,0.0,0.0,0.0,0.0,0.0,0.0,0.0,0.0,0.01,0.24,0.74,1.63,2.22,2.56,2.78,2.74,2.43,1.93,1.25,0.5,0.06,0.0,0.0,0.0,0.0,0.0,0.0,0.0,0.0,0.0,0.0,0.0,0.01,0.12,0.13,0.15,0.19,0.24,0.31,0.27,0.23,0.19,0.13,0.02,0.01,0.0,0.0,0.0,0.0,0.0,0.0,0.0,0.0,0.0,0.0,0.0,0.01,0.17,0.46,0.44,0.76,1.96,0.55,1.88,1.46,0.91,1.08,0.68,0.06,0.0,0.0,0.0,0.0,0.0,0.0,0.0,0.0,0.0,0.0,0.0,0.03,0.45,1.26,2.0,2.39,2.86,3.21,3.1,2.81,2.11,1.53,0.71,0.12,0.0,0.0,0.0,0.0
75,0.0,0.0,0.0,0.0,0.0,0.0,0.0,0.01,0.34,1.01,1.76,2.33,2.8,2.97,2.94,2.6,2.02,1.34,0.59,0.08,0.0,0.0,0.0,0.0,0.0,0.0,0.0,0.0,0.0,0.0,0.0,0.01,0.31,0.87,1.65,2.07,2.3,2.52,1.62,2.23,1.67,1.05,0.29,0.04,0.0,0.0,0.0,0.0,0.0,0.0,0.0,0.0,0.0,0.0,0.0,0.01,0.24,0.74,1.63,2.22,2.56,2.78,2.74,2.43,1.93,1.25,0.5,0.06,0.0,0.0,0.0,0.0,0.0,0.0,0.0,0.0,0.0,0.0,0.0,0.01,0.12,0.13,0.15,0.19,0.24,0.31,0.27,0.23,0.19,0.13,0.02,0.01,0.0,0.0,0.0,0.0,0.0,0.0,0.0,0.0,0.0,0.0,0.0,0.01,0.17,0.46,0.44,0.76,1.96,0.55,1.88,1.46,0.91,1.08,0.68,0.06,0.0,0.0,0.0,0.0,0.0,0.0,0.0,0.0,0.0,0.0,0.0,0.03,0.45,1.26,2.0,2.39,2.86,3.21,3.1,2.81,2.11,1.53,0.71,0.12,0.0,0.0,0.0,0.0,0.0,0.0,0.0,0.0,0.0,0.0,0.0,0.02,0.35,0.97,1.7,2.32,2.77,2.96,2.95,2.58,2.09,1.44,0.62,0.12,0.0,0.0,0.0,0.0
76,0.0,0.0,0.0,0.0,0.0,0.0,0.0,0.01,0.31,0.87,1.65,2.07,2.3,2.52,1.62,2.23,1.67,1.05,0.29,0.04,0.0,0.0,0.0,0.0,0.0,0.0,0.0,0.0,0.0,0.0,0.0,0.01,0.24,0.74,1.63,2.22,2.56,2.78,2.74,2.43,1.93,1.25,0.5,0.06,0.0,0.0,0.0,0.0,0.0,0.0,0.0,0.0,0.0,0.0,0.0,0.01,0.12,0.13,0.15,0.19,0.24,0.31,0.27,0.23,0.19,0.13,0.02,0.01,0.0,0.0,0.0,0.0,0.0,0.0,0.0,0.0,0.0,0.0,0.0,0.01,0.17,0.46,0.44,0.76,1.96,0.55,1.88,1.46,0.91,1.08,0.68,0.06,0.0,0.0,0.0,0.0,0.0,0.0,0.0,0.0,0.0,0.0,0.0,0.03,0.45,1.26,2.0,2.39,2.86,3.21,3.1,2.81,2.11,1.53,0.71,0.12,0.0,0.0,0.0,0.0,0.0,0.0,0.0,0.0,0.0,0.0,0.0,0.02,0.35,0.97,1.7,2.32,2.77,2.96,2.95,2.58,2.09,1.44,0.62,0.12,0.0,0.0,0.0,0.0,0.0,0.0,0.0,0.0,0.0,0.0,0.0,0.02,0.25,0.45,1.05,1.76,2.86,3.03,2.93,2.63,2.16,1.52,0.76,0.11,0.0,0.0,0.0,0.0
77,0.0,0.0,0.0,0.0,0.0,0.0,0.0,0.01,0.24,0.74,1.63,2.22,2.56,2.78,2.74,2.43,1.93,1.25,0.5,0.06,0.0,0.0,0.0,0.0,0.0,0.0,0.0,0.0,0.0,0.0,0.0,0.01,0.12,0.13,0.15,0.19,0.24,0.31,0.27,0.23,0.19,0.13,0.02,0.01,0.0,0.0,0.0,0.0,0.0,0.0,0.0,0.0,0.0,0.0,0.0,0.01,0.17,0.46,0.44,0.76,1.96,0.55,1.88,1.46,0.91,1.08,0.68,0.06,0.0,0.0,0.0,0.0,0.0,0.0,0.0,0.0,0.0,0.0,0.0,0.03,0.45,1.26,2.0,2.39,2.86,3.21,3.1,2.81,2.11,1.53,0.71,0.12,0.0,0.0,0.0,0.0,0.0,0.0,0.0,0.0,0.0,0.0,0.0,0.02,0.35,0.97,1.7,2.32,2.77,2.96,2.95,2.58,2.09,1.44,0.62,0.12,0.0,0.0,0.0,0.0,0.0,0.0,0.0,0.0,0.0,0.0,0.0,0.02,0.25,0.45,1.05,1.76,2.86,3.03,2.93,2.63,2.16,1.52,0.76,0.11,0.0,0.0,0.0,0.0,0.0,0.0,0.0,0.0,0.0,0.0,0.0,0.02,0.31,0.74,1.8,2.34,2.81,2.98,2.89,2.64,2.11,1.45,0.66,0.11,0.0,0.0,0.0,0.0
78,0.0,0.0,0.0,0.0,0.0,0.0,0.0,0.01,0.12,0.13,0.15,0.19,0.24,0.31,0.27,0.23,0.19,0.13,0.02,0.01,0.0,0.0,0.0,0.0,0.0,0.0,0.0,0.0,0.0,0.0,0.0,0.01,0.17,0.46,0.44,0.76,1.96,0.55,1.88,1.46,0.91,1.08,0.68,0.06,0.0,0.0,0.0,0.0,0.0,0.0,0.0,0.0,0.0,0.0,0.0,0.03,0.45,1.26,2.0,2.39,2.86,3.21,3.1,2.81,2.11,1.53,0.71,0.12,0.0,0.0,0.0,0.0,0.0,0.0,0.0,0.0,0.0,0.0,0.0,0.02,0.35,0.97,1.7,2.32,2.77,2.96,2.95,2.58,2.09,1.44,0.62,0.12,0.0,0.0,0.0,0.0,0.0,0.0,0.0,0.0,0.0,0.0,0.0,0.02,0.25,0.45,1.05,1.76,2.86,3.03,2.93,2.63,2.16,1.52,0.76,0.11,0.0,0.0,0.0,0.0,0.0,0.0,0.0,0.0,0.0,0.0,0.0,0.02,0.31,0.74,1.8,2.34,2.81,2.98,2.89,2.64,2.11,1.45,0.66,0.11,0.0,0.0,0.0,0.0,0.0,0.0,0.0,0.0,0.0,0.0,0.0,0.03,0.39,1.09,1.58,2.27,2.03,1.98,2.44,2.0,1.83,0.69,0.55,0.1,0.0,0.0,0.0,0.0
79,0.0,0.0,0.0,0.0,0.0,0.0,0.0,0.01,0.17,0.46,0.44,0.76,1.96,0.55,1.88,1.46,0.91,1.08,0.68,0.06,0.0,0.0,0.0,0.0,0.0,0.0,0.0,0.0,0.0,0.0,0.0,0.03,0.45,1.26,2.0,2.39,2.86,3.21,3.1,2.81,2.11,1.53,0.71,0.12,0.0,0.0,0.0,0.0,0.0,0.0,0.0,0.0,0.0,0.0,0.0,0.02,0.35,0.97,1.7,2.32,2.77,2.96,2.95,2.58,2.09,1.44,0.62,0.12,0.0,0.0,0.0,0.0,0.0,0.0,0.0,0.0,0.0,0.0,0.0,0.02,0.25,0.45,1.05,1.76,2.86,3.03,2.93,2.63,2.16,1.52,0.76,0.11,0.0,0.0,0.0,0.0,0.0,0.0,0.0,0.0,0.0,0.0,0.0,0.02,0.31,0.74,1.8,2.34,2.81,2.98,2.89,2.64,2.11,1.45,0.66,0.11,0.0,0.0,0.0,0.0,0.0,0.0,0.0,0.0,0.0,0.0,0.0,0.03,0.39,1.09,1.58,2.27,2.03,1.98,2.44,2.0,1.83,0.69,0.55,0.1,0.0,0.0,0.0,0.0,0.0,0.0,0.0,0.0,0.0,0.0,0.0,0.02,0.24,0.48,0.29,0.31,0.81,0.31,0.29,0.37,0.33,0.2,0.06,0.01,0.0,0.0,0.0,0.0
80,0.0,0.0,0.0,0.0,0.0,0.0,0.0,0.03,0.45,1.26,2.0,2.39,2.86,3.21,3.1,2.81,2.11,1.53,0.71,0.12,0.0,0.0,0.0,0.0,0.0,0.0,0.0,0.0,0.0,0.0,0.0,0.02,0.35,0.97,1.7,2.32,2.77,2.96,2.95,2.58,2.09,1.44,0.62,0.12,0.0,0.0,0.0,0.0,0.0,0.0,0.0,0.0,0.0,0.0,0.0,0.02,0.25,0.45,1.05,1.76,2.86,3.03,2.93,2.63,2.16,1.52,0.76,0.11,0.0,0.0,0.0,0.0,0.0,0.0,0.0,0.0,0.0,0.0,0.0,0.02,0.31,0.74,1.8,2.34,2.81,2.98,2.89,2.64,2.11,1.45,0.66,0.11,0.0,0.0,0.0,0.0,0.0,0.0,0.0,0.0,0.0,0.0,0.0,0.03,0.39,1.09,1.58,2.27,2.03,1.98,2.44,2.0,1.83,0.69,0.55,0.1,0.0,0.0,0.0,0.0,0.0,0.0,0.0,0.0,0.0,0.0,0.0,0.02,0.24,0.48,0.29,0.31,0.81,0.31,0.29,0.37,0.33,0.2,0.06,0.01,0.0,0.0,0.0,0.0,0.0,0.0,0.0,0.0,0.0,0.0,0.0,0.0,0.03,0.08,0.14,0.18,0.28,0.46,0.37,0.35,0.23,0.13,0.08,0.02,0.0,0.0,0.0,0.0
81,0.0,0.0,0.0,0.0,0.0,0.0,0.0,0.02,0.35,0.97,1.7,2.32,2.77,2.96,2.95,2.58,2.09,1.44,0.62,0.12,0.0,0.0,0.0,0.0,0.0,0.0,0.0,0.0,0.0,0.0,0.0,0.02,0.25,0.45,1.05,1.76,2.86,3.03,2.93,2.63,2.16,1.52,0.76,0.11,0.0,0.0,0.0,0.0,0.0,0.0,0.0,0.0,0.0,0.0,0.0,0.02,0.31,0.74,1.8,2.34,2.81,2.98,2.89,2.64,2.11,1.45,0.66,0.11,0.0,0.0,0.0,0.0,0.0,0.0,0.0,0.0,0.0,0.0,0.0,0.03,0.39,1.09,1.58,2.27,2.03,1.98,2.44,2.0,1.83,0.69,0.55,0.1,0.0,0.0,0.0,0.0,0.0,0.0,0.0,0.0,0.0,0.0,0.0,0.02,0.24,0.48,0.29,0.31,0.81,0.31,0.29,0.37,0.33,0.2,0.06,0.01,0.0,0.0,0.0,0.0,0.0,0.0,0.0,0.0,0.0,0.0,0.0,0.0,0.03,0.08,0.14,0.18,0.28,0.46,0.37,0.35,0.23,0.13,0.08,0.02,0.0,0.0,0.0,0.0,0.0,0.0,0.0,0.0,0.0,0.0,0.0,0.02,0.34,0.98,1.83,2.58,2.95,2.43,2.61,1.41,1.71,0.75,0.49,0.14,0.0,0.0,0.0,0.0
82,0.0,0.0,0.0,0.0,0.0,0.0,0.0,0.02,0.25,0.45,1.05,1.76,2.86,3.03,2.93,2.63,2.16,1.52,0.76,0.11,0.0,0.0,0.0,0.0,0.0,0.0,0.0,0.0,0.0,0.0,0.0,0.02,0.31,0.74,1.8,2.34,2.81,2.98,2.89,2.64,2.11,1.45,0.66,0.11,0.0,0.0,0.0,0.0,0.0,0.0,0.0,0.0,0.0,0.0,0.0,0.03,0.39,1.09,1.58,2.27,2.03,1.98,2.44,2.0,1.83,0.69,0.55,0.1,0.0,0.0,0.0,0.0,0.0,0.0,0.0,0.0,0.0,0.0,0.0,0.02,0.24,0.48,0.29,0.31,0.81,0.31,0.29,0.37,0.33,0.2,0.06,0.01,0.0,0.0,0.0,0.0,0.0,0.0,0.0,0.0,0.0,0.0,0.0,0.0,0.03,0.08,0.14,0.18,0.28,0.46,0.37,0.35,0.23,0.13,0.08,0.02,0.0,0.0,0.0,0.0,0.0,0.0,0.0,0.0,0.0,0.0,0.0,0.02,0.34,0.98,1.83,2.58,2.95,2.43,2.61,1.41,1.71,0.75,0.49,0.14,0.0,0.0,0.0,0.0,0.0,0.0,0.0,0.0,0.0,0.0,0.0,0.04,0.49,1.35,2.12,2.77,3.19,3.35,3.28,2.92,2.36,1.66,0.82,0.18,0.0,0.0,0.0,0.0
83,0.0,0.0,0.0,0.0,0.0,0.0,0.0,0.02,0.31,0.74,1.8,2.34,2.81,2.98,2.89,2.64,2.11,1.45,0.66,0.11,0.0,0.0,0.0,0.0,0.0,0.0,0.0,0.0,0.0,0.0,0.0,0.03,0.39,1.09,1.58,2.27,2.03,1.98,2.44,2.0,1.83,0.69,0.55,0.1,0.0,0.0,0.0,0.0,0.0,0.0,0.0,0.0,0.0,0.0,0.0,0.02,0.24,0.48,0.29,0.31,0.81,0.31,0.29,0.37,0.33,0.2,0.06,0.01,0.0,0.0,0.0,0.0,0.0,0.0,0.0,0.0,0.0,0.0,0.0,0.0,0.03,0.08,0.14,0.18,0.28,0.46,0.37,0.35,0.23,0.13,0.08,0.02,0.0,0.0,0.0,0.0,0.0,0.0,0.0,0.0,0.0,0.0,0.0,0.02,0.34,0.98,1.83,2.58,2.95,2.43,2.61,1.41,1.71,0.75,0.49,0.14,0.0,0.0,0.0,0.0,0.0,0.0,0.0,0.0,0.0,0.0,0.0,0.04,0.49,1.35,2.12,2.77,3.19,3.35,3.28,2.92,2.36,1.66,0.82,0.18,0.0,0.0,0.0,0.0,0.0,0.0,0.0,0.0,0.0,0.0,0.0,0.08,0.63,1.41,2.01,2.23,2.97,3.32,3.23,2.79,2.23,1.53,0.74,0.12,0.0,0.0,0.0,0.0
84,0.0,0.0,0.0,0.0,0.0,0.0,0.0,0.03,0.39,1.09,1.58,2.27,2.03,1.98,2.44,2.0,1.83,0.69,0.55,0.1,0.0,0.0,0.0,0.0,0.0,0.0,0.0,0.0,0.0,0.0,0.0,0.02,0.24,0.48,0.29,0.31,0.81,0.31,0.29,0.37,0.33,0.2,0.06,0.01,0.0,0.0,0.0,0.0,0.0,0.0,0.0,0.0,0.0,0.0,0.0,0.0,0.03,0.08,0.14,0.18,0.28,0.46,0.37,0.35,0.23,0.13,0.08,0.02,0.0,0.0,0.0,0.0,0.0,0.0,0.0,0.0,0.0,0.0,0.0,0.02,0.34,0.98,1.83,2.58,2.95,2.43,2.61,1.41,1.71,0.75,0.49,0.14,0.0,0.0,0.0,0.0,0.0,0.0,0.0,0.0,0.0,0.0,0.0,0.04,0.49,1.35,2.12,2.77,3.19,3.35,3.28,2.92,2.36,1.66,0.82,0.18,0.0,0.0,0.0,0.0,0.0,0.0,0.0,0.0,0.0,0.0,0.0,0.08,0.63,1.41,2.01,2.23,2.97,3.32,3.23,2.79,2.23,1.53,0.74,0.12,0.0,0.0,0.0,0.0,0.0,0.0,0.0,0.0,0.0,0.0,0.0,0.07,0.56,1.39,1.99,2.66,2.94,2.74,2.87,1.68,1.81,1.26,0.79,0.15,0.0,0.0,0.0,0.0
85,0.0,0.0,0.0,0.0,0.0,0.0,0.0,0.02,0.24,0.48,0.29,0.31,0.81,0.31,0.29,0.37,0.33,0.2,0.06,0.01,0.0,0.0,0.0,0.0,0.0,0.0,0.0,0.0,0.0,0.0,0.0,0.0,0.03,0.08,0.14,0.18,0.28,0.46,0.37,0.35,0.23,0.13,0.08,0.02,0.0,0.0,0.0,0.0,0.0,0.0,0.0,0.0,0.0,0.0,0.0,0.02,0.34,0.98,1.83,2.58,2.95,2.43,2.61,1.41,1.71,0.75,0.49,0.14,0.0,0.0,0.0,0.0,0.0,0.0,0.0,0.0,0.0,0.0,0.0,0.04,0.49,1.35,2.12,2.77,3.19,3.35,3.28,2.92,2.36,1.66,0.82,0.18,0.0,0.0,0.0,0.0,0.0,0.0,0.0,0.0,0.0,0.0,0.0,0.08,0.63,1.41,2.01,2.23,2.97,3.32,3.23,2.79,2.23,1.53,0.74,0.12,0.0,0.0,0.0,0.0,0.0,0.0,0.0,0.0,0.0,0.0,0.0,0.07,0.56,1.39,1.99,2.66,2.94,2.74,2.87,1.68,1.81,1.26,0.79,0.15,0.0,0.0,0.0,0.0,0.0,0.0,0.0,0.0,0.0,0.0,0.0,0.06,0.33,1.21,2.07,2.3,2.77,1.97,1.53,1.64,0.75,0.52,0.16,0.06,0.0,0.0,0.0,0.0
86,0.0,0.0,0.0,0.0,0.0,0.0,0.0,0.0,0.03,0.08,0.14,0.18,0.28,0.46,0.37,0.35,0.23,0.13,0.08,0.02,0.0,0.0,0.0,0.0,0.0,0.0,0.0,0.0,0.0,0.0,0.0,0.02,0.34,0.98,1.83,2.58,2.95,2.43,2.61,1.41,1.71,0.75,0.49,0.14,0.0,0.0,0.0,0.0,0.0,0.0,0.0,0.0,0.0,0.0,0.0,0.04,0.49,1.35,2.12,2.77,3.19,3.35,3.28,2.92,2.36,1.66,0.82,0.18,0.0,0.0,0.0,0.0,0.0,0.0,0.0,0.0,0.0,0.0,0.0,0.08,0.63,1.41,2.01,2.23,2.97,3.32,3.23,2.79,2.23,1.53,0.74,0.12,0.0,0.0,0.0,0.0,0.0,0.0,0.0,0.0,0.0,0.0,0.0,0.07,0.56,1.39,1.99,2.66,2.94,2.74,2.87,1.68,1.81,1.26,0.79,0.15,0.0,0.0,0.0,0.0,0.0,0.0,0.0,0.0,0.0,0.0,0.0,0.06,0.33,1.21,2.07,2.3,2.77,1.97,1.53,1.64,0.75,0.52,0.16,0.06,0.0,0.0,0.0,0.0,0.0,0.0,0.0,0.0,0.0,0.0,0.0,0.01,0.06,0.19,0.18,0.28,0.19,0.26,0.26,0.2,0.17,0.11,0.06,0.01,0.0,0.0,0.0,0.0
87,0.0,0.0,0.0,0.0,0.0,0.0,0.0,0.02,0.34,0.98,1.83,2.58,2.95,2.43,2.61,1.41,1.71,0.75,0.49,0.14,0.0,0.0,0.0,0.0,0.0,0.0,0.0,0.0,0.0,0.0,0.0,0.04,0.49,1.35,2.12,2.77,3.19,3.35,3.28,2.92,2.36,1.66,0.82,0.18,0.0,0.0,0.0,0.0,0.0,0.0,0.0,0.0,0.0,0.0,0.0,0.08,0.63,1.41,2.01,2.23,2.97,3.32,3.23,2.79,2.23,1.53,0.74,0.12,0.0,0.0,0.0,0.0,0.0,0.0,0.0,0.0,0.0,0.0,0.0,0.07,0.56,1.39,1.99,2.66,2.94,2.74,2.87,1.68,1.81,1.26,0.79,0.15,0.0,0.0,0.0,0.0,0.0,0.0,0.0,0.0,0.0,0.0,0.0,0.06,0.33,1.21,2.07,2.3,2.77,1.97,1.53,1.64,0.75,0.52,0.16,0.06,0.0,0.0,0.0,0.0,0.0,0.0,0.0,0.0,0.0,0.0,0.0,0.01,0.06,0.19,0.18,0.28,0.19,0.26,0.26,0.2,0.17,0.11,0.06,0.01,0.0,0.0,0.0,0.0,0.0,0.0,0.0,0.0,0.0,0.0,0.0,0.03,0.16,0.52,0.94,1.48,2.8,2.79,1.88,1.08,0.53,0.4,0.21,0.09,0.0,0.0,0.0,0.0
88,0.0,0.0,0.0,0.0,0.0,0.0,0.0,0.04,0.49,1.35,2.12,2.77,3.19,3.35,3.28,2.92,2.36,1.66,0.82,0.18,0.0,0.0,0.0,0.0,0.0,0.0,0.0,0.0,0.0,0.0,0.0,0.08,0.63,1.41,2.01,2.23,2.97,3.32,3.23,2.79,2.23,1.53,0.74,0.12,0.0,0.0,0.0,0.0,0.0,0.0,0.0,0.0,0.0,0.0,0.0,0.07,0.56,1.39,1.99,2.66,2.94,2.74,2.87,1.68,1.81,1.26,0.79,0.15,0.0,0.0,0.0,0.0,0.0,0.0,0.0,0.0,0.0,0.0,0.0,0.06,0.33,1.21,2.07,2.3,2.77,1.97,1.53,1.64,0.75,0.52,0.16,0.06,0.0,0.0,0.0,0.0,0.0,0.0,0.0,0.0,0.0,0.0,0.0,0.01,0.06,0.19,0.18,0.28,0.19,0.26,0.26,0.2,0.17,0.11,0.06,0.01,0.0,0.0,0.0,0.0,0.0,0.0,0.0,0.0,0.0,0.0,0.0,0.03,0.16,0.52,0.94,1.48,2.8,2.79,1.88,1.08,0.53,0.4,0.21,0.09,0.0,0.0,0.0,0.0,0.0,0.0,0.0,0.0,0.0,0.0,0.0,0.12,0.73,1.58,2.28,2.91,3.3,3.44,3.34,2.99,2.41,1.69,0.83,0.19,0.0,0.0,0.0,0.0
89,0.0,0.0,0.0,0.0,0.0,0.0,0.0,0.08,0.63,1.41,2.01,2.23,2.97,3.32,3.23,2.79,2.23,1.53,0.74,0.12,0.0,0.0,0.0,0.0,0.0,0.0,0.0,0.0,0.0,0.0,0.0,0.07,0.56,1.39,1.99,2.66,2.94,2.74,2.87,1.68,1.81,1.26,0.79,0.15,0.0,0.0,0.0,0.0,0.0,0.0,0.0,0.0,0.0,0.0,0.0,0.06,0.33,1.21,2.07,2.3,2.77,1.97,1.53,1.64,0.75,0.52,0.16,0.06,0.0,0.0,0.0,0.0,0.0,0.0,0.0,0.0,0.0,0.0,0.0,0.01,0.06,0.19,0.18,0.28,0.19,0.26,0.26,0.2,0.17,0.11,0.06,0.01,0.0,0.0,0.0,0.0,0.0,0.0,0.0,0.0,0.0,0.0,0.0,0.03,0.16,0.52,0.94,1.48,2.8,2.79,1.88,1.08,0.53,0.4,0.21,0.09,0.0,0.0,0.0,0.0,0.0,0.0,0.0,0.0,0.0,0.0,0.0,0.12,0.73,1.58,2.28,2.91,3.3,3.44,3.34,2.99,2.41,1.69,0.83,0.19,0.0,0.0,0.0,0.0,0.0,0.0,0.0,0.0,0.0,0.0,0.0,0.12,0.38,1.22,1.87,2.6,3.13,3.28,3.05,2.84,2.29,1.58,0.79,0.19,0.0,0.0,0.0,0.0
90,0.0,0.0,0.0,0.0,0.0,0.0,0.0,0.07,0.56,1.39,1.99,2.66,2.94,2.74,2.87,1.68,1.81,1.26,0.79,0.15,0.0,0.0,0.0,0.0,0.0,0.0,0.0,0.0,0.0,0.0,0.0,0.06,0.33,1.21,2.07,2.3,2.77,1.97,1.53,1.64,0.75,0.52,0.16,0.06,0.0,0.0,0.0,0.0,0.0,0.0,0.0,0.0,0.0,0.0,0.0,0.01,0.06,0.19,0.18,0.28,0.19,0.26,0.26,0.2,0.17,0.11,0.06,0.01,0.0,0.0,0.0,0.0,0.0,0.0,0.0,0.0,0.0,0.0,0.0,0.03,0.16,0.52,0.94,1.48,2.8,2.79,1.88,1.08,0.53,0.4,0.21,0.09,0.0,0.0,0.0,0.0,0.0,0.0,0.0,0.0,0.0,0.0,0.0,0.12,0.73,1.58,2.28,2.91,3.3,3.44,3.34,2.99,2.41,1.69,0.83,0.19,0.0,0.0,0.0,0.0,0.0,0.0,0.0,0.0,0.0,0.0,0.0,0.12,0.38,1.22,1.87,2.6,3.13,3.28,3.05,2.84,2.29,1.58,0.79,0.19,0.0,0.0,0.0,0.0,0.0,0.0,0.0,0.0,0.0,0.0,0.0,0.11,0.67,1.45,2.13,2.73,3.07,3.28,3.22,2.84,2.31,1.64,0.84,0.2,0.0,0.0,0.0,0.0
91,0.0,0.0,0.0,0.0,0.0,0.0,0.0,0.06,0.33,1.21,2.07,2.3,2.77,1.97,1.53,1.64,0.75,0.52,0.16,0.06,0.0,0.0,0.0,0.0,0.0,0.0,0.0,0.0,0.0,0.0,0.0,0.01,0.06,0.19,0.18,0.28,0.19,0.26,0.26,0.2,0.17,0.11,0.06,0.01,0.0,0.0,0.0,0.0,0.0,0.0,0.0,0.0,0.0,0.0,0.0,0.03,0.16,0.52,0.94,1.48,2.8,2.79,1.88,1.08,0.53,0.4,0.21,0.09,0.0,0.0,0.0,0.0,0.0,0.0,0.0,0.0,0.0,0.0,0.0,0.12,0.73,1.58,2.28,2.91,3.3,3.44,3.34,2.99,2.41,1.69,0.83,0.19,0.0,0.0,0.0,0.0,0.0,0.0,0.0,0.0,0.0,0.0,0.0,0.12,0.38,1.22,1.87,2.6,3.13,3.28,3.05,2.84,2.29,1.58,0.79,0.19,0.0,0.0,0.0,0.0,0.0,0.0,0.0,0.0,0.0,0.0,0.0,0.11,0.67,1.45,2.13,2.73,3.07,3.28,3.22,2.84,2.31,1.64,0.84,0.2,0.0,0.0,0.0,0.0,0.0,0.0,0.0,0.0,0.0,0.0,0.0,0.13,0.7,1.57,2.26,2.87,3.23,3.45,3.33,2.99,2.44,1.73,0.92,0.23,0.0,0.0,0.0,0.0
92,0.0,0.0,0.0,0.0,0.0,0.0,0.0,0.01,0.06,0.19,0.18,0.28,0.19,0.26,0.26,0.2,0.17,0.11,0.06,0.01,0.0,0.0,0.0,0.0,0.0,0.0,0.0,0.0,0.0,0.0,0.0,0.03,0.16,0.52,0.94,1.48,2.8,2.79,1.88,1.08,0.53,0.4,0.21,0.09,0.0,0.0,0.0,0.0,0.0,0.0,0.0,0.0,0.0,0.0,0.0,0.12,0.73,1.58,2.28,2.91,3.3,3.44,3.34,2.99,2.41,1.69,0.83,0.19,0.0,0.0,0.0,0.0,0.0,0.0,0.0,0.0,0.0,0.0,0.0,0.12,0.38,1.22,1.87,2.6,3.13,3.28,3.05,2.84,2.29,1.58,0.79,0.19,0.0,0.0,0.0,0.0,0.0,0.0,0.0,0.0,0.0,0.0,0.0,0.11,0.67,1.45,2.13,2.73,3.07,3.28,3.22,2.84,2.31,1.64,0.84,0.2,0.0,0.0,0.0,0.0,0.0,0.0,0.0,0.0,0.0,0.0,0.0,0.13,0.7,1.57,2.26,2.87,3.23,3.45,3.33,2.99,2.44,1.73,0.92,0.23,0.0,0.0,0.0,0.0,0.0,0.0,0.0,0.0,0.0,0.0,0.0,0.14,0.73,1.56,2.25,2.87,3.24,3.4,3.15,2.94,2.35,1.6,0.85,0.22,0.0,0.0,0.0,0.0
93,0.0,0.0,0.0,0.0,0.0,0.0,0.0,0.03,0.16,0.52,0.94,1.48,2.8,2.79,1.88,1.08,0.53,0.4,0.21,0.09,0.0,0.0,0.0,0.0,0.0,0.0,0.0,0.0,0.0,0.0,0.0,0.12,0.73,1.58,2.28,2.91,3.3,3.44,3.34,2.99,2.41,1.69,0.83,0.19,0.0,0.0,0.0,0.0,0.0,0.0,0.0,0.0,0.0,0.0,0.0,0.12,0.38,1.22,1.87,2.6,3.13,3.28,3.05,2.84,2.29,1.58,0.79,0.19,0.0,0.0,0.0,0.0,0.0,0.0,0.0,0.0,0.0,0.0,0.0,0.11,0.67,1.45,2.13,2.73,3.07,3.28,3.22,2.84,2.31,1.64,0.84,0.2,0.0,0.0,0.0,0.0,0.0,0.0,0.0,0.0,0.0,0.0,0.0,0.13,0.7,1.57,2.26,2.87,3.23,3.45,3.33,2.99,2.44,1.73,0.92,0.23,0.0,0.0,0.0,0.0,0.0,0.0,0.0,0.0,0.0,0.0,0.0,0.14,0.73,1.56,2.25,2.87,3.24,3.4,3.15,2.94,2.35,1.6,0.85,0.22,0.0,0.0,0.0,0.0,0.0,0.0,0.0,0.0,0.0,0.0,0.0,0.14,0.7,1.48,2.14,2.7,3.07,3.2,3.09,2.73,2.07,1.5,0.75,0.2,0.0,0.0,0.0,0.0
94,0.0,0.0,0.0,0.0,0.0,0.0,0.0,0.12,0.73,1.58,2.28,2.91,3.3,3.44,3.34,2.99,2.41,1.69,0.83,0.19,0.0,0.0,0.0,0.0,0.0,0.0,0.0,0.0,0.0,0.0,0.0,0.12,0.38,1.22,1.87,2.6,3.13,3.28,3.05,2.84,2.29,1.58,0.79,0.19,0.0,0.0,0.0,0.0,0.0,0.0,0.0,0.0,0.0,0.0,0.0,0.11,0.67,1.45,2.13,2.73,3.07,3.28,3.22,2.84,2.31,1.64,0.84,0.2,0.0,0.0,0.0,0.0,0.0,0.0,0.0,0.0,0.0,0.0,0.0,0.13,0.7,1.57,2.26,2.87,3.23,3.45,3.33,2.99,2.44,1.73,0.92,0.23,0.0,0.0,0.0,0.0,0.0,0.0,0.0,0.0,0.0,0.0,0.0,0.14,0.73,1.56,2.25,2.87,3.24,3.4,3.15,2.94,2.35,1.6,0.85,0.22,0.0,0.0,0.0,0.0,0.0,0.0,0.0,0.0,0.0,0.0,0.0,0.14,0.7,1.48,2.14,2.7,3.07,3.2,3.09,2.73,2.07,1.5,0.75,0.2,0.0,0.0,0.0,0.0,0.0,0.0,0.0,0.0,0.0,0.0,0.0,0.14,0.63,1.4,2.09,2.7,3.08,3.13,2.97,2.32,1.96,1.3,0.72,0.13,0.0,0.0,0.0,0.0
95,0.0,0.0,0.0,0.0,0.0,0.0,0.0,0.12,0.38,1.22,1.87,2.6,3.13,3.28,3.05,2.84,2.29,1.58,0.79,0.19,0.0,0.0,0.0,0.0,0.0,0.0,0.0,0.0,0.0,0.0,0.0,0.11,0.67,1.45,2.13,2.73,3.07,3.28,3.22,2.84,2.31,1.64,0.84,0.2,0.0,0.0,0.0,0.0,0.0,0.0,0.0,0.0,0.0,0.0,0.0,0.13,0.7,1.57,2.26,2.87,3.23,3.45,3.33,2.99,2.44,1.73,0.92,0.23,0.0,0.0,0.0,0.0,0.0,0.0,0.0,0.0,0.0,0.0,0.0,0.14,0.73,1.56,2.25,2.87,3.24,3.4,3.15,2.94,2.35,1.6,0.85,0.22,0.0,0.0,0.0,0.0,0.0,0.0,0.0,0.0,0.0,0.0,0.0,0.14,0.7,1.48,2.14,2.7,3.07,3.2,3.09,2.73,2.07,1.5,0.75,0.2,0.0,0.0,0.0,0.0,0.0,0.0,0.0,0.0,0.0,0.0,0.0,0.14,0.63,1.4,2.09,2.7,3.08,3.13,2.97,2.32,1.96,1.3,0.72,0.13,0.0,0.0,0.0,0.0,0.0,0.0,0.0,0.0,0.0,0.0,0.0,0.08,0.26,0.46,0.58,0.75,0.96,0.61,0.51,0.41,0.41,0.25,0.08,0.02,0.01,0.0,0.0,0.0
96,0.0,0.0,0.0,0.0,0.0,0.0,0.0,0.11,0.67,1.45,2.13,2.73,3.07,3.28,3.22,2.84,2.31,1.64,0.84,0.2,0.0,0.0,0.0,0.0,0.0,0.0,0.0,0.0,0.0,0.0,0.0,0.13,0.7,1.57,2.26,2.87,3.23,3.45,3.33,2.99,2.44,1.73,0.92,0.23,0.0,0.0,0.0,0.0,0.0,0.0,0.0,0.0,0.0,0.0,0.0,0.14,0.73,1.56,2.25,2.87,3.24,3.4,3.15,2.94,2.35,1.6,0.85,0.22,0.0,0.0,0.0,0.0,0.0,0.0,0.0,0.0,0.0,0.0,0.0,0.14,0.7,1.48,2.14,2.7,3.07,3.2,3.09,2.73,2.07,1.5,0.75,0.2,0.0,0.0,0.0,0.0,0.0,0.0,0.0,0.0,0.0,0.0,0.0,0.14,0.63,1.4,2.09,2.7,3.08,3.13,2.97,2.32,1.96,1.3,0.72,0.13,0.0,0.0,0.0,0.0,0.0,0.0,0.0,0.0,0.0,0.0,0.0,0.08,0.26,0.46,0.58,0.75,0.96,0.61,0.51,0.41,0.41,0.25,0.08,0.02,0.01,0.0,0.0,0.0,0.0,0.0,0.0,0.0,0.0,0.0,0.0,0.06,0.23,1.27,1.95,1.31,1.31,2.33,2.55,1.45,1.27,0.72,0.38,0.11,0.01,0.0,0.0,0.0
97,0.0,0.0,0.0,0.0,0.0,0.0,0.0,0.13,0.7,1.57,2.26,2.87,3.23,3.45,3.33,2.99,2.44,1.73,0.92,0.23,0.0,0.0,0.0,0.0,0.0,0.0,0.0,0.0,0.0,0.0,0.0,0.14,0.73,1.56,2.25,2.87,3.24,3.4,3.15,2.94,2.35,1.6,0.85,0.22,0.0,0.0,0.0,0.0,0.0,0.0,0.0,0.0,0.0,0.0,0.0,0.14,0.7,1.48,2.14,2.7,3.07,3.2,3.09,2.73,2.07,1.5,0.75,0.2,0.0,0.0,0.0,0.0,0.0,0.0,0.0,0.0,0.0,0.0,0.0,0.14,0.63,1.4,2.09,2.7,3.08,3.13,2.97,2.32,1.96,1.3,0.72,0.13,0.0,0.0,0.0,0.0,0.0,0.0,0.0,0.0,0.0,0.0,0.0,0.08,0.26,0.46,0.58,0.75,0.96,0.61,0.51,0.41,0.41,0.25,0.08,0.02,0.01,0.0,0.0,0.0,0.0,0.0,0.0,0.0,0.0,0.0,0.0,0.06,0.23,1.27,1.95,1.31,1.31,2.33,2.55,1.45,1.27,0.72,0.38,0.11,0.01,0.0,0.0,0.0,0.0,0.0,0.0,0.0,0.0,0.0,0.0,0.21,0.88,1.73,2.41,3.0,3.41,3.53,3.46,3.1,2.53,1.81,0.95,0.28,0.01,0.0,0.0,0.0
98,0.0,0.0,0.0,0.0,0.0,0.0,0.0,0.14,0.73,1.56,2.25,2.87,3.24,3.4,3.15,2.94,2.35,1.6,0.85,0.22,0.0,0.0,0.0,0.0,0.0,0.0,0.0,0.0,0.0,0.0,0.0,0.14,0.7,1.48,2.14,2.7,3.07,3.2,3.09,2.73,2.07,1.5,0.75,0.2,0.0,0.0,0.0,0.0,0.0,0.0,0.0,0.0,0.0,0.0,0.0,0.14,0.63,1.4,2.09,2.7,3.08,3.13,2.97,2.32,1.96,1.3,0.72,0.13,0.0,0.0,0.0,0.0,0.0,0.0,0.0,0.0,0.0,0.0,0.0,0.08,0.26,0.46,0.58,0.75,0.96,0.61,0.51,0.41,0.41,0.25,0.08,0.02,0.01,0.0,0.0,0.0,0.0,0.0,0.0,0.0,0.0,0.0,0.0,0.06,0.23,1.27,1.95,1.31,1.31,2.33,2.55,1.45,1.27,0.72,0.38,0.11,0.01,0.0,0.0,0.0,0.0,0.0,0.0,0.0,0.0,0.0,0.0,0.21,0.88,1.73,2.41,3.0,3.41,3.53,3.46,3.1,2.53,1.81,0.95,0.28,0.01,0.0,0.0,0.0,0.0,0.0,0.0,0.0,0.0,0.0,0.0,0.12,0.54,1.32,2.07,2.61,3.3,3.45,3.34,2.96,2.29,1.69,0.83,0.26,0.0,0.0,0.0,0.0
99,0.0,0.0,0.0,0.0,0.0,0.0,0.0,0.14,0.7,1.48,2.14,2.7,3.07,3.2,3.09,2.73,2.07,1.5,0.75,0.2,0.0,0.0,0.0,0.0,0.0,0.0,0.0,0.0,0.0,0.0,0.0,0.14,0.63,1.4,2.09,2.7,3.08,3.13,2.97,2.32,1.96,1.3,0.72,0.13,0.0,0.0,0.0,0.0,0.0,0.0,0.0,0.0,0.0,0.0,0.0,0.08,0.26,0.46,0.58,0.75,0.96,0.61,0.51,0.41,0.41,0.25,0.08,0.02,0.01,0.0,0.0,0.0,0.0,0.0,0.0,0.0,0.0,0.0,0.0,0.06,0.23,1.27,1.95,1.31,1.31,2.33,2.55,1.45,1.27,0.72,0.38,0.11,0.01,0.0,0.0,0.0,0.0,0.0,0.0,0.0,0.0,0.0,0.0,0.21,0.88,1.73,2.41,3.0,3.41,3.53,3.46,3.1,2.53,1.81,0.95,0.28,0.01,0.0,0.0,0.0,0.0,0.0,0.0,0.0,0.0,0.0,0.0,0.12,0.54,1.32,2.07,2.61,3.3,3.45,3.34,2.96,2.29,1.69,0.83,0.26,0.0,0.0,0.0,0.0,0.0,0.0,0.0,0.0,0.0,0.0,0.0,0.18,0.15,0.18,0.13,0.18,0.19,0.26,0.54,2.18,2.05,1.53,0.74,0.27,0.01,0.0,0.0,0.0
100,0.0,0.0,0.0,0.0,0.0,0.0,0.0,0.14,0.63,1.4,2.09,2.7,3.08,3.13,2.97,2.32,1.96,1.3,0.72,0.13,0.0,0.0,0.0,0.0,0.0,0.0,0.0,0.0,0.0,0.0,0.0,0.08,0.26,0.46,0.58,0.75,0.96,0.61,0.51,0.41,0.41,0.25,0.08,0.02,0.01,0.0,0.0,0.0,0.0,0.0,0.0,0.0,0.0,0.0,0.0,0.06,0.23,1.27,1.95,1.31,1.31,2.33,2.55,1.45,1.27,0.72,0.38,0.11,0.01,0.0,0.0,0.0,0.0,0.0,0.0,0.0,0.0,0.0,0.0,0.21,0.88,1.73,2.41,3.0,3.41,3.53,3.46,3.1,2.53,1.81,0.95,0.28,0.01,0.0,0.0,0.0,0.0,0.0,0.0,0.0,0.0,0.0,0.0,0.12,0.54,1.32,2.07,2.61,3.3,3.45,3.34,2.96,2.29,1.69,0.83,0.26,0.0,0.0,0.0,0.0,0.0,0.0,0.0,0.0,0.0,0.0,0.0,0.18,0.15,0.18,0.13,0.18,0.19,0.26,0.54,2.18,2.05,1.53,0.74,0.27,0.01,0.0,0.0,0.0,0.0,0.0,0.0,0.0,0.0,0.0,0.0,0.14,0.53,1.06,0.84,0.53,0.81,0.82,2.3,2.67,2.44,0.58,0.61,0.28,0.01,0.0,0.0,0.0
101,0.0,0.0,0.0,0.0,0.0,0.0,0.0,0.08,0.26,0.46,0.58,0.75,0.96,0.61,0.51,0.41,0.41,0.25,0.08,0.02,0.01,0.0,0.0,0.0,0.0,0.0,0.0,0.0,0.0,0.0,0.0,0.06,0.23,1.27,1.95,1.31,1.31,2.33,2.55,1.45,1.27,0.72,0.38,0.11,0.01,0.0,0.0,0.0,0.0,0.0,0.0,0.0,0.0,0.0,0.0,0.21,0.88,1.73,2.41,3.0,3.41,3.53,3.46,3.1,2.53,1.81,0.95,0.28,0.01,0.0,0.0,0.0,0.0,0.0,0.0,0.0,0.0,0.0,0.0,0.12,0.54,1.32,2.07,2.61,3.3,3.45,3.34,2.96,2.29,1.69,0.83,0.26,0.0,0.0,0.0,0.0,0.0,0.0,0.0,0.0,0.0,0.0,0.0,0.18,0.15,0.18,0.13,0.18,0.19,0.26,0.54,2.18,2.05,1.53,0.74,0.27,0.01,0.0,0.0,0.0,0.0,0.0,0.0,0.0,0.0,0.0,0.0,0.14,0.53,1.06,0.84,0.53,0.81,0.82,2.3,2.67,2.44,0.58,0.61,0.28,0.01,0.0,0.0,0.0,0.0,0.0,0.0,0.0,0.0,0.0,0.0,0.21,0.9,1.74,2.45,3.14,3.43,3.28,3.47,2.76,2.52,1.79,0.95,0.29,0.01,0.0,0.0,0.0
102,0.0,0.0,0.0,0.0,0.0,0.0,0.0,0.06,0.23,1.27,1.95,1.31,1.31,2.33,2.55,1.45,1.27,0.72,0.38,0.11,0.01,0.0,0.0,0.0,0.0,0.0,0.0,0.0,0.0,0.0,0.0,0.21,0.88,1.73,2.41,3.0,3.41,3.53,3.46,3.1,2.53,1.81,0.95,0.28,0.01,0.0,0.0,0.0,0.0,0.0,0.0,0.0,0.0,0.0,0.0,0.12,0.54,1.32,2.07,2.61,3.3,3.45,3.34,2.96,2.29,1.69,0.83,0.26,0.0,0.0,0.0,0.0,0.0,0.0,0.0,0.0,0.0,0.0,0.0,0.18,0.15,0.18,0.13,0.18,0.19,0.26,0.54,2.18,2.05,1.53,0.74,0.27,0.01,0.0,0.0,0.0,0.0,0.0,0.0,0.0,0.0,0.0,0.0,0.14,0.53,1.06,0.84,0.53,0.81,0.82,2.3,2.67,2.44,0.58,0.61,0.28,0.01,0.0,0.0,0.0,0.0,0.0,0.0,0.0,0.0,0.0,0.0,0.21,0.9,1.74,2.45,3.14,3.43,3.28,3.47,2.76,2.52,1.79,0.95,0.29,0.01,0.0,0.0,0.0,0.0,0.0,0.0,0.0,0.0,0.0,0.0,0.22,0.81,1.62,2.31,2.91,3.29,3.41,3.32,2.97,2.41,1.71,0.91,0.28,0.01,0.0,0.0,0.0
103,0.0,0.0,0.0,0.0,0.0,0.0,0.0,0.21,0.88,1.73,2.41,3.0,3.41,3.53,3.46,3.1,2.53,1.81,0.95,0.28,0.01,0.0,0.0,0.0,0.0,0.0,0.0,0.0,0.0,0.0,0.0,0.12,0.54,1.32,2.07,2.61,3.3,3.45,3.34,2.96,2.29,1.69,0.83,0.26,0.0,0.0,0.0,0.0,0.0,0.0,0.0,0.0,0.0,0.0,0.0,0.18,0.15,0.18,0.13,0.18,0.19,0.26,0.54,2.18,2.05,1.53,0.74,0.27,0.01,0.0,0.0,0.0,0.0,0.0,0.0,0.0,0.0,0.0,0.0,0.14,0.53,1.06,0.84,0.53,0.81,0.82,2.3,2.67,2.44,0.58,0.61,0.28,0.01,0.0,0.0,0.0,0.0,0.0,0.0,0.0,0.0,0.0,0.0,0.21,0.9,1.74,2.45,3.14,3.43,3.28,3.47,2.76,2.52,1.79,0.95,0.29,0.01,0.0,0.0,0.0,0.0,0.0,0.0,0.0,0.0,0.0,0.0,0.22,0.81,1.62,2.31,2.91,3.29,3.41,3.32,2.97,2.41,1.71,0.91,0.28,0.01,0.0,0.0,0.0,0.0,0.0,0.0,0.0,0.0,0.0,0.0,0.22,0.77,1.59,2.24,2.84,3.22,3.32,3.14,2.81,2.26,1.44,0.75,0.19,0.01,0.0,0.0,0.0
104,0.0,0.0,0.0,0.0,0.0,0.0,0.0,0.12,0.54,1.32,2.07,2.61,3.3,3.45,3.34,2.96,2.29,1.69,0.83,0.26,0.0,0.0,0.0,0.0,0.0,0.0,0.0,0.0,0.0,0.0,0.0,0.18,0.15,0.18,0.13,0.18,0.19,0.26,0.54,2.18,2.05,1.53,0.74,0.27,0.01,0.0,0.0,0.0,0.0,0.0,0.0,0.0,0.0,0.0,0.0,0.14,0.53,1.06,0.84,0.53,0.81,0.82,2.3,2.67,2.44,0.58,0.61,0.28,0.01,0.0,0.0,0.0,0.0,0.0,0.0,0.0,0.0,0.0,0.0,0.21,0.9,1.74,2.45,3.14,3.43,3.28,3.47,2.76,2.52,1.79,0.95,0.29,0.01,0.0,0.0,0.0,0.0,0.0,0.0,0.0,0.0,0.0,0.0,0.22,0.81,1.62,2.31,2.91,3.29,3.41,3.32,2.97,2.41,1.71,0.91,0.28,0.01,0.0,0.0,0.0,0.0,0.0,0.0,0.0,0.0,0.0,0.0,0.22,0.77,1.59,2.24,2.84,3.22,3.32,3.14,2.81,2.26,1.44,0.75,0.19,0.01,0.0,0.0,0.0,0.0,0.0,0.0,0.0,0.0,0.0,0.0,0.24,0.85,1.62,2.29,2.89,3.26,3.35,3.31,2.84,1.95,1.62,0.76,0.14,0.0,0.0,0.0,0.0
105,0.0,0.0,0.0,0.0,0.0,0.0,0.0,0.18,0.15,0.18,0.13,0.18,0.19,0.26,0.54,2.18,2.05,1.53,0.74,0.27,0.01,0.0,0.0,0.0,0.0,0.0,0.0,0.0,0.0,0.0,0.0,0.14,0.53,1.06,0.84,0.53,0.81,0.82,2.3,2.67,2.44,0.58,0.61,0.28,0.01,0.0,0.0,0.0,0.0,0.0,0.0,0.0,0.0,0.0,0.0,0.21,0.9,1.74,2.45,3.14,3.43,3.28,3.47,2.76,2.52,1.79,0.95,0.29,0.01,0.0,0.0,0.0,0.0,0.0,0.0,0.0,0.0,0.0,0.0,0.22,0.81,1.62,2.31,2.91,3.29,3.41,3.32,2.97,2.41,1.71,0.91,0.28,0.01,0.0,0.0,0.0,0.0,0.0,0.0,0.0,0.0,0.0,0.0,0.22,0.77,1.59,2.24,2.84,3.22,3.32,3.14,2.81,2.26,1.44,0.75,0.19,0.01,0.0,0.0,0.0,0.0,0.0,0.0,0.0,0.0,0.0,0.0,0.24,0.85,1.62,2.29,2.89,3.26,3.35,3.31,2.84,1.95,1.62,0.76,0.14,0.0,0.0,0.0,0.0,0.0,0.0,0.0,0.0,0.0,0.0,0.0,0.1,0.42,0.71,1.26,1.92,2.51,2.58,2.67,1.75,1.0,0.45,0.26,0.07,0.0,0.0,0.0,0.0
106,0.0,0.0,0.0,0.0,0.0,0.0,0.0,0.14,0.53,1.06,0.84,0.53,0.81,0.82,2.3,2.67,2.44,0.58,0.61,0.28,0.01,0.0,0.0,0.0,0.0,0.0,0.0,0.0,0.0,0.0,0.0,0.21,0.9,1.74,2.45,3.14,3.43,3.28,3.47,2.76,2.52,1.79,0.95,0.29,0.01,0.0,0.0,0.0,0.0,0.0,0.0,0.0,0.0,0.0,0.0,0.22,0.81,1.62,2.31,2.91,3.29,3.41,3.32,2.97,2.41,1.71,0.91,0.28,0.01,0.0,0.0,0.0,0.0,0.0,0.0,0.0,0.0,0.0,0.0,0.22,0.77,1.59,2.24,2.84,3.22,3.32,3.14,2.81,2.26,1.44,0.75,0.19,0.01,0.0,0.0,0.0,0.0,0.0,0.0,0.0,0.0,0.0,0.0,0.24,0.85,1.62,2.29,2.89,3.26,3.35,3.31,2.84,1.95,1.62,0.76,0.14,0.0,0.0,0.0,0.0,0.0,0.0,0.0,0.0,0.0,0.0,0.0,0.1,0.42,0.71,1.26,1.92,2.51,2.58,2.67,1.75,1.0,0.45,0.26,0.07,0.0,0.0,0.0,0.0,0.0,0.0,0.0,0.0,0.0,0.0,0.0,0.05,0.42,0.47,0.62,1.38,1.14,0.58,1.16,1.14,0.58,0.5,0.24,0.08,0.0,0.0,0.0,0.0
107,0.0,0.0,0.0,0.0,0.0,0.0,0.0,0.21,0.9,1.74,2.45,3.14,3.43,3.28,3.47,2.76,2.52,1.79,0.95,0.29,0.01,0.0,0.0,0.0,0.0,0.0,0.0,0.0,0.0,0.0,0.0,0.22,0.81,1.62,2.31,2.91,3.29,3.41,3.32,2.97,2.41,1.71,0.91,0.28,0.01,0.0,0.0,0.0,0.0,0.0,0.0,0.0,0.0,0.0,0.0,0.22,0.77,1.59,2.24,2.84,3.22,3.32,3.14,2.81,2.26,1.44,0.75,0.19,0.01,0.0,0.0,0.0,0.0,0.0,0.0,0.0,0.0,0.0,0.0,0.24,0.85,1.62,2.29,2.89,3.26,3.35,3.31,2.84,1.95,1.62,0.76,0.14,0.0,0.0,0.0,0.0,0.0,0.0,0.0,0.0,0.0,0.0,0.0,0.1,0.42,0.71,1.26,1.92,2.51,2.58,2.67,1.75,1.0,0.45,0.26,0.07,0.0,0.0,0.0,0.0,0.0,0.0,0.0,0.0,0.0,0.0,0.0,0.05,0.42,0.47,0.62,1.38,1.14,0.58,1.16,1.14,0.58,0.5,0.24,0.08,0.0,0.0,0.0,0.0,0.0,0.0,0.0,0.0,0.0,0.0,0.0,0.11,0.35,0.8,1.2,1.81,1.86,1.93,1.1,1.26,1.27,0.72,0.97,0.26,0.01,0.0,0.0,0.0
108,0.0,0.0,0.0,0.0,0.0,0.0,0.0,0.22,0.81,1.62,2.31,2.91,3.29,3.41,3.32,2.97,2.41,1.71,0.91,0.28,0.01,0.0,0.0,0.0,0.0,0.0,0.0,0.0,0.0,0.0,0.0,0.22,0.77,1.59,2.24,2.84,3.22,3.32,3.14,2.81,2.26,1.44,0.75,0.19,0.01,0.0,0.0,0.0,0.0,0.0,0.0,0.0,0.0,0.0,0.0,0.24,0.85,1.62,2.29,2.89,3.26,3.35,3.31,2.84,1.95,1.62,0.76,0.14,0.0,0.0,0.0,0.0,0.0,0.0,0.0,0.0,0.0,0.0,0.0,0.1,0.42,0.71,1.26,1.92,2.51,2.58,2.67,1.75,1.0,0.45,0.26,0.07,0.0,0.0,0.0,0.0,0.0,0.0,0.0,0.0,0.0,0.0,0.0,0.05,0.42,0.47,0.62,1.38,1.14,0.58,1.16,1.14,0.58,0.5,0.24,0.08,0.0,0.0,0.0,0.0,0.0,0.0,0.0,0.0,0.0,0.0,0.0,0.11,0.35,0.8,1.2,1.81,1.86,1.93,1.1,1.26,1.27,0.72,0.97,0.26,0.01,0.0,0.0,0.0,0.0,0.0,0.0,0.0,0.0,0.0,0.0,0.16,0.76,1.77,2.41,3.02,3.37,3.49,3.39,2.96,2.49,1.88,1.03,0.38,0.01,0.0,0.0,0.0
109,0.0,0.0,0.0,0.0,0.0,0.0,0.0,0.22,0.77,1.59,2.24,2.84,3.22,3.32,3.14,2.81,2.26,1.44,0.75,0.19,0.01,0.0,0.0,0.0,0.0,0.0,0.0,0.0,0.0,0.0,0.0,0.24,0.85,1.62,2.29,2.89,3.26,3.35,3.31,2.84,1.95,1.62,0.76,0.14,0.0,0.0,0.0,0.0,0.0,0.0,0.0,0.0,0.0,0.0,0.0,0.1,0.42,0.71,1.26,1.92,2.51,2.58,2.67,1.75,1.0,0.45,0.26,0.07,0.0,0.0,0.0,0.0,0.0,0.0,0.0,0.0,0.0,0.0,0.0,0.05,0.42,0.47,0.62,1.38,1.14,0.58,1.16,1.14,0.58,0.5,0.24,0.08,0.0,0.0,0.0,0.0,0.0,0.0,0.0,0.0,0.0,0.0,0.0,0.11,0.35,0.8,1.2,1.81,1.86,1.93,1.1,1.26,1.27,0.72,0.97,0.26,0.01,0.0,0.0,0.0,0.0,0.0,0.0,0.0,0.0,0.0,0.0,0.16,0.76,1.77,2.41,3.02,3.37,3.49,3.39,2.96,2.49,1.88,1.03,0.38,0.01,0.0,0.0,0.0,0.0,0.0,0.0,0.0,0.0,0.0,0.01,0.34,1.0,1.81,2.11,2.3,2.27,3.12,2.85,1.73,1.33,1.52,0.96,0.21,0.01,0.0,0.0,0.0
110,0.0,0.0,0.0,0.0,0.0,0.0,0.0,0.24,0.85,1.62,2.29,2.89,3.26,3.35,3.31,2.84,1.95,1.62,0.76,0.14,0.0,0.0,0.0,0.0,0.0,0.0,0.0,0.0,0.0,0.0,0.0,0.1,0.42,0.71,1.26,1.92,2.51,2.58,2.67,1.75,1.0,0.45,0.26,0.07,0.0,0.0,0.0,0.0,0.0,0.0,0.0,0.0,0.0,0.0,0.0,0.05,0.42,0.47,0.62,1.38,1.14,0.58,1.16,1.14,0.58,0.5,0.24,0.08,0.0,0.0,0.0,0.0,0.0,0.0,0.0,0.0,0.0,0.0,0.0,0.11,0.35,0.8,1.2,1.81,1.86,1.93,1.1,1.26,1.27,0.72,0.97,0.26,0.01,0.0,0.0,0.0,0.0,0.0,0.0,0.0,0.0,0.0,0.0,0.16,0.76,1.77,2.41,3.02,3.37,3.49,3.39,2.96,2.49,1.88,1.03,0.38,0.01,0.0,0.0,0.0,0.0,0.0,0.0,0.0,0.0,0.0,0.01,0.34,1.0,1.81,2.11,2.3,2.27,3.12,2.85,1.73,1.33,1.52,0.96,0.21,0.01,0.0,0.0,0.0,0.0,0.0,0.0,0.0,0.0,0.0,0.0,0.13,0.27,0.41,0.85,1.15,1.48,1.6,1.81,1.7,0.38,0.32,0.18,0.08,0.01,0.0,0.0,0.0
111,0.0,0.0,0.0,0.0,0.0,0.0,0.0,0.1,0.42,0.71,1.26,1.92,2.51,2.58,2.67,1.75,1.0,0.45,0.26,0.07,0.0,0.0,0.0,0.0,0.0,0.0,0.0,0.0,0.0,0.0,0.0,0.05,0.42,0.47,0.62,1.38,1.14,0.58,1.16,1.14,0.58,0.5,0.24,0.08,0.0,0.0,0.0,0.0,0.0,0.0,0.0,0.0,0.0,0.0,0.0,0.11,0.35,0.8,1.2,1.81,1.86,1.93,1.1,1.26,1.27,0.72,0.97,0.26,0.01,0.0,0.0,0.0,0.0,0.0,0.0,0.0,0.0,0.0,0.0,0.16,0.76,1.77,2.41,3.02,3.37,3.49,3.39,2.96,2.49,1.88,1.03,0.38,0.01,0.0,0.0,0.0,0.0,0.0,0.0,0.0,0.0,0.0,0.01,0.34,1.0,1.81,2.11,2.3,2.27,3.12,2.85,1.73,1.33,1.52,0.96,0.21,0.01,0.0,0.0,0.0,0.0,0.0,0.0,0.0,0.0,0.0,0.0,0.13,0.27,0.41,0.85,1.15,1.48,1.6,1.81,1.7,0.38,0.32,0.18,0.08,0.01,0.0,0.0,0.0,0.0,0.0,0.0,0.0,0.0,0.0,0.01,0.23,0.53,0.91,1.26,1.72,2.3,2.14,1.94,1.75,1.32,0.72,0.94,0.31,0.01,0.0,0.0,0.0
112,0.0,0.0,0.0,0.0,0.0,0.0,0.0,0.05,0.42,0.47,0.62,1.38,1.14,0.58,1.16,1.14,0.58,0.5,0.24,0.08,0.0,0.0,0.0,0.0,0.0,0.0,0.0,0.0,0.0,0.0,0.0,0.11,0.35,0.8,1.2,1.81,1.86,1.93,1.1,1.26,1.27,0.72,0.97,0.26,0.01,0.0,0.0,0.0,0.0,0.0,0.0,0.0,0.0,0.0,0.0,0.16,0.76,1.77,2.41,3.02,3.37,3.49,3.39,2.96,2.49,1.88,1.03,0.38,0.01,0.0,0.0,0.0,0.0,0.0,0.0,0.0,0.0,0.0,0.01,0.34,1.0,1.81,2.11,2.3,2.27,3.12,2.85,1.73,1.33,1.52,0.96,0.21,0.01,0.0,0.0,0.0,0.0,0.0,0.0,0.0,0.0,0.0,0.0,0.13,0.27,0.41,0.85,1.15,1.48,1.6,1.81,1.7,0.38,0.32,0.18,0.08,0.01,0.0,0.0,0.0,0.0,0.0,0.0,0.0,0.0,0.0,0.01,0.23,0.53,0.91,1.26,1.72,2.3,2.14,1.94,1.75,1.32,0.72,0.94,0.31,0.01,0.0,0.0,0.0,0.0,0.0,0.0,0.0,0.0,0.0,0.0,0.13,0.44,0.32,0.5,0.66,1.55,1.47,3.08,3.02,2.46,1.59,0.64,0.12,0.01,0.0,0.0,0.0
113,0.0,0.0,0.0,0.0,0.0,0.0,0.0,0.11,0.35,0.8,1.2,1.81,1.86,1.93,1.1,1.26,1.27,0.72,0.97,0.26,0.01,0.0,0.0,0.0,0.0,0.0,0.0,0.0,0.0,0.0,0.0,0.16,0.76,1.77,2.41,3.02,3.37,3.49,3.39,2.96,2.49,1.88,1.03,0.38,0.01,0.0,0.0,0.0,0.0,0.0,0.0,0.0,0.0,0.0,0.01,0.34,1.0,1.81,2.11,2.3,2.27,3.12,2.85,1.73,1.33,1.52,0.96,0.21,0.01,0.0,0.0,0.0,0.0,0.0,0.0,0.0,0.0,0.0,0.0,0.13,0.27,0.41,0.85,1.15,1.48,1.6,1.81,1.7,0.38,0.32,0.18,0.08,0.01,0.0,0.0,0.0,0.0,0.0,0.0,0.0,0.0,0.0,0.01,0.23,0.53,0.91,1.26,1.72,2.3,2.14,1.94,1.75,1.32,0.72,0.94,0.31,0.01,0.0,0.0,0.0,0.0,0.0,0.0,0.0,0.0,0.0,0.0,0.13,0.44,0.32,0.5,0.66,1.55,1.47,3.08,3.02,2.46,1.59,0.64,0.12,0.01,0.0,0.0,0.0,0.0,0.0,0.0,0.0,0.0,0.0,0.01,0.05,0.18,0.46,1.35,2.05,1.76,1.09,0.61,0.34,0.55,0.55,0.36,0.08,0.01,0.0,0.0,0.0
114,0.0,0.0,0.0,0.0,0.0,0.0,0.0,0.16,0.76,1.77,2.41,3.02,3.37,3.49,3.39,2.96,2.49,1.88,1.03,0.38,0.01,0.0,0.0,0.0,0.0,0.0,0.0,0.0,0.0,0.0,0.01,0.34,1.0,1.81,2.11,2.3,2.27,3.12,2.85,1.73,1.33,1.52,0.96,0.21,0.01,0.0,0.0,0.0,0.0,0.0,0.0,0.0,0.0,0.0,0.0,0.13,0.27,0.41,0.85,1.15,1.48,1.6,1.81,1.7,0.38,0.32,0.18,0.08,0.01,0.0,0.0,0.0,0.0,0.0,0.0,0.0,0.0,0.0,0.01,0.23,0.53,0.91,1.26,1.72,2.3,2.14,1.94,1.75,1.32,0.72,0.94,0.31,0.01,0.0,0.0,0.0,0.0,0.0,0.0,0.0,0.0,0.0,0.0,0.13,0.44,0.32,0.5,0.66,1.55,1.47,3.08,3.02,2.46,1.59,0.64,0.12,0.01,0.0,0.0,0.0,0.0,0.0,0.0,0.0,0.0,0.0,0.01,0.05,0.18,0.46,1.35,2.05,1.76,1.09,0.61,0.34,0.55,0.55,0.36,0.08,0.01,0.0,0.0,0.0,0.0,0.0,0.0,0.0,0.0,0.0,0.01,0.11,0.39,0.96,0.73,0.91,2.23,2.81,1.47,0.21,0.85,0.61,0.42,0.17,0.01,0.0,0.0,0.0
115,0.0,0.0,0.0,0.0,0.0,0.0,0.01,0.34,1.0,1.81,2.11,2.3,2.27,3.12,2.85,1.73,1.33,1.52,0.96,0.21,0.01,0.0,0.0,0.0,0.0,0.0,0.0,0.0,0.0,0.0,0.0,0.13,0.27,0.41,0.85,1.15,1.48,1.6,1.81,1.7,0.38,0.32,0.18,0.08,0.01,0.0,0.0,0.0,0.0,0.0,0.0,0.0,0.0,0.0,0.01,0.23,0.53,0.91,1.26,1.72,2.3,2.14,1.94,1.75,1.32,0.72,0.94,0.31,0.01,0.0,0.0,0.0,0.0,0.0,0.0,0.0,0.0,0.0,0.0,0.13,0.44,0.32,0.5,0.66,1.55,1.47,3.08,3.02,2.46,1.59,0.64,0.12,0.01,0.0,0.0,0.0,0.0,0.0,0.0,0.0,0.0,0.0,0.01,0.05,0.18,0.46,1.35,2.05,1.76,1.09,0.61,0.34,0.55,0.55,0.36,0.08,0.01,0.0,0.0,0.0,0.0,0.0,0.0,0.0,0.0,0.0,0.01,0.11,0.39,0.96,0.73,0.91,2.23,2.81,1.47,0.21,0.85,0.61,0.42,0.17,0.01,0.0,0.0,0.0,0.0,0.0,0.0,0.0,0.0,0.0,0.01,0.18,0.67,1.66,2.53,3.17,3.5,3.56,3.32,3.15,2.43,1.93,1.19,0.39,0.02,0.0,0.0,0.0
116,0.0,0.0,0.0,0.0,0.0,0.0,0.0,0.13,0.27,0.41,0.85,1.15,1.48,1.6,1.81,1.7,0.38,0.32,0.18,0.08,0.01,0.0,0.0,0.0,0.0,0.0,0.0,0.0,0.0,0.0,0.01,0.23,0.53,0.91,1.26,1.72,2.3,2.14,1.94,1.75,1.32,0.72,0.94,0.31,0.01,0.0,0.0,0.0,0.0,0.0,0.0,0.0,0.0,0.0,0.0,0.13,0.44,0.32,0.5,0.66,1.55,1.47,3.08,3.02,2.46,1.59,0.64,0.12,0.01,0.0,0.0,0.0,0.0,0.0,0.0,0.0,0.0,0.0,0.01,0.05,0.18,0.46,1.35,2.05,1.76,1.09,0.61,0.34,0.55,0.55,0.36,0.08,0.01,0.0,0.0,0.0,0.0,0.0,0.0,0.0,0.0,0.0,0.01,0.11,0.39,0.96,0.73,0.91,2.23,2.81,1.47,0.21,0.85,0.61,0.42,0.17,0.01,0.0,0.0,0.0,0.0,0.0,0.0,0.0,0.0,0.0,0.01,0.18,0.67,1.66,2.53,3.17,3.5,3.56,3.32,3.15,2.43,1.93,1.19,0.39,0.02,0.0,0.0,0.0,0.0,0.0,0.0,0.0,0.0,0.0,0.02,0.37,1.02,1.82,2.48,3.06,3.41,3.55,3.39,3.01,2.56,1.85,0.86,0.29,0.01,0.0,0.0,0.0
117,0.0,0.0,0.0,0.0,0.0,0.0,0.01,0.23,0.53,0.91,1.26,1.72,2.3,2.14,1.94,1.75,1.32,0.72,0.94,0.31,0.01,0.0,0.0,0.0,0.0,0.0,0.0,0.0,0.0,0.0,0.0,0.13,0.44,0.32,0.5,0.66,1.55,1.47,3.08,3.02,2.46,1.59,0.64,0.12,0.01,0.0,0.0,0.0,0.0,0.0,0.0,0.0,0.0,0.0,0.01,0.05,0.18,0.46,1.35,2.05,1.76,1.09,0.61,0.34,0.55,0.55,0.36,0.08,0.01,0.0,0.0,0.0,0.0,0.0,0.0,0.0,0.0,0.0,0.01,0.11,0.39,0.96,0.73,0.91,2.23,2.81,1.47,0.21,0.85,0.61,0.42,0.17,0.01,0.0,0.0,0.0,0.0,0.0,0.0,0.0,0.0,0.0,0.01,0.18,0.67,1.66,2.53,3.17,3.5,3.56,3.32,3.15,2.43,1.93,1.19,0.39,0.02,0.0,0.0,0.0,0.0,0.0,0.0,0.0,0.0,0.0,0.02,0.37,1.02,1.82,2.48,3.06,3.41,3.55,3.39,3.01,2.56,1.85,0.86,0.29,0.01,0.0,0.0,0.0,0.0,0.0,0.0,0.0,0.0,0.0,0.01,0.04,0.09,0.15,0.13,0.33,0.57,0.87,0.45,0.21,0.23,0.35,0.19,0.05,0.01,0.0,0.0,0.0
118,0.0,0.0,0.0,0.0,0.0,0.0,0.0,0.13,0.44,0.32,0.5,0.66,1.55,1.47,3.08,3.02,2.46,1.59,0.64,0.12,0.01,0.0,0.0,0.0,0.0,0.0,0.0,0.0,0.0,0.0,0.01,0.05,0.18,0.46,1.35,2.05,1.76,1.09,0.61,0.34,0.55,0.55,0.36,0.08,0.01,0.0,0.0,0.0,0.0,0.0,0.0,0.0,0.0,0.0,0.01,0.11,0.39,0.96,0.73,0.91,2.23,2.81,1.47,0.21,0.85,0.61,0.42,0.17,0.01,0.0,0.0,0.0,0.0,0.0,0.0,0.0,0.0,0.0,0.01,0.18,0.67,1.66,2.53,3.17,3.5,3.56,3.32,3.15,2.43,1.93,1.19,0.39,0.02,0.0,0.0,0.0,0.0,0.0,0.0,0.0,0.0,0.0,0.02,0.37,1.02,1.82,2.48,3.06,3.41,3.55,3.39,3.01,2.56,1.85,0.86,0.29,0.01,0.0,0.0,0.0,0.0,0.0,0.0,0.0,0.0,0.0,0.01,0.04,0.09,0.15,0.13,0.33,0.57,0.87,0.45,0.21,0.23,0.35,0.19,0.05,0.01,0.0,0.0,0.0,0.0,0.0,0.0,0.0,0.0,0.0,0.01,0.38,1.08,1.43,1.88,3.05,3.54,3.62,3.57,3.23,2.71,2.06,1.3,0.46,0.02,0.0,0.0,0.0
119,0.0,0.0,0.0,0.0,0.0,0.0,0.01,0.05,0.18,0.46,1.35,2.05,1.76,1.09,0.61,0.34,0.55,0.55,0.36,0.08,0.01,0.0,0.0,0.0,0.0,0.0,0.0,0.0,0.0,0.0,0.01,0.11,0.39,0.96,0.73,0.91,2.23,2.81,1.47,0.21,0.85,0.61,0.42,0.17,0.01,0.0,0.0,0.0,0.0,0.0,0.0,0.0,0.0,0.0,0.01,0.18,0.67,1.66,2.53,3.17,3.5,3.56,3.32,3.15,2.43,1.93,1.19,0.39,0.02,0.0,0.0,0.0,0.0,0.0,0.0,0.0,0.0,0.0,0.02,0.37,1.02,1.82,2.48,3.06,3.41,3.55,3.39,3.01,2.56,1.85,0.86,0.29,0.01,0.0,0.0,0.0,0.0,0.0,0.0,0.0,0.0,0.0,0.01,0.04,0.09,0.15,0.13,0.33,0.57,0.87,0.45,0.21,0.23,0.35,0.19,0.05,0.01,0.0,0.0,0.0,0.0,0.0,0.0,0.0,0.0,0.0,0.01,0.38,1.08,1.43,1.88,3.05,3.54,3.62,3.57,3.23,2.71,2.06,1.3,0.46,0.02,0.0,0.0,0.0,0.0,0.0,0.0,0.0,0.0,0.0,0.03,0.4,1.1,1.78,2.28,2.37,2.69,3.32,3.27,2.3,2.24,0.98,0.67,0.33,0.05,0.0,0.0,0.0
120,0.0,0.0,0.0,0.0,0.0,0.0,0.01,0.11,0.39,0.96,0.73,0.91,2.23,2.81,1.47,0.21,0.85,0.61,0.42,0.17,0.01,0.0,0.0,0.0,0.0,0.0,0.0,0.0,0.0,0.0,0.01,0.18,0.67,1.66,2.53,3.17,3.5,3.56,3.32,3.15,2.43,1.93,1.19,0.39,0.02,0.0,0.0,0.0,0.0,0.0,0.0,0.0,0.0,0.0,0.02,0.37,1.02,1.82,2.48,3.06,3.41,3.55,3.39,3.01,2.56,1.85,0.86,0.29,0.01,0.0,0.0,0.0,0.0,0.0,0.0,0.0,0.0,0.0,0.01,0.04,0.09,0.15,0.13,0.33,0.57,0.87,0.45,0.21,0.23,0.35,0.19,0.05,0.01,0.0,0.0,0.0,0.0,0.0,0.0,0.0,0.0,0.0,0.01,0.38,1.08,1.43,1.88,3.05,3.54,3.62,3.57,3.23,2.71,2.06,1.3,0.46,0.02,0.0,0.0,0.0,0.0,0.0,0.0,0.0,0.0,0.0,0.03,0.4,1.1,1.78,2.28,2.37,2.69,3.32,3.27,2.3,2.24,0.98,0.67,0.33,0.05,0.0,0.0,0.0,0.0,0.0,0.0,0.0,0.0,0.0,0.02,0.12,0.12,0.11,0.05,0.47,2.13,3.34,3.17,2.79,2.17,1.52,0.79,0.29,0.03,0.0,0.0,0.0
121,0.0,0.0,0.0,0.0,0.0,0.0,0.01,0.18,0.67,1.66,2.53,3.17,3.5,3.56,3.32,3.15,2.43,1.93,1.19,0.39,0.02,0.0,0.0,0.0,0.0,0.0,0.0,0.0,0.0,0.0,0.02,0.37,1.02,1.82,2.48,3.06,3.41,3.55,3.39,3.01,2.56,1.85,0.86,0.29,0.01,0.0,0.0,0.0,0.0,0.0,0.0,0.0,0.0,0.0,0.01,0.04,0.09,0.15,0.13,0.33,0.57,0.87,0.45,0.21,0.23,0.35,0.19,0.05,0.01,0.0,0.0,0.0,0.0,0.0,0.0,0.0,0.0,0.0,0.01,0.38,1.08,1.43,1.88,3.05,3.54,3.62,3.57,3.23,2.71,2.06,1.3,0.46,0.02,0.0,0.0,0.0,0.0,0.0,0.0,0.0,0.0,0.0,0.03,0.4,1.1,1.78,2.28,2.37,2.69,3.32,3.27,2.3,2.24,0.98,0.67,0.33,0.05,0.0,0.0,0.0,0.0,0.0,0.0,0.0,0.0,0.0,0.02,0.12,0.12,0.11,0.05,0.47,2.13,3.34,3.17,2.79,2.17,1.52,0.79,0.29,0.03,0.0,0.0,0.0,0.0,0.0,0.0,0.0,0.0,0.0,0.03,0.35,0.98,1.69,2.16,2.74,3.1,3.26,3.15,2.69,1.82,0.65,0.25,0.13,0.01,0.0,0.0,0.0
122,0.0,0.0,0.0,0.0,0.0,0.0,0.02,0.37,1.02,1.82,2.48,3.06,3.41,3.55,3.39,3.01,2.56,1.85,0.86,0.29,0.01,0.0,0.0,0.0,0.0,0.0,0.0,0.0,0.0,0.0,0.01,0.04,0.09,0.15,0.13,0.33,0.57,0.87,0.45,0.21,0.23,0.35,0.19,0.05,0.01,0.0,0.0,0.0,0.0,0.0,0.0,0.0,0.0,0.0,0.01,0.38,1.08,1.43,1.88,3.05,3.54,3.62,3.57,3.23,2.71,2.06,1.3,0.46,0.02,0.0,0.0,0.0,0.0,0.0,0.0,0.0,0.0,0.0,0.03,0.4,1.1,1.78,2.28,2.37,2.69,3.32,3.27,2.3,2.24,0.98,0.67,0.33,0.05,0.0,0.0,0.0,0.0,0.0,0.0,0.0,0.0,0.0,0.02,0.12,0.12,0.11,0.05,0.47,2.13,3.34,3.17,2.79,2.17,1.52,0.79,0.29,0.03,0.0,0.0,0.0,0.0,0.0,0.0,0.0,0.0,0.0,0.03,0.35,0.98,1.69,2.16,2.74,3.1,3.26,3.15,2.69,1.82,0.65,0.25,0.13,0.01,0.0,0.0,0.0,0.0,0.0,0.0,0.0,0.0,0.0,0.03,0.43,1.24,2.0,2.65,3.25,3.64,3.72,3.62,3.26,2.74,2.05,1.28,0.5,0.03,0.0,0.0,0.0
123,0.0,0.0,0.0,0.0,0.0,0.0,0.01,0.04,0.09,0.15,0.13,0.33,0.57,0.87,0.45,0.21,0.23,0.35,0.19,0.05,0.01,0.0,0.0,0.0,0.0,0.0,0.0,0.0,0.0,0.0,0.01,0.38,1.08,1.43,1.88,3.05,3.54,3.62,3.57,3.23,2.71,2.06,1.3,0.46,0.02,0.0,0.0,0.0,0.0,0.0,0.0,0.0,0.0,0.0,0.03,0.4,1.1,1.78,2.28,2.37,2.69,3.32,3.27,2.3,2.24,0.98,0.67,0.33,0.05,0.0,0.0,0.0,0.0,0.0,0.0,0.0,0.0,0.0,0.02,0.12,0.12,0.11,0.05,0.47,2.13,3.34,3.17,2.79,2.17,1.52,0.79,0.29,0.03,0.0,0.0,0.0,0.0,0.0,0.0,0.0,0.0,0.0,0.03,0.35,0.98,1.69,2.16,2.74,3.1,3.26,3.15,2.69,1.82,0.65,0.25,0.13,0.01,0.0,0.0,0.0,0.0,0.0,0.0,0.0,0.0,0.0,0.03,0.43,1.24,2.0,2.65,3.25,3.64,3.72,3.62,3.26,2.74,2.05,1.28,0.5,0.03,0.0,0.0,0.0,0.0,0.0,0.0,0.0,0.0,0.0,0.01,0.05,0.12,0.22,0.35,0.48,0.4,0.5,0.52,0.5,0.61,0.53,0.28,0.1,0.02,0.0,0.0,0.0
124,0.0,0.0,0.0,0.0,0.0,0.0,0.01,0.38,1.08,1.43,1.88,3.05,3.54,3.62,3.57,3.23,2.71,2.06,1.3,0.46,0.02,0.0,0.0,0.0,0.0,0.0,0.0,0.0,0.0,0.0,0.03,0.4,1.1,1.78,2.28,2.37,2.69,3.32,3.27,2.3,2.24,0.98,0.67,0.33,0.05,0.0,0.0,0.0,0.0,0.0,0.0,0.0,0.0,0.0,0.02,0.12,0.12,0.11,0.05,0.47,2.13,3.34,3.17,2.79,2.17,1.52,0.79,0.29,0.03,0.0,0.0,0.0,0.0,0.0,0.0,0.0,0.0,0.0,0.03,0.35,0.98,1.69,2.16,2.74,3.1,3.26,3.15,2.69,1.82,0.65,0.25,0.13,0.01,0.0,0.0,0.0,0.0,0.0,0.0,0.0,0.0,0.0,0.03,0.43,1.24,2.0,2.65,3.25,3.64,3.72,3.62,3.26,2.74,2.05,1.28,0.5,0.03,0.0,0.0,0.0,0.0,0.0,0.0,0.0,0.0,0.0,0.01,0.05,0.12,0.22,0.35,0.48,0.4,0.5,0.52,0.5,0.61,0.53,0.28,0.1,0.02,0.0,0.0,0.0,0.0,0.0,0.0,0.0,0.0,0.0,0.07,0.48,1.19,1.88,2.44,3.04,3.25,3.44,3.31,2.71,2.1,1.64,1.09,0.48,0.05,0.0,0.0,0.0
125,0.0,0.0,0.0,0.0,0.0,0.0,0.03,0.4,1.1,1.78,2.28,2.37,2.69,3.32,3.27,2.3,2.24,0.98,0.67,0.33,0.05,0.0,0.0,0.0,0.0,0.0,0.0,0.0,0.0,0.0,0.02,0.12,0.12,0.11,0.05,0.47,2.13,3.34,3.17,2.79,2.17,1.52,0.79,0.29,0.03,0.0,0.0,0.0,0.0,0.0,0.0,0.0,0.0,0.0,0.03,0.35,0.98,1.69,2.16,2.74,3.1,3.26,3.15,2.69,1.82,0.65,0.25,0.13,0.01,0.0,0.0,0.0,0.0,0.0,0.0,0.0,0.0,0.0,0.03,0.43,1.24,2.0,2.65,3.25,3.64,3.72,3.62,3.26,2.74,2.05,1.28,0.5,0.03,0.0,0.0,0.0,0.0,0.0,0.0,0.0,0.0,0.0,0.01,0.05,0.12,0.22,0.35,0.48,0.4,0.5,0.52,0.5,0.61,0.53,0.28,0.1,0.02,0.0,0.0,0.0,0.0,0.0,0.0,0.0,0.0,0.0,0.07,0.48,1.19,1.88,2.44,3.04,3.25,3.44,3.31,2.71,2.1,1.64,1.09,0.48,0.05,0.0,0.0,0.0,0.0,0.0,0.0,0.0,0.0,0.0,0.02,0.23,0.84,1.69,2.19,2.38,3.34,3.52,3.2,2.98,2.56,1.94,1.18,0.41,0.03,0.0,0.0,0.0
126,0.0,0.0,0.0,0.0,0.0,0.0,0.02,0.12,0.12,0.11,0.05,0.47,2.13,3.34,3.17,2.79,2.17,1.52,0.79,0.29,0.03,0.0,0.0,0.0,0.0,0.0,0.0,0.0,0.0,0.0,0.03,0.35,0.98,1.69,2.16,2.74,3.1,3.26,3.15,2.69,1.82,0.65,0.25,0.13,0.01,0.0,0.0,0.0,0.0,0.0,0.0,0.0,0.0,0.0,0.03,0.43,1.24,2.0,2.65,3.25,3.64,3.72,3.62,3.26,2.74,2.05,1.28,0.5,0.03,0.0,0.0,0.0,0.0,0.0,0.0,0.0,0.0,0.0,0.01,0.05,0.12,0.22,0.35,0.48,0.4,0.5,0.52,0.5,0.61,0.53,0.28,0.1,0.02,0.0,0.0,0.0,0.0,0.0,0.0,0.0,0.0,0.0,0.07,0.48,1.19,1.88,2.44,3.04,3.25,3.44,3.31,2.71,2.1,1.64,1.09,0.48,0.05,0.0,0.0,0.0,0.0,0.0,0.0,0.0,0.0,0.0,0.02,0.23,0.84,1.69,2.19,2.38,3.34,3.52,3.2,2.98,2.56,1.94,1.18,0.41,0.03,0.0,0.0,0.0,0.0,0.0,0.0,0.0,0.0,0.0,0.04,0.43,1.08,1.82,2.44,2.98,3.31,3.39,3.28,2.95,2.37,1.74,0.99,0.44,0.04,0.0,0.0,0.0
127,0.0,0.0,0.0,0.0,0.0,0.0,0.03,0.35,0.98,1.69,2.16,2.74,3.1,3.26,3.15,2.69,1.82,0.65,0.25,0.13,0.01,0.0,0.0,0.0,0.0,0.0,0.0,0.0,0.0,0.0,0.03,0.43,1.24,2.0,2.65,3.25,3.64,3.72,3.62,3.26,2.74,2.05,1.28,0.5,0.03,0.0,0.0,0.0,0.0,0.0,0.0,0.0,0.0,0.0,0.01,0.05,0.12,0.22,0.35,0.48,0.4,0.5,0.52,0.5,0.61,0.53,0.28,0.1,0.02,0.0,0.0,0.0,0.0,0.0,0.0,0.0,0.0,0.0,0.07,0.48,1.19,1.88,2.44,3.04,3.25,3.44,3.31,2.71,2.1,1.64,1.09,0.48,0.05,0.0,0.0,0.0,0.0,0.0,0.0,0.0,0.0,0.0,0.02,0.23,0.84,1.69,2.19,2.38,3.34,3.52,3.2,2.98,2.56,1.94,1.18,0.41,0.03,0.0,0.0,0.0,0.0,0.0,0.0,0.0,0.0,0.0,0.04,0.43,1.08,1.82,2.44,2.98,3.31,3.39,3.28,2.95,2.37,1.74,0.99,0.44,0.04,0.0,0.0,0.0,0.0,0.0,0.0,0.0,0.0,0.0,0.02,0.38,0.89,1.39,2.02,2.77,2.72,3.43,2.88,2.61,2.38,1.6,0.98,0.27,0.04,0.0,0.0,0.0
128,0.0,0.0,0.0,0.0,0.0,0.0,0.03,0.43,1.24,2.0,2.65,3.25,3.64,3.72,3.62,3.26,2.74,2.05,1.28,0.5,0.03,0.0,0.0,0.0,0.0,0.0,0.0,0.0,0.0,0.0,0.01,0.05,0.12,0.22,0.35,0.48,0.4,0.5,0.52,0.5,0.61,0.53,0.28,0.1,0.02,0.0,0.0,0.0,0.0,0.0,0.0,0.0,0.0,0.0,0.07,0.48,1.19,1.88,2.44,3.04,3.25,3.44,3.31,2.71,2.1,1.64,1.09,0.48,0.05,0.0,0.0,0.0,0.0,0.0,0.0,0.0,0.0,0.0,0.02,0.23,0.84,1.69,2.19,2.38,3.34,3.52,3.2,2.98,2.56,1.94,1.18,0.41,0.03,0.0,0.0,0.0,0.0,0.0,0.0,0.0,0.0,0.0,0.04,0.43,1.08,1.82,2.44,2.98,3.31,3.39,3.28,2.95,2.37,1.74,0.99,0.44,0.04,0.0,0.0,0.0,0.0,0.0,0.0,0.0,0.0,0.0,0.02,0.38,0.89,1.39,2.02,2.77,2.72,3.43,2.88,2.61,2.38,1.6,0.98,0.27,0.04,0.0,0.0,0.0,0.0,0.0,0.0,0.0,0.0,0.0,0.0,0.13,0.55,1.16,1.51,1.3,2.29,1.02,0.34,0.52,0.26,0.19,0.09,0.05,0.01,0.0,0.0,0.0
129,0.0,0.0,0.0,0.0,0.0,0.0,0.01,0.05,0.12,0.22,0.35,0.48,0.4,0.5,0.52,0.5,0.61,0.53,0.28,0.1,0.02,0.0,0.0,0.0,0.0,0.0,0.0,0.0,0.0,0.0,0.07,0.48,1.19,1.88,2.44,3.04,3.25,3.44,3.31,2.71,2.1,1.64,1.09,0.48,0.05,0.0,0.0,0.0,0.0,0.0,0.0,0.0,0.0,0.0,0.02,0.23,0.84,1.69,2.19,2.38,3.34,3.52,3.2,2.98,2.56,1.94,1.18,0.41,0.03,0.0,0.0,0.0,0.0,0.0,0.0,0.0,0.0,0.0,0.04,0.43,1.08,1.82,2.44,2.98,3.31,3.39,3.28,2.95,2.37,1.74,0.99,0.44,0.04,0.0,0.0,0.0,0.0,0.0,0.0,0.0,0.0,0.0,0.02,0.38,0.89,1.39,2.02,2.77,2.72,3.43,2.88,2.61,2.38,1.6,0.98,0.27,0.04,0.0,0.0,0.0,0.0,0.0,0.0,0.0,0.0,0.0,0.0,0.13,0.55,1.16,1.51,1.3,2.29,1.02,0.34,0.52,0.26,0.19,0.09,0.05,0.01,0.0,0.0,0.0,0.0,0.0,0.0,0.0,0.0,0.0,0.0,0.04,0.09,0.18,0.24,0.41,0.37,0.39,0.53,0.38,0.17,0.12,0.09,0.04,0.0,0.0,0.0,0.0
130,0.0,0.0,0.0,0.0,0.0,0.0,0.07,0.48,1.19,1.88,2.44,3.04,3.25,3.44,3.31,2.71,2.1,1.64,1.09,0.48,0.05,0.0,0.0,0.0,0.0,0.0,0.0,0.0,0.0,0.0,0.02,0.23,0.84,1.69,2.19,2.38,3.34,3.52,3.2,2.98,2.56,1.94,1.18,0.41,0.03,0.0,0.0,0.0,0.0,0.0,0.0,0.0,0.0,0.0,0.04,0.43,1.08,1.82,2.44,2.98,3.31,3.39,3.28,2.95,2.37,1.74,0.99,0.44,0.04,0.0,0.0,0.0,0.0,0.0,0.0,0.0,0.0,0.0,0.02,0.38,0.89,1.39,2.02,2.77,2.72,3.43,2.88,2.61,2.38,1.6,0.98,0.27,0.04,0.0,0.0,0.0,0.0,0.0,0.0,0.0,0.0,0.0,0.0,0.13,0.55,1.16,1.51,1.3,2.29,1.02,0.34,0.52,0.26,0.19,0.09,0.05,0.01,0.0,0.0,0.0,0.0,0.0,0.0,0.0,0.0,0.0,0.0,0.04,0.09,0.18,0.24,0.41,0.37,0.39,0.53,0.38,0.17,0.12,0.09,0.04,0.0,0.0,0.0,0.0,0.0,0.0,0.0,0.0,0.0,0.0,0.01,0.08,0.31,0.47,0.58,0.6,0.58,0.52,0.22,0.36,0.37,0.21,0.59,0.29,0.02,0.0,0.0,0.0
131,0.0,0.0,0.0,0.0,0.0,0.0,0.02,0.23,0.84,1.69,2.19,2.38,3.34,3.52,3.2,2.98,2.56,1.94,1.18,0.41,0.03,0.0,0.0,0.0,0.0,0.0,0.0,0.0,0.0,0.0,0.04,0.43,1.08,1.82,2.44,2.98,3.31,3.39,3.28,2.95,2.37,1.74,0.99,0.44,0.04,0.0,0.0,0.0,0.0,0.0,0.0,0.0,0.0,0.0,0.02,0.38,0.89,1.39,2.02,2.77,2.72,3.43,2.88,2.61,2.38,1.6,0.98,0.27,0.04,0.0,0.0,0.0,0.0,0.0,0.0,0.0,0.0,0.0,0.0,0.13,0.55,1.16,1.51,1.3,2.29,1.02,0.34,0.52,0.26,0.19,0.09,0.05,0.01,0.0,0.0,0.0,0.0,0.0,0.0,0.0,0.0,0.0,0.0,0.04,0.09,0.18,0.24,0.41,0.37,0.39,0.53,0.38,0.17,0.12,0.09,0.04,0.0,0.0,0.0,0.0,0.0,0.0,0.0,0.0,0.0,0.0,0.01,0.08,0.31,0.47,0.58,0.6,0.58,0.52,0.22,0.36,0.37,0.21,0.59,0.29,0.02,0.0,0.0,0.0,0.0,0.0,0.0,0.0,0.0,0.0,0.03,0.24,0.54,0.71,0.61,1.95,3.74,3.6,3.4,3.02,2.41,1.99,1.29,0.54,0.05,0.0,0.0,0.0
132,0.0,0.0,0.0,0.0,0.0,0.0,0.04,0.43,1.08,1.82,2.44,2.98,3.31,3.39,3.28,2.95,2.37,1.74,0.99,0.44,0.04,0.0,0.0,0.0,0.0,0.0,0.0,0.0,0.0,0.0,0.02,0.38,0.89,1.39,2.02,2.77,2.72,3.43,2.88,2.61,2.38,1.6,0.98,0.27,0.04,0.0,0.0,0.0,0.0,0.0,0.0,0.0,0.0,0.0,0.0,0.13,0.55,1.16,1.51,1.3,2.29,1.02,0.34,0.52,0.26,0.19,0.09,0.05,0.01,0.0,0.0,0.0,0.0,0.0,0.0,0.0,0.0,0.0,0.0,0.04,0.09,0.18,0.24,0.41,0.37,0.39,0.53,0.38,0.17,0.12,0.09,0.04,0.0,0.0,0.0,0.0,0.0,0.0,0.0,0.0,0.0,0.0,0.01,0.08,0.31,0.47,0.58,0.6,0.58,0.52,0.22,0.36,0.37,0.21,0.59,0.29,0.02,0.0,0.0,0.0,0.0,0.0,0.0,0.0,0.0,0.0,0.03,0.24,0.54,0.71,0.61,1.95,3.74,3.6,3.4,3.02,2.41,1.99,1.29,0.54,0.05,0.0,0.0,0.0,0.0,0.0,0.0,0.0,0.0,0.0,0.05,0.47,1.23,1.99,2.6,3.18,3.54,3.66,3.53,3.16,2.69,2.0,1.23,0.54,0.06,0.0,0.0,0.0
133,0.0,0.0,0.0,0.0,0.0,0.0,0.02,0.38,0.89,1.39,2.02,2.77,2.72,3.43,2.88,2.61,2.38,1.6,0.98,0.27,0.04,0.0,0.0,0.0,0.0,0.0,0.0,0.0,0.0,0.0,0.0,0.13,0.55,1.16,1.51,1.3,2.29,1.02,0.34,0.52,0.26,0.19,0.09,0.05,0.01,0.0,0.0,0.0,0.0,0.0,0.0,0.0,0.0,0.0,0.0,0.04,0.09,0.18,0.24,0.41,0.37,0.39,0.53,0.38,0.17,0.12,0.09,0.04,0.0,0.0,0.0,0.0,0.0,0.0,0.0,0.0,0.0,0.0,0.01,0.08,0.31,0.47,0.58,0.6,0.58,0.52,0.22,0.36,0.37,0.21,0.59,0.29,0.02,0.0,0.0,0.0,0.0,0.0,0.0,0.0,0.0,0.0,0.03,0.24,0.54,0.71,0.61,1.95,3.74,3.6,3.4,3.02,2.41,1.99,1.29,0.54,0.05,0.0,0.0,0.0,0.0,0.0,0.0,0.0,0.0,0.0,0.05,0.47,1.23,1.99,2.6,3.18,3.54,3.66,3.53,3.16,2.69,2.0,1.23,0.54,0.06,0.0,0.0,0.0,0.0,0.0,0.0,0.0,0.0,0.0,0.0,0.04,0.09,0.12,0.48,0.95,1.19,1.19,0.81,0.74,0.49,0.39,0.18,0.11,0.02,0.0,0.0,0.0
134,0.0,0.0,0.0,0.0,0.0,0.0,0.0,0.13,0.55,1.16,1.51,1.3,2.29,1.02,0.34,0.52,0.26,0.19,0.09,0.05,0.01,0.0,0.0,0.0,0.0,0.0,0.0,0.0,0.0,0.0,0.0,0.04,0.09,0.18,0.24,0.41,0.37,0.39,0.53,0.38,0.17,0.12,0.09,0.04,0.0,0.0,0.0,0.0,0.0,0.0,0.0,0.0,0.0,0.0,0.01,0.08,0.31,0.47,0.58,0.6,0.58,0.52,0.22,0.36,0.37,0.21,0.59,0.29,0.02,0.0,0.0,0.0,0.0,0.0,0.0,0.0,0.0,0.0,0.03,0.24,0.54,0.71,0.61,1.95,3.74,3.6,3.4,3.02,2.41,1.99,1.29,0.54,0.05,0.0,0.0,0.0,0.0,0.0,0.0,0.0,0.0,0.0,0.05,0.47,1.23,1.99,2.6,3.18,3.54,3.66,3.53,3.16,2.69,2.0,1.23,0.54,0.06,0.0,0.0,0.0,0.0,0.0,0.0,0.0,0.0,0.0,0.0,0.04,0.09,0.12,0.48,0.95,1.19,1.19,0.81,0.74,0.49,0.39,0.18,0.11,0.02,0.0,0.0,0.0,0.0,0.0,0.0,0.0,0.0,0.0,0.0,0.07,0.2,0.47,0.68,0.87,0.99,0.91,0.98,0.26,0.52,0.39,0.47,0.48,0.06,0.0,0.0,0.0
135,0.0,0.0,0.0,0.0,0.0,0.0,0.0,0.04,0.09,0.18,0.24,0.41,0.37,0.39,0.53,0.38,0.17,0.12,0.09,0.04,0.0,0.0,0.0,0.0,0.0,0.0,0.0,0.0,0.0,0.0,0.01,0.08,0.31,0.47,0.58,0.6,0.58,0.52,0.22,0.36,0.37,0.21,0.59,0.29,0.02,0.0,0.0,0.0,0.0,0.0,0.0,0.0,0.0,0.0,0.03,0.24,0.54,0.71,0.61,1.95,3.74,3.6,3.4,3.02,2.41,1.99,1.29,0.54,0.05,0.0,0.0,0.0,0.0,0.0,0.0,0.0,0.0,0.0,0.05,0.47,1.23,1.99,2.6,3.18,3.54,3.66,3.53,3.16,2.69,2.0,1.23,0.54,0.06,0.0,0.0,0.0,0.0,0.0,0.0,0.0,0.0,0.0,0.0,0.04,0.09,0.12,0.48,0.95,1.19,1.19,0.81,0.74,0.49,0.39,0.18,0.11,0.02,0.0,0.0,0.0,0.0,0.0,0.0,0.0,0.0,0.0,0.0,0.07,0.2,0.47,0.68,0.87,0.99,0.91,0.98,0.26,0.52,0.39,0.47,0.48,0.06,0.0,0.0,0.0,0.0,0.0,0.0,0.0,0.0,0.0,0.04,0.43,1.04,1.78,2.51,3.0,3.38,3.48,3.42,3.15,2.65,2.0,1.25,0.5,0.06,0.0,0.0,0.0
136,0.0,0.0,0.0,0.0,0.0,0.0,0.01,0.08,0.31,0.47,0.58,0.6,0.58,0.52,0.22,0.36,0.37,0.21,0.59,0.29,0.02,0.0,0.0,0.0,0.0,0.0,0.0,0.0,0.0,0.0,0.03,0.24,0.54,0.71,0.61,1.95,3.74,3.6,3.4,3.02,2.41,1.99,1.29,0.54,0.05,0.0,0.0,0.0,0.0,0.0,0.0,0.0,0.0,0.0,0.05,0.47,1.23,1.99,2.6,3.18,3.54,3.66,3.53,3.16,2.69,2.0,1.23,0.54,0.06,0.0,0.0,0.0,0.0,0.0,0.0,0.0,0.0,0.0,0.0,0.04,0.09,0.12,0.48,0.95,1.19,1.19,0.81,0.74,0.49,0.39,0.18,0.11,0.02,0.0,0.0,0.0,0.0,0.0,0.0,0.0,0.0,0.0,0.0,0.07,0.2,0.47,0.68,0.87,0.99,0.91,0.98,0.26,0.52,0.39,0.47,0.48,0.06,0.0,0.0,0.0,0.0,0.0,0.0,0.0,0.0,0.0,0.04,0.43,1.04,1.78,2.51,3.0,3.38,3.48,3.42,3.15,2.65,2.0,1.25,0.5,0.06,0.0,0.0,0.0,0.0,0.0,0.0,0.0,0.0,0.0,0.06,0.55,0.92,1.51,2.03,2.66,2.41,2.89,1.91,1.58,0.88,1.0,0.56,0.28,0.04,0.0,0.0,0.0
137,0.0,0.0,0.0,0.0,0.0,0.0,0.03,0.24,0.54,0.71,0.61,1.95,3.74,3.6,3.4,3.02,2.41,1.99,1.29,0.54,0.05,0.0,0.0,0.0,0.0,0.0,0.0,0.0,0.0,0.0,0.05,0.47,1.23,1.99,2.6,3.18,3.54,3.66,3.53,3.16,2.69,2.0,1.23,0.54,0.06,0.0,0.0,0.0,0.0,0.0,0.0,0.0,0.0,0.0,0.0,0.04,0.09,0.12,0.48,0.95,1.19,1.19,0.81,0.74,0.49,0.39,0.18,0.11,0.02,0.0,0.0,0.0,0.0,0.0,0.0,0.0,0.0,0.0,0.0,0.07,0.2,0.47,0.68,0.87,0.99,0.91,0.98,0.26,0.52,0.39,0.47,0.48,0.06,0.0,0.0,0.0,0.0,0.0,0.0,0.0,0.0,0.0,0.04,0.43,1.04,1.78,2.51,3.0,3.38,3.48,3.42,3.15,2.65,2.0,1.25,0.5,0.06,0.0,0.0,0.0,0.0,0.0,0.0,0.0,0.0,0.0,0.06,0.55,0.92,1.51,2.03,2.66,2.41,2.89,1.91,1.58,0.88,1.0,0.56,0.28,0.04,0.0,0.0,0.0,0.0,0.0,0.0,0.0,0.0,0.0,0.02,0.09,0.33,1.39,2.37,3.22,3.39,3.57,3.43,3.15,2.66,1.83,0.99,0.41,0.05,0.0,0.0,0.0
138,0.0,0.0,0.0,0.0,0.0,0.0,0.05,0.47,1.23,1.99,2.6,3.18,3.54,3.66,3.53,3.16,2.69,2.0,1.23,0.54,0.06,0.0,0.0,0.0,0.0,0.0,0.0,0.0,0.0,0.0,0.0,0.04,0.09,0.12,0.48,0.95,1.19,1.19,0.81,0.74,0.49,0.39,0.18,0.11,0.02,0.0,0.0,0.0,0.0,0.0,0.0,0.0,0.0,0.0,0.0,0.07,0.2,0.47,0.68,0.87,0.99,0.91,0.98,0.26,0.52,0.39,0.47,0.48,0.06,0.0,0.0,0.0,0.0,0.0,0.0,0.0,0.0,0.0,0.04,0.43,1.04,1.78,2.51,3.0,3.38,3.48,3.42,3.15,2.65,2.0,1.25,0.5,0.06,0.0,0.0,0.0,0.0,0.0,0.0,0.0,0.0,0.0,0.06,0.55,0.92,1.51,2.03,2.66,2.41,2.89,1.91,1.58,0.88,1.0,0.56,0.28,0.04,0.0,0.0,0.0,0.0,0.0,0.0,0.0,0.0,0.0,0.02,0.09,0.33,1.39,2.37,3.22,3.39,3.57,3.43,3.15,2.66,1.83,0.99,0.41,0.05,0.0,0.0,0.0,0.0,0.0,0.0,0.0,0.0,0.0,0.0,0.02,0.05,0.14,1.21,1.7,2.2,2.36,2.48,2.23,2.76,2.11,1.34,0.6,0.09,0.0,0.0,0.0
139,0.0,0.0,0.0,0.0,0.0,0.0,0.0,0.04,0.09,0.12,0.48,0.95,1.19,1.19,0.81,0.74,0.49,0.39,0.18,0.11,0.02,0.0,0.0,0.0,0.0,0.0,0.0,0.0,0.0,0.0,0.0,0.07,0.2,0.47,0.68,0.87,0.99,0.91,0.98,0.26,0.52,0.39,0.47,0.48,0.06,0.0,0.0,0.0,0.0,0.0,0.0,0.0,0.0,0.0,0.04,0.43,1.04,1.78,2.51,3.0,3.38,3.48,3.42,3.15,2.65,2.0,1.25,0.5,0.06,0.0,0.0,0.0,0.0,0.0,0.0,0.0,0.0,0.0,0.06,0.55,0.92,1.51,2.03,2.66,2.41,2.89,1.91,1.58,0.88,1.0,0.56,0.28,0.04,0.0,0.0,0.0,0.0,0.0,0.0,0.0,0.0,0.0,0.02,0.09,0.33,1.39,2.37,3.22,3.39,3.57,3.43,3.15,2.66,1.83,0.99,0.41,0.05,0.0,0.0,0.0,0.0,0.0,0.0,0.0,0.0,0.0,0.0,0.02,0.05,0.14,1.21,1.7,2.2,2.36,2.48,2.23,2.76,2.11,1.34,0.6,0.09,0.0,0.0,0.0,0.0,0.0,0.0,0.0,0.0,0.0,0.06,0.41,1.07,1.92,2.49,3.01,2.29,2.16,1.49,1.3,1.06,0.32,0.12,0.18,0.07,0.0,0.0,0.0
140,0.0,0.0,0.0,0.0,0.0,0.0,0.0,0.07,0.2,0.47,0.68,0.87,0.99,0.91,0.98,0.26,0.52,0.39,0.47,0.48,0.06,0.0,0.0,0.0,0.0,0.0,0.0,0.0,0.0,0.0,0.04,0.43,1.04,1.78,2.51,3.0,3.38,3.48,3.42,3.15,2.65,2.0,1.25,0.5,0.06,0.0,0.0,0.0,0.0,0.0,0.0,0.0,0.0,0.0,0.06,0.55,0.92,1.51,2.03,2.66,2.41,2.89,1.91,1.58,0.88,1.0,0.56,0.28,0.04,0.0,0.0,0.0,0.0,0.0,0.0,0.0,0.0,0.0,0.02,0.09,0.33,1.39,2.37,3.22,3.39,3.57,3.43,3.15,2.66,1.83,0.99,0.41,0.05,0.0,0.0,0.0,0.0,0.0,0.0,0.0,0.0,0.0,0.0,0.02,0.05,0.14,1.21,1.7,2.2,2.36,2.48,2.23,2.76,2.11,1.34,0.6,0.09,0.0,0.0,0.0,0.0,0.0,0.0,0.0,0.0,0.0,0.06,0.41,1.07,1.92,2.49,3.01,2.29,2.16,1.49,1.3,1.06,0.32,0.12,0.18,0.07,0.0,0.0,0.0,0.0,0.0,0.0,0.0,0.0,0.0,0.0,0.03,0.07,0.1,0.17,0.19,0.25,0.38,0.38,0.66,1.38,0.82,0.33,0.27,0.05,0.0,0.0,0.0
141,0.0,0.0,0.0,0.0,0.0,0.0,0.04,0.43,1.04,1.78,2.51,3.0,3.38,3.48,3.42,3.15,2.65,2.0,1.25,0.5,0.06,0.0,0.0,0.0,0.0,0.0,0.0,0.0,0.0,0.0,0.06,0.55,0.92,1.51,2.03,2.66,2.41,2.89,1.91,1.58,0.88,1.0,0.56,0.28,0.04,0.0,0.0,0.0,0.0,0.0,0.0,0.0,0.0,0.0,0.02,0.09,0.33,1.39,2.37,3.22,3.39,3.57,3.43,3.15,2.66,1.83,0.99,0.41,0.05,0.0,0.0,0.0,0.0,0.0,0.0,0.0,0.0,0.0,0.0,0.02,0.05,0.14,1.21,1.7,2.2,2.36,2.48,2.23,2.76,2.11,1.34,0.6,0.09,0.0,0.0,0.0,0.0,0.0,0.0,0.0,0.0,0.0,0.06,0.41,1.07,1.92,2.49,3.01,2.29,2.16,1.49,1.3,1.06,0.32,0.12,0.18,0.07,0.0,0.0,0.0,0.0,0.0,0.0,0.0,0.0,0.0,0.0,0.03,0.07,0.1,0.17,0.19,0.25,0.38,0.38,0.66,1.38,0.82,0.33,0.27,0.05,0.0,0.0,0.0,0.0,0.0,0.0,0.0,0.0,0.0,0.0,0.05,0.05,0.14,0.24,0.26,1.01,1.34,2.28,2.86,1.53,0.68,0.54,0.25,0.03,0.0,0.0,0.0
142,0.0,0.0,0.0,0.0,0.0,0.0,0.06,0.55,0.92,1.51,2.03,2.66,2.41,2.89,1.91,1.58,0.88,1.0,0.56,0.28,0.04,0.0,0.0,0.0,0.0,0.0,0.0,0.0,0.0,0.0,0.02,0.09,0.33,1.39,2.37,3.22,3.39,3.57,3.43,3.15,2.66,1.83,0.99,0.41,0.05,0.0,0.0,0.0,0.0,0.0,0.0,0.0,0.0,0.0,0.0,0.02,0.05,0.14,1.21,1.7,2.2,2.36,2.48,2.23,2.76,2.11,1.34,0.6,0.09,0.0,0.0,0.0,0.0,0.0,0.0,0.0,0.0,0.0,0.06,0.41,1.07,1.92,2.49,3.01,2.29,2.16,1.49,1.3,1.06,0.32,0.12,0.18,0.07,0.0,0.0,0.0,0.0,0.0,0.0,0.0,0.0,0.0,0.0,0.03,0.07,0.1,0.17,0.19,0.25,0.38,0.38,0.66,1.38,0.82,0.33,0.27,0.05,0.0,0.0,0.0,0.0,0.0,0.0,0.0,0.0,0.0,0.0,0.05,0.05,0.14,0.24,0.26,1.01,1.34,2.28,2.86,1.53,0.68,0.54,0.25,0.03,0.0,0.0,0.0,0.0,0.0,0.0,0.0,0.0,0.0,0.05,0.53,1.28,2.01,2.17,1.22,0.52,0.67,0.55,0.43,0.52,0.39,0.07,0.03,0.01,0.0,0.0,0.0
143,0.0,0.0,0.0,0.0,0.0,0.0,0.02,0.09,0.33,1.39,2.37,3.22,3.39,3.57,3.43,3.15,2.66,1.83,0.99,0.41,0.05,0.0,0.0,0.0,0.0,0.0,0.0,0.0,0.0,0.0,0.0,0.02,0.05,0.14,1.21,1.7,2.2,2.36,2.48,2.23,2.76,2.11,1.34,0.6,0.09,0.0,0.0,0.0,0.0,0.0,0.0,0.0,0.0,0.0,0.06,0.41,1.07,1.92,2.49,3.01,2.29,2.16,1.49,1.3,1.06,0.32,0.12,0.18,0.07,0.0,0.0,0.0,0.0,0.0,0.0,0.0,0.0,0.0,0.0,0.03,0.07,0.1,0.17,0.19,0.25,0.38,0.38,0.66,1.38,0.82,0.33,0.27,0.05,0.0,0.0,0.0,0.0,0.0,0.0,0.0,0.0,0.0,0.0,0.05,0.05,0.14,0.24,0.26,1.01,1.34,2.28,2.86,1.53,0.68,0.54,0.25,0.03,0.0,0.0,0.0,0.0,0.0,0.0,0.0,0.0,0.0,0.05,0.53,1.28,2.01,2.17,1.22,0.52,0.67,0.55,0.43,0.52,0.39,0.07,0.03,0.01,0.0,0.0,0.0,0.0,0.0,0.0,0.0,0.0,0.0,0.06,0.57,1.3,2.09,2.71,3.3,3.62,3.72,3.43,3.24,2.65,1.79,0.88,0.08,0.01,0.0,0.0,0.0
144,0.0,0.0,0.0,0.0,0.0,0.0,0.0,0.02,0.05,0.14,1.21,1.7,2.2,2.36,2.48,2.23,2.76,2.11,1.34,0.6,0.09,0.0,0.0,0.0,0.0,0.0,0.0,0.0,0.0,0.0,0.06,0.41,1.07,1.92,2.49,3.01,2.29,2.16,1.49,1.3,1.06,0.32,0.12,0.18,0.07,0.0,0.0,0.0,0.0,0.0,0.0,0.0,0.0,0.0,0.0,0.03,0.07,0.1,0.17,0.19,0.25,0.38,0.38,0.66,1.38,0.82,0.33,0.27,0.05,0.0,0.0,0.0,0.0,0.0,0.0,0.0,0.0,0.0,0.0,0.05,0.05,0.14,0.24,0.26,1.01,1.34,2.28,2.86,1.53,0.68,0.54,0.25,0.03,0.0,0.0,0.0,0.0,0.0,0.0,0.0,0.0,0.0,0.05,0.53,1.28,2.01,2.17,1.22,0.52,0.67,0.55,0.43,0.52,0.39,0.07,0.03,0.01,0.0,0.0,0.0,0.0,0.0,0.0,0.0,0.0,0.0,0.06,0.57,1.3,2.09,2.71,3.3,3.62,3.72,3.43,3.24,2.65,1.79,0.88,0.08,0.01,0.0,0.0,0.0,0.0,0.0,0.0,0.0,0.0,0.0,0.01,0.1,0.14,0.21,0.53,0.89,1.11,1.6,1.46,1.69,1.76,1.62,1.03,0.32,0.05,0.0,0.0,0.0
145,0.0,0.0,0.0,0.0,0.0,0.0,0.06,0.41,1.07,1.92,2.49,3.01,2.29,2.16,1.49,1.3,1.06,0.32,0.12,0.18,0.07,0.0,0.0,0.0,0.0,0.0,0.0,0.0,0.0,0.0,0.0,0.03,0.07,0.1,0.17,0.19,0.25,0.38,0.38,0.66,1.38,0.82,0.33,0.27,0.05,0.0,0.0,0.0,0.0,0.0,0.0,0.0,0.0,0.0,0.0,0.05,0.05,0.14,0.24,0.26,1.01,1.34,2.28,2.86,1.53,0.68,0.54,0.25,0.03,0.0,0.0,0.0,0.0,0.0,0.0,0.0,0.0,0.0,0.05,0.53,1.28,2.01,2.17,1.22,0.52,0.67,0.55,0.43,0.52,0.39,0.07,0.03,0.01,0.0,0.0,0.0,0.0,0.0,0.0,0.0,0.0,0.0,0.06,0.57,1.3,2.09,2.71,3.3,3.62,3.72,3.43,3.24,2.65,1.79,0.88,0.08,0.01,0.0,0.0,0.0,0.0,0.0,0.0,0.0,0.0,0.0,0.01,0.1,0.14,0.21,0.53,0.89,1.11,1.6,1.46,1.69,1.76,1.62,1.03,0.32,0.05,0.0,0.0,0.0,0.0,0.0,0.0,0.0,0.0,0.0,0.01,0.05,0.09,0.78,1.62,2.03,2.03,1.59,1.44,1.21,0.57,0.91,0.47,0.18,0.03,0.0,0.0,0.0
146,0.0,0.0,0.0,0.0,0.0,0.0,0.0,0.03,0.07,0.1,0.17,0.19,0.25,0.38,0.38,0.66,1.38,0.82,0.33,0.27,0.05,0.0,0.0,0.0,0.0,0.0,0.0,0.0,0.0,0.0,0.0,0.05,0.05,0.14,0.24,0.26,1.01,1.34,2.28,2.86,1.53,0.68,0.54,0.25,0.03,0.0,0.0,0.0,0.0,0.0,0.0,0.0,0.0,0.0,0.05,0.53,1.28,2.01,2.17,1.22,0.52,0.67,0.55,0.43,0.52,0.39,0.07,0.03,0.01,0.0,0.0,0.0,0.0,0.0,0.0,0.0,0.0,0.0,0.06,0.57,1.3,2.09,2.71,3.3,3.62,3.72,3.43,3.24,2.65,1.79,0.88,0.08,0.01,0.0,0.0,0.0,0.0,0.0,0.0,0.0,0.0,0.0,0.01,0.1,0.14,0.21,0.53,0.89,1.11,1.6,1.46,1.69,1.76,1.62,1.03,0.32,0.05,0.0,0.0,0.0,0.0,0.0,0.0,0.0,0.0,0.0,0.01,0.05,0.09,0.78,1.62,2.03,2.03,1.59,1.44,1.21,0.57,0.91,0.47,0.18,0.03,0.0,0.0,0.0,0.0,0.0,0.0,0.0,0.0,0.0,0.06,0.46,1.19,1.8,2.44,2.83,3.17,3.21,3.14,3.0,2.47,1.66,0.95,0.37,0.07,0.0,0.0,0.0
147,0.0,0.0,0.0,0.0,0.0,0.0,0.0,0.05,0.05,0.14,0.24,0.26,1.01,1.34,2.28,2.86,1.53,0.68,0.54,0.25,0.03,0.0,0.0,0.0,0.0,0.0,0.0,0.0,0.0,0.0,0.05,0.53,1.28,2.01,2.17,1.22,0.52,0.67,0.55,0.43,0.52,0.39,0.07,0.03,0.01,0.0,0.0,0.0,0.0,0.0,0.0,0.0,0.0,0.0,0.06,0.57,1.3,2.09,2.71,3.3,3.62,3.72,3.43,3.24,2.65,1.79,0.88,0.08,0.01,0.0,0.0,0.0,0.0,0.0,0.0,0.0,0.0,0.0,0.01,0.1,0.14,0.21,0.53,0.89,1.11,1.6,1.46,1.69,1.76,1.62,1.03,0.32,0.05,0.0,0.0,0.0,0.0,0.0,0.0,0.0,0.0,0.0,0.01,0.05,0.09,0.78,1.62,2.03,2.03,1.59,1.44,1.21,0.57,0.91,0.47,0.18,0.03,0.0,0.0,0.0,0.0,0.0,0.0,0.0,0.0,0.0,0.06,0.46,1.19,1.8,2.44,2.83,3.17,3.21,3.14,3.0,2.47,1.66,0.95,0.37,0.07,0.0,0.0,0.0,0.0,0.0,0.0,0.0,0.0,0.0,0.04,0.31,0.78,0.73,0.76,0.51,0.53,0.29,0.36,0.3,0.13,0.16,0.12,0.07,0.02,0.0,0.0,0.0
148,0.0,0.0,0.0,0.0,0.0,0.0,0.05,0.53,1.28,2.01,2.17,1.22,0.52,0.67,0.55,0.43,0.52,0.39,0.07,0.03,0.01,0.0,0.0,0.0,0.0,0.0,0.0,0.0,0.0,0.0,0.06,0.57,1.3,2.09,2.71,3.3,3.62,3.72,3.43,3.24,2.65,1.79,0.88,0.08,0.01,0.0,0.0,0.0,0.0,0.0,0.0,0.0,0.0,0.0,0.01,0.1,0.14,0.21,0.53,0.89,1.11,1.6,1.46,1.69,1.76,1.62,1.03,0.32,0.05,0.0,0.0,0.0,0.0,0.0,0.0,0.0,0.0,0.0,0.01,0.05,0.09,0.78,1.62,2.03,2.03,1.59,1.44,1.21,0.57,0.91,0.47,0.18,0.03,0.0,0.0,0.0,0.0,0.0,0.0,0.0,0.0,0.0,0.06,0.46,1.19,1.8,2.44,2.83,3.17,3.21,3.14,3.0,2.47,1.66,0.95,0.37,0.07,0.0,0.0,0.0,0.0,0.0,0.0,0.0,0.0,0.0,0.04,0.31,0.78,0.73,0.76,0.51,0.53,0.29,0.36,0.3,0.13,0.16,0.12,0.07,0.02,0.0,0.0,0.0,0.0,0.0,0.0,0.0,0.0,0.0,0.04,0.18,0.68,1.49,2.48,3.23,3.53,3.65,3.49,3.25,2.8,2.1,1.37,0.6,0.12,0.0,0.0,0.0
149,0.0,0.0,0.0,0.0,0.0,0.0,0.06,0.57,1.3,2.09,2.71,3.3,3.62,3.72,3.43,3.24,2.65,1.79,0.88,0.08,0.01,0.0,0.0,0.0,0.0,0.0,0.0,0.0,0.0,0.0,0.01,0.1,0.14,0.21,0.53,0.89,1.11,1.6,1.46,1.69,1.76,1.62,1.03,0.32,0.05,0.0,0.0,0.0,0.0,0.0,0.0,0.0,0.0,0.0,0.01,0.05,0.09,0.78,1.62,2.03,2.03,1.59,1.44,1.21,0.57,0.91,0.47,0.18,0.03,0.0,0.0,0.0,0.0,0.0,0.0,0.0,0.0,0.0,0.06,0.46,1.19,1.8,2.44,2.83,3.17,3.21,3.14,3.0,2.47,1.66,0.95,0.37,0.07,0.0,0.0,0.0,0.0,0.0,0.0,0.0,0.0,0.0,0.04,0.31,0.78,0.73,0.76,0.51,0.53,0.29,0.36,0.3,0.13,0.16,0.12,0.07,0.02,0.0,0.0,0.0,0.0,0.0,0.0,0.0,0.0,0.0,0.04,0.18,0.68,1.49,2.48,3.23,3.53,3.65,3.49,3.25,2.8,2.1,1.37,0.6,0.12,0.0,0.0,0.0,0.0,0.0,0.0,0.0,0.0,0.0,0.01,0.06,0.11,0.39,1.1,2.36,2.48,3.48,3.33,3.09,2.78,2.02,1.25,0.52,0.13,0.0,0.0,0.0
150,0.0,0.0,0.0,0.0,0.0,0.0,0.01,0.1,0.14,0.21,0.53,0.89,1.11,1.6,1.46,1.69,1.76,1.62,1.03,0.32,0.05,0.0,0.0,0.0,0.0,0.0,0.0,0.0,0.0,0.0,0.01,0.05,0.09,0.78,1.62,2.03,2.03,1.59,1.44,1.21,0.57,0.91,0.47,0.18,0.03,0.0,0.0,0.0,0.0,0.0,0.0,0.0,0.0,0.0,0.06,0.46,1.19,1.8,2.44,2.83,3.17,3.21,3.14,3.0,2.47,1.66,0.95,0.37,0.07,0.0,0.0,0.0,0.0,0.0,0.0,0.0,0.0,0.0,0.04,0.31,0.78,0.73,0.76,0.51,0.53,0.29,0.36,0.3,0.13,0.16,0.12,0.07,0.02,0.0,0.0,0.0,0.0,0.0,0.0,0.0,0.0,0.0,0.04,0.18,0.68,1.49,2.48,3.23,3.53,3.65,3.49,3.25,2.8,2.1,1.37,0.6,0.12,0.0,0.0,0.0,0.0,0.0,0.0,0.0,0.0,0.0,0.01,0.06,0.11,0.39,1.1,2.36,2.48,3.48,3.33,3.09,2.78,2.02,1.25,0.52,0.13,0.0,0.0,0.0,0.0,0.0,0.0,0.0,0.0,0.0,0.04,0.35,0.73,0.94,1.07,1.6,3.04,3.27,3.16,3.02,2.59,1.85,1.18,0.52,0.1,0.0,0.0,0.0
151,0.0,0.0,0.0,0.0,0.0,0.0,0.01,0.05,0.09,0.78,1.62,2.03,2.03,1.59,1.44,1.21,0.57,0.91,0.47,0.18,0.03,0.0,0.0,0.0,0.0,0.0,0.0,0.0,0.0,0.0,0.06,0.46,1.19,1.8,2.44,2.83,3.17,3.21,3.14,3.0,2.47,1.66,0.95,0.37,0.07,0.0,0.0,0.0,0.0,0.0,0.0,0.0,0.0,0.0,0.04,0.31,0.78,0.73,0.76,0.51,0.53,0.29,0.36,0.3,0.13,0.16,0.12,0.07,0.02,0.0,0.0,0.0,0.0,0.0,0.0,0.0,0.0,0.0,0.04,0.18,0.68,1.49,2.48,3.23,3.53,3.65,3.49,3.25,2.8,2.1,1.37,0.6,0.12,0.0,0.0,0.0,0.0,0.0,0.0,0.0,0.0,0.0,0.01,0.06,0.11,0.39,1.1,2.36,2.48,3.48,3.33,3.09,2.78,2.02,1.25,0.52,0.13,0.0,0.0,0.0,0.0,0.0,0.0,0.0,0.0,0.0,0.04,0.35,0.73,0.94,1.07,1.6,3.04,3.27,3.16,3.02,2.59,1.85,1.18,0.52,0.1,0.0,0.0,0.0,0.0,0.0,0.0,0.0,0.0,0.0,0.06,0.3,0.4,0.53,0.43,0.6,0.49,0.38,0.33,0.78,0.79,0.93,0.67,0.28,0.05,0.0,0.0,0.0
152,0.0,0.0,0.0,0.0,0.0,0.0,0.06,0.46,1.19,1.8,2.44,2.83,3.17,3.21,3.14,3.0,2.47,1.66,0.95,0.37,0.07,0.0,0.0,0.0,0.0,0.0,0.0,0.0,0.0,0.0,0.04,0.31,0.78,0.73,0.76,0.51,0.53,0.29,0.36,0.3,0.13,0.16,0.12,0.07,0.02,0.0,0.0,0.0,0.0,0.0,0.0,0.0,0.0,0.0,0.04,0.18,0.68,1.49,2.48,3.23,3.53,3.65,3.49,3.25,2.8,2.1,1.37,0.6,0.12,0.0,0.0,0.0,0.0,0.0,0.0,0.0,0.0,0.0,0.01,0.06,0.11,0.39,1.1,2.36,2.48,3.48,3.33,3.09,2.78,2.02,1.25,0.52,0.13,0.0,0.0,0.0,0.0,0.0,0.0,0.0,0.0,0.0,0.04,0.35,0.73,0.94,1.07,1.6,3.04,3.27,3.16,3.02,2.59,1.85,1.18,0.52,0.1,0.0,0.0,0.0,0.0,0.0,0.0,0.0,0.0,0.0,0.06,0.3,0.4,0.53,0.43,0.6,0.49,0.38,0.33,0.78,0.79,0.93,0.67,0.28,0.05,0.0,0.0,0.0,0.0,0.0,0.0,0.0,0.0,0.0,0.05,0.41,0.56,1.72,2.19,2.9,2.84,2.57,2.89,2.17,1.75,0.71,0.26,0.2,0.03,0.0,0.0,0.0
153,0.0,0.0,0.0,0.0,0.0,0.0,0.04,0.31,0.78,0.73,0.76,0.51,0.53,0.29,0.36,0.3,0.13,0.16,0.12,0.07,0.02,0.0,0.0,0.0,0.0,0.0,0.0,0.0,0.0,0.0,0.04,0.18,0.68,1.49,2.48,3.23,3.53,3.65,3.49,3.25,2.8,2.1,1.37,0.6,0.12,0.0,0.0,0.0,0.0,0.0,0.0,0.0,0.0,0.0,0.01,0.06,0.11,0.39,1.1,2.36,2.48,3.48,3.33,3.09,2.78,2.02,1.25,0.52,0.13,0.0,0.0,0.0,0.0,0.0,0.0,0.0,0.0,0.0,0.04,0.35,0.73,0.94,1.07,1.6,3.04,3.27,3.16,3.02,2.59,1.85,1.18,0.52,0.1,0.0,0.0,0.0,0.0,0.0,0.0,0.0,0.0,0.0,0.06,0.3,0.4,0.53,0.43,0.6,0.49,0.38,0.33,0.78,0.79,0.93,0.67,0.28,0.05,0.0,0.0,0.0,0.0,0.0,0.0,0.0,0.0,0.0,0.05,0.41,0.56,1.72,2.19,2.9,2.84,2.57,2.89,2.17,1.75,0.71,0.26,0.2,0.03,0.0,0.0,0.0,0.0,0.0,0.0,0.0,0.0,0.0,0.05,0.27,0.98,1.46,2.16,2.36,3.22,3.35,3.24,2.52,2.17,1.53,0.99,0.43,0.05,0.0,0.0,0.0
154,0.0,0.0,0.0,0.0,0.0,0.0,0.04,0.18,0.68,1.49,2.48,3.23,3.53,3.65,3.49,3.25,2.8,2.1,1.37,0.6,0.12,0.0,0.0,0.0,0.0,0.0,0.0,0.0,0.0,0.0,0.01,0.06,0.11,0.39,1.1,2.36,2.48,3.48,3.33,3.09,2.78,2.02,1.25,0.52,0.13,0.0,0.0,0.0,0.0,0.0,0.0,0.0,0.0,0.0,0.04,0.35,0.73,0.94,1.07,1.6,3.04,3.27,3.16,3.02,2.59,1.85,1.18,0.52,0.1,0.0,0.0,0.0,0.0,0.0,0.0,0.0,0.0,0.0,0.06,0.3,0.4,0.53,0.43,0.6,0.49,0.38,0.33,0.78,0.79,0.93,0.67,0.28,0.05,0.0,0.0,0.0,0.0,0.0,0.0,0.0,0.0,0.0,0.05,0.41,0.56,1.72,2.19,2.9,2.84,2.57,2.89,2.17,1.75,0.71,0.26,0.2,0.03,0.0,0.0,0.0,0.0,0.0,0.0,0.0,0.0,0.0,0.05,0.27,0.98,1.46,2.16,2.36,3.22,3.35,3.24,2.52,2.17,1.53,0.99,0.43,0.05,0.0,0.0,0.0,0.0,0.0,0.0,0.0,0.0,0.0,0.05,0.23,0.5,0.68,1.23,2.3,1.98,1.95,1.7,1.84,0.86,0.5,0.23,0.07,0.01,0.0,0.0,0.0
155,0.0,0.0,0.0,0.0,0.0,0.0,0.01,0.06,0.11,0.39,1.1,2.36,2.48,3.48,3.33,3.09,2.78,2.02,1.25,0.52,0.13,0.0,0.0,0.0,0.0,0.0,0.0,0.0,0.0,0.0,0.04,0.35,0.73,0.94,1.07,1.6,3.04,3.27,3.16,3.02,2.59,1.85,1.18,0.52,0.1,0.0,0.0,0.0,0.0,0.0,0.0,0.0,0.0,0.0,0.06,0.3,0.4,0.53,0.43,0.6,0.49,0.38,0.33,0.78,0.79,0.93,0.67,0.28,0.05,0.0,0.0,0.0,0.0,0.0,0.0,0.0,0.0,0.0,0.05,0.41,0.56,1.72,2.19,2.9,2.84,2.57,2.89,2.17,1.75,0.71,0.26,0.2,0.03,0.0,0.0,0.0,0.0,0.0,0.0,0.0,0.0,0.0,0.05,0.27,0.98,1.46,2.16,2.36,3.22,3.35,3.24,2.52,2.17,1.53,0.99,0.43,0.05,0.0,0.0,0.0,0.0,0.0,0.0,0.0,0.0,0.0,0.05,0.23,0.5,0.68,1.23,2.3,1.98,1.95,1.7,1.84,0.86,0.5,0.23,0.07,0.01,0.0,0.0,0.0,0.0,0.0,0.0,0.0,0.0,0.0,0.02,0.21,0.28,0.3,0.85,1.44,0.86,0.44,0.67,1.21,1.18,1.19,0.88,0.45,0.1,0.0,0.0,0.0
156,0.0,0.0,0.0,0.0,0.0,0.0,0.04,0.35,0.73,0.94,1.07,1.6,3.04,3.27,3.16,3.02,2.59,1.85,1.18,0.52,0.1,0.0,0.0,0.0,0.0,0.0,0.0,0.0,0.0,0.0,0.06,0.3,0.4,0.53,0.43,0.6,0.49,0.38,0.33,0.78,0.79,0.93,0.67,0.28,0.05,0.0,0.0,0.0,0.0,0.0,0.0,0.0,0.0,0.0,0.05,0.41,0.56,1.72,2.19,2.9,2.84,2.57,2.89,2.17,1.75,0.71,0.26,0.2,0.03,0.0,0.0,0.0,0.0,0.0,0.0,0.0,0.0,0.0,0.05,0.27,0.98,1.46,2.16,2.36,3.22,3.35,3.24,2.52,2.17,1.53,0.99,0.43,0.05,0.0,0.0,0.0,0.0,0.0,0.0,0.0,0.0,0.0,0.05,0.23,0.5,0.68,1.23,2.3,1.98,1.95,1.7,1.84,0.86,0.5,0.23,0.07,0.01,0.0,0.0,0.0,0.0,0.0,0.0,0.0,0.0,0.0,0.02,0.21,0.28,0.3,0.85,1.44,0.86,0.44,0.67,1.21,1.18,1.19,0.88,0.45,0.1,0.0,0.0,0.0,0.0,0.0,0.0,0.0,0.0,0.0,0.05,0.22,0.51,1.75,2.67,3.04,3.41,3.42,2.93,3.33,2.62,1.63,0.73,0.48,0.13,0.0,0.0,0.0
157,0.0,0.0,0.0,0.0,0.0,0.0,0.06,0.3,0.4,0.53,0.43,0.6,0.49,0.38,0.33,0.78,0.79,0.93,0.67,0.28,0.05,0.0,0.0,0.0,0.0,0.0,0.0,0.0,0.0,0.0,0.05,0.41,0.56,1.72,2.19,2.9,2.84,2.57,2.89,2.17,1.75,0.71,0.26,0.2,0.03,0.0,0.0,0.0,0.0,0.0,0.0,0.0,0.0,0.0,0.05,0.27,0.98,1.46,2.16,2.36,3.22,3.35,3.24,2.52,2.17,1.53,0.99,0.43,0.05,0.0,0.0,0.0,0.0,0.0,0.0,0.0,0.0,0.0,0.05,0.23,0.5,0.68,1.23,2.3,1.98,1.95,1.7,1.84,0.86,0.5,0.23,0.07,0.01,0.0,0.0,0.0,0.0,0.0,0.0,0.0,0.0,0.0,0.02,0.21,0.28,0.3,0.85,1.44,0.86,0.44,0.67,1.21,1.18,1.19,0.88,0.45,0.1,0.0,0.0,0.0,0.0,0.0,0.0,0.0,0.0,0.0,0.05,0.22,0.51,1.75,2.67,3.04,3.41,3.42,2.93,3.33,2.62,1.63,0.73,0.48,0.13,0.0,0.0,0.0,0.0,0.0,0.0,0.0,0.0,0.0,0.07,0.34,0.89,1.85,2.49,3.06,3.35,3.39,2.6,1.91,2.59,2.03,1.31,0.43,0.17,0.0,0.0,0.0
158,0.0,0.0,0.0,0.0,0.0,0.0,0.05,0.41,0.56,1.72,2.19,2.9,2.84,2.57,2.89,2.17,1.75,0.71,0.26,0.2,0.03,0.0,0.0,0.0,0.0,0.0,0.0,0.0,0.0,0.0,0.05,0.27,0.98,1.46,2.16,2.36,3.22,3.35,3.24,2.52,2.17,1.53,0.99,0.43,0.05,0.0,0.0,0.0,0.0,0.0,0.0,0.0,0.0,0.0,0.05,0.23,0.5,0.68,1.23,2.3,1.98,1.95,1.7,1.84,0.86,0.5,0.23,0.07,0.01,0.0,0.0,0.0,0.0,0.0,0.0,0.0,0.0,0.0,0.02,0.21,0.28,0.3,0.85,1.44,0.86,0.44,0.67,1.21,1.18,1.19,0.88,0.45,0.1,0.0,0.0,0.0,0.0,0.0,0.0,0.0,0.0,0.0,0.05,0.22,0.51,1.75,2.67,3.04,3.41,3.42,2.93,3.33,2.62,1.63,0.73,0.48,0.13,0.0,0.0,0.0,0.0,0.0,0.0,0.0,0.0,0.0,0.07,0.34,0.89,1.85,2.49,3.06,3.35,3.39,2.6,1.91,2.59,2.03,1.31,0.43,0.17,0.0,0.0,0.0,0.0,0.0,0.0,0.0,0.0,0.0,0.06,0.49,1.23,1.71,2.0,2.86,2.74,2.62,1.88,2.06,1.69,1.65,0.86,0.38,0.06,0.0,0.0,0.0
159,0.0,0.0,0.0,0.0,0.0,0.0,0.05,0.27,0.98,1.46,2.16,2.36,3.22,3.35,3.24,2.52,2.17,1.53,0.99,0.43,0.05,0.0,0.0,0.0,0.0,0.0,0.0,0.0,0.0,0.0,0.05,0.23,0.5,0.68,1.23,2.3,1.98,1.95,1.7,1.84,0.86,0.5,0.23,0.07,0.01,0.0,0.0,0.0,0.0,0.0,0.0,0.0,0.0,0.0,0.02,0.21,0.28,0.3,0.85,1.44,0.86,0.44,0.67,1.21,1.18,1.19,0.88,0.45,0.1,0.0,0.0,0.0,0.0,0.0,0.0,0.0,0.0,0.0,0.05,0.22,0.51,1.75,2.67,3.04,3.41,3.42,2.93,3.33,2.62,1.63,0.73,0.48,0.13,0.0,0.0,0.0,0.0,0.0,0.0,0.0,0.0,0.0,0.07,0.34,0.89,1.85,2.49,3.06,3.35,3.39,2.6,1.91,2.59,2.03,1.31,0.43,0.17,0.0,0.0,0.0,0.0,0.0,0.0,0.0,0.0,0.0,0.06,0.49,1.23,1.71,2.0,2.86,2.74,2.62,1.88,2.06,1.69,1.65,0.86,0.38,0.06,0.0,0.0,0.0,0.0,0.0,0.0,0.0,0.0,0.0,0.01,0.03,0.12,0.29,0.19,0.44,0.49,0.66,0.59,0.58,0.94,1.24,1.37,0.54,0.12,0.0,0.0,0.0
160,0.0,0.0,0.0,0.0,0.0,0.0,0.05,0.23,0.5,0.68,1.23,2.3,1.98,1.95,1.7,1.84,0.86,0.5,0.23,0.07,0.01,0.0,0.0,0.0,0.0,0.0,0.0,0.0,0.0,0.0,0.02,0.21,0.28,0.3,0.85,1.44,0.86,0.44,0.67,1.21,1.18,1.19,0.88,0.45,0.1,0.0,0.0,0.0,0.0,0.0,0.0,0.0,0.0,0.0,0.05,0.22,0.51,1.75,2.67,3.04,3.41,3.42,2.93,3.33,2.62,1.63,0.73,0.48,0.13,0.0,0.0,0.0,0.0,0.0,0.0,0.0,0.0,0.0,0.07,0.34,0.89,1.85,2.49,3.06,3.35,3.39,2.6,1.91,2.59,2.03,1.31,0.43,0.17,0.0,0.0,0.0,0.0,0.0,0.0,0.0,0.0,0.0,0.06,0.49,1.23,1.71,2.0,2.86,2.74,2.62,1.88,2.06,1.69,1.65,0.86,0.38,0.06,0.0,0.0,0.0,0.0,0.0,0.0,0.0,0.0,0.0,0.01,0.03,0.12,0.29,0.19,0.44,0.49,0.66,0.59,0.58,0.94,1.24,1.37,0.54,0.12,0.0,0.0,0.0,0.0,0.0,0.0,0.0,0.0,0.0,0.05,0.59,1.34,2.09,2.73,2.84,2.6,3.23,2.44,2.61,2.36,2.13,1.46,0.73,0.1,0.0,0.0,0.0
161,0.0,0.0,0.0,0.0,0.0,0.0,0.02,0.21,0.28,0.3,0.85,1.44,0.86,0.44,0.67,1.21,1.18,1.19,0.88,0.45,0.1,0.0,0.0,0.0,0.0,0.0,0.0,0.0,0.0,0.0,0.05,0.22,0.51,1.75,2.67,3.04,3.41,3.42,2.93,3.33,2.62,1.63,0.73,0.48,0.13,0.0,0.0,0.0,0.0,0.0,0.0,0.0,0.0,0.0,0.07,0.34,0.89,1.85,2.49,3.06,3.35,3.39,2.6,1.91,2.59,2.03,1.31,0.43,0.17,0.0,0.0,0.0,0.0,0.0,0.0,0.0,0.0,0.0,0.06,0.49,1.23,1.71,2.0,2.86,2.74,2.62,1.88,2.06,1.69,1.65,0.86,0.38,0.06,0.0,0.0,0.0,0.0,0.0,0.0,0.0,0.0,0.0,0.01,0.03,0.12,0.29,0.19,0.44,0.49,0.66,0.59,0.58,0.94,1.24,1.37,0.54,0.12,0.0,0.0,0.0,0.0,0.0,0.0,0.0,0.0,0.0,0.05,0.59,1.34,2.09,2.73,2.84,2.6,3.23,2.44,2.61,2.36,2.13,1.46,0.73,0.1,0.0,0.0,0.0,0.0,0.0,0.0,0.0,0.0,0.0,0.04,0.22,0.49,0.54,0.66,1.15,1.81,2.01,0.69,0.77,0.47,0.42,0.19,0.11,0.02,0.0,0.0,0.0
162,0.0,0.0,0.0,0.0,0.0,0.0,0.05,0.22,0.51,1.75,2.67,3.04,3.41,3.42,2.93,3.33,2.62,1.63,0.73,0.48,0.13,0.0,0.0,0.0,0.0,0.0,0.0,0.0,0.0,0.0,0.07,0.34,0.89,1.85,2.49,3.06,3.35,3.39,2.6,1.91,2.59,2.03,1.31,0.43,0.17,0.0,0.0,0.0,0.0,0.0,0.0,0.0,0.0,0.0,0.06,0.49,1.23,1.71,2.0,2.86,2.74,2.62,1.88,2.06,1.69,1.65,0.86,0.38,0.06,0.0,0.0,0.0,0.0,0.0,0.0,0.0,0.0,0.0,0.01,0.03,0.12,0.29,0.19,0.44,0.49,0.66,0.59,0.58,0.94,1.24,1.37,0.54,0.12,0.0,0.0,0.0,0.0,0.0,0.0,0.0,0.0,0.0,0.05,0.59,1.34,2.09,2.73,2.84,2.6,3.23,2.44,2.61,2.36,2.13,1.46,0.73,0.1,0.0,0.0,0.0,0.0,0.0,0.0,0.0,0.0,0.0,0.04,0.22,0.49,0.54,0.66,1.15,1.81,2.01,0.69,0.77,0.47,0.42,0.19,0.11,0.02,0.0,0.0,0.0,0.0,0.0,0.0,0.0,0.0,0.0,0.01,0.05,0.16,0.17,0.28,0.33,0.4,0.41,0.42,0.51,0.36,0.69,0.44,0.24,0.03,0.0,0.0,0.0
163,0.0,0.0,0.0,0.0,0.0,0.0,0.07,0.34,0.89,1.85,2.49,3.06,3.35,3.39,2.6,1.91,2.59,2.03,1.31,0.43,0.17,0.0,0.0,0.0,0.0,0.0,0.0,0.0,0.0,0.0,0.06,0.49,1.23,1.71,2.0,2.86,2.74,2.62,1.88,2.06,1.69,1.65,0.86,0.38,0.06,0.0,0.0,0.0,0.0,0.0,0.0,0.0,0.0,0.0,0.01,0.03,0.12,0.29,0.19,0.44,0.49,0.66,0.59,0.58,0.94,1.24,1.37,0.54,0.12,0.0,0.0,0.0,0.0,0.0,0.0,0.0,0.0,0.0,0.05,0.59,1.34,2.09,2.73,2.84,2.6,3.23,2.44,2.61,2.36,2.13,1.46,0.73,0.1,0.0,0.0,0.0,0.0,0.0,0.0,0.0,0.0,0.0,0.04,0.22,0.49,0.54,0.66,1.15,1.81,2.01,0.69,0.77,0.47,0.42,0.19,0.11,0.02,0.0,0.0,0.0,0.0,0.0,0.0,0.0,0.0,0.0,0.01,0.05,0.16,0.17,0.28,0.33,0.4,0.41,0.42,0.51,0.36,0.69,0.44,0.24,0.03,0.0,0.0,0.0,0.0,0.0,0.0,0.0,0.0,0.0,0.07,0.26,0.79,0.84,2.18,3.1,3.38,2.87,3.49,3.01,2.59,2.03,1.12,0.61,0.13,0.0,0.0,0.0
164,0.0,0.0,0.0,0.0,0.0,0.0,0.06,0.49,1.23,1.71,2.0,2.86,2.74,2.62,1.88,2.06,1.69,1.65,0.86,0.38,0.06,0.0,0.0,0.0,0.0,0.0,0.0,0.0,0.0,0.0,0.01,0.03,0.12,0.29,0.19,0.44,0.49,0.66,0.59,0.58,0.94,1.24,1.37,0.54,0.12,0.0,0.0,0.0,0.0,0.0,0.0,0.0,0.0,0.0,0.05,0.59,1.34,2.09,2.73,2.84,2.6,3.23,2.44,2.61,2.36,2.13,1.46,0.73,0.1,0.0,0.0,0.0,0.0,0.0,0.0,0.0,0.0,0.0,0.04,0.22,0.49,0.54,0.66,1.15,1.81,2.01,0.69,0.77,0.47,0.42,0.19,0.11,0.02,0.0,0.0,0.0,0.0,0.0,0.0,0.0,0.0,0.0,0.01,0.05,0.16,0.17,0.28,0.33,0.4,0.41,0.42,0.51,0.36,0.69,0.44,0.24,0.03,0.0,0.0,0.0,0.0,0.0,0.0,0.0,0.0,0.0,0.07,0.26,0.79,0.84,2.18,3.1,3.38,2.87,3.49,3.01,2.59,2.03,1.12,0.61,0.13,0.0,0.0,0.0,0.0,0.0,0.0,0.0,0.0,0.0,0.06,0.42,1.15,1.83,2.46,3.02,3.04,3.06,2.54,2.77,2.46,1.8,0.87,0.33,0.06,0.0,0.0,0.0
165,0.0,0.0,0.0,0.0,0.0,0.0,0.01,0.03,0.12,0.29,0.19,0.44,0.49,0.66,0.59,0.58,0.94,1.24,1.37,0.54,0.12,0.0,0.0,0.0,0.0,0.0,0.0,0.0,0.0,0.0,0.05,0.59,1.34,2.09,2.73,2.84,2.6,3.23,2.44,2.61,2.36,2.13,1.46,0.73,0.1,0.0,0.0,0.0,0.0,0.0,0.0,0.0,0.0,0.0,0.04,0.22,0.49,0.54,0.66,1.15,1.81,2.01,0.69,0.77,0.47,0.42,0.19,0.11,0.02,0.0,0.0,0.0,0.0,0.0,0.0,0.0,0.0,0.0,0.01,0.05,0.16,0.17,0.28,0.33,0.4,0.41,0.42,0.51,0.36,0.69,0.44,0.24,0.03,0.0,0.0,0.0,0.0,0.0,0.0,0.0,0.0,0.0,0.07,0.26,0.79,0.84,2.18,3.1,3.38,2.87,3.49,3.01,2.59,2.03,1.12,0.61,0.13,0.0,0.0,0.0,0.0,0.0,0.0,0.0,0.0,0.0,0.06,0.42,1.15,1.83,2.46,3.02,3.04,3.06,2.54,2.77,2.46,1.8,0.87,0.33,0.06,0.0,0.0,0.0,0.0,0.0,0.0,0.0,0.0,0.0,0.07,0.46,0.93,1.63,2.35,3.15,3.45,2.71,2.35,2.77,1.71,2.01,1.37,0.62,0.14,0.0,0.0,0.0
166,0.0,0.0,0.0,0.0,0.0,0.0,0.05,0.59,1.34,2.09,2.73,2.84,2.6,3.23,2.44,2.61,2.36,2.13,1.46,0.73,0.1,0.0,0.0,0.0,0.0,0.0,0.0,0.0,0.0,0.0,0.04,0.22,0.49,0.54,0.66,1.15,1.81,2.01,0.69,0.77,0.47,0.42,0.19,0.11,0.02,0.0,0.0,0.0,0.0,0.0,0.0,0.0,0.0,0.0,0.01,0.05,0.16,0.17,0.28,0.33,0.4,0.41,0.42,0.51,0.36,0.69,0.44,0.24,0.03,0.0,0.0,0.0,0.0,0.0,0.0,0.0,0.0,0.0,0.07,0.26,0.79,0.84,2.18,3.1,3.38,2.87,3.49,3.01,2.59,2.03,1.12,0.61,0.13,0.0,0.0,0.0,0.0,0.0,0.0,0.0,0.0,0.0,0.06,0.42,1.15,1.83,2.46,3.02,3.04,3.06,2.54,2.77,2.46,1.8,0.87,0.33,0.06,0.0,0.0,0.0,0.0,0.0,0.0,0.0,0.0,0.0,0.07,0.46,0.93,1.63,2.35,3.15,3.45,2.71,2.35,2.77,1.71,2.01,1.37,0.62,0.14,0.0,0.0,0.0,0.0,0.0,0.0,0.0,0.0,0.0,0.08,0.53,1.21,1.55,1.35,2.11,2.74,2.87,2.47,0.66,2.41,1.28,0.82,0.13,0.02,0.0,0.0,0.0
167,0.0,0.0,0.0,0.0,0.0,0.0,0.04,0.22,0.49,0.54,0.66,1.15,1.81,2.01,0.69,0.77,0.47,0.42,0.19,0.11,0.02,0.0,0.0,0.0,0.0,0.0,0.0,0.0,0.0,0.0,0.01,0.05,0.16,0.17,0.28,0.33,0.4,0.41,0.42,0.51,0.36,0.69,0.44,0.24,0.03,0.0,0.0,0.0,0.0,0.0,0.0,0.0,0.0,0.0,0.07,0.26,0.79,0.84,2.18,3.1,3.38,2.87,3.49,3.01,2.59,2.03,1.12,0.61,0.13,0.0,0.0,0.0,0.0,0.0,0.0,0.0,0.0,0.0,0.06,0.42,1.15,1.83,2.46,3.02,3.04,3.06,2.54,2.77,2.46,1.8,0.87,0.33,0.06,0.0,0.0,0.0,0.0,0.0,0.0,0.0,0.0,0.0,0.07,0.46,0.93,1.63,2.35,3.15,3.45,2.71,2.35,2.77,1.71,2.01,1.37,0.62,0.14,0.0,0.0,0.0,0.0,0.0,0.0,0.0,0.0,0.0,0.08,0.53,1.21,1.55,1.35,2.11,2.74,2.87,2.47,0.66,2.41,1.28,0.82,0.13,0.02,0.0,0.0,0.0,0.0,0.0,0.0,0.0,0.0,0.0,0.05,0.44,0.77,1.58,2.37,2.57,2.43,2.69,1.85,1.75,0.69,0.52,1.11,0.54,0.13,0.0,0.0,0.0
168,0.0,0.0,0.0,0.0,0.0,0.0,0.01,0.05,0.16,0.17,0.28,0.33,0.4,0.41,0.42,0.51,0.36,0.69,0.44,0.24,0.03,0.0,0.0,0.0,0.0,0.0,0.0,0.0,0.0,0.0,0.07,0.26,0.79,0.84,2.18,3.1,3.38,2.87,3.49,3.01,2.59,2.03,1.12,0.61,0.13,0.0,0.0,0.0,0.0,0.0,0.0,0.0,0.0,0.0,0.06,0.42,1.15,1.83,2.46,3.02,3.04,3.06,2.54,2.77,2.46,1.8,0.87,0.33,0.06,0.0,0.0,0.0,0.0,0.0,0.0,0.0,0.0,0.0,0.07,0.46,0.93,1.63,2.35,3.15,3.45,2.71,2.35,2.77,1.71,2.01,1.37,0.62,0.14,0.0,0.0,0.0,0.0,0.0,0.0,0.0,0.0,0.0,0.08,0.53,1.21,1.55,1.35,2.11,2.74,2.87,2.47,0.66,2.41,1.28,0.82,0.13,0.02,0.0,0.0,0.0,0.0,0.0,0.0,0.0,0.0,0.0,0.05,0.44,0.77,1.58,2.37,2.57,2.43,2.69,1.85,1.75,0.69,0.52,1.11,0.54,0.13,0.0,0.0,0.0,0.0,0.0,0.0,0.0,0.0,0.0,0.06,0.47,1.07,1.79,1.59,2.1,2.03,1.28,1.42,1.89,1.96,0.91,0.56,0.51,0.16,0.0,0.0,0.0
169,0.0,0.0,0.0,0.0,0.0,0.0,0.07,0.26,0.79,0.84,2.18,3.1,3.38,2.87,3.49,3.01,2.59,2.03,1.12,0.61,0.13,0.0,0.0,0.0,0.0,0.0,0.0,0.0,0.0,0.0,0.06,0.42,1.15,1.83,2.46,3.02,3.04,3.06,2.54,2.77,2.46,1.8,0.87,0.33,0.06,0.0,0.0,0.0,0.0,0.0,0.0,0.0,0.0,0.0,0.07,0.46,0.93,1.63,2.35,3.15,3.45,2.71,2.35,2.77,1.71,2.01,1.37,0.62,0.14,0.0,0.0,0.0,0.0,0.0,0.0,0.0,0.0,0.0,0.08,0.53,1.21,1.55,1.35,2.11,2.74,2.87,2.47,0.66,2.41,1.28,0.82,0.13,0.02,0.0,0.0,0.0,0.0,0.0,0.0,0.0,0.0,0.0,0.05,0.44,0.77,1.58,2.37,2.57,2.43,2.69,1.85,1.75,0.69,0.52,1.11,0.54,0.13,0.0,0.0,0.0,0.0,0.0,0.0,0.0,0.0,0.0,0.06,0.47,1.07,1.79,1.59,2.1,2.03,1.28,1.42,1.89,1.96,0.91,0.56,0.51,0.16,0.0,0.0,0.0,0.0,0.0,0.0,0.0,0.0,0.0,0.05,0.45,1.0,1.64,2.32,2.7,2.16,2.33,3.29,3.03,2.19,1.99,1.1,0.4,0.09,0.0,0.0,0.0
170,0.0,0.0,0.0,0.0,0.0,0.0,0.06,0.42,1.15,1.83,2.46,3.02,3.04,3.06,2.54,2.77,2.46,1.8,0.87,0.33,0.06,0.0,0.0,0.0,0.0,0.0,0.0,0.0,0.0,0.0,0.07,0.46,0.93,1.63,2.35,3.15,3.45,2.71,2.35,2.77,1.71,2.01,1.37,0.62,0.14,0.0,0.0,0.0,0.0,0.0,0.0,0.0,0.0,0.0,0.08,0.53,1.21,1.55,1.35,2.11,2.74,2.87,2.47,0.66,2.41,1.28,0.82,0.13,0.02,0.0,0.0,0.0,0.0,0.0,0.0,0.0,0.0,0.0,0.05,0.44,0.77,1.58,2.37,2.57,2.43,2.69,1.85,1.75,0.69,0.52,1.11,0.54,0.13,0.0,0.0,0.0,0.0,0.0,0.0,0.0,0.0,0.0,0.06,0.47,1.07,1.79,1.59,2.1,2.03,1.28,1.42,1.89,1.96,0.91,0.56,0.51,0.16,0.0,0.0,0.0,0.0,0.0,0.0,0.0,0.0,0.0,0.05,0.45,1.0,1.64,2.32,2.7,2.16,2.33,3.29,3.03,2.19,1.99,1.1,0.4,0.09,0.0,0.0,0.0,0.0,0.0,0.0,0.0,0.0,0.0,0.0,0.08,0.26,0.61,0.67,1.04,0.88,1.47,1.81,2.27,2.29,1.16,1.21,0.43,0.06,0.0,0.0,0.0
171,0.0,0.0,0.0,0.0,0.0,0.0,0.07,0.46,0.93,1.63,2.35,3.15,3.45,2.71,2.35,2.77,1.71,2.01,1.37,0.62,0.14,0.0,0.0,0.0,0.0,0.0,0.0,0.0,0.0,0.0,0.08,0.53,1.21,1.55,1.35,2.11,2.74,2.87,2.47,0.66,2.41,1.28,0.82,0.13,0.02,0.0,0.0,0.0,0.0,0.0,0.0,0.0,0.0,0.0,0.05,0.44,0.77,1.58,2.37,2.57,2.43,2.69,1.85,1.75,0.69,0.52,1.11,0.54,0.13,0.0,0.0,0.0,0.0,0.0,0.0,0.0,0.0,0.0,0.06,0.47,1.07,1.79,1.59,2.1,2.03,1.28,1.42,1.89,1.96,0.91,0.56,0.51,0.16,0.0,0.0,0.0,0.0,0.0,0.0,0.0,0.0,0.0,0.05,0.45,1.0,1.64,2.32,2.7,2.16,2.33,3.29,3.03,2.19,1.99,1.1,0.4,0.09,0.0,0.0,0.0,0.0,0.0,0.0,0.0,0.0,0.0,0.0,0.08,0.26,0.61,0.67,1.04,0.88,1.47,1.81,2.27,2.29,1.16,1.21,0.43,0.06,0.0,0.0,0.0,0.0,0.0,0.0,0.0,0.0,0.0,0.06,0.51,0.81,1.91,2.5,2.16,2.07,2.52,1.85,3.12,2.19,2.13,0.52,0.11,0.02,0.0,0.0,0.0
172,0.0,0.0,0.0,0.0,0.0,0.0,0.08,0.53,1.21,1.55,1.35,2.11,2.74,2.87,2.47,0.66,2.41,1.28,0.82,0.13,0.02,0.0,0.0,0.0,0.0,0.0,0.0,0.0,0.0,0.0,0.05,0.44,0.77,1.58,2.37,2.57,2.43,2.69,1.85,1.75,0.69,0.52,1.11,0.54,0.13,0.0,0.0,0.0,0.0,0.0,0.0,0.0,0.0,0.0,0.06,0.47,1.07,1.79,1.59,2.1,2.03,1.28,1.42,1.89,1.96,0.91,0.56,0.51,0.16,0.0,0.0,0.0,0.0,0.0,0.0,0.0,0.0,0.0,0.05,0.45,1.0,1.64,2.32,2.7,2.16,2.33,3.29,3.03,2.19,1.99,1.1,0.4,0.09,0.0,0.0,0.0,0.0,0.0,0.0,0.0,0.0,0.0,0.0,0.08,0.26,0.61,0.67,1.04,0.88,1.47,1.81,2.27,2.29,1.16,1.21,0.43,0.06,0.0,0.0,0.0,0.0,0.0,0.0,0.0,0.0,0.0,0.06,0.51,0.81,1.91,2.5,2.16,2.07,2.52,1.85,3.12,2.19,2.13,0.52,0.11,0.02,0.0,0.0,0.0,0.0,0.0,0.0,0.0,0.0,0.0,0.02,0.09,0.24,0.44,0.93,0.99,1.66,3.07,2.32,2.52,0.37,0.34,0.21,0.25,0.07,0.0,0.0,0.0
173,0.0,0.0,0.0,0.0,0.0,0.0,0.05,0.44,0.77,1.58,2.37,2.57,2.43,2.69,1.85,1.75,0.69,0.52,1.11,0.54,0.13,0.0,0.0,0.0,0.0,0.0,0.0,0.0,0.0,0.0,0.06,0.47,1.07,1.79,1.59,2.1,2.03,1.28,1.42,1.89,1.96,0.91,0.56,0.51,0.16,0.0,0.0,0.0,0.0,0.0,0.0,0.0,0.0,0.0,0.05,0.45,1.0,1.64,2.32,2.7,2.16,2.33,3.29,3.03,2.19,1.99,1.1,0.4,0.09,0.0,0.0,0.0,0.0,0.0,0.0,0.0,0.0,0.0,0.0,0.08,0.26,0.61,0.67,1.04,0.88,1.47,1.81,2.27,2.29,1.16,1.21,0.43,0.06,0.0,0.0,0.0,0.0,0.0,0.0,0.0,0.0,0.0,0.06,0.51,0.81,1.91,2.5,2.16,2.07,2.52,1.85,3.12,2.19,2.13,0.52,0.11,0.02,0.0,0.0,0.0,0.0,0.0,0.0,0.0,0.0,0.0,0.02,0.09,0.24,0.44,0.93,0.99,1.66,3.07,2.32,2.52,0.37,0.34,0.21,0.25,0.07,0.0,0.0,0.0,0.0,0.0,0.0,0.0,0.0,0.0,0.04,0.35,0.95,1.59,1.36,0.87,1.47,1.24,0.86,2.15,1.86,0.28,0.57,0.42,0.09,0.0,0.0,0.0
174,0.0,0.0,0.0,0.0,0.0,0.0,0.06,0.47,1.07,1.79,1.59,2.1,2.03,1.28,1.42,1.89,1.96,0.91,0.56,0.51,0.16,0.0,0.0,0.0,0.0,0.0,0.0,0.0,0.0,0.0,0.05,0.45,1.0,1.64,2.32,2.7,2.16,2.33,3.29,3.03,2.19,1.99,1.1,0.4,0.09,0.0,0.0,0.0,0.0,0.0,0.0,0.0,0.0,0.0,0.0,0.08,0.26,0.61,0.67,1.04,0.88,1.47,1.81,2.27,2.29,1.16,1.21,0.43,0.06,0.0,0.0,0.0,0.0,0.0,0.0,0.0,0.0,0.0,0.06,0.51,0.81,1.91,2.5,2.16,2.07,2.52,1.85,3.12,2.19,2.13,0.52,0.11,0.02,0.0,0.0,0.0,0.0,0.0,0.0,0.0,0.0,0.0,0.02,0.09,0.24,0.44,0.93,0.99,1.66,3.07,2.32,2.52,0.37,0.34,0.21,0.25,0.07,0.0,0.0,0.0,0.0,0.0,0.0,0.0,0.0,0.0,0.04,0.35,0.95,1.59,1.36,0.87,1.47,1.24,0.86,2.15,1.86,0.28,0.57,0.42,0.09,0.0,0.0,0.0,0.0,0.0,0.0,0.0,0.0,0.0,0.02,0.26,0.41,0.6,0.99,1.43,1.02,0.37,2.43,2.56,2.73,1.92,1.02,0.37,0.09,0.0,0.0,0.0
175,0.0,0.0,0.0,0.0,0.0,0.0,0.05,0.45,1.0,1.64,2.32,2.7,2.16,2.33,3.29,3.03,2.19,1.99,1.1,0.4,0.09,0.0,0.0,0.0,0.0,0.0,0.0,0.0,0.0,0.0,0.0,0.08,0.26,0.61,0.67,1.04,0.88,1.47,1.81,2.27,2.29,1.16,1.21,0.43,0.06,0.0,0.0,0.0,0.0,0.0,0.0,0.0,0.0,0.0,0.06,0.51,0.81,1.91,2.5,2.16,2.07,2.52,1.85,3.12,2.19,2.13,0.52,0.11,0.02,0.0,0.0,0.0,0.0,0.0,0.0,0.0,0.0,0.0,0.02,0.09,0.24,0.44,0.93,0.99,1.66,3.07,2.32,2.52,0.37,0.34,0.21,0.25,0.07,0.0,0.0,0.0,0.0,0.0,0.0,0.0,0.0,0.0,0.04,0.35,0.95,1.59,1.36,0.87,1.47,1.24,0.86,2.15,1.86,0.28,0.57,0.42,0.09,0.0,0.0,0.0,0.0,0.0,0.0,0.0,0.0,0.0,0.02,0.26,0.41,0.6,0.99,1.43,1.02,0.37,2.43,2.56,2.73,1.92,1.02,0.37,0.09,0.0,0.0,0.0,0.0,0.0,0.0,0.0,0.0,0.0,0.05,0.41,0.92,1.69,2.32,1.7,1.92,2.84,2.79,1.41,1.59,1.15,1.18,0.51,0.11,0.0,0.0,0.0
176,0.0,0.0,0.0,0.0,0.0,0.0,0.0,0.08,0.26,0.61,0.67,1.04,0.88,1.47,1.81,2.27,2.29,1.16,1.21,0.43,0.06,0.0,0.0,0.0,0.0,0.0,0.0,0.0,0.0,0.0,0.06,0.51,0.81,1.91,2.5,2.16,2.07,2.52,1.85,3.12,2.19,2.13,0.52,0.11,0.02,0.0,0.0,0.0,0.0,0.0,0.0,0.0,0.0,0.0,0.02,0.09,0.24,0.44,0.93,0.99,1.66,3.07,2.32,2.52,0.37,0.34,0.21,0.25,0.07,0.0,0.0,0.0,0.0,0.0,0.0,0.0,0.0,0.0,0.04,0.35,0.95,1.59,1.36,0.87,1.47,1.24,0.86,2.15,1.86,0.28,0.57,0.42,0.09,0.0,0.0,0.0,0.0,0.0,0.0,0.0,0.0,0.0,0.02,0.26,0.41,0.6,0.99,1.43,1.02,0.37,2.43,2.56,2.73,1.92,1.02,0.37,0.09,0.0,0.0,0.0,0.0,0.0,0.0,0.0,0.0,0.0,0.05,0.41,0.92,1.69,2.32,1.7,1.92,2.84,2.79,1.41,1.59,1.15,1.18,0.51,0.11,0.0,0.0,0.0,0.0,0.0,0.0,0.0,0.0,0.0,0.03,0.27,0.39,0.41,0.93,1.58,2.94,3.21,3.4,2.97,2.64,1.68,1.04,0.59,0.11,0.0,0.0,0.0
177,0.0,0.0,0.0,0.0,0.0,0.0,0.06,0.51,0.81,1.91,2.5,2.16,2.07,2.52,1.85,3.12,2.19,2.13,0.52,0.11,0.02,0.0,0.0,0.0,0.0,0.0,0.0,0.0,0.0,0.0,0.02,0.09,0.24,0.44,0.93,0.99,1.66,3.07,2.32,2.52,0.37,0.34,0.21,0.25,0.07,0.0,0.0,0.0,0.0,0.0,0.0,0.0,0.0,0.0,0.04,0.35,0.95,1.59,1.36,0.87,1.47,1.24,0.86,2.15,1.86,0.28,0.57,0.42,0.09,0.0,0.0,0.0,0.0,0.0,0.0,0.0,0.0,0.0,0.02,0.26,0.41,0.6,0.99,1.43,1.02,0.37,2.43,2.56,2.73,1.92,1.02,0.37,0.09,0.0,0.0,0.0,0.0,0.0,0.0,0.0,0.0,0.0,0.05,0.41,0.92,1.69,2.32,1.7,1.92,2.84,2.79,1.41,1.59,1.15,1.18,0.51,0.11,0.0,0.0,0.0,0.0,0.0,0.0,0.0,0.0,0.0,0.03,0.27,0.39,0.41,0.93,1.58,2.94,3.21,3.4,2.97,2.64,1.68,1.04,0.59,0.11,0.0,0.0,0.0,0.0,0.0,0.0,0.0,0.0,0.0,0.02,0.17,0.34,1.15,1.87,0.92,0.78,0.59,0.68,0.49,0.27,0.12,0.08,0.02,0.01,0.0,0.0,0.0
178,0.0,0.0,0.0,0.0,0.0,0.0,0.02,0.09,0.24,0.44,0.93,0.99,1.66,3.07,2.32,2.52,0.37,0.34,0.21,0.25,0.07,0.0,0.0,0.0,0.0,0.0,0.0,0.0,0.0,0.0,0.04,0.35,0.95,1.59,1.36,0.87,1.47,1.24,0.86,2.15,1.86,0.28,0.57,0.42,0.09,0.0,0.0,0.0,0.0,0.0,0.0,0.0,0.0,0.0,0.02,0.26,0.41,0.6,0.99,1.43,1.02,0.37,2.43,2.56,2.73,1.92,1.02,0.37,0.09,0.0,0.0,0.0,0.0,0.0,0.0,0.0,0.0,0.0,0.05,0.41,0.92,1.69,2.32,1.7,1.92,2.84,2.79,1.41,1.59,1.15,1.18,0.51,0.11,0.0,0.0,0.0,0.0,0.0,0.0,0.0,0.0,0.0,0.03,0.27,0.39,0.41,0.93,1.58,2.94,3.21,3.4,2.97,2.64,1.68,1.04,0.59,0.11,0.0,0.0,0.0,0.0,0.0,0.0,0.0,0.0,0.0,0.02,0.17,0.34,1.15,1.87,0.92,0.78,0.59,0.68,0.49,0.27,0.12,0.08,0.02,0.01,0.0,0.0,0.0,0.0,0.0,0.0,0.0,0.0,0.0,0.0,0.04,0.1,0.15,0.27,0.31,0.28,0.36,0.3,0.26,0.18,0.17,0.19,0.06,0.02,0.0,0.0,0.0
179,0.0,0.0,0.0,0.0,0.0,0.0,0.04,0.35,0.95,1.59,1.36,0.87,1.47,1.24,0.86,2.15,1.86,0.28,0.57,0.42,0.09,0.0,0.0,0.0,0.0,0.0,0.0,0.0,0.0,0.0,0.02,0.26,0.41,0.6,0.99,1.43,1.02,0.37,2.43,2.56,2.73,1.92,1.02,0.37,0.09,0.0,0.0,0.0,0.0,0.0,0.0,0.0,0.0,0.0,0.05,0.41,0.92,1.69,2.32,1.7,1.92,2.84,2.79,1.41,1.59,1.15,1.18,0.51,0.11,0.0,0.0,0.0,0.0,0.0,0.0,0.0,0.0,0.0,0.03,0.27,0.39,0.41,0.93,1.58,2.94,3.21,3.4,2.97,2.64,1.68,1.04,0.59,0.11,0.0,0.0,0.0,0.0,0.0,0.0,0.0,0.0,0.0,0.02,0.17,0.34,1.15,1.87,0.92,0.78,0.59,0.68,0.49,0.27,0.12,0.08,0.02,0.01,0.0,0.0,0.0,0.0,0.0,0.0,0.0,0.0,0.0,0.0,0.04,0.1,0.15,0.27,0.31,0.28,0.36,0.3,0.26,0.18,0.17,0.19,0.06,0.02,0.0,0.0,0.0,0.0,0.0,0.0,0.0,0.0,0.0,0.03,0.13,0.48,0.55,0.54,0.97,1.85,2.05,1.87,2.05,1.2,0.49,0.23,0.11,0.04,0.0,0.0,0.0
180,0.0,0.0,0.0,0.0,0.0,0.0,0.02,0.26,0.41,0.6,0.99,1.43,1.02,0.37,2.43,2.56,2.73,1.92,1.02,0.37,0.09,0.0,0.0,0.0,0.0,0.0,0.0,0.0,0.0,0.0,0.05,0.41,0.92,1.69,2.32,1.7,1.92,2.84,2.79,1.41,1.59,1.15,1.18,0.51,0.11,0.0,0.0,0.0,0.0,0.0,0.0,0.0,0.0,0.0,0.03,0.27,0.39,0.41,0.93,1.58,2.94,3.21,3.4,2.97,2.64,1.68,1.04,0.59,0.11,0.0,0.0,0.0,0.0,0.0,0.0,0.0,0.0,0.0,0.02,0.17,0.34,1.15,1.87,0.92,0.78,0.59,0.68,0.49,0.27,0.12,0.08,0.02,0.01,0.0,0.0,0.0,0.0,0.0,0.0,0.0,0.0,0.0,0.0,0.04,0.1,0.15,0.27,0.31,0.28,0.36,0.3,0.26,0.18,0.17,0.19,0.06,0.02,0.0,0.0,0.0,0.0,0.0,0.0,0.0,0.0,0.0,0.03,0.13,0.48,0.55,0.54,0.97,1.85,2.05,1.87,2.05,1.2,0.49,0.23,0.11,0.04,0.0,0.0,0.0,0.0,0.0,0.0,0.0,0.0,0.0,0.06,0.37,0.66,1.1,2.16,1.63,2.15,2.97,2.85,2.31,1.12,0.56,0.6,0.47,0.14,0.0,0.0,0.0
181,0.0,0.0,0.0,0.0,0.0,0.0,0.05,0.41,0.92,1.69,2.32,1.7,1.92,2.84,2.79,1.41,1.59,1.15,1.18,0.51,0.11,0.0,0.0,0.0,0.0,0.0,0.0,0.0,0.0,0.0,0.03,0.27,0.39,0.41,0.93,1.58,2.94,3.21,3.4,2.97,2.64,1.68,1.04,0.59,0.11,0.0,0.0,0.0,0.0,0.0,0.0,0.0,0.0,0.0,0.02,0.17,0.34,1.15,1.87,0.92,0.78,0.59,0.68,0.49,0.27,0.12,0.08,0.02,0.01,0.0,0.0,0.0,0.0,0.0,0.0,0.0,0.0,0.0,0.0,0.04,0.1,0.15,0.27,0.31,0.28,0.36,0.3,0.26,0.18,0.17,0.19,0.06,0.02,0.0,0.0,0.0,0.0,0.0,0.0,0.0,0.0,0.0,0.03,0.13,0.48,0.55,0.54,0.97,1.85,2.05,1.87,2.05,1.2,0.49,0.23,0.11,0.04,0.0,0.0,0.0,0.0,0.0,0.0,0.0,0.0,0.0,0.06,0.37,0.66,1.1,2.16,1.63,2.15,2.97,2.85,2.31,1.12,0.56,0.6,0.47,0.14,0.0,0.0,0.0,0.0,0.0,0.0,0.0,0.0,0.0,0.03,0.22,0.55,0.96,1.44,2.11,1.33,1.1,1.08,0.98,0.87,0.54,0.38,0.16,0.06,0.0,0.0,0.0
182,0.0,0.0,0.0,0.0,0.0,0.0,0.03,0.27,0.39,0.41,0.93,1.58,2.94,3.21,3.4,2.97,2.64,1.68,1.04,0.59,0.11,0.0,0.0,0.0,0.0,0.0,0.0,0.0,0.0,0.0,0.02,0.17,0.34,1.15,1.87,0.92,0.78,0.59,0.68,0.49,0.27,0.12,0.08,0.02,0.01,0.0,0.0,0.0,0.0,0.0,0.0,0.0,0.0,0.0,0.0,0.04,0.1,0.15,0.27,0.31,0.28,0.36,0.3,0.26,0.18,0.17,0.19,0.06,0.02,0.0,0.0,0.0,0.0,0.0,0.0,0.0,0.0,0.0,0.03,0.13,0.48,0.55,0.54,0.97,1.85,2.05,1.87,2.05,1.2,0.49,0.23,0.11,0.04,0.0,0.0,0.0,0.0,0.0,0.0,0.0,0.0,0.0,0.06,0.37,0.66,1.1,2.16,1.63,2.15,2.97,2.85,2.31,1.12,0.56,0.6,0.47,0.14,0.0,0.0,0.0,0.0,0.0,0.0,0.0,0.0,0.0,0.03,0.22,0.55,0.96,1.44,2.11,1.33,1.1,1.08,0.98,0.87,0.54,0.38,0.16,0.06,0.0,0.0,0.0,0.0,0.0,0.0,0.0,0.0,0.0,0.02,0.12,0.27,0.52,0.91,2.72,2.46,1.79,1.23,1.38,0.86,0.67,0.83,0.24,0.08,0.0,0.0,0.0
183,0.0,0.0,0.0,0.0,0.0,0.0,0.02,0.17,0.34,1.15,1.87,0.92,0.78,0.59,0.68,0.49,0.27,0.12,0.08,0.02,0.01,0.0,0.0,0.0,0.0,0.0,0.0,0.0,0.0,0.0,0.0,0.04,0.1,0.15,0.27,0.31,0.28,0.36,0.3,0.26,0.18,0.17,0.19,0.06,0.02,0.0,0.0,0.0,0.0,0.0,0.0,0.0,0.0,0.0,0.03,0.13,0.48,0.55,0.54,0.97,1.85,2.05,1.87,2.05,1.2,0.49,0.23,0.11,0.04,0.0,0.0,0.0,0.0,0.0,0.0,0.0,0.0,0.0,0.06,0.37,0.66,1.1,2.16,1.63,2.15,2.97,2.85,2.31,1.12,0.56,0.6,0.47,0.14,0.0,0.0,0.0,0.0,0.0,0.0,0.0,0.0,0.0,0.03,0.22,0.55,0.96,1.44,2.11,1.33,1.1,1.08,0.98,0.87,0.54,0.38,0.16,0.06,0.0,0.0,0.0,0.0,0.0,0.0,0.0,0.0,0.0,0.02,0.12,0.27,0.52,0.91,2.72,2.46,1.79,1.23,1.38,0.86,0.67,0.83,0.24,0.08,0.0,0.0,0.0,0.0,0.0,0.0,0.0,0.0,0.0,0.01,0.11,0.53,0.52,0.41,0.44,0.82,1.96,2.1,2.36,2.04,1.4,1.21,0.46,0.12,0.0,0.0,0.0
184,0.0,0.0,0.0,0.0,0.0,0.0,0.0,0.04,0.1,0.15,0.27,0.31,0.28,0.36,0.3,0.26,0.18,0.17,0.19,0.06,0.02,0.0,0.0,0.0,0.0,0.0,0.0,0.0,0.0,0.0,0.03,0.13,0.48,0.55,0.54,0.97,1.85,2.05,1.87,2.05,1.2,0.49,0.23,0.11,0.04,0.0,0.0,0.0,0.0,0.0,0.0,0.0,0.0,0.0,0.06,0.37,0.66,1.1,2.16,1.63,2.15,2.97,2.85,2.31,1.12,0.56,0.6,0.47,0.14,0.0,0.0,0.0,0.0,0.0,0.0,0.0,0.0,0.0,0.03,0.22,0.55,0.96,1.44,2.11,1.33,1.1,1.08,0.98,0.87,0.54,0.38,0.16,0.06,0.0,0.0,0.0,0.0,0.0,0.0,0.0,0.0,0.0,0.02,0.12,0.27,0.52,0.91,2.72,2.46,1.79,1.23,1.38,0.86,0.67,0.83,0.24,0.08,0.0,0.0,0.0,0.0,0.0,0.0,0.0,0.0,0.0,0.01,0.11,0.53,0.52,0.41,0.44,0.82,1.96,2.1,2.36,2.04,1.4,1.21,0.46,0.12,0.0,0.0,0.0,0.0,0.0,0.0,0.0,0.0,0.0,0.02,0.08,0.31,0.37,0.72,1.46,2.7,2.81,2.24,2.02,1.71,1.81,0.71,0.38,0.06,0.0,0.0,0.0
185,0.0,0.0,0.0,0.0,0.0,0.0,0.03,0.13,0.48,0.55,0.54,0.97,1.85,2.05,1.87,2.05,1.2,0.49,0.23,0.11,0.04,0.0,0.0,0.0,0.0,0.0,0.0,0.0,0.0,0.0,0.06,0.37,0.66,1.1,2.16,1.63,2.15,2.97,2.85,2.31,1.12,0.56,0.6,0.47,0.14,0.0,0.0,0.0,0.0,0.0,0.0,0.0,0.0,0.0,0.03,0.22,0.55,0.96,1.44,2.11,1.33,1.1,1.08,0.98,0.87,0.54,0.38,0.16,0.06,0.0,0.0,0.0,0.0,0.0,0.0,0.0,0.0,0.0,0.02,0.12,0.27,0.52,0.91,2.72,2.46,1.79,1.23,1.38,0.86,0.67,0.83,0.24,0.08,0.0,0.0,0.0,0.0,0.0,0.0,0.0,0.0,0.0,0.01,0.11,0.53,0.52,0.41,0.44,0.82,1.96,2.1,2.36,2.04,1.4,1.21,0.46,0.12,0.0,0.0,0.0,0.0,0.0,0.0,0.0,0.0,0.0,0.02,0.08,0.31,0.37,0.72,1.46,2.7,2.81,2.24,2.02,1.71,1.81,0.71,0.38,0.06,0.0,0.0,0.0,0.0,0.0,0.0,0.0,0.0,0.0,0.0,0.03,0.3,0.24,0.29,0.31,0.85,1.14,1.2,0.7,1.08,0.73,0.43,0.17,0.06,0.0,0.0,0.0
186,0.0,0.0,0.0,0.0,0.0,0.0,0.06,0.37,0.66,1.1,2.16,1.63,2.15,2.97,2.85,2.31,1.12,0.56,0.6,0.47,0.14,0.0,0.0,0.0,0.0,0.0,0.0,0.0,0.0,0.0,0.03,0.22,0.55,0.96,1.44,2.11,1.33,1.1,1.08,0.98,0.87,0.54,0.38,0.16,0.06,0.0,0.0,0.0,0.0,0.0,0.0,0.0,0.0,0.0,0.02,0.12,0.27,0.52,0.91,2.72,2.46,1.79,1.23,1.38,0.86,0.67,0.83,0.24,0.08,0.0,0.0,0.0,0.0,0.0,0.0,0.0,0.0,0.0,0.01,0.11,0.53,0.52,0.41,0.44,0.82,1.96,2.1,2.36,2.04,1.4,1.21,0.46,0.12,0.0,0.0,0.0,0.0,0.0,0.0,0.0,0.0,0.0,0.02,0.08,0.31,0.37,0.72,1.46,2.7,2.81,2.24,2.02,1.71,1.81,0.71,0.38,0.06,0.0,0.0,0.0,0.0,0.0,0.0,0.0,0.0,0.0,0.0,0.03,0.3,0.24,0.29,0.31,0.85,1.14,1.2,0.7,1.08,0.73,0.43,0.17,0.06,0.0,0.0,0.0,0.0,0.0,0.0,0.0,0.0,0.0,0.04,0.28,0.87,0.85,0.83,1.9,1.95,3.06,3.32,2.21,1.5,1.27,0.57,0.35,0.1,0.0,0.0,0.0
187,0.0,0.0,0.0,0.0,0.0,0.0,0.03,0.22,0.55,0.96,1.44,2.11,1.33,1.1,1.08,0.98,0.87,0.54,0.38,0.16,0.06,0.0,0.0,0.0,0.0,0.0,0.0,0.0,0.0,0.0,0.02,0.12,0.27,0.52,0.91,2.72,2.46,1.79,1.23,1.38,0.86,0.67,0.83,0.24,0.08,0.0,0.0,0.0,0.0,0.0,0.0,0.0,0.0,0.0,0.01,0.11,0.53,0.52,0.41,0.44,0.82,1.96,2.1,2.36,2.04,1.4,1.21,0.46,0.12,0.0,0.0,0.0,0.0,0.0,0.0,0.0,0.0,0.0,0.02,0.08,0.31,0.37,0.72,1.46,2.7,2.81,2.24,2.02,1.71,1.81,0.71,0.38,0.06,0.0,0.0,0.0,0.0,0.0,0.0,0.0,0.0,0.0,0.0,0.03,0.3,0.24,0.29,0.31,0.85,1.14,1.2,0.7,1.08,0.73,0.43,0.17,0.06,0.0,0.0,0.0,0.0,0.0,0.0,0.0,0.0,0.0,0.04,0.28,0.87,0.85,0.83,1.9,1.95,3.06,3.32,2.21,1.5,1.27,0.57,0.35,0.1,0.0,0.0,0.0,0.0,0.0,0.0,0.0,0.0,0.0,0.04,0.37,0.55,0.91,1.05,1.37,1.71,0.87,0.78,1.4,0.72,0.75,0.68,0.3,0.09,0.0,0.0,0.0
188,0.0,0.0,0.0,0.0,0.0,0.0,0.02,0.12,0.27,0.52,0.91,2.72,2.46,1.79,1.23,1.38,0.86,0.67,0.83,0.24,0.08,0.0,0.0,0.0,0.0,0.0,0.0,0.0,0.0,0.0,0.01,0.11,0.53,0.52,0.41,0.44,0.82,1.96,2.1,2.36,2.04,1.4,1.21,0.46,0.12,0.0,0.0,0.0,0.0,0.0,0.0,0.0,0.0,0.0,0.02,0.08,0.31,0.37,0.72,1.46,2.7,2.81,2.24,2.02,1.71,1.81,0.71,0.38,0.06,0.0,0.0,0.0,0.0,0.0,0.0,0.0,0.0,0.0,0.0,0.03,0.3,0.24,0.29,0.31,0.85,1.14,1.2,0.7,1.08,0.73,0.43,0.17,0.06,0.0,0.0,0.0,0.0,0.0,0.0,0.0,0.0,0.0,0.04,0.28,0.87,0.85,0.83,1.9,1.95,3.06,3.32,2.21,1.5,1.27,0.57,0.35,0.1,0.0,0.0,0.0,0.0,0.0,0.0,0.0,0.0,0.0,0.04,0.37,0.55,0.91,1.05,1.37,1.71,0.87,0.78,1.4,0.72,0.75,0.68,0.3,0.09,0.0,0.0,0.0,0.0,0.0,0.0,0.0,0.0,0.0,0.08,0.62,1.14,1.45,1.98,2.28,1.65,3.28,2.65,2.46,1.62,1.43,1.3,0.47,0.07,0.0,0.0,0.0
189,0.0,0.0,0.0,0.0,0.0,0.0,0.01,0.11,0.53,0.52,0.41,0.44,0.82,1.96,2.1,2.36,2.04,1.4,1.21,0.46,0.12,0.0,0.0,0.0,0.0,0.0,0.0,0.0,0.0,0.0,0.02,0.08,0.31,0.37,0.72,1.46,2.7,2.81,2.24,2.02,1.71,1.81,0.71,0.38,0.06,0.0,0.0,0.0,0.0,0.0,0.0,0.0,0.0,0.0,0.0,0.03,0.3,0.24,0.29,0.31,0.85,1.14,1.2,0.7,1.08,0.73,0.43,0.17,0.06,0.0,0.0,0.0,0.0,0.0,0.0,0.0,0.0,0.0,0.04,0.28,0.87,0.85,0.83,1.9,1.95,3.06,3.32,2.21,1.5,1.27,0.57,0.35,0.1,0.0,0.0,0.0,0.0,0.0,0.0,0.0,0.0,0.0,0.04,0.37,0.55,0.91,1.05,1.37,1.71,0.87,0.78,1.4,0.72,0.75,0.68,0.3,0.09,0.0,0.0,0.0,0.0,0.0,0.0,0.0,0.0,0.0,0.08,0.62,1.14,1.45,1.98,2.28,1.65,3.28,2.65,2.46,1.62,1.43,1.3,0.47,0.07,0.0,0.0,0.0,0.0,0.0,0.0,0.0,0.0,0.0,0.03,0.43,1.16,1.87,1.65,2.57,2.26,2.93,2.82,2.58,2.08,1.77,0.4,0.17,0.05,0.0,0.0,0.0
190,0.0,0.0,0.0,0.0,0.0,0.0,0.02,0.08,0.31,0.37,0.72,1.46,2.7,2.81,2.24,2.02,1.71,1.81,0.71,0.38,0.06,0.0,0.0,0.0,0.0,0.0,0.0,0.0,0.0,0.0,0.0,0.03,0.3,0.24,0.29,0.31,0.85,1.14,1.2,0.7,1.08,0.73,0.43,0.17,0.06,0.0,0.0,0.0,0.0,0.0,0.0,0.0,0.0,0.0,0.04,0.28,0.87,0.85,0.83,1.9,1.95,3.06,3.32,2.21,1.5,1.27,0.57,0.35,0.1,0.0,0.0,0.0,0.0,0.0,0.0,0.0,0.0,0.0,0.04,0.37,0.55,0.91,1.05,1.37,1.71,0.87,0.78,1.4,0.72,0.75,0.68,0.3,0.09,0.0,0.0,0.0,0.0,0.0,0.0,0.0,0.0,0.0,0.08,0.62,1.14,1.45,1.98,2.28,1.65,3.28,2.65,2.46,1.62,1.43,1.3,0.47,0.07,0.0,0.0,0.0,0.0,0.0,0.0,0.0,0.0,0.0,0.03,0.43,1.16,1.87,1.65,2.57,2.26,2.93,2.82,2.58,2.08,1.77,0.4,0.17,0.05,0.0,0.0,0.0,0.0,0.0,0.0,0.0,0.0,0.0,0.02,0.33,1.04,1.81,2.42,2.98,3.36,3.3,2.89,2.74,2.8,1.53,0.97,0.56,0.01,0.0,0.0,0.0
191,0.0,0.0,0.0,0.0,0.0,0.0,0.0,0.03,0.3,0.24,0.29,0.31,0.85,1.14,1.2,0.7,1.08,0.73,0.43,0.17,0.06,0.0,0.0,0.0,0.0,0.0,0.0,0.0,0.0,0.0,0.04,0.28,0.87,0.85,0.83,1.9,1.95,3.06,3.32,2.21,1.5,1.27,0.57,0.35,0.1,0.0,0.0,0.0,0.0,0.0,0.0,0.0,0.0,0.0,0.04,0.37,0.55,0.91,1.05,1.37,1.71,0.87,0.78,1.4,0.72,0.75,0.68,0.3,0.09,0.0,0.0,0.0,0.0,0.0,0.0,0.0,0.0,0.0,0.08,0.62,1.14,1.45,1.98,2.28,1.65,3.28,2.65,2.46,1.62,1.43,1.3,0.47,0.07,0.0,0.0,0.0,0.0,0.0,0.0,0.0,0.0,0.0,0.03,0.43,1.16,1.87,1.65,2.57,2.26,2.93,2.82,2.58,2.08,1.77,0.4,0.17,0.05,0.0,0.0,0.0,0.0,0.0,0.0,0.0,0.0,0.0,0.02,0.33,1.04,1.81,2.42,2.98,3.36,3.3,2.89,2.74,2.8,1.53,0.97,0.56,0.01,0.0,0.0,0.0,0.0,0.0,0.0,0.0,0.0,0.0,0.04,0.45,1.12,1.81,2.43,2.38,2.69,2.39,3.19,2.04,1.85,0.52,1.14,0.45,0.08,0.0,0.0,0.0
192,0.0,0.0,0.0,0.0,0.0,0.0,0.04,0.28,0.87,0.85,0.83,1.9,1.95,3.06,3.32,2.21,1.5,1.27,0.57,0.35,0.1,0.0,0.0,0.0,0.0,0.0,0.0,0.0,0.0,0.0,0.04,0.37,0.55,0.91,1.05,1.37,1.71,0.87,0.78,1.4,0.72,0.75,0.68,0.3,0.09,0.0,0.0,0.0,0.0,0.0,0.0,0.0,0.0,0.0,0.08,0.62,1.14,1.45,1.98,2.28,1.65,3.28,2.65,2.46,1.62,1.43,1.3,0.47,0.07,0.0,0.0,0.0,0.0,0.0,0.0,0.0,0.0,0.0,0.03,0.43,1.16,1.87,1.65,2.57,2.26,2.93,2.82,2.58,2.08,1.77,0.4,0.17,0.05,0.0,0.0,0.0,0.0,0.0,0.0,0.0,0.0,0.0,0.02,0.33,1.04,1.81,2.42,2.98,3.36,3.3,2.89,2.74,2.8,1.53,0.97,0.56,0.01,0.0,0.0,0.0,0.0,0.0,0.0,0.0,0.0,0.0,0.04,0.45,1.12,1.81,2.43,2.38,2.69,2.39,3.19,2.04,1.85,0.52,1.14,0.45,0.08,0.0,0.0,0.0,0.0,0.0,0.0,0.0,0.0,0.0,0.03,0.46,1.05,1.75,2.46,2.12,2.73,1.85,2.3,2.94,2.74,1.86,0.8,0.22,0.06,0.0,0.0,0.0
193,0.0,0.0,0.0,0.0,0.0,0.0,0.04,0.37,0.55,0.91,1.05,1.37,1.71,0.87,0.78,1.4,0.72,0.75,0.68,0.3,0.09,0.0,0.0,0.0,0.0,0.0,0.0,0.0,0.0,0.0,0.08,0.62,1.14,1.45,1.98,2.28,1.65,3.28,2.65,2.46,1.62,1.43,1.3,0.47,0.07,0.0,0.0,0.0,0.0,0.0,0.0,0.0,0.0,0.0,0.03,0.43,1.16,1.87,1.65,2.57,2.26,2.93,2.82,2.58,2.08,1.77,0.4,0.17,0.05,0.0,0.0,0.0,0.0,0.0,0.0,0.0,0.0,0.0,0.02,0.33,1.04,1.81,2.42,2.98,3.36,3.3,2.89,2.74,2.8,1.53,0.97,0.56,0.01,0.0,0.0,0.0,0.0,0.0,0.0,0.0,0.0,0.0,0.04,0.45,1.12,1.81,2.43,2.38,2.69,2.39,3.19,2.04,1.85,0.52,1.14,0.45,0.08,0.0,0.0,0.0,0.0,0.0,0.0,0.0,0.0,0.0,0.03,0.46,1.05,1.75,2.46,2.12,2.73,1.85,2.3,2.94,2.74,1.86,0.8,0.22,0.06,0.0,0.0,0.0,0.0,0.0,0.0,0.0,0.0,0.0,0.02,0.29,0.74,1.55,1.89,1.72,1.09,0.57,0.42,0.11,0.34,0.28,0.31,0.56,0.18,0.0,0.0,0.0
194,0.0,0.0,0.0,0.0,0.0,0.0,0.08,0.62,1.14,1.45,1.98,2.28,1.65,3.28,2.65,2.46,1.62,1.43,1.3,0.47,0.07,0.0,0.0,0.0,0.0,0.0,0.0,0.0,0.0,0.0,0.03,0.43,1.16,1.87,1.65,2.57,2.26,2.93,2.82,2.58,2.08,1.77,0.4,0.17,0.05,0.0,0.0,0.0,0.0,0.0,0.0,0.0,0.0,0.0,0.02,0.33,1.04,1.81,2.42,2.98,3.36,3.3,2.89,2.74,2.8,1.53,0.97,0.56,0.01,0.0,0.0,0.0,0.0,0.0,0.0,0.0,0.0,0.0,0.04,0.45,1.12,1.81,2.43,2.38,2.69,2.39,3.19,2.04,1.85,0.52,1.14,0.45,0.08,0.0,0.0,0.0,0.0,0.0,0.0,0.0,0.0,0.0,0.03,0.46,1.05,1.75,2.46,2.12,2.73,1.85,2.3,2.94,2.74,1.86,0.8,0.22,0.06,0.0,0.0,0.0,0.0,0.0,0.0,0.0,0.0,0.0,0.02,0.29,0.74,1.55,1.89,1.72,1.09,0.57,0.42,0.11,0.34,0.28,0.31,0.56,0.18,0.0,0.0,0.0,0.0,0.0,0.0,0.0,0.0,0.0,0.02,0.26,0.65,1.65,2.28,2.07,2.77,1.18,0.7,1.17,0.62,0.36,0.45,0.33,0.11,0.0,0.0,0.0
195,0.0,0.0,0.0,0.0,0.0,0.0,0.03,0.43,1.16,1.87,1.65,2.57,2.26,2.93,2.82,2.58,2.08,1.77,0.4,0.17,0.05,0.0,0.0,0.0,0.0,0.0,0.0,0.0,0.0,0.0,0.02,0.33,1.04,1.81,2.42,2.98,3.36,3.3,2.89,2.74,2.8,1.53,0.97,0.56,0.01,0.0,0.0,0.0,0.0,0.0,0.0,0.0,0.0,0.0,0.04,0.45,1.12,1.81,2.43,2.38,2.69,2.39,3.19,2.04,1.85,0.52,1.14,0.45,0.08,0.0,0.0,0.0,0.0,0.0,0.0,0.0,0.0,0.0,0.03,0.46,1.05,1.75,2.46,2.12,2.73,1.85,2.3,2.94,2.74,1.86,0.8,0.22,0.06,0.0,0.0,0.0,0.0,0.0,0.0,0.0,0.0,0.0,0.02,0.29,0.74,1.55,1.89,1.72,1.09,0.57,0.42,0.11,0.34,0.28,0.31,0.56,0.18,0.0,0.0,0.0,0.0,0.0,0.0,0.0,0.0,0.0,0.02,0.26,0.65,1.65,2.28,2.07,2.77,1.18,0.7,1.17,0.62,0.36,0.45,0.33,0.11,0.0,0.0,0.0,0.0,0.0,0.0,0.0,0.0,0.0,0.02,0.41,1.01,1.79,2.44,2.67,1.95,2.76,2.23,2.54,2.31,2.04,1.21,0.62,0.1,0.0,0.0,0.0
196,0.0,0.0,0.0,0.0,0.0,0.0,0.02,0.33,1.04,1.81,2.42,2.98,3.36,3.3,2.89,2.74,2.8,1.53,0.97,0.56,0.01,0.0,0.0,0.0,0.0,0.0,0.0,0.0,0.0,0.0,0.04,0.45,1.12,1.81,2.43,2.38,2.69,2.39,3.19,2.04,1.85,0.52,1.14,0.45,0.08,0.0,0.0,0.0,0.0,0.0,0.0,0.0,0.0,0.0,0.03,0.46,1.05,1.75,2.46,2.12,2.73,1.85,2.3,2.94,2.74,1.86,0.8,0.22,0.06,0.0,0.0,0.0,0.0,0.0,0.0,0.0,0.0,0.0,0.02,0.29,0.74,1.55,1.89,1.72,1.09,0.57,0.42,0.11,0.34,0.28,0.31,0.56,0.18,0.0,0.0,0.0,0.0,0.0,0.0,0.0,0.0,0.0,0.02,0.26,0.65,1.65,2.28,2.07,2.77,1.18,0.7,1.17,0.62,0.36,0.45,0.33,0.11,0.0,0.0,0.0,0.0,0.0,0.0,0.0,0.0,0.0,0.02,0.41,1.01,1.79,2.44,2.67,1.95,2.76,2.23,2.54,2.31,2.04,1.21,0.62,0.1,0.0,0.0,0.0,0.0,0.0,0.0,0.0,0.0,0.0,0.02,0.16,0.77,1.64,2.49,2.94,3.31,3.59,3.38,3.03,2.65,1.98,1.26,0.39,0.08,0.0,0.0,0.0
197,0.0,0.0,0.0,0.0,0.0,0.0,0.04,0.45,1.12,1.81,2.43,2.38,2.69,2.39,3.19,2.04,1.85,0.52,1.14,0.45,0.08,0.0,0.0,0.0,0.0,0.0,0.0,0.0,0.0,0.0,0.03,0.46,1.05,1.75,2.46,2.12,2.73,1.85,2.3,2.94,2.74,1.86,0.8,0.22,0.06,0.0,0.0,0.0,0.0,0.0,0.0,0.0,0.0,0.0,0.02,0.29,0.74,1.55,1.89,1.72,1.09,0.57,0.42,0.11,0.34,0.28,0.31,0.56,0.18,0.0,0.0,0.0,0.0,0.0,0.0,0.0,0.0,0.0,0.02,0.26,0.65,1.65,2.28,2.07,2.77,1.18,0.7,1.17,0.62,0.36,0.45,0.33,0.11,0.0,0.0,0.0,0.0,0.0,0.0,0.0,0.0,0.0,0.02,0.41,1.01,1.79,2.44,2.67,1.95,2.76,2.23,2.54,2.31,2.04,1.21,0.62,0.1,0.0,0.0,0.0,0.0,0.0,0.0,0.0,0.0,0.0,0.02,0.16,0.77,1.64,2.49,2.94,3.31,3.59,3.38,3.03,2.65,1.98,1.26,0.39,0.08,0.0,0.0,0.0,0.0,0.0,0.0,0.0,0.0,0.0,0.02,0.4,0.99,1.71,2.31,2.95,3.19,2.78,3.43,3.23,2.55,1.76,1.04,0.48,0.07,0.0,0.0,0.0
198,0.0,0.0,0.0,0.0,0.0,0.0,0.03,0.46,1.05,1.75,2.46,2.12,2.73,1.85,2.3,2.94,2.74,1.86,0.8,0.22,0.06,0.0,0.0,0.0,0.0,0.0,0.0,0.0,0.0,0.0,0.02,0.29,0.74,1.55,1.89,1.72,1.09,0.57,0.42,0.11,0.34,0.28,0.31,0.56,0.18,0.0,0.0,0.0,0.0,0.0,0.0,0.0,0.0,0.0,0.02,0.26,0.65,1.65,2.28,2.07,2.77,1.18,0.7,1.17,0.62,0.36,0.45,0.33,0.11,0.0,0.0,0.0,0.0,0.0,0.0,0.0,0.0,0.0,0.02,0.41,1.01,1.79,2.44,2.67,1.95,2.76,2.23,2.54,2.31,2.04,1.21,0.62,0.1,0.0,0.0,0.0,0.0,0.0,0.0,0.0,0.0,0.0,0.02,0.16,0.77,1.64,2.49,2.94,3.31,3.59,3.38,3.03,2.65,1.98,1.26,0.39,0.08,0.0,0.0,0.0,0.0,0.0,0.0,0.0,0.0,0.0,0.02,0.4,0.99,1.71,2.31,2.95,3.19,2.78,3.43,3.23,2.55,1.76,1.04,0.48,0.07,0.0,0.0,0.0,0.0,0.0,0.0,0.0,0.0,0.0,0.01,0.33,1.02,1.59,2.43,2.54,3.41,3.38,3.46,3.23,2.43,2.1,1.31,0.47,0.07,0.0,0.0,0.0
199,0.0,0.0,0.0,0.0,0.0,0.0,0.02,0.29,0.74,1.55,1.89,1.72,1.09,0.57,0.42,0.11,0.34,0.28,0.31,0.56,0.18,0.0,0.0,0.0,0.0,0.0,0.0,0.0,0.0,0.0,0.02,0.26,0.65,1.65,2.28,2.07,2.77,1.18,0.7,1.17,0.62,0.36,0.45,0.33,0.11,0.0,0.0,0.0,0.0,0.0,0.0,0.0,0.0,0.0,0.02,0.41,1.01,1.79,2.44,2.67,1.95,2.76,2.23,2.54,2.31,2.04,1.21,0.62,0.1,0.0,0.0,0.0,0.0,0.0,0.0,0.0,0.0,0.0,0.02,0.16,0.77,1.64,2.49,2.94,3.31,3.59,3.38,3.03,2.65,1.98,1.26,0.39,0.08,0.0,0.0,0.0,0.0,0.0,0.0,0.0,0.0,0.0,0.02,0.4,0.99,1.71,2.31,2.95,3.19,2.78,3.43,3.23,2.55,1.76,1.04,0.48,0.07,0.0,0.0,0.0,0.0,0.0,0.0,0.0,0.0,0.0,0.01,0.33,1.02,1.59,2.43,2.54,3.41,3.38,3.46,3.23,2.43,2.1,1.31,0.47,0.07,0.0,0.0,0.0,0.0,0.0,0.0,0.0,0.0,0.0,0.03,0.37,1.06,1.8,2.39,2.97,3.35,3.48,3.2,2.89,2.31,1.78,1.39,0.5,0.11,0.0,0.0,0.0
200,0.0,0.0,0.0,0.0,0.0,0.0,0.02,0.26,0.65,1.65,2.28,2.07,2.77,1.18,0.7,1.17,0.62,0.36,0.45,0.33,0.11,0.0,0.0,0.0,0.0,0.0,0.0,0.0,0.0,0.0,0.02,0.41,1.01,1.79,2.44,2.67,1.95,2.76,2.23,2.54,2.31,2.04,1.21,0.62,0.1,0.0,0.0,0.0,0.0,0.0,0.0,0.0,0.0,0.0,0.02,0.16,0.77,1.64,2.49,2.94,3.31,3.59,3.38,3.03,2.65,1.98,1.26,0.39,0.08,0.0,0.0,0.0,0.0,0.0,0.0,0.0,0.0,0.0,0.02,0.4,0.99,1.71,2.31,2.95,3.19,2.78,3.43,3.23,2.55,1.76,1.04,0.48,0.07,0.0,0.0,0.0,0.0,0.0,0.0,0.0,0.0,0.0,0.01,0.33,1.02,1.59,2.43,2.54,3.41,3.38,3.46,3.23,2.43,2.1,1.31,0.47,0.07,0.0,0.0,0.0,0.0,0.0,0.0,0.0,0.0,0.0,0.03,0.37,1.06,1.8,2.39,2.97,3.35,3.48,3.2,2.89,2.31,1.78,1.39,0.5,0.11,0.0,0.0,0.0,0.0,0.0,0.0,0.0,0.0,0.0,0.02,0.39,1.08,1.8,2.43,2.97,3.4,3.58,3.51,3.14,2.75,2.01,1.45,0.67,0.1,0.0,0.0,0.0
201,0.0,0.0,0.0,0.0,0.0,0.0,0.02,0.41,1.01,1.79,2.44,2.67,1.95,2.76,2.23,2.54,2.31,2.04,1.21,0.62,0.1,0.0,0.0,0.0,0.0,0.0,0.0,0.0,0.0,0.0,0.02,0.16,0.77,1.64,2.49,2.94,3.31,3.59,3.38,3.03,2.65,1.98,1.26,0.39,0.08,0.0,0.0,0.0,0.0,0.0,0.0,0.0,0.0,0.0,0.02,0.4,0.99,1.71,2.31,2.95,3.19,2.78,3.43,3.23,2.55,1.76,1.04,0.48,0.07,0.0,0.0,0.0,0.0,0.0,0.0,0.0,0.0,0.0,0.01,0.33,1.02,1.59,2.43,2.54,3.41,3.38,3.46,3.23,2.43,2.1,1.31,0.47,0.07,0.0,0.0,0.0,0.0,0.0,0.0,0.0,0.0,0.0,0.03,0.37,1.06,1.8,2.39,2.97,3.35,3.48,3.2,2.89,2.31,1.78,1.39,0.5,0.11,0.0,0.0,0.0,0.0,0.0,0.0,0.0,0.0,0.0,0.02,0.39,1.08,1.8,2.43,2.97,3.4,3.58,3.51,3.14,2.75,2.01,1.45,0.67,0.1,0.0,0.0,0.0,0.0,0.0,0.0,0.0,0.0,0.0,0.02,0.33,0.96,1.7,2.16,1.2,2.22,2.02,0.92,1.09,1.61,1.46,1.2,0.3,0.03,0.0,0.0,0.0
202,0.0,0.0,0.0,0.0,0.0,0.0,0.02,0.16,0.77,1.64,2.49,2.94,3.31,3.59,3.38,3.03,2.65,1.98,1.26,0.39,0.08,0.0,0.0,0.0,0.0,0.0,0.0,0.0,0.0,0.0,0.02,0.4,0.99,1.71,2.31,2.95,3.19,2.78,3.43,3.23,2.55,1.76,1.04,0.48,0.07,0.0,0.0,0.0,0.0,0.0,0.0,0.0,0.0,0.0,0.01,0.33,1.02,1.59,2.43,2.54,3.41,3.38,3.46,3.23,2.43,2.1,1.31,0.47,0.07,0.0,0.0,0.0,0.0,0.0,0.0,0.0,0.0,0.0,0.03,0.37,1.06,1.8,2.39,2.97,3.35,3.48,3.2,2.89,2.31,1.78,1.39,0.5,0.11,0.0,0.0,0.0,0.0,0.0,0.0,0.0,0.0,0.0,0.02,0.39,1.08,1.8,2.43,2.97,3.4,3.58,3.51,3.14,2.75,2.01,1.45,0.67,0.1,0.0,0.0,0.0,0.0,0.0,0.0,0.0,0.0,0.0,0.02,0.33,0.96,1.7,2.16,1.2,2.22,2.02,0.92,1.09,1.61,1.46,1.2,0.3,0.03,0.0,0.0,0.0,0.0,0.0,0.0,0.0,0.0,0.0,0.02,0.35,0.93,1.52,2.11,2.5,2.89,2.21,0.61,2.1,0.37,0.26,0.31,0.16,0.04,0.0,0.0,0.0
203,0.0,0.0,0.0,0.0,0.0,0.0,0.02,0.4,0.99,1.71,2.31,2.95,3.19,2.78,3.43,3.23,2.55,1.76,1.04,0.48,0.07,0.0,0.0,0.0,0.0,0.0,0.0,0.0,0.0,0.0,0.01,0.33,1.02,1.59,2.43,2.54,3.41,3.38,3.46,3.23,2.43,2.1,1.31,0.47,0.07,0.0,0.0,0.0,0.0,0.0,0.0,0.0,0.0,0.0,0.03,0.37,1.06,1.8,2.39,2.97,3.35,3.48,3.2,2.89,2.31,1.78,1.39,0.5,0.11,0.0,0.0,0.0,0.0,0.0,0.0,0.0,0.0,0.0,0.02,0.39,1.08,1.8,2.43,2.97,3.4,3.58,3.51,3.14,2.75,2.01,1.45,0.67,0.1,0.0,0.0,0.0,0.0,0.0,0.0,0.0,0.0,0.0,0.02,0.33,0.96,1.7,2.16,1.2,2.22,2.02,0.92,1.09,1.61,1.46,1.2,0.3,0.03,0.0,0.0,0.0,0.0,0.0,0.0,0.0,0.0,0.0,0.02,0.35,0.93,1.52,2.11,2.5,2.89,2.21,0.61,2.1,0.37,0.26,0.31,0.16,0.04,0.0,0.0,0.0,0.0,0.0,0.0,0.0,0.0,0.0,0.02,0.23,0.47,0.63,1.29,1.37,2.13,2.35,1.77,1.35,1.29,1.13,0.5,0.25,0.08,0.0,0.0,0.0
204,0.0,0.0,0.0,0.0,0.0,0.0,0.01,0.33,1.02,1.59,2.43,2.54,3.41,3.38,3.46,3.23,2.43,2.1,1.31,0.47,0.07,0.0,0.0,0.0,0.0,0.0,0.0,0.0,0.0,0.0,0.03,0.37,1.06,1.8,2.39,2.97,3.35,3.48,3.2,2.89,2.31,1.78,1.39,0.5,0.11,0.0,0.0,0.0,0.0,0.0,0.0,0.0,0.0,0.0,0.02,0.39,1.08,1.8,2.43,2.97,3.4,3.58,3.51,3.14,2.75,2.01,1.45,0.67,0.1,0.0,0.0,0.0,0.0,0.0,0.0,0.0,0.0,0.0,0.02,0.33,0.96,1.7,2.16,1.2,2.22,2.02,0.92,1.09,1.61,1.46,1.2,0.3,0.03,0.0,0.0,0.0,0.0,0.0,0.0,0.0,0.0,0.0,0.02,0.35,0.93,1.52,2.11,2.5,2.89,2.21,0.61,2.1,0.37,0.26,0.31,0.16,0.04,0.0,0.0,0.0,0.0,0.0,0.0,0.0,0.0,0.0,0.02,0.23,0.47,0.63,1.29,1.37,2.13,2.35,1.77,1.35,1.29,1.13,0.5,0.25,0.08,0.0,0.0,0.0,0.0,0.0,0.0,0.0,0.0,0.0,0.01,0.23,0.89,1.5,2.07,2.56,3.09,3.41,2.74,2.26,1.55,0.84,0.49,0.2,0.02,0.0,0.0,0.0
205,0.0,0.0,0.0,0.0,0.0,0.0,0.03,0.37,1.06,1.8,2.39,2.97,3.35,3.48,3.2,2.89,2.31,1.78,1.39,0.5,0.11,0.0,0.0,0.0,0.0,0.0,0.0,0.0,0.0,0.0,0.02,0.39,1.08,1.8,2.43,2.97,3.4,3.58,3.51,3.14,2.75,2.01,1.45,0.67,0.1,0.0,0.0,0.0,0.0,0.0,0.0,0.0,0.0,0.0,0.02,0.33,0.96,1.7,2.16,1.2,2.22,2.02,0.92,1.09,1.61,1.46,1.2,0.3,0.03,0.0,0.0,0.0,0.0,0.0,0.0,0.0,0.0,0.0,0.02,0.35,0.93,1.52,2.11,2.5,2.89,2.21,0.61,2.1,0.37,0.26,0.31,0.16,0.04,0.0,0.0,0.0,0.0,0.0,0.0,0.0,0.0,0.0,0.02,0.23,0.47,0.63,1.29,1.37,2.13,2.35,1.77,1.35,1.29,1.13,0.5,0.25,0.08,0.0,0.0,0.0,0.0,0.0,0.0,0.0,0.0,0.0,0.01,0.23,0.89,1.5,2.07,2.56,3.09,3.41,2.74,2.26,1.55,0.84,0.49,0.2,0.02,0.0,0.0,0.0,0.0,0.0,0.0,0.0,0.0,0.0,0.01,0.23,0.74,1.0,1.03,1.81,3.08,2.78,3.27,2.5,2.14,1.11,1.01,0.43,0.05,0.0,0.0,0.0
206,0.0,0.0,0.0,0.0,0.0,0.0,0.02,0.39,1.08,1.8,2.43,2.97,3.4,3.58,3.51,3.14,2.75,2.01,1.45,0.67,0.1,0.0,0.0,0.0,0.0,0.0,0.0,0.0,0.0,0.0,0.02,0.33,0.96,1.7,2.16,1.2,2.22,2.02,0.92,1.09,1.61,1.46,1.2,0.3,0.03,0.0,0.0,0.0,0.0,0.0,0.0,0.0,0.0,0.0,0.02,0.35,0.93,1.52,2.11,2.5,2.89,2.21,0.61,2.1,0.37,0.26,0.31,0.16,0.04,0.0,0.0,0.0,0.0,0.0,0.0,0.0,0.0,0.0,0.02,0.23,0.47,0.63,1.29,1.37,2.13,2.35,1.77,1.35,1.29,1.13,0.5,0.25,0.08,0.0,0.0,0.0,0.0,0.0,0.0,0.0,0.0,0.0,0.01,0.23,0.89,1.5,2.07,2.56,3.09,3.41,2.74,2.26,1.55,0.84,0.49,0.2,0.02,0.0,0.0,0.0,0.0,0.0,0.0,0.0,0.0,0.0,0.01,0.23,0.74,1.0,1.03,1.81,3.08,2.78,3.27,2.5,2.14,1.11,1.01,0.43,0.05,0.0,0.0,0.0,0.0,0.0,0.0,0.0,0.0,0.0,0.01,0.11,0.28,0.32,0.16,0.58,1.31,0.96,0.59,0.64,0.67,0.52,0.33,0.07,0.01,0.0,0.0,0.0
207,0.0,0.0,0.0,0.0,0.0,0.0,0.02,0.33,0.96,1.7,2.16,1.2,2.22,2.02,0.92,1.09,1.61,1.46,1.2,0.3,0.03,0.0,0.0,0.0,0.0,0.0,0.0,0.0,0.0,0.0,0.02,0.35,0.93,1.52,2.11,2.5,2.89,2.21,0.61,2.1,0.37,0.26,0.31,0.16,0.04,0.0,0.0,0.0,0.0,0.0,0.0,0.0,0.0,0.0,0.02,0.23,0.47,0.63,1.29,1.37,2.13,2.35,1.77,1.35,1.29,1.13,0.5,0.25,0.08,0.0,0.0,0.0,0.0,0.0,0.0,0.0,0.0,0.0,0.01,0.23,0.89,1.5,2.07,2.56,3.09,3.41,2.74,2.26,1.55,0.84,0.49,0.2,0.02,0.0,0.0,0.0,0.0,0.0,0.0,0.0,0.0,0.0,0.01,0.23,0.74,1.0,1.03,1.81,3.08,2.78,3.27,2.5,2.14,1.11,1.01,0.43,0.05,0.0,0.0,0.0,0.0,0.0,0.0,0.0,0.0,0.0,0.01,0.11,0.28,0.32,0.16,0.58,1.31,0.96,0.59,0.64,0.67,0.52,0.33,0.07,0.01,0.0,0.0,0.0,0.0,0.0,0.0,0.0,0.0,0.0,0.0,0.03,0.19,0.21,0.51,0.76,1.03,0.49,1.16,1.37,0.9,0.86,0.49,0.36,0.06,0.0,0.0,0.0
208,0.0,0.0,0.0,0.0,0.0,0.0,0.02,0.35,0.93,1.52,2.11,2.5,2.89,2.21,0.61,2.1,0.37,0.26,0.31,0.16,0.04,0.0,0.0,0.0,0.0,0.0,0.0,0.0,0.0,0.0,0.02,0.23,0.47,0.63,1.29,1.37,2.13,2.35,1.77,1.35,1.29,1.13,0.5,0.25,0.08,0.0,0.0,0.0,0.0,0.0,0.0,0.0,0.0,0.0,0.01,0.23,0.89,1.5,2.07,2.56,3.09,3.41,2.74,2.26,1.55,0.84,0.49,0.2,0.02,0.0,0.0,0.0,0.0,0.0,0.0,0.0,0.0,0.0,0.01,0.23,0.74,1.0,1.03,1.81,3.08,2.78,3.27,2.5,2.14,1.11,1.01,0.43,0.05,0.0,0.0,0.0,0.0,0.0,0.0,0.0,0.0,0.0,0.01,0.11,0.28,0.32,0.16,0.58,1.31,0.96,0.59,0.64,0.67,0.52,0.33,0.07,0.01,0.0,0.0,0.0,0.0,0.0,0.0,0.0,0.0,0.0,0.0,0.03,0.19,0.21,0.51,0.76,1.03,0.49,1.16,1.37,0.9,0.86,0.49,0.36,0.06,0.0,0.0,0.0,0.0,0.0,0.0,0.0,0.0,0.0,0.0,0.2,0.77,1.24,1.15,0.9,1.64,1.35,0.85,2.02,0.57,1.52,0.78,0.22,0.04,0.0,0.0,0.0
209,0.0,0.0,0.0,0.0,0.0,0.0,0.02,0.23,0.47,0.63,1.29,1.37,2.13,2.35,1.77,1.35,1.29,1.13,0.5,0.25,0.08,0.0,0.0,0.0,0.0,0.0,0.0,0.0,0.0,0.0,0.01,0.23,0.89,1.5,2.07,2.56,3.09,3.41,2.74,2.26,1.55,0.84,0.49,0.2,0.02,0.0,0.0,0.0,0.0,0.0,0.0,0.0,0.0,0.0,0.01,0.23,0.74,1.0,1.03,1.81,3.08,2.78,3.27,2.5,2.14,1.11,1.01,0.43,0.05,0.0,0.0,0.0,0.0,0.0,0.0,0.0,0.0,0.0,0.01,0.11,0.28,0.32,0.16,0.58,1.31,0.96,0.59,0.64,0.67,0.52,0.33,0.07,0.01,0.0,0.0,0.0,0.0,0.0,0.0,0.0,0.0,0.0,0.0,0.03,0.19,0.21,0.51,0.76,1.03,0.49,1.16,1.37,0.9,0.86,0.49,0.36,0.06,0.0,0.0,0.0,0.0,0.0,0.0,0.0,0.0,0.0,0.0,0.2,0.77,1.24,1.15,0.9,1.64,1.35,0.85,2.02,0.57,1.52,0.78,0.22,0.04,0.0,0.0,0.0,0.0,0.0,0.0,0.0,0.0,0.0,0.01,0.09,0.39,1.17,1.66,2.32,2.01,2.46,2.82,2.42,2.22,0.99,0.53,0.42,0.04,0.0,0.0,0.0
210,0.0,0.0,0.0,0.0,0.0,0.0,0.01,0.23,0.89,1.5,2.07,2.56,3.09,3.41,2.74,2.26,1.55,0.84,0.49,0.2,0.02,0.0,0.0,0.0,0.0,0.0,0.0,0.0,0.0,0.0,0.01,0.23,0.74,1.0,1.03,1.81,3.08,2.78,3.27,2.5,2.14,1.11,1.01,0.43,0.05,0.0,0.0,0.0,0.0,0.0,0.0,0.0,0.0,0.0,0.01,0.11,0.28,0.32,0.16,0.58,1.31,0.96,0.59,0.64,0.67,0.52,0.33,0.07,0.01,0.0,0.0,0.0,0.0,0.0,0.0,0.0,0.0,0.0,0.0,0.03,0.19,0.21,0.51,0.76,1.03,0.49,1.16,1.37,0.9,0.86,0.49,0.36,0.06,0.0,0.0,0.0,0.0,0.0,0.0,0.0,0.0,0.0,0.0,0.2,0.77,1.24,1.15,0.9,1.64,1.35,0.85,2.02,0.57,1.52,0.78,0.22,0.04,0.0,0.0,0.0,0.0,0.0,0.0,0.0,0.0,0.0,0.01,0.09,0.39,1.17,1.66,2.32,2.01,2.46,2.82,2.42,2.22,0.99,0.53,0.42,0.04,0.0,0.0,0.0,0.0,0.0,0.0,0.0,0.0,0.0,0.01,0.24,0.84,1.6,2.22,1.91,1.99,2.66,1.74,2.11,1.84,1.57,1.2,0.52,0.06,0.0,0.0,0.0
211,0.0,0.0,0.0,0.0,0.0,0.0,0.01,0.23,0.74,1.0,1.03,1.81,3.08,2.78,3.27,2.5,2.14,1.11,1.01,0.43,0.05,0.0,0.0,0.0,0.0,0.0,0.0,0.0,0.0,0.0,0.01,0.11,0.28,0.32,0.16,0.58,1.31,0.96,0.59,0.64,0.67,0.52,0.33,0.07,0.01,0.0,0.0,0.0,0.0,0.0,0.0,0.0,0.0,0.0,0.0,0.03,0.19,0.21,0.51,0.76,1.03,0.49,1.16,1.37,0.9,0.86,0.49,0.36,0.06,0.0,0.0,0.0,0.0,0.0,0.0,0.0,0.0,0.0,0.0,0.2,0.77,1.24,1.15,0.9,1.64,1.35,0.85,2.02,0.57,1.52,0.78,0.22,0.04,0.0,0.0,0.0,0.0,0.0,0.0,0.0,0.0,0.0,0.01,0.09,0.39,1.17,1.66,2.32,2.01,2.46,2.82,2.42,2.22,0.99,0.53,0.42,0.04,0.0,0.0,0.0,0.0,0.0,0.0,0.0,0.0,0.0,0.01,0.24,0.84,1.6,2.22,1.91,1.99,2.66,1.74,2.11,1.84,1.57,1.2,0.52,0.06,0.0,0.0,0.0,0.0,0.0,0.0,0.0,0.0,0.0,0.0,0.21,0.68,1.24,1.69,1.83,1.73,1.16,1.61,2.91,2.7,1.34,0.87,0.15,0.01,0.0,0.0,0.0
212,0.0,0.0,0.0,0.0,0.0,0.0,0.01,0.11,0.28,0.32,0.16,0.58,1.31,0.96,0.59,0.64,0.67,0.52,0.33,0.07,0.01,0.0,0.0,0.0,0.0,0.0,0.0,0.0,0.0,0.0,0.0,0.03,0.19,0.21,0.51,0.76,1.03,0.49,1.16,1.37,0.9,0.86,0.49,0.36,0.06,0.0,0.0,0.0,0.0,0.0,0.0,0.0,0.0,0.0,0.0,0.2,0.77,1.24,1.15,0.9,1.64,1.35,0.85,2.02,0.57,1.52,0.78,0.22,0.04,0.0,0.0,0.0,0.0,0.0,0.0,0.0,0.0,0.0,0.01,0.09,0.39,1.17,1.66,2.32,2.01,2.46,2.82,2.42,2.22,0.99,0.53,0.42,0.04,0.0,0.0,0.0,0.0,0.0,0.0,0.0,0.0,0.0,0.01,0.24,0.84,1.6,2.22,1.91,1.99,2.66,1.74,2.11,1.84,1.57,1.2,0.52,0.06,0.0,0.0,0.0,0.0,0.0,0.0,0.0,0.0,0.0,0.0,0.21,0.68,1.24,1.69,1.83,1.73,1.16,1.61,2.91,2.7,1.34,0.87,0.15,0.01,0.0,0.0,0.0,0.0,0.0,0.0,0.0,0.0,0.0,0.0,0.32,0.93,1.68,2.03,2.75,2.46,2.5,2.38,2.86,2.21,1.6,1.34,0.37,0.05,0.0,0.0,0.0
213,0.0,0.0,0.0,0.0,0.0,0.0,0.0,0.03,0.19,0.21,0.51,0.76,1.03,0.49,1.16,1.37,0.9,0.86,0.49,0.36,0.06,0.0,0.0,0.0,0.0,0.0,0.0,0.0,0.0,0.0,0.0,0.2,0.77,1.24,1.15,0.9,1.64,1.35,0.85,2.02,0.57,1.52,0.78,0.22,0.04,0.0,0.0,0.0,0.0,0.0,0.0,0.0,0.0,0.0,0.01,0.09,0.39,1.17,1.66,2.32,2.01,2.46,2.82,2.42,2.22,0.99,0.53,0.42,0.04,0.0,0.0,0.0,0.0,0.0,0.0,0.0,0.0,0.0,0.01,0.24,0.84,1.6,2.22,1.91,1.99,2.66,1.74,2.11,1.84,1.57,1.2,0.52,0.06,0.0,0.0,0.0,0.0,0.0,0.0,0.0,0.0,0.0,0.0,0.21,0.68,1.24,1.69,1.83,1.73,1.16,1.61,2.91,2.7,1.34,0.87,0.15,0.01,0.0,0.0,0.0,0.0,0.0,0.0,0.0,0.0,0.0,0.0,0.32,0.93,1.68,2.03,2.75,2.46,2.5,2.38,2.86,2.21,1.6,1.34,0.37,0.05,0.0,0.0,0.0,0.0,0.0,0.0,0.0,0.0,0.0,0.0,0.16,0.41,0.7,1.48,2.35,2.02,1.99,1.67,0.7,0.18,0.19,0.04,0.02,0.0,0.0,0.0,0.0
214,0.0,0.0,0.0,0.0,0.0,0.0,0.0,0.2,0.77,1.24,1.15,0.9,1.64,1.35,0.85,2.02,0.57,1.52,0.78,0.22,0.04,0.0,0.0,0.0,0.0,0.0,0.0,0.0,0.0,0.0,0.01,0.09,0.39,1.17,1.66,2.32,2.01,2.46,2.82,2.42,2.22,0.99,0.53,0.42,0.04,0.0,0.0,0.0,0.0,0.0,0.0,0.0,0.0,0.0,0.01,0.24,0.84,1.6,2.22,1.91,1.99,2.66,1.74,2.11,1.84,1.57,1.2,0.52,0.06,0.0,0.0,0.0,0.0,0.0,0.0,0.0,0.0,0.0,0.0,0.21,0.68,1.24,1.69,1.83,1.73,1.16,1.61,2.91,2.7,1.34,0.87,0.15,0.01,0.0,0.0,0.0,0.0,0.0,0.0,0.0,0.0,0.0,0.0,0.32,0.93,1.68,2.03,2.75,2.46,2.5,2.38,2.86,2.21,1.6,1.34,0.37,0.05,0.0,0.0,0.0,0.0,0.0,0.0,0.0,0.0,0.0,0.0,0.16,0.41,0.7,1.48,2.35,2.02,1.99,1.67,0.7,0.18,0.19,0.04,0.02,0.0,0.0,0.0,0.0,0.0,0.0,0.0,0.0,0.0,0.0,0.0,0.12,0.68,1.77,2.08,2.93,3.06,3.3,3.07,2.59,2.49,1.33,0.93,0.34,0.04,0.0,0.0,0.0
215,0.0,0.0,0.0,0.0,0.0,0.0,0.01,0.09,0.39,1.17,1.66,2.32,2.01,2.46,2.82,2.42,2.22,0.99,0.53,0.42,0.04,0.0,0.0,0.0,0.0,0.0,0.0,0.0,0.0,0.0,0.01,0.24,0.84,1.6,2.22,1.91,1.99,2.66,1.74,2.11,1.84,1.57,1.2,0.52,0.06,0.0,0.0,0.0,0.0,0.0,0.0,0.0,0.0,0.0,0.0,0.21,0.68,1.24,1.69,1.83,1.73,1.16,1.61,2.91,2.7,1.34,0.87,0.15,0.01,0.0,0.0,0.0,0.0,0.0,0.0,0.0,0.0,0.0,0.0,0.32,0.93,1.68,2.03,2.75,2.46,2.5,2.38,2.86,2.21,1.6,1.34,0.37,0.05,0.0,0.0,0.0,0.0,0.0,0.0,0.0,0.0,0.0,0.0,0.16,0.41,0.7,1.48,2.35,2.02,1.99,1.67,0.7,0.18,0.19,0.04,0.02,0.0,0.0,0.0,0.0,0.0,0.0,0.0,0.0,0.0,0.0,0.0,0.12,0.68,1.77,2.08,2.93,3.06,3.3,3.07,2.59,2.49,1.33,0.93,0.34,0.04,0.0,0.0,0.0,0.0,0.0,0.0,0.0,0.0,0.0,0.0,0.22,0.66,1.34,1.95,2.49,1.64,1.56,2.48,2.53,2.12,1.45,1.17,0.43,0.03,0.0,0.0,0.0
216,0.0,0.0,0.0,0.0,0.0,0.0,0.01,0.24,0.84,1.6,2.22,1.91,1.99,2.66,1.74,2.11,1.84,1.57,1.2,0.52,0.06,0.0,0.0,0.0,0.0,0.0,0.0,0.0,0.0,0.0,0.0,0.21,0.68,1.24,1.69,1.83,1.73,1.16,1.61,2.91,2.7,1.34,0.87,0.15,0.01,0.0,0.0,0.0,0.0,0.0,0.0,0.0,0.0,0.0,0.0,0.32,0.93,1.68,2.03,2.75,2.46,2.5,2.38,2.86,2.21,1.6,1.34,0.37,0.05,0.0,0.0,0.0,0.0,0.0,0.0,0.0,0.0,0.0,0.0,0.16,0.41,0.7,1.48,2.35,2.02,1.99,1.67,0.7,0.18,0.19,0.04,0.02,0.0,0.0,0.0,0.0,0.0,0.0,0.0,0.0,0.0,0.0,0.0,0.12,0.68,1.77,2.08,2.93,3.06,3.3,3.07,2.59,2.49,1.33,0.93,0.34,0.04,0.0,0.0,0.0,0.0,0.0,0.0,0.0,0.0,0.0,0.0,0.22,0.66,1.34,1.95,2.49,1.64,1.56,2.48,2.53,2.12,1.45,1.17,0.43,0.03,0.0,0.0,0.0,0.0,0.0,0.0,0.0,0.0,0.0,0.0,0.05,0.16,0.75,1.25,1.79,2.29,1.82,1.14,2.27,2.17,1.73,0.73,0.38,0.02,0.0,0.0,0.0
217,0.0,0.0,0.0,0.0,0.0,0.0,0.0,0.21,0.68,1.24,1.69,1.83,1.73,1.16,1.61,2.91,2.7,1.34,0.87,0.15,0.01,0.0,0.0,0.0,0.0,0.0,0.0,0.0,0.0,0.0,0.0,0.32,0.93,1.68,2.03,2.75,2.46,2.5,2.38,2.86,2.21,1.6,1.34,0.37,0.05,0.0,0.0,0.0,0.0,0.0,0.0,0.0,0.0,0.0,0.0,0.16,0.41,0.7,1.48,2.35,2.02,1.99,1.67,0.7,0.18,0.19,0.04,0.02,0.0,0.0,0.0,0.0,0.0,0.0,0.0,0.0,0.0,0.0,0.0,0.12,0.68,1.77,2.08,2.93,3.06,3.3,3.07,2.59,2.49,1.33,0.93,0.34,0.04,0.0,0.0,0.0,0.0,0.0,0.0,0.0,0.0,0.0,0.0,0.22,0.66,1.34,1.95,2.49,1.64,1.56,2.48,2.53,2.12,1.45,1.17,0.43,0.03,0.0,0.0,0.0,0.0,0.0,0.0,0.0,0.0,0.0,0.0,0.05,0.16,0.75,1.25,1.79,2.29,1.82,1.14,2.27,2.17,1.73,0.73,0.38,0.02,0.0,0.0,0.0,0.0,0.0,0.0,0.0,0.0,0.0,0.0,0.18,0.58,1.18,1.74,2.48,2.76,1.23,1.24,1.55,0.63,0.89,0.28,0.05,0.01,0.0,0.0,0.0
218,0.0,0.0,0.0,0.0,0.0,0.0,0.0,0.32,0.93,1.68,2.03,2.75,2.46,2.5,2.38,2.86,2.21,1.6,1.34,0.37,0.05,0.0,0.0,0.0,0.0,0.0,0.0,0.0,0.0,0.0,0.0,0.16,0.41,0.7,1.48,2.35,2.02,1.99,1.67,0.7,0.18,0.19,0.04,0.02,0.0,0.0,0.0,0.0,0.0,0.0,0.0,0.0,0.0,0.0,0.0,0.12,0.68,1.77,2.08,2.93,3.06,3.3,3.07,2.59,2.49,1.33,0.93,0.34,0.04,0.0,0.0,0.0,0.0,0.0,0.0,0.0,0.0,0.0,0.0,0.22,0.66,1.34,1.95,2.49,1.64,1.56,2.48,2.53,2.12,1.45,1.17,0.43,0.03,0.0,0.0,0.0,0.0,0.0,0.0,0.0,0.0,0.0,0.0,0.05,0.16,0.75,1.25,1.79,2.29,1.82,1.14,2.27,2.17,1.73,0.73,0.38,0.02,0.0,0.0,0.0,0.0,0.0,0.0,0.0,0.0,0.0,0.0,0.18,0.58,1.18,1.74,2.48,2.76,1.23,1.24,1.55,0.63,0.89,0.28,0.05,0.01,0.0,0.0,0.0,0.0,0.0,0.0,0.0,0.0,0.0,0.0,0.24,0.47,0.89,0.64,0.98,1.07,1.31,1.31,1.83,1.41,1.08,0.63,0.16,0.01,0.0,0.0,0.0
219,0.0,0.0,0.0,0.0,0.0,0.0,0.0,0.16,0.41,0.7,1.48,2.35,2.02,1.99,1.67,0.7,0.18,0.19,0.04,0.02,0.0,0.0,0.0,0.0,0.0,0.0,0.0,0.0,0.0,0.0,0.0,0.12,0.68,1.77,2.08,2.93,3.06,3.3,3.07,2.59,2.49,1.33,0.93,0.34,0.04,0.0,0.0,0.0,0.0,0.0,0.0,0.0,0.0,0.0,0.0,0.22,0.66,1.34,1.95,2.49,1.64,1.56,2.48,2.53,2.12,1.45,1.17,0.43,0.03,0.0,0.0,0.0,0.0,0.0,0.0,0.0,0.0,0.0,0.0,0.05,0.16,0.75,1.25,1.79,2.29,1.82,1.14,2.27,2.17,1.73,0.73,0.38,0.02,0.0,0.0,0.0,0.0,0.0,0.0,0.0,0.0,0.0,0.0,0.18,0.58,1.18,1.74,2.48,2.76,1.23,1.24,1.55,0.63,0.89,0.28,0.05,0.01,0.0,0.0,0.0,0.0,0.0,0.0,0.0,0.0,0.0,0.0,0.24,0.47,0.89,0.64,0.98,1.07,1.31,1.31,1.83,1.41,1.08,0.63,0.16,0.01,0.0,0.0,0.0,0.0,0.0,0.0,0.0,0.0,0.0,0.0,0.11,0.45,0.47,0.8,1.1,1.81,1.97,2.5,2.37,1.37,1.32,0.93,0.37,0.03,0.0,0.0,0.0
220,0.0,0.0,0.0,0.0,0.0,0.0,0.0,0.12,0.68,1.77,2.08,2.93,3.06,3.3,3.07,2.59,2.49,1.33,0.93,0.34,0.04,0.0,0.0,0.0,0.0,0.0,0.0,0.0,0.0,0.0,0.0,0.22,0.66,1.34,1.95,2.49,1.64,1.56,2.48,2.53,2.12,1.45,1.17,0.43,0.03,0.0,0.0,0.0,0.0,0.0,0.0,0.0,0.0,0.0,0.0,0.05,0.16,0.75,1.25,1.79,2.29,1.82,1.14,2.27,2.17,1.73,0.73,0.38,0.02,0.0,0.0,0.0,0.0,0.0,0.0,0.0,0.0,0.0,0.0,0.18,0.58,1.18,1.74,2.48,2.76,1.23,1.24,1.55,0.63,0.89,0.28,0.05,0.01,0.0,0.0,0.0,0.0,0.0,0.0,0.0,0.0,0.0,0.0,0.24,0.47,0.89,0.64,0.98,1.07,1.31,1.31,1.83,1.41,1.08,0.63,0.16,0.01,0.0,0.0,0.0,0.0,0.0,0.0,0.0,0.0,0.0,0.0,0.11,0.45,0.47,0.8,1.1,1.81,1.97,2.5,2.37,1.37,1.32,0.93,0.37,0.03,0.0,0.0,0.0,0.0,0.0,0.0,0.0,0.0,0.0,0.0,0.21,0.74,1.56,2.19,2.77,3.06,3.09,3.24,1.97,1.95,1.68,0.6,0.24,0.01,0.0,0.0,0.0
221,0.0,0.0,0.0,0.0,0.0,0.0,0.0,0.22,0.66,1.34,1.95,2.49,1.64,1.56,2.48,2.53,2.12,1.45,1.17,0.43,0.03,0.0,0.0,0.0,0.0,0.0,0.0,0.0,0.0,0.0,0.0,0.05,0.16,0.75,1.25,1.79,2.29,1.82,1.14,2.27,2.17,1.73,0.73,0.38,0.02,0.0,0.0,0.0,0.0,0.0,0.0,0.0,0.0,0.0,0.0,0.18,0.58,1.18,1.74,2.48,2.76,1.23,1.24,1.55,0.63,0.89,0.28,0.05,0.01,0.0,0.0,0.0,0.0,0.0,0.0,0.0,0.0,0.0,0.0,0.24,0.47,0.89,0.64,0.98,1.07,1.31,1.31,1.83,1.41,1.08,0.63,0.16,0.01,0.0,0.0,0.0,0.0,0.0,0.0,0.0,0.0,0.0,0.0,0.11,0.45,0.47,0.8,1.1,1.81,1.97,2.5,2.37,1.37,1.32,0.93,0.37,0.03,0.0,0.0,0.0,0.0,0.0,0.0,0.0,0.0,0.0,0.0,0.21,0.74,1.56,2.19,2.77,3.06,3.09,3.24,1.97,1.95,1.68,0.6,0.24,0.01,0.0,0.0,0.0,0.0,0.0,0.0,0.0,0.0,0.0,0.0,0.23,0.79,1.55,2.15,2.72,2.69,3.1,2.86,2.2,2.39,1.58,0.61,0.29,0.03,0.0,0.0,0.0
222,0.0,0.0,0.0,0.0,0.0,0.0,0.0,0.05,0.16,0.75,1.25,1.79,2.29,1.82,1.14,2.27,2.17,1.73,0.73,0.38,0.02,0.0,0.0,0.0,0.0,0.0,0.0,0.0,0.0,0.0,0.0,0.18,0.58,1.18,1.74,2.48,2.76,1.23,1.24,1.55,0.63,0.89,0.28,0.05,0.01,0.0,0.0,0.0,0.0,0.0,0.0,0.0,0.0,0.0,0.0,0.24,0.47,0.89,0.64,0.98,1.07,1.31,1.31,1.83,1.41,1.08,0.63,0.16,0.01,0.0,0.0,0.0,0.0,0.0,0.0,0.0,0.0,0.0,0.0,0.11,0.45,0.47,0.8,1.1,1.81,1.97,2.5,2.37,1.37,1.32,0.93,0.37,0.03,0.0,0.0,0.0,0.0,0.0,0.0,0.0,0.0,0.0,0.0,0.21,0.74,1.56,2.19,2.77,3.06,3.09,3.24,1.97,1.95,1.68,0.6,0.24,0.01,0.0,0.0,0.0,0.0,0.0,0.0,0.0,0.0,0.0,0.0,0.23,0.79,1.55,2.15,2.72,2.69,3.1,2.86,2.2,2.39,1.58,0.61,0.29,0.03,0.0,0.0,0.0,0.0,0.0,0.0,0.0,0.0,0.0,0.0,0.15,0.67,1.21,2.23,2.62,3.14,2.5,2.07,1.19,0.55,0.68,0.47,0.01,0.0,0.0,0.0,0.0
223,0.0,0.0,0.0,0.0,0.0,0.0,0.0,0.18,0.58,1.18,1.74,2.48,2.76,1.23,1.24,1.55,0.63,0.89,0.28,0.05,0.01,0.0,0.0,0.0,0.0,0.0,0.0,0.0,0.0,0.0,0.0,0.24,0.47,0.89,0.64,0.98,1.07,1.31,1.31,1.83,1.41,1.08,0.63,0.16,0.01,0.0,0.0,0.0,0.0,0.0,0.0,0.0,0.0,0.0,0.0,0.11,0.45,0.47,0.8,1.1,1.81,1.97,2.5,2.37,1.37,1.32,0.93,0.37,0.03,0.0,0.0,0.0,0.0,0.0,0.0,0.0,0.0,0.0,0.0,0.21,0.74,1.56,2.19,2.77,3.06,3.09,3.24,1.97,1.95,1.68,0.6,0.24,0.01,0.0,0.0,0.0,0.0,0.0,0.0,0.0,0.0,0.0,0.0,0.23,0.79,1.55,2.15,2.72,2.69,3.1,2.86,2.2,2.39,1.58,0.61,0.29,0.03,0.0,0.0,0.0,0.0,0.0,0.0,0.0,0.0,0.0,0.0,0.15,0.67,1.21,2.23,2.62,3.14,2.5,2.07,1.19,0.55,0.68,0.47,0.01,0.0,0.0,0.0,0.0,0.0,0.0,0.0,0.0,0.0,0.0,0.0,0.04,0.05,0.26,0.62,1.61,2.3,3.33,2.51,2.2,2.09,1.53,0.91,0.39,0.03,0.0,0.0,0.0
224,0.0,0.0,0.0,0.0,0.0,0.0,0.0,0.24,0.47,0.89,0.64,0.98,1.07,1.31,1.31,1.83,1.41,1.08,0.63,0.16,0.01,0.0,0.0,0.0,0.0,0.0,0.0,0.0,0.0,0.0,0.0,0.11,0.45,0.47,0.8,1.1,1.81,1.97,2.5,2.37,1.37,1.32,0.93,0.37,0.03,0.0,0.0,0.0,0.0,0.0,0.0,0.0,0.0,0.0,0.0,0.21,0.74,1.56,2.19,2.77,3.06,3.09,3.24,1.97,1.95,1.68,0.6,0.24,0.01,0.0,0.0,0.0,0.0,0.0,0.0,0.0,0.0,0.0,0.0,0.23,0.79,1.55,2.15,2.72,2.69,3.1,2.86,2.2,2.39,1.58,0.61,0.29,0.03,0.0,0.0,0.0,0.0,0.0,0.0,0.0,0.0,0.0,0.0,0.15,0.67,1.21,2.23,2.62,3.14,2.5,2.07,1.19,0.55,0.68,0.47,0.01,0.0,0.0,0.0,0.0,0.0,0.0,0.0,0.0,0.0,0.0,0.0,0.04,0.05,0.26,0.62,1.61,2.3,3.33,2.51,2.2,2.09,1.53,0.91,0.39,0.03,0.0,0.0,0.0,0.0,0.0,0.0,0.0,0.0,0.0,0.0,0.23,0.81,1.39,2.15,1.76,3.1,3.03,2.02,2.35,2.26,1.24,0.38,0.22,0.01,0.0,0.0,0.0
225,0.0,0.0,0.0,0.0,0.0,0.0,0.0,0.11,0.45,0.47,0.8,1.1,1.81,1.97,2.5,2.37,1.37,1.32,0.93,0.37,0.03,0.0,0.0,0.0,0.0,0.0,0.0,0.0,0.0,0.0,0.0,0.21,0.74,1.56,2.19,2.77,3.06,3.09,3.24,1.97,1.95,1.68,0.6,0.24,0.01,0.0,0.0,0.0,0.0,0.0,0.0,0.0,0.0,0.0,0.0,0.23,0.79,1.55,2.15,2.72,2.69,3.1,2.86,2.2,2.39,1.58,0.61,0.29,0.03,0.0,0.0,0.0,0.0,0.0,0.0,0.0,0.0,0.0,0.0,0.15,0.67,1.21,2.23,2.62,3.14,2.5,2.07,1.19,0.55,0.68,0.47,0.01,0.0,0.0,0.0,0.0,0.0,0.0,0.0,0.0,0.0,0.0,0.0,0.04,0.05,0.26,0.62,1.61,2.3,3.33,2.51,2.2,2.09,1.53,0.91,0.39,0.03,0.0,0.0,0.0,0.0,0.0,0.0,0.0,0.0,0.0,0.0,0.23,0.81,1.39,2.15,1.76,3.1,3.03,2.02,2.35,2.26,1.24,0.38,0.22,0.01,0.0,0.0,0.0,0.0,0.0,0.0,0.0,0.0,0.0,0.0,0.15,0.75,1.46,2.15,2.64,2.38,1.91,1.47,0.92,1.63,1.43,0.2,0.12,0.0,0.0,0.0,0.0
226,0.0,0.0,0.0,0.0,0.0,0.0,0.0,0.21,0.74,1.56,2.19,2.77,3.06,3.09,3.24,1.97,1.95,1.68,0.6,0.24,0.01,0.0,0.0,0.0,0.0,0.0,0.0,0.0,0.0,0.0,0.0,0.23,0.79,1.55,2.15,2.72,2.69,3.1,2.86,2.2,2.39,1.58,0.61,0.29,0.03,0.0,0.0,0.0,0.0,0.0,0.0,0.0,0.0,0.0,0.0,0.15,0.67,1.21,2.23,2.62,3.14,2.5,2.07,1.19,0.55,0.68,0.47,0.01,0.0,0.0,0.0,0.0,0.0,0.0,0.0,0.0,0.0,0.0,0.0,0.04,0.05,0.26,0.62,1.61,2.3,3.33,2.51,2.2,2.09,1.53,0.91,0.39,0.03,0.0,0.0,0.0,0.0,0.0,0.0,0.0,0.0,0.0,0.0,0.23,0.81,1.39,2.15,1.76,3.1,3.03,2.02,2.35,2.26,1.24,0.38,0.22,0.01,0.0,0.0,0.0,0.0,0.0,0.0,0.0,0.0,0.0,0.0,0.15,0.75,1.46,2.15,2.64,2.38,1.91,1.47,0.92,1.63,1.43,0.2,0.12,0.0,0.0,0.0,0.0,0.0,0.0,0.0,0.0,0.0,0.0,0.0,0.07,0.14,0.18,0.08,0.1,0.11,0.16,1.5,2.45,1.09,0.26,0.11,0.06,0.0,0.0,0.0,0.0
227,0.0,0.0,0.0,0.0,0.0,0.0,0.0,0.23,0.79,1.55,2.15,2.72,2.69,3.1,2.86,2.2,2.39,1.58,0.61,0.29,0.03,0.0,0.0,0.0,0.0,0.0,0.0,0.0,0.0,0.0,0.0,0.15,0.67,1.21,2.23,2.62,3.14,2.5,2.07,1.19,0.55,0.68,0.47,0.01,0.0,0.0,0.0,0.0,0.0,0.0,0.0,0.0,0.0,0.0,0.0,0.04,0.05,0.26,0.62,1.61,2.3,3.33,2.51,2.2,2.09,1.53,0.91,0.39,0.03,0.0,0.0,0.0,0.0,0.0,0.0,0.0,0.0,0.0,0.0,0.23,0.81,1.39,2.15,1.76,3.1,3.03,2.02,2.35,2.26,1.24,0.38,0.22,0.01,0.0,0.0,0.0,0.0,0.0,0.0,0.0,0.0,0.0,0.0,0.15,0.75,1.46,2.15,2.64,2.38,1.91,1.47,0.92,1.63,1.43,0.2,0.12,0.0,0.0,0.0,0.0,0.0,0.0,0.0,0.0,0.0,0.0,0.0,0.07,0.14,0.18,0.08,0.1,0.11,0.16,1.5,2.45,1.09,0.26,0.11,0.06,0.0,0.0,0.0,0.0,0.0,0.0,0.0,0.0,0.0,0.0,0.0,0.14,0.29,0.34,0.58,0.48,1.2,2.03,1.31,0.61,0.58,0.66,0.31,0.1,0.01,0.0,0.0,0.0
228,0.0,0.0,0.0,0.0,0.0,0.0,0.0,0.15,0.67,1.21,2.23,2.62,3.14,2.5,2.07,1.19,0.55,0.68,0.47,0.01,0.0,0.0,0.0,0.0,0.0,0.0,0.0,0.0,0.0,0.0,0.0,0.04,0.05,0.26,0.62,1.61,2.3,3.33,2.51,2.2,2.09,1.53,0.91,0.39,0.03,0.0,0.0,0.0,0.0,0.0,0.0,0.0,0.0,0.0,0.0,0.23,0.81,1.39,2.15,1.76,3.1,3.03,2.02,2.35,2.26,1.24,0.38,0.22,0.01,0.0,0.0,0.0,0.0,0.0,0.0,0.0,0.0,0.0,0.0,0.15,0.75,1.46,2.15,2.64,2.38,1.91,1.47,0.92,1.63,1.43,0.2,0.12,0.0,0.0,0.0,0.0,0.0,0.0,0.0,0.0,0.0,0.0,0.0,0.07,0.14,0.18,0.08,0.1,0.11,0.16,1.5,2.45,1.09,0.26,0.11,0.06,0.0,0.0,0.0,0.0,0.0,0.0,0.0,0.0,0.0,0.0,0.0,0.14,0.29,0.34,0.58,0.48,1.2,2.03,1.31,0.61,0.58,0.66,0.31,0.1,0.01,0.0,0.0,0.0,0.0,0.0,0.0,0.0,0.0,0.0,0.0,0.06,0.3,0.4,0.49,0.51,0.52,0.42,0.41,0.37,0.15,0.07,0.08,0.03,0.0,0.0,0.0,0.0
229,0.0,0.0,0.0,0.0,0.0,0.0,0.0,0.04,0.05,0.26,0.62,1.61,2.3,3.33,2.51,2.2,2.09,1.53,0.91,0.39,0.03,0.0,0.0,0.0,0.0,0.0,0.0,0.0,0.0,0.0,0.0,0.23,0.81,1.39,2.15,1.76,3.1,3.03,2.02,2.35,2.26,1.24,0.38,0.22,0.01,0.0,0.0,0.0,0.0,0.0,0.0,0.0,0.0,0.0,0.0,0.15,0.75,1.46,2.15,2.64,2.38,1.91,1.47,0.92,1.63,1.43,0.2,0.12,0.0,0.0,0.0,0.0,0.0,0.0,0.0,0.0,0.0,0.0,0.0,0.07,0.14,0.18,0.08,0.1,0.11,0.16,1.5,2.45,1.09,0.26,0.11,0.06,0.0,0.0,0.0,0.0,0.0,0.0,0.0,0.0,0.0,0.0,0.0,0.14,0.29,0.34,0.58,0.48,1.2,2.03,1.31,0.61,0.58,0.66,0.31,0.1,0.01,0.0,0.0,0.0,0.0,0.0,0.0,0.0,0.0,0.0,0.0,0.06,0.3,0.4,0.49,0.51,0.52,0.42,0.41,0.37,0.15,0.07,0.08,0.03,0.0,0.0,0.0,0.0,0.0,0.0,0.0,0.0,0.0,0.0,0.0,0.02,0.09,0.25,0.27,0.79,0.56,0.37,0.35,0.73,0.75,0.25,0.13,0.02,0.0,0.0,0.0,0.0
230,0.0,0.0,0.0,0.0,0.0,0.0,0.0,0.23,0.81,1.39,2.15,1.76,3.1,3.03,2.02,2.35,2.26,1.24,0.38,0.22,0.01,0.0,0.0,0.0,0.0,0.0,0.0,0.0,0.0,0.0,0.0,0.15,0.75,1.46,2.15,2.64,2.38,1.91,1.47,0.92,1.63,1.43,0.2,0.12,0.0,0.0,0.0,0.0,0.0,0.0,0.0,0.0,0.0,0.0,0.0,0.07,0.14,0.18,0.08,0.1,0.11,0.16,1.5,2.45,1.09,0.26,0.11,0.06,0.0,0.0,0.0,0.0,0.0,0.0,0.0,0.0,0.0,0.0,0.0,0.14,0.29,0.34,0.58,0.48,1.2,2.03,1.31,0.61,0.58,0.66,0.31,0.1,0.01,0.0,0.0,0.0,0.0,0.0,0.0,0.0,0.0,0.0,0.0,0.06,0.3,0.4,0.49,0.51,0.52,0.42,0.41,0.37,0.15,0.07,0.08,0.03,0.0,0.0,0.0,0.0,0.0,0.0,0.0,0.0,0.0,0.0,0.0,0.02,0.09,0.25,0.27,0.79,0.56,0.37,0.35,0.73,0.75,0.25,0.13,0.02,0.0,0.0,0.0,0.0,0.0,0.0,0.0,0.0,0.0,0.0,0.0,0.02,0.14,0.39,0.52,0.77,1.01,0.74,1.09,1.75,0.99,0.76,0.59,0.18,0.01,0.0,0.0,0.0
231,0.0,0.0,0.0,0.0,0.0,0.0,0.0,0.15,0.75,1.46,2.15,2.64,2.38,1.91,1.47,0.92,1.63,1.43,0.2,0.12,0.0,0.0,0.0,0.0,0.0,0.0,0.0,0.0,0.0,0.0,0.0,0.07,0.14,0.18,0.08,0.1,0.11,0.16,1.5,2.45,1.09,0.26,0.11,0.06,0.0,0.0,0.0,0.0,0.0,0.0,0.0,0.0,0.0,0.0,0.0,0.14,0.29,0.34,0.58,0.48,1.2,2.03,1.31,0.61,0.58,0.66,0.31,0.1,0.01,0.0,0.0,0.0,0.0,0.0,0.0,0.0,0.0,0.0,0.0,0.06,0.3,0.4,0.49,0.51,0.52,0.42,0.41,0.37,0.15,0.07,0.08,0.03,0.0,0.0,0.0,0.0,0.0,0.0,0.0,0.0,0.0,0.0,0.0,0.02,0.09,0.25,0.27,0.79,0.56,0.37,0.35,0.73,0.75,0.25,0.13,0.02,0.0,0.0,0.0,0.0,0.0,0.0,0.0,0.0,0.0,0.0,0.0,0.02,0.14,0.39,0.52,0.77,1.01,0.74,1.09,1.75,0.99,0.76,0.59,0.18,0.01,0.0,0.0,0.0,0.0,0.0,0.0,0.0,0.0,0.0,0.0,0.1,0.42,0.68,0.6,0.88,0.59,0.46,1.15,1.36,0.72,0.77,0.29,0.05,0.0,0.0,0.0,0.0
232,0.0,0.0,0.0,0.0,0.0,0.0,0.0,0.07,0.14,0.18,0.08,0.1,0.11,0.16,1.5,2.45,1.09,0.26,0.11,0.06,0.0,0.0,0.0,0.0,0.0,0.0,0.0,0.0,0.0,0.0,0.0,0.14,0.29,0.34,0.58,0.48,1.2,2.03,1.31,0.61,0.58,0.66,0.31,0.1,0.01,0.0,0.0,0.0,0.0,0.0,0.0,0.0,0.0,0.0,0.0,0.06,0.3,0.4,0.49,0.51,0.52,0.42,0.41,0.37,0.15,0.07,0.08,0.03,0.0,0.0,0.0,0.0,0.0,0.0,0.0,0.0,0.0,0.0,0.0,0.02,0.09,0.25,0.27,0.79,0.56,0.37,0.35,0.73,0.75,0.25,0.13,0.02,0.0,0.0,0.0,0.0,0.0,0.0,0.0,0.0,0.0,0.0,0.0,0.02,0.14,0.39,0.52,0.77,1.01,0.74,1.09,1.75,0.99,0.76,0.59,0.18,0.01,0.0,0.0,0.0,0.0,0.0,0.0,0.0,0.0,0.0,0.0,0.1,0.42,0.68,0.6,0.88,0.59,0.46,1.15,1.36,0.72,0.77,0.29,0.05,0.0,0.0,0.0,0.0,0.0,0.0,0.0,0.0,0.0,0.0,0.0,0.04,0.16,0.21,0.25,0.35,0.3,0.44,0.4,0.31,0.24,0.16,0.1,0.05,0.0,0.0,0.0,0.0
233,0.0,0.0,0.0,0.0,0.0,0.0,0.0,0.14,0.29,0.34,0.58,0.48,1.2,2.03,1.31,0.61,0.58,0.66,0.31,0.1,0.01,0.0,0.0,0.0,0.0,0.0,0.0,0.0,0.0,0.0,0.0,0.06,0.3,0.4,0.49,0.51,0.52,0.42,0.41,0.37,0.15,0.07,0.08,0.03,0.0,0.0,0.0,0.0,0.0,0.0,0.0,0.0,0.0,0.0,0.0,0.02,0.09,0.25,0.27,0.79,0.56,0.37,0.35,0.73,0.75,0.25,0.13,0.02,0.0,0.0,0.0,0.0,0.0,0.0,0.0,0.0,0.0,0.0,0.0,0.02,0.14,0.39,0.52,0.77,1.01,0.74,1.09,1.75,0.99,0.76,0.59,0.18,0.01,0.0,0.0,0.0,0.0,0.0,0.0,0.0,0.0,0.0,0.0,0.1,0.42,0.68,0.6,0.88,0.59,0.46,1.15,1.36,0.72,0.77,0.29,0.05,0.0,0.0,0.0,0.0,0.0,0.0,0.0,0.0,0.0,0.0,0.0,0.04,0.16,0.21,0.25,0.35,0.3,0.44,0.4,0.31,0.24,0.16,0.1,0.05,0.0,0.0,0.0,0.0,0.0,0.0,0.0,0.0,0.0,0.0,0.0,0.11,0.31,0.45,0.82,1.5,2.61,2.3,2.08,2.28,1.46,0.71,0.68,0.13,0.0,0.0,0.0,0.0
234,0.0,0.0,0.0,0.0,0.0,0.0,0.0,0.06,0.3,0.4,0.49,0.51,0.52,0.42,0.41,0.37,0.15,0.07,0.08,0.03,0.0,0.0,0.0,0.0,0.0,0.0,0.0,0.0,0.0,0.0,0.0,0.02,0.09,0.25,0.27,0.79,0.56,0.37,0.35,0.73,0.75,0.25,0.13,0.02,0.0,0.0,0.0,0.0,0.0,0.0,0.0,0.0,0.0,0.0,0.0,0.02,0.14,0.39,0.52,0.77,1.01,0.74,1.09,1.75,0.99,0.76,0.59,0.18,0.01,0.0,0.0,0.0,0.0,0.0,0.0,0.0,0.0,0.0,0.0,0.1,0.42,0.68,0.6,0.88,0.59,0.46,1.15,1.36,0.72,0.77,0.29,0.05,0.0,0.0,0.0,0.0,0.0,0.0,0.0,0.0,0.0,0.0,0.0,0.04,0.16,0.21,0.25,0.35,0.3,0.44,0.4,0.31,0.24,0.16,0.1,0.05,0.0,0.0,0.0,0.0,0.0,0.0,0.0,0.0,0.0,0.0,0.0,0.11,0.31,0.45,0.82,1.5,2.61,2.3,2.08,2.28,1.46,0.71,0.68,0.13,0.0,0.0,0.0,0.0,0.0,0.0,0.0,0.0,0.0,0.0,0.0,0.01,0.1,0.33,0.66,1.08,1.87,0.91,0.9,0.82,1.22,1.13,0.43,0.13,0.01,0.0,0.0,0.0
235,0.0,0.0,0.0,0.0,0.0,0.0,0.0,0.02,0.09,0.25,0.27,0.79,0.56,0.37,0.35,0.73,0.75,0.25,0.13,0.02,0.0,0.0,0.0,0.0,0.0,0.0,0.0,0.0,0.0,0.0,0.0,0.02,0.14,0.39,0.52,0.77,1.01,0.74,1.09,1.75,0.99,0.76,0.59,0.18,0.01,0.0,0.0,0.0,0.0,0.0,0.0,0.0,0.0,0.0,0.0,0.1,0.42,0.68,0.6,0.88,0.59,0.46,1.15,1.36,0.72,0.77,0.29,0.05,0.0,0.0,0.0,0.0,0.0,0.0,0.0,0.0,0.0,0.0,0.0,0.04,0.16,0.21,0.25,0.35,0.3,0.44,0.4,0.31,0.24,0.16,0.1,0.05,0.0,0.0,0.0,0.0,0.0,0.0,0.0,0.0,0.0,0.0,0.0,0.11,0.31,0.45,0.82,1.5,2.61,2.3,2.08,2.28,1.46,0.71,0.68,0.13,0.0,0.0,0.0,0.0,0.0,0.0,0.0,0.0,0.0,0.0,0.0,0.01,0.1,0.33,0.66,1.08,1.87,0.91,0.9,0.82,1.22,1.13,0.43,0.13,0.01,0.0,0.0,0.0,0.0,0.0,0.0,0.0,0.0,0.0,0.0,0.07,0.37,0.55,1.27,1.22,0.88,1.6,1.78,1.56,1.39,1.12,0.5,0.15,0.0,0.0,0.0,0.0
236,0.0,0.0,0.0,0.0,0.0,0.0,0.0,0.02,0.14,0.39,0.52,0.77,1.01,0.74,1.09,1.75,0.99,0.76,0.59,0.18,0.01,0.0,0.0,0.0,0.0,0.0,0.0,0.0,0.0,0.0,0.0,0.1,0.42,0.68,0.6,0.88,0.59,0.46,1.15,1.36,0.72,0.77,0.29,0.05,0.0,0.0,0.0,0.0,0.0,0.0,0.0,0.0,0.0,0.0,0.0,0.04,0.16,0.21,0.25,0.35,0.3,0.44,0.4,0.31,0.24,0.16,0.1,0.05,0.0,0.0,0.0,0.0,0.0,0.0,0.0,0.0,0.0,0.0,0.0,0.11,0.31,0.45,0.82,1.5,2.61,2.3,2.08,2.28,1.46,0.71,0.68,0.13,0.0,0.0,0.0,0.0,0.0,0.0,0.0,0.0,0.0,0.0,0.0,0.01,0.1,0.33,0.66,1.08,1.87,0.91,0.9,0.82,1.22,1.13,0.43,0.13,0.01,0.0,0.0,0.0,0.0,0.0,0.0,0.0,0.0,0.0,0.0,0.07,0.37,0.55,1.27,1.22,0.88,1.6,1.78,1.56,1.39,1.12,0.5,0.15,0.0,0.0,0.0,0.0,0.0,0.0,0.0,0.0,0.0,0.0,0.0,0.03,0.13,0.27,0.4,0.36,0.34,0.2,0.19,0.16,0.13,0.09,0.06,0.02,0.01,0.0,0.0,0.0
237,0.0,0.0,0.0,0.0,0.0,0.0,0.0,0.1,0.42,0.68,0.6,0.88,0.59,0.46,1.15,1.36,0.72,0.77,0.29,0.05,0.0,0.0,0.0,0.0,0.0,0.0,0.0,0.0,0.0,0.0,0.0,0.04,0.16,0.21,0.25,0.35,0.3,0.44,0.4,0.31,0.24,0.16,0.1,0.05,0.0,0.0,0.0,0.0,0.0,0.0,0.0,0.0,0.0,0.0,0.0,0.11,0.31,0.45,0.82,1.5,2.61,2.3,2.08,2.28,1.46,0.71,0.68,0.13,0.0,0.0,0.0,0.0,0.0,0.0,0.0,0.0,0.0,0.0,0.0,0.01,0.1,0.33,0.66,1.08,1.87,0.91,0.9,0.82,1.22,1.13,0.43,0.13,0.01,0.0,0.0,0.0,0.0,0.0,0.0,0.0,0.0,0.0,0.0,0.07,0.37,0.55,1.27,1.22,0.88,1.6,1.78,1.56,1.39,1.12,0.5,0.15,0.0,0.0,0.0,0.0,0.0,0.0,0.0,0.0,0.0,0.0,0.0,0.03,0.13,0.27,0.4,0.36,0.34,0.2,0.19,0.16,0.13,0.09,0.06,0.02,0.01,0.0,0.0,0.0,0.0,0.0,0.0,0.0,0.0,0.0,0.0,0.03,0.14,0.44,0.45,0.56,0.59,0.69,1.26,1.15,1.21,0.47,0.2,0.05,0.0,0.0,0.0,0.0
238,0.0,0.0,0.0,0.0,0.0,0.0,0.0,0.04,0.16,0.21,0.25,0.35,0.3,0.44,0.4,0.31,0.24,0.16,0.1,0.05,0.0,0.0,0.0,0.0,0.0,0.0,0.0,0.0,0.0,0.0,0.0,0.11,0.31,0.45,0.82,1.5,2.61,2.3,2.08,2.28,1.46,0.71,0.68,0.13,0.0,0.0,0.0,0.0,0.0,0.0,0.0,0.0,0.0,0.0,0.0,0.01,0.1,0.33,0.66,1.08,1.87,0.91,0.9,0.82,1.22,1.13,0.43,0.13,0.01,0.0,0.0,0.0,0.0,0.0,0.0,0.0,0.0,0.0,0.0,0.07,0.37,0.55,1.27,1.22,0.88,1.6,1.78,1.56,1.39,1.12,0.5,0.15,0.0,0.0,0.0,0.0,0.0,0.0,0.0,0.0,0.0,0.0,0.0,0.03,0.13,0.27,0.4,0.36,0.34,0.2,0.19,0.16,0.13,0.09,0.06,0.02,0.01,0.0,0.0,0.0,0.0,0.0,0.0,0.0,0.0,0.0,0.0,0.03,0.14,0.44,0.45,0.56,0.59,0.69,1.26,1.15,1.21,0.47,0.2,0.05,0.0,0.0,0.0,0.0,0.0,0.0,0.0,0.0,0.0,0.0,0.0,0.07,0.39,0.95,1.43,0.89,2.0,2.27,2.24,1.34,0.77,0.49,0.33,0.07,0.0,0.0,0.0,0.0
239,0.0,0.0,0.0,0.0,0.0,0.0,0.0,0.11,0.31,0.45,0.82,1.5,2.61,2.3,2.08,2.28,1.46,0.71,0.68,0.13,0.0,0.0,0.0,0.0,0.0,0.0,0.0,0.0,0.0,0.0,0.0,0.01,0.1,0.33,0.66,1.08,1.87,0.91,0.9,0.82,1.22,1.13,0.43,0.13,0.01,0.0,0.0,0.0,0.0,0.0,0.0,0.0,0.0,0.0,0.0,0.07,0.37,0.55,1.27,1.22,0.88,1.6,1.78,1.56,1.39,1.12,0.5,0.15,0.0,0.0,0.0,0.0,0.0,0.0,0.0,0.0,0.0,0.0,0.0,0.03,0.13,0.27,0.4,0.36,0.34,0.2,0.19,0.16,0.13,0.09,0.06,0.02,0.01,0.0,0.0,0.0,0.0,0.0,0.0,0.0,0.0,0.0,0.0,0.03,0.14,0.44,0.45,0.56,0.59,0.69,1.26,1.15,1.21,0.47,0.2,0.05,0.0,0.0,0.0,0.0,0.0,0.0,0.0,0.0,0.0,0.0,0.0,0.07,0.39,0.95,1.43,0.89,2.0,2.27,2.24,1.34,0.77,0.49,0.33,0.07,0.0,0.0,0.0,0.0,0.0,0.0,0.0,0.0,0.0,0.0,0.0,0.08,0.8,1.58,2.12,2.81,2.89,3.3,3.19,2.86,2.32,1.65,0.84,0.2,0.0,0.0,0.0,0.0
240,0.0,0.0,0.0,0.0,0.0,0.0,0.0,0.01,0.1,0.33,0.66,1.08,1.87,0.91,0.9,0.82,1.22,1.13,0.43,0.13,0.01,0.0,0.0,0.0,0.0,0.0,0.0,0.0,0.0,0.0,0.0,0.07,0.37,0.55,1.27,1.22,0.88,1.6,1.78,1.56,1.39,1.12,0.5,0.15,0.0,0.0,0.0,0.0,0.0,0.0,0.0,0.0,0.0,0.0,0.0,0.03,0.13,0.27,0.4,0.36,0.34,0.2,0.19,0.16,0.13,0.09,0.06,0.02,0.01,0.0,0.0,0.0,0.0,0.0,0.0,0.0,0.0,0.0,0.0,0.03,0.14,0.44,0.45,0.56,0.59,0.69,1.26,1.15,1.21,0.47,0.2,0.05,0.0,0.0,0.0,0.0,0.0,0.0,0.0,0.0,0.0,0.0,0.0,0.07,0.39,0.95,1.43,0.89,2.0,2.27,2.24,1.34,0.77,0.49,0.33,0.07,0.0,0.0,0.0,0.0,0.0,0.0,0.0,0.0,0.0,0.0,0.0,0.08,0.8,1.58,2.12,2.81,2.89,3.3,3.19,2.86,2.32,1.65,0.84,0.2,0.0,0.0,0.0,0.0,0.0,0.0,0.0,0.0,0.0,0.0,0.0,0.2,0.6,1.45,2.07,2.32,2.94,3.13,2.71,2.67,1.11,0.72,0.53,0.13,0.0,0.0,0.0,0.0
241,0.0,0.0,0.0,0.0,0.0,0.0,0.0,0.07,0.37,0.55,1.27,1.22,0.88,1.6,1.78,1.56,1.39,1.12,0.5,0.15,0.0,0.0,0.0,0.0,0.0,0.0,0.0,0.0,0.0,0.0,0.0,0.03,0.13,0.27,0.4,0.36,0.34,0.2,0.19,0.16,0.13,0.09,0.06,0.02,0.01,0.0,0.0,0.0,0.0,0.0,0.0,0.0,0.0,0.0,0.0,0.03,0.14,0.44,0.45,0.56,0.59,0.69,1.26,1.15,1.21,0.47,0.2,0.05,0.0,0.0,0.0,0.0,0.0,0.0,0.0,0.0,0.0,0.0,0.0,0.07,0.39,0.95,1.43,0.89,2.0,2.27,2.24,1.34,0.77,0.49,0.33,0.07,0.0,0.0,0.0,0.0,0.0,0.0,0.0,0.0,0.0,0.0,0.0,0.08,0.8,1.58,2.12,2.81,2.89,3.3,3.19,2.86,2.32,1.65,0.84,0.2,0.0,0.0,0.0,0.0,0.0,0.0,0.0,0.0,0.0,0.0,0.0,0.2,0.6,1.45,2.07,2.32,2.94,3.13,2.71,2.67,1.11,0.72,0.53,0.13,0.0,0.0,0.0,0.0,0.0,0.0,0.0,0.0,0.0,0.0,0.0,0.1,0.54,1.26,0.87,1.64,2.75,2.88,2.19,1.61,0.94,0.56,0.39,0.1,0.0,0.0,0.0,0.0
242,0.0,0.0,0.0,0.0,0.0,0.0,0.0,0.03,0.13,0.27,0.4,0.36,0.34,0.2,0.19,0.16,0.13,0.09,0.06,0.02,0.01,0.0,0.0,0.0,0.0,0.0,0.0,0.0,0.0,0.0,0.0,0.03,0.14,0.44,0.45,0.56,0.59,0.69,1.26,1.15,1.21,0.47,0.2,0.05,0.0,0.0,0.0,0.0,0.0,0.0,0.0,0.0,0.0,0.0,0.0,0.07,0.39,0.95,1.43,0.89,2.0,2.27,2.24,1.34,0.77,0.49,0.33,0.07,0.0,0.0,0.0,0.0,0.0,0.0,0.0,0.0,0.0,0.0,0.0,0.08,0.8,1.58,2.12,2.81,2.89,3.3,3.19,2.86,2.32,1.65,0.84,0.2,0.0,0.0,0.0,0.0,0.0,0.0,0.0,0.0,0.0,0.0,0.0,0.2,0.6,1.45,2.07,2.32,2.94,3.13,2.71,2.67,1.11,0.72,0.53,0.13,0.0,0.0,0.0,0.0,0.0,0.0,0.0,0.0,0.0,0.0,0.0,0.1,0.54,1.26,0.87,1.64,2.75,2.88,2.19,1.61,0.94,0.56,0.39,0.1,0.0,0.0,0.0,0.0,0.0,0.0,0.0,0.0,0.0,0.0,0.0,0.07,0.38,1.22,1.67,1.6,2.12,1.95,1.3,0.63,0.5,0.42,0.15,0.01,0.0,0.0,0.0,0.0
243,0.0,0.0,0.0,0.0,0.0,0.0,0.0,0.03,0.14,0.44,0.45,0.56,0.59,0.69,1.26,1.15,1.21,0.47,0.2,0.05,0.0,0.0,0.0,0.0,0.0,0.0,0.0,0.0,0.0,0.0,0.0,0.07,0.39,0.95,1.43,0.89,2.0,2.27,2.24,1.34,0.77,0.49,0.33,0.07,0.0,0.0,0.0,0.0,0.0,0.0,0.0,0.0,0.0,0.0,0.0,0.08,0.8,1.58,2.12,2.81,2.89,3.3,3.19,2.86,2.32,1.65,0.84,0.2,0.0,0.0,0.0,0.0,0.0,0.0,0.0,0.0,0.0,0.0,0.0,0.2,0.6,1.45,2.07,2.32,2.94,3.13,2.71,2.67,1.11,0.72,0.53,0.13,0.0,0.0,0.0,0.0,0.0,0.0,0.0,0.0,0.0,0.0,0.0,0.1,0.54,1.26,0.87,1.64,2.75,2.88,2.19,1.61,0.94,0.56,0.39,0.1,0.0,0.0,0.0,0.0,0.0,0.0,0.0,0.0,0.0,0.0,0.0,0.07,0.38,1.22,1.67,1.6,2.12,1.95,1.3,0.63,0.5,0.42,0.15,0.01,0.0,0.0,0.0,0.0,0.0,0.0,0.0,0.0,0.0,0.0,0.0,0.0,0.04,0.06,0.1,0.11,0.16,0.27,0.25,0.25,0.22,0.19,0.12,0.03,0.0,0.0,0.0,0.0
244,0.0,0.0,0.0,0.0,0.0,0.0,0.0,0.07,0.39,0.95,1.43,0.89,2.0,2.27,2.24,1.34,0.77,0.49,0.33,0.07,0.0,0.0,0.0,0.0,0.0,0.0,0.0,0.0,0.0,0.0,0.0,0.08,0.8,1.58,2.12,2.81,2.89,3.3,3.19,2.86,2.32,1.65,0.84,0.2,0.0,0.0,0.0,0.0,0.0,0.0,0.0,0.0,0.0,0.0,0.0,0.2,0.6,1.45,2.07,2.32,2.94,3.13,2.71,2.67,1.11,0.72,0.53,0.13,0.0,0.0,0.0,0.0,0.0,0.0,0.0,0.0,0.0,0.0,0.0,0.1,0.54,1.26,0.87,1.64,2.75,2.88,2.19,1.61,0.94,0.56,0.39,0.1,0.0,0.0,0.0,0.0,0.0,0.0,0.0,0.0,0.0,0.0,0.0,0.07,0.38,1.22,1.67,1.6,2.12,1.95,1.3,0.63,0.5,0.42,0.15,0.01,0.0,0.0,0.0,0.0,0.0,0.0,0.0,0.0,0.0,0.0,0.0,0.0,0.04,0.06,0.1,0.11,0.16,0.27,0.25,0.25,0.22,0.19,0.12,0.03,0.0,0.0,0.0,0.0,0.0,0.0,0.0,0.0,0.0,0.0,0.0,0.04,0.29,0.64,1.86,1.62,2.81,2.8,2.32,2.02,1.29,1.55,0.79,0.15,0.0,0.0,0.0,0.0
245,0.0,0.0,0.0,0.0,0.0,0.0,0.0,0.08,0.8,1.58,2.12,2.81,2.89,3.3,3.19,2.86,2.32,1.65,0.84,0.2,0.0,0.0,0.0,0.0,0.0,0.0,0.0,0.0,0.0,0.0,0.0,0.2,0.6,1.45,2.07,2.32,2.94,3.13,2.71,2.67,1.11,0.72,0.53,0.13,0.0,0.0,0.0,0.0,0.0,0.0,0.0,0.0,0.0,0.0,0.0,0.1,0.54,1.26,0.87,1.64,2.75,2.88,2.19,1.61,0.94,0.56,0.39,0.1,0.0,0.0,0.0,0.0,0.0,0.0,0.0,0.0,0.0,0.0,0.0,0.07,0.38,1.22,1.67,1.6,2.12,1.95,1.3,0.63,0.5,0.42,0.15,0.01,0.0,0.0,0.0,0.0,0.0,0.0,0.0,0.0,0.0,0.0,0.0,0.0,0.04,0.06,0.1,0.11,0.16,0.27,0.25,0.25,0.22,0.19,0.12,0.03,0.0,0.0,0.0,0.0,0.0,0.0,0.0,0.0,0.0,0.0,0.0,0.04,0.29,0.64,1.86,1.62,2.81,2.8,2.32,2.02,1.29,1.55,0.79,0.15,0.0,0.0,0.0,0.0,0.0,0.0,0.0,0.0,0.0,0.0,0.0,0.06,0.45,1.18,1.82,2.25,1.57,2.38,3.01,2.51,2.08,1.14,0.38,0.07,0.0,0.0,0.0,0.0
246,0.0,0.0,0.0,0.0,0.0,0.0,0.0,0.2,0.6,1.45,2.07,2.32,2.94,3.13,2.71,2.67,1.11,0.72,0.53,0.13,0.0,0.0,0.0,0.0,0.0,0.0,0.0,0.0,0.0,0.0,0.0,0.1,0.54,1.26,0.87,1.64,2.75,2.88,2.19,1.61,0.94,0.56,0.39,0.1,0.0,0.0,0.0,0.0,0.0,0.0,0.0,0.0,0.0,0.0,0.0,0.07,0.38,1.22,1.67,1.6,2.12,1.95,1.3,0.63,0.5,0.42,0.15,0.01,0.0,0.0,0.0,0.0,0.0,0.0,0.0,0.0,0.0,0.0,0.0,0.0,0.04,0.06,0.1,0.11,0.16,0.27,0.25,0.25,0.22,0.19,0.12,0.03,0.0,0.0,0.0,0.0,0.0,0.0,0.0,0.0,0.0,0.0,0.0,0.04,0.29,0.64,1.86,1.62,2.81,2.8,2.32,2.02,1.29,1.55,0.79,0.15,0.0,0.0,0.0,0.0,0.0,0.0,0.0,0.0,0.0,0.0,0.0,0.06,0.45,1.18,1.82,2.25,1.57,2.38,3.01,2.51,2.08,1.14,0.38,0.07,0.0,0.0,0.0,0.0,0.0,0.0,0.0,0.0,0.0,0.0,0.0,0.07,0.39,0.72,1.24,1.11,1.56,3.01,2.79,2.69,1.8,0.8,0.65,0.13,0.0,0.0,0.0,0.0
247,0.0,0.0,0.0,0.0,0.0,0.0,0.0,0.1,0.54,1.26,0.87,1.64,2.75,2.88,2.19,1.61,0.94,0.56,0.39,0.1,0.0,0.0,0.0,0.0,0.0,0.0,0.0,0.0,0.0,0.0,0.0,0.07,0.38,1.22,1.67,1.6,2.12,1.95,1.3,0.63,0.5,0.42,0.15,0.01,0.0,0.0,0.0,0.0,0.0,0.0,0.0,0.0,0.0,0.0,0.0,0.0,0.04,0.06,0.1,0.11,0.16,0.27,0.25,0.25,0.22,0.19,0.12,0.03,0.0,0.0,0.0,0.0,0.0,0.0,0.0,0.0,0.0,0.0,0.0,0.04,0.29,0.64,1.86,1.62,2.81,2.8,2.32,2.02,1.29,1.55,0.79,0.15,0.0,0.0,0.0,0.0,0.0,0.0,0.0,0.0,0.0,0.0,0.0,0.06,0.45,1.18,1.82,2.25,1.57,2.38,3.01,2.51,2.08,1.14,0.38,0.07,0.0,0.0,0.0,0.0,0.0,0.0,0.0,0.0,0.0,0.0,0.0,0.07,0.39,0.72,1.24,1.11,1.56,3.01,2.79,2.69,1.8,0.8,0.65,0.13,0.0,0.0,0.0,0.0,0.0,0.0,0.0,0.0,0.0,0.0,0.0,0.09,0.51,0.88,0.99,2.38,2.12,2.83,3.02,2.51,2.05,1.4,0.65,0.11,0.0,0.0,0.0,0.0
248,0.0,0.0,0.0,0.0,0.0,0.0,0.0,0.07,0.38,1.22,1.67,1.6,2.12,1.95,1.3,0.63,0.5,0.42,0.15,0.01,0.0,0.0,0.0,0.0,0.0,0.0,0.0,0.0,0.0,0.0,0.0,0.0,0.04,0.06,0.1,0.11,0.16,0.27,0.25,0.25,0.22,0.19,0.12,0.03,0.0,0.0,0.0,0.0,0.0,0.0,0.0,0.0,0.0,0.0,0.0,0.04,0.29,0.64,1.86,1.62,2.81,2.8,2.32,2.02,1.29,1.55,0.79,0.15,0.0,0.0,0.0,0.0,0.0,0.0,0.0,0.0,0.0,0.0,0.0,0.06,0.45,1.18,1.82,2.25,1.57,2.38,3.01,2.51,2.08,1.14,0.38,0.07,0.0,0.0,0.0,0.0,0.0,0.0,0.0,0.0,0.0,0.0,0.0,0.07,0.39,0.72,1.24,1.11,1.56,3.01,2.79,2.69,1.8,0.8,0.65,0.13,0.0,0.0,0.0,0.0,0.0,0.0,0.0,0.0,0.0,0.0,0.0,0.09,0.51,0.88,0.99,2.38,2.12,2.83,3.02,2.51,2.05,1.4,0.65,0.11,0.0,0.0,0.0,0.0,0.0,0.0,0.0,0.0,0.0,0.0,0.0,0.09,0.54,0.87,1.5,2.57,3.05,3.12,3.11,2.76,2.21,1.5,0.72,0.11,0.0,0.0,0.0,0.0
249,0.0,0.0,0.0,0.0,0.0,0.0,0.0,0.0,0.04,0.06,0.1,0.11,0.16,0.27,0.25,0.25,0.22,0.19,0.12,0.03,0.0,0.0,0.0,0.0,0.0,0.0,0.0,0.0,0.0,0.0,0.0,0.04,0.29,0.64,1.86,1.62,2.81,2.8,2.32,2.02,1.29,1.55,0.79,0.15,0.0,0.0,0.0,0.0,0.0,0.0,0.0,0.0,0.0,0.0,0.0,0.06,0.45,1.18,1.82,2.25,1.57,2.38,3.01,2.51,2.08,1.14,0.38,0.07,0.0,0.0,0.0,0.0,0.0,0.0,0.0,0.0,0.0,0.0,0.0,0.07,0.39,0.72,1.24,1.11,1.56,3.01,2.79,2.69,1.8,0.8,0.65,0.13,0.0,0.0,0.0,0.0,0.0,0.0,0.0,0.0,0.0,0.0,0.0,0.09,0.51,0.88,0.99,2.38,2.12,2.83,3.02,2.51,2.05,1.4,0.65,0.11,0.0,0.0,0.0,0.0,0.0,0.0,0.0,0.0,0.0,0.0,0.0,0.09,0.54,0.87,1.5,2.57,3.05,3.12,3.11,2.76,2.21,1.5,0.72,0.11,0.0,0.0,0.0,0.0,0.0,0.0,0.0,0.0,0.0,0.0,0.0,0.06,0.58,0.91,0.67,1.33,2.47,3.17,2.87,2.88,1.18,0.96,0.42,0.11,0.0,0.0,0.0,0.0
250,0.0,0.0,0.0,0.0,0.0,0.0,0.0,0.04,0.29,0.64,1.86,1.62,2.81,2.8,2.32,2.02,1.29,1.55,0.79,0.15,0.0,0.0,0.0,0.0,0.0,0.0,0.0,0.0,0.0,0.0,0.0,0.06,0.45,1.18,1.82,2.25,1.57,2.38,3.01,2.51,2.08,1.14,0.38,0.07,0.0,0.0,0.0,0.0,0.0,0.0,0.0,0.0,0.0,0.0,0.0,0.07,0.39,0.72,1.24,1.11,1.56,3.01,2.79,2.69,1.8,0.8,0.65,0.13,0.0,0.0,0.0,0.0,0.0,0.0,0.0,0.0,0.0,0.0,0.0,0.09,0.51,0.88,0.99,2.38,2.12,2.83,3.02,2.51,2.05,1.4,0.65,0.11,0.0,0.0,0.0,0.0,0.0,0.0,0.0,0.0,0.0,0.0,0.0,0.09,0.54,0.87,1.5,2.57,3.05,3.12,3.11,2.76,2.21,1.5,0.72,0.11,0.0,0.0,0.0,0.0,0.0,0.0,0.0,0.0,0.0,0.0,0.0,0.06,0.58,0.91,0.67,1.33,2.47,3.17,2.87,2.88,1.18,0.96,0.42,0.11,0.0,0.0,0.0,0.0,0.0,0.0,0.0,0.0,0.0,0.0,0.0,0.04,0.35,1.05,1.88,2.32,3.05,3.23,3.07,2.67,2.1,1.42,0.62,0.08,0.0,0.0,0.0,0.0
251,0.0,0.0,0.0,0.0,0.0,0.0,0.0,0.06,0.45,1.18,1.82,2.25,1.57,2.38,3.01,2.51,2.08,1.14,0.38,0.07,0.0,0.0,0.0,0.0,0.0,0.0,0.0,0.0,0.0,0.0,0.0,0.07,0.39,0.72,1.24,1.11,1.56,3.01,2.79,2.69,1.8,0.8,0.65,0.13,0.0,0.0,0.0,0.0,0.0,0.0,0.0,0.0,0.0,0.0,0.0,0.09,0.51,0.88,0.99,2.38,2.12,2.83,3.02,2.51,2.05,1.4,0.65,0.11,0.0,0.0,0.0,0.0,0.0,0.0,0.0,0.0,0.0,0.0,0.0,0.09,0.54,0.87,1.5,2.57,3.05,3.12,3.11,2.76,2.21,1.5,0.72,0.11,0.0,0.0,0.0,0.0,0.0,0.0,0.0,0.0,0.0,0.0,0.0,0.06,0.58,0.91,0.67,1.33,2.47,3.17,2.87,2.88,1.18,0.96,0.42,0.11,0.0,0.0,0.0,0.0,0.0,0.0,0.0,0.0,0.0,0.0,0.0,0.04,0.35,1.05,1.88,2.32,3.05,3.23,3.07,2.67,2.1,1.42,0.62,0.08,0.0,0.0,0.0,0.0,0.0,0.0,0.0,0.0,0.0,0.0,0.0,0.1,0.68,1.44,2.15,2.67,3.04,3.15,3.08,2.36,1.86,1.35,0.65,0.09,0.0,0.0,0.0,0.0
252,0.0,0.0,0.0,0.0,0.0,0.0,0.0,0.07,0.39,0.72,1.24,1.11,1.56,3.01,2.79,2.69,1.8,0.8,0.65,0.13,0.0,0.0,0.0,0.0,0.0,0.0,0.0,0.0,0.0,0.0,0.0,0.09,0.51,0.88,0.99,2.38,2.12,2.83,3.02,2.51,2.05,1.4,0.65,0.11,0.0,0.0,0.0,0.0,0.0,0.0,0.0,0.0,0.0,0.0,0.0,0.09,0.54,0.87,1.5,2.57,3.05,3.12,3.11,2.76,2.21,1.5,0.72,0.11,0.0,0.0,0.0,0.0,0.0,0.0,0.0,0.0,0.0,0.0,0.0,0.06,0.58,0.91,0.67,1.33,2.47,3.17,2.87,2.88,1.18,0.96,0.42,0.11,0.0,0.0,0.0,0.0,0.0,0.0,0.0,0.0,0.0,0.0,0.0,0.04,0.35,1.05,1.88,2.32,3.05,3.23,3.07,2.67,2.1,1.42,0.62,0.08,0.0,0.0,0.0,0.0,0.0,0.0,0.0,0.0,0.0,0.0,0.0,0.1,0.68,1.44,2.15,2.67,3.04,3.15,3.08,2.36,1.86,1.35,0.65,0.09,0.0,0.0,0.0,0.0,0.0,0.0,0.0,0.0,0.0,0.0,0.0,0.1,0.7,1.45,2.15,2.71,3.06,2.91,2.6,1.93,1.42,0.77,0.33,0.05,0.0,0.0,0.0,0.0
253,0.0,0.0,0.0,0.0,0.0,0.0,0.0,0.09,0.51,0.88,0.99,2.38,2.12,2.83,3.02,2.51,2.05,1.4,0.65,0.11,0.0,0.0,0.0,0.0,0.0,0.0,0.0,0.0,0.0,0.0,0.0,0.09,0.54,0.87,1.5,2.57,3.05,3.12,3.11,2.76,2.21,1.5,0.72,0.11,0.0,0.0,0.0,0.0,0.0,0.0,0.0,0.0,0.0,0.0,0.0,0.06,0.58,0.91,0.67,1.33,2.47,3.17,2.87,2.88,1.18,0.96,0.42,0.11,0.0,0.0,0.0,0.0,0.0,0.0,0.0,0.0,0.0,0.0,0.0,0.04,0.35,1.05,1.88,2.32,3.05,3.23,3.07,2.67,2.1,1.42,0.62,0.08,0.0,0.0,0.0,0.0,0.0,0.0,0.0,0.0,0.0,0.0,0.0,0.1,0.68,1.44,2.15,2.67,3.04,3.15,3.08,2.36,1.86,1.35,0.65,0.09,0.0,0.0,0.0,0.0,0.0,0.0,0.0,0.0,0.0,0.0,0.0,0.1,0.7,1.45,2.15,2.71,3.06,2.91,2.6,1.93,1.42,0.77,0.33,0.05,0.0,0.0,0.0,0.0,0.0,0.0,0.0,0.0,0.0,0.0,0.0,0.04,0.27,0.54,0.86,1.15,2.74,2.97,3.01,2.58,2.0,1.4,0.45,0.04,0.0,0.0,0.0,0.0
254,0.0,0.0,0.0,0.0,0.0,0.0,0.0,0.09,0.54,0.87,1.5,2.57,3.05,3.12,3.11,2.76,2.21,1.5,0.72,0.11,0.0,0.0,0.0,0.0,0.0,0.0,0.0,0.0,0.0,0.0,0.0,0.06,0.58,0.91,0.67,1.33,2.47,3.17,2.87,2.88,1.18,0.96,0.42,0.11,0.0,0.0,0.0,0.0,0.0,0.0,0.0,0.0,0.0,0.0,0.0,0.04,0.35,1.05,1.88,2.32,3.05,3.23,3.07,2.67,2.1,1.42,0.62,0.08,0.0,0.0,0.0,0.0,0.0,0.0,0.0,0.0,0.0,0.0,0.0,0.1,0.68,1.44,2.15,2.67,3.04,3.15,3.08,2.36,1.86,1.35,0.65,0.09,0.0,0.0,0.0,0.0,0.0,0.0,0.0,0.0,0.0,0.0,0.0,0.1,0.7,1.45,2.15,2.71,3.06,2.91,2.6,1.93,1.42,0.77,0.33,0.05,0.0,0.0,0.0,0.0,0.0,0.0,0.0,0.0,0.0,0.0,0.0,0.04,0.27,0.54,0.86,1.15,2.74,2.97,3.01,2.58,2.0,1.4,0.45,0.04,0.0,0.0,0.0,0.0,0.0,0.0,0.0,0.0,0.0,0.0,0.0,0.08,0.63,1.39,2.1,2.62,2.86,2.89,2.39,2.15,1.91,0.34,0.36,0.05,0.0,0.0,0.0,0.0
255,0.0,0.0,0.0,0.0,0.0,0.0,0.0,0.06,0.58,0.91,0.67,1.33,2.47,3.17,2.87,2.88,1.18,0.96,0.42,0.11,0.0,0.0,0.0,0.0,0.0,0.0,0.0,0.0,0.0,0.0,0.0,0.04,0.35,1.05,1.88,2.32,3.05,3.23,3.07,2.67,2.1,1.42,0.62,0.08,0.0,0.0,0.0,0.0,0.0,0.0,0.0,0.0,0.0,0.0,0.0,0.1,0.68,1.44,2.15,2.67,3.04,3.15,3.08,2.36,1.86,1.35,0.65,0.09,0.0,0.0,0.0,0.0,0.0,0.0,0.0,0.0,0.0,0.0,0.0,0.1,0.7,1.45,2.15,2.71,3.06,2.91,2.6,1.93,1.42,0.77,0.33,0.05,0.0,0.0,0.0,0.0,0.0,0.0,0.0,0.0,0.0,0.0,0.0,0.04,0.27,0.54,0.86,1.15,2.74,2.97,3.01,2.58,2.0,1.4,0.45,0.04,0.0,0.0,0.0,0.0,0.0,0.0,0.0,0.0,0.0,0.0,0.0,0.08,0.63,1.39,2.1,2.62,2.86,2.89,2.39,2.15,1.91,0.34,0.36,0.05,0.0,0.0,0.0,0.0,0.0,0.0,0.0,0.0,0.0,0.0,0.0,0.07,0.46,0.77,1.24,2.31,2.17,1.25,1.4,1.79,1.48,0.73,0.25,0.05,0.0,0.0,0.0,0.0
256,0.0,0.0,0.0,0.0,0.0,0.0,0.0,0.04,0.35,1.05,1.88,2.32,3.05,3.23,3.07,2.67,2.1,1.42,0.62,0.08,0.0,0.0,0.0,0.0,0.0,0.0,0.0,0.0,0.0,0.0,0.0,0.1,0.68,1.44,2.15,2.67,3.04,3.15,3.08,2.36,1.86,1.35,0.65,0.09,0.0,0.0,0.0,0.0,0.0,0.0,0.0,0.0,0.0,0.0,0.0,0.1,0.7,1.45,2.15,2.71,3.06,2.91,2.6,1.93,1.42,0.77,0.33,0.05,0.0,0.0,0.0,0.0,0.0,0.0,0.0,0.0,0.0,0.0,0.0,0.04,0.27,0.54,0.86,1.15,2.74,2.97,3.01,2.58,2.0,1.4,0.45,0.04,0.0,0.0,0.0,0.0,0.0,0.0,0.0,0.0,0.0,0.0,0.0,0.08,0.63,1.39,2.1,2.62,2.86,2.89,2.39,2.15,1.91,0.34,0.36,0.05,0.0,0.0,0.0,0.0,0.0,0.0,0.0,0.0,0.0,0.0,0.0,0.07,0.46,0.77,1.24,2.31,2.17,1.25,1.4,1.79,1.48,0.73,0.25,0.05,0.0,0.0,0.0,0.0,0.0,0.0,0.0,0.0,0.0,0.0,0.0,0.07,0.62,1.4,2.03,1.7,2.58,2.95,2.62,2.59,1.66,1.25,0.36,0.03,0.0,0.0,0.0,0.0
257,0.0,0.0,0.0,0.0,0.0,0.0,0.0,0.1,0.68,1.44,2.15,2.67,3.04,3.15,3.08,2.36,1.86,1.35,0.65,0.09,0.0,0.0,0.0,0.0,0.0,0.0,0.0,0.0,0.0,0.0,0.0,0.1,0.7,1.45,2.15,2.71,3.06,2.91,2.6,1.93,1.42,0.77,0.33,0.05,0.0,0.0,0.0,0.0,0.0,0.0,0.0,0.0,0.0,0.0,0.0,0.04,0.27,0.54,0.86,1.15,2.74,2.97,3.01,2.58,2.0,1.4,0.45,0.04,0.0,0.0,0.0,0.0,0.0,0.0,0.0,0.0,0.0,0.0,0.0,0.08,0.63,1.39,2.1,2.62,2.86,2.89,2.39,2.15,1.91,0.34,0.36,0.05,0.0,0.0,0.0,0.0,0.0,0.0,0.0,0.0,0.0,0.0,0.0,0.07,0.46,0.77,1.24,2.31,2.17,1.25,1.4,1.79,1.48,0.73,0.25,0.05,0.0,0.0,0.0,0.0,0.0,0.0,0.0,0.0,0.0,0.0,0.0,0.07,0.62,1.4,2.03,1.7,2.58,2.95,2.62,2.59,1.66,1.25,0.36,0.03,0.0,0.0,0.0,0.0,0.0,0.0,0.0,0.0,0.0,0.0,0.0,0.01,0.16,0.22,0.21,0.36,1.25,1.64,2.28,2.48,1.48,1.21,0.5,0.04,0.0,0.0,0.0,0.0
258,0.0,0.0,0.0,0.0,0.0,0.0,0.0,0.1,0.7,1.45,2.15,2.71,3.06,2.91,2.6,1.93,1.42,0.77,0.33,0.05,0.0,0.0,0.0,0.0,0.0,0.0,0.0,0.0,0.0,0.0,0.0,0.04,0.27,0.54,0.86,1.15,2.74,2.97,3.01,2.58,2.0,1.4,0.45,0.04,0.0,0.0,0.0,0.0,0.0,0.0,0.0,0.0,0.0,0.0,0.0,0.08,0.63,1.39,2.1,2.62,2.86,2.89,2.39,2.15,1.91,0.34,0.36,0.05,0.0,0.0,0.0,0.0,0.0,0.0,0.0,0.0,0.0,0.0,0.0,0.07,0.46,0.77,1.24,2.31,2.17,1.25,1.4,1.79,1.48,0.73,0.25,0.05,0.0,0.0,0.0,0.0,0.0,0.0,0.0,0.0,0.0,0.0,0.0,0.07,0.62,1.4,2.03,1.7,2.58,2.95,2.62,2.59,1.66,1.25,0.36,0.03,0.0,0.0,0.0,0.0,0.0,0.0,0.0,0.0,0.0,0.0,0.0,0.01,0.16,0.22,0.21,0.36,1.25,1.64,2.28,2.48,1.48,1.21,0.5,0.04,0.0,0.0,0.0,0.0,0.0,0.0,0.0,0.0,0.0,0.0,0.0,0.04,0.22,0.81,1.27,1.52,1.85,1.73,1.78,1.81,1.86,1.37,0.59,0.04,0.0,0.0,0.0,0.0
259,0.0,0.0,0.0,0.0,0.0,0.0,0.0,0.04,0.27,0.54,0.86,1.15,2.74,2.97,3.01,2.58,2.0,1.4,0.45,0.04,0.0,0.0,0.0,0.0,0.0,0.0,0.0,0.0,0.0,0.0,0.0,0.08,0.63,1.39,2.1,2.62,2.86,2.89,2.39,2.15,1.91,0.34,0.36,0.05,0.0,0.0,0.0,0.0,0.0,0.0,0.0,0.0,0.0,0.0,0.0,0.07,0.46,0.77,1.24,2.31,2.17,1.25,1.4,1.79,1.48,0.73,0.25,0.05,0.0,0.0,0.0,0.0,0.0,0.0,0.0,0.0,0.0,0.0,0.0,0.07,0.62,1.4,2.03,1.7,2.58,2.95,2.62,2.59,1.66,1.25,0.36,0.03,0.0,0.0,0.0,0.0,0.0,0.0,0.0,0.0,0.0,0.0,0.0,0.01,0.16,0.22,0.21,0.36,1.25,1.64,2.28,2.48,1.48,1.21,0.5,0.04,0.0,0.0,0.0,0.0,0.0,0.0,0.0,0.0,0.0,0.0,0.0,0.04,0.22,0.81,1.27,1.52,1.85,1.73,1.78,1.81,1.86,1.37,0.59,0.04,0.0,0.0,0.0,0.0,0.0,0.0,0.0,0.0,0.0,0.0,0.0,0.06,0.61,1.35,1.99,1.87,2.08,2.91,2.05,2.02,1.61,1.05,0.38,0.03,0.0,0.0,0.0,0.0
260,0.0,0.0,0.0,0.0,0.0,0.0,0.0,0.08,0.63,1.39,2.1,2.62,2.86,2.89,2.39,2.15,1.91,0.34,0.36,0.05,0.0,0.0,0.0,0.0,0.0,0.0,0.0,0.0,0.0,0.0,0.0,0.07,0.46,0.77,1.24,2.31,2.17,1.25,1.4,1.79,1.48,0.73,0.25,0.05,0.0,0.0,0.0,0.0,0.0,0.0,0.0,0.0,0.0,0.0,0.0,0.07,0.62,1.4,2.03,1.7,2.58,2.95,2.62,2.59,1.66,1.25,0.36,0.03,0.0,0.0,0.0,0.0,0.0,0.0,0.0,0.0,0.0,0.0,0.0,0.01,0.16,0.22,0.21,0.36,1.25,1.64,2.28,2.48,1.48,1.21,0.5,0.04,0.0,0.0,0.0,0.0,0.0,0.0,0.0,0.0,0.0,0.0,0.0,0.04,0.22,0.81,1.27,1.52,1.85,1.73,1.78,1.81,1.86,1.37,0.59,0.04,0.0,0.0,0.0,0.0,0.0,0.0,0.0,0.0,0.0,0.0,0.0,0.06,0.61,1.35,1.99,1.87,2.08,2.91,2.05,2.02,1.61,1.05,0.38,0.03,0.0,0.0,0.0,0.0,0.0,0.0,0.0,0.0,0.0,0.0,0.0,0.05,0.5,1.24,1.95,2.44,2.54,2.14,2.39,2.23,1.43,0.93,0.47,0.03,0.0,0.0,0.0,0.0
261,0.0,0.0,0.0,0.0,0.0,0.0,0.0,0.07,0.46,0.77,1.24,2.31,2.17,1.25,1.4,1.79,1.48,0.73,0.25,0.05,0.0,0.0,0.0,0.0,0.0,0.0,0.0,0.0,0.0,0.0,0.0,0.07,0.62,1.4,2.03,1.7,2.58,2.95,2.62,2.59,1.66,1.25,0.36,0.03,0.0,0.0,0.0,0.0,0.0,0.0,0.0,0.0,0.0,0.0,0.0,0.01,0.16,0.22,0.21,0.36,1.25,1.64,2.28,2.48,1.48,1.21,0.5,0.04,0.0,0.0,0.0,0.0,0.0,0.0,0.0,0.0,0.0,0.0,0.0,0.04,0.22,0.81,1.27,1.52,1.85,1.73,1.78,1.81,1.86,1.37,0.59,0.04,0.0,0.0,0.0,0.0,0.0,0.0,0.0,0.0,0.0,0.0,0.0,0.06,0.61,1.35,1.99,1.87,2.08,2.91,2.05,2.02,1.61,1.05,0.38,0.03,0.0,0.0,0.0,0.0,0.0,0.0,0.0,0.0,0.0,0.0,0.0,0.05,0.5,1.24,1.95,2.44,2.54,2.14,2.39,2.23,1.43,0.93,0.47,0.03,0.0,0.0,0.0,0.0,0.0,0.0,0.0,0.0,0.0,0.0,0.0,0.03,0.25,0.58,0.96,0.94,1.14,0.79,0.59,0.69,0.47,0.5,0.23,0.03,0.0,0.0,0.0,0.0
262,0.0,0.0,0.0,0.0,0.0,0.0,0.0,0.07,0.62,1.4,2.03,1.7,2.58,2.95,2.62,2.59,1.66,1.25,0.36,0.03,0.0,0.0,0.0,0.0,0.0,0.0,0.0,0.0,0.0,0.0,0.0,0.01,0.16,0.22,0.21,0.36,1.25,1.64,2.28,2.48,1.48,1.21,0.5,0.04,0.0,0.0,0.0,0.0,0.0,0.0,0.0,0.0,0.0,0.0,0.0,0.04,0.22,0.81,1.27,1.52,1.85,1.73,1.78,1.81,1.86,1.37,0.59,0.04,0.0,0.0,0.0,0.0,0.0,0.0,0.0,0.0,0.0,0.0,0.0,0.06,0.61,1.35,1.99,1.87,2.08,2.91,2.05,2.02,1.61,1.05,0.38,0.03,0.0,0.0,0.0,0.0,0.0,0.0,0.0,0.0,0.0,0.0,0.0,0.05,0.5,1.24,1.95,2.44,2.54,2.14,2.39,2.23,1.43,0.93,0.47,0.03,0.0,0.0,0.0,0.0,0.0,0.0,0.0,0.0,0.0,0.0,0.0,0.03,0.25,0.58,0.96,0.94,1.14,0.79,0.59,0.69,0.47,0.5,0.23,0.03,0.0,0.0,0.0,0.0,0.0,0.0,0.0,0.0,0.0,0.0,0.0,0.05,0.41,1.1,1.79,2.4,2.32,2.7,2.45,2.13,1.92,0.62,0.23,0.01,0.0,0.0,0.0,0.0
263,0.0,0.0,0.0,0.0,0.0,0.0,0.0,0.01,0.16,0.22,0.21,0.36,1.25,1.64,2.28,2.48,1.48,1.21,0.5,0.04,0.0,0.0,0.0,0.0,0.0,0.0,0.0,0.0,0.0,0.0,0.0,0.04,0.22,0.81,1.27,1.52,1.85,1.73,1.78,1.81,1.86,1.37,0.59,0.04,0.0,0.0,0.0,0.0,0.0,0.0,0.0,0.0,0.0,0.0,0.0,0.06,0.61,1.35,1.99,1.87,2.08,2.91,2.05,2.02,1.61,1.05,0.38,0.03,0.0,0.0,0.0,0.0,0.0,0.0,0.0,0.0,0.0,0.0,0.0,0.05,0.5,1.24,1.95,2.44,2.54,2.14,2.39,2.23,1.43,0.93,0.47,0.03,0.0,0.0,0.0,0.0,0.0,0.0,0.0,0.0,0.0,0.0,0.0,0.03,0.25,0.58,0.96,0.94,1.14,0.79,0.59,0.69,0.47,0.5,0.23,0.03,0.0,0.0,0.0,0.0,0.0,0.0,0.0,0.0,0.0,0.0,0.0,0.05,0.41,1.1,1.79,2.4,2.32,2.7,2.45,2.13,1.92,0.62,0.23,0.01,0.0,0.0,0.0,0.0,0.0,0.0,0.0,0.0,0.0,0.0,0.0,0.02,0.27,0.73,1.25,1.72,2.86,1.65,1.49,0.56,0.42,0.22,0.16,0.01,0.0,0.0,0.0,0.0
264,0.0,0.0,0.0,0.0,0.0,0.0,0.0,0.04,0.22,0.81,1.27,1.52,1.85,1.73,1.78,1.81,1.86,1.37,0.59,0.04,0.0,0.0,0.0,0.0,0.0,0.0,0.0,0.0,0.0,0.0,0.0,0.06,0.61,1.35,1.99,1.87,2.08,2.91,2.05,2.02,1.61,1.05,0.38,0.03,0.0,0.0,0.0,0.0,0.0,0.0,0.0,0.0,0.0,0.0,0.0,0.05,0.5,1.24,1.95,2.44,2.54,2.14,2.39,2.23,1.43,0.93,0.47,0.03,0.0,0.0,0.0,0.0,0.0,0.0,0.0,0.0,0.0,0.0,0.0,0.03,0.25,0.58,0.96,0.94,1.14,0.79,0.59,0.69,0.47,0.5,0.23,0.03,0.0,0.0,0.0,0.0,0.0,0.0,0.0,0.0,0.0,0.0,0.0,0.05,0.41,1.1,1.79,2.4,2.32,2.7,2.45,2.13,1.92,0.62,0.23,0.01,0.0,0.0,0.0,0.0,0.0,0.0,0.0,0.0,0.0,0.0,0.0,0.02,0.27,0.73,1.25,1.72,2.86,1.65,1.49,0.56,0.42,0.22,0.16,0.01,0.0,0.0,0.0,0.0,0.0,0.0,0.0,0.0,0.0,0.0,0.0,0.02,0.16,0.42,0.57,1.73,2.0,1.52,0.96,0.89,0.62,0.33,0.07,0.0,0.0,0.0,0.0,0.0
265,0.0,0.0,0.0,0.0,0.0,0.0,0.0,0.06,0.61,1.35,1.99,1.87,2.08,2.91,2.05,2.02,1.61,1.05,0.38,0.03,0.0,0.0,0.0,0.0,0.0,0.0,0.0,0.0,0.0,0.0,0.0,0.05,0.5,1.24,1.95,2.44,2.54,2.14,2.39,2.23,1.43,0.93,0.47,0.03,0.0,0.0,0.0,0.0,0.0,0.0,0.0,0.0,0.0,0.0,0.0,0.03,0.25,0.58,0.96,0.94,1.14,0.79,0.59,0.69,0.47,0.5,0.23,0.03,0.0,0.0,0.0,0.0,0.0,0.0,0.0,0.0,0.0,0.0,0.0,0.05,0.41,1.1,1.79,2.4,2.32,2.7,2.45,2.13,1.92,0.62,0.23,0.01,0.0,0.0,0.0,0.0,0.0,0.0,0.0,0.0,0.0,0.0,0.0,0.02,0.27,0.73,1.25,1.72,2.86,1.65,1.49,0.56,0.42,0.22,0.16,0.01,0.0,0.0,0.0,0.0,0.0,0.0,0.0,0.0,0.0,0.0,0.0,0.02,0.16,0.42,0.57,1.73,2.0,1.52,0.96,0.89,0.62,0.33,0.07,0.0,0.0,0.0,0.0,0.0,0.0,0.0,0.0,0.0,0.0,0.0,0.0,0.01,0.05,0.06,0.17,0.39,0.33,0.22,0.37,0.53,0.41,0.18,0.11,0.02,0.0,0.0,0.0,0.0
266,0.0,0.0,0.0,0.0,0.0,0.0,0.0,0.05,0.5,1.24,1.95,2.44,2.54,2.14,2.39,2.23,1.43,0.93,0.47,0.03,0.0,0.0,0.0,0.0,0.0,0.0,0.0,0.0,0.0,0.0,0.0,0.03,0.25,0.58,0.96,0.94,1.14,0.79,0.59,0.69,0.47,0.5,0.23,0.03,0.0,0.0,0.0,0.0,0.0,0.0,0.0,0.0,0.0,0.0,0.0,0.05,0.41,1.1,1.79,2.4,2.32,2.7,2.45,2.13,1.92,0.62,0.23,0.01,0.0,0.0,0.0,0.0,0.0,0.0,0.0,0.0,0.0,0.0,0.0,0.02,0.27,0.73,1.25,1.72,2.86,1.65,1.49,0.56,0.42,0.22,0.16,0.01,0.0,0.0,0.0,0.0,0.0,0.0,0.0,0.0,0.0,0.0,0.0,0.02,0.16,0.42,0.57,1.73,2.0,1.52,0.96,0.89,0.62,0.33,0.07,0.0,0.0,0.0,0.0,0.0,0.0,0.0,0.0,0.0,0.0,0.0,0.0,0.01,0.05,0.06,0.17,0.39,0.33,0.22,0.37,0.53,0.41,0.18,0.11,0.02,0.0,0.0,0.0,0.0,0.0,0.0,0.0,0.0,0.0,0.0,0.0,0.01,0.16,0.4,0.77,2.03,2.85,2.88,2.71,2.33,1.71,0.99,0.36,0.01,0.0,0.0,0.0,0.0
267,0.0,0.0,0.0,0.0,0.0,0.0,0.0,0.03,0.25,0.58,0.96,0.94,1.14,0.79,0.59,0.69,0.47,0.5,0.23,0.03,0.0,0.0,0.0,0.0,0.0,0.0,0.0,0.0,0.0,0.0,0.0,0.05,0.41,1.1,1.79,2.4,2.32,2.7,2.45,2.13,1.92,0.62,0.23,0.01,0.0,0.0,0.0,0.0,0.0,0.0,0.0,0.0,0.0,0.0,0.0,0.02,0.27,0.73,1.25,1.72,2.86,1.65,1.49,0.56,0.42,0.22,0.16,0.01,0.0,0.0,0.0,0.0,0.0,0.0,0.0,0.0,0.0,0.0,0.0,0.02,0.16,0.42,0.57,1.73,2.0,1.52,0.96,0.89,0.62,0.33,0.07,0.0,0.0,0.0,0.0,0.0,0.0,0.0,0.0,0.0,0.0,0.0,0.0,0.01,0.05,0.06,0.17,0.39,0.33,0.22,0.37,0.53,0.41,0.18,0.11,0.02,0.0,0.0,0.0,0.0,0.0,0.0,0.0,0.0,0.0,0.0,0.0,0.01,0.16,0.4,0.77,2.03,2.85,2.88,2.71,2.33,1.71,0.99,0.36,0.01,0.0,0.0,0.0,0.0,0.0,0.0,0.0,0.0,0.0,0.0,0.0,0.03,0.27,0.97,1.81,2.35,2.66,2.7,2.55,2.25,1.63,0.88,0.31,0.01,0.0,0.0,0.0,0.0
268,0.0,0.0,0.0,0.0,0.0,0.0,0.0,0.05,0.41,1.1,1.79,2.4,2.32,2.7,2.45,2.13,1.92,0.62,0.23,0.01,0.0,0.0,0.0,0.0,0.0,0.0,0.0,0.0,0.0,0.0,0.0,0.02,0.27,0.73,1.25,1.72,2.86,1.65,1.49,0.56,0.42,0.22,0.16,0.01,0.0,0.0,0.0,0.0,0.0,0.0,0.0,0.0,0.0,0.0,0.0,0.02,0.16,0.42,0.57,1.73,2.0,1.52,0.96,0.89,0.62,0.33,0.07,0.0,0.0,0.0,0.0,0.0,0.0,0.0,0.0,0.0,0.0,0.0,0.0,0.01,0.05,0.06,0.17,0.39,0.33,0.22,0.37,0.53,0.41,0.18,0.11,0.02,0.0,0.0,0.0,0.0,0.0,0.0,0.0,0.0,0.0,0.0,0.0,0.01,0.16,0.4,0.77,2.03,2.85,2.88,2.71,2.33,1.71,0.99,0.36,0.01,0.0,0.0,0.0,0.0,0.0,0.0,0.0,0.0,0.0,0.0,0.0,0.03,0.27,0.97,1.81,2.35,2.66,2.7,2.55,2.25,1.63,0.88,0.31,0.01,0.0,0.0,0.0,0.0,0.0,0.0,0.0,0.0,0.0,0.0,0.0,0.01,0.13,0.8,1.72,1.33,2.62,2.39,2.63,2.32,1.65,0.98,0.33,0.01,0.0,0.0,0.0,0.0
269,0.0,0.0,0.0,0.0,0.0,0.0,0.0,0.02,0.27,0.73,1.25,1.72,2.86,1.65,1.49,0.56,0.42,0.22,0.16,0.01,0.0,0.0,0.0,0.0,0.0,0.0,0.0,0.0,0.0,0.0,0.0,0.02,0.16,0.42,0.57,1.73,2.0,1.52,0.96,0.89,0.62,0.33,0.07,0.0,0.0,0.0,0.0,0.0,0.0,0.0,0.0,0.0,0.0,0.0,0.0,0.01,0.05,0.06,0.17,0.39,0.33,0.22,0.37,0.53,0.41,0.18,0.11,0.02,0.0,0.0,0.0,0.0,0.0,0.0,0.0,0.0,0.0,0.0,0.0,0.01,0.16,0.4,0.77,2.03,2.85,2.88,2.71,2.33,1.71,0.99,0.36,0.01,0.0,0.0,0.0,0.0,0.0,0.0,0.0,0.0,0.0,0.0,0.0,0.03,0.27,0.97,1.81,2.35,2.66,2.7,2.55,2.25,1.63,0.88,0.31,0.01,0.0,0.0,0.0,0.0,0.0,0.0,0.0,0.0,0.0,0.0,0.0,0.01,0.13,0.8,1.72,1.33,2.62,2.39,2.63,2.32,1.65,0.98,0.33,0.01,0.0,0.0,0.0,0.0,0.0,0.0,0.0,0.0,0.0,0.0,0.0,0.03,0.4,1.07,1.72,2.28,2.6,2.73,2.53,2.21,1.17,0.5,0.22,0.01,0.0,0.0,0.0,0.0
270,0.0,0.0,0.0,0.0,0.0,0.0,0.0,0.02,0.16,0.42,0.57,1.73,2.0,1.52,0.96,0.89,0.62,0.33,0.07,0.0,0.0,0.0,0.0,0.0,0.0,0.0,0.0,0.0,0.0,0.0,0.0,0.01,0.05,0.06,0.17,0.39,0.33,0.22,0.37,0.53,0.41,0.18,0.11,0.02,0.0,0.0,0.0,0.0,0.0,0.0,0.0,0.0,0.0,0.0,0.0,0.01,0.16,0.4,0.77,2.03,2.85,2.88,2.71,2.33,1.71,0.99,0.36,0.01,0.0,0.0,0.0,0.0,0.0,0.0,0.0,0.0,0.0,0.0,0.0,0.03,0.27,0.97,1.81,2.35,2.66,2.7,2.55,2.25,1.63,0.88,0.31,0.01,0.0,0.0,0.0,0.0,0.0,0.0,0.0,0.0,0.0,0.0,0.0,0.01,0.13,0.8,1.72,1.33,2.62,2.39,2.63,2.32,1.65,0.98,0.33,0.01,0.0,0.0,0.0,0.0,0.0,0.0,0.0,0.0,0.0,0.0,0.0,0.03,0.4,1.07,1.72,2.28,2.6,2.73,2.53,2.21,1.17,0.5,0.22,0.01,0.0,0.0,0.0,0.0,0.0,0.0,0.0,0.0,0.0,0.0,0.0,0.01,0.13,0.22,0.19,0.33,0.31,0.4,0.61,0.31,0.26,0.18,0.02,0.0,0.0,0.0,0.0,0.0
271,0.0,0.0,0.0,0.0,0.0,0.0,0.0,0.01,0.05,0.06,0.17,0.39,0.33,0.22,0.37,0.53,0.41,0.18,0.11,0.02,0.0,0.0,0.0,0.0,0.0,0.0,0.0,0.0,0.0,0.0,0.0,0.01,0.16,0.4,0.77,2.03,2.85,2.88,2.71,2.33,1.71,0.99,0.36,0.01,0.0,0.0,0.0,0.0,0.0,0.0,0.0,0.0,0.0,0.0,0.0,0.03,0.27,0.97,1.81,2.35,2.66,2.7,2.55,2.25,1.63,0.88,0.31,0.01,0.0,0.0,0.0,0.0,0.0,0.0,0.0,0.0,0.0,0.0,0.0,0.01,0.13,0.8,1.72,1.33,2.62,2.39,2.63,2.32,1.65,0.98,0.33,0.01,0.0,0.0,0.0,0.0,0.0,0.0,0.0,0.0,0.0,0.0,0.0,0.03,0.4,1.07,1.72,2.28,2.6,2.73,2.53,2.21,1.17,0.5,0.22,0.01,0.0,0.0,0.0,0.0,0.0,0.0,0.0,0.0,0.0,0.0,0.0,0.01,0.13,0.22,0.19,0.33,0.31,0.4,0.61,0.31,0.26,0.18,0.02,0.0,0.0,0.0,0.0,0.0,0.0,0.0,0.0,0.0,0.0,0.0,0.0,0.02,0.29,0.46,0.54,0.56,1.2,1.53,2.0,0.85,0.47,0.16,0.03,0.0,0.0,0.0,0.0,0.0
272,0.0,0.0,0.0,0.0,0.0,0.0,0.0,0.01,0.16,0.4,0.77,2.03,2.85,2.88,2.71,2.33,1.71,0.99,0.36,0.01,0.0,0.0,0.0,0.0,0.0,0.0,0.0,0.0,0.0,0.0,0.0,0.03,0.27,0.97,1.81,2.35,2.66,2.7,2.55,2.25,1.63,0.88,0.31,0.01,0.0,0.0,0.0,0.0,0.0,0.0,0.0,0.0,0.0,0.0,0.0,0.01,0.13,0.8,1.72,1.33,2.62,2.39,2.63,2.32,1.65,0.98,0.33,0.01,0.0,0.0,0.0,0.0,0.0,0.0,0.0,0.0,0.0,0.0,0.0,0.03,0.4,1.07,1.72,2.28,2.6,2.73,2.53,2.21,1.17,0.5,0.22,0.01,0.0,0.0,0.0,0.0,0.0,0.0,0.0,0.0,0.0,0.0,0.0,0.01,0.13,0.22,0.19,0.33,0.31,0.4,0.61,0.31,0.26,0.18,0.02,0.0,0.0,0.0,0.0,0.0,0.0,0.0,0.0,0.0,0.0,0.0,0.0,0.02,0.29,0.46,0.54,0.56,1.2,1.53,2.0,0.85,0.47,0.16,0.03,0.0,0.0,0.0,0.0,0.0,0.0,0.0,0.0,0.0,0.0,0.0,0.0,0.0,0.03,0.09,0.15,0.18,0.24,0.34,0.3,0.34,0.58,0.76,0.25,0.0,0.0,0.0,0.0,0.0
273,0.0,0.0,0.0,0.0,0.0,0.0,0.0,0.03,0.27,0.97,1.81,2.35,2.66,2.7,2.55,2.25,1.63,0.88,0.31,0.01,0.0,0.0,0.0,0.0,0.0,0.0,0.0,0.0,0.0,0.0,0.0,0.01,0.13,0.8,1.72,1.33,2.62,2.39,2.63,2.32,1.65,0.98,0.33,0.01,0.0,0.0,0.0,0.0,0.0,0.0,0.0,0.0,0.0,0.0,0.0,0.03,0.4,1.07,1.72,2.28,2.6,2.73,2.53,2.21,1.17,0.5,0.22,0.01,0.0,0.0,0.0,0.0,0.0,0.0,0.0,0.0,0.0,0.0,0.0,0.01,0.13,0.22,0.19,0.33,0.31,0.4,0.61,0.31,0.26,0.18,0.02,0.0,0.0,0.0,0.0,0.0,0.0,0.0,0.0,0.0,0.0,0.0,0.0,0.02,0.29,0.46,0.54,0.56,1.2,1.53,2.0,0.85,0.47,0.16,0.03,0.0,0.0,0.0,0.0,0.0,0.0,0.0,0.0,0.0,0.0,0.0,0.0,0.0,0.03,0.09,0.15,0.18,0.24,0.34,0.3,0.34,0.58,0.76,0.25,0.0,0.0,0.0,0.0,0.0,0.0,0.0,0.0,0.0,0.0,0.0,0.0,0.0,0.0,0.13,0.12,0.24,0.84,0.9,1.09,0.56,0.44,0.46,0.08,0.0,0.0,0.0,0.0,0.0
274,0.0,0.0,0.0,0.0,0.0,0.0,0.0,0.01,0.13,0.8,1.72,1.33,2.62,2.39,2.63,2.32,1.65,0.98,0.33,0.01,0.0,0.0,0.0,0.0,0.0,0.0,0.0,0.0,0.0,0.0,0.0,0.03,0.4,1.07,1.72,2.28,2.6,2.73,2.53,2.21,1.17,0.5,0.22,0.01,0.0,0.0,0.0,0.0,0.0,0.0,0.0,0.0,0.0,0.0,0.0,0.01,0.13,0.22,0.19,0.33,0.31,0.4,0.61,0.31,0.26,0.18,0.02,0.0,0.0,0.0,0.0,0.0,0.0,0.0,0.0,0.0,0.0,0.0,0.0,0.02,0.29,0.46,0.54,0.56,1.2,1.53,2.0,0.85,0.47,0.16,0.03,0.0,0.0,0.0,0.0,0.0,0.0,0.0,0.0,0.0,0.0,0.0,0.0,0.0,0.03,0.09,0.15,0.18,0.24,0.34,0.3,0.34,0.58,0.76,0.25,0.0,0.0,0.0,0.0,0.0,0.0,0.0,0.0,0.0,0.0,0.0,0.0,0.0,0.0,0.13,0.12,0.24,0.84,0.9,1.09,0.56,0.44,0.46,0.08,0.0,0.0,0.0,0.0,0.0,0.0,0.0,0.0,0.0,0.0,0.0,0.0,0.01,0.11,0.33,0.4,0.25,0.38,0.27,0.4,0.32,0.17,0.1,0.06,0.0,0.0,0.0,0.0,0.0
275,0.0,0.0,0.0,0.0,0.0,0.0,0.0,0.03,0.4,1.07,1.72,2.28,2.6,2.73,2.53,2.21,1.17,0.5,0.22,0.01,0.0,0.0,0.0,0.0,0.0,0.0,0.0,0.0,0.0,0.0,0.0,0.01,0.13,0.22,0.19,0.33,0.31,0.4,0.61,0.31,0.26,0.18,0.02,0.0,0.0,0.0,0.0,0.0,0.0,0.0,0.0,0.0,0.0,0.0,0.0,0.02,0.29,0.46,0.54,0.56,1.2,1.53,2.0,0.85,0.47,0.16,0.03,0.0,0.0,0.0,0.0,0.0,0.0,0.0,0.0,0.0,0.0,0.0,0.0,0.0,0.03,0.09,0.15,0.18,0.24,0.34,0.3,0.34,0.58,0.76,0.25,0.0,0.0,0.0,0.0,0.0,0.0,0.0,0.0,0.0,0.0,0.0,0.0,0.0,0.0,0.13,0.12,0.24,0.84,0.9,1.09,0.56,0.44,0.46,0.08,0.0,0.0,0.0,0.0,0.0,0.0,0.0,0.0,0.0,0.0,0.0,0.0,0.01,0.11,0.33,0.4,0.25,0.38,0.27,0.4,0.32,0.17,0.1,0.06,0.0,0.0,0.0,0.0,0.0,0.0,0.0,0.0,0.0,0.0,0.0,0.0,0.0,0.14,0.32,0.81,1.01,0.97,0.66,0.72,0.71,0.53,0.94,0.24,0.0,0.0,0.0,0.0,0.0
276,0.0,0.0,0.0,0.0,0.0,0.0,0.0,0.01,0.13,0.22,0.19,0.33,0.31,0.4,0.61,0.31,0.26,0.18,0.02,0.0,0.0,0.0,0.0,0.0,0.0,0.0,0.0,0.0,0.0,0.0,0.0,0.02,0.29,0.46,0.54,0.56,1.2,1.53,2.0,0.85,0.47,0.16,0.03,0.0,0.0,0.0,0.0,0.0,0.0,0.0,0.0,0.0,0.0,0.0,0.0,0.0,0.03,0.09,0.15,0.18,0.24,0.34,0.3,0.34,0.58,0.76,0.25,0.0,0.0,0.0,0.0,0.0,0.0,0.0,0.0,0.0,0.0,0.0,0.0,0.0,0.0,0.13,0.12,0.24,0.84,0.9,1.09,0.56,0.44,0.46,0.08,0.0,0.0,0.0,0.0,0.0,0.0,0.0,0.0,0.0,0.0,0.0,0.0,0.01,0.11,0.33,0.4,0.25,0.38,0.27,0.4,0.32,0.17,0.1,0.06,0.0,0.0,0.0,0.0,0.0,0.0,0.0,0.0,0.0,0.0,0.0,0.0,0.0,0.14,0.32,0.81,1.01,0.97,0.66,0.72,0.71,0.53,0.94,0.24,0.0,0.0,0.0,0.0,0.0,0.0,0.0,0.0,0.0,0.0,0.0,0.0,0.01,0.06,0.31,0.65,0.62,0.58,0.28,0.21,0.17,0.14,0.06,0.03,0.0,0.0,0.0,0.0,0.0
277,0.0,0.0,0.0,0.0,0.0,0.0,0.0,0.02,0.29,0.46,0.54,0.56,1.2,1.53,2.0,0.85,0.47,0.16,0.03,0.0,0.0,0.0,0.0,0.0,0.0,0.0,0.0,0.0,0.0,0.0,0.0,0.0,0.03,0.09,0.15,0.18,0.24,0.34,0.3,0.34,0.58,0.76,0.25,0.0,0.0,0.0,0.0,0.0,0.0,0.0,0.0,0.0,0.0,0.0,0.0,0.0,0.0,0.13,0.12,0.24,0.84,0.9,1.09,0.56,0.44,0.46,0.08,0.0,0.0,0.0,0.0,0.0,0.0,0.0,0.0,0.0,0.0,0.0,0.0,0.01,0.11,0.33,0.4,0.25,0.38,0.27,0.4,0.32,0.17,0.1,0.06,0.0,0.0,0.0,0.0,0.0,0.0,0.0,0.0,0.0,0.0,0.0,0.0,0.0,0.14,0.32,0.81,1.01,0.97,0.66,0.72,0.71,0.53,0.94,0.24,0.0,0.0,0.0,0.0,0.0,0.0,0.0,0.0,0.0,0.0,0.0,0.0,0.01,0.06,0.31,0.65,0.62,0.58,0.28,0.21,0.17,0.14,0.06,0.03,0.0,0.0,0.0,0.0,0.0,0.0,0.0,0.0,0.0,0.0,0.0,0.0,0.0,0.16,0.68,1.58,1.09,1.21,1.07,0.69,0.65,0.68,0.51,0.15,0.0,0.0,0.0,0.0,0.0
278,0.0,0.0,0.0,0.0,0.0,0.0,0.0,0.0,0.03,0.09,0.15,0.18,0.24,0.34,0.3,0.34,0.58,0.76,0.25,0.0,0.0,0.0,0.0,0.0,0.0,0.0,0.0,0.0,0.0,0.0,0.0,0.0,0.0,0.13,0.12,0.24,0.84,0.9,1.09,0.56,0.44,0.46,0.08,0.0,0.0,0.0,0.0,0.0,0.0,0.0,0.0,0.0,0.0,0.0,0.0,0.01,0.11,0.33,0.4,0.25,0.38,0.27,0.4,0.32,0.17,0.1,0.06,0.0,0.0,0.0,0.0,0.0,0.0,0.0,0.0,0.0,0.0,0.0,0.0,0.0,0.14,0.32,0.81,1.01,0.97,0.66,0.72,0.71,0.53,0.94,0.24,0.0,0.0,0.0,0.0,0.0,0.0,0.0,0.0,0.0,0.0,0.0,0.0,0.01,0.06,0.31,0.65,0.62,0.58,0.28,0.21,0.17,0.14,0.06,0.03,0.0,0.0,0.0,0.0,0.0,0.0,0.0,0.0,0.0,0.0,0.0,0.0,0.0,0.16,0.68,1.58,1.09,1.21,1.07,0.69,0.65,0.68,0.51,0.15,0.0,0.0,0.0,0.0,0.0,0.0,0.0,0.0,0.0,0.0,0.0,0.0,0.01,0.18,0.46,1.76,1.79,0.95,1.35,1.61,1.43,1.31,0.58,0.12,0.0,0.0,0.0,0.0,0.0
279,0.0,0.0,0.0,0.0,0.0,0.0,0.0,0.0,0.0,0.13,0.12,0.24,0.84,0.9,1.09,0.56,0.44,0.46,0.08,0.0,0.0,0.0,0.0,0.0,0.0,0.0,0.0,0.0,0.0,0.0,0.0,0.01,0.11,0.33,0.4,0.25,0.38,0.27,0.4,0.32,0.17,0.1,0.06,0.0,0.0,0.0,0.0,0.0,0.0,0.0,0.0,0.0,0.0,0.0,0.0,0.0,0.14,0.32,0.81,1.01,0.97,0.66,0.72,0.71,0.53,0.94,0.24,0.0,0.0,0.0,0.0,0.0,0.0,0.0,0.0,0.0,0.0,0.0,0.0,0.01,0.06,0.31,0.65,0.62,0.58,0.28,0.21,0.17,0.14,0.06,0.03,0.0,0.0,0.0,0.0,0.0,0.0,0.0,0.0,0.0,0.0,0.0,0.0,0.0,0.16,0.68,1.58,1.09,1.21,1.07,0.69,0.65,0.68,0.51,0.15,0.0,0.0,0.0,0.0,0.0,0.0,0.0,0.0,0.0,0.0,0.0,0.0,0.01,0.18,0.46,1.76,1.79,0.95,1.35,1.61,1.43,1.31,0.58,0.12,0.0,0.0,0.0,0.0,0.0,0.0,0.0,0.0,0.0,0.0,0.0,0.0,0.01,0.21,1.01,1.59,2.3,2.62,2.7,2.42,1.61,1.77,0.86,0.18,0.0,0.0,0.0,0.0,0.0
280,0.0,0.0,0.0,0.0,0.0,0.0,0.0,0.01,0.11,0.33,0.4,0.25,0.38,0.27,0.4,0.32,0.17,0.1,0.06,0.0,0.0,0.0,0.0,0.0,0.0,0.0,0.0,0.0,0.0,0.0,0.0,0.0,0.14,0.32,0.81,1.01,0.97,0.66,0.72,0.71,0.53,0.94,0.24,0.0,0.0,0.0,0.0,0.0,0.0,0.0,0.0,0.0,0.0,0.0,0.0,0.01,0.06,0.31,0.65,0.62,0.58,0.28,0.21,0.17,0.14,0.06,0.03,0.0,0.0,0.0,0.0,0.0,0.0,0.0,0.0,0.0,0.0,0.0,0.0,0.0,0.16,0.68,1.58,1.09,1.21,1.07,0.69,0.65,0.68,0.51,0.15,0.0,0.0,0.0,0.0,0.0,0.0,0.0,0.0,0.0,0.0,0.0,0.0,0.01,0.18,0.46,1.76,1.79,0.95,1.35,1.61,1.43,1.31,0.58,0.12,0.0,0.0,0.0,0.0,0.0,0.0,0.0,0.0,0.0,0.0,0.0,0.0,0.01,0.21,1.01,1.59,2.3,2.62,2.7,2.42,1.61,1.77,0.86,0.18,0.0,0.0,0.0,0.0,0.0,0.0,0.0,0.0,0.0,0.0,0.0,0.0,0.01,0.24,0.46,0.95,1.56,1.41,1.77,2.0,1.98,1.48,0.8,0.19,0.0,0.0,0.0,0.0,0.0
281,0.0,0.0,0.0,0.0,0.0,0.0,0.0,0.0,0.14,0.32,0.81,1.01,0.97,0.66,0.72,0.71,0.53,0.94,0.24,0.0,0.0,0.0,0.0,0.0,0.0,0.0,0.0,0.0,0.0,0.0,0.0,0.01,0.06,0.31,0.65,0.62,0.58,0.28,0.21,0.17,0.14,0.06,0.03,0.0,0.0,0.0,0.0,0.0,0.0,0.0,0.0,0.0,0.0,0.0,0.0,0.0,0.16,0.68,1.58,1.09,1.21,1.07,0.69,0.65,0.68,0.51,0.15,0.0,0.0,0.0,0.0,0.0,0.0,0.0,0.0,0.0,0.0,0.0,0.0,0.01,0.18,0.46,1.76,1.79,0.95,1.35,1.61,1.43,1.31,0.58,0.12,0.0,0.0,0.0,0.0,0.0,0.0,0.0,0.0,0.0,0.0,0.0,0.0,0.01,0.21,1.01,1.59,2.3,2.62,2.7,2.42,1.61,1.77,0.86,0.18,0.0,0.0,0.0,0.0,0.0,0.0,0.0,0.0,0.0,0.0,0.0,0.0,0.01,0.24,0.46,0.95,1.56,1.41,1.77,2.0,1.98,1.48,0.8,0.19,0.0,0.0,0.0,0.0,0.0,0.0,0.0,0.0,0.0,0.0,0.0,0.0,0.0,0.12,0.44,0.5,0.6,0.96,1.53,1.43,0.82,0.47,0.27,0.07,0.0,0.0,0.0,0.0,0.0
282,0.0,0.0,0.0,0.0,0.0,0.0,0.0,0.01,0.06,0.31,0.65,0.62,0.58,0.28,0.21,0.17,0.14,0.06,0.03,0.0,0.0,0.0,0.0,0.0,0.0,0.0,0.0,0.0,0.0,0.0,0.0,0.0,0.16,0.68,1.58,1.09,1.21,1.07,0.69,0.65,0.68,0.51,0.15,0.0,0.0,0.0,0.0,0.0,0.0,0.0,0.0,0.0,0.0,0.0,0.0,0.01,0.18,0.46,1.76,1.79,0.95,1.35,1.61,1.43,1.31,0.58,0.12,0.0,0.0,0.0,0.0,0.0,0.0,0.0,0.0,0.0,0.0,0.0,0.0,0.01,0.21,1.01,1.59,2.3,2.62,2.7,2.42,1.61,1.77,0.86,0.18,0.0,0.0,0.0,0.0,0.0,0.0,0.0,0.0,0.0,0.0,0.0,0.0,0.01,0.24,0.46,0.95,1.56,1.41,1.77,2.0,1.98,1.48,0.8,0.19,0.0,0.0,0.0,0.0,0.0,0.0,0.0,0.0,0.0,0.0,0.0,0.0,0.0,0.12,0.44,0.5,0.6,0.96,1.53,1.43,0.82,0.47,0.27,0.07,0.0,0.0,0.0,0.0,0.0,0.0,0.0,0.0,0.0,0.0,0.0,0.0,0.0,0.22,1.04,0.77,0.93,1.62,1.67,0.86,0.68,0.58,0.31,0.1,0.0,0.0,0.0,0.0,0.0
283,0.0,0.0,0.0,0.0,0.0,0.0,0.0,0.0,0.16,0.68,1.58,1.09,1.21,1.07,0.69,0.65,0.68,0.51,0.15,0.0,0.0,0.0,0.0,0.0,0.0,0.0,0.0,0.0,0.0,0.0,0.0,0.01,0.18,0.46,1.76,1.79,0.95,1.35,1.61,1.43,1.31,0.58,0.12,0.0,0.0,0.0,0.0,0.0,0.0,0.0,0.0,0.0,0.0,0.0,0.0,0.01,0.21,1.01,1.59,2.3,2.62,2.7,2.42,1.61,1.77,0.86,0.18,0.0,0.0,0.0,0.0,0.0,0.0,0.0,0.0,0.0,0.0,0.0,0.0,0.01,0.24,0.46,0.95,1.56,1.41,1.77,2.0,1.98,1.48,0.8,0.19,0.0,0.0,0.0,0.0,0.0,0.0,0.0,0.0,0.0,0.0,0.0,0.0,0.0,0.12,0.44,0.5,0.6,0.96,1.53,1.43,0.82,0.47,0.27,0.07,0.0,0.0,0.0,0.0,0.0,0.0,0.0,0.0,0.0,0.0,0.0,0.0,0.0,0.22,1.04,0.77,0.93,1.62,1.67,0.86,0.68,0.58,0.31,0.1,0.0,0.0,0.0,0.0,0.0,0.0,0.0,0.0,0.0,0.0,0.0,0.0,0.01,0.38,1.15,1.86,2.38,2.69,2.76,2.61,2.2,1.62,0.86,0.19,0.0,0.0,0.0,0.0,0.0
284,0.0,0.0,0.0,0.0,0.0,0.0,0.0,0.01,0.18,0.46,1.76,1.79,0.95,1.35,1.61,1.43,1.31,0.58,0.12,0.0,0.0,0.0,0.0,0.0,0.0,0.0,0.0,0.0,0.0,0.0,0.0,0.01,0.21,1.01,1.59,2.3,2.62,2.7,2.42,1.61,1.77,0.86,0.18,0.0,0.0,0.0,0.0,0.0,0.0,0.0,0.0,0.0,0.0,0.0,0.0,0.01,0.24,0.46,0.95,1.56,1.41,1.77,2.0,1.98,1.48,0.8,0.19,0.0,0.0,0.0,0.0,0.0,0.0,0.0,0.0,0.0,0.0,0.0,0.0,0.0,0.12,0.44,0.5,0.6,0.96,1.53,1.43,0.82,0.47,0.27,0.07,0.0,0.0,0.0,0.0,0.0,0.0,0.0,0.0,0.0,0.0,0.0,0.0,0.0,0.22,1.04,0.77,0.93,1.62,1.67,0.86,0.68,0.58,0.31,0.1,0.0,0.0,0.0,0.0,0.0,0.0,0.0,0.0,0.0,0.0,0.0,0.0,0.01,0.38,1.15,1.86,2.38,2.69,2.76,2.61,2.2,1.62,0.86,0.19,0.0,0.0,0.0,0.0,0.0,0.0,0.0,0.0,0.0,0.0,0.0,0.0,0.0,0.27,0.68,0.93,2.02,2.06,2.63,1.89,1.09,0.28,0.17,0.06,0.0,0.0,0.0,0.0,0.0
285,0.0,0.0,0.0,0.0,0.0,0.0,0.0,0.01,0.21,1.01,1.59,2.3,2.62,2.7,2.42,1.61,1.77,0.86,0.18,0.0,0.0,0.0,0.0,0.0,0.0,0.0,0.0,0.0,0.0,0.0,0.0,0.01,0.24,0.46,0.95,1.56,1.41,1.77,2.0,1.98,1.48,0.8,0.19,0.0,0.0,0.0,0.0,0.0,0.0,0.0,0.0,0.0,0.0,0.0,0.0,0.0,0.12,0.44,0.5,0.6,0.96,1.53,1.43,0.82,0.47,0.27,0.07,0.0,0.0,0.0,0.0,0.0,0.0,0.0,0.0,0.0,0.0,0.0,0.0,0.0,0.22,1.04,0.77,0.93,1.62,1.67,0.86,0.68,0.58,0.31,0.1,0.0,0.0,0.0,0.0,0.0,0.0,0.0,0.0,0.0,0.0,0.0,0.0,0.01,0.38,1.15,1.86,2.38,2.69,2.76,2.61,2.2,1.62,0.86,0.19,0.0,0.0,0.0,0.0,0.0,0.0,0.0,0.0,0.0,0.0,0.0,0.0,0.0,0.27,0.68,0.93,2.02,2.06,2.63,1.89,1.09,0.28,0.17,0.06,0.0,0.0,0.0,0.0,0.0,0.0,0.0,0.0,0.0,0.0,0.0,0.0,0.0,0.12,0.41,0.84,1.55,2.02,2.47,1.96,1.63,1.47,0.73,0.14,0.0,0.0,0.0,0.0,0.0
286,0.0,0.0,0.0,0.0,0.0,0.0,0.0,0.01,0.24,0.46,0.95,1.56,1.41,1.77,2.0,1.98,1.48,0.8,0.19,0.0,0.0,0.0,0.0,0.0,0.0,0.0,0.0,0.0,0.0,0.0,0.0,0.0,0.12,0.44,0.5,0.6,0.96,1.53,1.43,0.82,0.47,0.27,0.07,0.0,0.0,0.0,0.0,0.0,0.0,0.0,0.0,0.0,0.0,0.0,0.0,0.0,0.22,1.04,0.77,0.93,1.62,1.67,0.86,0.68,0.58,0.31,0.1,0.0,0.0,0.0,0.0,0.0,0.0,0.0,0.0,0.0,0.0,0.0,0.0,0.01,0.38,1.15,1.86,2.38,2.69,2.76,2.61,2.2,1.62,0.86,0.19,0.0,0.0,0.0,0.0,0.0,0.0,0.0,0.0,0.0,0.0,0.0,0.0,0.0,0.27,0.68,0.93,2.02,2.06,2.63,1.89,1.09,0.28,0.17,0.06,0.0,0.0,0.0,0.0,0.0,0.0,0.0,0.0,0.0,0.0,0.0,0.0,0.0,0.12,0.41,0.84,1.55,2.02,2.47,1.96,1.63,1.47,0.73,0.14,0.0,0.0,0.0,0.0,0.0,0.0,0.0,0.0,0.0,0.0,0.0,0.0,0.0,0.32,0.97,1.67,2.13,2.5,2.56,2.4,2.02,1.39,0.61,0.13,0.0,0.0,0.0,0.0,0.0
287,0.0,0.0,0.0,0.0,0.0,0.0,0.0,0.0,0.12,0.44,0.5,0.6,0.96,1.53,1.43,0.82,0.47,0.27,0.07,0.0,0.0,0.0,0.0,0.0,0.0,0.0,0.0,0.0,0.0,0.0,0.0,0.0,0.22,1.04,0.77,0.93,1.62,1.67,0.86,0.68,0.58,0.31,0.1,0.0,0.0,0.0,0.0,0.0,0.0,0.0,0.0,0.0,0.0,0.0,0.0,0.01,0.38,1.15,1.86,2.38,2.69,2.76,2.61,2.2,1.62,0.86,0.19,0.0,0.0,0.0,0.0,0.0,0.0,0.0,0.0,0.0,0.0,0.0,0.0,0.0,0.27,0.68,0.93,2.02,2.06,2.63,1.89,1.09,0.28,0.17,0.06,0.0,0.0,0.0,0.0,0.0,0.0,0.0,0.0,0.0,0.0,0.0,0.0,0.0,0.12,0.41,0.84,1.55,2.02,2.47,1.96,1.63,1.47,0.73,0.14,0.0,0.0,0.0,0.0,0.0,0.0,0.0,0.0,0.0,0.0,0.0,0.0,0.0,0.32,0.97,1.67,2.13,2.5,2.56,2.4,2.02,1.39,0.61,0.13,0.0,0.0,0.0,0.0,0.0,0.0,0.0,0.0,0.0,0.0,0.0,0.0,0.0,0.07,0.18,0.3,0.24,0.06,0.5,0.37,1.43,1.27,0.58,0.13,0.0,0.0,0.0,0.0,0.0
288,0.0,0.0,0.0,0.0,0.0,0.0,0.0,0.0,0.22,1.04,0.77,0.93,1.62,1.67,0.86,0.68,0.58,0.31,0.1,0.0,0.0,0.0,0.0,0.0,0.0,0.0,0.0,0.0,0.0,0.0,0.0,0.01,0.38,1.15,1.86,2.38,2.69,2.76,2.61,2.2,1.62,0.86,0.19,0.0,0.0,0.0,0.0,0.0,0.0,0.0,0.0,0.0,0.0,0.0,0.0,0.0,0.27,0.68,0.93,2.02,2.06,2.63,1.89,1.09,0.28,0.17,0.06,0.0,0.0,0.0,0.0,0.0,0.0,0.0,0.0,0.0,0.0,0.0,0.0,0.0,0.12,0.41,0.84,1.55,2.02,2.47,1.96,1.63,1.47,0.73,0.14,0.0,0.0,0.0,0.0,0.0,0.0,0.0,0.0,0.0,0.0,0.0,0.0,0.0,0.32,0.97,1.67,2.13,2.5,2.56,2.4,2.02,1.39,0.61,0.13,0.0,0.0,0.0,0.0,0.0,0.0,0.0,0.0,0.0,0.0,0.0,0.0,0.0,0.07,0.18,0.3,0.24,0.06,0.5,0.37,1.43,1.27,0.58,0.13,0.0,0.0,0.0,0.0,0.0,0.0,0.0,0.0,0.0,0.0,0.0,0.0,0.0,0.28,0.91,1.58,2.05,2.41,2.58,2.42,2.03,1.42,0.66,0.11,0.0,0.0,0.0,0.0,0.0
289,0.0,0.0,0.0,0.0,0.0,0.0,0.0,0.01,0.38,1.15,1.86,2.38,2.69,2.76,2.61,2.2,1.62,0.86,0.19,0.0,0.0,0.0,0.0,0.0,0.0,0.0,0.0,0.0,0.0,0.0,0.0,0.0,0.27,0.68,0.93,2.02,2.06,2.63,1.89,1.09,0.28,0.17,0.06,0.0,0.0,0.0,0.0,0.0,0.0,0.0,0.0,0.0,0.0,0.0,0.0,0.0,0.12,0.41,0.84,1.55,2.02,2.47,1.96,1.63,1.47,0.73,0.14,0.0,0.0,0.0,0.0,0.0,0.0,0.0,0.0,0.0,0.0,0.0,0.0,0.0,0.32,0.97,1.67,2.13,2.5,2.56,2.4,2.02,1.39,0.61,0.13,0.0,0.0,0.0,0.0,0.0,0.0,0.0,0.0,0.0,0.0,0.0,0.0,0.0,0.07,0.18,0.3,0.24,0.06,0.5,0.37,1.43,1.27,0.58,0.13,0.0,0.0,0.0,0.0,0.0,0.0,0.0,0.0,0.0,0.0,0.0,0.0,0.0,0.28,0.91,1.58,2.05,2.41,2.58,2.42,2.03,1.42,0.66,0.11,0.0,0.0,0.0,0.0,0.0,0.0,0.0,0.0,0.0,0.0,0.0,0.0,0.0,0.3,0.95,1.65,2.17,2.46,2.53,2.32,1.89,1.35,0.56,0.07,0.0,0.0,0.0,0.0,0.0
290,0.0,0.0,0.0,0.0,0.0,0.0,0.0,0.0,0.27,0.68,0.93,2.02,2.06,2.63,1.89,1.09,0.28,0.17,0.06,0.0,0.0,0.0,0.0,0.0,0.0,0.0,0.0,0.0,0.0,0.0,0.0,0.0,0.12,0.41,0.84,1.55,2.02,2.47,1.96,1.63,1.47,0.73,0.14,0.0,0.0,0.0,0.0,0.0,0.0,0.0,0.0,0.0,0.0,0.0,0.0,0.0,0.32,0.97,1.67,2.13,2.5,2.56,2.4,2.02,1.39,0.61,0.13,0.0,0.0,0.0,0.0,0.0,0.0,0.0,0.0,0.0,0.0,0.0,0.0,0.0,0.07,0.18,0.3,0.24,0.06,0.5,0.37,1.43,1.27,0.58,0.13,0.0,0.0,0.0,0.0,0.0,0.0,0.0,0.0,0.0,0.0,0.0,0.0,0.0,0.28,0.91,1.58,2.05,2.41,2.58,2.42,2.03,1.42,0.66,0.11,0.0,0.0,0.0,0.0,0.0,0.0,0.0,0.0,0.0,0.0,0.0,0.0,0.0,0.3,0.95,1.65,2.17,2.46,2.53,2.32,1.89,1.35,0.56,0.07,0.0,0.0,0.0,0.0,0.0,0.0,0.0,0.0,0.0,0.0,0.0,0.0,0.0,0.25,0.9,1.57,2.09,2.39,2.49,2.33,1.93,1.32,0.6,0.1,0.0,0.0,0.0,0.0,0.0
291,0.0,0.0,0.0,0.0,0.0,0.0,0.0,0.0,0.12,0.41,0.84,1.55,2.02,2.47,1.96,1.63,1.47,0.73,0.14,0.0,0.0,0.0,0.0,0.0,0.0,0.0,0.0,0.0,0.0,0.0,0.0,0.0,0.32,0.97,1.67,2.13,2.5,2.56,2.4,2.02,1.39,0.61,0.13,0.0,0.0,0.0,0.0,0.0,0.0,0.0,0.0,0.0,0.0,0.0,0.0,0.0,0.07,0.18,0.3,0.24,0.06,0.5,0.37,1.43,1.27,0.58,0.13,0.0,0.0,0.0,0.0,0.0,0.0,0.0,0.0,0.0,0.0,0.0,0.0,0.0,0.28,0.91,1.58,2.05,2.41,2.58,2.42,2.03,1.42,0.66,0.11,0.0,0.0,0.0,0.0,0.0,0.0,0.0,0.0,0.0,0.0,0.0,0.0,0.0,0.3,0.95,1.65,2.17,2.46,2.53,2.32,1.89,1.35,0.56,0.07,0.0,0.0,0.0,0.0,0.0,0.0,0.0,0.0,0.0,0.0,0.0,0.0,0.0,0.25,0.9,1.57,2.09,2.39,2.49,2.33,1.93,1.32,0.6,0.1,0.0,0.0,0.0,0.0,0.0,0.0,0.0,0.0,0.0,0.0,0.0,0.0,0.0,0.04,0.16,0.72,0.93,1.15,2.46,2.3,1.93,1.35,0.62,0.08,0.0,0.0,0.0,0.0,0.0
292,0.0,0.0,0.0,0.0,0.0,0.0,0.0,0.0,0.32,0.97,1.67,2.13,2.5,2.56,2.4,2.02,1.39,0.61,0.13,0.0,0.0,0.0,0.0,0.0,0.0,0.0,0.0,0.0,0.0,0.0,0.0,0.0,0.07,0.18,0.3,0.24,0.06,0.5,0.37,1.43,1.27,0.58,0.13,0.0,0.0,0.0,0.0,0.0,0.0,0.0,0.0,0.0,0.0,0.0,0.0,0.0,0.28,0.91,1.58,2.05,2.41,2.58,2.42,2.03,1.42,0.66,0.11,0.0,0.0,0.0,0.0,0.0,0.0,0.0,0.0,0.0,0.0,0.0,0.0,0.0,0.3,0.95,1.65,2.17,2.46,2.53,2.32,1.89,1.35,0.56,0.07,0.0,0.0,0.0,0.0,0.0,0.0,0.0,0.0,0.0,0.0,0.0,0.0,0.0,0.25,0.9,1.57,2.09,2.39,2.49,2.33,1.93,1.32,0.6,0.1,0.0,0.0,0.0,0.0,0.0,0.0,0.0,0.0,0.0,0.0,0.0,0.0,0.0,0.04,0.16,0.72,0.93,1.15,2.46,2.3,1.93,1.35,0.62,0.08,0.0,0.0,0.0,0.0,0.0,0.0,0.0,0.0,0.0,0.0,0.0,0.0,0.0,0.18,0.72,1.35,1.82,2.07,2.15,1.89,1.48,0.92,0.45,0.05,0.0,0.0,0.0,0.0,0.0
293,0.0,0.0,0.0,0.0,0.0,0.0,0.0,0.0,0.07,0.18,0.3,0.24,0.06,0.5,0.37,1.43,1.27,0.58,0.13,0.0,0.0,0.0,0.0,0.0,0.0,0.0,0.0,0.0,0.0,0.0,0.0,0.0,0.28,0.91,1.58,2.05,2.41,2.58,2.42,2.03,1.42,0.66,0.11,0.0,0.0,0.0,0.0,0.0,0.0,0.0,0.0,0.0,0.0,0.0,0.0,0.0,0.3,0.95,1.65,2.17,2.46,2.53,2.32,1.89,1.35,0.56,0.07,0.0,0.0,0.0,0.0,0.0,0.0,0.0,0.0,0.0,0.0,0.0,0.0,0.0,0.25,0.9,1.57,2.09,2.39,2.49,2.33,1.93,1.32,0.6,0.1,0.0,0.0,0.0,0.0,0.0,0.0,0.0,0.0,0.0,0.0,0.0,0.0,0.0,0.04,0.16,0.72,0.93,1.15,2.46,2.3,1.93,1.35,0.62,0.08,0.0,0.0,0.0,0.0,0.0,0.0,0.0,0.0,0.0,0.0,0.0,0.0,0.0,0.18,0.72,1.35,1.82,2.07,2.15,1.89,1.48,0.92,0.45,0.05,0.0,0.0,0.0,0.0,0.0,0.0,0.0,0.0,0.0,0.0,0.0,0.0,0.0,0.11,0.51,1.06,2.04,2.25,2.44,2.32,1.94,1.34,0.63,0.08,0.0,0.0,0.0,0.0,0.0
294,0.0,0.0,0.0,0.0,0.0,0.0,0.0,0.0,0.28,0.91,1.58,2.05,2.41,2.58,2.42,2.03,1.42,0.66,0.11,0.0,0.0,0.0,0.0,0.0,0.0,0.0,0.0,0.0,0.0,0.0,0.0,0.0,0.3,0.95,1.65,2.17,2.46,2.53,2.32,1.89,1.35,0.56,0.07,0.0,0.0,0.0,0.0,0.0,0.0,0.0,0.0,0.0,0.0,0.0,0.0,0.0,0.25,0.9,1.57,2.09,2.39,2.49,2.33,1.93,1.32,0.6,0.1,0.0,0.0,0.0,0.0,0.0,0.0,0.0,0.0,0.0,0.0,0.0,0.0,0.0,0.04,0.16,0.72,0.93,1.15,2.46,2.3,1.93,1.35,0.62,0.08,0.0,0.0,0.0,0.0,0.0,0.0,0.0,0.0,0.0,0.0,0.0,0.0,0.0,0.18,0.72,1.35,1.82,2.07,2.15,1.89,1.48,0.92,0.45,0.05,0.0,0.0,0.0,0.0,0.0,0.0,0.0,0.0,0.0,0.0,0.0,0.0,0.0,0.11,0.51,1.06,2.04,2.25,2.44,2.32,1.94,1.34,0.63,0.08,0.0,0.0,0.0,0.0,0.0,0.0,0.0,0.0,0.0,0.0,0.0,0.0,0.0,0.23,0.89,1.56,2.03,2.36,2.37,2.27,1.89,1.3,0.62,0.06,0.0,0.0,0.0,0.0,0.0
295,0.0,0.0,0.0,0.0,0.0,0.0,0.0,0.0,0.3,0.95,1.65,2.17,2.46,2.53,2.32,1.89,1.35,0.56,0.07,0.0,0.0,0.0,0.0,0.0,0.0,0.0,0.0,0.0,0.0,0.0,0.0,0.0,0.25,0.9,1.57,2.09,2.39,2.49,2.33,1.93,1.32,0.6,0.1,0.0,0.0,0.0,0.0,0.0,0.0,0.0,0.0,0.0,0.0,0.0,0.0,0.0,0.04,0.16,0.72,0.93,1.15,2.46,2.3,1.93,1.35,0.62,0.08,0.0,0.0,0.0,0.0,0.0,0.0,0.0,0.0,0.0,0.0,0.0,0.0,0.0,0.18,0.72,1.35,1.82,2.07,2.15,1.89,1.48,0.92,0.45,0.05,0.0,0.0,0.0,0.0,0.0,0.0,0.0,0.0,0.0,0.0,0.0,0.0,0.0,0.11,0.51,1.06,2.04,2.25,2.44,2.32,1.94,1.34,0.63,0.08,0.0,0.0,0.0,0.0,0.0,0.0,0.0,0.0,0.0,0.0,0.0,0.0,0.0,0.23,0.89,1.56,2.03,2.36,2.37,2.27,1.89,1.3,0.62,0.06,0.0,0.0,0.0,0.0,0.0,0.0,0.0,0.0,0.0,0.0,0.0,0.0,0.0,0.22,0.78,1.2,1.91,2.06,2.37,2.14,1.79,1.23,0.42,0.04,0.0,0.0,0.0,0.0,0.0
296,0.0,0.0,0.0,0.0,0.0,0.0,0.0,0.0,0.25,0.9,1.57,2.09,2.39,2.49,2.33,1.93,1.32,0.6,0.1,0.0,0.0,0.0,0.0,0.0,0.0,0.0,0.0,0.0,0.0,0.0,0.0,0.0,0.04,0.16,0.72,0.93,1.15,2.46,2.3,1.93,1.35,0.62,0.08,0.0,0.0,0.0,0.0,0.0,0.0,0.0,0.0,0.0,0.0,0.0,0.0,0.0,0.18,0.72,1.35,1.82,2.07,2.15,1.89,1.48,0.92,0.45,0.05,0.0,0.0,0.0,0.0,0.0,0.0,0.0,0.0,0.0,0.0,0.0,0.0,0.0,0.11,0.51,1.06,2.04,2.25,2.44,2.32,1.94,1.34,0.63,0.08,0.0,0.0,0.0,0.0,0.0,0.0,0.0,0.0,0.0,0.0,0.0,0.0,0.0,0.23,0.89,1.56,2.03,2.36,2.37,2.27,1.89,1.3,0.62,0.06,0.0,0.0,0.0,0.0,0.0,0.0,0.0,0.0,0.0,0.0,0.0,0.0,0.0,0.22,0.78,1.2,1.91,2.06,2.37,2.14,1.79,1.23,0.42,0.04,0.0,0.0,0.0,0.0,0.0,0.0,0.0,0.0,0.0,0.0,0.0,0.0,0.0,0.14,0.39,0.57,0.88,1.45,0.58,0.49,0.75,0.61,0.45,0.04,0.0,0.0,0.0,0.0,0.0
297,0.0,0.0,0.0,0.0,0.0,0.0,0.0,0.0,0.04,0.16,0.72,0.93,1.15,2.46,2.3,1.93,1.35,0.62,0.08,0.0,0.0,0.0,0.0,0.0,0.0,0.0,0.0,0.0,0.0,0.0,0.0,0.0,0.18,0.72,1.35,1.82,2.07,2.15,1.89,1.48,0.92,0.45,0.05,0.0,0.0,0.0,0.0,0.0,0.0,0.0,0.0,0.0,0.0,0.0,0.0,0.0,0.11,0.51,1.06,2.04,2.25,2.44,2.32,1.94,1.34,0.63,0.08,0.0,0.0,0.0,0.0,0.0,0.0,0.0,0.0,0.0,0.0,0.0,0.0,0.0,0.23,0.89,1.56,2.03,2.36,2.37,2.27,1.89,1.3,0.62,0.06,0.0,0.0,0.0,0.0,0.0,0.0,0.0,0.0,0.0,0.0,0.0,0.0,0.0,0.22,0.78,1.2,1.91,2.06,2.37,2.14,1.79,1.23,0.42,0.04,0.0,0.0,0.0,0.0,0.0,0.0,0.0,0.0,0.0,0.0,0.0,0.0,0.0,0.14,0.39,0.57,0.88,1.45,0.58,0.49,0.75,0.61,0.45,0.04,0.0,0.0,0.0,0.0,0.0,0.0,0.0,0.0,0.0,0.0,0.0,0.0,0.0,0.18,0.7,1.29,1.71,2.03,1.89,1.83,1.51,0.81,0.26,0.04,0.0,0.0,0.0,0.0,0.0
298,0.0,0.0,0.0,0.0,0.0,0.0,0.0,0.0,0.18,0.72,1.35,1.82,2.07,2.15,1.89,1.48,0.92,0.45,0.05,0.0,0.0,0.0,0.0,0.0,0.0,0.0,0.0,0.0,0.0,0.0,0.0,0.0,0.11,0.51,1.06,2.04,2.25,2.44,2.32,1.94,1.34,0.63,0.08,0.0,0.0,0.0,0.0,0.0,0.0,0.0,0.0,0.0,0.0,0.0,0.0,0.0,0.23,0.89,1.56,2.03,2.36,2.37,2.27,1.89,1.3,0.62,0.06,0.0,0.0,0.0,0.0,0.0,0.0,0.0,0.0,0.0,0.0,0.0,0.0,0.0,0.22,0.78,1.2,1.91,2.06,2.37,2.14,1.79,1.23,0.42,0.04,0.0,0.0,0.0,0.0,0.0,0.0,0.0,0.0,0.0,0.0,0.0,0.0,0.0,0.14,0.39,0.57,0.88,1.45,0.58,0.49,0.75,0.61,0.45,0.04,0.0,0.0,0.0,0.0,0.0,0.0,0.0,0.0,0.0,0.0,0.0,0.0,0.0,0.18,0.7,1.29,1.71,2.03,1.89,1.83,1.51,0.81,0.26,0.04,0.0,0.0,0.0,0.0,0.0,0.0,0.0,0.0,0.0,0.0,0.0,0.0,0.0,0.16,0.6,1.13,1.24,1.65,1.95,1.58,1.4,1.18,0.39,0.04,0.0,0.0,0.0,0.0,0.0
299,0.0,0.0,0.0,0.0,0.0,0.0,0.0,0.0,0.11,0.51,1.06,2.04,2.25,2.44,2.32,1.94,1.34,0.63,0.08,0.0,0.0,0.0,0.0,0.0,0.0,0.0,0.0,0.0,0.0,0.0,0.0,0.0,0.23,0.89,1.56,2.03,2.36,2.37,2.27,1.89,1.3,0.62,0.06,0.0,0.0,0.0,0.0,0.0,0.0,0.0,0.0,0.0,0.0,0.0,0.0,0.0,0.22,0.78,1.2,1.91,2.06,2.37,2.14,1.79,1.23,0.42,0.04,0.0,0.0,0.0,0.0,0.0,0.0,0.0,0.0,0.0,0.0,0.0,0.0,0.0,0.14,0.39,0.57,0.88,1.45,0.58,0.49,0.75,0.61,0.45,0.04,0.0,0.0,0.0,0.0,0.0,0.0,0.0,0.0,0.0,0.0,0.0,0.0,0.0,0.18,0.7,1.29,1.71,2.03,1.89,1.83,1.51,0.81,0.26,0.04,0.0,0.0,0.0,0.0,0.0,0.0,0.0,0.0,0.0,0.0,0.0,0.0,0.0,0.16,0.6,1.13,1.24,1.65,1.95,1.58,1.4,1.18,0.39,0.04,0.0,0.0,0.0,0.0,0.0,0.0,0.0,0.0,0.0,0.0,0.0,0.0,0.0,0.15,0.67,1.35,1.69,2.18,2.11,1.79,1.58,0.81,0.31,0.05,0.0,0.0,0.0,0.0,0.0
300,0.0,0.0,0.0,0.0,0.0,0.0,0.0,0.0,0.23,0.89,1.56,2.03,2.36,2.37,2.27,1.89,1.3,0.62,0.06,0.0,0.0,0.0,0.0,0.0,0.0,0.0,0.0,0.0,0.0,0.0,0.0,0.0,0.22,0.78,1.2,1.91,2.06,2.37,2.14,1.79,1.23,0.42,0.04,0.0,0.0,0.0,0.0,0.0,0.0,0.0,0.0,0.0,0.0,0.0,0.0,0.0,0.14,0.39,0.57,0.88,1.45,0.58,0.49,0.75,0.61,0.45,0.04,0.0,0.0,0.0,0.0,0.0,0.0,0.0,0.0,0.0,0.0,0.0,0.0,0.0,0.18,0.7,1.29,1.71,2.03,1.89,1.83,1.51,0.81,0.26,0.04,0.0,0.0,0.0,0.0,0.0,0.0,0.0,0.0,0.0,0.0,0.0,0.0,0.0,0.16,0.6,1.13,1.24,1.65,1.95,1.58,1.4,1.18,0.39,0.04,0.0,0.0,0.0,0.0,0.0,0.0,0.0,0.0,0.0,0.0,0.0,0.0,0.0,0.15,0.67,1.35,1.69,2.18,2.11,1.79,1.58,0.81,0.31,0.05,0.0,0.0,0.0,0.0,0.0,0.0,0.0,0.0,0.0,0.0,0.0,0.0,0.0,0.16,0.68,1.3,1.85,2.14,2.27,2.11,1.58,0.85,0.26,0.04,0.0,0.0,0.0,0.0,0.0
301,0.0,0.0,0.0,0.0,0.0,0.0,0.0,0.0,0.22,0.78,1.2,1.91,2.06,2.37,2.14,1.79,1.23,0.42,0.04,0.0,0.0,0.0,0.0,0.0,0.0,0.0,0.0,0.0,0.0,0.0,0.0,0.0,0.14,0.39,0.57,0.88,1.45,0.58,0.49,0.75,0.61,0.45,0.04,0.0,0.0,0.0,0.0,0.0,0.0,0.0,0.0,0.0,0.0,0.0,0.0,0.0,0.18,0.7,1.29,1.71,2.03,1.89,1.83,1.51,0.81,0.26,0.04,0.0,0.0,0.0,0.0,0.0,0.0,0.0,0.0,0.0,0.0,0.0,0.0,0.0,0.16,0.6,1.13,1.24,1.65,1.95,1.58,1.4,1.18,0.39,0.04,0.0,0.0,0.0,0.0,0.0,0.0,0.0,0.0,0.0,0.0,0.0,0.0,0.0,0.15,0.67,1.35,1.69,2.18,2.11,1.79,1.58,0.81,0.31,0.05,0.0,0.0,0.0,0.0,0.0,0.0,0.0,0.0,0.0,0.0,0.0,0.0,0.0,0.16,0.68,1.3,1.85,2.14,2.27,2.11,1.58,0.85,0.26,0.04,0.0,0.0,0.0,0.0,0.0,0.0,0.0,0.0,0.0,0.0,0.0,0.0,0.0,0.14,0.57,0.91,1.44,0.96,0.8,0.43,0.61,0.57,0.44,0.03,0.0,0.0,0.0,0.0,0.0
302,0.0,0.0,0.0,0.0,0.0,0.0,0.0,0.0,0.14,0.39,0.57,0.88,1.45,0.58,0.49,0.75,0.61,0.45,0.04,0.0,0.0,0.0,0.0,0.0,0.0,0.0,0.0,0.0,0.0,0.0,0.0,0.0,0.18,0.7,1.29,1.71,2.03,1.89,1.83,1.51,0.81,0.26,0.04,0.0,0.0,0.0,0.0,0.0,0.0,0.0,0.0,0.0,0.0,0.0,0.0,0.0,0.16,0.6,1.13,1.24,1.65,1.95,1.58,1.4,1.18,0.39,0.04,0.0,0.0,0.0,0.0,0.0,0.0,0.0,0.0,0.0,0.0,0.0,0.0,0.0,0.15,0.67,1.35,1.69,2.18,2.11,1.79,1.58,0.81,0.31,0.05,0.0,0.0,0.0,0.0,0.0,0.0,0.0,0.0,0.0,0.0,0.0,0.0,0.0,0.16,0.68,1.3,1.85,2.14,2.27,2.11,1.58,0.85,0.26,0.04,0.0,0.0,0.0,0.0,0.0,0.0,0.0,0.0,0.0,0.0,0.0,0.0,0.0,0.14,0.57,0.91,1.44,0.96,0.8,0.43,0.61,0.57,0.44,0.03,0.0,0.0,0.0,0.0,0.0,0.0,0.0,0.0,0.0,0.0,0.0,0.0,0.0,0.14,0.64,1.32,1.63,1.82,2.11,2.01,1.66,0.97,0.43,0.03,0.0,0.0,0.0,0.0,0.0
303,0.0,0.0,0.0,0.0,0.0,0.0,0.0,0.0,0.18,0.7,1.29,1.71,2.03,1.89,1.83,1.51,0.81,0.26,0.04,0.0,0.0,0.0,0.0,0.0,0.0,0.0,0.0,0.0,0.0,0.0,0.0,0.0,0.16,0.6,1.13,1.24,1.65,1.95,1.58,1.4,1.18,0.39,0.04,0.0,0.0,0.0,0.0,0.0,0.0,0.0,0.0,0.0,0.0,0.0,0.0,0.0,0.15,0.67,1.35,1.69,2.18,2.11,1.79,1.58,0.81,0.31,0.05,0.0,0.0,0.0,0.0,0.0,0.0,0.0,0.0,0.0,0.0,0.0,0.0,0.0,0.16,0.68,1.3,1.85,2.14,2.27,2.11,1.58,0.85,0.26,0.04,0.0,0.0,0.0,0.0,0.0,0.0,0.0,0.0,0.0,0.0,0.0,0.0,0.0,0.14,0.57,0.91,1.44,0.96,0.8,0.43,0.61,0.57,0.44,0.03,0.0,0.0,0.0,0.0,0.0,0.0,0.0,0.0,0.0,0.0,0.0,0.0,0.0,0.14,0.64,1.32,1.63,1.82,2.11,2.01,1.66,0.97,0.43,0.03,0.0,0.0,0.0,0.0,0.0,0.0,0.0,0.0,0.0,0.0,0.0,0.0,0.0,0.14,0.61,1.27,1.75,2.08,1.99,2.11,1.56,0.91,0.35,0.03,0.0,0.0,0.0,0.0,0.0
304,0.0,0.0,0.0,0.0,0.0,0.0,0.0,0.0,0.16,0.6,1.13,1.24,1.65,1.95,1.58,1.4,1.18,0.39,0.04,0.0,0.0,0.0,0.0,0.0,0.0,0.0,0.0,0.0,0.0,0.0,0.0,0.0,0.15,0.67,1.35,1.69,2.18,2.11,1.79,1.58,0.81,0.31,0.05,0.0,0.0,0.0,0.0,0.0,0.0,0.0,0.0,0.0,0.0,0.0,0.0,0.0,0.16,0.68,1.3,1.85,2.14,2.27,2.11,1.58,0.85,0.26,0.04,0.0,0.0,0.0,0.0,0.0,0.0,0.0,0.0,0.0,0.0,0.0,0.0,0.0,0.14,0.57,0.91,1.44,0.96,0.8,0.43,0.61,0.57,0.44,0.03,0.0,0.0,0.0,0.0,0.0,0.0,0.0,0.0,0.0,0.0,0.0,0.0,0.0,0.14,0.64,1.32,1.63,1.82,2.11,2.01,1.66,0.97,0.43,0.03,0.0,0.0,0.0,0.0,0.0,0.0,0.0,0.0,0.0,0.0,0.0,0.0,0.0,0.14,0.61,1.27,1.75,2.08,1.99,2.11,1.56,0.91,0.35,0.03,0.0,0.0,0.0,0.0,0.0,0.0,0.0,0.0,0.0,0.0,0.0,0.0,0.0,0.14,0.76,1.45,1.83,2.15,2.11,1.91,1.03,0.54,0.26,0.02,0.0,0.0,0.0,0.0,0.0
305,0.0,0.0,0.0,0.0,0.0,0.0,0.0,0.0,0.15,0.67,1.35,1.69,2.18,2.11,1.79,1.58,0.81,0.31,0.05,0.0,0.0,0.0,0.0,0.0,0.0,0.0,0.0,0.0,0.0,0.0,0.0,0.0,0.16,0.68,1.3,1.85,2.14,2.27,2.11,1.58,0.85,0.26,0.04,0.0,0.0,0.0,0.0,0.0,0.0,0.0,0.0,0.0,0.0,0.0,0.0,0.0,0.14,0.57,0.91,1.44,0.96,0.8,0.43,0.61,0.57,0.44,0.03,0.0,0.0,0.0,0.0,0.0,0.0,0.0,0.0,0.0,0.0,0.0,0.0,0.0,0.14,0.64,1.32,1.63,1.82,2.11,2.01,1.66,0.97,0.43,0.03,0.0,0.0,0.0,0.0,0.0,0.0,0.0,0.0,0.0,0.0,0.0,0.0,0.0,0.14,0.61,1.27,1.75,2.08,1.99,2.11,1.56,0.91,0.35,0.03,0.0,0.0,0.0,0.0,0.0,0.0,0.0,0.0,0.0,0.0,0.0,0.0,0.0,0.14,0.76,1.45,1.83,2.15,2.11,1.91,1.03,0.54,0.26,0.02,0.0,0.0,0.0,0.0,0.0,0.0,0.0,0.0,0.0,0.0,0.0,0.0,0.0,0.0,0.06,0.05,0.12,0.2,0.53,0.63,0.5,0.36,0.1,0.02,0.0,0.0,0.0,0.0,0.0
306,0.0,0.0,0.0,0.0,0.0,0.0,0.0,0.0,0.16,0.68,1.3,1.85,2.14,2.27,2.11,1.58,0.85,0.26,0.04,0.0,0.0,0.0,0.0,0.0,0.0,0.0,0.0,0.0,0.0,0.0,0.0,0.0,0.14,0.57,0.91,1.44,0.96,0.8,0.43,0.61,0.57,0.44,0.03,0.0,0.0,0.0,0.0,0.0,0.0,0.0,0.0,0.0,0.0,0.0,0.0,0.0,0.14,0.64,1.32,1.63,1.82,2.11,2.01,1.66,0.97,0.43,0.03,0.0,0.0,0.0,0.0,0.0,0.0,0.0,0.0,0.0,0.0,0.0,0.0,0.0,0.14,0.61,1.27,1.75,2.08,1.99,2.11,1.56,0.91,0.35,0.03,0.0,0.0,0.0,0.0,0.0,0.0,0.0,0.0,0.0,0.0,0.0,0.0,0.0,0.14,0.76,1.45,1.83,2.15,2.11,1.91,1.03,0.54,0.26,0.02,0.0,0.0,0.0,0.0,0.0,0.0,0.0,0.0,0.0,0.0,0.0,0.0,0.0,0.0,0.06,0.05,0.12,0.2,0.53,0.63,0.5,0.36,0.1,0.02,0.0,0.0,0.0,0.0,0.0,0.0,0.0,0.0,0.0,0.0,0.0,0.0,0.0,0.03,0.13,0.38,0.56,0.62,0.52,0.5,0.23,0.25,0.17,0.01,0.0,0.0,0.0,0.0,0.0
307,0.0,0.0,0.0,0.0,0.0,0.0,0.0,0.0,0.14,0.57,0.91,1.44,0.96,0.8,0.43,0.61,0.57,0.44,0.03,0.0,0.0,0.0,0.0,0.0,0.0,0.0,0.0,0.0,0.0,0.0,0.0,0.0,0.14,0.64,1.32,1.63,1.82,2.11,2.01,1.66,0.97,0.43,0.03,0.0,0.0,0.0,0.0,0.0,0.0,0.0,0.0,0.0,0.0,0.0,0.0,0.0,0.14,0.61,1.27,1.75,2.08,1.99,2.11,1.56,0.91,0.35,0.03,0.0,0.0,0.0,0.0,0.0,0.0,0.0,0.0,0.0,0.0,0.0,0.0,0.0,0.14,0.76,1.45,1.83,2.15,2.11,1.91,1.03,0.54,0.26,0.02,0.0,0.0,0.0,0.0,0.0,0.0,0.0,0.0,0.0,0.0,0.0,0.0,0.0,0.0,0.06,0.05,0.12,0.2,0.53,0.63,0.5,0.36,0.1,0.02,0.0,0.0,0.0,0.0,0.0,0.0,0.0,0.0,0.0,0.0,0.0,0.0,0.0,0.03,0.13,0.38,0.56,0.62,0.52,0.5,0.23,0.25,0.17,0.01,0.0,0.0,0.0,0.0,0.0,0.0,0.0,0.0,0.0,0.0,0.0,0.0,0.0,0.04,0.2,0.9,0.99,1.77,1.23,0.82,1.49,1.16,0.19,0.01,0.0,0.0,0.0,0.0,0.0
308,0.0,0.0,0.0,0.0,0.0,0.0,0.0,0.0,0.14,0.64,1.32,1.63,1.82,2.11,2.01,1.66,0.97,0.43,0.03,0.0,0.0,0.0,0.0,0.0,0.0,0.0,0.0,0.0,0.0,0.0,0.0,0.0,0.14,0.61,1.27,1.75,2.08,1.99,2.11,1.56,0.91,0.35,0.03,0.0,0.0,0.0,0.0,0.0,0.0,0.0,0.0,0.0,0.0,0.0,0.0,0.0,0.14,0.76,1.45,1.83,2.15,2.11,1.91,1.03,0.54,0.26,0.02,0.0,0.0,0.0,0.0,0.0,0.0,0.0,0.0,0.0,0.0,0.0,0.0,0.0,0.0,0.06,0.05,0.12,0.2,0.53,0.63,0.5,0.36,0.1,0.02,0.0,0.0,0.0,0.0,0.0,0.0,0.0,0.0,0.0,0.0,0.0,0.0,0.0,0.03,0.13,0.38,0.56,0.62,0.52,0.5,0.23,0.25,0.17,0.01,0.0,0.0,0.0,0.0,0.0,0.0,0.0,0.0,0.0,0.0,0.0,0.0,0.0,0.04,0.2,0.9,0.99,1.77,1.23,0.82,1.49,1.16,0.19,0.01,0.0,0.0,0.0,0.0,0.0,0.0,0.0,0.0,0.0,0.0,0.0,0.0,0.0,0.09,0.63,1.1,1.76,1.39,1.7,0.56,1.42,0.63,0.38,0.02,0.0,0.0,0.0,0.0,0.0
309,0.0,0.0,0.0,0.0,0.0,0.0,0.0,0.0,0.14,0.61,1.27,1.75,2.08,1.99,2.11,1.56,0.91,0.35,0.03,0.0,0.0,0.0,0.0,0.0,0.0,0.0,0.0,0.0,0.0,0.0,0.0,0.0,0.14,0.76,1.45,1.83,2.15,2.11,1.91,1.03,0.54,0.26,0.02,0.0,0.0,0.0,0.0,0.0,0.0,0.0,0.0,0.0,0.0,0.0,0.0,0.0,0.0,0.06,0.05,0.12,0.2,0.53,0.63,0.5,0.36,0.1,0.02,0.0,0.0,0.0,0.0,0.0,0.0,0.0,0.0,0.0,0.0,0.0,0.0,0.0,0.03,0.13,0.38,0.56,0.62,0.52,0.5,0.23,0.25,0.17,0.01,0.0,0.0,0.0,0.0,0.0,0.0,0.0,0.0,0.0,0.0,0.0,0.0,0.0,0.04,0.2,0.9,0.99,1.77,1.23,0.82,1.49,1.16,0.19,0.01,0.0,0.0,0.0,0.0,0.0,0.0,0.0,0.0,0.0,0.0,0.0,0.0,0.0,0.09,0.63,1.1,1.76,1.39,1.7,0.56,1.42,0.63,0.38,0.02,0.0,0.0,0.0,0.0,0.0,0.0,0.0,0.0,0.0,0.0,0.0,0.0,0.0,0.14,0.72,1.4,1.88,2.19,2.33,2.09,1.64,0.88,0.19,0.01,0.0,0.0,0.0,0.0,0.0
310,0.0,0.0,0.0,0.0,0.0,0.0,0.0,0.0,0.14,0.76,1.45,1.83,2.15,2.11,1.91,1.03,0.54,0.26,0.02,0.0,0.0,0.0,0.0,0.0,0.0,0.0,0.0,0.0,0.0,0.0,0.0,0.0,0.0,0.06,0.05,0.12,0.2,0.53,0.63,0.5,0.36,0.1,0.02,0.0,0.0,0.0,0.0,0.0,0.0,0.0,0.0,0.0,0.0,0.0,0.0,0.0,0.03,0.13,0.38,0.56,0.62,0.52,0.5,0.23,0.25,0.17,0.01,0.0,0.0,0.0,0.0,0.0,0.0,0.0,0.0,0.0,0.0,0.0,0.0,0.0,0.04,0.2,0.9,0.99,1.77,1.23,0.82,1.49,1.16,0.19,0.01,0.0,0.0,0.0,0.0,0.0,0.0,0.0,0.0,0.0,0.0,0.0,0.0,0.0,0.09,0.63,1.1,1.76,1.39,1.7,0.56,1.42,0.63,0.38,0.02,0.0,0.0,0.0,0.0,0.0,0.0,0.0,0.0,0.0,0.0,0.0,0.0,0.0,0.14,0.72,1.4,1.88,2.19,2.33,2.09,1.64,0.88,0.19,0.01,0.0,0.0,0.0,0.0,0.0,0.0,0.0,0.0,0.0,0.0,0.0,0.0,0.0,0.13,0.56,1.11,1.8,1.9,1.45,1.62,0.64,0.4,0.28,0.01,0.0,0.0,0.0,0.0,0.0
311,0.0,0.0,0.0,0.0,0.0,0.0,0.0,0.0,0.0,0.06,0.05,0.12,0.2,0.53,0.63,0.5,0.36,0.1,0.02,0.0,0.0,0.0,0.0,0.0,0.0,0.0,0.0,0.0,0.0,0.0,0.0,0.0,0.03,0.13,0.38,0.56,0.62,0.52,0.5,0.23,0.25,0.17,0.01,0.0,0.0,0.0,0.0,0.0,0.0,0.0,0.0,0.0,0.0,0.0,0.0,0.0,0.04,0.2,0.9,0.99,1.77,1.23,0.82,1.49,1.16,0.19,0.01,0.0,0.0,0.0,0.0,0.0,0.0,0.0,0.0,0.0,0.0,0.0,0.0,0.0,0.09,0.63,1.1,1.76,1.39,1.7,0.56,1.42,0.63,0.38,0.02,0.0,0.0,0.0,0.0,0.0,0.0,0.0,0.0,0.0,0.0,0.0,0.0,0.0,0.14,0.72,1.4,1.88,2.19,2.33,2.09,1.64,0.88,0.19,0.01,0.0,0.0,0.0,0.0,0.0,0.0,0.0,0.0,0.0,0.0,0.0,0.0,0.0,0.13,0.56,1.11,1.8,1.9,1.45,1.62,0.64,0.4,0.28,0.01,0.0,0.0,0.0,0.0,0.0,0.0,0.0,0.0,0.0,0.0,0.0,0.0,0.0,0.06,0.32,0.68,1.47,1.88,1.97,1.77,1.37,0.76,0.23,0.01,0.0,0.0,0.0,0.0,0.0
312,0.0,0.0,0.0,0.0,0.0,0.0,0.0,0.0,0.03,0.13,0.38,0.56,0.62,0.52,0.5,0.23,0.25,0.17,0.01,0.0,0.0,0.0,0.0,0.0,0.0,0.0,0.0,0.0,0.0,0.0,0.0,0.0,0.04,0.2,0.9,0.99,1.77,1.23,0.82,1.49,1.16,0.19,0.01,0.0,0.0,0.0,0.0,0.0,0.0,0.0,0.0,0.0,0.0,0.0,0.0,0.0,0.09,0.63,1.1,1.76,1.39,1.7,0.56,1.42,0.63,0.38,0.02,0.0,0.0,0.0,0.0,0.0,0.0,0.0,0.0,0.0,0.0,0.0,0.0,0.0,0.14,0.72,1.4,1.88,2.19,2.33,2.09,1.64,0.88,0.19,0.01,0.0,0.0,0.0,0.0,0.0,0.0,0.0,0.0,0.0,0.0,0.0,0.0,0.0,0.13,0.56,1.11,1.8,1.9,1.45,1.62,0.64,0.4,0.28,0.01,0.0,0.0,0.0,0.0,0.0,0.0,0.0,0.0,0.0,0.0,0.0,0.0,0.0,0.06,0.32,0.68,1.47,1.88,1.97,1.77,1.37,0.76,0.23,0.01,0.0,0.0,0.0,0.0,0.0,0.0,0.0,0.0,0.0,0.0,0.0,0.0,0.0,0.09,0.6,1.19,1.63,2.01,1.65,1.49,1.58,0.84,0.3,0.01,0.0,0.0,0.0,0.0,0.0
313,0.0,0.0,0.0,0.0,0.0,0.0,0.0,0.0,0.04,0.2,0.9,0.99,1.77,1.23,0.82,1.49,1.16,0.19,0.01,0.0,0.0,0.0,0.0,0.0,0.0,0.0,0.0,0.0,0.0,0.0,0.0,0.0,0.09,0.63,1.1,1.76,1.39,1.7,0.56,1.42,0.63,0.38,0.02,0.0,0.0,0.0,0.0,0.0,0.0,0.0,0.0,0.0,0.0,0.0,0.0,0.0,0.14,0.72,1.4,1.88,2.19,2.33,2.09,1.64,0.88,0.19,0.01,0.0,0.0,0.0,0.0,0.0,0.0,0.0,0.0,0.0,0.0,0.0,0.0,0.0,0.13,0.56,1.11,1.8,1.9,1.45,1.62,0.64,0.4,0.28,0.01,0.0,0.0,0.0,0.0,0.0,0.0,0.0,0.0,0.0,0.0,0.0,0.0,0.0,0.06,0.32,0.68,1.47,1.88,1.97,1.77,1.37,0.76,0.23,0.01,0.0,0.0,0.0,0.0,0.0,0.0,0.0,0.0,0.0,0.0,0.0,0.0,0.0,0.09,0.6,1.19,1.63,2.01,1.65,1.49,1.58,0.84,0.3,0.01,0.0,0.0,0.0,0.0,0.0,0.0,0.0,0.0,0.0,0.0,0.0,0.0,0.0,0.07,0.53,1.15,1.62,1.98,2.04,1.87,1.5,0.9,0.39,0.02,0.0,0.0,0.0,0.0,0.0
314,0.0,0.0,0.0,0.0,0.0,0.0,0.0,0.0,0.09,0.63,1.1,1.76,1.39,1.7,0.56,1.42,0.63,0.38,0.02,0.0,0.0,0.0,0.0,0.0,0.0,0.0,0.0,0.0,0.0,0.0,0.0,0.0,0.14,0.72,1.4,1.88,2.19,2.33,2.09,1.64,0.88,0.19,0.01,0.0,0.0,0.0,0.0,0.0,0.0,0.0,0.0,0.0,0.0,0.0,0.0,0.0,0.13,0.56,1.11,1.8,1.9,1.45,1.62,0.64,0.4,0.28,0.01,0.0,0.0,0.0,0.0,0.0,0.0,0.0,0.0,0.0,0.0,0.0,0.0,0.0,0.06,0.32,0.68,1.47,1.88,1.97,1.77,1.37,0.76,0.23,0.01,0.0,0.0,0.0,0.0,0.0,0.0,0.0,0.0,0.0,0.0,0.0,0.0,0.0,0.09,0.6,1.19,1.63,2.01,1.65,1.49,1.58,0.84,0.3,0.01,0.0,0.0,0.0,0.0,0.0,0.0,0.0,0.0,0.0,0.0,0.0,0.0,0.0,0.07,0.53,1.15,1.62,1.98,2.04,1.87,1.5,0.9,0.39,0.02,0.0,0.0,0.0,0.0,0.0,0.0,0.0,0.0,0.0,0.0,0.0,0.0,0.0,0.1,0.61,1.25,1.73,2.0,1.99,1.4,1.16,0.55,0.2,0.01,0.0,0.0,0.0,0.0,0.0
315,0.0,0.0,0.0,0.0,0.0,0.0,0.0,0.0,0.14,0.72,1.4,1.88,2.19,2.33,2.09,1.64,0.88,0.19,0.01,0.0,0.0,0.0,0.0,0.0,0.0,0.0,0.0,0.0,0.0,0.0,0.0,0.0,0.13,0.56,1.11,1.8,1.9,1.45,1.62,0.64,0.4,0.28,0.01,0.0,0.0,0.0,0.0,0.0,0.0,0.0,0.0,0.0,0.0,0.0,0.0,0.0,0.06,0.32,0.68,1.47,1.88,1.97,1.77,1.37,0.76,0.23,0.01,0.0,0.0,0.0,0.0,0.0,0.0,0.0,0.0,0.0,0.0,0.0,0.0,0.0,0.09,0.6,1.19,1.63,2.01,1.65,1.49,1.58,0.84,0.3,0.01,0.0,0.0,0.0,0.0,0.0,0.0,0.0,0.0,0.0,0.0,0.0,0.0,0.0,0.07,0.53,1.15,1.62,1.98,2.04,1.87,1.5,0.9,0.39,0.02,0.0,0.0,0.0,0.0,0.0,0.0,0.0,0.0,0.0,0.0,0.0,0.0,0.0,0.1,0.61,1.25,1.73,2.0,1.99,1.4,1.16,0.55,0.2,0.01,0.0,0.0,0.0,0.0,0.0,0.0,0.0,0.0,0.0,0.0,0.0,0.0,0.0,0.02,0.17,0.28,0.51,1.4,1.05,1.0,0.82,0.36,0.07,0.0,0.0,0.0,0.0,0.0,0.0
316,0.0,0.0,0.0,0.0,0.0,0.0,0.0,0.0,0.13,0.56,1.11,1.8,1.9,1.45,1.62,0.64,0.4,0.28,0.01,0.0,0.0,0.0,0.0,0.0,0.0,0.0,0.0,0.0,0.0,0.0,0.0,0.0,0.06,0.32,0.68,1.47,1.88,1.97,1.77,1.37,0.76,0.23,0.01,0.0,0.0,0.0,0.0,0.0,0.0,0.0,0.0,0.0,0.0,0.0,0.0,0.0,0.09,0.6,1.19,1.63,2.01,1.65,1.49,1.58,0.84,0.3,0.01,0.0,0.0,0.0,0.0,0.0,0.0,0.0,0.0,0.0,0.0,0.0,0.0,0.0,0.07,0.53,1.15,1.62,1.98,2.04,1.87,1.5,0.9,0.39,0.02,0.0,0.0,0.0,0.0,0.0,0.0,0.0,0.0,0.0,0.0,0.0,0.0,0.0,0.1,0.61,1.25,1.73,2.0,1.99,1.4,1.16,0.55,0.2,0.01,0.0,0.0,0.0,0.0,0.0,0.0,0.0,0.0,0.0,0.0,0.0,0.0,0.0,0.02,0.17,0.28,0.51,1.4,1.05,1.0,0.82,0.36,0.07,0.0,0.0,0.0,0.0,0.0,0.0,0.0,0.0,0.0,0.0,0.0,0.0,0.0,0.0,0.02,0.28,0.54,0.76,0.82,0.45,0.72,0.68,0.52,0.18,0.01,0.0,0.0,0.0,0.0,0.0
317,0.0,0.0,0.0,0.0,0.0,0.0,0.0,0.0,0.06,0.32,0.68,1.47,1.88,1.97,1.77,1.37,0.76,0.23,0.01,0.0,0.0,0.0,0.0,0.0,0.0,0.0,0.0,0.0,0.0,0.0,0.0,0.0,0.09,0.6,1.19,1.63,2.01,1.65,1.49,1.58,0.84,0.3,0.01,0.0,0.0,0.0,0.0,0.0,0.0,0.0,0.0,0.0,0.0,0.0,0.0,0.0,0.07,0.53,1.15,1.62,1.98,2.04,1.87,1.5,0.9,0.39,0.02,0.0,0.0,0.0,0.0,0.0,0.0,0.0,0.0,0.0,0.0,0.0,0.0,0.0,0.1,0.61,1.25,1.73,2.0,1.99,1.4,1.16,0.55,0.2,0.01,0.0,0.0,0.0,0.0,0.0,0.0,0.0,0.0,0.0,0.0,0.0,0.0,0.0,0.02,0.17,0.28,0.51,1.4,1.05,1.0,0.82,0.36,0.07,0.0,0.0,0.0,0.0,0.0,0.0,0.0,0.0,0.0,0.0,0.0,0.0,0.0,0.0,0.02,0.28,0.54,0.76,0.82,0.45,0.72,0.68,0.52,0.18,0.01,0.0,0.0,0.0,0.0,0.0,0.0,0.0,0.0,0.0,0.0,0.0,0.0,0.0,0.04,0.18,0.52,0.96,1.52,1.67,1.52,1.24,0.71,0.25,0.01,0.0,0.0,0.0,0.0,0.0
318,0.0,0.0,0.0,0.0,0.0,0.0,0.0,0.0,0.09,0.6,1.19,1.63,2.01,1.65,1.49,1.58,0.84,0.3,0.01,0.0,0.0,0.0,0.0,0.0,0.0,0.0,0.0,0.0,0.0,0.0,0.0,0.0,0.07,0.53,1.15,1.62,1.98,2.04,1.87,1.5,0.9,0.39,0.02,0.0,0.0,0.0,0.0,0.0,0.0,0.0,0.0,0.0,0.0,0.0,0.0,0.0,0.1,0.61,1.25,1.73,2.0,1.99,1.4,1.16,0.55,0.2,0.01,0.0,0.0,0.0,0.0,0.0,0.0,0.0,0.0,0.0,0.0,0.0,0.0,0.0,0.02,0.17,0.28,0.51,1.4,1.05,1.0,0.82,0.36,0.07,0.0,0.0,0.0,0.0,0.0,0.0,0.0,0.0,0.0,0.0,0.0,0.0,0.0,0.0,0.02,0.28,0.54,0.76,0.82,0.45,0.72,0.68,0.52,0.18,0.01,0.0,0.0,0.0,0.0,0.0,0.0,0.0,0.0,0.0,0.0,0.0,0.0,0.0,0.04,0.18,0.52,0.96,1.52,1.67,1.52,1.24,0.71,0.25,0.01,0.0,0.0,0.0,0.0,0.0,0.0,0.0,0.0,0.0,0.0,0.0,0.0,0.0,0.04,0.17,0.2,0.32,0.52,0.84,0.5,0.3,0.23,0.17,0.01,0.0,0.0,0.0,0.0,0.0
319,0.0,0.0,0.0,0.0,0.0,0.0,0.0,0.0,0.07,0.53,1.15,1.62,1.98,2.04,1.87,1.5,0.9,0.39,0.02,0.0,0.0,0.0,0.0,0.0,0.0,0.0,0.0,0.0,0.0,0.0,0.0,0.0,0.1,0.61,1.25,1.73,2.0,1.99,1.4,1.16,0.55,0.2,0.01,0.0,0.0,0.0,0.0,0.0,0.0,0.0,0.0,0.0,0.0,0.0,0.0,0.0,0.02,0.17,0.28,0.51,1.4,1.05,1.0,0.82,0.36,0.07,0.0,0.0,0.0,0.0,0.0,0.0,0.0,0.0,0.0,0.0,0.0,0.0,0.0,0.0,0.02,0.28,0.54,0.76,0.82,0.45,0.72,0.68,0.52,0.18,0.01,0.0,0.0,0.0,0.0,0.0,0.0,0.0,0.0,0.0,0.0,0.0,0.0,0.0,0.04,0.18,0.52,0.96,1.52,1.67,1.52,1.24,0.71,0.25,0.01,0.0,0.0,0.0,0.0,0.0,0.0,0.0,0.0,0.0,0.0,0.0,0.0,0.0,0.04,0.17,0.2,0.32,0.52,0.84,0.5,0.3,0.23,0.17,0.01,0.0,0.0,0.0,0.0,0.0,0.0,0.0,0.0,0.0,0.0,0.0,0.0,0.0,0.03,0.4,0.97,1.33,1.45,1.76,0.98,0.97,0.77,0.31,0.02,0.0,0.0,0.0,0.0,0.0
320,0.0,0.0,0.0,0.0,0.0,0.0,0.0,0.0,0.1,0.61,1.25,1.73,2.0,1.99,1.4,1.16,0.55,0.2,0.01,0.0,0.0,0.0,0.0,0.0,0.0,0.0,0.0,0.0,0.0,0.0,0.0,0.0,0.02,0.17,0.28,0.51,1.4,1.05,1.0,0.82,0.36,0.07,0.0,0.0,0.0,0.0,0.0,0.0,0.0,0.0,0.0,0.0,0.0,0.0,0.0,0.0,0.02,0.28,0.54,0.76,0.82,0.45,0.72,0.68,0.52,0.18,0.01,0.0,0.0,0.0,0.0,0.0,0.0,0.0,0.0,0.0,0.0,0.0,0.0,0.0,0.04,0.18,0.52,0.96,1.52,1.67,1.52,1.24,0.71,0.25,0.01,0.0,0.0,0.0,0.0,0.0,0.0,0.0,0.0,0.0,0.0,0.0,0.0,0.0,0.04,0.17,0.2,0.32,0.52,0.84,0.5,0.3,0.23,0.17,0.01,0.0,0.0,0.0,0.0,0.0,0.0,0.0,0.0,0.0,0.0,0.0,0.0,0.0,0.03,0.4,0.97,1.33,1.45,1.76,0.98,0.97,0.77,0.31,0.02,0.0,0.0,0.0,0.0,0.0,0.0,0.0,0.0,0.0,0.0,0.0,0.0,0.0,0.06,0.47,0.86,1.12,1.53,1.56,1.22,0.78,0.59,0.2,0.01,0.0,0.0,0.0,0.0,0.0
321,0.0,0.0,0.0,0.0,0.0,0.0,0.0,0.0,0.02,0.17,0.28,0.51,1.4,1.05,1.0,0.82,0.36,0.07,0.0,0.0,0.0,0.0,0.0,0.0,0.0,0.0,0.0,0.0,0.0,0.0,0.0,0.0,0.02,0.28,0.54,0.76,0.82,0.45,0.72,0.68,0.52,0.18,0.01,0.0,0.0,0.0,0.0,0.0,0.0,0.0,0.0,0.0,0.0,0.0,0.0,0.0,0.04,0.18,0.52,0.96,1.52,1.67,1.52,1.24,0.71,0.25,0.01,0.0,0.0,0.0,0.0,0.0,0.0,0.0,0.0,0.0,0.0,0.0,0.0,0.0,0.04,0.17,0.2,0.32,0.52,0.84,0.5,0.3,0.23,0.17,0.01,0.0,0.0,0.0,0.0,0.0,0.0,0.0,0.0,0.0,0.0,0.0,0.0,0.0,0.03,0.4,0.97,1.33,1.45,1.76,0.98,0.97,0.77,0.31,0.02,0.0,0.0,0.0,0.0,0.0,0.0,0.0,0.0,0.0,0.0,0.0,0.0,0.0,0.06,0.47,0.86,1.12,1.53,1.56,1.22,0.78,0.59,0.2,0.01,0.0,0.0,0.0,0.0,0.0,0.0,0.0,0.0,0.0,0.0,0.0,0.0,0.0,0.04,0.51,0.98,1.5,1.9,1.05,0.95,0.34,0.42,0.23,0.01,0.0,0.0,0.0,0.0,0.0
322,0.0,0.0,0.0,0.0,0.0,0.0,0.0,0.0,0.02,0.28,0.54,0.76,0.82,0.45,0.72,0.68,0.52,0.18,0.01,0.0,0.0,0.0,0.0,0.0,0.0,0.0,0.0,0.0,0.0,0.0,0.0,0.0,0.04,0.18,0.52,0.96,1.52,1.67,1.52,1.24,0.71,0.25,0.01,0.0,0.0,0.0,0.0,0.0,0.0,0.0,0.0,0.0,0.0,0.0,0.0,0.0,0.04,0.17,0.2,0.32,0.52,0.84,0.5,0.3,0.23,0.17,0.01,0.0,0.0,0.0,0.0,0.0,0.0,0.0,0.0,0.0,0.0,0.0,0.0,0.0,0.03,0.4,0.97,1.33,1.45,1.76,0.98,0.97,0.77,0.31,0.02,0.0,0.0,0.0,0.0,0.0,0.0,0.0,0.0,0.0,0.0,0.0,0.0,0.0,0.06,0.47,0.86,1.12,1.53,1.56,1.22,0.78,0.59,0.2,0.01,0.0,0.0,0.0,0.0,0.0,0.0,0.0,0.0,0.0,0.0,0.0,0.0,0.0,0.04,0.51,0.98,1.5,1.9,1.05,0.95,0.34,0.42,0.23,0.01,0.0,0.0,0.0,0.0,0.0,0.0,0.0,0.0,0.0,0.0,0.0,0.0,0.0,0.04,0.45,0.95,1.49,1.48,1.29,1.83,1.45,0.92,0.34,0.01,0.0,0.0,0.0,0.0,0.0
323,0.0,0.0,0.0,0.0,0.0,0.0,0.0,0.0,0.04,0.18,0.52,0.96,1.52,1.67,1.52,1.24,0.71,0.25,0.01,0.0,0.0,0.0,0.0,0.0,0.0,0.0,0.0,0.0,0.0,0.0,0.0,0.0,0.04,0.17,0.2,0.32,0.52,0.84,0.5,0.3,0.23,0.17,0.01,0.0,0.0,0.0,0.0,0.0,0.0,0.0,0.0,0.0,0.0,0.0,0.0,0.0,0.03,0.4,0.97,1.33,1.45,1.76,0.98,0.97,0.77,0.31,0.02,0.0,0.0,0.0,0.0,0.0,0.0,0.0,0.0,0.0,0.0,0.0,0.0,0.0,0.06,0.47,0.86,1.12,1.53,1.56,1.22,0.78,0.59,0.2,0.01,0.0,0.0,0.0,0.0,0.0,0.0,0.0,0.0,0.0,0.0,0.0,0.0,0.0,0.04,0.51,0.98,1.5,1.9,1.05,0.95,0.34,0.42,0.23,0.01,0.0,0.0,0.0,0.0,0.0,0.0,0.0,0.0,0.0,0.0,0.0,0.0,0.0,0.04,0.45,0.95,1.49,1.48,1.29,1.83,1.45,0.92,0.34,0.01,0.0,0.0,0.0,0.0,0.0,0.0,0.0,0.0,0.0,0.0,0.0,0.0,0.0,0.05,0.48,1.13,1.59,1.87,1.0,0.69,0.4,0.24,0.15,0.0,0.0,0.0,0.0,0.0,0.0
324,0.0,0.0,0.0,0.0,0.0,0.0,0.0,0.0,0.04,0.17,0.2,0.32,0.52,0.84,0.5,0.3,0.23,0.17,0.01,0.0,0.0,0.0,0.0,0.0,0.0,0.0,0.0,0.0,0.0,0.0,0.0,0.0,0.03,0.4,0.97,1.33,1.45,1.76,0.98,0.97,0.77,0.31,0.02,0.0,0.0,0.0,0.0,0.0,0.0,0.0,0.0,0.0,0.0,0.0,0.0,0.0,0.06,0.47,0.86,1.12,1.53,1.56,1.22,0.78,0.59,0.2,0.01,0.0,0.0,0.0,0.0,0.0,0.0,0.0,0.0,0.0,0.0,0.0,0.0,0.0,0.04,0.51,0.98,1.5,1.9,1.05,0.95,0.34,0.42,0.23,0.01,0.0,0.0,0.0,0.0,0.0,0.0,0.0,0.0,0.0,0.0,0.0,0.0,0.0,0.04,0.45,0.95,1.49,1.48,1.29,1.83,1.45,0.92,0.34,0.01,0.0,0.0,0.0,0.0,0.0,0.0,0.0,0.0,0.0,0.0,0.0,0.0,0.0,0.05,0.48,1.13,1.59,1.87,1.0,0.69,0.4,0.24,0.15,0.0,0.0,0.0,0.0,0.0,0.0,0.0,0.0,0.0,0.0,0.0,0.0,0.0,0.0,0.05,0.5,1.14,1.64,1.94,2.0,1.84,1.48,0.9,0.35,0.01,0.0,0.0,0.0,0.0,0.0
325,0.0,0.0,0.0,0.0,0.0,0.0,0.0,0.0,0.03,0.4,0.97,1.33,1.45,1.76,0.98,0.97,0.77,0.31,0.02,0.0,0.0,0.0,0.0,0.0,0.0,0.0,0.0,0.0,0.0,0.0,0.0,0.0,0.06,0.47,0.86,1.12,1.53,1.56,1.22,0.78,0.59,0.2,0.01,0.0,0.0,0.0,0.0,0.0,0.0,0.0,0.0,0.0,0.0,0.0,0.0,0.0,0.04,0.51,0.98,1.5,1.9,1.05,0.95,0.34,0.42,0.23,0.01,0.0,0.0,0.0,0.0,0.0,0.0,0.0,0.0,0.0,0.0,0.0,0.0,0.0,0.04,0.45,0.95,1.49,1.48,1.29,1.83,1.45,0.92,0.34,0.01,0.0,0.0,0.0,0.0,0.0,0.0,0.0,0.0,0.0,0.0,0.0,0.0,0.0,0.05,0.48,1.13,1.59,1.87,1.0,0.69,0.4,0.24,0.15,0.0,0.0,0.0,0.0,0.0,0.0,0.0,0.0,0.0,0.0,0.0,0.0,0.0,0.0,0.05,0.5,1.14,1.64,1.94,2.0,1.84,1.48,0.9,0.35,0.01,0.0,0.0,0.0,0.0,0.0,0.0,0.0,0.0,0.0,0.0,0.0,0.0,0.0,0.05,0.5,1.15,1.65,1.83,2.01,1.82,1.28,0.52,0.2,0.01,0.0,0.0,0.0,0.0,0.0
326,0.0,0.0,0.0,0.0,0.0,0.0,0.0,0.0,0.06,0.47,0.86,1.12,1.53,1.56,1.22,0.78,0.59,0.2,0.01,0.0,0.0,0.0,0.0,0.0,0.0,0.0,0.0,0.0,0.0,0.0,0.0,0.0,0.04,0.51,0.98,1.5,1.9,1.05,0.95,0.34,0.42,0.23,0.01,0.0,0.0,0.0,0.0,0.0,0.0,0.0,0.0,0.0,0.0,0.0,0.0,0.0,0.04,0.45,0.95,1.49,1.48,1.29,1.83,1.45,0.92,0.34,0.01,0.0,0.0,0.0,0.0,0.0,0.0,0.0,0.0,0.0,0.0,0.0,0.0,0.0,0.05,0.48,1.13,1.59,1.87,1.0,0.69,0.4,0.24,0.15,0.0,0.0,0.0,0.0,0.0,0.0,0.0,0.0,0.0,0.0,0.0,0.0,0.0,0.0,0.05,0.5,1.14,1.64,1.94,2.0,1.84,1.48,0.9,0.35,0.01,0.0,0.0,0.0,0.0,0.0,0.0,0.0,0.0,0.0,0.0,0.0,0.0,0.0,0.05,0.5,1.15,1.65,1.83,2.01,1.82,1.28,0.52,0.2,0.01,0.0,0.0,0.0,0.0,0.0,0.0,0.0,0.0,0.0,0.0,0.0,0.0,0.0,0.01,0.13,0.57,1.14,1.15,1.13,1.52,0.94,0.68,0.19,0.01,0.0,0.0,0.0,0.0,0.0
327,0.0,0.0,0.0,0.0,0.0,0.0,0.0,0.0,0.04,0.51,0.98,1.5,1.9,1.05,0.95,0.34,0.42,0.23,0.01,0.0,0.0,0.0,0.0,0.0,0.0,0.0,0.0,0.0,0.0,0.0,0.0,0.0,0.04,0.45,0.95,1.49,1.48,1.29,1.83,1.45,0.92,0.34,0.01,0.0,0.0,0.0,0.0,0.0,0.0,0.0,0.0,0.0,0.0,0.0,0.0,0.0,0.05,0.48,1.13,1.59,1.87,1.0,0.69,0.4,0.24,0.15,0.0,0.0,0.0,0.0,0.0,0.0,0.0,0.0,0.0,0.0,0.0,0.0,0.0,0.0,0.05,0.5,1.14,1.64,1.94,2.0,1.84,1.48,0.9,0.35,0.01,0.0,0.0,0.0,0.0,0.0,0.0,0.0,0.0,0.0,0.0,0.0,0.0,0.0,0.05,0.5,1.15,1.65,1.83,2.01,1.82,1.28,0.52,0.2,0.01,0.0,0.0,0.0,0.0,0.0,0.0,0.0,0.0,0.0,0.0,0.0,0.0,0.0,0.01,0.13,0.57,1.14,1.15,1.13,1.52,0.94,0.68,0.19,0.01,0.0,0.0,0.0,0.0,0.0,0.0,0.0,0.0,0.0,0.0,0.0,0.0,0.0,0.0,0.03,0.03,0.06,0.11,0.17,0.3,0.06,0.05,0.03,0.0,0.0,0.0,0.0,0.0,0.0
328,0.0,0.0,0.0,0.0,0.0,0.0,0.0,0.0,0.04,0.45,0.95,1.49,1.48,1.29,1.83,1.45,0.92,0.34,0.01,0.0,0.0,0.0,0.0,0.0,0.0,0.0,0.0,0.0,0.0,0.0,0.0,0.0,0.05,0.48,1.13,1.59,1.87,1.0,0.69,0.4,0.24,0.15,0.0,0.0,0.0,0.0,0.0,0.0,0.0,0.0,0.0,0.0,0.0,0.0,0.0,0.0,0.05,0.5,1.14,1.64,1.94,2.0,1.84,1.48,0.9,0.35,0.01,0.0,0.0,0.0,0.0,0.0,0.0,0.0,0.0,0.0,0.0,0.0,0.0,0.0,0.05,0.5,1.15,1.65,1.83,2.01,1.82,1.28,0.52,0.2,0.01,0.0,0.0,0.0,0.0,0.0,0.0,0.0,0.0,0.0,0.0,0.0,0.0,0.0,0.01,0.13,0.57,1.14,1.15,1.13,1.52,0.94,0.68,0.19,0.01,0.0,0.0,0.0,0.0,0.0,0.0,0.0,0.0,0.0,0.0,0.0,0.0,0.0,0.0,0.03,0.03,0.06,0.11,0.17,0.3,0.06,0.05,0.03,0.0,0.0,0.0,0.0,0.0,0.0,0.0,0.0,0.0,0.0,0.0,0.0,0.0,0.0,0.04,0.49,1.13,1.63,1.92,1.96,1.93,1.67,1.05,0.4,0.01,0.0,0.0,0.0,0.0,0.0
329,0.0,0.0,0.0,0.0,0.0,0.0,0.0,0.0,0.05,0.48,1.13,1.59,1.87,1.0,0.69,0.4,0.24,0.15,0.0,0.0,0.0,0.0,0.0,0.0,0.0,0.0,0.0,0.0,0.0,0.0,0.0,0.0,0.05,0.5,1.14,1.64,1.94,2.0,1.84,1.48,0.9,0.35,0.01,0.0,0.0,0.0,0.0,0.0,0.0,0.0,0.0,0.0,0.0,0.0,0.0,0.0,0.05,0.5,1.15,1.65,1.83,2.01,1.82,1.28,0.52,0.2,0.01,0.0,0.0,0.0,0.0,0.0,0.0,0.0,0.0,0.0,0.0,0.0,0.0,0.0,0.01,0.13,0.57,1.14,1.15,1.13,1.52,0.94,0.68,0.19,0.01,0.0,0.0,0.0,0.0,0.0,0.0,0.0,0.0,0.0,0.0,0.0,0.0,0.0,0.0,0.03,0.03,0.06,0.11,0.17,0.3,0.06,0.05,0.03,0.0,0.0,0.0,0.0,0.0,0.0,0.0,0.0,0.0,0.0,0.0,0.0,0.0,0.0,0.04,0.49,1.13,1.63,1.92,1.96,1.93,1.67,1.05,0.4,0.01,0.0,0.0,0.0,0.0,0.0,0.0,0.0,0.0,0.0,0.0,0.0,0.0,0.0,0.04,0.44,1.06,1.55,1.69,0.58,0.39,0.33,0.3,0.1,0.0,0.0,0.0,0.0,0.0,0.0
330,0.0,0.0,0.0,0.0,0.0,0.0,0.0,0.0,0.05,0.5,1.14,1.64,1.94,2.0,1.84,1.48,0.9,0.35,0.01,0.0,0.0,0.0,0.0,0.0,0.0,0.0,0.0,0.0,0.0,0.0,0.0,0.0,0.05,0.5,1.15,1.65,1.83,2.01,1.82,1.28,0.52,0.2,0.01,0.0,0.0,0.0,0.0,0.0,0.0,0.0,0.0,0.0,0.0,0.0,0.0,0.0,0.01,0.13,0.57,1.14,1.15,1.13,1.52,0.94,0.68,0.19,0.01,0.0,0.0,0.0,0.0,0.0,0.0,0.0,0.0,0.0,0.0,0.0,0.0,0.0,0.0,0.03,0.03,0.06,0.11,0.17,0.3,0.06,0.05,0.03,0.0,0.0,0.0,0.0,0.0,0.0,0.0,0.0,0.0,0.0,0.0,0.0,0.0,0.0,0.04,0.49,1.13,1.63,1.92,1.96,1.93,1.67,1.05,0.4,0.01,0.0,0.0,0.0,0.0,0.0,0.0,0.0,0.0,0.0,0.0,0.0,0.0,0.0,0.04,0.44,1.06,1.55,1.69,0.58,0.39,0.33,0.3,0.1,0.0,0.0,0.0,0.0,0.0,0.0,0.0,0.0,0.0,0.0,0.0,0.0,0.0,0.0,0.03,0.43,1.09,1.63,1.93,2.03,1.9,1.52,0.93,0.36,0.0,0.0,0.0,0.0,0.0,0.0
331,0.0,0.0,0.0,0.0,0.0,0.0,0.0,0.0,0.05,0.5,1.15,1.65,1.83,2.01,1.82,1.28,0.52,0.2,0.01,0.0,0.0,0.0,0.0,0.0,0.0,0.0,0.0,0.0,0.0,0.0,0.0,0.0,0.01,0.13,0.57,1.14,1.15,1.13,1.52,0.94,0.68,0.19,0.01,0.0,0.0,0.0,0.0,0.0,0.0,0.0,0.0,0.0,0.0,0.0,0.0,0.0,0.0,0.03,0.03,0.06,0.11,0.17,0.3,0.06,0.05,0.03,0.0,0.0,0.0,0.0,0.0,0.0,0.0,0.0,0.0,0.0,0.0,0.0,0.0,0.0,0.04,0.49,1.13,1.63,1.92,1.96,1.93,1.67,1.05,0.4,0.01,0.0,0.0,0.0,0.0,0.0,0.0,0.0,0.0,0.0,0.0,0.0,0.0,0.0,0.04,0.44,1.06,1.55,1.69,0.58,0.39,0.33,0.3,0.1,0.0,0.0,0.0,0.0,0.0,0.0,0.0,0.0,0.0,0.0,0.0,0.0,0.0,0.0,0.03,0.43,1.09,1.63,1.93,2.03,1.9,1.52,0.93,0.36,0.0,0.0,0.0,0.0,0.0,0.0,0.0,0.0,0.0,0.0,0.0,0.0,0.0,0.0,0.03,0.2,0.54,1.47,1.84,1.92,1.78,1.43,0.89,0.36,0.0,0.0,0.0,0.0,0.0,0.0
332,0.0,0.0,0.0,0.0,0.0,0.0,0.0,0.0,0.01,0.13,0.57,1.14,1.15,1.13,1.52,0.94,0.68,0.19,0.01,0.0,0.0,0.0,0.0,0.0,0.0,0.0,0.0,0.0,0.0,0.0,0.0,0.0,0.0,0.03,0.03,0.06,0.11,0.17,0.3,0.06,0.05,0.03,0.0,0.0,0.0,0.0,0.0,0.0,0.0,0.0,0.0,0.0,0.0,0.0,0.0,0.0,0.04,0.49,1.13,1.63,1.92,1.96,1.93,1.67,1.05,0.4,0.01,0.0,0.0,0.0,0.0,0.0,0.0,0.0,0.0,0.0,0.0,0.0,0.0,0.0,0.04,0.44,1.06,1.55,1.69,0.58,0.39,0.33,0.3,0.1,0.0,0.0,0.0,0.0,0.0,0.0,0.0,0.0,0.0,0.0,0.0,0.0,0.0,0.0,0.03,0.43,1.09,1.63,1.93,2.03,1.9,1.52,0.93,0.36,0.0,0.0,0.0,0.0,0.0,0.0,0.0,0.0,0.0,0.0,0.0,0.0,0.0,0.0,0.03,0.2,0.54,1.47,1.84,1.92,1.78,1.43,0.89,0.36,0.0,0.0,0.0,0.0,0.0,0.0,0.0,0.0,0.0,0.0,0.0,0.0,0.0,0.0,0.03,0.43,1.01,1.52,1.82,1.91,1.77,1.42,0.84,0.32,0.0,0.0,0.0,0.0,0.0,0.0
333,0.0,0.0,0.0,0.0,0.0,0.0,0.0,0.0,0.0,0.03,0.03,0.06,0.11,0.17,0.3,0.06,0.05,0.03,0.0,0.0,0.0,0.0,0.0,0.0,0.0,0.0,0.0,0.0,0.0,0.0,0.0,0.0,0.04,0.49,1.13,1.63,1.92,1.96,1.93,1.67,1.05,0.4,0.01,0.0,0.0,0.0,0.0,0.0,0.0,0.0,0.0,0.0,0.0,0.0,0.0,0.0,0.04,0.44,1.06,1.55,1.69,0.58,0.39,0.33,0.3,0.1,0.0,0.0,0.0,0.0,0.0,0.0,0.0,0.0,0.0,0.0,0.0,0.0,0.0,0.0,0.03,0.43,1.09,1.63,1.93,2.03,1.9,1.52,0.93,0.36,0.0,0.0,0.0,0.0,0.0,0.0,0.0,0.0,0.0,0.0,0.0,0.0,0.0,0.0,0.03,0.2,0.54,1.47,1.84,1.92,1.78,1.43,0.89,0.36,0.0,0.0,0.0,0.0,0.0,0.0,0.0,0.0,0.0,0.0,0.0,0.0,0.0,0.0,0.03,0.43,1.01,1.52,1.82,1.91,1.77,1.42,0.84,0.32,0.0,0.0,0.0,0.0,0.0,0.0,0.0,0.0,0.0,0.0,0.0,0.0,0.0,0.0,0.02,0.42,0.93,1.46,1.67,1.92,1.45,0.76,0.51,0.22,0.01,0.0,0.0,0.0,0.0,0.0
334,0.0,0.0,0.0,0.0,0.0,0.0,0.0,0.0,0.04,0.49,1.13,1.63,1.92,1.96,1.93,1.67,1.05,0.4,0.01,0.0,0.0,0.0,0.0,0.0,0.0,0.0,0.0,0.0,0.0,0.0,0.0,0.0,0.04,0.44,1.06,1.55,1.69,0.58,0.39,0.33,0.3,0.1,0.0,0.0,0.0,0.0,0.0,0.0,0.0,0.0,0.0,0.0,0.0,0.0,0.0,0.0,0.03,0.43,1.09,1.63,1.93,2.03,1.9,1.52,0.93,0.36,0.0,0.0,0.0,0.0,0.0,0.0,0.0,0.0,0.0,0.0,0.0,0.0,0.0,0.0,0.03,0.2,0.54,1.47,1.84,1.92,1.78,1.43,0.89,0.36,0.0,0.0,0.0,0.0,0.0,0.0,0.0,0.0,0.0,0.0,0.0,0.0,0.0,0.0,0.03,0.43,1.01,1.52,1.82,1.91,1.77,1.42,0.84,0.32,0.0,0.0,0.0,0.0,0.0,0.0,0.0,0.0,0.0,0.0,0.0,0.0,0.0,0.0,0.02,0.42,0.93,1.46,1.67,1.92,1.45,0.76,0.51,0.22,0.01,0.0,0.0,0.0,0.0,0.0,0.0,0.0,0.0,0.0,0.0,0.0,0.0,0.0,0.01,0.28,0.79,1.3,1.58,1.66,1.55,1.24,0.68,0.25,0.01,0.0,0.0,0.0,0.0,0.0
335,0.0,0.0,0.0,0.0,0.0,0.0,0.0,0.0,0.04,0.44,1.06,1.55,1.69,0.58,0.39,0.33,0.3,0.1,0.0,0.0,0.0,0.0,0.0,0.0,0.0,0.0,0.0,0.0,0.0,0.0,0.0,0.0,0.03,0.43,1.09,1.63,1.93,2.03,1.9,1.52,0.93,0.36,0.0,0.0,0.0,0.0,0.0,0.0,0.0,0.0,0.0,0.0,0.0,0.0,0.0,0.0,0.03,0.2,0.54,1.47,1.84,1.92,1.78,1.43,0.89,0.36,0.0,0.0,0.0,0.0,0.0,0.0,0.0,0.0,0.0,0.0,0.0,0.0,0.0,0.0,0.03,0.43,1.01,1.52,1.82,1.91,1.77,1.42,0.84,0.32,0.0,0.0,0.0,0.0,0.0,0.0,0.0,0.0,0.0,0.0,0.0,0.0,0.0,0.0,0.02,0.42,0.93,1.46,1.67,1.92,1.45,0.76,0.51,0.22,0.01,0.0,0.0,0.0,0.0,0.0,0.0,0.0,0.0,0.0,0.0,0.0,0.0,0.0,0.01,0.28,0.79,1.3,1.58,1.66,1.55,1.24,0.68,0.25,0.01,0.0,0.0,0.0,0.0,0.0,0.0,0.0,0.0,0.0,0.0,0.0,0.0,0.0,0.02,0.41,0.94,1.45,1.72,1.81,1.69,1.35,0.83,0.31,0.0,0.0,0.0,0.0,0.0,0.0
336,0.0,0.0,0.0,0.0,0.0,0.0,0.0,0.0,0.03,0.43,1.09,1.63,1.93,2.03,1.9,1.52,0.93,0.36,0.0,0.0,0.0,0.0,0.0,0.0,0.0,0.0,0.0,0.0,0.0,0.0,0.0,0.0,0.03,0.2,0.54,1.47,1.84,1.92,1.78,1.43,0.89,0.36,0.0,0.0,0.0,0.0,0.0,0.0,0.0,0.0,0.0,0.0,0.0,0.0,0.0,0.0,0.03,0.43,1.01,1.52,1.82,1.91,1.77,1.42,0.84,0.32,0.0,0.0,0.0,0.0,0.0,0.0,0.0,0.0,0.0,0.0,0.0,0.0,0.0,0.0,0.02,0.42,0.93,1.46,1.67,1.92,1.45,0.76,0.51,0.22,0.01,0.0,0.0,0.0,0.0,0.0,0.0,0.0,0.0,0.0,0.0,0.0,0.0,0.0,0.01,0.28,0.79,1.3,1.58,1.66,1.55,1.24,0.68,0.25,0.01,0.0,0.0,0.0,0.0,0.0,0.0,0.0,0.0,0.0,0.0,0.0,0.0,0.0,0.02,0.41,0.94,1.45,1.72,1.81,1.69,1.35,0.83,0.31,0.0,0.0,0.0,0.0,0.0,0.0,0.0,0.0,0.0,0.0,0.0,0.0,0.0,0.0,0.03,0.29,0.44,0.78,1.07,0.87,0.51,0.56,0.32,0.1,0.01,0.0,0.0,0.0,0.0,0.0
337,0.0,0.0,0.0,0.0,0.0,0.0,0.0,0.0,0.03,0.2,0.54,1.47,1.84,1.92,1.78,1.43,0.89,0.36,0.0,0.0,0.0,0.0,0.0,0.0,0.0,0.0,0.0,0.0,0.0,0.0,0.0,0.0,0.03,0.43,1.01,1.52,1.82,1.91,1.77,1.42,0.84,0.32,0.0,0.0,0.0,0.0,0.0,0.0,0.0,0.0,0.0,0.0,0.0,0.0,0.0,0.0,0.02,0.42,0.93,1.46,1.67,1.92,1.45,0.76,0.51,0.22,0.01,0.0,0.0,0.0,0.0,0.0,0.0,0.0,0.0,0.0,0.0,0.0,0.0,0.0,0.01,0.28,0.79,1.3,1.58,1.66,1.55,1.24,0.68,0.25,0.01,0.0,0.0,0.0,0.0,0.0,0.0,0.0,0.0,0.0,0.0,0.0,0.0,0.0,0.02,0.41,0.94,1.45,1.72,1.81,1.69,1.35,0.83,0.31,0.0,0.0,0.0,0.0,0.0,0.0,0.0,0.0,0.0,0.0,0.0,0.0,0.0,0.0,0.03,0.29,0.44,0.78,1.07,0.87,0.51,0.56,0.32,0.1,0.01,0.0,0.0,0.0,0.0,0.0,0.0,0.0,0.0,0.0,0.0,0.0,0.0,0.0,0.0,0.07,0.11,0.13,0.24,0.22,0.2,0.13,0.12,0.12,0.01,0.0,0.0,0.0,0.0,0.0
338,0.0,0.0,0.0,0.0,0.0,0.0,0.0,0.0,0.03,0.43,1.01,1.52,1.82,1.91,1.77,1.42,0.84,0.32,0.0,0.0,0.0,0.0,0.0,0.0,0.0,0.0,0.0,0.0,0.0,0.0,0.0,0.0,0.02,0.42,0.93,1.46,1.67,1.92,1.45,0.76,0.51,0.22,0.01,0.0,0.0,0.0,0.0,0.0,0.0,0.0,0.0,0.0,0.0,0.0,0.0,0.0,0.01,0.28,0.79,1.3,1.58,1.66,1.55,1.24,0.68,0.25,0.01,0.0,0.0,0.0,0.0,0.0,0.0,0.0,0.0,0.0,0.0,0.0,0.0,0.0,0.02,0.41,0.94,1.45,1.72,1.81,1.69,1.35,0.83,0.31,0.0,0.0,0.0,0.0,0.0,0.0,0.0,0.0,0.0,0.0,0.0,0.0,0.0,0.0,0.03,0.29,0.44,0.78,1.07,0.87,0.51,0.56,0.32,0.1,0.01,0.0,0.0,0.0,0.0,0.0,0.0,0.0,0.0,0.0,0.0,0.0,0.0,0.0,0.0,0.07,0.11,0.13,0.24,0.22,0.2,0.13,0.12,0.12,0.01,0.0,0.0,0.0,0.0,0.0,0.0,0.0,0.0,0.0,0.0,0.0,0.0,0.0,0.01,0.22,0.48,0.85,1.47,1.38,1.36,0.98,0.44,0.15,0.0,0.0,0.0,0.0,0.0,0.0
339,0.0,0.0,0.0,0.0,0.0,0.0,0.0,0.0,0.02,0.42,0.93,1.46,1.67,1.92,1.45,0.76,0.51,0.22,0.01,0.0,0.0,0.0,0.0,0.0,0.0,0.0,0.0,0.0,0.0,0.0,0.0,0.0,0.01,0.28,0.79,1.3,1.58,1.66,1.55,1.24,0.68,0.25,0.01,0.0,0.0,0.0,0.0,0.0,0.0,0.0,0.0,0.0,0.0,0.0,0.0,0.0,0.02,0.41,0.94,1.45,1.72,1.81,1.69,1.35,0.83,0.31,0.0,0.0,0.0,0.0,0.0,0.0,0.0,0.0,0.0,0.0,0.0,0.0,0.0,0.0,0.03,0.29,0.44,0.78,1.07,0.87,0.51,0.56,0.32,0.1,0.01,0.0,0.0,0.0,0.0,0.0,0.0,0.0,0.0,0.0,0.0,0.0,0.0,0.0,0.0,0.07,0.11,0.13,0.24,0.22,0.2,0.13,0.12,0.12,0.01,0.0,0.0,0.0,0.0,0.0,0.0,0.0,0.0,0.0,0.0,0.0,0.0,0.0,0.01,0.22,0.48,0.85,1.47,1.38,1.36,0.98,0.44,0.15,0.0,0.0,0.0,0.0,0.0,0.0,0.0,0.0,0.0,0.0,0.0,0.0,0.0,0.0,0.01,0.31,0.69,1.08,1.6,1.75,1.62,1.49,0.79,0.32,0.01,0.0,0.0,0.0,0.0,0.0
340,0.0,0.0,0.0,0.0,0.0,0.0,0.0,0.0,0.01,0.28,0.79,1.3,1.58,1.66,1.55,1.24,0.68,0.25,0.01,0.0,0.0,0.0,0.0,0.0,0.0,0.0,0.0,0.0,0.0,0.0,0.0,0.0,0.02,0.41,0.94,1.45,1.72,1.81,1.69,1.35,0.83,0.31,0.0,0.0,0.0,0.0,0.0,0.0,0.0,0.0,0.0,0.0,0.0,0.0,0.0,0.0,0.03,0.29,0.44,0.78,1.07,0.87,0.51,0.56,0.32,0.1,0.01,0.0,0.0,0.0,0.0,0.0,0.0,0.0,0.0,0.0,0.0,0.0,0.0,0.0,0.0,0.07,0.11,0.13,0.24,0.22,0.2,0.13,0.12,0.12,0.01,0.0,0.0,0.0,0.0,0.0,0.0,0.0,0.0,0.0,0.0,0.0,0.0,0.0,0.01,0.22,0.48,0.85,1.47,1.38,1.36,0.98,0.44,0.15,0.0,0.0,0.0,0.0,0.0,0.0,0.0,0.0,0.0,0.0,0.0,0.0,0.0,0.0,0.01,0.31,0.69,1.08,1.6,1.75,1.62,1.49,0.79,0.32,0.01,0.0,0.0,0.0,0.0,0.0,0.0,0.0,0.0,0.0,0.0,0.0,0.0,0.0,0.02,0.41,1.0,1.55,1.89,1.97,1.84,1.47,0.91,0.36,0.01,0.0,0.0,0.0,0.0,0.0
341,0.0,0.0,0.0,0.0,0.0,0.0,0.0,0.0,0.02,0.41,0.94,1.45,1.72,1.81,1.69,1.35,0.83,0.31,0.0,0.0,0.0,0.0,0.0,0.0,0.0,0.0,0.0,0.0,0.0,0.0,0.0,0.0,0.03,0.29,0.44,0.78,1.07,0.87,0.51,0.56,0.32,0.1,0.01,0.0,0.0,0.0,0.0,0.0,0.0,0.0,0.0,0.0,0.0,0.0,0.0,0.0,0.0,0.07,0.11,0.13,0.24,0.22,0.2,0.13,0.12,0.12,0.01,0.0,0.0,0.0,0.0,0.0,0.0,0.0,0.0,0.0,0.0,0.0,0.0,0.0,0.01,0.22,0.48,0.85,1.47,1.38,1.36,0.98,0.44,0.15,0.0,0.0,0.0,0.0,0.0,0.0,0.0,0.0,0.0,0.0,0.0,0.0,0.0,0.0,0.01,0.31,0.69,1.08,1.6,1.75,1.62,1.49,0.79,0.32,0.01,0.0,0.0,0.0,0.0,0.0,0.0,0.0,0.0,0.0,0.0,0.0,0.0,0.0,0.02,0.41,1.0,1.55,1.89,1.97,1.84,1.47,0.91,0.36,0.01,0.0,0.0,0.0,0.0,0.0,0.0,0.0,0.0,0.0,0.0,0.0,0.0,0.0,0.0,0.16,0.32,0.87,1.33,1.26,1.51,0.43,0.17,0.05,0.0,0.0,0.0,0.0,0.0,0.0
342,0.0,0.0,0.0,0.0,0.0,0.0,0.0,0.0,0.03,0.29,0.44,0.78,1.07,0.87,0.51,0.56,0.32,0.1,0.01,0.0,0.0,0.0,0.0,0.0,0.0,0.0,0.0,0.0,0.0,0.0,0.0,0.0,0.0,0.07,0.11,0.13,0.24,0.22,0.2,0.13,0.12,0.12,0.01,0.0,0.0,0.0,0.0,0.0,0.0,0.0,0.0,0.0,0.0,0.0,0.0,0.0,0.01,0.22,0.48,0.85,1.47,1.38,1.36,0.98,0.44,0.15,0.0,0.0,0.0,0.0,0.0,0.0,0.0,0.0,0.0,0.0,0.0,0.0,0.0,0.0,0.01,0.31,0.69,1.08,1.6,1.75,1.62,1.49,0.79,0.32,0.01,0.0,0.0,0.0,0.0,0.0,0.0,0.0,0.0,0.0,0.0,0.0,0.0,0.0,0.02,0.41,1.0,1.55,1.89,1.97,1.84,1.47,0.91,0.36,0.01,0.0,0.0,0.0,0.0,0.0,0.0,0.0,0.0,0.0,0.0,0.0,0.0,0.0,0.0,0.16,0.32,0.87,1.33,1.26,1.51,0.43,0.17,0.05,0.0,0.0,0.0,0.0,0.0,0.0,0.0,0.0,0.0,0.0,0.0,0.0,0.0,0.0,0.0,0.04,0.13,0.51,1.12,0.9,0.4,0.5,0.35,0.15,0.01,0.0,0.0,0.0,0.0,0.0
343,0.0,0.0,0.0,0.0,0.0,0.0,0.0,0.0,0.0,0.07,0.11,0.13,0.24,0.22,0.2,0.13,0.12,0.12,0.01,0.0,0.0,0.0,0.0,0.0,0.0,0.0,0.0,0.0,0.0,0.0,0.0,0.0,0.01,0.22,0.48,0.85,1.47,1.38,1.36,0.98,0.44,0.15,0.0,0.0,0.0,0.0,0.0,0.0,0.0,0.0,0.0,0.0,0.0,0.0,0.0,0.0,0.01,0.31,0.69,1.08,1.6,1.75,1.62,1.49,0.79,0.32,0.01,0.0,0.0,0.0,0.0,0.0,0.0,0.0,0.0,0.0,0.0,0.0,0.0,0.0,0.02,0.41,1.0,1.55,1.89,1.97,1.84,1.47,0.91,0.36,0.01,0.0,0.0,0.0,0.0,0.0,0.0,0.0,0.0,0.0,0.0,0.0,0.0,0.0,0.0,0.16,0.32,0.87,1.33,1.26,1.51,0.43,0.17,0.05,0.0,0.0,0.0,0.0,0.0,0.0,0.0,0.0,0.0,0.0,0.0,0.0,0.0,0.0,0.0,0.04,0.13,0.51,1.12,0.9,0.4,0.5,0.35,0.15,0.01,0.0,0.0,0.0,0.0,0.0,0.0,0.0,0.0,0.0,0.0,0.0,0.0,0.0,0.0,0.21,0.34,0.6,1.4,1.7,1.41,1.02,0.7,0.22,0.0,0.0,0.0,0.0,0.0,0.0
344,0.0,0.0,0.0,0.0,0.0,0.0,0.0,0.0,0.01,0.22,0.48,0.85,1.47,1.38,1.36,0.98,0.44,0.15,0.0,0.0,0.0,0.0,0.0,0.0,0.0,0.0,0.0,0.0,0.0,0.0,0.0,0.0,0.01,0.31,0.69,1.08,1.6,1.75,1.62,1.49,0.79,0.32,0.01,0.0,0.0,0.0,0.0,0.0,0.0,0.0,0.0,0.0,0.0,0.0,0.0,0.0,0.02,0.41,1.0,1.55,1.89,1.97,1.84,1.47,0.91,0.36,0.01,0.0,0.0,0.0,0.0,0.0,0.0,0.0,0.0,0.0,0.0,0.0,0.0,0.0,0.0,0.16,0.32,0.87,1.33,1.26,1.51,0.43,0.17,0.05,0.0,0.0,0.0,0.0,0.0,0.0,0.0,0.0,0.0,0.0,0.0,0.0,0.0,0.0,0.0,0.04,0.13,0.51,1.12,0.9,0.4,0.5,0.35,0.15,0.01,0.0,0.0,0.0,0.0,0.0,0.0,0.0,0.0,0.0,0.0,0.0,0.0,0.0,0.0,0.21,0.34,0.6,1.4,1.7,1.41,1.02,0.7,0.22,0.0,0.0,0.0,0.0,0.0,0.0,0.0,0.0,0.0,0.0,0.0,0.0,0.0,0.0,0.01,0.37,0.79,1.43,1.75,1.96,1.86,1.49,0.94,0.35,0.01,0.0,0.0,0.0,0.0,0.0
345,0.0,0.0,0.0,0.0,0.0,0.0,0.0,0.0,0.01,0.31,0.69,1.08,1.6,1.75,1.62,1.49,0.79,0.32,0.01,0.0,0.0,0.0,0.0,0.0,0.0,0.0,0.0,0.0,0.0,0.0,0.0,0.0,0.02,0.41,1.0,1.55,1.89,1.97,1.84,1.47,0.91,0.36,0.01,0.0,0.0,0.0,0.0,0.0,0.0,0.0,0.0,0.0,0.0,0.0,0.0,0.0,0.0,0.16,0.32,0.87,1.33,1.26,1.51,0.43,0.17,0.05,0.0,0.0,0.0,0.0,0.0,0.0,0.0,0.0,0.0,0.0,0.0,0.0,0.0,0.0,0.0,0.04,0.13,0.51,1.12,0.9,0.4,0.5,0.35,0.15,0.01,0.0,0.0,0.0,0.0,0.0,0.0,0.0,0.0,0.0,0.0,0.0,0.0,0.0,0.0,0.21,0.34,0.6,1.4,1.7,1.41,1.02,0.7,0.22,0.0,0.0,0.0,0.0,0.0,0.0,0.0,0.0,0.0,0.0,0.0,0.0,0.0,0.0,0.01,0.37,0.79,1.43,1.75,1.96,1.86,1.49,0.94,0.35,0.01,0.0,0.0,0.0,0.0,0.0,0.0,0.0,0.0,0.0,0.0,0.0,0.0,0.0,0.01,0.36,0.92,1.46,1.69,1.22,0.65,0.34,0.09,0.04,0.01,0.0,0.0,0.0,0.0,0.0
346,0.0,0.0,0.0,0.0,0.0,0.0,0.0,0.0,0.02,0.41,1.0,1.55,1.89,1.97,1.84,1.47,0.91,0.36,0.01,0.0,0.0,0.0,0.0,0.0,0.0,0.0,0.0,0.0,0.0,0.0,0.0,0.0,0.0,0.16,0.32,0.87,1.33,1.26,1.51,0.43,0.17,0.05,0.0,0.0,0.0,0.0,0.0,0.0,0.0,0.0,0.0,0.0,0.0,0.0,0.0,0.0,0.0,0.04,0.13,0.51,1.12,0.9,0.4,0.5,0.35,0.15,0.01,0.0,0.0,0.0,0.0,0.0,0.0,0.0,0.0,0.0,0.0,0.0,0.0,0.0,0.0,0.21,0.34,0.6,1.4,1.7,1.41,1.02,0.7,0.22,0.0,0.0,0.0,0.0,0.0,0.0,0.0,0.0,0.0,0.0,0.0,0.0,0.0,0.0,0.01,0.37,0.79,1.43,1.75,1.96,1.86,1.49,0.94,0.35,0.01,0.0,0.0,0.0,0.0,0.0,0.0,0.0,0.0,0.0,0.0,0.0,0.0,0.0,0.01,0.36,0.92,1.46,1.69,1.22,0.65,0.34,0.09,0.04,0.01,0.0,0.0,0.0,0.0,0.0,0.0,0.0,0.0,0.0,0.0,0.0,0.0,0.0,0.0,0.14,0.25,0.37,1.66,1.92,1.76,1.42,0.95,0.34,0.01,0.0,0.0,0.0,0.0,0.0
347,0.0,0.0,0.0,0.0,0.0,0.0,0.0,0.0,0.0,0.16,0.32,0.87,1.33,1.26,1.51,0.43,0.17,0.05,0.0,0.0,0.0,0.0,0.0,0.0,0.0,0.0,0.0,0.0,0.0,0.0,0.0,0.0,0.0,0.04,0.13,0.51,1.12,0.9,0.4,0.5,0.35,0.15,0.01,0.0,0.0,0.0,0.0,0.0,0.0,0.0,0.0,0.0,0.0,0.0,0.0,0.0,0.0,0.21,0.34,0.6,1.4,1.7,1.41,1.02,0.7,0.22,0.0,0.0,0.0,0.0,0.0,0.0,0.0,0.0,0.0,0.0,0.0,0.0,0.0,0.0,0.01,0.37,0.79,1.43,1.75,1.96,1.86,1.49,0.94,0.35,0.01,0.0,0.0,0.0,0.0,0.0,0.0,0.0,0.0,0.0,0.0,0.0,0.0,0.0,0.01,0.36,0.92,1.46,1.69,1.22,0.65,0.34,0.09,0.04,0.01,0.0,0.0,0.0,0.0,0.0,0.0,0.0,0.0,0.0,0.0,0.0,0.0,0.0,0.0,0.14,0.25,0.37,1.66,1.92,1.76,1.42,0.95,0.34,0.01,0.0,0.0,0.0,0.0,0.0,0.0,0.0,0.0,0.0,0.0,0.0,0.0,0.0,0.01,0.27,0.83,1.29,1.62,1.67,1.52,0.69,0.46,0.24,0.01,0.0,0.0,0.0,0.0,0.0
348,0.0,0.0,0.0,0.0,0.0,0.0,0.0,0.0,0.0,0.04,0.13,0.51,1.12,0.9,0.4,0.5,0.35,0.15,0.01,0.0,0.0,0.0,0.0,0.0,0.0,0.0,0.0,0.0,0.0,0.0,0.0,0.0,0.0,0.21,0.34,0.6,1.4,1.7,1.41,1.02,0.7,0.22,0.0,0.0,0.0,0.0,0.0,0.0,0.0,0.0,0.0,0.0,0.0,0.0,0.0,0.0,0.01,0.37,0.79,1.43,1.75,1.96,1.86,1.49,0.94,0.35,0.01,0.0,0.0,0.0,0.0,0.0,0.0,0.0,0.0,0.0,0.0,0.0,0.0,0.0,0.01,0.36,0.92,1.46,1.69,1.22,0.65,0.34,0.09,0.04,0.01,0.0,0.0,0.0,0.0,0.0,0.0,0.0,0.0,0.0,0.0,0.0,0.0,0.0,0.0,0.14,0.25,0.37,1.66,1.92,1.76,1.42,0.95,0.34,0.01,0.0,0.0,0.0,0.0,0.0,0.0,0.0,0.0,0.0,0.0,0.0,0.0,0.0,0.01,0.27,0.83,1.29,1.62,1.67,1.52,0.69,0.46,0.24,0.01,0.0,0.0,0.0,0.0,0.0,0.0,0.0,0.0,0.0,0.0,0.0,0.0,0.0,0.0,0.19,0.58,0.63,0.83,1.54,1.63,1.34,0.84,0.34,0.01,0.0,0.0,0.0,0.0,0.0
349,0.0,0.0,0.0,0.0,0.0,0.0,0.0,0.0,0.0,0.21,0.34,0.6,1.4,1.7,1.41,1.02,0.7,0.22,0.0,0.0,0.0,0.0,0.0,0.0,0.0,0.0,0.0,0.0,0.0,0.0,0.0,0.0,0.01,0.37,0.79,1.43,1.75,1.96,1.86,1.49,0.94,0.35,0.01,0.0,0.0,0.0,0.0,0.0,0.0,0.0,0.0,0.0,0.0,0.0,0.0,0.0,0.01,0.36,0.92,1.46,1.69,1.22,0.65,0.34,0.09,0.04,0.01,0.0,0.0,0.0,0.0,0.0,0.0,0.0,0.0,0.0,0.0,0.0,0.0,0.0,0.0,0.14,0.25,0.37,1.66,1.92,1.76,1.42,0.95,0.34,0.01,0.0,0.0,0.0,0.0,0.0,0.0,0.0,0.0,0.0,0.0,0.0,0.0,0.0,0.01,0.27,0.83,1.29,1.62,1.67,1.52,0.69,0.46,0.24,0.01,0.0,0.0,0.0,0.0,0.0,0.0,0.0,0.0,0.0,0.0,0.0,0.0,0.0,0.0,0.19,0.58,0.63,0.83,1.54,1.63,1.34,0.84,0.34,0.01,0.0,0.0,0.0,0.0,0.0,0.0,0.0,0.0,0.0,0.0,0.0,0.0,0.0,0.01,0.31,0.85,1.39,1.71,1.78,1.67,1.33,0.82,0.33,0.01,0.0,0.0,0.0,0.0,0.0
350,0.0,0.0,0.0,0.0,0.0,0.0,0.0,0.0,0.01,0.37,0.79,1.43,1.75,1.96,1.86,1.49,0.94,0.35,0.01,0.0,0.0,0.0,0.0,0.0,0.0,0.0,0.0,0.0,0.0,0.0,0.0,0.0,0.01,0.36,0.92,1.46,1.69,1.22,0.65,0.34,0.09,0.04,0.01,0.0,0.0,0.0,0.0,0.0,0.0,0.0,0.0,0.0,0.0,0.0,0.0,0.0,0.0,0.14,0.25,0.37,1.66,1.92,1.76,1.42,0.95,0.34,0.01,0.0,0.0,0.0,0.0,0.0,0.0,0.0,0.0,0.0,0.0,0.0,0.0,0.0,0.01,0.27,0.83,1.29,1.62,1.67,1.52,0.69,0.46,0.24,0.01,0.0,0.0,0.0,0.0,0.0,0.0,0.0,0.0,0.0,0.0,0.0,0.0,0.0,0.0,0.19,0.58,0.63,0.83,1.54,1.63,1.34,0.84,0.34,0.01,0.0,0.0,0.0,0.0,0.0,0.0,0.0,0.0,0.0,0.0,0.0,0.0,0.0,0.01,0.31,0.85,1.39,1.71,1.78,1.67,1.33,0.82,0.33,0.01,0.0,0.0,0.0,0.0,0.0,0.0,0.0,0.0,0.0,0.0,0.0,0.0,0.0,0.0,0.25,0.54,1.13,1.54,1.68,1.56,1.17,0.71,0.26,0.01,0.0,0.0,0.0,0.0,0.0
351,0.0,0.0,0.0,0.0,0.0,0.0,0.0,0.0,0.01,0.36,0.92,1.46,1.69,1.22,0.65,0.34,0.09,0.04,0.01,0.0,0.0,0.0,0.0,0.0,0.0,0.0,0.0,0.0,0.0,0.0,0.0,0.0,0.0,0.14,0.25,0.37,1.66,1.92,1.76,1.42,0.95,0.34,0.01,0.0,0.0,0.0,0.0,0.0,0.0,0.0,0.0,0.0,0.0,0.0,0.0,0.0,0.01,0.27,0.83,1.29,1.62,1.67,1.52,0.69,0.46,0.24,0.01,0.0,0.0,0.0,0.0,0.0,0.0,0.0,0.0,0.0,0.0,0.0,0.0,0.0,0.0,0.19,0.58,0.63,0.83,1.54,1.63,1.34,0.84,0.34,0.01,0.0,0.0,0.0,0.0,0.0,0.0,0.0,0.0,0.0,0.0,0.0,0.0,0.0,0.01,0.31,0.85,1.39,1.71,1.78,1.67,1.33,0.82,0.33,0.01,0.0,0.0,0.0,0.0,0.0,0.0,0.0,0.0,0.0,0.0,0.0,0.0,0.0,0.0,0.25,0.54,1.13,1.54,1.68,1.56,1.17,0.71,0.26,0.01,0.0,0.0,0.0,0.0,0.0,0.0,0.0,0.0,0.0,0.0,0.0,0.0,0.0,0.0,0.03,0.15,0.2,0.33,0.3,0.43,0.33,0.14,0.16,0.01,0.0,0.0,0.0,0.0,0.0
352,0.0,0.0,0.0,0.0,0.0,0.0,0.0,0.0,0.0,0.14,0.25,0.37,1.66,1.92,1.76,1.42,0.95,0.34,0.01,0.0,0.0,0.0,0.0,0.0,0.0,0.0,0.0,0.0,0.0,0.0,0.0,0.0,0.01,0.27,0.83,1.29,1.62,1.67,1.52,0.69,0.46,0.24,0.01,0.0,0.0,0.0,0.0,0.0,0.0,0.0,0.0,0.0,0.0,0.0,0.0,0.0,0.0,0.19,0.58,0.63,0.83,1.54,1.63,1.34,0.84,0.34,0.01,0.0,0.0,0.0,0.0,0.0,0.0,0.0,0.0,0.0,0.0,0.0,0.0,0.0,0.01,0.31,0.85,1.39,1.71,1.78,1.67,1.33,0.82,0.33,0.01,0.0,0.0,0.0,0.0,0.0,0.0,0.0,0.0,0.0,0.0,0.0,0.0,0.0,0.0,0.25,0.54,1.13,1.54,1.68,1.56,1.17,0.71,0.26,0.01,0.0,0.0,0.0,0.0,0.0,0.0,0.0,0.0,0.0,0.0,0.0,0.0,0.0,0.0,0.03,0.15,0.2,0.33,0.3,0.43,0.33,0.14,0.16,0.01,0.0,0.0,0.0,0.0,0.0,0.0,0.0,0.0,0.0,0.0,0.0,0.0,0.0,0.01,0.36,0.95,1.54,1.88,2.0,1.89,1.55,1.02,0.42,0.02,0.0,0.0,0.0,0.0,0.0
353,0.0,0.0,0.0,0.0,0.0,0.0,0.0,0.0,0.01,0.27,0.83,1.29,1.62,1.67,1.52,0.69,0.46,0.24,0.01,0.0,0.0,0.0,0.0,0.0,0.0,0.0,0.0,0.0,0.0,0.0,0.0,0.0,0.0,0.19,0.58,0.63,0.83,1.54,1.63,1.34,0.84,0.34,0.01,0.0,0.0,0.0,0.0,0.0,0.0,0.0,0.0,0.0,0.0,0.0,0.0,0.0,0.01,0.31,0.85,1.39,1.71,1.78,1.67,1.33,0.82,0.33,0.01,0.0,0.0,0.0,0.0,0.0,0.0,0.0,0.0,0.0,0.0,0.0,0.0,0.0,0.0,0.25,0.54,1.13,1.54,1.68,1.56,1.17,0.71,0.26,0.01,0.0,0.0,0.0,0.0,0.0,0.0,0.0,0.0,0.0,0.0,0.0,0.0,0.0,0.0,0.03,0.15,0.2,0.33,0.3,0.43,0.33,0.14,0.16,0.01,0.0,0.0,0.0,0.0,0.0,0.0,0.0,0.0,0.0,0.0,0.0,0.0,0.0,0.01,0.36,0.95,1.54,1.88,2.0,1.89,1.55,1.02,0.42,0.02,0.0,0.0,0.0,0.0,0.0,0.0,0.0,0.0,0.0,0.0,0.0,0.0,0.0,0.01,0.36,0.96,1.52,1.86,1.98,1.9,1.55,0.96,0.43,0.02,0.0,0.0,0.0,0.0,0.0
354,0.0,0.0,0.0,0.0,0.0,0.0,0.0,0.0,0.0,0.19,0.58,0.63,0.83,1.54,1.63,1.34,0.84,0.34,0.01,0.0,0.0,0.0,0.0,0.0,0.0,0.0,0.0,0.0,0.0,0.0,0.0,0.0,0.01,0.31,0.85,1.39,1.71,1.78,1.67,1.33,0.82,0.33,0.01,0.0,0.0,0.0,0.0,0.0,0.0,0.0,0.0,0.0,0.0,0.0,0.0,0.0,0.0,0.25,0.54,1.13,1.54,1.68,1.56,1.17,0.71,0.26,0.01,0.0,0.0,0.0,0.0,0.0,0.0,0.0,0.0,0.0,0.0,0.0,0.0,0.0,0.0,0.03,0.15,0.2,0.33,0.3,0.43,0.33,0.14,0.16,0.01,0.0,0.0,0.0,0.0,0.0,0.0,0.0,0.0,0.0,0.0,0.0,0.0,0.0,0.01,0.36,0.95,1.54,1.88,2.0,1.89,1.55,1.02,0.42,0.02,0.0,0.0,0.0,0.0,0.0,0.0,0.0,0.0,0.0,0.0,0.0,0.0,0.0,0.01,0.36,0.96,1.52,1.86,1.98,1.9,1.55,0.96,0.43,0.02,0.0,0.0,0.0,0.0,0.0,0.0,0.0,0.0,0.0,0.0,0.0,0.0,0.0,0.0,0.33,0.85,1.39,1.56,0.8,0.48,0.21,0.27,0.19,0.01,0.0,0.0,0.0,0.0,0.0
355,0.0,0.0,0.0,0.0,0.0,0.0,0.0,0.0,0.01,0.31,0.85,1.39,1.71,1.78,1.67,1.33,0.82,0.33,0.01,0.0,0.0,0.0,0.0,0.0,0.0,0.0,0.0,0.0,0.0,0.0,0.0,0.0,0.0,0.25,0.54,1.13,1.54,1.68,1.56,1.17,0.71,0.26,0.01,0.0,0.0,0.0,0.0,0.0,0.0,0.0,0.0,0.0,0.0,0.0,0.0,0.0,0.0,0.03,0.15,0.2,0.33,0.3,0.43,0.33,0.14,0.16,0.01,0.0,0.0,0.0,0.0,0.0,0.0,0.0,0.0,0.0,0.0,0.0,0.0,0.0,0.01,0.36,0.95,1.54,1.88,2.0,1.89,1.55,1.02,0.42,0.02,0.0,0.0,0.0,0.0,0.0,0.0,0.0,0.0,0.0,0.0,0.0,0.0,0.0,0.01,0.36,0.96,1.52,1.86,1.98,1.9,1.55,0.96,0.43,0.02,0.0,0.0,0.0,0.0,0.0,0.0,0.0,0.0,0.0,0.0,0.0,0.0,0.0,0.0,0.33,0.85,1.39,1.56,0.8,0.48,0.21,0.27,0.19,0.01,0.0,0.0,0.0,0.0,0.0,0.0,0.0,0.0,0.0,0.0,0.0,0.0,0.0,0.0,0.38,0.55,0.79,1.03,0.54,0.44,0.26,0.22,0.1,0.01,0.0,0.0,0.0,0.0,0.0
356,0.0,0.0,0.0,0.0,0.0,0.0,0.0,0.0,0.0,0.25,0.54,1.13,1.54,1.68,1.56,1.17,0.71,0.26,0.01,0.0,0.0,0.0,0.0,0.0,0.0,0.0,0.0,0.0,0.0,0.0,0.0,0.0,0.0,0.03,0.15,0.2,0.33,0.3,0.43,0.33,0.14,0.16,0.01,0.0,0.0,0.0,0.0,0.0,0.0,0.0,0.0,0.0,0.0,0.0,0.0,0.0,0.01,0.36,0.95,1.54,1.88,2.0,1.89,1.55,1.02,0.42,0.02,0.0,0.0,0.0,0.0,0.0,0.0,0.0,0.0,0.0,0.0,0.0,0.0,0.0,0.01,0.36,0.96,1.52,1.86,1.98,1.9,1.55,0.96,0.43,0.02,0.0,0.0,0.0,0.0,0.0,0.0,0.0,0.0,0.0,0.0,0.0,0.0,0.0,0.0,0.33,0.85,1.39,1.56,0.8,0.48,0.21,0.27,0.19,0.01,0.0,0.0,0.0,0.0,0.0,0.0,0.0,0.0,0.0,0.0,0.0,0.0,0.0,0.0,0.38,0.55,0.79,1.03,0.54,0.44,0.26,0.22,0.1,0.01,0.0,0.0,0.0,0.0,0.0,0.0,0.0,0.0,0.0,0.0,0.0,0.0,0.0,0.0,0.11,0.49,0.69,0.55,1.17,0.42,0.69,0.42,0.09,0.01,0.0,0.0,0.0,0.0,0.0
357,0.0,0.0,0.0,0.0,0.0,0.0,0.0,0.0,0.0,0.03,0.15,0.2,0.33,0.3,0.43,0.33,0.14,0.16,0.01,0.0,0.0,0.0,0.0,0.0,0.0,0.0,0.0,0.0,0.0,0.0,0.0,0.0,0.01,0.36,0.95,1.54,1.88,2.0,1.89,1.55,1.02,0.42,0.02,0.0,0.0,0.0,0.0,0.0,0.0,0.0,0.0,0.0,0.0,0.0,0.0,0.0,0.01,0.36,0.96,1.52,1.86,1.98,1.9,1.55,0.96,0.43,0.02,0.0,0.0,0.0,0.0,0.0,0.0,0.0,0.0,0.0,0.0,0.0,0.0,0.0,0.0,0.33,0.85,1.39,1.56,0.8,0.48,0.21,0.27,0.19,0.01,0.0,0.0,0.0,0.0,0.0,0.0,0.0,0.0,0.0,0.0,0.0,0.0,0.0,0.0,0.38,0.55,0.79,1.03,0.54,0.44,0.26,0.22,0.1,0.01,0.0,0.0,0.0,0.0,0.0,0.0,0.0,0.0,0.0,0.0,0.0,0.0,0.0,0.0,0.11,0.49,0.69,0.55,1.17,0.42,0.69,0.42,0.09,0.01,0.0,0.0,0.0,0.0,0.0,0.0,0.0,0.0,0.0,0.0,0.0,0.0,0.0,0.0,0.31,0.87,1.42,1.71,1.32,1.1,1.09,0.89,0.41,0.02,0.0,0.0,0.0,0.0,0.0
358,0.0,0.0,0.0,0.0,0.0,0.0,0.0,0.0,0.01,0.36,0.95,1.54,1.88,2.0,1.89,1.55,1.02,0.42,0.02,0.0,0.0,0.0,0.0,0.0,0.0,0.0,0.0,0.0,0.0,0.0,0.0,0.0,0.01,0.36,0.96,1.52,1.86,1.98,1.9,1.55,0.96,0.43,0.02,0.0,0.0,0.0,0.0,0.0,0.0,0.0,0.0,0.0,0.0,0.0,0.0,0.0,0.0,0.33,0.85,1.39,1.56,0.8,0.48,0.21,0.27,0.19,0.01,0.0,0.0,0.0,0.0,0.0,0.0,0.0,0.0,0.0,0.0,0.0,0.0,0.0,0.0,0.38,0.55,0.79,1.03,0.54,0.44,0.26,0.22,0.1,0.01,0.0,0.0,0.0,0.0,0.0,0.0,0.0,0.0,0.0,0.0,0.0,0.0,0.0,0.0,0.11,0.49,0.69,0.55,1.17,0.42,0.69,0.42,0.09,0.01,0.0,0.0,0.0,0.0,0.0,0.0,0.0,0.0,0.0,0.0,0.0,0.0,0.0,0.0,0.31,0.87,1.42,1.71,1.32,1.1,1.09,0.89,0.41,0.02,0.0,0.0,0.0,0.0,0.0,0.0,0.0,0.0,0.0,0.0,0.0,0.0,0.0,0.0,0.3,0.84,1.37,1.7,1.82,1.73,1.37,0.86,0.38,0.02,0.0,0.0,0.0,0.0,0.0
359,0.0,0.0,0.0,0.0,0.0,0.0,0.0,0.0,0.01,0.36,0.96,1.52,1.86,1.98,1.9,1.55,0.96,0.43,0.02,0.0,0.0,0.0,0.0,0.0,0.0,0.0,0.0,0.0,0.0,0.0,0.0,0.0,0.0,0.33,0.85,1.39,1.56,0.8,0.48,0.21,0.27,0.19,0.01,0.0,0.0,0.0,0.0,0.0,0.0,0.0,0.0,0.0,0.0,0.0,0.0,0.0,0.0,0.38,0.55,0.79,1.03,0.54,0.44,0.26,0.22,0.1,0.01,0.0,0.0,0.0,0.0,0.0,0.0,0.0,0.0,0.0,0.0,0.0,0.0,0.0,0.0,0.11,0.49,0.69,0.55,1.17,0.42,0.69,0.42,0.09,0.01,0.0,0.0,0.0,0.0,0.0,0.0,0.0,0.0,0.0,0.0,0.0,0.0,0.0,0.0,0.31,0.87,1.42,1.71,1.32,1.1,1.09,0.89,0.41,0.02,0.0,0.0,0.0,0.0,0.0,0.0,0.0,0.0,0.0,0.0,0.0,0.0,0.0,0.0,0.3,0.84,1.37,1.7,1.82,1.73,1.37,0.86,0.38,0.02,0.0,0.0,0.0,0.0,0.0,0.0,0.0,0.0,0.0,0.0,0.0,0.0,0.0,0.0,0.14,0.44,0.55,1.04,1.71,1.69,1.52,0.95,0.45,0.03,0.0,0.0,0.0,0.0,0.0
360,0.0,0.0,0.0,0.0,0.0,0.0,0.0,0.0,0.0,0.33,0.85,1.39,1.56,0.8,0.48,0.21,0.27,0.19,0.01,0.0,0.0,0.0,0.0,0.0,0.0,0.0,0.0,0.0,0.0,0.0,0.0,0.0,0.0,0.38,0.55,0.79,1.03,0.54,0.44,0.26,0.22,0.1,0.01,0.0,0.0,0.0,0.0,0.0,0.0,0.0,0.0,0.0,0.0,0.0,0.0,0.0,0.0,0.11,0.49,0.69,0.55,1.17,0.42,0.69,0.42,0.09,0.01,0.0,0.0,0.0,0.0,0.0,0.0,0.0,0.0,0.0,0.0,0.0,0.0,0.0,0.0,0.31,0.87,1.42,1.71,1.32,1.1,1.09,0.89,0.41,0.02,0.0,0.0,0.0,0.0,0.0,0.0,0.0,0.0,0.0,0.0,0.0,0.0,0.0,0.0,0.3,0.84,1.37,1.7,1.82,1.73,1.37,0.86,0.38,0.02,0.0,0.0,0.0,0.0,0.0,0.0,0.0,0.0,0.0,0.0,0.0,0.0,0.0,0.0,0.14,0.44,0.55,1.04,1.71,1.69,1.52,0.95,0.45,0.03,0.0,0.0,0.0,0.0,0.0,0.0,0.0,0.0,0.0,0.0,0.0,0.0,0.0,0.0,0.29,0.79,1.29,1.64,1.75,1.63,1.06,0.64,0.24,0.02,0.0,0.0,0.0,0.0,0.0
361,0.0,0.0,0.0,0.0,0.0,0.0,0.0,0.0,0.0,0.38,0.55,0.79,1.03,0.54,0.44,0.26,0.22,0.1,0.01,0.0,0.0,0.0,0.0,0.0,0.0,0.0,0.0,0.0,0.0,0.0,0.0,0.0,0.0,0.11,0.49,0.69,0.55,1.17,0.42,0.69,0.42,0.09,0.01,0.0,0.0,0.0,0.0,0.0,0.0,0.0,0.0,0.0,0.0,0.0,0.0,0.0,0.0,0.31,0.87,1.42,1.71,1.32,1.1,1.09,0.89,0.41,0.02,0.0,0.0,0.0,0.0,0.0,0.0,0.0,0.0,0.0,0.0,0.0,0.0,0.0,0.0,0.3,0.84,1.37,1.7,1.82,1.73,1.37,0.86,0.38,0.02,0.0,0.0,0.0,0.0,0.0,0.0,0.0,0.0,0.0,0.0,0.0,0.0,0.0,0.0,0.14,0.44,0.55,1.04,1.71,1.69,1.52,0.95,0.45,0.03,0.0,0.0,0.0,0.0,0.0,0.0,0.0,0.0,0.0,0.0,0.0,0.0,0.0,0.0,0.29,0.79,1.29,1.64,1.75,1.63,1.06,0.64,0.24,0.02,0.0,0.0,0.0,0.0,0.0,0.0,0.0,0.0,0.0,0.0,0.0,0.0,0.0,0.0,0.28,0.88,1.45,1.81,1.94,1.87,1.56,1.02,0.45,0.04,0.0,0.0,0.0,0.0,0.0
362,0.0,0.0,0.0,0.0,0.0,0.0,0.0,0.0,0.0,0.11,0.49,0.69,0.55,1.17,0.42,0.69,0.42,0.09,0.01,0.0,0.0,0.0,0.0,0.0,0.0,0.0,0.0,0.0,0.0,0.0,0.0,0.0,0.0,0.31,0.87,1.42,1.71,1.32,1.1,1.09,0.89,0.41,0.02,0.0,0.0,0.0,0.0,0.0,0.0,0.0,0.0,0.0,0.0,0.0,0.0,0.0,0.0,0.3,0.84,1.37,1.7,1.82,1.73,1.37,0.86,0.38,0.02,0.0,0.0,0.0,0.0,0.0,0.0,0.0,0.0,0.0,0.0,0.0,0.0,0.0,0.0,0.14,0.44,0.55,1.04,1.71,1.69,1.52,0.95,0.45,0.03,0.0,0.0,0.0,0.0,0.0,0.0,0.0,0.0,0.0,0.0,0.0,0.0,0.0,0.0,0.29,0.79,1.29,1.64,1.75,1.63,1.06,0.64,0.24,0.02,0.0,0.0,0.0,0.0,0.0,0.0,0.0,0.0,0.0,0.0,0.0,0.0,0.0,0.0,0.28,0.88,1.45,1.81,1.94,1.87,1.56,1.02,0.45,0.04,0.0,0.0,0.0,0.0,0.0,0.0,0.0,0.0,0.0,0.0,0.0,0.0,0.0,0.0,0.29,0.52,0.9,1.03,1.03,0.98,0.76,0.43,0.16,0.02,0.0,0.0,0.0,0.0,0.0
363,0.0,0.0,0.0,0.0,0.0,0.0,0.0,0.0,0.0,0.31,0.87,1.42,1.71,1.32,1.1,1.09,0.89,0.41,0.02,0.0,0.0,0.0,0.0,0.0,0.0,0.0,0.0,0.0,0.0,0.0,0.0,0.0,0.0,0.3,0.84,1.37,1.7,1.82,1.73,1.37,0.86,0.38,0.02,0.0,0.0,0.0,0.0,0.0,0.0,0.0,0.0,0.0,0.0,0.0,0.0,0.0,0.0,0.14,0.44,0.55,1.04,1.71,1.69,1.52,0.95,0.45,0.03,0.0,0.0,0.0,0.0,0.0,0.0,0.0,0.0,0.0,0.0,0.0,0.0,0.0,0.0,0.29,0.79,1.29,1.64,1.75,1.63,1.06,0.64,0.24,0.02,0.0,0.0,0.0,0.0,0.0,0.0,0.0,0.0,0.0,0.0,0.0,0.0,0.0,0.0,0.28,0.88,1.45,1.81,1.94,1.87,1.56,1.02,0.45,0.04,0.0,0.0,0.0,0.0,0.0,0.0,0.0,0.0,0.0,0.0,0.0,0.0,0.0,0.0,0.29,0.52,0.9,1.03,1.03,0.98,0.76,0.43,0.16,0.02,0.0,0.0,0.0,0.0,0.0,0.0,0.0,0.0,0.0,0.0,0.0,0.0,0.0,0.0,0.29,0.87,1.42,1.82,1.95,1.87,1.52,0.98,0.46,0.04,0.0,0.0,0.0,0.0,0.0
364,0.0,0.0,0.0,0.0,0.0,0.0,0.0,0.0,0.0,0.3,0.84,1.37,1.7,1.82,1.73,1.37,0.86,0.38,0.02,0.0,0.0,0.0,0.0,0.0,0.0,0.0,0.0,0.0,0.0,0.0,0.0,0.0,0.0,0.14,0.44,0.55,1.04,1.71,1.69,1.52,0.95,0.45,0.03,0.0,0.0,0.0,0.0,0.0,0.0,0.0,0.0,0.0,0.0,0.0,0.0,0.0,0.0,0.29,0.79,1.29,1.64,1.75,1.63,1.06,0.64,0.24,0.02,0.0,0.0,0.0,0.0,0.0,0.0,0.0,0.0,0.0,0.0,0.0,0.0,0.0,0.0,0.28,0.88,1.45,1.81,1.94,1.87,1.56,1.02,0.45,0.04,0.0,0.0,0.0,0.0,0.0,0.0,0.0,0.0,0.0,0.0,0.0,0.0,0.0,0.0,0.29,0.52,0.9,1.03,1.03,0.98,0.76,0.43,0.16,0.02,0.0,0.0,0.0,0.0,0.0,0.0,0.0,0.0,0.0,0.0,0.0,0.0,0.0,0.0,0.29,0.87,1.42,1.82,1.95,1.87,1.52,0.98,0.46,0.04,0.0,0.0,0.0,0.0,0.0,0.0,0.0,0.0,0.0,0.0,0.0,0.0,0.0,0.0,0.28,0.83,1.36,1.72,1.92,1.88,1.56,1.08,0.45,0.04,0.0,0.0,0.0,0.0,0.0
365,0.0,0.0,0.0,0.0,0.0,0.0,0.0,0.0,0.0,0.14,0.44,0.55,1.04,1.71,1.69,1.52,0.95,0.45,0.03,0.0,0.0,0.0,0.0,0.0,0.0,0.0,0.0,0.0,0.0,0.0,0.0,0.0,0.0,0.29,0.79,1.29,1.64,1.75,1.63,1.06,0.64,0.24,0.02,0.0,0.0,0.0,0.0,0.0,0.0,0.0,0.0,0.0,0.0,0.0,0.0,0.0,0.0,0.28,0.88,1.45,1.81,1.94,1.87,1.56,1.02,0.45,0.04,0.0,0.0,0.0,0.0,0.0,0.0,0.0,0.0,0.0,0.0,0.0,0.0,0.0,0.0,0.29,0.52,0.9,1.03,1.03,0.98,0.76,0.43,0.16,0.02,0.0,0.0,0.0,0.0,0.0,0.0,0.0,0.0,0.0,0.0,0.0,0.0,0.0,0.0,0.29,0.87,1.42,1.82,1.95,1.87,1.52,0.98,0.46,0.04,0.0,0.0,0.0,0.0,0.0,0.0,0.0,0.0,0.0,0.0,0.0,0.0,0.0,0.0,0.28,0.83,1.36,1.72,1.92,1.88,1.56,1.08,0.45,0.04,0.0,0.0,0.0,0.0,0.0,0.0,0.0,0.0,0.0,0.0,0.0,0.0,0.0,0.0,0.25,0.39,0.51,0.8,0.68,0.54,0.21,0.12,0.17,0.01,0.0,0.0,0.0,0.0,0.0
366,0.0,0.0,0.0,0.0,0.0,0.0,0.0,0.0,0.0,0.29,0.79,1.29,1.64,1.75,1.63,1.06,0.64,0.24,0.02,0.0,0.0,0.0,0.0,0.0,0.0,0.0,0.0,0.0,0.0,0.0,0.0,0.0,0.0,0.28,0.88,1.45,1.81,1.94,1.87,1.56,1.02,0.45,0.04,0.0,0.0,0.0,0.0,0.0,0.0,0.0,0.0,0.0,0.0,0.0,0.0,0.0,0.0,0.29,0.52,0.9,1.03,1.03,0.98,0.76,0.43,0.16,0.02,0.0,0.0,0.0,0.0,0.0,0.0,0.0,0.0,0.0,0.0,0.0,0.0,0.0,0.0,0.29,0.87,1.42,1.82,1.95,1.87,1.52,0.98,0.46,0.04,0.0,0.0,0.0,0.0,0.0,0.0,0.0,0.0,0.0,0.0,0.0,0.0,0.0,0.0,0.28,0.83,1.36,1.72,1.92,1.88,1.56,1.08,0.45,0.04,0.0,0.0,0.0,0.0,0.0,0.0,0.0,0.0,0.0,0.0,0.0,0.0,0.0,0.0,0.25,0.39,0.51,0.8,0.68,0.54,0.21,0.12,0.17,0.01,0.0,0.0,0.0,0.0,0.0,0.0,0.0,0.0,0.0,0.0,0.0,0.0,0.0,0.0,0.06,0.23,0.66,0.9,1.29,1.56,1.31,0.77,0.34,0.04,0.0,0.0,0.0,0.0,0.0
367,0.0,0.0,0.0,0.0,0.0,0.0,0.0,0.0,0.0,0.28,0.88,1.45,1.81,1.94,1.87,1.56,1.02,0.45,0.04,0.0,0.0,0.0,0.0,0.0,0.0,0.0,0.0,0.0,0.0,0.0,0.0,0.0,0.0,0.29,0.52,0.9,1.03,1.03,0.98,0.76,0.43,0.16,0.02,0.0,0.0,0.0,0.0,0.0,0.0,0.0,0.0,0.0,0.0,0.0,0.0,0.0,0.0,0.29,0.87,1.42,1.82,1.95,1.87,1.52,0.98,0.46,0.04,0.0,0.0,0.0,0.0,0.0,0.0,0.0,0.0,0.0,0.0,0.0,0.0,0.0,0.0,0.28,0.83,1.36,1.72,1.92,1.88,1.56,1.08,0.45,0.04,0.0,0.0,0.0,0.0,0.0,0.0,0.0,0.0,0.0,0.0,0.0,0.0,0.0,0.0,0.25,0.39,0.51,0.8,0.68,0.54,0.21,0.12,0.17,0.01,0.0,0.0,0.0,0.0,0.0,0.0,0.0,0.0,0.0,0.0,0.0,0.0,0.0,0.0,0.06,0.23,0.66,0.9,1.29,1.56,1.31,0.77,0.34,0.04,0.0,0.0,0.0,0.0,0.0,0.0,0.0,0.0,0.0,0.0,0.0,0.0,0.0,0.0,0.19,0.68,1.18,1.52,1.31,1.03,0.78,0.41,0.13,0.02,0.0,0.0,0.0,0.0,0.0
368,0.0,0.0,0.0,0.0,0.0,0.0,0.0,0.0,0.0,0.29,0.52,0.9,1.03,1.03,0.98,0.76,0.43,0.16,0.02,0.0,0.0,0.0,0.0,0.0,0.0,0.0,0.0,0.0,0.0,0.0,0.0,0.0,0.0,0.29,0.87,1.42,1.82,1.95,1.87,1.52,0.98,0.46,0.04,0.0,0.0,0.0,0.0,0.0,0.0,0.0,0.0,0.0,0.0,0.0,0.0,0.0,0.0,0.28,0.83,1.36,1.72,1.92,1.88,1.56,1.08,0.45,0.04,0.0,0.0,0.0,0.0,0.0,0.0,0.0,0.0,0.0,0.0,0.0,0.0,0.0,0.0,0.25,0.39,0.51,0.8,0.68,0.54,0.21,0.12,0.17,0.01,0.0,0.0,0.0,0.0,0.0,0.0,0.0,0.0,0.0,0.0,0.0,0.0,0.0,0.0,0.06,0.23,0.66,0.9,1.29,1.56,1.31,0.77,0.34,0.04,0.0,0.0,0.0,0.0,0.0,0.0,0.0,0.0,0.0,0.0,0.0,0.0,0.0,0.0,0.19,0.68,1.18,1.52,1.31,1.03,0.78,0.41,0.13,0.02,0.0,0.0,0.0,0.0,0.0,0.0,0.0,0.0,0.0,0.0,0.0,0.0,0.0,0.0,0.31,0.87,1.49,1.88,2.04,1.96,1.66,1.13,0.51,0.06,0.0,0.0,0.0,0.0,0.0
369,0.0,0.0,0.0,0.0,0.0,0.0,0.0,0.0,0.0,0.29,0.87,1.42,1.82,1.95,1.87,1.52,0.98,0.46,0.04,0.0,0.0,0.0,0.0,0.0,0.0,0.0,0.0,0.0,0.0,0.0,0.0,0.0,0.0,0.28,0.83,1.36,1.72,1.92,1.88,1.56,1.08,0.45,0.04,0.0,0.0,0.0,0.0,0.0,0.0,0.0,0.0,0.0,0.0,0.0,0.0,0.0,0.0,0.25,0.39,0.51,0.8,0.68,0.54,0.21,0.12,0.17,0.01,0.0,0.0,0.0,0.0,0.0,0.0,0.0,0.0,0.0,0.0,0.0,0.0,0.0,0.0,0.06,0.23,0.66,0.9,1.29,1.56,1.31,0.77,0.34,0.04,0.0,0.0,0.0,0.0,0.0,0.0,0.0,0.0,0.0,0.0,0.0,0.0,0.0,0.0,0.19,0.68,1.18,1.52,1.31,1.03,0.78,0.41,0.13,0.02,0.0,0.0,0.0,0.0,0.0,0.0,0.0,0.0,0.0,0.0,0.0,0.0,0.0,0.0,0.31,0.87,1.49,1.88,2.04,1.96,1.66,1.13,0.51,0.06,0.0,0.0,0.0,0.0,0.0,0.0,0.0,0.0,0.0,0.0,0.0,0.0,0.0,0.0,0.33,0.92,1.49,1.89,2.04,1.97,1.6,1.15,0.49,0.05,0.0,0.0,0.0,0.0,0.0
370,0.0,0.0,0.0,0.0,0.0,0.0,0.0,0.0,0.0,0.28,0.83,1.36,1.72,1.92,1.88,1.56,1.08,0.45,0.04,0.0,0.0,0.0,0.0,0.0,0.0,0.0,0.0,0.0,0.0,0.0,0.0,0.0,0.0,0.25,0.39,0.51,0.8,0.68,0.54,0.21,0.12,0.17,0.01,0.0,0.0,0.0,0.0,0.0,0.0,0.0,0.0,0.0,0.0,0.0,0.0,0.0,0.0,0.06,0.23,0.66,0.9,1.29,1.56,1.31,0.77,0.34,0.04,0.0,0.0,0.0,0.0,0.0,0.0,0.0,0.0,0.0,0.0,0.0,0.0,0.0,0.0,0.19,0.68,1.18,1.52,1.31,1.03,0.78,0.41,0.13,0.02,0.0,0.0,0.0,0.0,0.0,0.0,0.0,0.0,0.0,0.0,0.0,0.0,0.0,0.0,0.31,0.87,1.49,1.88,2.04,1.96,1.66,1.13,0.51,0.06,0.0,0.0,0.0,0.0,0.0,0.0,0.0,0.0,0.0,0.0,0.0,0.0,0.0,0.0,0.33,0.92,1.49,1.89,2.04,1.97,1.6,1.15,0.49,0.05,0.0,0.0,0.0,0.0,0.0,0.0,0.0,0.0,0.0,0.0,0.0,0.0,0.0,0.0,0.31,0.85,1.48,1.83,2.03,1.96,1.68,1.15,0.54,0.07,0.0,0.0,0.0,0.0,0.0
371,0.0,0.0,0.0,0.0,0.0,0.0,0.0,0.0,0.0,0.25,0.39,0.51,0.8,0.68,0.54,0.21,0.12,0.17,0.01,0.0,0.0,0.0,0.0,0.0,0.0,0.0,0.0,0.0,0.0,0.0,0.0,0.0,0.0,0.06,0.23,0.66,0.9,1.29,1.56,1.31,0.77,0.34,0.04,0.0,0.0,0.0,0.0,0.0,0.0,0.0,0.0,0.0,0.0,0.0,0.0,0.0,0.0,0.19,0.68,1.18,1.52,1.31,1.03,0.78,0.41,0.13,0.02,0.0,0.0,0.0,0.0,0.0,0.0,0.0,0.0,0.0,0.0,0.0,0.0,0.0,0.0,0.31,0.87,1.49,1.88,2.04,1.96,1.66,1.13,0.51,0.06,0.0,0.0,0.0,0.0,0.0,0.0,0.0,0.0,0.0,0.0,0.0,0.0,0.0,0.0,0.33,0.92,1.49,1.89,2.04,1.97,1.6,1.15,0.49,0.05,0.0,0.0,0.0,0.0,0.0,0.0,0.0,0.0,0.0,0.0,0.0,0.0,0.0,0.0,0.31,0.85,1.48,1.83,2.03,1.96,1.68,1.15,0.54,0.07,0.0,0.0,0.0,0.0,0.0,0.0,0.0,0.0,0.0,0.0,0.0,0.0,0.0,0.0,0.33,0.94,1.51,1.91,2.04,1.98,1.67,1.14,0.51,0.07,0.0,0.0,0.0,0.0,0.0
372,0.0,0.0,0.0,0.0,0.0,0.0,0.0,0.0,0.0,0.06,0.23,0.66,0.9,1.29,1.56,1.31,0.77,0.34,0.04,0.0,0.0,0.0,0.0,0.0,0.0,0.0,0.0,0.0,0.0,0.0,0.0,0.0,0.0,0.19,0.68,1.18,1.52,1.31,1.03,0.78,0.41,0.13,0.02,0.0,0.0,0.0,0.0,0.0,0.0,0.0,0.0,0.0,0.0,0.0,0.0,0.0,0.0,0.31,0.87,1.49,1.88,2.04,1.96,1.66,1.13,0.51,0.06,0.0,0.0,0.0,0.0,0.0,0.0,0.0,0.0,0.0,0.0,0.0,0.0,0.0,0.0,0.33,0.92,1.49,1.89,2.04,1.97,1.6,1.15,0.49,0.05,0.0,0.0,0.0,0.0,0.0,0.0,0.0,0.0,0.0,0.0,0.0,0.0,0.0,0.0,0.31,0.85,1.48,1.83,2.03,1.96,1.68,1.15,0.54,0.07,0.0,0.0,0.0,0.0,0.0,0.0,0.0,0.0,0.0,0.0,0.0,0.0,0.0,0.0,0.33,0.94,1.51,1.91,2.04,1.98,1.67,1.14,0.51,0.07,0.0,0.0,0.0,0.0,0.0,0.0,0.0,0.0,0.0,0.0,0.0,0.0,0.0,0.0,0.12,0.49,0.8,0.92,0.5,0.33,0.24,0.27,0.08,0.01,0.0,0.0,0.0,0.0,0.0
373,0.0,0.0,0.0,0.0,0.0,0.0,0.0,0.0,0.0,0.19,0.68,1.18,1.52,1.31,1.03,0.78,0.41,0.13,0.02,0.0,0.0,0.0,0.0,0.0,0.0,0.0,0.0,0.0,0.0,0.0,0.0,0.0,0.0,0.31,0.87,1.49,1.88,2.04,1.96,1.66,1.13,0.51,0.06,0.0,0.0,0.0,0.0,0.0,0.0,0.0,0.0,0.0,0.0,0.0,0.0,0.0,0.0,0.33,0.92,1.49,1.89,2.04,1.97,1.6,1.15,0.49,0.05,0.0,0.0,0.0,0.0,0.0,0.0,0.0,0.0,0.0,0.0,0.0,0.0,0.0,0.0,0.31,0.85,1.48,1.83,2.03,1.96,1.68,1.15,0.54,0.07,0.0,0.0,0.0,0.0,0.0,0.0,0.0,0.0,0.0,0.0,0.0,0.0,0.0,0.0,0.33,0.94,1.51,1.91,2.04,1.98,1.67,1.14,0.51,0.07,0.0,0.0,0.0,0.0,0.0,0.0,0.0,0.0,0.0,0.0,0.0,0.0,0.0,0.0,0.12,0.49,0.8,0.92,0.5,0.33,0.24,0.27,0.08,0.01,0.0,0.0,0.0,0.0,0.0,0.0,0.0,0.0,0.0,0.0,0.0,0.0,0.0,0.0,0.28,0.81,1.47,1.86,2.07,2.02,1.67,1.17,0.55,0.08,0.0,0.0,0.0,0.0,0.0
374,0.0,0.0,0.0,0.0,0.0,0.0,0.0,0.0,0.0,0.31,0.87,1.49,1.88,2.04,1.96,1.66,1.13,0.51,0.06,0.0,0.0,0.0,0.0,0.0,0.0,0.0,0.0,0.0,0.0,0.0,0.0,0.0,0.0,0.33,0.92,1.49,1.89,2.04,1.97,1.6,1.15,0.49,0.05,0.0,0.0,0.0,0.0,0.0,0.0,0.0,0.0,0.0,0.0,0.0,0.0,0.0,0.0,0.31,0.85,1.48,1.83,2.03,1.96,1.68,1.15,0.54,0.07,0.0,0.0,0.0,0.0,0.0,0.0,0.0,0.0,0.0,0.0,0.0,0.0,0.0,0.0,0.33,0.94,1.51,1.91,2.04,1.98,1.67,1.14,0.51,0.07,0.0,0.0,0.0,0.0,0.0,0.0,0.0,0.0,0.0,0.0,0.0,0.0,0.0,0.0,0.12,0.49,0.8,0.92,0.5,0.33,0.24,0.27,0.08,0.01,0.0,0.0,0.0,0.0,0.0,0.0,0.0,0.0,0.0,0.0,0.0,0.0,0.0,0.0,0.28,0.81,1.47,1.86,2.07,2.02,1.67,1.17,0.55,0.08,0.0,0.0,0.0,0.0,0.0,0.0,0.0,0.0,0.0,0.0,0.0,0.0,0.0,0.0,0.32,0.92,1.49,1.83,1.41,0.8,0.57,0.47,0.22,0.04,0.0,0.0,0.0,0.0,0.0
375,0.0,0.0,0.0,0.0,0.0,0.0,0.0,0.0,0.0,0.33,0.92,1.49,1.89,2.04,1.97,1.6,1.15,0.49,0.05,0.0,0.0,0.0,0.0,0.0,0.0,0.0,0.0,0.0,0.0,0.0,0.0,0.0,0.0,0.31,0.85,1.48,1.83,2.03,1.96,1.68,1.15,0.54,0.07,0.0,0.0,0.0,0.0,0.0,0.0,0.0,0.0,0.0,0.0,0.0,0.0,0.0,0.0,0.33,0.94,1.51,1.91,2.04,1.98,1.67,1.14,0.51,0.07,0.0,0.0,0.0,0.0,0.0,0.0,0.0,0.0,0.0,0.0,0.0,0.0,0.0,0.0,0.12,0.49,0.8,0.92,0.5,0.33,0.24,0.27,0.08,0.01,0.0,0.0,0.0,0.0,0.0,0.0,0.0,0.0,0.0,0.0,0.0,0.0,0.0,0.0,0.28,0.81,1.47,1.86,2.07,2.02,1.67,1.17,0.55,0.08,0.0,0.0,0.0,0.0,0.0,0.0,0.0,0.0,0.0,0.0,0.0,0.0,0.0,0.0,0.32,0.92,1.49,1.83,1.41,0.8,0.57,0.47,0.22,0.04,0.0,0.0,0.0,0.0,0.0,0.0,0.0,0.0,0.0,0.0,0.0,0.0,0.0,0.0,0.34,0.95,1.56,1.93,2.1,2.04,1.7,1.18,0.52,0.08,0.0,0.0,0.0,0.0,0.0
376,0.0,0.0,0.0,0.0,0.0,0.0,0.0,0.0,0.0,0.31,0.85,1.48,1.83,2.03,1.96,1.68,1.15,0.54,0.07,0.0,0.0,0.0,0.0,0.0,0.0,0.0,0.0,0.0,0.0,0.0,0.0,0.0,0.0,0.33,0.94,1.51,1.91,2.04,1.98,1.67,1.14,0.51,0.07,0.0,0.0,0.0,0.0,0.0,0.0,0.0,0.0,0.0,0.0,0.0,0.0,0.0,0.0,0.12,0.49,0.8,0.92,0.5,0.33,0.24,0.27,0.08,0.01,0.0,0.0,0.0,0.0,0.0,0.0,0.0,0.0,0.0,0.0,0.0,0.0,0.0,0.0,0.28,0.81,1.47,1.86,2.07,2.02,1.67,1.17,0.55,0.08,0.0,0.0,0.0,0.0,0.0,0.0,0.0,0.0,0.0,0.0,0.0,0.0,0.0,0.0,0.32,0.92,1.49,1.83,1.41,0.8,0.57,0.47,0.22,0.04,0.0,0.0,0.0,0.0,0.0,0.0,0.0,0.0,0.0,0.0,0.0,0.0,0.0,0.0,0.34,0.95,1.56,1.93,2.1,2.04,1.7,1.18,0.52,0.08,0.0,0.0,0.0,0.0,0.0,0.0,0.0,0.0,0.0,0.0,0.0,0.0,0.0,0.0,0.1,0.21,0.26,0.43,0.27,0.28,0.18,0.24,0.13,0.03,0.0,0.0,0.0,0.0,0.0
377,0.0,0.0,0.0,0.0,0.0,0.0,0.0,0.0,0.0,0.33,0.94,1.51,1.91,2.04,1.98,1.67,1.14,0.51,0.07,0.0,0.0,0.0,0.0,0.0,0.0,0.0,0.0,0.0,0.0,0.0,0.0,0.0,0.0,0.12,0.49,0.8,0.92,0.5,0.33,0.24,0.27,0.08,0.01,0.0,0.0,0.0,0.0,0.0,0.0,0.0,0.0,0.0,0.0,0.0,0.0,0.0,0.0,0.28,0.81,1.47,1.86,2.07,2.02,1.67,1.17,0.55,0.08,0.0,0.0,0.0,0.0,0.0,0.0,0.0,0.0,0.0,0.0,0.0,0.0,0.0,0.0,0.32,0.92,1.49,1.83,1.41,0.8,0.57,0.47,0.22,0.04,0.0,0.0,0.0,0.0,0.0,0.0,0.0,0.0,0.0,0.0,0.0,0.0,0.0,0.0,0.34,0.95,1.56,1.93,2.1,2.04,1.7,1.18,0.52,0.08,0.0,0.0,0.0,0.0,0.0,0.0,0.0,0.0,0.0,0.0,0.0,0.0,0.0,0.0,0.1,0.21,0.26,0.43,0.27,0.28,0.18,0.24,0.13,0.03,0.0,0.0,0.0,0.0,0.0,0.0,0.0,0.0,0.0,0.0,0.0,0.0,0.0,0.0,0.36,0.97,1.51,1.89,2.05,1.97,1.67,1.2,0.56,0.11,0.0,0.0,0.0,0.0,0.0
378,0.0,0.0,0.0,0.0,0.0,0.0,0.0,0.0,0.0,0.12,0.49,0.8,0.92,0.5,0.33,0.24,0.27,0.08,0.01,0.0,0.0,0.0,0.0,0.0,0.0,0.0,0.0,0.0,0.0,0.0,0.0,0.0,0.0,0.28,0.81,1.47,1.86,2.07,2.02,1.67,1.17,0.55,0.08,0.0,0.0,0.0,0.0,0.0,0.0,0.0,0.0,0.0,0.0,0.0,0.0,0.0,0.0,0.32,0.92,1.49,1.83,1.41,0.8,0.57,0.47,0.22,0.04,0.0,0.0,0.0,0.0,0.0,0.0,0.0,0.0,0.0,0.0,0.0,0.0,0.0,0.0,0.34,0.95,1.56,1.93,2.1,2.04,1.7,1.18,0.52,0.08,0.0,0.0,0.0,0.0,0.0,0.0,0.0,0.0,0.0,0.0,0.0,0.0,0.0,0.0,0.1,0.21,0.26,0.43,0.27,0.28,0.18,0.24,0.13,0.03,0.0,0.0,0.0,0.0,0.0,0.0,0.0,0.0,0.0,0.0,0.0,0.0,0.0,0.0,0.36,0.97,1.51,1.89,2.05,1.97,1.67,1.2,0.56,0.11,0.0,0.0,0.0,0.0,0.0,0.0,0.0,0.0,0.0,0.0,0.0,0.0,0.0,0.0,0.35,0.97,1.58,1.96,2.15,2.12,1.79,1.21,0.57,0.09,0.0,0.0,0.0,0.0,0.0
379,0.0,0.0,0.0,0.0,0.0,0.0,0.0,0.0,0.0,0.28,0.81,1.47,1.86,2.07,2.02,1.67,1.17,0.55,0.08,0.0,0.0,0.0,0.0,0.0,0.0,0.0,0.0,0.0,0.0,0.0,0.0,0.0,0.0,0.32,0.92,1.49,1.83,1.41,0.8,0.57,0.47,0.22,0.04,0.0,0.0,0.0,0.0,0.0,0.0,0.0,0.0,0.0,0.0,0.0,0.0,0.0,0.0,0.34,0.95,1.56,1.93,2.1,2.04,1.7,1.18,0.52,0.08,0.0,0.0,0.0,0.0,0.0,0.0,0.0,0.0,0.0,0.0,0.0,0.0,0.0,0.0,0.1,0.21,0.26,0.43,0.27,0.28,0.18,0.24,0.13,0.03,0.0,0.0,0.0,0.0,0.0,0.0,0.0,0.0,0.0,0.0,0.0,0.0,0.0,0.0,0.36,0.97,1.51,1.89,2.05,1.97,1.67,1.2,0.56,0.11,0.0,0.0,0.0,0.0,0.0,0.0,0.0,0.0,0.0,0.0,0.0,0.0,0.0,0.0,0.35,0.97,1.58,1.96,2.15,2.12,1.79,1.21,0.57,0.09,0.0,0.0,0.0,0.0,0.0,0.0,0.0,0.0,0.0,0.0,0.0,0.0,0.0,0.0,0.25,0.46,0.95,1.49,1.84,1.86,1.28,1.12,0.41,0.04,0.0,0.0,0.0,0.0,0.0
380,0.0,0.0,0.0,0.0,0.0,0.0,0.0,0.0,0.0,0.32,0.92,1.49,1.83,1.41,0.8,0.57,0.47,0.22,0.04,0.0,0.0,0.0,0.0,0.0,0.0,0.0,0.0,0.0,0.0,0.0,0.0,0.0,0.0,0.34,0.95,1.56,1.93,2.1,2.04,1.7,1.18,0.52,0.08,0.0,0.0,0.0,0.0,0.0,0.0,0.0,0.0,0.0,0.0,0.0,0.0,0.0,0.0,0.1,0.21,0.26,0.43,0.27,0.28,0.18,0.24,0.13,0.03,0.0,0.0,0.0,0.0,0.0,0.0,0.0,0.0,0.0,0.0,0.0,0.0,0.0,0.0,0.36,0.97,1.51,1.89,2.05,1.97,1.67,1.2,0.56,0.11,0.0,0.0,0.0,0.0,0.0,0.0,0.0,0.0,0.0,0.0,0.0,0.0,0.0,0.0,0.35,0.97,1.58,1.96,2.15,2.12,1.79,1.21,0.57,0.09,0.0,0.0,0.0,0.0,0.0,0.0,0.0,0.0,0.0,0.0,0.0,0.0,0.0,0.0,0.25,0.46,0.95,1.49,1.84,1.86,1.28,1.12,0.41,0.04,0.0,0.0,0.0,0.0,0.0,0.0,0.0,0.0,0.0,0.0,0.0,0.0,0.0,0.0,0.19,0.43,0.75,1.09,1.3,1.79,0.89,0.64,0.5,0.09,0.0,0.0,0.0,0.0,0.0
381,0.0,0.0,0.0,0.0,0.0,0.0,0.0,0.0,0.0,0.34,0.95,1.56,1.93,2.1,2.04,1.7,1.18,0.52,0.08,0.0,0.0,0.0,0.0,0.0,0.0,0.0,0.0,0.0,0.0,0.0,0.0,0.0,0.0,0.1,0.21,0.26,0.43,0.27,0.28,0.18,0.24,0.13,0.03,0.0,0.0,0.0,0.0,0.0,0.0,0.0,0.0,0.0,0.0,0.0,0.0,0.0,0.0,0.36,0.97,1.51,1.89,2.05,1.97,1.67,1.2,0.56,0.11,0.0,0.0,0.0,0.0,0.0,0.0,0.0,0.0,0.0,0.0,0.0,0.0,0.0,0.0,0.35,0.97,1.58,1.96,2.15,2.12,1.79,1.21,0.57,0.09,0.0,0.0,0.0,0.0,0.0,0.0,0.0,0.0,0.0,0.0,0.0,0.0,0.0,0.0,0.25,0.46,0.95,1.49,1.84,1.86,1.28,1.12,0.41,0.04,0.0,0.0,0.0,0.0,0.0,0.0,0.0,0.0,0.0,0.0,0.0,0.0,0.0,0.0,0.19,0.43,0.75,1.09,1.3,1.79,0.89,0.64,0.5,0.09,0.0,0.0,0.0,0.0,0.0,0.0,0.0,0.0,0.0,0.0,0.0,0.0,0.0,0.01,0.33,0.91,1.58,1.65,1.59,1.24,0.56,0.49,0.25,0.1,0.0,0.0,0.0,0.0,0.0
382,0.0,0.0,0.0,0.0,0.0,0.0,0.0,0.0,0.0,0.1,0.21,0.26,0.43,0.27,0.28,0.18,0.24,0.13,0.03,0.0,0.0,0.0,0.0,0.0,0.0,0.0,0.0,0.0,0.0,0.0,0.0,0.0,0.0,0.36,0.97,1.51,1.89,2.05,1.97,1.67,1.2,0.56,0.11,0.0,0.0,0.0,0.0,0.0,0.0,0.0,0.0,0.0,0.0,0.0,0.0,0.0,0.0,0.35,0.97,1.58,1.96,2.15,2.12,1.79,1.21,0.57,0.09,0.0,0.0,0.0,0.0,0.0,0.0,0.0,0.0,0.0,0.0,0.0,0.0,0.0,0.0,0.25,0.46,0.95,1.49,1.84,1.86,1.28,1.12,0.41,0.04,0.0,0.0,0.0,0.0,0.0,0.0,0.0,0.0,0.0,0.0,0.0,0.0,0.0,0.0,0.19,0.43,0.75,1.09,1.3,1.79,0.89,0.64,0.5,0.09,0.0,0.0,0.0,0.0,0.0,0.0,0.0,0.0,0.0,0.0,0.0,0.0,0.0,0.01,0.33,0.91,1.58,1.65,1.59,1.24,0.56,0.49,0.25,0.1,0.0,0.0,0.0,0.0,0.0,0.0,0.0,0.0,0.0,0.0,0.0,0.0,0.0,0.0,0.01,0.06,0.09,0.13,0.14,0.41,0.38,0.23,0.21,0.04,0.0,0.0,0.0,0.0,0.0
383,0.0,0.0,0.0,0.0,0.0,0.0,0.0,0.0,0.0,0.36,0.97,1.51,1.89,2.05,1.97,1.67,1.2,0.56,0.11,0.0,0.0,0.0,0.0,0.0,0.0,0.0,0.0,0.0,0.0,0.0,0.0,0.0,0.0,0.35,0.97,1.58,1.96,2.15,2.12,1.79,1.21,0.57,0.09,0.0,0.0,0.0,0.0,0.0,0.0,0.0,0.0,0.0,0.0,0.0,0.0,0.0,0.0,0.25,0.46,0.95,1.49,1.84,1.86,1.28,1.12,0.41,0.04,0.0,0.0,0.0,0.0,0.0,0.0,0.0,0.0,0.0,0.0,0.0,0.0,0.0,0.0,0.19,0.43,0.75,1.09,1.3,1.79,0.89,0.64,0.5,0.09,0.0,0.0,0.0,0.0,0.0,0.0,0.0,0.0,0.0,0.0,0.0,0.0,0.0,0.01,0.33,0.91,1.58,1.65,1.59,1.24,0.56,0.49,0.25,0.1,0.0,0.0,0.0,0.0,0.0,0.0,0.0,0.0,0.0,0.0,0.0,0.0,0.0,0.0,0.01,0.06,0.09,0.13,0.14,0.41,0.38,0.23,0.21,0.04,0.0,0.0,0.0,0.0,0.0,0.0,0.0,0.0,0.0,0.0,0.0,0.0,0.0,0.0,0.27,0.75,1.39,1.85,2.02,1.78,1.67,1.09,0.65,0.07,0.0,0.0,0.0,0.0,0.0
384,0.0,0.0,0.0,0.0,0.0,0.0,0.0,0.0,0.0,0.35,0.97,1.58,1.96,2.15,2.12,1.79,1.21,0.57,0.09,0.0,0.0,0.0,0.0,0.0,0.0,0.0,0.0,0.0,0.0,0.0,0.0,0.0,0.0,0.25,0.46,0.95,1.49,1.84,1.86,1.28,1.12,0.41,0.04,0.0,0.0,0.0,0.0,0.0,0.0,0.0,0.0,0.0,0.0,0.0,0.0,0.0,0.0,0.19,0.43,0.75,1.09,1.3,1.79,0.89,0.64,0.5,0.09,0.0,0.0,0.0,0.0,0.0,0.0,0.0,0.0,0.0,0.0,0.0,0.0,0.0,0.01,0.33,0.91,1.58,1.65,1.59,1.24,0.56,0.49,0.25,0.1,0.0,0.0,0.0,0.0,0.0,0.0,0.0,0.0,0.0,0.0,0.0,0.0,0.0,0.0,0.01,0.06,0.09,0.13,0.14,0.41,0.38,0.23,0.21,0.04,0.0,0.0,0.0,0.0,0.0,0.0,0.0,0.0,0.0,0.0,0.0,0.0,0.0,0.0,0.27,0.75,1.39,1.85,2.02,1.78,1.67,1.09,0.65,0.07,0.0,0.0,0.0,0.0,0.0,0.0,0.0,0.0,0.0,0.0,0.0,0.0,0.0,0.01,0.34,0.91,1.45,1.9,1.59,1.69,1.68,1.33,0.69,0.13,0.0,0.0,0.0,0.0,0.0
385,0.0,0.0,0.0,0.0,0.0,0.0,0.0,0.0,0.0,0.25,0.46,0.95,1.49,1.84,1.86,1.28,1.12,0.41,0.04,0.0,0.0,0.0,0.0,0.0,0.0,0.0,0.0,0.0,0.0,0.0,0.0,0.0,0.0,0.19,0.43,0.75,1.09,1.3,1.79,0.89,0.64,0.5,0.09,0.0,0.0,0.0,0.0,0.0,0.0,0.0,0.0,0.0,0.0,0.0,0.0,0.0,0.01,0.33,0.91,1.58,1.65,1.59,1.24,0.56,0.49,0.25,0.1,0.0,0.0,0.0,0.0,0.0,0.0,0.0,0.0,0.0,0.0,0.0,0.0,0.0,0.0,0.01,0.06,0.09,0.13,0.14,0.41,0.38,0.23,0.21,0.04,0.0,0.0,0.0,0.0,0.0,0.0,0.0,0.0,0.0,0.0,0.0,0.0,0.0,0.0,0.27,0.75,1.39,1.85,2.02,1.78,1.67,1.09,0.65,0.07,0.0,0.0,0.0,0.0,0.0,0.0,0.0,0.0,0.0,0.0,0.0,0.0,0.0,0.01,0.34,0.91,1.45,1.9,1.59,1.69,1.68,1.33,0.69,0.13,0.0,0.0,0.0,0.0,0.0,0.0,0.0,0.0,0.0,0.0,0.0,0.0,0.0,0.01,0.38,1.0,1.68,2.07,2.23,2.18,1.9,1.4,0.7,0.1,0.0,0.0,0.0,0.0,0.0
386,0.0,0.0,0.0,0.0,0.0,0.0,0.0,0.0,0.0,0.19,0.43,0.75,1.09,1.3,1.79,0.89,0.64,0.5,0.09,0.0,0.0,0.0,0.0,0.0,0.0,0.0,0.0,0.0,0.0,0.0,0.0,0.0,0.01,0.33,0.91,1.58,1.65,1.59,1.24,0.56,0.49,0.25,0.1,0.0,0.0,0.0,0.0,0.0,0.0,0.0,0.0,0.0,0.0,0.0,0.0,0.0,0.0,0.01,0.06,0.09,0.13,0.14,0.41,0.38,0.23,0.21,0.04,0.0,0.0,0.0,0.0,0.0,0.0,0.0,0.0,0.0,0.0,0.0,0.0,0.0,0.0,0.27,0.75,1.39,1.85,2.02,1.78,1.67,1.09,0.65,0.07,0.0,0.0,0.0,0.0,0.0,0.0,0.0,0.0,0.0,0.0,0.0,0.0,0.0,0.01,0.34,0.91,1.45,1.9,1.59,1.69,1.68,1.33,0.69,0.13,0.0,0.0,0.0,0.0,0.0,0.0,0.0,0.0,0.0,0.0,0.0,0.0,0.0,0.01,0.38,1.0,1.68,2.07,2.23,2.18,1.9,1.4,0.7,0.1,0.0,0.0,0.0,0.0,0.0,0.0,0.0,0.0,0.0,0.0,0.0,0.0,0.0,0.01,0.39,1.08,1.69,2.08,2.26,2.22,1.95,1.47,0.76,0.16,0.0,0.0,0.0,0.0,0.0
387,0.0,0.0,0.0,0.0,0.0,0.0,0.0,0.0,0.01,0.33,0.91,1.58,1.65,1.59,1.24,0.56,0.49,0.25,0.1,0.0,0.0,0.0,0.0,0.0,0.0,0.0,0.0,0.0,0.0,0.0,0.0,0.0,0.0,0.01,0.06,0.09,0.13,0.14,0.41,0.38,0.23,0.21,0.04,0.0,0.0,0.0,0.0,0.0,0.0,0.0,0.0,0.0,0.0,0.0,0.0,0.0,0.0,0.27,0.75,1.39,1.85,2.02,1.78,1.67,1.09,0.65,0.07,0.0,0.0,0.0,0.0,0.0,0.0,0.0,0.0,0.0,0.0,0.0,0.0,0.0,0.01,0.34,0.91,1.45,1.9,1.59,1.69,1.68,1.33,0.69,0.13,0.0,0.0,0.0,0.0,0.0,0.0,0.0,0.0,0.0,0.0,0.0,0.0,0.0,0.01,0.38,1.0,1.68,2.07,2.23,2.18,1.9,1.4,0.7,0.1,0.0,0.0,0.0,0.0,0.0,0.0,0.0,0.0,0.0,0.0,0.0,0.0,0.0,0.01,0.39,1.08,1.69,2.08,2.26,2.22,1.95,1.47,0.76,0.16,0.0,0.0,0.0,0.0,0.0,0.0,0.0,0.0,0.0,0.0,0.0,0.0,0.0,0.01,0.39,1.09,1.55,2.07,2.31,2.24,1.99,1.49,0.79,0.17,0.0,0.0,0.0,0.0,0.0
388,0.0,0.0,0.0,0.0,0.0,0.0,0.0,0.0,0.0,0.01,0.06,0.09,0.13,0.14,0.41,0.38,0.23,0.21,0.04,0.0,0.0,0.0,0.0,0.0,0.0,0.0,0.0,0.0,0.0,0.0,0.0,0.0,0.0,0.27,0.75,1.39,1.85,2.02,1.78,1.67,1.09,0.65,0.07,0.0,0.0,0.0,0.0,0.0,0.0,0.0,0.0,0.0,0.0,0.0,0.0,0.0,0.01,0.34,0.91,1.45,1.9,1.59,1.69,1.68,1.33,0.69,0.13,0.0,0.0,0.0,0.0,0.0,0.0,0.0,0.0,0.0,0.0,0.0,0.0,0.0,0.01,0.38,1.0,1.68,2.07,2.23,2.18,1.9,1.4,0.7,0.1,0.0,0.0,0.0,0.0,0.0,0.0,0.0,0.0,0.0,0.0,0.0,0.0,0.0,0.01,0.39,1.08,1.69,2.08,2.26,2.22,1.95,1.47,0.76,0.16,0.0,0.0,0.0,0.0,0.0,0.0,0.0,0.0,0.0,0.0,0.0,0.0,0.0,0.01,0.39,1.09,1.55,2.07,2.31,2.24,1.99,1.49,0.79,0.17,0.0,0.0,0.0,0.0,0.0,0.0,0.0,0.0,0.0,0.0,0.0,0.0,0.0,0.02,0.39,1.04,1.58,1.95,1.82,1.76,1.44,0.87,0.49,0.11,0.0,0.0,0.0,0.0,0.0
389,0.0,0.0,0.0,0.0,0.0,0.0,0.0,0.0,0.0,0.27,0.75,1.39,1.85,2.02,1.78,1.67,1.09,0.65,0.07,0.0,0.0,0.0,0.0,0.0,0.0,0.0,0.0,0.0,0.0,0.0,0.0,0.0,0.01,0.34,0.91,1.45,1.9,1.59,1.69,1.68,1.33,0.69,0.13,0.0,0.0,0.0,0.0,0.0,0.0,0.0,0.0,0.0,0.0,0.0,0.0,0.0,0.01,0.38,1.0,1.68,2.07,2.23,2.18,1.9,1.4,0.7,0.1,0.0,0.0,0.0,0.0,0.0,0.0,0.0,0.0,0.0,0.0,0.0,0.0,0.0,0.01,0.39,1.08,1.69,2.08,2.26,2.22,1.95,1.47,0.76,0.16,0.0,0.0,0.0,0.0,0.0,0.0,0.0,0.0,0.0,0.0,0.0,0.0,0.0,0.01,0.39,1.09,1.55,2.07,2.31,2.24,1.99,1.49,0.79,0.17,0.0,0.0,0.0,0.0,0.0,0.0,0.0,0.0,0.0,0.0,0.0,0.0,0.0,0.02,0.39,1.04,1.58,1.95,1.82,1.76,1.44,0.87,0.49,0.11,0.0,0.0,0.0,0.0,0.0,0.0,0.0,0.0,0.0,0.0,0.0,0.0,0.0,0.01,0.15,0.69,1.03,1.5,0.85,1.66,1.09,1.25,0.67,0.14,0.0,0.0,0.0,0.0,0.0
390,0.0,0.0,0.0,0.0,0.0,0.0,0.0,0.0,0.01,0.34,0.91,1.45,1.9,1.59,1.69,1.68,1.33,0.69,0.13,0.0,0.0,0.0,0.0,0.0,0.0,0.0,0.0,0.0,0.0,0.0,0.0,0.0,0.01,0.38,1.0,1.68,2.07,2.23,2.18,1.9,1.4,0.7,0.1,0.0,0.0,0.0,0.0,0.0,0.0,0.0,0.0,0.0,0.0,0.0,0.0,0.0,0.01,0.39,1.08,1.69,2.08,2.26,2.22,1.95,1.47,0.76,0.16,0.0,0.0,0.0,0.0,0.0,0.0,0.0,0.0,0.0,0.0,0.0,0.0,0.0,0.01,0.39,1.09,1.55,2.07,2.31,2.24,1.99,1.49,0.79,0.17,0.0,0.0,0.0,0.0,0.0,0.0,0.0,0.0,0.0,0.0,0.0,0.0,0.0,0.02,0.39,1.04,1.58,1.95,1.82,1.76,1.44,0.87,0.49,0.11,0.0,0.0,0.0,0.0,0.0,0.0,0.0,0.0,0.0,0.0,0.0,0.0,0.0,0.01,0.15,0.69,1.03,1.5,0.85,1.66,1.09,1.25,0.67,0.14,0.0,0.0,0.0,0.0,0.0,0.0,0.0,0.0,0.0,0.0,0.0,0.0,0.0,0.01,0.39,1.0,1.76,2.15,2.36,2.31,2.06,1.56,0.87,0.21,0.0,0.0,0.0,0.0,0.0
391,0.0,0.0,0.0,0.0,0.0,0.0,0.0,0.0,0.01,0.38,1.0,1.68,2.07,2.23,2.18,1.9,1.4,0.7,0.1,0.0,0.0,0.0,0.0,0.0,0.0,0.0,0.0,0.0,0.0,0.0,0.0,0.0,0.01,0.39,1.08,1.69,2.08,2.26,2.22,1.95,1.47,0.76,0.16,0.0,0.0,0.0,0.0,0.0,0.0,0.0,0.0,0.0,0.0,0.0,0.0,0.0,0.01,0.39,1.09,1.55,2.07,2.31,2.24,1.99,1.49,0.79,0.17,0.0,0.0,0.0,0.0,0.0,0.0,0.0,0.0,0.0,0.0,0.0,0.0,0.0,0.02,0.39,1.04,1.58,1.95,1.82,1.76,1.44,0.87,0.49,0.11,0.0,0.0,0.0,0.0,0.0,0.0,0.0,0.0,0.0,0.0,0.0,0.0,0.0,0.01,0.15,0.69,1.03,1.5,0.85,1.66,1.09,1.25,0.67,0.14,0.0,0.0,0.0,0.0,0.0,0.0,0.0,0.0,0.0,0.0,0.0,0.0,0.0,0.01,0.39,1.0,1.76,2.15,2.36,2.31,2.06,1.56,0.87,0.21,0.0,0.0,0.0,0.0,0.0,0.0,0.0,0.0,0.0,0.0,0.0,0.0,0.0,0.02,0.4,1.15,1.75,2.16,2.39,2.32,2.03,1.55,0.86,0.24,0.0,0.0,0.0,0.0,0.0
392,0.0,0.0,0.0,0.0,0.0,0.0,0.0,0.0,0.01,0.39,1.08,1.69,2.08,2.26,2.22,1.95,1.47,0.76,0.16,0.0,0.0,0.0,0.0,0.0,0.0,0.0,0.0,0.0,0.0,0.0,0.0,0.0,0.01,0.39,1.09,1.55,2.07,2.31,2.24,1.99,1.49,0.79,0.17,0.0,0.0,0.0,0.0,0.0,0.0,0.0,0.0,0.0,0.0,0.0,0.0,0.0,0.02,0.39,1.04,1.58,1.95,1.82,1.76,1.44,0.87,0.49,0.11,0.0,0.0,0.0,0.0,0.0,0.0,0.0,0.0,0.0,0.0,0.0,0.0,0.0,0.01,0.15,0.69,1.03,1.5,0.85,1.66,1.09,1.25,0.67,0.14,0.0,0.0,0.0,0.0,0.0,0.0,0.0,0.0,0.0,0.0,0.0,0.0,0.0,0.01,0.39,1.0,1.76,2.15,2.36,2.31,2.06,1.56,0.87,0.21,0.0,0.0,0.0,0.0,0.0,0.0,0.0,0.0,0.0,0.0,0.0,0.0,0.0,0.02,0.4,1.15,1.75,2.16,2.39,2.32,2.03,1.55,0.86,0.24,0.0,0.0,0.0,0.0,0.0,0.0,0.0,0.0,0.0,0.0,0.0,0.0,0.0,0.02,0.42,1.17,1.79,2.24,2.41,2.36,1.5,0.55,0.33,0.15,0.0,0.0,0.0,0.0,0.0
393,0.0,0.0,0.0,0.0,0.0,0.0,0.0,0.0,0.01,0.39,1.09,1.55,2.07,2.31,2.24,1.99,1.49,0.79,0.17,0.0,0.0,0.0,0.0,0.0,0.0,0.0,0.0,0.0,0.0,0.0,0.0,0.0,0.02,0.39,1.04,1.58,1.95,1.82,1.76,1.44,0.87,0.49,0.11,0.0,0.0,0.0,0.0,0.0,0.0,0.0,0.0,0.0,0.0,0.0,0.0,0.0,0.01,0.15,0.69,1.03,1.5,0.85,1.66,1.09,1.25,0.67,0.14,0.0,0.0,0.0,0.0,0.0,0.0,0.0,0.0,0.0,0.0,0.0,0.0,0.0,0.01,0.39,1.0,1.76,2.15,2.36,2.31,2.06,1.56,0.87,0.21,0.0,0.0,0.0,0.0,0.0,0.0,0.0,0.0,0.0,0.0,0.0,0.0,0.0,0.02,0.4,1.15,1.75,2.16,2.39,2.32,2.03,1.55,0.86,0.24,0.0,0.0,0.0,0.0,0.0,0.0,0.0,0.0,0.0,0.0,0.0,0.0,0.0,0.02,0.42,1.17,1.79,2.24,2.41,2.36,1.5,0.55,0.33,0.15,0.0,0.0,0.0,0.0,0.0,0.0,0.0,0.0,0.0,0.0,0.0,0.0,0.0,0.02,0.45,1.16,1.76,2.22,2.43,2.32,1.6,1.32,0.79,0.24,0.0,0.0,0.0,0.0,0.0
394,0.0,0.0,0.0,0.0,0.0,0.0,0.0,0.0,0.02,0.39,1.04,1.58,1.95,1.82,1.76,1.44,0.87,0.49,0.11,0.0,0.0,0.0,0.0,0.0,0.0,0.0,0.0,0.0,0.0,0.0,0.0,0.0,0.01,0.15,0.69,1.03,1.5,0.85,1.66,1.09,1.25,0.67,0.14,0.0,0.0,0.0,0.0,0.0,0.0,0.0,0.0,0.0,0.0,0.0,0.0,0.0,0.01,0.39,1.0,1.76,2.15,2.36,2.31,2.06,1.56,0.87,0.21,0.0,0.0,0.0,0.0,0.0,0.0,0.0,0.0,0.0,0.0,0.0,0.0,0.0,0.02,0.4,1.15,1.75,2.16,2.39,2.32,2.03,1.55,0.86,0.24,0.0,0.0,0.0,0.0,0.0,0.0,0.0,0.0,0.0,0.0,0.0,0.0,0.0,0.02,0.42,1.17,1.79,2.24,2.41,2.36,1.5,0.55,0.33,0.15,0.0,0.0,0.0,0.0,0.0,0.0,0.0,0.0,0.0,0.0,0.0,0.0,0.0,0.02,0.45,1.16,1.76,2.22,2.43,2.32,1.6,1.32,0.79,0.24,0.0,0.0,0.0,0.0,0.0,0.0,0.0,0.0,0.0,0.0,0.0,0.0,0.0,0.02,0.45,1.18,1.8,2.24,2.34,2.39,1.77,1.59,0.8,0.25,0.0,0.0,0.0,0.0,0.0
395,0.0,0.0,0.0,0.0,0.0,0.0,0.0,0.0,0.01,0.15,0.69,1.03,1.5,0.85,1.66,1.09,1.25,0.67,0.14,0.0,0.0,0.0,0.0,0.0,0.0,0.0,0.0,0.0,0.0,0.0,0.0,0.0,0.01,0.39,1.0,1.76,2.15,2.36,2.31,2.06,1.56,0.87,0.21,0.0,0.0,0.0,0.0,0.0,0.0,0.0,0.0,0.0,0.0,0.0,0.0,0.0,0.02,0.4,1.15,1.75,2.16,2.39,2.32,2.03,1.55,0.86,0.24,0.0,0.0,0.0,0.0,0.0,0.0,0.0,0.0,0.0,0.0,0.0,0.0,0.0,0.02,0.42,1.17,1.79,2.24,2.41,2.36,1.5,0.55,0.33,0.15,0.0,0.0,0.0,0.0,0.0,0.0,0.0,0.0,0.0,0.0,0.0,0.0,0.0,0.02,0.45,1.16,1.76,2.22,2.43,2.32,1.6,1.32,0.79,0.24,0.0,0.0,0.0,0.0,0.0,0.0,0.0,0.0,0.0,0.0,0.0,0.0,0.0,0.02,0.45,1.18,1.8,2.24,2.34,2.39,1.77,1.59,0.8,0.25,0.0,0.0,0.0,0.0,0.0,0.0,0.0,0.0,0.0,0.0,0.0,0.0,0.0,0.03,0.41,0.9,1.21,1.52,2.04,1.62,1.35,0.87,0.36,0.1,0.0,0.0,0.0,0.0,0.0
396,0.0,0.0,0.0,0.0,0.0,0.0,0.0,0.0,0.01,0.39,1.0,1.76,2.15,2.36,2.31,2.06,1.56,0.87,0.21,0.0,0.0,0.0,0.0,0.0,0.0,0.0,0.0,0.0,0.0,0.0,0.0,0.0,0.02,0.4,1.15,1.75,2.16,2.39,2.32,2.03,1.55,0.86,0.24,0.0,0.0,0.0,0.0,0.0,0.0,0.0,0.0,0.0,0.0,0.0,0.0,0.0,0.02,0.42,1.17,1.79,2.24,2.41,2.36,1.5,0.55,0.33,0.15,0.0,0.0,0.0,0.0,0.0,0.0,0.0,0.0,0.0,0.0,0.0,0.0,0.0,0.02,0.45,1.16,1.76,2.22,2.43,2.32,1.6,1.32,0.79,0.24,0.0,0.0,0.0,0.0,0.0,0.0,0.0,0.0,0.0,0.0,0.0,0.0,0.0,0.02,0.45,1.18,1.8,2.24,2.34,2.39,1.77,1.59,0.8,0.25,0.0,0.0,0.0,0.0,0.0,0.0,0.0,0.0,0.0,0.0,0.0,0.0,0.0,0.03,0.41,0.9,1.21,1.52,2.04,1.62,1.35,0.87,0.36,0.1,0.0,0.0,0.0,0.0,0.0,0.0,0.0,0.0,0.0,0.0,0.0,0.0,0.0,0.02,0.26,0.69,1.65,2.2,2.34,2.36,2.12,1.63,0.95,0.27,0.0,0.0,0.0,0.0,0.0
397,0.0,0.0,0.0,0.0,0.0,0.0,0.0,0.0,0.02,0.4,1.15,1.75,2.16,2.39,2.32,2.03,1.55,0.86,0.24,0.0,0.0,0.0,0.0,0.0,0.0,0.0,0.0,0.0,0.0,0.0,0.0,0.0,0.02,0.42,1.17,1.79,2.24,2.41,2.36,1.5,0.55,0.33,0.15,0.0,0.0,0.0,0.0,0.0,0.0,0.0,0.0,0.0,0.0,0.0,0.0,0.0,0.02,0.45,1.16,1.76,2.22,2.43,2.32,1.6,1.32,0.79,0.24,0.0,0.0,0.0,0.0,0.0,0.0,0.0,0.0,0.0,0.0,0.0,0.0,0.0,0.02,0.45,1.18,1.8,2.24,2.34,2.39,1.77,1.59,0.8,0.25,0.0,0.0,0.0,0.0,0.0,0.0,0.0,0.0,0.0,0.0,0.0,0.0,0.0,0.03,0.41,0.9,1.21,1.52,2.04,1.62,1.35,0.87,0.36,0.1,0.0,0.0,0.0,0.0,0.0,0.0,0.0,0.0,0.0,0.0,0.0,0.0,0.0,0.02,0.26,0.69,1.65,2.2,2.34,2.36,2.12,1.63,0.95,0.27,0.0,0.0,0.0,0.0,0.0,0.0,0.0,0.0,0.0,0.0,0.0,0.0,0.0,0.03,0.48,1.17,1.48,2.02,1.85,2.09,1.64,1.23,0.6,0.21,0.0,0.0,0.0,0.0,0.0
398,0.0,0.0,0.0,0.0,0.0,0.0,0.0,0.0,0.02,0.42,1.17,1.79,2.24,2.41,2.36,1.5,0.55,0.33,0.15,0.0,0.0,0.0,0.0,0.0,0.0,0.0,0.0,0.0,0.0,0.0,0.0,0.0,0.02,0.45,1.16,1.76,2.22,2.43,2.32,1.6,1.32,0.79,0.24,0.0,0.0,0.0,0.0,0.0,0.0,0.0,0.0,0.0,0.0,0.0,0.0,0.0,0.02,0.45,1.18,1.8,2.24,2.34,2.39,1.77,1.59,0.8,0.25,0.0,0.0,0.0,0.0,0.0,0.0,0.0,0.0,0.0,0.0,0.0,0.0,0.0,0.03,0.41,0.9,1.21,1.52,2.04,1.62,1.35,0.87,0.36,0.1,0.0,0.0,0.0,0.0,0.0,0.0,0.0,0.0,0.0,0.0,0.0,0.0,0.0,0.02,0.26,0.69,1.65,2.2,2.34,2.36,2.12,1.63,0.95,0.27,0.0,0.0,0.0,0.0,0.0,0.0,0.0,0.0,0.0,0.0,0.0,0.0,0.0,0.03,0.48,1.17,1.48,2.02,1.85,2.09,1.64,1.23,0.6,0.21,0.0,0.0,0.0,0.0,0.0,0.0,0.0,0.0,0.0,0.0,0.0,0.0,0.0,0.02,0.43,1.15,1.75,2.16,2.37,2.34,2.08,1.54,0.85,0.24,0.0,0.0,0.0,0.0,0.0
399,0.0,0.0,0.0,0.0,0.0,0.0,0.0,0.0,0.02,0.45,1.16,1.76,2.22,2.43,2.32,1.6,1.32,0.79,0.24,0.0,0.0,0.0,0.0,0.0,0.0,0.0,0.0,0.0,0.0,0.0,0.0,0.0,0.02,0.45,1.18,1.8,2.24,2.34,2.39,1.77,1.59,0.8,0.25,0.0,0.0,0.0,0.0,0.0,0.0,0.0,0.0,0.0,0.0,0.0,0.0,0.0,0.03,0.41,0.9,1.21,1.52,2.04,1.62,1.35,0.87,0.36,0.1,0.0,0.0,0.0,0.0,0.0,0.0,0.0,0.0,0.0,0.0,0.0,0.0,0.0,0.02,0.26,0.69,1.65,2.2,2.34,2.36,2.12,1.63,0.95,0.27,0.0,0.0,0.0,0.0,0.0,0.0,0.0,0.0,0.0,0.0,0.0,0.0,0.0,0.03,0.48,1.17,1.48,2.02,1.85,2.09,1.64,1.23,0.6,0.21,0.0,0.0,0.0,0.0,0.0,0.0,0.0,0.0,0.0,0.0,0.0,0.0,0.0,0.02,0.43,1.15,1.75,2.16,2.37,2.34,2.08,1.54,0.85,0.24,0.0,0.0,0.0,0.0,0.0,0.0,0.0,0.0,0.0,0.0,0.0,0.0,0.0,0.03,0.43,1.01,1.58,1.99,2.16,2.13,1.86,1.33,0.57,0.18,0.01,0.0,0.0,0.0,0.0
400,0.0,0.0,0.0,0.0,0.0,0.0,0.0,0.0,0.02,0.45,1.18,1.8,2.24,2.34,2.39,1.77,1.59,0.8,0.25,0.0,0.0,0.0,0.0,0.0,0.0,0.0,0.0,0.0,0.0,0.0,0.0,0.0,0.03,0.41,0.9,1.21,1.52,2.04,1.62,1.35,0.87,0.36,0.1,0.0,0.0,0.0,0.0,0.0,0.0,0.0,0.0,0.0,0.0,0.0,0.0,0.0,0.02,0.26,0.69,1.65,2.2,2.34,2.36,2.12,1.63,0.95,0.27,0.0,0.0,0.0,0.0,0.0,0.0,0.0,0.0,0.0,0.0,0.0,0.0,0.0,0.03,0.48,1.17,1.48,2.02,1.85,2.09,1.64,1.23,0.6,0.21,0.0,0.0,0.0,0.0,0.0,0.0,0.0,0.0,0.0,0.0,0.0,0.0,0.0,0.02,0.43,1.15,1.75,2.16,2.37,2.34,2.08,1.54,0.85,0.24,0.0,0.0,0.0,0.0,0.0,0.0,0.0,0.0,0.0,0.0,0.0,0.0,0.0,0.03,0.43,1.01,1.58,1.99,2.16,2.13,1.86,1.33,0.57,0.18,0.01,0.0,0.0,0.0,0.0,0.0,0.0,0.0,0.0,0.0,0.0,0.0,0.0,0.03,0.38,1.17,1.79,2.2,2.39,2.35,2.08,1.57,0.9,0.25,0.0,0.0,0.0,0.0,0.0
401,0.0,0.0,0.0,0.0,0.0,0.0,0.0,0.0,0.03,0.41,0.9,1.21,1.52,2.04,1.62,1.35,0.87,0.36,0.1,0.0,0.0,0.0,0.0,0.0,0.0,0.0,0.0,0.0,0.0,0.0,0.0,0.0,0.02,0.26,0.69,1.65,2.2,2.34,2.36,2.12,1.63,0.95,0.27,0.0,0.0,0.0,0.0,0.0,0.0,0.0,0.0,0.0,0.0,0.0,0.0,0.0,0.03,0.48,1.17,1.48,2.02,1.85,2.09,1.64,1.23,0.6,0.21,0.0,0.0,0.0,0.0,0.0,0.0,0.0,0.0,0.0,0.0,0.0,0.0,0.0,0.02,0.43,1.15,1.75,2.16,2.37,2.34,2.08,1.54,0.85,0.24,0.0,0.0,0.0,0.0,0.0,0.0,0.0,0.0,0.0,0.0,0.0,0.0,0.0,0.03,0.43,1.01,1.58,1.99,2.16,2.13,1.86,1.33,0.57,0.18,0.01,0.0,0.0,0.0,0.0,0.0,0.0,0.0,0.0,0.0,0.0,0.0,0.0,0.03,0.38,1.17,1.79,2.2,2.39,2.35,2.08,1.57,0.9,0.25,0.0,0.0,0.0,0.0,0.0,0.0,0.0,0.0,0.0,0.0,0.0,0.0,0.0,0.02,0.39,1.05,1.39,1.23,1.15,1.05,1.05,1.02,0.7,0.23,0.01,0.0,0.0,0.0,0.0
402,0.0,0.0,0.0,0.0,0.0,0.0,0.0,0.0,0.02,0.26,0.69,1.65,2.2,2.34,2.36,2.12,1.63,0.95,0.27,0.0,0.0,0.0,0.0,0.0,0.0,0.0,0.0,0.0,0.0,0.0,0.0,0.0,0.03,0.48,1.17,1.48,2.02,1.85,2.09,1.64,1.23,0.6,0.21,0.0,0.0,0.0,0.0,0.0,0.0,0.0,0.0,0.0,0.0,0.0,0.0,0.0,0.02,0.43,1.15,1.75,2.16,2.37,2.34,2.08,1.54,0.85,0.24,0.0,0.0,0.0,0.0,0.0,0.0,0.0,0.0,0.0,0.0,0.0,0.0,0.0,0.03,0.43,1.01,1.58,1.99,2.16,2.13,1.86,1.33,0.57,0.18,0.01,0.0,0.0,0.0,0.0,0.0,0.0,0.0,0.0,0.0,0.0,0.0,0.0,0.03,0.38,1.17,1.79,2.2,2.39,2.35,2.08,1.57,0.9,0.25,0.0,0.0,0.0,0.0,0.0,0.0,0.0,0.0,0.0,0.0,0.0,0.0,0.0,0.02,0.39,1.05,1.39,1.23,1.15,1.05,1.05,1.02,0.7,0.23,0.01,0.0,0.0,0.0,0.0,0.0,0.0,0.0,0.0,0.0,0.0,0.0,0.0,0.05,0.3,0.58,0.65,1.34,1.55,1.05,1.12,0.31,0.07,0.02,0.0,0.0,0.0,0.0,0.0
403,0.0,0.0,0.0,0.0,0.0,0.0,0.0,0.0,0.03,0.48,1.17,1.48,2.02,1.85,2.09,1.64,1.23,0.6,0.21,0.0,0.0,0.0,0.0,0.0,0.0,0.0,0.0,0.0,0.0,0.0,0.0,0.0,0.02,0.43,1.15,1.75,2.16,2.37,2.34,2.08,1.54,0.85,0.24,0.0,0.0,0.0,0.0,0.0,0.0,0.0,0.0,0.0,0.0,0.0,0.0,0.0,0.03,0.43,1.01,1.58,1.99,2.16,2.13,1.86,1.33,0.57,0.18,0.01,0.0,0.0,0.0,0.0,0.0,0.0,0.0,0.0,0.0,0.0,0.0,0.0,0.03,0.38,1.17,1.79,2.2,2.39,2.35,2.08,1.57,0.9,0.25,0.0,0.0,0.0,0.0,0.0,0.0,0.0,0.0,0.0,0.0,0.0,0.0,0.0,0.02,0.39,1.05,1.39,1.23,1.15,1.05,1.05,1.02,0.7,0.23,0.01,0.0,0.0,0.0,0.0,0.0,0.0,0.0,0.0,0.0,0.0,0.0,0.0,0.05,0.3,0.58,0.65,1.34,1.55,1.05,1.12,0.31,0.07,0.02,0.0,0.0,0.0,0.0,0.0,0.0,0.0,0.0,0.0,0.0,0.0,0.0,0.0,0.03,0.18,0.59,1.41,1.67,1.74,1.86,0.94,0.8,0.55,0.21,0.01,0.0,0.0,0.0,0.0
404,0.0,0.0,0.0,0.0,0.0,0.0,0.0,0.0,0.02,0.43,1.15,1.75,2.16,2.37,2.34,2.08,1.54,0.85,0.24,0.0,0.0,0.0,0.0,0.0,0.0,0.0,0.0,0.0,0.0,0.0,0.0,0.0,0.03,0.43,1.01,1.58,1.99,2.16,2.13,1.86,1.33,0.57,0.18,0.01,0.0,0.0,0.0,0.0,0.0,0.0,0.0,0.0,0.0,0.0,0.0,0.0,0.03,0.38,1.17,1.79,2.2,2.39,2.35,2.08,1.57,0.9,0.25,0.0,0.0,0.0,0.0,0.0,0.0,0.0,0.0,0.0,0.0,0.0,0.0,0.0,0.02,0.39,1.05,1.39,1.23,1.15,1.05,1.05,1.02,0.7,0.23,0.01,0.0,0.0,0.0,0.0,0.0,0.0,0.0,0.0,0.0,0.0,0.0,0.0,0.05,0.3,0.58,0.65,1.34,1.55,1.05,1.12,0.31,0.07,0.02,0.0,0.0,0.0,0.0,0.0,0.0,0.0,0.0,0.0,0.0,0.0,0.0,0.0,0.03,0.18,0.59,1.41,1.67,1.74,1.86,0.94,0.8,0.55,0.21,0.01,0.0,0.0,0.0,0.0,0.0,0.0,0.0,0.0,0.0,0.0,0.0,0.0,0.04,0.58,1.29,1.99,2.46,2.67,2.57,2.18,1.47,0.69,0.33,0.01,0.0,0.0,0.0,0.0
405,0.0,0.0,0.0,0.0,0.0,0.0,0.0,0.0,0.03,0.43,1.01,1.58,1.99,2.16,2.13,1.86,1.33,0.57,0.18,0.01,0.0,0.0,0.0,0.0,0.0,0.0,0.0,0.0,0.0,0.0,0.0,0.0,0.03,0.38,1.17,1.79,2.2,2.39,2.35,2.08,1.57,0.9,0.25,0.0,0.0,0.0,0.0,0.0,0.0,0.0,0.0,0.0,0.0,0.0,0.0,0.0,0.02,0.39,1.05,1.39,1.23,1.15,1.05,1.05,1.02,0.7,0.23,0.01,0.0,0.0,0.0,0.0,0.0,0.0,0.0,0.0,0.0,0.0,0.0,0.0,0.05,0.3,0.58,0.65,1.34,1.55,1.05,1.12,0.31,0.07,0.02,0.0,0.0,0.0,0.0,0.0,0.0,0.0,0.0,0.0,0.0,0.0,0.0,0.0,0.03,0.18,0.59,1.41,1.67,1.74,1.86,0.94,0.8,0.55,0.21,0.01,0.0,0.0,0.0,0.0,0.0,0.0,0.0,0.0,0.0,0.0,0.0,0.0,0.04,0.58,1.29,1.99,2.46,2.67,2.57,2.18,1.47,0.69,0.33,0.01,0.0,0.0,0.0,0.0,0.0,0.0,0.0,0.0,0.0,0.0,0.0,0.0,0.05,0.61,1.38,2.01,2.43,2.64,2.6,2.29,1.77,1.05,0.37,0.0,0.0,0.0,0.0,0.0
406,0.0,0.0,0.0,0.0,0.0,0.0,0.0,0.0,0.03,0.38,1.17,1.79,2.2,2.39,2.35,2.08,1.57,0.9,0.25,0.0,0.0,0.0,0.0,0.0,0.0,0.0,0.0,0.0,0.0,0.0,0.0,0.0,0.02,0.39,1.05,1.39,1.23,1.15,1.05,1.05,1.02,0.7,0.23,0.01,0.0,0.0,0.0,0.0,0.0,0.0,0.0,0.0,0.0,0.0,0.0,0.0,0.05,0.3,0.58,0.65,1.34,1.55,1.05,1.12,0.31,0.07,0.02,0.0,0.0,0.0,0.0,0.0,0.0,0.0,0.0,0.0,0.0,0.0,0.0,0.0,0.03,0.18,0.59,1.41,1.67,1.74,1.86,0.94,0.8,0.55,0.21,0.01,0.0,0.0,0.0,0.0,0.0,0.0,0.0,0.0,0.0,0.0,0.0,0.0,0.04,0.58,1.29,1.99,2.46,2.67,2.57,2.18,1.47,0.69,0.33,0.01,0.0,0.0,0.0,0.0,0.0,0.0,0.0,0.0,0.0,0.0,0.0,0.0,0.05,0.61,1.38,2.01,2.43,2.64,2.6,2.29,1.77,1.05,0.37,0.0,0.0,0.0,0.0,0.0,0.0,0.0,0.0,0.0,0.0,0.0,0.0,0.0,0.06,0.59,1.36,1.97,2.38,2.55,2.48,2.14,1.37,0.75,0.25,0.01,0.0,0.0,0.0,0.0
407,0.0,0.0,0.0,0.0,0.0,0.0,0.0,0.0,0.02,0.39,1.05,1.39,1.23,1.15,1.05,1.05,1.02,0.7,0.23,0.01,0.0,0.0,0.0,0.0,0.0,0.0,0.0,0.0,0.0,0.0,0.0,0.0,0.05,0.3,0.58,0.65,1.34,1.55,1.05,1.12,0.31,0.07,0.02,0.0,0.0,0.0,0.0,0.0,0.0,0.0,0.0,0.0,0.0,0.0,0.0,0.0,0.03,0.18,0.59,1.41,1.67,1.74,1.86,0.94,0.8,0.55,0.21,0.01,0.0,0.0,0.0,0.0,0.0,0.0,0.0,0.0,0.0,0.0,0.0,0.0,0.04,0.58,1.29,1.99,2.46,2.67,2.57,2.18,1.47,0.69,0.33,0.01,0.0,0.0,0.0,0.0,0.0,0.0,0.0,0.0,0.0,0.0,0.0,0.0,0.05,0.61,1.38,2.01,2.43,2.64,2.6,2.29,1.77,1.05,0.37,0.0,0.0,0.0,0.0,0.0,0.0,0.0,0.0,0.0,0.0,0.0,0.0,0.0,0.06,0.59,1.36,1.97,2.38,2.55,2.48,2.14,1.37,0.75,0.25,0.01,0.0,0.0,0.0,0.0,0.0,0.0,0.0,0.0,0.0,0.0,0.0,0.0,0.04,0.37,0.28,0.57,1.43,1.82,2.06,1.58,0.61,0.34,0.14,0.01,0.0,0.0,0.0,0.0
408,0.0,0.0,0.0,0.0,0.0,0.0,0.0,0.0,0.05,0.3,0.58,0.65,1.34,1.55,1.05,1.12,0.31,0.07,0.02,0.0,0.0,0.0,0.0,0.0,0.0,0.0,0.0,0.0,0.0,0.0,0.0,0.0,0.03,0.18,0.59,1.41,1.67,1.74,1.86,0.94,0.8,0.55,0.21,0.01,0.0,0.0,0.0,0.0,0.0,0.0,0.0,0.0,0.0,0.0,0.0,0.0,0.04,0.58,1.29,1.99,2.46,2.67,2.57,2.18,1.47,0.69,0.33,0.01,0.0,0.0,0.0,0.0,0.0,0.0,0.0,0.0,0.0,0.0,0.0,0.0,0.05,0.61,1.38,2.01,2.43,2.64,2.6,2.29,1.77,1.05,0.37,0.0,0.0,0.0,0.0,0.0,0.0,0.0,0.0,0.0,0.0,0.0,0.0,0.0,0.06,0.59,1.36,1.97,2.38,2.55,2.48,2.14,1.37,0.75,0.25,0.01,0.0,0.0,0.0,0.0,0.0,0.0,0.0,0.0,0.0,0.0,0.0,0.0,0.04,0.37,0.28,0.57,1.43,1.82,2.06,1.58,0.61,0.34,0.14,0.01,0.0,0.0,0.0,0.0,0.0,0.0,0.0,0.0,0.0,0.0,0.0,0.0,0.08,0.68,1.45,2.09,2.54,2.76,2.69,2.37,1.86,1.16,0.4,0.01,0.0,0.0,0.0,0.0
409,0.0,0.0,0.0,0.0,0.0,0.0,0.0,0.0,0.03,0.18,0.59,1.41,1.67,1.74,1.86,0.94,0.8,0.55,0.21,0.01,0.0,0.0,0.0,0.0,0.0,0.0,0.0,0.0,0.0,0.0,0.0,0.0,0.04,0.58,1.29,1.99,2.46,2.67,2.57,2.18,1.47,0.69,0.33,0.01,0.0,0.0,0.0,0.0,0.0,0.0,0.0,0.0,0.0,0.0,0.0,0.0,0.05,0.61,1.38,2.01,2.43,2.64,2.6,2.29,1.77,1.05,0.37,0.0,0.0,0.0,0.0,0.0,0.0,0.0,0.0,0.0,0.0,0.0,0.0,0.0,0.06,0.59,1.36,1.97,2.38,2.55,2.48,2.14,1.37,0.75,0.25,0.01,0.0,0.0,0.0,0.0,0.0,0.0,0.0,0.0,0.0,0.0,0.0,0.0,0.04,0.37,0.28,0.57,1.43,1.82,2.06,1.58,0.61,0.34,0.14,0.01,0.0,0.0,0.0,0.0,0.0,0.0,0.0,0.0,0.0,0.0,0.0,0.0,0.08,0.68,1.45,2.09,2.54,2.76,2.69,2.37,1.86,1.16,0.4,0.01,0.0,0.0,0.0,0.0,0.0,0.0,0.0,0.0,0.0,0.0,0.0,0.0,0.08,0.61,1.21,1.55,1.14,0.72,1.64,1.77,1.01,1.22,0.45,0.01,0.0,0.0,0.0,0.0
410,0.0,0.0,0.0,0.0,0.0,0.0,0.0,0.0,0.04,0.58,1.29,1.99,2.46,2.67,2.57,2.18,1.47,0.69,0.33,0.01,0.0,0.0,0.0,0.0,0.0,0.0,0.0,0.0,0.0,0.0,0.0,0.0,0.05,0.61,1.38,2.01,2.43,2.64,2.6,2.29,1.77,1.05,0.37,0.0,0.0,0.0,0.0,0.0,0.0,0.0,0.0,0.0,0.0,0.0,0.0,0.0,0.06,0.59,1.36,1.97,2.38,2.55,2.48,2.14,1.37,0.75,0.25,0.01,0.0,0.0,0.0,0.0,0.0,0.0,0.0,0.0,0.0,0.0,0.0,0.0,0.04,0.37,0.28,0.57,1.43,1.82,2.06,1.58,0.61,0.34,0.14,0.01,0.0,0.0,0.0,0.0,0.0,0.0,0.0,0.0,0.0,0.0,0.0,0.0,0.08,0.68,1.45,2.09,2.54,2.76,2.69,2.37,1.86,1.16,0.4,0.01,0.0,0.0,0.0,0.0,0.0,0.0,0.0,0.0,0.0,0.0,0.0,0.0,0.08,0.61,1.21,1.55,1.14,0.72,1.64,1.77,1.01,1.22,0.45,0.01,0.0,0.0,0.0,0.0,0.0,0.0,0.0,0.0,0.0,0.0,0.0,0.0,0.09,0.65,1.43,2.06,2.51,2.51,2.21,2.12,1.43,0.4,0.22,0.01,0.0,0.0,0.0,0.0
411,0.0,0.0,0.0,0.0,0.0,0.0,0.0,0.0,0.05,0.61,1.38,2.01,2.43,2.64,2.6,2.29,1.77,1.05,0.37,0.0,0.0,0.0,0.0,0.0,0.0,0.0,0.0,0.0,0.0,0.0,0.0,0.0,0.06,0.59,1.36,1.97,2.38,2.55,2.48,2.14,1.37,0.75,0.25,0.01,0.0,0.0,0.0,0.0,0.0,0.0,0.0,0.0,0.0,0.0,0.0,0.0,0.04,0.37,0.28,0.57,1.43,1.82,2.06,1.58,0.61,0.34,0.14,0.01,0.0,0.0,0.0,0.0,0.0,0.0,0.0,0.0,0.0,0.0,0.0,0.0,0.08,0.68,1.45,2.09,2.54,2.76,2.69,2.37,1.86,1.16,0.4,0.01,0.0,0.0,0.0,0.0,0.0,0.0,0.0,0.0,0.0,0.0,0.0,0.0,0.08,0.61,1.21,1.55,1.14,0.72,1.64,1.77,1.01,1.22,0.45,0.01,0.0,0.0,0.0,0.0,0.0,0.0,0.0,0.0,0.0,0.0,0.0,0.0,0.09,0.65,1.43,2.06,2.51,2.51,2.21,2.12,1.43,0.4,0.22,0.01,0.0,0.0,0.0,0.0,0.0,0.0,0.0,0.0,0.0,0.0,0.0,0.0,0.1,0.73,1.53,2.17,2.59,2.82,2.77,2.45,1.92,1.24,0.44,0.02,0.0,0.0,0.0,0.0
412,0.0,0.0,0.0,0.0,0.0,0.0,0.0,0.0,0.06,0.59,1.36,1.97,2.38,2.55,2.48,2.14,1.37,0.75,0.25,0.01,0.0,0.0,0.0,0.0,0.0,0.0,0.0,0.0,0.0,0.0,0.0,0.0,0.04,0.37,0.28,0.57,1.43,1.82,2.06,1.58,0.61,0.34,0.14,0.01,0.0,0.0,0.0,0.0,0.0,0.0,0.0,0.0,0.0,0.0,0.0,0.0,0.08,0.68,1.45,2.09,2.54,2.76,2.69,2.37,1.86,1.16,0.4,0.01,0.0,0.0,0.0,0.0,0.0,0.0,0.0,0.0,0.0,0.0,0.0,0.0,0.08,0.61,1.21,1.55,1.14,0.72,1.64,1.77,1.01,1.22,0.45,0.01,0.0,0.0,0.0,0.0,0.0,0.0,0.0,0.0,0.0,0.0,0.0,0.0,0.09,0.65,1.43,2.06,2.51,2.51,2.21,2.12,1.43,0.4,0.22,0.01,0.0,0.0,0.0,0.0,0.0,0.0,0.0,0.0,0.0,0.0,0.0,0.0,0.1,0.73,1.53,2.17,2.59,2.82,2.77,2.45,1.92,1.24,0.44,0.02,0.0,0.0,0.0,0.0,0.0,0.0,0.0,0.0,0.0,0.0,0.0,0.0,0.12,0.75,1.55,2.18,2.59,2.72,2.68,2.39,1.86,1.18,0.39,0.01,0.0,0.0,0.0,0.0
413,0.0,0.0,0.0,0.0,0.0,0.0,0.0,0.0,0.04,0.37,0.28,0.57,1.43,1.82,2.06,1.58,0.61,0.34,0.14,0.01,0.0,0.0,0.0,0.0,0.0,0.0,0.0,0.0,0.0,0.0,0.0,0.0,0.08,0.68,1.45,2.09,2.54,2.76,2.69,2.37,1.86,1.16,0.4,0.01,0.0,0.0,0.0,0.0,0.0,0.0,0.0,0.0,0.0,0.0,0.0,0.0,0.08,0.61,1.21,1.55,1.14,0.72,1.64,1.77,1.01,1.22,0.45,0.01,0.0,0.0,0.0,0.0,0.0,0.0,0.0,0.0,0.0,0.0,0.0,0.0,0.09,0.65,1.43,2.06,2.51,2.51,2.21,2.12,1.43,0.4,0.22,0.01,0.0,0.0,0.0,0.0,0.0,0.0,0.0,0.0,0.0,0.0,0.0,0.0,0.1,0.73,1.53,2.17,2.59,2.82,2.77,2.45,1.92,1.24,0.44,0.02,0.0,0.0,0.0,0.0,0.0,0.0,0.0,0.0,0.0,0.0,0.0,0.0,0.12,0.75,1.55,2.18,2.59,2.72,2.68,2.39,1.86,1.18,0.39,0.01,0.0,0.0,0.0,0.0,0.0,0.0,0.0,0.0,0.0,0.0,0.0,0.0,0.11,0.62,1.18,1.76,2.16,1.92,1.3,1.16,1.35,0.58,0.21,0.01,0.0,0.0,0.0,0.0
414,0.0,0.0,0.0,0.0,0.0,0.0,0.0,0.0,0.08,0.68,1.45,2.09,2.54,2.76,2.69,2.37,1.86,1.16,0.4,0.01,0.0,0.0,0.0,0.0,0.0,0.0,0.0,0.0,0.0,0.0,0.0,0.0,0.08,0.61,1.21,1.55,1.14,0.72,1.64,1.77,1.01,1.22,0.45,0.01,0.0,0.0,0.0,0.0,0.0,0.0,0.0,0.0,0.0,0.0,0.0,0.0,0.09,0.65,1.43,2.06,2.51,2.51,2.21,2.12,1.43,0.4,0.22,0.01,0.0,0.0,0.0,0.0,0.0,0.0,0.0,0.0,0.0,0.0,0.0,0.0,0.1,0.73,1.53,2.17,2.59,2.82,2.77,2.45,1.92,1.24,0.44,0.02,0.0,0.0,0.0,0.0,0.0,0.0,0.0,0.0,0.0,0.0,0.0,0.0,0.12,0.75,1.55,2.18,2.59,2.72,2.68,2.39,1.86,1.18,0.39,0.01,0.0,0.0,0.0,0.0,0.0,0.0,0.0,0.0,0.0,0.0,0.0,0.0,0.11,0.62,1.18,1.76,2.16,1.92,1.3,1.16,1.35,0.58,0.21,0.01,0.0,0.0,0.0,0.0,0.0,0.0,0.0,0.0,0.0,0.0,0.0,0.0,0.02,0.07,0.45,0.65,1.13,1.32,0.98,0.47,0.28,0.18,0.03,0.0,0.0,0.0,0.0,0.0
415,0.0,0.0,0.0,0.0,0.0,0.0,0.0,0.0,0.08,0.61,1.21,1.55,1.14,0.72,1.64,1.77,1.01,1.22,0.45,0.01,0.0,0.0,0.0,0.0,0.0,0.0,0.0,0.0,0.0,0.0,0.0,0.0,0.09,0.65,1.43,2.06,2.51,2.51,2.21,2.12,1.43,0.4,0.22,0.01,0.0,0.0,0.0,0.0,0.0,0.0,0.0,0.0,0.0,0.0,0.0,0.0,0.1,0.73,1.53,2.17,2.59,2.82,2.77,2.45,1.92,1.24,0.44,0.02,0.0,0.0,0.0,0.0,0.0,0.0,0.0,0.0,0.0,0.0,0.0,0.0,0.12,0.75,1.55,2.18,2.59,2.72,2.68,2.39,1.86,1.18,0.39,0.01,0.0,0.0,0.0,0.0,0.0,0.0,0.0,0.0,0.0,0.0,0.0,0.0,0.11,0.62,1.18,1.76,2.16,1.92,1.3,1.16,1.35,0.58,0.21,0.01,0.0,0.0,0.0,0.0,0.0,0.0,0.0,0.0,0.0,0.0,0.0,0.0,0.02,0.07,0.45,0.65,1.13,1.32,0.98,0.47,0.28,0.18,0.03,0.0,0.0,0.0,0.0,0.0,0.0,0.0,0.0,0.0,0.0,0.0,0.0,0.0,0.15,0.73,1.52,2.14,2.58,2.78,2.73,2.4,1.88,1.21,0.47,0.03,0.0,0.0,0.0,0.0
416,0.0,0.0,0.0,0.0,0.0,0.0,0.0,0.0,0.09,0.65,1.43,2.06,2.51,2.51,2.21,2.12,1.43,0.4,0.22,0.01,0.0,0.0,0.0,0.0,0.0,0.0,0.0,0.0,0.0,0.0,0.0,0.0,0.1,0.73,1.53,2.17,2.59,2.82,2.77,2.45,1.92,1.24,0.44,0.02,0.0,0.0,0.0,0.0,0.0,0.0,0.0,0.0,0.0,0.0,0.0,0.0,0.12,0.75,1.55,2.18,2.59,2.72,2.68,2.39,1.86,1.18,0.39,0.01,0.0,0.0,0.0,0.0,0.0,0.0,0.0,0.0,0.0,0.0,0.0,0.0,0.11,0.62,1.18,1.76,2.16,1.92,1.3,1.16,1.35,0.58,0.21,0.01,0.0,0.0,0.0,0.0,0.0,0.0,0.0,0.0,0.0,0.0,0.0,0.0,0.02,0.07,0.45,0.65,1.13,1.32,0.98,0.47,0.28,0.18,0.03,0.0,0.0,0.0,0.0,0.0,0.0,0.0,0.0,0.0,0.0,0.0,0.0,0.0,0.15,0.73,1.52,2.14,2.58,2.78,2.73,2.4,1.88,1.21,0.47,0.03,0.0,0.0,0.0,0.0,0.0,0.0,0.0,0.0,0.0,0.0,0.0,0.0,0.06,0.31,0.67,1.13,1.21,2.02,1.67,0.92,1.22,1.0,0.28,0.01,0.0,0.0,0.0,0.0
417,0.0,0.0,0.0,0.0,0.0,0.0,0.0,0.0,0.1,0.73,1.53,2.17,2.59,2.82,2.77,2.45,1.92,1.24,0.44,0.02,0.0,0.0,0.0,0.0,0.0,0.0,0.0,0.0,0.0,0.0,0.0,0.0,0.12,0.75,1.55,2.18,2.59,2.72,2.68,2.39,1.86,1.18,0.39,0.01,0.0,0.0,0.0,0.0,0.0,0.0,0.0,0.0,0.0,0.0,0.0,0.0,0.11,0.62,1.18,1.76,2.16,1.92,1.3,1.16,1.35,0.58,0.21,0.01,0.0,0.0,0.0,0.0,0.0,0.0,0.0,0.0,0.0,0.0,0.0,0.0,0.02,0.07,0.45,0.65,1.13,1.32,0.98,0.47,0.28,0.18,0.03,0.0,0.0,0.0,0.0,0.0,0.0,0.0,0.0,0.0,0.0,0.0,0.0,0.0,0.15,0.73,1.52,2.14,2.58,2.78,2.73,2.4,1.88,1.21,0.47,0.03,0.0,0.0,0.0,0.0,0.0,0.0,0.0,0.0,0.0,0.0,0.0,0.0,0.06,0.31,0.67,1.13,1.21,2.02,1.67,0.92,1.22,1.0,0.28,0.01,0.0,0.0,0.0,0.0,0.0,0.0,0.0,0.0,0.0,0.0,0.0,0.0,0.01,0.15,0.25,0.24,0.51,0.35,0.94,1.2,1.19,1.19,0.43,0.03,0.0,0.0,0.0,0.0
418,0.0,0.0,0.0,0.0,0.0,0.0,0.0,0.0,0.12,0.75,1.55,2.18,2.59,2.72,2.68,2.39,1.86,1.18,0.39,0.01,0.0,0.0,0.0,0.0,0.0,0.0,0.0,0.0,0.0,0.0,0.0,0.0,0.11,0.62,1.18,1.76,2.16,1.92,1.3,1.16,1.35,0.58,0.21,0.01,0.0,0.0,0.0,0.0,0.0,0.0,0.0,0.0,0.0,0.0,0.0,0.0,0.02,0.07,0.45,0.65,1.13,1.32,0.98,0.47,0.28,0.18,0.03,0.0,0.0,0.0,0.0,0.0,0.0,0.0,0.0,0.0,0.0,0.0,0.0,0.0,0.15,0.73,1.52,2.14,2.58,2.78,2.73,2.4,1.88,1.21,0.47,0.03,0.0,0.0,0.0,0.0,0.0,0.0,0.0,0.0,0.0,0.0,0.0,0.0,0.06,0.31,0.67,1.13,1.21,2.02,1.67,0.92,1.22,1.0,0.28,0.01,0.0,0.0,0.0,0.0,0.0,0.0,0.0,0.0,0.0,0.0,0.0,0.0,0.01,0.15,0.25,0.24,0.51,0.35,0.94,1.2,1.19,1.19,0.43,0.03,0.0,0.0,0.0,0.0,0.0,0.0,0.0,0.0,0.0,0.0,0.0,0.0,0.2,0.85,1.65,2.27,2.7,2.81,2.81,2.5,1.96,1.27,0.48,0.03,0.0,0.0,0.0,0.0
419,0.0,0.0,0.0,0.0,0.0,0.0,0.0,0.0,0.11,0.62,1.18,1.76,2.16,1.92,1.3,1.16,1.35,0.58,0.21,0.01,0.0,0.0,0.0,0.0,0.0,0.0,0.0,0.0,0.0,0.0,0.0,0.0,0.02,0.07,0.45,0.65,1.13,1.32,0.98,0.47,0.28,0.18,0.03,0.0,0.0,0.0,0.0,0.0,0.0,0.0,0.0,0.0,0.0,0.0,0.0,0.0,0.15,0.73,1.52,2.14,2.58,2.78,2.73,2.4,1.88,1.21,0.47,0.03,0.0,0.0,0.0,0.0,0.0,0.0,0.0,0.0,0.0,0.0,0.0,0.0,0.06,0.31,0.67,1.13,1.21,2.02,1.67,0.92,1.22,1.0,0.28,0.01,0.0,0.0,0.0,0.0,0.0,0.0,0.0,0.0,0.0,0.0,0.0,0.0,0.01,0.15,0.25,0.24,0.51,0.35,0.94,1.2,1.19,1.19,0.43,0.03,0.0,0.0,0.0,0.0,0.0,0.0,0.0,0.0,0.0,0.0,0.0,0.0,0.2,0.85,1.65,2.27,2.7,2.81,2.81,2.5,1.96,1.27,0.48,0.03,0.0,0.0,0.0,0.0,0.0,0.0,0.0,0.0,0.0,0.0,0.0,0.0,0.18,0.81,1.64,2.25,2.68,2.85,2.73,2.35,1.92,1.24,0.48,0.03,0.0,0.0,0.0,0.0
420,0.0,0.0,0.0,0.0,0.0,0.0,0.0,0.0,0.02,0.07,0.45,0.65,1.13,1.32,0.98,0.47,0.28,0.18,0.03,0.0,0.0,0.0,0.0,0.0,0.0,0.0,0.0,0.0,0.0,0.0,0.0,0.0,0.15,0.73,1.52,2.14,2.58,2.78,2.73,2.4,1.88,1.21,0.47,0.03,0.0,0.0,0.0,0.0,0.0,0.0,0.0,0.0,0.0,0.0,0.0,0.0,0.06,0.31,0.67,1.13,1.21,2.02,1.67,0.92,1.22,1.0,0.28,0.01,0.0,0.0,0.0,0.0,0.0,0.0,0.0,0.0,0.0,0.0,0.0,0.0,0.01,0.15,0.25,0.24,0.51,0.35,0.94,1.2,1.19,1.19,0.43,0.03,0.0,0.0,0.0,0.0,0.0,0.0,0.0,0.0,0.0,0.0,0.0,0.0,0.2,0.85,1.65,2.27,2.7,2.81,2.81,2.5,1.96,1.27,0.48,0.03,0.0,0.0,0.0,0.0,0.0,0.0,0.0,0.0,0.0,0.0,0.0,0.0,0.18,0.81,1.64,2.25,2.68,2.85,2.73,2.35,1.92,1.24,0.48,0.03,0.0,0.0,0.0,0.0,0.0,0.0,0.0,0.0,0.0,0.0,0.0,0.0,0.14,0.54,0.78,1.35,1.88,2.05,2.31,1.02,0.38,0.13,0.06,0.01,0.0,0.0,0.0,0.0
421,0.0,0.0,0.0,0.0,0.0,0.0,0.0,0.0,0.15,0.73,1.52,2.14,2.58,2.78,2.73,2.4,1.88,1.21,0.47,0.03,0.0,0.0,0.0,0.0,0.0,0.0,0.0,0.0,0.0,0.0,0.0,0.0,0.06,0.31,0.67,1.13,1.21,2.02,1.67,0.92,1.22,1.0,0.28,0.01,0.0,0.0,0.0,0.0,0.0,0.0,0.0,0.0,0.0,0.0,0.0,0.0,0.01,0.15,0.25,0.24,0.51,0.35,0.94,1.2,1.19,1.19,0.43,0.03,0.0,0.0,0.0,0.0,0.0,0.0,0.0,0.0,0.0,0.0,0.0,0.0,0.2,0.85,1.65,2.27,2.7,2.81,2.81,2.5,1.96,1.27,0.48,0.03,0.0,0.0,0.0,0.0,0.0,0.0,0.0,0.0,0.0,0.0,0.0,0.0,0.18,0.81,1.64,2.25,2.68,2.85,2.73,2.35,1.92,1.24,0.48,0.03,0.0,0.0,0.0,0.0,0.0,0.0,0.0,0.0,0.0,0.0,0.0,0.0,0.14,0.54,0.78,1.35,1.88,2.05,2.31,1.02,0.38,0.13,0.06,0.01,0.0,0.0,0.0,0.0,0.0,0.0,0.0,0.0,0.0,0.0,0.0,0.0,0.19,0.86,1.66,2.3,2.73,2.96,2.94,2.6,2.01,1.39,0.58,0.04,0.0,0.0,0.0,0.0
422,0.0,0.0,0.0,0.0,0.0,0.0,0.0,0.0,0.06,0.31,0.67,1.13,1.21,2.02,1.67,0.92,1.22,1.0,0.28,0.01,0.0,0.0,0.0,0.0,0.0,0.0,0.0,0.0,0.0,0.0,0.0,0.0,0.01,0.15,0.25,0.24,0.51,0.35,0.94,1.2,1.19,1.19,0.43,0.03,0.0,0.0,0.0,0.0,0.0,0.0,0.0,0.0,0.0,0.0,0.0,0.0,0.2,0.85,1.65,2.27,2.7,2.81,2.81,2.5,1.96,1.27,0.48,0.03,0.0,0.0,0.0,0.0,0.0,0.0,0.0,0.0,0.0,0.0,0.0,0.0,0.18,0.81,1.64,2.25,2.68,2.85,2.73,2.35,1.92,1.24,0.48,0.03,0.0,0.0,0.0,0.0,0.0,0.0,0.0,0.0,0.0,0.0,0.0,0.0,0.14,0.54,0.78,1.35,1.88,2.05,2.31,1.02,0.38,0.13,0.06,0.01,0.0,0.0,0.0,0.0,0.0,0.0,0.0,0.0,0.0,0.0,0.0,0.0,0.19,0.86,1.66,2.3,2.73,2.96,2.94,2.6,2.01,1.39,0.58,0.04,0.0,0.0,0.0,0.0,0.0,0.0,0.0,0.0,0.0,0.0,0.0,0.0,0.24,0.91,1.76,2.41,2.85,3.03,2.99,2.68,2.14,1.41,0.54,0.04,0.0,0.0,0.0,0.0
423,0.0,0.0,0.0,0.0,0.0,0.0,0.0,0.0,0.01,0.15,0.25,0.24,0.51,0.35,0.94,1.2,1.19,1.19,0.43,0.03,0.0,0.0,0.0,0.0,0.0,0.0,0.0,0.0,0.0,0.0,0.0,0.0,0.2,0.85,1.65,2.27,2.7,2.81,2.81,2.5,1.96,1.27,0.48,0.03,0.0,0.0,0.0,0.0,0.0,0.0,0.0,0.0,0.0,0.0,0.0,0.0,0.18,0.81,1.64,2.25,2.68,2.85,2.73,2.35,1.92,1.24,0.48,0.03,0.0,0.0,0.0,0.0,0.0,0.0,0.0,0.0,0.0,0.0,0.0,0.0,0.14,0.54,0.78,1.35,1.88,2.05,2.31,1.02,0.38,0.13,0.06,0.01,0.0,0.0,0.0,0.0,0.0,0.0,0.0,0.0,0.0,0.0,0.0,0.0,0.19,0.86,1.66,2.3,2.73,2.96,2.94,2.6,2.01,1.39,0.58,0.04,0.0,0.0,0.0,0.0,0.0,0.0,0.0,0.0,0.0,0.0,0.0,0.0,0.24,0.91,1.76,2.41,2.85,3.03,2.99,2.68,2.14,1.41,0.54,0.04,0.0,0.0,0.0,0.0,0.0,0.0,0.0,0.0,0.0,0.0,0.0,0.0,0.19,0.68,1.48,2.1,2.43,2.49,2.08,1.8,0.75,0.57,0.39,0.03,0.0,0.0,0.0,0.0
424,0.0,0.0,0.0,0.0,0.0,0.0,0.0,0.0,0.2,0.85,1.65,2.27,2.7,2.81,2.81,2.5,1.96,1.27,0.48,0.03,0.0,0.0,0.0,0.0,0.0,0.0,0.0,0.0,0.0,0.0,0.0,0.0,0.18,0.81,1.64,2.25,2.68,2.85,2.73,2.35,1.92,1.24,0.48,0.03,0.0,0.0,0.0,0.0,0.0,0.0,0.0,0.0,0.0,0.0,0.0,0.0,0.14,0.54,0.78,1.35,1.88,2.05,2.31,1.02,0.38,0.13,0.06,0.01,0.0,0.0,0.0,0.0,0.0,0.0,0.0,0.0,0.0,0.0,0.0,0.0,0.19,0.86,1.66,2.3,2.73,2.96,2.94,2.6,2.01,1.39,0.58,0.04,0.0,0.0,0.0,0.0,0.0,0.0,0.0,0.0,0.0,0.0,0.0,0.0,0.24,0.91,1.76,2.41,2.85,3.03,2.99,2.68,2.14,1.41,0.54,0.04,0.0,0.0,0.0,0.0,0.0,0.0,0.0,0.0,0.0,0.0,0.0,0.0,0.19,0.68,1.48,2.1,2.43,2.49,2.08,1.8,0.75,0.57,0.39,0.03,0.0,0.0,0.0,0.0,0.0,0.0,0.0,0.0,0.0,0.0,0.0,0.0,0.07,0.36,1.18,1.95,2.59,2.54,2.18,2.08,1.74,1.23,0.47,0.05,0.0,0.0,0.0,0.0
425,0.0,0.0,0.0,0.0,0.0,0.0,0.0,0.0,0.18,0.81,1.64,2.25,2.68,2.85,2.73,2.35,1.92,1.24,0.48,0.03,0.0,0.0,0.0,0.0,0.0,0.0,0.0,0.0,0.0,0.0,0.0,0.0,0.14,0.54,0.78,1.35,1.88,2.05,2.31,1.02,0.38,0.13,0.06,0.01,0.0,0.0,0.0,0.0,0.0,0.0,0.0,0.0,0.0,0.0,0.0,0.0,0.19,0.86,1.66,2.3,2.73,2.96,2.94,2.6,2.01,1.39,0.58,0.04,0.0,0.0,0.0,0.0,0.0,0.0,0.0,0.0,0.0,0.0,0.0,0.0,0.24,0.91,1.76,2.41,2.85,3.03,2.99,2.68,2.14,1.41,0.54,0.04,0.0,0.0,0.0,0.0,0.0,0.0,0.0,0.0,0.0,0.0,0.0,0.0,0.19,0.68,1.48,2.1,2.43,2.49,2.08,1.8,0.75,0.57,0.39,0.03,0.0,0.0,0.0,0.0,0.0,0.0,0.0,0.0,0.0,0.0,0.0,0.0,0.07,0.36,1.18,1.95,2.59,2.54,2.18,2.08,1.74,1.23,0.47,0.05,0.0,0.0,0.0,0.0,0.0,0.0,0.0,0.0,0.0,0.0,0.0,0.0,0.2,0.64,1.34,2.16,2.61,2.81,2.81,2.47,1.93,1.32,0.49,0.07,0.0,0.0,0.0,0.0
426,0.0,0.0,0.0,0.0,0.0,0.0,0.0,0.0,0.14,0.54,0.78,1.35,1.88,2.05,2.31,1.02,0.38,0.13,0.06,0.01,0.0,0.0,0.0,0.0,0.0,0.0,0.0,0.0,0.0,0.0,0.0,0.0,0.19,0.86,1.66,2.3,2.73,2.96,2.94,2.6,2.01,1.39,0.58,0.04,0.0,0.0,0.0,0.0,0.0,0.0,0.0,0.0,0.0,0.0,0.0,0.0,0.24,0.91,1.76,2.41,2.85,3.03,2.99,2.68,2.14,1.41,0.54,0.04,0.0,0.0,0.0,0.0,0.0,0.0,0.0,0.0,0.0,0.0,0.0,0.0,0.19,0.68,1.48,2.1,2.43,2.49,2.08,1.8,0.75,0.57,0.39,0.03,0.0,0.0,0.0,0.0,0.0,0.0,0.0,0.0,0.0,0.0,0.0,0.0,0.07,0.36,1.18,1.95,2.59,2.54,2.18,2.08,1.74,1.23,0.47,0.05,0.0,0.0,0.0,0.0,0.0,0.0,0.0,0.0,0.0,0.0,0.0,0.0,0.2,0.64,1.34,2.16,2.61,2.81,2.81,2.47,1.93,1.32,0.49,0.07,0.0,0.0,0.0,0.0,0.0,0.0,0.0,0.0,0.0,0.0,0.0,0.0,0.14,0.64,1.65,2.09,2.36,2.41,2.16,2.02,1.75,1.03,0.45,0.05,0.0,0.0,0.0,0.0
427,0.0,0.0,0.0,0.0,0.0,0.0,0.0,0.0,0.19,0.86,1.66,2.3,2.73,2.96,2.94,2.6,2.01,1.39,0.58,0.04,0.0,0.0,0.0,0.0,0.0,0.0,0.0,0.0,0.0,0.0,0.0,0.0,0.24,0.91,1.76,2.41,2.85,3.03,2.99,2.68,2.14,1.41,0.54,0.04,0.0,0.0,0.0,0.0,0.0,0.0,0.0,0.0,0.0,0.0,0.0,0.0,0.19,0.68,1.48,2.1,2.43,2.49,2.08,1.8,0.75,0.57,0.39,0.03,0.0,0.0,0.0,0.0,0.0,0.0,0.0,0.0,0.0,0.0,0.0,0.0,0.07,0.36,1.18,1.95,2.59,2.54,2.18,2.08,1.74,1.23,0.47,0.05,0.0,0.0,0.0,0.0,0.0,0.0,0.0,0.0,0.0,0.0,0.0,0.0,0.2,0.64,1.34,2.16,2.61,2.81,2.81,2.47,1.93,1.32,0.49,0.07,0.0,0.0,0.0,0.0,0.0,0.0,0.0,0.0,0.0,0.0,0.0,0.0,0.14,0.64,1.65,2.09,2.36,2.41,2.16,2.02,1.75,1.03,0.45,0.05,0.0,0.0,0.0,0.0,0.0,0.0,0.0,0.0,0.0,0.0,0.0,0.0,0.08,0.23,0.32,1.22,2.25,2.71,2.33,2.33,1.77,0.91,0.31,0.03,0.0,0.0,0.0,0.0
428,0.0,0.0,0.0,0.0,0.0,0.0,0.0,0.0,0.24,0.91,1.76,2.41,2.85,3.03,2.99,2.68,2.14,1.41,0.54,0.04,0.0,0.0,0.0,0.0,0.0,0.0,0.0,0.0,0.0,0.0,0.0,0.0,0.19,0.68,1.48,2.1,2.43,2.49,2.08,1.8,0.75,0.57,0.39,0.03,0.0,0.0,0.0,0.0,0.0,0.0,0.0,0.0,0.0,0.0,0.0,0.0,0.07,0.36,1.18,1.95,2.59,2.54,2.18,2.08,1.74,1.23,0.47,0.05,0.0,0.0,0.0,0.0,0.0,0.0,0.0,0.0,0.0,0.0,0.0,0.0,0.2,0.64,1.34,2.16,2.61,2.81,2.81,2.47,1.93,1.32,0.49,0.07,0.0,0.0,0.0,0.0,0.0,0.0,0.0,0.0,0.0,0.0,0.0,0.0,0.14,0.64,1.65,2.09,2.36,2.41,2.16,2.02,1.75,1.03,0.45,0.05,0.0,0.0,0.0,0.0,0.0,0.0,0.0,0.0,0.0,0.0,0.0,0.0,0.08,0.23,0.32,1.22,2.25,2.71,2.33,2.33,1.77,0.91,0.31,0.03,0.0,0.0,0.0,0.0,0.0,0.0,0.0,0.0,0.0,0.0,0.0,0.0,0.2,0.42,0.69,1.43,2.08,2.35,2.11,1.82,0.98,0.57,0.15,0.02,0.0,0.0,0.0,0.0
429,0.0,0.0,0.0,0.0,0.0,0.0,0.0,0.0,0.19,0.68,1.48,2.1,2.43,2.49,2.08,1.8,0.75,0.57,0.39,0.03,0.0,0.0,0.0,0.0,0.0,0.0,0.0,0.0,0.0,0.0,0.0,0.0,0.07,0.36,1.18,1.95,2.59,2.54,2.18,2.08,1.74,1.23,0.47,0.05,0.0,0.0,0.0,0.0,0.0,0.0,0.0,0.0,0.0,0.0,0.0,0.0,0.2,0.64,1.34,2.16,2.61,2.81,2.81,2.47,1.93,1.32,0.49,0.07,0.0,0.0,0.0,0.0,0.0,0.0,0.0,0.0,0.0,0.0,0.0,0.0,0.14,0.64,1.65,2.09,2.36,2.41,2.16,2.02,1.75,1.03,0.45,0.05,0.0,0.0,0.0,0.0,0.0,0.0,0.0,0.0,0.0,0.0,0.0,0.0,0.08,0.23,0.32,1.22,2.25,2.71,2.33,2.33,1.77,0.91,0.31,0.03,0.0,0.0,0.0,0.0,0.0,0.0,0.0,0.0,0.0,0.0,0.0,0.0,0.2,0.42,0.69,1.43,2.08,2.35,2.11,1.82,0.98,0.57,0.15,0.02,0.0,0.0,0.0,0.0,0.0,0.0,0.0,0.0,0.0,0.0,0.0,0.0,0.02,0.06,0.13,0.2,0.16,0.28,0.3,0.35,0.27,0.18,0.13,0.02,0.0,0.0,0.0,0.0
430,0.0,0.0,0.0,0.0,0.0,0.0,0.0,0.0,0.07,0.36,1.18,1.95,2.59,2.54,2.18,2.08,1.74,1.23,0.47,0.05,0.0,0.0,0.0,0.0,0.0,0.0,0.0,0.0,0.0,0.0,0.0,0.0,0.2,0.64,1.34,2.16,2.61,2.81,2.81,2.47,1.93,1.32,0.49,0.07,0.0,0.0,0.0,0.0,0.0,0.0,0.0,0.0,0.0,0.0,0.0,0.0,0.14,0.64,1.65,2.09,2.36,2.41,2.16,2.02,1.75,1.03,0.45,0.05,0.0,0.0,0.0,0.0,0.0,0.0,0.0,0.0,0.0,0.0,0.0,0.0,0.08,0.23,0.32,1.22,2.25,2.71,2.33,2.33,1.77,0.91,0.31,0.03,0.0,0.0,0.0,0.0,0.0,0.0,0.0,0.0,0.0,0.0,0.0,0.0,0.2,0.42,0.69,1.43,2.08,2.35,2.11,1.82,0.98,0.57,0.15,0.02,0.0,0.0,0.0,0.0,0.0,0.0,0.0,0.0,0.0,0.0,0.0,0.0,0.02,0.06,0.13,0.2,0.16,0.28,0.3,0.35,0.27,0.18,0.13,0.02,0.0,0.0,0.0,0.0,0.0,0.0,0.0,0.0,0.0,0.0,0.0,0.0,0.1,0.22,0.25,0.62,0.58,0.08,0.06,0.07,0.08,0.06,0.05,0.01,0.0,0.0,0.0,0.0
431,0.0,0.0,0.0,0.0,0.0,0.0,0.0,0.0,0.2,0.64,1.34,2.16,2.61,2.81,2.81,2.47,1.93,1.32,0.49,0.07,0.0,0.0,0.0,0.0,0.0,0.0,0.0,0.0,0.0,0.0,0.0,0.0,0.14,0.64,1.65,2.09,2.36,2.41,2.16,2.02,1.75,1.03,0.45,0.05,0.0,0.0,0.0,0.0,0.0,0.0,0.0,0.0,0.0,0.0,0.0,0.0,0.08,0.23,0.32,1.22,2.25,2.71,2.33,2.33,1.77,0.91,0.31,0.03,0.0,0.0,0.0,0.0,0.0,0.0,0.0,0.0,0.0,0.0,0.0,0.0,0.2,0.42,0.69,1.43,2.08,2.35,2.11,1.82,0.98,0.57,0.15,0.02,0.0,0.0,0.0,0.0,0.0,0.0,0.0,0.0,0.0,0.0,0.0,0.0,0.02,0.06,0.13,0.2,0.16,0.28,0.3,0.35,0.27,0.18,0.13,0.02,0.0,0.0,0.0,0.0,0.0,0.0,0.0,0.0,0.0,0.0,0.0,0.0,0.1,0.22,0.25,0.62,0.58,0.08,0.06,0.07,0.08,0.06,0.05,0.01,0.0,0.0,0.0,0.0,0.0,0.0,0.0,0.0,0.0,0.0,0.0,0.0,0.15,0.61,1.58,1.51,2.59,2.64,2.76,2.44,1.85,0.86,0.5,0.06,0.0,0.0,0.0,0.0
432,0.0,0.0,0.0,0.0,0.0,0.0,0.0,0.0,0.14,0.64,1.65,2.09,2.36,2.41,2.16,2.02,1.75,1.03,0.45,0.05,0.0,0.0,0.0,0.0,0.0,0.0,0.0,0.0,0.0,0.0,0.0,0.0,0.08,0.23,0.32,1.22,2.25,2.71,2.33,2.33,1.77,0.91,0.31,0.03,0.0,0.0,0.0,0.0,0.0,0.0,0.0,0.0,0.0,0.0,0.0,0.0,0.2,0.42,0.69,1.43,2.08,2.35,2.11,1.82,0.98,0.57,0.15,0.02,0.0,0.0,0.0,0.0,0.0,0.0,0.0,0.0,0.0,0.0,0.0,0.0,0.02,0.06,0.13,0.2,0.16,0.28,0.3,0.35,0.27,0.18,0.13,0.02,0.0,0.0,0.0,0.0,0.0,0.0,0.0,0.0,0.0,0.0,0.0,0.0,0.1,0.22,0.25,0.62,0.58,0.08,0.06,0.07,0.08,0.06,0.05,0.01,0.0,0.0,0.0,0.0,0.0,0.0,0.0,0.0,0.0,0.0,0.0,0.0,0.15,0.61,1.58,1.51,2.59,2.64,2.76,2.44,1.85,0.86,0.5,0.06,0.0,0.0,0.0,0.0,0.0,0.0,0.0,0.0,0.0,0.0,0.0,0.0,0.28,0.75,1.25,1.94,2.55,2.76,2.68,2.41,1.83,0.83,0.36,0.03,0.0,0.0,0.0,0.0
433,0.0,0.0,0.0,0.0,0.0,0.0,0.0,0.0,0.08,0.23,0.32,1.22,2.25,2.71,2.33,2.33,1.77,0.91,0.31,0.03,0.0,0.0,0.0,0.0,0.0,0.0,0.0,0.0,0.0,0.0,0.0,0.0,0.2,0.42,0.69,1.43,2.08,2.35,2.11,1.82,0.98,0.57,0.15,0.02,0.0,0.0,0.0,0.0,0.0,0.0,0.0,0.0,0.0,0.0,0.0,0.0,0.02,0.06,0.13,0.2,0.16,0.28,0.3,0.35,0.27,0.18,0.13,0.02,0.0,0.0,0.0,0.0,0.0,0.0,0.0,0.0,0.0,0.0,0.0,0.0,0.1,0.22,0.25,0.62,0.58,0.08,0.06,0.07,0.08,0.06,0.05,0.01,0.0,0.0,0.0,0.0,0.0,0.0,0.0,0.0,0.0,0.0,0.0,0.0,0.15,0.61,1.58,1.51,2.59,2.64,2.76,2.44,1.85,0.86,0.5,0.06,0.0,0.0,0.0,0.0,0.0,0.0,0.0,0.0,0.0,0.0,0.0,0.0,0.28,0.75,1.25,1.94,2.55,2.76,2.68,2.41,1.83,0.83,0.36,0.03,0.0,0.0,0.0,0.0,0.0,0.0,0.0,0.0,0.0,0.0,0.0,0.0,0.12,0.28,0.63,1.26,2.17,2.01,1.13,0.75,0.54,0.45,0.14,0.01,0.0,0.0,0.0,0.0
434,0.0,0.0,0.0,0.0,0.0,0.0,0.0,0.0,0.2,0.42,0.69,1.43,2.08,2.35,2.11,1.82,0.98,0.57,0.15,0.02,0.0,0.0,0.0,0.0,0.0,0.0,0.0,0.0,0.0,0.0,0.0,0.0,0.02,0.06,0.13,0.2,0.16,0.28,0.3,0.35,0.27,0.18,0.13,0.02,0.0,0.0,0.0,0.0,0.0,0.0,0.0,0.0,0.0,0.0,0.0,0.0,0.1,0.22,0.25,0.62,0.58,0.08,0.06,0.07,0.08,0.06,0.05,0.01,0.0,0.0,0.0,0.0,0.0,0.0,0.0,0.0,0.0,0.0,0.0,0.0,0.15,0.61,1.58,1.51,2.59,2.64,2.76,2.44,1.85,0.86,0.5,0.06,0.0,0.0,0.0,0.0,0.0,0.0,0.0,0.0,0.0,0.0,0.0,0.0,0.28,0.75,1.25,1.94,2.55,2.76,2.68,2.41,1.83,0.83,0.36,0.03,0.0,0.0,0.0,0.0,0.0,0.0,0.0,0.0,0.0,0.0,0.0,0.0,0.12,0.28,0.63,1.26,2.17,2.01,1.13,0.75,0.54,0.45,0.14,0.01,0.0,0.0,0.0,0.0,0.0,0.0,0.0,0.0,0.0,0.0,0.0,0.0,0.07,0.24,0.54,0.63,0.8,0.75,0.39,0.57,0.49,0.39,0.25,0.05,0.0,0.0,0.0,0.0
435,0.0,0.0,0.0,0.0,0.0,0.0,0.0,0.0,0.02,0.06,0.13,0.2,0.16,0.28,0.3,0.35,0.27,0.18,0.13,0.02,0.0,0.0,0.0,0.0,0.0,0.0,0.0,0.0,0.0,0.0,0.0,0.0,0.1,0.22,0.25,0.62,0.58,0.08,0.06,0.07,0.08,0.06,0.05,0.01,0.0,0.0,0.0,0.0,0.0,0.0,0.0,0.0,0.0,0.0,0.0,0.0,0.15,0.61,1.58,1.51,2.59,2.64,2.76,2.44,1.85,0.86,0.5,0.06,0.0,0.0,0.0,0.0,0.0,0.0,0.0,0.0,0.0,0.0,0.0,0.0,0.28,0.75,1.25,1.94,2.55,2.76,2.68,2.41,1.83,0.83,0.36,0.03,0.0,0.0,0.0,0.0,0.0,0.0,0.0,0.0,0.0,0.0,0.0,0.0,0.12,0.28,0.63,1.26,2.17,2.01,1.13,0.75,0.54,0.45,0.14,0.01,0.0,0.0,0.0,0.0,0.0,0.0,0.0,0.0,0.0,0.0,0.0,0.0,0.07,0.24,0.54,0.63,0.8,0.75,0.39,0.57,0.49,0.39,0.25,0.05,0.0,0.0,0.0,0.0,0.0,0.0,0.0,0.0,0.0,0.0,0.0,0.0,0.03,0.09,0.15,0.32,0.46,0.74,0.92,0.73,0.69,0.44,0.32,0.04,0.0,0.0,0.0,0.0
436,0.0,0.0,0.0,0.0,0.0,0.0,0.0,0.0,0.1,0.22,0.25,0.62,0.58,0.08,0.06,0.07,0.08,0.06,0.05,0.01,0.0,0.0,0.0,0.0,0.0,0.0,0.0,0.0,0.0,0.0,0.0,0.0,0.15,0.61,1.58,1.51,2.59,2.64,2.76,2.44,1.85,0.86,0.5,0.06,0.0,0.0,0.0,0.0,0.0,0.0,0.0,0.0,0.0,0.0,0.0,0.0,0.28,0.75,1.25,1.94,2.55,2.76,2.68,2.41,1.83,0.83,0.36,0.03,0.0,0.0,0.0,0.0,0.0,0.0,0.0,0.0,0.0,0.0,0.0,0.0,0.12,0.28,0.63,1.26,2.17,2.01,1.13,0.75,0.54,0.45,0.14,0.01,0.0,0.0,0.0,0.0,0.0,0.0,0.0,0.0,0.0,0.0,0.0,0.0,0.07,0.24,0.54,0.63,0.8,0.75,0.39,0.57,0.49,0.39,0.25,0.05,0.0,0.0,0.0,0.0,0.0,0.0,0.0,0.0,0.0,0.0,0.0,0.0,0.03,0.09,0.15,0.32,0.46,0.74,0.92,0.73,0.69,0.44,0.32,0.04,0.0,0.0,0.0,0.0,0.0,0.0,0.0,0.0,0.0,0.0,0.0,0.0,0.12,0.41,0.71,1.49,2.23,1.65,2.1,2.49,2.26,1.49,0.7,0.11,0.0,0.0,0.0,0.0
437,0.0,0.0,0.0,0.0,0.0,0.0,0.0,0.0,0.15,0.61,1.58,1.51,2.59,2.64,2.76,2.44,1.85,0.86,0.5,0.06,0.0,0.0,0.0,0.0,0.0,0.0,0.0,0.0,0.0,0.0,0.0,0.0,0.28,0.75,1.25,1.94,2.55,2.76,2.68,2.41,1.83,0.83,0.36,0.03,0.0,0.0,0.0,0.0,0.0,0.0,0.0,0.0,0.0,0.0,0.0,0.0,0.12,0.28,0.63,1.26,2.17,2.01,1.13,0.75,0.54,0.45,0.14,0.01,0.0,0.0,0.0,0.0,0.0,0.0,0.0,0.0,0.0,0.0,0.0,0.0,0.07,0.24,0.54,0.63,0.8,0.75,0.39,0.57,0.49,0.39,0.25,0.05,0.0,0.0,0.0,0.0,0.0,0.0,0.0,0.0,0.0,0.0,0.0,0.0,0.03,0.09,0.15,0.32,0.46,0.74,0.92,0.73,0.69,0.44,0.32,0.04,0.0,0.0,0.0,0.0,0.0,0.0,0.0,0.0,0.0,0.0,0.0,0.0,0.12,0.41,0.71,1.49,2.23,1.65,2.1,2.49,2.26,1.49,0.7,0.11,0.0,0.0,0.0,0.0,0.0,0.0,0.0,0.0,0.0,0.0,0.0,0.02,0.29,1.11,1.73,2.5,2.42,2.62,2.52,1.59,1.01,0.53,0.3,0.05,0.0,0.0,0.0,0.0
438,0.0,0.0,0.0,0.0,0.0,0.0,0.0,0.0,0.28,0.75,1.25,1.94,2.55,2.76,2.68,2.41,1.83,0.83,0.36,0.03,0.0,0.0,0.0,0.0,0.0,0.0,0.0,0.0,0.0,0.0,0.0,0.0,0.12,0.28,0.63,1.26,2.17,2.01,1.13,0.75,0.54,0.45,0.14,0.01,0.0,0.0,0.0,0.0,0.0,0.0,0.0,0.0,0.0,0.0,0.0,0.0,0.07,0.24,0.54,0.63,0.8,0.75,0.39,0.57,0.49,0.39,0.25,0.05,0.0,0.0,0.0,0.0,0.0,0.0,0.0,0.0,0.0,0.0,0.0,0.0,0.03,0.09,0.15,0.32,0.46,0.74,0.92,0.73,0.69,0.44,0.32,0.04,0.0,0.0,0.0,0.0,0.0,0.0,0.0,0.0,0.0,0.0,0.0,0.0,0.12,0.41,0.71,1.49,2.23,1.65,2.1,2.49,2.26,1.49,0.7,0.11,0.0,0.0,0.0,0.0,0.0,0.0,0.0,0.0,0.0,0.0,0.0,0.02,0.29,1.11,1.73,2.5,2.42,2.62,2.52,1.59,1.01,0.53,0.3,0.05,0.0,0.0,0.0,0.0,0.0,0.0,0.0,0.0,0.0,0.0,0.0,0.01,0.39,1.16,1.94,2.52,2.87,3.04,2.91,2.71,2.07,1.4,0.59,0.1,0.0,0.0,0.0,0.0
439,0.0,0.0,0.0,0.0,0.0,0.0,0.0,0.0,0.12,0.28,0.63,1.26,2.17,2.01,1.13,0.75,0.54,0.45,0.14,0.01,0.0,0.0,0.0,0.0,0.0,0.0,0.0,0.0,0.0,0.0,0.0,0.0,0.07,0.24,0.54,0.63,0.8,0.75,0.39,0.57,0.49,0.39,0.25,0.05,0.0,0.0,0.0,0.0,0.0,0.0,0.0,0.0,0.0,0.0,0.0,0.0,0.03,0.09,0.15,0.32,0.46,0.74,0.92,0.73,0.69,0.44,0.32,0.04,0.0,0.0,0.0,0.0,0.0,0.0,0.0,0.0,0.0,0.0,0.0,0.0,0.12,0.41,0.71,1.49,2.23,1.65,2.1,2.49,2.26,1.49,0.7,0.11,0.0,0.0,0.0,0.0,0.0,0.0,0.0,0.0,0.0,0.0,0.0,0.02,0.29,1.11,1.73,2.5,2.42,2.62,2.52,1.59,1.01,0.53,0.3,0.05,0.0,0.0,0.0,0.0,0.0,0.0,0.0,0.0,0.0,0.0,0.0,0.01,0.39,1.16,1.94,2.52,2.87,3.04,2.91,2.71,2.07,1.4,0.59,0.1,0.0,0.0,0.0,0.0,0.0,0.0,0.0,0.0,0.0,0.0,0.0,0.0,0.07,0.26,0.69,0.99,0.78,0.5,0.86,0.89,0.82,0.81,0.32,0.06,0.0,0.0,0.0,0.0
440,0.0,0.0,0.0,0.0,0.0,0.0,0.0,0.0,0.07,0.24,0.54,0.63,0.8,0.75,0.39,0.57,0.49,0.39,0.25,0.05,0.0,0.0,0.0,0.0,0.0,0.0,0.0,0.0,0.0,0.0,0.0,0.0,0.03,0.09,0.15,0.32,0.46,0.74,0.92,0.73,0.69,0.44,0.32,0.04,0.0,0.0,0.0,0.0,0.0,0.0,0.0,0.0,0.0,0.0,0.0,0.0,0.12,0.41,0.71,1.49,2.23,1.65,2.1,2.49,2.26,1.49,0.7,0.11,0.0,0.0,0.0,0.0,0.0,0.0,0.0,0.0,0.0,0.0,0.0,0.02,0.29,1.11,1.73,2.5,2.42,2.62,2.52,1.59,1.01,0.53,0.3,0.05,0.0,0.0,0.0,0.0,0.0,0.0,0.0,0.0,0.0,0.0,0.0,0.01,0.39,1.16,1.94,2.52,2.87,3.04,2.91,2.71,2.07,1.4,0.59,0.1,0.0,0.0,0.0,0.0,0.0,0.0,0.0,0.0,0.0,0.0,0.0,0.0,0.07,0.26,0.69,0.99,0.78,0.5,0.86,0.89,0.82,0.81,0.32,0.06,0.0,0.0,0.0,0.0,0.0,0.0,0.0,0.0,0.0,0.0,0.0,0.0,0.06,0.16,0.23,0.29,0.36,0.47,0.94,1.86,1.02,0.63,0.28,0.04,0.0,0.0,0.0,0.0
441,0.0,0.0,0.0,0.0,0.0,0.0,0.0,0.0,0.03,0.09,0.15,0.32,0.46,0.74,0.92,0.73,0.69,0.44,0.32,0.04,0.0,0.0,0.0,0.0,0.0,0.0,0.0,0.0,0.0,0.0,0.0,0.0,0.12,0.41,0.71,1.49,2.23,1.65,2.1,2.49,2.26,1.49,0.7,0.11,0.0,0.0,0.0,0.0,0.0,0.0,0.0,0.0,0.0,0.0,0.0,0.02,0.29,1.11,1.73,2.5,2.42,2.62,2.52,1.59,1.01,0.53,0.3,0.05,0.0,0.0,0.0,0.0,0.0,0.0,0.0,0.0,0.0,0.0,0.0,0.01,0.39,1.16,1.94,2.52,2.87,3.04,2.91,2.71,2.07,1.4,0.59,0.1,0.0,0.0,0.0,0.0,0.0,0.0,0.0,0.0,0.0,0.0,0.0,0.0,0.07,0.26,0.69,0.99,0.78,0.5,0.86,0.89,0.82,0.81,0.32,0.06,0.0,0.0,0.0,0.0,0.0,0.0,0.0,0.0,0.0,0.0,0.0,0.0,0.06,0.16,0.23,0.29,0.36,0.47,0.94,1.86,1.02,0.63,0.28,0.04,0.0,0.0,0.0,0.0,0.0,0.0,0.0,0.0,0.0,0.0,0.0,0.02,0.35,0.84,1.42,1.05,1.03,1.29,1.06,0.79,0.47,0.45,0.26,0.03,0.0,0.0,0.0,0.0
442,0.0,0.0,0.0,0.0,0.0,0.0,0.0,0.0,0.12,0.41,0.71,1.49,2.23,1.65,2.1,2.49,2.26,1.49,0.7,0.11,0.0,0.0,0.0,0.0,0.0,0.0,0.0,0.0,0.0,0.0,0.0,0.02,0.29,1.11,1.73,2.5,2.42,2.62,2.52,1.59,1.01,0.53,0.3,0.05,0.0,0.0,0.0,0.0,0.0,0.0,0.0,0.0,0.0,0.0,0.0,0.01,0.39,1.16,1.94,2.52,2.87,3.04,2.91,2.71,2.07,1.4,0.59,0.1,0.0,0.0,0.0,0.0,0.0,0.0,0.0,0.0,0.0,0.0,0.0,0.0,0.07,0.26,0.69,0.99,0.78,0.5,0.86,0.89,0.82,0.81,0.32,0.06,0.0,0.0,0.0,0.0,0.0,0.0,0.0,0.0,0.0,0.0,0.0,0.0,0.06,0.16,0.23,0.29,0.36,0.47,0.94,1.86,1.02,0.63,0.28,0.04,0.0,0.0,0.0,0.0,0.0,0.0,0.0,0.0,0.0,0.0,0.0,0.02,0.35,0.84,1.42,1.05,1.03,1.29,1.06,0.79,0.47,0.45,0.26,0.03,0.0,0.0,0.0,0.0,0.0,0.0,0.0,0.0,0.0,0.0,0.0,0.0,0.02,0.06,0.26,1.1,0.8,0.53,0.61,0.91,0.84,0.79,0.41,0.06,0.0,0.0,0.0,0.0
443,0.0,0.0,0.0,0.0,0.0,0.0,0.0,0.02,0.29,1.11,1.73,2.5,2.42,2.62,2.52,1.59,1.01,0.53,0.3,0.05,0.0,0.0,0.0,0.0,0.0,0.0,0.0,0.0,0.0,0.0,0.0,0.01,0.39,1.16,1.94,2.52,2.87,3.04,2.91,2.71,2.07,1.4,0.59,0.1,0.0,0.0,0.0,0.0,0.0,0.0,0.0,0.0,0.0,0.0,0.0,0.0,0.07,0.26,0.69,0.99,0.78,0.5,0.86,0.89,0.82,0.81,0.32,0.06,0.0,0.0,0.0,0.0,0.0,0.0,0.0,0.0,0.0,0.0,0.0,0.0,0.06,0.16,0.23,0.29,0.36,0.47,0.94,1.86,1.02,0.63,0.28,0.04,0.0,0.0,0.0,0.0,0.0,0.0,0.0,0.0,0.0,0.0,0.0,0.02,0.35,0.84,1.42,1.05,1.03,1.29,1.06,0.79,0.47,0.45,0.26,0.03,0.0,0.0,0.0,0.0,0.0,0.0,0.0,0.0,0.0,0.0,0.0,0.0,0.02,0.06,0.26,1.1,0.8,0.53,0.61,0.91,0.84,0.79,0.41,0.06,0.0,0.0,0.0,0.0,0.0,0.0,0.0,0.0,0.0,0.0,0.0,0.04,0.45,1.24,1.88,2.39,2.03,3.09,3.03,2.9,2.4,1.73,0.88,0.17,0.0,0.0,0.0,0.0
444,0.0,0.0,0.0,0.0,0.0,0.0,0.0,0.01,0.39,1.16,1.94,2.52,2.87,3.04,2.91,2.71,2.07,1.4,0.59,0.1,0.0,0.0,0.0,0.0,0.0,0.0,0.0,0.0,0.0,0.0,0.0,0.0,0.07,0.26,0.69,0.99,0.78,0.5,0.86,0.89,0.82,0.81,0.32,0.06,0.0,0.0,0.0,0.0,0.0,0.0,0.0,0.0,0.0,0.0,0.0,0.0,0.06,0.16,0.23,0.29,0.36,0.47,0.94,1.86,1.02,0.63,0.28,0.04,0.0,0.0,0.0,0.0,0.0,0.0,0.0,0.0,0.0,0.0,0.0,0.02,0.35,0.84,1.42,1.05,1.03,1.29,1.06,0.79,0.47,0.45,0.26,0.03,0.0,0.0,0.0,0.0,0.0,0.0,0.0,0.0,0.0,0.0,0.0,0.0,0.02,0.06,0.26,1.1,0.8,0.53,0.61,0.91,0.84,0.79,0.41,0.06,0.0,0.0,0.0,0.0,0.0,0.0,0.0,0.0,0.0,0.0,0.0,0.04,0.45,1.24,1.88,2.39,2.03,3.09,3.03,2.9,2.4,1.73,0.88,0.17,0.0,0.0,0.0,0.0,0.0,0.0,0.0,0.0,0.0,0.0,0.0,0.06,0.59,1.46,2.1,2.8,3.23,3.38,3.29,2.91,2.34,1.63,0.77,0.15,0.0,0.0,0.0,0.0
445,0.0,0.0,0.0,0.0,0.0,0.0,0.0,0.0,0.07,0.26,0.69,0.99,0.78,0.5,0.86,0.89,0.82,0.81,0.32,0.06,0.0,0.0,0.0,0.0,0.0,0.0,0.0,0.0,0.0,0.0,0.0,0.0,0.06,0.16,0.23,0.29,0.36,0.47,0.94,1.86,1.02,0.63,0.28,0.04,0.0,0.0,0.0,0.0,0.0,0.0,0.0,0.0,0.0,0.0,0.0,0.02,0.35,0.84,1.42,1.05,1.03,1.29,1.06,0.79,0.47,0.45,0.26,0.03,0.0,0.0,0.0,0.0,0.0,0.0,0.0,0.0,0.0,0.0,0.0,0.0,0.02,0.06,0.26,1.1,0.8,0.53,0.61,0.91,0.84,0.79,0.41,0.06,0.0,0.0,0.0,0.0,0.0,0.0,0.0,0.0,0.0,0.0,0.0,0.04,0.45,1.24,1.88,2.39,2.03,3.09,3.03,2.9,2.4,1.73,0.88,0.17,0.0,0.0,0.0,0.0,0.0,0.0,0.0,0.0,0.0,0.0,0.0,0.06,0.59,1.46,2.1,2.8,3.23,3.38,3.29,2.91,2.34,1.63,0.77,0.15,0.0,0.0,0.0,0.0,0.0,0.0,0.0,0.0,0.0,0.0,0.0,0.05,0.54,1.32,2.04,2.68,3.08,3.21,3.11,2.74,2.26,1.54,0.62,0.13,0.0,0.0,0.0,0.0
446,0.0,0.0,0.0,0.0,0.0,0.0,0.0,0.0,0.06,0.16,0.23,0.29,0.36,0.47,0.94,1.86,1.02,0.63,0.28,0.04,0.0,0.0,0.0,0.0,0.0,0.0,0.0,0.0,0.0,0.0,0.0,0.02,0.35,0.84,1.42,1.05,1.03,1.29,1.06,0.79,0.47,0.45,0.26,0.03,0.0,0.0,0.0,0.0,0.0,0.0,0.0,0.0,0.0,0.0,0.0,0.0,0.02,0.06,0.26,1.1,0.8,0.53,0.61,0.91,0.84,0.79,0.41,0.06,0.0,0.0,0.0,0.0,0.0,0.0,0.0,0.0,0.0,0.0,0.0,0.04,0.45,1.24,1.88,2.39,2.03,3.09,3.03,2.9,2.4,1.73,0.88,0.17,0.0,0.0,0.0,0.0,0.0,0.0,0.0,0.0,0.0,0.0,0.0,0.06,0.59,1.46,2.1,2.8,3.23,3.38,3.29,2.91,2.34,1.63,0.77,0.15,0.0,0.0,0.0,0.0,0.0,0.0,0.0,0.0,0.0,0.0,0.0,0.05,0.54,1.32,2.04,2.68,3.08,3.21,3.11,2.74,2.26,1.54,0.62,0.13,0.0,0.0,0.0,0.0,0.0,0.0,0.0,0.0,0.0,0.0,0.0,0.05,0.53,0.58,1.21,1.46,1.85,0.69,0.35,0.28,0.34,0.17,0.1,0.03,0.0,0.0,0.0,0.0
447,0.0,0.0,0.0,0.0,0.0,0.0,0.0,0.02,0.35,0.84,1.42,1.05,1.03,1.29,1.06,0.79,0.47,0.45,0.26,0.03,0.0,0.0,0.0,0.0,0.0,0.0,0.0,0.0,0.0,0.0,0.0,0.0,0.02,0.06,0.26,1.1,0.8,0.53,0.61,0.91,0.84,0.79,0.41,0.06,0.0,0.0,0.0,0.0,0.0,0.0,0.0,0.0,0.0,0.0,0.0,0.04,0.45,1.24,1.88,2.39,2.03,3.09,3.03,2.9,2.4,1.73,0.88,0.17,0.0,0.0,0.0,0.0,0.0,0.0,0.0,0.0,0.0,0.0,0.0,0.06,0.59,1.46,2.1,2.8,3.23,3.38,3.29,2.91,2.34,1.63,0.77,0.15,0.0,0.0,0.0,0.0,0.0,0.0,0.0,0.0,0.0,0.0,0.0,0.05,0.54,1.32,2.04,2.68,3.08,3.21,3.11,2.74,2.26,1.54,0.62,0.13,0.0,0.0,0.0,0.0,0.0,0.0,0.0,0.0,0.0,0.0,0.0,0.05,0.53,0.58,1.21,1.46,1.85,0.69,0.35,0.28,0.34,0.17,0.1,0.03,0.0,0.0,0.0,0.0,0.0,0.0,0.0,0.0,0.0,0.0,0.0,0.04,0.28,0.55,1.04,1.55,1.26,1.93,1.89,1.95,1.64,1.12,0.53,0.2,0.0,0.0,0.0,0.0
448,0.0,0.0,0.0,0.0,0.0,0.0,0.0,0.0,0.02,0.06,0.26,1.1,0.8,0.53,0.61,0.91,0.84,0.79,0.41,0.06,0.0,0.0,0.0,0.0,0.0,0.0,0.0,0.0,0.0,0.0,0.0,0.04,0.45,1.24,1.88,2.39,2.03,3.09,3.03,2.9,2.4,1.73,0.88,0.17,0.0,0.0,0.0,0.0,0.0,0.0,0.0,0.0,0.0,0.0,0.0,0.06,0.59,1.46,2.1,2.8,3.23,3.38,3.29,2.91,2.34,1.63,0.77,0.15,0.0,0.0,0.0,0.0,0.0,0.0,0.0,0.0,0.0,0.0,0.0,0.05,0.54,1.32,2.04,2.68,3.08,3.21,3.11,2.74,2.26,1.54,0.62,0.13,0.0,0.0,0.0,0.0,0.0,0.0,0.0,0.0,0.0,0.0,0.0,0.05,0.53,0.58,1.21,1.46,1.85,0.69,0.35,0.28,0.34,0.17,0.1,0.03,0.0,0.0,0.0,0.0,0.0,0.0,0.0,0.0,0.0,0.0,0.0,0.04,0.28,0.55,1.04,1.55,1.26,1.93,1.89,1.95,1.64,1.12,0.53,0.2,0.0,0.0,0.0,0.0,0.0,0.0,0.0,0.0,0.0,0.0,0.0,0.09,0.59,1.42,2.2,2.82,3.08,2.28,2.92,2.89,2.33,1.67,0.87,0.19,0.0,0.0,0.0,0.0
449,0.0,0.0,0.0,0.0,0.0,0.0,0.0,0.04,0.45,1.24,1.88,2.39,2.03,3.09,3.03,2.9,2.4,1.73,0.88,0.17,0.0,0.0,0.0,0.0,0.0,0.0,0.0,0.0,0.0,0.0,0.0,0.06,0.59,1.46,2.1,2.8,3.23,3.38,3.29,2.91,2.34,1.63,0.77,0.15,0.0,0.0,0.0,0.0,0.0,0.0,0.0,0.0,0.0,0.0,0.0,0.05,0.54,1.32,2.04,2.68,3.08,3.21,3.11,2.74,2.26,1.54,0.62,0.13,0.0,0.0,0.0,0.0,0.0,0.0,0.0,0.0,0.0,0.0,0.0,0.05,0.53,0.58,1.21,1.46,1.85,0.69,0.35,0.28,0.34,0.17,0.1,0.03,0.0,0.0,0.0,0.0,0.0,0.0,0.0,0.0,0.0,0.0,0.0,0.04,0.28,0.55,1.04,1.55,1.26,1.93,1.89,1.95,1.64,1.12,0.53,0.2,0.0,0.0,0.0,0.0,0.0,0.0,0.0,0.0,0.0,0.0,0.0,0.09,0.59,1.42,2.2,2.82,3.08,2.28,2.92,2.89,2.33,1.67,0.87,0.19,0.0,0.0,0.0,0.0,0.0,0.0,0.0,0.0,0.0,0.0,0.0,0.08,0.59,1.43,2.13,2.8,3.19,3.27,3.1,2.75,2.23,1.57,0.77,0.18,0.0,0.0,0.0,0.0
450,0.0,0.0,0.0,0.0,0.0,0.0,0.0,0.06,0.59,1.46,2.1,2.8,3.23,3.38,3.29,2.91,2.34,1.63,0.77,0.15,0.0,0.0,0.0,0.0,0.0,0.0,0.0,0.0,0.0,0.0,0.0,0.05,0.54,1.32,2.04,2.68,3.08,3.21,3.11,2.74,2.26,1.54,0.62,0.13,0.0,0.0,0.0,0.0,0.0,0.0,0.0,0.0,0.0,0.0,0.0,0.05,0.53,0.58,1.21,1.46,1.85,0.69,0.35,0.28,0.34,0.17,0.1,0.03,0.0,0.0,0.0,0.0,0.0,0.0,0.0,0.0,0.0,0.0,0.0,0.04,0.28,0.55,1.04,1.55,1.26,1.93,1.89,1.95,1.64,1.12,0.53,0.2,0.0,0.0,0.0,0.0,0.0,0.0,0.0,0.0,0.0,0.0,0.0,0.09,0.59,1.42,2.2,2.82,3.08,2.28,2.92,2.89,2.33,1.67,0.87,0.19,0.0,0.0,0.0,0.0,0.0,0.0,0.0,0.0,0.0,0.0,0.0,0.08,0.59,1.43,2.13,2.8,3.19,3.27,3.1,2.75,2.23,1.57,0.77,0.18,0.0,0.0,0.0,0.0,0.0,0.0,0.0,0.0,0.0,0.0,0.0,0.08,0.63,1.43,2.13,2.7,3.1,3.31,3.18,2.87,2.3,1.6,0.82,0.19,0.0,0.0,0.0,0.0
451,0.0,0.0,0.0,0.0,0.0,0.0,0.0,0.05,0.54,1.32,2.04,2.68,3.08,3.21,3.11,2.74,2.26,1.54,0.62,0.13,0.0,0.0,0.0,0.0,0.0,0.0,0.0,0.0,0.0,0.0,0.0,0.05,0.53,0.58,1.21,1.46,1.85,0.69,0.35,0.28,0.34,0.17,0.1,0.03,0.0,0.0,0.0,0.0,0.0,0.0,0.0,0.0,0.0,0.0,0.0,0.04,0.28,0.55,1.04,1.55,1.26,1.93,1.89,1.95,1.64,1.12,0.53,0.2,0.0,0.0,0.0,0.0,0.0,0.0,0.0,0.0,0.0,0.0,0.0,0.09,0.59,1.42,2.2,2.82,3.08,2.28,2.92,2.89,2.33,1.67,0.87,0.19,0.0,0.0,0.0,0.0,0.0,0.0,0.0,0.0,0.0,0.0,0.0,0.08,0.59,1.43,2.13,2.8,3.19,3.27,3.1,2.75,2.23,1.57,0.77,0.18,0.0,0.0,0.0,0.0,0.0,0.0,0.0,0.0,0.0,0.0,0.0,0.08,0.63,1.43,2.13,2.7,3.1,3.31,3.18,2.87,2.3,1.6,0.82,0.19,0.0,0.0,0.0,0.0,0.0,0.0,0.0,0.0,0.0,0.0,0.0,0.08,0.56,1.38,2.1,2.75,3.2,3.3,3.29,2.93,2.39,1.69,0.88,0.2,0.0,0.0,0.0,0.0
452,0.0,0.0,0.0,0.0,0.0,0.0,0.0,0.05,0.53,0.58,1.21,1.46,1.85,0.69,0.35,0.28,0.34,0.17,0.1,0.03,0.0,0.0,0.0,0.0,0.0,0.0,0.0,0.0,0.0,0.0,0.0,0.04,0.28,0.55,1.04,1.55,1.26,1.93,1.89,1.95,1.64,1.12,0.53,0.2,0.0,0.0,0.0,0.0,0.0,0.0,0.0,0.0,0.0,0.0,0.0,0.09,0.59,1.42,2.2,2.82,3.08,2.28,2.92,2.89,2.33,1.67,0.87,0.19,0.0,0.0,0.0,0.0,0.0,0.0,0.0,0.0,0.0,0.0,0.0,0.08,0.59,1.43,2.13,2.8,3.19,3.27,3.1,2.75,2.23,1.57,0.77,0.18,0.0,0.0,0.0,0.0,0.0,0.0,0.0,0.0,0.0,0.0,0.0,0.08,0.63,1.43,2.13,2.7,3.1,3.31,3.18,2.87,2.3,1.6,0.82,0.19,0.0,0.0,0.0,0.0,0.0,0.0,0.0,0.0,0.0,0.0,0.0,0.08,0.56,1.38,2.1,2.75,3.2,3.3,3.29,2.93,2.39,1.69,0.88,0.2,0.0,0.0,0.0,0.0,0.0,0.0,0.0,0.0,0.0,0.0,0.0,0.08,0.44,1.23,1.82,2.48,2.82,2.86,2.86,2.64,1.89,1.32,0.6,0.17,0.0,0.0,0.0,0.0
453,0.0,0.0,0.0,0.0,0.0,0.0,0.0,0.04,0.28,0.55,1.04,1.55,1.26,1.93,1.89,1.95,1.64,1.12,0.53,0.2,0.0,0.0,0.0,0.0,0.0,0.0,0.0,0.0,0.0,0.0,0.0,0.09,0.59,1.42,2.2,2.82,3.08,2.28,2.92,2.89,2.33,1.67,0.87,0.19,0.0,0.0,0.0,0.0,0.0,0.0,0.0,0.0,0.0,0.0,0.0,0.08,0.59,1.43,2.13,2.8,3.19,3.27,3.1,2.75,2.23,1.57,0.77,0.18,0.0,0.0,0.0,0.0,0.0,0.0,0.0,0.0,0.0,0.0,0.0,0.08,0.63,1.43,2.13,2.7,3.1,3.31,3.18,2.87,2.3,1.6,0.82,0.19,0.0,0.0,0.0,0.0,0.0,0.0,0.0,0.0,0.0,0.0,0.0,0.08,0.56,1.38,2.1,2.75,3.2,3.3,3.29,2.93,2.39,1.69,0.88,0.2,0.0,0.0,0.0,0.0,0.0,0.0,0.0,0.0,0.0,0.0,0.0,0.08,0.44,1.23,1.82,2.48,2.82,2.86,2.86,2.64,1.89,1.32,0.6,0.17,0.0,0.0,0.0,0.0,0.0,0.0,0.0,0.0,0.0,0.0,0.0,0.07,0.33,0.64,2.05,2.72,3.09,3.28,3.04,2.15,1.94,1.38,0.72,0.13,0.0,0.0,0.0,0.0
454,0.0,0.0,0.0,0.0,0.0,0.0,0.0,0.09,0.59,1.42,2.2,2.82,3.08,2.28,2.92,2.89,2.33,1.67,0.87,0.19,0.0,0.0,0.0,0.0,0.0,0.0,0.0,0.0,0.0,0.0,0.0,0.08,0.59,1.43,2.13,2.8,3.19,3.27,3.1,2.75,2.23,1.57,0.77,0.18,0.0,0.0,0.0,0.0,0.0,0.0,0.0,0.0,0.0,0.0,0.0,0.08,0.63,1.43,2.13,2.7,3.1,3.31,3.18,2.87,2.3,1.6,0.82,0.19,0.0,0.0,0.0,0.0,0.0,0.0,0.0,0.0,0.0,0.0,0.0,0.08,0.56,1.38,2.1,2.75,3.2,3.3,3.29,2.93,2.39,1.69,0.88,0.2,0.0,0.0,0.0,0.0,0.0,0.0,0.0,0.0,0.0,0.0,0.0,0.08,0.44,1.23,1.82,2.48,2.82,2.86,2.86,2.64,1.89,1.32,0.6,0.17,0.0,0.0,0.0,0.0,0.0,0.0,0.0,0.0,0.0,0.0,0.0,0.07,0.33,0.64,2.05,2.72,3.09,3.28,3.04,2.15,1.94,1.38,0.72,0.13,0.0,0.0,0.0,0.0,0.0,0.0,0.0,0.0,0.0,0.0,0.0,0.03,0.34,1.1,2.17,2.84,3.22,3.38,3.27,2.9,2.33,1.67,0.84,0.21,0.0,0.0,0.0,0.0
455,0.0,0.0,0.0,0.0,0.0,0.0,0.0,0.08,0.59,1.43,2.13,2.8,3.19,3.27,3.1,2.75,2.23,1.57,0.77,0.18,0.0,0.0,0.0,0.0,0.0,0.0,0.0,0.0,0.0,0.0,0.0,0.08,0.63,1.43,2.13,2.7,3.1,3.31,3.18,2.87,2.3,1.6,0.82,0.19,0.0,0.0,0.0,0.0,0.0,0.0,0.0,0.0,0.0,0.0,0.0,0.08,0.56,1.38,2.1,2.75,3.2,3.3,3.29,2.93,2.39,1.69,0.88,0.2,0.0,0.0,0.0,0.0,0.0,0.0,0.0,0.0,0.0,0.0,0.0,0.08,0.44,1.23,1.82,2.48,2.82,2.86,2.86,2.64,1.89,1.32,0.6,0.17,0.0,0.0,0.0,0.0,0.0,0.0,0.0,0.0,0.0,0.0,0.0,0.07,0.33,0.64,2.05,2.72,3.09,3.28,3.04,2.15,1.94,1.38,0.72,0.13,0.0,0.0,0.0,0.0,0.0,0.0,0.0,0.0,0.0,0.0,0.0,0.03,0.34,1.1,2.17,2.84,3.22,3.38,3.27,2.9,2.33,1.67,0.84,0.21,0.0,0.0,0.0,0.0,0.0,0.0,0.0,0.0,0.0,0.0,0.0,0.12,0.71,1.51,2.16,2.78,3.17,3.31,3.24,2.88,2.36,1.65,0.82,0.21,0.0,0.0,0.0,0.0
456,0.0,0.0,0.0,0.0,0.0,0.0,0.0,0.08,0.63,1.43,2.13,2.7,3.1,3.31,3.18,2.87,2.3,1.6,0.82,0.19,0.0,0.0,0.0,0.0,0.0,0.0,0.0,0.0,0.0,0.0,0.0,0.08,0.56,1.38,2.1,2.75,3.2,3.3,3.29,2.93,2.39,1.69,0.88,0.2,0.0,0.0,0.0,0.0,0.0,0.0,0.0,0.0,0.0,0.0,0.0,0.08,0.44,1.23,1.82,2.48,2.82,2.86,2.86,2.64,1.89,1.32,0.6,0.17,0.0,0.0,0.0,0.0,0.0,0.0,0.0,0.0,0.0,0.0,0.0,0.07,0.33,0.64,2.05,2.72,3.09,3.28,3.04,2.15,1.94,1.38,0.72,0.13,0.0,0.0,0.0,0.0,0.0,0.0,0.0,0.0,0.0,0.0,0.0,0.03,0.34,1.1,2.17,2.84,3.22,3.38,3.27,2.9,2.33,1.67,0.84,0.21,0.0,0.0,0.0,0.0,0.0,0.0,0.0,0.0,0.0,0.0,0.0,0.12,0.71,1.51,2.16,2.78,3.17,3.31,3.24,2.88,2.36,1.65,0.82,0.21,0.0,0.0,0.0,0.0,0.0,0.0,0.0,0.0,0.0,0.0,0.0,0.05,0.23,0.62,1.6,2.57,2.99,3.11,3.03,2.67,2.19,1.49,0.68,0.18,0.0,0.0,0.0,0.0
457,0.0,0.0,0.0,0.0,0.0,0.0,0.0,0.08,0.56,1.38,2.1,2.75,3.2,3.3,3.29,2.93,2.39,1.69,0.88,0.2,0.0,0.0,0.0,0.0,0.0,0.0,0.0,0.0,0.0,0.0,0.0,0.08,0.44,1.23,1.82,2.48,2.82,2.86,2.86,2.64,1.89,1.32,0.6,0.17,0.0,0.0,0.0,0.0,0.0,0.0,0.0,0.0,0.0,0.0,0.0,0.07,0.33,0.64,2.05,2.72,3.09,3.28,3.04,2.15,1.94,1.38,0.72,0.13,0.0,0.0,0.0,0.0,0.0,0.0,0.0,0.0,0.0,0.0,0.0,0.03,0.34,1.1,2.17,2.84,3.22,3.38,3.27,2.9,2.33,1.67,0.84,0.21,0.0,0.0,0.0,0.0,0.0,0.0,0.0,0.0,0.0,0.0,0.0,0.12,0.71,1.51,2.16,2.78,3.17,3.31,3.24,2.88,2.36,1.65,0.82,0.21,0.0,0.0,0.0,0.0,0.0,0.0,0.0,0.0,0.0,0.0,0.0,0.05,0.23,0.62,1.6,2.57,2.99,3.11,3.03,2.67,2.19,1.49,0.68,0.18,0.0,0.0,0.0,0.0,0.0,0.0,0.0,0.0,0.0,0.0,0.0,0.11,0.62,1.38,2.09,2.69,3.1,3.25,3.15,2.84,2.3,1.61,0.83,0.21,0.0,0.0,0.0,0.0
458,0.0,0.0,0.0,0.0,0.0,0.0,0.0,0.08,0.44,1.23,1.82,2.48,2.82,2.86,2.86,2.64,1.89,1.32,0.6,0.17,0.0,0.0,0.0,0.0,0.0,0.0,0.0,0.0,0.0,0.0,0.0,0.07,0.33,0.64,2.05,2.72,3.09,3.28,3.04,2.15,1.94,1.38,0.72,0.13,0.0,0.0,0.0,0.0,0.0,0.0,0.0,0.0,0.0,0.0,0.0,0.03,0.34,1.1,2.17,2.84,3.22,3.38,3.27,2.9,2.33,1.67,0.84,0.21,0.0,0.0,0.0,0.0,0.0,0.0,0.0,0.0,0.0,0.0,0.0,0.12,0.71,1.51,2.16,2.78,3.17,3.31,3.24,2.88,2.36,1.65,0.82,0.21,0.0,0.0,0.0,0.0,0.0,0.0,0.0,0.0,0.0,0.0,0.0,0.05,0.23,0.62,1.6,2.57,2.99,3.11,3.03,2.67,2.19,1.49,0.68,0.18,0.0,0.0,0.0,0.0,0.0,0.0,0.0,0.0,0.0,0.0,0.0,0.11,0.62,1.38,2.09,2.69,3.1,3.25,3.15,2.84,2.3,1.61,0.83,0.21,0.0,0.0,0.0,0.0,0.0,0.0,0.0,0.0,0.0,0.0,0.0,0.11,0.4,1.21,2.12,2.76,3.21,3.29,3.12,2.86,2.32,1.61,0.82,0.21,0.0,0.0,0.0,0.0
459,0.0,0.0,0.0,0.0,0.0,0.0,0.0,0.07,0.33,0.64,2.05,2.72,3.09,3.28,3.04,2.15,1.94,1.38,0.72,0.13,0.0,0.0,0.0,0.0,0.0,0.0,0.0,0.0,0.0,0.0,0.0,0.03,0.34,1.1,2.17,2.84,3.22,3.38,3.27,2.9,2.33,1.67,0.84,0.21,0.0,0.0,0.0,0.0,0.0,0.0,0.0,0.0,0.0,0.0,0.0,0.12,0.71,1.51,2.16,2.78,3.17,3.31,3.24,2.88,2.36,1.65,0.82,0.21,0.0,0.0,0.0,0.0,0.0,0.0,0.0,0.0,0.0,0.0,0.0,0.05,0.23,0.62,1.6,2.57,2.99,3.11,3.03,2.67,2.19,1.49,0.68,0.18,0.0,0.0,0.0,0.0,0.0,0.0,0.0,0.0,0.0,0.0,0.0,0.11,0.62,1.38,2.09,2.69,3.1,3.25,3.15,2.84,2.3,1.61,0.83,0.21,0.0,0.0,0.0,0.0,0.0,0.0,0.0,0.0,0.0,0.0,0.0,0.11,0.4,1.21,2.12,2.76,3.21,3.29,3.12,2.86,2.32,1.61,0.82,0.21,0.0,0.0,0.0,0.0,0.0,0.0,0.0,0.0,0.0,0.0,0.0,0.05,0.18,0.59,1.14,1.79,2.24,2.96,3.01,2.69,2.08,1.21,0.27,0.02,0.0,0.0,0.0,0.0
460,0.0,0.0,0.0,0.0,0.0,0.0,0.0,0.03,0.34,1.1,2.17,2.84,3.22,3.38,3.27,2.9,2.33,1.67,0.84,0.21,0.0,0.0,0.0,0.0,0.0,0.0,0.0,0.0,0.0,0.0,0.0,0.12,0.71,1.51,2.16,2.78,3.17,3.31,3.24,2.88,2.36,1.65,0.82,0.21,0.0,0.0,0.0,0.0,0.0,0.0,0.0,0.0,0.0,0.0,0.0,0.05,0.23,0.62,1.6,2.57,2.99,3.11,3.03,2.67,2.19,1.49,0.68,0.18,0.0,0.0,0.0,0.0,0.0,0.0,0.0,0.0,0.0,0.0,0.0,0.11,0.62,1.38,2.09,2.69,3.1,3.25,3.15,2.84,2.3,1.61,0.83,0.21,0.0,0.0,0.0,0.0,0.0,0.0,0.0,0.0,0.0,0.0,0.0,0.11,0.4,1.21,2.12,2.76,3.21,3.29,3.12,2.86,2.32,1.61,0.82,0.21,0.0,0.0,0.0,0.0,0.0,0.0,0.0,0.0,0.0,0.0,0.0,0.05,0.18,0.59,1.14,1.79,2.24,2.96,3.01,2.69,2.08,1.21,0.27,0.02,0.0,0.0,0.0,0.0,0.0,0.0,0.0,0.0,0.0,0.0,0.0,0.01,0.13,0.3,0.38,0.64,0.57,0.51,0.28,0.3,0.51,0.23,0.15,0.04,0.01,0.0,0.0,0.0
461,0.0,0.0,0.0,0.0,0.0,0.0,0.0,0.12,0.71,1.51,2.16,2.78,3.17,3.31,3.24,2.88,2.36,1.65,0.82,0.21,0.0,0.0,0.0,0.0,0.0,0.0,0.0,0.0,0.0,0.0,0.0,0.05,0.23,0.62,1.6,2.57,2.99,3.11,3.03,2.67,2.19,1.49,0.68,0.18,0.0,0.0,0.0,0.0,0.0,0.0,0.0,0.0,0.0,0.0,0.0,0.11,0.62,1.38,2.09,2.69,3.1,3.25,3.15,2.84,2.3,1.61,0.83,0.21,0.0,0.0,0.0,0.0,0.0,0.0,0.0,0.0,0.0,0.0,0.0,0.11,0.4,1.21,2.12,2.76,3.21,3.29,3.12,2.86,2.32,1.61,0.82,0.21,0.0,0.0,0.0,0.0,0.0,0.0,0.0,0.0,0.0,0.0,0.0,0.05,0.18,0.59,1.14,1.79,2.24,2.96,3.01,2.69,2.08,1.21,0.27,0.02,0.0,0.0,0.0,0.0,0.0,0.0,0.0,0.0,0.0,0.0,0.0,0.01,0.13,0.3,0.38,0.64,0.57,0.51,0.28,0.3,0.51,0.23,0.15,0.04,0.01,0.0,0.0,0.0,0.0,0.0,0.0,0.0,0.0,0.0,0.0,0.02,0.13,0.28,0.49,0.8,1.3,1.54,1.63,1.36,0.81,0.58,0.42,0.16,0.0,0.0,0.0,0.0
462,0.0,0.0,0.0,0.0,0.0,0.0,0.0,0.05,0.23,0.62,1.6,2.57,2.99,3.11,3.03,2.67,2.19,1.49,0.68,0.18,0.0,0.0,0.0,0.0,0.0,0.0,0.0,0.0,0.0,0.0,0.0,0.11,0.62,1.38,2.09,2.69,3.1,3.25,3.15,2.84,2.3,1.61,0.83,0.21,0.0,0.0,0.0,0.0,0.0,0.0,0.0,0.0,0.0,0.0,0.0,0.11,0.4,1.21,2.12,2.76,3.21,3.29,3.12,2.86,2.32,1.61,0.82,0.21,0.0,0.0,0.0,0.0,0.0,0.0,0.0,0.0,0.0,0.0,0.0,0.05,0.18,0.59,1.14,1.79,2.24,2.96,3.01,2.69,2.08,1.21,0.27,0.02,0.0,0.0,0.0,0.0,0.0,0.0,0.0,0.0,0.0,0.0,0.0,0.01,0.13,0.3,0.38,0.64,0.57,0.51,0.28,0.3,0.51,0.23,0.15,0.04,0.01,0.0,0.0,0.0,0.0,0.0,0.0,0.0,0.0,0.0,0.0,0.02,0.13,0.28,0.49,0.8,1.3,1.54,1.63,1.36,0.81,0.58,0.42,0.16,0.0,0.0,0.0,0.0,0.0,0.0,0.0,0.0,0.0,0.0,0.0,0.2,0.87,1.68,2.33,2.89,3.28,3.42,3.36,2.98,2.38,1.76,0.9,0.25,0.01,0.0,0.0,0.0
463,0.0,0.0,0.0,0.0,0.0,0.0,0.0,0.11,0.62,1.38,2.09,2.69,3.1,3.25,3.15,2.84,2.3,1.61,0.83,0.21,0.0,0.0,0.0,0.0,0.0,0.0,0.0,0.0,0.0,0.0,0.0,0.11,0.4,1.21,2.12,2.76,3.21,3.29,3.12,2.86,2.32,1.61,0.82,0.21,0.0,0.0,0.0,0.0,0.0,0.0,0.0,0.0,0.0,0.0,0.0,0.05,0.18,0.59,1.14,1.79,2.24,2.96,3.01,2.69,2.08,1.21,0.27,0.02,0.0,0.0,0.0,0.0,0.0,0.0,0.0,0.0,0.0,0.0,0.0,0.01,0.13,0.3,0.38,0.64,0.57,0.51,0.28,0.3,0.51,0.23,0.15,0.04,0.01,0.0,0.0,0.0,0.0,0.0,0.0,0.0,0.0,0.0,0.0,0.02,0.13,0.28,0.49,0.8,1.3,1.54,1.63,1.36,0.81,0.58,0.42,0.16,0.0,0.0,0.0,0.0,0.0,0.0,0.0,0.0,0.0,0.0,0.0,0.2,0.87,1.68,2.33,2.89,3.28,3.42,3.36,2.98,2.38,1.76,0.9,0.25,0.01,0.0,0.0,0.0,0.0,0.0,0.0,0.0,0.0,0.0,0.0,0.2,0.84,1.65,2.3,2.92,3.33,3.47,3.36,3.05,2.46,1.79,0.98,0.29,0.0,0.0,0.0,0.0
464,0.0,0.0,0.0,0.0,0.0,0.0,0.0,0.11,0.4,1.21,2.12,2.76,3.21,3.29,3.12,2.86,2.32,1.61,0.82,0.21,0.0,0.0,0.0,0.0,0.0,0.0,0.0,0.0,0.0,0.0,0.0,0.05,0.18,0.59,1.14,1.79,2.24,2.96,3.01,2.69,2.08,1.21,0.27,0.02,0.0,0.0,0.0,0.0,0.0,0.0,0.0,0.0,0.0,0.0,0.0,0.01,0.13,0.3,0.38,0.64,0.57,0.51,0.28,0.3,0.51,0.23,0.15,0.04,0.01,0.0,0.0,0.0,0.0,0.0,0.0,0.0,0.0,0.0,0.0,0.02,0.13,0.28,0.49,0.8,1.3,1.54,1.63,1.36,0.81,0.58,0.42,0.16,0.0,0.0,0.0,0.0,0.0,0.0,0.0,0.0,0.0,0.0,0.0,0.2,0.87,1.68,2.33,2.89,3.28,3.42,3.36,2.98,2.38,1.76,0.9,0.25,0.01,0.0,0.0,0.0,0.0,0.0,0.0,0.0,0.0,0.0,0.0,0.2,0.84,1.65,2.3,2.92,3.33,3.47,3.36,3.05,2.46,1.79,0.98,0.29,0.0,0.0,0.0,0.0,0.0,0.0,0.0,0.0,0.0,0.0,0.0,0.19,0.81,1.63,2.33,2.95,3.34,3.45,3.28,2.88,2.43,1.65,0.85,0.21,0.0,0.0,0.0,0.0
465,0.0,0.0,0.0,0.0,0.0,0.0,0.0,0.05,0.18,0.59,1.14,1.79,2.24,2.96,3.01,2.69,2.08,1.21,0.27,0.02,0.0,0.0,0.0,0.0,0.0,0.0,0.0,0.0,0.0,0.0,0.0,0.01,0.13,0.3,0.38,0.64,0.57,0.51,0.28,0.3,0.51,0.23,0.15,0.04,0.01,0.0,0.0,0.0,0.0,0.0,0.0,0.0,0.0,0.0,0.0,0.02,0.13,0.28,0.49,0.8,1.3,1.54,1.63,1.36,0.81,0.58,0.42,0.16,0.0,0.0,0.0,0.0,0.0,0.0,0.0,0.0,0.0,0.0,0.0,0.2,0.87,1.68,2.33,2.89,3.28,3.42,3.36,2.98,2.38,1.76,0.9,0.25,0.01,0.0,0.0,0.0,0.0,0.0,0.0,0.0,0.0,0.0,0.0,0.2,0.84,1.65,2.3,2.92,3.33,3.47,3.36,3.05,2.46,1.79,0.98,0.29,0.0,0.0,0.0,0.0,0.0,0.0,0.0,0.0,0.0,0.0,0.0,0.19,0.81,1.63,2.33,2.95,3.34,3.45,3.28,2.88,2.43,1.65,0.85,0.21,0.0,0.0,0.0,0.0,0.0,0.0,0.0,0.0,0.0,0.0,0.0,0.05,0.31,0.62,1.04,1.73,2.44,3.19,3.17,2.87,2.32,1.66,0.91,0.27,0.01,0.0,0.0,0.0
466,0.0,0.0,0.0,0.0,0.0,0.0,0.0,0.01,0.13,0.3,0.38,0.64,0.57,0.51,0.28,0.3,0.51,0.23,0.15,0.04,0.01,0.0,0.0,0.0,0.0,0.0,0.0,0.0,0.0,0.0,0.0,0.02,0.13,0.28,0.49,0.8,1.3,1.54,1.63,1.36,0.81,0.58,0.42,0.16,0.0,0.0,0.0,0.0,0.0,0.0,0.0,0.0,0.0,0.0,0.0,0.2,0.87,1.68,2.33,2.89,3.28,3.42,3.36,2.98,2.38,1.76,0.9,0.25,0.01,0.0,0.0,0.0,0.0,0.0,0.0,0.0,0.0,0.0,0.0,0.2,0.84,1.65,2.3,2.92,3.33,3.47,3.36,3.05,2.46,1.79,0.98,0.29,0.0,0.0,0.0,0.0,0.0,0.0,0.0,0.0,0.0,0.0,0.0,0.19,0.81,1.63,2.33,2.95,3.34,3.45,3.28,2.88,2.43,1.65,0.85,0.21,0.0,0.0,0.0,0.0,0.0,0.0,0.0,0.0,0.0,0.0,0.0,0.05,0.31,0.62,1.04,1.73,2.44,3.19,3.17,2.87,2.32,1.66,0.91,0.27,0.01,0.0,0.0,0.0,0.0,0.0,0.0,0.0,0.0,0.0,0.0,0.18,0.74,1.46,2.14,2.74,3.15,3.27,3.19,2.92,2.43,1.74,0.93,0.27,0.01,0.0,0.0,0.0
467,0.0,0.0,0.0,0.0,0.0,0.0,0.0,0.02,0.13,0.28,0.49,0.8,1.3,1.54,1.63,1.36,0.81,0.58,0.42,0.16,0.0,0.0,0.0,0.0,0.0,0.0,0.0,0.0,0.0,0.0,0.0,0.2,0.87,1.68,2.33,2.89,3.28,3.42,3.36,2.98,2.38,1.76,0.9,0.25,0.01,0.0,0.0,0.0,0.0,0.0,0.0,0.0,0.0,0.0,0.0,0.2,0.84,1.65,2.3,2.92,3.33,3.47,3.36,3.05,2.46,1.79,0.98,0.29,0.0,0.0,0.0,0.0,0.0,0.0,0.0,0.0,0.0,0.0,0.0,0.19,0.81,1.63,2.33,2.95,3.34,3.45,3.28,2.88,2.43,1.65,0.85,0.21,0.0,0.0,0.0,0.0,0.0,0.0,0.0,0.0,0.0,0.0,0.0,0.05,0.31,0.62,1.04,1.73,2.44,3.19,3.17,2.87,2.32,1.66,0.91,0.27,0.01,0.0,0.0,0.0,0.0,0.0,0.0,0.0,0.0,0.0,0.0,0.18,0.74,1.46,2.14,2.74,3.15,3.27,3.19,2.92,2.43,1.74,0.93,0.27,0.01,0.0,0.0,0.0,0.0,0.0,0.0,0.0,0.0,0.0,0.0,0.22,0.82,1.6,2.3,2.92,3.27,3.39,3.33,2.95,2.45,1.77,0.94,0.29,0.01,0.0,0.0,0.0
468,0.0,0.0,0.0,0.0,0.0,0.0,0.0,0.2,0.87,1.68,2.33,2.89,3.28,3.42,3.36,2.98,2.38,1.76,0.9,0.25,0.01,0.0,0.0,0.0,0.0,0.0,0.0,0.0,0.0,0.0,0.0,0.2,0.84,1.65,2.3,2.92,3.33,3.47,3.36,3.05,2.46,1.79,0.98,0.29,0.0,0.0,0.0,0.0,0.0,0.0,0.0,0.0,0.0,0.0,0.0,0.19,0.81,1.63,2.33,2.95,3.34,3.45,3.28,2.88,2.43,1.65,0.85,0.21,0.0,0.0,0.0,0.0,0.0,0.0,0.0,0.0,0.0,0.0,0.0,0.05,0.31,0.62,1.04,1.73,2.44,3.19,3.17,2.87,2.32,1.66,0.91,0.27,0.01,0.0,0.0,0.0,0.0,0.0,0.0,0.0,0.0,0.0,0.0,0.18,0.74,1.46,2.14,2.74,3.15,3.27,3.19,2.92,2.43,1.74,0.93,0.27,0.01,0.0,0.0,0.0,0.0,0.0,0.0,0.0,0.0,0.0,0.0,0.22,0.82,1.6,2.3,2.92,3.27,3.39,3.33,2.95,2.45,1.77,0.94,0.29,0.01,0.0,0.0,0.0,0.0,0.0,0.0,0.0,0.0,0.0,0.0,0.22,0.52,1.01,1.9,2.73,3.0,2.05,2.86,1.79,1.71,1.05,0.56,0.14,0.0,0.0,0.0,0.0
469,0.0,0.0,0.0,0.0,0.0,0.0,0.0,0.2,0.84,1.65,2.3,2.92,3.33,3.47,3.36,3.05,2.46,1.79,0.98,0.29,0.0,0.0,0.0,0.0,0.0,0.0,0.0,0.0,0.0,0.0,0.0,0.19,0.81,1.63,2.33,2.95,3.34,3.45,3.28,2.88,2.43,1.65,0.85,0.21,0.0,0.0,0.0,0.0,0.0,0.0,0.0,0.0,0.0,0.0,0.0,0.05,0.31,0.62,1.04,1.73,2.44,3.19,3.17,2.87,2.32,1.66,0.91,0.27,0.01,0.0,0.0,0.0,0.0,0.0,0.0,0.0,0.0,0.0,0.0,0.18,0.74,1.46,2.14,2.74,3.15,3.27,3.19,2.92,2.43,1.74,0.93,0.27,0.01,0.0,0.0,0.0,0.0,0.0,0.0,0.0,0.0,0.0,0.0,0.22,0.82,1.6,2.3,2.92,3.27,3.39,3.33,2.95,2.45,1.77,0.94,0.29,0.01,0.0,0.0,0.0,0.0,0.0,0.0,0.0,0.0,0.0,0.0,0.22,0.52,1.01,1.9,2.73,3.0,2.05,2.86,1.79,1.71,1.05,0.56,0.14,0.0,0.0,0.0,0.0,0.0,0.0,0.0,0.0,0.0,0.0,0.0,0.04,0.27,0.44,0.45,0.16,0.33,0.33,0.2,0.26,0.28,0.16,0.1,0.04,0.0,0.0,0.0,0.0
470,0.0,0.0,0.0,0.0,0.0,0.0,0.0,0.19,0.81,1.63,2.33,2.95,3.34,3.45,3.28,2.88,2.43,1.65,0.85,0.21,0.0,0.0,0.0,0.0,0.0,0.0,0.0,0.0,0.0,0.0,0.0,0.05,0.31,0.62,1.04,1.73,2.44,3.19,3.17,2.87,2.32,1.66,0.91,0.27,0.01,0.0,0.0,0.0,0.0,0.0,0.0,0.0,0.0,0.0,0.0,0.18,0.74,1.46,2.14,2.74,3.15,3.27,3.19,2.92,2.43,1.74,0.93,0.27,0.01,0.0,0.0,0.0,0.0,0.0,0.0,0.0,0.0,0.0,0.0,0.22,0.82,1.6,2.3,2.92,3.27,3.39,3.33,2.95,2.45,1.77,0.94,0.29,0.01,0.0,0.0,0.0,0.0,0.0,0.0,0.0,0.0,0.0,0.0,0.22,0.52,1.01,1.9,2.73,3.0,2.05,2.86,1.79,1.71,1.05,0.56,0.14,0.0,0.0,0.0,0.0,0.0,0.0,0.0,0.0,0.0,0.0,0.0,0.04,0.27,0.44,0.45,0.16,0.33,0.33,0.2,0.26,0.28,0.16,0.1,0.04,0.0,0.0,0.0,0.0,0.0,0.0,0.0,0.0,0.0,0.0,0.0,0.18,0.58,1.38,1.79,2.45,2.68,3.26,3.26,3.12,2.19,1.47,0.8,0.3,0.01,0.0,0.0,0.0
471,0.0,0.0,0.0,0.0,0.0,0.0,0.0,0.05,0.31,0.62,1.04,1.73,2.44,3.19,3.17,2.87,2.32,1.66,0.91,0.27,0.01,0.0,0.0,0.0,0.0,0.0,0.0,0.0,0.0,0.0,0.0,0.18,0.74,1.46,2.14,2.74,3.15,3.27,3.19,2.92,2.43,1.74,0.93,0.27,0.01,0.0,0.0,0.0,0.0,0.0,0.0,0.0,0.0,0.0,0.0,0.22,0.82,1.6,2.3,2.92,3.27,3.39,3.33,2.95,2.45,1.77,0.94,0.29,0.01,0.0,0.0,0.0,0.0,0.0,0.0,0.0,0.0,0.0,0.0,0.22,0.52,1.01,1.9,2.73,3.0,2.05,2.86,1.79,1.71,1.05,0.56,0.14,0.0,0.0,0.0,0.0,0.0,0.0,0.0,0.0,0.0,0.0,0.0,0.04,0.27,0.44,0.45,0.16,0.33,0.33,0.2,0.26,0.28,0.16,0.1,0.04,0.0,0.0,0.0,0.0,0.0,0.0,0.0,0.0,0.0,0.0,0.0,0.18,0.58,1.38,1.79,2.45,2.68,3.26,3.26,3.12,2.19,1.47,0.8,0.3,0.01,0.0,0.0,0.0,0.0,0.0,0.0,0.0,0.0,0.0,0.0,0.03,0.16,0.32,0.9,1.78,2.51,3.39,3.27,2.9,2.32,1.71,0.9,0.26,0.0,0.0,0.0,0.0
472,0.0,0.0,0.0,0.0,0.0,0.0,0.0,0.18,0.74,1.46,2.14,2.74,3.15,3.27,3.19,2.92,2.43,1.74,0.93,0.27,0.01,0.0,0.0,0.0,0.0,0.0,0.0,0.0,0.0,0.0,0.0,0.22,0.82,1.6,2.3,2.92,3.27,3.39,3.33,2.95,2.45,1.77,0.94,0.29,0.01,0.0,0.0,0.0,0.0,0.0,0.0,0.0,0.0,0.0,0.0,0.22,0.52,1.01,1.9,2.73,3.0,2.05,2.86,1.79,1.71,1.05,0.56,0.14,0.0,0.0,0.0,0.0,0.0,0.0,0.0,0.0,0.0,0.0,0.0,0.04,0.27,0.44,0.45,0.16,0.33,0.33,0.2,0.26,0.28,0.16,0.1,0.04,0.0,0.0,0.0,0.0,0.0,0.0,0.0,0.0,0.0,0.0,0.0,0.18,0.58,1.38,1.79,2.45,2.68,3.26,3.26,3.12,2.19,1.47,0.8,0.3,0.01,0.0,0.0,0.0,0.0,0.0,0.0,0.0,0.0,0.0,0.0,0.03,0.16,0.32,0.9,1.78,2.51,3.39,3.27,2.9,2.32,1.71,0.9,0.26,0.0,0.0,0.0,0.0,0.0,0.0,0.0,0.0,0.0,0.0,0.0,0.04,0.11,0.35,0.4,0.59,0.71,1.31,1.98,1.1,0.75,0.5,0.21,0.05,0.0,0.0,0.0,0.0
473,0.0,0.0,0.0,0.0,0.0,0.0,0.0,0.22,0.82,1.6,2.3,2.92,3.27,3.39,3.33,2.95,2.45,1.77,0.94,0.29,0.01,0.0,0.0,0.0,0.0,0.0,0.0,0.0,0.0,0.0,0.0,0.22,0.52,1.01,1.9,2.73,3.0,2.05,2.86,1.79,1.71,1.05,0.56,0.14,0.0,0.0,0.0,0.0,0.0,0.0,0.0,0.0,0.0,0.0,0.0,0.04,0.27,0.44,0.45,0.16,0.33,0.33,0.2,0.26,0.28,0.16,0.1,0.04,0.0,0.0,0.0,0.0,0.0,0.0,0.0,0.0,0.0,0.0,0.0,0.18,0.58,1.38,1.79,2.45,2.68,3.26,3.26,3.12,2.19,1.47,0.8,0.3,0.01,0.0,0.0,0.0,0.0,0.0,0.0,0.0,0.0,0.0,0.0,0.03,0.16,0.32,0.9,1.78,2.51,3.39,3.27,2.9,2.32,1.71,0.9,0.26,0.0,0.0,0.0,0.0,0.0,0.0,0.0,0.0,0.0,0.0,0.0,0.04,0.11,0.35,0.4,0.59,0.71,1.31,1.98,1.1,0.75,0.5,0.21,0.05,0.0,0.0,0.0,0.0,0.0,0.0,0.0,0.0,0.0,0.0,0.0,0.14,0.7,1.59,2.4,2.97,3.22,3.48,3.17,2.65,2.14,1.41,0.77,0.29,0.01,0.0,0.0,0.0
474,0.0,0.0,0.0,0.0,0.0,0.0,0.0,0.22,0.52,1.01,1.9,2.73,3.0,2.05,2.86,1.79,1.71,1.05,0.56,0.14,0.0,0.0,0.0,0.0,0.0,0.0,0.0,0.0,0.0,0.0,0.0,0.04,0.27,0.44,0.45,0.16,0.33,0.33,0.2,0.26,0.28,0.16,0.1,0.04,0.0,0.0,0.0,0.0,0.0,0.0,0.0,0.0,0.0,0.0,0.0,0.18,0.58,1.38,1.79,2.45,2.68,3.26,3.26,3.12,2.19,1.47,0.8,0.3,0.01,0.0,0.0,0.0,0.0,0.0,0.0,0.0,0.0,0.0,0.0,0.03,0.16,0.32,0.9,1.78,2.51,3.39,3.27,2.9,2.32,1.71,0.9,0.26,0.0,0.0,0.0,0.0,0.0,0.0,0.0,0.0,0.0,0.0,0.0,0.04,0.11,0.35,0.4,0.59,0.71,1.31,1.98,1.1,0.75,0.5,0.21,0.05,0.0,0.0,0.0,0.0,0.0,0.0,0.0,0.0,0.0,0.0,0.0,0.14,0.7,1.59,2.4,2.97,3.22,3.48,3.17,2.65,2.14,1.41,0.77,0.29,0.01,0.0,0.0,0.0,0.0,0.0,0.0,0.0,0.0,0.0,0.0,0.3,0.93,1.72,2.39,2.97,3.32,3.46,3.36,2.97,2.41,1.75,0.93,0.31,0.01,0.0,0.0,0.0
475,0.0,0.0,0.0,0.0,0.0,0.0,0.0,0.04,0.27,0.44,0.45,0.16,0.33,0.33,0.2,0.26,0.28,0.16,0.1,0.04,0.0,0.0,0.0,0.0,0.0,0.0,0.0,0.0,0.0,0.0,0.0,0.18,0.58,1.38,1.79,2.45,2.68,3.26,3.26,3.12,2.19,1.47,0.8,0.3,0.01,0.0,0.0,0.0,0.0,0.0,0.0,0.0,0.0,0.0,0.0,0.03,0.16,0.32,0.9,1.78,2.51,3.39,3.27,2.9,2.32,1.71,0.9,0.26,0.0,0.0,0.0,0.0,0.0,0.0,0.0,0.0,0.0,0.0,0.0,0.04,0.11,0.35,0.4,0.59,0.71,1.31,1.98,1.1,0.75,0.5,0.21,0.05,0.0,0.0,0.0,0.0,0.0,0.0,0.0,0.0,0.0,0.0,0.0,0.14,0.7,1.59,2.4,2.97,3.22,3.48,3.17,2.65,2.14,1.41,0.77,0.29,0.01,0.0,0.0,0.0,0.0,0.0,0.0,0.0,0.0,0.0,0.0,0.3,0.93,1.72,2.39,2.97,3.32,3.46,3.36,2.97,2.41,1.75,0.93,0.31,0.01,0.0,0.0,0.0,0.0,0.0,0.0,0.0,0.0,0.0,0.0,0.27,0.82,1.54,2.2,2.78,3.14,3.29,3.15,2.69,1.2,0.68,0.44,0.13,0.01,0.0,0.0,0.0
476,0.0,0.0,0.0,0.0,0.0,0.0,0.0,0.18,0.58,1.38,1.79,2.45,2.68,3.26,3.26,3.12,2.19,1.47,0.8,0.3,0.01,0.0,0.0,0.0,0.0,0.0,0.0,0.0,0.0,0.0,0.0,0.03,0.16,0.32,0.9,1.78,2.51,3.39,3.27,2.9,2.32,1.71,0.9,0.26,0.0,0.0,0.0,0.0,0.0,0.0,0.0,0.0,0.0,0.0,0.0,0.04,0.11,0.35,0.4,0.59,0.71,1.31,1.98,1.1,0.75,0.5,0.21,0.05,0.0,0.0,0.0,0.0,0.0,0.0,0.0,0.0,0.0,0.0,0.0,0.14,0.7,1.59,2.4,2.97,3.22,3.48,3.17,2.65,2.14,1.41,0.77,0.29,0.01,0.0,0.0,0.0,0.0,0.0,0.0,0.0,0.0,0.0,0.0,0.3,0.93,1.72,2.39,2.97,3.32,3.46,3.36,2.97,2.41,1.75,0.93,0.31,0.01,0.0,0.0,0.0,0.0,0.0,0.0,0.0,0.0,0.0,0.0,0.27,0.82,1.54,2.2,2.78,3.14,3.29,3.15,2.69,1.2,0.68,0.44,0.13,0.01,0.0,0.0,0.0,0.0,0.0,0.0,0.0,0.0,0.0,0.0,0.04,0.24,0.75,1.46,2.31,2.77,2.17,0.95,1.0,0.66,0.42,0.22,0.09,0.0,0.0,0.0,0.0
477,0.0,0.0,0.0,0.0,0.0,0.0,0.0,0.03,0.16,0.32,0.9,1.78,2.51,3.39,3.27,2.9,2.32,1.71,0.9,0.26,0.0,0.0,0.0,0.0,0.0,0.0,0.0,0.0,0.0,0.0,0.0,0.04,0.11,0.35,0.4,0.59,0.71,1.31,1.98,1.1,0.75,0.5,0.21,0.05,0.0,0.0,0.0,0.0,0.0,0.0,0.0,0.0,0.0,0.0,0.0,0.14,0.7,1.59,2.4,2.97,3.22,3.48,3.17,2.65,2.14,1.41,0.77,0.29,0.01,0.0,0.0,0.0,0.0,0.0,0.0,0.0,0.0,0.0,0.0,0.3,0.93,1.72,2.39,2.97,3.32,3.46,3.36,2.97,2.41,1.75,0.93,0.31,0.01,0.0,0.0,0.0,0.0,0.0,0.0,0.0,0.0,0.0,0.0,0.27,0.82,1.54,2.2,2.78,3.14,3.29,3.15,2.69,1.2,0.68,0.44,0.13,0.01,0.0,0.0,0.0,0.0,0.0,0.0,0.0,0.0,0.0,0.0,0.04,0.24,0.75,1.46,2.31,2.77,2.17,0.95,1.0,0.66,0.42,0.22,0.09,0.0,0.0,0.0,0.0,0.0,0.0,0.0,0.0,0.0,0.0,0.0,0.08,0.32,0.7,1.45,1.79,1.73,1.2,2.18,0.8,0.94,0.54,0.51,0.27,0.01,0.0,0.0,0.0
478,0.0,0.0,0.0,0.0,0.0,0.0,0.0,0.04,0.11,0.35,0.4,0.59,0.71,1.31,1.98,1.1,0.75,0.5,0.21,0.05,0.0,0.0,0.0,0.0,0.0,0.0,0.0,0.0,0.0,0.0,0.0,0.14,0.7,1.59,2.4,2.97,3.22,3.48,3.17,2.65,2.14,1.41,0.77,0.29,0.01,0.0,0.0,0.0,0.0,0.0,0.0,0.0,0.0,0.0,0.0,0.3,0.93,1.72,2.39,2.97,3.32,3.46,3.36,2.97,2.41,1.75,0.93,0.31,0.01,0.0,0.0,0.0,0.0,0.0,0.0,0.0,0.0,0.0,0.0,0.27,0.82,1.54,2.2,2.78,3.14,3.29,3.15,2.69,1.2,0.68,0.44,0.13,0.01,0.0,0.0,0.0,0.0,0.0,0.0,0.0,0.0,0.0,0.0,0.04,0.24,0.75,1.46,2.31,2.77,2.17,0.95,1.0,0.66,0.42,0.22,0.09,0.0,0.0,0.0,0.0,0.0,0.0,0.0,0.0,0.0,0.0,0.0,0.08,0.32,0.7,1.45,1.79,1.73,1.2,2.18,0.8,0.94,0.54,0.51,0.27,0.01,0.0,0.0,0.0,0.0,0.0,0.0,0.0,0.0,0.0,0.01,0.35,1.04,1.87,2.53,3.12,3.51,3.63,3.54,3.24,2.8,1.2,0.41,0.15,0.01,0.0,0.0,0.0
479,0.0,0.0,0.0,0.0,0.0,0.0,0.0,0.14,0.7,1.59,2.4,2.97,3.22,3.48,3.17,2.65,2.14,1.41,0.77,0.29,0.01,0.0,0.0,0.0,0.0,0.0,0.0,0.0,0.0,0.0,0.0,0.3,0.93,1.72,2.39,2.97,3.32,3.46,3.36,2.97,2.41,1.75,0.93,0.31,0.01,0.0,0.0,0.0,0.0,0.0,0.0,0.0,0.0,0.0,0.0,0.27,0.82,1.54,2.2,2.78,3.14,3.29,3.15,2.69,1.2,0.68,0.44,0.13,0.01,0.0,0.0,0.0,0.0,0.0,0.0,0.0,0.0,0.0,0.0,0.04,0.24,0.75,1.46,2.31,2.77,2.17,0.95,1.0,0.66,0.42,0.22,0.09,0.0,0.0,0.0,0.0,0.0,0.0,0.0,0.0,0.0,0.0,0.0,0.08,0.32,0.7,1.45,1.79,1.73,1.2,2.18,0.8,0.94,0.54,0.51,0.27,0.01,0.0,0.0,0.0,0.0,0.0,0.0,0.0,0.0,0.0,0.01,0.35,1.04,1.87,2.53,3.12,3.51,3.63,3.54,3.24,2.8,1.2,0.41,0.15,0.01,0.0,0.0,0.0,0.0,0.0,0.0,0.0,0.0,0.0,0.01,0.23,0.66,1.71,2.43,2.99,2.66,3.69,3.49,2.85,2.18,1.69,1.04,0.38,0.02,0.0,0.0,0.0
480,0.0,0.0,0.0,0.0,0.0,0.0,0.0,0.3,0.93,1.72,2.39,2.97,3.32,3.46,3.36,2.97,2.41,1.75,0.93,0.31,0.01,0.0,0.0,0.0,0.0,0.0,0.0,0.0,0.0,0.0,0.0,0.27,0.82,1.54,2.2,2.78,3.14,3.29,3.15,2.69,1.2,0.68,0.44,0.13,0.01,0.0,0.0,0.0,0.0,0.0,0.0,0.0,0.0,0.0,0.0,0.04,0.24,0.75,1.46,2.31,2.77,2.17,0.95,1.0,0.66,0.42,0.22,0.09,0.0,0.0,0.0,0.0,0.0,0.0,0.0,0.0,0.0,0.0,0.0,0.08,0.32,0.7,1.45,1.79,1.73,1.2,2.18,0.8,0.94,0.54,0.51,0.27,0.01,0.0,0.0,0.0,0.0,0.0,0.0,0.0,0.0,0.0,0.01,0.35,1.04,1.87,2.53,3.12,3.51,3.63,3.54,3.24,2.8,1.2,0.41,0.15,0.01,0.0,0.0,0.0,0.0,0.0,0.0,0.0,0.0,0.0,0.01,0.23,0.66,1.71,2.43,2.99,2.66,3.69,3.49,2.85,2.18,1.69,1.04,0.38,0.02,0.0,0.0,0.0,0.0,0.0,0.0,0.0,0.0,0.0,0.01,0.37,1.0,1.87,2.52,3.06,3.39,3.51,3.42,3.09,2.52,1.85,1.07,0.37,0.02,0.0,0.0,0.0
481,0.0,0.0,0.0,0.0,0.0,0.0,0.0,0.27,0.82,1.54,2.2,2.78,3.14,3.29,3.15,2.69,1.2,0.68,0.44,0.13,0.01,0.0,0.0,0.0,0.0,0.0,0.0,0.0,0.0,0.0,0.0,0.04,0.24,0.75,1.46,2.31,2.77,2.17,0.95,1.0,0.66,0.42,0.22,0.09,0.0,0.0,0.0,0.0,0.0,0.0,0.0,0.0,0.0,0.0,0.0,0.08,0.32,0.7,1.45,1.79,1.73,1.2,2.18,0.8,0.94,0.54,0.51,0.27,0.01,0.0,0.0,0.0,0.0,0.0,0.0,0.0,0.0,0.0,0.01,0.35,1.04,1.87,2.53,3.12,3.51,3.63,3.54,3.24,2.8,1.2,0.41,0.15,0.01,0.0,0.0,0.0,0.0,0.0,0.0,0.0,0.0,0.0,0.01,0.23,0.66,1.71,2.43,2.99,2.66,3.69,3.49,2.85,2.18,1.69,1.04,0.38,0.02,0.0,0.0,0.0,0.0,0.0,0.0,0.0,0.0,0.0,0.01,0.37,1.0,1.87,2.52,3.06,3.39,3.51,3.42,3.09,2.52,1.85,1.07,0.37,0.02,0.0,0.0,0.0,0.0,0.0,0.0,0.0,0.0,0.0,0.01,0.36,1.01,1.8,2.43,2.97,3.31,3.41,3.3,2.98,2.45,1.79,1.0,0.38,0.02,0.0,0.0,0.0
482,0.0,0.0,0.0,0.0,0.0,0.0,0.0,0.04,0.24,0.75,1.46,2.31,2.77,2.17,0.95,1.0,0.66,0.42,0.22,0.09,0.0,0.0,0.0,0.0,0.0,0.0,0.0,0.0,0.0,0.0,0.0,0.08,0.32,0.7,1.45,1.79,1.73,1.2,2.18,0.8,0.94,0.54,0.51,0.27,0.01,0.0,0.0,0.0,0.0,0.0,0.0,0.0,0.0,0.0,0.01,0.35,1.04,1.87,2.53,3.12,3.51,3.63,3.54,3.24,2.8,1.2,0.41,0.15,0.01,0.0,0.0,0.0,0.0,0.0,0.0,0.0,0.0,0.0,0.01,0.23,0.66,1.71,2.43,2.99,2.66,3.69,3.49,2.85,2.18,1.69,1.04,0.38,0.02,0.0,0.0,0.0,0.0,0.0,0.0,0.0,0.0,0.0,0.01,0.37,1.0,1.87,2.52,3.06,3.39,3.51,3.42,3.09,2.52,1.85,1.07,0.37,0.02,0.0,0.0,0.0,0.0,0.0,0.0,0.0,0.0,0.0,0.01,0.36,1.01,1.8,2.43,2.97,3.31,3.41,3.3,2.98,2.45,1.79,1.0,0.38,0.02,0.0,0.0,0.0,0.0,0.0,0.0,0.0,0.0,0.0,0.02,0.4,1.09,1.91,2.58,3.17,3.51,3.67,3.57,3.21,2.65,1.98,1.2,0.36,0.03,0.0,0.0,0.0
483,0.0,0.0,0.0,0.0,0.0,0.0,0.0,0.08,0.32,0.7,1.45,1.79,1.73,1.2,2.18,0.8,0.94,0.54,0.51,0.27,0.01,0.0,0.0,0.0,0.0,0.0,0.0,0.0,0.0,0.0,0.01,0.35,1.04,1.87,2.53,3.12,3.51,3.63,3.54,3.24,2.8,1.2,0.41,0.15,0.01,0.0,0.0,0.0,0.0,0.0,0.0,0.0,0.0,0.0,0.01,0.23,0.66,1.71,2.43,2.99,2.66,3.69,3.49,2.85,2.18,1.69,1.04,0.38,0.02,0.0,0.0,0.0,0.0,0.0,0.0,0.0,0.0,0.0,0.01,0.37,1.0,1.87,2.52,3.06,3.39,3.51,3.42,3.09,2.52,1.85,1.07,0.37,0.02,0.0,0.0,0.0,0.0,0.0,0.0,0.0,0.0,0.0,0.01,0.36,1.01,1.8,2.43,2.97,3.31,3.41,3.3,2.98,2.45,1.79,1.0,0.38,0.02,0.0,0.0,0.0,0.0,0.0,0.0,0.0,0.0,0.0,0.02,0.4,1.09,1.91,2.58,3.17,3.51,3.67,3.57,3.21,2.65,1.98,1.2,0.36,0.03,0.0,0.0,0.0,0.0,0.0,0.0,0.0,0.0,0.0,0.02,0.32,1.01,1.61,2.32,2.85,2.65,3.69,3.36,2.72,2.13,1.76,0.71,0.43,0.02,0.0,0.0,0.0
484,0.0,0.0,0.0,0.0,0.0,0.0,0.01,0.35,1.04,1.87,2.53,3.12,3.51,3.63,3.54,3.24,2.8,1.2,0.41,0.15,0.01,0.0,0.0,0.0,0.0,0.0,0.0,0.0,0.0,0.0,0.01,0.23,0.66,1.71,2.43,2.99,2.66,3.69,3.49,2.85,2.18,1.69,1.04,0.38,0.02,0.0,0.0,0.0,0.0,0.0,0.0,0.0,0.0,0.0,0.01,0.37,1.0,1.87,2.52,3.06,3.39,3.51,3.42,3.09,2.52,1.85,1.07,0.37,0.02,0.0,0.0,0.0,0.0,0.0,0.0,0.0,0.0,0.0,0.01,0.36,1.01,1.8,2.43,2.97,3.31,3.41,3.3,2.98,2.45,1.79,1.0,0.38,0.02,0.0,0.0,0.0,0.0,0.0,0.0,0.0,0.0,0.0,0.02,0.4,1.09,1.91,2.58,3.17,3.51,3.67,3.57,3.21,2.65,1.98,1.2,0.36,0.03,0.0,0.0,0.0,0.0,0.0,0.0,0.0,0.0,0.0,0.02,0.32,1.01,1.61,2.32,2.85,2.65,3.69,3.36,2.72,2.13,1.76,0.71,0.43,0.02,0.0,0.0,0.0,0.0,0.0,0.0,0.0,0.0,0.0,0.0,0.05,0.14,0.32,0.96,2.47,3.35,3.57,3.49,3.1,2.36,1.77,0.7,0.28,0.01,0.0,0.0,0.0
485,0.0,0.0,0.0,0.0,0.0,0.0,0.01,0.23,0.66,1.71,2.43,2.99,2.66,3.69,3.49,2.85,2.18,1.69,1.04,0.38,0.02,0.0,0.0,0.0,0.0,0.0,0.0,0.0,0.0,0.0,0.01,0.37,1.0,1.87,2.52,3.06,3.39,3.51,3.42,3.09,2.52,1.85,1.07,0.37,0.02,0.0,0.0,0.0,0.0,0.0,0.0,0.0,0.0,0.0,0.01,0.36,1.01,1.8,2.43,2.97,3.31,3.41,3.3,2.98,2.45,1.79,1.0,0.38,0.02,0.0,0.0,0.0,0.0,0.0,0.0,0.0,0.0,0.0,0.02,0.4,1.09,1.91,2.58,3.17,3.51,3.67,3.57,3.21,2.65,1.98,1.2,0.36,0.03,0.0,0.0,0.0,0.0,0.0,0.0,0.0,0.0,0.0,0.02,0.32,1.01,1.61,2.32,2.85,2.65,3.69,3.36,2.72,2.13,1.76,0.71,0.43,0.02,0.0,0.0,0.0,0.0,0.0,0.0,0.0,0.0,0.0,0.0,0.05,0.14,0.32,0.96,2.47,3.35,3.57,3.49,3.1,2.36,1.77,0.7,0.28,0.01,0.0,0.0,0.0,0.0,0.0,0.0,0.0,0.0,0.0,0.0,0.1,0.26,0.41,0.78,0.65,0.96,1.0,0.52,0.56,0.54,0.29,0.09,0.04,0.0,0.0,0.0,0.0
486,0.0,0.0,0.0,0.0,0.0,0.0,0.01,0.37,1.0,1.87,2.52,3.06,3.39,3.51,3.42,3.09,2.52,1.85,1.07,0.37,0.02,0.0,0.0,0.0,0.0,0.0,0.0,0.0,0.0,0.0,0.01,0.36,1.01,1.8,2.43,2.97,3.31,3.41,3.3,2.98,2.45,1.79,1.0,0.38,0.02,0.0,0.0,0.0,0.0,0.0,0.0,0.0,0.0,0.0,0.02,0.4,1.09,1.91,2.58,3.17,3.51,3.67,3.57,3.21,2.65,1.98,1.2,0.36,0.03,0.0,0.0,0.0,0.0,0.0,0.0,0.0,0.0,0.0,0.02,0.32,1.01,1.61,2.32,2.85,2.65,3.69,3.36,2.72,2.13,1.76,0.71,0.43,0.02,0.0,0.0,0.0,0.0,0.0,0.0,0.0,0.0,0.0,0.0,0.05,0.14,0.32,0.96,2.47,3.35,3.57,3.49,3.1,2.36,1.77,0.7,0.28,0.01,0.0,0.0,0.0,0.0,0.0,0.0,0.0,0.0,0.0,0.0,0.1,0.26,0.41,0.78,0.65,0.96,1.0,0.52,0.56,0.54,0.29,0.09,0.04,0.0,0.0,0.0,0.0,0.0,0.0,0.0,0.0,0.0,0.0,0.04,0.46,1.19,1.97,2.63,3.24,3.58,3.77,3.63,2.82,2.72,1.95,0.87,0.35,0.03,0.0,0.0,0.0
487,0.0,0.0,0.0,0.0,0.0,0.0,0.01,0.36,1.01,1.8,2.43,2.97,3.31,3.41,3.3,2.98,2.45,1.79,1.0,0.38,0.02,0.0,0.0,0.0,0.0,0.0,0.0,0.0,0.0,0.0,0.02,0.4,1.09,1.91,2.58,3.17,3.51,3.67,3.57,3.21,2.65,1.98,1.2,0.36,0.03,0.0,0.0,0.0,0.0,0.0,0.0,0.0,0.0,0.0,0.02,0.32,1.01,1.61,2.32,2.85,2.65,3.69,3.36,2.72,2.13,1.76,0.71,0.43,0.02,0.0,0.0,0.0,0.0,0.0,0.0,0.0,0.0,0.0,0.0,0.05,0.14,0.32,0.96,2.47,3.35,3.57,3.49,3.1,2.36,1.77,0.7,0.28,0.01,0.0,0.0,0.0,0.0,0.0,0.0,0.0,0.0,0.0,0.0,0.1,0.26,0.41,0.78,0.65,0.96,1.0,0.52,0.56,0.54,0.29,0.09,0.04,0.0,0.0,0.0,0.0,0.0,0.0,0.0,0.0,0.0,0.0,0.04,0.46,1.19,1.97,2.63,3.24,3.58,3.77,3.63,2.82,2.72,1.95,0.87,0.35,0.03,0.0,0.0,0.0,0.0,0.0,0.0,0.0,0.0,0.0,0.01,0.24,0.61,1.87,2.58,3.2,3.46,3.75,3.66,3.31,2.62,1.5,0.71,0.28,0.02,0.0,0.0,0.0
488,0.0,0.0,0.0,0.0,0.0,0.0,0.02,0.4,1.09,1.91,2.58,3.17,3.51,3.67,3.57,3.21,2.65,1.98,1.2,0.36,0.03,0.0,0.0,0.0,0.0,0.0,0.0,0.0,0.0,0.0,0.02,0.32,1.01,1.61,2.32,2.85,2.65,3.69,3.36,2.72,2.13,1.76,0.71,0.43,0.02,0.0,0.0,0.0,0.0,0.0,0.0,0.0,0.0,0.0,0.0,0.05,0.14,0.32,0.96,2.47,3.35,3.57,3.49,3.1,2.36,1.77,0.7,0.28,0.01,0.0,0.0,0.0,0.0,0.0,0.0,0.0,0.0,0.0,0.0,0.1,0.26,0.41,0.78,0.65,0.96,1.0,0.52,0.56,0.54,0.29,0.09,0.04,0.0,0.0,0.0,0.0,0.0,0.0,0.0,0.0,0.0,0.0,0.04,0.46,1.19,1.97,2.63,3.24,3.58,3.77,3.63,2.82,2.72,1.95,0.87,0.35,0.03,0.0,0.0,0.0,0.0,0.0,0.0,0.0,0.0,0.0,0.01,0.24,0.61,1.87,2.58,3.2,3.46,3.75,3.66,3.31,2.62,1.5,0.71,0.28,0.02,0.0,0.0,0.0,0.0,0.0,0.0,0.0,0.0,0.0,0.01,0.33,1.08,1.88,2.51,3.1,3.31,3.08,3.26,2.83,2.15,1.24,0.67,0.26,0.02,0.0,0.0,0.0
489,0.0,0.0,0.0,0.0,0.0,0.0,0.02,0.32,1.01,1.61,2.32,2.85,2.65,3.69,3.36,2.72,2.13,1.76,0.71,0.43,0.02,0.0,0.0,0.0,0.0,0.0,0.0,0.0,0.0,0.0,0.0,0.05,0.14,0.32,0.96,2.47,3.35,3.57,3.49,3.1,2.36,1.77,0.7,0.28,0.01,0.0,0.0,0.0,0.0,0.0,0.0,0.0,0.0,0.0,0.0,0.1,0.26,0.41,0.78,0.65,0.96,1.0,0.52,0.56,0.54,0.29,0.09,0.04,0.0,0.0,0.0,0.0,0.0,0.0,0.0,0.0,0.0,0.0,0.04,0.46,1.19,1.97,2.63,3.24,3.58,3.77,3.63,2.82,2.72,1.95,0.87,0.35,0.03,0.0,0.0,0.0,0.0,0.0,0.0,0.0,0.0,0.0,0.01,0.24,0.61,1.87,2.58,3.2,3.46,3.75,3.66,3.31,2.62,1.5,0.71,0.28,0.02,0.0,0.0,0.0,0.0,0.0,0.0,0.0,0.0,0.0,0.01,0.33,1.08,1.88,2.51,3.1,3.31,3.08,3.26,2.83,2.15,1.24,0.67,0.26,0.02,0.0,0.0,0.0,0.0,0.0,0.0,0.0,0.0,0.0,0.02,0.33,0.9,1.81,2.43,2.93,3.39,3.47,3.38,3.06,2.43,1.87,1.08,0.32,0.03,0.0,0.0,0.0
490,0.0,0.0,0.0,0.0,0.0,0.0,0.0,0.05,0.14,0.32,0.96,2.47,3.35,3.57,3.49,3.1,2.36,1.77,0.7,0.28,0.01,0.0,0.0,0.0,0.0,0.0,0.0,0.0,0.0,0.0,0.0,0.1,0.26,0.41,0.78,0.65,0.96,1.0,0.52,0.56,0.54,0.29,0.09,0.04,0.0,0.0,0.0,0.0,0.0,0.0,0.0,0.0,0.0,0.0,0.04,0.46,1.19,1.97,2.63,3.24,3.58,3.77,3.63,2.82,2.72,1.95,0.87,0.35,0.03,0.0,0.0,0.0,0.0,0.0,0.0,0.0,0.0,0.0,0.01,0.24,0.61,1.87,2.58,3.2,3.46,3.75,3.66,3.31,2.62,1.5,0.71,0.28,0.02,0.0,0.0,0.0,0.0,0.0,0.0,0.0,0.0,0.0,0.01,0.33,1.08,1.88,2.51,3.1,3.31,3.08,3.26,2.83,2.15,1.24,0.67,0.26,0.02,0.0,0.0,0.0,0.0,0.0,0.0,0.0,0.0,0.0,0.02,0.33,0.9,1.81,2.43,2.93,3.39,3.47,3.38,3.06,2.43,1.87,1.08,0.32,0.03,0.0,0.0,0.0,0.0,0.0,0.0,0.0,0.0,0.0,0.02,0.31,1.12,1.39,1.74,2.71,2.56,2.26,2.61,1.78,1.55,0.81,0.85,0.22,0.02,0.0,0.0,0.0
491,0.0,0.0,0.0,0.0,0.0,0.0,0.0,0.1,0.26,0.41,0.78,0.65,0.96,1.0,0.52,0.56,0.54,0.29,0.09,0.04,0.0,0.0,0.0,0.0,0.0,0.0,0.0,0.0,0.0,0.0,0.04,0.46,1.19,1.97,2.63,3.24,3.58,3.77,3.63,2.82,2.72,1.95,0.87,0.35,0.03,0.0,0.0,0.0,0.0,0.0,0.0,0.0,0.0,0.0,0.01,0.24,0.61,1.87,2.58,3.2,3.46,3.75,3.66,3.31,2.62,1.5,0.71,0.28,0.02,0.0,0.0,0.0,0.0,0.0,0.0,0.0,0.0,0.0,0.01,0.33,1.08,1.88,2.51,3.1,3.31,3.08,3.26,2.83,2.15,1.24,0.67,0.26,0.02,0.0,0.0,0.0,0.0,0.0,0.0,0.0,0.0,0.0,0.02,0.33,0.9,1.81,2.43,2.93,3.39,3.47,3.38,3.06,2.43,1.87,1.08,0.32,0.03,0.0,0.0,0.0,0.0,0.0,0.0,0.0,0.0,0.0,0.02,0.31,1.12,1.39,1.74,2.71,2.56,2.26,2.61,1.78,1.55,0.81,0.85,0.22,0.02,0.0,0.0,0.0,0.0,0.0,0.0,0.0,0.0,0.0,0.03,0.48,1.24,1.98,2.41,2.47,1.89,2.43,2.61,1.96,1.82,1.68,1.11,0.44,0.03,0.0,0.0,0.0
492,0.0,0.0,0.0,0.0,0.0,0.0,0.04,0.46,1.19,1.97,2.63,3.24,3.58,3.77,3.63,2.82,2.72,1.95,0.87,0.35,0.03,0.0,0.0,0.0,0.0,0.0,0.0,0.0,0.0,0.0,0.01,0.24,0.61,1.87,2.58,3.2,3.46,3.75,3.66,3.31,2.62,1.5,0.71,0.28,0.02,0.0,0.0,0.0,0.0,0.0,0.0,0.0,0.0,0.0,0.01,0.33,1.08,1.88,2.51,3.1,3.31,3.08,3.26,2.83,2.15,1.24,0.67,0.26,0.02,0.0,0.0,0.0,0.0,0.0,0.0,0.0,0.0,0.0,0.02,0.33,0.9,1.81,2.43,2.93,3.39,3.47,3.38,3.06,2.43,1.87,1.08,0.32,0.03,0.0,0.0,0.0,0.0,0.0,0.0,0.0,0.0,0.0,0.02,0.31,1.12,1.39,1.74,2.71,2.56,2.26,2.61,1.78,1.55,0.81,0.85,0.22,0.02,0.0,0.0,0.0,0.0,0.0,0.0,0.0,0.0,0.0,0.03,0.48,1.24,1.98,2.41,2.47,1.89,2.43,2.61,1.96,1.82,1.68,1.11,0.44,0.03,0.0,0.0,0.0,0.0,0.0,0.0,0.0,0.0,0.0,0.04,0.49,1.3,2.04,2.67,3.24,3.57,3.68,3.38,2.91,2.82,2.06,1.28,0.5,0.03,0.0,0.0,0.0
493,0.0,0.0,0.0,0.0,0.0,0.0,0.01,0.24,0.61,1.87,2.58,3.2,3.46,3.75,3.66,3.31,2.62,1.5,0.71,0.28,0.02,0.0,0.0,0.0,0.0,0.0,0.0,0.0,0.0,0.0,0.01,0.33,1.08,1.88,2.51,3.1,3.31,3.08,3.26,2.83,2.15,1.24,0.67,0.26,0.02,0.0,0.0,0.0,0.0,0.0,0.0,0.0,0.0,0.0,0.02,0.33,0.9,1.81,2.43,2.93,3.39,3.47,3.38,3.06,2.43,1.87,1.08,0.32,0.03,0.0,0.0,0.0,0.0,0.0,0.0,0.0,0.0,0.0,0.02,0.31,1.12,1.39,1.74,2.71,2.56,2.26,2.61,1.78,1.55,0.81,0.85,0.22,0.02,0.0,0.0,0.0,0.0,0.0,0.0,0.0,0.0,0.0,0.03,0.48,1.24,1.98,2.41,2.47,1.89,2.43,2.61,1.96,1.82,1.68,1.11,0.44,0.03,0.0,0.0,0.0,0.0,0.0,0.0,0.0,0.0,0.0,0.04,0.49,1.3,2.04,2.67,3.24,3.57,3.68,3.38,2.91,2.82,2.06,1.28,0.5,0.03,0.0,0.0,0.0,0.0,0.0,0.0,0.0,0.0,0.0,0.03,0.49,1.22,1.95,2.59,3.11,3.43,3.53,3.36,3.07,2.53,1.92,1.18,0.44,0.04,0.0,0.0,0.0
494,0.0,0.0,0.0,0.0,0.0,0.0,0.01,0.33,1.08,1.88,2.51,3.1,3.31,3.08,3.26,2.83,2.15,1.24,0.67,0.26,0.02,0.0,0.0,0.0,0.0,0.0,0.0,0.0,0.0,0.0,0.02,0.33,0.9,1.81,2.43,2.93,3.39,3.47,3.38,3.06,2.43,1.87,1.08,0.32,0.03,0.0,0.0,0.0,0.0,0.0,0.0,0.0,0.0,0.0,0.02,0.31,1.12,1.39,1.74,2.71,2.56,2.26,2.61,1.78,1.55,0.81,0.85,0.22,0.02,0.0,0.0,0.0,0.0,0.0,0.0,0.0,0.0,0.0,0.03,0.48,1.24,1.98,2.41,2.47,1.89,2.43,2.61,1.96,1.82,1.68,1.11,0.44,0.03,0.0,0.0,0.0,0.0,0.0,0.0,0.0,0.0,0.0,0.04,0.49,1.3,2.04,2.67,3.24,3.57,3.68,3.38,2.91,2.82,2.06,1.28,0.5,0.03,0.0,0.0,0.0,0.0,0.0,0.0,0.0,0.0,0.0,0.03,0.49,1.22,1.95,2.59,3.11,3.43,3.53,3.36,3.07,2.53,1.92,1.18,0.44,0.04,0.0,0.0,0.0,0.0,0.0,0.0,0.0,0.0,0.0,0.03,0.43,1.06,1.83,2.45,3.02,3.32,3.41,3.3,2.92,2.49,1.81,1.03,0.42,0.04,0.0,0.0,0.0
495,0.0,0.0,0.0,0.0,0.0,0.0,0.02,0.33,0.9,1.81,2.43,2.93,3.39,3.47,3.38,3.06,2.43,1.87,1.08,0.32,0.03,0.0,0.0,0.0,0.0,0.0,0.0,0.0,0.0,0.0,0.02,0.31,1.12,1.39,1.74,2.71,2.56,2.26,2.61,1.78,1.55,0.81,0.85,0.22,0.02,0.0,0.0,0.0,0.0,0.0,0.0,0.0,0.0,0.0,0.03,0.48,1.24,1.98,2.41,2.47,1.89,2.43,2.61,1.96,1.82,1.68,1.11,0.44,0.03,0.0,0.0,0.0,0.0,0.0,0.0,0.0,0.0,0.0,0.04,0.49,1.3,2.04,2.67,3.24,3.57,3.68,3.38,2.91,2.82,2.06,1.28,0.5,0.03,0.0,0.0,0.0,0.0,0.0,0.0,0.0,0.0,0.0,0.03,0.49,1.22,1.95,2.59,3.11,3.43,3.53,3.36,3.07,2.53,1.92,1.18,0.44,0.04,0.0,0.0,0.0,0.0,0.0,0.0,0.0,0.0,0.0,0.03,0.43,1.06,1.83,2.45,3.02,3.32,3.41,3.3,2.92,2.49,1.81,1.03,0.42,0.04,0.0,0.0,0.0,0.0,0.0,0.0,0.0,0.0,0.0,0.02,0.36,0.66,0.05,0.01,0.54,1.97,2.71,2.96,1.91,1.42,1.5,1.1,0.45,0.05,0.0,0.0,0.0
496,0.0,0.0,0.0,0.0,0.0,0.0,0.02,0.31,1.12,1.39,1.74,2.71,2.56,2.26,2.61,1.78,1.55,0.81,0.85,0.22,0.02,0.0,0.0,0.0,0.0,0.0,0.0,0.0,0.0,0.0,0.03,0.48,1.24,1.98,2.41,2.47,1.89,2.43,2.61,1.96,1.82,1.68,1.11,0.44,0.03,0.0,0.0,0.0,0.0,0.0,0.0,0.0,0.0,0.0,0.04,0.49,1.3,2.04,2.67,3.24,3.57,3.68,3.38,2.91,2.82,2.06,1.28,0.5,0.03,0.0,0.0,0.0,0.0,0.0,0.0,0.0,0.0,0.0,0.03,0.49,1.22,1.95,2.59,3.11,3.43,3.53,3.36,3.07,2.53,1.92,1.18,0.44,0.04,0.0,0.0,0.0,0.0,0.0,0.0,0.0,0.0,0.0,0.03,0.43,1.06,1.83,2.45,3.02,3.32,3.41,3.3,2.92,2.49,1.81,1.03,0.42,0.04,0.0,0.0,0.0,0.0,0.0,0.0,0.0,0.0,0.0,0.02,0.36,0.66,0.05,0.01,0.54,1.97,2.71,2.96,1.91,1.42,1.5,1.1,0.45,0.05,0.0,0.0,0.0,0.0,0.0,0.0,0.0,0.0,0.0,0.04,0.41,0.97,1.78,2.38,2.56,2.48,2.31,2.46,1.91,1.43,1.07,0.83,0.31,0.03,0.0,0.0,0.0
497,0.0,0.0,0.0,0.0,0.0,0.0,0.03,0.48,1.24,1.98,2.41,2.47,1.89,2.43,2.61,1.96,1.82,1.68,1.11,0.44,0.03,0.0,0.0,0.0,0.0,0.0,0.0,0.0,0.0,0.0,0.04,0.49,1.3,2.04,2.67,3.24,3.57,3.68,3.38,2.91,2.82,2.06,1.28,0.5,0.03,0.0,0.0,0.0,0.0,0.0,0.0,0.0,0.0,0.0,0.03,0.49,1.22,1.95,2.59,3.11,3.43,3.53,3.36,3.07,2.53,1.92,1.18,0.44,0.04,0.0,0.0,0.0,0.0,0.0,0.0,0.0,0.0,0.0,0.03,0.43,1.06,1.83,2.45,3.02,3.32,3.41,3.3,2.92,2.49,1.81,1.03,0.42,0.04,0.0,0.0,0.0,0.0,0.0,0.0,0.0,0.0,0.0,0.02,0.36,0.66,0.05,0.01,0.54,1.97,2.71,2.96,1.91,1.42,1.5,1.1,0.45,0.05,0.0,0.0,0.0,0.0,0.0,0.0,0.0,0.0,0.0,0.04,0.41,0.97,1.78,2.38,2.56,2.48,2.31,2.46,1.91,1.43,1.07,0.83,0.31,0.03,0.0,0.0,0.0,0.0,0.0,0.0,0.0,0.0,0.0,0.04,0.43,0.81,1.06,2.34,2.64,3.19,3.29,3.24,2.79,2.44,1.83,1.19,0.41,0.04,0.0,0.0,0.0
498,0.0,0.0,0.0,0.0,0.0,0.0,0.04,0.49,1.3,2.04,2.67,3.24,3.57,3.68,3.38,2.91,2.82,2.06,1.28,0.5,0.03,0.0,0.0,0.0,0.0,0.0,0.0,0.0,0.0,0.0,0.03,0.49,1.22,1.95,2.59,3.11,3.43,3.53,3.36,3.07,2.53,1.92,1.18,0.44,0.04,0.0,0.0,0.0,0.0,0.0,0.0,0.0,0.0,0.0,0.03,0.43,1.06,1.83,2.45,3.02,3.32,3.41,3.3,2.92,2.49,1.81,1.03,0.42,0.04,0.0,0.0,0.0,0.0,0.0,0.0,0.0,0.0,0.0,0.02,0.36,0.66,0.05,0.01,0.54,1.97,2.71,2.96,1.91,1.42,1.5,1.1,0.45,0.05,0.0,0.0,0.0,0.0,0.0,0.0,0.0,0.0,0.0,0.04,0.41,0.97,1.78,2.38,2.56,2.48,2.31,2.46,1.91,1.43,1.07,0.83,0.31,0.03,0.0,0.0,0.0,0.0,0.0,0.0,0.0,0.0,0.0,0.04,0.43,0.81,1.06,2.34,2.64,3.19,3.29,3.24,2.79,2.44,1.83,1.19,0.41,0.04,0.0,0.0,0.0,0.0,0.0,0.0,0.0,0.0,0.0,0.03,0.17,0.51,0.9,1.76,2.71,2.95,3.47,3.3,3.04,2.55,1.9,1.11,0.43,0.05,0.0,0.0,0.0
499,0.0,0.0,0.0,0.0,0.0,0.0,0.03,0.49,1.22,1.95,2.59,3.11,3.43,3.53,3.36,3.07,2.53,1.92,1.18,0.44,0.04,0.0,0.0,0.0,0.0,0.0,0.0,0.0,0.0,0.0,0.03,0.43,1.06,1.83,2.45,3.02,3.32,3.41,3.3,2.92,2.49,1.81,1.03,0.42,0.04,0.0,0.0,0.0,0.0,0.0,0.0,0.0,0.0,0.0,0.02,0.36,0.66,0.05,0.01,0.54,1.97,2.71,2.96,1.91,1.42,1.5,1.1,0.45,0.05,0.0,0.0,0.0,0.0,0.0,0.0,0.0,0.0,0.0,0.04,0.41,0.97,1.78,2.38,2.56,2.48,2.31,2.46,1.91,1.43,1.07,0.83,0.31,0.03,0.0,0.0,0.0,0.0,0.0,0.0,0.0,0.0,0.0,0.04,0.43,0.81,1.06,2.34,2.64,3.19,3.29,3.24,2.79,2.44,1.83,1.19,0.41,0.04,0.0,0.0,0.0,0.0,0.0,0.0,0.0,0.0,0.0,0.03,0.17,0.51,0.9,1.76,2.71,2.95,3.47,3.3,3.04,2.55,1.9,1.11,0.43,0.05,0.0,0.0,0.0,0.0,0.0,0.0,0.0,0.0,0.0,0.02,0.13,0.3,0.76,1.43,2.93,3.09,3.45,3.27,2.96,2.5,1.86,1.11,0.44,0.05,0.0,0.0,0.0
500,0.0,0.0,0.0,0.0,0.0,0.0,0.03,0.43,1.06,1.83,2.45,3.02,3.32,3.41,3.3,2.92,2.49,1.81,1.03,0.42,0.04,0.0,0.0,0.0,0.0,0.0,0.0,0.0,0.0,0.0,0.02,0.36,0.66,0.05,0.01,0.54,1.97,2.71,2.96,1.91,1.42,1.5,1.1,0.45,0.05,0.0,0.0,0.0,0.0,0.0,0.0,0.0,0.0,0.0,0.04,0.41,0.97,1.78,2.38,2.56,2.48,2.31,2.46,1.91,1.43,1.07,0.83,0.31,0.03,0.0,0.0,0.0,0.0,0.0,0.0,0.0,0.0,0.0,0.04,0.43,0.81,1.06,2.34,2.64,3.19,3.29,3.24,2.79,2.44,1.83,1.19,0.41,0.04,0.0,0.0,0.0,0.0,0.0,0.0,0.0,0.0,0.0,0.03,0.17,0.51,0.9,1.76,2.71,2.95,3.47,3.3,3.04,2.55,1.9,1.11,0.43,0.05,0.0,0.0,0.0,0.0,0.0,0.0,0.0,0.0,0.0,0.02,0.13,0.3,0.76,1.43,2.93,3.09,3.45,3.27,2.96,2.5,1.86,1.11,0.44,0.05,0.0,0.0,0.0,0.0,0.0,0.0,0.0,0.0,0.0,0.03,0.18,0.44,1.47,2.37,2.93,3.32,3.38,3.24,2.85,2.44,1.8,1.06,0.43,0.07,0.0,0.0,0.0
501,0.0,0.0,0.0,0.0,0.0,0.0,0.02,0.36,0.66,0.05,0.01,0.54,1.97,2.71,2.96,1.91,1.42,1.5,1.1,0.45,0.05,0.0,0.0,0.0,0.0,0.0,0.0,0.0,0.0,0.0,0.04,0.41,0.97,1.78,2.38,2.56,2.48,2.31,2.46,1.91,1.43,1.07,0.83,0.31,0.03,0.0,0.0,0.0,0.0,0.0,0.0,0.0,0.0,0.0,0.04,0.43,0.81,1.06,2.34,2.64,3.19,3.29,3.24,2.79,2.44,1.83,1.19,0.41,0.04,0.0,0.0,0.0,0.0,0.0,0.0,0.0,0.0,0.0,0.03,0.17,0.51,0.9,1.76,2.71,2.95,3.47,3.3,3.04,2.55,1.9,1.11,0.43,0.05,0.0,0.0,0.0,0.0,0.0,0.0,0.0,0.0,0.0,0.02,0.13,0.3,0.76,1.43,2.93,3.09,3.45,3.27,2.96,2.5,1.86,1.11,0.44,0.05,0.0,0.0,0.0,0.0,0.0,0.0,0.0,0.0,0.0,0.03,0.18,0.44,1.47,2.37,2.93,3.32,3.38,3.24,2.85,2.44,1.8,1.06,0.43,0.07,0.0,0.0,0.0,0.0,0.0,0.0,0.0,0.0,0.0,0.05,0.43,1.02,1.89,2.6,3.15,3.45,3.59,3.43,3.17,2.47,1.86,1.23,0.43,0.09,0.0,0.0,0.0
502,0.0,0.0,0.0,0.0,0.0,0.0,0.04,0.41,0.97,1.78,2.38,2.56,2.48,2.31,2.46,1.91,1.43,1.07,0.83,0.31,0.03,0.0,0.0,0.0,0.0,0.0,0.0,0.0,0.0,0.0,0.04,0.43,0.81,1.06,2.34,2.64,3.19,3.29,3.24,2.79,2.44,1.83,1.19,0.41,0.04,0.0,0.0,0.0,0.0,0.0,0.0,0.0,0.0,0.0,0.03,0.17,0.51,0.9,1.76,2.71,2.95,3.47,3.3,3.04,2.55,1.9,1.11,0.43,0.05,0.0,0.0,0.0,0.0,0.0,0.0,0.0,0.0,0.0,0.02,0.13,0.3,0.76,1.43,2.93,3.09,3.45,3.27,2.96,2.5,1.86,1.11,0.44,0.05,0.0,0.0,0.0,0.0,0.0,0.0,0.0,0.0,0.0,0.03,0.18,0.44,1.47,2.37,2.93,3.32,3.38,3.24,2.85,2.44,1.8,1.06,0.43,0.07,0.0,0.0,0.0,0.0,0.0,0.0,0.0,0.0,0.0,0.05,0.43,1.02,1.89,2.6,3.15,3.45,3.59,3.43,3.17,2.47,1.86,1.23,0.43,0.09,0.0,0.0,0.0,0.0,0.0,0.0,0.0,0.0,0.0,0.05,0.4,1.08,1.88,2.44,2.87,2.99,2.22,2.18,2.9,1.99,1.1,0.4,0.07,0.02,0.0,0.0,0.0
503,0.0,0.0,0.0,0.0,0.0,0.0,0.04,0.43,0.81,1.06,2.34,2.64,3.19,3.29,3.24,2.79,2.44,1.83,1.19,0.41,0.04,0.0,0.0,0.0,0.0,0.0,0.0,0.0,0.0,0.0,0.03,0.17,0.51,0.9,1.76,2.71,2.95,3.47,3.3,3.04,2.55,1.9,1.11,0.43,0.05,0.0,0.0,0.0,0.0,0.0,0.0,0.0,0.0,0.0,0.02,0.13,0.3,0.76,1.43,2.93,3.09,3.45,3.27,2.96,2.5,1.86,1.11,0.44,0.05,0.0,0.0,0.0,0.0,0.0,0.0,0.0,0.0,0.0,0.03,0.18,0.44,1.47,2.37,2.93,3.32,3.38,3.24,2.85,2.44,1.8,1.06,0.43,0.07,0.0,0.0,0.0,0.0,0.0,0.0,0.0,0.0,0.0,0.05,0.43,1.02,1.89,2.6,3.15,3.45,3.59,3.43,3.17,2.47,1.86,1.23,0.43,0.09,0.0,0.0,0.0,0.0,0.0,0.0,0.0,0.0,0.0,0.05,0.4,1.08,1.88,2.44,2.87,2.99,2.22,2.18,2.9,1.99,1.1,0.4,0.07,0.02,0.0,0.0,0.0,0.0,0.0,0.0,0.0,0.0,0.0,0.05,0.49,1.22,1.82,2.63,2.94,3.32,3.73,3.45,3.08,2.77,2.04,0.68,0.57,0.09,0.0,0.0,0.0
504,0.0,0.0,0.0,0.0,0.0,0.0,0.03,0.17,0.51,0.9,1.76,2.71,2.95,3.47,3.3,3.04,2.55,1.9,1.11,0.43,0.05,0.0,0.0,0.0,0.0,0.0,0.0,0.0,0.0,0.0,0.02,0.13,0.3,0.76,1.43,2.93,3.09,3.45,3.27,2.96,2.5,1.86,1.11,0.44,0.05,0.0,0.0,0.0,0.0,0.0,0.0,0.0,0.0,0.0,0.03,0.18,0.44,1.47,2.37,2.93,3.32,3.38,3.24,2.85,2.44,1.8,1.06,0.43,0.07,0.0,0.0,0.0,0.0,0.0,0.0,0.0,0.0,0.0,0.05,0.43,1.02,1.89,2.6,3.15,3.45,3.59,3.43,3.17,2.47,1.86,1.23,0.43,0.09,0.0,0.0,0.0,0.0,0.0,0.0,0.0,0.0,0.0,0.05,0.4,1.08,1.88,2.44,2.87,2.99,2.22,2.18,2.9,1.99,1.1,0.4,0.07,0.02,0.0,0.0,0.0,0.0,0.0,0.0,0.0,0.0,0.0,0.05,0.49,1.22,1.82,2.63,2.94,3.32,3.73,3.45,3.08,2.77,2.04,0.68,0.57,0.09,0.0,0.0,0.0,0.0,0.0,0.0,0.0,0.0,0.0,0.04,0.46,1.1,1.68,2.46,3.14,3.43,3.45,2.88,3.25,2.73,2.08,1.35,0.58,0.08,0.0,0.0,0.0
505,0.0,0.0,0.0,0.0,0.0,0.0,0.02,0.13,0.3,0.76,1.43,2.93,3.09,3.45,3.27,2.96,2.5,1.86,1.11,0.44,0.05,0.0,0.0,0.0,0.0,0.0,0.0,0.0,0.0,0.0,0.03,0.18,0.44,1.47,2.37,2.93,3.32,3.38,3.24,2.85,2.44,1.8,1.06,0.43,0.07,0.0,0.0,0.0,0.0,0.0,0.0,0.0,0.0,0.0,0.05,0.43,1.02,1.89,2.6,3.15,3.45,3.59,3.43,3.17,2.47,1.86,1.23,0.43,0.09,0.0,0.0,0.0,0.0,0.0,0.0,0.0,0.0,0.0,0.05,0.4,1.08,1.88,2.44,2.87,2.99,2.22,2.18,2.9,1.99,1.1,0.4,0.07,0.02,0.0,0.0,0.0,0.0,0.0,0.0,0.0,0.0,0.0,0.05,0.49,1.22,1.82,2.63,2.94,3.32,3.73,3.45,3.08,2.77,2.04,0.68,0.57,0.09,0.0,0.0,0.0,0.0,0.0,0.0,0.0,0.0,0.0,0.04,0.46,1.1,1.68,2.46,3.14,3.43,3.45,2.88,3.25,2.73,2.08,1.35,0.58,0.08,0.0,0.0,0.0,0.0,0.0,0.0,0.0,0.0,0.0,0.04,0.45,1.22,1.64,2.03,2.81,3.25,3.41,3.28,3.1,2.57,1.89,1.2,0.51,0.09,0.0,0.0,0.0
506,0.0,0.0,0.0,0.0,0.0,0.0,0.03,0.18,0.44,1.47,2.37,2.93,3.32,3.38,3.24,2.85,2.44,1.8,1.06,0.43,0.07,0.0,0.0,0.0,0.0,0.0,0.0,0.0,0.0,0.0,0.05,0.43,1.02,1.89,2.6,3.15,3.45,3.59,3.43,3.17,2.47,1.86,1.23,0.43,0.09,0.0,0.0,0.0,0.0,0.0,0.0,0.0,0.0,0.0,0.05,0.4,1.08,1.88,2.44,2.87,2.99,2.22,2.18,2.9,1.99,1.1,0.4,0.07,0.02,0.0,0.0,0.0,0.0,0.0,0.0,0.0,0.0,0.0,0.05,0.49,1.22,1.82,2.63,2.94,3.32,3.73,3.45,3.08,2.77,2.04,0.68,0.57,0.09,0.0,0.0,0.0,0.0,0.0,0.0,0.0,0.0,0.0,0.04,0.46,1.1,1.68,2.46,3.14,3.43,3.45,2.88,3.25,2.73,2.08,1.35,0.58,0.08,0.0,0.0,0.0,0.0,0.0,0.0,0.0,0.0,0.0,0.04,0.45,1.22,1.64,2.03,2.81,3.25,3.41,3.28,3.1,2.57,1.89,1.2,0.51,0.09,0.0,0.0,0.0,0.0,0.0,0.0,0.0,0.0,0.0,0.02,0.12,0.17,0.55,0.88,1.54,3.58,3.47,2.35,2.54,2.34,2.08,1.28,0.5,0.08,0.0,0.0,0.0
507,0.0,0.0,0.0,0.0,0.0,0.0,0.05,0.43,1.02,1.89,2.6,3.15,3.45,3.59,3.43,3.17,2.47,1.86,1.23,0.43,0.09,0.0,0.0,0.0,0.0,0.0,0.0,0.0,0.0,0.0,0.05,0.4,1.08,1.88,2.44,2.87,2.99,2.22,2.18,2.9,1.99,1.1,0.4,0.07,0.02,0.0,0.0,0.0,0.0,0.0,0.0,0.0,0.0,0.0,0.05,0.49,1.22,1.82,2.63,2.94,3.32,3.73,3.45,3.08,2.77,2.04,0.68,0.57,0.09,0.0,0.0,0.0,0.0,0.0,0.0,0.0,0.0,0.0,0.04,0.46,1.1,1.68,2.46,3.14,3.43,3.45,2.88,3.25,2.73,2.08,1.35,0.58,0.08,0.0,0.0,0.0,0.0,0.0,0.0,0.0,0.0,0.0,0.04,0.45,1.22,1.64,2.03,2.81,3.25,3.41,3.28,3.1,2.57,1.89,1.2,0.51,0.09,0.0,0.0,0.0,0.0,0.0,0.0,0.0,0.0,0.0,0.02,0.12,0.17,0.55,0.88,1.54,3.58,3.47,2.35,2.54,2.34,2.08,1.28,0.5,0.08,0.0,0.0,0.0,0.0,0.0,0.0,0.0,0.0,0.0,0.04,0.26,0.56,0.54,1.15,0.98,1.77,1.44,0.86,0.61,0.84,0.44,0.21,0.08,0.02,0.0,0.0,0.0
508,0.0,0.0,0.0,0.0,0.0,0.0,0.05,0.4,1.08,1.88,2.44,2.87,2.99,2.22,2.18,2.9,1.99,1.1,0.4,0.07,0.02,0.0,0.0,0.0,0.0,0.0,0.0,0.0,0.0,0.0,0.05,0.49,1.22,1.82,2.63,2.94,3.32,3.73,3.45,3.08,2.77,2.04,0.68,0.57,0.09,0.0,0.0,0.0,0.0,0.0,0.0,0.0,0.0,0.0,0.04,0.46,1.1,1.68,2.46,3.14,3.43,3.45,2.88,3.25,2.73,2.08,1.35,0.58,0.08,0.0,0.0,0.0,0.0,0.0,0.0,0.0,0.0,0.0,0.04,0.45,1.22,1.64,2.03,2.81,3.25,3.41,3.28,3.1,2.57,1.89,1.2,0.51,0.09,0.0,0.0,0.0,0.0,0.0,0.0,0.0,0.0,0.0,0.02,0.12,0.17,0.55,0.88,1.54,3.58,3.47,2.35,2.54,2.34,2.08,1.28,0.5,0.08,0.0,0.0,0.0,0.0,0.0,0.0,0.0,0.0,0.0,0.04,0.26,0.56,0.54,1.15,0.98,1.77,1.44,0.86,0.61,0.84,0.44,0.21,0.08,0.02,0.0,0.0,0.0,0.0,0.0,0.0,0.0,0.0,0.0,0.05,0.59,1.3,1.87,1.01,2.25,3.3,3.62,3.49,3.24,2.73,2.06,1.32,0.56,0.09,0.0,0.0,0.0
509,0.0,0.0,0.0,0.0,0.0,0.0,0.05,0.49,1.22,1.82,2.63,2.94,3.32,3.73,3.45,3.08,2.77,2.04,0.68,0.57,0.09,0.0,0.0,0.0,0.0,0.0,0.0,0.0,0.0,0.0,0.04,0.46,1.1,1.68,2.46,3.14,3.43,3.45,2.88,3.25,2.73,2.08,1.35,0.58,0.08,0.0,0.0,0.0,0.0,0.0,0.0,0.0,0.0,0.0,0.04,0.45,1.22,1.64,2.03,2.81,3.25,3.41,3.28,3.1,2.57,1.89,1.2,0.51,0.09,0.0,0.0,0.0,0.0,0.0,0.0,0.0,0.0,0.0,0.02,0.12,0.17,0.55,0.88,1.54,3.58,3.47,2.35,2.54,2.34,2.08,1.28,0.5,0.08,0.0,0.0,0.0,0.0,0.0,0.0,0.0,0.0,0.0,0.04,0.26,0.56,0.54,1.15,0.98,1.77,1.44,0.86,0.61,0.84,0.44,0.21,0.08,0.02,0.0,0.0,0.0,0.0,0.0,0.0,0.0,0.0,0.0,0.05,0.59,1.3,1.87,1.01,2.25,3.3,3.62,3.49,3.24,2.73,2.06,1.32,0.56,0.09,0.0,0.0,0.0,0.0,0.0,0.0,0.0,0.0,0.0,0.05,0.55,1.29,2.01,2.58,3.19,3.54,3.72,3.62,3.29,2.75,2.11,1.39,0.6,0.1,0.0,0.0,0.0
510,0.0,0.0,0.0,0.0,0.0,0.0,0.04,0.46,1.1,1.68,2.46,3.14,3.43,3.45,2.88,3.25,2.73,2.08,1.35,0.58,0.08,0.0,0.0,0.0,0.0,0.0,0.0,0.0,0.0,0.0,0.04,0.45,1.22,1.64,2.03,2.81,3.25,3.41,3.28,3.1,2.57,1.89,1.2,0.51,0.09,0.0,0.0,0.0,0.0,0.0,0.0,0.0,0.0,0.0,0.02,0.12,0.17,0.55,0.88,1.54,3.58,3.47,2.35,2.54,2.34,2.08,1.28,0.5,0.08,0.0,0.0,0.0,0.0,0.0,0.0,0.0,0.0,0.0,0.04,0.26,0.56,0.54,1.15,0.98,1.77,1.44,0.86,0.61,0.84,0.44,0.21,0.08,0.02,0.0,0.0,0.0,0.0,0.0,0.0,0.0,0.0,0.0,0.05,0.59,1.3,1.87,1.01,2.25,3.3,3.62,3.49,3.24,2.73,2.06,1.32,0.56,0.09,0.0,0.0,0.0,0.0,0.0,0.0,0.0,0.0,0.0,0.05,0.55,1.29,2.01,2.58,3.19,3.54,3.72,3.62,3.29,2.75,2.11,1.39,0.6,0.1,0.0,0.0,0.0,0.0,0.0,0.0,0.0,0.0,0.0,0.04,0.27,0.61,1.69,2.33,3.12,3.27,3.29,3.43,2.86,2.48,1.84,1.27,0.53,0.1,0.0,0.0,0.0
511,0.0,0.0,0.0,0.0,0.0,0.0,0.04,0.45,1.22,1.64,2.03,2.81,3.25,3.41,3.28,3.1,2.57,1.89,1.2,0.51,0.09,0.0,0.0,0.0,0.0,0.0,0.0,0.0,0.0,0.0,0.02,0.12,0.17,0.55,0.88,1.54,3.58,3.47,2.35,2.54,2.34,2.08,1.28,0.5,0.08,0.0,0.0,0.0,0.0,0.0,0.0,0.0,0.0,0.0,0.04,0.26,0.56,0.54,1.15,0.98,1.77,1.44,0.86,0.61,0.84,0.44,0.21,0.08,0.02,0.0,0.0,0.0,0.0,0.0,0.0,0.0,0.0,0.0,0.05,0.59,1.3,1.87,1.01,2.25,3.3,3.62,3.49,3.24,2.73,2.06,1.32,0.56,0.09,0.0,0.0,0.0,0.0,0.0,0.0,0.0,0.0,0.0,0.05,0.55,1.29,2.01,2.58,3.19,3.54,3.72,3.62,3.29,2.75,2.11,1.39,0.6,0.1,0.0,0.0,0.0,0.0,0.0,0.0,0.0,0.0,0.0,0.04,0.27,0.61,1.69,2.33,3.12,3.27,3.29,3.43,2.86,2.48,1.84,1.27,0.53,0.1,0.0,0.0,0.0,0.0,0.0,0.0,0.0,0.0,0.0,0.03,0.34,0.97,1.85,2.46,2.99,3.37,3.46,3.37,2.98,2.37,1.37,1.07,0.49,0.08,0.0,0.0,0.0
512,0.0,0.0,0.0,0.0,0.0,0.0,0.02,0.12,0.17,0.55,0.88,1.54,3.58,3.47,2.35,2.54,2.34,2.08,1.28,0.5,0.08,0.0,0.0,0.0,0.0,0.0,0.0,0.0,0.0,0.0,0.04,0.26,0.56,0.54,1.15,0.98,1.77,1.44,0.86,0.61,0.84,0.44,0.21,0.08,0.02,0.0,0.0,0.0,0.0,0.0,0.0,0.0,0.0,0.0,0.05,0.59,1.3,1.87,1.01,2.25,3.3,3.62,3.49,3.24,2.73,2.06,1.32,0.56,0.09,0.0,0.0,0.0,0.0,0.0,0.0,0.0,0.0,0.0,0.05,0.55,1.29,2.01,2.58,3.19,3.54,3.72,3.62,3.29,2.75,2.11,1.39,0.6,0.1,0.0,0.0,0.0,0.0,0.0,0.0,0.0,0.0,0.0,0.04,0.27,0.61,1.69,2.33,3.12,3.27,3.29,3.43,2.86,2.48,1.84,1.27,0.53,0.1,0.0,0.0,0.0,0.0,0.0,0.0,0.0,0.0,0.0,0.03,0.34,0.97,1.85,2.46,2.99,3.37,3.46,3.37,2.98,2.37,1.37,1.07,0.49,0.08,0.0,0.0,0.0,0.0,0.0,0.0,0.0,0.0,0.0,0.05,0.39,1.08,1.76,2.01,2.7,1.98,1.52,1.51,1.35,1.28,0.77,1.29,0.45,0.08,0.0,0.0,0.0
513,0.0,0.0,0.0,0.0,0.0,0.0,0.04,0.26,0.56,0.54,1.15,0.98,1.77,1.44,0.86,0.61,0.84,0.44,0.21,0.08,0.02,0.0,0.0,0.0,0.0,0.0,0.0,0.0,0.0,0.0,0.05,0.59,1.3,1.87,1.01,2.25,3.3,3.62,3.49,3.24,2.73,2.06,1.32,0.56,0.09,0.0,0.0,0.0,0.0,0.0,0.0,0.0,0.0,0.0,0.05,0.55,1.29,2.01,2.58,3.19,3.54,3.72,3.62,3.29,2.75,2.11,1.39,0.6,0.1,0.0,0.0,0.0,0.0,0.0,0.0,0.0,0.0,0.0,0.04,0.27,0.61,1.69,2.33,3.12,3.27,3.29,3.43,2.86,2.48,1.84,1.27,0.53,0.1,0.0,0.0,0.0,0.0,0.0,0.0,0.0,0.0,0.0,0.03,0.34,0.97,1.85,2.46,2.99,3.37,3.46,3.37,2.98,2.37,1.37,1.07,0.49,0.08,0.0,0.0,0.0,0.0,0.0,0.0,0.0,0.0,0.0,0.05,0.39,1.08,1.76,2.01,2.7,1.98,1.52,1.51,1.35,1.28,0.77,1.29,0.45,0.08,0.0,0.0,0.0,0.0,0.0,0.0,0.0,0.0,0.0,0.02,0.13,0.25,0.51,1.1,1.84,1.61,0.53,0.27,0.55,0.61,0.49,0.18,0.05,0.02,0.0,0.0,0.0
514,0.0,0.0,0.0,0.0,0.0,0.0,0.05,0.59,1.3,1.87,1.01,2.25,3.3,3.62,3.49,3.24,2.73,2.06,1.32,0.56,0.09,0.0,0.0,0.0,0.0,0.0,0.0,0.0,0.0,0.0,0.05,0.55,1.29,2.01,2.58,3.19,3.54,3.72,3.62,3.29,2.75,2.11,1.39,0.6,0.1,0.0,0.0,0.0,0.0,0.0,0.0,0.0,0.0,0.0,0.04,0.27,0.61,1.69,2.33,3.12,3.27,3.29,3.43,2.86,2.48,1.84,1.27,0.53,0.1,0.0,0.0,0.0,0.0,0.0,0.0,0.0,0.0,0.0,0.03,0.34,0.97,1.85,2.46,2.99,3.37,3.46,3.37,2.98,2.37,1.37,1.07,0.49,0.08,0.0,0.0,0.0,0.0,0.0,0.0,0.0,0.0,0.0,0.05,0.39,1.08,1.76,2.01,2.7,1.98,1.52,1.51,1.35,1.28,0.77,1.29,0.45,0.08,0.0,0.0,0.0,0.0,0.0,0.0,0.0,0.0,0.0,0.02,0.13,0.25,0.51,1.1,1.84,1.61,0.53,0.27,0.55,0.61,0.49,0.18,0.05,0.02,0.0,0.0,0.0,0.0,0.0,0.0,0.0,0.0,0.0,0.0,0.07,0.18,0.26,0.68,2.32,2.63,3.29,3.52,3.32,2.32,1.29,0.68,0.32,0.13,0.0,0.0,0.0
515,0.0,0.0,0.0,0.0,0.0,0.0,0.05,0.55,1.29,2.01,2.58,3.19,3.54,3.72,3.62,3.29,2.75,2.11,1.39,0.6,0.1,0.0,0.0,0.0,0.0,0.0,0.0,0.0,0.0,0.0,0.04,0.27,0.61,1.69,2.33,3.12,3.27,3.29,3.43,2.86,2.48,1.84,1.27,0.53,0.1,0.0,0.0,0.0,0.0,0.0,0.0,0.0,0.0,0.0,0.03,0.34,0.97,1.85,2.46,2.99,3.37,3.46,3.37,2.98,2.37,1.37,1.07,0.49,0.08,0.0,0.0,0.0,0.0,0.0,0.0,0.0,0.0,0.0,0.05,0.39,1.08,1.76,2.01,2.7,1.98,1.52,1.51,1.35,1.28,0.77,1.29,0.45,0.08,0.0,0.0,0.0,0.0,0.0,0.0,0.0,0.0,0.0,0.02,0.13,0.25,0.51,1.1,1.84,1.61,0.53,0.27,0.55,0.61,0.49,0.18,0.05,0.02,0.0,0.0,0.0,0.0,0.0,0.0,0.0,0.0,0.0,0.0,0.07,0.18,0.26,0.68,2.32,2.63,3.29,3.52,3.32,2.32,1.29,0.68,0.32,0.13,0.0,0.0,0.0,0.0,0.0,0.0,0.0,0.0,0.0,0.04,0.38,1.1,1.78,2.71,0.29,3.34,2.53,1.85,1.15,0.59,1.13,0.19,0.21,0.05,0.0,0.0,0.0
516,0.0,0.0,0.0,0.0,0.0,0.0,0.04,0.27,0.61,1.69,2.33,3.12,3.27,3.29,3.43,2.86,2.48,1.84,1.27,0.53,0.1,0.0,0.0,0.0,0.0,0.0,0.0,0.0,0.0,0.0,0.03,0.34,0.97,1.85,2.46,2.99,3.37,3.46,3.37,2.98,2.37,1.37,1.07,0.49,0.08,0.0,0.0,0.0,0.0,0.0,0.0,0.0,0.0,0.0,0.05,0.39,1.08,1.76,2.01,2.7,1.98,1.52,1.51,1.35,1.28,0.77,1.29,0.45,0.08,0.0,0.0,0.0,0.0,0.0,0.0,0.0,0.0,0.0,0.02,0.13,0.25,0.51,1.1,1.84,1.61,0.53,0.27,0.55,0.61,0.49,0.18,0.05,0.02,0.0,0.0,0.0,0.0,0.0,0.0,0.0,0.0,0.0,0.0,0.07,0.18,0.26,0.68,2.32,2.63,3.29,3.52,3.32,2.32,1.29,0.68,0.32,0.13,0.0,0.0,0.0,0.0,0.0,0.0,0.0,0.0,0.0,0.04,0.38,1.1,1.78,2.71,0.29,3.34,2.53,1.85,1.15,0.59,1.13,0.19,0.21,0.05,0.0,0.0,0.0,0.0,0.0,0.0,0.0,0.0,0.0,0.05,0.29,1.2,1.96,2.6,2.21,1.41,1.3,1.3,2.07,0.73,0.51,0.69,0.55,0.1,0.0,0.0,0.0
517,0.0,0.0,0.0,0.0,0.0,0.0,0.03,0.34,0.97,1.85,2.46,2.99,3.37,3.46,3.37,2.98,2.37,1.37,1.07,0.49,0.08,0.0,0.0,0.0,0.0,0.0,0.0,0.0,0.0,0.0,0.05,0.39,1.08,1.76,2.01,2.7,1.98,1.52,1.51,1.35,1.28,0.77,1.29,0.45,0.08,0.0,0.0,0.0,0.0,0.0,0.0,0.0,0.0,0.0,0.02,0.13,0.25,0.51,1.1,1.84,1.61,0.53,0.27,0.55,0.61,0.49,0.18,0.05,0.02,0.0,0.0,0.0,0.0,0.0,0.0,0.0,0.0,0.0,0.0,0.07,0.18,0.26,0.68,2.32,2.63,3.29,3.52,3.32,2.32,1.29,0.68,0.32,0.13,0.0,0.0,0.0,0.0,0.0,0.0,0.0,0.0,0.0,0.04,0.38,1.1,1.78,2.71,0.29,3.34,2.53,1.85,1.15,0.59,1.13,0.19,0.21,0.05,0.0,0.0,0.0,0.0,0.0,0.0,0.0,0.0,0.0,0.05,0.29,1.2,1.96,2.6,2.21,1.41,1.3,1.3,2.07,0.73,0.51,0.69,0.55,0.1,0.0,0.0,0.0,0.0,0.0,0.0,0.0,0.0,0.0,0.04,0.19,0.45,0.33,0.49,0.85,0.92,0.6,0.55,1.81,1.3,1.33,1.2,0.52,0.08,0.0,0.0,0.0
518,0.0,0.0,0.0,0.0,0.0,0.0,0.05,0.39,1.08,1.76,2.01,2.7,1.98,1.52,1.51,1.35,1.28,0.77,1.29,0.45,0.08,0.0,0.0,0.0,0.0,0.0,0.0,0.0,0.0,0.0,0.02,0.13,0.25,0.51,1.1,1.84,1.61,0.53,0.27,0.55,0.61,0.49,0.18,0.05,0.02,0.0,0.0,0.0,0.0,0.0,0.0,0.0,0.0,0.0,0.0,0.07,0.18,0.26,0.68,2.32,2.63,3.29,3.52,3.32,2.32,1.29,0.68,0.32,0.13,0.0,0.0,0.0,0.0,0.0,0.0,0.0,0.0,0.0,0.04,0.38,1.1,1.78,2.71,0.29,3.34,2.53,1.85,1.15,0.59,1.13,0.19,0.21,0.05,0.0,0.0,0.0,0.0,0.0,0.0,0.0,0.0,0.0,0.05,0.29,1.2,1.96,2.6,2.21,1.41,1.3,1.3,2.07,0.73,0.51,0.69,0.55,0.1,0.0,0.0,0.0,0.0,0.0,0.0,0.0,0.0,0.0,0.04,0.19,0.45,0.33,0.49,0.85,0.92,0.6,0.55,1.81,1.3,1.33,1.2,0.52,0.08,0.0,0.0,0.0,0.0,0.0,0.0,0.0,0.0,0.0,0.06,0.46,1.0,1.84,2.39,2.45,2.52,2.0,0.42,0.45,1.01,0.25,0.29,0.22,0.02,0.0,0.0,0.0
519,0.0,0.0,0.0,0.0,0.0,0.0,0.02,0.13,0.25,0.51,1.1,1.84,1.61,0.53,0.27,0.55,0.61,0.49,0.18,0.05,0.02,0.0,0.0,0.0,0.0,0.0,0.0,0.0,0.0,0.0,0.0,0.07,0.18,0.26,0.68,2.32,2.63,3.29,3.52,3.32,2.32,1.29,0.68,0.32,0.13,0.0,0.0,0.0,0.0,0.0,0.0,0.0,0.0,0.0,0.04,0.38,1.1,1.78,2.71,0.29,3.34,2.53,1.85,1.15,0.59,1.13,0.19,0.21,0.05,0.0,0.0,0.0,0.0,0.0,0.0,0.0,0.0,0.0,0.05,0.29,1.2,1.96,2.6,2.21,1.41,1.3,1.3,2.07,0.73,0.51,0.69,0.55,0.1,0.0,0.0,0.0,0.0,0.0,0.0,0.0,0.0,0.0,0.04,0.19,0.45,0.33,0.49,0.85,0.92,0.6,0.55,1.81,1.3,1.33,1.2,0.52,0.08,0.0,0.0,0.0,0.0,0.0,0.0,0.0,0.0,0.0,0.06,0.46,1.0,1.84,2.39,2.45,2.52,2.0,0.42,0.45,1.01,0.25,0.29,0.22,0.02,0.0,0.0,0.0,0.0,0.0,0.0,0.0,0.0,0.0,0.06,0.47,1.01,1.96,2.59,3.06,3.42,3.53,3.12,2.07,1.79,2.18,0.58,0.55,0.15,0.0,0.0,0.0
520,0.0,0.0,0.0,0.0,0.0,0.0,0.0,0.07,0.18,0.26,0.68,2.32,2.63,3.29,3.52,3.32,2.32,1.29,0.68,0.32,0.13,0.0,0.0,0.0,0.0,0.0,0.0,0.0,0.0,0.0,0.04,0.38,1.1,1.78,2.71,0.29,3.34,2.53,1.85,1.15,0.59,1.13,0.19,0.21,0.05,0.0,0.0,0.0,0.0,0.0,0.0,0.0,0.0,0.0,0.05,0.29,1.2,1.96,2.6,2.21,1.41,1.3,1.3,2.07,0.73,0.51,0.69,0.55,0.1,0.0,0.0,0.0,0.0,0.0,0.0,0.0,0.0,0.0,0.04,0.19,0.45,0.33,0.49,0.85,0.92,0.6,0.55,1.81,1.3,1.33,1.2,0.52,0.08,0.0,0.0,0.0,0.0,0.0,0.0,0.0,0.0,0.0,0.06,0.46,1.0,1.84,2.39,2.45,2.52,2.0,0.42,0.45,1.01,0.25,0.29,0.22,0.02,0.0,0.0,0.0,0.0,0.0,0.0,0.0,0.0,0.0,0.06,0.47,1.01,1.96,2.59,3.06,3.42,3.53,3.12,2.07,1.79,2.18,0.58,0.55,0.15,0.0,0.0,0.0,0.0,0.0,0.0,0.0,0.0,0.0,0.06,0.54,1.26,2.01,2.52,3.1,3.17,3.19,3.06,2.32,1.76,0.82,0.47,0.19,0.05,0.0,0.0,0.0
521,0.0,0.0,0.0,0.0,0.0,0.0,0.04,0.38,1.1,1.78,2.71,0.29,3.34,2.53,1.85,1.15,0.59,1.13,0.19,0.21,0.05,0.0,0.0,0.0,0.0,0.0,0.0,0.0,0.0,0.0,0.05,0.29,1.2,1.96,2.6,2.21,1.41,1.3,1.3,2.07,0.73,0.51,0.69,0.55,0.1,0.0,0.0,0.0,0.0,0.0,0.0,0.0,0.0,0.0,0.04,0.19,0.45,0.33,0.49,0.85,0.92,0.6,0.55,1.81,1.3,1.33,1.2,0.52,0.08,0.0,0.0,0.0,0.0,0.0,0.0,0.0,0.0,0.0,0.06,0.46,1.0,1.84,2.39,2.45,2.52,2.0,0.42,0.45,1.01,0.25,0.29,0.22,0.02,0.0,0.0,0.0,0.0,0.0,0.0,0.0,0.0,0.0,0.06,0.47,1.01,1.96,2.59,3.06,3.42,3.53,3.12,2.07,1.79,2.18,0.58,0.55,0.15,0.0,0.0,0.0,0.0,0.0,0.0,0.0,0.0,0.0,0.06,0.54,1.26,2.01,2.52,3.1,3.17,3.19,3.06,2.32,1.76,0.82,0.47,0.19,0.05,0.0,0.0,0.0,0.0,0.0,0.0,0.0,0.0,0.0,0.02,0.18,0.85,1.76,2.42,2.79,3.11,2.33,2.38,1.27,0.26,1.29,1.37,0.52,0.11,0.0,0.0,0.0
522,0.0,0.0,0.0,0.0,0.0,0.0,0.05,0.29,1.2,1.96,2.6,2.21,1.41,1.3,1.3,2.07,0.73,0.51,0.69,0.55,0.1,0.0,0.0,0.0,0.0,0.0,0.0,0.0,0.0,0.0,0.04,0.19,0.45,0.33,0.49,0.85,0.92,0.6,0.55,1.81,1.3,1.33,1.2,0.52,0.08,0.0,0.0,0.0,0.0,0.0,0.0,0.0,0.0,0.0,0.06,0.46,1.0,1.84,2.39,2.45,2.52,2.0,0.42,0.45,1.01,0.25,0.29,0.22,0.02,0.0,0.0,0.0,0.0,0.0,0.0,0.0,0.0,0.0,0.06,0.47,1.01,1.96,2.59,3.06,3.42,3.53,3.12,2.07,1.79,2.18,0.58,0.55,0.15,0.0,0.0,0.0,0.0,0.0,0.0,0.0,0.0,0.0,0.06,0.54,1.26,2.01,2.52,3.1,3.17,3.19,3.06,2.32,1.76,0.82,0.47,0.19,0.05,0.0,0.0,0.0,0.0,0.0,0.0,0.0,0.0,0.0,0.02,0.18,0.85,1.76,2.42,2.79,3.11,2.33,2.38,1.27,0.26,1.29,1.37,0.52,0.11,0.0,0.0,0.0,0.0,0.0,0.0,0.0,0.0,0.0,0.06,0.43,1.11,1.95,2.78,3.31,3.5,2.11,1.15,0.81,0.5,0.36,0.32,0.15,0.04,0.0,0.0,0.0
523,0.0,0.0,0.0,0.0,0.0,0.0,0.04,0.19,0.45,0.33,0.49,0.85,0.92,0.6,0.55,1.81,1.3,1.33,1.2,0.52,0.08,0.0,0.0,0.0,0.0,0.0,0.0,0.0,0.0,0.0,0.06,0.46,1.0,1.84,2.39,2.45,2.52,2.0,0.42,0.45,1.01,0.25,0.29,0.22,0.02,0.0,0.0,0.0,0.0,0.0,0.0,0.0,0.0,0.0,0.06,0.47,1.01,1.96,2.59,3.06,3.42,3.53,3.12,2.07,1.79,2.18,0.58,0.55,0.15,0.0,0.0,0.0,0.0,0.0,0.0,0.0,0.0,0.0,0.06,0.54,1.26,2.01,2.52,3.1,3.17,3.19,3.06,2.32,1.76,0.82,0.47,0.19,0.05,0.0,0.0,0.0,0.0,0.0,0.0,0.0,0.0,0.0,0.02,0.18,0.85,1.76,2.42,2.79,3.11,2.33,2.38,1.27,0.26,1.29,1.37,0.52,0.11,0.0,0.0,0.0,0.0,0.0,0.0,0.0,0.0,0.0,0.06,0.43,1.11,1.95,2.78,3.31,3.5,2.11,1.15,0.81,0.5,0.36,0.32,0.15,0.04,0.0,0.0,0.0,0.0,0.0,0.0,0.0,0.0,0.0,0.01,0.1,0.24,0.35,0.42,0.4,0.41,0.59,0.62,0.53,0.77,0.59,0.32,0.2,0.07,0.0,0.0,0.0
524,0.0,0.0,0.0,0.0,0.0,0.0,0.06,0.46,1.0,1.84,2.39,2.45,2.52,2.0,0.42,0.45,1.01,0.25,0.29,0.22,0.02,0.0,0.0,0.0,0.0,0.0,0.0,0.0,0.0,0.0,0.06,0.47,1.01,1.96,2.59,3.06,3.42,3.53,3.12,2.07,1.79,2.18,0.58,0.55,0.15,0.0,0.0,0.0,0.0,0.0,0.0,0.0,0.0,0.0,0.06,0.54,1.26,2.01,2.52,3.1,3.17,3.19,3.06,2.32,1.76,0.82,0.47,0.19,0.05,0.0,0.0,0.0,0.0,0.0,0.0,0.0,0.0,0.0,0.02,0.18,0.85,1.76,2.42,2.79,3.11,2.33,2.38,1.27,0.26,1.29,1.37,0.52,0.11,0.0,0.0,0.0,0.0,0.0,0.0,0.0,0.0,0.0,0.06,0.43,1.11,1.95,2.78,3.31,3.5,2.11,1.15,0.81,0.5,0.36,0.32,0.15,0.04,0.0,0.0,0.0,0.0,0.0,0.0,0.0,0.0,0.0,0.01,0.1,0.24,0.35,0.42,0.4,0.41,0.59,0.62,0.53,0.77,0.59,0.32,0.2,0.07,0.0,0.0,0.0,0.0,0.0,0.0,0.0,0.0,0.0,0.01,0.18,0.31,0.22,1.16,1.52,1.05,1.04,0.75,1.43,1.54,1.63,1.39,0.63,0.14,0.0,0.0,0.0
525,0.0,0.0,0.0,0.0,0.0,0.0,0.06,0.47,1.01,1.96,2.59,3.06,3.42,3.53,3.12,2.07,1.79,2.18,0.58,0.55,0.15,0.0,0.0,0.0,0.0,0.0,0.0,0.0,0.0,0.0,0.06,0.54,1.26,2.01,2.52,3.1,3.17,3.19,3.06,2.32,1.76,0.82,0.47,0.19,0.05,0.0,0.0,0.0,0.0,0.0,0.0,0.0,0.0,0.0,0.02,0.18,0.85,1.76,2.42,2.79,3.11,2.33,2.38,1.27,0.26,1.29,1.37,0.52,0.11,0.0,0.0,0.0,0.0,0.0,0.0,0.0,0.0,0.0,0.06,0.43,1.11,1.95,2.78,3.31,3.5,2.11,1.15,0.81,0.5,0.36,0.32,0.15,0.04,0.0,0.0,0.0,0.0,0.0,0.0,0.0,0.0,0.0,0.01,0.1,0.24,0.35,0.42,0.4,0.41,0.59,0.62,0.53,0.77,0.59,0.32,0.2,0.07,0.0,0.0,0.0,0.0,0.0,0.0,0.0,0.0,0.0,0.01,0.18,0.31,0.22,1.16,1.52,1.05,1.04,0.75,1.43,1.54,1.63,1.39,0.63,0.14,0.0,0.0,0.0,0.0,0.0,0.0,0.0,0.0,0.0,0.07,0.41,0.54,0.57,1.17,1.62,2.08,3.0,3.41,1.9,1.38,1.09,0.48,0.12,0.02,0.0,0.0,0.0
526,0.0,0.0,0.0,0.0,0.0,0.0,0.06,0.54,1.26,2.01,2.52,3.1,3.17,3.19,3.06,2.32,1.76,0.82,0.47,0.19,0.05,0.0,0.0,0.0,0.0,0.0,0.0,0.0,0.0,0.0,0.02,0.18,0.85,1.76,2.42,2.79,3.11,2.33,2.38,1.27,0.26,1.29,1.37,0.52,0.11,0.0,0.0,0.0,0.0,0.0,0.0,0.0,0.0,0.0,0.06,0.43,1.11,1.95,2.78,3.31,3.5,2.11,1.15,0.81,0.5,0.36,0.32,0.15,0.04,0.0,0.0,0.0,0.0,0.0,0.0,0.0,0.0,0.0,0.01,0.1,0.24,0.35,0.42,0.4,0.41,0.59,0.62,0.53,0.77,0.59,0.32,0.2,0.07,0.0,0.0,0.0,0.0,0.0,0.0,0.0,0.0,0.0,0.01,0.18,0.31,0.22,1.16,1.52,1.05,1.04,0.75,1.43,1.54,1.63,1.39,0.63,0.14,0.0,0.0,0.0,0.0,0.0,0.0,0.0,0.0,0.0,0.07,0.41,0.54,0.57,1.17,1.62,2.08,3.0,3.41,1.9,1.38,1.09,0.48,0.12,0.02,0.0,0.0,0.0,0.0,0.0,0.0,0.0,0.0,0.0,0.06,0.39,0.57,0.55,0.51,0.69,0.5,0.29,0.38,0.44,0.62,0.54,0.42,0.08,0.03,0.0,0.0,0.0
527,0.0,0.0,0.0,0.0,0.0,0.0,0.02,0.18,0.85,1.76,2.42,2.79,3.11,2.33,2.38,1.27,0.26,1.29,1.37,0.52,0.11,0.0,0.0,0.0,0.0,0.0,0.0,0.0,0.0,0.0,0.06,0.43,1.11,1.95,2.78,3.31,3.5,2.11,1.15,0.81,0.5,0.36,0.32,0.15,0.04,0.0,0.0,0.0,0.0,0.0,0.0,0.0,0.0,0.0,0.01,0.1,0.24,0.35,0.42,0.4,0.41,0.59,0.62,0.53,0.77,0.59,0.32,0.2,0.07,0.0,0.0,0.0,0.0,0.0,0.0,0.0,0.0,0.0,0.01,0.18,0.31,0.22,1.16,1.52,1.05,1.04,0.75,1.43,1.54,1.63,1.39,0.63,0.14,0.0,0.0,0.0,0.0,0.0,0.0,0.0,0.0,0.0,0.07,0.41,0.54,0.57,1.17,1.62,2.08,3.0,3.41,1.9,1.38,1.09,0.48,0.12,0.02,0.0,0.0,0.0,0.0,0.0,0.0,0.0,0.0,0.0,0.06,0.39,0.57,0.55,0.51,0.69,0.5,0.29,0.38,0.44,0.62,0.54,0.42,0.08,0.03,0.0,0.0,0.0,0.0,0.0,0.0,0.0,0.0,0.0,0.01,0.11,0.17,0.32,0.43,0.44,0.45,0.61,0.4,0.47,0.36,0.65,0.41,0.18,0.05,0.0,0.0,0.0
528,0.0,0.0,0.0,0.0,0.0,0.0,0.06,0.43,1.11,1.95,2.78,3.31,3.5,2.11,1.15,0.81,0.5,0.36,0.32,0.15,0.04,0.0,0.0,0.0,0.0,0.0,0.0,0.0,0.0,0.0,0.01,0.1,0.24,0.35,0.42,0.4,0.41,0.59,0.62,0.53,0.77,0.59,0.32,0.2,0.07,0.0,0.0,0.0,0.0,0.0,0.0,0.0,0.0,0.0,0.01,0.18,0.31,0.22,1.16,1.52,1.05,1.04,0.75,1.43,1.54,1.63,1.39,0.63,0.14,0.0,0.0,0.0,0.0,0.0,0.0,0.0,0.0,0.0,0.07,0.41,0.54,0.57,1.17,1.62,2.08,3.0,3.41,1.9,1.38,1.09,0.48,0.12,0.02,0.0,0.0,0.0,0.0,0.0,0.0,0.0,0.0,0.0,0.06,0.39,0.57,0.55,0.51,0.69,0.5,0.29,0.38,0.44,0.62,0.54,0.42,0.08,0.03,0.0,0.0,0.0,0.0,0.0,0.0,0.0,0.0,0.0,0.01,0.11,0.17,0.32,0.43,0.44,0.45,0.61,0.4,0.47,0.36,0.65,0.41,0.18,0.05,0.0,0.0,0.0,0.0,0.0,0.0,0.0,0.0,0.0,0.04,0.27,0.53,0.56,0.45,0.62,1.19,1.42,2.26,1.49,1.08,1.19,0.84,0.53,0.12,0.0,0.0,0.0
529,0.0,0.0,0.0,0.0,0.0,0.0,0.01,0.1,0.24,0.35,0.42,0.4,0.41,0.59,0.62,0.53,0.77,0.59,0.32,0.2,0.07,0.0,0.0,0.0,0.0,0.0,0.0,0.0,0.0,0.0,0.01,0.18,0.31,0.22,1.16,1.52,1.05,1.04,0.75,1.43,1.54,1.63,1.39,0.63,0.14,0.0,0.0,0.0,0.0,0.0,0.0,0.0,0.0,0.0,0.07,0.41,0.54,0.57,1.17,1.62,2.08,3.0,3.41,1.9,1.38,1.09,0.48,0.12,0.02,0.0,0.0,0.0,0.0,0.0,0.0,0.0,0.0,0.0,0.06,0.39,0.57,0.55,0.51,0.69,0.5,0.29,0.38,0.44,0.62,0.54,0.42,0.08,0.03,0.0,0.0,0.0,0.0,0.0,0.0,0.0,0.0,0.0,0.01,0.11,0.17,0.32,0.43,0.44,0.45,0.61,0.4,0.47,0.36,0.65,0.41,0.18,0.05,0.0,0.0,0.0,0.0,0.0,0.0,0.0,0.0,0.0,0.04,0.27,0.53,0.56,0.45,0.62,1.19,1.42,2.26,1.49,1.08,1.19,0.84,0.53,0.12,0.0,0.0,0.0,0.0,0.0,0.0,0.0,0.0,0.0,0.06,0.43,1.13,1.85,2.46,2.98,3.38,3.56,3.45,3.0,2.65,2.0,1.36,0.54,0.09,0.0,0.0,0.0
530,0.0,0.0,0.0,0.0,0.0,0.0,0.01,0.18,0.31,0.22,1.16,1.52,1.05,1.04,0.75,1.43,1.54,1.63,1.39,0.63,0.14,0.0,0.0,0.0,0.0,0.0,0.0,0.0,0.0,0.0,0.07,0.41,0.54,0.57,1.17,1.62,2.08,3.0,3.41,1.9,1.38,1.09,0.48,0.12,0.02,0.0,0.0,0.0,0.0,0.0,0.0,0.0,0.0,0.0,0.06,0.39,0.57,0.55,0.51,0.69,0.5,0.29,0.38,0.44,0.62,0.54,0.42,0.08,0.03,0.0,0.0,0.0,0.0,0.0,0.0,0.0,0.0,0.0,0.01,0.11,0.17,0.32,0.43,0.44,0.45,0.61,0.4,0.47,0.36,0.65,0.41,0.18,0.05,0.0,0.0,0.0,0.0,0.0,0.0,0.0,0.0,0.0,0.04,0.27,0.53,0.56,0.45,0.62,1.19,1.42,2.26,1.49,1.08,1.19,0.84,0.53,0.12,0.0,0.0,0.0,0.0,0.0,0.0,0.0,0.0,0.0,0.06,0.43,1.13,1.85,2.46,2.98,3.38,3.56,3.45,3.0,2.65,2.0,1.36,0.54,0.09,0.0,0.0,0.0,0.0,0.0,0.0,0.0,0.0,0.0,0.02,0.18,0.28,0.61,2.18,2.52,3.05,2.65,2.9,2.84,2.4,1.64,0.79,0.27,0.06,0.0,0.0,0.0
531,0.0,0.0,0.0,0.0,0.0,0.0,0.07,0.41,0.54,0.57,1.17,1.62,2.08,3.0,3.41,1.9,1.38,1.09,0.48,0.12,0.02,0.0,0.0,0.0,0.0,0.0,0.0,0.0,0.0,0.0,0.06,0.39,0.57,0.55,0.51,0.69,0.5,0.29,0.38,0.44,0.62,0.54,0.42,0.08,0.03,0.0,0.0,0.0,0.0,0.0,0.0,0.0,0.0,0.0,0.01,0.11,0.17,0.32,0.43,0.44,0.45,0.61,0.4,0.47,0.36,0.65,0.41,0.18,0.05,0.0,0.0,0.0,0.0,0.0,0.0,0.0,0.0,0.0,0.04,0.27,0.53,0.56,0.45,0.62,1.19,1.42,2.26,1.49,1.08,1.19,0.84,0.53,0.12,0.0,0.0,0.0,0.0,0.0,0.0,0.0,0.0,0.0,0.06,0.43,1.13,1.85,2.46,2.98,3.38,3.56,3.45,3.0,2.65,2.0,1.36,0.54,0.09,0.0,0.0,0.0,0.0,0.0,0.0,0.0,0.0,0.0,0.02,0.18,0.28,0.61,2.18,2.52,3.05,2.65,2.9,2.84,2.4,1.64,0.79,0.27,0.06,0.0,0.0,0.0,0.0,0.0,0.0,0.0,0.0,0.0,0.06,0.32,0.53,0.21,0.48,0.74,0.56,0.13,0.05,0.09,0.07,0.08,0.07,0.02,0.0,0.0,0.0,0.0
532,0.0,0.0,0.0,0.0,0.0,0.0,0.06,0.39,0.57,0.55,0.51,0.69,0.5,0.29,0.38,0.44,0.62,0.54,0.42,0.08,0.03,0.0,0.0,0.0,0.0,0.0,0.0,0.0,0.0,0.0,0.01,0.11,0.17,0.32,0.43,0.44,0.45,0.61,0.4,0.47,0.36,0.65,0.41,0.18,0.05,0.0,0.0,0.0,0.0,0.0,0.0,0.0,0.0,0.0,0.04,0.27,0.53,0.56,0.45,0.62,1.19,1.42,2.26,1.49,1.08,1.19,0.84,0.53,0.12,0.0,0.0,0.0,0.0,0.0,0.0,0.0,0.0,0.0,0.06,0.43,1.13,1.85,2.46,2.98,3.38,3.56,3.45,3.0,2.65,2.0,1.36,0.54,0.09,0.0,0.0,0.0,0.0,0.0,0.0,0.0,0.0,0.0,0.02,0.18,0.28,0.61,2.18,2.52,3.05,2.65,2.9,2.84,2.4,1.64,0.79,0.27,0.06,0.0,0.0,0.0,0.0,0.0,0.0,0.0,0.0,0.0,0.06,0.32,0.53,0.21,0.48,0.74,0.56,0.13,0.05,0.09,0.07,0.08,0.07,0.02,0.0,0.0,0.0,0.0,0.0,0.0,0.0,0.0,0.0,0.0,0.01,0.08,0.18,0.51,1.07,1.44,0.69,0.62,0.47,0.3,0.6,0.82,1.11,0.57,0.03,0.0,0.0,0.0
533,0.0,0.0,0.0,0.0,0.0,0.0,0.01,0.11,0.17,0.32,0.43,0.44,0.45,0.61,0.4,0.47,0.36,0.65,0.41,0.18,0.05,0.0,0.0,0.0,0.0,0.0,0.0,0.0,0.0,0.0,0.04,0.27,0.53,0.56,0.45,0.62,1.19,1.42,2.26,1.49,1.08,1.19,0.84,0.53,0.12,0.0,0.0,0.0,0.0,0.0,0.0,0.0,0.0,0.0,0.06,0.43,1.13,1.85,2.46,2.98,3.38,3.56,3.45,3.0,2.65,2.0,1.36,0.54,0.09,0.0,0.0,0.0,0.0,0.0,0.0,0.0,0.0,0.0,0.02,0.18,0.28,0.61,2.18,2.52,3.05,2.65,2.9,2.84,2.4,1.64,0.79,0.27,0.06,0.0,0.0,0.0,0.0,0.0,0.0,0.0,0.0,0.0,0.06,0.32,0.53,0.21,0.48,0.74,0.56,0.13,0.05,0.09,0.07,0.08,0.07,0.02,0.0,0.0,0.0,0.0,0.0,0.0,0.0,0.0,0.0,0.0,0.01,0.08,0.18,0.51,1.07,1.44,0.69,0.62,0.47,0.3,0.6,0.82,1.11,0.57,0.03,0.0,0.0,0.0,0.0,0.0,0.0,0.0,0.0,0.0,0.02,0.23,0.54,0.76,0.74,2.18,2.69,2.51,2.77,1.71,1.64,0.8,0.64,0.28,0.04,0.0,0.0,0.0
534,0.0,0.0,0.0,0.0,0.0,0.0,0.04,0.27,0.53,0.56,0.45,0.62,1.19,1.42,2.26,1.49,1.08,1.19,0.84,0.53,0.12,0.0,0.0,0.0,0.0,0.0,0.0,0.0,0.0,0.0,0.06,0.43,1.13,1.85,2.46,2.98,3.38,3.56,3.45,3.0,2.65,2.0,1.36,0.54,0.09,0.0,0.0,0.0,0.0,0.0,0.0,0.0,0.0,0.0,0.02,0.18,0.28,0.61,2.18,2.52,3.05,2.65,2.9,2.84,2.4,1.64,0.79,0.27,0.06,0.0,0.0,0.0,0.0,0.0,0.0,0.0,0.0,0.0,0.06,0.32,0.53,0.21,0.48,0.74,0.56,0.13,0.05,0.09,0.07,0.08,0.07,0.02,0.0,0.0,0.0,0.0,0.0,0.0,0.0,0.0,0.0,0.0,0.01,0.08,0.18,0.51,1.07,1.44,0.69,0.62,0.47,0.3,0.6,0.82,1.11,0.57,0.03,0.0,0.0,0.0,0.0,0.0,0.0,0.0,0.0,0.0,0.02,0.23,0.54,0.76,0.74,2.18,2.69,2.51,2.77,1.71,1.64,0.8,0.64,0.28,0.04,0.0,0.0,0.0,0.0,0.0,0.0,0.0,0.0,0.0,0.0,0.01,0.03,0.05,0.07,0.36,0.52,0.78,0.32,0.25,0.13,0.21,0.14,0.1,0.03,0.0,0.0,0.0
535,0.0,0.0,0.0,0.0,0.0,0.0,0.06,0.43,1.13,1.85,2.46,2.98,3.38,3.56,3.45,3.0,2.65,2.0,1.36,0.54,0.09,0.0,0.0,0.0,0.0,0.0,0.0,0.0,0.0,0.0,0.02,0.18,0.28,0.61,2.18,2.52,3.05,2.65,2.9,2.84,2.4,1.64,0.79,0.27,0.06,0.0,0.0,0.0,0.0,0.0,0.0,0.0,0.0,0.0,0.06,0.32,0.53,0.21,0.48,0.74,0.56,0.13,0.05,0.09,0.07,0.08,0.07,0.02,0.0,0.0,0.0,0.0,0.0,0.0,0.0,0.0,0.0,0.0,0.01,0.08,0.18,0.51,1.07,1.44,0.69,0.62,0.47,0.3,0.6,0.82,1.11,0.57,0.03,0.0,0.0,0.0,0.0,0.0,0.0,0.0,0.0,0.0,0.02,0.23,0.54,0.76,0.74,2.18,2.69,2.51,2.77,1.71,1.64,0.8,0.64,0.28,0.04,0.0,0.0,0.0,0.0,0.0,0.0,0.0,0.0,0.0,0.0,0.01,0.03,0.05,0.07,0.36,0.52,0.78,0.32,0.25,0.13,0.21,0.14,0.1,0.03,0.0,0.0,0.0,0.0,0.0,0.0,0.0,0.0,0.0,0.0,0.1,0.29,0.4,0.38,0.63,0.51,0.86,0.41,0.48,0.28,0.25,0.11,0.04,0.01,0.0,0.0,0.0
536,0.0,0.0,0.0,0.0,0.0,0.0,0.02,0.18,0.28,0.61,2.18,2.52,3.05,2.65,2.9,2.84,2.4,1.64,0.79,0.27,0.06,0.0,0.0,0.0,0.0,0.0,0.0,0.0,0.0,0.0,0.06,0.32,0.53,0.21,0.48,0.74,0.56,0.13,0.05,0.09,0.07,0.08,0.07,0.02,0.0,0.0,0.0,0.0,0.0,0.0,0.0,0.0,0.0,0.0,0.01,0.08,0.18,0.51,1.07,1.44,0.69,0.62,0.47,0.3,0.6,0.82,1.11,0.57,0.03,0.0,0.0,0.0,0.0,0.0,0.0,0.0,0.0,0.0,0.02,0.23,0.54,0.76,0.74,2.18,2.69,2.51,2.77,1.71,1.64,0.8,0.64,0.28,0.04,0.0,0.0,0.0,0.0,0.0,0.0,0.0,0.0,0.0,0.0,0.01,0.03,0.05,0.07,0.36,0.52,0.78,0.32,0.25,0.13,0.21,0.14,0.1,0.03,0.0,0.0,0.0,0.0,0.0,0.0,0.0,0.0,0.0,0.0,0.1,0.29,0.4,0.38,0.63,0.51,0.86,0.41,0.48,0.28,0.25,0.11,0.04,0.01,0.0,0.0,0.0,0.0,0.0,0.0,0.0,0.0,0.0,0.02,0.12,0.21,0.66,0.46,0.41,0.36,0.31,0.24,0.19,0.15,0.12,0.04,0.04,0.0,0.0,0.0,0.0
537,0.0,0.0,0.0,0.0,0.0,0.0,0.06,0.32,0.53,0.21,0.48,0.74,0.56,0.13,0.05,0.09,0.07,0.08,0.07,0.02,0.0,0.0,0.0,0.0,0.0,0.0,0.0,0.0,0.0,0.0,0.01,0.08,0.18,0.51,1.07,1.44,0.69,0.62,0.47,0.3,0.6,0.82,1.11,0.57,0.03,0.0,0.0,0.0,0.0,0.0,0.0,0.0,0.0,0.0,0.02,0.23,0.54,0.76,0.74,2.18,2.69,2.51,2.77,1.71,1.64,0.8,0.64,0.28,0.04,0.0,0.0,0.0,0.0,0.0,0.0,0.0,0.0,0.0,0.0,0.01,0.03,0.05,0.07,0.36,0.52,0.78,0.32,0.25,0.13,0.21,0.14,0.1,0.03,0.0,0.0,0.0,0.0,0.0,0.0,0.0,0.0,0.0,0.0,0.1,0.29,0.4,0.38,0.63,0.51,0.86,0.41,0.48,0.28,0.25,0.11,0.04,0.01,0.0,0.0,0.0,0.0,0.0,0.0,0.0,0.0,0.0,0.02,0.12,0.21,0.66,0.46,0.41,0.36,0.31,0.24,0.19,0.15,0.12,0.04,0.04,0.0,0.0,0.0,0.0,0.0,0.0,0.0,0.0,0.0,0.0,0.0,0.03,0.09,0.14,0.22,0.2,0.18,0.28,0.19,0.64,0.26,0.3,0.25,0.12,0.04,0.0,0.0,0.0
538,0.0,0.0,0.0,0.0,0.0,0.0,0.01,0.08,0.18,0.51,1.07,1.44,0.69,0.62,0.47,0.3,0.6,0.82,1.11,0.57,0.03,0.0,0.0,0.0,0.0,0.0,0.0,0.0,0.0,0.0,0.02,0.23,0.54,0.76,0.74,2.18,2.69,2.51,2.77,1.71,1.64,0.8,0.64,0.28,0.04,0.0,0.0,0.0,0.0,0.0,0.0,0.0,0.0,0.0,0.0,0.01,0.03,0.05,0.07,0.36,0.52,0.78,0.32,0.25,0.13,0.21,0.14,0.1,0.03,0.0,0.0,0.0,0.0,0.0,0.0,0.0,0.0,0.0,0.0,0.1,0.29,0.4,0.38,0.63,0.51,0.86,0.41,0.48,0.28,0.25,0.11,0.04,0.01,0.0,0.0,0.0,0.0,0.0,0.0,0.0,0.0,0.0,0.02,0.12,0.21,0.66,0.46,0.41,0.36,0.31,0.24,0.19,0.15,0.12,0.04,0.04,0.0,0.0,0.0,0.0,0.0,0.0,0.0,0.0,0.0,0.0,0.0,0.03,0.09,0.14,0.22,0.2,0.18,0.28,0.19,0.64,0.26,0.3,0.25,0.12,0.04,0.0,0.0,0.0,0.0,0.0,0.0,0.0,0.0,0.0,0.0,0.02,0.03,0.06,0.04,0.17,0.5,0.24,0.24,0.33,0.25,0.19,0.19,0.15,0.01,0.0,0.0,0.0
539,0.0,0.0,0.0,0.0,0.0,0.0,0.02,0.23,0.54,0.76,0.74,2.18,2.69,2.51,2.77,1.71,1.64,0.8,0.64,0.28,0.04,0.0,0.0,0.0,0.0,0.0,0.0,0.0,0.0,0.0,0.0,0.01,0.03,0.05,0.07,0.36,0.52,0.78,0.32,0.25,0.13,0.21,0.14,0.1,0.03,0.0,0.0,0.0,0.0,0.0,0.0,0.0,0.0,0.0,0.0,0.1,0.29,0.4,0.38,0.63,0.51,0.86,0.41,0.48,0.28,0.25,0.11,0.04,0.01,0.0,0.0,0.0,0.0,0.0,0.0,0.0,0.0,0.0,0.02,0.12,0.21,0.66,0.46,0.41,0.36,0.31,0.24,0.19,0.15,0.12,0.04,0.04,0.0,0.0,0.0,0.0,0.0,0.0,0.0,0.0,0.0,0.0,0.0,0.03,0.09,0.14,0.22,0.2,0.18,0.28,0.19,0.64,0.26,0.3,0.25,0.12,0.04,0.0,0.0,0.0,0.0,0.0,0.0,0.0,0.0,0.0,0.0,0.02,0.03,0.06,0.04,0.17,0.5,0.24,0.24,0.33,0.25,0.19,0.19,0.15,0.01,0.0,0.0,0.0,0.0,0.0,0.0,0.0,0.0,0.0,0.03,0.21,0.38,1.36,2.0,1.48,2.4,2.78,2.43,2.36,2.51,1.73,1.28,0.43,0.15,0.0,0.0,0.0
540,0.0,0.0,0.0,0.0,0.0,0.0,0.0,0.01,0.03,0.05,0.07,0.36,0.52,0.78,0.32,0.25,0.13,0.21,0.14,0.1,0.03,0.0,0.0,0.0,0.0,0.0,0.0,0.0,0.0,0.0,0.0,0.1,0.29,0.4,0.38,0.63,0.51,0.86,0.41,0.48,0.28,0.25,0.11,0.04,0.01,0.0,0.0,0.0,0.0,0.0,0.0,0.0,0.0,0.0,0.02,0.12,0.21,0.66,0.46,0.41,0.36,0.31,0.24,0.19,0.15,0.12,0.04,0.04,0.0,0.0,0.0,0.0,0.0,0.0,0.0,0.0,0.0,0.0,0.0,0.03,0.09,0.14,0.22,0.2,0.18,0.28,0.19,0.64,0.26,0.3,0.25,0.12,0.04,0.0,0.0,0.0,0.0,0.0,0.0,0.0,0.0,0.0,0.0,0.02,0.03,0.06,0.04,0.17,0.5,0.24,0.24,0.33,0.25,0.19,0.19,0.15,0.01,0.0,0.0,0.0,0.0,0.0,0.0,0.0,0.0,0.0,0.03,0.21,0.38,1.36,2.0,1.48,2.4,2.78,2.43,2.36,2.51,1.73,1.28,0.43,0.15,0.0,0.0,0.0,0.0,0.0,0.0,0.0,0.0,0.0,0.07,0.42,1.0,1.75,2.52,2.51,3.04,3.5,1.67,2.76,2.66,1.64,1.45,0.69,0.15,0.0,0.0,0.0
541,0.0,0.0,0.0,0.0,0.0,0.0,0.0,0.1,0.29,0.4,0.38,0.63,0.51,0.86,0.41,0.48,0.28,0.25,0.11,0.04,0.01,0.0,0.0,0.0,0.0,0.0,0.0,0.0,0.0,0.0,0.02,0.12,0.21,0.66,0.46,0.41,0.36,0.31,0.24,0.19,0.15,0.12,0.04,0.04,0.0,0.0,0.0,0.0,0.0,0.0,0.0,0.0,0.0,0.0,0.0,0.03,0.09,0.14,0.22,0.2,0.18,0.28,0.19,0.64,0.26,0.3,0.25,0.12,0.04,0.0,0.0,0.0,0.0,0.0,0.0,0.0,0.0,0.0,0.0,0.02,0.03,0.06,0.04,0.17,0.5,0.24,0.24,0.33,0.25,0.19,0.19,0.15,0.01,0.0,0.0,0.0,0.0,0.0,0.0,0.0,0.0,0.0,0.03,0.21,0.38,1.36,2.0,1.48,2.4,2.78,2.43,2.36,2.51,1.73,1.28,0.43,0.15,0.0,0.0,0.0,0.0,0.0,0.0,0.0,0.0,0.0,0.07,0.42,1.0,1.75,2.52,2.51,3.04,3.5,1.67,2.76,2.66,1.64,1.45,0.69,0.15,0.0,0.0,0.0,0.0,0.0,0.0,0.0,0.0,0.0,0.03,0.34,0.97,1.82,2.52,3.12,2.21,3.41,3.09,2.5,2.27,2.05,1.28,0.54,0.1,0.0,0.0,0.0
542,0.0,0.0,0.0,0.0,0.0,0.0,0.02,0.12,0.21,0.66,0.46,0.41,0.36,0.31,0.24,0.19,0.15,0.12,0.04,0.04,0.0,0.0,0.0,0.0,0.0,0.0,0.0,0.0,0.0,0.0,0.0,0.03,0.09,0.14,0.22,0.2,0.18,0.28,0.19,0.64,0.26,0.3,0.25,0.12,0.04,0.0,0.0,0.0,0.0,0.0,0.0,0.0,0.0,0.0,0.0,0.02,0.03,0.06,0.04,0.17,0.5,0.24,0.24,0.33,0.25,0.19,0.19,0.15,0.01,0.0,0.0,0.0,0.0,0.0,0.0,0.0,0.0,0.0,0.03,0.21,0.38,1.36,2.0,1.48,2.4,2.78,2.43,2.36,2.51,1.73,1.28,0.43,0.15,0.0,0.0,0.0,0.0,0.0,0.0,0.0,0.0,0.0,0.07,0.42,1.0,1.75,2.52,2.51,3.04,3.5,1.67,2.76,2.66,1.64,1.45,0.69,0.15,0.0,0.0,0.0,0.0,0.0,0.0,0.0,0.0,0.0,0.03,0.34,0.97,1.82,2.52,3.12,2.21,3.41,3.09,2.5,2.27,2.05,1.28,0.54,0.1,0.0,0.0,0.0,0.0,0.0,0.0,0.0,0.0,0.0,0.03,0.23,0.78,1.33,1.35,1.38,0.91,0.62,1.24,1.63,2.5,1.68,0.9,0.28,0.04,0.0,0.0,0.0
543,0.0,0.0,0.0,0.0,0.0,0.0,0.0,0.03,0.09,0.14,0.22,0.2,0.18,0.28,0.19,0.64,0.26,0.3,0.25,0.12,0.04,0.0,0.0,0.0,0.0,0.0,0.0,0.0,0.0,0.0,0.0,0.02,0.03,0.06,0.04,0.17,0.5,0.24,0.24,0.33,0.25,0.19,0.19,0.15,0.01,0.0,0.0,0.0,0.0,0.0,0.0,0.0,0.0,0.0,0.03,0.21,0.38,1.36,2.0,1.48,2.4,2.78,2.43,2.36,2.51,1.73,1.28,0.43,0.15,0.0,0.0,0.0,0.0,0.0,0.0,0.0,0.0,0.0,0.07,0.42,1.0,1.75,2.52,2.51,3.04,3.5,1.67,2.76,2.66,1.64,1.45,0.69,0.15,0.0,0.0,0.0,0.0,0.0,0.0,0.0,0.0,0.0,0.03,0.34,0.97,1.82,2.52,3.12,2.21,3.41,3.09,2.5,2.27,2.05,1.28,0.54,0.1,0.0,0.0,0.0,0.0,0.0,0.0,0.0,0.0,0.0,0.03,0.23,0.78,1.33,1.35,1.38,0.91,0.62,1.24,1.63,2.5,1.68,0.9,0.28,0.04,0.0,0.0,0.0,0.0,0.0,0.0,0.0,0.0,0.0,0.02,0.13,0.26,0.62,1.59,1.83,2.08,1.38,1.41,2.62,2.31,0.67,0.55,0.4,0.12,0.0,0.0,0.0
544,0.0,0.0,0.0,0.0,0.0,0.0,0.0,0.02,0.03,0.06,0.04,0.17,0.5,0.24,0.24,0.33,0.25,0.19,0.19,0.15,0.01,0.0,0.0,0.0,0.0,0.0,0.0,0.0,0.0,0.0,0.03,0.21,0.38,1.36,2.0,1.48,2.4,2.78,2.43,2.36,2.51,1.73,1.28,0.43,0.15,0.0,0.0,0.0,0.0,0.0,0.0,0.0,0.0,0.0,0.07,0.42,1.0,1.75,2.52,2.51,3.04,3.5,1.67,2.76,2.66,1.64,1.45,0.69,0.15,0.0,0.0,0.0,0.0,0.0,0.0,0.0,0.0,0.0,0.03,0.34,0.97,1.82,2.52,3.12,2.21,3.41,3.09,2.5,2.27,2.05,1.28,0.54,0.1,0.0,0.0,0.0,0.0,0.0,0.0,0.0,0.0,0.0,0.03,0.23,0.78,1.33,1.35,1.38,0.91,0.62,1.24,1.63,2.5,1.68,0.9,0.28,0.04,0.0,0.0,0.0,0.0,0.0,0.0,0.0,0.0,0.0,0.02,0.13,0.26,0.62,1.59,1.83,2.08,1.38,1.41,2.62,2.31,0.67,0.55,0.4,0.12,0.0,0.0,0.0,0.0,0.0,0.0,0.0,0.0,0.0,0.05,0.37,0.58,0.96,1.01,1.23,1.36,1.22,1.28,2.19,1.57,1.49,0.76,0.36,0.06,0.0,0.0,0.0
545,0.0,0.0,0.0,0.0,0.0,0.0,0.03,0.21,0.38,1.36,2.0,1.48,2.4,2.78,2.43,2.36,2.51,1.73,1.28,0.43,0.15,0.0,0.0,0.0,0.0,0.0,0.0,0.0,0.0,0.0,0.07,0.42,1.0,1.75,2.52,2.51,3.04,3.5,1.67,2.76,2.66,1.64,1.45,0.69,0.15,0.0,0.0,0.0,0.0,0.0,0.0,0.0,0.0,0.0,0.03,0.34,0.97,1.82,2.52,3.12,2.21,3.41,3.09,2.5,2.27,2.05,1.28,0.54,0.1,0.0,0.0,0.0,0.0,0.0,0.0,0.0,0.0,0.0,0.03,0.23,0.78,1.33,1.35,1.38,0.91,0.62,1.24,1.63,2.5,1.68,0.9,0.28,0.04,0.0,0.0,0.0,0.0,0.0,0.0,0.0,0.0,0.0,0.02,0.13,0.26,0.62,1.59,1.83,2.08,1.38,1.41,2.62,2.31,0.67,0.55,0.4,0.12,0.0,0.0,0.0,0.0,0.0,0.0,0.0,0.0,0.0,0.05,0.37,0.58,0.96,1.01,1.23,1.36,1.22,1.28,2.19,1.57,1.49,0.76,0.36,0.06,0.0,0.0,0.0,0.0,0.0,0.0,0.0,0.0,0.0,0.01,0.16,0.45,0.62,1.41,0.75,0.6,0.63,0.62,0.82,1.46,0.5,0.13,0.11,0.02,0.0,0.0,0.0
546,0.0,0.0,0.0,0.0,0.0,0.0,0.07,0.42,1.0,1.75,2.52,2.51,3.04,3.5,1.67,2.76,2.66,1.64,1.45,0.69,0.15,0.0,0.0,0.0,0.0,0.0,0.0,0.0,0.0,0.0,0.03,0.34,0.97,1.82,2.52,3.12,2.21,3.41,3.09,2.5,2.27,2.05,1.28,0.54,0.1,0.0,0.0,0.0,0.0,0.0,0.0,0.0,0.0,0.0,0.03,0.23,0.78,1.33,1.35,1.38,0.91,0.62,1.24,1.63,2.5,1.68,0.9,0.28,0.04,0.0,0.0,0.0,0.0,0.0,0.0,0.0,0.0,0.0,0.02,0.13,0.26,0.62,1.59,1.83,2.08,1.38,1.41,2.62,2.31,0.67,0.55,0.4,0.12,0.0,0.0,0.0,0.0,0.0,0.0,0.0,0.0,0.0,0.05,0.37,0.58,0.96,1.01,1.23,1.36,1.22,1.28,2.19,1.57,1.49,0.76,0.36,0.06,0.0,0.0,0.0,0.0,0.0,0.0,0.0,0.0,0.0,0.01,0.16,0.45,0.62,1.41,0.75,0.6,0.63,0.62,0.82,1.46,0.5,0.13,0.11,0.02,0.0,0.0,0.0,0.0,0.0,0.0,0.0,0.0,0.0,0.02,0.15,0.23,0.25,0.42,0.88,0.71,0.63,0.73,0.5,0.69,0.96,0.51,0.19,0.07,0.0,0.0,0.0
547,0.0,0.0,0.0,0.0,0.0,0.0,0.03,0.34,0.97,1.82,2.52,3.12,2.21,3.41,3.09,2.5,2.27,2.05,1.28,0.54,0.1,0.0,0.0,0.0,0.0,0.0,0.0,0.0,0.0,0.0,0.03,0.23,0.78,1.33,1.35,1.38,0.91,0.62,1.24,1.63,2.5,1.68,0.9,0.28,0.04,0.0,0.0,0.0,0.0,0.0,0.0,0.0,0.0,0.0,0.02,0.13,0.26,0.62,1.59,1.83,2.08,1.38,1.41,2.62,2.31,0.67,0.55,0.4,0.12,0.0,0.0,0.0,0.0,0.0,0.0,0.0,0.0,0.0,0.05,0.37,0.58,0.96,1.01,1.23,1.36,1.22,1.28,2.19,1.57,1.49,0.76,0.36,0.06,0.0,0.0,0.0,0.0,0.0,0.0,0.0,0.0,0.0,0.01,0.16,0.45,0.62,1.41,0.75,0.6,0.63,0.62,0.82,1.46,0.5,0.13,0.11,0.02,0.0,0.0,0.0,0.0,0.0,0.0,0.0,0.0,0.0,0.02,0.15,0.23,0.25,0.42,0.88,0.71,0.63,0.73,0.5,0.69,0.96,0.51,0.19,0.07,0.0,0.0,0.0,0.0,0.0,0.0,0.0,0.0,0.0,0.01,0.08,0.21,0.31,0.79,1.33,1.58,1.9,2.72,1.79,0.85,0.8,0.63,0.53,0.11,0.0,0.0,0.0
548,0.0,0.0,0.0,0.0,0.0,0.0,0.03,0.23,0.78,1.33,1.35,1.38,0.91,0.62,1.24,1.63,2.5,1.68,0.9,0.28,0.04,0.0,0.0,0.0,0.0,0.0,0.0,0.0,0.0,0.0,0.02,0.13,0.26,0.62,1.59,1.83,2.08,1.38,1.41,2.62,2.31,0.67,0.55,0.4,0.12,0.0,0.0,0.0,0.0,0.0,0.0,0.0,0.0,0.0,0.05,0.37,0.58,0.96,1.01,1.23,1.36,1.22,1.28,2.19,1.57,1.49,0.76,0.36,0.06,0.0,0.0,0.0,0.0,0.0,0.0,0.0,0.0,0.0,0.01,0.16,0.45,0.62,1.41,0.75,0.6,0.63,0.62,0.82,1.46,0.5,0.13,0.11,0.02,0.0,0.0,0.0,0.0,0.0,0.0,0.0,0.0,0.0,0.02,0.15,0.23,0.25,0.42,0.88,0.71,0.63,0.73,0.5,0.69,0.96,0.51,0.19,0.07,0.0,0.0,0.0,0.0,0.0,0.0,0.0,0.0,0.0,0.01,0.08,0.21,0.31,0.79,1.33,1.58,1.9,2.72,1.79,0.85,0.8,0.63,0.53,0.11,0.0,0.0,0.0,0.0,0.0,0.0,0.0,0.0,0.0,0.04,0.38,0.91,1.5,2.09,2.58,2.7,2.25,2.9,2.99,2.56,1.16,0.77,0.22,0.03,0.0,0.0,0.0
549,0.0,0.0,0.0,0.0,0.0,0.0,0.02,0.13,0.26,0.62,1.59,1.83,2.08,1.38,1.41,2.62,2.31,0.67,0.55,0.4,0.12,0.0,0.0,0.0,0.0,0.0,0.0,0.0,0.0,0.0,0.05,0.37,0.58,0.96,1.01,1.23,1.36,1.22,1.28,2.19,1.57,1.49,0.76,0.36,0.06,0.0,0.0,0.0,0.0,0.0,0.0,0.0,0.0,0.0,0.01,0.16,0.45,0.62,1.41,0.75,0.6,0.63,0.62,0.82,1.46,0.5,0.13,0.11,0.02,0.0,0.0,0.0,0.0,0.0,0.0,0.0,0.0,0.0,0.02,0.15,0.23,0.25,0.42,0.88,0.71,0.63,0.73,0.5,0.69,0.96,0.51,0.19,0.07,0.0,0.0,0.0,0.0,0.0,0.0,0.0,0.0,0.0,0.01,0.08,0.21,0.31,0.79,1.33,1.58,1.9,2.72,1.79,0.85,0.8,0.63,0.53,0.11,0.0,0.0,0.0,0.0,0.0,0.0,0.0,0.0,0.0,0.04,0.38,0.91,1.5,2.09,2.58,2.7,2.25,2.9,2.99,2.56,1.16,0.77,0.22,0.03,0.0,0.0,0.0,0.0,0.0,0.0,0.0,0.0,0.0,0.02,0.09,0.45,1.24,1.89,1.93,1.63,2.08,1.55,1.47,0.26,0.36,0.5,0.31,0.07,0.0,0.0,0.0
550,0.0,0.0,0.0,0.0,0.0,0.0,0.05,0.37,0.58,0.96,1.01,1.23,1.36,1.22,1.28,2.19,1.57,1.49,0.76,0.36,0.06,0.0,0.0,0.0,0.0,0.0,0.0,0.0,0.0,0.0,0.01,0.16,0.45,0.62,1.41,0.75,0.6,0.63,0.62,0.82,1.46,0.5,0.13,0.11,0.02,0.0,0.0,0.0,0.0,0.0,0.0,0.0,0.0,0.0,0.02,0.15,0.23,0.25,0.42,0.88,0.71,0.63,0.73,0.5,0.69,0.96,0.51,0.19,0.07,0.0,0.0,0.0,0.0,0.0,0.0,0.0,0.0,0.0,0.01,0.08,0.21,0.31,0.79,1.33,1.58,1.9,2.72,1.79,0.85,0.8,0.63,0.53,0.11,0.0,0.0,0.0,0.0,0.0,0.0,0.0,0.0,0.0,0.04,0.38,0.91,1.5,2.09,2.58,2.7,2.25,2.9,2.99,2.56,1.16,0.77,0.22,0.03,0.0,0.0,0.0,0.0,0.0,0.0,0.0,0.0,0.0,0.02,0.09,0.45,1.24,1.89,1.93,1.63,2.08,1.55,1.47,0.26,0.36,0.5,0.31,0.07,0.0,0.0,0.0,0.0,0.0,0.0,0.0,0.0,0.0,0.04,0.43,0.53,1.09,1.15,1.65,1.5,1.33,1.48,1.1,0.67,0.47,0.29,0.07,0.02,0.0,0.0,0.0
551,0.0,0.0,0.0,0.0,0.0,0.0,0.01,0.16,0.45,0.62,1.41,0.75,0.6,0.63,0.62,0.82,1.46,0.5,0.13,0.11,0.02,0.0,0.0,0.0,0.0,0.0,0.0,0.0,0.0,0.0,0.02,0.15,0.23,0.25,0.42,0.88,0.71,0.63,0.73,0.5,0.69,0.96,0.51,0.19,0.07,0.0,0.0,0.0,0.0,0.0,0.0,0.0,0.0,0.0,0.01,0.08,0.21,0.31,0.79,1.33,1.58,1.9,2.72,1.79,0.85,0.8,0.63,0.53,0.11,0.0,0.0,0.0,0.0,0.0,0.0,0.0,0.0,0.0,0.04,0.38,0.91,1.5,2.09,2.58,2.7,2.25,2.9,2.99,2.56,1.16,0.77,0.22,0.03,0.0,0.0,0.0,0.0,0.0,0.0,0.0,0.0,0.0,0.02,0.09,0.45,1.24,1.89,1.93,1.63,2.08,1.55,1.47,0.26,0.36,0.5,0.31,0.07,0.0,0.0,0.0,0.0,0.0,0.0,0.0,0.0,0.0,0.04,0.43,0.53,1.09,1.15,1.65,1.5,1.33,1.48,1.1,0.67,0.47,0.29,0.07,0.02,0.0,0.0,0.0,0.0,0.0,0.0,0.0,0.0,0.0,0.0,0.03,0.08,0.13,0.13,0.09,0.22,0.22,0.03,0.04,0.06,0.07,0.12,0.03,0.0,0.0,0.0,0.0
552,0.0,0.0,0.0,0.0,0.0,0.0,0.02,0.15,0.23,0.25,0.42,0.88,0.71,0.63,0.73,0.5,0.69,0.96,0.51,0.19,0.07,0.0,0.0,0.0,0.0,0.0,0.0,0.0,0.0,0.0,0.01,0.08,0.21,0.31,0.79,1.33,1.58,1.9,2.72,1.79,0.85,0.8,0.63,0.53,0.11,0.0,0.0,0.0,0.0,0.0,0.0,0.0,0.0,0.0,0.04,0.38,0.91,1.5,2.09,2.58,2.7,2.25,2.9,2.99,2.56,1.16,0.77,0.22,0.03,0.0,0.0,0.0,0.0,0.0,0.0,0.0,0.0,0.0,0.02,0.09,0.45,1.24,1.89,1.93,1.63,2.08,1.55,1.47,0.26,0.36,0.5,0.31,0.07,0.0,0.0,0.0,0.0,0.0,0.0,0.0,0.0,0.0,0.04,0.43,0.53,1.09,1.15,1.65,1.5,1.33,1.48,1.1,0.67,0.47,0.29,0.07,0.02,0.0,0.0,0.0,0.0,0.0,0.0,0.0,0.0,0.0,0.0,0.03,0.08,0.13,0.13,0.09,0.22,0.22,0.03,0.04,0.06,0.07,0.12,0.03,0.0,0.0,0.0,0.0,0.0,0.0,0.0,0.0,0.0,0.0,0.01,0.19,0.36,0.47,1.39,1.91,1.13,1.44,2.66,2.32,2.27,1.25,1.22,0.51,0.08,0.0,0.0,0.0
553,0.0,0.0,0.0,0.0,0.0,0.0,0.01,0.08,0.21,0.31,0.79,1.33,1.58,1.9,2.72,1.79,0.85,0.8,0.63,0.53,0.11,0.0,0.0,0.0,0.0,0.0,0.0,0.0,0.0,0.0,0.04,0.38,0.91,1.5,2.09,2.58,2.7,2.25,2.9,2.99,2.56,1.16,0.77,0.22,0.03,0.0,0.0,0.0,0.0,0.0,0.0,0.0,0.0,0.0,0.02,0.09,0.45,1.24,1.89,1.93,1.63,2.08,1.55,1.47,0.26,0.36,0.5,0.31,0.07,0.0,0.0,0.0,0.0,0.0,0.0,0.0,0.0,0.0,0.04,0.43,0.53,1.09,1.15,1.65,1.5,1.33,1.48,1.1,0.67,0.47,0.29,0.07,0.02,0.0,0.0,0.0,0.0,0.0,0.0,0.0,0.0,0.0,0.0,0.03,0.08,0.13,0.13,0.09,0.22,0.22,0.03,0.04,0.06,0.07,0.12,0.03,0.0,0.0,0.0,0.0,0.0,0.0,0.0,0.0,0.0,0.0,0.01,0.19,0.36,0.47,1.39,1.91,1.13,1.44,2.66,2.32,2.27,1.25,1.22,0.51,0.08,0.0,0.0,0.0,0.0,0.0,0.0,0.0,0.0,0.0,0.04,0.17,0.85,1.43,2.18,2.39,2.83,3.14,2.88,2.25,2.17,2.12,1.11,0.75,0.18,0.0,0.0,0.0
554,0.0,0.0,0.0,0.0,0.0,0.0,0.04,0.38,0.91,1.5,2.09,2.58,2.7,2.25,2.9,2.99,2.56,1.16,0.77,0.22,0.03,0.0,0.0,0.0,0.0,0.0,0.0,0.0,0.0,0.0,0.02,0.09,0.45,1.24,1.89,1.93,1.63,2.08,1.55,1.47,0.26,0.36,0.5,0.31,0.07,0.0,0.0,0.0,0.0,0.0,0.0,0.0,0.0,0.0,0.04,0.43,0.53,1.09,1.15,1.65,1.5,1.33,1.48,1.1,0.67,0.47,0.29,0.07,0.02,0.0,0.0,0.0,0.0,0.0,0.0,0.0,0.0,0.0,0.0,0.03,0.08,0.13,0.13,0.09,0.22,0.22,0.03,0.04,0.06,0.07,0.12,0.03,0.0,0.0,0.0,0.0,0.0,0.0,0.0,0.0,0.0,0.0,0.01,0.19,0.36,0.47,1.39,1.91,1.13,1.44,2.66,2.32,2.27,1.25,1.22,0.51,0.08,0.0,0.0,0.0,0.0,0.0,0.0,0.0,0.0,0.0,0.04,0.17,0.85,1.43,2.18,2.39,2.83,3.14,2.88,2.25,2.17,2.12,1.11,0.75,0.18,0.0,0.0,0.0,0.0,0.0,0.0,0.0,0.0,0.0,0.01,0.3,0.39,0.81,1.28,1.28,1.76,1.28,1.32,0.98,0.73,0.17,0.1,0.3,0.06,0.0,0.0,0.0
555,0.0,0.0,0.0,0.0,0.0,0.0,0.02,0.09,0.45,1.24,1.89,1.93,1.63,2.08,1.55,1.47,0.26,0.36,0.5,0.31,0.07,0.0,0.0,0.0,0.0,0.0,0.0,0.0,0.0,0.0,0.04,0.43,0.53,1.09,1.15,1.65,1.5,1.33,1.48,1.1,0.67,0.47,0.29,0.07,0.02,0.0,0.0,0.0,0.0,0.0,0.0,0.0,0.0,0.0,0.0,0.03,0.08,0.13,0.13,0.09,0.22,0.22,0.03,0.04,0.06,0.07,0.12,0.03,0.0,0.0,0.0,0.0,0.0,0.0,0.0,0.0,0.0,0.0,0.01,0.19,0.36,0.47,1.39,1.91,1.13,1.44,2.66,2.32,2.27,1.25,1.22,0.51,0.08,0.0,0.0,0.0,0.0,0.0,0.0,0.0,0.0,0.0,0.04,0.17,0.85,1.43,2.18,2.39,2.83,3.14,2.88,2.25,2.17,2.12,1.11,0.75,0.18,0.0,0.0,0.0,0.0,0.0,0.0,0.0,0.0,0.0,0.01,0.3,0.39,0.81,1.28,1.28,1.76,1.28,1.32,0.98,0.73,0.17,0.1,0.3,0.06,0.0,0.0,0.0,0.0,0.0,0.0,0.0,0.0,0.0,0.03,0.2,0.27,0.47,0.95,1.16,0.93,2.19,2.75,2.83,2.08,1.37,0.99,0.5,0.1,0.0,0.0,0.0
556,0.0,0.0,0.0,0.0,0.0,0.0,0.04,0.43,0.53,1.09,1.15,1.65,1.5,1.33,1.48,1.1,0.67,0.47,0.29,0.07,0.02,0.0,0.0,0.0,0.0,0.0,0.0,0.0,0.0,0.0,0.0,0.03,0.08,0.13,0.13,0.09,0.22,0.22,0.03,0.04,0.06,0.07,0.12,0.03,0.0,0.0,0.0,0.0,0.0,0.0,0.0,0.0,0.0,0.0,0.01,0.19,0.36,0.47,1.39,1.91,1.13,1.44,2.66,2.32,2.27,1.25,1.22,0.51,0.08,0.0,0.0,0.0,0.0,0.0,0.0,0.0,0.0,0.0,0.04,0.17,0.85,1.43,2.18,2.39,2.83,3.14,2.88,2.25,2.17,2.12,1.11,0.75,0.18,0.0,0.0,0.0,0.0,0.0,0.0,0.0,0.0,0.0,0.01,0.3,0.39,0.81,1.28,1.28,1.76,1.28,1.32,0.98,0.73,0.17,0.1,0.3,0.06,0.0,0.0,0.0,0.0,0.0,0.0,0.0,0.0,0.0,0.03,0.2,0.27,0.47,0.95,1.16,0.93,2.19,2.75,2.83,2.08,1.37,0.99,0.5,0.1,0.0,0.0,0.0,0.0,0.0,0.0,0.0,0.0,0.0,0.02,0.24,0.48,0.98,2.27,2.53,3.29,3.09,1.43,1.83,1.79,1.9,0.67,0.46,0.03,0.0,0.0,0.0
557,0.0,0.0,0.0,0.0,0.0,0.0,0.0,0.03,0.08,0.13,0.13,0.09,0.22,0.22,0.03,0.04,0.06,0.07,0.12,0.03,0.0,0.0,0.0,0.0,0.0,0.0,0.0,0.0,0.0,0.0,0.01,0.19,0.36,0.47,1.39,1.91,1.13,1.44,2.66,2.32,2.27,1.25,1.22,0.51,0.08,0.0,0.0,0.0,0.0,0.0,0.0,0.0,0.0,0.0,0.04,0.17,0.85,1.43,2.18,2.39,2.83,3.14,2.88,2.25,2.17,2.12,1.11,0.75,0.18,0.0,0.0,0.0,0.0,0.0,0.0,0.0,0.0,0.0,0.01,0.3,0.39,0.81,1.28,1.28,1.76,1.28,1.32,0.98,0.73,0.17,0.1,0.3,0.06,0.0,0.0,0.0,0.0,0.0,0.0,0.0,0.0,0.0,0.03,0.2,0.27,0.47,0.95,1.16,0.93,2.19,2.75,2.83,2.08,1.37,0.99,0.5,0.1,0.0,0.0,0.0,0.0,0.0,0.0,0.0,0.0,0.0,0.02,0.24,0.48,0.98,2.27,2.53,3.29,3.09,1.43,1.83,1.79,1.9,0.67,0.46,0.03,0.0,0.0,0.0,0.0,0.0,0.0,0.0,0.0,0.0,0.02,0.3,0.84,1.56,2.19,2.29,3.26,2.61,1.84,3.16,2.56,1.66,0.72,0.37,0.06,0.0,0.0,0.0
558,0.0,0.0,0.0,0.0,0.0,0.0,0.01,0.19,0.36,0.47,1.39,1.91,1.13,1.44,2.66,2.32,2.27,1.25,1.22,0.51,0.08,0.0,0.0,0.0,0.0,0.0,0.0,0.0,0.0,0.0,0.04,0.17,0.85,1.43,2.18,2.39,2.83,3.14,2.88,2.25,2.17,2.12,1.11,0.75,0.18,0.0,0.0,0.0,0.0,0.0,0.0,0.0,0.0,0.0,0.01,0.3,0.39,0.81,1.28,1.28,1.76,1.28,1.32,0.98,0.73,0.17,0.1,0.3,0.06,0.0,0.0,0.0,0.0,0.0,0.0,0.0,0.0,0.0,0.03,0.2,0.27,0.47,0.95,1.16,0.93,2.19,2.75,2.83,2.08,1.37,0.99,0.5,0.1,0.0,0.0,0.0,0.0,0.0,0.0,0.0,0.0,0.0,0.02,0.24,0.48,0.98,2.27,2.53,3.29,3.09,1.43,1.83,1.79,1.9,0.67,0.46,0.03,0.0,0.0,0.0,0.0,0.0,0.0,0.0,0.0,0.0,0.02,0.3,0.84,1.56,2.19,2.29,3.26,2.61,1.84,3.16,2.56,1.66,0.72,0.37,0.06,0.0,0.0,0.0,0.0,0.0,0.0,0.0,0.0,0.0,0.01,0.14,0.67,1.13,1.0,1.8,2.54,2.26,2.56,2.61,1.48,0.79,0.52,0.16,0.01,0.0,0.0,0.0
559,0.0,0.0,0.0,0.0,0.0,0.0,0.04,0.17,0.85,1.43,2.18,2.39,2.83,3.14,2.88,2.25,2.17,2.12,1.11,0.75,0.18,0.0,0.0,0.0,0.0,0.0,0.0,0.0,0.0,0.0,0.01,0.3,0.39,0.81,1.28,1.28,1.76,1.28,1.32,0.98,0.73,0.17,0.1,0.3,0.06,0.0,0.0,0.0,0.0,0.0,0.0,0.0,0.0,0.0,0.03,0.2,0.27,0.47,0.95,1.16,0.93,2.19,2.75,2.83,2.08,1.37,0.99,0.5,0.1,0.0,0.0,0.0,0.0,0.0,0.0,0.0,0.0,0.0,0.02,0.24,0.48,0.98,2.27,2.53,3.29,3.09,1.43,1.83,1.79,1.9,0.67,0.46,0.03,0.0,0.0,0.0,0.0,0.0,0.0,0.0,0.0,0.0,0.02,0.3,0.84,1.56,2.19,2.29,3.26,2.61,1.84,3.16,2.56,1.66,0.72,0.37,0.06,0.0,0.0,0.0,0.0,0.0,0.0,0.0,0.0,0.0,0.01,0.14,0.67,1.13,1.0,1.8,2.54,2.26,2.56,2.61,1.48,0.79,0.52,0.16,0.01,0.0,0.0,0.0,0.0,0.0,0.0,0.0,0.0,0.0,0.0,0.04,0.2,0.45,0.61,0.94,0.39,0.55,0.5,1.12,0.61,0.37,0.22,0.53,0.07,0.0,0.0,0.0
560,0.0,0.0,0.0,0.0,0.0,0.0,0.01,0.3,0.39,0.81,1.28,1.28,1.76,1.28,1.32,0.98,0.73,0.17,0.1,0.3,0.06,0.0,0.0,0.0,0.0,0.0,0.0,0.0,0.0,0.0,0.03,0.2,0.27,0.47,0.95,1.16,0.93,2.19,2.75,2.83,2.08,1.37,0.99,0.5,0.1,0.0,0.0,0.0,0.0,0.0,0.0,0.0,0.0,0.0,0.02,0.24,0.48,0.98,2.27,2.53,3.29,3.09,1.43,1.83,1.79,1.9,0.67,0.46,0.03,0.0,0.0,0.0,0.0,0.0,0.0,0.0,0.0,0.0,0.02,0.3,0.84,1.56,2.19,2.29,3.26,2.61,1.84,3.16,2.56,1.66,0.72,0.37,0.06,0.0,0.0,0.0,0.0,0.0,0.0,0.0,0.0,0.0,0.01,0.14,0.67,1.13,1.0,1.8,2.54,2.26,2.56,2.61,1.48,0.79,0.52,0.16,0.01,0.0,0.0,0.0,0.0,0.0,0.0,0.0,0.0,0.0,0.0,0.04,0.2,0.45,0.61,0.94,0.39,0.55,0.5,1.12,0.61,0.37,0.22,0.53,0.07,0.0,0.0,0.0,0.0,0.0,0.0,0.0,0.0,0.0,0.0,0.13,0.48,0.7,1.08,1.96,2.13,0.73,2.06,0.72,0.74,1.28,0.96,0.43,0.14,0.0,0.0,0.0
561,0.0,0.0,0.0,0.0,0.0,0.0,0.03,0.2,0.27,0.47,0.95,1.16,0.93,2.19,2.75,2.83,2.08,1.37,0.99,0.5,0.1,0.0,0.0,0.0,0.0,0.0,0.0,0.0,0.0,0.0,0.02,0.24,0.48,0.98,2.27,2.53,3.29,3.09,1.43,1.83,1.79,1.9,0.67,0.46,0.03,0.0,0.0,0.0,0.0,0.0,0.0,0.0,0.0,0.0,0.02,0.3,0.84,1.56,2.19,2.29,3.26,2.61,1.84,3.16,2.56,1.66,0.72,0.37,0.06,0.0,0.0,0.0,0.0,0.0,0.0,0.0,0.0,0.0,0.01,0.14,0.67,1.13,1.0,1.8,2.54,2.26,2.56,2.61,1.48,0.79,0.52,0.16,0.01,0.0,0.0,0.0,0.0,0.0,0.0,0.0,0.0,0.0,0.0,0.04,0.2,0.45,0.61,0.94,0.39,0.55,0.5,1.12,0.61,0.37,0.22,0.53,0.07,0.0,0.0,0.0,0.0,0.0,0.0,0.0,0.0,0.0,0.0,0.13,0.48,0.7,1.08,1.96,2.13,0.73,2.06,0.72,0.74,1.28,0.96,0.43,0.14,0.0,0.0,0.0,0.0,0.0,0.0,0.0,0.0,0.0,0.02,0.17,0.4,0.97,0.71,0.76,1.17,1.39,1.68,0.99,0.41,0.21,0.14,0.06,0.01,0.0,0.0,0.0
562,0.0,0.0,0.0,0.0,0.0,0.0,0.02,0.24,0.48,0.98,2.27,2.53,3.29,3.09,1.43,1.83,1.79,1.9,0.67,0.46,0.03,0.0,0.0,0.0,0.0,0.0,0.0,0.0,0.0,0.0,0.02,0.3,0.84,1.56,2.19,2.29,3.26,2.61,1.84,3.16,2.56,1.66,0.72,0.37,0.06,0.0,0.0,0.0,0.0,0.0,0.0,0.0,0.0,0.0,0.01,0.14,0.67,1.13,1.0,1.8,2.54,2.26,2.56,2.61,1.48,0.79,0.52,0.16,0.01,0.0,0.0,0.0,0.0,0.0,0.0,0.0,0.0,0.0,0.0,0.04,0.2,0.45,0.61,0.94,0.39,0.55,0.5,1.12,0.61,0.37,0.22,0.53,0.07,0.0,0.0,0.0,0.0,0.0,0.0,0.0,0.0,0.0,0.0,0.13,0.48,0.7,1.08,1.96,2.13,0.73,2.06,0.72,0.74,1.28,0.96,0.43,0.14,0.0,0.0,0.0,0.0,0.0,0.0,0.0,0.0,0.0,0.02,0.17,0.4,0.97,0.71,0.76,1.17,1.39,1.68,0.99,0.41,0.21,0.14,0.06,0.01,0.0,0.0,0.0,0.0,0.0,0.0,0.0,0.0,0.0,0.01,0.14,0.53,0.32,1.02,0.59,0.62,1.05,1.39,0.44,0.54,1.28,0.53,0.31,0.05,0.0,0.0,0.0
563,0.0,0.0,0.0,0.0,0.0,0.0,0.02,0.3,0.84,1.56,2.19,2.29,3.26,2.61,1.84,3.16,2.56,1.66,0.72,0.37,0.06,0.0,0.0,0.0,0.0,0.0,0.0,0.0,0.0,0.0,0.01,0.14,0.67,1.13,1.0,1.8,2.54,2.26,2.56,2.61,1.48,0.79,0.52,0.16,0.01,0.0,0.0,0.0,0.0,0.0,0.0,0.0,0.0,0.0,0.0,0.04,0.2,0.45,0.61,0.94,0.39,0.55,0.5,1.12,0.61,0.37,0.22,0.53,0.07,0.0,0.0,0.0,0.0,0.0,0.0,0.0,0.0,0.0,0.0,0.13,0.48,0.7,1.08,1.96,2.13,0.73,2.06,0.72,0.74,1.28,0.96,0.43,0.14,0.0,0.0,0.0,0.0,0.0,0.0,0.0,0.0,0.0,0.02,0.17,0.4,0.97,0.71,0.76,1.17,1.39,1.68,0.99,0.41,0.21,0.14,0.06,0.01,0.0,0.0,0.0,0.0,0.0,0.0,0.0,0.0,0.0,0.01,0.14,0.53,0.32,1.02,0.59,0.62,1.05,1.39,0.44,0.54,1.28,0.53,0.31,0.05,0.0,0.0,0.0,0.0,0.0,0.0,0.0,0.0,0.0,0.01,0.2,0.54,1.02,1.32,2.47,3.19,3.5,3.54,2.94,2.72,2.06,1.32,0.58,0.08,0.0,0.0,0.0
564,0.0,0.0,0.0,0.0,0.0,0.0,0.01,0.14,0.67,1.13,1.0,1.8,2.54,2.26,2.56,2.61,1.48,0.79,0.52,0.16,0.01,0.0,0.0,0.0,0.0,0.0,0.0,0.0,0.0,0.0,0.0,0.04,0.2,0.45,0.61,0.94,0.39,0.55,0.5,1.12,0.61,0.37,0.22,0.53,0.07,0.0,0.0,0.0,0.0,0.0,0.0,0.0,0.0,0.0,0.0,0.13,0.48,0.7,1.08,1.96,2.13,0.73,2.06,0.72,0.74,1.28,0.96,0.43,0.14,0.0,0.0,0.0,0.0,0.0,0.0,0.0,0.0,0.0,0.02,0.17,0.4,0.97,0.71,0.76,1.17,1.39,1.68,0.99,0.41,0.21,0.14,0.06,0.01,0.0,0.0,0.0,0.0,0.0,0.0,0.0,0.0,0.0,0.01,0.14,0.53,0.32,1.02,0.59,0.62,1.05,1.39,0.44,0.54,1.28,0.53,0.31,0.05,0.0,0.0,0.0,0.0,0.0,0.0,0.0,0.0,0.0,0.01,0.2,0.54,1.02,1.32,2.47,3.19,3.5,3.54,2.94,2.72,2.06,1.32,0.58,0.08,0.0,0.0,0.0,0.0,0.0,0.0,0.0,0.0,0.0,0.02,0.37,0.92,1.7,2.26,2.78,2.73,3.19,2.1,1.72,1.78,1.38,0.88,0.42,0.06,0.0,0.0,0.0
565,0.0,0.0,0.0,0.0,0.0,0.0,0.0,0.04,0.2,0.45,0.61,0.94,0.39,0.55,0.5,1.12,0.61,0.37,0.22,0.53,0.07,0.0,0.0,0.0,0.0,0.0,0.0,0.0,0.0,0.0,0.0,0.13,0.48,0.7,1.08,1.96,2.13,0.73,2.06,0.72,0.74,1.28,0.96,0.43,0.14,0.0,0.0,0.0,0.0,0.0,0.0,0.0,0.0,0.0,0.02,0.17,0.4,0.97,0.71,0.76,1.17,1.39,1.68,0.99,0.41,0.21,0.14,0.06,0.01,0.0,0.0,0.0,0.0,0.0,0.0,0.0,0.0,0.0,0.01,0.14,0.53,0.32,1.02,0.59,0.62,1.05,1.39,0.44,0.54,1.28,0.53,0.31,0.05,0.0,0.0,0.0,0.0,0.0,0.0,0.0,0.0,0.0,0.01,0.2,0.54,1.02,1.32,2.47,3.19,3.5,3.54,2.94,2.72,2.06,1.32,0.58,0.08,0.0,0.0,0.0,0.0,0.0,0.0,0.0,0.0,0.0,0.02,0.37,0.92,1.7,2.26,2.78,2.73,3.19,2.1,1.72,1.78,1.38,0.88,0.42,0.06,0.0,0.0,0.0,0.0,0.0,0.0,0.0,0.0,0.0,0.02,0.19,0.46,1.07,1.42,1.99,1.7,2.37,2.02,2.24,2.41,1.85,1.35,0.56,0.07,0.0,0.0,0.0
566,0.0,0.0,0.0,0.0,0.0,0.0,0.0,0.13,0.48,0.7,1.08,1.96,2.13,0.73,2.06,0.72,0.74,1.28,0.96,0.43,0.14,0.0,0.0,0.0,0.0,0.0,0.0,0.0,0.0,0.0,0.02,0.17,0.4,0.97,0.71,0.76,1.17,1.39,1.68,0.99,0.41,0.21,0.14,0.06,0.01,0.0,0.0,0.0,0.0,0.0,0.0,0.0,0.0,0.0,0.01,0.14,0.53,0.32,1.02,0.59,0.62,1.05,1.39,0.44,0.54,1.28,0.53,0.31,0.05,0.0,0.0,0.0,0.0,0.0,0.0,0.0,0.0,0.0,0.01,0.2,0.54,1.02,1.32,2.47,3.19,3.5,3.54,2.94,2.72,2.06,1.32,0.58,0.08,0.0,0.0,0.0,0.0,0.0,0.0,0.0,0.0,0.0,0.02,0.37,0.92,1.7,2.26,2.78,2.73,3.19,2.1,1.72,1.78,1.38,0.88,0.42,0.06,0.0,0.0,0.0,0.0,0.0,0.0,0.0,0.0,0.0,0.02,0.19,0.46,1.07,1.42,1.99,1.7,2.37,2.02,2.24,2.41,1.85,1.35,0.56,0.07,0.0,0.0,0.0,0.0,0.0,0.0,0.0,0.0,0.0,0.01,0.37,0.99,1.67,1.99,2.91,2.96,3.44,3.34,3.1,2.36,1.24,0.49,0.28,0.05,0.0,0.0,0.0
567,0.0,0.0,0.0,0.0,0.0,0.0,0.02,0.17,0.4,0.97,0.71,0.76,1.17,1.39,1.68,0.99,0.41,0.21,0.14,0.06,0.01,0.0,0.0,0.0,0.0,0.0,0.0,0.0,0.0,0.0,0.01,0.14,0.53,0.32,1.02,0.59,0.62,1.05,1.39,0.44,0.54,1.28,0.53,0.31,0.05,0.0,0.0,0.0,0.0,0.0,0.0,0.0,0.0,0.0,0.01,0.2,0.54,1.02,1.32,2.47,3.19,3.5,3.54,2.94,2.72,2.06,1.32,0.58,0.08,0.0,0.0,0.0,0.0,0.0,0.0,0.0,0.0,0.0,0.02,0.37,0.92,1.7,2.26,2.78,2.73,3.19,2.1,1.72,1.78,1.38,0.88,0.42,0.06,0.0,0.0,0.0,0.0,0.0,0.0,0.0,0.0,0.0,0.02,0.19,0.46,1.07,1.42,1.99,1.7,2.37,2.02,2.24,2.41,1.85,1.35,0.56,0.07,0.0,0.0,0.0,0.0,0.0,0.0,0.0,0.0,0.0,0.01,0.37,0.99,1.67,1.99,2.91,2.96,3.44,3.34,3.1,2.36,1.24,0.49,0.28,0.05,0.0,0.0,0.0,0.0,0.0,0.0,0.0,0.0,0.0,0.01,0.32,0.84,1.53,2.13,2.9,2.93,2.48,1.85,1.68,0.83,1.24,1.11,0.39,0.04,0.0,0.0,0.0
568,0.0,0.0,0.0,0.0,0.0,0.0,0.01,0.14,0.53,0.32,1.02,0.59,0.62,1.05,1.39,0.44,0.54,1.28,0.53,0.31,0.05,0.0,0.0,0.0,0.0,0.0,0.0,0.0,0.0,0.0,0.01,0.2,0.54,1.02,1.32,2.47,3.19,3.5,3.54,2.94,2.72,2.06,1.32,0.58,0.08,0.0,0.0,0.0,0.0,0.0,0.0,0.0,0.0,0.0,0.02,0.37,0.92,1.7,2.26,2.78,2.73,3.19,2.1,1.72,1.78,1.38,0.88,0.42,0.06,0.0,0.0,0.0,0.0,0.0,0.0,0.0,0.0,0.0,0.02,0.19,0.46,1.07,1.42,1.99,1.7,2.37,2.02,2.24,2.41,1.85,1.35,0.56,0.07,0.0,0.0,0.0,0.0,0.0,0.0,0.0,0.0,0.0,0.01,0.37,0.99,1.67,1.99,2.91,2.96,3.44,3.34,3.1,2.36,1.24,0.49,0.28,0.05,0.0,0.0,0.0,0.0,0.0,0.0,0.0,0.0,0.0,0.01,0.32,0.84,1.53,2.13,2.9,2.93,2.48,1.85,1.68,0.83,1.24,1.11,0.39,0.04,0.0,0.0,0.0,0.0,0.0,0.0,0.0,0.0,0.0,0.01,0.4,1.01,1.77,2.51,2.92,3.3,3.05,2.29,2.1,0.85,2.13,0.89,0.28,0.02,0.0,0.0,0.0
569,0.0,0.0,0.0,0.0,0.0,0.0,0.01,0.2,0.54,1.02,1.32,2.47,3.19,3.5,3.54,2.94,2.72,2.06,1.32,0.58,0.08,0.0,0.0,0.0,0.0,0.0,0.0,0.0,0.0,0.0,0.02,0.37,0.92,1.7,2.26,2.78,2.73,3.19,2.1,1.72,1.78,1.38,0.88,0.42,0.06,0.0,0.0,0.0,0.0,0.0,0.0,0.0,0.0,0.0,0.02,0.19,0.46,1.07,1.42,1.99,1.7,2.37,2.02,2.24,2.41,1.85,1.35,0.56,0.07,0.0,0.0,0.0,0.0,0.0,0.0,0.0,0.0,0.0,0.01,0.37,0.99,1.67,1.99,2.91,2.96,3.44,3.34,3.1,2.36,1.24,0.49,0.28,0.05,0.0,0.0,0.0,0.0,0.0,0.0,0.0,0.0,0.0,0.01,0.32,0.84,1.53,2.13,2.9,2.93,2.48,1.85,1.68,0.83,1.24,1.11,0.39,0.04,0.0,0.0,0.0,0.0,0.0,0.0,0.0,0.0,0.0,0.01,0.4,1.01,1.77,2.51,2.92,3.3,3.05,2.29,2.1,0.85,2.13,0.89,0.28,0.02,0.0,0.0,0.0,0.0,0.0,0.0,0.0,0.0,0.0,0.0,0.11,0.41,0.57,0.5,0.68,0.51,0.45,0.32,0.39,0.29,0.32,0.25,0.11,0.02,0.0,0.0,0.0
570,0.0,0.0,0.0,0.0,0.0,0.0,0.02,0.37,0.92,1.7,2.26,2.78,2.73,3.19,2.1,1.72,1.78,1.38,0.88,0.42,0.06,0.0,0.0,0.0,0.0,0.0,0.0,0.0,0.0,0.0,0.02,0.19,0.46,1.07,1.42,1.99,1.7,2.37,2.02,2.24,2.41,1.85,1.35,0.56,0.07,0.0,0.0,0.0,0.0,0.0,0.0,0.0,0.0,0.0,0.01,0.37,0.99,1.67,1.99,2.91,2.96,3.44,3.34,3.1,2.36,1.24,0.49,0.28,0.05,0.0,0.0,0.0,0.0,0.0,0.0,0.0,0.0,0.0,0.01,0.32,0.84,1.53,2.13,2.9,2.93,2.48,1.85,1.68,0.83,1.24,1.11,0.39,0.04,0.0,0.0,0.0,0.0,0.0,0.0,0.0,0.0,0.0,0.01,0.4,1.01,1.77,2.51,2.92,3.3,3.05,2.29,2.1,0.85,2.13,0.89,0.28,0.02,0.0,0.0,0.0,0.0,0.0,0.0,0.0,0.0,0.0,0.0,0.11,0.41,0.57,0.5,0.68,0.51,0.45,0.32,0.39,0.29,0.32,0.25,0.11,0.02,0.0,0.0,0.0,0.0,0.0,0.0,0.0,0.0,0.0,0.0,0.02,0.13,0.35,1.05,1.14,1.75,3.03,2.37,1.88,1.12,0.63,0.98,0.6,0.04,0.0,0.0,0.0
571,0.0,0.0,0.0,0.0,0.0,0.0,0.02,0.19,0.46,1.07,1.42,1.99,1.7,2.37,2.02,2.24,2.41,1.85,1.35,0.56,0.07,0.0,0.0,0.0,0.0,0.0,0.0,0.0,0.0,0.0,0.01,0.37,0.99,1.67,1.99,2.91,2.96,3.44,3.34,3.1,2.36,1.24,0.49,0.28,0.05,0.0,0.0,0.0,0.0,0.0,0.0,0.0,0.0,0.0,0.01,0.32,0.84,1.53,2.13,2.9,2.93,2.48,1.85,1.68,0.83,1.24,1.11,0.39,0.04,0.0,0.0,0.0,0.0,0.0,0.0,0.0,0.0,0.0,0.01,0.4,1.01,1.77,2.51,2.92,3.3,3.05,2.29,2.1,0.85,2.13,0.89,0.28,0.02,0.0,0.0,0.0,0.0,0.0,0.0,0.0,0.0,0.0,0.0,0.11,0.41,0.57,0.5,0.68,0.51,0.45,0.32,0.39,0.29,0.32,0.25,0.11,0.02,0.0,0.0,0.0,0.0,0.0,0.0,0.0,0.0,0.0,0.0,0.02,0.13,0.35,1.05,1.14,1.75,3.03,2.37,1.88,1.12,0.63,0.98,0.6,0.04,0.0,0.0,0.0,0.0,0.0,0.0,0.0,0.0,0.0,0.0,0.09,0.3,0.37,0.52,0.47,0.61,0.47,0.43,0.39,0.21,0.34,0.09,0.07,0.01,0.0,0.0,0.0
572,0.0,0.0,0.0,0.0,0.0,0.0,0.01,0.37,0.99,1.67,1.99,2.91,2.96,3.44,3.34,3.1,2.36,1.24,0.49,0.28,0.05,0.0,0.0,0.0,0.0,0.0,0.0,0.0,0.0,0.0,0.01,0.32,0.84,1.53,2.13,2.9,2.93,2.48,1.85,1.68,0.83,1.24,1.11,0.39,0.04,0.0,0.0,0.0,0.0,0.0,0.0,0.0,0.0,0.0,0.01,0.4,1.01,1.77,2.51,2.92,3.3,3.05,2.29,2.1,0.85,2.13,0.89,0.28,0.02,0.0,0.0,0.0,0.0,0.0,0.0,0.0,0.0,0.0,0.0,0.11,0.41,0.57,0.5,0.68,0.51,0.45,0.32,0.39,0.29,0.32,0.25,0.11,0.02,0.0,0.0,0.0,0.0,0.0,0.0,0.0,0.0,0.0,0.0,0.02,0.13,0.35,1.05,1.14,1.75,3.03,2.37,1.88,1.12,0.63,0.98,0.6,0.04,0.0,0.0,0.0,0.0,0.0,0.0,0.0,0.0,0.0,0.0,0.09,0.3,0.37,0.52,0.47,0.61,0.47,0.43,0.39,0.21,0.34,0.09,0.07,0.01,0.0,0.0,0.0,0.0,0.0,0.0,0.0,0.0,0.0,0.0,0.01,0.04,0.12,0.13,0.43,1.0,1.57,1.5,0.8,1.71,0.87,0.43,0.12,0.01,0.0,0.0,0.0
573,0.0,0.0,0.0,0.0,0.0,0.0,0.01,0.32,0.84,1.53,2.13,2.9,2.93,2.48,1.85,1.68,0.83,1.24,1.11,0.39,0.04,0.0,0.0,0.0,0.0,0.0,0.0,0.0,0.0,0.0,0.01,0.4,1.01,1.77,2.51,2.92,3.3,3.05,2.29,2.1,0.85,2.13,0.89,0.28,0.02,0.0,0.0,0.0,0.0,0.0,0.0,0.0,0.0,0.0,0.0,0.11,0.41,0.57,0.5,0.68,0.51,0.45,0.32,0.39,0.29,0.32,0.25,0.11,0.02,0.0,0.0,0.0,0.0,0.0,0.0,0.0,0.0,0.0,0.0,0.02,0.13,0.35,1.05,1.14,1.75,3.03,2.37,1.88,1.12,0.63,0.98,0.6,0.04,0.0,0.0,0.0,0.0,0.0,0.0,0.0,0.0,0.0,0.0,0.09,0.3,0.37,0.52,0.47,0.61,0.47,0.43,0.39,0.21,0.34,0.09,0.07,0.01,0.0,0.0,0.0,0.0,0.0,0.0,0.0,0.0,0.0,0.0,0.01,0.04,0.12,0.13,0.43,1.0,1.57,1.5,0.8,1.71,0.87,0.43,0.12,0.01,0.0,0.0,0.0,0.0,0.0,0.0,0.0,0.0,0.0,0.0,0.27,0.5,1.16,1.96,2.51,3.14,2.93,2.14,2.6,2.27,1.5,0.82,0.41,0.03,0.0,0.0,0.0
574,0.0,0.0,0.0,0.0,0.0,0.0,0.01,0.4,1.01,1.77,2.51,2.92,3.3,3.05,2.29,2.1,0.85,2.13,0.89,0.28,0.02,0.0,0.0,0.0,0.0,0.0,0.0,0.0,0.0,0.0,0.0,0.11,0.41,0.57,0.5,0.68,0.51,0.45,0.32,0.39,0.29,0.32,0.25,0.11,0.02,0.0,0.0,0.0,0.0,0.0,0.0,0.0,0.0,0.0,0.0,0.02,0.13,0.35,1.05,1.14,1.75,3.03,2.37,1.88,1.12,0.63,0.98,0.6,0.04,0.0,0.0,0.0,0.0,0.0,0.0,0.0,0.0,0.0,0.0,0.09,0.3,0.37,0.52,0.47,0.61,0.47,0.43,0.39,0.21,0.34,0.09,0.07,0.01,0.0,0.0,0.0,0.0,0.0,0.0,0.0,0.0,0.0,0.0,0.01,0.04,0.12,0.13,0.43,1.0,1.57,1.5,0.8,1.71,0.87,0.43,0.12,0.01,0.0,0.0,0.0,0.0,0.0,0.0,0.0,0.0,0.0,0.0,0.27,0.5,1.16,1.96,2.51,3.14,2.93,2.14,2.6,2.27,1.5,0.82,0.41,0.03,0.0,0.0,0.0,0.0,0.0,0.0,0.0,0.0,0.0,0.0,0.13,0.43,0.68,0.62,1.47,2.85,2.36,3.03,2.95,2.2,1.58,0.97,0.27,0.04,0.0,0.0,0.0
575,0.0,0.0,0.0,0.0,0.0,0.0,0.0,0.11,0.41,0.57,0.5,0.68,0.51,0.45,0.32,0.39,0.29,0.32,0.25,0.11,0.02,0.0,0.0,0.0,0.0,0.0,0.0,0.0,0.0,0.0,0.0,0.02,0.13,0.35,1.05,1.14,1.75,3.03,2.37,1.88,1.12,0.63,0.98,0.6,0.04,0.0,0.0,0.0,0.0,0.0,0.0,0.0,0.0,0.0,0.0,0.09,0.3,0.37,0.52,0.47,0.61,0.47,0.43,0.39,0.21,0.34,0.09,0.07,0.01,0.0,0.0,0.0,0.0,0.0,0.0,0.0,0.0,0.0,0.0,0.01,0.04,0.12,0.13,0.43,1.0,1.57,1.5,0.8,1.71,0.87,0.43,0.12,0.01,0.0,0.0,0.0,0.0,0.0,0.0,0.0,0.0,0.0,0.0,0.27,0.5,1.16,1.96,2.51,3.14,2.93,2.14,2.6,2.27,1.5,0.82,0.41,0.03,0.0,0.0,0.0,0.0,0.0,0.0,0.0,0.0,0.0,0.0,0.13,0.43,0.68,0.62,1.47,2.85,2.36,3.03,2.95,2.2,1.58,0.97,0.27,0.04,0.0,0.0,0.0,0.0,0.0,0.0,0.0,0.0,0.0,0.0,0.12,0.48,0.98,0.45,1.23,0.27,0.4,0.83,0.75,0.6,0.64,0.55,0.16,0.02,0.0,0.0,0.0
576,0.0,0.0,0.0,0.0,0.0,0.0,0.0,0.02,0.13,0.35,1.05,1.14,1.75,3.03,2.37,1.88,1.12,0.63,0.98,0.6,0.04,0.0,0.0,0.0,0.0,0.0,0.0,0.0,0.0,0.0,0.0,0.09,0.3,0.37,0.52,0.47,0.61,0.47,0.43,0.39,0.21,0.34,0.09,0.07,0.01,0.0,0.0,0.0,0.0,0.0,0.0,0.0,0.0,0.0,0.0,0.01,0.04,0.12,0.13,0.43,1.0,1.57,1.5,0.8,1.71,0.87,0.43,0.12,0.01,0.0,0.0,0.0,0.0,0.0,0.0,0.0,0.0,0.0,0.0,0.27,0.5,1.16,1.96,2.51,3.14,2.93,2.14,2.6,2.27,1.5,0.82,0.41,0.03,0.0,0.0,0.0,0.0,0.0,0.0,0.0,0.0,0.0,0.0,0.13,0.43,0.68,0.62,1.47,2.85,2.36,3.03,2.95,2.2,1.58,0.97,0.27,0.04,0.0,0.0,0.0,0.0,0.0,0.0,0.0,0.0,0.0,0.0,0.12,0.48,0.98,0.45,1.23,0.27,0.4,0.83,0.75,0.6,0.64,0.55,0.16,0.02,0.0,0.0,0.0,0.0,0.0,0.0,0.0,0.0,0.0,0.0,0.19,0.55,0.49,0.51,0.55,0.37,2.05,1.7,1.13,0.64,0.53,0.42,0.13,0.0,0.0,0.0,0.0
577,0.0,0.0,0.0,0.0,0.0,0.0,0.0,0.09,0.3,0.37,0.52,0.47,0.61,0.47,0.43,0.39,0.21,0.34,0.09,0.07,0.01,0.0,0.0,0.0,0.0,0.0,0.0,0.0,0.0,0.0,0.0,0.01,0.04,0.12,0.13,0.43,1.0,1.57,1.5,0.8,1.71,0.87,0.43,0.12,0.01,0.0,0.0,0.0,0.0,0.0,0.0,0.0,0.0,0.0,0.0,0.27,0.5,1.16,1.96,2.51,3.14,2.93,2.14,2.6,2.27,1.5,0.82,0.41,0.03,0.0,0.0,0.0,0.0,0.0,0.0,0.0,0.0,0.0,0.0,0.13,0.43,0.68,0.62,1.47,2.85,2.36,3.03,2.95,2.2,1.58,0.97,0.27,0.04,0.0,0.0,0.0,0.0,0.0,0.0,0.0,0.0,0.0,0.0,0.12,0.48,0.98,0.45,1.23,0.27,0.4,0.83,0.75,0.6,0.64,0.55,0.16,0.02,0.0,0.0,0.0,0.0,0.0,0.0,0.0,0.0,0.0,0.0,0.19,0.55,0.49,0.51,0.55,0.37,2.05,1.7,1.13,0.64,0.53,0.42,0.13,0.0,0.0,0.0,0.0,0.0,0.0,0.0,0.0,0.0,0.0,0.0,0.0,0.04,0.07,0.15,0.13,0.05,0.0,0.0,0.18,0.18,0.14,0.01,0.04,0.08,0.0,0.0,0.0
578,0.0,0.0,0.0,0.0,0.0,0.0,0.0,0.01,0.04,0.12,0.13,0.43,1.0,1.57,1.5,0.8,1.71,0.87,0.43,0.12,0.01,0.0,0.0,0.0,0.0,0.0,0.0,0.0,0.0,0.0,0.0,0.27,0.5,1.16,1.96,2.51,3.14,2.93,2.14,2.6,2.27,1.5,0.82,0.41,0.03,0.0,0.0,0.0,0.0,0.0,0.0,0.0,0.0,0.0,0.0,0.13,0.43,0.68,0.62,1.47,2.85,2.36,3.03,2.95,2.2,1.58,0.97,0.27,0.04,0.0,0.0,0.0,0.0,0.0,0.0,0.0,0.0,0.0,0.0,0.12,0.48,0.98,0.45,1.23,0.27,0.4,0.83,0.75,0.6,0.64,0.55,0.16,0.02,0.0,0.0,0.0,0.0,0.0,0.0,0.0,0.0,0.0,0.0,0.19,0.55,0.49,0.51,0.55,0.37,2.05,1.7,1.13,0.64,0.53,0.42,0.13,0.0,0.0,0.0,0.0,0.0,0.0,0.0,0.0,0.0,0.0,0.0,0.0,0.04,0.07,0.15,0.13,0.05,0.0,0.0,0.18,0.18,0.14,0.01,0.04,0.08,0.0,0.0,0.0,0.0,0.0,0.0,0.0,0.0,0.0,0.0,0.05,0.24,0.28,0.37,0.14,0.19,0.18,0.31,0.34,0.23,0.05,0.02,0.02,0.0,0.0,0.0,0.0
579,0.0,0.0,0.0,0.0,0.0,0.0,0.0,0.27,0.5,1.16,1.96,2.51,3.14,2.93,2.14,2.6,2.27,1.5,0.82,0.41,0.03,0.0,0.0,0.0,0.0,0.0,0.0,0.0,0.0,0.0,0.0,0.13,0.43,0.68,0.62,1.47,2.85,2.36,3.03,2.95,2.2,1.58,0.97,0.27,0.04,0.0,0.0,0.0,0.0,0.0,0.0,0.0,0.0,0.0,0.0,0.12,0.48,0.98,0.45,1.23,0.27,0.4,0.83,0.75,0.6,0.64,0.55,0.16,0.02,0.0,0.0,0.0,0.0,0.0,0.0,0.0,0.0,0.0,0.0,0.19,0.55,0.49,0.51,0.55,0.37,2.05,1.7,1.13,0.64,0.53,0.42,0.13,0.0,0.0,0.0,0.0,0.0,0.0,0.0,0.0,0.0,0.0,0.0,0.0,0.04,0.07,0.15,0.13,0.05,0.0,0.0,0.18,0.18,0.14,0.01,0.04,0.08,0.0,0.0,0.0,0.0,0.0,0.0,0.0,0.0,0.0,0.0,0.05,0.24,0.28,0.37,0.14,0.19,0.18,0.31,0.34,0.23,0.05,0.02,0.02,0.0,0.0,0.0,0.0,0.0,0.0,0.0,0.0,0.0,0.0,0.0,0.03,0.3,0.7,1.4,2.69,2.71,2.7,2.12,1.83,1.05,0.33,0.26,0.1,0.01,0.0,0.0,0.0
580,0.0,0.0,0.0,0.0,0.0,0.0,0.0,0.13,0.43,0.68,0.62,1.47,2.85,2.36,3.03,2.95,2.2,1.58,0.97,0.27,0.04,0.0,0.0,0.0,0.0,0.0,0.0,0.0,0.0,0.0,0.0,0.12,0.48,0.98,0.45,1.23,0.27,0.4,0.83,0.75,0.6,0.64,0.55,0.16,0.02,0.0,0.0,0.0,0.0,0.0,0.0,0.0,0.0,0.0,0.0,0.19,0.55,0.49,0.51,0.55,0.37,2.05,1.7,1.13,0.64,0.53,0.42,0.13,0.0,0.0,0.0,0.0,0.0,0.0,0.0,0.0,0.0,0.0,0.0,0.0,0.04,0.07,0.15,0.13,0.05,0.0,0.0,0.18,0.18,0.14,0.01,0.04,0.08,0.0,0.0,0.0,0.0,0.0,0.0,0.0,0.0,0.0,0.0,0.05,0.24,0.28,0.37,0.14,0.19,0.18,0.31,0.34,0.23,0.05,0.02,0.02,0.0,0.0,0.0,0.0,0.0,0.0,0.0,0.0,0.0,0.0,0.0,0.03,0.3,0.7,1.4,2.69,2.71,2.7,2.12,1.83,1.05,0.33,0.26,0.1,0.01,0.0,0.0,0.0,0.0,0.0,0.0,0.0,0.0,0.0,0.0,0.03,0.07,0.35,0.49,0.66,0.96,0.51,1.48,2.69,0.77,0.46,0.2,0.11,0.03,0.0,0.0,0.0
581,0.0,0.0,0.0,0.0,0.0,0.0,0.0,0.12,0.48,0.98,0.45,1.23,0.27,0.4,0.83,0.75,0.6,0.64,0.55,0.16,0.02,0.0,0.0,0.0,0.0,0.0,0.0,0.0,0.0,0.0,0.0,0.19,0.55,0.49,0.51,0.55,0.37,2.05,1.7,1.13,0.64,0.53,0.42,0.13,0.0,0.0,0.0,0.0,0.0,0.0,0.0,0.0,0.0,0.0,0.0,0.0,0.04,0.07,0.15,0.13,0.05,0.0,0.0,0.18,0.18,0.14,0.01,0.04,0.08,0.0,0.0,0.0,0.0,0.0,0.0,0.0,0.0,0.0,0.0,0.05,0.24,0.28,0.37,0.14,0.19,0.18,0.31,0.34,0.23,0.05,0.02,0.02,0.0,0.0,0.0,0.0,0.0,0.0,0.0,0.0,0.0,0.0,0.0,0.03,0.3,0.7,1.4,2.69,2.71,2.7,2.12,1.83,1.05,0.33,0.26,0.1,0.01,0.0,0.0,0.0,0.0,0.0,0.0,0.0,0.0,0.0,0.0,0.03,0.07,0.35,0.49,0.66,0.96,0.51,1.48,2.69,0.77,0.46,0.2,0.11,0.03,0.0,0.0,0.0,0.0,0.0,0.0,0.0,0.0,0.0,0.0,0.16,0.86,1.07,1.65,2.14,3.3,3.4,3.32,3.04,2.51,1.88,1.12,0.37,0.04,0.0,0.0,0.0
582,0.0,0.0,0.0,0.0,0.0,0.0,0.0,0.19,0.55,0.49,0.51,0.55,0.37,2.05,1.7,1.13,0.64,0.53,0.42,0.13,0.0,0.0,0.0,0.0,0.0,0.0,0.0,0.0,0.0,0.0,0.0,0.0,0.04,0.07,0.15,0.13,0.05,0.0,0.0,0.18,0.18,0.14,0.01,0.04,0.08,0.0,0.0,0.0,0.0,0.0,0.0,0.0,0.0,0.0,0.0,0.05,0.24,0.28,0.37,0.14,0.19,0.18,0.31,0.34,0.23,0.05,0.02,0.02,0.0,0.0,0.0,0.0,0.0,0.0,0.0,0.0,0.0,0.0,0.0,0.03,0.3,0.7,1.4,2.69,2.71,2.7,2.12,1.83,1.05,0.33,0.26,0.1,0.01,0.0,0.0,0.0,0.0,0.0,0.0,0.0,0.0,0.0,0.0,0.03,0.07,0.35,0.49,0.66,0.96,0.51,1.48,2.69,0.77,0.46,0.2,0.11,0.03,0.0,0.0,0.0,0.0,0.0,0.0,0.0,0.0,0.0,0.0,0.16,0.86,1.07,1.65,2.14,3.3,3.4,3.32,3.04,2.51,1.88,1.12,0.37,0.04,0.0,0.0,0.0,0.0,0.0,0.0,0.0,0.0,0.0,0.0,0.15,0.34,0.45,0.33,0.2,0.12,0.17,0.23,0.39,0.33,1.28,0.97,0.09,0.01,0.0,0.0,0.0
583,0.0,0.0,0.0,0.0,0.0,0.0,0.0,0.0,0.04,0.07,0.15,0.13,0.05,0.0,0.0,0.18,0.18,0.14,0.01,0.04,0.08,0.0,0.0,0.0,0.0,0.0,0.0,0.0,0.0,0.0,0.0,0.05,0.24,0.28,0.37,0.14,0.19,0.18,0.31,0.34,0.23,0.05,0.02,0.02,0.0,0.0,0.0,0.0,0.0,0.0,0.0,0.0,0.0,0.0,0.0,0.03,0.3,0.7,1.4,2.69,2.71,2.7,2.12,1.83,1.05,0.33,0.26,0.1,0.01,0.0,0.0,0.0,0.0,0.0,0.0,0.0,0.0,0.0,0.0,0.03,0.07,0.35,0.49,0.66,0.96,0.51,1.48,2.69,0.77,0.46,0.2,0.11,0.03,0.0,0.0,0.0,0.0,0.0,0.0,0.0,0.0,0.0,0.0,0.16,0.86,1.07,1.65,2.14,3.3,3.4,3.32,3.04,2.51,1.88,1.12,0.37,0.04,0.0,0.0,0.0,0.0,0.0,0.0,0.0,0.0,0.0,0.0,0.15,0.34,0.45,0.33,0.2,0.12,0.17,0.23,0.39,0.33,1.28,0.97,0.09,0.01,0.0,0.0,0.0,0.0,0.0,0.0,0.0,0.0,0.0,0.0,0.14,0.34,0.54,0.63,2.51,2.1,2.15,2.29,1.52,0.59,0.78,0.23,0.12,0.01,0.0,0.0,0.0
584,0.0,0.0,0.0,0.0,0.0,0.0,0.0,0.05,0.24,0.28,0.37,0.14,0.19,0.18,0.31,0.34,0.23,0.05,0.02,0.02,0.0,0.0,0.0,0.0,0.0,0.0,0.0,0.0,0.0,0.0,0.0,0.03,0.3,0.7,1.4,2.69,2.71,2.7,2.12,1.83,1.05,0.33,0.26,0.1,0.01,0.0,0.0,0.0,0.0,0.0,0.0,0.0,0.0,0.0,0.0,0.03,0.07,0.35,0.49,0.66,0.96,0.51,1.48,2.69,0.77,0.46,0.2,0.11,0.03,0.0,0.0,0.0,0.0,0.0,0.0,0.0,0.0,0.0,0.0,0.16,0.86,1.07,1.65,2.14,3.3,3.4,3.32,3.04,2.51,1.88,1.12,0.37,0.04,0.0,0.0,0.0,0.0,0.0,0.0,0.0,0.0,0.0,0.0,0.15,0.34,0.45,0.33,0.2,0.12,0.17,0.23,0.39,0.33,1.28,0.97,0.09,0.01,0.0,0.0,0.0,0.0,0.0,0.0,0.0,0.0,0.0,0.0,0.14,0.34,0.54,0.63,2.51,2.1,2.15,2.29,1.52,0.59,0.78,0.23,0.12,0.01,0.0,0.0,0.0,0.0,0.0,0.0,0.0,0.0,0.0,0.0,0.07,0.11,0.33,0.54,0.9,1.15,1.16,0.93,0.4,0.35,0.24,0.07,0.03,0.0,0.0,0.0,0.0
585,0.0,0.0,0.0,0.0,0.0,0.0,0.0,0.03,0.3,0.7,1.4,2.69,2.71,2.7,2.12,1.83,1.05,0.33,0.26,0.1,0.01,0.0,0.0,0.0,0.0,0.0,0.0,0.0,0.0,0.0,0.0,0.03,0.07,0.35,0.49,0.66,0.96,0.51,1.48,2.69,0.77,0.46,0.2,0.11,0.03,0.0,0.0,0.0,0.0,0.0,0.0,0.0,0.0,0.0,0.0,0.16,0.86,1.07,1.65,2.14,3.3,3.4,3.32,3.04,2.51,1.88,1.12,0.37,0.04,0.0,0.0,0.0,0.0,0.0,0.0,0.0,0.0,0.0,0.0,0.15,0.34,0.45,0.33,0.2,0.12,0.17,0.23,0.39,0.33,1.28,0.97,0.09,0.01,0.0,0.0,0.0,0.0,0.0,0.0,0.0,0.0,0.0,0.0,0.14,0.34,0.54,0.63,2.51,2.1,2.15,2.29,1.52,0.59,0.78,0.23,0.12,0.01,0.0,0.0,0.0,0.0,0.0,0.0,0.0,0.0,0.0,0.0,0.07,0.11,0.33,0.54,0.9,1.15,1.16,0.93,0.4,0.35,0.24,0.07,0.03,0.0,0.0,0.0,0.0,0.0,0.0,0.0,0.0,0.0,0.0,0.0,0.11,0.56,1.05,2.09,2.3,3.06,3.14,2.74,2.52,2.31,1.89,1.17,0.38,0.02,0.0,0.0,0.0
586,0.0,0.0,0.0,0.0,0.0,0.0,0.0,0.03,0.07,0.35,0.49,0.66,0.96,0.51,1.48,2.69,0.77,0.46,0.2,0.11,0.03,0.0,0.0,0.0,0.0,0.0,0.0,0.0,0.0,0.0,0.0,0.16,0.86,1.07,1.65,2.14,3.3,3.4,3.32,3.04,2.51,1.88,1.12,0.37,0.04,0.0,0.0,0.0,0.0,0.0,0.0,0.0,0.0,0.0,0.0,0.15,0.34,0.45,0.33,0.2,0.12,0.17,0.23,0.39,0.33,1.28,0.97,0.09,0.01,0.0,0.0,0.0,0.0,0.0,0.0,0.0,0.0,0.0,0.0,0.14,0.34,0.54,0.63,2.51,2.1,2.15,2.29,1.52,0.59,0.78,0.23,0.12,0.01,0.0,0.0,0.0,0.0,0.0,0.0,0.0,0.0,0.0,0.0,0.07,0.11,0.33,0.54,0.9,1.15,1.16,0.93,0.4,0.35,0.24,0.07,0.03,0.0,0.0,0.0,0.0,0.0,0.0,0.0,0.0,0.0,0.0,0.0,0.11,0.56,1.05,2.09,2.3,3.06,3.14,2.74,2.52,2.31,1.89,1.17,0.38,0.02,0.0,0.0,0.0,0.0,0.0,0.0,0.0,0.0,0.0,0.0,0.21,0.74,1.17,0.67,1.38,2.5,2.82,2.71,0.67,1.44,1.72,0.8,0.25,0.02,0.0,0.0,0.0
587,0.0,0.0,0.0,0.0,0.0,0.0,0.0,0.16,0.86,1.07,1.65,2.14,3.3,3.4,3.32,3.04,2.51,1.88,1.12,0.37,0.04,0.0,0.0,0.0,0.0,0.0,0.0,0.0,0.0,0.0,0.0,0.15,0.34,0.45,0.33,0.2,0.12,0.17,0.23,0.39,0.33,1.28,0.97,0.09,0.01,0.0,0.0,0.0,0.0,0.0,0.0,0.0,0.0,0.0,0.0,0.14,0.34,0.54,0.63,2.51,2.1,2.15,2.29,1.52,0.59,0.78,0.23,0.12,0.01,0.0,0.0,0.0,0.0,0.0,0.0,0.0,0.0,0.0,0.0,0.07,0.11,0.33,0.54,0.9,1.15,1.16,0.93,0.4,0.35,0.24,0.07,0.03,0.0,0.0,0.0,0.0,0.0,0.0,0.0,0.0,0.0,0.0,0.0,0.11,0.56,1.05,2.09,2.3,3.06,3.14,2.74,2.52,2.31,1.89,1.17,0.38,0.02,0.0,0.0,0.0,0.0,0.0,0.0,0.0,0.0,0.0,0.0,0.21,0.74,1.17,0.67,1.38,2.5,2.82,2.71,0.67,1.44,1.72,0.8,0.25,0.02,0.0,0.0,0.0,0.0,0.0,0.0,0.0,0.0,0.0,0.0,0.17,0.57,0.7,0.67,0.93,2.22,1.22,2.54,1.5,0.79,0.59,0.47,0.19,0.01,0.0,0.0,0.0
588,0.0,0.0,0.0,0.0,0.0,0.0,0.0,0.15,0.34,0.45,0.33,0.2,0.12,0.17,0.23,0.39,0.33,1.28,0.97,0.09,0.01,0.0,0.0,0.0,0.0,0.0,0.0,0.0,0.0,0.0,0.0,0.14,0.34,0.54,0.63,2.51,2.1,2.15,2.29,1.52,0.59,0.78,0.23,0.12,0.01,0.0,0.0,0.0,0.0,0.0,0.0,0.0,0.0,0.0,0.0,0.07,0.11,0.33,0.54,0.9,1.15,1.16,0.93,0.4,0.35,0.24,0.07,0.03,0.0,0.0,0.0,0.0,0.0,0.0,0.0,0.0,0.0,0.0,0.0,0.11,0.56,1.05,2.09,2.3,3.06,3.14,2.74,2.52,2.31,1.89,1.17,0.38,0.02,0.0,0.0,0.0,0.0,0.0,0.0,0.0,0.0,0.0,0.0,0.21,0.74,1.17,0.67,1.38,2.5,2.82,2.71,0.67,1.44,1.72,0.8,0.25,0.02,0.0,0.0,0.0,0.0,0.0,0.0,0.0,0.0,0.0,0.0,0.17,0.57,0.7,0.67,0.93,2.22,1.22,2.54,1.5,0.79,0.59,0.47,0.19,0.01,0.0,0.0,0.0,0.0,0.0,0.0,0.0,0.0,0.0,0.0,0.14,0.41,0.97,1.38,0.92,0.64,0.4,0.44,0.12,0.05,0.04,0.02,0.02,0.01,0.0,0.0,0.0
589,0.0,0.0,0.0,0.0,0.0,0.0,0.0,0.14,0.34,0.54,0.63,2.51,2.1,2.15,2.29,1.52,0.59,0.78,0.23,0.12,0.01,0.0,0.0,0.0,0.0,0.0,0.0,0.0,0.0,0.0,0.0,0.07,0.11,0.33,0.54,0.9,1.15,1.16,0.93,0.4,0.35,0.24,0.07,0.03,0.0,0.0,0.0,0.0,0.0,0.0,0.0,0.0,0.0,0.0,0.0,0.11,0.56,1.05,2.09,2.3,3.06,3.14,2.74,2.52,2.31,1.89,1.17,0.38,0.02,0.0,0.0,0.0,0.0,0.0,0.0,0.0,0.0,0.0,0.0,0.21,0.74,1.17,0.67,1.38,2.5,2.82,2.71,0.67,1.44,1.72,0.8,0.25,0.02,0.0,0.0,0.0,0.0,0.0,0.0,0.0,0.0,0.0,0.0,0.17,0.57,0.7,0.67,0.93,2.22,1.22,2.54,1.5,0.79,0.59,0.47,0.19,0.01,0.0,0.0,0.0,0.0,0.0,0.0,0.0,0.0,0.0,0.0,0.14,0.41,0.97,1.38,0.92,0.64,0.4,0.44,0.12,0.05,0.04,0.02,0.02,0.01,0.0,0.0,0.0,0.0,0.0,0.0,0.0,0.0,0.0,0.0,0.14,0.59,1.5,1.85,1.83,2.93,3.45,3.5,2.75,2.13,1.7,0.9,0.37,0.01,0.0,0.0,0.0
590,0.0,0.0,0.0,0.0,0.0,0.0,0.0,0.07,0.11,0.33,0.54,0.9,1.15,1.16,0.93,0.4,0.35,0.24,0.07,0.03,0.0,0.0,0.0,0.0,0.0,0.0,0.0,0.0,0.0,0.0,0.0,0.11,0.56,1.05,2.09,2.3,3.06,3.14,2.74,2.52,2.31,1.89,1.17,0.38,0.02,0.0,0.0,0.0,0.0,0.0,0.0,0.0,0.0,0.0,0.0,0.21,0.74,1.17,0.67,1.38,2.5,2.82,2.71,0.67,1.44,1.72,0.8,0.25,0.02,0.0,0.0,0.0,0.0,0.0,0.0,0.0,0.0,0.0,0.0,0.17,0.57,0.7,0.67,0.93,2.22,1.22,2.54,1.5,0.79,0.59,0.47,0.19,0.01,0.0,0.0,0.0,0.0,0.0,0.0,0.0,0.0,0.0,0.0,0.14,0.41,0.97,1.38,0.92,0.64,0.4,0.44,0.12,0.05,0.04,0.02,0.02,0.01,0.0,0.0,0.0,0.0,0.0,0.0,0.0,0.0,0.0,0.0,0.14,0.59,1.5,1.85,1.83,2.93,3.45,3.5,2.75,2.13,1.7,0.9,0.37,0.01,0.0,0.0,0.0,0.0,0.0,0.0,0.0,0.0,0.0,0.0,0.14,0.51,0.53,0.96,1.95,2.59,1.65,1.96,1.41,1.52,1.85,1.02,0.27,0.01,0.0,0.0,0.0
591,0.0,0.0,0.0,0.0,0.0,0.0,0.0,0.11,0.56,1.05,2.09,2.3,3.06,3.14,2.74,2.52,2.31,1.89,1.17,0.38,0.02,0.0,0.0,0.0,0.0,0.0,0.0,0.0,0.0,0.0,0.0,0.21,0.74,1.17,0.67,1.38,2.5,2.82,2.71,0.67,1.44,1.72,0.8,0.25,0.02,0.0,0.0,0.0,0.0,0.0,0.0,0.0,0.0,0.0,0.0,0.17,0.57,0.7,0.67,0.93,2.22,1.22,2.54,1.5,0.79,0.59,0.47,0.19,0.01,0.0,0.0,0.0,0.0,0.0,0.0,0.0,0.0,0.0,0.0,0.14,0.41,0.97,1.38,0.92,0.64,0.4,0.44,0.12,0.05,0.04,0.02,0.02,0.01,0.0,0.0,0.0,0.0,0.0,0.0,0.0,0.0,0.0,0.0,0.14,0.59,1.5,1.85,1.83,2.93,3.45,3.5,2.75,2.13,1.7,0.9,0.37,0.01,0.0,0.0,0.0,0.0,0.0,0.0,0.0,0.0,0.0,0.0,0.14,0.51,0.53,0.96,1.95,2.59,1.65,1.96,1.41,1.52,1.85,1.02,0.27,0.01,0.0,0.0,0.0,0.0,0.0,0.0,0.0,0.0,0.0,0.0,0.07,0.36,0.48,1.04,1.72,1.46,1.45,1.96,0.87,0.96,0.9,0.32,0.12,0.0,0.0,0.0,0.0
592,0.0,0.0,0.0,0.0,0.0,0.0,0.0,0.21,0.74,1.17,0.67,1.38,2.5,2.82,2.71,0.67,1.44,1.72,0.8,0.25,0.02,0.0,0.0,0.0,0.0,0.0,0.0,0.0,0.0,0.0,0.0,0.17,0.57,0.7,0.67,0.93,2.22,1.22,2.54,1.5,0.79,0.59,0.47,0.19,0.01,0.0,0.0,0.0,0.0,0.0,0.0,0.0,0.0,0.0,0.0,0.14,0.41,0.97,1.38,0.92,0.64,0.4,0.44,0.12,0.05,0.04,0.02,0.02,0.01,0.0,0.0,0.0,0.0,0.0,0.0,0.0,0.0,0.0,0.0,0.14,0.59,1.5,1.85,1.83,2.93,3.45,3.5,2.75,2.13,1.7,0.9,0.37,0.01,0.0,0.0,0.0,0.0,0.0,0.0,0.0,0.0,0.0,0.0,0.14,0.51,0.53,0.96,1.95,2.59,1.65,1.96,1.41,1.52,1.85,1.02,0.27,0.01,0.0,0.0,0.0,0.0,0.0,0.0,0.0,0.0,0.0,0.0,0.07,0.36,0.48,1.04,1.72,1.46,1.45,1.96,0.87,0.96,0.9,0.32,0.12,0.0,0.0,0.0,0.0,0.0,0.0,0.0,0.0,0.0,0.0,0.0,0.02,0.22,0.59,0.93,1.33,2.74,3.2,2.87,2.98,2.38,1.72,1.04,0.39,0.01,0.0,0.0,0.0
593,0.0,0.0,0.0,0.0,0.0,0.0,0.0,0.17,0.57,0.7,0.67,0.93,2.22,1.22,2.54,1.5,0.79,0.59,0.47,0.19,0.01,0.0,0.0,0.0,0.0,0.0,0.0,0.0,0.0,0.0,0.0,0.14,0.41,0.97,1.38,0.92,0.64,0.4,0.44,0.12,0.05,0.04,0.02,0.02,0.01,0.0,0.0,0.0,0.0,0.0,0.0,0.0,0.0,0.0,0.0,0.14,0.59,1.5,1.85,1.83,2.93,3.45,3.5,2.75,2.13,1.7,0.9,0.37,0.01,0.0,0.0,0.0,0.0,0.0,0.0,0.0,0.0,0.0,0.0,0.14,0.51,0.53,0.96,1.95,2.59,1.65,1.96,1.41,1.52,1.85,1.02,0.27,0.01,0.0,0.0,0.0,0.0,0.0,0.0,0.0,0.0,0.0,0.0,0.07,0.36,0.48,1.04,1.72,1.46,1.45,1.96,0.87,0.96,0.9,0.32,0.12,0.0,0.0,0.0,0.0,0.0,0.0,0.0,0.0,0.0,0.0,0.0,0.02,0.22,0.59,0.93,1.33,2.74,3.2,2.87,2.98,2.38,1.72,1.04,0.39,0.01,0.0,0.0,0.0,0.0,0.0,0.0,0.0,0.0,0.0,0.0,0.11,0.53,0.86,1.47,2.01,2.55,1.76,0.82,0.33,0.38,0.86,0.46,0.19,0.01,0.0,0.0,0.0
594,0.0,0.0,0.0,0.0,0.0,0.0,0.0,0.14,0.41,0.97,1.38,0.92,0.64,0.4,0.44,0.12,0.05,0.04,0.02,0.02,0.01,0.0,0.0,0.0,0.0,0.0,0.0,0.0,0.0,0.0,0.0,0.14,0.59,1.5,1.85,1.83,2.93,3.45,3.5,2.75,2.13,1.7,0.9,0.37,0.01,0.0,0.0,0.0,0.0,0.0,0.0,0.0,0.0,0.0,0.0,0.14,0.51,0.53,0.96,1.95,2.59,1.65,1.96,1.41,1.52,1.85,1.02,0.27,0.01,0.0,0.0,0.0,0.0,0.0,0.0,0.0,0.0,0.0,0.0,0.07,0.36,0.48,1.04,1.72,1.46,1.45,1.96,0.87,0.96,0.9,0.32,0.12,0.0,0.0,0.0,0.0,0.0,0.0,0.0,0.0,0.0,0.0,0.0,0.02,0.22,0.59,0.93,1.33,2.74,3.2,2.87,2.98,2.38,1.72,1.04,0.39,0.01,0.0,0.0,0.0,0.0,0.0,0.0,0.0,0.0,0.0,0.0,0.11,0.53,0.86,1.47,2.01,2.55,1.76,0.82,0.33,0.38,0.86,0.46,0.19,0.01,0.0,0.0,0.0,0.0,0.0,0.0,0.0,0.0,0.0,0.0,0.09,0.34,0.31,0.59,0.77,0.41,0.39,0.28,0.46,0.42,0.23,0.13,0.08,0.0,0.0,0.0,0.0
595,0.0,0.0,0.0,0.0,0.0,0.0,0.0,0.14,0.59,1.5,1.85,1.83,2.93,3.45,3.5,2.75,2.13,1.7,0.9,0.37,0.01,0.0,0.0,0.0,0.0,0.0,0.0,0.0,0.0,0.0,0.0,0.14,0.51,0.53,0.96,1.95,2.59,1.65,1.96,1.41,1.52,1.85,1.02,0.27,0.01,0.0,0.0,0.0,0.0,0.0,0.0,0.0,0.0,0.0,0.0,0.07,0.36,0.48,1.04,1.72,1.46,1.45,1.96,0.87,0.96,0.9,0.32,0.12,0.0,0.0,0.0,0.0,0.0,0.0,0.0,0.0,0.0,0.0,0.0,0.02,0.22,0.59,0.93,1.33,2.74,3.2,2.87,2.98,2.38,1.72,1.04,0.39,0.01,0.0,0.0,0.0,0.0,0.0,0.0,0.0,0.0,0.0,0.0,0.11,0.53,0.86,1.47,2.01,2.55,1.76,0.82,0.33,0.38,0.86,0.46,0.19,0.01,0.0,0.0,0.0,0.0,0.0,0.0,0.0,0.0,0.0,0.0,0.09,0.34,0.31,0.59,0.77,0.41,0.39,0.28,0.46,0.42,0.23,0.13,0.08,0.0,0.0,0.0,0.0,0.0,0.0,0.0,0.0,0.0,0.0,0.0,0.14,0.69,1.37,1.54,2.51,2.59,2.87,1.77,2.53,2.27,0.85,0.59,0.19,0.0,0.0,0.0,0.0
596,0.0,0.0,0.0,0.0,0.0,0.0,0.0,0.14,0.51,0.53,0.96,1.95,2.59,1.65,1.96,1.41,1.52,1.85,1.02,0.27,0.01,0.0,0.0,0.0,0.0,0.0,0.0,0.0,0.0,0.0,0.0,0.07,0.36,0.48,1.04,1.72,1.46,1.45,1.96,0.87,0.96,0.9,0.32,0.12,0.0,0.0,0.0,0.0,0.0,0.0,0.0,0.0,0.0,0.0,0.0,0.02,0.22,0.59,0.93,1.33,2.74,3.2,2.87,2.98,2.38,1.72,1.04,0.39,0.01,0.0,0.0,0.0,0.0,0.0,0.0,0.0,0.0,0.0,0.0,0.11,0.53,0.86,1.47,2.01,2.55,1.76,0.82,0.33,0.38,0.86,0.46,0.19,0.01,0.0,0.0,0.0,0.0,0.0,0.0,0.0,0.0,0.0,0.0,0.09,0.34,0.31,0.59,0.77,0.41,0.39,0.28,0.46,0.42,0.23,0.13,0.08,0.0,0.0,0.0,0.0,0.0,0.0,0.0,0.0,0.0,0.0,0.0,0.14,0.69,1.37,1.54,2.51,2.59,2.87,1.77,2.53,2.27,0.85,0.59,0.19,0.0,0.0,0.0,0.0,0.0,0.0,0.0,0.0,0.0,0.0,0.0,0.21,0.92,1.72,2.38,2.98,3.35,3.47,3.36,3.03,2.48,1.82,1.04,0.32,0.01,0.0,0.0,0.0
597,0.0,0.0,0.0,0.0,0.0,0.0,0.0,0.07,0.36,0.48,1.04,1.72,1.46,1.45,1.96,0.87,0.96,0.9,0.32,0.12,0.0,0.0,0.0,0.0,0.0,0.0,0.0,0.0,0.0,0.0,0.0,0.02,0.22,0.59,0.93,1.33,2.74,3.2,2.87,2.98,2.38,1.72,1.04,0.39,0.01,0.0,0.0,0.0,0.0,0.0,0.0,0.0,0.0,0.0,0.0,0.11,0.53,0.86,1.47,2.01,2.55,1.76,0.82,0.33,0.38,0.86,0.46,0.19,0.01,0.0,0.0,0.0,0.0,0.0,0.0,0.0,0.0,0.0,0.0,0.09,0.34,0.31,0.59,0.77,0.41,0.39,0.28,0.46,0.42,0.23,0.13,0.08,0.0,0.0,0.0,0.0,0.0,0.0,0.0,0.0,0.0,0.0,0.0,0.14,0.69,1.37,1.54,2.51,2.59,2.87,1.77,2.53,2.27,0.85,0.59,0.19,0.0,0.0,0.0,0.0,0.0,0.0,0.0,0.0,0.0,0.0,0.0,0.21,0.92,1.72,2.38,2.98,3.35,3.47,3.36,3.03,2.48,1.82,1.04,0.32,0.01,0.0,0.0,0.0,0.0,0.0,0.0,0.0,0.0,0.0,0.0,0.21,0.95,1.61,1.81,2.6,3.18,3.17,2.73,2.89,2.47,1.82,0.87,0.22,0.0,0.0,0.0,0.0
598,0.0,0.0,0.0,0.0,0.0,0.0,0.0,0.02,0.22,0.59,0.93,1.33,2.74,3.2,2.87,2.98,2.38,1.72,1.04,0.39,0.01,0.0,0.0,0.0,0.0,0.0,0.0,0.0,0.0,0.0,0.0,0.11,0.53,0.86,1.47,2.01,2.55,1.76,0.82,0.33,0.38,0.86,0.46,0.19,0.01,0.0,0.0,0.0,0.0,0.0,0.0,0.0,0.0,0.0,0.0,0.09,0.34,0.31,0.59,0.77,0.41,0.39,0.28,0.46,0.42,0.23,0.13,0.08,0.0,0.0,0.0,0.0,0.0,0.0,0.0,0.0,0.0,0.0,0.0,0.14,0.69,1.37,1.54,2.51,2.59,2.87,1.77,2.53,2.27,0.85,0.59,0.19,0.0,0.0,0.0,0.0,0.0,0.0,0.0,0.0,0.0,0.0,0.0,0.21,0.92,1.72,2.38,2.98,3.35,3.47,3.36,3.03,2.48,1.82,1.04,0.32,0.01,0.0,0.0,0.0,0.0,0.0,0.0,0.0,0.0,0.0,0.0,0.21,0.95,1.61,1.81,2.6,3.18,3.17,2.73,2.89,2.47,1.82,0.87,0.22,0.0,0.0,0.0,0.0,0.0,0.0,0.0,0.0,0.0,0.0,0.0,0.01,0.09,0.18,0.29,0.72,0.64,0.72,0.78,1.04,0.57,0.36,0.44,0.13,0.0,0.0,0.0,0.0
599,0.0,0.0,0.0,0.0,0.0,0.0,0.0,0.11,0.53,0.86,1.47,2.01,2.55,1.76,0.82,0.33,0.38,0.86,0.46,0.19,0.01,0.0,0.0,0.0,0.0,0.0,0.0,0.0,0.0,0.0,0.0,0.09,0.34,0.31,0.59,0.77,0.41,0.39,0.28,0.46,0.42,0.23,0.13,0.08,0.0,0.0,0.0,0.0,0.0,0.0,0.0,0.0,0.0,0.0,0.0,0.14,0.69,1.37,1.54,2.51,2.59,2.87,1.77,2.53,2.27,0.85,0.59,0.19,0.0,0.0,0.0,0.0,0.0,0.0,0.0,0.0,0.0,0.0,0.0,0.21,0.92,1.72,2.38,2.98,3.35,3.47,3.36,3.03,2.48,1.82,1.04,0.32,0.01,0.0,0.0,0.0,0.0,0.0,0.0,0.0,0.0,0.0,0.0,0.21,0.95,1.61,1.81,2.6,3.18,3.17,2.73,2.89,2.47,1.82,0.87,0.22,0.0,0.0,0.0,0.0,0.0,0.0,0.0,0.0,0.0,0.0,0.0,0.01,0.09,0.18,0.29,0.72,0.64,0.72,0.78,1.04,0.57,0.36,0.44,0.13,0.0,0.0,0.0,0.0,0.0,0.0,0.0,0.0,0.0,0.0,0.0,0.02,0.07,0.19,0.29,0.38,0.44,0.36,0.36,0.48,0.2,0.15,0.1,0.02,0.0,0.0,0.0,0.0
600,0.0,0.0,0.0,0.0,0.0,0.0,0.0,0.09,0.34,0.31,0.59,0.77,0.41,0.39,0.28,0.46,0.42,0.23,0.13,0.08,0.0,0.0,0.0,0.0,0.0,0.0,0.0,0.0,0.0,0.0,0.0,0.14,0.69,1.37,1.54,2.51,2.59,2.87,1.77,2.53,2.27,0.85,0.59,0.19,0.0,0.0,0.0,0.0,0.0,0.0,0.0,0.0,0.0,0.0,0.0,0.21,0.92,1.72,2.38,2.98,3.35,3.47,3.36,3.03,2.48,1.82,1.04,0.32,0.01,0.0,0.0,0.0,0.0,0.0,0.0,0.0,0.0,0.0,0.0,0.21,0.95,1.61,1.81,2.6,3.18,3.17,2.73,2.89,2.47,1.82,0.87,0.22,0.0,0.0,0.0,0.0,0.0,0.0,0.0,0.0,0.0,0.0,0.0,0.01,0.09,0.18,0.29,0.72,0.64,0.72,0.78,1.04,0.57,0.36,0.44,0.13,0.0,0.0,0.0,0.0,0.0,0.0,0.0,0.0,0.0,0.0,0.0,0.02,0.07,0.19,0.29,0.38,0.44,0.36,0.36,0.48,0.2,0.15,0.1,0.02,0.0,0.0,0.0,0.0,0.0,0.0,0.0,0.0,0.0,0.0,0.0,0.03,0.12,0.29,0.66,1.6,1.66,0.89,0.89,0.61,0.62,1.74,0.94,0.27,0.0,0.0,0.0,0.0
601,0.0,0.0,0.0,0.0,0.0,0.0,0.0,0.14,0.69,1.37,1.54,2.51,2.59,2.87,1.77,2.53,2.27,0.85,0.59,0.19,0.0,0.0,0.0,0.0,0.0,0.0,0.0,0.0,0.0,0.0,0.0,0.21,0.92,1.72,2.38,2.98,3.35,3.47,3.36,3.03,2.48,1.82,1.04,0.32,0.01,0.0,0.0,0.0,0.0,0.0,0.0,0.0,0.0,0.0,0.0,0.21,0.95,1.61,1.81,2.6,3.18,3.17,2.73,2.89,2.47,1.82,0.87,0.22,0.0,0.0,0.0,0.0,0.0,0.0,0.0,0.0,0.0,0.0,0.0,0.01,0.09,0.18,0.29,0.72,0.64,0.72,0.78,1.04,0.57,0.36,0.44,0.13,0.0,0.0,0.0,0.0,0.0,0.0,0.0,0.0,0.0,0.0,0.0,0.02,0.07,0.19,0.29,0.38,0.44,0.36,0.36,0.48,0.2,0.15,0.1,0.02,0.0,0.0,0.0,0.0,0.0,0.0,0.0,0.0,0.0,0.0,0.0,0.03,0.12,0.29,0.66,1.6,1.66,0.89,0.89,0.61,0.62,1.74,0.94,0.27,0.0,0.0,0.0,0.0,0.0,0.0,0.0,0.0,0.0,0.0,0.0,0.16,0.66,1.38,2.0,2.77,3.23,3.32,3.32,2.96,2.38,1.67,0.93,0.24,0.0,0.0,0.0,0.0
602,0.0,0.0,0.0,0.0,0.0,0.0,0.0,0.21,0.92,1.72,2.38,2.98,3.35,3.47,3.36,3.03,2.48,1.82,1.04,0.32,0.01,0.0,0.0,0.0,0.0,0.0,0.0,0.0,0.0,0.0,0.0,0.21,0.95,1.61,1.81,2.6,3.18,3.17,2.73,2.89,2.47,1.82,0.87,0.22,0.0,0.0,0.0,0.0,0.0,0.0,0.0,0.0,0.0,0.0,0.0,0.01,0.09,0.18,0.29,0.72,0.64,0.72,0.78,1.04,0.57,0.36,0.44,0.13,0.0,0.0,0.0,0.0,0.0,0.0,0.0,0.0,0.0,0.0,0.0,0.02,0.07,0.19,0.29,0.38,0.44,0.36,0.36,0.48,0.2,0.15,0.1,0.02,0.0,0.0,0.0,0.0,0.0,0.0,0.0,0.0,0.0,0.0,0.0,0.03,0.12,0.29,0.66,1.6,1.66,0.89,0.89,0.61,0.62,1.74,0.94,0.27,0.0,0.0,0.0,0.0,0.0,0.0,0.0,0.0,0.0,0.0,0.0,0.16,0.66,1.38,2.0,2.77,3.23,3.32,3.32,2.96,2.38,1.67,0.93,0.24,0.0,0.0,0.0,0.0,0.0,0.0,0.0,0.0,0.0,0.0,0.0,0.12,0.8,1.54,2.25,2.86,3.23,3.21,2.89,2.61,2.16,1.67,0.96,0.21,0.0,0.0,0.0,0.0
603,0.0,0.0,0.0,0.0,0.0,0.0,0.0,0.21,0.95,1.61,1.81,2.6,3.18,3.17,2.73,2.89,2.47,1.82,0.87,0.22,0.0,0.0,0.0,0.0,0.0,0.0,0.0,0.0,0.0,0.0,0.0,0.01,0.09,0.18,0.29,0.72,0.64,0.72,0.78,1.04,0.57,0.36,0.44,0.13,0.0,0.0,0.0,0.0,0.0,0.0,0.0,0.0,0.0,0.0,0.0,0.02,0.07,0.19,0.29,0.38,0.44,0.36,0.36,0.48,0.2,0.15,0.1,0.02,0.0,0.0,0.0,0.0,0.0,0.0,0.0,0.0,0.0,0.0,0.0,0.03,0.12,0.29,0.66,1.6,1.66,0.89,0.89,0.61,0.62,1.74,0.94,0.27,0.0,0.0,0.0,0.0,0.0,0.0,0.0,0.0,0.0,0.0,0.0,0.16,0.66,1.38,2.0,2.77,3.23,3.32,3.32,2.96,2.38,1.67,0.93,0.24,0.0,0.0,0.0,0.0,0.0,0.0,0.0,0.0,0.0,0.0,0.0,0.12,0.8,1.54,2.25,2.86,3.23,3.21,2.89,2.61,2.16,1.67,0.96,0.21,0.0,0.0,0.0,0.0,0.0,0.0,0.0,0.0,0.0,0.0,0.0,0.12,0.42,0.84,1.47,1.82,2.09,2.51,2.99,2.73,0.6,0.46,0.28,0.06,0.0,0.0,0.0,0.0
604,0.0,0.0,0.0,0.0,0.0,0.0,0.0,0.01,0.09,0.18,0.29,0.72,0.64,0.72,0.78,1.04,0.57,0.36,0.44,0.13,0.0,0.0,0.0,0.0,0.0,0.0,0.0,0.0,0.0,0.0,0.0,0.02,0.07,0.19,0.29,0.38,0.44,0.36,0.36,0.48,0.2,0.15,0.1,0.02,0.0,0.0,0.0,0.0,0.0,0.0,0.0,0.0,0.0,0.0,0.0,0.03,0.12,0.29,0.66,1.6,1.66,0.89,0.89,0.61,0.62,1.74,0.94,0.27,0.0,0.0,0.0,0.0,0.0,0.0,0.0,0.0,0.0,0.0,0.0,0.16,0.66,1.38,2.0,2.77,3.23,3.32,3.32,2.96,2.38,1.67,0.93,0.24,0.0,0.0,0.0,0.0,0.0,0.0,0.0,0.0,0.0,0.0,0.0,0.12,0.8,1.54,2.25,2.86,3.23,3.21,2.89,2.61,2.16,1.67,0.96,0.21,0.0,0.0,0.0,0.0,0.0,0.0,0.0,0.0,0.0,0.0,0.0,0.12,0.42,0.84,1.47,1.82,2.09,2.51,2.99,2.73,0.6,0.46,0.28,0.06,0.0,0.0,0.0,0.0,0.0,0.0,0.0,0.0,0.0,0.0,0.0,0.04,0.17,0.3,0.37,0.4,0.3,0.23,0.35,0.46,0.5,0.28,0.13,0.01,0.0,0.0,0.0,0.0
605,0.0,0.0,0.0,0.0,0.0,0.0,0.0,0.02,0.07,0.19,0.29,0.38,0.44,0.36,0.36,0.48,0.2,0.15,0.1,0.02,0.0,0.0,0.0,0.0,0.0,0.0,0.0,0.0,0.0,0.0,0.0,0.03,0.12,0.29,0.66,1.6,1.66,0.89,0.89,0.61,0.62,1.74,0.94,0.27,0.0,0.0,0.0,0.0,0.0,0.0,0.0,0.0,0.0,0.0,0.0,0.16,0.66,1.38,2.0,2.77,3.23,3.32,3.32,2.96,2.38,1.67,0.93,0.24,0.0,0.0,0.0,0.0,0.0,0.0,0.0,0.0,0.0,0.0,0.0,0.12,0.8,1.54,2.25,2.86,3.23,3.21,2.89,2.61,2.16,1.67,0.96,0.21,0.0,0.0,0.0,0.0,0.0,0.0,0.0,0.0,0.0,0.0,0.0,0.12,0.42,0.84,1.47,1.82,2.09,2.51,2.99,2.73,0.6,0.46,0.28,0.06,0.0,0.0,0.0,0.0,0.0,0.0,0.0,0.0,0.0,0.0,0.0,0.04,0.17,0.3,0.37,0.4,0.3,0.23,0.35,0.46,0.5,0.28,0.13,0.01,0.0,0.0,0.0,0.0,0.0,0.0,0.0,0.0,0.0,0.0,0.0,0.01,0.05,0.11,0.2,0.13,0.2,0.22,0.18,0.2,0.15,0.1,0.05,0.01,0.0,0.0,0.0,0.0
606,0.0,0.0,0.0,0.0,0.0,0.0,0.0,0.03,0.12,0.29,0.66,1.6,1.66,0.89,0.89,0.61,0.62,1.74,0.94,0.27,0.0,0.0,0.0,0.0,0.0,0.0,0.0,0.0,0.0,0.0,0.0,0.16,0.66,1.38,2.0,2.77,3.23,3.32,3.32,2.96,2.38,1.67,0.93,0.24,0.0,0.0,0.0,0.0,0.0,0.0,0.0,0.0,0.0,0.0,0.0,0.12,0.8,1.54,2.25,2.86,3.23,3.21,2.89,2.61,2.16,1.67,0.96,0.21,0.0,0.0,0.0,0.0,0.0,0.0,0.0,0.0,0.0,0.0,0.0,0.12,0.42,0.84,1.47,1.82,2.09,2.51,2.99,2.73,0.6,0.46,0.28,0.06,0.0,0.0,0.0,0.0,0.0,0.0,0.0,0.0,0.0,0.0,0.0,0.04,0.17,0.3,0.37,0.4,0.3,0.23,0.35,0.46,0.5,0.28,0.13,0.01,0.0,0.0,0.0,0.0,0.0,0.0,0.0,0.0,0.0,0.0,0.0,0.01,0.05,0.11,0.2,0.13,0.2,0.22,0.18,0.2,0.15,0.1,0.05,0.01,0.0,0.0,0.0,0.0,0.0,0.0,0.0,0.0,0.0,0.0,0.0,0.03,0.2,0.42,1.82,2.53,2.9,2.66,2.68,2.7,2.22,1.6,0.83,0.17,0.0,0.0,0.0,0.0
607,0.0,0.0,0.0,0.0,0.0,0.0,0.0,0.16,0.66,1.38,2.0,2.77,3.23,3.32,3.32,2.96,2.38,1.67,0.93,0.24,0.0,0.0,0.0,0.0,0.0,0.0,0.0,0.0,0.0,0.0,0.0,0.12,0.8,1.54,2.25,2.86,3.23,3.21,2.89,2.61,2.16,1.67,0.96,0.21,0.0,0.0,0.0,0.0,0.0,0.0,0.0,0.0,0.0,0.0,0.0,0.12,0.42,0.84,1.47,1.82,2.09,2.51,2.99,2.73,0.6,0.46,0.28,0.06,0.0,0.0,0.0,0.0,0.0,0.0,0.0,0.0,0.0,0.0,0.0,0.04,0.17,0.3,0.37,0.4,0.3,0.23,0.35,0.46,0.5,0.28,0.13,0.01,0.0,0.0,0.0,0.0,0.0,0.0,0.0,0.0,0.0,0.0,0.0,0.01,0.05,0.11,0.2,0.13,0.2,0.22,0.18,0.2,0.15,0.1,0.05,0.01,0.0,0.0,0.0,0.0,0.0,0.0,0.0,0.0,0.0,0.0,0.0,0.03,0.2,0.42,1.82,2.53,2.9,2.66,2.68,2.7,2.22,1.6,0.83,0.17,0.0,0.0,0.0,0.0,0.0,0.0,0.0,0.0,0.0,0.0,0.0,0.12,0.74,1.53,2.09,2.72,3.15,3.28,3.15,2.78,2.26,1.61,0.81,0.16,0.0,0.0,0.0,0.0
608,0.0,0.0,0.0,0.0,0.0,0.0,0.0,0.12,0.8,1.54,2.25,2.86,3.23,3.21,2.89,2.61,2.16,1.67,0.96,0.21,0.0,0.0,0.0,0.0,0.0,0.0,0.0,0.0,0.0,0.0,0.0,0.12,0.42,0.84,1.47,1.82,2.09,2.51,2.99,2.73,0.6,0.46,0.28,0.06,0.0,0.0,0.0,0.0,0.0,0.0,0.0,0.0,0.0,0.0,0.0,0.04,0.17,0.3,0.37,0.4,0.3,0.23,0.35,0.46,0.5,0.28,0.13,0.01,0.0,0.0,0.0,0.0,0.0,0.0,0.0,0.0,0.0,0.0,0.0,0.01,0.05,0.11,0.2,0.13,0.2,0.22,0.18,0.2,0.15,0.1,0.05,0.01,0.0,0.0,0.0,0.0,0.0,0.0,0.0,0.0,0.0,0.0,0.0,0.03,0.2,0.42,1.82,2.53,2.9,2.66,2.68,2.7,2.22,1.6,0.83,0.17,0.0,0.0,0.0,0.0,0.0,0.0,0.0,0.0,0.0,0.0,0.0,0.12,0.74,1.53,2.09,2.72,3.15,3.28,3.15,2.78,2.26,1.61,0.81,0.16,0.0,0.0,0.0,0.0,0.0,0.0,0.0,0.0,0.0,0.0,0.0,0.13,0.74,1.5,2.16,2.76,3.14,3.25,3.06,2.73,2.21,1.48,0.7,0.1,0.0,0.0,0.0,0.0
609,0.0,0.0,0.0,0.0,0.0,0.0,0.0,0.12,0.42,0.84,1.47,1.82,2.09,2.51,2.99,2.73,0.6,0.46,0.28,0.06,0.0,0.0,0.0,0.0,0.0,0.0,0.0,0.0,0.0,0.0,0.0,0.04,0.17,0.3,0.37,0.4,0.3,0.23,0.35,0.46,0.5,0.28,0.13,0.01,0.0,0.0,0.0,0.0,0.0,0.0,0.0,0.0,0.0,0.0,0.0,0.01,0.05,0.11,0.2,0.13,0.2,0.22,0.18,0.2,0.15,0.1,0.05,0.01,0.0,0.0,0.0,0.0,0.0,0.0,0.0,0.0,0.0,0.0,0.0,0.03,0.2,0.42,1.82,2.53,2.9,2.66,2.68,2.7,2.22,1.6,0.83,0.17,0.0,0.0,0.0,0.0,0.0,0.0,0.0,0.0,0.0,0.0,0.0,0.12,0.74,1.53,2.09,2.72,3.15,3.28,3.15,2.78,2.26,1.61,0.81,0.16,0.0,0.0,0.0,0.0,0.0,0.0,0.0,0.0,0.0,0.0,0.0,0.13,0.74,1.5,2.16,2.76,3.14,3.25,3.06,2.73,2.21,1.48,0.7,0.1,0.0,0.0,0.0,0.0,0.0,0.0,0.0,0.0,0.0,0.0,0.0,0.12,0.66,1.05,2.49,2.74,3.17,3.24,3.15,2.81,2.27,1.45,0.68,0.08,0.0,0.0,0.0,0.0
610,0.0,0.0,0.0,0.0,0.0,0.0,0.0,0.04,0.17,0.3,0.37,0.4,0.3,0.23,0.35,0.46,0.5,0.28,0.13,0.01,0.0,0.0,0.0,0.0,0.0,0.0,0.0,0.0,0.0,0.0,0.0,0.01,0.05,0.11,0.2,0.13,0.2,0.22,0.18,0.2,0.15,0.1,0.05,0.01,0.0,0.0,0.0,0.0,0.0,0.0,0.0,0.0,0.0,0.0,0.0,0.03,0.2,0.42,1.82,2.53,2.9,2.66,2.68,2.7,2.22,1.6,0.83,0.17,0.0,0.0,0.0,0.0,0.0,0.0,0.0,0.0,0.0,0.0,0.0,0.12,0.74,1.53,2.09,2.72,3.15,3.28,3.15,2.78,2.26,1.61,0.81,0.16,0.0,0.0,0.0,0.0,0.0,0.0,0.0,0.0,0.0,0.0,0.0,0.13,0.74,1.5,2.16,2.76,3.14,3.25,3.06,2.73,2.21,1.48,0.7,0.1,0.0,0.0,0.0,0.0,0.0,0.0,0.0,0.0,0.0,0.0,0.0,0.12,0.66,1.05,2.49,2.74,3.17,3.24,3.15,2.81,2.27,1.45,0.68,0.08,0.0,0.0,0.0,0.0,0.0,0.0,0.0,0.0,0.0,0.0,0.0,0.07,0.35,0.52,0.82,2.69,2.69,2.85,2.12,2.49,2.01,1.48,0.58,0.09,0.0,0.0,0.0,0.0
611,0.0,0.0,0.0,0.0,0.0,0.0,0.0,0.01,0.05,0.11,0.2,0.13,0.2,0.22,0.18,0.2,0.15,0.1,0.05,0.01,0.0,0.0,0.0,0.0,0.0,0.0,0.0,0.0,0.0,0.0,0.0,0.03,0.2,0.42,1.82,2.53,2.9,2.66,2.68,2.7,2.22,1.6,0.83,0.17,0.0,0.0,0.0,0.0,0.0,0.0,0.0,0.0,0.0,0.0,0.0,0.12,0.74,1.53,2.09,2.72,3.15,3.28,3.15,2.78,2.26,1.61,0.81,0.16,0.0,0.0,0.0,0.0,0.0,0.0,0.0,0.0,0.0,0.0,0.0,0.13,0.74,1.5,2.16,2.76,3.14,3.25,3.06,2.73,2.21,1.48,0.7,0.1,0.0,0.0,0.0,0.0,0.0,0.0,0.0,0.0,0.0,0.0,0.0,0.12,0.66,1.05,2.49,2.74,3.17,3.24,3.15,2.81,2.27,1.45,0.68,0.08,0.0,0.0,0.0,0.0,0.0,0.0,0.0,0.0,0.0,0.0,0.0,0.07,0.35,0.52,0.82,2.69,2.69,2.85,2.12,2.49,2.01,1.48,0.58,0.09,0.0,0.0,0.0,0.0,0.0,0.0,0.0,0.0,0.0,0.0,0.0,0.07,0.48,0.92,1.69,1.45,1.09,1.33,1.59,0.92,0.41,0.19,0.12,0.01,0.0,0.0,0.0,0.0
612,0.0,0.0,0.0,0.0,0.0,0.0,0.0,0.03,0.2,0.42,1.82,2.53,2.9,2.66,2.68,2.7,2.22,1.6,0.83,0.17,0.0,0.0,0.0,0.0,0.0,0.0,0.0,0.0,0.0,0.0,0.0,0.12,0.74,1.53,2.09,2.72,3.15,3.28,3.15,2.78,2.26,1.61,0.81,0.16,0.0,0.0,0.0,0.0,0.0,0.0,0.0,0.0,0.0,0.0,0.0,0.13,0.74,1.5,2.16,2.76,3.14,3.25,3.06,2.73,2.21,1.48,0.7,0.1,0.0,0.0,0.0,0.0,0.0,0.0,0.0,0.0,0.0,0.0,0.0,0.12,0.66,1.05,2.49,2.74,3.17,3.24,3.15,2.81,2.27,1.45,0.68,0.08,0.0,0.0,0.0,0.0,0.0,0.0,0.0,0.0,0.0,0.0,0.0,0.07,0.35,0.52,0.82,2.69,2.69,2.85,2.12,2.49,2.01,1.48,0.58,0.09,0.0,0.0,0.0,0.0,0.0,0.0,0.0,0.0,0.0,0.0,0.0,0.07,0.48,0.92,1.69,1.45,1.09,1.33,1.59,0.92,0.41,0.19,0.12,0.01,0.0,0.0,0.0,0.0,0.0,0.0,0.0,0.0,0.0,0.0,0.0,0.04,0.27,0.85,2.11,2.12,1.91,1.69,1.2,0.97,1.12,0.49,0.32,0.06,0.0,0.0,0.0,0.0
613,0.0,0.0,0.0,0.0,0.0,0.0,0.0,0.12,0.74,1.53,2.09,2.72,3.15,3.28,3.15,2.78,2.26,1.61,0.81,0.16,0.0,0.0,0.0,0.0,0.0,0.0,0.0,0.0,0.0,0.0,0.0,0.13,0.74,1.5,2.16,2.76,3.14,3.25,3.06,2.73,2.21,1.48,0.7,0.1,0.0,0.0,0.0,0.0,0.0,0.0,0.0,0.0,0.0,0.0,0.0,0.12,0.66,1.05,2.49,2.74,3.17,3.24,3.15,2.81,2.27,1.45,0.68,0.08,0.0,0.0,0.0,0.0,0.0,0.0,0.0,0.0,0.0,0.0,0.0,0.07,0.35,0.52,0.82,2.69,2.69,2.85,2.12,2.49,2.01,1.48,0.58,0.09,0.0,0.0,0.0,0.0,0.0,0.0,0.0,0.0,0.0,0.0,0.0,0.07,0.48,0.92,1.69,1.45,1.09,1.33,1.59,0.92,0.41,0.19,0.12,0.01,0.0,0.0,0.0,0.0,0.0,0.0,0.0,0.0,0.0,0.0,0.0,0.04,0.27,0.85,2.11,2.12,1.91,1.69,1.2,0.97,1.12,0.49,0.32,0.06,0.0,0.0,0.0,0.0,0.0,0.0,0.0,0.0,0.0,0.0,0.0,0.03,0.22,0.55,1.03,1.26,1.03,0.61,0.94,0.67,0.47,0.34,0.2,0.03,0.0,0.0,0.0,0.0
614,0.0,0.0,0.0,0.0,0.0,0.0,0.0,0.13,0.74,1.5,2.16,2.76,3.14,3.25,3.06,2.73,2.21,1.48,0.7,0.1,0.0,0.0,0.0,0.0,0.0,0.0,0.0,0.0,0.0,0.0,0.0,0.12,0.66,1.05,2.49,2.74,3.17,3.24,3.15,2.81,2.27,1.45,0.68,0.08,0.0,0.0,0.0,0.0,0.0,0.0,0.0,0.0,0.0,0.0,0.0,0.07,0.35,0.52,0.82,2.69,2.69,2.85,2.12,2.49,2.01,1.48,0.58,0.09,0.0,0.0,0.0,0.0,0.0,0.0,0.0,0.0,0.0,0.0,0.0,0.07,0.48,0.92,1.69,1.45,1.09,1.33,1.59,0.92,0.41,0.19,0.12,0.01,0.0,0.0,0.0,0.0,0.0,0.0,0.0,0.0,0.0,0.0,0.0,0.04,0.27,0.85,2.11,2.12,1.91,1.69,1.2,0.97,1.12,0.49,0.32,0.06,0.0,0.0,0.0,0.0,0.0,0.0,0.0,0.0,0.0,0.0,0.0,0.03,0.22,0.55,1.03,1.26,1.03,0.61,0.94,0.67,0.47,0.34,0.2,0.03,0.0,0.0,0.0,0.0,0.0,0.0,0.0,0.0,0.0,0.0,0.0,0.02,0.26,0.5,0.61,0.8,1.32,1.61,1.67,1.62,0.92,0.5,0.2,0.06,0.0,0.0,0.0,0.0
615,0.0,0.0,0.0,0.0,0.0,0.0,0.0,0.12,0.66,1.05,2.49,2.74,3.17,3.24,3.15,2.81,2.27,1.45,0.68,0.08,0.0,0.0,0.0,0.0,0.0,0.0,0.0,0.0,0.0,0.0,0.0,0.07,0.35,0.52,0.82,2.69,2.69,2.85,2.12,2.49,2.01,1.48,0.58,0.09,0.0,0.0,0.0,0.0,0.0,0.0,0.0,0.0,0.0,0.0,0.0,0.07,0.48,0.92,1.69,1.45,1.09,1.33,1.59,0.92,0.41,0.19,0.12,0.01,0.0,0.0,0.0,0.0,0.0,0.0,0.0,0.0,0.0,0.0,0.0,0.04,0.27,0.85,2.11,2.12,1.91,1.69,1.2,0.97,1.12,0.49,0.32,0.06,0.0,0.0,0.0,0.0,0.0,0.0,0.0,0.0,0.0,0.0,0.0,0.03,0.22,0.55,1.03,1.26,1.03,0.61,0.94,0.67,0.47,0.34,0.2,0.03,0.0,0.0,0.0,0.0,0.0,0.0,0.0,0.0,0.0,0.0,0.0,0.02,0.26,0.5,0.61,0.8,1.32,1.61,1.67,1.62,0.92,0.5,0.2,0.06,0.0,0.0,0.0,0.0,0.0,0.0,0.0,0.0,0.0,0.0,0.0,0.08,0.47,1.11,1.55,2.43,1.4,1.2,1.29,1.18,0.91,0.48,0.17,0.02,0.0,0.0,0.0,0.0
616,0.0,0.0,0.0,0.0,0.0,0.0,0.0,0.07,0.35,0.52,0.82,2.69,2.69,2.85,2.12,2.49,2.01,1.48,0.58,0.09,0.0,0.0,0.0,0.0,0.0,0.0,0.0,0.0,0.0,0.0,0.0,0.07,0.48,0.92,1.69,1.45,1.09,1.33,1.59,0.92,0.41,0.19,0.12,0.01,0.0,0.0,0.0,0.0,0.0,0.0,0.0,0.0,0.0,0.0,0.0,0.04,0.27,0.85,2.11,2.12,1.91,1.69,1.2,0.97,1.12,0.49,0.32,0.06,0.0,0.0,0.0,0.0,0.0,0.0,0.0,0.0,0.0,0.0,0.0,0.03,0.22,0.55,1.03,1.26,1.03,0.61,0.94,0.67,0.47,0.34,0.2,0.03,0.0,0.0,0.0,0.0,0.0,0.0,0.0,0.0,0.0,0.0,0.0,0.02,0.26,0.5,0.61,0.8,1.32,1.61,1.67,1.62,0.92,0.5,0.2,0.06,0.0,0.0,0.0,0.0,0.0,0.0,0.0,0.0,0.0,0.0,0.0,0.08,0.47,1.11,1.55,2.43,1.4,1.2,1.29,1.18,0.91,0.48,0.17,0.02,0.0,0.0,0.0,0.0,0.0,0.0,0.0,0.0,0.0,0.0,0.0,0.02,0.22,0.55,0.94,2.05,2.55,1.17,1.16,0.58,0.81,0.12,0.18,0.05,0.0,0.0,0.0,0.0
617,0.0,0.0,0.0,0.0,0.0,0.0,0.0,0.07,0.48,0.92,1.69,1.45,1.09,1.33,1.59,0.92,0.41,0.19,0.12,0.01,0.0,0.0,0.0,0.0,0.0,0.0,0.0,0.0,0.0,0.0,0.0,0.04,0.27,0.85,2.11,2.12,1.91,1.69,1.2,0.97,1.12,0.49,0.32,0.06,0.0,0.0,0.0,0.0,0.0,0.0,0.0,0.0,0.0,0.0,0.0,0.03,0.22,0.55,1.03,1.26,1.03,0.61,0.94,0.67,0.47,0.34,0.2,0.03,0.0,0.0,0.0,0.0,0.0,0.0,0.0,0.0,0.0,0.0,0.0,0.02,0.26,0.5,0.61,0.8,1.32,1.61,1.67,1.62,0.92,0.5,0.2,0.06,0.0,0.0,0.0,0.0,0.0,0.0,0.0,0.0,0.0,0.0,0.0,0.08,0.47,1.11,1.55,2.43,1.4,1.2,1.29,1.18,0.91,0.48,0.17,0.02,0.0,0.0,0.0,0.0,0.0,0.0,0.0,0.0,0.0,0.0,0.0,0.02,0.22,0.55,0.94,2.05,2.55,1.17,1.16,0.58,0.81,0.12,0.18,0.05,0.0,0.0,0.0,0.0,0.0,0.0,0.0,0.0,0.0,0.0,0.0,0.02,0.09,0.28,0.4,1.19,1.0,1.22,2.11,1.6,1.32,1.34,0.65,0.09,0.0,0.0,0.0,0.0
618,0.0,0.0,0.0,0.0,0.0,0.0,0.0,0.04,0.27,0.85,2.11,2.12,1.91,1.69,1.2,0.97,1.12,0.49,0.32,0.06,0.0,0.0,0.0,0.0,0.0,0.0,0.0,0.0,0.0,0.0,0.0,0.03,0.22,0.55,1.03,1.26,1.03,0.61,0.94,0.67,0.47,0.34,0.2,0.03,0.0,0.0,0.0,0.0,0.0,0.0,0.0,0.0,0.0,0.0,0.0,0.02,0.26,0.5,0.61,0.8,1.32,1.61,1.67,1.62,0.92,0.5,0.2,0.06,0.0,0.0,0.0,0.0,0.0,0.0,0.0,0.0,0.0,0.0,0.0,0.08,0.47,1.11,1.55,2.43,1.4,1.2,1.29,1.18,0.91,0.48,0.17,0.02,0.0,0.0,0.0,0.0,0.0,0.0,0.0,0.0,0.0,0.0,0.0,0.02,0.22,0.55,0.94,2.05,2.55,1.17,1.16,0.58,0.81,0.12,0.18,0.05,0.0,0.0,0.0,0.0,0.0,0.0,0.0,0.0,0.0,0.0,0.0,0.02,0.09,0.28,0.4,1.19,1.0,1.22,2.11,1.6,1.32,1.34,0.65,0.09,0.0,0.0,0.0,0.0,0.0,0.0,0.0,0.0,0.0,0.0,0.0,0.03,0.46,0.76,0.96,0.98,1.53,2.46,2.48,1.99,2.12,1.38,0.66,0.09,0.0,0.0,0.0,0.0
619,0.0,0.0,0.0,0.0,0.0,0.0,0.0,0.03,0.22,0.55,1.03,1.26,1.03,0.61,0.94,0.67,0.47,0.34,0.2,0.03,0.0,0.0,0.0,0.0,0.0,0.0,0.0,0.0,0.0,0.0,0.0,0.02,0.26,0.5,0.61,0.8,1.32,1.61,1.67,1.62,0.92,0.5,0.2,0.06,0.0,0.0,0.0,0.0,0.0,0.0,0.0,0.0,0.0,0.0,0.0,0.08,0.47,1.11,1.55,2.43,1.4,1.2,1.29,1.18,0.91,0.48,0.17,0.02,0.0,0.0,0.0,0.0,0.0,0.0,0.0,0.0,0.0,0.0,0.0,0.02,0.22,0.55,0.94,2.05,2.55,1.17,1.16,0.58,0.81,0.12,0.18,0.05,0.0,0.0,0.0,0.0,0.0,0.0,0.0,0.0,0.0,0.0,0.0,0.02,0.09,0.28,0.4,1.19,1.0,1.22,2.11,1.6,1.32,1.34,0.65,0.09,0.0,0.0,0.0,0.0,0.0,0.0,0.0,0.0,0.0,0.0,0.0,0.03,0.46,0.76,0.96,0.98,1.53,2.46,2.48,1.99,2.12,1.38,0.66,0.09,0.0,0.0,0.0,0.0,0.0,0.0,0.0,0.0,0.0,0.0,0.0,0.03,0.26,0.47,1.23,2.67,3.01,3.12,3.01,2.03,1.13,1.16,0.47,0.03,0.0,0.0,0.0,0.0
620,0.0,0.0,0.0,0.0,0.0,0.0,0.0,0.02,0.26,0.5,0.61,0.8,1.32,1.61,1.67,1.62,0.92,0.5,0.2,0.06,0.0,0.0,0.0,0.0,0.0,0.0,0.0,0.0,0.0,0.0,0.0,0.08,0.47,1.11,1.55,2.43,1.4,1.2,1.29,1.18,0.91,0.48,0.17,0.02,0.0,0.0,0.0,0.0,0.0,0.0,0.0,0.0,0.0,0.0,0.0,0.02,0.22,0.55,0.94,2.05,2.55,1.17,1.16,0.58,0.81,0.12,0.18,0.05,0.0,0.0,0.0,0.0,0.0,0.0,0.0,0.0,0.0,0.0,0.0,0.02,0.09,0.28,0.4,1.19,1.0,1.22,2.11,1.6,1.32,1.34,0.65,0.09,0.0,0.0,0.0,0.0,0.0,0.0,0.0,0.0,0.0,0.0,0.0,0.03,0.46,0.76,0.96,0.98,1.53,2.46,2.48,1.99,2.12,1.38,0.66,0.09,0.0,0.0,0.0,0.0,0.0,0.0,0.0,0.0,0.0,0.0,0.0,0.03,0.26,0.47,1.23,2.67,3.01,3.12,3.01,2.03,1.13,1.16,0.47,0.03,0.0,0.0,0.0,0.0,0.0,0.0,0.0,0.0,0.0,0.0,0.0,0.08,0.68,1.4,2.08,2.57,2.28,2.38,1.72,2.35,1.46,1.35,0.53,0.05,0.0,0.0,0.0,0.0
621,0.0,0.0,0.0,0.0,0.0,0.0,0.0,0.08,0.47,1.11,1.55,2.43,1.4,1.2,1.29,1.18,0.91,0.48,0.17,0.02,0.0,0.0,0.0,0.0,0.0,0.0,0.0,0.0,0.0,0.0,0.0,0.02,0.22,0.55,0.94,2.05,2.55,1.17,1.16,0.58,0.81,0.12,0.18,0.05,0.0,0.0,0.0,0.0,0.0,0.0,0.0,0.0,0.0,0.0,0.0,0.02,0.09,0.28,0.4,1.19,1.0,1.22,2.11,1.6,1.32,1.34,0.65,0.09,0.0,0.0,0.0,0.0,0.0,0.0,0.0,0.0,0.0,0.0,0.0,0.03,0.46,0.76,0.96,0.98,1.53,2.46,2.48,1.99,2.12,1.38,0.66,0.09,0.0,0.0,0.0,0.0,0.0,0.0,0.0,0.0,0.0,0.0,0.0,0.03,0.26,0.47,1.23,2.67,3.01,3.12,3.01,2.03,1.13,1.16,0.47,0.03,0.0,0.0,0.0,0.0,0.0,0.0,0.0,0.0,0.0,0.0,0.0,0.08,0.68,1.4,2.08,2.57,2.28,2.38,1.72,2.35,1.46,1.35,0.53,0.05,0.0,0.0,0.0,0.0,0.0,0.0,0.0,0.0,0.0,0.0,0.0,0.07,0.63,1.4,2.13,2.67,2.91,2.84,3.16,2.6,2.03,1.29,0.42,0.03,0.0,0.0,0.0,0.0
622,0.0,0.0,0.0,0.0,0.0,0.0,0.0,0.02,0.22,0.55,0.94,2.05,2.55,1.17,1.16,0.58,0.81,0.12,0.18,0.05,0.0,0.0,0.0,0.0,0.0,0.0,0.0,0.0,0.0,0.0,0.0,0.02,0.09,0.28,0.4,1.19,1.0,1.22,2.11,1.6,1.32,1.34,0.65,0.09,0.0,0.0,0.0,0.0,0.0,0.0,0.0,0.0,0.0,0.0,0.0,0.03,0.46,0.76,0.96,0.98,1.53,2.46,2.48,1.99,2.12,1.38,0.66,0.09,0.0,0.0,0.0,0.0,0.0,0.0,0.0,0.0,0.0,0.0,0.0,0.03,0.26,0.47,1.23,2.67,3.01,3.12,3.01,2.03,1.13,1.16,0.47,0.03,0.0,0.0,0.0,0.0,0.0,0.0,0.0,0.0,0.0,0.0,0.0,0.08,0.68,1.4,2.08,2.57,2.28,2.38,1.72,2.35,1.46,1.35,0.53,0.05,0.0,0.0,0.0,0.0,0.0,0.0,0.0,0.0,0.0,0.0,0.0,0.07,0.63,1.4,2.13,2.67,2.91,2.84,3.16,2.6,2.03,1.29,0.42,0.03,0.0,0.0,0.0,0.0,0.0,0.0,0.0,0.0,0.0,0.0,0.0,0.03,0.45,1.14,2.02,2.54,2.89,2.42,1.9,2.14,1.12,0.88,0.33,0.04,0.0,0.0,0.0,0.0
623,0.0,0.0,0.0,0.0,0.0,0.0,0.0,0.02,0.09,0.28,0.4,1.19,1.0,1.22,2.11,1.6,1.32,1.34,0.65,0.09,0.0,0.0,0.0,0.0,0.0,0.0,0.0,0.0,0.0,0.0,0.0,0.03,0.46,0.76,0.96,0.98,1.53,2.46,2.48,1.99,2.12,1.38,0.66,0.09,0.0,0.0,0.0,0.0,0.0,0.0,0.0,0.0,0.0,0.0,0.0,0.03,0.26,0.47,1.23,2.67,3.01,3.12,3.01,2.03,1.13,1.16,0.47,0.03,0.0,0.0,0.0,0.0,0.0,0.0,0.0,0.0,0.0,0.0,0.0,0.08,0.68,1.4,2.08,2.57,2.28,2.38,1.72,2.35,1.46,1.35,0.53,0.05,0.0,0.0,0.0,0.0,0.0,0.0,0.0,0.0,0.0,0.0,0.0,0.07,0.63,1.4,2.13,2.67,2.91,2.84,3.16,2.6,2.03,1.29,0.42,0.03,0.0,0.0,0.0,0.0,0.0,0.0,0.0,0.0,0.0,0.0,0.0,0.03,0.45,1.14,2.02,2.54,2.89,2.42,1.9,2.14,1.12,0.88,0.33,0.04,0.0,0.0,0.0,0.0,0.0,0.0,0.0,0.0,0.0,0.0,0.0,0.06,0.54,1.29,1.91,1.57,0.48,2.41,3.07,2.25,1.75,0.78,0.37,0.05,0.0,0.0,0.0,0.0
624,0.0,0.0,0.0,0.0,0.0,0.0,0.0,0.03,0.46,0.76,0.96,0.98,1.53,2.46,2.48,1.99,2.12,1.38,0.66,0.09,0.0,0.0,0.0,0.0,0.0,0.0,0.0,0.0,0.0,0.0,0.0,0.03,0.26,0.47,1.23,2.67,3.01,3.12,3.01,2.03,1.13,1.16,0.47,0.03,0.0,0.0,0.0,0.0,0.0,0.0,0.0,0.0,0.0,0.0,0.0,0.08,0.68,1.4,2.08,2.57,2.28,2.38,1.72,2.35,1.46,1.35,0.53,0.05,0.0,0.0,0.0,0.0,0.0,0.0,0.0,0.0,0.0,0.0,0.0,0.07,0.63,1.4,2.13,2.67,2.91,2.84,3.16,2.6,2.03,1.29,0.42,0.03,0.0,0.0,0.0,0.0,0.0,0.0,0.0,0.0,0.0,0.0,0.0,0.03,0.45,1.14,2.02,2.54,2.89,2.42,1.9,2.14,1.12,0.88,0.33,0.04,0.0,0.0,0.0,0.0,0.0,0.0,0.0,0.0,0.0,0.0,0.0,0.06,0.54,1.29,1.91,1.57,0.48,2.41,3.07,2.25,1.75,0.78,0.37,0.05,0.0,0.0,0.0,0.0,0.0,0.0,0.0,0.0,0.0,0.0,0.0,0.06,0.59,1.37,2.09,2.64,2.74,3.09,2.93,2.58,1.98,1.24,0.33,0.03,0.0,0.0,0.0,0.0
625,0.0,0.0,0.0,0.0,0.0,0.0,0.0,0.03,0.26,0.47,1.23,2.67,3.01,3.12,3.01,2.03,1.13,1.16,0.47,0.03,0.0,0.0,0.0,0.0,0.0,0.0,0.0,0.0,0.0,0.0,0.0,0.08,0.68,1.4,2.08,2.57,2.28,2.38,1.72,2.35,1.46,1.35,0.53,0.05,0.0,0.0,0.0,0.0,0.0,0.0,0.0,0.0,0.0,0.0,0.0,0.07,0.63,1.4,2.13,2.67,2.91,2.84,3.16,2.6,2.03,1.29,0.42,0.03,0.0,0.0,0.0,0.0,0.0,0.0,0.0,0.0,0.0,0.0,0.0,0.03,0.45,1.14,2.02,2.54,2.89,2.42,1.9,2.14,1.12,0.88,0.33,0.04,0.0,0.0,0.0,0.0,0.0,0.0,0.0,0.0,0.0,0.0,0.0,0.06,0.54,1.29,1.91,1.57,0.48,2.41,3.07,2.25,1.75,0.78,0.37,0.05,0.0,0.0,0.0,0.0,0.0,0.0,0.0,0.0,0.0,0.0,0.0,0.06,0.59,1.37,2.09,2.64,2.74,3.09,2.93,2.58,1.98,1.24,0.33,0.03,0.0,0.0,0.0,0.0,0.0,0.0,0.0,0.0,0.0,0.0,0.0,0.02,0.24,0.61,1.11,1.79,2.27,3.02,2.92,2.41,1.78,1.26,0.49,0.02,0.0,0.0,0.0,0.0
626,0.0,0.0,0.0,0.0,0.0,0.0,0.0,0.08,0.68,1.4,2.08,2.57,2.28,2.38,1.72,2.35,1.46,1.35,0.53,0.05,0.0,0.0,0.0,0.0,0.0,0.0,0.0,0.0,0.0,0.0,0.0,0.07,0.63,1.4,2.13,2.67,2.91,2.84,3.16,2.6,2.03,1.29,0.42,0.03,0.0,0.0,0.0,0.0,0.0,0.0,0.0,0.0,0.0,0.0,0.0,0.03,0.45,1.14,2.02,2.54,2.89,2.42,1.9,2.14,1.12,0.88,0.33,0.04,0.0,0.0,0.0,0.0,0.0,0.0,0.0,0.0,0.0,0.0,0.0,0.06,0.54,1.29,1.91,1.57,0.48,2.41,3.07,2.25,1.75,0.78,0.37,0.05,0.0,0.0,0.0,0.0,0.0,0.0,0.0,0.0,0.0,0.0,0.0,0.06,0.59,1.37,2.09,2.64,2.74,3.09,2.93,2.58,1.98,1.24,0.33,0.03,0.0,0.0,0.0,0.0,0.0,0.0,0.0,0.0,0.0,0.0,0.0,0.02,0.24,0.61,1.11,1.79,2.27,3.02,2.92,2.41,1.78,1.26,0.49,0.02,0.0,0.0,0.0,0.0,0.0,0.0,0.0,0.0,0.0,0.0,0.0,0.02,0.42,0.94,1.61,1.95,2.64,2.7,2.63,2.49,1.63,0.99,0.41,0.05,0.0,0.0,0.0,0.0
627,0.0,0.0,0.0,0.0,0.0,0.0,0.0,0.07,0.63,1.4,2.13,2.67,2.91,2.84,3.16,2.6,2.03,1.29,0.42,0.03,0.0,0.0,0.0,0.0,0.0,0.0,0.0,0.0,0.0,0.0,0.0,0.03,0.45,1.14,2.02,2.54,2.89,2.42,1.9,2.14,1.12,0.88,0.33,0.04,0.0,0.0,0.0,0.0,0.0,0.0,0.0,0.0,0.0,0.0,0.0,0.06,0.54,1.29,1.91,1.57,0.48,2.41,3.07,2.25,1.75,0.78,0.37,0.05,0.0,0.0,0.0,0.0,0.0,0.0,0.0,0.0,0.0,0.0,0.0,0.06,0.59,1.37,2.09,2.64,2.74,3.09,2.93,2.58,1.98,1.24,0.33,0.03,0.0,0.0,0.0,0.0,0.0,0.0,0.0,0.0,0.0,0.0,0.0,0.02,0.24,0.61,1.11,1.79,2.27,3.02,2.92,2.41,1.78,1.26,0.49,0.02,0.0,0.0,0.0,0.0,0.0,0.0,0.0,0.0,0.0,0.0,0.0,0.02,0.42,0.94,1.61,1.95,2.64,2.7,2.63,2.49,1.63,0.99,0.41,0.05,0.0,0.0,0.0,0.0,0.0,0.0,0.0,0.0,0.0,0.0,0.0,0.05,0.56,1.33,1.5,2.74,3.01,3.04,2.87,2.48,1.91,1.22,0.45,0.01,0.0,0.0,0.0,0.0
628,0.0,0.0,0.0,0.0,0.0,0.0,0.0,0.03,0.45,1.14,2.02,2.54,2.89,2.42,1.9,2.14,1.12,0.88,0.33,0.04,0.0,0.0,0.0,0.0,0.0,0.0,0.0,0.0,0.0,0.0,0.0,0.06,0.54,1.29,1.91,1.57,0.48,2.41,3.07,2.25,1.75,0.78,0.37,0.05,0.0,0.0,0.0,0.0,0.0,0.0,0.0,0.0,0.0,0.0,0.0,0.06,0.59,1.37,2.09,2.64,2.74,3.09,2.93,2.58,1.98,1.24,0.33,0.03,0.0,0.0,0.0,0.0,0.0,0.0,0.0,0.0,0.0,0.0,0.0,0.02,0.24,0.61,1.11,1.79,2.27,3.02,2.92,2.41,1.78,1.26,0.49,0.02,0.0,0.0,0.0,0.0,0.0,0.0,0.0,0.0,0.0,0.0,0.0,0.02,0.42,0.94,1.61,1.95,2.64,2.7,2.63,2.49,1.63,0.99,0.41,0.05,0.0,0.0,0.0,0.0,0.0,0.0,0.0,0.0,0.0,0.0,0.0,0.05,0.56,1.33,1.5,2.74,3.01,3.04,2.87,2.48,1.91,1.22,0.45,0.01,0.0,0.0,0.0,0.0,0.0,0.0,0.0,0.0,0.0,0.0,0.0,0.04,0.39,0.46,0.71,1.09,1.44,1.67,1.86,2.17,1.24,1.1,0.33,0.01,0.0,0.0,0.0,0.0
629,0.0,0.0,0.0,0.0,0.0,0.0,0.0,0.06,0.54,1.29,1.91,1.57,0.48,2.41,3.07,2.25,1.75,0.78,0.37,0.05,0.0,0.0,0.0,0.0,0.0,0.0,0.0,0.0,0.0,0.0,0.0,0.06,0.59,1.37,2.09,2.64,2.74,3.09,2.93,2.58,1.98,1.24,0.33,0.03,0.0,0.0,0.0,0.0,0.0,0.0,0.0,0.0,0.0,0.0,0.0,0.02,0.24,0.61,1.11,1.79,2.27,3.02,2.92,2.41,1.78,1.26,0.49,0.02,0.0,0.0,0.0,0.0,0.0,0.0,0.0,0.0,0.0,0.0,0.0,0.02,0.42,0.94,1.61,1.95,2.64,2.7,2.63,2.49,1.63,0.99,0.41,0.05,0.0,0.0,0.0,0.0,0.0,0.0,0.0,0.0,0.0,0.0,0.0,0.05,0.56,1.33,1.5,2.74,3.01,3.04,2.87,2.48,1.91,1.22,0.45,0.01,0.0,0.0,0.0,0.0,0.0,0.0,0.0,0.0,0.0,0.0,0.0,0.04,0.39,0.46,0.71,1.09,1.44,1.67,1.86,2.17,1.24,1.1,0.33,0.01,0.0,0.0,0.0,0.0,0.0,0.0,0.0,0.0,0.0,0.0,0.0,0.02,0.29,0.52,1.37,2.1,2.15,2.76,2.71,2.35,1.79,0.98,0.32,0.01,0.0,0.0,0.0,0.0
630,0.0,0.0,0.0,0.0,0.0,0.0,0.0,0.06,0.59,1.37,2.09,2.64,2.74,3.09,2.93,2.58,1.98,1.24,0.33,0.03,0.0,0.0,0.0,0.0,0.0,0.0,0.0,0.0,0.0,0.0,0.0,0.02,0.24,0.61,1.11,1.79,2.27,3.02,2.92,2.41,1.78,1.26,0.49,0.02,0.0,0.0,0.0,0.0,0.0,0.0,0.0,0.0,0.0,0.0,0.0,0.02,0.42,0.94,1.61,1.95,2.64,2.7,2.63,2.49,1.63,0.99,0.41,0.05,0.0,0.0,0.0,0.0,0.0,0.0,0.0,0.0,0.0,0.0,0.0,0.05,0.56,1.33,1.5,2.74,3.01,3.04,2.87,2.48,1.91,1.22,0.45,0.01,0.0,0.0,0.0,0.0,0.0,0.0,0.0,0.0,0.0,0.0,0.0,0.04,0.39,0.46,0.71,1.09,1.44,1.67,1.86,2.17,1.24,1.1,0.33,0.01,0.0,0.0,0.0,0.0,0.0,0.0,0.0,0.0,0.0,0.0,0.0,0.02,0.29,0.52,1.37,2.1,2.15,2.76,2.71,2.35,1.79,0.98,0.32,0.01,0.0,0.0,0.0,0.0,0.0,0.0,0.0,0.0,0.0,0.0,0.0,0.03,0.45,1.2,1.91,2.42,2.71,2.72,2.35,2.25,1.82,1.05,0.34,0.02,0.0,0.0,0.0,0.0
631,0.0,0.0,0.0,0.0,0.0,0.0,0.0,0.02,0.24,0.61,1.11,1.79,2.27,3.02,2.92,2.41,1.78,1.26,0.49,0.02,0.0,0.0,0.0,0.0,0.0,0.0,0.0,0.0,0.0,0.0,0.0,0.02,0.42,0.94,1.61,1.95,2.64,2.7,2.63,2.49,1.63,0.99,0.41,0.05,0.0,0.0,0.0,0.0,0.0,0.0,0.0,0.0,0.0,0.0,0.0,0.05,0.56,1.33,1.5,2.74,3.01,3.04,2.87,2.48,1.91,1.22,0.45,0.01,0.0,0.0,0.0,0.0,0.0,0.0,0.0,0.0,0.0,0.0,0.0,0.04,0.39,0.46,0.71,1.09,1.44,1.67,1.86,2.17,1.24,1.1,0.33,0.01,0.0,0.0,0.0,0.0,0.0,0.0,0.0,0.0,0.0,0.0,0.0,0.02,0.29,0.52,1.37,2.1,2.15,2.76,2.71,2.35,1.79,0.98,0.32,0.01,0.0,0.0,0.0,0.0,0.0,0.0,0.0,0.0,0.0,0.0,0.0,0.03,0.45,1.2,1.91,2.42,2.71,2.72,2.35,2.25,1.82,1.05,0.34,0.02,0.0,0.0,0.0,0.0,0.0,0.0,0.0,0.0,0.0,0.0,0.0,0.03,0.42,1.22,1.91,2.24,2.78,2.84,2.5,1.75,0.94,0.44,0.23,0.01,0.0,0.0,0.0,0.0
632,0.0,0.0,0.0,0.0,0.0,0.0,0.0,0.02,0.42,0.94,1.61,1.95,2.64,2.7,2.63,2.49,1.63,0.99,0.41,0.05,0.0,0.0,0.0,0.0,0.0,0.0,0.0,0.0,0.0,0.0,0.0,0.05,0.56,1.33,1.5,2.74,3.01,3.04,2.87,2.48,1.91,1.22,0.45,0.01,0.0,0.0,0.0,0.0,0.0,0.0,0.0,0.0,0.0,0.0,0.0,0.04,0.39,0.46,0.71,1.09,1.44,1.67,1.86,2.17,1.24,1.1,0.33,0.01,0.0,0.0,0.0,0.0,0.0,0.0,0.0,0.0,0.0,0.0,0.0,0.02,0.29,0.52,1.37,2.1,2.15,2.76,2.71,2.35,1.79,0.98,0.32,0.01,0.0,0.0,0.0,0.0,0.0,0.0,0.0,0.0,0.0,0.0,0.0,0.03,0.45,1.2,1.91,2.42,2.71,2.72,2.35,2.25,1.82,1.05,0.34,0.02,0.0,0.0,0.0,0.0,0.0,0.0,0.0,0.0,0.0,0.0,0.0,0.03,0.42,1.22,1.91,2.24,2.78,2.84,2.5,1.75,0.94,0.44,0.23,0.01,0.0,0.0,0.0,0.0,0.0,0.0,0.0,0.0,0.0,0.0,0.0,0.0,0.05,0.22,0.47,0.56,0.55,0.59,0.5,0.33,0.33,0.19,0.01,0.0,0.0,0.0,0.0,0.0
633,0.0,0.0,0.0,0.0,0.0,0.0,0.0,0.05,0.56,1.33,1.5,2.74,3.01,3.04,2.87,2.48,1.91,1.22,0.45,0.01,0.0,0.0,0.0,0.0,0.0,0.0,0.0,0.0,0.0,0.0,0.0,0.04,0.39,0.46,0.71,1.09,1.44,1.67,1.86,2.17,1.24,1.1,0.33,0.01,0.0,0.0,0.0,0.0,0.0,0.0,0.0,0.0,0.0,0.0,0.0,0.02,0.29,0.52,1.37,2.1,2.15,2.76,2.71,2.35,1.79,0.98,0.32,0.01,0.0,0.0,0.0,0.0,0.0,0.0,0.0,0.0,0.0,0.0,0.0,0.03,0.45,1.2,1.91,2.42,2.71,2.72,2.35,2.25,1.82,1.05,0.34,0.02,0.0,0.0,0.0,0.0,0.0,0.0,0.0,0.0,0.0,0.0,0.0,0.03,0.42,1.22,1.91,2.24,2.78,2.84,2.5,1.75,0.94,0.44,0.23,0.01,0.0,0.0,0.0,0.0,0.0,0.0,0.0,0.0,0.0,0.0,0.0,0.0,0.05,0.22,0.47,0.56,0.55,0.59,0.5,0.33,0.33,0.19,0.01,0.0,0.0,0.0,0.0,0.0,0.0,0.0,0.0,0.0,0.0,0.0,0.0,0.0,0.04,0.08,0.13,0.23,0.09,0.08,0.11,0.11,0.09,0.08,0.02,0.0,0.0,0.0,0.0,0.0
634,0.0,0.0,0.0,0.0,0.0,0.0,0.0,0.04,0.39,0.46,0.71,1.09,1.44,1.67,1.86,2.17,1.24,1.1,0.33,0.01,0.0,0.0,0.0,0.0,0.0,0.0,0.0,0.0,0.0,0.0,0.0,0.02,0.29,0.52,1.37,2.1,2.15,2.76,2.71,2.35,1.79,0.98,0.32,0.01,0.0,0.0,0.0,0.0,0.0,0.0,0.0,0.0,0.0,0.0,0.0,0.03,0.45,1.2,1.91,2.42,2.71,2.72,2.35,2.25,1.82,1.05,0.34,0.02,0.0,0.0,0.0,0.0,0.0,0.0,0.0,0.0,0.0,0.0,0.0,0.03,0.42,1.22,1.91,2.24,2.78,2.84,2.5,1.75,0.94,0.44,0.23,0.01,0.0,0.0,0.0,0.0,0.0,0.0,0.0,0.0,0.0,0.0,0.0,0.0,0.05,0.22,0.47,0.56,0.55,0.59,0.5,0.33,0.33,0.19,0.01,0.0,0.0,0.0,0.0,0.0,0.0,0.0,0.0,0.0,0.0,0.0,0.0,0.0,0.04,0.08,0.13,0.23,0.09,0.08,0.11,0.11,0.09,0.08,0.02,0.0,0.0,0.0,0.0,0.0,0.0,0.0,0.0,0.0,0.0,0.0,0.0,0.01,0.09,0.33,0.51,0.82,1.58,1.27,0.61,0.62,0.45,0.18,0.03,0.0,0.0,0.0,0.0,0.0
635,0.0,0.0,0.0,0.0,0.0,0.0,0.0,0.02,0.29,0.52,1.37,2.1,2.15,2.76,2.71,2.35,1.79,0.98,0.32,0.01,0.0,0.0,0.0,0.0,0.0,0.0,0.0,0.0,0.0,0.0,0.0,0.03,0.45,1.2,1.91,2.42,2.71,2.72,2.35,2.25,1.82,1.05,0.34,0.02,0.0,0.0,0.0,0.0,0.0,0.0,0.0,0.0,0.0,0.0,0.0,0.03,0.42,1.22,1.91,2.24,2.78,2.84,2.5,1.75,0.94,0.44,0.23,0.01,0.0,0.0,0.0,0.0,0.0,0.0,0.0,0.0,0.0,0.0,0.0,0.0,0.05,0.22,0.47,0.56,0.55,0.59,0.5,0.33,0.33,0.19,0.01,0.0,0.0,0.0,0.0,0.0,0.0,0.0,0.0,0.0,0.0,0.0,0.0,0.0,0.04,0.08,0.13,0.23,0.09,0.08,0.11,0.11,0.09,0.08,0.02,0.0,0.0,0.0,0.0,0.0,0.0,0.0,0.0,0.0,0.0,0.0,0.0,0.01,0.09,0.33,0.51,0.82,1.58,1.27,0.61,0.62,0.45,0.18,0.03,0.0,0.0,0.0,0.0,0.0,0.0,0.0,0.0,0.0,0.0,0.0,0.0,0.01,0.27,0.61,1.49,2.45,1.72,2.67,1.88,2.19,1.64,0.55,0.14,0.0,0.0,0.0,0.0,0.0
636,0.0,0.0,0.0,0.0,0.0,0.0,0.0,0.03,0.45,1.2,1.91,2.42,2.71,2.72,2.35,2.25,1.82,1.05,0.34,0.02,0.0,0.0,0.0,0.0,0.0,0.0,0.0,0.0,0.0,0.0,0.0,0.03,0.42,1.22,1.91,2.24,2.78,2.84,2.5,1.75,0.94,0.44,0.23,0.01,0.0,0.0,0.0,0.0,0.0,0.0,0.0,0.0,0.0,0.0,0.0,0.0,0.05,0.22,0.47,0.56,0.55,0.59,0.5,0.33,0.33,0.19,0.01,0.0,0.0,0.0,0.0,0.0,0.0,0.0,0.0,0.0,0.0,0.0,0.0,0.0,0.04,0.08,0.13,0.23,0.09,0.08,0.11,0.11,0.09,0.08,0.02,0.0,0.0,0.0,0.0,0.0,0.0,0.0,0.0,0.0,0.0,0.0,0.0,0.01,0.09,0.33,0.51,0.82,1.58,1.27,0.61,0.62,0.45,0.18,0.03,0.0,0.0,0.0,0.0,0.0,0.0,0.0,0.0,0.0,0.0,0.0,0.0,0.01,0.27,0.61,1.49,2.45,1.72,2.67,1.88,2.19,1.64,0.55,0.14,0.0,0.0,0.0,0.0,0.0,0.0,0.0,0.0,0.0,0.0,0.0,0.0,0.01,0.3,0.71,0.69,1.38,1.52,0.98,0.96,0.87,0.26,0.05,0.01,0.0,0.0,0.0,0.0,0.0
637,0.0,0.0,0.0,0.0,0.0,0.0,0.0,0.03,0.42,1.22,1.91,2.24,2.78,2.84,2.5,1.75,0.94,0.44,0.23,0.01,0.0,0.0,0.0,0.0,0.0,0.0,0.0,0.0,0.0,0.0,0.0,0.0,0.05,0.22,0.47,0.56,0.55,0.59,0.5,0.33,0.33,0.19,0.01,0.0,0.0,0.0,0.0,0.0,0.0,0.0,0.0,0.0,0.0,0.0,0.0,0.0,0.04,0.08,0.13,0.23,0.09,0.08,0.11,0.11,0.09,0.08,0.02,0.0,0.0,0.0,0.0,0.0,0.0,0.0,0.0,0.0,0.0,0.0,0.0,0.01,0.09,0.33,0.51,0.82,1.58,1.27,0.61,0.62,0.45,0.18,0.03,0.0,0.0,0.0,0.0,0.0,0.0,0.0,0.0,0.0,0.0,0.0,0.0,0.01,0.27,0.61,1.49,2.45,1.72,2.67,1.88,2.19,1.64,0.55,0.14,0.0,0.0,0.0,0.0,0.0,0.0,0.0,0.0,0.0,0.0,0.0,0.0,0.01,0.3,0.71,0.69,1.38,1.52,0.98,0.96,0.87,0.26,0.05,0.01,0.0,0.0,0.0,0.0,0.0,0.0,0.0,0.0,0.0,0.0,0.0,0.0,0.02,0.45,0.95,1.63,1.71,1.95,1.82,1.63,2.07,1.4,1.11,0.33,0.01,0.0,0.0,0.0,0.0
638,0.0,0.0,0.0,0.0,0.0,0.0,0.0,0.0,0.05,0.22,0.47,0.56,0.55,0.59,0.5,0.33,0.33,0.19,0.01,0.0,0.0,0.0,0.0,0.0,0.0,0.0,0.0,0.0,0.0,0.0,0.0,0.0,0.04,0.08,0.13,0.23,0.09,0.08,0.11,0.11,0.09,0.08,0.02,0.0,0.0,0.0,0.0,0.0,0.0,0.0,0.0,0.0,0.0,0.0,0.0,0.01,0.09,0.33,0.51,0.82,1.58,1.27,0.61,0.62,0.45,0.18,0.03,0.0,0.0,0.0,0.0,0.0,0.0,0.0,0.0,0.0,0.0,0.0,0.0,0.01,0.27,0.61,1.49,2.45,1.72,2.67,1.88,2.19,1.64,0.55,0.14,0.0,0.0,0.0,0.0,0.0,0.0,0.0,0.0,0.0,0.0,0.0,0.0,0.01,0.3,0.71,0.69,1.38,1.52,0.98,0.96,0.87,0.26,0.05,0.01,0.0,0.0,0.0,0.0,0.0,0.0,0.0,0.0,0.0,0.0,0.0,0.0,0.02,0.45,0.95,1.63,1.71,1.95,1.82,1.63,2.07,1.4,1.11,0.33,0.01,0.0,0.0,0.0,0.0,0.0,0.0,0.0,0.0,0.0,0.0,0.0,0.02,0.46,1.14,1.69,2.42,2.75,2.17,2.24,2.47,1.97,0.84,0.31,0.0,0.0,0.0,0.0,0.0
639,0.0,0.0,0.0,0.0,0.0,0.0,0.0,0.0,0.04,0.08,0.13,0.23,0.09,0.08,0.11,0.11,0.09,0.08,0.02,0.0,0.0,0.0,0.0,0.0,0.0,0.0,0.0,0.0,0.0,0.0,0.0,0.01,0.09,0.33,0.51,0.82,1.58,1.27,0.61,0.62,0.45,0.18,0.03,0.0,0.0,0.0,0.0,0.0,0.0,0.0,0.0,0.0,0.0,0.0,0.0,0.01,0.27,0.61,1.49,2.45,1.72,2.67,1.88,2.19,1.64,0.55,0.14,0.0,0.0,0.0,0.0,0.0,0.0,0.0,0.0,0.0,0.0,0.0,0.0,0.01,0.3,0.71,0.69,1.38,1.52,0.98,0.96,0.87,0.26,0.05,0.01,0.0,0.0,0.0,0.0,0.0,0.0,0.0,0.0,0.0,0.0,0.0,0.0,0.02,0.45,0.95,1.63,1.71,1.95,1.82,1.63,2.07,1.4,1.11,0.33,0.01,0.0,0.0,0.0,0.0,0.0,0.0,0.0,0.0,0.0,0.0,0.0,0.02,0.46,1.14,1.69,2.42,2.75,2.17,2.24,2.47,1.97,0.84,0.31,0.0,0.0,0.0,0.0,0.0,0.0,0.0,0.0,0.0,0.0,0.0,0.0,0.0,0.04,0.24,0.38,0.31,0.44,0.34,0.21,0.16,0.11,0.14,0.03,0.0,0.0,0.0,0.0,0.0
640,0.0,0.0,0.0,0.0,0.0,0.0,0.0,0.01,0.09,0.33,0.51,0.82,1.58,1.27,0.61,0.62,0.45,0.18,0.03,0.0,0.0,0.0,0.0,0.0,0.0,0.0,0.0,0.0,0.0,0.0,0.0,0.01,0.27,0.61,1.49,2.45,1.72,2.67,1.88,2.19,1.64,0.55,0.14,0.0,0.0,0.0,0.0,0.0,0.0,0.0,0.0,0.0,0.0,0.0,0.0,0.01,0.3,0.71,0.69,1.38,1.52,0.98,0.96,0.87,0.26,0.05,0.01,0.0,0.0,0.0,0.0,0.0,0.0,0.0,0.0,0.0,0.0,0.0,0.0,0.02,0.45,0.95,1.63,1.71,1.95,1.82,1.63,2.07,1.4,1.11,0.33,0.01,0.0,0.0,0.0,0.0,0.0,0.0,0.0,0.0,0.0,0.0,0.0,0.02,0.46,1.14,1.69,2.42,2.75,2.17,2.24,2.47,1.97,0.84,0.31,0.0,0.0,0.0,0.0,0.0,0.0,0.0,0.0,0.0,0.0,0.0,0.0,0.0,0.04,0.24,0.38,0.31,0.44,0.34,0.21,0.16,0.11,0.14,0.03,0.0,0.0,0.0,0.0,0.0,0.0,0.0,0.0,0.0,0.0,0.0,0.0,0.02,0.29,0.82,1.09,1.72,1.05,1.24,1.13,1.1,0.38,0.38,0.09,0.0,0.0,0.0,0.0,0.0
641,0.0,0.0,0.0,0.0,0.0,0.0,0.0,0.01,0.27,0.61,1.49,2.45,1.72,2.67,1.88,2.19,1.64,0.55,0.14,0.0,0.0,0.0,0.0,0.0,0.0,0.0,0.0,0.0,0.0,0.0,0.0,0.01,0.3,0.71,0.69,1.38,1.52,0.98,0.96,0.87,0.26,0.05,0.01,0.0,0.0,0.0,0.0,0.0,0.0,0.0,0.0,0.0,0.0,0.0,0.0,0.02,0.45,0.95,1.63,1.71,1.95,1.82,1.63,2.07,1.4,1.11,0.33,0.01,0.0,0.0,0.0,0.0,0.0,0.0,0.0,0.0,0.0,0.0,0.0,0.02,0.46,1.14,1.69,2.42,2.75,2.17,2.24,2.47,1.97,0.84,0.31,0.0,0.0,0.0,0.0,0.0,0.0,0.0,0.0,0.0,0.0,0.0,0.0,0.0,0.04,0.24,0.38,0.31,0.44,0.34,0.21,0.16,0.11,0.14,0.03,0.0,0.0,0.0,0.0,0.0,0.0,0.0,0.0,0.0,0.0,0.0,0.0,0.02,0.29,0.82,1.09,1.72,1.05,1.24,1.13,1.1,0.38,0.38,0.09,0.0,0.0,0.0,0.0,0.0,0.0,0.0,0.0,0.0,0.0,0.0,0.0,0.01,0.37,1.16,1.85,2.38,2.69,2.75,2.59,2.21,1.56,0.91,0.24,0.0,0.0,0.0,0.0,0.0
642,0.0,0.0,0.0,0.0,0.0,0.0,0.0,0.01,0.3,0.71,0.69,1.38,1.52,0.98,0.96,0.87,0.26,0.05,0.01,0.0,0.0,0.0,0.0,0.0,0.0,0.0,0.0,0.0,0.0,0.0,0.0,0.02,0.45,0.95,1.63,1.71,1.95,1.82,1.63,2.07,1.4,1.11,0.33,0.01,0.0,0.0,0.0,0.0,0.0,0.0,0.0,0.0,0.0,0.0,0.0,0.02,0.46,1.14,1.69,2.42,2.75,2.17,2.24,2.47,1.97,0.84,0.31,0.0,0.0,0.0,0.0,0.0,0.0,0.0,0.0,0.0,0.0,0.0,0.0,0.0,0.04,0.24,0.38,0.31,0.44,0.34,0.21,0.16,0.11,0.14,0.03,0.0,0.0,0.0,0.0,0.0,0.0,0.0,0.0,0.0,0.0,0.0,0.0,0.02,0.29,0.82,1.09,1.72,1.05,1.24,1.13,1.1,0.38,0.38,0.09,0.0,0.0,0.0,0.0,0.0,0.0,0.0,0.0,0.0,0.0,0.0,0.0,0.01,0.37,1.16,1.85,2.38,2.69,2.75,2.59,2.21,1.56,0.91,0.24,0.0,0.0,0.0,0.0,0.0,0.0,0.0,0.0,0.0,0.0,0.0,0.0,0.01,0.41,1.09,1.82,2.35,2.67,2.33,2.57,2.17,1.61,0.88,0.22,0.0,0.0,0.0,0.0,0.0
643,0.0,0.0,0.0,0.0,0.0,0.0,0.0,0.02,0.45,0.95,1.63,1.71,1.95,1.82,1.63,2.07,1.4,1.11,0.33,0.01,0.0,0.0,0.0,0.0,0.0,0.0,0.0,0.0,0.0,0.0,0.0,0.02,0.46,1.14,1.69,2.42,2.75,2.17,2.24,2.47,1.97,0.84,0.31,0.0,0.0,0.0,0.0,0.0,0.0,0.0,0.0,0.0,0.0,0.0,0.0,0.0,0.04,0.24,0.38,0.31,0.44,0.34,0.21,0.16,0.11,0.14,0.03,0.0,0.0,0.0,0.0,0.0,0.0,0.0,0.0,0.0,0.0,0.0,0.0,0.02,0.29,0.82,1.09,1.72,1.05,1.24,1.13,1.1,0.38,0.38,0.09,0.0,0.0,0.0,0.0,0.0,0.0,0.0,0.0,0.0,0.0,0.0,0.0,0.01,0.37,1.16,1.85,2.38,2.69,2.75,2.59,2.21,1.56,0.91,0.24,0.0,0.0,0.0,0.0,0.0,0.0,0.0,0.0,0.0,0.0,0.0,0.0,0.01,0.41,1.09,1.82,2.35,2.67,2.33,2.57,2.17,1.61,0.88,0.22,0.0,0.0,0.0,0.0,0.0,0.0,0.0,0.0,0.0,0.0,0.0,0.0,0.01,0.37,1.13,1.8,2.31,2.66,2.7,2.52,2.13,1.45,0.66,0.24,0.0,0.0,0.0,0.0,0.0
644,0.0,0.0,0.0,0.0,0.0,0.0,0.0,0.02,0.46,1.14,1.69,2.42,2.75,2.17,2.24,2.47,1.97,0.84,0.31,0.0,0.0,0.0,0.0,0.0,0.0,0.0,0.0,0.0,0.0,0.0,0.0,0.0,0.04,0.24,0.38,0.31,0.44,0.34,0.21,0.16,0.11,0.14,0.03,0.0,0.0,0.0,0.0,0.0,0.0,0.0,0.0,0.0,0.0,0.0,0.0,0.02,0.29,0.82,1.09,1.72,1.05,1.24,1.13,1.1,0.38,0.38,0.09,0.0,0.0,0.0,0.0,0.0,0.0,0.0,0.0,0.0,0.0,0.0,0.0,0.01,0.37,1.16,1.85,2.38,2.69,2.75,2.59,2.21,1.56,0.91,0.24,0.0,0.0,0.0,0.0,0.0,0.0,0.0,0.0,0.0,0.0,0.0,0.0,0.01,0.41,1.09,1.82,2.35,2.67,2.33,2.57,2.17,1.61,0.88,0.22,0.0,0.0,0.0,0.0,0.0,0.0,0.0,0.0,0.0,0.0,0.0,0.0,0.01,0.37,1.13,1.8,2.31,2.66,2.7,2.52,2.13,1.45,0.66,0.24,0.0,0.0,0.0,0.0,0.0,0.0,0.0,0.0,0.0,0.0,0.0,0.0,0.01,0.24,0.56,0.97,1.74,1.9,1.92,1.95,2.01,1.33,0.73,0.16,0.0,0.0,0.0,0.0,0.0
645,0.0,0.0,0.0,0.0,0.0,0.0,0.0,0.0,0.04,0.24,0.38,0.31,0.44,0.34,0.21,0.16,0.11,0.14,0.03,0.0,0.0,0.0,0.0,0.0,0.0,0.0,0.0,0.0,0.0,0.0,0.0,0.02,0.29,0.82,1.09,1.72,1.05,1.24,1.13,1.1,0.38,0.38,0.09,0.0,0.0,0.0,0.0,0.0,0.0,0.0,0.0,0.0,0.0,0.0,0.0,0.01,0.37,1.16,1.85,2.38,2.69,2.75,2.59,2.21,1.56,0.91,0.24,0.0,0.0,0.0,0.0,0.0,0.0,0.0,0.0,0.0,0.0,0.0,0.0,0.01,0.41,1.09,1.82,2.35,2.67,2.33,2.57,2.17,1.61,0.88,0.22,0.0,0.0,0.0,0.0,0.0,0.0,0.0,0.0,0.0,0.0,0.0,0.0,0.01,0.37,1.13,1.8,2.31,2.66,2.7,2.52,2.13,1.45,0.66,0.24,0.0,0.0,0.0,0.0,0.0,0.0,0.0,0.0,0.0,0.0,0.0,0.0,0.01,0.24,0.56,0.97,1.74,1.9,1.92,1.95,2.01,1.33,0.73,0.16,0.0,0.0,0.0,0.0,0.0,0.0,0.0,0.0,0.0,0.0,0.0,0.0,0.01,0.47,1.07,1.46,2.28,2.61,2.58,2.39,2.0,0.84,0.38,0.12,0.0,0.0,0.0,0.0,0.0
646,0.0,0.0,0.0,0.0,0.0,0.0,0.0,0.02,0.29,0.82,1.09,1.72,1.05,1.24,1.13,1.1,0.38,0.38,0.09,0.0,0.0,0.0,0.0,0.0,0.0,0.0,0.0,0.0,0.0,0.0,0.0,0.01,0.37,1.16,1.85,2.38,2.69,2.75,2.59,2.21,1.56,0.91,0.24,0.0,0.0,0.0,0.0,0.0,0.0,0.0,0.0,0.0,0.0,0.0,0.0,0.01,0.41,1.09,1.82,2.35,2.67,2.33,2.57,2.17,1.61,0.88,0.22,0.0,0.0,0.0,0.0,0.0,0.0,0.0,0.0,0.0,0.0,0.0,0.0,0.01,0.37,1.13,1.8,2.31,2.66,2.7,2.52,2.13,1.45,0.66,0.24,0.0,0.0,0.0,0.0,0.0,0.0,0.0,0.0,0.0,0.0,0.0,0.0,0.01,0.24,0.56,0.97,1.74,1.9,1.92,1.95,2.01,1.33,0.73,0.16,0.0,0.0,0.0,0.0,0.0,0.0,0.0,0.0,0.0,0.0,0.0,0.0,0.01,0.47,1.07,1.46,2.28,2.61,2.58,2.39,2.0,0.84,0.38,0.12,0.0,0.0,0.0,0.0,0.0,0.0,0.0,0.0,0.0,0.0,0.0,0.0,0.0,0.07,0.41,0.6,1.19,1.32,0.84,0.32,0.36,0.41,0.52,0.11,0.0,0.0,0.0,0.0,0.0
647,0.0,0.0,0.0,0.0,0.0,0.0,0.0,0.01,0.37,1.16,1.85,2.38,2.69,2.75,2.59,2.21,1.56,0.91,0.24,0.0,0.0,0.0,0.0,0.0,0.0,0.0,0.0,0.0,0.0,0.0,0.0,0.01,0.41,1.09,1.82,2.35,2.67,2.33,2.57,2.17,1.61,0.88,0.22,0.0,0.0,0.0,0.0,0.0,0.0,0.0,0.0,0.0,0.0,0.0,0.0,0.01,0.37,1.13,1.8,2.31,2.66,2.7,2.52,2.13,1.45,0.66,0.24,0.0,0.0,0.0,0.0,0.0,0.0,0.0,0.0,0.0,0.0,0.0,0.0,0.01,0.24,0.56,0.97,1.74,1.9,1.92,1.95,2.01,1.33,0.73,0.16,0.0,0.0,0.0,0.0,0.0,0.0,0.0,0.0,0.0,0.0,0.0,0.0,0.01,0.47,1.07,1.46,2.28,2.61,2.58,2.39,2.0,0.84,0.38,0.12,0.0,0.0,0.0,0.0,0.0,0.0,0.0,0.0,0.0,0.0,0.0,0.0,0.0,0.07,0.41,0.6,1.19,1.32,0.84,0.32,0.36,0.41,0.52,0.11,0.0,0.0,0.0,0.0,0.0,0.0,0.0,0.0,0.0,0.0,0.0,0.0,0.0,0.36,1.17,1.87,2.42,2.71,2.79,2.62,2.2,1.61,0.86,0.18,0.0,0.0,0.0,0.0,0.0
648,0.0,0.0,0.0,0.0,0.0,0.0,0.0,0.01,0.41,1.09,1.82,2.35,2.67,2.33,2.57,2.17,1.61,0.88,0.22,0.0,0.0,0.0,0.0,0.0,0.0,0.0,0.0,0.0,0.0,0.0,0.0,0.01,0.37,1.13,1.8,2.31,2.66,2.7,2.52,2.13,1.45,0.66,0.24,0.0,0.0,0.0,0.0,0.0,0.0,0.0,0.0,0.0,0.0,0.0,0.0,0.01,0.24,0.56,0.97,1.74,1.9,1.92,1.95,2.01,1.33,0.73,0.16,0.0,0.0,0.0,0.0,0.0,0.0,0.0,0.0,0.0,0.0,0.0,0.0,0.01,0.47,1.07,1.46,2.28,2.61,2.58,2.39,2.0,0.84,0.38,0.12,0.0,0.0,0.0,0.0,0.0,0.0,0.0,0.0,0.0,0.0,0.0,0.0,0.0,0.07,0.41,0.6,1.19,1.32,0.84,0.32,0.36,0.41,0.52,0.11,0.0,0.0,0.0,0.0,0.0,0.0,0.0,0.0,0.0,0.0,0.0,0.0,0.0,0.36,1.17,1.87,2.42,2.71,2.79,2.62,2.2,1.61,0.86,0.18,0.0,0.0,0.0,0.0,0.0,0.0,0.0,0.0,0.0,0.0,0.0,0.0,0.0,0.36,1.09,1.82,2.35,2.65,2.72,2.54,2.17,1.58,0.83,0.16,0.0,0.0,0.0,0.0,0.0
649,0.0,0.0,0.0,0.0,0.0,0.0,0.0,0.01,0.37,1.13,1.8,2.31,2.66,2.7,2.52,2.13,1.45,0.66,0.24,0.0,0.0,0.0,0.0,0.0,0.0,0.0,0.0,0.0,0.0,0.0,0.0,0.01,0.24,0.56,0.97,1.74,1.9,1.92,1.95,2.01,1.33,0.73,0.16,0.0,0.0,0.0,0.0,0.0,0.0,0.0,0.0,0.0,0.0,0.0,0.0,0.01,0.47,1.07,1.46,2.28,2.61,2.58,2.39,2.0,0.84,0.38,0.12,0.0,0.0,0.0,0.0,0.0,0.0,0.0,0.0,0.0,0.0,0.0,0.0,0.0,0.07,0.41,0.6,1.19,1.32,0.84,0.32,0.36,0.41,0.52,0.11,0.0,0.0,0.0,0.0,0.0,0.0,0.0,0.0,0.0,0.0,0.0,0.0,0.0,0.36,1.17,1.87,2.42,2.71,2.79,2.62,2.2,1.61,0.86,0.18,0.0,0.0,0.0,0.0,0.0,0.0,0.0,0.0,0.0,0.0,0.0,0.0,0.0,0.36,1.09,1.82,2.35,2.65,2.72,2.54,2.17,1.58,0.83,0.16,0.0,0.0,0.0,0.0,0.0,0.0,0.0,0.0,0.0,0.0,0.0,0.0,0.0,0.36,1.01,1.75,2.29,2.6,2.68,2.53,2.11,1.51,0.79,0.15,0.0,0.0,0.0,0.0,0.0
650,0.0,0.0,0.0,0.0,0.0,0.0,0.0,0.01,0.24,0.56,0.97,1.74,1.9,1.92,1.95,2.01,1.33,0.73,0.16,0.0,0.0,0.0,0.0,0.0,0.0,0.0,0.0,0.0,0.0,0.0,0.0,0.01,0.47,1.07,1.46,2.28,2.61,2.58,2.39,2.0,0.84,0.38,0.12,0.0,0.0,0.0,0.0,0.0,0.0,0.0,0.0,0.0,0.0,0.0,0.0,0.0,0.07,0.41,0.6,1.19,1.32,0.84,0.32,0.36,0.41,0.52,0.11,0.0,0.0,0.0,0.0,0.0,0.0,0.0,0.0,0.0,0.0,0.0,0.0,0.0,0.36,1.17,1.87,2.42,2.71,2.79,2.62,2.2,1.61,0.86,0.18,0.0,0.0,0.0,0.0,0.0,0.0,0.0,0.0,0.0,0.0,0.0,0.0,0.0,0.36,1.09,1.82,2.35,2.65,2.72,2.54,2.17,1.58,0.83,0.16,0.0,0.0,0.0,0.0,0.0,0.0,0.0,0.0,0.0,0.0,0.0,0.0,0.0,0.36,1.01,1.75,2.29,2.6,2.68,2.53,2.11,1.51,0.79,0.15,0.0,0.0,0.0,0.0,0.0,0.0,0.0,0.0,0.0,0.0,0.0,0.0,0.0,0.34,0.97,1.73,2.23,2.5,2.58,2.43,2.05,1.48,0.77,0.12,0.0,0.0,0.0,0.0,0.0
651,0.0,0.0,0.0,0.0,0.0,0.0,0.0,0.01,0.47,1.07,1.46,2.28,2.61,2.58,2.39,2.0,0.84,0.38,0.12,0.0,0.0,0.0,0.0,0.0,0.0,0.0,0.0,0.0,0.0,0.0,0.0,0.0,0.07,0.41,0.6,1.19,1.32,0.84,0.32,0.36,0.41,0.52,0.11,0.0,0.0,0.0,0.0,0.0,0.0,0.0,0.0,0.0,0.0,0.0,0.0,0.0,0.36,1.17,1.87,2.42,2.71,2.79,2.62,2.2,1.61,0.86,0.18,0.0,0.0,0.0,0.0,0.0,0.0,0.0,0.0,0.0,0.0,0.0,0.0,0.0,0.36,1.09,1.82,2.35,2.65,2.72,2.54,2.17,1.58,0.83,0.16,0.0,0.0,0.0,0.0,0.0,0.0,0.0,0.0,0.0,0.0,0.0,0.0,0.0,0.36,1.01,1.75,2.29,2.6,2.68,2.53,2.11,1.51,0.79,0.15,0.0,0.0,0.0,0.0,0.0,0.0,0.0,0.0,0.0,0.0,0.0,0.0,0.0,0.34,0.97,1.73,2.23,2.5,2.58,2.43,2.05,1.48,0.77,0.12,0.0,0.0,0.0,0.0,0.0,0.0,0.0,0.0,0.0,0.0,0.0,0.0,0.0,0.31,0.97,1.63,2.11,2.17,2.16,2.37,1.74,1.18,0.46,0.06,0.0,0.0,0.0,0.0,0.0
652,0.0,0.0,0.0,0.0,0.0,0.0,0.0,0.0,0.07,0.41,0.6,1.19,1.32,0.84,0.32,0.36,0.41,0.52,0.11,0.0,0.0,0.0,0.0,0.0,0.0,0.0,0.0,0.0,0.0,0.0,0.0,0.0,0.36,1.17,1.87,2.42,2.71,2.79,2.62,2.2,1.61,0.86,0.18,0.0,0.0,0.0,0.0,0.0,0.0,0.0,0.0,0.0,0.0,0.0,0.0,0.0,0.36,1.09,1.82,2.35,2.65,2.72,2.54,2.17,1.58,0.83,0.16,0.0,0.0,0.0,0.0,0.0,0.0,0.0,0.0,0.0,0.0,0.0,0.0,0.0,0.36,1.01,1.75,2.29,2.6,2.68,2.53,2.11,1.51,0.79,0.15,0.0,0.0,0.0,0.0,0.0,0.0,0.0,0.0,0.0,0.0,0.0,0.0,0.0,0.34,0.97,1.73,2.23,2.5,2.58,2.43,2.05,1.48,0.77,0.12,0.0,0.0,0.0,0.0,0.0,0.0,0.0,0.0,0.0,0.0,0.0,0.0,0.0,0.31,0.97,1.63,2.11,2.17,2.16,2.37,1.74,1.18,0.46,0.06,0.0,0.0,0.0,0.0,0.0,0.0,0.0,0.0,0.0,0.0,0.0,0.0,0.0,0.19,0.84,1.51,1.89,2.31,2.4,2.2,1.74,1.16,0.59,0.1,0.0,0.0,0.0,0.0,0.0
653,0.0,0.0,0.0,0.0,0.0,0.0,0.0,0.0,0.36,1.17,1.87,2.42,2.71,2.79,2.62,2.2,1.61,0.86,0.18,0.0,0.0,0.0,0.0,0.0,0.0,0.0,0.0,0.0,0.0,0.0,0.0,0.0,0.36,1.09,1.82,2.35,2.65,2.72,2.54,2.17,1.58,0.83,0.16,0.0,0.0,0.0,0.0,0.0,0.0,0.0,0.0,0.0,0.0,0.0,0.0,0.0,0.36,1.01,1.75,2.29,2.6,2.68,2.53,2.11,1.51,0.79,0.15,0.0,0.0,0.0,0.0,0.0,0.0,0.0,0.0,0.0,0.0,0.0,0.0,0.0,0.34,0.97,1.73,2.23,2.5,2.58,2.43,2.05,1.48,0.77,0.12,0.0,0.0,0.0,0.0,0.0,0.0,0.0,0.0,0.0,0.0,0.0,0.0,0.0,0.31,0.97,1.63,2.11,2.17,2.16,2.37,1.74,1.18,0.46,0.06,0.0,0.0,0.0,0.0,0.0,0.0,0.0,0.0,0.0,0.0,0.0,0.0,0.0,0.19,0.84,1.51,1.89,2.31,2.4,2.2,1.74,1.16,0.59,0.1,0.0,0.0,0.0,0.0,0.0,0.0,0.0,0.0,0.0,0.0,0.0,0.0,0.0,0.19,0.75,1.09,1.39,2.0,2.29,2.11,1.97,1.42,0.72,0.11,0.0,0.0,0.0,0.0,0.0
654,0.0,0.0,0.0,0.0,0.0,0.0,0.0,0.0,0.36,1.09,1.82,2.35,2.65,2.72,2.54,2.17,1.58,0.83,0.16,0.0,0.0,0.0,0.0,0.0,0.0,0.0,0.0,0.0,0.0,0.0,0.0,0.0,0.36,1.01,1.75,2.29,2.6,2.68,2.53,2.11,1.51,0.79,0.15,0.0,0.0,0.0,0.0,0.0,0.0,0.0,0.0,0.0,0.0,0.0,0.0,0.0,0.34,0.97,1.73,2.23,2.5,2.58,2.43,2.05,1.48,0.77,0.12,0.0,0.0,0.0,0.0,0.0,0.0,0.0,0.0,0.0,0.0,0.0,0.0,0.0,0.31,0.97,1.63,2.11,2.17,2.16,2.37,1.74,1.18,0.46,0.06,0.0,0.0,0.0,0.0,0.0,0.0,0.0,0.0,0.0,0.0,0.0,0.0,0.0,0.19,0.84,1.51,1.89,2.31,2.4,2.2,1.74,1.16,0.59,0.1,0.0,0.0,0.0,0.0,0.0,0.0,0.0,0.0,0.0,0.0,0.0,0.0,0.0,0.19,0.75,1.09,1.39,2.0,2.29,2.11,1.97,1.42,0.72,0.11,0.0,0.0,0.0,0.0,0.0,0.0,0.0,0.0,0.0,0.0,0.0,0.0,0.0,0.28,0.9,1.62,2.15,2.52,2.62,2.47,2.05,1.46,0.7,0.11,0.0,0.0,0.0,0.0,0.0
655,0.0,0.0,0.0,0.0,0.0,0.0,0.0,0.0,0.36,1.01,1.75,2.29,2.6,2.68,2.53,2.11,1.51,0.79,0.15,0.0,0.0,0.0,0.0,0.0,0.0,0.0,0.0,0.0,0.0,0.0,0.0,0.0,0.34,0.97,1.73,2.23,2.5,2.58,2.43,2.05,1.48,0.77,0.12,0.0,0.0,0.0,0.0,0.0,0.0,0.0,0.0,0.0,0.0,0.0,0.0,0.0,0.31,0.97,1.63,2.11,2.17,2.16,2.37,1.74,1.18,0.46,0.06,0.0,0.0,0.0,0.0,0.0,0.0,0.0,0.0,0.0,0.0,0.0,0.0,0.0,0.19,0.84,1.51,1.89,2.31,2.4,2.2,1.74,1.16,0.59,0.1,0.0,0.0,0.0,0.0,0.0,0.0,0.0,0.0,0.0,0.0,0.0,0.0,0.0,0.19,0.75,1.09,1.39,2.0,2.29,2.11,1.97,1.42,0.72,0.11,0.0,0.0,0.0,0.0,0.0,0.0,0.0,0.0,0.0,0.0,0.0,0.0,0.0,0.28,0.9,1.62,2.15,2.52,2.62,2.47,2.05,1.46,0.7,0.11,0.0,0.0,0.0,0.0,0.0,0.0,0.0,0.0,0.0,0.0,0.0,0.0,0.0,0.27,0.94,1.64,2.13,2.43,2.51,2.36,1.95,1.38,0.67,0.09,0.0,0.0,0.0,0.0,0.0
656,0.0,0.0,0.0,0.0,0.0,0.0,0.0,0.0,0.34,0.97,1.73,2.23,2.5,2.58,2.43,2.05,1.48,0.77,0.12,0.0,0.0,0.0,0.0,0.0,0.0,0.0,0.0,0.0,0.0,0.0,0.0,0.0,0.31,0.97,1.63,2.11,2.17,2.16,2.37,1.74,1.18,0.46,0.06,0.0,0.0,0.0,0.0,0.0,0.0,0.0,0.0,0.0,0.0,0.0,0.0,0.0,0.19,0.84,1.51,1.89,2.31,2.4,2.2,1.74,1.16,0.59,0.1,0.0,0.0,0.0,0.0,0.0,0.0,0.0,0.0,0.0,0.0,0.0,0.0,0.0,0.19,0.75,1.09,1.39,2.0,2.29,2.11,1.97,1.42,0.72,0.11,0.0,0.0,0.0,0.0,0.0,0.0,0.0,0.0,0.0,0.0,0.0,0.0,0.0,0.28,0.9,1.62,2.15,2.52,2.62,2.47,2.05,1.46,0.7,0.11,0.0,0.0,0.0,0.0,0.0,0.0,0.0,0.0,0.0,0.0,0.0,0.0,0.0,0.27,0.94,1.64,2.13,2.43,2.51,2.36,1.95,1.38,0.67,0.09,0.0,0.0,0.0,0.0,0.0,0.0,0.0,0.0,0.0,0.0,0.0,0.0,0.0,0.26,0.92,1.61,2.11,2.26,1.93,1.44,1.04,0.69,0.36,0.04,0.0,0.0,0.0,0.0,0.0
657,0.0,0.0,0.0,0.0,0.0,0.0,0.0,0.0,0.31,0.97,1.63,2.11,2.17,2.16,2.37,1.74,1.18,0.46,0.06,0.0,0.0,0.0,0.0,0.0,0.0,0.0,0.0,0.0,0.0,0.0,0.0,0.0,0.19,0.84,1.51,1.89,2.31,2.4,2.2,1.74,1.16,0.59,0.1,0.0,0.0,0.0,0.0,0.0,0.0,0.0,0.0,0.0,0.0,0.0,0.0,0.0,0.19,0.75,1.09,1.39,2.0,2.29,2.11,1.97,1.42,0.72,0.11,0.0,0.0,0.0,0.0,0.0,0.0,0.0,0.0,0.0,0.0,0.0,0.0,0.0,0.28,0.9,1.62,2.15,2.52,2.62,2.47,2.05,1.46,0.7,0.11,0.0,0.0,0.0,0.0,0.0,0.0,0.0,0.0,0.0,0.0,0.0,0.0,0.0,0.27,0.94,1.64,2.13,2.43,2.51,2.36,1.95,1.38,0.67,0.09,0.0,0.0,0.0,0.0,0.0,0.0,0.0,0.0,0.0,0.0,0.0,0.0,0.0,0.26,0.92,1.61,2.11,2.26,1.93,1.44,1.04,0.69,0.36,0.04,0.0,0.0,0.0,0.0,0.0,0.0,0.0,0.0,0.0,0.0,0.0,0.0,0.0,0.2,0.75,1.36,1.87,2.26,2.31,2.11,1.74,1.17,0.47,0.07,0.0,0.0,0.0,0.0,0.0
658,0.0,0.0,0.0,0.0,0.0,0.0,0.0,0.0,0.19,0.84,1.51,1.89,2.31,2.4,2.2,1.74,1.16,0.59,0.1,0.0,0.0,0.0,0.0,0.0,0.0,0.0,0.0,0.0,0.0,0.0,0.0,0.0,0.19,0.75,1.09,1.39,2.0,2.29,2.11,1.97,1.42,0.72,0.11,0.0,0.0,0.0,0.0,0.0,0.0,0.0,0.0,0.0,0.0,0.0,0.0,0.0,0.28,0.9,1.62,2.15,2.52,2.62,2.47,2.05,1.46,0.7,0.11,0.0,0.0,0.0,0.0,0.0,0.0,0.0,0.0,0.0,0.0,0.0,0.0,0.0,0.27,0.94,1.64,2.13,2.43,2.51,2.36,1.95,1.38,0.67,0.09,0.0,0.0,0.0,0.0,0.0,0.0,0.0,0.0,0.0,0.0,0.0,0.0,0.0,0.26,0.92,1.61,2.11,2.26,1.93,1.44,1.04,0.69,0.36,0.04,0.0,0.0,0.0,0.0,0.0,0.0,0.0,0.0,0.0,0.0,0.0,0.0,0.0,0.2,0.75,1.36,1.87,2.26,2.31,2.11,1.74,1.17,0.47,0.07,0.0,0.0,0.0,0.0,0.0,0.0,0.0,0.0,0.0,0.0,0.0,0.0,0.0,0.15,0.67,1.37,1.96,2.42,2.05,2.23,1.68,1.28,0.48,0.06,0.0,0.0,0.0,0.0,0.0
659,0.0,0.0,0.0,0.0,0.0,0.0,0.0,0.0,0.19,0.75,1.09,1.39,2.0,2.29,2.11,1.97,1.42,0.72,0.11,0.0,0.0,0.0,0.0,0.0,0.0,0.0,0.0,0.0,0.0,0.0,0.0,0.0,0.28,0.9,1.62,2.15,2.52,2.62,2.47,2.05,1.46,0.7,0.11,0.0,0.0,0.0,0.0,0.0,0.0,0.0,0.0,0.0,0.0,0.0,0.0,0.0,0.27,0.94,1.64,2.13,2.43,2.51,2.36,1.95,1.38,0.67,0.09,0.0,0.0,0.0,0.0,0.0,0.0,0.0,0.0,0.0,0.0,0.0,0.0,0.0,0.26,0.92,1.61,2.11,2.26,1.93,1.44,1.04,0.69,0.36,0.04,0.0,0.0,0.0,0.0,0.0,0.0,0.0,0.0,0.0,0.0,0.0,0.0,0.0,0.2,0.75,1.36,1.87,2.26,2.31,2.11,1.74,1.17,0.47,0.07,0.0,0.0,0.0,0.0,0.0,0.0,0.0,0.0,0.0,0.0,0.0,0.0,0.0,0.15,0.67,1.37,1.96,2.42,2.05,2.23,1.68,1.28,0.48,0.06,0.0,0.0,0.0,0.0,0.0,0.0,0.0,0.0,0.0,0.0,0.0,0.0,0.0,0.2,0.8,1.48,1.97,2.25,2.35,2.22,1.77,1.14,0.42,0.04,0.0,0.0,0.0,0.0,0.0
660,0.0,0.0,0.0,0.0,0.0,0.0,0.0,0.0,0.28,0.9,1.62,2.15,2.52,2.62,2.47,2.05,1.46,0.7,0.11,0.0,0.0,0.0,0.0,0.0,0.0,0.0,0.0,0.0,0.0,0.0,0.0,0.0,0.27,0.94,1.64,2.13,2.43,2.51,2.36,1.95,1.38,0.67,0.09,0.0,0.0,0.0,0.0,0.0,0.0,0.0,0.0,0.0,0.0,0.0,0.0,0.0,0.26,0.92,1.61,2.11,2.26,1.93,1.44,1.04,0.69,0.36,0.04,0.0,0.0,0.0,0.0,0.0,0.0,0.0,0.0,0.0,0.0,0.0,0.0,0.0,0.2,0.75,1.36,1.87,2.26,2.31,2.11,1.74,1.17,0.47,0.07,0.0,0.0,0.0,0.0,0.0,0.0,0.0,0.0,0.0,0.0,0.0,0.0,0.0,0.15,0.67,1.37,1.96,2.42,2.05,2.23,1.68,1.28,0.48,0.06,0.0,0.0,0.0,0.0,0.0,0.0,0.0,0.0,0.0,0.0,0.0,0.0,0.0,0.2,0.8,1.48,1.97,2.25,2.35,2.22,1.77,1.14,0.42,0.04,0.0,0.0,0.0,0.0,0.0,0.0,0.0,0.0,0.0,0.0,0.0,0.0,0.0,0.17,0.73,1.22,1.84,2.21,2.28,2.14,1.68,0.87,0.46,0.04,0.0,0.0,0.0,0.0,0.0
661,0.0,0.0,0.0,0.0,0.0,0.0,0.0,0.0,0.27,0.94,1.64,2.13,2.43,2.51,2.36,1.95,1.38,0.67,0.09,0.0,0.0,0.0,0.0,0.0,0.0,0.0,0.0,0.0,0.0,0.0,0.0,0.0,0.26,0.92,1.61,2.11,2.26,1.93,1.44,1.04,0.69,0.36,0.04,0.0,0.0,0.0,0.0,0.0,0.0,0.0,0.0,0.0,0.0,0.0,0.0,0.0,0.2,0.75,1.36,1.87,2.26,2.31,2.11,1.74,1.17,0.47,0.07,0.0,0.0,0.0,0.0,0.0,0.0,0.0,0.0,0.0,0.0,0.0,0.0,0.0,0.15,0.67,1.37,1.96,2.42,2.05,2.23,1.68,1.28,0.48,0.06,0.0,0.0,0.0,0.0,0.0,0.0,0.0,0.0,0.0,0.0,0.0,0.0,0.0,0.2,0.8,1.48,1.97,2.25,2.35,2.22,1.77,1.14,0.42,0.04,0.0,0.0,0.0,0.0,0.0,0.0,0.0,0.0,0.0,0.0,0.0,0.0,0.0,0.17,0.73,1.22,1.84,2.21,2.28,2.14,1.68,0.87,0.46,0.04,0.0,0.0,0.0,0.0,0.0,0.0,0.0,0.0,0.0,0.0,0.0,0.0,0.0,0.17,0.75,1.4,1.87,2.18,2.28,2.19,1.37,0.73,0.22,0.03,0.0,0.0,0.0,0.0,0.0
662,0.0,0.0,0.0,0.0,0.0,0.0,0.0,0.0,0.26,0.92,1.61,2.11,2.26,1.93,1.44,1.04,0.69,0.36,0.04,0.0,0.0,0.0,0.0,0.0,0.0,0.0,0.0,0.0,0.0,0.0,0.0,0.0,0.2,0.75,1.36,1.87,2.26,2.31,2.11,1.74,1.17,0.47,0.07,0.0,0.0,0.0,0.0,0.0,0.0,0.0,0.0,0.0,0.0,0.0,0.0,0.0,0.15,0.67,1.37,1.96,2.42,2.05,2.23,1.68,1.28,0.48,0.06,0.0,0.0,0.0,0.0,0.0,0.0,0.0,0.0,0.0,0.0,0.0,0.0,0.0,0.2,0.8,1.48,1.97,2.25,2.35,2.22,1.77,1.14,0.42,0.04,0.0,0.0,0.0,0.0,0.0,0.0,0.0,0.0,0.0,0.0,0.0,0.0,0.0,0.17,0.73,1.22,1.84,2.21,2.28,2.14,1.68,0.87,0.46,0.04,0.0,0.0,0.0,0.0,0.0,0.0,0.0,0.0,0.0,0.0,0.0,0.0,0.0,0.17,0.75,1.4,1.87,2.18,2.28,2.19,1.37,0.73,0.22,0.03,0.0,0.0,0.0,0.0,0.0,0.0,0.0,0.0,0.0,0.0,0.0,0.0,0.0,0.11,0.37,0.7,1.19,1.0,1.24,1.72,1.54,1.18,0.42,0.05,0.0,0.0,0.0,0.0,0.0
663,0.0,0.0,0.0,0.0,0.0,0.0,0.0,0.0,0.2,0.75,1.36,1.87,2.26,2.31,2.11,1.74,1.17,0.47,0.07,0.0,0.0,0.0,0.0,0.0,0.0,0.0,0.0,0.0,0.0,0.0,0.0,0.0,0.15,0.67,1.37,1.96,2.42,2.05,2.23,1.68,1.28,0.48,0.06,0.0,0.0,0.0,0.0,0.0,0.0,0.0,0.0,0.0,0.0,0.0,0.0,0.0,0.2,0.8,1.48,1.97,2.25,2.35,2.22,1.77,1.14,0.42,0.04,0.0,0.0,0.0,0.0,0.0,0.0,0.0,0.0,0.0,0.0,0.0,0.0,0.0,0.17,0.73,1.22,1.84,2.21,2.28,2.14,1.68,0.87,0.46,0.04,0.0,0.0,0.0,0.0,0.0,0.0,0.0,0.0,0.0,0.0,0.0,0.0,0.0,0.17,0.75,1.4,1.87,2.18,2.28,2.19,1.37,0.73,0.22,0.03,0.0,0.0,0.0,0.0,0.0,0.0,0.0,0.0,0.0,0.0,0.0,0.0,0.0,0.11,0.37,0.7,1.19,1.0,1.24,1.72,1.54,1.18,0.42,0.05,0.0,0.0,0.0,0.0,0.0,0.0,0.0,0.0,0.0,0.0,0.0,0.0,0.0,0.21,0.87,1.54,2.03,2.33,2.42,2.27,1.86,1.31,0.56,0.05,0.0,0.0,0.0,0.0,0.0
664,0.0,0.0,0.0,0.0,0.0,0.0,0.0,0.0,0.15,0.67,1.37,1.96,2.42,2.05,2.23,1.68,1.28,0.48,0.06,0.0,0.0,0.0,0.0,0.0,0.0,0.0,0.0,0.0,0.0,0.0,0.0,0.0,0.2,0.8,1.48,1.97,2.25,2.35,2.22,1.77,1.14,0.42,0.04,0.0,0.0,0.0,0.0,0.0,0.0,0.0,0.0,0.0,0.0,0.0,0.0,0.0,0.17,0.73,1.22,1.84,2.21,2.28,2.14,1.68,0.87,0.46,0.04,0.0,0.0,0.0,0.0,0.0,0.0,0.0,0.0,0.0,0.0,0.0,0.0,0.0,0.17,0.75,1.4,1.87,2.18,2.28,2.19,1.37,0.73,0.22,0.03,0.0,0.0,0.0,0.0,0.0,0.0,0.0,0.0,0.0,0.0,0.0,0.0,0.0,0.11,0.37,0.7,1.19,1.0,1.24,1.72,1.54,1.18,0.42,0.05,0.0,0.0,0.0,0.0,0.0,0.0,0.0,0.0,0.0,0.0,0.0,0.0,0.0,0.21,0.87,1.54,2.03,2.33,2.42,2.27,1.86,1.31,0.56,0.05,0.0,0.0,0.0,0.0,0.0,0.0,0.0,0.0,0.0,0.0,0.0,0.0,0.0,0.09,0.34,1.17,0.87,0.98,0.92,0.38,0.22,0.21,0.16,0.02,0.0,0.0,0.0,0.0,0.0
665,0.0,0.0,0.0,0.0,0.0,0.0,0.0,0.0,0.2,0.8,1.48,1.97,2.25,2.35,2.22,1.77,1.14,0.42,0.04,0.0,0.0,0.0,0.0,0.0,0.0,0.0,0.0,0.0,0.0,0.0,0.0,0.0,0.17,0.73,1.22,1.84,2.21,2.28,2.14,1.68,0.87,0.46,0.04,0.0,0.0,0.0,0.0,0.0,0.0,0.0,0.0,0.0,0.0,0.0,0.0,0.0,0.17,0.75,1.4,1.87,2.18,2.28,2.19,1.37,0.73,0.22,0.03,0.0,0.0,0.0,0.0,0.0,0.0,0.0,0.0,0.0,0.0,0.0,0.0,0.0,0.11,0.37,0.7,1.19,1.0,1.24,1.72,1.54,1.18,0.42,0.05,0.0,0.0,0.0,0.0,0.0,0.0,0.0,0.0,0.0,0.0,0.0,0.0,0.0,0.21,0.87,1.54,2.03,2.33,2.42,2.27,1.86,1.31,0.56,0.05,0.0,0.0,0.0,0.0,0.0,0.0,0.0,0.0,0.0,0.0,0.0,0.0,0.0,0.09,0.34,1.17,0.87,0.98,0.92,0.38,0.22,0.21,0.16,0.02,0.0,0.0,0.0,0.0,0.0,0.0,0.0,0.0,0.0,0.0,0.0,0.0,0.0,0.2,0.87,1.56,2.08,2.38,2.43,2.27,1.89,1.3,0.58,0.04,0.0,0.0,0.0,0.0,0.0
666,0.0,0.0,0.0,0.0,0.0,0.0,0.0,0.0,0.17,0.73,1.22,1.84,2.21,2.28,2.14,1.68,0.87,0.46,0.04,0.0,0.0,0.0,0.0,0.0,0.0,0.0,0.0,0.0,0.0,0.0,0.0,0.0,0.17,0.75,1.4,1.87,2.18,2.28,2.19,1.37,0.73,0.22,0.03,0.0,0.0,0.0,0.0,0.0,0.0,0.0,0.0,0.0,0.0,0.0,0.0,0.0,0.11,0.37,0.7,1.19,1.0,1.24,1.72,1.54,1.18,0.42,0.05,0.0,0.0,0.0,0.0,0.0,0.0,0.0,0.0,0.0,0.0,0.0,0.0,0.0,0.21,0.87,1.54,2.03,2.33,2.42,2.27,1.86,1.31,0.56,0.05,0.0,0.0,0.0,0.0,0.0,0.0,0.0,0.0,0.0,0.0,0.0,0.0,0.0,0.09,0.34,1.17,0.87,0.98,0.92,0.38,0.22,0.21,0.16,0.02,0.0,0.0,0.0,0.0,0.0,0.0,0.0,0.0,0.0,0.0,0.0,0.0,0.0,0.2,0.87,1.56,2.08,2.38,2.43,2.27,1.89,1.3,0.58,0.04,0.0,0.0,0.0,0.0,0.0,0.0,0.0,0.0,0.0,0.0,0.0,0.0,0.0,0.19,0.81,1.5,2.01,2.32,2.37,2.23,1.84,1.22,0.53,0.04,0.0,0.0,0.0,0.0,0.0
667,0.0,0.0,0.0,0.0,0.0,0.0,0.0,0.0,0.17,0.75,1.4,1.87,2.18,2.28,2.19,1.37,0.73,0.22,0.03,0.0,0.0,0.0,0.0,0.0,0.0,0.0,0.0,0.0,0.0,0.0,0.0,0.0,0.11,0.37,0.7,1.19,1.0,1.24,1.72,1.54,1.18,0.42,0.05,0.0,0.0,0.0,0.0,0.0,0.0,0.0,0.0,0.0,0.0,0.0,0.0,0.0,0.21,0.87,1.54,2.03,2.33,2.42,2.27,1.86,1.31,0.56,0.05,0.0,0.0,0.0,0.0,0.0,0.0,0.0,0.0,0.0,0.0,0.0,0.0,0.0,0.09,0.34,1.17,0.87,0.98,0.92,0.38,0.22,0.21,0.16,0.02,0.0,0.0,0.0,0.0,0.0,0.0,0.0,0.0,0.0,0.0,0.0,0.0,0.0,0.2,0.87,1.56,2.08,2.38,2.43,2.27,1.89,1.3,0.58,0.04,0.0,0.0,0.0,0.0,0.0,0.0,0.0,0.0,0.0,0.0,0.0,0.0,0.0,0.19,0.81,1.5,2.01,2.32,2.37,2.23,1.84,1.22,0.53,0.04,0.0,0.0,0.0,0.0,0.0,0.0,0.0,0.0,0.0,0.0,0.0,0.0,0.0,0.17,0.75,1.44,1.95,2.25,2.31,2.1,1.71,1.03,0.44,0.04,0.0,0.0,0.0,0.0,0.0
668,0.0,0.0,0.0,0.0,0.0,0.0,0.0,0.0,0.11,0.37,0.7,1.19,1.0,1.24,1.72,1.54,1.18,0.42,0.05,0.0,0.0,0.0,0.0,0.0,0.0,0.0,0.0,0.0,0.0,0.0,0.0,0.0,0.21,0.87,1.54,2.03,2.33,2.42,2.27,1.86,1.31,0.56,0.05,0.0,0.0,0.0,0.0,0.0,0.0,0.0,0.0,0.0,0.0,0.0,0.0,0.0,0.09,0.34,1.17,0.87,0.98,0.92,0.38,0.22,0.21,0.16,0.02,0.0,0.0,0.0,0.0,0.0,0.0,0.0,0.0,0.0,0.0,0.0,0.0,0.0,0.2,0.87,1.56,2.08,2.38,2.43,2.27,1.89,1.3,0.58,0.04,0.0,0.0,0.0,0.0,0.0,0.0,0.0,0.0,0.0,0.0,0.0,0.0,0.0,0.19,0.81,1.5,2.01,2.32,2.37,2.23,1.84,1.22,0.53,0.04,0.0,0.0,0.0,0.0,0.0,0.0,0.0,0.0,0.0,0.0,0.0,0.0,0.0,0.17,0.75,1.44,1.95,2.25,2.31,2.1,1.71,1.03,0.44,0.04,0.0,0.0,0.0,0.0,0.0,0.0,0.0,0.0,0.0,0.0,0.0,0.0,0.0,0.13,0.63,1.19,1.31,1.42,0.97,0.6,1.32,0.63,0.13,0.02,0.0,0.0,0.0,0.0,0.0
669,0.0,0.0,0.0,0.0,0.0,0.0,0.0,0.0,0.21,0.87,1.54,2.03,2.33,2.42,2.27,1.86,1.31,0.56,0.05,0.0,0.0,0.0,0.0,0.0,0.0,0.0,0.0,0.0,0.0,0.0,0.0,0.0,0.09,0.34,1.17,0.87,0.98,0.92,0.38,0.22,0.21,0.16,0.02,0.0,0.0,0.0,0.0,0.0,0.0,0.0,0.0,0.0,0.0,0.0,0.0,0.0,0.2,0.87,1.56,2.08,2.38,2.43,2.27,1.89,1.3,0.58,0.04,0.0,0.0,0.0,0.0,0.0,0.0,0.0,0.0,0.0,0.0,0.0,0.0,0.0,0.19,0.81,1.5,2.01,2.32,2.37,2.23,1.84,1.22,0.53,0.04,0.0,0.0,0.0,0.0,0.0,0.0,0.0,0.0,0.0,0.0,0.0,0.0,0.0,0.17,0.75,1.44,1.95,2.25,2.31,2.1,1.71,1.03,0.44,0.04,0.0,0.0,0.0,0.0,0.0,0.0,0.0,0.0,0.0,0.0,0.0,0.0,0.0,0.13,0.63,1.19,1.31,1.42,0.97,0.6,1.32,0.63,0.13,0.02,0.0,0.0,0.0,0.0,0.0,0.0,0.0,0.0,0.0,0.0,0.0,0.0,0.0,0.11,0.56,1.21,1.56,1.85,1.57,1.67,1.65,0.96,0.38,0.03,0.0,0.0,0.0,0.0,0.0
670,0.0,0.0,0.0,0.0,0.0,0.0,0.0,0.0,0.09,0.34,1.17,0.87,0.98,0.92,0.38,0.22,0.21,0.16,0.02,0.0,0.0,0.0,0.0,0.0,0.0,0.0,0.0,0.0,0.0,0.0,0.0,0.0,0.2,0.87,1.56,2.08,2.38,2.43,2.27,1.89,1.3,0.58,0.04,0.0,0.0,0.0,0.0,0.0,0.0,0.0,0.0,0.0,0.0,0.0,0.0,0.0,0.19,0.81,1.5,2.01,2.32,2.37,2.23,1.84,1.22,0.53,0.04,0.0,0.0,0.0,0.0,0.0,0.0,0.0,0.0,0.0,0.0,0.0,0.0,0.0,0.17,0.75,1.44,1.95,2.25,2.31,2.1,1.71,1.03,0.44,0.04,0.0,0.0,0.0,0.0,0.0,0.0,0.0,0.0,0.0,0.0,0.0,0.0,0.0,0.13,0.63,1.19,1.31,1.42,0.97,0.6,1.32,0.63,0.13,0.02,0.0,0.0,0.0,0.0,0.0,0.0,0.0,0.0,0.0,0.0,0.0,0.0,0.0,0.11,0.56,1.21,1.56,1.85,1.57,1.67,1.65,0.96,0.38,0.03,0.0,0.0,0.0,0.0,0.0,0.0,0.0,0.0,0.0,0.0,0.0,0.0,0.0,0.13,0.5,1.15,1.58,1.77,1.36,1.47,1.05,0.55,0.24,0.02,0.0,0.0,0.0,0.0,0.0
671,0.0,0.0,0.0,0.0,0.0,0.0,0.0,0.0,0.2,0.87,1.56,2.08,2.38,2.43,2.27,1.89,1.3,0.58,0.04,0.0,0.0,0.0,0.0,0.0,0.0,0.0,0.0,0.0,0.0,0.0,0.0,0.0,0.19,0.81,1.5,2.01,2.32,2.37,2.23,1.84,1.22,0.53,0.04,0.0,0.0,0.0,0.0,0.0,0.0,0.0,0.0,0.0,0.0,0.0,0.0,0.0,0.17,0.75,1.44,1.95,2.25,2.31,2.1,1.71,1.03,0.44,0.04,0.0,0.0,0.0,0.0,0.0,0.0,0.0,0.0,0.0,0.0,0.0,0.0,0.0,0.13,0.63,1.19,1.31,1.42,0.97,0.6,1.32,0.63,0.13,0.02,0.0,0.0,0.0,0.0,0.0,0.0,0.0,0.0,0.0,0.0,0.0,0.0,0.0,0.11,0.56,1.21,1.56,1.85,1.57,1.67,1.65,0.96,0.38,0.03,0.0,0.0,0.0,0.0,0.0,0.0,0.0,0.0,0.0,0.0,0.0,0.0,0.0,0.13,0.5,1.15,1.58,1.77,1.36,1.47,1.05,0.55,0.24,0.02,0.0,0.0,0.0,0.0,0.0,0.0,0.0,0.0,0.0,0.0,0.0,0.0,0.0,0.09,0.46,1.04,1.49,1.75,1.74,1.65,1.28,0.72,0.35,0.03,0.0,0.0,0.0,0.0,0.0
672,0.0,0.0,0.0,0.0,0.0,0.0,0.0,0.0,0.19,0.81,1.5,2.01,2.32,2.37,2.23,1.84,1.22,0.53,0.04,0.0,0.0,0.0,0.0,0.0,0.0,0.0,0.0,0.0,0.0,0.0,0.0,0.0,0.17,0.75,1.44,1.95,2.25,2.31,2.1,1.71,1.03,0.44,0.04,0.0,0.0,0.0,0.0,0.0,0.0,0.0,0.0,0.0,0.0,0.0,0.0,0.0,0.13,0.63,1.19,1.31,1.42,0.97,0.6,1.32,0.63,0.13,0.02,0.0,0.0,0.0,0.0,0.0,0.0,0.0,0.0,0.0,0.0,0.0,0.0,0.0,0.11,0.56,1.21,1.56,1.85,1.57,1.67,1.65,0.96,0.38,0.03,0.0,0.0,0.0,0.0,0.0,0.0,0.0,0.0,0.0,0.0,0.0,0.0,0.0,0.13,0.5,1.15,1.58,1.77,1.36,1.47,1.05,0.55,0.24,0.02,0.0,0.0,0.0,0.0,0.0,0.0,0.0,0.0,0.0,0.0,0.0,0.0,0.0,0.09,0.46,1.04,1.49,1.75,1.74,1.65,1.28,0.72,0.35,0.03,0.0,0.0,0.0,0.0,0.0,0.0,0.0,0.0,0.0,0.0,0.0,0.0,0.0,0.1,0.56,1.16,1.64,1.92,2.01,1.84,1.3,0.87,0.33,0.02,0.0,0.0,0.0,0.0,0.0
673,0.0,0.0,0.0,0.0,0.0,0.0,0.0,0.0,0.17,0.75,1.44,1.95,2.25,2.31,2.1,1.71,1.03,0.44,0.04,0.0,0.0,0.0,0.0,0.0,0.0,0.0,0.0,0.0,0.0,0.0,0.0,0.0,0.13,0.63,1.19,1.31,1.42,0.97,0.6,1.32,0.63,0.13,0.02,0.0,0.0,0.0,0.0,0.0,0.0,0.0,0.0,0.0,0.0,0.0,0.0,0.0,0.11,0.56,1.21,1.56,1.85,1.57,1.67,1.65,0.96,0.38,0.03,0.0,0.0,0.0,0.0,0.0,0.0,0.0,0.0,0.0,0.0,0.0,0.0,0.0,0.13,0.5,1.15,1.58,1.77,1.36,1.47,1.05,0.55,0.24,0.02,0.0,0.0,0.0,0.0,0.0,0.0,0.0,0.0,0.0,0.0,0.0,0.0,0.0,0.09,0.46,1.04,1.49,1.75,1.74,1.65,1.28,0.72,0.35,0.03,0.0,0.0,0.0,0.0,0.0,0.0,0.0,0.0,0.0,0.0,0.0,0.0,0.0,0.1,0.56,1.16,1.64,1.92,2.01,1.84,1.3,0.87,0.33,0.02,0.0,0.0,0.0,0.0,0.0,0.0,0.0,0.0,0.0,0.0,0.0,0.0,0.0,0.03,0.15,0.5,1.36,1.83,1.96,0.8,0.11,0.12,0.07,0.0,0.0,0.0,0.0,0.0,0.0
674,0.0,0.0,0.0,0.0,0.0,0.0,0.0,0.0,0.13,0.63,1.19,1.31,1.42,0.97,0.6,1.32,0.63,0.13,0.02,0.0,0.0,0.0,0.0,0.0,0.0,0.0,0.0,0.0,0.0,0.0,0.0,0.0,0.11,0.56,1.21,1.56,1.85,1.57,1.67,1.65,0.96,0.38,0.03,0.0,0.0,0.0,0.0,0.0,0.0,0.0,0.0,0.0,0.0,0.0,0.0,0.0,0.13,0.5,1.15,1.58,1.77,1.36,1.47,1.05,0.55,0.24,0.02,0.0,0.0,0.0,0.0,0.0,0.0,0.0,0.0,0.0,0.0,0.0,0.0,0.0,0.09,0.46,1.04,1.49,1.75,1.74,1.65,1.28,0.72,0.35,0.03,0.0,0.0,0.0,0.0,0.0,0.0,0.0,0.0,0.0,0.0,0.0,0.0,0.0,0.1,0.56,1.16,1.64,1.92,2.01,1.84,1.3,0.87,0.33,0.02,0.0,0.0,0.0,0.0,0.0,0.0,0.0,0.0,0.0,0.0,0.0,0.0,0.0,0.03,0.15,0.5,1.36,1.83,1.96,0.8,0.11,0.12,0.07,0.0,0.0,0.0,0.0,0.0,0.0,0.0,0.0,0.0,0.0,0.0,0.0,0.0,0.0,0.01,0.17,0.31,0.58,0.43,0.5,0.61,0.55,0.35,0.1,0.0,0.0,0.0,0.0,0.0,0.0
675,0.0,0.0,0.0,0.0,0.0,0.0,0.0,0.0,0.11,0.56,1.21,1.56,1.85,1.57,1.67,1.65,0.96,0.38,0.03,0.0,0.0,0.0,0.0,0.0,0.0,0.0,0.0,0.0,0.0,0.0,0.0,0.0,0.13,0.5,1.15,1.58,1.77,1.36,1.47,1.05,0.55,0.24,0.02,0.0,0.0,0.0,0.0,0.0,0.0,0.0,0.0,0.0,0.0,0.0,0.0,0.0,0.09,0.46,1.04,1.49,1.75,1.74,1.65,1.28,0.72,0.35,0.03,0.0,0.0,0.0,0.0,0.0,0.0,0.0,0.0,0.0,0.0,0.0,0.0,0.0,0.1,0.56,1.16,1.64,1.92,2.01,1.84,1.3,0.87,0.33,0.02,0.0,0.0,0.0,0.0,0.0,0.0,0.0,0.0,0.0,0.0,0.0,0.0,0.0,0.03,0.15,0.5,1.36,1.83,1.96,0.8,0.11,0.12,0.07,0.0,0.0,0.0,0.0,0.0,0.0,0.0,0.0,0.0,0.0,0.0,0.0,0.0,0.0,0.01,0.17,0.31,0.58,0.43,0.5,0.61,0.55,0.35,0.1,0.0,0.0,0.0,0.0,0.0,0.0,0.0,0.0,0.0,0.0,0.0,0.0,0.0,0.0,0.05,0.2,0.57,0.74,0.56,1.64,1.55,1.45,1.08,0.39,0.02,0.0,0.0,0.0,0.0,0.0
676,0.0,0.0,0.0,0.0,0.0,0.0,0.0,0.0,0.13,0.5,1.15,1.58,1.77,1.36,1.47,1.05,0.55,0.24,0.02,0.0,0.0,0.0,0.0,0.0,0.0,0.0,0.0,0.0,0.0,0.0,0.0,0.0,0.09,0.46,1.04,1.49,1.75,1.74,1.65,1.28,0.72,0.35,0.03,0.0,0.0,0.0,0.0,0.0,0.0,0.0,0.0,0.0,0.0,0.0,0.0,0.0,0.1,0.56,1.16,1.64,1.92,2.01,1.84,1.3,0.87,0.33,0.02,0.0,0.0,0.0,0.0,0.0,0.0,0.0,0.0,0.0,0.0,0.0,0.0,0.0,0.03,0.15,0.5,1.36,1.83,1.96,0.8,0.11,0.12,0.07,0.0,0.0,0.0,0.0,0.0,0.0,0.0,0.0,0.0,0.0,0.0,0.0,0.0,0.0,0.01,0.17,0.31,0.58,0.43,0.5,0.61,0.55,0.35,0.1,0.0,0.0,0.0,0.0,0.0,0.0,0.0,0.0,0.0,0.0,0.0,0.0,0.0,0.0,0.05,0.2,0.57,0.74,0.56,1.64,1.55,1.45,1.08,0.39,0.02,0.0,0.0,0.0,0.0,0.0,0.0,0.0,0.0,0.0,0.0,0.0,0.0,0.0,0.07,0.47,0.55,1.51,1.47,0.92,0.65,0.57,0.41,0.3,0.04,0.0,0.0,0.0,0.0,0.0
677,0.0,0.0,0.0,0.0,0.0,0.0,0.0,0.0,0.09,0.46,1.04,1.49,1.75,1.74,1.65,1.28,0.72,0.35,0.03,0.0,0.0,0.0,0.0,0.0,0.0,0.0,0.0,0.0,0.0,0.0,0.0,0.0,0.1,0.56,1.16,1.64,1.92,2.01,1.84,1.3,0.87,0.33,0.02,0.0,0.0,0.0,0.0,0.0,0.0,0.0,0.0,0.0,0.0,0.0,0.0,0.0,0.03,0.15,0.5,1.36,1.83,1.96,0.8,0.11,0.12,0.07,0.0,0.0,0.0,0.0,0.0,0.0,0.0,0.0,0.0,0.0,0.0,0.0,0.0,0.0,0.01,0.17,0.31,0.58,0.43,0.5,0.61,0.55,0.35,0.1,0.0,0.0,0.0,0.0,0.0,0.0,0.0,0.0,0.0,0.0,0.0,0.0,0.0,0.0,0.05,0.2,0.57,0.74,0.56,1.64,1.55,1.45,1.08,0.39,0.02,0.0,0.0,0.0,0.0,0.0,0.0,0.0,0.0,0.0,0.0,0.0,0.0,0.0,0.07,0.47,0.55,1.51,1.47,0.92,0.65,0.57,0.41,0.3,0.04,0.0,0.0,0.0,0.0,0.0,0.0,0.0,0.0,0.0,0.0,0.0,0.0,0.0,0.07,0.48,1.18,1.42,1.95,2.07,1.97,1.6,1.02,0.34,0.01,0.0,0.0,0.0,0.0,0.0
678,0.0,0.0,0.0,0.0,0.0,0.0,0.0,0.0,0.1,0.56,1.16,1.64,1.92,2.01,1.84,1.3,0.87,0.33,0.02,0.0,0.0,0.0,0.0,0.0,0.0,0.0,0.0,0.0,0.0,0.0,0.0,0.0,0.03,0.15,0.5,1.36,1.83,1.96,0.8,0.11,0.12,0.07,0.0,0.0,0.0,0.0,0.0,0.0,0.0,0.0,0.0,0.0,0.0,0.0,0.0,0.0,0.01,0.17,0.31,0.58,0.43,0.5,0.61,0.55,0.35,0.1,0.0,0.0,0.0,0.0,0.0,0.0,0.0,0.0,0.0,0.0,0.0,0.0,0.0,0.0,0.05,0.2,0.57,0.74,0.56,1.64,1.55,1.45,1.08,0.39,0.02,0.0,0.0,0.0,0.0,0.0,0.0,0.0,0.0,0.0,0.0,0.0,0.0,0.0,0.07,0.47,0.55,1.51,1.47,0.92,0.65,0.57,0.41,0.3,0.04,0.0,0.0,0.0,0.0,0.0,0.0,0.0,0.0,0.0,0.0,0.0,0.0,0.0,0.07,0.48,1.18,1.42,1.95,2.07,1.97,1.6,1.02,0.34,0.01,0.0,0.0,0.0,0.0,0.0,0.0,0.0,0.0,0.0,0.0,0.0,0.0,0.0,0.08,0.49,0.93,1.63,1.89,1.97,1.82,1.45,0.84,0.34,0.02,0.0,0.0,0.0,0.0,0.0
679,0.0,0.0,0.0,0.0,0.0,0.0,0.0,0.0,0.03,0.15,0.5,1.36,1.83,1.96,0.8,0.11,0.12,0.07,0.0,0.0,0.0,0.0,0.0,0.0,0.0,0.0,0.0,0.0,0.0,0.0,0.0,0.0,0.01,0.17,0.31,0.58,0.43,0.5,0.61,0.55,0.35,0.1,0.0,0.0,0.0,0.0,0.0,0.0,0.0,0.0,0.0,0.0,0.0,0.0,0.0,0.0,0.05,0.2,0.57,0.74,0.56,1.64,1.55,1.45,1.08,0.39,0.02,0.0,0.0,0.0,0.0,0.0,0.0,0.0,0.0,0.0,0.0,0.0,0.0,0.0,0.07,0.47,0.55,1.51,1.47,0.92,0.65,0.57,0.41,0.3,0.04,0.0,0.0,0.0,0.0,0.0,0.0,0.0,0.0,0.0,0.0,0.0,0.0,0.0,0.07,0.48,1.18,1.42,1.95,2.07,1.97,1.6,1.02,0.34,0.01,0.0,0.0,0.0,0.0,0.0,0.0,0.0,0.0,0.0,0.0,0.0,0.0,0.0,0.08,0.49,0.93,1.63,1.89,1.97,1.82,1.45,0.84,0.34,0.02,0.0,0.0,0.0,0.0,0.0,0.0,0.0,0.0,0.0,0.0,0.0,0.0,0.0,0.08,0.55,1.21,1.7,1.95,1.99,1.85,1.49,0.93,0.32,0.01,0.0,0.0,0.0,0.0,0.0
680,0.0,0.0,0.0,0.0,0.0,0.0,0.0,0.0,0.01,0.17,0.31,0.58,0.43,0.5,0.61,0.55,0.35,0.1,0.0,0.0,0.0,0.0,0.0,0.0,0.0,0.0,0.0,0.0,0.0,0.0,0.0,0.0,0.05,0.2,0.57,0.74,0.56,1.64,1.55,1.45,1.08,0.39,0.02,0.0,0.0,0.0,0.0,0.0,0.0,0.0,0.0,0.0,0.0,0.0,0.0,0.0,0.07,0.47,0.55,1.51,1.47,0.92,0.65,0.57,0.41,0.3,0.04,0.0,0.0,0.0,0.0,0.0,0.0,0.0,0.0,0.0,0.0,0.0,0.0,0.0,0.07,0.48,1.18,1.42,1.95,2.07,1.97,1.6,1.02,0.34,0.01,0.0,0.0,0.0,0.0,0.0,0.0,0.0,0.0,0.0,0.0,0.0,0.0,0.0,0.08,0.49,0.93,1.63,1.89,1.97,1.82,1.45,0.84,0.34,0.02,0.0,0.0,0.0,0.0,0.0,0.0,0.0,0.0,0.0,0.0,0.0,0.0,0.0,0.08,0.55,1.21,1.7,1.95,1.99,1.85,1.49,0.93,0.32,0.01,0.0,0.0,0.0,0.0,0.0,0.0,0.0,0.0,0.0,0.0,0.0,0.0,0.0,0.07,0.58,1.19,1.44,1.47,2.02,1.86,1.51,0.99,0.36,0.01,0.0,0.0,0.0,0.0,0.0
681,0.0,0.0,0.0,0.0,0.0,0.0,0.0,0.0,0.05,0.2,0.57,0.74,0.56,1.64,1.55,1.45,1.08,0.39,0.02,0.0,0.0,0.0,0.0,0.0,0.0,0.0,0.0,0.0,0.0,0.0,0.0,0.0,0.07,0.47,0.55,1.51,1.47,0.92,0.65,0.57,0.41,0.3,0.04,0.0,0.0,0.0,0.0,0.0,0.0,0.0,0.0,0.0,0.0,0.0,0.0,0.0,0.07,0.48,1.18,1.42,1.95,2.07,1.97,1.6,1.02,0.34,0.01,0.0,0.0,0.0,0.0,0.0,0.0,0.0,0.0,0.0,0.0,0.0,0.0,0.0,0.08,0.49,0.93,1.63,1.89,1.97,1.82,1.45,0.84,0.34,0.02,0.0,0.0,0.0,0.0,0.0,0.0,0.0,0.0,0.0,0.0,0.0,0.0,0.0,0.08,0.55,1.21,1.7,1.95,1.99,1.85,1.49,0.93,0.32,0.01,0.0,0.0,0.0,0.0,0.0,0.0,0.0,0.0,0.0,0.0,0.0,0.0,0.0,0.07,0.58,1.19,1.44,1.47,2.02,1.86,1.51,0.99,0.36,0.01,0.0,0.0,0.0,0.0,0.0,0.0,0.0,0.0,0.0,0.0,0.0,0.0,0.0,0.06,0.53,1.16,1.65,1.97,1.99,1.7,1.46,0.93,0.38,0.02,0.0,0.0,0.0,0.0,0.0
682,0.0,0.0,0.0,0.0,0.0,0.0,0.0,0.0,0.07,0.47,0.55,1.51,1.47,0.92,0.65,0.57,0.41,0.3,0.04,0.0,0.0,0.0,0.0,0.0,0.0,0.0,0.0,0.0,0.0,0.0,0.0,0.0,0.07,0.48,1.18,1.42,1.95,2.07,1.97,1.6,1.02,0.34,0.01,0.0,0.0,0.0,0.0,0.0,0.0,0.0,0.0,0.0,0.0,0.0,0.0,0.0,0.08,0.49,0.93,1.63,1.89,1.97,1.82,1.45,0.84,0.34,0.02,0.0,0.0,0.0,0.0,0.0,0.0,0.0,0.0,0.0,0.0,0.0,0.0,0.0,0.08,0.55,1.21,1.7,1.95,1.99,1.85,1.49,0.93,0.32,0.01,0.0,0.0,0.0,0.0,0.0,0.0,0.0,0.0,0.0,0.0,0.0,0.0,0.0,0.07,0.58,1.19,1.44,1.47,2.02,1.86,1.51,0.99,0.36,0.01,0.0,0.0,0.0,0.0,0.0,0.0,0.0,0.0,0.0,0.0,0.0,0.0,0.0,0.06,0.53,1.16,1.65,1.97,1.99,1.7,1.46,0.93,0.38,0.02,0.0,0.0,0.0,0.0,0.0,0.0,0.0,0.0,0.0,0.0,0.0,0.0,0.0,0.05,0.47,1.07,1.33,1.24,0.99,0.29,0.36,0.43,0.12,0.01,0.0,0.0,0.0,0.0,0.0
683,0.0,0.0,0.0,0.0,0.0,0.0,0.0,0.0,0.07,0.48,1.18,1.42,1.95,2.07,1.97,1.6,1.02,0.34,0.01,0.0,0.0,0.0,0.0,0.0,0.0,0.0,0.0,0.0,0.0,0.0,0.0,0.0,0.08,0.49,0.93,1.63,1.89,1.97,1.82,1.45,0.84,0.34,0.02,0.0,0.0,0.0,0.0,0.0,0.0,0.0,0.0,0.0,0.0,0.0,0.0,0.0,0.08,0.55,1.21,1.7,1.95,1.99,1.85,1.49,0.93,0.32,0.01,0.0,0.0,0.0,0.0,0.0,0.0,0.0,0.0,0.0,0.0,0.0,0.0,0.0,0.07,0.58,1.19,1.44,1.47,2.02,1.86,1.51,0.99,0.36,0.01,0.0,0.0,0.0,0.0,0.0,0.0,0.0,0.0,0.0,0.0,0.0,0.0,0.0,0.06,0.53,1.16,1.65,1.97,1.99,1.7,1.46,0.93,0.38,0.02,0.0,0.0,0.0,0.0,0.0,0.0,0.0,0.0,0.0,0.0,0.0,0.0,0.0,0.05,0.47,1.07,1.33,1.24,0.99,0.29,0.36,0.43,0.12,0.01,0.0,0.0,0.0,0.0,0.0,0.0,0.0,0.0,0.0,0.0,0.0,0.0,0.0,0.04,0.26,0.77,1.36,1.05,0.54,0.59,0.51,0.32,0.11,0.0,0.0,0.0,0.0,0.0,0.0
684,0.0,0.0,0.0,0.0,0.0,0.0,0.0,0.0,0.08,0.49,0.93,1.63,1.89,1.97,1.82,1.45,0.84,0.34,0.02,0.0,0.0,0.0,0.0,0.0,0.0,0.0,0.0,0.0,0.0,0.0,0.0,0.0,0.08,0.55,1.21,1.7,1.95,1.99,1.85,1.49,0.93,0.32,0.01,0.0,0.0,0.0,0.0,0.0,0.0,0.0,0.0,0.0,0.0,0.0,0.0,0.0,0.07,0.58,1.19,1.44,1.47,2.02,1.86,1.51,0.99,0.36,0.01,0.0,0.0,0.0,0.0,0.0,0.0,0.0,0.0,0.0,0.0,0.0,0.0,0.0,0.06,0.53,1.16,1.65,1.97,1.99,1.7,1.46,0.93,0.38,0.02,0.0,0.0,0.0,0.0,0.0,0.0,0.0,0.0,0.0,0.0,0.0,0.0,0.0,0.05,0.47,1.07,1.33,1.24,0.99,0.29,0.36,0.43,0.12,0.01,0.0,0.0,0.0,0.0,0.0,0.0,0.0,0.0,0.0,0.0,0.0,0.0,0.0,0.04,0.26,0.77,1.36,1.05,0.54,0.59,0.51,0.32,0.11,0.0,0.0,0.0,0.0,0.0,0.0,0.0,0.0,0.0,0.0,0.0,0.0,0.0,0.0,0.04,0.35,0.89,1.55,1.95,2.02,1.89,1.56,0.97,0.37,0.01,0.0,0.0,0.0,0.0,0.0
685,0.0,0.0,0.0,0.0,0.0,0.0,0.0,0.0,0.08,0.55,1.21,1.7,1.95,1.99,1.85,1.49,0.93,0.32,0.01,0.0,0.0,0.0,0.0,0.0,0.0,0.0,0.0,0.0,0.0,0.0,0.0,0.0,0.07,0.58,1.19,1.44,1.47,2.02,1.86,1.51,0.99,0.36,0.01,0.0,0.0,0.0,0.0,0.0,0.0,0.0,0.0,0.0,0.0,0.0,0.0,0.0,0.06,0.53,1.16,1.65,1.97,1.99,1.7,1.46,0.93,0.38,0.02,0.0,0.0,0.0,0.0,0.0,0.0,0.0,0.0,0.0,0.0,0.0,0.0,0.0,0.05,0.47,1.07,1.33,1.24,0.99,0.29,0.36,0.43,0.12,0.01,0.0,0.0,0.0,0.0,0.0,0.0,0.0,0.0,0.0,0.0,0.0,0.0,0.0,0.04,0.26,0.77,1.36,1.05,0.54,0.59,0.51,0.32,0.11,0.0,0.0,0.0,0.0,0.0,0.0,0.0,0.0,0.0,0.0,0.0,0.0,0.0,0.0,0.04,0.35,0.89,1.55,1.95,2.02,1.89,1.56,0.97,0.37,0.01,0.0,0.0,0.0,0.0,0.0,0.0,0.0,0.0,0.0,0.0,0.0,0.0,0.0,0.02,0.27,0.53,1.26,1.6,1.58,1.69,1.35,0.75,0.26,0.01,0.0,0.0,0.0,0.0,0.0
686,0.0,0.0,0.0,0.0,0.0,0.0,0.0,0.0,0.07,0.58,1.19,1.44,1.47,2.02,1.86,1.51,0.99,0.36,0.01,0.0,0.0,0.0,0.0,0.0,0.0,0.0,0.0,0.0,0.0,0.0,0.0,0.0,0.06,0.53,1.16,1.65,1.97,1.99,1.7,1.46,0.93,0.38,0.02,0.0,0.0,0.0,0.0,0.0,0.0,0.0,0.0,0.0,0.0,0.0,0.0,0.0,0.05,0.47,1.07,1.33,1.24,0.99,0.29,0.36,0.43,0.12,0.01,0.0,0.0,0.0,0.0,0.0,0.0,0.0,0.0,0.0,0.0,0.0,0.0,0.0,0.04,0.26,0.77,1.36,1.05,0.54,0.59,0.51,0.32,0.11,0.0,0.0,0.0,0.0,0.0,0.0,0.0,0.0,0.0,0.0,0.0,0.0,0.0,0.0,0.04,0.35,0.89,1.55,1.95,2.02,1.89,1.56,0.97,0.37,0.01,0.0,0.0,0.0,0.0,0.0,0.0,0.0,0.0,0.0,0.0,0.0,0.0,0.0,0.02,0.27,0.53,1.26,1.6,1.58,1.69,1.35,0.75,0.26,0.01,0.0,0.0,0.0,0.0,0.0,0.0,0.0,0.0,0.0,0.0,0.0,0.0,0.0,0.03,0.35,0.71,1.49,1.76,1.77,1.82,1.47,0.91,0.34,0.01,0.0,0.0,0.0,0.0,0.0
687,0.0,0.0,0.0,0.0,0.0,0.0,0.0,0.0,0.06,0.53,1.16,1.65,1.97,1.99,1.7,1.46,0.93,0.38,0.02,0.0,0.0,0.0,0.0,0.0,0.0,0.0,0.0,0.0,0.0,0.0,0.0,0.0,0.05,0.47,1.07,1.33,1.24,0.99,0.29,0.36,0.43,0.12,0.01,0.0,0.0,0.0,0.0,0.0,0.0,0.0,0.0,0.0,0.0,0.0,0.0,0.0,0.04,0.26,0.77,1.36,1.05,0.54,0.59,0.51,0.32,0.11,0.0,0.0,0.0,0.0,0.0,0.0,0.0,0.0,0.0,0.0,0.0,0.0,0.0,0.0,0.04,0.35,0.89,1.55,1.95,2.02,1.89,1.56,0.97,0.37,0.01,0.0,0.0,0.0,0.0,0.0,0.0,0.0,0.0,0.0,0.0,0.0,0.0,0.0,0.02,0.27,0.53,1.26,1.6,1.58,1.69,1.35,0.75,0.26,0.01,0.0,0.0,0.0,0.0,0.0,0.0,0.0,0.0,0.0,0.0,0.0,0.0,0.0,0.03,0.35,0.71,1.49,1.76,1.77,1.82,1.47,0.91,0.34,0.01,0.0,0.0,0.0,0.0,0.0,0.0,0.0,0.0,0.0,0.0,0.0,0.0,0.0,0.04,0.43,0.95,1.54,1.88,2.02,1.92,1.56,1.0,0.4,0.01,0.0,0.0,0.0,0.0,0.0
688,0.0,0.0,0.0,0.0,0.0,0.0,0.0,0.0,0.05,0.47,1.07,1.33,1.24,0.99,0.29,0.36,0.43,0.12,0.01,0.0,0.0,0.0,0.0,0.0,0.0,0.0,0.0,0.0,0.0,0.0,0.0,0.0,0.04,0.26,0.77,1.36,1.05,0.54,0.59,0.51,0.32,0.11,0.0,0.0,0.0,0.0,0.0,0.0,0.0,0.0,0.0,0.0,0.0,0.0,0.0,0.0,0.04,0.35,0.89,1.55,1.95,2.02,1.89,1.56,0.97,0.37,0.01,0.0,0.0,0.0,0.0,0.0,0.0,0.0,0.0,0.0,0.0,0.0,0.0,0.0,0.02,0.27,0.53,1.26,1.6,1.58,1.69,1.35,0.75,0.26,0.01,0.0,0.0,0.0,0.0,0.0,0.0,0.0,0.0,0.0,0.0,0.0,0.0,0.0,0.03,0.35,0.71,1.49,1.76,1.77,1.82,1.47,0.91,0.34,0.01,0.0,0.0,0.0,0.0,0.0,0.0,0.0,0.0,0.0,0.0,0.0,0.0,0.0,0.04,0.43,0.95,1.54,1.88,2.02,1.92,1.56,1.0,0.4,0.01,0.0,0.0,0.0,0.0,0.0,0.0,0.0,0.0,0.0,0.0,0.0,0.0,0.0,0.05,0.42,1.08,1.63,1.94,2.02,1.08,0.75,0.82,0.35,0.01,0.0,0.0,0.0,0.0,0.0
689,0.0,0.0,0.0,0.0,0.0,0.0,0.0,0.0,0.04,0.26,0.77,1.36,1.05,0.54,0.59,0.51,0.32,0.11,0.0,0.0,0.0,0.0,0.0,0.0,0.0,0.0,0.0,0.0,0.0,0.0,0.0,0.0,0.04,0.35,0.89,1.55,1.95,2.02,1.89,1.56,0.97,0.37,0.01,0.0,0.0,0.0,0.0,0.0,0.0,0.0,0.0,0.0,0.0,0.0,0.0,0.0,0.02,0.27,0.53,1.26,1.6,1.58,1.69,1.35,0.75,0.26,0.01,0.0,0.0,0.0,0.0,0.0,0.0,0.0,0.0,0.0,0.0,0.0,0.0,0.0,0.03,0.35,0.71,1.49,1.76,1.77,1.82,1.47,0.91,0.34,0.01,0.0,0.0,0.0,0.0,0.0,0.0,0.0,0.0,0.0,0.0,0.0,0.0,0.0,0.04,0.43,0.95,1.54,1.88,2.02,1.92,1.56,1.0,0.4,0.01,0.0,0.0,0.0,0.0,0.0,0.0,0.0,0.0,0.0,0.0,0.0,0.0,0.0,0.05,0.42,1.08,1.63,1.94,2.02,1.08,0.75,0.82,0.35,0.01,0.0,0.0,0.0,0.0,0.0,0.0,0.0,0.0,0.0,0.0,0.0,0.0,0.0,0.01,0.2,0.5,0.74,1.27,0.54,0.26,0.19,0.14,0.02,0.0,0.0,0.0,0.0,0.0,0.0
690,0.0,0.0,0.0,0.0,0.0,0.0,0.0,0.0,0.04,0.35,0.89,1.55,1.95,2.02,1.89,1.56,0.97,0.37,0.01,0.0,0.0,0.0,0.0,0.0,0.0,0.0,0.0,0.0,0.0,0.0,0.0,0.0,0.02,0.27,0.53,1.26,1.6,1.58,1.69,1.35,0.75,0.26,0.01,0.0,0.0,0.0,0.0,0.0,0.0,0.0,0.0,0.0,0.0,0.0,0.0,0.0,0.03,0.35,0.71,1.49,1.76,1.77,1.82,1.47,0.91,0.34,0.01,0.0,0.0,0.0,0.0,0.0,0.0,0.0,0.0,0.0,0.0,0.0,0.0,0.0,0.04,0.43,0.95,1.54,1.88,2.02,1.92,1.56,1.0,0.4,0.01,0.0,0.0,0.0,0.0,0.0,0.0,0.0,0.0,0.0,0.0,0.0,0.0,0.0,0.05,0.42,1.08,1.63,1.94,2.02,1.08,0.75,0.82,0.35,0.01,0.0,0.0,0.0,0.0,0.0,0.0,0.0,0.0,0.0,0.0,0.0,0.0,0.0,0.01,0.2,0.5,0.74,1.27,0.54,0.26,0.19,0.14,0.02,0.0,0.0,0.0,0.0,0.0,0.0,0.0,0.0,0.0,0.0,0.0,0.0,0.0,0.0,0.01,0.17,0.23,0.45,0.62,0.81,1.41,0.98,0.46,0.2,0.0,0.0,0.0,0.0,0.0,0.0
691,0.0,0.0,0.0,0.0,0.0,0.0,0.0,0.0,0.02,0.27,0.53,1.26,1.6,1.58,1.69,1.35,0.75,0.26,0.01,0.0,0.0,0.0,0.0,0.0,0.0,0.0,0.0,0.0,0.0,0.0,0.0,0.0,0.03,0.35,0.71,1.49,1.76,1.77,1.82,1.47,0.91,0.34,0.01,0.0,0.0,0.0,0.0,0.0,0.0,0.0,0.0,0.0,0.0,0.0,0.0,0.0,0.04,0.43,0.95,1.54,1.88,2.02,1.92,1.56,1.0,0.4,0.01,0.0,0.0,0.0,0.0,0.0,0.0,0.0,0.0,0.0,0.0,0.0,0.0,0.0,0.05,0.42,1.08,1.63,1.94,2.02,1.08,0.75,0.82,0.35,0.01,0.0,0.0,0.0,0.0,0.0,0.0,0.0,0.0,0.0,0.0,0.0,0.0,0.0,0.01,0.2,0.5,0.74,1.27,0.54,0.26,0.19,0.14,0.02,0.0,0.0,0.0,0.0,0.0,0.0,0.0,0.0,0.0,0.0,0.0,0.0,0.0,0.0,0.01,0.17,0.23,0.45,0.62,0.81,1.41,0.98,0.46,0.2,0.0,0.0,0.0,0.0,0.0,0.0,0.0,0.0,0.0,0.0,0.0,0.0,0.0,0.0,0.04,0.47,1.15,1.66,1.76,2.12,1.97,1.59,1.0,0.4,0.01,0.0,0.0,0.0,0.0,0.0
692,0.0,0.0,0.0,0.0,0.0,0.0,0.0,0.0,0.03,0.35,0.71,1.49,1.76,1.77,1.82,1.47,0.91,0.34,0.01,0.0,0.0,0.0,0.0,0.0,0.0,0.0,0.0,0.0,0.0,0.0,0.0,0.0,0.04,0.43,0.95,1.54,1.88,2.02,1.92,1.56,1.0,0.4,0.01,0.0,0.0,0.0,0.0,0.0,0.0,0.0,0.0,0.0,0.0,0.0,0.0,0.0,0.05,0.42,1.08,1.63,1.94,2.02,1.08,0.75,0.82,0.35,0.01,0.0,0.0,0.0,0.0,0.0,0.0,0.0,0.0,0.0,0.0,0.0,0.0,0.0,0.01,0.2,0.5,0.74,1.27,0.54,0.26,0.19,0.14,0.02,0.0,0.0,0.0,0.0,0.0,0.0,0.0,0.0,0.0,0.0,0.0,0.0,0.0,0.0,0.01,0.17,0.23,0.45,0.62,0.81,1.41,0.98,0.46,0.2,0.0,0.0,0.0,0.0,0.0,0.0,0.0,0.0,0.0,0.0,0.0,0.0,0.0,0.0,0.04,0.47,1.15,1.66,1.76,2.12,1.97,1.59,1.0,0.4,0.01,0.0,0.0,0.0,0.0,0.0,0.0,0.0,0.0,0.0,0.0,0.0,0.0,0.0,0.02,0.48,1.17,1.07,1.61,1.82,1.47,1.35,0.89,0.34,0.01,0.0,0.0,0.0,0.0,0.0
693,0.0,0.0,0.0,0.0,0.0,0.0,0.0,0.0,0.04,0.43,0.95,1.54,1.88,2.02,1.92,1.56,1.0,0.4,0.01,0.0,0.0,0.0,0.0,0.0,0.0,0.0,0.0,0.0,0.0,0.0,0.0,0.0,0.05,0.42,1.08,1.63,1.94,2.02,1.08,0.75,0.82,0.35,0.01,0.0,0.0,0.0,0.0,0.0,0.0,0.0,0.0,0.0,0.0,0.0,0.0,0.0,0.01,0.2,0.5,0.74,1.27,0.54,0.26,0.19,0.14,0.02,0.0,0.0,0.0,0.0,0.0,0.0,0.0,0.0,0.0,0.0,0.0,0.0,0.0,0.0,0.01,0.17,0.23,0.45,0.62,0.81,1.41,0.98,0.46,0.2,0.0,0.0,0.0,0.0,0.0,0.0,0.0,0.0,0.0,0.0,0.0,0.0,0.0,0.0,0.04,0.47,1.15,1.66,1.76,2.12,1.97,1.59,1.0,0.4,0.01,0.0,0.0,0.0,0.0,0.0,0.0,0.0,0.0,0.0,0.0,0.0,0.0,0.0,0.02,0.48,1.17,1.07,1.61,1.82,1.47,1.35,0.89,0.34,0.01,0.0,0.0,0.0,0.0,0.0,0.0,0.0,0.0,0.0,0.0,0.0,0.0,0.0,0.04,0.46,1.08,1.56,1.92,2.01,1.9,1.54,0.99,0.37,0.0,0.0,0.0,0.0,0.0,0.0
694,0.0,0.0,0.0,0.0,0.0,0.0,0.0,0.0,0.05,0.42,1.08,1.63,1.94,2.02,1.08,0.75,0.82,0.35,0.01,0.0,0.0,0.0,0.0,0.0,0.0,0.0,0.0,0.0,0.0,0.0,0.0,0.0,0.01,0.2,0.5,0.74,1.27,0.54,0.26,0.19,0.14,0.02,0.0,0.0,0.0,0.0,0.0,0.0,0.0,0.0,0.0,0.0,0.0,0.0,0.0,0.0,0.01,0.17,0.23,0.45,0.62,0.81,1.41,0.98,0.46,0.2,0.0,0.0,0.0,0.0,0.0,0.0,0.0,0.0,0.0,0.0,0.0,0.0,0.0,0.0,0.04,0.47,1.15,1.66,1.76,2.12,1.97,1.59,1.0,0.4,0.01,0.0,0.0,0.0,0.0,0.0,0.0,0.0,0.0,0.0,0.0,0.0,0.0,0.0,0.02,0.48,1.17,1.07,1.61,1.82,1.47,1.35,0.89,0.34,0.01,0.0,0.0,0.0,0.0,0.0,0.0,0.0,0.0,0.0,0.0,0.0,0.0,0.0,0.04,0.46,1.08,1.56,1.92,2.01,1.9,1.54,0.99,0.37,0.0,0.0,0.0,0.0,0.0,0.0,0.0,0.0,0.0,0.0,0.0,0.0,0.0,0.0,0.01,0.1,0.17,0.72,0.99,1.8,0.93,0.82,0.53,0.2,0.01,0.0,0.0,0.0,0.0,0.0
695,0.0,0.0,0.0,0.0,0.0,0.0,0.0,0.0,0.01,0.2,0.5,0.74,1.27,0.54,0.26,0.19,0.14,0.02,0.0,0.0,0.0,0.0,0.0,0.0,0.0,0.0,0.0,0.0,0.0,0.0,0.0,0.0,0.01,0.17,0.23,0.45,0.62,0.81,1.41,0.98,0.46,0.2,0.0,0.0,0.0,0.0,0.0,0.0,0.0,0.0,0.0,0.0,0.0,0.0,0.0,0.0,0.04,0.47,1.15,1.66,1.76,2.12,1.97,1.59,1.0,0.4,0.01,0.0,0.0,0.0,0.0,0.0,0.0,0.0,0.0,0.0,0.0,0.0,0.0,0.0,0.02,0.48,1.17,1.07,1.61,1.82,1.47,1.35,0.89,0.34,0.01,0.0,0.0,0.0,0.0,0.0,0.0,0.0,0.0,0.0,0.0,0.0,0.0,0.0,0.04,0.46,1.08,1.56,1.92,2.01,1.9,1.54,0.99,0.37,0.0,0.0,0.0,0.0,0.0,0.0,0.0,0.0,0.0,0.0,0.0,0.0,0.0,0.0,0.01,0.1,0.17,0.72,0.99,1.8,0.93,0.82,0.53,0.2,0.01,0.0,0.0,0.0,0.0,0.0,0.0,0.0,0.0,0.0,0.0,0.0,0.0,0.0,0.01,0.24,0.75,0.8,0.84,1.21,0.95,0.64,0.48,0.2,0.01,0.0,0.0,0.0,0.0,0.0
696,0.0,0.0,0.0,0.0,0.0,0.0,0.0,0.0,0.01,0.17,0.23,0.45,0.62,0.81,1.41,0.98,0.46,0.2,0.0,0.0,0.0,0.0,0.0,0.0,0.0,0.0,0.0,0.0,0.0,0.0,0.0,0.0,0.04,0.47,1.15,1.66,1.76,2.12,1.97,1.59,1.0,0.4,0.01,0.0,0.0,0.0,0.0,0.0,0.0,0.0,0.0,0.0,0.0,0.0,0.0,0.0,0.02,0.48,1.17,1.07,1.61,1.82,1.47,1.35,0.89,0.34,0.01,0.0,0.0,0.0,0.0,0.0,0.0,0.0,0.0,0.0,0.0,0.0,0.0,0.0,0.04,0.46,1.08,1.56,1.92,2.01,1.9,1.54,0.99,0.37,0.0,0.0,0.0,0.0,0.0,0.0,0.0,0.0,0.0,0.0,0.0,0.0,0.0,0.0,0.01,0.1,0.17,0.72,0.99,1.8,0.93,0.82,0.53,0.2,0.01,0.0,0.0,0.0,0.0,0.0,0.0,0.0,0.0,0.0,0.0,0.0,0.0,0.0,0.01,0.24,0.75,0.8,0.84,1.21,0.95,0.64,0.48,0.2,0.01,0.0,0.0,0.0,0.0,0.0,0.0,0.0,0.0,0.0,0.0,0.0,0.0,0.0,0.01,0.3,1.02,1.65,1.8,2.07,1.95,1.58,0.98,0.38,0.0,0.0,0.0,0.0,0.0,0.0
697,0.0,0.0,0.0,0.0,0.0,0.0,0.0,0.0,0.04,0.47,1.15,1.66,1.76,2.12,1.97,1.59,1.0,0.4,0.01,0.0,0.0,0.0,0.0,0.0,0.0,0.0,0.0,0.0,0.0,0.0,0.0,0.0,0.02,0.48,1.17,1.07,1.61,1.82,1.47,1.35,0.89,0.34,0.01,0.0,0.0,0.0,0.0,0.0,0.0,0.0,0.0,0.0,0.0,0.0,0.0,0.0,0.04,0.46,1.08,1.56,1.92,2.01,1.9,1.54,0.99,0.37,0.0,0.0,0.0,0.0,0.0,0.0,0.0,0.0,0.0,0.0,0.0,0.0,0.0,0.0,0.01,0.1,0.17,0.72,0.99,1.8,0.93,0.82,0.53,0.2,0.01,0.0,0.0,0.0,0.0,0.0,0.0,0.0,0.0,0.0,0.0,0.0,0.0,0.0,0.01,0.24,0.75,0.8,0.84,1.21,0.95,0.64,0.48,0.2,0.01,0.0,0.0,0.0,0.0,0.0,0.0,0.0,0.0,0.0,0.0,0.0,0.0,0.0,0.01,0.3,1.02,1.65,1.8,2.07,1.95,1.58,0.98,0.38,0.0,0.0,0.0,0.0,0.0,0.0,0.0,0.0,0.0,0.0,0.0,0.0,0.0,0.0,0.0,0.2,0.41,0.65,1.74,1.93,1.85,1.24,0.93,0.2,0.01,0.0,0.0,0.0,0.0,0.0
698,0.0,0.0,0.0,0.0,0.0,0.0,0.0,0.0,0.02,0.48,1.17,1.07,1.61,1.82,1.47,1.35,0.89,0.34,0.01,0.0,0.0,0.0,0.0,0.0,0.0,0.0,0.0,0.0,0.0,0.0,0.0,0.0,0.04,0.46,1.08,1.56,1.92,2.01,1.9,1.54,0.99,0.37,0.0,0.0,0.0,0.0,0.0,0.0,0.0,0.0,0.0,0.0,0.0,0.0,0.0,0.0,0.01,0.1,0.17,0.72,0.99,1.8,0.93,0.82,0.53,0.2,0.01,0.0,0.0,0.0,0.0,0.0,0.0,0.0,0.0,0.0,0.0,0.0,0.0,0.0,0.01,0.24,0.75,0.8,0.84,1.21,0.95,0.64,0.48,0.2,0.01,0.0,0.0,0.0,0.0,0.0,0.0,0.0,0.0,0.0,0.0,0.0,0.0,0.0,0.01,0.3,1.02,1.65,1.8,2.07,1.95,1.58,0.98,0.38,0.0,0.0,0.0,0.0,0.0,0.0,0.0,0.0,0.0,0.0,0.0,0.0,0.0,0.0,0.0,0.2,0.41,0.65,1.74,1.93,1.85,1.24,0.93,0.2,0.01,0.0,0.0,0.0,0.0,0.0,0.0,0.0,0.0,0.0,0.0,0.0,0.0,0.0,0.01,0.43,1.04,1.5,1.78,1.64,1.32,0.92,0.95,0.29,0.01,0.0,0.0,0.0,0.0,0.0
699,0.0,0.0,0.0,0.0,0.0,0.0,0.0,0.0,0.04,0.46,1.08,1.56,1.92,2.01,1.9,1.54,0.99,0.37,0.0,0.0,0.0,0.0,0.0,0.0,0.0,0.0,0.0,0.0,0.0,0.0,0.0,0.0,0.01,0.1,0.17,0.72,0.99,1.8,0.93,0.82,0.53,0.2,0.01,0.0,0.0,0.0,0.0,0.0,0.0,0.0,0.0,0.0,0.0,0.0,0.0,0.0,0.01,0.24,0.75,0.8,0.84,1.21,0.95,0.64,0.48,0.2,0.01,0.0,0.0,0.0,0.0,0.0,0.0,0.0,0.0,0.0,0.0,0.0,0.0,0.0,0.01,0.3,1.02,1.65,1.8,2.07,1.95,1.58,0.98,0.38,0.0,0.0,0.0,0.0,0.0,0.0,0.0,0.0,0.0,0.0,0.0,0.0,0.0,0.0,0.0,0.2,0.41,0.65,1.74,1.93,1.85,1.24,0.93,0.2,0.01,0.0,0.0,0.0,0.0,0.0,0.0,0.0,0.0,0.0,0.0,0.0,0.0,0.0,0.01,0.43,1.04,1.5,1.78,1.64,1.32,0.92,0.95,0.29,0.01,0.0,0.0,0.0,0.0,0.0,0.0,0.0,0.0,0.0,0.0,0.0,0.0,0.0,0.02,0.42,0.96,1.48,1.76,1.68,1.5,0.97,0.85,0.32,0.01,0.0,0.0,0.0,0.0,0.0
700,0.0,0.0,0.0,0.0,0.0,0.0,0.0,0.0,0.01,0.1,0.17,0.72,0.99,1.8,0.93,0.82,0.53,0.2,0.01,0.0,0.0,0.0,0.0,0.0,0.0,0.0,0.0,0.0,0.0,0.0,0.0,0.0,0.01,0.24,0.75,0.8,0.84,1.21,0.95,0.64,0.48,0.2,0.01,0.0,0.0,0.0,0.0,0.0,0.0,0.0,0.0,0.0,0.0,0.0,0.0,0.0,0.01,0.3,1.02,1.65,1.8,2.07,1.95,1.58,0.98,0.38,0.0,0.0,0.0,0.0,0.0,0.0,0.0,0.0,0.0,0.0,0.0,0.0,0.0,0.0,0.0,0.2,0.41,0.65,1.74,1.93,1.85,1.24,0.93,0.2,0.01,0.0,0.0,0.0,0.0,0.0,0.0,0.0,0.0,0.0,0.0,0.0,0.0,0.0,0.01,0.43,1.04,1.5,1.78,1.64,1.32,0.92,0.95,0.29,0.01,0.0,0.0,0.0,0.0,0.0,0.0,0.0,0.0,0.0,0.0,0.0,0.0,0.0,0.02,0.42,0.96,1.48,1.76,1.68,1.5,0.97,0.85,0.32,0.01,0.0,0.0,0.0,0.0,0.0,0.0,0.0,0.0,0.0,0.0,0.0,0.0,0.0,0.0,0.16,0.35,0.55,0.96,1.57,1.41,1.21,0.74,0.27,0.0,0.0,0.0,0.0,0.0,0.0
701,0.0,0.0,0.0,0.0,0.0,0.0,0.0,0.0,0.01,0.24,0.75,0.8,0.84,1.21,0.95,0.64,0.48,0.2,0.01,0.0,0.0,0.0,0.0,0.0,0.0,0.0,0.0,0.0,0.0,0.0,0.0,0.0,0.01,0.3,1.02,1.65,1.8,2.07,1.95,1.58,0.98,0.38,0.0,0.0,0.0,0.0,0.0,0.0,0.0,0.0,0.0,0.0,0.0,0.0,0.0,0.0,0.0,0.2,0.41,0.65,1.74,1.93,1.85,1.24,0.93,0.2,0.01,0.0,0.0,0.0,0.0,0.0,0.0,0.0,0.0,0.0,0.0,0.0,0.0,0.0,0.01,0.43,1.04,1.5,1.78,1.64,1.32,0.92,0.95,0.29,0.01,0.0,0.0,0.0,0.0,0.0,0.0,0.0,0.0,0.0,0.0,0.0,0.0,0.0,0.02,0.42,0.96,1.48,1.76,1.68,1.5,0.97,0.85,0.32,0.01,0.0,0.0,0.0,0.0,0.0,0.0,0.0,0.0,0.0,0.0,0.0,0.0,0.0,0.0,0.16,0.35,0.55,0.96,1.57,1.41,1.21,0.74,0.27,0.0,0.0,0.0,0.0,0.0,0.0,0.0,0.0,0.0,0.0,0.0,0.0,0.0,0.0,0.02,0.26,0.53,0.89,1.74,1.49,0.72,0.4,0.42,0.24,0.0,0.0,0.0,0.0,0.0,0.0
702,0.0,0.0,0.0,0.0,0.0,0.0,0.0,0.0,0.01,0.3,1.02,1.65,1.8,2.07,1.95,1.58,0.98,0.38,0.0,0.0,0.0,0.0,0.0,0.0,0.0,0.0,0.0,0.0,0.0,0.0,0.0,0.0,0.0,0.2,0.41,0.65,1.74,1.93,1.85,1.24,0.93,0.2,0.01,0.0,0.0,0.0,0.0,0.0,0.0,0.0,0.0,0.0,0.0,0.0,0.0,0.0,0.01,0.43,1.04,1.5,1.78,1.64,1.32,0.92,0.95,0.29,0.01,0.0,0.0,0.0,0.0,0.0,0.0,0.0,0.0,0.0,0.0,0.0,0.0,0.0,0.02,0.42,0.96,1.48,1.76,1.68,1.5,0.97,0.85,0.32,0.01,0.0,0.0,0.0,0.0,0.0,0.0,0.0,0.0,0.0,0.0,0.0,0.0,0.0,0.0,0.16,0.35,0.55,0.96,1.57,1.41,1.21,0.74,0.27,0.0,0.0,0.0,0.0,0.0,0.0,0.0,0.0,0.0,0.0,0.0,0.0,0.0,0.0,0.02,0.26,0.53,0.89,1.74,1.49,0.72,0.4,0.42,0.24,0.0,0.0,0.0,0.0,0.0,0.0,0.0,0.0,0.0,0.0,0.0,0.0,0.0,0.0,0.01,0.35,0.87,1.46,1.82,1.94,1.83,1.5,0.94,0.38,0.01,0.0,0.0,0.0,0.0,0.0
703,0.0,0.0,0.0,0.0,0.0,0.0,0.0,0.0,0.0,0.2,0.41,0.65,1.74,1.93,1.85,1.24,0.93,0.2,0.01,0.0,0.0,0.0,0.0,0.0,0.0,0.0,0.0,0.0,0.0,0.0,0.0,0.0,0.01,0.43,1.04,1.5,1.78,1.64,1.32,0.92,0.95,0.29,0.01,0.0,0.0,0.0,0.0,0.0,0.0,0.0,0.0,0.0,0.0,0.0,0.0,0.0,0.02,0.42,0.96,1.48,1.76,1.68,1.5,0.97,0.85,0.32,0.01,0.0,0.0,0.0,0.0,0.0,0.0,0.0,0.0,0.0,0.0,0.0,0.0,0.0,0.0,0.16,0.35,0.55,0.96,1.57,1.41,1.21,0.74,0.27,0.0,0.0,0.0,0.0,0.0,0.0,0.0,0.0,0.0,0.0,0.0,0.0,0.0,0.0,0.02,0.26,0.53,0.89,1.74,1.49,0.72,0.4,0.42,0.24,0.0,0.0,0.0,0.0,0.0,0.0,0.0,0.0,0.0,0.0,0.0,0.0,0.0,0.0,0.01,0.35,0.87,1.46,1.82,1.94,1.83,1.5,0.94,0.38,0.01,0.0,0.0,0.0,0.0,0.0,0.0,0.0,0.0,0.0,0.0,0.0,0.0,0.0,0.0,0.28,0.85,0.81,0.68,0.71,1.11,0.49,0.11,0.01,0.0,0.0,0.0,0.0,0.0,0.0
704,0.0,0.0,0.0,0.0,0.0,0.0,0.0,0.0,0.01,0.43,1.04,1.5,1.78,1.64,1.32,0.92,0.95,0.29,0.01,0.0,0.0,0.0,0.0,0.0,0.0,0.0,0.0,0.0,0.0,0.0,0.0,0.0,0.02,0.42,0.96,1.48,1.76,1.68,1.5,0.97,0.85,0.32,0.01,0.0,0.0,0.0,0.0,0.0,0.0,0.0,0.0,0.0,0.0,0.0,0.0,0.0,0.0,0.16,0.35,0.55,0.96,1.57,1.41,1.21,0.74,0.27,0.0,0.0,0.0,0.0,0.0,0.0,0.0,0.0,0.0,0.0,0.0,0.0,0.0,0.0,0.02,0.26,0.53,0.89,1.74,1.49,0.72,0.4,0.42,0.24,0.0,0.0,0.0,0.0,0.0,0.0,0.0,0.0,0.0,0.0,0.0,0.0,0.0,0.0,0.01,0.35,0.87,1.46,1.82,1.94,1.83,1.5,0.94,0.38,0.01,0.0,0.0,0.0,0.0,0.0,0.0,0.0,0.0,0.0,0.0,0.0,0.0,0.0,0.0,0.28,0.85,0.81,0.68,0.71,1.11,0.49,0.11,0.01,0.0,0.0,0.0,0.0,0.0,0.0,0.0,0.0,0.0,0.0,0.0,0.0,0.0,0.0,0.01,0.21,0.53,0.85,1.18,0.96,0.48,0.26,0.31,0.06,0.0,0.0,0.0,0.0,0.0,0.0
705,0.0,0.0,0.0,0.0,0.0,0.0,0.0,0.0,0.02,0.42,0.96,1.48,1.76,1.68,1.5,0.97,0.85,0.32,0.01,0.0,0.0,0.0,0.0,0.0,0.0,0.0,0.0,0.0,0.0,0.0,0.0,0.0,0.0,0.16,0.35,0.55,0.96,1.57,1.41,1.21,0.74,0.27,0.0,0.0,0.0,0.0,0.0,0.0,0.0,0.0,0.0,0.0,0.0,0.0,0.0,0.0,0.02,0.26,0.53,0.89,1.74,1.49,0.72,0.4,0.42,0.24,0.0,0.0,0.0,0.0,0.0,0.0,0.0,0.0,0.0,0.0,0.0,0.0,0.0,0.0,0.01,0.35,0.87,1.46,1.82,1.94,1.83,1.5,0.94,0.38,0.01,0.0,0.0,0.0,0.0,0.0,0.0,0.0,0.0,0.0,0.0,0.0,0.0,0.0,0.0,0.28,0.85,0.81,0.68,0.71,1.11,0.49,0.11,0.01,0.0,0.0,0.0,0.0,0.0,0.0,0.0,0.0,0.0,0.0,0.0,0.0,0.0,0.0,0.01,0.21,0.53,0.85,1.18,0.96,0.48,0.26,0.31,0.06,0.0,0.0,0.0,0.0,0.0,0.0,0.0,0.0,0.0,0.0,0.0,0.0,0.0,0.0,0.01,0.38,0.95,1.54,1.86,1.95,1.85,1.52,0.96,0.38,0.01,0.0,0.0,0.0,0.0,0.0
706,0.0,0.0,0.0,0.0,0.0,0.0,0.0,0.0,0.0,0.16,0.35,0.55,0.96,1.57,1.41,1.21,0.74,0.27,0.0,0.0,0.0,0.0,0.0,0.0,0.0,0.0,0.0,0.0,0.0,0.0,0.0,0.0,0.02,0.26,0.53,0.89,1.74,1.49,0.72,0.4,0.42,0.24,0.0,0.0,0.0,0.0,0.0,0.0,0.0,0.0,0.0,0.0,0.0,0.0,0.0,0.0,0.01,0.35,0.87,1.46,1.82,1.94,1.83,1.5,0.94,0.38,0.01,0.0,0.0,0.0,0.0,0.0,0.0,0.0,0.0,0.0,0.0,0.0,0.0,0.0,0.0,0.28,0.85,0.81,0.68,0.71,1.11,0.49,0.11,0.01,0.0,0.0,0.0,0.0,0.0,0.0,0.0,0.0,0.0,0.0,0.0,0.0,0.0,0.0,0.01,0.21,0.53,0.85,1.18,0.96,0.48,0.26,0.31,0.06,0.0,0.0,0.0,0.0,0.0,0.0,0.0,0.0,0.0,0.0,0.0,0.0,0.0,0.0,0.01,0.38,0.95,1.54,1.86,1.95,1.85,1.52,0.96,0.38,0.01,0.0,0.0,0.0,0.0,0.0,0.0,0.0,0.0,0.0,0.0,0.0,0.0,0.0,0.0,0.07,0.3,0.5,0.55,0.29,0.19,0.1,0.1,0.07,0.0,0.0,0.0,0.0,0.0,0.0
707,0.0,0.0,0.0,0.0,0.0,0.0,0.0,0.0,0.02,0.26,0.53,0.89,1.74,1.49,0.72,0.4,0.42,0.24,0.0,0.0,0.0,0.0,0.0,0.0,0.0,0.0,0.0,0.0,0.0,0.0,0.0,0.0,0.01,0.35,0.87,1.46,1.82,1.94,1.83,1.5,0.94,0.38,0.01,0.0,0.0,0.0,0.0,0.0,0.0,0.0,0.0,0.0,0.0,0.0,0.0,0.0,0.0,0.28,0.85,0.81,0.68,0.71,1.11,0.49,0.11,0.01,0.0,0.0,0.0,0.0,0.0,0.0,0.0,0.0,0.0,0.0,0.0,0.0,0.0,0.0,0.01,0.21,0.53,0.85,1.18,0.96,0.48,0.26,0.31,0.06,0.0,0.0,0.0,0.0,0.0,0.0,0.0,0.0,0.0,0.0,0.0,0.0,0.0,0.0,0.01,0.38,0.95,1.54,1.86,1.95,1.85,1.52,0.96,0.38,0.01,0.0,0.0,0.0,0.0,0.0,0.0,0.0,0.0,0.0,0.0,0.0,0.0,0.0,0.0,0.07,0.3,0.5,0.55,0.29,0.19,0.1,0.1,0.07,0.0,0.0,0.0,0.0,0.0,0.0,0.0,0.0,0.0,0.0,0.0,0.0,0.0,0.0,0.0,0.37,0.8,1.44,1.66,1.89,1.79,1.35,0.83,0.3,0.01,0.0,0.0,0.0,0.0,0.0
708,0.0,0.0,0.0,0.0,0.0,0.0,0.0,0.0,0.01,0.35,0.87,1.46,1.82,1.94,1.83,1.5,0.94,0.38,0.01,0.0,0.0,0.0,0.0,0.0,0.0,0.0,0.0,0.0,0.0,0.0,0.0,0.0,0.0,0.28,0.85,0.81,0.68,0.71,1.11,0.49,0.11,0.01,0.0,0.0,0.0,0.0,0.0,0.0,0.0,0.0,0.0,0.0,0.0,0.0,0.0,0.0,0.01,0.21,0.53,0.85,1.18,0.96,0.48,0.26,0.31,0.06,0.0,0.0,0.0,0.0,0.0,0.0,0.0,0.0,0.0,0.0,0.0,0.0,0.0,0.0,0.01,0.38,0.95,1.54,1.86,1.95,1.85,1.52,0.96,0.38,0.01,0.0,0.0,0.0,0.0,0.0,0.0,0.0,0.0,0.0,0.0,0.0,0.0,0.0,0.0,0.07,0.3,0.5,0.55,0.29,0.19,0.1,0.1,0.07,0.0,0.0,0.0,0.0,0.0,0.0,0.0,0.0,0.0,0.0,0.0,0.0,0.0,0.0,0.0,0.37,0.8,1.44,1.66,1.89,1.79,1.35,0.83,0.3,0.01,0.0,0.0,0.0,0.0,0.0,0.0,0.0,0.0,0.0,0.0,0.0,0.0,0.0,0.0,0.15,0.76,1.37,1.81,1.87,1.77,1.43,0.94,0.35,0.01,0.0,0.0,0.0,0.0,0.0
709,0.0,0.0,0.0,0.0,0.0,0.0,0.0,0.0,0.0,0.28,0.85,0.81,0.68,0.71,1.11,0.49,0.11,0.01,0.0,0.0,0.0,0.0,0.0,0.0,0.0,0.0,0.0,0.0,0.0,0.0,0.0,0.0,0.01,0.21,0.53,0.85,1.18,0.96,0.48,0.26,0.31,0.06,0.0,0.0,0.0,0.0,0.0,0.0,0.0,0.0,0.0,0.0,0.0,0.0,0.0,0.0,0.01,0.38,0.95,1.54,1.86,1.95,1.85,1.52,0.96,0.38,0.01,0.0,0.0,0.0,0.0,0.0,0.0,0.0,0.0,0.0,0.0,0.0,0.0,0.0,0.0,0.07,0.3,0.5,0.55,0.29,0.19,0.1,0.1,0.07,0.0,0.0,0.0,0.0,0.0,0.0,0.0,0.0,0.0,0.0,0.0,0.0,0.0,0.0,0.0,0.37,0.8,1.44,1.66,1.89,1.79,1.35,0.83,0.3,0.01,0.0,0.0,0.0,0.0,0.0,0.0,0.0,0.0,0.0,0.0,0.0,0.0,0.0,0.0,0.15,0.76,1.37,1.81,1.87,1.77,1.43,0.94,0.35,0.01,0.0,0.0,0.0,0.0,0.0,0.0,0.0,0.0,0.0,0.0,0.0,0.0,0.0,0.01,0.34,0.92,1.5,1.86,1.98,1.87,1.54,0.99,0.4,0.01,0.0,0.0,0.0,0.0,0.0
710,0.0,0.0,0.0,0.0,0.0,0.0,0.0,0.0,0.01,0.21,0.53,0.85,1.18,0.96,0.48,0.26,0.31,0.06,0.0,0.0,0.0,0.0,0.0,0.0,0.0,0.0,0.0,0.0,0.0,0.0,0.0,0.0,0.01,0.38,0.95,1.54,1.86,1.95,1.85,1.52,0.96,0.38,0.01,0.0,0.0,0.0,0.0,0.0,0.0,0.0,0.0,0.0,0.0,0.0,0.0,0.0,0.0,0.07,0.3,0.5,0.55,0.29,0.19,0.1,0.1,0.07,0.0,0.0,0.0,0.0,0.0,0.0,0.0,0.0,0.0,0.0,0.0,0.0,0.0,0.0,0.0,0.37,0.8,1.44,1.66,1.89,1.79,1.35,0.83,0.3,0.01,0.0,0.0,0.0,0.0,0.0,0.0,0.0,0.0,0.0,0.0,0.0,0.0,0.0,0.0,0.15,0.76,1.37,1.81,1.87,1.77,1.43,0.94,0.35,0.01,0.0,0.0,0.0,0.0,0.0,0.0,0.0,0.0,0.0,0.0,0.0,0.0,0.0,0.01,0.34,0.92,1.5,1.86,1.98,1.87,1.54,0.99,0.4,0.01,0.0,0.0,0.0,0.0,0.0,0.0,0.0,0.0,0.0,0.0,0.0,0.0,0.0,0.01,0.32,0.63,1.23,1.32,1.85,1.75,1.29,0.41,0.12,0.0,0.0,0.0,0.0,0.0,0.0
711,0.0,0.0,0.0,0.0,0.0,0.0,0.0,0.0,0.01,0.38,0.95,1.54,1.86,1.95,1.85,1.52,0.96,0.38,0.01,0.0,0.0,0.0,0.0,0.0,0.0,0.0,0.0,0.0,0.0,0.0,0.0,0.0,0.0,0.07,0.3,0.5,0.55,0.29,0.19,0.1,0.1,0.07,0.0,0.0,0.0,0.0,0.0,0.0,0.0,0.0,0.0,0.0,0.0,0.0,0.0,0.0,0.0,0.37,0.8,1.44,1.66,1.89,1.79,1.35,0.83,0.3,0.01,0.0,0.0,0.0,0.0,0.0,0.0,0.0,0.0,0.0,0.0,0.0,0.0,0.0,0.0,0.15,0.76,1.37,1.81,1.87,1.77,1.43,0.94,0.35,0.01,0.0,0.0,0.0,0.0,0.0,0.0,0.0,0.0,0.0,0.0,0.0,0.0,0.0,0.01,0.34,0.92,1.5,1.86,1.98,1.87,1.54,0.99,0.4,0.01,0.0,0.0,0.0,0.0,0.0,0.0,0.0,0.0,0.0,0.0,0.0,0.0,0.0,0.01,0.32,0.63,1.23,1.32,1.85,1.75,1.29,0.41,0.12,0.0,0.0,0.0,0.0,0.0,0.0,0.0,0.0,0.0,0.0,0.0,0.0,0.0,0.0,0.01,0.35,0.88,1.43,1.79,1.87,1.74,1.31,0.49,0.23,0.0,0.0,0.0,0.0,0.0,0.0
712,0.0,0.0,0.0,0.0,0.0,0.0,0.0,0.0,0.0,0.07,0.3,0.5,0.55,0.29,0.19,0.1,0.1,0.07,0.0,0.0,0.0,0.0,0.0,0.0,0.0,0.0,0.0,0.0,0.0,0.0,0.0,0.0,0.0,0.37,0.8,1.44,1.66,1.89,1.79,1.35,0.83,0.3,0.01,0.0,0.0,0.0,0.0,0.0,0.0,0.0,0.0,0.0,0.0,0.0,0.0,0.0,0.0,0.15,0.76,1.37,1.81,1.87,1.77,1.43,0.94,0.35,0.01,0.0,0.0,0.0,0.0,0.0,0.0,0.0,0.0,0.0,0.0,0.0,0.0,0.0,0.01,0.34,0.92,1.5,1.86,1.98,1.87,1.54,0.99,0.4,0.01,0.0,0.0,0.0,0.0,0.0,0.0,0.0,0.0,0.0,0.0,0.0,0.0,0.0,0.01,0.32,0.63,1.23,1.32,1.85,1.75,1.29,0.41,0.12,0.0,0.0,0.0,0.0,0.0,0.0,0.0,0.0,0.0,0.0,0.0,0.0,0.0,0.0,0.01,0.35,0.88,1.43,1.79,1.87,1.74,1.31,0.49,0.23,0.0,0.0,0.0,0.0,0.0,0.0,0.0,0.0,0.0,0.0,0.0,0.0,0.0,0.0,0.0,0.03,0.1,0.4,0.35,0.17,0.39,0.52,0.32,0.19,0.01,0.0,0.0,0.0,0.0,0.0
713,0.0,0.0,0.0,0.0,0.0,0.0,0.0,0.0,0.0,0.37,0.8,1.44,1.66,1.89,1.79,1.35,0.83,0.3,0.01,0.0,0.0,0.0,0.0,0.0,0.0,0.0,0.0,0.0,0.0,0.0,0.0,0.0,0.0,0.15,0.76,1.37,1.81,1.87,1.77,1.43,0.94,0.35,0.01,0.0,0.0,0.0,0.0,0.0,0.0,0.0,0.0,0.0,0.0,0.0,0.0,0.0,0.01,0.34,0.92,1.5,1.86,1.98,1.87,1.54,0.99,0.4,0.01,0.0,0.0,0.0,0.0,0.0,0.0,0.0,0.0,0.0,0.0,0.0,0.0,0.0,0.01,0.32,0.63,1.23,1.32,1.85,1.75,1.29,0.41,0.12,0.0,0.0,0.0,0.0,0.0,0.0,0.0,0.0,0.0,0.0,0.0,0.0,0.0,0.0,0.01,0.35,0.88,1.43,1.79,1.87,1.74,1.31,0.49,0.23,0.0,0.0,0.0,0.0,0.0,0.0,0.0,0.0,0.0,0.0,0.0,0.0,0.0,0.0,0.0,0.03,0.1,0.4,0.35,0.17,0.39,0.52,0.32,0.19,0.01,0.0,0.0,0.0,0.0,0.0,0.0,0.0,0.0,0.0,0.0,0.0,0.0,0.0,0.0,0.3,0.85,0.87,1.73,2.07,1.48,1.33,1.03,0.38,0.01,0.0,0.0,0.0,0.0,0.0
714,0.0,0.0,0.0,0.0,0.0,0.0,0.0,0.0,0.0,0.15,0.76,1.37,1.81,1.87,1.77,1.43,0.94,0.35,0.01,0.0,0.0,0.0,0.0,0.0,0.0,0.0,0.0,0.0,0.0,0.0,0.0,0.0,0.01,0.34,0.92,1.5,1.86,1.98,1.87,1.54,0.99,0.4,0.01,0.0,0.0,0.0,0.0,0.0,0.0,0.0,0.0,0.0,0.0,0.0,0.0,0.0,0.01,0.32,0.63,1.23,1.32,1.85,1.75,1.29,0.41,0.12,0.0,0.0,0.0,0.0,0.0,0.0,0.0,0.0,0.0,0.0,0.0,0.0,0.0,0.0,0.01,0.35,0.88,1.43,1.79,1.87,1.74,1.31,0.49,0.23,0.0,0.0,0.0,0.0,0.0,0.0,0.0,0.0,0.0,0.0,0.0,0.0,0.0,0.0,0.0,0.03,0.1,0.4,0.35,0.17,0.39,0.52,0.32,0.19,0.01,0.0,0.0,0.0,0.0,0.0,0.0,0.0,0.0,0.0,0.0,0.0,0.0,0.0,0.0,0.3,0.85,0.87,1.73,2.07,1.48,1.33,1.03,0.38,0.01,0.0,0.0,0.0,0.0,0.0,0.0,0.0,0.0,0.0,0.0,0.0,0.0,0.0,0.0,0.3,0.82,1.42,1.69,1.94,1.99,1.41,0.85,0.32,0.02,0.0,0.0,0.0,0.0,0.0
715,0.0,0.0,0.0,0.0,0.0,0.0,0.0,0.0,0.01,0.34,0.92,1.5,1.86,1.98,1.87,1.54,0.99,0.4,0.01,0.0,0.0,0.0,0.0,0.0,0.0,0.0,0.0,0.0,0.0,0.0,0.0,0.0,0.01,0.32,0.63,1.23,1.32,1.85,1.75,1.29,0.41,0.12,0.0,0.0,0.0,0.0,0.0,0.0,0.0,0.0,0.0,0.0,0.0,0.0,0.0,0.0,0.01,0.35,0.88,1.43,1.79,1.87,1.74,1.31,0.49,0.23,0.0,0.0,0.0,0.0,0.0,0.0,0.0,0.0,0.0,0.0,0.0,0.0,0.0,0.0,0.0,0.03,0.1,0.4,0.35,0.17,0.39,0.52,0.32,0.19,0.01,0.0,0.0,0.0,0.0,0.0,0.0,0.0,0.0,0.0,0.0,0.0,0.0,0.0,0.0,0.3,0.85,0.87,1.73,2.07,1.48,1.33,1.03,0.38,0.01,0.0,0.0,0.0,0.0,0.0,0.0,0.0,0.0,0.0,0.0,0.0,0.0,0.0,0.0,0.3,0.82,1.42,1.69,1.94,1.99,1.41,0.85,0.32,0.02,0.0,0.0,0.0,0.0,0.0,0.0,0.0,0.0,0.0,0.0,0.0,0.0,0.0,0.0,0.36,0.68,1.45,1.79,1.92,1.82,1.51,0.96,0.41,0.02,0.0,0.0,0.0,0.0,0.0
716,0.0,0.0,0.0,0.0,0.0,0.0,0.0,0.0,0.01,0.32,0.63,1.23,1.32,1.85,1.75,1.29,0.41,0.12,0.0,0.0,0.0,0.0,0.0,0.0,0.0,0.0,0.0,0.0,0.0,0.0,0.0,0.0,0.01,0.35,0.88,1.43,1.79,1.87,1.74,1.31,0.49,0.23,0.0,0.0,0.0,0.0,0.0,0.0,0.0,0.0,0.0,0.0,0.0,0.0,0.0,0.0,0.0,0.03,0.1,0.4,0.35,0.17,0.39,0.52,0.32,0.19,0.01,0.0,0.0,0.0,0.0,0.0,0.0,0.0,0.0,0.0,0.0,0.0,0.0,0.0,0.0,0.3,0.85,0.87,1.73,2.07,1.48,1.33,1.03,0.38,0.01,0.0,0.0,0.0,0.0,0.0,0.0,0.0,0.0,0.0,0.0,0.0,0.0,0.0,0.0,0.3,0.82,1.42,1.69,1.94,1.99,1.41,0.85,0.32,0.02,0.0,0.0,0.0,0.0,0.0,0.0,0.0,0.0,0.0,0.0,0.0,0.0,0.0,0.0,0.36,0.68,1.45,1.79,1.92,1.82,1.51,0.96,0.41,0.02,0.0,0.0,0.0,0.0,0.0,0.0,0.0,0.0,0.0,0.0,0.0,0.0,0.0,0.0,0.31,0.87,1.4,1.79,1.93,1.81,1.48,0.89,0.4,0.01,0.0,0.0,0.0,0.0,0.0
717,0.0,0.0,0.0,0.0,0.0,0.0,0.0,0.0,0.01,0.35,0.88,1.43,1.79,1.87,1.74,1.31,0.49,0.23,0.0,0.0,0.0,0.0,0.0,0.0,0.0,0.0,0.0,0.0,0.0,0.0,0.0,0.0,0.0,0.03,0.1,0.4,0.35,0.17,0.39,0.52,0.32,0.19,0.01,0.0,0.0,0.0,0.0,0.0,0.0,0.0,0.0,0.0,0.0,0.0,0.0,0.0,0.0,0.3,0.85,0.87,1.73,2.07,1.48,1.33,1.03,0.38,0.01,0.0,0.0,0.0,0.0,0.0,0.0,0.0,0.0,0.0,0.0,0.0,0.0,0.0,0.0,0.3,0.82,1.42,1.69,1.94,1.99,1.41,0.85,0.32,0.02,0.0,0.0,0.0,0.0,0.0,0.0,0.0,0.0,0.0,0.0,0.0,0.0,0.0,0.0,0.36,0.68,1.45,1.79,1.92,1.82,1.51,0.96,0.41,0.02,0.0,0.0,0.0,0.0,0.0,0.0,0.0,0.0,0.0,0.0,0.0,0.0,0.0,0.0,0.31,0.87,1.4,1.79,1.93,1.81,1.48,0.89,0.4,0.01,0.0,0.0,0.0,0.0,0.0,0.0,0.0,0.0,0.0,0.0,0.0,0.0,0.0,0.0,0.26,0.59,1.19,0.98,1.41,1.31,1.25,0.88,0.38,0.02,0.0,0.0,0.0,0.0,0.0
718,0.0,0.0,0.0,0.0,0.0,0.0,0.0,0.0,0.0,0.03,0.1,0.4,0.35,0.17,0.39,0.52,0.32,0.19,0.01,0.0,0.0,0.0,0.0,0.0,0.0,0.0,0.0,0.0,0.0,0.0,0.0,0.0,0.0,0.3,0.85,0.87,1.73,2.07,1.48,1.33,1.03,0.38,0.01,0.0,0.0,0.0,0.0,0.0,0.0,0.0,0.0,0.0,0.0,0.0,0.0,0.0,0.0,0.3,0.82,1.42,1.69,1.94,1.99,1.41,0.85,0.32,0.02,0.0,0.0,0.0,0.0,0.0,0.0,0.0,0.0,0.0,0.0,0.0,0.0,0.0,0.0,0.36,0.68,1.45,1.79,1.92,1.82,1.51,0.96,0.41,0.02,0.0,0.0,0.0,0.0,0.0,0.0,0.0,0.0,0.0,0.0,0.0,0.0,0.0,0.0,0.31,0.87,1.4,1.79,1.93,1.81,1.48,0.89,0.4,0.01,0.0,0.0,0.0,0.0,0.0,0.0,0.0,0.0,0.0,0.0,0.0,0.0,0.0,0.0,0.26,0.59,1.19,0.98,1.41,1.31,1.25,0.88,0.38,0.02,0.0,0.0,0.0,0.0,0.0,0.0,0.0,0.0,0.0,0.0,0.0,0.0,0.0,0.0,0.3,0.83,1.37,1.68,1.79,1.65,1.4,0.87,0.35,0.01,0.0,0.0,0.0,0.0,0.0
719,0.0,0.0,0.0,0.0,0.0,0.0,0.0,0.0,0.0,0.3,0.85,0.87,1.73,2.07,1.48,1.33,1.03,0.38,0.01,0.0,0.0,0.0,0.0,0.0,0.0,0.0,0.0,0.0,0.0,0.0,0.0,0.0,0.0,0.3,0.82,1.42,1.69,1.94,1.99,1.41,0.85,0.32,0.02,0.0,0.0,0.0,0.0,0.0,0.0,0.0,0.0,0.0,0.0,0.0,0.0,0.0,0.0,0.36,0.68,1.45,1.79,1.92,1.82,1.51,0.96,0.41,0.02,0.0,0.0,0.0,0.0,0.0,0.0,0.0,0.0,0.0,0.0,0.0,0.0,0.0,0.0,0.31,0.87,1.4,1.79,1.93,1.81,1.48,0.89,0.4,0.01,0.0,0.0,0.0,0.0,0.0,0.0,0.0,0.0,0.0,0.0,0.0,0.0,0.0,0.0,0.26,0.59,1.19,0.98,1.41,1.31,1.25,0.88,0.38,0.02,0.0,0.0,0.0,0.0,0.0,0.0,0.0,0.0,0.0,0.0,0.0,0.0,0.0,0.0,0.3,0.83,1.37,1.68,1.79,1.65,1.4,0.87,0.35,0.01,0.0,0.0,0.0,0.0,0.0,0.0,0.0,0.0,0.0,0.0,0.0,0.0,0.0,0.0,0.25,0.87,1.45,1.79,1.9,1.75,1.49,0.94,0.4,0.02,0.0,0.0,0.0,0.0,0.0
720,0.0,0.0,0.0,0.0,0.0,0.0,0.0,0.0,0.0,0.3,0.82,1.42,1.69,1.94,1.99,1.41,0.85,0.32,0.02,0.0,0.0,0.0,0.0,0.0,0.0,0.0,0.0,0.0,0.0,0.0,0.0,0.0,0.0,0.36,0.68,1.45,1.79,1.92,1.82,1.51,0.96,0.41,0.02,0.0,0.0,0.0,0.0,0.0,0.0,0.0,0.0,0.0,0.0,0.0,0.0,0.0,0.0,0.31,0.87,1.4,1.79,1.93,1.81,1.48,0.89,0.4,0.01,0.0,0.0,0.0,0.0,0.0,0.0,0.0,0.0,0.0,0.0,0.0,0.0,0.0,0.0,0.26,0.59,1.19,0.98,1.41,1.31,1.25,0.88,0.38,0.02,0.0,0.0,0.0,0.0,0.0,0.0,0.0,0.0,0.0,0.0,0.0,0.0,0.0,0.0,0.3,0.83,1.37,1.68,1.79,1.65,1.4,0.87,0.35,0.01,0.0,0.0,0.0,0.0,0.0,0.0,0.0,0.0,0.0,0.0,0.0,0.0,0.0,0.0,0.25,0.87,1.45,1.79,1.9,1.75,1.49,0.94,0.4,0.02,0.0,0.0,0.0,0.0,0.0,0.0,0.0,0.0,0.0,0.0,0.0,0.0,0.0,0.0,0.3,0.84,1.39,1.78,1.92,1.84,1.46,0.95,0.38,0.02,0.0,0.0,0.0,0.0,0.0
